timestamp_ms,label,acc_x_g,acc_y_g,acc_z_g,gyro_x_dps,gyro_y_dps,gyro_z_dps
61362375,sitting,0.0261,0.0110,1.0216,0.5600,-2.7650,0.7700
61362394,sitting,0.0261,0.0100,1.0211,0.5950,-2.7300,0.7700
61362413,sitting,0.0259,0.0105,1.0209,0.5600,-2.7300,0.7700
61362432,sitting,0.0254,0.0107,1.0211,0.5950,-2.7300,0.8050
61362452,sitting,0.0246,0.0117,1.0202,0.5600,-2.7300,0.7700
61362471,sitting,0.0254,0.0107,1.0202,0.5600,-2.7650,0.7700
61362490,sitting,0.0261,0.0107,1.0211,0.5600,-2.7650,0.7700
61362509,sitting,0.0259,0.0112,1.0207,0.5600,-2.7300,0.7700
61362529,sitting,0.0249,0.0115,1.0197,0.5600,-2.7650,0.7350
61362548,sitting,0.0264,0.0115,1.0209,0.5600,-2.7300,0.7700
61362567,sitting,0.0261,0.0110,1.0202,0.5600,-2.7650,0.7700
61362586,sitting,0.0251,0.0105,1.0194,0.5950,-2.7650,0.7700
61362606,sitting,0.0251,0.0117,1.0202,0.5600,-2.7650,0.7350
61362625,sitting,0.0261,0.0120,1.0207,0.5600,-2.8000,0.7350
61362644,sitting,0.0259,0.0115,1.0214,0.5600,-2.7650,0.7700
61362663,sitting,0.0259,0.0112,1.0202,0.5600,-2.7300,0.7700
61362682,sitting,0.0244,0.0115,1.0207,0.5600,-2.7300,0.7700
61362702,sitting,0.0244,0.0110,1.0202,0.5950,-2.7650,0.8050
61362721,sitting,0.0259,0.0112,1.0202,0.5600,-2.8000,0.7700
61362740,sitting,0.0264,0.0120,1.0197,0.5600,-2.7300,0.7700
61362759,sitting,0.0251,0.0120,1.0194,0.5250,-2.7300,0.7700
61362779,sitting,0.0259,0.0107,1.0204,0.5950,-2.7300,0.7700
61362798,sitting,0.0259,0.0124,1.0199,0.5950,-2.7300,0.7700
61362817,sitting,0.0249,0.0117,1.0207,0.5600,-2.7300,0.7700
61362836,sitting,0.0259,0.0122,1.0204,0.5600,-2.7650,0.8050
61362856,sitting,0.0251,0.0120,1.0214,0.5600,-2.7300,0.7700
61362875,sitting,0.0249,0.0112,1.0204,0.5600,-2.7300,0.7700
61362894,sitting,0.0264,0.0115,1.0202,0.5600,-2.7300,0.7700
61362913,sitting,0.0256,0.0110,1.0209,0.5600,-2.7650,0.7700
61362932,sitting,0.0251,0.0110,1.0214,0.6300,-2.7300,0.7700
61362952,sitting,0.0249,0.0112,1.0197,0.5600,-2.7300,0.7350
61362971,sitting,0.0259,0.0112,1.0202,0.5600,-2.8000,0.7350
61362990,sitting,0.0256,0.0115,1.0202,0.5600,-2.7650,0.7350
61363009,sitting,0.0259,0.0107,1.0207,0.5600,-2.7650,0.7700
61363029,sitting,0.0264,0.0120,1.0214,0.5950,-2.8000,0.7350
61363048,sitting,0.0266,0.0122,1.0216,0.5600,-2.7300,0.7350
61363067,sitting,0.0264,0.0117,1.0207,0.5950,-2.7300,0.7700
61363086,sitting,0.0256,0.0110,1.0211,0.5600,-2.7650,0.7700
61363106,sitting,0.0261,0.0102,1.0207,0.5950,-2.7650,0.7350
61363125,sitting,0.0251,0.0110,1.0211,0.5600,-2.7300,0.8050
61363144,sitting,0.0254,0.0120,1.0214,0.5600,-2.7300,0.8050
61363163,sitting,0.0254,0.0107,1.0202,0.5600,-2.7650,0.7700
61363182,sitting,0.0251,0.0105,1.0211,0.5600,-2.7650,0.7700
61363202,sitting,0.0256,0.0115,1.0199,0.5600,-2.7650,0.7700
61363221,sitting,0.0254,0.0127,1.0202,0.5600,-2.7300,0.8050
61363240,sitting,0.0251,0.0124,1.0194,0.5600,-2.7300,0.7700
61363259,sitting,0.0244,0.0107,1.0199,0.5600,-2.7650,0.7700
61363279,sitting,0.0254,0.0107,1.0214,0.5600,-2.7300,0.7700
61363298,sitting,0.0251,0.0120,1.0207,0.5600,-2.7650,0.7700
61363317,sitting,0.0261,0.0107,1.0202,0.5600,-2.8000,0.7350
61363336,sitting,0.0251,0.0110,1.0202,0.5600,-2.7300,0.8050
61363356,sitting,0.0254,0.0120,1.0204,0.5600,-2.7300,0.7350
61363375,sitting,0.0251,0.0122,1.0207,0.5600,-2.7300,0.7700
61363394,sitting,0.0261,0.0115,1.0207,0.5600,-2.7300,0.7700
61363413,sitting,0.0261,0.0107,1.0207,0.5950,-2.8000,0.7350
61363432,sitting,0.0259,0.0122,1.0194,0.5950,-2.7300,0.7000
61363452,sitting,0.0261,0.0115,1.0209,0.5600,-2.7300,0.7700
61363471,sitting,0.0259,0.0120,1.0216,0.5600,-2.7650,0.7350
61363490,sitting,0.0249,0.0117,1.0204,0.5600,-2.7300,0.7700
61363509,sitting,0.0264,0.0110,1.0202,0.5600,-2.7300,0.7700
61363529,sitting,0.0251,0.0115,1.0214,0.5600,-2.7300,0.8050
61363548,sitting,0.0261,0.0115,1.0202,0.5600,-2.7650,0.7700
61363567,sitting,0.0254,0.0122,1.0207,0.5600,-2.8000,0.7700
61363586,sitting,0.0251,0.0117,1.0204,0.5600,-2.7300,0.7700
61363606,sitting,0.0249,0.0120,1.0202,0.5600,-2.7300,0.7700
61363625,sitting,0.0259,0.0117,1.0207,0.5600,-2.8000,0.8050
61363644,sitting,0.0261,0.0107,1.0204,0.5600,-2.8000,0.7700
61363663,sitting,0.0261,0.0122,1.0211,0.5250,-2.8000,0.7700
61363682,sitting,0.0254,0.0117,1.0207,0.5250,-2.7300,0.7700
61363702,sitting,0.0249,0.0115,1.0199,0.5600,-2.8000,0.7700
61363721,sitting,0.0254,0.0117,1.0197,0.5600,-2.7300,0.7700
61363740,sitting,0.0259,0.0115,1.0209,0.5600,-2.7650,0.7700
61363759,sitting,0.0256,0.0110,1.0216,0.5600,-2.7650,0.8050
61363779,sitting,0.0254,0.0102,1.0199,0.5600,-2.8000,0.7700
61363798,sitting,0.0261,0.0117,1.0197,0.5600,-2.8000,0.7700
61363817,sitting,0.0266,0.0110,1.0199,0.5600,-2.7650,0.7700
61363836,sitting,0.0251,0.0110,1.0199,0.5950,-2.7650,0.7700
61363856,sitting,0.0239,0.0115,1.0199,0.5600,-2.7650,0.7700
61363875,sitting,0.0254,0.0120,1.0207,0.5250,-2.7300,0.7700
61363894,sitting,0.0259,0.0112,1.0219,0.5950,-2.8000,0.7000
61363913,sitting,0.0256,0.0110,1.0211,0.5600,-2.8000,0.7000
61363932,sitting,0.0261,0.0115,1.0214,0.5600,-2.7650,0.7700
61363952,sitting,0.0259,0.0107,1.0202,0.5600,-2.7300,0.7700
61363971,sitting,0.0256,0.0110,1.0202,0.5600,-2.7650,0.7350
61363990,sitting,0.0256,0.0115,1.0209,0.5600,-2.8000,0.8050
61364009,sitting,0.0256,0.0112,1.0204,0.5600,-2.8000,0.8050
61364029,sitting,0.0259,0.0107,1.0204,0.5600,-2.7300,0.7700
61364048,sitting,0.0261,0.0112,1.0211,0.4900,-2.7300,0.7700
61364067,sitting,0.0259,0.0107,1.0214,0.5250,-2.7650,0.8050
61364086,sitting,0.0259,0.0115,1.0197,0.5600,-2.7650,0.7700
61364106,sitting,0.0254,0.0107,1.0207,0.5600,-2.7650,0.7700
61364125,sitting,0.0261,0.0110,1.0219,0.5600,-2.7650,0.7700
61364144,sitting,0.0251,0.0107,1.0216,0.5600,-2.8000,0.8050
61364163,sitting,0.0256,0.0120,1.0211,0.5600,-2.7650,0.7700
61364182,sitting,0.0249,0.0117,1.0207,0.5600,-2.7650,0.7700
61364202,sitting,0.0249,0.0107,1.0209,0.5600,-2.7650,0.7700
61364221,sitting,0.0261,0.0105,1.0204,0.5600,-2.7300,0.7700
61364240,sitting,0.0256,0.0105,1.0199,0.5950,-2.7650,0.7700
61364259,sitting,0.0264,0.0110,1.0219,0.5600,-2.7650,0.8050
61364279,sitting,0.0256,0.0110,1.0209,0.5250,-2.8000,0.7700
61364298,sitting,0.0261,0.0115,1.0209,0.5600,-2.7300,0.7700
61364317,sitting,0.0256,0.0112,1.0207,0.5600,-2.7300,0.7350
61364336,sitting,0.0259,0.0112,1.0197,0.5600,-2.7650,0.7350
61364356,sitting,0.0254,0.0110,1.0207,0.5600,-2.7300,0.7700
61364375,sitting,0.0261,0.0110,1.0202,0.5950,-2.7300,0.7350
61364394,sitting,0.0264,0.0110,1.0207,0.5600,-2.7300,0.7700
61364413,sitting,0.0251,0.0120,1.0199,0.5600,-2.7300,0.7350
61364432,sitting,0.0259,0.0112,1.0219,0.5600,-2.7300,0.7700
61364452,sitting,0.0256,0.0117,1.0221,0.5600,-2.7650,0.7700
61364471,sitting,0.0251,0.0120,1.0209,0.5600,-2.7650,0.7700
61364490,sitting,0.0256,0.0110,1.0202,0.5600,-2.7650,0.7700
61364509,sitting,0.0249,0.0120,1.0204,0.5950,-2.7650,0.7700
61364529,sitting,0.0249,0.0105,1.0207,0.5600,-2.7650,0.7700
61364548,sitting,0.0244,0.0115,1.0204,0.5600,-2.7300,0.7000
61364567,sitting,0.0251,0.0112,1.0209,0.5600,-2.8000,0.7700
61364586,sitting,0.0264,0.0100,1.0207,0.5950,-2.7300,0.8050
61364606,sitting,0.0251,0.0115,1.0207,0.5950,-2.7650,0.7700
61364625,sitting,0.0259,0.0124,1.0211,0.5600,-2.8000,0.7700
61364644,sitting,0.0256,0.0112,1.0211,0.5600,-2.7300,0.7700
61364663,sitting,0.0254,0.0115,1.0214,0.5600,-2.7650,0.7700
61364682,sitting,0.0256,0.0110,1.0204,0.5600,-2.7300,0.7700
61364702,sitting,0.0259,0.0107,1.0204,0.5600,-2.7300,0.7700
61364721,sitting,0.0256,0.0107,1.0207,0.5950,-2.7650,0.7700
61364740,sitting,0.0256,0.0115,1.0209,0.5600,-2.7300,0.7700
61364759,sitting,0.0256,0.0112,1.0207,0.5600,-2.7300,0.7700
61364779,sitting,0.0256,0.0115,1.0202,0.5950,-2.7300,0.7700
61364798,sitting,0.0249,0.0107,1.0197,0.5600,-2.7650,0.7700
61364817,sitting,0.0244,0.0110,1.0207,0.5600,-2.7650,0.7700
61364836,sitting,0.0256,0.0107,1.0194,0.5600,-2.8000,0.7700
61364856,sitting,0.0256,0.0110,1.0207,0.5600,-2.8000,0.7700
61364875,sitting,0.0261,0.0117,1.0216,0.5600,-2.7650,0.7700
61364894,sitting,0.0256,0.0115,1.0204,0.5600,-2.8000,0.7000
61364913,sitting,0.0256,0.0117,1.0204,0.5600,-2.7650,0.7700
61364932,sitting,0.0254,0.0110,1.0204,0.5600,-2.7300,0.7700
61364952,sitting,0.0254,0.0105,1.0211,0.5600,-2.7650,0.7700
61364971,sitting,0.0259,0.0115,1.0202,0.5600,-2.7650,0.7700
61364990,sitting,0.0259,0.0107,1.0204,0.5600,-2.7650,0.7700
61365009,sitting,0.0256,0.0115,1.0199,0.5600,-2.8000,0.7700
61365029,sitting,0.0256,0.0112,1.0211,0.5600,-2.8000,0.7700
61365048,sitting,0.0264,0.0117,1.0202,0.5600,-2.7300,0.7700
61365067,sitting,0.0249,0.0115,1.0207,0.5950,-2.7650,0.7700
61365086,sitting,0.0256,0.0110,1.0202,0.5600,-2.8000,0.7700
61365106,sitting,0.0254,0.0110,1.0209,0.5950,-2.7300,0.8050
61365125,sitting,0.0259,0.0115,1.0211,0.6300,-2.7300,0.7700
61365144,sitting,0.0256,0.0107,1.0194,0.5600,-2.7300,0.8050
61365163,sitting,0.0264,0.0115,1.0209,0.5600,-2.7650,0.7700
61365182,sitting,0.0254,0.0110,1.0209,0.5950,-2.7650,0.7700
61365202,sitting,0.0256,0.0110,1.0207,0.5950,-2.7300,0.7700
61365221,sitting,0.0254,0.0107,1.0211,0.5600,-2.7650,0.7700
61365240,sitting,0.0246,0.0115,1.0204,0.5600,-2.7300,0.7700
61365259,sitting,0.0251,0.0117,1.0207,0.5600,-2.8000,0.7700
61365279,sitting,0.0259,0.0107,1.0221,0.5600,-2.7300,0.8050
61365298,sitting,0.0264,0.0115,1.0216,0.5600,-2.8000,0.7700
61365317,sitting,0.0261,0.0107,1.0202,0.5600,-2.7300,0.7700
61365336,sitting,0.0261,0.0115,1.0207,0.5600,-2.7650,0.7700
61365356,sitting,0.0256,0.0115,1.0209,0.5600,-2.7650,0.7700
61365375,sitting,0.0259,0.0107,1.0207,0.5600,-2.8000,0.7700
61365394,sitting,0.0266,0.0120,1.0207,0.5600,-2.8000,0.7700
61365413,sitting,0.0256,0.0115,1.0207,0.5600,-2.8000,0.7700
61365432,sitting,0.0259,0.0110,1.0216,0.5600,-2.7300,0.7700
61365452,sitting,0.0254,0.0105,1.0224,0.5600,-2.7300,0.7700
61365471,sitting,0.0254,0.0110,1.0209,0.5600,-2.7650,0.7700
61365490,sitting,0.0256,0.0110,1.0202,0.5600,-2.8000,0.7700
61365509,sitting,0.0264,0.0122,1.0209,0.5600,-2.7650,0.7700
61365529,sitting,0.0256,0.0115,1.0204,0.5600,-2.7650,0.7350
61365548,sitting,0.0256,0.0112,1.0202,0.5600,-2.8000,0.7700
61365567,sitting,0.0249,0.0110,1.0209,0.5600,-2.7300,0.7700
61365586,sitting,0.0264,0.0115,1.0202,0.5950,-2.7300,0.7700
61365606,sitting,0.0259,0.0115,1.0202,0.5600,-2.7650,0.7700
61365625,sitting,0.0251,0.0117,1.0199,0.5600,-2.7300,0.7350
61365644,sitting,0.0256,0.0107,1.0211,0.5600,-2.7300,0.7350
61365663,sitting,0.0259,0.0112,1.0207,0.5600,-2.7300,0.7700
61365682,sitting,0.0259,0.0112,1.0204,0.5950,-2.7300,0.7000
61365702,sitting,0.0256,0.0117,1.0209,0.5250,-2.7300,0.7700
61365721,sitting,0.0251,0.0112,1.0199,0.5600,-2.7300,0.7350
61365740,sitting,0.0251,0.0120,1.0202,0.5600,-2.7650,0.7350
61365759,sitting,0.0256,0.0100,1.0209,0.5600,-2.8000,0.7350
61365779,sitting,0.0254,0.0115,1.0199,0.5600,-2.7650,0.7700
61365798,sitting,0.0251,0.0112,1.0219,0.5600,-2.7650,0.7350
61365817,sitting,0.0261,0.0110,1.0209,0.5600,-2.8000,0.7700
61365836,sitting,0.0266,0.0122,1.0209,0.5250,-2.8000,0.7700
61365856,sitting,0.0251,0.0115,1.0211,0.5600,-2.8000,0.7700
61365875,sitting,0.0256,0.0110,1.0219,0.5600,-2.7650,0.7700
61365894,sitting,0.0249,0.0112,1.0219,0.5600,-2.8000,0.7700
61365913,sitting,0.0264,0.0115,1.0209,0.5600,-2.7650,0.7700
61365932,sitting,0.0249,0.0124,1.0204,0.5600,-2.7300,0.8050
61365952,sitting,0.0254,0.0117,1.0207,0.5600,-2.7300,0.7700
61365971,sitting,0.0264,0.0107,1.0202,0.5600,-2.7300,0.8050
61365990,sitting,0.0254,0.0117,1.0204,0.5600,-2.7300,0.7700
61366009,sitting,0.0256,0.0115,1.0211,0.5250,-2.7650,0.7700
61366029,sitting,0.0249,0.0120,1.0207,0.5600,-2.8000,0.7700
61366048,sitting,0.0249,0.0117,1.0209,0.5950,-2.8000,0.7700
61366067,sitting,0.0259,0.0124,1.0209,0.5950,-2.7650,0.7700
61366086,sitting,0.0261,0.0117,1.0209,0.5600,-2.7300,0.7350
61366106,sitting,0.0256,0.0124,1.0214,0.5600,-2.7300,0.7700
61366125,sitting,0.0264,0.0110,1.0214,0.5600,-2.7300,0.7350
61366144,sitting,0.0264,0.0112,1.0204,0.5600,-2.7650,0.7350
61366163,sitting,0.0264,0.0115,1.0204,0.5600,-2.8000,0.7350
61366182,sitting,0.0244,0.0107,1.0204,0.5600,-2.7650,0.7700
61366202,sitting,0.0256,0.0112,1.0214,0.5600,-2.8000,0.7700
61366221,sitting,0.0261,0.0124,1.0216,0.5600,-2.7300,0.8050
61366240,sitting,0.0268,0.0117,1.0216,0.5600,-2.8000,0.8050
61366259,sitting,0.0268,0.0112,1.0204,0.5600,-2.8000,0.7700
61366279,sitting,0.0264,0.0117,1.0211,0.5600,-2.7650,0.7700
61366298,sitting,0.0251,0.0115,1.0204,0.5950,-2.7650,0.7700
61366317,sitting,0.0256,0.0117,1.0209,0.5600,-2.7650,0.7700
61366336,sitting,0.0254,0.0112,1.0214,0.5250,-2.7300,0.7700
61366356,sitting,0.0259,0.0115,1.0194,0.5600,-2.7650,0.7700
61366375,sitting,0.0259,0.0110,1.0194,0.5600,-2.7650,0.7700
61366394,sitting,0.0259,0.0112,1.0209,0.5600,-2.7650,0.7350
61366413,sitting,0.0246,0.0120,1.0214,0.5600,-2.7300,0.7700
61366432,sitting,0.0249,0.0117,1.0214,0.5600,-2.7650,0.7700
61366452,sitting,0.0254,0.0102,1.0207,0.5950,-2.7650,0.7700
61366471,sitting,0.0256,0.0110,1.0204,0.5600,-2.7300,0.8050
61366490,sitting,0.0259,0.0112,1.0211,0.5950,-2.7300,0.7700
61366509,sitting,0.0261,0.0117,1.0211,0.5600,-2.7300,0.7350
61366529,sitting,0.0259,0.0112,1.0197,0.5600,-2.8000,0.7700
61366548,sitting,0.0266,0.0110,1.0194,0.6300,-2.7650,0.7700
61366567,sitting,0.0254,0.0110,1.0207,0.5950,-2.8000,0.7350
61366586,sitting,0.0261,0.0112,1.0211,0.5250,-2.7650,0.7700
61366606,sitting,0.0254,0.0124,1.0204,0.5600,-2.7650,0.7700
61366625,sitting,0.0254,0.0120,1.0204,0.5600,-2.7300,0.7700
61366644,sitting,0.0259,0.0107,1.0209,0.5600,-2.7300,0.7700
61366663,sitting,0.0259,0.0107,1.0211,0.5600,-2.7300,0.7700
61366682,sitting,0.0256,0.0115,1.0207,0.5600,-2.7650,0.7350
61366702,sitting,0.0261,0.0115,1.0209,0.5600,-2.7650,0.7700
61366721,sitting,0.0251,0.0112,1.0202,0.5600,-2.7650,0.7700
61366740,sitting,0.0254,0.0112,1.0204,0.5600,-2.7650,0.7700
61366759,sitting,0.0264,0.0117,1.0194,0.5600,-2.7650,0.7700
61366779,sitting,0.0249,0.0112,1.0211,0.5600,-2.7300,0.7700
61366798,sitting,0.0261,0.0115,1.0204,0.5250,-2.7650,0.7700
61366817,sitting,0.0254,0.0115,1.0199,0.5950,-2.7300,0.7700
61366836,sitting,0.0254,0.0115,1.0211,0.5600,-2.7650,0.7700
61366856,sitting,0.0259,0.0110,1.0204,0.5600,-2.7300,0.7700
61366875,sitting,0.0259,0.0115,1.0207,0.5950,-2.7300,0.7700
61366894,sitting,0.0256,0.0112,1.0209,0.5950,-2.7300,0.7350
61366913,sitting,0.0256,0.0105,1.0209,0.5600,-2.7300,0.7700
61366932,sitting,0.0254,0.0110,1.0204,0.5600,-2.7300,0.7700
61366952,sitting,0.0259,0.0112,1.0199,0.5600,-2.7650,0.7700
61366971,sitting,0.0266,0.0115,1.0202,0.5600,-2.7300,0.7700
61366990,sitting,0.0256,0.0110,1.0197,0.5600,-2.7300,0.7700
61367009,sitting,0.0251,0.0110,1.0199,0.5600,-2.7300,0.7700
61367029,sitting,0.0251,0.0098,1.0219,0.5600,-2.7300,0.7700
61367048,sitting,0.0261,0.0110,1.0214,0.5600,-2.8000,0.7350
61367067,sitting,0.0254,0.0115,1.0211,0.5600,-2.7300,0.7700
61367086,sitting,0.0251,0.0110,1.0214,0.5950,-2.7650,0.7350
61367106,sitting,0.0254,0.0110,1.0207,0.5600,-2.7300,0.7700
61367125,sitting,0.0256,0.0112,1.0209,0.5600,-2.7650,0.7350
61367144,sitting,0.0264,0.0105,1.0207,0.5600,-2.7650,0.7700
61367163,sitting,0.0254,0.0110,1.0209,0.5600,-2.7650,0.7700
61367182,sitting,0.0254,0.0115,1.0209,0.5600,-2.8000,0.7700
61367202,sitting,0.0256,0.0112,1.0202,0.5600,-2.7650,0.7700
61367221,sitting,0.0256,0.0112,1.0202,0.5600,-2.7650,0.7700
61367240,sitting,0.0271,0.0110,1.0204,0.5600,-2.7650,0.7700
61367259,sitting,0.0246,0.0105,1.0207,0.5600,-2.7650,0.7700
61367279,sitting,0.0259,0.0102,1.0207,0.5600,-2.7300,0.7700
61367298,sitting,0.0266,0.0122,1.0207,0.5600,-2.7650,0.7700
61367317,sitting,0.0251,0.0122,1.0204,0.5950,-2.7650,0.7700
61367336,sitting,0.0271,0.0112,1.0209,0.5600,-2.8000,0.7350
61367356,sitting,0.0259,0.0122,1.0202,0.5600,-2.8000,0.7700
61367375,sitting,0.0249,0.0107,1.0204,0.5600,-2.7650,0.7700
61367394,sitting,0.0251,0.0100,1.0202,0.5600,-2.7650,0.7700
61367413,sitting,0.0256,0.0107,1.0216,0.5600,-2.7300,0.7700
61367432,sitting,0.0246,0.0117,1.0224,0.5600,-2.7300,0.7700
61367452,sitting,0.0256,0.0117,1.0214,0.5600,-2.7650,0.7350
61367471,sitting,0.0261,0.0115,1.0209,0.5600,-2.8000,0.7700
61367490,sitting,0.0254,0.0100,1.0211,0.5600,-2.7300,0.7700
61367509,sitting,0.0246,0.0110,1.0214,0.5600,-2.7300,0.7700
61367529,sitting,0.0261,0.0112,1.0209,0.5600,-2.7650,0.7700
61367548,sitting,0.0251,0.0120,1.0194,0.5600,-2.7650,0.7700
61367567,sitting,0.0259,0.0120,1.0202,0.5600,-2.7650,0.7700
61367586,sitting,0.0251,0.0110,1.0199,0.5600,-2.7300,0.7700
61367606,sitting,0.0242,0.0112,1.0209,0.5600,-2.7650,0.7350
61367625,sitting,0.0249,0.0115,1.0192,0.5250,-2.8000,0.7700
61367644,sitting,0.0251,0.0110,1.0194,0.5600,-2.8000,0.7700
61367663,sitting,0.0254,0.0117,1.0207,0.5600,-2.7300,0.7700
61367682,sitting,0.0264,0.0120,1.0216,0.5600,-2.7300,0.7700
61367702,sitting,0.0256,0.0117,1.0204,0.5600,-2.7650,0.7700
61367721,sitting,0.0249,0.0120,1.0211,0.5600,-2.7650,0.7700
61367740,sitting,0.0249,0.0112,1.0202,0.5950,-2.8000,0.7700
61367759,sitting,0.0256,0.0115,1.0207,0.5600,-2.7650,0.7700
61367779,sitting,0.0254,0.0120,1.0207,0.5600,-2.7650,0.7700
61367798,sitting,0.0254,0.0120,1.0211,0.5600,-2.7300,0.7700
61367817,sitting,0.0261,0.0112,1.0211,0.5250,-2.7650,0.7350
61367836,sitting,0.0256,0.0112,1.0209,0.5600,-2.7650,0.7350
61367856,sitting,0.0251,0.0115,1.0211,0.5250,-2.7650,0.7700
61367875,sitting,0.0251,0.0117,1.0204,0.5600,-2.7300,0.7700
61367894,sitting,0.0254,0.0115,1.0209,0.5600,-2.7650,0.7700
61367913,sitting,0.0256,0.0112,1.0207,0.5250,-2.7650,0.7350
61367932,sitting,0.0251,0.0115,1.0194,0.5600,-2.7300,0.7700
61367952,sitting,0.0261,0.0107,1.0209,0.5600,-2.7650,0.7700
61367971,sitting,0.0261,0.0110,1.0209,0.5600,-2.8000,0.8050
61367990,sitting,0.0261,0.0107,1.0216,0.5950,-2.7300,0.7700
61368009,sitting,0.0254,0.0112,1.0204,0.5600,-2.7650,0.7700
61368029,sitting,0.0254,0.0112,1.0207,0.5950,-2.7650,0.8050
61368048,sitting,0.0261,0.0120,1.0202,0.5600,-2.7650,0.7700
61368067,sitting,0.0259,0.0112,1.0187,0.5600,-2.7650,0.7700
61368086,sitting,0.0256,0.0115,1.0192,0.5600,-2.7650,0.7350
61368106,sitting,0.0256,0.0115,1.0207,0.5250,-2.7650,0.7350
61368125,sitting,0.0256,0.0110,1.0207,0.5950,-2.8000,0.7700
61368144,sitting,0.0261,0.0110,1.0219,0.5950,-2.7650,0.7700
61368163,sitting,0.0254,0.0110,1.0202,0.5600,-2.7650,0.7700
61368182,sitting,0.0271,0.0115,1.0202,0.5600,-2.7650,0.7700
61368202,sitting,0.0256,0.0120,1.0194,0.5600,-2.7300,0.7700
61368221,sitting,0.0256,0.0117,1.0204,0.5600,-2.7300,0.7700
61368240,sitting,0.0256,0.0124,1.0197,0.5600,-2.7300,0.7700
61368259,sitting,0.0259,0.0112,1.0207,0.5600,-2.7650,0.8400
61368279,sitting,0.0249,0.0110,1.0202,0.5950,-2.7650,0.7700
61368298,sitting,0.0249,0.0115,1.0204,0.5600,-2.7300,0.7700
61368317,sitting,0.0251,0.0107,1.0209,0.5600,-2.7300,0.7700
61368336,sitting,0.0261,0.0107,1.0209,0.5600,-2.7650,0.7700
61368356,sitting,0.0273,0.0112,1.0209,0.5600,-2.7650,0.7700
61368375,sitting,0.0268,0.0115,1.0197,0.5250,-2.7300,0.7700
61368394,sitting,0.0256,0.0115,1.0207,0.5600,-2.7650,0.7350
61368413,sitting,0.0254,0.0110,1.0204,0.5950,-2.7300,0.7700
61368432,sitting,0.0254,0.0112,1.0202,0.5600,-2.8000,0.7700
61368452,sitting,0.0266,0.0110,1.0221,0.5600,-2.7650,0.7700
61368471,sitting,0.0256,0.0112,1.0204,0.5600,-2.7650,0.7700
61368490,sitting,0.0246,0.0115,1.0207,0.5600,-2.7300,0.7700
61368509,sitting,0.0254,0.0117,1.0214,0.5950,-2.7650,0.7700
61368529,sitting,0.0254,0.0117,1.0204,0.5600,-2.7650,0.7700
61368548,sitting,0.0256,0.0112,1.0207,0.5600,-2.7300,0.7700
61368567,sitting,0.0264,0.0115,1.0216,0.5600,-2.7650,0.7700
61368586,sitting,0.0256,0.0107,1.0209,0.5600,-2.7300,0.7700
61368606,sitting,0.0249,0.0117,1.0209,0.5600,-2.7650,0.7700
61368625,sitting,0.0249,0.0117,1.0204,0.5600,-2.7300,0.7350
61368644,sitting,0.0261,0.0107,1.0209,0.5600,-2.7650,0.7350
61368663,sitting,0.0259,0.0112,1.0204,0.5950,-2.7650,0.7700
61368682,sitting,0.0254,0.0110,1.0202,0.5600,-2.7650,0.7700
61368702,sitting,0.0264,0.0110,1.0207,0.5600,-2.7650,0.7350
61368721,sitting,0.0266,0.0124,1.0214,0.5600,-2.7300,0.7700
61368740,sitting,0.0254,0.0112,1.0209,0.5250,-2.7300,0.7350
61368759,sitting,0.0259,0.0112,1.0214,0.5600,-2.7300,0.7350
61368779,sitting,0.0261,0.0098,1.0207,0.5600,-2.8000,0.7700
61368798,sitting,0.0254,0.0112,1.0204,0.5950,-2.7650,0.7350
61368817,sitting,0.0264,0.0115,1.0204,0.5950,-2.7650,0.7700
61368836,sitting,0.0264,0.0115,1.0209,0.5600,-2.7650,0.7350
61368856,sitting,0.0254,0.0120,1.0202,0.5600,-2.7300,0.7700
61368875,sitting,0.0259,0.0117,1.0207,0.5600,-2.8000,0.7700
61368894,sitting,0.0259,0.0115,1.0211,0.5600,-2.7650,0.7700
61368913,sitting,0.0261,0.0112,1.0202,0.5600,-2.8000,0.7700
61368932,sitting,0.0256,0.0105,1.0207,0.5600,-2.8000,0.7700
61368952,sitting,0.0256,0.0122,1.0219,0.5600,-2.8000,0.7700
61368971,sitting,0.0256,0.0120,1.0199,0.5600,-2.7650,0.7700
61368990,sitting,0.0254,0.0112,1.0207,0.5600,-2.7650,0.7700
61369009,sitting,0.0256,0.0112,1.0209,0.5600,-2.8000,0.7700
61369029,sitting,0.0249,0.0115,1.0209,0.5600,-2.7650,0.7700
61369048,sitting,0.0259,0.0110,1.0204,0.5600,-2.7300,0.7700
61369067,sitting,0.0251,0.0110,1.0214,0.5600,-2.7650,0.7700
61369086,sitting,0.0264,0.0117,1.0209,0.5600,-2.7300,0.7700
61369106,sitting,0.0256,0.0115,1.0207,0.5600,-2.7300,0.7700
61369125,sitting,0.0254,0.0115,1.0202,0.5600,-2.7650,0.7000
61369144,sitting,0.0259,0.0120,1.0197,0.5950,-2.7650,0.7700
61369163,sitting,0.0251,0.0115,1.0211,0.5600,-2.7650,0.7350
61369182,sitting,0.0251,0.0110,1.0207,0.5600,-2.7300,0.7700
61369202,sitting,0.0249,0.0115,1.0216,0.5600,-2.7650,0.7700
61369221,sitting,0.0256,0.0124,1.0214,0.5950,-2.7650,0.7700
61369240,sitting,0.0256,0.0107,1.0209,0.5950,-2.7650,0.7700
61369259,sitting,0.0259,0.0112,1.0207,0.5600,-2.7300,0.7700
61369279,sitting,0.0259,0.0124,1.0204,0.5950,-2.7650,0.7700
61369298,sitting,0.0254,0.0112,1.0209,0.5600,-2.8000,0.7700
61369317,sitting,0.0246,0.0105,1.0216,0.5600,-2.8000,0.7350
61369336,sitting,0.0249,0.0117,1.0219,0.5600,-2.7300,0.7700
61369356,sitting,0.0246,0.0112,1.0202,0.5250,-2.7300,0.7700
61369375,sitting,0.0251,0.0112,1.0197,0.5600,-2.7650,0.7700
61369394,sitting,0.0264,0.0120,1.0207,0.5600,-2.7650,0.7700
61369413,sitting,0.0249,0.0120,1.0211,0.5600,-2.7300,0.7700
61369432,sitting,0.0246,0.0102,1.0207,0.5250,-2.7300,0.7700
61369452,sitting,0.0259,0.0107,1.0209,0.5600,-2.8000,0.7700
61369471,sitting,0.0264,0.0107,1.0211,0.5600,-2.8000,0.7700
61369490,sitting,0.0249,0.0120,1.0219,0.5600,-2.7650,0.7700
61369509,sitting,0.0259,0.0115,1.0209,0.5600,-2.7300,0.7700
61369529,sitting,0.0254,0.0110,1.0202,0.5600,-2.7650,0.7700
61369548,sitting,0.0249,0.0112,1.0209,0.5600,-2.8000,0.7700
61369567,sitting,0.0242,0.0110,1.0214,0.5600,-2.7650,0.7700
61369586,sitting,0.0256,0.0107,1.0204,0.5250,-2.7300,0.7700
61369606,sitting,0.0259,0.0112,1.0204,0.5600,-2.7300,0.7700
61369625,sitting,0.0249,0.0105,1.0211,0.5600,-2.7300,0.7700
61369644,sitting,0.0254,0.0112,1.0216,0.5600,-2.8000,0.7700
61369663,sitting,0.0256,0.0115,1.0216,0.5250,-2.7650,0.7350
61369682,sitting,0.0254,0.0120,1.0207,0.6300,-2.7650,0.7700
61369702,sitting,0.0264,0.0110,1.0199,0.5600,-2.7650,0.8050
61369721,sitting,0.0249,0.0110,1.0194,0.5950,-2.7650,0.7700
61369740,sitting,0.0259,0.0105,1.0209,0.5600,-2.7650,0.7700
61369759,sitting,0.0251,0.0107,1.0197,0.5950,-2.8000,0.7700
61369779,sitting,0.0246,0.0112,1.0209,0.5950,-2.8000,0.7700
61369798,sitting,0.0259,0.0107,1.0216,0.5600,-2.8000,0.7700
61369817,sitting,0.0256,0.0117,1.0209,0.5600,-2.7650,0.7700
61369836,sitting,0.0256,0.0117,1.0209,0.5600,-2.8000,0.7700
61369856,sitting,0.0249,0.0115,1.0214,0.5950,-2.7300,0.7700
61369875,sitting,0.0251,0.0117,1.0214,0.5600,-2.7300,0.7700
61369894,sitting,0.0266,0.0102,1.0204,0.5600,-2.7650,0.7700
61369913,sitting,0.0259,0.0117,1.0207,0.5600,-2.7650,0.7700
61369932,sitting,0.0264,0.0112,1.0207,0.5600,-2.7300,0.7700
61369952,sitting,0.0256,0.0115,1.0216,0.5600,-2.7300,0.7700
61369971,sitting,0.0254,0.0115,1.0216,0.5950,-2.7650,0.7700
61369990,sitting,0.0251,0.0117,1.0211,0.5950,-2.7650,0.7350
61370009,sitting,0.0256,0.0120,1.0202,0.5600,-2.8000,0.7700
61370029,sitting,0.0259,0.0117,1.0199,0.5950,-2.7650,0.7350
61370048,sitting,0.0259,0.0107,1.0207,0.5600,-2.7650,0.7700
61370067,sitting,0.0261,0.0112,1.0216,0.5950,-2.7650,0.7350
61370086,sitting,0.0261,0.0115,1.0207,0.5950,-2.7650,0.7000
61370106,sitting,0.0256,0.0112,1.0214,0.5250,-2.7300,0.7350
61370125,sitting,0.0259,0.0110,1.0207,0.5600,-2.7300,0.7700
61370144,sitting,0.0249,0.0107,1.0216,0.5600,-2.7300,0.7700
61370163,sitting,0.0249,0.0115,1.0204,0.5600,-2.7650,0.7700
61370182,sitting,0.0251,0.0112,1.0214,0.5950,-2.7650,0.7700
61370202,sitting,0.0251,0.0115,1.0209,0.5600,-2.7650,0.7700
61370221,sitting,0.0261,0.0110,1.0202,0.5600,-2.7650,0.7700
61370240,sitting,0.0259,0.0117,1.0209,0.5600,-2.7300,0.7350
61370259,sitting,0.0264,0.0122,1.0209,0.5600,-2.7650,0.7350
61370279,sitting,0.0254,0.0107,1.0214,0.5950,-2.7300,0.7700
61370298,sitting,0.0256,0.0105,1.0209,0.5600,-2.7650,0.7700
61370317,sitting,0.0259,0.0115,1.0214,0.5600,-2.7650,0.7700
61370336,sitting,0.0256,0.0110,1.0207,0.5600,-2.7300,0.7700
61370356,sitting,0.0259,0.0117,1.0202,0.5600,-2.7300,0.7700
61370375,sitting,0.0264,0.0110,1.0214,0.5600,-2.7300,0.7700
61370394,sitting,0.0254,0.0110,1.0214,0.5600,-2.8000,0.7700
61370413,sitting,0.0256,0.0115,1.0199,0.5950,-2.7650,0.8050
61370432,sitting,0.0259,0.0107,1.0209,0.5600,-2.7300,0.7700
61370452,sitting,0.0251,0.0115,1.0209,0.5600,-2.8000,0.7700
61370471,sitting,0.0254,0.0098,1.0209,0.5600,-2.7650,0.7700
61370490,sitting,0.0249,0.0095,1.0211,0.5950,-2.7300,0.7350
61370509,sitting,0.0254,0.0120,1.0211,0.5600,-2.7650,0.7700
61370529,sitting,0.0251,0.0122,1.0211,0.5600,-2.7300,0.7700
61370548,sitting,0.0264,0.0115,1.0209,0.5600,-2.7650,0.8050
61370567,sitting,0.0254,0.0112,1.0209,0.5950,-2.7650,0.7700
61370586,sitting,0.0249,0.0115,1.0197,0.5600,-2.7300,0.7000
61370606,sitting,0.0251,0.0107,1.0209,0.5600,-2.7650,0.7700
61370625,sitting,0.0251,0.0107,1.0202,0.5600,-2.7300,0.7700
61370644,sitting,0.0259,0.0112,1.0209,0.5250,-2.7650,0.7700
61370663,sitting,0.0256,0.0117,1.0199,0.5950,-2.7650,0.8050
61370682,sitting,0.0256,0.0117,1.0211,0.5600,-2.8000,0.7700
61370702,sitting,0.0264,0.0115,1.0204,0.5250,-2.7650,0.7700
61370721,sitting,0.0266,0.0112,1.0202,0.5250,-2.8000,0.7700
61370740,sitting,0.0254,0.0115,1.0209,0.5600,-2.7300,0.7350
61370759,sitting,0.0256,0.0112,1.0199,0.5600,-2.7300,0.8050
61370779,sitting,0.0251,0.0115,1.0199,0.5600,-2.8000,0.7700
61370798,sitting,0.0251,0.0117,1.0209,0.5600,-2.8000,0.7700
61370817,sitting,0.0254,0.0117,1.0211,0.5600,-2.7650,0.7700
61370836,sitting,0.0264,0.0115,1.0219,0.5950,-2.7650,0.7700
61370856,sitting,0.0254,0.0112,1.0204,0.5600,-2.7650,0.7700
61370875,sitting,0.0254,0.0112,1.0216,0.5950,-2.7650,0.7700
61370894,sitting,0.0259,0.0107,1.0207,0.5600,-2.7650,0.7350
61370913,sitting,0.0249,0.0102,1.0211,0.5600,-2.6950,0.7700
61370932,sitting,0.0249,0.0115,1.0224,0.5950,-2.7300,0.7700
61370952,sitting,0.0249,0.0105,1.0204,0.5600,-2.8000,0.7350
61370971,sitting,0.0254,0.0102,1.0204,0.5600,-2.8000,0.7350
61370990,sitting,0.0259,0.0117,1.0204,0.5600,-2.7300,0.7350
61371009,sitting,0.0264,0.0110,1.0211,0.5250,-2.7300,0.7350
61371029,sitting,0.0254,0.0120,1.0211,0.5600,-2.7650,0.8050
61371048,sitting,0.0256,0.0105,1.0204,0.5600,-2.7650,0.7350
61371067,sitting,0.0256,0.0112,1.0204,0.4900,-2.7300,0.7700
61371086,sitting,0.0254,0.0102,1.0209,0.5250,-2.7650,0.7700
61371106,sitting,0.0256,0.0115,1.0207,0.5600,-2.7300,0.7700
61371125,sitting,0.0254,0.0120,1.0211,0.5600,-2.7650,0.7350
61371144,sitting,0.0251,0.0115,1.0214,0.6300,-2.7300,0.8050
61371163,sitting,0.0264,0.0110,1.0224,0.5600,-2.8000,0.7700
61371182,sitting,0.0256,0.0112,1.0207,0.5950,-2.7650,0.7700
61371202,sitting,0.0254,0.0102,1.0199,0.5600,-2.7650,0.7700
61371221,sitting,0.0259,0.0117,1.0211,0.5600,-2.8000,0.7700
61371240,sitting,0.0256,0.0110,1.0214,0.5600,-2.7650,0.7700
61371259,sitting,0.0249,0.0105,1.0211,0.5250,-2.7650,0.7700
61371279,sitting,0.0256,0.0110,1.0211,0.5250,-2.8000,0.7700
61371298,sitting,0.0256,0.0105,1.0209,0.5600,-2.8000,0.7700
61371317,sitting,0.0254,0.0112,1.0204,0.5600,-2.7650,0.7700
61371336,sitting,0.0254,0.0107,1.0199,0.5600,-2.7300,0.7700
61371356,sitting,0.0256,0.0105,1.0211,0.5600,-2.7300,0.7350
61371375,sitting,0.0259,0.0105,1.0199,0.5600,-2.7650,0.7700
61371394,sitting,0.0261,0.0102,1.0207,0.5250,-2.7300,0.7700
61371413,sitting,0.0256,0.0115,1.0207,0.5600,-2.8000,0.7700
61371432,sitting,0.0256,0.0112,1.0204,0.5600,-2.7300,0.8050
61371452,sitting,0.0259,0.0110,1.0214,0.5600,-2.7650,0.7700
61371471,sitting,0.0254,0.0117,1.0211,0.5600,-2.8000,0.7350
61371490,sitting,0.0244,0.0107,1.0207,0.5600,-2.7650,0.7700
61371509,sitting,0.0251,0.0107,1.0204,0.5600,-2.7650,0.7700
61371529,sitting,0.0249,0.0112,1.0216,0.5600,-2.7300,0.7700
61371548,sitting,0.0259,0.0117,1.0204,0.5600,-2.7300,0.7700
61371567,sitting,0.0264,0.0112,1.0209,0.5950,-2.7300,0.8050
61371586,sitting,0.0264,0.0112,1.0211,0.5600,-2.7650,0.7350
61371606,sitting,0.0261,0.0112,1.0204,0.5250,-2.7650,0.7700
61371625,sitting,0.0261,0.0115,1.0204,0.5600,-2.7650,0.7700
61371644,sitting,0.0261,0.0110,1.0209,0.5600,-2.7650,0.7700
61371663,sitting,0.0249,0.0115,1.0202,0.5600,-2.7650,0.7700
61371682,sitting,0.0254,0.0120,1.0209,0.5600,-2.7650,0.7700
61371702,sitting,0.0249,0.0117,1.0211,0.5600,-2.7300,0.7700
61371721,sitting,0.0251,0.0107,1.0202,0.5600,-2.7300,0.7700
61371740,sitting,0.0256,0.0110,1.0209,0.5600,-2.7650,0.7700
61371759,sitting,0.0251,0.0107,1.0214,0.5600,-2.7300,0.7700
61371779,sitting,0.0256,0.0110,1.0207,0.5250,-2.8000,0.7700
61371798,sitting,0.0254,0.0112,1.0207,0.5250,-2.7300,0.7700
61371817,sitting,0.0256,0.0112,1.0202,0.5600,-2.7300,0.7700
61371836,sitting,0.0251,0.0117,1.0207,0.5600,-2.7300,0.7700
61371856,sitting,0.0259,0.0112,1.0216,0.5950,-2.7650,0.7000
61371875,sitting,0.0261,0.0117,1.0207,0.5600,-2.7300,0.7350
61371894,sitting,0.0246,0.0107,1.0207,0.5600,-2.7300,0.7350
61371913,sitting,0.0244,0.0110,1.0194,0.5600,-2.7650,0.7700
61371932,sitting,0.0259,0.0110,1.0204,0.5600,-2.7650,0.7700
61371952,sitting,0.0259,0.0112,1.0209,0.5250,-2.8000,0.7700
61371971,sitting,0.0249,0.0107,1.0221,0.5600,-2.7300,0.7700
61371990,sitting,0.0249,0.0105,1.0202,0.5600,-2.7650,0.7350
61372009,sitting,0.0261,0.0102,1.0207,0.5600,-2.8000,0.7700
61372029,sitting,0.0256,0.0112,1.0209,0.5250,-2.7300,0.7700
61372048,sitting,0.0256,0.0107,1.0214,0.5600,-2.7650,0.8050
61372067,sitting,0.0256,0.0110,1.0216,0.5600,-2.7300,0.7700
61372086,sitting,0.0246,0.0107,1.0204,0.5250,-2.8000,0.8050
61372106,sitting,0.0256,0.0102,1.0214,0.5600,-2.7300,0.7700
61372125,sitting,0.0254,0.0120,1.0216,0.5600,-2.8000,0.7700
61372144,sitting,0.0266,0.0115,1.0209,0.5600,-2.7300,0.7700
61372163,sitting,0.0266,0.0117,1.0209,0.5250,-2.7300,0.7700
61372182,sitting,0.0259,0.0115,1.0197,0.5600,-2.7300,0.7700
61372202,sitting,0.0259,0.0112,1.0209,0.5600,-2.7300,0.7700
61372221,sitting,0.0256,0.0115,1.0202,0.5600,-2.7650,0.7700
61372240,sitting,0.0259,0.0112,1.0211,0.5600,-2.7300,0.7350
61372259,sitting,0.0259,0.0105,1.0211,0.5600,-2.7300,0.7700
61372279,sitting,0.0251,0.0112,1.0204,0.5600,-2.8000,0.7700
61372298,sitting,0.0256,0.0127,1.0211,0.5600,-2.7300,0.7700
61372317,sitting,0.0261,0.0117,1.0211,0.5600,-2.7650,0.7700
61372336,sitting,0.0259,0.0115,1.0204,0.5600,-2.7650,0.7700
61372356,sitting,0.0264,0.0112,1.0216,0.5600,-2.7650,0.7350
61372375,sitting,0.0259,0.0105,1.0207,0.5600,-2.7300,0.7700
61372394,sitting,0.0256,0.0115,1.0207,0.5600,-2.7650,0.7700
61372413,sitting,0.0264,0.0110,1.0209,0.5600,-2.7650,0.7700
61372432,sitting,0.0256,0.0117,1.0207,0.5600,-2.7650,0.7700
61372452,sitting,0.0251,0.0112,1.0204,0.5250,-2.8000,0.7700
61372471,sitting,0.0264,0.0112,1.0192,0.5600,-2.7650,0.7700
61372490,sitting,0.0261,0.0107,1.0209,0.5600,-2.7300,0.7350
61372509,sitting,0.0276,0.0120,1.0204,0.5250,-2.7300,0.7700
61372529,sitting,0.0256,0.0112,1.0211,0.5600,-2.7300,0.7700
61372548,sitting,0.0249,0.0120,1.0202,0.5250,-2.7650,0.7700
61372567,sitting,0.0254,0.0110,1.0209,0.5250,-2.7650,0.7700
61372586,sitting,0.0256,0.0110,1.0214,0.5950,-2.7650,0.7700
61372606,sitting,0.0254,0.0102,1.0209,0.5950,-2.7650,0.7700
61372625,sitting,0.0259,0.0117,1.0207,0.5600,-2.8000,0.8050
61372644,sitting,0.0254,0.0105,1.0199,0.5600,-2.7650,0.7700
61372663,sitting,0.0249,0.0112,1.0221,0.5600,-2.8000,0.7700
61372682,sitting,0.0264,0.0122,1.0214,0.5600,-2.7300,0.7700
61372702,sitting,0.0251,0.0112,1.0216,0.5600,-2.7650,0.7350
61372721,sitting,0.0264,0.0100,1.0211,0.5950,-2.7300,0.7700
61372740,sitting,0.0256,0.0105,1.0209,0.5950,-2.7300,0.7700
61372759,sitting,0.0261,0.0120,1.0204,0.5950,-2.7300,0.7350
61372779,sitting,0.0261,0.0112,1.0207,0.5600,-2.8000,0.7350
61372798,sitting,0.0264,0.0112,1.0209,0.5600,-2.7300,0.7700
61372817,sitting,0.0254,0.0115,1.0207,0.5600,-2.7650,0.7700
61372836,sitting,0.0259,0.0112,1.0209,0.5600,-2.7300,0.7700
61372856,sitting,0.0261,0.0115,1.0221,0.5950,-2.7650,0.7700
61372875,sitting,0.0256,0.0117,1.0216,0.6300,-2.7650,0.7700
61372894,sitting,0.0259,0.0120,1.0209,0.5600,-2.7650,0.7700
61372913,sitting,0.0259,0.0107,1.0219,0.5600,-2.7650,0.7700
61372932,sitting,0.0256,0.0107,1.0207,0.5600,-2.7300,0.7700
61372952,sitting,0.0266,0.0112,1.0209,0.5600,-2.8000,0.7700
61372971,sitting,0.0261,0.0110,1.0214,0.5600,-2.8000,0.7700
61372990,sitting,0.0261,0.0117,1.0209,0.5250,-2.8000,0.7700
61373009,sitting,0.0259,0.0107,1.0207,0.5600,-2.7650,0.7700
61373029,sitting,0.0249,0.0110,1.0209,0.5600,-2.7650,0.7700
61373048,sitting,0.0259,0.0107,1.0214,0.5600,-2.7650,0.7700
61373067,sitting,0.0256,0.0107,1.0202,0.5600,-2.7300,0.8050
61373086,sitting,0.0256,0.0115,1.0199,0.5600,-2.7650,0.7700
61373106,sitting,0.0251,0.0105,1.0204,0.5600,-2.7650,0.7700
61373125,sitting,0.0261,0.0117,1.0209,0.5600,-2.7300,0.7700
61373144,sitting,0.0256,0.0124,1.0214,0.5600,-2.7300,0.7350
61373163,sitting,0.0256,0.0110,1.0207,0.5600,-2.7650,0.7350
61373182,sitting,0.0264,0.0117,1.0199,0.5600,-2.7650,0.7700
61373202,sitting,0.0259,0.0115,1.0209,0.5950,-2.7650,0.7700
61373221,sitting,0.0249,0.0107,1.0207,0.5600,-2.8000,0.7700
61373240,sitting,0.0249,0.0117,1.0199,0.5600,-2.7300,0.7700
61373259,sitting,0.0251,0.0102,1.0214,0.5950,-2.7300,0.7700
61373279,sitting,0.0261,0.0112,1.0219,0.5600,-2.7300,0.7700
61373298,sitting,0.0259,0.0105,1.0199,0.5600,-2.7300,0.7350
61373317,sitting,0.0264,0.0117,1.0199,0.5250,-2.7650,0.7700
61373336,sitting,0.0276,0.0115,1.0214,0.5600,-2.8000,0.7350
61373356,sitting,0.0264,0.0112,1.0199,0.5600,-2.8000,0.7700
61373375,sitting,0.0266,0.0117,1.0209,0.5600,-2.8000,0.7700
61373394,sitting,0.0251,0.0115,1.0204,0.5250,-2.7300,0.8050
61373413,sitting,0.0256,0.0115,1.0214,0.5250,-2.8000,0.7700
61373432,sitting,0.0251,0.0112,1.0202,0.5600,-2.7650,0.7700
61373452,sitting,0.0251,0.0117,1.0209,0.5600,-2.7300,0.7700
61373471,sitting,0.0249,0.0112,1.0202,0.5600,-2.7300,0.7700
61373490,sitting,0.0273,0.0110,1.0204,0.5600,-2.7300,0.7700
61373509,sitting,0.0266,0.0115,1.0202,0.5250,-2.7650,0.7700
61373529,sitting,0.0256,0.0112,1.0214,0.5600,-2.7650,0.7700
61373548,sitting,0.0251,0.0112,1.0211,0.5950,-2.7300,0.7700
61373567,sitting,0.0261,0.0112,1.0219,0.5950,-2.7650,0.7700
61373586,sitting,0.0261,0.0122,1.0216,0.5600,-2.7300,0.7700
61373606,sitting,0.0259,0.0107,1.0209,0.5600,-2.7300,0.7700
61373625,sitting,0.0249,0.0110,1.0209,0.5950,-2.7650,0.7700
61373644,sitting,0.0256,0.0115,1.0209,0.5600,-2.7300,0.7700
61373663,sitting,0.0256,0.0102,1.0209,0.5250,-2.7300,0.7700
61373682,sitting,0.0259,0.0112,1.0207,0.5950,-2.8000,0.7700
61373702,sitting,0.0254,0.0115,1.0202,0.5600,-2.7650,0.7350
61373721,sitting,0.0254,0.0115,1.0202,0.5250,-2.7300,0.7350
61373740,sitting,0.0254,0.0107,1.0207,0.4900,-2.7300,0.7700
61373759,sitting,0.0244,0.0115,1.0209,0.5600,-2.7650,0.7700
61373779,sitting,0.0261,0.0112,1.0202,0.5600,-2.8000,0.7700
61373798,sitting,0.0259,0.0115,1.0204,0.5600,-2.7650,0.7700
61373817,sitting,0.0264,0.0112,1.0207,0.5250,-2.8000,0.7350
61373836,sitting,0.0251,0.0105,1.0207,0.5600,-2.7650,0.7700
61373856,sitting,0.0254,0.0105,1.0192,0.5600,-2.7300,0.7700
61373875,sitting,0.0259,0.0112,1.0199,0.5600,-2.7650,0.8050
61373894,sitting,0.0256,0.0120,1.0204,0.5600,-2.7300,0.7700
61373913,sitting,0.0259,0.0112,1.0209,0.5600,-2.7300,0.7700
61373932,sitting,0.0256,0.0112,1.0209,0.5600,-2.7650,0.7350
61373952,sitting,0.0256,0.0110,1.0221,0.5950,-2.7300,0.7700
61373971,sitting,0.0261,0.0112,1.0214,0.5600,-2.7650,0.7700
61373990,sitting,0.0264,0.0110,1.0197,0.5250,-2.7300,0.7350
61374009,sitting,0.0259,0.0122,1.0211,0.5250,-2.7300,0.7700
61374029,sitting,0.0254,0.0110,1.0194,0.5600,-2.7300,0.7700
61374048,sitting,0.0254,0.0120,1.0214,0.5950,-2.7300,0.7350
61374067,sitting,0.0261,0.0105,1.0207,0.5600,-2.8000,0.7000
61374086,sitting,0.0259,0.0105,1.0214,0.5600,-2.7650,0.7350
61374106,sitting,0.0251,0.0110,1.0197,0.5600,-2.7650,0.7700
61374125,sitting,0.0259,0.0117,1.0207,0.5600,-2.7300,0.7700
61374144,sitting,0.0256,0.0117,1.0216,0.5600,-2.7300,0.7700
61374163,sitting,0.0264,0.0112,1.0211,0.5600,-2.7650,0.7700
61374182,sitting,0.0264,0.0102,1.0199,0.5600,-2.7650,0.7700
61374202,sitting,0.0251,0.0117,1.0199,0.5600,-2.7650,0.7700
61374221,sitting,0.0251,0.0110,1.0207,0.5600,-2.8000,0.7700
61374240,sitting,0.0256,0.0115,1.0209,0.5600,-2.8000,0.7350
61374259,sitting,0.0271,0.0107,1.0214,0.5600,-2.7650,0.7700
61374279,sitting,0.0249,0.0102,1.0204,0.5250,-2.8000,0.7700
61374298,sitting,0.0256,0.0110,1.0209,0.5600,-2.7300,0.7700
61374317,sitting,0.0261,0.0110,1.0209,0.5600,-2.8000,0.7350
61374336,sitting,0.0259,0.0115,1.0214,0.5250,-2.7650,0.7700
61374356,sitting,0.0254,0.0112,1.0221,0.5600,-2.7650,0.7350
61374375,sitting,0.0259,0.0110,1.0209,0.5600,-2.7300,0.7700
61374394,sitting,0.0266,0.0117,1.0204,0.5600,-2.7650,0.7700
61374413,sitting,0.0256,0.0115,1.0199,0.5600,-2.7650,0.7700
61374432,sitting,0.0251,0.0120,1.0216,0.5600,-2.7300,0.7350
61374452,sitting,0.0251,0.0124,1.0207,0.5600,-2.7300,0.7700
61374471,sitting,0.0256,0.0107,1.0211,0.5600,-2.7650,0.7700
61374490,sitting,0.0254,0.0110,1.0207,0.5600,-2.7650,0.7700
61374509,sitting,0.0251,0.0107,1.0219,0.5600,-2.7300,0.7700
61374529,sitting,0.0261,0.0110,1.0204,0.5600,-2.7300,0.7700
61374548,sitting,0.0251,0.0120,1.0204,0.5600,-2.7300,0.7700
61374567,sitting,0.0254,0.0120,1.0207,0.5600,-2.7300,0.7350
61374586,sitting,0.0259,0.0122,1.0209,0.5600,-2.7650,0.7700
61374606,sitting,0.0259,0.0110,1.0202,0.5600,-2.7300,0.7700
61374625,sitting,0.0259,0.0112,1.0199,0.5600,-2.7650,0.7700
61374644,sitting,0.0256,0.0117,1.0209,0.5950,-2.7300,0.7350
61374663,sitting,0.0264,0.0117,1.0209,0.5600,-2.7300,0.7700
61374682,sitting,0.0264,0.0124,1.0216,0.5600,-2.7650,0.7350
61374702,sitting,0.0264,0.0115,1.0211,0.5600,-2.7650,0.7700
61374721,sitting,0.0261,0.0110,1.0214,0.5600,-2.7650,0.7700
61374740,sitting,0.0264,0.0107,1.0209,0.5600,-2.7300,0.7700
61374759,sitting,0.0254,0.0107,1.0211,0.5600,-2.7650,0.7700
61374779,sitting,0.0259,0.0124,1.0209,0.5600,-2.7650,0.7700
61374798,sitting,0.0254,0.0120,1.0207,0.5950,-2.7300,0.7700
61374817,sitting,0.0259,0.0112,1.0202,0.5600,-2.8000,0.7700
61374836,sitting,0.0251,0.0110,1.0192,0.5600,-2.7650,0.7700
61374856,sitting,0.0254,0.0107,1.0199,0.5600,-2.7300,0.7700
61374875,sitting,0.0271,0.0122,1.0207,0.5600,-2.7650,0.7700
61374894,sitting,0.0256,0.0107,1.0211,0.5250,-2.7300,0.7700
61374913,sitting,0.0264,0.0107,1.0211,0.5600,-2.7650,0.7000
61374932,sitting,0.0249,0.0112,1.0197,0.5600,-2.7300,0.7350
61374952,sitting,0.0259,0.0112,1.0211,0.5250,-2.7300,0.7700
61374971,sitting,0.0264,0.0122,1.0211,0.6300,-2.7300,0.7700
61374990,sitting,0.0256,0.0115,1.0211,0.5600,-2.7300,0.7350
61375009,sitting,0.0254,0.0115,1.0221,0.5600,-2.7650,0.7000
61375029,sitting,0.0259,0.0100,1.0202,0.5250,-2.7300,0.7700
61375048,sitting,0.0254,0.0110,1.0214,0.5600,-2.7300,0.7350
61375067,sitting,0.0249,0.0107,1.0211,0.5600,-2.8000,0.7700
61375086,sitting,0.0249,0.0105,1.0207,0.5600,-2.7300,0.7700
61375106,sitting,0.0251,0.0115,1.0207,0.5600,-2.8000,0.7000
61375125,sitting,0.0259,0.0120,1.0204,0.5600,-2.7650,0.7700
61375144,sitting,0.0256,0.0120,1.0204,0.5600,-2.7650,0.7700
61375163,sitting,0.0264,0.0112,1.0199,0.5600,-2.7650,0.7700
61375182,sitting,0.0256,0.0105,1.0209,0.5600,-2.7650,0.7700
61375202,sitting,0.0251,0.0112,1.0199,0.5250,-2.7300,0.7350
61375221,sitting,0.0261,0.0112,1.0211,0.5250,-2.7650,0.7700
61375240,sitting,0.0254,0.0120,1.0209,0.5600,-2.7650,0.7700
61375259,sitting,0.0259,0.0112,1.0216,0.5600,-2.7650,0.7700
61375279,sitting,0.0264,0.0120,1.0207,0.5250,-2.7650,0.7700
61375298,sitting,0.0268,0.0117,1.0202,0.5600,-2.7300,0.7700
61375317,sitting,0.0259,0.0107,1.0204,0.5950,-2.7650,0.7350
61375336,sitting,0.0266,0.0110,1.0209,0.5600,-2.7300,0.7700
61375356,sitting,0.0268,0.0105,1.0214,0.5600,-2.7300,0.7700
61375375,sitting,0.0266,0.0110,1.0219,0.5600,-2.7650,0.7700
61375394,sitting,0.0254,0.0120,1.0214,0.5600,-2.7300,0.7350
61375413,sitting,0.0249,0.0112,1.0214,0.5600,-2.7300,0.7350
61375432,sitting,0.0264,0.0112,1.0207,0.5600,-2.8000,0.7700
61375452,sitting,0.0264,0.0115,1.0199,0.5250,-2.7650,0.7700
61375471,sitting,0.0261,0.0115,1.0199,0.5250,-2.7300,0.7700
61375490,sitting,0.0259,0.0115,1.0194,0.5600,-2.8000,0.7700
61375509,sitting,0.0259,0.0102,1.0197,0.5600,-2.7650,0.7350
61375529,sitting,0.0254,0.0110,1.0204,0.5600,-2.7650,0.7700
61375548,sitting,0.0261,0.0107,1.0197,0.5600,-2.7650,0.7700
61375567,sitting,0.0251,0.0110,1.0211,0.5600,-2.8000,0.7700
61375586,sitting,0.0254,0.0112,1.0204,0.5600,-2.7650,0.7700
61375606,sitting,0.0261,0.0112,1.0219,0.5600,-2.7650,0.7700
61375625,sitting,0.0254,0.0112,1.0202,0.5600,-2.7300,0.7700
61375644,sitting,0.0254,0.0110,1.0202,0.5250,-2.7650,0.8050
61375663,sitting,0.0259,0.0105,1.0207,0.5600,-2.7300,0.7700
61375682,sitting,0.0259,0.0102,1.0216,0.5600,-2.7300,0.7700
61375702,sitting,0.0251,0.0115,1.0211,0.5600,-2.8000,0.7350
61375721,sitting,0.0259,0.0115,1.0199,0.5600,-2.7300,0.7700
61375740,sitting,0.0259,0.0115,1.0214,0.5600,-2.7650,0.7350
61375759,sitting,0.0256,0.0112,1.0209,0.5600,-2.8000,0.7700
61375779,sitting,0.0256,0.0120,1.0202,0.6300,-2.8000,0.7700
61375798,sitting,0.0256,0.0115,1.0204,0.5600,-2.7650,0.7350
61375817,sitting,0.0254,0.0117,1.0211,0.5250,-2.7300,0.7700
61375836,sitting,0.0254,0.0117,1.0204,0.5600,-2.7650,0.7350
61375856,sitting,0.0264,0.0105,1.0209,0.5600,-2.7650,0.7350
61375875,sitting,0.0259,0.0112,1.0207,0.5600,-2.7650,0.7350
61375894,sitting,0.0259,0.0107,1.0204,0.5250,-2.7300,0.7700
61375913,sitting,0.0256,0.0117,1.0194,0.5600,-2.7300,0.7700
61375932,sitting,0.0256,0.0112,1.0202,0.5600,-2.7650,0.7700
61375952,sitting,0.0256,0.0112,1.0209,0.5600,-2.7300,0.7700
61375971,sitting,0.0256,0.0105,1.0214,0.5600,-2.7650,0.7700
61375990,sitting,0.0259,0.0110,1.0207,0.5950,-2.8000,0.7700
61376009,sitting,0.0254,0.0102,1.0211,0.5250,-2.7650,0.7000
61376029,sitting,0.0254,0.0107,1.0199,0.5600,-2.7300,0.7700
61376048,sitting,0.0259,0.0110,1.0207,0.5600,-2.7300,0.7700
61376067,sitting,0.0264,0.0117,1.0202,0.5600,-2.7650,0.7700
61376086,sitting,0.0251,0.0120,1.0199,0.5950,-2.7300,0.7700
61376106,sitting,0.0256,0.0115,1.0204,0.5600,-2.8000,0.7700
61376125,sitting,0.0256,0.0110,1.0204,0.5600,-2.7650,0.7700
61376144,sitting,0.0256,0.0112,1.0202,0.5600,-2.7650,0.7700
61376163,sitting,0.0261,0.0112,1.0207,0.5600,-2.7650,0.7700
61376182,sitting,0.0246,0.0107,1.0199,0.5600,-2.7650,0.7350
61376202,sitting,0.0264,0.0107,1.0207,0.5600,-2.7300,0.7700
61376221,sitting,0.0256,0.0110,1.0209,0.5600,-2.7300,0.7700
61376240,sitting,0.0251,0.0122,1.0216,0.5600,-2.7300,0.7350
61376259,sitting,0.0256,0.0110,1.0202,0.5600,-2.7650,0.7000
61376279,sitting,0.0254,0.0117,1.0204,0.5600,-2.7300,0.7350
61376298,sitting,0.0251,0.0115,1.0221,0.5600,-2.7650,0.7350
61376317,sitting,0.0254,0.0117,1.0216,0.5600,-2.7650,0.7700
61376336,sitting,0.0259,0.0110,1.0214,0.5600,-2.7300,0.7700
61376356,sitting,0.0261,0.0115,1.0209,0.5600,-2.7300,0.7700
61376375,sitting,0.0261,0.0124,1.0204,0.5600,-2.7650,0.7350
61376394,sitting,0.0251,0.0120,1.0204,0.5600,-2.7650,0.7700
61376413,sitting,0.0254,0.0102,1.0209,0.5600,-2.8000,0.7700
61376432,sitting,0.0259,0.0112,1.0207,0.5600,-2.8000,0.7700
61376452,sitting,0.0261,0.0115,1.0209,0.5600,-2.7650,0.7700
61376471,sitting,0.0261,0.0110,1.0211,0.5600,-2.7300,0.7700
61376490,sitting,0.0254,0.0117,1.0209,0.5600,-2.7650,0.7700
61376509,sitting,0.0256,0.0112,1.0204,0.5600,-2.7650,0.7700
61376529,sitting,0.0246,0.0112,1.0207,0.5600,-2.7300,0.7700
61376548,sitting,0.0254,0.0115,1.0221,0.5600,-2.8000,0.7700
61376567,sitting,0.0251,0.0112,1.0211,0.5600,-2.7300,0.8050
61376586,sitting,0.0249,0.0127,1.0194,0.5250,-2.7300,0.7700
61376606,sitting,0.0259,0.0112,1.0199,0.5600,-2.7300,0.7700
61376625,sitting,0.0261,0.0112,1.0202,0.5600,-2.7300,0.7700
61376644,sitting,0.0256,0.0115,1.0216,0.5600,-2.7300,0.7700
61376663,sitting,0.0254,0.0115,1.0209,0.5950,-2.8000,0.7700
61376682,sitting,0.0249,0.0112,1.0216,0.5600,-2.7300,0.7350
61376702,sitting,0.0261,0.0127,1.0202,0.5600,-2.7300,0.7350
61376721,sitting,0.0259,0.0117,1.0216,0.5600,-2.7300,0.7700
61376740,sitting,0.0251,0.0110,1.0209,0.5250,-2.8000,0.7350
61376759,sitting,0.0251,0.0117,1.0202,0.5600,-2.7650,0.7350
61376779,sitting,0.0249,0.0115,1.0207,0.5600,-2.7300,0.7700
61376798,sitting,0.0254,0.0120,1.0207,0.5600,-2.7300,0.7700
61376817,sitting,0.0256,0.0102,1.0202,0.5600,-2.7650,0.7700
61376836,sitting,0.0251,0.0110,1.0202,0.5600,-2.7650,0.7700
61376856,sitting,0.0251,0.0112,1.0202,0.5600,-2.7650,0.7350
61376875,sitting,0.0256,0.0112,1.0214,0.5600,-2.8000,0.7700
61376894,sitting,0.0259,0.0102,1.0221,0.5250,-2.7650,0.7700
61376913,sitting,0.0259,0.0117,1.0209,0.5600,-2.7650,0.7700
61376932,sitting,0.0264,0.0110,1.0211,0.6300,-2.8000,0.8050
61376952,sitting,0.0266,0.0107,1.0211,0.5600,-2.7650,0.7700
61376971,sitting,0.0256,0.0117,1.0207,0.5600,-2.7300,0.7700
61376990,sitting,0.0246,0.0115,1.0202,0.5250,-2.7650,0.7700
61377009,sitting,0.0264,0.0117,1.0214,0.5600,-2.7300,0.7700
61377029,sitting,0.0251,0.0115,1.0202,0.5950,-2.7650,0.7700
61377048,sitting,0.0256,0.0107,1.0216,0.5600,-2.7650,0.7700
61377067,sitting,0.0264,0.0110,1.0214,0.5950,-2.7300,0.7700
61377086,sitting,0.0251,0.0110,1.0209,0.5950,-2.7300,0.7700
61377106,sitting,0.0259,0.0105,1.0202,0.5600,-2.7300,0.7350
61377125,sitting,0.0256,0.0110,1.0202,0.5600,-2.7650,0.7700
61377144,sitting,0.0261,0.0102,1.0219,0.5600,-2.7300,0.7700
61377163,sitting,0.0264,0.0110,1.0209,0.5600,-2.7300,0.7700
61377182,sitting,0.0266,0.0107,1.0216,0.5600,-2.7650,0.7350
61377202,sitting,0.0259,0.0110,1.0209,0.5950,-2.7300,0.7700
61377221,sitting,0.0251,0.0120,1.0214,0.5950,-2.7650,0.7700
61377240,sitting,0.0251,0.0117,1.0199,0.5600,-2.8000,0.7700
61377259,sitting,0.0264,0.0117,1.0209,0.5600,-2.7300,0.7700
61377279,sitting,0.0254,0.0110,1.0202,0.5600,-2.7300,0.7000
61377298,sitting,0.0266,0.0115,1.0219,0.5600,-2.8000,0.7000
61377317,sitting,0.0242,0.0117,1.0216,0.5600,-2.7650,0.7000
61377336,sitting,0.0256,0.0122,1.0216,0.5250,-2.7650,0.8050
61377356,sitting,0.0256,0.0117,1.0211,0.4900,-2.7650,0.7700
61377375,sitting,0.0259,0.0107,1.0209,0.5600,-2.8000,0.7700
61377394,sitting,0.0251,0.0115,1.0207,0.5250,-2.7650,0.7350
61377413,sitting,0.0259,0.0117,1.0204,0.5600,-2.7300,0.7700
61377432,sitting,0.0264,0.0122,1.0209,0.5600,-2.7650,0.7000
61377452,sitting,0.0246,0.0110,1.0211,0.5600,-2.7300,0.7700
61377471,sitting,0.0261,0.0122,1.0211,0.5600,-2.8000,0.7700
61377490,sitting,0.0249,0.0120,1.0199,0.5600,-2.7650,0.7700
61377509,sitting,0.0256,0.0110,1.0207,0.5600,-2.8000,0.7700
61377529,sitting,0.0254,0.0112,1.0219,0.5600,-2.7650,0.7700
61377548,sitting,0.0259,0.0117,1.0211,0.5600,-2.7650,0.7700
61377567,sitting,0.0259,0.0120,1.0209,0.5600,-2.7300,0.7700
61377586,sitting,0.0256,0.0120,1.0209,0.5600,-2.7300,0.7350
61377606,sitting,0.0256,0.0107,1.0197,0.5600,-2.7650,0.7700
61377625,sitting,0.0256,0.0115,1.0211,0.5600,-2.7300,0.7350
61377644,sitting,0.0259,0.0107,1.0197,0.5600,-2.7300,0.7700
61377663,sitting,0.0264,0.0112,1.0209,0.5600,-2.7650,0.7700
61377682,sitting,0.0249,0.0115,1.0204,0.5250,-2.7300,0.7000
61377702,sitting,0.0246,0.0112,1.0202,0.5600,-2.8000,0.7350
61377721,sitting,0.0254,0.0112,1.0211,0.5600,-2.8000,0.7700
61377740,sitting,0.0251,0.0112,1.0207,0.5600,-2.7650,0.7700
61377759,sitting,0.0249,0.0117,1.0202,0.5250,-2.7650,0.7700
61377779,sitting,0.0261,0.0110,1.0214,0.5600,-2.7650,0.7700
61377798,sitting,0.0256,0.0120,1.0209,0.5250,-2.7300,0.7700
61377817,sitting,0.0254,0.0105,1.0211,0.5600,-2.7300,0.7700
61377836,sitting,0.0254,0.0112,1.0211,0.5600,-2.7650,0.7700
61377856,sitting,0.0261,0.0117,1.0207,0.5600,-2.7300,0.7700
61377875,sitting,0.0254,0.0112,1.0209,0.5600,-2.8000,0.7700
61377894,sitting,0.0256,0.0120,1.0211,0.5250,-2.7650,0.7700
61377913,sitting,0.0254,0.0115,1.0211,0.5250,-2.7300,0.7700
61377932,sitting,0.0261,0.0112,1.0211,0.5600,-2.7650,0.7350
61377952,sitting,0.0254,0.0102,1.0209,0.5600,-2.7300,0.7700
61377971,sitting,0.0261,0.0110,1.0204,0.5600,-2.7300,0.7700
61377990,sitting,0.0246,0.0115,1.0211,0.5600,-2.7300,0.7700
61378009,sitting,0.0251,0.0110,1.0214,0.5950,-2.7300,0.7700
61378029,sitting,0.0249,0.0105,1.0216,0.5600,-2.7300,0.7700
61378048,sitting,0.0254,0.0117,1.0219,0.5600,-2.7650,0.7700
61378067,sitting,0.0259,0.0110,1.0211,0.5250,-2.8000,0.7700
61378086,sitting,0.0254,0.0107,1.0204,0.5600,-2.7650,0.7700
61378106,sitting,0.0261,0.0110,1.0211,0.5600,-2.7300,0.7700
61378125,sitting,0.0264,0.0115,1.0204,0.5600,-2.7650,0.7350
61378144,sitting,0.0256,0.0120,1.0199,0.5600,-2.7300,0.7700
61378163,sitting,0.0249,0.0115,1.0216,0.5600,-2.7650,0.7350
61378182,sitting,0.0261,0.0115,1.0219,0.5600,-2.7650,0.7700
61378202,sitting,0.0249,0.0110,1.0204,0.5600,-2.8000,0.7700
61378221,sitting,0.0246,0.0115,1.0202,0.5250,-2.8000,0.7700
61378240,sitting,0.0251,0.0117,1.0214,0.5600,-2.8000,0.7700
61378259,sitting,0.0251,0.0110,1.0204,0.5250,-2.7650,0.8050
61378279,sitting,0.0259,0.0110,1.0197,0.5250,-2.7300,0.7700
61378298,sitting,0.0256,0.0115,1.0182,0.5600,-2.7650,0.7350
61378317,sitting,0.0254,0.0117,1.0204,0.4900,-2.7650,0.7700
61378336,sitting,0.0256,0.0112,1.0219,0.5600,-2.7300,0.7700
61378356,sitting,0.0271,0.0110,1.0211,0.5600,-2.8000,0.7700
61378375,sitting,0.0266,0.0112,1.0202,0.5600,-2.7300,0.7700
61378394,sitting,0.0259,0.0112,1.0202,0.5600,-2.7300,0.7700
61378413,sitting,0.0259,0.0110,1.0204,0.5600,-2.7650,0.7350
61378432,sitting,0.0264,0.0117,1.0214,0.5950,-2.7300,0.7700
61378452,sitting,0.0259,0.0120,1.0194,0.5600,-2.8000,0.7700
61378471,sitting,0.0251,0.0117,1.0197,0.5600,-2.8000,0.7350
61378490,sitting,0.0259,0.0120,1.0204,0.5600,-2.7650,0.7000
61378509,sitting,0.0261,0.0112,1.0219,0.5950,-2.7650,0.7350
61378529,sitting,0.0264,0.0110,1.0207,0.5600,-2.7650,0.7700
61378548,sitting,0.0261,0.0117,1.0207,0.5600,-2.7650,0.7700
61378567,sitting,0.0254,0.0112,1.0197,0.5600,-2.8000,0.7700
61378586,sitting,0.0256,0.0107,1.0204,0.5950,-2.7300,0.7700
61378606,sitting,0.0259,0.0124,1.0207,0.5250,-2.7650,0.7700
61378625,sitting,0.0259,0.0124,1.0216,0.5250,-2.7650,0.7700
61378644,sitting,0.0256,0.0105,1.0211,0.5600,-2.8000,0.7700
61378663,sitting,0.0264,0.0115,1.0211,0.5250,-2.8000,0.7700
61378682,sitting,0.0264,0.0120,1.0207,0.5600,-2.8000,0.7700
61378702,sitting,0.0256,0.0112,1.0221,0.5600,-2.8000,0.7700
61378721,sitting,0.0242,0.0112,1.0204,0.5600,-2.7650,0.7700
61378740,sitting,0.0249,0.0110,1.0211,0.5250,-2.8000,0.7350
61378759,sitting,0.0259,0.0102,1.0216,0.5600,-2.7650,0.7700
61378779,sitting,0.0254,0.0105,1.0207,0.5600,-2.7300,0.7700
61378798,sitting,0.0251,0.0120,1.0204,0.5600,-2.7650,0.7700
61378817,sitting,0.0251,0.0117,1.0199,0.5600,-2.8000,0.7350
61378836,sitting,0.0254,0.0105,1.0202,0.5600,-2.7650,0.7700
61378856,sitting,0.0254,0.0102,1.0207,0.5600,-2.7650,0.7700
61378875,sitting,0.0261,0.0112,1.0204,0.5950,-2.7650,0.7700
61378894,sitting,0.0254,0.0110,1.0199,0.5600,-2.7300,0.7350
61378913,sitting,0.0256,0.0117,1.0214,0.5600,-2.7300,0.7700
61378932,sitting,0.0251,0.0117,1.0204,0.5600,-2.7650,0.7350
61378952,sitting,0.0254,0.0107,1.0214,0.5600,-2.7300,0.7350
61378971,sitting,0.0256,0.0115,1.0202,0.5600,-2.8000,0.7700
61378990,sitting,0.0261,0.0110,1.0211,0.5250,-2.7300,0.7000
61379009,sitting,0.0259,0.0120,1.0204,0.5600,-2.7650,0.7350
61379029,sitting,0.0261,0.0120,1.0216,0.5600,-2.8000,0.7700
61379048,sitting,0.0254,0.0122,1.0209,0.5950,-2.8000,0.7700
61379067,sitting,0.0261,0.0120,1.0209,0.5600,-2.7650,0.7700
61379086,sitting,0.0266,0.0112,1.0207,0.5600,-2.8000,0.7700
61379106,sitting,0.0251,0.0120,1.0214,0.5600,-2.7650,0.7350
61379125,sitting,0.0261,0.0115,1.0209,0.5600,-2.8000,0.7350
61379144,sitting,0.0259,0.0115,1.0199,0.5250,-2.7650,0.7700
61379163,sitting,0.0266,0.0120,1.0197,0.5600,-2.8000,0.7700
61379182,sitting,0.0251,0.0112,1.0214,0.5250,-2.7300,0.7700
61379202,sitting,0.0249,0.0107,1.0202,0.5250,-2.7300,0.7700
61379221,sitting,0.0259,0.0105,1.0202,0.5600,-2.7650,0.7700
61379240,sitting,0.0246,0.0120,1.0211,0.5600,-2.7300,0.7700
61379259,sitting,0.0249,0.0112,1.0224,0.5600,-2.7650,0.7700
61379279,sitting,0.0254,0.0102,1.0209,0.5950,-2.7300,0.7350
61379298,sitting,0.0254,0.0110,1.0204,0.5600,-2.7300,0.7700
61379317,sitting,0.0259,0.0107,1.0209,0.5950,-2.7650,0.7700
61379336,sitting,0.0259,0.0100,1.0204,0.5600,-2.7300,0.7350
61379356,sitting,0.0264,0.0107,1.0199,0.5600,-2.7300,0.7000
61379375,sitting,0.0264,0.0112,1.0204,0.5600,-2.7300,0.7700
61379394,sitting,0.0251,0.0117,1.0216,0.5600,-2.7650,0.7700
61379413,sitting,0.0246,0.0122,1.0209,0.5950,-2.7650,0.7700
61379432,sitting,0.0259,0.0105,1.0209,0.5600,-2.7650,0.7700
61379452,sitting,0.0266,0.0112,1.0214,0.5600,-2.8000,0.7700
61379471,sitting,0.0264,0.0112,1.0209,0.5600,-2.8000,0.7700
61379490,sitting,0.0261,0.0105,1.0216,0.5600,-2.7650,0.7700
61379509,sitting,0.0256,0.0120,1.0204,0.5600,-2.8000,0.7700
61379529,sitting,0.0261,0.0117,1.0211,0.5600,-2.7650,0.7700
61379548,sitting,0.0259,0.0112,1.0209,0.5600,-2.8000,0.7700
61379567,sitting,0.0256,0.0122,1.0199,0.5600,-2.7300,0.7700
61379586,sitting,0.0254,0.0120,1.0216,0.5600,-2.7650,0.7700
61379606,sitting,0.0251,0.0107,1.0207,0.5250,-2.7300,0.7700
61379625,sitting,0.0251,0.0115,1.0211,0.5600,-2.7300,0.7700
61379644,sitting,0.0251,0.0115,1.0209,0.5250,-2.7650,0.7350
61379663,sitting,0.0251,0.0122,1.0204,0.5250,-2.7300,0.7700
61379682,sitting,0.0244,0.0112,1.0204,0.5600,-2.7650,0.7700
61379702,sitting,0.0261,0.0117,1.0214,0.5600,-2.7300,0.7700
61379721,sitting,0.0259,0.0115,1.0199,0.5600,-2.7650,0.7350
61379740,sitting,0.0264,0.0110,1.0199,0.5600,-2.7300,0.7700
61379759,sitting,0.0259,0.0120,1.0211,0.5250,-2.8000,0.7700
61379779,sitting,0.0261,0.0112,1.0207,0.5600,-2.7300,0.7350
61379798,sitting,0.0254,0.0102,1.0219,0.5600,-2.7650,0.7700
61379817,sitting,0.0246,0.0110,1.0211,0.5600,-2.7300,0.7350
61379836,sitting,0.0254,0.0110,1.0211,0.5600,-2.7300,0.7700
61379856,sitting,0.0261,0.0107,1.0202,0.5600,-2.7300,0.7700
61379875,sitting,0.0264,0.0112,1.0199,0.5600,-2.7650,0.7700
61379894,sitting,0.0259,0.0115,1.0204,0.5600,-2.7300,0.7700
61379913,sitting,0.0259,0.0112,1.0216,0.5600,-2.7300,0.7350
61379932,sitting,0.0259,0.0115,1.0211,0.5950,-2.7300,0.7700
61379952,sitting,0.0251,0.0115,1.0211,0.5600,-2.7650,0.7700
61379971,sitting,0.0256,0.0110,1.0207,0.5600,-2.7300,0.7700
61379990,sitting,0.0259,0.0107,1.0209,0.5600,-2.7300,0.7700
61380009,sitting,0.0251,0.0110,1.0214,0.5600,-2.7300,0.7700
61380029,sitting,0.0256,0.0112,1.0204,0.5600,-2.7650,0.7700
61380048,sitting,0.0254,0.0115,1.0204,0.5600,-2.7650,0.7700
61380067,sitting,0.0259,0.0115,1.0192,0.5600,-2.8000,0.7700
61380086,sitting,0.0261,0.0107,1.0209,0.5600,-2.7300,0.7700
61380106,sitting,0.0259,0.0107,1.0202,0.5600,-2.7300,0.7000
61380125,sitting,0.0261,0.0112,1.0216,0.5600,-2.7650,0.8050
61380144,sitting,0.0251,0.0124,1.0209,0.5600,-2.7300,0.7700
61380163,sitting,0.0246,0.0110,1.0204,0.5950,-2.7650,0.7700
61380182,sitting,0.0261,0.0105,1.0214,0.5600,-2.7300,0.7700
61380202,sitting,0.0268,0.0120,1.0202,0.5950,-2.7300,0.7700
61380221,sitting,0.0261,0.0115,1.0214,0.5600,-2.7650,0.7350
61380240,sitting,0.0254,0.0120,1.0197,0.5600,-2.7300,0.7700
61380259,sitting,0.0261,0.0115,1.0207,0.5600,-2.7300,0.7700
61380279,sitting,0.0273,0.0102,1.0202,0.5250,-2.7650,0.7700
61380298,sitting,0.0266,0.0102,1.0207,0.5600,-2.8000,0.7700
61380317,sitting,0.0261,0.0112,1.0207,0.5600,-2.8000,0.7700
61380336,sitting,0.0254,0.0110,1.0214,0.5600,-2.7650,0.7700
61380356,sitting,0.0261,0.0110,1.0202,0.5950,-2.8000,0.7350
61380375,sitting,0.0268,0.0112,1.0202,0.5600,-2.8000,0.7700
61380394,sitting,0.0268,0.0110,1.0224,0.5250,-2.8000,0.7000
61380413,sitting,0.0266,0.0102,1.0207,0.5600,-2.7650,0.7700
61380432,sitting,0.0254,0.0107,1.0209,0.5600,-2.7300,0.7700
61380452,sitting,0.0259,0.0110,1.0211,0.5250,-2.7650,0.7700
61380471,sitting,0.0256,0.0112,1.0219,0.5600,-2.7300,0.7700
61380490,sitting,0.0266,0.0112,1.0202,0.5600,-2.8000,0.7700
61380509,sitting,0.0273,0.0115,1.0199,0.5250,-2.7300,0.7700
61380529,sitting,0.0249,0.0117,1.0207,0.5600,-2.7300,0.7700
61380548,sitting,0.0256,0.0110,1.0204,0.5600,-2.7300,0.7700
61380567,sitting,0.0261,0.0107,1.0214,0.5600,-2.7300,0.7700
61380586,sitting,0.0254,0.0105,1.0216,0.5950,-2.7650,0.7700
61380606,sitting,0.0268,0.0112,1.0204,0.5600,-2.7300,0.7700
61380625,sitting,0.0261,0.0110,1.0199,0.5600,-2.7300,0.7700
61380644,sitting,0.0261,0.0112,1.0216,0.5250,-2.7300,0.7350
61380663,sitting,0.0264,0.0112,1.0216,0.5600,-2.7650,0.7700
61380682,sitting,0.0259,0.0107,1.0202,0.5250,-2.7300,0.7350
61380702,sitting,0.0268,0.0127,1.0207,0.5600,-2.7650,0.7700
61380721,sitting,0.0271,0.0115,1.0211,0.5600,-2.7650,0.7700
61380740,sitting,0.0268,0.0112,1.0207,0.5600,-2.7300,0.7700
61380759,sitting,0.0251,0.0110,1.0204,0.5600,-2.7300,0.7350
61380779,sitting,0.0259,0.0117,1.0207,0.5600,-2.8000,0.7700
61380798,sitting,0.0266,0.0124,1.0211,0.5600,-2.7300,0.7000
61380817,sitting,0.0261,0.0117,1.0216,0.5250,-2.7300,0.7350
61380836,sitting,0.0254,0.0110,1.0199,0.5600,-2.8000,0.7700
61380856,sitting,0.0254,0.0117,1.0219,0.5600,-2.7650,0.7350
61380875,sitting,0.0249,0.0110,1.0214,0.5600,-2.7650,0.7350
61380894,sitting,0.0259,0.0127,1.0192,0.5600,-2.7650,0.7700
61380913,sitting,0.0256,0.0102,1.0199,0.5600,-2.8000,0.7700
61380932,sitting,0.0259,0.0107,1.0207,0.5250,-2.7300,0.7700
61380952,sitting,0.0254,0.0112,1.0204,0.5600,-2.7650,0.7700
61380971,sitting,0.0266,0.0112,1.0211,0.5250,-2.7650,0.7700
61380990,sitting,0.0271,0.0107,1.0207,0.5600,-2.7300,0.7700
61381009,sitting,0.0256,0.0112,1.0207,0.5250,-2.7650,0.7700
61381029,sitting,0.0249,0.0115,1.0209,0.5600,-2.7300,0.7700
61381048,sitting,0.0259,0.0110,1.0211,0.5250,-2.8000,0.7700
61381067,sitting,0.0249,0.0115,1.0207,0.5600,-2.7650,0.7350
61381086,sitting,0.0261,0.0112,1.0207,0.5600,-2.7300,0.7350
61381106,sitting,0.0256,0.0112,1.0204,0.5600,-2.7650,0.7700
61381125,sitting,0.0261,0.0112,1.0211,0.5600,-2.7300,0.7000
61381144,sitting,0.0259,0.0100,1.0204,0.5600,-2.7300,0.7350
61381163,sitting,0.0261,0.0115,1.0209,0.5600,-2.7300,0.7700
61381182,sitting,0.0259,0.0112,1.0207,0.5600,-2.7650,0.7700
61381202,sitting,0.0261,0.0107,1.0216,0.5600,-2.7650,0.7350
61381221,sitting,0.0246,0.0115,1.0211,0.5600,-2.7300,0.7350
61381240,sitting,0.0251,0.0112,1.0207,0.5600,-2.7650,0.7700
61381259,sitting,0.0254,0.0107,1.0209,0.5600,-2.7650,0.7700
61381279,sitting,0.0259,0.0117,1.0199,0.5600,-2.7300,0.7350
61381298,sitting,0.0261,0.0112,1.0207,0.5600,-2.7650,0.7700
61381317,sitting,0.0268,0.0115,1.0202,0.5600,-2.8000,0.7700
61381336,sitting,0.0259,0.0120,1.0211,0.5600,-2.7650,0.7700
61381356,sitting,0.0264,0.0115,1.0209,0.5600,-2.7650,0.7700
61381375,sitting,0.0264,0.0117,1.0204,0.5950,-2.7650,0.7700
61381394,sitting,0.0259,0.0110,1.0207,0.5600,-2.7300,0.7700
61381413,sitting,0.0264,0.0115,1.0204,0.5250,-2.7650,0.7350
61381432,sitting,0.0261,0.0110,1.0199,0.5600,-2.7300,0.7700
61381452,sitting,0.0261,0.0115,1.0214,0.5600,-2.7300,0.7350
61381471,sitting,0.0254,0.0105,1.0207,0.5600,-2.7300,0.7700
61381490,sitting,0.0246,0.0112,1.0219,0.5950,-2.7650,0.7350
61381509,sitting,0.0246,0.0102,1.0194,0.5600,-2.7300,0.7700
61381529,sitting,0.0264,0.0117,1.0211,0.5600,-2.7650,0.7700
61381548,sitting,0.0261,0.0112,1.0202,0.5600,-2.7650,0.7000
61381567,sitting,0.0249,0.0110,1.0207,0.5600,-2.7300,0.7350
61381586,sitting,0.0254,0.0112,1.0204,0.5600,-2.8000,0.7700
61381606,sitting,0.0256,0.0120,1.0224,0.5600,-2.8000,0.7350
61381625,sitting,0.0259,0.0124,1.0207,0.5600,-2.7650,0.7700
61381644,sitting,0.0259,0.0110,1.0202,0.5250,-2.7300,0.7000
61381663,sitting,0.0266,0.0112,1.0209,0.5600,-2.7650,0.7700
61381682,sitting,0.0264,0.0112,1.0204,0.5250,-2.8000,0.7700
61381702,sitting,0.0259,0.0115,1.0209,0.5600,-2.8000,0.8050
61381721,sitting,0.0259,0.0107,1.0204,0.4900,-2.8000,0.8050
61381740,sitting,0.0256,0.0115,1.0211,0.5250,-2.8000,0.7700
61381759,sitting,0.0256,0.0110,1.0199,0.5600,-2.7650,0.7000
61381779,sitting,0.0259,0.0107,1.0199,0.5600,-2.7650,0.7700
61381798,sitting,0.0259,0.0107,1.0204,0.5600,-2.7650,0.7700
61381817,sitting,0.0261,0.0107,1.0207,0.5600,-2.7650,0.7700
61381836,sitting,0.0264,0.0117,1.0207,0.5250,-2.8000,0.7700
61381856,sitting,0.0268,0.0117,1.0194,0.5600,-2.7300,0.7350
61381875,sitting,0.0264,0.0117,1.0214,0.5600,-2.8000,0.7700
61381894,sitting,0.0256,0.0110,1.0214,0.5600,-2.7650,0.7700
61381913,sitting,0.0261,0.0112,1.0211,0.5600,-2.7300,0.7350
61381932,sitting,0.0261,0.0102,1.0211,0.5600,-2.7300,0.7350
61381952,sitting,0.0256,0.0112,1.0207,0.5950,-2.7300,0.7350
61381971,sitting,0.0256,0.0115,1.0207,0.5600,-2.7300,0.7350
61381990,sitting,0.0251,0.0122,1.0207,0.5600,-2.7300,0.7700
61382009,sitting,0.0256,0.0115,1.0204,0.5600,-2.7650,0.7350
61382029,sitting,0.0256,0.0110,1.0214,0.5600,-2.7300,0.7700
61382048,sitting,0.0266,0.0098,1.0226,0.5600,-2.7300,0.7700
61382067,sitting,0.0266,0.0100,1.0199,0.5250,-2.8000,0.7700
61382086,sitting,0.0259,0.0117,1.0209,0.5600,-2.7300,0.7350
61382106,sitting,0.0254,0.0110,1.0202,0.5250,-2.8000,0.7700
61382125,sitting,0.0256,0.0102,1.0209,0.5950,-2.7300,0.7350
61382144,sitting,0.0264,0.0120,1.0211,0.5600,-2.7300,0.7350
61382163,sitting,0.0256,0.0122,1.0221,0.5600,-2.7300,0.7700
61382182,sitting,0.0259,0.0115,1.0216,0.5600,-2.7650,0.7700
61382202,sitting,0.0251,0.0107,1.0219,0.5600,-2.7650,0.7700
61382221,sitting,0.0254,0.0112,1.0216,0.5250,-2.7650,0.7700
61382240,sitting,0.0259,0.0105,1.0202,0.5600,-2.7300,0.7700
61382259,sitting,0.0261,0.0102,1.0209,0.5600,-2.8000,0.7350
61382279,sitting,0.0246,0.0112,1.0202,0.5600,-2.8000,0.7350
61382298,sitting,0.0249,0.0120,1.0209,0.5600,-2.7300,0.7700
61382317,sitting,0.0254,0.0115,1.0207,0.5250,-2.7650,0.7700
61382336,sitting,0.0251,0.0112,1.0219,0.5950,-2.8000,0.7700
61382356,sitting,0.0251,0.0122,1.0199,0.5950,-2.7300,0.7700
61382375,sitting,0.0261,0.0110,1.0204,0.5600,-2.8000,0.7700
61382394,sitting,0.0259,0.0102,1.0209,0.5600,-2.7650,0.7700
61382413,sitting,0.0254,0.0110,1.0207,0.6300,-2.7300,0.7700
61382432,sitting,0.0251,0.0110,1.0211,0.6300,-2.7300,0.7350
61382452,sitting,0.0256,0.0115,1.0207,0.5950,-2.6950,0.7350
61382471,sitting,0.0259,0.0110,1.0207,0.5950,-2.7300,0.7700
61382490,sitting,0.0256,0.0124,1.0216,0.5600,-2.7300,0.7000
61382509,sitting,0.0254,0.0110,1.0207,0.5600,-2.7650,0.7700
61382529,sitting,0.0264,0.0117,1.0211,0.5600,-2.8000,0.7700
61382548,sitting,0.0249,0.0117,1.0209,0.5600,-2.7650,0.7700
61382567,sitting,0.0254,0.0112,1.0211,0.5600,-2.8000,0.7700
61382586,sitting,0.0259,0.0115,1.0214,0.5600,-2.7650,0.7350
61382606,sitting,0.0254,0.0124,1.0216,0.5600,-2.7300,0.7700
61382625,sitting,0.0266,0.0112,1.0202,0.5600,-2.7650,0.7700
61382644,sitting,0.0256,0.0105,1.0211,0.5250,-2.8000,0.7700
61382663,sitting,0.0264,0.0115,1.0219,0.5250,-2.7650,0.7700
61382682,sitting,0.0254,0.0115,1.0204,0.5600,-2.7300,0.7700
61382702,sitting,0.0259,0.0107,1.0204,0.5600,-2.7650,0.7700
61382721,sitting,0.0261,0.0115,1.0199,0.5600,-2.7300,0.7700
61382740,sitting,0.0268,0.0112,1.0199,0.5600,-2.7650,0.7700
61382759,sitting,0.0264,0.0115,1.0204,0.5600,-2.8000,0.7700
61382779,sitting,0.0266,0.0107,1.0216,0.5600,-2.8000,0.7350
61382798,sitting,0.0246,0.0107,1.0199,0.5600,-2.7300,0.7700
61382817,sitting,0.0249,0.0112,1.0211,0.5600,-2.7650,0.7700
61382836,sitting,0.0251,0.0102,1.0204,0.5250,-2.8000,0.7700
61382856,sitting,0.0266,0.0112,1.0199,0.5600,-2.7300,0.7350
61382875,sitting,0.0249,0.0120,1.0199,0.5250,-2.7300,0.7700
61382894,sitting,0.0256,0.0112,1.0214,0.5600,-2.8000,0.7350
61382913,sitting,0.0259,0.0115,1.0216,0.5250,-2.7650,0.7350
61382932,sitting,0.0259,0.0110,1.0211,0.5600,-2.8000,0.7350
61382952,sitting,0.0268,0.0112,1.0204,0.5600,-2.7650,0.7350
61382971,sitting,0.0256,0.0112,1.0211,0.5600,-2.7300,0.7350
61382990,sitting,0.0244,0.0115,1.0219,0.5600,-2.7300,0.7700
61383009,sitting,0.0259,0.0105,1.0202,0.5600,-2.7650,0.7350
61383029,sitting,0.0261,0.0102,1.0216,0.5600,-2.7650,0.7350
61383048,sitting,0.0254,0.0112,1.0219,0.5600,-2.8000,0.7700
61383067,sitting,0.0254,0.0110,1.0202,0.5600,-2.8000,0.7700
61383086,sitting,0.0266,0.0110,1.0214,0.5250,-2.8000,0.7700
61383106,sitting,0.0273,0.0117,1.0204,0.5600,-2.8000,0.7700
61383125,sitting,0.0273,0.0112,1.0214,0.5600,-2.7650,0.7700
61383144,sitting,0.0249,0.0102,1.0211,0.5600,-2.8000,0.7350
61383163,sitting,0.0264,0.0112,1.0209,0.5600,-2.8000,0.7700
61383182,sitting,0.0268,0.0117,1.0207,0.5600,-2.8000,0.7700
61383202,sitting,0.0256,0.0122,1.0209,0.5600,-2.8000,0.8050
61383221,sitting,0.0259,0.0112,1.0221,0.4900,-2.7300,0.7700
61383240,sitting,0.0249,0.0112,1.0209,0.5600,-2.7300,0.7350
61383259,sitting,0.0261,0.0115,1.0209,0.5600,-2.7650,0.7700
61383279,sitting,0.0259,0.0107,1.0207,0.5250,-2.7650,0.7700
61383298,sitting,0.0254,0.0110,1.0202,0.5600,-2.7650,0.7700
61383317,sitting,0.0254,0.0107,1.0204,0.5600,-2.7650,0.7700
61383336,sitting,0.0264,0.0112,1.0204,0.5600,-2.7650,0.7700
61383356,sitting,0.0251,0.0120,1.0202,0.5600,-2.7300,0.7700
61383375,sitting,0.0264,0.0117,1.0207,0.5600,-2.7300,0.7000
61383394,sitting,0.0246,0.0112,1.0204,0.5600,-2.7650,0.7700
61383413,sitting,0.0249,0.0107,1.0214,0.5600,-2.7650,0.7350
61383432,sitting,0.0251,0.0107,1.0209,0.5600,-2.8000,0.7700
61383452,sitting,0.0249,0.0112,1.0207,0.5600,-2.7650,0.8050
61383471,sitting,0.0242,0.0122,1.0211,0.5600,-2.8000,0.7700
61383490,sitting,0.0259,0.0110,1.0216,0.5250,-2.7650,0.7350
61383509,sitting,0.0266,0.0120,1.0211,0.5250,-2.8000,0.7700
61383529,sitting,0.0256,0.0120,1.0207,0.5600,-2.8000,0.7700
61383548,sitting,0.0251,0.0120,1.0209,0.5600,-2.8000,0.7700
61383567,sitting,0.0264,0.0122,1.0216,0.5600,-2.8000,0.7700
61383586,sitting,0.0259,0.0107,1.0207,0.5250,-2.7650,0.7700
61383606,sitting,0.0254,0.0107,1.0209,0.5600,-2.7650,0.7700
61383625,sitting,0.0261,0.0112,1.0211,0.5600,-2.7650,0.7700
61383644,sitting,0.0259,0.0112,1.0209,0.5950,-2.8000,0.7700
61383663,sitting,0.0264,0.0102,1.0214,0.5600,-2.7300,0.7700
61383682,sitting,0.0254,0.0115,1.0209,0.5250,-2.7650,0.7350
61383702,sitting,0.0259,0.0117,1.0209,0.5600,-2.7650,0.7700
61383721,sitting,0.0268,0.0112,1.0216,0.5950,-2.7650,0.7350
61383740,sitting,0.0264,0.0107,1.0211,0.5600,-2.7300,0.7700
61383759,sitting,0.0251,0.0100,1.0202,0.5600,-2.7300,0.7700
61383779,sitting,0.0251,0.0107,1.0202,0.5600,-2.7300,0.7700
61383798,sitting,0.0254,0.0107,1.0202,0.5950,-2.7650,0.7700
61383817,sitting,0.0259,0.0112,1.0207,0.5600,-2.8000,0.7700
61383836,sitting,0.0259,0.0110,1.0199,0.5600,-2.8000,0.7700
61383856,sitting,0.0264,0.0117,1.0216,0.5600,-2.8000,0.7700
61383875,sitting,0.0266,0.0120,1.0204,0.5600,-2.7650,0.7700
61383894,sitting,0.0261,0.0100,1.0209,0.5600,-2.8000,0.7700
61383913,sitting,0.0256,0.0102,1.0209,0.5600,-2.8000,0.7700
61383932,sitting,0.0259,0.0107,1.0204,0.5600,-2.8000,0.7700
61383952,sitting,0.0259,0.0120,1.0216,0.5600,-2.7300,0.7700
61383971,sitting,0.0259,0.0120,1.0204,0.5600,-2.7650,0.7350
61383990,sitting,0.0249,0.0105,1.0214,0.5600,-2.7650,0.7700
61384009,sitting,0.0254,0.0110,1.0209,0.5600,-2.8000,0.7700
61384029,sitting,0.0261,0.0117,1.0211,0.5600,-2.7300,0.7700
61384048,sitting,0.0251,0.0117,1.0211,0.5600,-2.7300,0.7350
61384067,sitting,0.0254,0.0105,1.0209,0.5600,-2.8000,0.7700
61384086,sitting,0.0254,0.0107,1.0204,0.5600,-2.7650,0.7350
61384106,sitting,0.0256,0.0122,1.0204,0.5250,-2.8000,0.8050
61384125,sitting,0.0271,0.0115,1.0209,0.5600,-2.7650,0.7700
61384144,sitting,0.0259,0.0112,1.0211,0.5600,-2.7300,0.7700
61384163,sitting,0.0254,0.0110,1.0209,0.5600,-2.7300,0.7350
61384182,sitting,0.0266,0.0115,1.0207,0.5600,-2.7650,0.7350
61384202,sitting,0.0251,0.0112,1.0214,0.5600,-2.7650,0.7700
61384221,sitting,0.0251,0.0112,1.0219,0.5600,-2.7650,0.7700
61384240,sitting,0.0261,0.0110,1.0214,0.5600,-2.7650,0.7700
61384259,sitting,0.0256,0.0105,1.0214,0.5600,-2.7300,0.7700
61384279,sitting,0.0256,0.0112,1.0202,0.5600,-2.7300,0.7700
61384298,sitting,0.0266,0.0110,1.0214,0.5600,-2.7300,0.7350
61384317,sitting,0.0261,0.0120,1.0209,0.5600,-2.7300,0.7700
61384336,sitting,0.0256,0.0102,1.0202,0.5600,-2.8000,0.7700
61384356,sitting,0.0264,0.0112,1.0204,0.5600,-2.8000,0.7700
61384375,sitting,0.0256,0.0105,1.0211,0.5600,-2.8000,0.7700
61384394,sitting,0.0249,0.0107,1.0214,0.5600,-2.7650,0.7700
61384413,sitting,0.0264,0.0112,1.0216,0.5600,-2.7650,0.7700
61384432,sitting,0.0256,0.0115,1.0209,0.5600,-2.7650,0.8050
61384452,sitting,0.0256,0.0110,1.0209,0.5600,-2.7650,0.7700
61384471,sitting,0.0256,0.0120,1.0207,0.5600,-2.7650,0.7700
61384490,sitting,0.0256,0.0112,1.0209,0.5600,-2.8000,0.7700
61384509,sitting,0.0251,0.0120,1.0211,0.5600,-2.7650,0.7700
61384529,sitting,0.0249,0.0112,1.0216,0.5600,-2.7300,0.7700
61384548,sitting,0.0261,0.0117,1.0202,0.5600,-2.7650,0.7700
61384567,sitting,0.0268,0.0112,1.0211,0.5250,-2.7650,0.7000
61384586,sitting,0.0246,0.0115,1.0211,0.5950,-2.7650,0.7700
61384606,sitting,0.0254,0.0110,1.0211,0.5600,-2.7300,0.7700
61384625,sitting,0.0259,0.0110,1.0207,0.5950,-2.7300,0.7700
61384644,sitting,0.0251,0.0105,1.0209,0.5600,-2.7300,0.7350
61384663,sitting,0.0268,0.0107,1.0211,0.5600,-2.7650,0.7700
61384682,sitting,0.0246,0.0127,1.0207,0.5600,-2.7650,0.7350
61384702,sitting,0.0254,0.0107,1.0202,0.5950,-2.7300,0.7700
61384721,sitting,0.0251,0.0122,1.0199,0.5600,-2.7300,0.7350
61384740,sitting,0.0264,0.0117,1.0204,0.5600,-2.8000,0.7350
61384759,sitting,0.0261,0.0117,1.0211,0.5250,-2.8000,0.7700
61384779,sitting,0.0264,0.0110,1.0207,0.5600,-2.8000,0.7700
61384798,sitting,0.0261,0.0110,1.0199,0.5600,-2.7300,0.7700
61384817,sitting,0.0264,0.0117,1.0209,0.5600,-2.7650,0.7700
61384836,sitting,0.0261,0.0117,1.0209,0.5600,-2.7650,0.7700
61384856,sitting,0.0256,0.0112,1.0207,0.5600,-2.8000,0.7700
61384875,sitting,0.0266,0.0115,1.0197,0.5250,-2.7650,0.8050
61384894,sitting,0.0256,0.0102,1.0202,0.5600,-2.7300,0.7700
61384913,sitting,0.0256,0.0105,1.0202,0.5600,-2.7300,0.7700
61384932,sitting,0.0261,0.0107,1.0211,0.5600,-2.8000,0.7700
61384952,sitting,0.0273,0.0115,1.0209,0.5600,-2.7300,0.7700
61384971,sitting,0.0266,0.0105,1.0219,0.5600,-2.7300,0.7350
61384990,sitting,0.0264,0.0098,1.0214,0.5600,-2.7650,0.7700
61385009,sitting,0.0256,0.0110,1.0214,0.5600,-2.8000,0.7700
61385029,sitting,0.0259,0.0115,1.0216,0.5600,-2.7650,0.7350
61385048,sitting,0.0259,0.0112,1.0216,0.5950,-2.7300,0.7700
61385067,sitting,0.0256,0.0115,1.0197,0.5950,-2.7300,0.7350
61385086,sitting,0.0249,0.0112,1.0204,0.5600,-2.8000,0.7350
61385106,sitting,0.0259,0.0117,1.0209,0.5600,-2.7650,0.7700
61385125,sitting,0.0266,0.0112,1.0214,0.5600,-2.8000,0.7700
61385144,sitting,0.0254,0.0115,1.0199,0.5250,-2.7300,0.7350
61385163,sitting,0.0264,0.0124,1.0199,0.5600,-2.7650,0.7700
61385182,sitting,0.0259,0.0110,1.0207,0.5600,-2.7650,0.7700
61385202,sitting,0.0244,0.0110,1.0202,0.5600,-2.8000,0.7700
61385221,sitting,0.0249,0.0110,1.0202,0.5950,-2.7650,0.7700
61385240,sitting,0.0264,0.0105,1.0216,0.5950,-2.8000,0.7350
61385259,sitting,0.0264,0.0115,1.0204,0.5600,-2.8000,0.7700
61385279,sitting,0.0259,0.0110,1.0211,0.5600,-2.8000,0.7700
61385298,sitting,0.0254,0.0102,1.0207,0.5600,-2.8000,0.7700
61385317,sitting,0.0259,0.0115,1.0214,0.5250,-2.7300,0.7700
61385336,sitting,0.0261,0.0100,1.0207,0.5250,-2.7650,0.7700
61385356,sitting,0.0264,0.0115,1.0219,0.5600,-2.8000,0.7000
61385375,sitting,0.0266,0.0117,1.0211,0.5250,-2.8000,0.7700
61385394,sitting,0.0254,0.0100,1.0219,0.5600,-2.7650,0.7700
61385413,sitting,0.0254,0.0102,1.0207,0.5950,-2.7650,0.7700
61385432,sitting,0.0264,0.0117,1.0209,0.5600,-2.7650,0.7700
61385452,sitting,0.0261,0.0122,1.0209,0.5250,-2.7300,0.7700
61385471,sitting,0.0256,0.0117,1.0204,0.5600,-2.7300,0.7350
61385490,sitting,0.0268,0.0115,1.0214,0.5600,-2.7300,0.7700
61385509,sitting,0.0264,0.0124,1.0204,0.5600,-2.7300,0.7700
61385529,sitting,0.0264,0.0117,1.0199,0.5950,-2.7300,0.7700
61385548,sitting,0.0256,0.0122,1.0207,0.5600,-2.7300,0.7350
61385567,sitting,0.0256,0.0117,1.0214,0.5600,-2.7650,0.7700
61385586,sitting,0.0261,0.0115,1.0199,0.5250,-2.8000,0.7350
61385606,sitting,0.0259,0.0105,1.0211,0.5600,-2.7650,0.7700
61385625,sitting,0.0251,0.0107,1.0209,0.5600,-2.7650,0.7350
61385644,sitting,0.0251,0.0117,1.0202,0.5600,-2.8000,0.7700
61385663,sitting,0.0256,0.0120,1.0216,0.5600,-2.7650,0.7700
61385682,sitting,0.0254,0.0115,1.0211,0.4900,-2.7300,0.7700
61385702,sitting,0.0268,0.0112,1.0204,0.5950,-2.7300,0.7700
61385721,sitting,0.0261,0.0110,1.0219,0.5600,-2.8000,0.7700
61385740,sitting,0.0256,0.0115,1.0211,0.5600,-2.8000,0.7700
61385759,sitting,0.0254,0.0110,1.0207,0.5250,-2.7650,0.7700
61385779,sitting,0.0254,0.0110,1.0204,0.5600,-2.7650,0.7700
61385798,sitting,0.0254,0.0105,1.0207,0.5600,-2.7650,0.7700
61385817,sitting,0.0268,0.0110,1.0219,0.5250,-2.7300,0.7700
61385836,sitting,0.0264,0.0112,1.0199,0.5600,-2.7650,0.7350
61385856,sitting,0.0264,0.0120,1.0207,0.5600,-2.7300,0.7700
61385875,sitting,0.0261,0.0120,1.0214,0.5600,-2.7300,0.7700
61385894,sitting,0.0249,0.0115,1.0209,0.5600,-2.7300,0.7700
61385913,sitting,0.0254,0.0115,1.0197,0.5600,-2.7300,0.7700
61385932,sitting,0.0256,0.0112,1.0207,0.5600,-2.7300,0.7700
61385952,sitting,0.0251,0.0112,1.0211,0.5600,-2.7300,0.7000
61385971,sitting,0.0251,0.0117,1.0204,0.5600,-2.7300,0.7700
61385990,sitting,0.0266,0.0107,1.0207,0.5600,-2.7300,0.7700
61386009,sitting,0.0261,0.0112,1.0209,0.5250,-2.7650,0.7700
61386029,sitting,0.0254,0.0112,1.0204,0.5600,-2.8000,0.7350
61386048,sitting,0.0256,0.0115,1.0202,0.5600,-2.7650,0.7000
61386067,sitting,0.0259,0.0115,1.0216,0.5600,-2.8000,0.7700
61386086,sitting,0.0261,0.0122,1.0214,0.5950,-2.7650,0.7700
61386106,sitting,0.0259,0.0112,1.0211,0.5600,-2.7650,0.7000
61386125,sitting,0.0256,0.0120,1.0214,0.4900,-2.7650,0.7700
61386144,sitting,0.0256,0.0110,1.0211,0.5600,-2.8000,0.7700
61386163,sitting,0.0264,0.0120,1.0211,0.5600,-2.8000,0.7700
61386182,sitting,0.0259,0.0117,1.0207,0.5600,-2.7650,0.7700
61386202,sitting,0.0251,0.0100,1.0207,0.5600,-2.7650,0.7700
61386221,sitting,0.0246,0.0110,1.0197,0.5600,-2.8000,0.7350
61386240,sitting,0.0259,0.0115,1.0204,0.5600,-2.8000,0.7700
61386259,sitting,0.0261,0.0117,1.0197,0.5250,-2.7650,0.7700
61386279,sitting,0.0259,0.0112,1.0209,0.5600,-2.7650,0.8050
61386298,sitting,0.0256,0.0112,1.0204,0.5600,-2.7300,0.7700
61386317,sitting,0.0266,0.0115,1.0211,0.5600,-2.7650,0.7700
61386336,sitting,0.0259,0.0107,1.0219,0.5600,-2.7300,0.7700
61386356,sitting,0.0261,0.0112,1.0211,0.5600,-2.7300,0.7700
61386375,sitting,0.0256,0.0117,1.0207,0.5600,-2.7650,0.7700
61386394,sitting,0.0259,0.0112,1.0207,0.5600,-2.7300,0.7700
61386413,sitting,0.0264,0.0110,1.0209,0.5600,-2.7300,0.7700
61386432,sitting,0.0246,0.0120,1.0207,0.5600,-2.7300,0.7700
61386452,sitting,0.0254,0.0112,1.0202,0.5950,-2.7650,0.7700
61386471,sitting,0.0264,0.0107,1.0199,0.5250,-2.7650,0.7700
61386490,sitting,0.0256,0.0112,1.0216,0.5600,-2.7650,0.7350
61386509,sitting,0.0259,0.0115,1.0214,0.5600,-2.8000,0.7350
61386529,sitting,0.0261,0.0115,1.0207,0.5600,-2.8000,0.7700
61386548,sitting,0.0251,0.0115,1.0214,0.5600,-2.7650,0.7700
61386567,sitting,0.0256,0.0115,1.0211,0.5600,-2.8000,0.7700
61386586,sitting,0.0259,0.0117,1.0204,0.5600,-2.8000,0.7700
61386606,sitting,0.0254,0.0120,1.0214,0.5600,-2.7300,0.7700
61386625,sitting,0.0264,0.0115,1.0211,0.5600,-2.7300,0.7700
61386644,sitting,0.0256,0.0115,1.0204,0.5600,-2.7650,0.7700
61386663,sitting,0.0259,0.0115,1.0207,0.5250,-2.7300,0.8050
61386682,sitting,0.0261,0.0112,1.0207,0.5600,-2.8000,0.7700
61386702,sitting,0.0251,0.0112,1.0211,0.5250,-2.7650,0.7350
61386721,sitting,0.0254,0.0112,1.0204,0.5600,-2.7300,0.7700
61386740,sitting,0.0251,0.0115,1.0202,0.5600,-2.7300,0.7700
61386759,sitting,0.0256,0.0120,1.0204,0.5600,-2.7650,0.7700
61386779,sitting,0.0256,0.0115,1.0202,0.5600,-2.7650,0.7000
61386798,sitting,0.0264,0.0115,1.0209,0.5600,-2.7650,0.7700
61386817,sitting,0.0261,0.0110,1.0214,0.5600,-2.8000,0.7700
61386836,sitting,0.0261,0.0110,1.0204,0.5600,-2.7300,0.7700
61386856,sitting,0.0266,0.0115,1.0207,0.5250,-2.7650,0.7700
61386875,sitting,0.0259,0.0120,1.0204,0.5950,-2.8000,0.7350
61386894,sitting,0.0259,0.0105,1.0202,0.5600,-2.7650,0.7000
61386913,sitting,0.0259,0.0115,1.0197,0.5250,-2.7300,0.7350
61386932,sitting,0.0264,0.0117,1.0207,0.5600,-2.7300,0.7350
61386952,sitting,0.0266,0.0112,1.0216,0.6300,-2.7650,0.7700
61386971,sitting,0.0259,0.0112,1.0224,0.5600,-2.7650,0.7700
61386990,sitting,0.0256,0.0095,1.0207,0.5600,-2.8000,0.7700
61387009,sitting,0.0266,0.0110,1.0204,0.5600,-2.7650,0.7700
61387029,sitting,0.0268,0.0122,1.0207,0.5250,-2.8000,0.7700
61387048,sitting,0.0251,0.0120,1.0207,0.5600,-2.7650,0.7700
61387067,sitting,0.0259,0.0115,1.0204,0.5600,-2.7300,0.7350
61387086,sitting,0.0264,0.0110,1.0214,0.5250,-2.7650,0.7700
61387106,sitting,0.0261,0.0117,1.0204,0.4900,-2.7300,0.7700
61387125,sitting,0.0261,0.0112,1.0214,0.5600,-2.7650,0.7700
61387144,sitting,0.0261,0.0110,1.0207,0.5600,-2.7300,0.7700
61387163,sitting,0.0256,0.0120,1.0211,0.5250,-2.7300,0.7700
61387182,sitting,0.0259,0.0115,1.0216,0.5600,-2.7650,0.7700
61387202,sitting,0.0268,0.0122,1.0202,0.5600,-2.7300,0.7700
61387221,sitting,0.0254,0.0110,1.0204,0.5600,-2.8000,0.7700
61387240,sitting,0.0254,0.0110,1.0211,0.5600,-2.8000,0.7350
61387259,sitting,0.0256,0.0110,1.0214,0.5600,-2.7650,0.7700
61387279,sitting,0.0256,0.0112,1.0204,0.5600,-2.7300,0.7700
61387298,sitting,0.0251,0.0115,1.0202,0.5600,-2.7300,0.7700
61387317,sitting,0.0259,0.0115,1.0202,0.5600,-2.7650,0.7700
61387336,sitting,0.0256,0.0110,1.0202,0.5600,-2.8000,0.7700
61387356,sitting,0.0261,0.0115,1.0214,0.5600,-2.8000,0.7700
61387375,sitting,0.0256,0.0122,1.0209,0.5600,-2.7300,0.7700
61387394,sitting,0.0256,0.0107,1.0204,0.5600,-2.8000,0.7350
61387413,sitting,0.0256,0.0105,1.0209,0.5600,-2.8000,0.7700
61387432,sitting,0.0254,0.0115,1.0197,0.5600,-2.8000,0.7700
61387452,sitting,0.0254,0.0110,1.0204,0.5600,-2.7650,0.7350
61387471,sitting,0.0256,0.0110,1.0202,0.5600,-2.7650,0.7700
61387490,sitting,0.0268,0.0110,1.0211,0.5600,-2.8000,0.7700
61387509,sitting,0.0256,0.0115,1.0202,0.5250,-2.7650,0.7700
61387529,sitting,0.0249,0.0117,1.0202,0.5600,-2.7300,0.7700
61387548,sitting,0.0249,0.0115,1.0207,0.5600,-2.8000,0.7700
61387567,sitting,0.0249,0.0122,1.0207,0.5600,-2.7650,0.7700
61387586,sitting,0.0251,0.0112,1.0202,0.5600,-2.7300,0.7700
61387606,sitting,0.0256,0.0112,1.0207,0.5600,-2.7650,0.7700
61387625,sitting,0.0259,0.0107,1.0214,0.5950,-2.8000,0.7700
61387644,sitting,0.0256,0.0117,1.0199,0.5600,-2.7650,0.7700
61387663,sitting,0.0264,0.0112,1.0211,0.5600,-2.7650,0.7350
61387682,sitting,0.0264,0.0115,1.0211,0.5600,-2.7300,0.7700
61387702,sitting,0.0259,0.0110,1.0207,0.5600,-2.8000,0.7700
61387721,sitting,0.0266,0.0110,1.0207,0.5600,-2.7650,0.7700
61387740,sitting,0.0256,0.0102,1.0207,0.5600,-2.8000,0.7350
61387759,sitting,0.0264,0.0112,1.0211,0.5600,-2.7650,0.7350
61387779,sitting,0.0264,0.0102,1.0209,0.5600,-2.8000,0.7700
61387798,sitting,0.0256,0.0105,1.0211,0.5600,-2.7650,0.7350
61387817,sitting,0.0249,0.0107,1.0202,0.5600,-2.7300,0.7350
61387836,sitting,0.0268,0.0100,1.0209,0.5600,-2.7300,0.7700
61387856,sitting,0.0259,0.0107,1.0209,0.5250,-2.7650,0.7700
61387875,sitting,0.0266,0.0115,1.0204,0.5600,-2.7300,0.7350
61387894,sitting,0.0266,0.0117,1.0221,0.5600,-2.7300,0.7700
61387913,sitting,0.0264,0.0115,1.0211,0.4900,-2.7300,0.7700
61387932,sitting,0.0259,0.0110,1.0204,0.5600,-2.7300,0.7700
61387952,sitting,0.0264,0.0107,1.0194,0.5250,-2.7650,0.7350
61387971,sitting,0.0251,0.0105,1.0226,0.5600,-2.8000,0.8050
61387990,sitting,0.0259,0.0110,1.0202,0.5600,-2.7650,0.7700
61388009,sitting,0.0259,0.0122,1.0214,0.5250,-2.7650,0.7700
61388029,sitting,0.0254,0.0115,1.0209,0.5250,-2.7300,0.7700
61388048,sitting,0.0261,0.0115,1.0204,0.5600,-2.7650,0.7700
61388067,sitting,0.0259,0.0110,1.0204,0.6300,-2.7650,0.7700
61388086,sitting,0.0268,0.0107,1.0204,0.5950,-2.7300,0.7000
61388106,sitting,0.0259,0.0107,1.0209,0.5250,-2.8000,0.7350
61388125,sitting,0.0261,0.0112,1.0214,0.5250,-2.7650,0.7700
61388144,sitting,0.0254,0.0107,1.0209,0.5600,-2.7300,0.7700
61388163,sitting,0.0244,0.0115,1.0211,0.5600,-2.7650,0.7700
61388182,sitting,0.0259,0.0117,1.0204,0.5600,-2.7300,0.7700
61388202,sitting,0.0254,0.0112,1.0211,0.5600,-2.7650,0.7350
61388221,sitting,0.0256,0.0122,1.0207,0.5600,-2.7650,0.7000
61388240,sitting,0.0254,0.0105,1.0199,0.5600,-2.7300,0.7350
61388259,sitting,0.0249,0.0112,1.0209,0.5950,-2.7650,0.7700
61388279,sitting,0.0251,0.0122,1.0207,0.5600,-2.7300,0.7700
61388298,sitting,0.0254,0.0110,1.0194,0.5600,-2.7650,0.7700
61388317,sitting,0.0251,0.0100,1.0209,0.5600,-2.8000,0.7700
61388336,sitting,0.0242,0.0115,1.0211,0.5600,-2.8000,0.7700
61388356,sitting,0.0256,0.0117,1.0211,0.5600,-2.7650,0.7700
61388375,sitting,0.0261,0.0112,1.0209,0.5600,-2.7300,0.7700
61388394,sitting,0.0251,0.0117,1.0214,0.5600,-2.7650,0.7700
61388413,sitting,0.0254,0.0117,1.0209,0.4900,-2.7300,0.8050
61388432,sitting,0.0254,0.0117,1.0207,0.5600,-2.7300,0.7700
61388452,sitting,0.0261,0.0112,1.0209,0.4900,-2.7300,0.7700
61388471,sitting,0.0254,0.0117,1.0209,0.5600,-2.7650,0.7700
61388490,sitting,0.0259,0.0115,1.0209,0.5600,-2.7650,0.7700
61388509,sitting,0.0251,0.0117,1.0207,0.5600,-2.8000,0.7700
61388529,sitting,0.0264,0.0105,1.0204,0.5600,-2.7650,0.7700
61388548,sitting,0.0264,0.0110,1.0202,0.5600,-2.7650,0.7700
61388567,sitting,0.0256,0.0102,1.0219,0.5600,-2.7300,0.7700
61388586,sitting,0.0256,0.0102,1.0216,0.5600,-2.7650,0.7000
61388606,sitting,0.0266,0.0110,1.0214,0.5250,-2.8000,0.7700
61388625,sitting,0.0261,0.0112,1.0209,0.5600,-2.7650,0.7700
61388644,sitting,0.0259,0.0117,1.0216,0.5600,-2.7650,0.7350
61388663,sitting,0.0259,0.0115,1.0204,0.5600,-2.7300,0.7700
61388682,sitting,0.0268,0.0120,1.0207,0.5600,-2.7300,0.7700
61388702,sitting,0.0254,0.0115,1.0204,0.5600,-2.7650,0.7350
61388721,sitting,0.0271,0.0122,1.0207,0.5600,-2.7650,0.7350
61388740,sitting,0.0266,0.0112,1.0209,0.5600,-2.8000,0.7700
61388759,sitting,0.0266,0.0124,1.0211,0.5600,-2.7650,0.7700
61388779,sitting,0.0254,0.0112,1.0197,0.5600,-2.7650,0.7700
61388798,sitting,0.0256,0.0122,1.0192,0.5600,-2.8000,0.7350
61388817,sitting,0.0264,0.0120,1.0199,0.5600,-2.7300,0.7700
61388836,sitting,0.0259,0.0115,1.0199,0.5600,-2.7300,0.7700
61388856,sitting,0.0254,0.0115,1.0202,0.5600,-2.7650,0.7700
61388875,sitting,0.0254,0.0112,1.0209,0.5250,-2.7650,0.7700
61388894,sitting,0.0249,0.0120,1.0207,0.5600,-2.7650,0.7700
61388913,sitting,0.0264,0.0105,1.0204,0.5950,-2.7650,0.7700
61388932,sitting,0.0264,0.0112,1.0202,0.5600,-2.7650,0.7700
61388952,sitting,0.0259,0.0112,1.0202,0.5600,-2.8000,0.8050
61388971,sitting,0.0268,0.0120,1.0207,0.5600,-2.8000,0.7700
61388990,sitting,0.0259,0.0117,1.0209,0.5600,-2.8000,0.7700
61389009,sitting,0.0256,0.0115,1.0209,0.5250,-2.8000,0.7700
61389029,sitting,0.0264,0.0117,1.0194,0.5600,-2.8000,0.7350
61389048,sitting,0.0261,0.0117,1.0207,0.5600,-2.7300,0.7350
61389067,sitting,0.0256,0.0120,1.0211,0.5600,-2.6950,0.7350
61389086,sitting,0.0259,0.0110,1.0211,0.5250,-2.7650,0.7700
61389106,sitting,0.0259,0.0112,1.0216,0.5600,-2.7650,0.7000
61389125,sitting,0.0256,0.0112,1.0209,0.5250,-2.7650,0.7350
61389144,sitting,0.0259,0.0110,1.0209,0.5600,-2.7300,0.7350
61389163,sitting,0.0261,0.0120,1.0209,0.5950,-2.7650,0.7350
61389182,sitting,0.0261,0.0127,1.0214,0.5600,-2.7300,0.7700
61389202,sitting,0.0268,0.0112,1.0209,0.5600,-2.7650,0.7700
61389221,sitting,0.0261,0.0112,1.0204,0.5250,-2.7650,0.7000
61389240,sitting,0.0268,0.0107,1.0216,0.5600,-2.7650,0.7350
61389259,sitting,0.0259,0.0110,1.0202,0.5600,-2.8000,0.7350
61389279,sitting,0.0259,0.0100,1.0209,0.5600,-2.7650,0.7700
61389298,sitting,0.0256,0.0100,1.0211,0.5600,-2.8000,0.7700
61389317,sitting,0.0259,0.0115,1.0204,0.5600,-2.7300,0.7700
61389336,sitting,0.0278,0.0105,1.0194,0.5250,-2.7650,0.8050
61389356,sitting,0.0271,0.0100,1.0204,0.5600,-2.7300,0.7350
61389375,sitting,0.0266,0.0120,1.0207,0.5600,-2.8000,0.7700
61389394,sitting,0.0259,0.0115,1.0221,0.5950,-2.7300,0.7700
61389413,sitting,0.0259,0.0107,1.0207,0.5600,-2.7300,0.7700
61389432,sitting,0.0259,0.0107,1.0199,0.5600,-2.7300,0.7700
61389452,sitting,0.0251,0.0115,1.0204,0.5600,-2.7300,0.7700
61389471,sitting,0.0261,0.0120,1.0221,0.5600,-2.7300,0.7700
61389490,sitting,0.0251,0.0117,1.0211,0.5600,-2.7650,0.7700
61389509,sitting,0.0268,0.0117,1.0209,0.5950,-2.7300,0.7000
61389529,sitting,0.0256,0.0117,1.0216,0.5600,-2.7300,0.7000
61389548,sitting,0.0259,0.0117,1.0214,0.5600,-2.7300,0.7350
61389567,sitting,0.0264,0.0117,1.0209,0.5600,-2.7300,0.7350
61389586,sitting,0.0254,0.0105,1.0211,0.5600,-2.7300,0.7700
61389606,sitting,0.0246,0.0107,1.0204,0.5600,-2.7300,0.7700
61389625,sitting,0.0254,0.0115,1.0209,0.5600,-2.7650,0.7700
61389644,sitting,0.0259,0.0112,1.0204,0.5250,-2.7300,0.7350
61389663,sitting,0.0256,0.0110,1.0199,0.5600,-2.8000,0.7700
61389682,sitting,0.0259,0.0102,1.0209,0.5600,-2.7300,0.7700
61389702,sitting,0.0266,0.0110,1.0204,0.5600,-2.7650,0.7350
61389721,sitting,0.0251,0.0120,1.0211,0.5600,-2.8000,0.7700
61389740,sitting,0.0266,0.0112,1.0216,0.5600,-2.7300,0.7700
61389759,sitting,0.0264,0.0115,1.0209,0.5600,-2.7300,0.7700
61389779,sitting,0.0268,0.0117,1.0202,0.5600,-2.7650,0.7700
61389798,sitting,0.0259,0.0112,1.0204,0.5600,-2.7300,0.7700
61389817,sitting,0.0259,0.0117,1.0207,0.5950,-2.8000,0.7700
61389836,sitting,0.0259,0.0112,1.0207,0.5600,-2.7650,0.7700
61389856,sitting,0.0254,0.0112,1.0207,0.5950,-2.7650,0.7700
61389875,sitting,0.0254,0.0100,1.0199,0.5600,-2.7300,0.7700
61389894,sitting,0.0254,0.0107,1.0211,0.5950,-2.7650,0.7700
61389913,sitting,0.0264,0.0107,1.0202,0.5600,-2.7300,0.7700
61389932,sitting,0.0259,0.0112,1.0209,0.5600,-2.7650,0.7350
61389952,sitting,0.0268,0.0102,1.0199,0.5600,-2.8000,0.7700
61389971,sitting,0.0259,0.0117,1.0211,0.5600,-2.7300,0.7350
61389990,sitting,0.0271,0.0107,1.0216,0.5250,-2.7650,0.7350
61390009,sitting,0.0264,0.0115,1.0209,0.5250,-2.7650,0.7700
61390029,sitting,0.0261,0.0124,1.0219,0.5600,-2.7650,0.7350
61390048,sitting,0.0264,0.0120,1.0211,0.5600,-2.7300,0.7700
61390067,sitting,0.0259,0.0115,1.0207,0.5600,-2.8000,0.7700
61390086,sitting,0.0259,0.0110,1.0207,0.5600,-2.7650,0.7700
61390106,sitting,0.0254,0.0117,1.0207,0.5600,-2.7650,0.8050
61390125,sitting,0.0249,0.0115,1.0214,0.5600,-2.7300,0.7700
61390144,sitting,0.0259,0.0120,1.0204,0.5600,-2.7300,0.7700
61390163,sitting,0.0256,0.0110,1.0216,0.5600,-2.8000,0.7700
61390182,sitting,0.0264,0.0112,1.0207,0.5600,-2.7300,0.7700
61390202,sitting,0.0266,0.0112,1.0204,0.5600,-2.7300,0.7700
61390221,sitting,0.0261,0.0122,1.0204,0.5250,-2.7650,0.7700
61390240,sitting,0.0261,0.0110,1.0207,0.5600,-2.7650,0.7700
61390259,sitting,0.0261,0.0117,1.0204,0.5600,-2.8000,0.7700
61390279,sitting,0.0256,0.0110,1.0207,0.5600,-2.8000,0.7700
61390298,sitting,0.0256,0.0102,1.0209,0.5600,-2.7300,0.7350
61390317,sitting,0.0256,0.0100,1.0207,0.5600,-2.7650,0.7700
61390336,sitting,0.0261,0.0105,1.0214,0.5600,-2.7650,0.7700
61390356,sitting,0.0259,0.0110,1.0224,0.5600,-2.8000,0.7700
61390375,sitting,0.0264,0.0112,1.0211,0.5600,-2.8000,0.7700
61390394,sitting,0.0261,0.0102,1.0204,0.5600,-2.7300,0.7700
61390413,sitting,0.0254,0.0112,1.0202,0.5600,-2.7300,0.7350
61390432,sitting,0.0251,0.0112,1.0211,0.5600,-2.7300,0.7700
61390452,sitting,0.0261,0.0117,1.0207,0.5600,-2.8000,0.7700
61390471,sitting,0.0251,0.0107,1.0207,0.5600,-2.7300,0.7700
61390490,sitting,0.0261,0.0105,1.0204,0.5950,-2.7650,0.7000
61390509,sitting,0.0259,0.0115,1.0211,0.5600,-2.7650,0.7700
61390529,sitting,0.0261,0.0117,1.0209,0.5600,-2.7300,0.7700
61390548,sitting,0.0261,0.0115,1.0207,0.5600,-2.7300,0.7700
61390567,sitting,0.0256,0.0110,1.0211,0.5600,-2.7650,0.7700
61390586,sitting,0.0259,0.0105,1.0197,0.5600,-2.8000,0.7700
61390606,sitting,0.0259,0.0105,1.0204,0.5250,-2.8000,0.7700
61390625,sitting,0.0259,0.0115,1.0204,0.5600,-2.7300,0.7700
61390644,sitting,0.0259,0.0117,1.0211,0.5600,-2.8000,0.7700
61390663,sitting,0.0259,0.0112,1.0204,0.5250,-2.7650,0.7700
61390682,sitting,0.0251,0.0117,1.0211,0.5600,-2.7650,0.7700
61390702,sitting,0.0259,0.0117,1.0202,0.5600,-2.8000,0.7700
61390721,sitting,0.0264,0.0117,1.0204,0.5250,-2.7300,0.7700
61390740,sitting,0.0259,0.0124,1.0216,0.5600,-2.7300,0.7700
61390759,sitting,0.0261,0.0112,1.0209,0.5600,-2.7300,0.7700
61390779,sitting,0.0261,0.0110,1.0207,0.5600,-2.7300,0.7000
61390798,sitting,0.0251,0.0122,1.0194,0.5600,-2.7650,0.7700
61390817,sitting,0.0256,0.0110,1.0209,0.5600,-2.7300,0.7350
61390836,sitting,0.0261,0.0120,1.0219,0.5600,-2.7300,0.7700
61390856,sitting,0.0254,0.0112,1.0214,0.5600,-2.7650,0.7700
61390875,sitting,0.0246,0.0112,1.0202,0.5600,-2.7300,0.7700
61390894,sitting,0.0259,0.0110,1.0204,0.5600,-2.7300,0.7700
61390913,sitting,0.0266,0.0110,1.0204,0.5600,-2.7650,0.7000
61390932,sitting,0.0256,0.0102,1.0209,0.5600,-2.8000,0.7700
61390952,sitting,0.0256,0.0112,1.0211,0.5250,-2.8000,0.7700
61390971,sitting,0.0254,0.0107,1.0214,0.5600,-2.7650,0.7700
61390990,sitting,0.0254,0.0112,1.0202,0.5600,-2.7300,0.7700
61391009,sitting,0.0249,0.0122,1.0204,0.5600,-2.7650,0.7700
61391029,sitting,0.0259,0.0112,1.0211,0.5600,-2.7650,0.7700
61391048,sitting,0.0266,0.0117,1.0211,0.5250,-2.7300,0.7350
61391067,sitting,0.0259,0.0115,1.0204,0.5600,-2.7300,0.7350
61391086,sitting,0.0259,0.0110,1.0197,0.5600,-2.7650,0.7350
61391106,sitting,0.0259,0.0124,1.0209,0.5600,-2.7650,0.7700
61391125,sitting,0.0254,0.0120,1.0202,0.5600,-2.7300,0.7700
61391144,sitting,0.0256,0.0115,1.0202,0.5600,-2.7650,0.8050
61391163,sitting,0.0259,0.0120,1.0204,0.5600,-2.7300,0.7700
61391182,sitting,0.0259,0.0107,1.0202,0.5600,-2.7300,0.7700
61391202,sitting,0.0254,0.0100,1.0204,0.5250,-2.7300,0.7700
61391221,sitting,0.0256,0.0105,1.0211,0.5600,-2.7300,0.8050
61391240,sitting,0.0249,0.0115,1.0209,0.5600,-2.7300,0.7700
61391259,sitting,0.0254,0.0110,1.0204,0.5250,-2.7650,0.7350
61391279,sitting,0.0249,0.0112,1.0207,0.5600,-2.7300,0.7350
61391298,sitting,0.0259,0.0107,1.0211,0.5600,-2.7650,0.7700
61391317,sitting,0.0266,0.0115,1.0211,0.5600,-2.7650,0.7350
61391336,sitting,0.0259,0.0120,1.0219,0.5600,-2.7650,0.7700
61391356,sitting,0.0249,0.0117,1.0214,0.5600,-2.8000,0.7700
61391375,sitting,0.0251,0.0110,1.0199,0.5600,-2.7650,0.7700
61391394,sitting,0.0259,0.0112,1.0209,0.4900,-2.7650,0.7700
61391413,sitting,0.0264,0.0102,1.0207,0.4900,-2.7300,0.7700
61391432,sitting,0.0254,0.0112,1.0207,0.5250,-2.7650,0.7350
61391452,sitting,0.0251,0.0107,1.0202,0.5950,-2.7650,0.7700
61391471,sitting,0.0261,0.0110,1.0211,0.5950,-2.8000,0.7700
61391490,sitting,0.0261,0.0112,1.0207,0.5250,-2.7650,0.7700
61391509,sitting,0.0261,0.0110,1.0209,0.5600,-2.7300,0.7700
61391529,sitting,0.0261,0.0107,1.0214,0.5600,-2.7300,0.7350
61391548,sitting,0.0259,0.0115,1.0209,0.5600,-2.7650,0.7700
61391567,sitting,0.0259,0.0115,1.0204,0.5250,-2.7300,0.8050
61391586,sitting,0.0266,0.0120,1.0207,0.5950,-2.7650,0.7700
61391606,sitting,0.0261,0.0117,1.0207,0.5600,-2.7300,0.7700
61391625,sitting,0.0256,0.0115,1.0216,0.5950,-2.7650,0.7700
61391644,sitting,0.0261,0.0110,1.0209,0.5600,-2.7650,0.7000
61391663,sitting,0.0261,0.0110,1.0204,0.5600,-2.8000,0.7350
61391682,sitting,0.0266,0.0110,1.0192,0.5600,-2.7650,0.7700
61391702,sitting,0.0261,0.0112,1.0199,0.5600,-2.7300,0.7700
61391721,sitting,0.0264,0.0115,1.0202,0.5950,-2.8000,0.7350
61391740,sitting,0.0261,0.0107,1.0209,0.5600,-2.7650,0.7350
61391759,sitting,0.0256,0.0112,1.0209,0.5600,-2.7650,0.7700
61391779,sitting,0.0264,0.0110,1.0214,0.5600,-2.7300,0.7350
61391798,sitting,0.0254,0.0115,1.0207,0.5950,-2.7300,0.7000
61391817,sitting,0.0259,0.0120,1.0204,0.5600,-2.8000,0.7350
61391836,sitting,0.0256,0.0115,1.0197,0.5950,-2.7650,0.7700
61391856,sitting,0.0264,0.0115,1.0207,0.5600,-2.7650,0.7350
61391875,sitting,0.0246,0.0105,1.0209,0.5600,-2.8000,0.7700
61391894,sitting,0.0254,0.0112,1.0199,0.5250,-2.7300,0.7350
61391913,sitting,0.0251,0.0110,1.0202,0.5600,-2.8000,0.7350
61391932,sitting,0.0261,0.0107,1.0209,0.5600,-2.7650,0.7700
61391952,sitting,0.0256,0.0107,1.0204,0.5600,-2.7300,0.7700
61391971,sitting,0.0261,0.0110,1.0202,0.4900,-2.8000,0.7700
61391990,sitting,0.0264,0.0117,1.0197,0.5600,-2.7650,0.7700
61392009,sitting,0.0261,0.0115,1.0207,0.5600,-2.8000,0.7700
61392029,sitting,0.0264,0.0107,1.0197,0.5600,-2.7300,0.7700
61392048,sitting,0.0264,0.0110,1.0202,0.5600,-2.7300,0.7700
61392067,sitting,0.0256,0.0105,1.0211,0.5600,-2.7300,0.7700
61392086,sitting,0.0251,0.0107,1.0199,0.5950,-2.7650,0.7700
61392106,sitting,0.0256,0.0115,1.0207,0.5950,-2.7300,0.7700
61392125,sitting,0.0256,0.0107,1.0214,0.5950,-2.7650,0.7000
61392144,sitting,0.0266,0.0112,1.0211,0.5600,-2.7300,0.7350
61392163,sitting,0.0266,0.0112,1.0199,0.5250,-2.7650,0.7700
61392182,sitting,0.0256,0.0107,1.0199,0.5600,-2.7650,0.7700
61392202,sitting,0.0264,0.0120,1.0219,0.5600,-2.7650,0.7700
61392221,sitting,0.0261,0.0120,1.0211,0.5600,-2.7650,0.7350
61392240,sitting,0.0259,0.0110,1.0204,0.5600,-2.8000,0.7350
61392259,sitting,0.0264,0.0112,1.0204,0.5250,-2.7300,0.7700
61392279,sitting,0.0264,0.0110,1.0214,0.5600,-2.8000,0.7700
61392298,sitting,0.0261,0.0115,1.0202,0.5600,-2.7650,0.7700
61392317,sitting,0.0259,0.0117,1.0202,0.5600,-2.7650,0.7350
61392336,sitting,0.0261,0.0100,1.0209,0.5600,-2.7650,0.7700
61392356,sitting,0.0266,0.0107,1.0204,0.5250,-2.7300,0.7000
61392375,sitting,0.0264,0.0112,1.0204,0.5250,-2.8000,0.7350
61392394,sitting,0.0256,0.0115,1.0216,0.5600,-2.7300,0.7350
61392413,sitting,0.0261,0.0115,1.0204,0.5250,-2.7300,0.7700
61392432,sitting,0.0254,0.0105,1.0194,0.5600,-2.8000,0.7700
61392452,sitting,0.0266,0.0115,1.0197,0.5600,-2.7650,0.7700
61392471,sitting,0.0264,0.0102,1.0202,0.5250,-2.7300,0.7700
61392490,sitting,0.0264,0.0110,1.0214,0.5250,-2.7300,0.7700
61392509,sitting,0.0259,0.0117,1.0209,0.5600,-2.7300,0.7700
61392529,sitting,0.0256,0.0110,1.0209,0.5600,-2.7650,0.7700
61392548,sitting,0.0254,0.0120,1.0204,0.5600,-2.7650,0.7350
61392567,sitting,0.0256,0.0115,1.0211,0.5600,-2.7300,0.7700
61392586,sitting,0.0259,0.0105,1.0204,0.5600,-2.7300,0.7700
61392606,sitting,0.0264,0.0107,1.0199,0.5250,-2.7300,0.7350
61392625,sitting,0.0256,0.0122,1.0209,0.4900,-2.7650,0.7000
61392644,sitting,0.0268,0.0105,1.0209,0.5600,-2.7650,0.7700
61392663,sitting,0.0256,0.0122,1.0207,0.5600,-2.8000,0.7700
61392682,sitting,0.0254,0.0107,1.0221,0.5600,-2.7300,0.7000
61392702,sitting,0.0244,0.0117,1.0211,0.5250,-2.7650,0.7700
61392721,sitting,0.0254,0.0105,1.0204,0.5600,-2.8000,0.7700
61392740,sitting,0.0256,0.0117,1.0199,0.5600,-2.8000,0.7700
61392759,sitting,0.0261,0.0115,1.0211,0.5600,-2.7300,0.7700
61392779,sitting,0.0256,0.0120,1.0209,0.5600,-2.8000,0.7700
61392798,sitting,0.0264,0.0112,1.0209,0.5600,-2.7650,0.7700
61392817,sitting,0.0254,0.0105,1.0202,0.5600,-2.7650,0.7350
61392836,sitting,0.0254,0.0102,1.0204,0.5250,-2.7300,0.7700
61392856,sitting,0.0246,0.0102,1.0209,0.5600,-2.8000,0.7350
61392875,sitting,0.0256,0.0117,1.0209,0.6300,-2.7300,0.7700
61392894,sitting,0.0264,0.0120,1.0202,0.5600,-2.7300,0.7700
61392913,sitting,0.0259,0.0107,1.0209,0.5600,-2.7300,0.7700
61392932,sitting,0.0264,0.0105,1.0207,0.5600,-2.7650,0.7700
61392952,sitting,0.0261,0.0102,1.0209,0.5600,-2.7300,0.7350
61392971,sitting,0.0256,0.0120,1.0209,0.5600,-2.7300,0.7700
61392990,sitting,0.0251,0.0122,1.0209,0.5600,-2.7650,0.7350
61393009,sitting,0.0256,0.0112,1.0207,0.5950,-2.7300,0.7700
61393029,sitting,0.0256,0.0112,1.0214,0.5600,-2.7650,0.7700
61393048,sitting,0.0264,0.0117,1.0204,0.5950,-2.7650,0.7000
61393067,sitting,0.0256,0.0110,1.0207,0.5600,-2.7300,0.7000
61393086,sitting,0.0259,0.0107,1.0207,0.5600,-2.8000,0.7700
61393106,sitting,0.0266,0.0107,1.0199,0.5600,-2.8000,0.7700
61393125,sitting,0.0261,0.0117,1.0204,0.5600,-2.7650,0.7700
61393144,sitting,0.0249,0.0110,1.0207,0.5600,-2.8000,0.7700
61393163,sitting,0.0246,0.0112,1.0197,0.5600,-2.7650,0.7700
61393182,sitting,0.0259,0.0112,1.0197,0.5600,-2.8000,0.7700
61393202,sitting,0.0264,0.0115,1.0202,0.5250,-2.8000,0.7700
61393221,sitting,0.0256,0.0107,1.0199,0.5600,-2.7650,0.7700
61393240,sitting,0.0256,0.0105,1.0207,0.5600,-2.7300,0.8050
61393259,sitting,0.0268,0.0110,1.0207,0.5600,-2.7300,0.8050
61393279,sitting,0.0261,0.0110,1.0202,0.5600,-2.8000,0.7350
61393298,sitting,0.0251,0.0110,1.0207,0.5250,-2.7650,0.7700
61393317,sitting,0.0264,0.0115,1.0204,0.5250,-2.7650,0.7700
61393336,sitting,0.0256,0.0120,1.0207,0.5250,-2.7650,0.7700
61393356,sitting,0.0259,0.0115,1.0216,0.5600,-2.7650,0.7700
61393375,sitting,0.0256,0.0112,1.0209,0.5950,-2.8000,0.7700
61393394,sitting,0.0254,0.0112,1.0204,0.5950,-2.7300,0.7350
61393413,sitting,0.0259,0.0117,1.0211,0.5600,-2.8000,0.7350
61393432,sitting,0.0264,0.0110,1.0197,0.5600,-2.7650,0.7700
61393452,sitting,0.0264,0.0110,1.0204,0.5950,-2.7650,0.7000
61393471,sitting,0.0259,0.0117,1.0202,0.5600,-2.7650,0.7350
61393490,sitting,0.0261,0.0117,1.0211,0.5600,-2.7650,0.7350
61393509,sitting,0.0254,0.0117,1.0207,0.5600,-2.7300,0.7700
61393529,sitting,0.0254,0.0115,1.0209,0.5950,-2.8000,0.7700
61393548,sitting,0.0249,0.0112,1.0207,0.5600,-2.8000,0.7700
61393567,sitting,0.0254,0.0110,1.0204,0.5600,-2.8000,0.7700
61393586,sitting,0.0256,0.0122,1.0209,0.5600,-2.7650,0.7700
61393606,sitting,0.0251,0.0110,1.0219,0.5600,-2.8000,0.7700
61393625,sitting,0.0254,0.0115,1.0207,0.5250,-2.7650,0.7350
61393644,sitting,0.0266,0.0117,1.0199,0.5600,-2.7300,0.7700
61393663,sitting,0.0256,0.0122,1.0209,0.5600,-2.8000,0.7700
61393682,sitting,0.0268,0.0124,1.0211,0.5250,-2.8000,0.7700
61393702,sitting,0.0259,0.0115,1.0202,0.5600,-2.8000,0.7350
61393721,sitting,0.0264,0.0107,1.0211,0.5600,-2.8000,0.7700
61393740,sitting,0.0256,0.0110,1.0207,0.5250,-2.8000,0.7700
61393759,sitting,0.0259,0.0115,1.0214,0.5600,-2.7300,0.7700
61393779,sitting,0.0264,0.0115,1.0194,0.5250,-2.7650,0.7700
61393798,sitting,0.0261,0.0122,1.0204,0.5600,-2.7650,0.7700
61393817,sitting,0.0254,0.0110,1.0199,0.5600,-2.7300,0.7700
61393836,sitting,0.0254,0.0122,1.0207,0.5600,-2.7300,0.7350
61393856,sitting,0.0256,0.0120,1.0211,0.5250,-2.7300,0.7700
61393875,sitting,0.0268,0.0110,1.0199,0.5600,-2.8000,0.7700
61393894,sitting,0.0259,0.0110,1.0204,0.5600,-2.7650,0.7700
61393913,sitting,0.0261,0.0120,1.0221,0.5600,-2.7650,0.7700
61393932,sitting,0.0259,0.0122,1.0207,0.5250,-2.7650,0.7700
61393952,sitting,0.0254,0.0117,1.0204,0.5250,-2.7300,0.7700
61393971,sitting,0.0266,0.0110,1.0194,0.5600,-2.7300,0.7350
61393990,sitting,0.0259,0.0107,1.0204,0.5600,-2.7300,0.7350
61394009,sitting,0.0259,0.0115,1.0207,0.5600,-2.7300,0.7700
61394029,sitting,0.0264,0.0117,1.0194,0.5600,-2.7650,0.7350
61394048,sitting,0.0264,0.0110,1.0202,0.5950,-2.7300,0.7700
61394067,sitting,0.0261,0.0112,1.0209,0.5600,-2.7650,0.7350
61394086,sitting,0.0254,0.0110,1.0224,0.5250,-2.7300,0.7350
61394106,sitting,0.0256,0.0117,1.0209,0.5250,-2.8000,0.7700
61394125,sitting,0.0259,0.0112,1.0209,0.5250,-2.8000,0.7350
61394144,sitting,0.0254,0.0117,1.0211,0.4900,-2.7650,0.7700
61394163,sitting,0.0264,0.0115,1.0207,0.5600,-2.7650,0.7700
61394182,sitting,0.0261,0.0120,1.0209,0.5600,-2.7650,0.7700
61394202,sitting,0.0246,0.0120,1.0204,0.5600,-2.7650,0.7700
61394221,sitting,0.0256,0.0110,1.0216,0.5600,-2.8000,0.7700
61394240,sitting,0.0264,0.0117,1.0207,0.5600,-2.7650,0.7350
61394259,sitting,0.0264,0.0110,1.0204,0.5600,-2.7300,0.7700
61394279,sitting,0.0254,0.0117,1.0207,0.5600,-2.7300,0.7350
61394298,sitting,0.0264,0.0107,1.0207,0.5250,-2.7650,0.7700
61394317,sitting,0.0259,0.0120,1.0211,0.5600,-2.7650,0.7700
61394336,sitting,0.0256,0.0112,1.0204,0.5600,-2.8000,0.7350
61394356,sitting,0.0261,0.0107,1.0207,0.5600,-2.7650,0.7350
61394375,sitting,0.0251,0.0107,1.0202,0.5600,-2.7650,0.7700
61394394,sitting,0.0259,0.0117,1.0197,0.5600,-2.7300,0.7700
61394413,sitting,0.0268,0.0117,1.0204,0.5950,-2.8000,0.7700
61394432,sitting,0.0264,0.0115,1.0211,0.5600,-2.8000,0.7700
61394452,sitting,0.0254,0.0112,1.0204,0.5600,-2.7300,0.7700
61394471,sitting,0.0249,0.0110,1.0202,0.5950,-2.8000,0.7700
61394490,sitting,0.0251,0.0105,1.0216,0.5600,-2.7300,0.7700
61394509,sitting,0.0259,0.0115,1.0214,0.5600,-2.7650,0.7350
61394529,sitting,0.0254,0.0115,1.0207,0.5600,-2.7650,0.7350
61394548,sitting,0.0261,0.0117,1.0209,0.5600,-2.7300,0.7700
61394567,sitting,0.0259,0.0120,1.0209,0.5600,-2.7650,0.7700
61394586,sitting,0.0264,0.0112,1.0209,0.5600,-2.7300,0.8050
61394606,sitting,0.0261,0.0117,1.0199,0.5600,-2.7300,0.7700
61394625,sitting,0.0266,0.0117,1.0199,0.5600,-2.7300,0.7700
61394644,sitting,0.0261,0.0112,1.0216,0.5600,-2.7300,0.7700
61394663,sitting,0.0261,0.0102,1.0204,0.5600,-2.7300,0.7700
61394682,sitting,0.0261,0.0105,1.0209,0.5600,-2.7300,0.7700
61394702,sitting,0.0254,0.0107,1.0214,0.5600,-2.7300,0.7350
61394721,sitting,0.0261,0.0115,1.0202,0.5600,-2.7300,0.7350
61394740,sitting,0.0259,0.0115,1.0192,0.5600,-2.7300,0.7700
61394759,sitting,0.0264,0.0112,1.0214,0.5600,-2.7300,0.7700
61394779,sitting,0.0264,0.0110,1.0202,0.5600,-2.7300,0.7700
61394798,sitting,0.0268,0.0115,1.0209,0.5600,-2.7300,0.7700
61394817,sitting,0.0273,0.0115,1.0209,0.5600,-2.7300,0.7350
61394836,sitting,0.0254,0.0120,1.0204,0.5600,-2.7300,0.7350
61394856,sitting,0.0254,0.0115,1.0199,0.5600,-2.7650,0.7000
61394875,sitting,0.0259,0.0105,1.0211,0.5600,-2.7650,0.7350
61394894,sitting,0.0261,0.0107,1.0219,0.5600,-2.7300,0.7700
61394913,sitting,0.0261,0.0110,1.0204,0.5600,-2.7300,0.7700
61394932,sitting,0.0261,0.0110,1.0207,0.5250,-2.7300,0.7350
61394952,sitting,0.0264,0.0115,1.0209,0.5600,-2.8000,0.7700
61394971,sitting,0.0254,0.0115,1.0197,0.5250,-2.7650,0.7700
61394990,sitting,0.0251,0.0127,1.0194,0.5600,-2.7650,0.7700
61395009,sitting,0.0264,0.0117,1.0207,0.5600,-2.7650,0.7700
61395029,sitting,0.0268,0.0112,1.0207,0.5600,-2.7300,0.7700
61395048,sitting,0.0264,0.0112,1.0211,0.5600,-2.7650,0.7700
61395067,sitting,0.0256,0.0112,1.0216,0.5600,-2.7300,0.7350
61395086,sitting,0.0256,0.0127,1.0209,0.5600,-2.7300,0.7700
61395106,sitting,0.0261,0.0117,1.0211,0.5250,-2.7650,0.7350
61395125,sitting,0.0266,0.0110,1.0219,0.5250,-2.7650,0.7700
61395144,sitting,0.0259,0.0112,1.0211,0.5950,-2.7300,0.7700
61395163,sitting,0.0251,0.0112,1.0207,0.5600,-2.8000,0.7700
61395182,sitting,0.0261,0.0124,1.0204,0.5600,-2.8000,0.7700
61395202,sitting,0.0259,0.0117,1.0204,0.5600,-2.7650,0.7350
61395221,sitting,0.0259,0.0112,1.0199,0.5600,-2.7650,0.7350
61395240,sitting,0.0259,0.0112,1.0207,0.5600,-2.7300,0.7700
61395259,sitting,0.0256,0.0115,1.0204,0.5600,-2.7650,0.7350
61395279,sitting,0.0261,0.0115,1.0221,0.5250,-2.7650,0.7700
61395298,sitting,0.0264,0.0112,1.0209,0.5600,-2.7300,0.7700
61395317,sitting,0.0256,0.0120,1.0209,0.5600,-2.7650,0.7700
61395336,sitting,0.0261,0.0110,1.0194,0.5600,-2.7650,0.7700
61395356,sitting,0.0256,0.0107,1.0207,0.5600,-2.7300,0.7350
61395375,sitting,0.0261,0.0117,1.0214,0.5600,-2.7650,0.7700
61395394,sitting,0.0256,0.0112,1.0214,0.5600,-2.8000,0.7700
61395413,sitting,0.0264,0.0105,1.0221,0.5600,-2.7300,0.7700
61395432,sitting,0.0264,0.0110,1.0202,0.4900,-2.7300,0.7700
61395452,sitting,0.0251,0.0112,1.0211,0.5250,-2.7650,0.7350
61395471,sitting,0.0254,0.0117,1.0211,0.5600,-2.7650,0.7700
61395490,sitting,0.0256,0.0112,1.0214,0.5600,-2.7300,0.7700
61395509,sitting,0.0254,0.0100,1.0207,0.5600,-2.7650,0.7700
61395529,sitting,0.0261,0.0110,1.0211,0.5600,-2.7300,0.7700
61395548,sitting,0.0256,0.0112,1.0207,0.5600,-2.7300,0.8050
61395567,sitting,0.0249,0.0107,1.0211,0.5600,-2.8000,0.7700
61395586,sitting,0.0261,0.0110,1.0202,0.5600,-2.8000,0.7700
61395606,sitting,0.0261,0.0105,1.0194,0.5250,-2.7300,0.7700
61395625,sitting,0.0254,0.0107,1.0202,0.5600,-2.7650,0.8050
61395644,sitting,0.0259,0.0120,1.0216,0.5600,-2.7300,0.7700
61395663,sitting,0.0256,0.0110,1.0211,0.5600,-2.7300,0.7700
61395682,sitting,0.0261,0.0110,1.0214,0.5600,-2.7300,0.7700
61395702,sitting,0.0254,0.0107,1.0204,0.5250,-2.7300,0.7700
61395721,sitting,0.0261,0.0112,1.0209,0.5600,-2.7300,0.7700
61395740,sitting,0.0259,0.0117,1.0211,0.5600,-2.7650,0.7350
61395759,sitting,0.0254,0.0100,1.0214,0.5950,-2.7650,0.7350
61395779,sitting,0.0261,0.0112,1.0202,0.5600,-2.7300,0.7700
61395798,sitting,0.0261,0.0120,1.0209,0.5950,-2.7650,0.7700
61395817,sitting,0.0259,0.0117,1.0207,0.5600,-2.7300,0.7700
61395836,sitting,0.0254,0.0107,1.0209,0.5600,-2.7300,0.7700
61395856,sitting,0.0254,0.0115,1.0204,0.5600,-2.7650,0.7350
61395875,sitting,0.0259,0.0110,1.0209,0.5600,-2.8000,0.7700
61395894,sitting,0.0266,0.0112,1.0209,0.4900,-2.7300,0.7700
61395913,sitting,0.0259,0.0112,1.0214,0.5600,-2.7650,0.7700
61395932,sitting,0.0264,0.0105,1.0221,0.5250,-2.8000,0.7700
61395952,sitting,0.0256,0.0107,1.0214,0.5250,-2.7650,0.7700
61395971,sitting,0.0261,0.0110,1.0214,0.5600,-2.7300,0.7700
61395990,sitting,0.0261,0.0120,1.0211,0.5600,-2.7650,0.7700
61396009,sitting,0.0273,0.0120,1.0211,0.5600,-2.8000,0.7700
61396029,sitting,0.0259,0.0105,1.0207,0.5600,-2.7300,0.7700
61396048,sitting,0.0259,0.0107,1.0214,0.5950,-2.7300,0.7700
61396067,sitting,0.0251,0.0117,1.0211,0.6300,-2.7300,0.7350
61396086,sitting,0.0256,0.0112,1.0214,0.5600,-2.8000,0.7700
61396106,sitting,0.0259,0.0110,1.0211,0.5600,-2.7650,0.7700
61396125,sitting,0.0251,0.0122,1.0199,0.5600,-2.8000,0.7350
61396144,sitting,0.0259,0.0122,1.0216,0.5250,-2.8000,0.7700
61396163,sitting,0.0249,0.0115,1.0207,0.5600,-2.7650,0.7700
61396182,sitting,0.0261,0.0115,1.0211,0.5600,-2.7300,0.7350
61396202,sitting,0.0256,0.0107,1.0204,0.5600,-2.7650,0.7700
61396221,sitting,0.0259,0.0107,1.0207,0.5600,-2.7300,0.7700
61396240,sitting,0.0261,0.0112,1.0197,0.5600,-2.7650,0.7700
61396259,sitting,0.0264,0.0115,1.0204,0.5600,-2.7650,0.7700
61396279,sitting,0.0268,0.0117,1.0204,0.5600,-2.8000,0.7700
61396298,sitting,0.0259,0.0117,1.0202,0.5950,-2.7300,0.7700
61396317,sitting,0.0261,0.0117,1.0204,0.4900,-2.8000,0.7700
61396336,sitting,0.0266,0.0120,1.0209,0.5600,-2.7650,0.7700
61396356,sitting,0.0251,0.0115,1.0202,0.5600,-2.7300,0.7700
61396375,sitting,0.0254,0.0112,1.0204,0.5600,-2.7650,0.7700
61396394,sitting,0.0259,0.0115,1.0211,0.4900,-2.8000,0.7700
61396413,sitting,0.0264,0.0107,1.0209,0.5600,-2.7650,0.7350
61396432,sitting,0.0251,0.0105,1.0202,0.5600,-2.7650,0.7700
61396452,sitting,0.0261,0.0110,1.0202,0.5600,-2.7650,0.7700
61396471,sitting,0.0256,0.0115,1.0202,0.5950,-2.7650,0.7700
61396490,sitting,0.0261,0.0110,1.0207,0.5600,-2.7300,0.7700
61396509,sitting,0.0259,0.0102,1.0197,0.5600,-2.7300,0.7350
61396529,sitting,0.0261,0.0102,1.0197,0.5600,-2.7650,0.7700
61396548,sitting,0.0266,0.0122,1.0192,0.5600,-2.8000,0.7700
61396567,sitting,0.0256,0.0115,1.0207,0.5600,-2.7650,0.7700
61396586,sitting,0.0254,0.0117,1.0211,0.5600,-2.7650,0.7700
61396606,sitting,0.0259,0.0105,1.0207,0.5250,-2.7650,0.7350
61396625,sitting,0.0254,0.0107,1.0209,0.5250,-2.7650,0.7000
61396644,sitting,0.0256,0.0117,1.0211,0.5600,-2.7300,0.7350
61396663,sitting,0.0261,0.0110,1.0204,0.5600,-2.7650,0.7700
61396682,sitting,0.0261,0.0105,1.0211,0.5600,-2.7650,0.7700
61396702,sitting,0.0261,0.0112,1.0202,0.5600,-2.7650,0.7700
61396721,sitting,0.0266,0.0120,1.0214,0.4900,-2.7650,0.7700
61396740,sitting,0.0259,0.0120,1.0216,0.5600,-2.8000,0.7700
61396759,sitting,0.0266,0.0115,1.0207,0.5600,-2.8000,0.7000
61396779,sitting,0.0261,0.0102,1.0211,0.5250,-2.7650,0.7700
61396798,sitting,0.0256,0.0110,1.0216,0.5600,-2.7300,0.7700
61396817,sitting,0.0251,0.0105,1.0202,0.5250,-2.7650,0.7700
61396836,sitting,0.0246,0.0112,1.0209,0.5600,-2.7300,0.7700
61396856,sitting,0.0271,0.0112,1.0204,0.5600,-2.7650,0.7700
61396875,sitting,0.0266,0.0117,1.0209,0.5600,-2.7300,0.7700
61396894,sitting,0.0259,0.0115,1.0199,0.5600,-2.7650,0.7700
61396913,sitting,0.0254,0.0117,1.0199,0.5600,-2.7300,0.7700
61396932,sitting,0.0261,0.0115,1.0199,0.5600,-2.7650,0.7350
61396952,sitting,0.0259,0.0124,1.0204,0.5600,-2.7300,0.7350
61396971,sitting,0.0251,0.0112,1.0211,0.5600,-2.7650,0.7700
61396990,sitting,0.0266,0.0112,1.0211,0.5600,-2.7300,0.7350
61397009,sitting,0.0266,0.0112,1.0204,0.5600,-2.7650,0.7000
61397029,sitting,0.0256,0.0110,1.0204,0.5600,-2.8000,0.7000
61397048,sitting,0.0268,0.0105,1.0211,0.5950,-2.7300,0.7700
61397067,sitting,0.0256,0.0112,1.0214,0.5950,-2.7650,0.7700
61397086,sitting,0.0261,0.0117,1.0189,0.5600,-2.7300,0.7700
61397106,sitting,0.0251,0.0122,1.0197,0.5600,-2.7650,0.7700
61397125,sitting,0.0256,0.0117,1.0219,0.5600,-2.7650,0.7700
61397144,sitting,0.0256,0.0117,1.0221,0.5950,-2.8000,0.7700
61397163,sitting,0.0261,0.0120,1.0214,0.5600,-2.7650,0.7700
61397182,sitting,0.0259,0.0112,1.0211,0.5250,-2.7650,0.7350
61397202,sitting,0.0256,0.0105,1.0202,0.5600,-2.8000,0.7350
61397221,sitting,0.0251,0.0107,1.0209,0.5600,-2.7650,0.7700
61397240,sitting,0.0254,0.0120,1.0211,0.5600,-2.7300,0.7700
61397259,sitting,0.0261,0.0112,1.0202,0.5600,-2.7650,0.7700
61397279,sitting,0.0261,0.0110,1.0202,0.5600,-2.7300,0.7700
61397298,sitting,0.0261,0.0102,1.0211,0.5250,-2.7300,0.7700
61397317,sitting,0.0264,0.0110,1.0204,0.5600,-2.7650,0.7700
61397336,sitting,0.0266,0.0122,1.0214,0.5600,-2.8000,0.7700
61397356,sitting,0.0256,0.0105,1.0216,0.5600,-2.7300,0.7700
61397375,sitting,0.0251,0.0110,1.0216,0.5600,-2.7300,0.7350
61397394,sitting,0.0254,0.0122,1.0216,0.5600,-2.7300,0.7700
61397413,sitting,0.0266,0.0120,1.0207,0.5950,-2.7300,0.7000
61397432,sitting,0.0256,0.0107,1.0209,0.5600,-2.7650,0.7350
61397452,sitting,0.0264,0.0115,1.0204,0.5950,-2.8000,0.7700
61397471,sitting,0.0259,0.0110,1.0202,0.5600,-2.7300,0.7000
61397490,sitting,0.0259,0.0107,1.0216,0.5600,-2.7300,0.7350
61397509,sitting,0.0254,0.0122,1.0214,0.5250,-2.7650,0.7700
61397529,sitting,0.0261,0.0115,1.0197,0.5600,-2.7650,0.7700
61397548,sitting,0.0254,0.0122,1.0209,0.5950,-2.8000,0.7700
61397567,sitting,0.0256,0.0124,1.0207,0.5600,-2.8000,0.7700
61397586,sitting,0.0261,0.0117,1.0204,0.5600,-2.8000,0.7000
61397606,sitting,0.0261,0.0115,1.0209,0.5600,-2.7650,0.7700
61397625,sitting,0.0251,0.0112,1.0209,0.5600,-2.7650,0.7350
61397644,sitting,0.0251,0.0110,1.0204,0.5600,-2.7650,0.7350
61397663,sitting,0.0261,0.0110,1.0199,0.5600,-2.7650,0.7700
61397682,sitting,0.0256,0.0110,1.0207,0.5950,-2.7650,0.7700
61397702,sitting,0.0261,0.0105,1.0204,0.5250,-2.8000,0.7700
61397721,sitting,0.0266,0.0110,1.0207,0.5600,-2.7650,0.7700
61397740,sitting,0.0261,0.0117,1.0204,0.5600,-2.8000,0.8400
61397759,sitting,0.0259,0.0122,1.0207,0.5600,-2.7650,0.7700
61397779,sitting,0.0259,0.0117,1.0207,0.5600,-2.7300,0.8050
61397798,sitting,0.0249,0.0112,1.0219,0.5600,-2.7300,0.8050
61397817,sitting,0.0271,0.0110,1.0214,0.5600,-2.7650,0.7700
61397836,sitting,0.0264,0.0105,1.0207,0.5600,-2.7650,0.7350
61397856,sitting,0.0254,0.0117,1.0204,0.5250,-2.7650,0.7350
61397875,sitting,0.0259,0.0122,1.0214,0.5600,-2.7300,0.7350
61397894,sitting,0.0254,0.0120,1.0214,0.5600,-2.7650,0.7350
61397913,sitting,0.0259,0.0115,1.0209,0.5600,-2.7300,0.7700
61397932,sitting,0.0259,0.0112,1.0202,0.5600,-2.7650,0.7350
61397952,sitting,0.0251,0.0112,1.0207,0.5600,-2.7650,0.7700
61397971,sitting,0.0264,0.0110,1.0202,0.5950,-2.7300,0.7700
61397990,sitting,0.0259,0.0100,1.0204,0.5600,-2.7650,0.7700
61398009,sitting,0.0251,0.0122,1.0199,0.5950,-2.8000,0.7700
61398029,sitting,0.0259,0.0112,1.0209,0.5600,-2.7650,0.7700
61398048,sitting,0.0249,0.0107,1.0211,0.5600,-2.7300,0.7700
61398067,sitting,0.0254,0.0105,1.0204,0.5600,-2.7300,0.7700
61398086,sitting,0.0256,0.0120,1.0209,0.5600,-2.8000,0.7700
61398106,sitting,0.0256,0.0122,1.0202,0.5600,-2.7650,0.7700
61398125,sitting,0.0266,0.0117,1.0204,0.5600,-2.7650,0.8050
61398144,sitting,0.0268,0.0110,1.0211,0.5250,-2.7300,0.7700
61398163,sitting,0.0264,0.0107,1.0207,0.5600,-2.7300,0.7700
61398182,sitting,0.0264,0.0117,1.0202,0.5600,-2.8000,0.7700
61398202,sitting,0.0259,0.0117,1.0202,0.5600,-2.7300,0.7700
61398221,sitting,0.0261,0.0115,1.0214,0.5600,-2.7650,0.7700
61398240,sitting,0.0261,0.0115,1.0207,0.5600,-2.7300,0.7350
61398259,sitting,0.0256,0.0107,1.0207,0.5600,-2.7650,0.7700
61398279,sitting,0.0261,0.0115,1.0209,0.5600,-2.7300,0.8050
61398298,sitting,0.0251,0.0112,1.0216,0.5950,-2.7300,0.7700
61398317,sitting,0.0261,0.0115,1.0216,0.5600,-2.7300,0.7000
61398336,sitting,0.0254,0.0107,1.0214,0.6300,-2.7300,0.7350
61398356,sitting,0.0259,0.0112,1.0211,0.5600,-2.7300,0.7700
61398375,sitting,0.0264,0.0122,1.0207,0.5950,-2.7300,0.7700
61398394,sitting,0.0259,0.0115,1.0204,0.5600,-2.7300,0.8050
61398413,sitting,0.0249,0.0107,1.0209,0.5600,-2.7300,0.7700
61398432,sitting,0.0249,0.0102,1.0202,0.5600,-2.7650,0.7700
61398452,sitting,0.0259,0.0112,1.0209,0.5600,-2.7300,0.7700
61398471,sitting,0.0264,0.0117,1.0207,0.5600,-2.7650,0.7700
61398490,sitting,0.0264,0.0110,1.0214,0.5600,-2.8000,0.7700
61398509,sitting,0.0264,0.0120,1.0211,0.5600,-2.7300,0.8050
61398529,sitting,0.0268,0.0107,1.0204,0.4900,-2.8000,0.7700
61398548,sitting,0.0251,0.0112,1.0204,0.5250,-2.8000,0.7700
61398567,sitting,0.0261,0.0122,1.0214,0.5600,-2.7650,0.7700
61398586,sitting,0.0259,0.0102,1.0207,0.5250,-2.7300,0.7700
61398606,sitting,0.0256,0.0105,1.0194,0.5600,-2.7650,0.7700
61398625,sitting,0.0256,0.0105,1.0207,0.5600,-2.7650,0.7350
61398644,sitting,0.0259,0.0107,1.0219,0.5600,-2.7300,0.7700
61398663,sitting,0.0259,0.0100,1.0211,0.5600,-2.7300,0.7700
61398682,sitting,0.0266,0.0115,1.0216,0.5600,-2.7650,0.7700
61398702,sitting,0.0268,0.0110,1.0202,0.5250,-2.7300,0.7350
61398721,sitting,0.0256,0.0117,1.0204,0.5600,-2.7300,0.7700
61398740,sitting,0.0249,0.0110,1.0204,0.5600,-2.7300,0.7700
61398759,sitting,0.0259,0.0107,1.0207,0.5950,-2.7300,0.7700
61398779,sitting,0.0254,0.0098,1.0219,0.5600,-2.8000,0.7000
61398798,sitting,0.0251,0.0117,1.0214,0.5600,-2.7300,0.7700
61398817,sitting,0.0264,0.0112,1.0211,0.5600,-2.8000,0.7350
61398836,sitting,0.0259,0.0122,1.0204,0.5600,-2.7300,0.7350
61398856,sitting,0.0249,0.0117,1.0211,0.5950,-2.7650,0.7350
61398875,sitting,0.0264,0.0112,1.0211,0.5600,-2.7650,0.7350
61398894,sitting,0.0256,0.0102,1.0216,0.5250,-2.7650,0.7350
61398913,sitting,0.0264,0.0100,1.0211,0.5600,-2.8000,0.7700
61398932,sitting,0.0261,0.0110,1.0197,0.5950,-2.8000,0.7700
61398952,sitting,0.0264,0.0117,1.0204,0.5600,-2.7650,0.7700
61398971,sitting,0.0254,0.0120,1.0211,0.5600,-2.7650,0.7700
61398990,sitting,0.0254,0.0115,1.0204,0.5600,-2.7300,0.7700
61399009,sitting,0.0254,0.0107,1.0209,0.5600,-2.8000,0.7700
61399029,sitting,0.0256,0.0110,1.0214,0.5600,-2.8000,0.8050
61399048,sitting,0.0268,0.0110,1.0211,0.5600,-2.7300,0.7350
61399067,sitting,0.0259,0.0112,1.0214,0.5600,-2.7300,0.7700
61399086,sitting,0.0256,0.0110,1.0209,0.5600,-2.7300,0.7700
61399106,sitting,0.0259,0.0107,1.0207,0.5600,-2.7300,0.7700
61399125,sitting,0.0254,0.0117,1.0204,0.5250,-2.7300,0.7700
61399144,sitting,0.0256,0.0102,1.0216,0.5950,-2.7300,0.7700
61399163,sitting,0.0251,0.0112,1.0202,0.5950,-2.7300,0.7700
61399182,sitting,0.0256,0.0117,1.0209,0.5600,-2.7300,0.7700
61399202,sitting,0.0259,0.0115,1.0209,0.5250,-2.7650,0.7700
61399221,sitting,0.0256,0.0107,1.0202,0.5950,-2.7300,0.7350
61399240,sitting,0.0264,0.0107,1.0202,0.5600,-2.7650,0.7350
61399259,sitting,0.0264,0.0117,1.0204,0.5600,-2.7300,0.7700
61399279,sitting,0.0256,0.0115,1.0204,0.5600,-2.7300,0.7350
61399298,sitting,0.0261,0.0107,1.0209,0.5950,-2.7650,0.7700
61399317,sitting,0.0264,0.0110,1.0214,0.5600,-2.7650,0.8050
61399336,sitting,0.0264,0.0112,1.0211,0.5250,-2.8000,0.7700
61399356,sitting,0.0261,0.0115,1.0214,0.5600,-2.8000,0.7700
61399375,sitting,0.0259,0.0115,1.0214,0.5600,-2.7650,0.7700
61399394,sitting,0.0256,0.0110,1.0207,0.5600,-2.7650,0.7700
61399413,sitting,0.0259,0.0107,1.0197,0.5600,-2.8000,0.7700
61399432,sitting,0.0264,0.0110,1.0202,0.5600,-2.8000,0.7700
61399452,sitting,0.0268,0.0120,1.0207,0.5600,-2.7300,0.7700
61399471,sitting,0.0256,0.0110,1.0221,0.5600,-2.7650,0.7700
61399490,sitting,0.0261,0.0115,1.0207,0.5600,-2.7300,0.7700
61399509,sitting,0.0261,0.0110,1.0209,0.5950,-2.7300,0.7700
61399529,sitting,0.0264,0.0110,1.0211,0.5600,-2.7300,0.7700
61399548,sitting,0.0256,0.0112,1.0204,0.5600,-2.7300,0.7700
61399567,sitting,0.0261,0.0115,1.0207,0.5600,-2.7650,0.7000
61399586,sitting,0.0256,0.0107,1.0216,0.5600,-2.7650,0.7700
61399606,sitting,0.0259,0.0110,1.0207,0.5600,-2.8000,0.7700
61399625,sitting,0.0266,0.0120,1.0199,0.5600,-2.7300,0.7700
61399644,sitting,0.0268,0.0110,1.0204,0.5600,-2.8000,0.7350
61399663,sitting,0.0259,0.0107,1.0209,0.5600,-2.7650,0.7700
61399682,sitting,0.0261,0.0112,1.0202,0.5600,-2.7650,0.7350
61399702,sitting,0.0261,0.0105,1.0211,0.5600,-2.7650,0.7350
61399721,sitting,0.0254,0.0107,1.0214,0.5600,-2.8000,0.7700
61399740,sitting,0.0261,0.0105,1.0214,0.5600,-2.7300,0.7700
61399759,sitting,0.0256,0.0105,1.0214,0.5600,-2.7650,0.7700
61399779,sitting,0.0254,0.0110,1.0202,0.5600,-2.7650,0.7350
61399798,sitting,0.0264,0.0110,1.0209,0.5600,-2.7300,0.8050
61399817,sitting,0.0261,0.0102,1.0211,0.5600,-2.7300,0.7700
61399836,sitting,0.0254,0.0117,1.0214,0.5600,-2.7650,0.7350
61399856,sitting,0.0254,0.0115,1.0204,0.5600,-2.7650,0.7700
61399875,sitting,0.0259,0.0110,1.0204,0.5600,-2.7650,0.7700
61399894,sitting,0.0256,0.0117,1.0219,0.5600,-2.7300,0.7700
61399913,sitting,0.0251,0.0102,1.0199,0.5600,-2.7300,0.7700
61399932,sitting,0.0261,0.0105,1.0207,0.5600,-2.7300,0.8050
61399952,sitting,0.0266,0.0107,1.0207,0.5600,-2.7650,0.7350
61399971,sitting,0.0261,0.0112,1.0211,0.5950,-2.7650,0.7700
61399990,sitting,0.0251,0.0117,1.0192,0.5600,-2.7650,0.8050
61400009,sitting,0.0259,0.0110,1.0199,0.5600,-2.8000,0.7350
61400029,sitting,0.0254,0.0102,1.0202,0.5250,-2.7650,0.8050
61400048,sitting,0.0256,0.0112,1.0207,0.5950,-2.7300,0.7700
61400067,sitting,0.0264,0.0120,1.0194,0.5600,-2.7650,0.7700
61400086,sitting,0.0254,0.0115,1.0204,0.5600,-2.7300,0.7700
61400106,sitting,0.0259,0.0115,1.0204,0.5600,-2.7300,0.7700
61400125,sitting,0.0254,0.0110,1.0209,0.5600,-2.7300,0.7350
61400144,sitting,0.0261,0.0112,1.0199,0.5600,-2.8000,0.8050
61400163,sitting,0.0259,0.0115,1.0211,0.5950,-2.7650,0.7700
61400182,sitting,0.0266,0.0120,1.0202,0.5600,-2.8000,0.7700
61400202,sitting,0.0259,0.0110,1.0211,0.5250,-2.8000,0.7700
61400221,sitting,0.0254,0.0112,1.0202,0.5600,-2.8000,0.7700
61400240,sitting,0.0256,0.0110,1.0204,0.5600,-2.8000,0.7350
61400259,sitting,0.0256,0.0120,1.0211,0.5600,-2.7300,0.7700
61400279,sitting,0.0261,0.0112,1.0216,0.5600,-2.8000,0.7350
61400298,sitting,0.0251,0.0115,1.0202,0.5600,-2.7650,0.7700
61400317,sitting,0.0268,0.0117,1.0202,0.5600,-2.8000,0.7700
61400336,sitting,0.0266,0.0112,1.0211,0.5600,-2.8000,0.7350
61400356,sitting,0.0254,0.0098,1.0211,0.5600,-2.7300,0.7700
61400375,sitting,0.0261,0.0107,1.0202,0.5600,-2.7300,0.7700
61400394,sitting,0.0264,0.0120,1.0211,0.5600,-2.7300,0.7700
61400413,sitting,0.0256,0.0120,1.0211,0.5950,-2.7300,0.8050
61400432,sitting,0.0259,0.0107,1.0211,0.5600,-2.7650,0.7700
61400452,sitting,0.0256,0.0110,1.0207,0.5600,-2.7650,0.7700
61400471,sitting,0.0264,0.0107,1.0204,0.5600,-2.7650,0.7700
61400490,sitting,0.0261,0.0110,1.0209,0.5600,-2.8000,0.7700
61400509,sitting,0.0261,0.0115,1.0199,0.5600,-2.8000,0.7700
61400529,sitting,0.0256,0.0107,1.0211,0.5600,-2.7650,0.7700
61400548,sitting,0.0259,0.0100,1.0216,0.5600,-2.7300,0.7700
61400567,sitting,0.0261,0.0112,1.0207,0.5600,-2.7300,0.7700
61400586,sitting,0.0251,0.0122,1.0207,0.5600,-2.7650,0.7700
61400606,sitting,0.0254,0.0107,1.0209,0.5950,-2.7300,0.7700
61400625,sitting,0.0256,0.0115,1.0209,0.6300,-2.7650,0.7700
61400644,sitting,0.0256,0.0117,1.0202,0.5600,-2.7300,0.7700
61400663,sitting,0.0266,0.0112,1.0207,0.5600,-2.8000,0.7700
61400682,sitting,0.0261,0.0110,1.0207,0.5600,-2.8000,0.7700
61400702,sitting,0.0268,0.0117,1.0202,0.5600,-2.8000,0.7700
61400721,sitting,0.0256,0.0110,1.0202,0.5600,-2.7300,0.7700
61400740,sitting,0.0259,0.0122,1.0204,0.5600,-2.7650,0.7700
61400759,sitting,0.0273,0.0117,1.0209,0.5600,-2.7650,0.7700
61400779,sitting,0.0254,0.0110,1.0214,0.5600,-2.7300,0.7350
61400798,sitting,0.0256,0.0105,1.0211,0.5600,-2.8000,0.7700
61400817,sitting,0.0259,0.0110,1.0207,0.5600,-2.7300,0.7350
61400836,sitting,0.0251,0.0105,1.0216,0.5600,-2.7650,0.7350
61400856,sitting,0.0261,0.0107,1.0209,0.5600,-2.8000,0.7700
61400875,sitting,0.0261,0.0107,1.0211,0.5600,-2.7650,0.7700
61400894,sitting,0.0254,0.0120,1.0207,0.5600,-2.7300,0.7700
61400913,sitting,0.0261,0.0115,1.0209,0.5600,-2.7300,0.7700
61400932,sitting,0.0256,0.0122,1.0211,0.5600,-2.7300,0.7700
61400952,sitting,0.0254,0.0117,1.0207,0.5600,-2.7300,0.7700
61400971,sitting,0.0261,0.0120,1.0199,0.5600,-2.7650,0.7350
61400990,sitting,0.0259,0.0112,1.0209,0.5600,-2.7300,0.7000
61401009,sitting,0.0268,0.0122,1.0204,0.5600,-2.7650,0.7350
61401029,sitting,0.0259,0.0120,1.0199,0.5600,-2.8000,0.7700
61401048,sitting,0.0254,0.0122,1.0207,0.5950,-2.7300,0.7700
61401067,sitting,0.0261,0.0112,1.0211,0.5600,-2.7300,0.7700
61401086,sitting,0.0268,0.0112,1.0202,0.5250,-2.7650,0.7700
61401106,sitting,0.0256,0.0112,1.0197,0.5600,-2.7650,0.7700
61401125,sitting,0.0259,0.0117,1.0211,0.5950,-2.7300,0.7700
61401144,sitting,0.0259,0.0110,1.0202,0.5600,-2.7650,0.7700
61401163,sitting,0.0264,0.0117,1.0209,0.5600,-2.7650,0.8050
61401182,sitting,0.0264,0.0110,1.0207,0.5600,-2.7650,0.7700
61401202,sitting,0.0261,0.0110,1.0209,0.5250,-2.7300,0.7700
61401221,sitting,0.0254,0.0117,1.0214,0.5600,-2.8000,0.7700
61401240,sitting,0.0259,0.0115,1.0211,0.5600,-2.7300,0.7700
61401259,sitting,0.0256,0.0107,1.0207,0.5600,-2.7300,0.7700
61401279,sitting,0.0264,0.0115,1.0197,0.5600,-2.7650,0.7700
61401298,sitting,0.0261,0.0120,1.0194,0.5600,-2.7650,0.7350
61401317,sitting,0.0261,0.0115,1.0209,0.6300,-2.7300,0.8050
61401336,sitting,0.0266,0.0110,1.0209,0.5950,-2.7650,0.7700
61401356,sitting,0.0264,0.0112,1.0216,0.5600,-2.7300,0.7700
61401375,sitting,0.0261,0.0112,1.0221,0.5600,-2.7300,0.7700
61401394,sitting,0.0264,0.0112,1.0202,0.5600,-2.7300,0.7700
61401413,sitting,0.0261,0.0102,1.0207,0.5250,-2.7300,0.7700
61401432,sitting,0.0254,0.0107,1.0199,0.5600,-2.7300,0.7350
61401452,sitting,0.0266,0.0110,1.0207,0.5600,-2.7650,0.7700
61401471,sitting,0.0249,0.0107,1.0214,0.5600,-2.7300,0.7350
61401490,sitting,0.0254,0.0120,1.0207,0.5600,-2.7650,0.7700
61401509,sitting,0.0266,0.0110,1.0209,0.5600,-2.7300,0.8050
61401529,sitting,0.0256,0.0105,1.0207,0.5600,-2.8000,0.7350
61401548,sitting,0.0256,0.0110,1.0209,0.5600,-2.8000,0.7700
61401567,sitting,0.0264,0.0117,1.0207,0.5950,-2.7650,0.7700
61401586,sitting,0.0254,0.0100,1.0207,0.5600,-2.7650,0.7700
61401606,sitting,0.0254,0.0107,1.0216,0.5250,-2.7650,0.7350
61401625,sitting,0.0254,0.0107,1.0207,0.5600,-2.7650,0.7700
61401644,sitting,0.0261,0.0107,1.0207,0.5600,-2.7650,0.7700
61401663,sitting,0.0264,0.0117,1.0214,0.5600,-2.7300,0.7700
61401682,sitting,0.0261,0.0110,1.0207,0.5600,-2.7650,0.7700
61401702,sitting,0.0264,0.0112,1.0199,0.5250,-2.7300,0.8400
61401721,sitting,0.0264,0.0110,1.0199,0.5250,-2.8000,0.7700
61401740,sitting,0.0259,0.0120,1.0211,0.5600,-2.7300,0.7700
61401759,sitting,0.0254,0.0112,1.0202,0.5600,-2.8000,0.7700
61401779,sitting,0.0268,0.0110,1.0197,0.5600,-2.8000,0.7700
61401798,sitting,0.0259,0.0105,1.0204,0.5600,-2.7300,0.7700
61401817,sitting,0.0266,0.0107,1.0209,0.6300,-2.7650,0.7350
61401836,sitting,0.0264,0.0112,1.0204,0.5600,-2.7300,0.7700
61401856,sitting,0.0264,0.0110,1.0197,0.5600,-2.7300,0.7700
61401875,sitting,0.0261,0.0112,1.0202,0.5600,-2.7300,0.7350
61401894,sitting,0.0254,0.0115,1.0211,0.5600,-2.7300,0.7700
61401913,sitting,0.0261,0.0120,1.0209,0.5600,-2.7300,0.7700
61401932,sitting,0.0261,0.0107,1.0209,0.5950,-2.7300,0.7700
61401952,sitting,0.0261,0.0115,1.0214,0.5600,-2.7650,0.7350
61401971,sitting,0.0266,0.0115,1.0221,0.5600,-2.7300,0.7700
61401990,sitting,0.0256,0.0107,1.0216,0.5600,-2.7650,0.7700
61402009,sitting,0.0242,0.0105,1.0214,0.5950,-2.7300,0.7700
61402029,sitting,0.0246,0.0110,1.0216,0.5600,-2.7650,0.7700
61402048,sitting,0.0256,0.0115,1.0204,0.5600,-2.7650,0.7700
61402067,sitting,0.0261,0.0112,1.0209,0.5600,-2.7650,0.7700
61402086,sitting,0.0256,0.0105,1.0207,0.5250,-2.8000,0.7700
61402106,sitting,0.0264,0.0115,1.0209,0.5600,-2.8000,0.7700
61402125,sitting,0.0259,0.0112,1.0207,0.5600,-2.7650,0.7700
61402144,sitting,0.0261,0.0110,1.0202,0.5600,-2.7650,0.7700
61402163,sitting,0.0259,0.0107,1.0214,0.5250,-2.7300,0.7700
61402182,sitting,0.0246,0.0107,1.0209,0.5600,-2.7300,0.7700
61402202,sitting,0.0271,0.0105,1.0199,0.5600,-2.7300,0.7700
61402221,sitting,0.0256,0.0110,1.0204,0.5950,-2.7300,0.7700
61402240,sitting,0.0259,0.0115,1.0211,0.5950,-2.7300,0.7700
61402259,sitting,0.0256,0.0110,1.0209,0.5600,-2.7300,0.8050
61402279,sitting,0.0256,0.0117,1.0207,0.5600,-2.7300,0.7700
61402298,sitting,0.0254,0.0102,1.0214,0.5600,-2.8000,0.7700
61402317,sitting,0.0256,0.0117,1.0216,0.5600,-2.7300,0.7700
61402336,sitting,0.0266,0.0107,1.0214,0.5600,-2.7300,0.7350
61402356,sitting,0.0254,0.0098,1.0207,0.5950,-2.7650,0.7700
61402375,sitting,0.0254,0.0110,1.0216,0.5600,-2.7650,0.7000
61402394,sitting,0.0261,0.0117,1.0209,0.5600,-2.7650,0.7350
61402413,sitting,0.0254,0.0115,1.0204,0.5600,-2.7300,0.8050
61402432,sitting,0.0264,0.0107,1.0204,0.5600,-2.8000,0.7700
61402452,sitting,0.0261,0.0110,1.0219,0.5600,-2.8000,0.8050
61402471,sitting,0.0254,0.0112,1.0209,0.5950,-2.8000,0.7700
61402490,sitting,0.0264,0.0115,1.0207,0.5600,-2.7650,0.7350
61402509,sitting,0.0254,0.0112,1.0214,0.5600,-2.7300,0.7700
61402529,sitting,0.0256,0.0112,1.0207,0.5600,-2.7650,0.7700
61402548,sitting,0.0251,0.0107,1.0207,0.5600,-2.7650,0.8050
61402567,sitting,0.0256,0.0112,1.0211,0.5600,-2.7650,0.7700
61402586,sitting,0.0264,0.0124,1.0216,0.5600,-2.7300,0.7700
61402606,sitting,0.0264,0.0117,1.0209,0.5600,-2.8000,0.7700
61402625,sitting,0.0261,0.0124,1.0202,0.5600,-2.7650,0.7700
61402644,sitting,0.0264,0.0115,1.0207,0.5950,-2.7650,0.7700
61402663,sitting,0.0256,0.0107,1.0202,0.5600,-2.7650,0.8050
61402682,sitting,0.0259,0.0115,1.0216,0.5600,-2.7300,0.7700
61402702,sitting,0.0261,0.0110,1.0209,0.5600,-2.7650,0.7700
61402721,sitting,0.0261,0.0110,1.0207,0.5600,-2.7650,0.7000
61402740,sitting,0.0264,0.0112,1.0207,0.5950,-2.7650,0.7000
61402759,sitting,0.0259,0.0107,1.0209,0.5600,-2.7650,0.7700
61402779,sitting,0.0264,0.0107,1.0209,0.5600,-2.8000,0.7700
61402798,sitting,0.0254,0.0107,1.0209,0.5600,-2.7650,0.7700
61402817,sitting,0.0254,0.0115,1.0216,0.5600,-2.8000,0.7700
61402836,sitting,0.0251,0.0107,1.0216,0.5600,-2.7650,0.7700
61402856,sitting,0.0259,0.0112,1.0226,0.5600,-2.7650,0.7700
61402875,sitting,0.0251,0.0107,1.0211,0.5600,-2.8000,0.7700
61402894,sitting,0.0266,0.0117,1.0207,0.5600,-2.8000,0.7700
61402913,sitting,0.0256,0.0122,1.0211,0.5600,-2.7650,0.7700
61402932,sitting,0.0264,0.0112,1.0207,0.5600,-2.7650,0.8050
61402952,sitting,0.0259,0.0115,1.0194,0.5950,-2.8000,0.7700
61402971,sitting,0.0259,0.0117,1.0207,0.5250,-2.8000,0.7700
61402990,sitting,0.0254,0.0115,1.0207,0.5600,-2.7300,0.7700
61403009,sitting,0.0251,0.0115,1.0211,0.5950,-2.7300,0.7700
61403029,sitting,0.0261,0.0120,1.0204,0.5600,-2.7650,0.7700
61403048,sitting,0.0251,0.0115,1.0209,0.5600,-2.7300,0.7350
61403067,sitting,0.0266,0.0117,1.0214,0.5600,-2.7300,0.7700
61403086,sitting,0.0266,0.0112,1.0207,0.5600,-2.7300,0.7700
61403106,sitting,0.0256,0.0110,1.0207,0.5600,-2.7650,0.7700
61403125,sitting,0.0254,0.0112,1.0209,0.5600,-2.7300,0.8050
61403144,sitting,0.0254,0.0120,1.0207,0.5600,-2.7300,0.7700
61403163,sitting,0.0259,0.0107,1.0209,0.5600,-2.7650,0.7700
61403182,sitting,0.0259,0.0110,1.0202,0.5600,-2.7650,0.7350
61403202,sitting,0.0259,0.0117,1.0214,0.5600,-2.7650,0.7700
61403221,sitting,0.0254,0.0115,1.0216,0.5600,-2.7300,0.7700
61403240,sitting,0.0254,0.0117,1.0216,0.5600,-2.7650,0.7700
61403259,sitting,0.0259,0.0115,1.0214,0.5600,-2.7300,0.7350
61403279,sitting,0.0254,0.0105,1.0207,0.5600,-2.7650,0.7350
61403298,sitting,0.0251,0.0110,1.0199,0.5600,-2.7650,0.7700
61403317,sitting,0.0259,0.0117,1.0214,0.5600,-2.8000,0.7700
61403336,sitting,0.0251,0.0122,1.0207,0.5600,-2.7650,0.7350
61403356,sitting,0.0261,0.0115,1.0214,0.5600,-2.8000,0.7700
61403375,sitting,0.0266,0.0112,1.0209,0.5600,-2.7650,0.7700
61403394,sitting,0.0268,0.0115,1.0211,0.5600,-2.7650,0.7700
61403413,sitting,0.0268,0.0117,1.0207,0.5600,-2.7650,0.7700
61403432,sitting,0.0259,0.0120,1.0211,0.5600,-2.8000,0.7700
61403452,sitting,0.0264,0.0112,1.0209,0.5600,-2.8000,0.7700
61403471,sitting,0.0266,0.0115,1.0204,0.5600,-2.8000,0.7700
61403490,sitting,0.0268,0.0112,1.0204,0.5600,-2.7650,0.7700
61403509,sitting,0.0266,0.0117,1.0204,0.5600,-2.8000,0.8050
61403529,sitting,0.0254,0.0129,1.0204,0.5600,-2.8000,0.7700
61403548,sitting,0.0251,0.0110,1.0214,0.5600,-2.7300,0.7700
61403567,sitting,0.0261,0.0100,1.0216,0.5600,-2.7300,0.7350
61403586,sitting,0.0259,0.0115,1.0207,0.5950,-2.7300,0.7700
61403606,sitting,0.0256,0.0107,1.0211,0.5600,-2.7300,0.7700
61403625,sitting,0.0261,0.0112,1.0209,0.5600,-2.7650,0.7700
61403644,sitting,0.0259,0.0115,1.0214,0.5600,-2.7650,0.7350
61403663,sitting,0.0264,0.0120,1.0209,0.5600,-2.8000,0.7350
61403682,sitting,0.0264,0.0112,1.0202,0.5250,-2.7300,0.7700
61403702,sitting,0.0261,0.0112,1.0207,0.5600,-2.8000,0.7700
61403721,sitting,0.0259,0.0107,1.0214,0.5600,-2.8000,0.7700
61403740,sitting,0.0251,0.0110,1.0209,0.5950,-2.8000,0.7700
61403759,sitting,0.0266,0.0112,1.0207,0.5600,-2.7650,0.7700
61403779,sitting,0.0254,0.0112,1.0204,0.5600,-2.8000,0.7700
61403798,sitting,0.0259,0.0122,1.0204,0.5600,-2.7650,0.8050
61403817,sitting,0.0264,0.0115,1.0209,0.5600,-2.7650,0.7700
61403836,sitting,0.0261,0.0102,1.0219,0.5600,-2.8000,0.7700
61403856,sitting,0.0254,0.0112,1.0211,0.5600,-2.7650,0.7700
61403875,sitting,0.0254,0.0115,1.0204,0.5600,-2.7300,0.7700
61403894,sitting,0.0256,0.0115,1.0207,0.5250,-2.7300,0.7700
61403913,sitting,0.0256,0.0115,1.0207,0.5600,-2.7650,0.7700
61403932,sitting,0.0259,0.0122,1.0211,0.5600,-2.7300,0.7700
61403952,sitting,0.0259,0.0117,1.0216,0.5600,-2.8000,0.7700
61403971,sitting,0.0256,0.0100,1.0211,0.5600,-2.8000,0.7700
61403990,sitting,0.0261,0.0110,1.0204,0.5950,-2.7650,0.7700
61404009,sitting,0.0251,0.0117,1.0204,0.5600,-2.7300,0.7700
61404029,sitting,0.0249,0.0110,1.0209,0.5600,-2.7650,0.7700
61404048,sitting,0.0259,0.0117,1.0211,0.5250,-2.7300,0.7000
61404067,sitting,0.0271,0.0110,1.0211,0.5600,-2.7300,0.7700
61404086,sitting,0.0264,0.0110,1.0221,0.5950,-2.7300,0.7700
61404106,sitting,0.0259,0.0120,1.0207,0.5600,-2.8000,0.7700
61404125,sitting,0.0259,0.0112,1.0207,0.5600,-2.8000,0.7700
61404144,sitting,0.0254,0.0115,1.0214,0.5600,-2.7650,0.7700
61404163,sitting,0.0264,0.0110,1.0209,0.5600,-2.8000,0.7700
61404182,sitting,0.0259,0.0105,1.0209,0.5600,-2.7300,0.7700
61404202,sitting,0.0266,0.0107,1.0207,0.5600,-2.8000,0.8050
61404221,sitting,0.0268,0.0105,1.0209,0.5950,-2.8000,0.7700
61404240,sitting,0.0261,0.0112,1.0211,0.5600,-2.7300,0.7700
61404259,sitting,0.0254,0.0107,1.0211,0.5600,-2.7300,0.7700
61404279,sitting,0.0266,0.0105,1.0207,0.5600,-2.7300,0.7700
61404298,sitting,0.0254,0.0107,1.0202,0.5950,-2.7300,0.7700
61404317,sitting,0.0259,0.0110,1.0216,0.5600,-2.7300,0.7700
61404336,sitting,0.0261,0.0115,1.0211,0.5600,-2.7300,0.7700
61404356,sitting,0.0264,0.0110,1.0209,0.5600,-2.7300,0.7700
61404375,sitting,0.0266,0.0112,1.0207,0.5600,-2.8000,0.8050
61404394,sitting,0.0251,0.0112,1.0214,0.5600,-2.7300,0.8050
61404413,sitting,0.0261,0.0112,1.0207,0.5950,-2.8000,0.7700
61404432,sitting,0.0254,0.0110,1.0219,0.5600,-2.7650,0.7700
61404452,sitting,0.0254,0.0112,1.0209,0.5950,-2.7300,0.7700
61404471,sitting,0.0256,0.0124,1.0211,0.5600,-2.7650,0.7700
61404490,sitting,0.0259,0.0110,1.0211,0.5950,-2.7650,0.7700
61404509,sitting,0.0259,0.0115,1.0211,0.5600,-2.7300,0.7350
61404529,sitting,0.0259,0.0120,1.0211,0.5600,-2.7300,0.7700
61404548,sitting,0.0266,0.0112,1.0207,0.5600,-2.7650,0.7700
61404567,sitting,0.0266,0.0120,1.0197,0.5600,-2.7650,0.7700
61404586,sitting,0.0266,0.0110,1.0214,0.5600,-2.7300,0.7700
61404606,sitting,0.0254,0.0115,1.0211,0.5600,-2.8000,0.7700
61404625,sitting,0.0254,0.0112,1.0209,0.5600,-2.7650,0.8050
61404644,sitting,0.0261,0.0107,1.0199,0.5600,-2.7650,0.8050
61404663,sitting,0.0259,0.0127,1.0211,0.5600,-2.8000,0.7700
61404682,sitting,0.0259,0.0124,1.0199,0.5600,-2.8000,0.7700
61404702,sitting,0.0266,0.0110,1.0207,0.5600,-2.8000,0.7700
61404721,sitting,0.0266,0.0117,1.0204,0.5600,-2.7300,0.7350
61404740,sitting,0.0254,0.0115,1.0216,0.5600,-2.7650,0.7700
61404759,sitting,0.0259,0.0115,1.0216,0.5600,-2.7300,0.7700
61404779,sitting,0.0256,0.0110,1.0211,0.5600,-2.7650,0.7700
61404798,sitting,0.0264,0.0110,1.0211,0.5600,-2.7300,0.7700
61404817,sitting,0.0264,0.0110,1.0221,0.5600,-2.8000,0.7700
61404836,sitting,0.0271,0.0110,1.0216,0.5600,-2.7650,0.7700
61404856,sitting,0.0251,0.0110,1.0204,0.5600,-2.7300,0.7700
61404875,sitting,0.0259,0.0115,1.0209,0.5600,-2.7300,0.7700
61404894,sitting,0.0246,0.0117,1.0207,0.5600,-2.7300,0.7700
61404913,sitting,0.0256,0.0112,1.0207,0.5600,-2.7650,0.7350
61404932,sitting,0.0261,0.0117,1.0207,0.5600,-2.7300,0.7700
61404952,sitting,0.0251,0.0105,1.0197,0.5600,-2.7300,0.7700
61404971,sitting,0.0259,0.0107,1.0211,0.5600,-2.7300,0.7700
61404990,sitting,0.0254,0.0122,1.0209,0.5600,-2.7300,0.7700
61405009,sitting,0.0254,0.0110,1.0207,0.5600,-2.7300,0.7700
61405029,sitting,0.0254,0.0120,1.0211,0.5600,-2.7650,0.7700
61405048,sitting,0.0261,0.0120,1.0207,0.5950,-2.7300,0.7000
61405067,sitting,0.0249,0.0112,1.0204,0.5600,-2.7300,0.7350
61405086,sitting,0.0256,0.0120,1.0202,0.5600,-2.7300,0.7350
61405106,sitting,0.0249,0.0122,1.0199,0.5950,-2.8000,0.7700
61405125,sitting,0.0259,0.0112,1.0209,0.5600,-2.7650,0.7700
61405144,sitting,0.0251,0.0107,1.0211,0.5250,-2.8000,0.8050
61405163,sitting,0.0249,0.0110,1.0199,0.5600,-2.7650,0.7700
61405182,sitting,0.0266,0.0100,1.0209,0.5600,-2.7300,0.7700
61405202,sitting,0.0271,0.0112,1.0204,0.5600,-2.7300,0.7350
61405221,sitting,0.0261,0.0110,1.0211,0.5600,-2.7300,0.7700
61405240,sitting,0.0254,0.0112,1.0204,0.5600,-2.7300,0.7700
61405259,sitting,0.0256,0.0110,1.0209,0.5600,-2.7650,0.7700
61405279,sitting,0.0256,0.0112,1.0211,0.5250,-2.7300,0.7700
61405298,sitting,0.0259,0.0117,1.0202,0.5250,-2.7300,0.7700
61405317,sitting,0.0259,0.0115,1.0209,0.5600,-2.7300,0.7700
61405336,sitting,0.0254,0.0112,1.0214,0.5600,-2.7300,0.7700
61405356,sitting,0.0266,0.0112,1.0211,0.5600,-2.7650,0.7700
61405375,sitting,0.0259,0.0107,1.0207,0.5950,-2.7300,0.7350
61405394,sitting,0.0254,0.0110,1.0204,0.5600,-2.7300,0.7700
61405413,sitting,0.0256,0.0110,1.0211,0.5600,-2.7300,0.7700
61405432,sitting,0.0264,0.0107,1.0199,0.5950,-2.7300,0.7700
61405452,sitting,0.0266,0.0115,1.0202,0.5600,-2.7300,0.7000
61405471,sitting,0.0268,0.0107,1.0214,0.5600,-2.7650,0.7700
61405490,sitting,0.0268,0.0110,1.0211,0.5600,-2.8000,0.7700
61405509,sitting,0.0256,0.0110,1.0204,0.5600,-2.7650,0.7700
61405529,sitting,0.0266,0.0115,1.0207,0.5950,-2.8000,0.7700
61405548,sitting,0.0251,0.0110,1.0207,0.5950,-2.8000,0.7700
61405567,sitting,0.0261,0.0115,1.0202,0.5600,-2.7300,0.7700
61405586,sitting,0.0254,0.0110,1.0211,0.5600,-2.7300,0.7700
61405606,sitting,0.0246,0.0107,1.0214,0.5950,-2.7300,0.7700
61405625,sitting,0.0256,0.0115,1.0204,0.5600,-2.8000,0.7700
61405644,sitting,0.0264,0.0112,1.0202,0.5600,-2.7650,0.7700
61405663,sitting,0.0254,0.0107,1.0199,0.5600,-2.7650,0.7700
61405682,sitting,0.0261,0.0107,1.0209,0.5600,-2.7650,0.8050
61405702,sitting,0.0259,0.0105,1.0209,0.5250,-2.8000,0.7700
61405721,sitting,0.0261,0.0117,1.0204,0.5600,-2.7650,0.7700
61405740,sitting,0.0259,0.0112,1.0209,0.5600,-2.7300,0.7700
61405759,sitting,0.0268,0.0120,1.0209,0.5600,-2.7300,0.7700
61405779,sitting,0.0266,0.0115,1.0211,0.5600,-2.7300,0.7700
61405798,sitting,0.0268,0.0112,1.0221,0.5950,-2.7300,0.7700
61405817,sitting,0.0266,0.0105,1.0211,0.5600,-2.7300,0.7700
61405836,sitting,0.0251,0.0105,1.0209,0.5600,-2.7300,0.7700
61405856,sitting,0.0254,0.0107,1.0219,0.5600,-2.7300,0.7350
61405875,sitting,0.0251,0.0107,1.0219,0.5600,-2.7650,0.7350
61405894,sitting,0.0256,0.0117,1.0216,0.5950,-2.8000,0.7700
61405913,sitting,0.0264,0.0110,1.0211,0.5600,-2.8000,0.7700
61405932,sitting,0.0266,0.0120,1.0214,0.5600,-2.8000,0.7700
61405952,sitting,0.0259,0.0117,1.0214,0.5600,-2.7650,0.7700
61405971,sitting,0.0254,0.0110,1.0219,0.5600,-2.7650,0.7700
61405990,sitting,0.0249,0.0110,1.0199,0.5600,-2.7650,0.7700
61406009,sitting,0.0256,0.0117,1.0207,0.5600,-2.7650,0.7700
61406029,sitting,0.0259,0.0115,1.0204,0.5600,-2.7650,0.7700
61406048,sitting,0.0259,0.0102,1.0207,0.5600,-2.7650,0.7700
61406067,sitting,0.0266,0.0115,1.0204,0.5600,-2.7300,0.7700
61406086,sitting,0.0256,0.0112,1.0199,0.5600,-2.7300,0.7700
61406106,sitting,0.0259,0.0122,1.0209,0.5600,-2.7650,0.7700
61406125,sitting,0.0261,0.0107,1.0216,0.5600,-2.7300,0.8050
61406144,sitting,0.0256,0.0105,1.0209,0.5600,-2.7300,0.7700
61406163,sitting,0.0261,0.0112,1.0211,0.5600,-2.7300,0.7700
61406182,sitting,0.0259,0.0112,1.0211,0.5600,-2.7300,0.7700
61406202,sitting,0.0261,0.0100,1.0209,0.5950,-2.7650,0.7700
61406221,sitting,0.0254,0.0112,1.0204,0.5600,-2.8000,0.7700
61406240,sitting,0.0259,0.0115,1.0199,0.5600,-2.7650,0.7700
61406259,sitting,0.0251,0.0105,1.0199,0.5600,-2.7650,0.7700
61406279,sitting,0.0259,0.0112,1.0209,0.5600,-2.7300,0.7700
61406298,sitting,0.0261,0.0112,1.0211,0.5600,-2.7650,0.7700
61406317,sitting,0.0264,0.0112,1.0216,0.5600,-2.7650,0.7700
61406336,sitting,0.0259,0.0112,1.0211,0.5600,-2.7300,0.7000
61406356,sitting,0.0256,0.0110,1.0214,0.5950,-2.7300,0.7700
61406375,sitting,0.0259,0.0117,1.0209,0.5600,-2.7650,0.7000
61406394,sitting,0.0259,0.0107,1.0211,0.6300,-2.7650,0.7700
61406413,sitting,0.0268,0.0105,1.0202,0.5950,-2.7650,0.7700
61406432,sitting,0.0256,0.0117,1.0211,0.5600,-2.7300,0.7700
61406452,sitting,0.0264,0.0112,1.0219,0.6300,-2.7300,0.7700
61406471,sitting,0.0264,0.0112,1.0211,0.5600,-2.7650,0.7700
61406490,sitting,0.0264,0.0107,1.0214,0.5250,-2.7300,0.7700
61406509,sitting,0.0261,0.0107,1.0207,0.5600,-2.7650,0.7700
61406529,sitting,0.0259,0.0110,1.0202,0.5600,-2.8000,0.7350
61406548,sitting,0.0261,0.0110,1.0214,0.5600,-2.7650,0.7700
61406567,sitting,0.0256,0.0117,1.0216,0.5600,-2.7650,0.7700
61406586,sitting,0.0261,0.0112,1.0221,0.5600,-2.7650,0.7700
61406606,sitting,0.0259,0.0107,1.0202,0.5600,-2.7650,0.7350
61406625,sitting,0.0261,0.0102,1.0204,0.5600,-2.8000,0.7700
61406644,sitting,0.0259,0.0107,1.0207,0.5600,-2.8000,0.7700
61406663,sitting,0.0256,0.0112,1.0216,0.5600,-2.7300,0.7700
61406682,sitting,0.0261,0.0120,1.0211,0.5600,-2.7300,0.7350
61406702,sitting,0.0264,0.0110,1.0209,0.6300,-2.7650,0.7700
61406721,sitting,0.0266,0.0105,1.0216,0.5600,-2.7300,0.7700
61406740,sitting,0.0259,0.0110,1.0211,0.5600,-2.7650,0.7700
61406759,sitting,0.0251,0.0112,1.0204,0.5600,-2.7650,0.8050
61406779,sitting,0.0264,0.0112,1.0204,0.5600,-2.7650,0.7700
61406798,sitting,0.0264,0.0117,1.0211,0.5250,-2.8000,0.7700
61406817,sitting,0.0256,0.0110,1.0209,0.5600,-2.7650,0.7700
61406836,sitting,0.0264,0.0120,1.0207,0.5600,-2.7650,0.7350
61406856,sitting,0.0254,0.0115,1.0204,0.5600,-2.7300,0.7700
61406875,sitting,0.0266,0.0120,1.0209,0.5600,-2.7650,0.8050
61406894,sitting,0.0256,0.0117,1.0202,0.5600,-2.8000,0.7700
61406913,sitting,0.0259,0.0122,1.0202,0.5600,-2.8000,0.7700
61406932,sitting,0.0259,0.0115,1.0199,0.5600,-2.8000,0.7700
61406952,sitting,0.0259,0.0117,1.0207,0.5600,-2.7650,0.8050
61406971,sitting,0.0254,0.0112,1.0207,0.5950,-2.8000,0.7700
61406990,sitting,0.0266,0.0117,1.0209,0.5250,-2.8000,0.7700
61407009,sitting,0.0271,0.0112,1.0209,0.5600,-2.8000,0.7700
61407029,sitting,0.0264,0.0110,1.0209,0.5950,-2.7650,0.8050
61407048,sitting,0.0251,0.0105,1.0209,0.5600,-2.7300,0.7350
61407067,sitting,0.0259,0.0112,1.0202,0.5600,-2.7300,0.7700
61407086,sitting,0.0261,0.0105,1.0211,0.5600,-2.7300,0.7700
61407106,sitting,0.0266,0.0117,1.0204,0.5600,-2.7650,0.7700
61407125,sitting,0.0264,0.0112,1.0199,0.5950,-2.7650,0.7700
61407144,sitting,0.0266,0.0117,1.0209,0.5600,-2.7300,0.7350
61407163,sitting,0.0261,0.0110,1.0211,0.5600,-2.7300,0.7700
61407182,sitting,0.0266,0.0117,1.0202,0.5250,-2.7300,0.7000
61407202,sitting,0.0261,0.0115,1.0207,0.5600,-2.7650,0.7350
61407221,sitting,0.0254,0.0110,1.0207,0.5950,-2.7650,0.7350
61407240,sitting,0.0266,0.0107,1.0224,0.5600,-2.7300,0.7700
61407259,sitting,0.0264,0.0110,1.0219,0.5250,-2.8000,0.7700
61407279,sitting,0.0251,0.0110,1.0207,0.5250,-2.7300,0.7700
61407298,sitting,0.0256,0.0112,1.0209,0.5600,-2.8000,0.7700
61407317,sitting,0.0268,0.0102,1.0207,0.5950,-2.8000,0.7350
61407336,sitting,0.0266,0.0120,1.0204,0.5950,-2.7300,0.7700
61407356,sitting,0.0268,0.0112,1.0207,0.5600,-2.7300,0.7700
61407375,sitting,0.0266,0.0117,1.0207,0.5600,-2.8000,0.7700
61407394,sitting,0.0254,0.0122,1.0221,0.5600,-2.8000,0.7700
61407413,sitting,0.0259,0.0120,1.0216,0.5600,-2.7300,0.7700
61407432,sitting,0.0261,0.0110,1.0204,0.5600,-2.7650,0.7700
61407452,sitting,0.0259,0.0117,1.0211,0.5600,-2.7300,0.7700
61407471,sitting,0.0259,0.0112,1.0199,0.5600,-2.7300,0.7700
61407490,sitting,0.0251,0.0110,1.0214,0.5600,-2.8000,0.7700
61407509,sitting,0.0264,0.0110,1.0214,0.5600,-2.7300,0.7700
61407529,sitting,0.0259,0.0122,1.0207,0.5950,-2.7300,0.7700
61407548,sitting,0.0254,0.0117,1.0209,0.5600,-2.7650,0.7350
61407567,sitting,0.0256,0.0117,1.0207,0.5600,-2.7300,0.7350
61407586,sitting,0.0261,0.0117,1.0202,0.5600,-2.7300,0.7700
61407606,sitting,0.0264,0.0112,1.0202,0.5600,-2.7650,0.7700
61407625,sitting,0.0259,0.0105,1.0202,0.5600,-2.7300,0.7350
61407644,sitting,0.0261,0.0110,1.0211,0.5950,-2.7300,0.7700
61407663,sitting,0.0261,0.0107,1.0214,0.5600,-2.7650,0.7350
61407682,sitting,0.0266,0.0105,1.0211,0.5600,-2.7650,0.7700
61407702,sitting,0.0261,0.0112,1.0204,0.5600,-2.7300,0.7700
61407721,sitting,0.0264,0.0107,1.0207,0.5600,-2.8000,0.7700
61407740,sitting,0.0261,0.0112,1.0209,0.5950,-2.8000,0.7700
61407759,sitting,0.0259,0.0110,1.0211,0.5950,-2.8000,0.7700
61407779,sitting,0.0256,0.0112,1.0214,0.5950,-2.7300,0.7700
61407798,sitting,0.0259,0.0110,1.0216,0.5600,-2.7650,0.7700
61407817,sitting,0.0261,0.0112,1.0211,0.5600,-2.7650,0.7700
61407836,sitting,0.0256,0.0110,1.0207,0.5600,-2.7650,0.7700
61407856,sitting,0.0261,0.0115,1.0204,0.5600,-2.8000,0.7700
61407875,sitting,0.0264,0.0112,1.0207,0.5600,-2.7300,0.7700
61407894,sitting,0.0264,0.0120,1.0209,0.5950,-2.7650,0.7700
61407913,sitting,0.0261,0.0112,1.0207,0.5600,-2.7300,0.7700
61407932,sitting,0.0259,0.0112,1.0214,0.5600,-2.7650,0.7350
61407952,sitting,0.0268,0.0110,1.0209,0.5950,-2.7650,0.7700
61407971,sitting,0.0259,0.0112,1.0197,0.5600,-2.7650,0.7700
61407990,sitting,0.0256,0.0112,1.0204,0.5950,-2.7650,0.7700
61408009,sitting,0.0254,0.0115,1.0207,0.5950,-2.7300,0.7700
61408029,sitting,0.0259,0.0115,1.0199,0.5600,-2.7300,0.7700
61408048,sitting,0.0259,0.0115,1.0204,0.5600,-2.7650,0.7350
61408067,sitting,0.0256,0.0112,1.0204,0.5600,-2.7650,0.7350
61408086,sitting,0.0259,0.0120,1.0209,0.5600,-2.8000,0.7700
61408106,sitting,0.0256,0.0112,1.0202,0.5600,-2.7300,0.7700
61408125,sitting,0.0254,0.0110,1.0214,0.5600,-2.7300,0.7350
61408144,sitting,0.0261,0.0115,1.0211,0.5600,-2.8000,0.7700
61408163,sitting,0.0268,0.0117,1.0207,0.5950,-2.7300,0.7700
61408182,sitting,0.0268,0.0112,1.0214,0.5600,-2.8000,0.7700
61408202,sitting,0.0256,0.0105,1.0207,0.5600,-2.7650,0.7700
61408221,sitting,0.0259,0.0110,1.0202,0.5600,-2.7650,0.7350
61408240,sitting,0.0254,0.0105,1.0219,0.5600,-2.8000,0.7700
61408259,sitting,0.0261,0.0102,1.0211,0.5600,-2.7300,0.7700
61408279,sitting,0.0259,0.0115,1.0207,0.5600,-2.7300,0.7700
61408298,sitting,0.0268,0.0112,1.0207,0.5600,-2.7650,0.7700
61408317,sitting,0.0264,0.0115,1.0207,0.5600,-2.8000,0.7700
61408336,sitting,0.0259,0.0110,1.0216,0.5600,-2.7650,0.7700
61408356,sitting,0.0256,0.0105,1.0216,0.5600,-2.7650,0.7700
61408375,sitting,0.0266,0.0105,1.0204,0.5600,-2.7650,0.7700
61408394,sitting,0.0259,0.0112,1.0214,0.5600,-2.7300,0.7700
61408413,sitting,0.0261,0.0115,1.0211,0.5600,-2.7300,0.7700
61408432,sitting,0.0249,0.0115,1.0207,0.5950,-2.7300,0.7350
61408452,sitting,0.0266,0.0110,1.0207,0.5250,-2.7650,0.7700
61408471,sitting,0.0264,0.0112,1.0211,0.5950,-2.7650,0.7700
61408490,sitting,0.0256,0.0122,1.0207,0.5600,-2.8000,0.7000
61408509,sitting,0.0261,0.0120,1.0209,0.5600,-2.7650,0.7700
61408529,sitting,0.0268,0.0115,1.0207,0.5600,-2.7650,0.7700
61408548,sitting,0.0256,0.0107,1.0211,0.5600,-2.7650,0.7350
61408567,sitting,0.0259,0.0112,1.0209,0.5600,-2.7300,0.7700
61408586,sitting,0.0271,0.0112,1.0202,0.5600,-2.8000,0.7700
61408606,sitting,0.0266,0.0110,1.0194,0.5600,-2.7300,0.7700
61408625,sitting,0.0256,0.0110,1.0207,0.5950,-2.7650,0.8050
61408644,sitting,0.0254,0.0117,1.0204,0.5950,-2.8000,0.7700
61408663,sitting,0.0259,0.0115,1.0197,0.5600,-2.8000,0.7700
61408682,sitting,0.0254,0.0120,1.0211,0.5600,-2.7650,0.7700
61408702,sitting,0.0266,0.0110,1.0209,0.5250,-2.7650,0.7700
61408721,sitting,0.0266,0.0112,1.0211,0.5600,-2.7650,0.7700
61408740,sitting,0.0268,0.0115,1.0211,0.5600,-2.7650,0.7700
61408759,sitting,0.0264,0.0112,1.0207,0.5600,-2.7300,0.7700
61408779,sitting,0.0254,0.0117,1.0211,0.5250,-2.8000,0.8050
61408798,sitting,0.0254,0.0107,1.0202,0.5600,-2.7650,0.7700
61408817,sitting,0.0254,0.0112,1.0204,0.5600,-2.7650,0.7700
61408836,sitting,0.0259,0.0122,1.0219,0.5600,-2.7300,0.7700
61408856,sitting,0.0271,0.0122,1.0211,0.6300,-2.7300,0.7700
61408875,sitting,0.0264,0.0105,1.0209,0.5950,-2.7300,0.7700
61408894,sitting,0.0264,0.0110,1.0202,0.5600,-2.7300,0.7350
61408913,sitting,0.0264,0.0115,1.0209,0.5950,-2.7650,0.7700
61408932,sitting,0.0261,0.0115,1.0207,0.5600,-2.7300,0.7350
61408952,sitting,0.0264,0.0110,1.0204,0.5600,-2.7650,0.7700
61408971,sitting,0.0268,0.0110,1.0209,0.5600,-2.7300,0.7350
61408990,sitting,0.0254,0.0117,1.0207,0.5600,-2.8000,0.7000
61409009,sitting,0.0256,0.0127,1.0207,0.5600,-2.8000,0.7700
61409029,sitting,0.0259,0.0107,1.0214,0.5600,-2.7300,0.7700
61409048,sitting,0.0259,0.0112,1.0207,0.5950,-2.7650,0.7700
61409067,sitting,0.0259,0.0112,1.0209,0.5600,-2.7650,0.8050
61409086,sitting,0.0264,0.0117,1.0209,0.5250,-2.8000,0.7700
61409106,sitting,0.0268,0.0110,1.0199,0.5600,-2.8000,0.7700
61409125,sitting,0.0264,0.0112,1.0219,0.5600,-2.7650,0.7700
61409144,sitting,0.0256,0.0115,1.0211,0.5250,-2.7650,0.7700
61409163,sitting,0.0264,0.0105,1.0221,0.5600,-2.7650,0.7350
61409182,sitting,0.0256,0.0110,1.0207,0.5600,-2.7650,0.7700
61409202,sitting,0.0256,0.0105,1.0211,0.5600,-2.7300,0.7700
61409221,sitting,0.0256,0.0102,1.0204,0.5600,-2.7300,0.7700
61409240,sitting,0.0256,0.0102,1.0199,0.5950,-2.7300,0.7700
61409259,sitting,0.0256,0.0110,1.0214,0.5600,-2.7650,0.7700
61409279,sitting,0.0264,0.0120,1.0204,0.5600,-2.7300,0.7700
61409298,sitting,0.0259,0.0117,1.0202,0.5600,-2.7300,0.7700
61409317,sitting,0.0259,0.0110,1.0219,0.5600,-2.7300,0.7350
61409336,sitting,0.0259,0.0115,1.0204,0.5950,-2.7300,0.7700
61409356,sitting,0.0256,0.0115,1.0209,0.5600,-2.7650,0.7700
61409375,sitting,0.0254,0.0115,1.0207,0.5600,-2.7300,0.7700
61409394,sitting,0.0266,0.0117,1.0209,0.5250,-2.7650,0.7700
61409413,sitting,0.0259,0.0110,1.0209,0.5600,-2.7300,0.7700
61409432,sitting,0.0259,0.0120,1.0209,0.5600,-2.8000,0.7700
61409452,sitting,0.0268,0.0117,1.0207,0.5600,-2.8000,0.7700
61409471,sitting,0.0261,0.0112,1.0199,0.5600,-2.7650,0.7700
61409490,sitting,0.0254,0.0112,1.0204,0.5600,-2.7300,0.7700
61409509,sitting,0.0261,0.0115,1.0199,0.5950,-2.8000,0.7700
61409529,sitting,0.0261,0.0112,1.0204,0.5600,-2.8000,0.7700
61409548,sitting,0.0261,0.0122,1.0199,0.5950,-2.7650,0.7700
61409567,sitting,0.0264,0.0112,1.0202,0.5600,-2.7300,0.7700
61409586,sitting,0.0259,0.0110,1.0199,0.5250,-2.7650,0.7350
61409606,sitting,0.0268,0.0110,1.0202,0.5600,-2.8000,0.7350
61409625,sitting,0.0256,0.0102,1.0214,0.5950,-2.8000,0.7350
61409644,sitting,0.0259,0.0115,1.0207,0.5600,-2.7300,0.7700
61409663,sitting,0.0264,0.0105,1.0211,0.5250,-2.7300,0.7700
61409682,sitting,0.0259,0.0110,1.0204,0.5950,-2.7650,0.7700
61409702,sitting,0.0259,0.0117,1.0209,0.5250,-2.7300,0.7350
61409721,sitting,0.0264,0.0107,1.0202,0.5600,-2.7650,0.7700
61409740,sitting,0.0266,0.0117,1.0216,0.5950,-2.7650,0.7350
61409759,sitting,0.0259,0.0117,1.0207,0.5600,-2.7300,0.7350
61409779,sitting,0.0261,0.0112,1.0209,0.5950,-2.7300,0.7350
61409798,sitting,0.0264,0.0105,1.0204,0.5600,-2.7300,0.7700
61409817,sitting,0.0259,0.0110,1.0194,0.5600,-2.7300,0.7700
61409836,sitting,0.0266,0.0124,1.0211,0.5950,-2.7300,0.7350
61409856,sitting,0.0268,0.0122,1.0207,0.5600,-2.7650,0.7700
61409875,sitting,0.0264,0.0110,1.0204,0.5950,-2.8000,0.7700
61409894,sitting,0.0266,0.0115,1.0216,0.5600,-2.7300,0.7700
61409913,sitting,0.0266,0.0105,1.0202,0.5600,-2.7650,0.7700
61409932,sitting,0.0261,0.0112,1.0209,0.5250,-2.7650,0.7700
61409952,sitting,0.0266,0.0112,1.0211,0.5600,-2.7300,0.7700
61409971,sitting,0.0264,0.0115,1.0202,0.5600,-2.7650,0.7700
61409990,sitting,0.0261,0.0115,1.0207,0.5600,-2.8000,0.8050
61410009,sitting,0.0264,0.0115,1.0211,0.5600,-2.7300,0.7350
61410029,sitting,0.0259,0.0117,1.0202,0.5600,-2.7300,0.7700
61410048,sitting,0.0259,0.0115,1.0204,0.5600,-2.8000,0.7700
61410067,sitting,0.0259,0.0112,1.0202,0.5950,-2.7300,0.7700
61410086,sitting,0.0264,0.0122,1.0214,0.5600,-2.7650,0.7700
61410106,sitting,0.0266,0.0120,1.0207,0.5600,-2.7300,0.7350
61410125,sitting,0.0268,0.0112,1.0202,0.5600,-2.7300,0.7700
61410144,sitting,0.0268,0.0122,1.0202,0.5600,-2.7650,0.7700
61410163,sitting,0.0261,0.0112,1.0214,0.5600,-2.7300,0.7700
61410182,sitting,0.0256,0.0117,1.0202,0.5950,-2.7650,0.7700
61410202,sitting,0.0259,0.0110,1.0202,0.5600,-2.7300,0.7700
61410221,sitting,0.0256,0.0115,1.0204,0.5600,-2.7300,0.7700
61410240,sitting,0.0256,0.0112,1.0207,0.5600,-2.8000,0.7700
61410259,sitting,0.0261,0.0115,1.0207,0.5600,-2.7650,0.7350
61410279,sitting,0.0266,0.0112,1.0209,0.5600,-2.7650,0.7700
61410298,sitting,0.0268,0.0112,1.0199,0.5600,-2.7300,0.7350
61410317,sitting,0.0264,0.0117,1.0211,0.5600,-2.7650,0.7700
61410336,sitting,0.0259,0.0120,1.0214,0.5600,-2.7650,0.7700
61410356,sitting,0.0256,0.0110,1.0202,0.5600,-2.7300,0.7700
61410375,sitting,0.0259,0.0124,1.0211,0.5600,-2.8000,0.7700
61410394,sitting,0.0266,0.0112,1.0211,0.5600,-2.7650,0.7700
61410413,sitting,0.0259,0.0107,1.0207,0.5600,-2.8000,0.7700
61410432,sitting,0.0259,0.0105,1.0219,0.5600,-2.8000,0.7700
61410452,sitting,0.0259,0.0115,1.0211,0.5600,-2.7650,0.7700
61410471,sitting,0.0261,0.0115,1.0211,0.5600,-2.8000,0.7700
61410490,sitting,0.0266,0.0122,1.0207,0.5950,-2.7300,0.7700
61410509,sitting,0.0261,0.0117,1.0197,0.5600,-2.7300,0.7700
61410529,sitting,0.0254,0.0115,1.0207,0.5600,-2.7300,0.7700
61410548,sitting,0.0264,0.0110,1.0209,0.5600,-2.7650,0.7700
61410567,sitting,0.0256,0.0107,1.0202,0.5600,-2.7300,0.8050
61410586,sitting,0.0259,0.0105,1.0207,0.5950,-2.7650,0.8050
61410606,sitting,0.0264,0.0112,1.0204,0.5950,-2.7300,0.7700
61410625,sitting,0.0254,0.0110,1.0207,0.5600,-2.7650,0.7700
61410644,sitting,0.0259,0.0105,1.0204,0.5600,-2.7650,0.7700
61410663,sitting,0.0268,0.0110,1.0211,0.5600,-2.7300,0.7700
61410682,sitting,0.0251,0.0117,1.0207,0.5600,-2.7300,0.7350
61410702,sitting,0.0261,0.0107,1.0204,0.5600,-2.7650,0.7700
61410721,sitting,0.0259,0.0110,1.0209,0.5600,-2.8000,0.7700
61410740,sitting,0.0266,0.0117,1.0207,0.5600,-2.7300,0.7700
61410759,sitting,0.0259,0.0112,1.0207,0.5600,-2.7650,0.7700
61410779,sitting,0.0264,0.0117,1.0204,0.5600,-2.7300,0.7700
61410798,sitting,0.0264,0.0115,1.0209,0.5600,-2.7300,0.7700
61410817,sitting,0.0259,0.0107,1.0214,0.5600,-2.8000,0.8050
61410836,sitting,0.0259,0.0107,1.0207,0.5950,-2.7650,0.7700
61410856,sitting,0.0264,0.0112,1.0194,0.5600,-2.7650,0.7700
61410875,sitting,0.0264,0.0115,1.0209,0.5600,-2.7650,0.7700
61410894,sitting,0.0261,0.0112,1.0202,0.5600,-2.7650,0.7700
61410913,sitting,0.0259,0.0105,1.0202,0.5600,-2.8000,0.7700
61410932,sitting,0.0271,0.0115,1.0197,0.5600,-2.7650,0.7350
61410952,sitting,0.0259,0.0110,1.0192,0.5600,-2.7650,0.7700
61410971,sitting,0.0259,0.0117,1.0207,0.5950,-2.7300,0.7700
61410990,sitting,0.0264,0.0107,1.0209,0.5600,-2.7650,0.8050
61411009,sitting,0.0256,0.0110,1.0207,0.5600,-2.7300,0.7700
61411029,sitting,0.0261,0.0117,1.0219,0.5600,-2.7300,0.7700
61411048,sitting,0.0261,0.0122,1.0197,0.5950,-2.7300,0.7350
61411067,sitting,0.0261,0.0107,1.0197,0.5600,-2.8000,0.7700
61411086,sitting,0.0261,0.0120,1.0204,0.5600,-2.8000,0.7700
61411106,sitting,0.0261,0.0117,1.0211,0.5600,-2.7300,0.7700
61411125,sitting,0.0256,0.0110,1.0214,0.5600,-2.7300,0.7700
61411144,sitting,0.0261,0.0107,1.0214,0.5600,-2.7650,0.7700
61411163,sitting,0.0268,0.0115,1.0211,0.5600,-2.7650,0.7350
61411182,sitting,0.0249,0.0115,1.0204,0.5600,-2.7650,0.7700
61411202,sitting,0.0259,0.0107,1.0199,0.5600,-2.8000,0.7700
61411221,sitting,0.0268,0.0110,1.0199,0.5950,-2.8000,0.7700
61411240,sitting,0.0264,0.0112,1.0207,0.5600,-2.7300,0.7700
61411259,sitting,0.0261,0.0120,1.0207,0.5600,-2.7300,0.7700
61411279,sitting,0.0259,0.0120,1.0204,0.5250,-2.7650,0.7700
61411298,sitting,0.0259,0.0110,1.0202,0.5250,-2.7650,0.7700
61411317,sitting,0.0256,0.0127,1.0207,0.5600,-2.7650,0.7350
61411336,sitting,0.0266,0.0120,1.0214,0.5250,-2.8000,0.7700
61411356,sitting,0.0256,0.0120,1.0211,0.5600,-2.8000,0.7700
61411375,sitting,0.0259,0.0112,1.0211,0.5600,-2.7300,0.8050
61411394,sitting,0.0264,0.0115,1.0209,0.5600,-2.7650,0.8050
61411413,sitting,0.0264,0.0115,1.0204,0.5600,-2.7650,0.8050
61411432,sitting,0.0254,0.0100,1.0199,0.5600,-2.7650,0.7700
61411452,sitting,0.0261,0.0112,1.0202,0.5950,-2.7300,0.7700
61411471,sitting,0.0261,0.0110,1.0204,0.5600,-2.8000,0.7700
61411490,sitting,0.0266,0.0115,1.0211,0.5600,-2.7650,0.7700
61411509,sitting,0.0259,0.0112,1.0207,0.5600,-2.7300,0.7700
61411529,sitting,0.0259,0.0110,1.0209,0.5600,-2.7300,0.7700
61411548,sitting,0.0261,0.0110,1.0202,0.5600,-2.7300,0.7700
61411567,sitting,0.0254,0.0112,1.0219,0.5600,-2.8000,0.7000
61411586,sitting,0.0261,0.0105,1.0209,0.5600,-2.7300,0.7700
61411606,sitting,0.0264,0.0107,1.0199,0.5600,-2.7650,0.7700
61411625,sitting,0.0264,0.0115,1.0202,0.5600,-2.7650,0.7700
61411644,sitting,0.0259,0.0112,1.0211,0.5600,-2.7650,0.7700
61411663,sitting,0.0261,0.0117,1.0207,0.5600,-2.8000,0.7700
61411682,sitting,0.0266,0.0112,1.0207,0.5250,-2.7650,0.7350
61411702,sitting,0.0259,0.0122,1.0199,0.5600,-2.7650,0.7700
61411721,sitting,0.0259,0.0122,1.0202,0.5250,-2.7650,0.8050
61411740,sitting,0.0261,0.0115,1.0214,0.5600,-2.8000,0.7700
61411759,sitting,0.0256,0.0110,1.0214,0.5600,-2.8000,0.7700
61411779,sitting,0.0259,0.0110,1.0197,0.5600,-2.8000,0.8050
61411798,sitting,0.0261,0.0102,1.0192,0.5250,-2.7650,0.7700
61411817,sitting,0.0261,0.0115,1.0207,0.5600,-2.7300,0.7700
61411836,sitting,0.0256,0.0117,1.0202,0.5950,-2.8000,0.7700
61411856,sitting,0.0261,0.0110,1.0204,0.5600,-2.7300,0.7700
61411875,sitting,0.0264,0.0105,1.0221,0.5600,-2.7300,0.7700
61411894,sitting,0.0254,0.0112,1.0202,0.5600,-2.7300,0.7700
61411913,sitting,0.0261,0.0105,1.0202,0.5600,-2.7300,0.7700
61411932,sitting,0.0256,0.0117,1.0199,0.5600,-2.7300,0.7700
61411952,sitting,0.0256,0.0112,1.0209,0.5600,-2.7300,0.7350
61411971,sitting,0.0268,0.0112,1.0216,0.5600,-2.7300,0.7700
61411990,sitting,0.0254,0.0115,1.0219,0.5600,-2.7300,0.7700
61412009,sitting,0.0264,0.0110,1.0209,0.5600,-2.7650,0.7700
61412029,sitting,0.0256,0.0115,1.0204,0.5600,-2.7650,0.7700
61412048,sitting,0.0266,0.0124,1.0202,0.5950,-2.8000,0.7350
61412067,sitting,0.0264,0.0107,1.0211,0.5600,-2.7300,0.7700
61412086,sitting,0.0264,0.0115,1.0224,0.5600,-2.7300,0.7700
61412106,sitting,0.0256,0.0110,1.0219,0.5600,-2.7650,0.7700
61412125,sitting,0.0256,0.0120,1.0209,0.5600,-2.7650,0.7700
61412144,sitting,0.0264,0.0115,1.0211,0.5600,-2.7300,0.7700
61412163,sitting,0.0264,0.0112,1.0194,0.5600,-2.8000,0.8050
61412182,sitting,0.0259,0.0120,1.0204,0.5600,-2.7650,0.7700
61412202,sitting,0.0271,0.0107,1.0209,0.5250,-2.7650,0.7350
61412221,sitting,0.0264,0.0112,1.0207,0.5600,-2.7650,0.7700
61412240,sitting,0.0264,0.0115,1.0199,0.5250,-2.7650,0.7700
61412259,sitting,0.0259,0.0110,1.0202,0.5600,-2.7650,0.7700
61412279,sitting,0.0261,0.0102,1.0209,0.5600,-2.7650,0.7700
61412298,sitting,0.0256,0.0112,1.0216,0.5250,-2.7300,0.7700
61412317,sitting,0.0264,0.0107,1.0199,0.5600,-2.7650,0.7700
61412336,sitting,0.0259,0.0120,1.0214,0.5600,-2.7650,0.7700
61412356,sitting,0.0268,0.0110,1.0211,0.5600,-2.8000,0.7700
61412375,sitting,0.0259,0.0110,1.0202,0.5600,-2.7300,0.7700
61412394,sitting,0.0251,0.0115,1.0197,0.5950,-2.7650,0.7700
61412413,sitting,0.0261,0.0112,1.0202,0.5600,-2.7300,0.7350
61412432,sitting,0.0264,0.0115,1.0209,0.5600,-2.7300,0.7700
61412452,sitting,0.0254,0.0110,1.0209,0.5600,-2.7300,0.7700
61412471,sitting,0.0251,0.0112,1.0202,0.5600,-2.8000,0.7350
61412490,sitting,0.0251,0.0112,1.0202,0.5600,-2.7650,0.7000
61412509,sitting,0.0261,0.0107,1.0207,0.5600,-2.8000,0.7700
61412529,sitting,0.0259,0.0115,1.0202,0.5600,-2.8000,0.7700
61412548,sitting,0.0261,0.0120,1.0214,0.5600,-2.7650,0.7000
61412567,sitting,0.0264,0.0110,1.0202,0.5600,-2.8000,0.7700
61412586,sitting,0.0264,0.0120,1.0199,0.5600,-2.8000,0.7700
61412606,sitting,0.0259,0.0112,1.0204,0.5600,-2.8000,0.8050
61412625,sitting,0.0264,0.0115,1.0216,0.5250,-2.7650,0.7700
61412644,sitting,0.0261,0.0120,1.0199,0.5600,-2.7650,0.7700
61412663,sitting,0.0259,0.0117,1.0197,0.5600,-2.7300,0.7700
61412682,sitting,0.0259,0.0115,1.0204,0.5600,-2.7650,0.7700
61412702,sitting,0.0264,0.0110,1.0207,0.5600,-2.8000,0.7700
61412721,sitting,0.0251,0.0102,1.0211,0.5600,-2.7300,0.7700
61412740,sitting,0.0266,0.0107,1.0214,0.5600,-2.7300,0.7700
61412759,sitting,0.0271,0.0112,1.0204,0.5600,-2.7650,0.7700
61412779,sitting,0.0268,0.0120,1.0199,0.5600,-2.7300,0.7700
61412798,sitting,0.0266,0.0120,1.0204,0.5600,-2.7300,0.7700
61412817,sitting,0.0256,0.0117,1.0204,0.5600,-2.7650,0.8050
61412836,sitting,0.0268,0.0112,1.0214,0.5600,-2.7300,0.7700
61412856,sitting,0.0264,0.0122,1.0221,0.5600,-2.7300,0.7700
61412875,sitting,0.0266,0.0112,1.0214,0.5600,-2.7300,0.7700
61412894,sitting,0.0251,0.0120,1.0221,0.5600,-2.7300,0.7700
61412913,sitting,0.0246,0.0117,1.0207,0.5600,-2.7650,0.7700
61412932,sitting,0.0256,0.0115,1.0219,0.5600,-2.7650,0.7700
61412952,sitting,0.0259,0.0107,1.0211,0.5600,-2.8000,0.7700
61412971,sitting,0.0268,0.0105,1.0211,0.5600,-2.7300,0.7350
61412990,sitting,0.0261,0.0117,1.0216,0.5600,-2.7650,0.7700
61413009,sitting,0.0266,0.0115,1.0209,0.5600,-2.7650,0.7700
61413029,sitting,0.0261,0.0117,1.0202,0.5600,-2.8000,0.7700
61413048,sitting,0.0256,0.0107,1.0207,0.5250,-2.7650,0.7700
61413067,sitting,0.0256,0.0112,1.0209,0.5250,-2.7300,0.7700
61413086,sitting,0.0254,0.0112,1.0202,0.5600,-2.8000,0.7700
61413106,sitting,0.0261,0.0117,1.0202,0.5600,-2.7300,0.8050
61413125,sitting,0.0259,0.0107,1.0209,0.5600,-2.7300,0.7700
61413144,sitting,0.0271,0.0112,1.0214,0.5950,-2.7650,0.7700
61413163,sitting,0.0254,0.0115,1.0214,0.5600,-2.8000,0.7700
61413182,sitting,0.0254,0.0112,1.0207,0.5250,-2.7650,0.7700
61413202,sitting,0.0256,0.0107,1.0202,0.5600,-2.7300,0.7700
61413221,sitting,0.0264,0.0110,1.0207,0.5600,-2.7300,0.7700
61413240,sitting,0.0259,0.0120,1.0209,0.5600,-2.7300,0.8050
61413259,sitting,0.0268,0.0117,1.0207,0.5600,-2.7650,0.7700
61413279,sitting,0.0261,0.0115,1.0197,0.5600,-2.7300,0.7700
61413298,sitting,0.0261,0.0110,1.0211,0.5600,-2.7300,0.7000
61413317,sitting,0.0271,0.0112,1.0211,0.5950,-2.7650,0.7700
61413336,sitting,0.0264,0.0107,1.0207,0.5600,-2.7300,0.7350
61413356,sitting,0.0259,0.0105,1.0209,0.5600,-2.7300,0.7700
61413375,sitting,0.0259,0.0100,1.0211,0.5600,-2.7300,0.7350
61413394,sitting,0.0271,0.0107,1.0211,0.5950,-2.7300,0.7700
61413413,sitting,0.0256,0.0112,1.0199,0.5600,-2.7650,0.7700
61413432,sitting,0.0261,0.0110,1.0209,0.5950,-2.7650,0.7700
61413452,sitting,0.0261,0.0115,1.0216,0.6300,-2.7300,0.7700
61413471,sitting,0.0266,0.0110,1.0207,0.5600,-2.7300,0.7000
61413490,sitting,0.0266,0.0112,1.0214,0.5600,-2.7650,0.7700
61413509,sitting,0.0261,0.0115,1.0202,0.5600,-2.7650,0.7700
61413529,sitting,0.0259,0.0115,1.0211,0.5600,-2.7650,0.8050
61413548,sitting,0.0251,0.0110,1.0209,0.5600,-2.8000,0.7700
61413567,sitting,0.0259,0.0110,1.0211,0.5600,-2.7300,0.8050
61413586,sitting,0.0256,0.0122,1.0199,0.5600,-2.7300,0.7700
61413606,sitting,0.0266,0.0120,1.0216,0.5600,-2.7300,0.7700
61413625,sitting,0.0266,0.0112,1.0204,0.5600,-2.8000,0.7350
61413644,sitting,0.0261,0.0122,1.0219,0.5600,-2.7300,0.7700
61413663,sitting,0.0259,0.0120,1.0209,0.5600,-2.7300,0.7700
61413682,sitting,0.0259,0.0122,1.0209,0.5600,-2.7650,0.7700
61413702,sitting,0.0259,0.0105,1.0216,0.5600,-2.7650,0.7700
61413721,sitting,0.0264,0.0102,1.0214,0.5600,-2.7300,0.7700
61413740,sitting,0.0264,0.0105,1.0216,0.5600,-2.7650,0.7350
61413759,sitting,0.0266,0.0122,1.0209,0.5600,-2.7300,0.7350
61413779,sitting,0.0259,0.0110,1.0219,0.5600,-2.8000,0.7700
61413798,sitting,0.0264,0.0110,1.0209,0.5600,-2.7300,0.7350
61413817,sitting,0.0254,0.0105,1.0204,0.5950,-2.7650,0.7350
61413836,sitting,0.0259,0.0107,1.0207,0.5950,-2.8000,0.7000
61413856,sitting,0.0264,0.0115,1.0204,0.5600,-2.7300,0.8050
61413875,sitting,0.0259,0.0110,1.0216,0.5600,-2.7650,0.7700
61413894,sitting,0.0261,0.0110,1.0199,0.5950,-2.7650,0.7700
61413913,sitting,0.0259,0.0127,1.0202,0.5600,-2.7650,0.7700
61413932,sitting,0.0256,0.0102,1.0202,0.5600,-2.7650,0.7700
61413952,sitting,0.0261,0.0115,1.0209,0.5600,-2.7300,0.7700
61413971,sitting,0.0261,0.0117,1.0211,0.5600,-2.7650,0.7700
61413990,sitting,0.0259,0.0112,1.0199,0.5600,-2.8000,0.7350
61414009,sitting,0.0266,0.0120,1.0209,0.5600,-2.7300,0.7700
61414029,sitting,0.0259,0.0120,1.0209,0.5600,-2.7300,0.7700
61414048,sitting,0.0254,0.0112,1.0214,0.5600,-2.7650,0.7700
61414067,sitting,0.0266,0.0112,1.0207,0.5600,-2.7300,0.7700
61414086,sitting,0.0261,0.0107,1.0204,0.5600,-2.7300,0.7700
61414106,sitting,0.0259,0.0115,1.0204,0.5600,-2.7300,0.7700
61414125,sitting,0.0266,0.0117,1.0194,0.5600,-2.7300,0.7700
61414144,sitting,0.0266,0.0115,1.0202,0.5600,-2.7300,0.7350
61414163,sitting,0.0261,0.0105,1.0211,0.5600,-2.7300,0.7700
61414182,sitting,0.0266,0.0102,1.0209,0.5600,-2.7300,0.7350
61414202,sitting,0.0268,0.0107,1.0211,0.5600,-2.7300,0.7700
61414221,sitting,0.0259,0.0107,1.0199,0.5600,-2.8000,0.7700
61414240,sitting,0.0259,0.0124,1.0204,0.5600,-2.7650,0.7350
61414259,sitting,0.0259,0.0122,1.0214,0.5250,-2.7300,0.7350
61414279,sitting,0.0259,0.0115,1.0211,0.4900,-2.7650,0.7700
61414298,sitting,0.0273,0.0107,1.0207,0.5600,-2.7650,0.7350
61414317,sitting,0.0259,0.0112,1.0207,0.5600,-2.7300,0.7700
61414336,sitting,0.0256,0.0117,1.0199,0.5600,-2.7300,0.7700
61414356,sitting,0.0264,0.0117,1.0209,0.5600,-2.7650,0.7700
61414375,sitting,0.0261,0.0115,1.0207,0.5600,-2.7300,0.7700
61414394,sitting,0.0256,0.0112,1.0211,0.5600,-2.7650,0.7700
61414413,sitting,0.0268,0.0117,1.0211,0.5600,-2.7650,0.7700
61414432,sitting,0.0266,0.0115,1.0214,0.5600,-2.7300,0.7700
61414452,sitting,0.0256,0.0107,1.0211,0.5600,-2.7650,0.7700
61414471,sitting,0.0264,0.0117,1.0209,0.5600,-2.8000,0.7700
61414490,sitting,0.0259,0.0110,1.0199,0.5600,-2.7300,0.7700
61414509,sitting,0.0251,0.0124,1.0202,0.5600,-2.8000,0.7700
61414529,sitting,0.0266,0.0115,1.0207,0.5600,-2.8000,0.7700
61414548,sitting,0.0254,0.0122,1.0211,0.5600,-2.7650,0.7350
61414567,sitting,0.0264,0.0115,1.0209,0.5600,-2.7650,0.7700
61414586,sitting,0.0254,0.0110,1.0209,0.5600,-2.8000,0.7700
61414606,sitting,0.0249,0.0115,1.0204,0.5600,-2.8000,0.7700
61414625,sitting,0.0256,0.0110,1.0209,0.5600,-2.7650,0.7700
61414644,sitting,0.0259,0.0117,1.0214,0.5600,-2.8000,0.7350
61414663,sitting,0.0249,0.0107,1.0209,0.5600,-2.7650,0.7350
61414682,sitting,0.0256,0.0112,1.0204,0.5950,-2.7300,0.7700
61414702,sitting,0.0264,0.0107,1.0219,0.5250,-2.8000,0.7700
61414721,sitting,0.0264,0.0105,1.0207,0.5600,-2.7650,0.7700
61414740,sitting,0.0261,0.0107,1.0219,0.5600,-2.7650,0.7700
61414759,sitting,0.0268,0.0107,1.0211,0.5600,-2.8000,0.7700
61414779,sitting,0.0261,0.0120,1.0202,0.5600,-2.8000,0.7350
61414798,sitting,0.0264,0.0110,1.0192,0.5250,-2.7650,0.7700
61414817,sitting,0.0261,0.0115,1.0204,0.5600,-2.7650,0.7000
61414836,sitting,0.0254,0.0112,1.0211,0.5250,-2.7650,0.7350
61414856,sitting,0.0264,0.0122,1.0202,0.5600,-2.7650,0.7700
61414875,sitting,0.0264,0.0115,1.0216,0.5250,-2.7650,0.7700
61414894,sitting,0.0271,0.0110,1.0214,0.5250,-2.7650,0.7700
61414913,sitting,0.0268,0.0115,1.0209,0.5600,-2.7650,0.7700
61414932,sitting,0.0268,0.0115,1.0197,0.5600,-2.7650,0.7700
61414952,sitting,0.0261,0.0127,1.0199,0.5600,-2.7650,0.7700
61414971,sitting,0.0254,0.0112,1.0207,0.5600,-2.7300,0.7700
61414990,sitting,0.0264,0.0105,1.0207,0.5250,-2.7650,0.7700
61415009,sitting,0.0261,0.0105,1.0197,0.5600,-2.7300,0.7700
61415029,sitting,0.0259,0.0110,1.0207,0.5600,-2.7300,0.7700
61415048,sitting,0.0259,0.0120,1.0204,0.5600,-2.7300,0.7700
61415067,sitting,0.0266,0.0122,1.0214,0.5600,-2.7300,0.7700
61415086,sitting,0.0261,0.0112,1.0214,0.5600,-2.7300,0.7350
61415106,sitting,0.0259,0.0115,1.0207,0.5600,-2.7300,0.7700
61415125,sitting,0.0271,0.0120,1.0207,0.5600,-2.7300,0.7700
61415144,sitting,0.0261,0.0112,1.0211,0.5600,-2.7650,0.7700
61415163,sitting,0.0261,0.0117,1.0209,0.5600,-2.7650,0.7700
61415182,sitting,0.0261,0.0112,1.0204,0.5600,-2.7300,0.7700
61415202,sitting,0.0264,0.0120,1.0209,0.5600,-2.8000,0.7700
61415221,sitting,0.0261,0.0115,1.0214,0.6300,-2.8000,0.7350
61415240,sitting,0.0259,0.0105,1.0202,0.5600,-2.8000,0.7700
61415259,sitting,0.0259,0.0107,1.0214,0.5250,-2.8000,0.8050
61415279,sitting,0.0259,0.0115,1.0207,0.5600,-2.7650,0.7700
61415298,sitting,0.0268,0.0107,1.0209,0.5600,-2.7300,0.7700
61415317,sitting,0.0268,0.0112,1.0216,0.5600,-2.7300,0.7000
61415336,sitting,0.0261,0.0115,1.0202,0.5600,-2.7300,0.7700
61415356,sitting,0.0251,0.0120,1.0204,0.5600,-2.7650,0.7700
61415375,sitting,0.0254,0.0124,1.0216,0.5600,-2.7300,0.7700
61415394,sitting,0.0261,0.0127,1.0197,0.5250,-2.7300,0.7700
61415413,sitting,0.0261,0.0124,1.0199,0.5600,-2.7300,0.8050
61415432,sitting,0.0259,0.0117,1.0194,0.5600,-2.7650,0.7700
61415452,sitting,0.0264,0.0107,1.0204,0.5950,-2.7300,0.7700
61415471,sitting,0.0266,0.0115,1.0197,0.5950,-2.7650,0.7700
61415490,sitting,0.0261,0.0112,1.0192,0.5600,-2.7300,0.7350
61415509,sitting,0.0256,0.0115,1.0194,0.5600,-2.7300,0.7700
61415529,sitting,0.0256,0.0112,1.0199,0.5950,-2.7650,0.7700
61415548,sitting,0.0256,0.0110,1.0197,0.5600,-2.7300,0.7350
61415567,sitting,0.0251,0.0120,1.0209,0.5600,-2.8000,0.7700
61415586,sitting,0.0256,0.0110,1.0211,0.5950,-2.7650,0.7700
61415606,sitting,0.0259,0.0115,1.0209,0.5600,-2.8000,0.7700
61415625,sitting,0.0266,0.0115,1.0211,0.5950,-2.8000,0.7700
61415644,sitting,0.0256,0.0117,1.0211,0.5600,-2.7650,0.7700
61415663,sitting,0.0256,0.0117,1.0207,0.5600,-2.7650,0.7700
61415682,sitting,0.0264,0.0115,1.0202,0.5950,-2.7650,0.7700
61415702,sitting,0.0254,0.0105,1.0207,0.5950,-2.7650,0.7700
61415721,sitting,0.0259,0.0124,1.0209,0.5600,-2.7300,0.7700
61415740,sitting,0.0254,0.0117,1.0209,0.5600,-2.7650,0.7700
61415759,sitting,0.0268,0.0122,1.0202,0.5600,-2.8000,0.8050
61415779,sitting,0.0271,0.0120,1.0216,0.5600,-2.7650,0.7700
61415798,sitting,0.0259,0.0115,1.0214,0.5950,-2.7300,0.7700
61415817,sitting,0.0261,0.0120,1.0202,0.5600,-2.7650,0.7700
61415836,sitting,0.0256,0.0120,1.0204,0.5600,-2.7300,0.7700
61415856,sitting,0.0261,0.0112,1.0211,0.5600,-2.7650,0.7700
61415875,sitting,0.0254,0.0112,1.0214,0.5600,-2.7650,0.7700
61415894,sitting,0.0259,0.0107,1.0209,0.5600,-2.7650,0.7700
61415913,sitting,0.0264,0.0110,1.0211,0.5950,-2.7650,0.7700
61415932,sitting,0.0259,0.0117,1.0214,0.5600,-2.7650,0.7700
61415952,sitting,0.0249,0.0105,1.0207,0.5600,-2.7300,0.7700
61415971,sitting,0.0259,0.0115,1.0207,0.5600,-2.7650,0.7350
61415990,sitting,0.0264,0.0117,1.0204,0.5600,-2.7650,0.7700
61416009,sitting,0.0251,0.0117,1.0197,0.5600,-2.7300,0.7700
61416029,sitting,0.0256,0.0110,1.0209,0.5600,-2.8000,0.7700
61416048,sitting,0.0266,0.0105,1.0204,0.5600,-2.7650,0.7350
61416067,sitting,0.0268,0.0112,1.0207,0.5600,-2.7650,0.7700
61416086,sitting,0.0264,0.0107,1.0202,0.5600,-2.8000,0.7700
61416106,sitting,0.0256,0.0117,1.0207,0.5600,-2.8000,0.7350
61416125,sitting,0.0261,0.0112,1.0211,0.5600,-2.7300,0.7350
61416144,sitting,0.0259,0.0112,1.0216,0.5600,-2.7650,0.7700
61416163,sitting,0.0256,0.0107,1.0211,0.5600,-2.7650,0.7350
61416182,sitting,0.0261,0.0117,1.0204,0.5600,-2.7300,0.7700
61416202,sitting,0.0259,0.0112,1.0207,0.5600,-2.8000,0.7700
61416221,sitting,0.0264,0.0115,1.0194,0.5600,-2.7650,0.8400
61416240,sitting,0.0261,0.0117,1.0211,0.5250,-2.7650,0.7700
61416259,sitting,0.0254,0.0110,1.0211,0.5600,-2.7300,0.7700
61416279,sitting,0.0259,0.0115,1.0209,0.5600,-2.7300,0.7700
61416298,sitting,0.0259,0.0120,1.0207,0.5950,-2.7300,0.8050
61416317,sitting,0.0264,0.0112,1.0209,0.5600,-2.7300,0.7700
61416336,sitting,0.0266,0.0112,1.0202,0.5600,-2.7300,0.7700
61416356,sitting,0.0264,0.0112,1.0202,0.5250,-2.7300,0.7700
61416375,sitting,0.0261,0.0112,1.0214,0.5600,-2.8000,0.7700
61416394,sitting,0.0259,0.0117,1.0202,0.5600,-2.7300,0.7700
61416413,sitting,0.0266,0.0117,1.0202,0.5600,-2.7650,0.7700
61416432,sitting,0.0256,0.0120,1.0207,0.5950,-2.7300,0.7700
61416452,sitting,0.0256,0.0117,1.0204,0.5600,-2.7300,0.7000
61416471,sitting,0.0264,0.0112,1.0209,0.5950,-2.7300,0.7700
61416490,sitting,0.0259,0.0110,1.0214,0.5950,-2.7650,0.7700
61416509,sitting,0.0266,0.0105,1.0216,0.5600,-2.7650,0.7700
61416529,sitting,0.0259,0.0120,1.0216,0.5250,-2.7650,0.7700
61416548,sitting,0.0259,0.0110,1.0207,0.5600,-2.7650,0.7700
61416567,sitting,0.0266,0.0117,1.0209,0.5950,-2.7650,0.7350
61416586,sitting,0.0268,0.0124,1.0199,0.5600,-2.8000,0.7700
61416606,sitting,0.0251,0.0115,1.0204,0.5250,-2.8000,0.8050
61416625,sitting,0.0259,0.0107,1.0211,0.5600,-2.7650,0.7700
61416644,sitting,0.0256,0.0110,1.0207,0.5600,-2.7650,0.7700
61416663,sitting,0.0259,0.0115,1.0204,0.5600,-2.7650,0.8050
61416682,sitting,0.0259,0.0107,1.0204,0.5950,-2.8000,0.7700
61416702,sitting,0.0264,0.0112,1.0194,0.5600,-2.7300,0.8050
61416721,sitting,0.0268,0.0105,1.0207,0.5600,-2.7650,0.7700
61416740,sitting,0.0266,0.0100,1.0209,0.5600,-2.7300,0.7700
61416759,sitting,0.0266,0.0105,1.0207,0.5950,-2.7300,0.7700
61416779,sitting,0.0264,0.0107,1.0219,0.5950,-2.7300,0.7700
61416798,sitting,0.0261,0.0120,1.0209,0.5950,-2.7300,0.7700
61416817,sitting,0.0261,0.0115,1.0207,0.5600,-2.7650,0.7700
61416836,sitting,0.0251,0.0110,1.0216,0.5600,-2.7300,0.7700
61416856,sitting,0.0261,0.0115,1.0207,0.5600,-2.7300,0.7700
61416875,sitting,0.0264,0.0115,1.0204,0.5600,-2.7650,0.7350
61416894,sitting,0.0254,0.0112,1.0199,0.5600,-2.7650,0.7000
61416913,sitting,0.0249,0.0115,1.0204,0.5600,-2.7300,0.7700
61416932,sitting,0.0254,0.0107,1.0199,0.5950,-2.7300,0.7700
61416952,sitting,0.0261,0.0110,1.0214,0.5600,-2.7300,0.7700
61416971,sitting,0.0264,0.0117,1.0207,0.5600,-2.7300,0.7700
61416990,sitting,0.0266,0.0110,1.0211,0.5250,-2.7650,0.7700
61417009,sitting,0.0261,0.0115,1.0209,0.5600,-2.7300,0.7350
61417029,sitting,0.0264,0.0115,1.0207,0.5600,-2.7650,0.7350
61417048,sitting,0.0264,0.0102,1.0209,0.5600,-2.7650,0.7350
61417067,sitting,0.0271,0.0105,1.0204,0.5600,-2.7300,0.8050
61417086,sitting,0.0266,0.0120,1.0202,0.5950,-2.7300,0.7700
61417106,sitting,0.0256,0.0117,1.0207,0.5250,-2.7650,0.8050
61417125,sitting,0.0268,0.0105,1.0207,0.5600,-2.7300,0.7700
61417144,sitting,0.0264,0.0105,1.0199,0.5600,-2.7300,0.8050
61417163,sitting,0.0256,0.0115,1.0204,0.5600,-2.7300,0.7700
61417182,sitting,0.0259,0.0115,1.0209,0.5600,-2.7650,0.7700
61417202,sitting,0.0259,0.0110,1.0211,0.5600,-2.7300,0.7700
61417221,sitting,0.0256,0.0122,1.0209,0.5600,-2.7300,0.7700
61417240,sitting,0.0259,0.0112,1.0204,0.5600,-2.7300,0.7700
61417259,sitting,0.0261,0.0110,1.0204,0.5600,-2.7650,0.7700
61417279,sitting,0.0264,0.0120,1.0209,0.5950,-2.7650,0.7700
61417298,sitting,0.0256,0.0112,1.0204,0.5600,-2.7300,0.7700
61417317,sitting,0.0256,0.0112,1.0216,0.5600,-2.7650,0.7700
61417336,sitting,0.0254,0.0115,1.0214,0.5250,-2.7300,0.7350
61417356,sitting,0.0268,0.0112,1.0209,0.5600,-2.8000,0.7700
61417375,sitting,0.0268,0.0105,1.0209,0.5250,-2.8000,0.7350
61417394,sitting,0.0266,0.0120,1.0207,0.5600,-2.7300,0.7700
61417413,sitting,0.0268,0.0112,1.0204,0.5600,-2.7300,0.7700
61417432,sitting,0.0264,0.0115,1.0211,0.5950,-2.7650,0.7700
61417452,sitting,0.0256,0.0120,1.0214,0.5600,-2.7650,0.7700
61417471,sitting,0.0256,0.0117,1.0224,0.5250,-2.7650,0.7700
61417490,sitting,0.0256,0.0117,1.0204,0.5600,-2.7650,0.8050
61417509,sitting,0.0254,0.0117,1.0199,0.5950,-2.8000,0.7700
61417529,sitting,0.0259,0.0117,1.0219,0.5600,-2.7650,0.7700
61417548,sitting,0.0261,0.0124,1.0211,0.5600,-2.7650,0.7700
61417567,sitting,0.0261,0.0124,1.0211,0.5600,-2.8000,0.7700
61417586,sitting,0.0266,0.0120,1.0216,0.5600,-2.7650,0.7700
61417606,sitting,0.0261,0.0120,1.0209,0.5600,-2.7300,0.7700
61417625,sitting,0.0261,0.0117,1.0211,0.5600,-2.7650,0.7700
61417644,sitting,0.0261,0.0120,1.0216,0.5600,-2.7650,0.7700
61417663,sitting,0.0261,0.0107,1.0207,0.5600,-2.7650,0.7700
61417682,sitting,0.0266,0.0105,1.0211,0.5600,-2.7300,0.7700
61417702,sitting,0.0259,0.0105,1.0211,0.5600,-2.7300,0.7350
61417721,sitting,0.0254,0.0105,1.0211,0.5600,-2.7300,0.7700
61417740,sitting,0.0264,0.0110,1.0204,0.5600,-2.7300,0.7350
61417759,sitting,0.0261,0.0120,1.0194,0.5250,-2.7300,0.7700
61417779,sitting,0.0256,0.0105,1.0204,0.5250,-2.7300,0.7700
61417798,sitting,0.0256,0.0110,1.0211,0.5600,-2.7300,0.7350
61417817,sitting,0.0259,0.0117,1.0216,0.5600,-2.7650,0.7700
61417836,sitting,0.0264,0.0112,1.0207,0.5600,-2.8000,0.7700
61417856,sitting,0.0254,0.0100,1.0207,0.5600,-2.7650,0.7350
61417875,sitting,0.0256,0.0112,1.0221,0.5600,-2.8000,0.7700
61417894,sitting,0.0264,0.0115,1.0211,0.5600,-2.8000,0.7700
61417913,sitting,0.0261,0.0105,1.0214,0.5600,-2.7650,0.7700
61417932,sitting,0.0259,0.0110,1.0209,0.5600,-2.7650,0.7700
61417952,sitting,0.0259,0.0117,1.0202,0.5250,-2.7650,0.7700
61417971,sitting,0.0259,0.0117,1.0211,0.5250,-2.7300,0.7350
61417990,sitting,0.0261,0.0112,1.0209,0.5600,-2.7300,0.7700
61418009,sitting,0.0266,0.0112,1.0211,0.5250,-2.7300,0.7700
61418029,sitting,0.0261,0.0117,1.0202,0.5600,-2.7300,0.7700
61418048,sitting,0.0271,0.0112,1.0197,0.5600,-2.7650,0.7700
61418067,sitting,0.0268,0.0110,1.0207,0.5600,-2.7650,0.7700
61418086,sitting,0.0268,0.0100,1.0197,0.5600,-2.7300,0.7700
61418106,sitting,0.0266,0.0112,1.0209,0.5600,-2.7300,0.7700
61418125,sitting,0.0244,0.0120,1.0204,0.5600,-2.8000,0.7700
61418144,sitting,0.0264,0.0107,1.0204,0.5600,-2.7300,0.7700
61418163,sitting,0.0259,0.0120,1.0209,0.5950,-2.8000,0.7350
61418182,sitting,0.0264,0.0122,1.0216,0.5600,-2.7650,0.7350
61418202,sitting,0.0266,0.0115,1.0204,0.5600,-2.7300,0.7350
61418221,sitting,0.0259,0.0117,1.0204,0.5600,-2.7650,0.7350
61418240,sitting,0.0268,0.0115,1.0199,0.5600,-2.8000,0.7700
61418259,sitting,0.0264,0.0110,1.0211,0.5950,-2.7300,0.7350
61418279,sitting,0.0254,0.0115,1.0211,0.5600,-2.7650,0.7350
61418298,sitting,0.0259,0.0112,1.0211,0.5950,-2.7300,0.7700
61418317,sitting,0.0268,0.0117,1.0207,0.5600,-2.7650,0.7700
61418336,sitting,0.0259,0.0110,1.0214,0.5600,-2.7650,0.7700
61418356,sitting,0.0254,0.0112,1.0197,0.5600,-2.8000,0.7700
61418375,sitting,0.0261,0.0112,1.0207,0.5600,-2.8000,0.7350
61418394,sitting,0.0266,0.0120,1.0194,0.5250,-2.8000,0.7700
61418413,sitting,0.0259,0.0115,1.0207,0.5600,-2.7300,0.7700
61418432,sitting,0.0261,0.0110,1.0194,0.5600,-2.7650,0.8050
61418452,sitting,0.0261,0.0117,1.0199,0.5600,-2.7650,0.7700
61418471,sitting,0.0268,0.0117,1.0214,0.5600,-2.7650,0.7700
61418490,sitting,0.0264,0.0110,1.0209,0.5600,-2.7300,0.7700
61418509,sitting,0.0259,0.0112,1.0204,0.5600,-2.7300,0.7700
61418529,sitting,0.0268,0.0115,1.0202,0.5600,-2.7300,0.7700
61418548,sitting,0.0256,0.0115,1.0192,0.5600,-2.7300,0.7700
61418567,sitting,0.0266,0.0117,1.0199,0.5600,-2.7300,0.7700
61418586,sitting,0.0261,0.0115,1.0207,0.5600,-2.7300,0.7700
61418606,sitting,0.0261,0.0117,1.0207,0.5950,-2.7650,0.7700
61418625,sitting,0.0261,0.0124,1.0209,0.5600,-2.7300,0.7700
61418644,sitting,0.0254,0.0112,1.0214,0.5600,-2.8000,0.7350
61418663,sitting,0.0266,0.0115,1.0214,0.5600,-2.8000,0.7700
61418682,sitting,0.0266,0.0110,1.0209,0.5600,-2.8000,0.7350
61418702,sitting,0.0261,0.0112,1.0214,0.5600,-2.7650,0.7700
61418721,sitting,0.0254,0.0115,1.0216,0.5950,-2.7650,0.7700
61418740,sitting,0.0256,0.0107,1.0209,0.5600,-2.7650,0.7700
61418759,sitting,0.0264,0.0112,1.0209,0.5600,-2.7650,0.7700
61418779,sitting,0.0264,0.0115,1.0216,0.5250,-2.8000,0.7700
61418798,sitting,0.0261,0.0117,1.0202,0.5950,-2.7650,0.7700
61418817,sitting,0.0266,0.0115,1.0199,0.5950,-2.7650,0.7700
61418836,sitting,0.0259,0.0110,1.0204,0.5600,-2.8000,0.7700
61418856,sitting,0.0259,0.0115,1.0192,0.5600,-2.7650,0.8050
61418875,sitting,0.0259,0.0117,1.0214,0.5600,-2.8000,0.7700
61418894,sitting,0.0273,0.0105,1.0207,0.5600,-2.8000,0.7700
61418913,sitting,0.0259,0.0120,1.0204,0.5600,-2.7300,0.7700
61418932,sitting,0.0266,0.0112,1.0214,0.5600,-2.7650,0.7700
61418952,sitting,0.0264,0.0115,1.0202,0.5600,-2.7650,0.7700
61418971,sitting,0.0264,0.0107,1.0214,0.5600,-2.7650,0.7700
61418990,sitting,0.0259,0.0115,1.0204,0.5600,-2.8000,0.7700
61419009,sitting,0.0256,0.0120,1.0214,0.5600,-2.7300,0.7700
61419029,sitting,0.0266,0.0115,1.0209,0.5600,-2.7300,0.7700
61419048,sitting,0.0268,0.0112,1.0204,0.5950,-2.7650,0.7700
61419067,sitting,0.0266,0.0112,1.0207,0.5600,-2.7300,0.7700
61419086,sitting,0.0268,0.0107,1.0209,0.5600,-2.7300,0.7700
61419106,sitting,0.0261,0.0115,1.0209,0.5250,-2.7300,0.7700
61419125,sitting,0.0278,0.0115,1.0209,0.5600,-2.7300,0.7700
61419144,sitting,0.0261,0.0110,1.0204,0.5600,-2.7650,0.7700
61419163,sitting,0.0249,0.0122,1.0224,0.5600,-2.7650,0.7700
61419182,sitting,0.0266,0.0120,1.0216,0.5600,-2.8000,0.7350
61419202,sitting,0.0256,0.0120,1.0211,0.5600,-2.7650,0.7700
61419221,sitting,0.0259,0.0110,1.0209,0.5250,-2.7650,0.7700
61419240,sitting,0.0268,0.0112,1.0216,0.5600,-2.7650,0.7350
61419259,sitting,0.0264,0.0105,1.0209,0.5600,-2.7300,0.7700
61419279,sitting,0.0264,0.0117,1.0194,0.5600,-2.7650,0.7700
61419298,sitting,0.0266,0.0115,1.0202,0.5600,-2.7300,0.8050
61419317,sitting,0.0259,0.0117,1.0202,0.5600,-2.7300,0.7700
61419336,sitting,0.0256,0.0105,1.0207,0.5600,-2.7650,0.7700
61419356,sitting,0.0261,0.0110,1.0224,0.5600,-2.8000,0.7700
61419375,sitting,0.0256,0.0112,1.0209,0.5600,-2.8000,0.7700
61419394,sitting,0.0261,0.0110,1.0199,0.5600,-2.8000,0.7700
61419413,sitting,0.0273,0.0120,1.0209,0.5600,-2.7650,0.7700
61419432,sitting,0.0268,0.0117,1.0202,0.5950,-2.8000,0.7700
61419452,sitting,0.0256,0.0117,1.0204,0.5950,-2.7300,0.7700
61419471,sitting,0.0266,0.0107,1.0211,0.5600,-2.7300,0.7700
61419490,sitting,0.0266,0.0112,1.0209,0.5600,-2.7650,0.7700
61419509,sitting,0.0268,0.0100,1.0204,0.5600,-2.7300,0.7350
61419529,sitting,0.0254,0.0105,1.0211,0.5600,-2.7300,0.7350
61419548,sitting,0.0246,0.0107,1.0204,0.5600,-2.7300,0.7700
61419567,sitting,0.0254,0.0107,1.0211,0.5600,-2.7300,0.7700
61419586,sitting,0.0261,0.0117,1.0221,0.5600,-2.7300,0.7700
61419606,sitting,0.0259,0.0112,1.0224,0.5950,-2.8000,0.7350
61419625,sitting,0.0259,0.0102,1.0214,0.5600,-2.7650,0.7700
61419644,sitting,0.0261,0.0105,1.0207,0.5600,-2.7650,0.7700
61419663,sitting,0.0249,0.0110,1.0209,0.5600,-2.7650,0.7700
61419682,sitting,0.0256,0.0115,1.0219,0.5600,-2.8000,0.7700
61419702,sitting,0.0259,0.0120,1.0209,0.5600,-2.7650,0.7700
61419721,sitting,0.0259,0.0112,1.0209,0.5600,-2.8000,0.8400
61419740,sitting,0.0264,0.0112,1.0211,0.5950,-2.7300,0.7700
61419759,sitting,0.0266,0.0105,1.0211,0.5600,-2.7650,0.8050
61419779,sitting,0.0256,0.0107,1.0207,0.5600,-2.7300,0.8050
61419798,sitting,0.0261,0.0110,1.0214,0.5600,-2.7300,0.7700
61419817,sitting,0.0261,0.0124,1.0207,0.5600,-2.7300,0.7700
61419836,sitting,0.0251,0.0120,1.0202,0.5600,-2.7300,0.7700
61419856,sitting,0.0259,0.0127,1.0209,0.5950,-2.7300,0.7700
61419875,sitting,0.0264,0.0120,1.0211,0.5600,-2.7300,0.7700
61419894,sitting,0.0271,0.0115,1.0216,0.5600,-2.7300,0.7700
61419913,sitting,0.0259,0.0124,1.0197,0.5600,-2.8000,0.7700
61419932,sitting,0.0261,0.0110,1.0211,0.5950,-2.7300,0.7700
61419952,sitting,0.0261,0.0120,1.0202,0.5950,-2.8000,0.7350
61419971,sitting,0.0268,0.0112,1.0199,0.5600,-2.8000,0.7700
61419990,sitting,0.0266,0.0115,1.0202,0.5600,-2.7650,0.7700
61420009,sitting,0.0254,0.0117,1.0209,0.5950,-2.7300,0.7700
61420029,sitting,0.0264,0.0122,1.0199,0.5600,-2.7300,0.7700
61420048,sitting,0.0266,0.0122,1.0211,0.5950,-2.8000,0.7700
61420067,sitting,0.0261,0.0120,1.0219,0.5600,-2.7300,0.7700
61420086,sitting,0.0264,0.0100,1.0221,0.5250,-2.7300,0.7700
61420106,sitting,0.0264,0.0115,1.0204,0.5600,-2.7650,0.7700
61420125,sitting,0.0266,0.0115,1.0202,0.5950,-2.8000,0.7700
61420144,sitting,0.0268,0.0117,1.0211,0.5600,-2.7650,0.7700
61420163,sitting,0.0268,0.0122,1.0204,0.5600,-2.7650,0.7700
61420182,sitting,0.0266,0.0110,1.0211,0.5600,-2.8000,0.8050
61420202,sitting,0.0264,0.0107,1.0204,0.5950,-2.7650,0.7700
61420221,sitting,0.0264,0.0112,1.0207,0.5600,-2.7300,0.7700
61420240,sitting,0.0271,0.0107,1.0202,0.5600,-2.7300,0.7700
61420259,sitting,0.0254,0.0120,1.0204,0.5600,-2.8000,0.7700
61420279,sitting,0.0256,0.0115,1.0202,0.5950,-2.7650,0.7700
61420298,sitting,0.0254,0.0115,1.0202,0.5600,-2.7650,0.7700
61420317,sitting,0.0256,0.0115,1.0207,0.5600,-2.8000,0.7700
61420336,sitting,0.0266,0.0110,1.0209,0.5600,-2.8000,0.7700
61420356,sitting,0.0261,0.0117,1.0209,0.5600,-2.7300,0.7700
61420375,sitting,0.0261,0.0115,1.0211,0.5950,-2.7650,0.7700
61420394,sitting,0.0259,0.0112,1.0197,0.5600,-2.8000,0.7350
61420413,sitting,0.0261,0.0110,1.0197,0.5600,-2.7650,0.7350
61420432,sitting,0.0259,0.0115,1.0209,0.5600,-2.8000,0.7700
61420452,sitting,0.0251,0.0120,1.0211,0.5600,-2.7650,0.7350
61420471,sitting,0.0266,0.0112,1.0214,0.5600,-2.7650,0.7350
61420490,sitting,0.0266,0.0112,1.0202,0.5600,-2.7300,0.7700
61420509,sitting,0.0264,0.0105,1.0207,0.5600,-2.8000,0.7700
61420529,sitting,0.0264,0.0107,1.0199,0.5600,-2.8000,0.7350
61420548,sitting,0.0259,0.0112,1.0209,0.5600,-2.7300,0.7700
61420567,sitting,0.0254,0.0115,1.0194,0.5600,-2.8000,0.7700
61420586,sitting,0.0256,0.0102,1.0202,0.5250,-2.7650,0.7700
61420606,sitting,0.0268,0.0120,1.0202,0.5600,-2.7650,0.7700
61420625,sitting,0.0261,0.0112,1.0216,0.5600,-2.7650,0.7700
61420644,sitting,0.0261,0.0110,1.0199,0.5600,-2.7650,0.7700
61420663,sitting,0.0259,0.0115,1.0204,0.5600,-2.8000,0.7350
61420682,sitting,0.0256,0.0115,1.0209,0.5600,-2.7650,0.7700
61420702,sitting,0.0256,0.0107,1.0207,0.5600,-2.7650,0.7700
61420721,sitting,0.0266,0.0115,1.0207,0.5950,-2.7650,0.7700
61420740,sitting,0.0264,0.0110,1.0207,0.5950,-2.7300,0.7700
61420759,sitting,0.0261,0.0112,1.0209,0.5600,-2.8000,0.7700
61420779,sitting,0.0261,0.0117,1.0209,0.5600,-2.7650,0.7700
61420798,sitting,0.0264,0.0112,1.0207,0.5950,-2.7300,0.7700
61420817,sitting,0.0264,0.0110,1.0214,0.5600,-2.7300,0.7700
61420836,sitting,0.0261,0.0112,1.0211,0.5600,-2.7300,0.7700
61420856,sitting,0.0264,0.0112,1.0211,0.5600,-2.7300,0.7350
61420875,sitting,0.0254,0.0124,1.0197,0.5600,-2.7650,0.7700
61420894,sitting,0.0246,0.0115,1.0202,0.5600,-2.7300,0.7350
61420913,sitting,0.0264,0.0120,1.0202,0.5950,-2.7300,0.7700
61420932,sitting,0.0268,0.0110,1.0211,0.6300,-2.8000,0.8050
61420952,sitting,0.0268,0.0105,1.0209,0.5250,-2.7650,0.7350
61420971,sitting,0.0268,0.0120,1.0207,0.6300,-2.7650,0.7350
61420990,sitting,0.0271,0.0117,1.0204,0.5950,-2.7650,0.7700
61421009,sitting,0.0268,0.0115,1.0216,0.6300,-2.7650,0.7700
61421029,sitting,0.0259,0.0107,1.0219,0.5250,-2.7650,0.7700
61421048,sitting,0.0256,0.0110,1.0204,0.5600,-2.7300,0.7700
61421067,sitting,0.0256,0.0115,1.0204,0.5600,-2.8000,0.7700
61421086,sitting,0.0266,0.0105,1.0209,0.5600,-2.7300,0.7700
61421106,sitting,0.0261,0.0115,1.0202,0.5250,-2.7300,0.7700
61421125,sitting,0.0249,0.0102,1.0216,0.5600,-2.7300,0.7700
61421144,sitting,0.0264,0.0110,1.0207,0.5600,-2.7650,0.7700
61421163,sitting,0.0261,0.0117,1.0202,0.5600,-2.7650,0.7700
61421182,sitting,0.0259,0.0115,1.0207,0.5950,-2.7650,0.7700
61421202,sitting,0.0268,0.0110,1.0204,0.5600,-2.7300,0.7700
61421221,sitting,0.0264,0.0105,1.0202,0.5600,-2.7300,0.7700
61421240,sitting,0.0249,0.0115,1.0209,0.5600,-2.7300,0.7700
61421259,sitting,0.0266,0.0117,1.0209,0.5600,-2.7300,0.7700
61421279,sitting,0.0261,0.0110,1.0204,0.5600,-2.8000,0.7350
61421298,sitting,0.0259,0.0112,1.0209,0.5950,-2.7650,0.7700
61421317,sitting,0.0259,0.0117,1.0204,0.5600,-2.7650,0.7700
61421336,sitting,0.0259,0.0117,1.0214,0.5950,-2.7650,0.7700
61421356,sitting,0.0261,0.0105,1.0199,0.5250,-2.7300,0.7700
61421375,sitting,0.0264,0.0117,1.0214,0.5600,-2.7650,0.7700
61421394,sitting,0.0259,0.0115,1.0209,0.5600,-2.7650,0.7700
61421413,sitting,0.0266,0.0112,1.0211,0.5600,-2.7300,0.7700
61421432,sitting,0.0268,0.0120,1.0209,0.5600,-2.7650,0.7700
61421452,sitting,0.0256,0.0117,1.0207,0.5250,-2.8000,0.7700
61421471,sitting,0.0256,0.0115,1.0216,0.5600,-2.7650,0.7700
61421490,sitting,0.0264,0.0110,1.0204,0.5250,-2.7650,0.7700
61421509,sitting,0.0256,0.0120,1.0209,0.5250,-2.8000,0.8050
61421529,sitting,0.0264,0.0107,1.0209,0.5600,-2.7300,0.7700
61421548,sitting,0.0259,0.0112,1.0207,0.5600,-2.7650,0.7700
61421567,sitting,0.0256,0.0129,1.0204,0.5600,-2.8000,0.7700
61421586,sitting,0.0254,0.0110,1.0194,0.5600,-2.7650,0.7700
61421606,sitting,0.0259,0.0115,1.0207,0.5950,-2.7300,0.7700
61421625,sitting,0.0256,0.0107,1.0202,0.5600,-2.7300,0.7700
61421644,sitting,0.0266,0.0107,1.0204,0.5950,-2.7650,0.7700
61421663,sitting,0.0259,0.0112,1.0211,0.5600,-2.7300,0.7700
61421682,sitting,0.0266,0.0112,1.0216,0.5600,-2.7300,0.7700
61421702,sitting,0.0261,0.0122,1.0204,0.5950,-2.7650,0.7700
61421721,sitting,0.0264,0.0112,1.0211,0.5600,-2.7300,0.7700
61421740,sitting,0.0261,0.0115,1.0202,0.5600,-2.8000,0.7350
61421759,sitting,0.0261,0.0115,1.0207,0.5950,-2.7300,0.7700
61421779,sitting,0.0256,0.0117,1.0209,0.5600,-2.7650,0.7350
61421798,sitting,0.0259,0.0117,1.0209,0.5950,-2.7650,0.7700
61421817,sitting,0.0259,0.0117,1.0209,0.6300,-2.8000,0.7700
61421836,sitting,0.0264,0.0112,1.0209,0.5600,-2.8000,0.7700
61421856,sitting,0.0259,0.0107,1.0189,0.5600,-2.8000,0.7700
61421875,sitting,0.0261,0.0122,1.0204,0.5600,-2.8000,0.7700
61421894,sitting,0.0264,0.0120,1.0207,0.5600,-2.8000,0.7700
61421913,sitting,0.0264,0.0112,1.0209,0.5600,-2.7300,0.7700
61421932,sitting,0.0271,0.0112,1.0194,0.4900,-2.7300,0.7700
61421952,sitting,0.0264,0.0115,1.0202,0.5600,-2.7650,0.7700
61421971,sitting,0.0259,0.0105,1.0209,0.5250,-2.7650,0.7700
61421990,sitting,0.0266,0.0110,1.0202,0.5600,-2.8000,0.7700
61422009,sitting,0.0264,0.0112,1.0204,0.6300,-2.7650,0.7700
61422029,sitting,0.0254,0.0122,1.0207,0.5250,-2.7650,0.8050
61422048,sitting,0.0261,0.0117,1.0221,0.5950,-2.7300,0.7700
61422067,sitting,0.0268,0.0107,1.0211,0.5600,-2.7650,0.7700
61422086,sitting,0.0268,0.0110,1.0211,0.5600,-2.7300,0.7700
61422106,sitting,0.0271,0.0122,1.0216,0.5950,-2.7300,0.7700
61422125,sitting,0.0256,0.0115,1.0207,0.5600,-2.7650,0.7700
61422144,sitting,0.0259,0.0107,1.0202,0.5600,-2.7300,0.7700
61422163,sitting,0.0256,0.0102,1.0202,0.5600,-2.8000,0.7700
61422182,sitting,0.0259,0.0112,1.0209,0.5600,-2.7650,0.7700
61422202,sitting,0.0251,0.0115,1.0207,0.5600,-2.7650,0.7700
61422221,sitting,0.0256,0.0112,1.0209,0.5600,-2.7650,0.7700
61422240,sitting,0.0261,0.0124,1.0199,0.5600,-2.7300,0.7700
61422259,sitting,0.0261,0.0124,1.0204,0.5950,-2.7300,0.7700
61422279,sitting,0.0264,0.0117,1.0211,0.5600,-2.8000,0.7700
61422298,sitting,0.0266,0.0120,1.0214,0.4900,-2.7300,0.7700
61422317,sitting,0.0271,0.0115,1.0216,0.5250,-2.7650,0.7700
61422336,sitting,0.0259,0.0110,1.0199,0.5600,-2.7300,0.7700
61422356,sitting,0.0256,0.0117,1.0209,0.5950,-2.7650,0.7350
61422375,sitting,0.0254,0.0117,1.0211,0.5600,-2.8000,0.7700
61422394,sitting,0.0266,0.0115,1.0207,0.5600,-2.7650,0.7700
61422413,sitting,0.0266,0.0120,1.0194,0.5600,-2.7300,0.7700
61422432,sitting,0.0266,0.0110,1.0214,0.5600,-2.7300,0.7700
61422452,sitting,0.0266,0.0120,1.0202,0.5600,-2.7650,0.7700
61422471,sitting,0.0259,0.0122,1.0211,0.5600,-2.7650,0.7700
61422490,sitting,0.0261,0.0124,1.0209,0.5600,-2.7300,0.7700
61422509,sitting,0.0261,0.0115,1.0202,0.5600,-2.7300,0.7700
61422529,sitting,0.0268,0.0115,1.0204,0.5600,-2.7300,0.7700
61422548,sitting,0.0259,0.0117,1.0202,0.5600,-2.7650,0.7700
61422567,sitting,0.0251,0.0107,1.0214,0.5600,-2.7300,0.7700
61422586,sitting,0.0259,0.0110,1.0207,0.5600,-2.7300,0.7700
61422606,sitting,0.0261,0.0112,1.0209,0.5600,-2.7650,0.7350
61422625,sitting,0.0268,0.0120,1.0207,0.5950,-2.7650,0.7700
61422644,sitting,0.0268,0.0112,1.0209,0.5950,-2.8000,0.7350
61422663,sitting,0.0266,0.0110,1.0202,0.5600,-2.7300,0.7000
61422682,sitting,0.0256,0.0120,1.0202,0.5600,-2.7300,0.7350
61422702,sitting,0.0266,0.0102,1.0209,0.5600,-2.7300,0.7700
61422721,sitting,0.0264,0.0117,1.0209,0.5600,-2.7650,0.7350
61422740,sitting,0.0254,0.0107,1.0202,0.5600,-2.7650,0.7350
61422759,sitting,0.0259,0.0110,1.0207,0.5250,-2.7650,0.7700
61422779,sitting,0.0261,0.0102,1.0211,0.5600,-2.8000,0.7700
61422798,sitting,0.0261,0.0112,1.0207,0.5600,-2.7650,0.7700
61422817,sitting,0.0254,0.0110,1.0204,0.5600,-2.7300,0.8050
61422836,sitting,0.0261,0.0120,1.0209,0.5250,-2.7300,0.7700
61422856,sitting,0.0256,0.0110,1.0204,0.5600,-2.7650,0.7700
61422875,sitting,0.0264,0.0112,1.0207,0.5600,-2.7650,0.7700
61422894,sitting,0.0271,0.0115,1.0207,0.5600,-2.8000,0.7700
61422913,sitting,0.0266,0.0120,1.0207,0.5600,-2.7650,0.7700
61422932,sitting,0.0264,0.0115,1.0207,0.5600,-2.7300,0.7700
61422952,sitting,0.0259,0.0115,1.0214,0.5950,-2.7300,0.7700
61422971,sitting,0.0259,0.0112,1.0209,0.5950,-2.7300,0.7350
61422990,sitting,0.0259,0.0112,1.0219,0.5600,-2.7300,0.7700
61423009,sitting,0.0256,0.0124,1.0209,0.5600,-2.7650,0.7700
61423029,sitting,0.0268,0.0112,1.0214,0.5600,-2.7650,0.7350
61423048,sitting,0.0271,0.0112,1.0209,0.5950,-2.7650,0.7700
61423067,sitting,0.0266,0.0107,1.0209,0.5600,-2.7300,0.7350
61423086,sitting,0.0256,0.0115,1.0207,0.5950,-2.7300,0.7700
61423106,sitting,0.0273,0.0112,1.0211,0.5600,-2.7650,0.7700
61423125,sitting,0.0268,0.0110,1.0207,0.5600,-2.7650,0.7700
61423144,sitting,0.0261,0.0115,1.0199,0.5600,-2.7650,0.7700
61423163,sitting,0.0264,0.0112,1.0197,0.5950,-2.8000,0.7700
61423182,sitting,0.0261,0.0115,1.0211,0.5600,-2.7300,0.7700
61423202,sitting,0.0251,0.0124,1.0209,0.5600,-2.7650,0.7700
61423221,sitting,0.0261,0.0112,1.0202,0.5250,-2.8000,0.7700
61423240,sitting,0.0264,0.0112,1.0202,0.5600,-2.7300,0.7350
61423259,sitting,0.0256,0.0117,1.0207,0.5600,-2.7300,0.7700
61423279,sitting,0.0266,0.0112,1.0209,0.5950,-2.7650,0.7700
61423298,sitting,0.0264,0.0112,1.0216,0.5950,-2.7650,0.7700
61423317,sitting,0.0259,0.0115,1.0207,0.5950,-2.7300,0.7700
61423336,sitting,0.0268,0.0112,1.0197,0.5600,-2.7300,0.8400
61423356,sitting,0.0266,0.0115,1.0202,0.5600,-2.7300,0.7700
61423375,sitting,0.0259,0.0122,1.0204,0.5950,-2.7650,0.7700
61423394,sitting,0.0254,0.0122,1.0216,0.5600,-2.8000,0.7700
61423413,sitting,0.0264,0.0112,1.0211,0.5950,-2.7300,0.7700
61423432,sitting,0.0266,0.0115,1.0202,0.5600,-2.8000,0.7700
61423452,sitting,0.0264,0.0115,1.0199,0.5600,-2.8000,0.7700
61423471,sitting,0.0268,0.0115,1.0211,0.5600,-2.7650,0.7700
61423490,sitting,0.0268,0.0110,1.0209,0.5600,-2.7650,0.7700
61423509,sitting,0.0264,0.0110,1.0209,0.5600,-2.7300,0.7000
61423529,sitting,0.0254,0.0110,1.0211,0.5600,-2.7650,0.7700
61423548,sitting,0.0264,0.0110,1.0211,0.5600,-2.7650,0.7700
61423567,sitting,0.0264,0.0107,1.0202,0.5600,-2.7650,0.7350
61423586,sitting,0.0254,0.0120,1.0197,0.5600,-2.8000,0.7700
61423606,sitting,0.0256,0.0120,1.0211,0.5950,-2.8000,0.7700
61423625,sitting,0.0256,0.0110,1.0211,0.5250,-2.8000,0.7700
61423644,sitting,0.0254,0.0112,1.0204,0.5600,-2.8000,0.8050
61423663,sitting,0.0259,0.0115,1.0194,0.5600,-2.7650,0.7700
61423682,sitting,0.0268,0.0112,1.0207,0.5600,-2.7300,0.7700
61423702,sitting,0.0266,0.0112,1.0216,0.5250,-2.7650,0.7700
61423721,sitting,0.0259,0.0107,1.0207,0.5250,-2.7650,0.7700
61423740,sitting,0.0261,0.0112,1.0197,0.5600,-2.7300,0.7700
61423759,sitting,0.0256,0.0117,1.0204,0.5600,-2.7650,0.7700
61423779,sitting,0.0264,0.0115,1.0211,0.5600,-2.8000,0.7700
61423798,sitting,0.0259,0.0105,1.0207,0.5600,-2.8000,0.7700
61423817,sitting,0.0268,0.0112,1.0209,0.5250,-2.7300,0.8050
61423836,sitting,0.0251,0.0110,1.0211,0.6300,-2.7650,0.7700
61423856,sitting,0.0254,0.0110,1.0209,0.5600,-2.7300,0.7700
61423875,sitting,0.0261,0.0112,1.0207,0.5600,-2.7300,0.7350
61423894,sitting,0.0259,0.0107,1.0199,0.5600,-2.7300,0.7000
61423913,sitting,0.0256,0.0117,1.0207,0.5600,-2.7300,0.7700
61423932,sitting,0.0254,0.0110,1.0204,0.5600,-2.7300,0.7350
61423952,sitting,0.0249,0.0122,1.0211,0.5600,-2.7650,0.7700
61423971,sitting,0.0251,0.0115,1.0207,0.5600,-2.7650,0.7700
61423990,sitting,0.0256,0.0110,1.0209,0.5600,-2.7300,0.7700
61424009,sitting,0.0259,0.0115,1.0204,0.5600,-2.8000,0.7700
61424029,sitting,0.0254,0.0112,1.0207,0.5600,-2.8000,0.7700
61424048,sitting,0.0256,0.0107,1.0216,0.5600,-2.8000,0.7700
61424067,sitting,0.0251,0.0110,1.0207,0.5600,-2.7650,0.7700
61424086,sitting,0.0251,0.0115,1.0204,0.5600,-2.8000,0.7700
61424106,sitting,0.0256,0.0120,1.0199,0.5250,-2.7650,0.7700
61424125,sitting,0.0261,0.0120,1.0211,0.5600,-2.7300,0.7700
61424144,sitting,0.0266,0.0122,1.0209,0.5600,-2.7300,0.7700
61424163,sitting,0.0261,0.0115,1.0216,0.5600,-2.7650,0.7700
61424182,sitting,0.0256,0.0120,1.0202,0.5600,-2.7300,0.7700
61424202,sitting,0.0256,0.0117,1.0207,0.5600,-2.7650,0.7700
61424221,sitting,0.0259,0.0120,1.0207,0.5600,-2.8000,0.7700
61424240,sitting,0.0254,0.0122,1.0219,0.5600,-2.7300,0.7700
61424259,sitting,0.0261,0.0112,1.0214,0.5250,-2.8000,0.7700
61424279,sitting,0.0264,0.0117,1.0209,0.5600,-2.7300,0.8050
61424298,sitting,0.0254,0.0117,1.0214,0.5600,-2.7650,0.7700
61424317,sitting,0.0256,0.0120,1.0211,0.5600,-2.7650,0.7700
61424336,sitting,0.0261,0.0112,1.0202,0.5950,-2.7650,0.7700
61424356,sitting,0.0268,0.0112,1.0204,0.5600,-2.7650,0.7700
61424375,sitting,0.0256,0.0117,1.0216,0.5600,-2.7300,0.7000
61424394,sitting,0.0261,0.0120,1.0194,0.5600,-2.7650,0.7700
61424413,sitting,0.0256,0.0112,1.0202,0.5950,-2.8000,0.7700
61424432,sitting,0.0268,0.0112,1.0204,0.5600,-2.7650,0.7700
61424452,sitting,0.0256,0.0112,1.0221,0.5600,-2.7300,0.7700
61424471,sitting,0.0271,0.0100,1.0216,0.5600,-2.8000,0.7700
61424490,sitting,0.0266,0.0105,1.0211,0.5250,-2.7300,0.7350
61424509,sitting,0.0259,0.0102,1.0204,0.5600,-2.7650,0.7700
61424529,sitting,0.0254,0.0107,1.0211,0.5600,-2.8000,0.7700
61424548,sitting,0.0264,0.0112,1.0204,0.5600,-2.7300,0.7700
61424567,sitting,0.0251,0.0107,1.0207,0.5600,-2.7650,0.7700
61424586,sitting,0.0266,0.0115,1.0202,0.5600,-2.7300,0.7700
61424606,sitting,0.0254,0.0107,1.0202,0.5600,-2.7650,0.7700
61424625,sitting,0.0264,0.0110,1.0204,0.5600,-2.7300,0.7700
61424644,sitting,0.0256,0.0117,1.0209,0.5600,-2.7300,0.7700
61424663,sitting,0.0261,0.0115,1.0204,0.5600,-2.7650,0.7700
61424682,sitting,0.0256,0.0110,1.0216,0.5600,-2.7300,0.7700
61424702,sitting,0.0266,0.0110,1.0214,0.5600,-2.7650,0.7700
61424721,sitting,0.0259,0.0112,1.0209,0.5600,-2.7650,0.7700
61424740,sitting,0.0266,0.0112,1.0214,0.5950,-2.7300,0.7700
61424759,sitting,0.0266,0.0115,1.0216,0.5600,-2.7300,0.7700
61424779,sitting,0.0256,0.0117,1.0219,0.5600,-2.7300,0.7700
61424798,sitting,0.0259,0.0107,1.0211,0.5250,-2.7650,0.7700
61424817,sitting,0.0256,0.0117,1.0214,0.5600,-2.7650,0.7700
61424836,sitting,0.0264,0.0117,1.0204,0.5250,-2.8000,0.7350
61424856,sitting,0.0271,0.0115,1.0204,0.5600,-2.7300,0.7700
61424875,sitting,0.0268,0.0110,1.0207,0.5600,-2.7300,0.7350
61424894,sitting,0.0268,0.0122,1.0216,0.5600,-2.7300,0.7700
61424913,sitting,0.0261,0.0117,1.0214,0.5600,-2.7300,0.7700
61424932,sitting,0.0256,0.0115,1.0209,0.5950,-2.7650,0.7700
61424952,sitting,0.0256,0.0120,1.0202,0.5600,-2.7650,0.7700
61424971,sitting,0.0264,0.0112,1.0202,0.5600,-2.8000,0.8050
61424990,sitting,0.0256,0.0112,1.0197,0.5950,-2.7650,0.7700
61425009,sitting,0.0251,0.0120,1.0199,0.5250,-2.7300,0.7700
61425029,sitting,0.0261,0.0115,1.0224,0.5600,-2.7650,0.8050
61425048,sitting,0.0266,0.0115,1.0216,0.5600,-2.7650,0.8050
61425067,sitting,0.0259,0.0112,1.0214,0.5600,-2.7300,0.7700
61425086,sitting,0.0266,0.0115,1.0219,0.5600,-2.7650,0.7700
61425106,sitting,0.0266,0.0120,1.0211,0.5600,-2.7300,0.7700
61425125,sitting,0.0261,0.0110,1.0204,0.5600,-2.7300,0.8050
61425144,sitting,0.0261,0.0115,1.0214,0.5600,-2.7650,0.7700
61425163,sitting,0.0256,0.0120,1.0207,0.5600,-2.7650,0.7700
61425182,sitting,0.0254,0.0120,1.0211,0.5600,-2.7650,0.7350
61425202,sitting,0.0261,0.0115,1.0209,0.5600,-2.7650,0.7700
61425221,sitting,0.0266,0.0120,1.0197,0.5600,-2.7650,0.7700
61425240,sitting,0.0264,0.0112,1.0197,0.5600,-2.7650,0.7700
61425259,sitting,0.0256,0.0110,1.0204,0.5600,-2.7650,0.7350
61425279,sitting,0.0264,0.0117,1.0211,0.5250,-2.7300,0.7700
61425298,sitting,0.0261,0.0107,1.0204,0.5600,-2.7650,0.7700
61425317,sitting,0.0261,0.0110,1.0202,0.5600,-2.7300,0.7700
61425336,sitting,0.0254,0.0122,1.0199,0.5950,-2.7300,0.7700
