timestamp_ms,label,acc_x_g,acc_y_g,acc_z_g,gyro_x_dps,gyro_y_dps,gyro_z_dps
61756929,sitting,1.0014,-0.0027,-0.0285,0.5600,-2.8000,0.7350
61756948,sitting,1.0021,-0.0039,-0.0281,0.5600,-2.8000,0.7350
61756967,sitting,1.0016,-0.0034,-0.0290,0.5600,-2.7650,0.7700
61756986,sitting,1.0014,-0.0017,-0.0290,0.5250,-2.7650,0.7700
61757006,sitting,1.0011,-0.0024,-0.0281,0.5600,-2.7300,0.7700
61757025,sitting,1.0019,-0.0020,-0.0290,0.5950,-2.7300,0.7700
61757044,sitting,1.0016,-0.0032,-0.0288,0.5600,-2.7650,0.7700
61757063,sitting,1.0011,-0.0034,-0.0290,0.5600,-2.7300,0.7700
61757083,sitting,1.0019,-0.0024,-0.0290,0.5600,-2.7300,0.7700
61757102,sitting,1.0024,-0.0037,-0.0276,0.5600,-2.7300,0.7700
61757121,sitting,1.0011,-0.0032,-0.0295,0.5600,-2.7650,0.7700
61757140,sitting,1.0019,-0.0027,-0.0285,0.5950,-2.7300,0.7350
61757160,sitting,1.0024,-0.0039,-0.0293,0.5600,-2.7300,0.7700
61757179,sitting,1.0021,-0.0027,-0.0283,0.5950,-2.7300,0.7700
61757198,sitting,1.0021,-0.0032,-0.0281,0.5250,-2.7650,0.7700
61757217,sitting,1.0014,-0.0039,-0.0285,0.5250,-2.7650,0.7700
61757236,sitting,1.0021,-0.0037,-0.0278,0.5600,-2.8000,0.7350
61757256,sitting,1.0009,-0.0032,-0.0290,0.5600,-2.8000,0.7700
61757275,sitting,1.0019,-0.0024,-0.0290,0.5600,-2.7300,0.7700
61757294,sitting,1.0016,-0.0022,-0.0293,0.5600,-2.7300,0.7700
61757313,sitting,1.0019,-0.0017,-0.0285,0.5600,-2.8000,0.7350
61757333,sitting,1.0016,-0.0034,-0.0283,0.5600,-2.7650,0.7700
61757352,sitting,1.0028,-0.0046,-0.0281,0.5250,-2.8000,0.7700
61757371,sitting,1.0011,-0.0037,-0.0293,0.5250,-2.7300,0.8400
61757390,sitting,1.0011,-0.0029,-0.0295,0.5250,-2.7650,0.7700
61757410,sitting,1.0009,-0.0037,-0.0288,0.5600,-2.7300,0.7700
61757429,sitting,1.0016,-0.0032,-0.0290,0.5600,-2.7300,0.7700
61757448,sitting,1.0028,-0.0027,-0.0295,0.5600,-2.7300,0.7700
61757467,sitting,1.0024,-0.0027,-0.0298,0.5250,-2.7650,0.7700
61757486,sitting,1.0014,-0.0029,-0.0276,0.5600,-2.7300,0.7700
61757506,sitting,1.0009,-0.0037,-0.0285,0.5600,-2.7650,0.7700
61757525,sitting,1.0016,-0.0034,-0.0281,0.5950,-2.8000,0.7700
61757544,sitting,1.0021,-0.0022,-0.0288,0.5600,-2.7300,0.7350
61757563,sitting,1.0019,-0.0034,-0.0290,0.5600,-2.7300,0.7700
61757583,sitting,1.0028,-0.0027,-0.0283,0.5950,-2.7300,0.8050
61757602,sitting,1.0019,-0.0034,-0.0290,0.5600,-2.7300,0.7700
61757621,sitting,1.0009,-0.0032,-0.0283,0.5600,-2.8000,0.7700
61757640,sitting,1.0019,-0.0027,-0.0290,0.5600,-2.8000,0.7350
61757660,sitting,1.0011,-0.0029,-0.0281,0.5600,-2.7650,0.7000
61757679,sitting,1.0009,-0.0034,-0.0288,0.5600,-2.7300,0.7350
61757698,sitting,1.0016,-0.0032,-0.0290,0.5600,-2.8000,0.7350
61757717,sitting,1.0016,-0.0020,-0.0288,0.5600,-2.7650,0.7700
61757736,sitting,1.0011,-0.0032,-0.0293,0.5600,-2.8000,0.7700
61757756,sitting,1.0009,-0.0034,-0.0293,0.5600,-2.8000,0.8050
61757775,sitting,1.0021,-0.0029,-0.0285,0.5250,-2.7650,0.8050
61757794,sitting,1.0021,-0.0027,-0.0283,0.5600,-2.7650,0.7350
61757813,sitting,1.0014,-0.0034,-0.0293,0.5250,-2.7650,0.7350
61757833,sitting,1.0016,-0.0029,-0.0293,0.5600,-2.8000,0.7700
61757852,sitting,1.0016,-0.0034,-0.0276,0.5600,-2.8000,0.7700
61757871,sitting,1.0021,-0.0032,-0.0283,0.5250,-2.8000,0.7700
61757890,sitting,1.0024,-0.0027,-0.0295,0.5600,-2.7300,0.7700
61757910,sitting,1.0021,-0.0027,-0.0288,0.5600,-2.8000,0.7700
61757929,sitting,1.0028,-0.0029,-0.0283,0.5600,-2.7650,0.7700
61757948,sitting,1.0011,-0.0024,-0.0285,0.5600,-2.7300,0.7700
61757967,sitting,1.0019,-0.0027,-0.0288,0.5600,-2.7300,0.7700
61757986,sitting,1.0019,-0.0034,-0.0290,0.5600,-2.8000,0.7700
61758006,sitting,1.0019,-0.0037,-0.0285,0.5600,-2.7300,0.7700
61758025,sitting,1.0016,-0.0029,-0.0290,0.5600,-2.7650,0.7700
61758044,sitting,1.0014,-0.0022,-0.0285,0.5600,-2.7650,0.7700
61758063,sitting,1.0011,-0.0027,-0.0283,0.5600,-2.7300,0.7350
61758083,sitting,1.0019,-0.0032,-0.0283,0.5250,-2.7650,0.7700
61758102,sitting,1.0016,-0.0024,-0.0288,0.5600,-2.7650,0.7350
61758121,sitting,1.0009,-0.0029,-0.0293,0.5600,-2.7300,0.7350
61758140,sitting,1.0021,-0.0032,-0.0288,0.5600,-2.7650,0.7000
61758160,sitting,1.0019,-0.0032,-0.0283,0.5950,-2.7650,0.7700
61758179,sitting,1.0021,-0.0027,-0.0276,0.5600,-2.7300,0.7700
61758198,sitting,1.0014,-0.0032,-0.0276,0.5600,-2.7650,0.7700
61758217,sitting,1.0009,-0.0032,-0.0281,0.5600,-2.7300,0.7700
61758236,sitting,1.0009,-0.0041,-0.0281,0.5600,-2.7650,0.7700
61758256,sitting,1.0011,-0.0041,-0.0281,0.5600,-2.7650,0.8050
61758275,sitting,1.0009,-0.0032,-0.0281,0.5600,-2.8000,0.7700
61758294,sitting,1.0016,-0.0027,-0.0290,0.5600,-2.8000,0.7700
61758313,sitting,1.0014,-0.0029,-0.0276,0.5600,-2.8000,0.8050
61758333,sitting,1.0011,-0.0032,-0.0285,0.5600,-2.7300,0.7700
61758352,sitting,1.0014,-0.0020,-0.0285,0.5600,-2.7650,0.8050
61758371,sitting,1.0021,-0.0022,-0.0285,0.5600,-2.7300,0.7700
61758390,sitting,1.0021,-0.0029,-0.0293,0.5250,-2.7300,0.7350
61758410,sitting,1.0024,-0.0032,-0.0290,0.5250,-2.7650,0.7700
61758429,sitting,1.0019,-0.0027,-0.0285,0.5600,-2.7300,0.7700
61758448,sitting,1.0009,-0.0020,-0.0293,0.5600,-2.8000,0.7700
61758467,sitting,1.0016,-0.0017,-0.0290,0.5600,-2.7650,0.7700
61758486,sitting,1.0024,-0.0032,-0.0290,0.5600,-2.7300,0.7700
61758506,sitting,1.0014,-0.0029,-0.0281,0.5600,-2.7300,0.7700
61758525,sitting,1.0016,-0.0022,-0.0288,0.5600,-2.7650,0.7700
61758544,sitting,1.0016,-0.0037,-0.0288,0.5600,-2.7300,0.7700
61758563,sitting,1.0019,-0.0032,-0.0290,0.5600,-2.8000,0.7700
61758583,sitting,1.0019,-0.0029,-0.0290,0.5250,-2.7650,0.7350
61758602,sitting,1.0019,-0.0034,-0.0290,0.5600,-2.7650,0.7350
61758621,sitting,1.0033,-0.0029,-0.0300,0.5600,-2.7300,0.7700
61758640,sitting,1.0031,-0.0029,-0.0298,0.5600,-2.7650,0.7700
61758660,sitting,1.0011,-0.0027,-0.0293,0.5600,-2.7650,0.7350
61758679,sitting,1.0016,-0.0022,-0.0290,0.5600,-2.7300,0.7700
61758698,sitting,1.0019,-0.0034,-0.0293,0.5600,-2.7300,0.7700
61758717,sitting,1.0011,-0.0022,-0.0281,0.5600,-2.7650,0.7700
61758736,sitting,1.0014,-0.0022,-0.0290,0.5600,-2.8000,0.7700
61758756,sitting,1.0014,-0.0029,-0.0295,0.5600,-2.7300,0.7700
61758775,sitting,1.0024,-0.0029,-0.0283,0.5600,-2.7650,0.8050
61758794,sitting,1.0016,-0.0020,-0.0281,0.5250,-2.7650,0.7700
61758813,sitting,1.0014,-0.0027,-0.0293,0.5250,-2.8000,0.7700
61758833,sitting,1.0014,-0.0024,-0.0288,0.5250,-2.7300,0.7700
61758852,sitting,1.0014,-0.0032,-0.0288,0.5600,-2.7650,0.7700
61758871,sitting,1.0011,-0.0029,-0.0283,0.5600,-2.7650,0.8050
61758890,sitting,1.0016,-0.0037,-0.0285,0.5600,-2.7650,0.7350
61758910,sitting,1.0011,-0.0022,-0.0298,0.5600,-2.8000,0.7700
61758929,sitting,1.0026,-0.0032,-0.0288,0.5600,-2.7300,0.7700
61758948,sitting,1.0014,-0.0022,-0.0293,0.5600,-2.7650,0.7700
61758967,sitting,1.0014,-0.0024,-0.0281,0.5600,-2.7650,0.7700
61758986,sitting,1.0016,-0.0034,-0.0271,0.5250,-2.7300,0.7700
61759006,sitting,1.0021,-0.0024,-0.0290,0.5600,-2.8000,0.7700
61759025,sitting,1.0011,-0.0027,-0.0290,0.5600,-2.7300,0.7700
61759044,sitting,1.0019,-0.0032,-0.0278,0.5950,-2.6950,0.7700
61759063,sitting,1.0014,-0.0032,-0.0288,0.5600,-2.7300,0.7700
61759083,sitting,1.0019,-0.0032,-0.0290,0.5600,-2.7650,0.7700
61759102,sitting,1.0021,-0.0032,-0.0293,0.5250,-2.7650,0.7700
61759121,sitting,1.0014,-0.0020,-0.0281,0.5600,-2.7650,0.7700
61759140,sitting,1.0011,-0.0024,-0.0283,0.5600,-2.7300,0.7700
61759160,sitting,1.0031,-0.0017,-0.0285,0.5600,-2.8000,0.7350
61759179,sitting,1.0006,-0.0020,-0.0293,0.5250,-2.8000,0.7350
61759198,sitting,1.0014,-0.0029,-0.0295,0.5600,-2.7650,0.7700
61759217,sitting,1.0011,-0.0032,-0.0288,0.5600,-2.8000,0.7350
61759236,sitting,1.0024,-0.0029,-0.0285,0.5600,-2.7650,0.7700
61759256,sitting,1.0021,-0.0032,-0.0285,0.5600,-2.7650,0.7700
61759275,sitting,1.0026,-0.0032,-0.0276,0.5600,-2.7650,0.7700
61759294,sitting,1.0009,-0.0039,-0.0278,0.5600,-2.7650,0.7700
61759313,sitting,1.0024,-0.0024,-0.0288,0.5600,-2.7300,0.7700
61759333,sitting,1.0011,-0.0020,-0.0283,0.5250,-2.7650,0.7700
61759352,sitting,1.0016,-0.0034,-0.0283,0.5600,-2.7650,0.7700
61759371,sitting,1.0019,-0.0024,-0.0290,0.5250,-2.7650,0.7700
61759390,sitting,1.0024,-0.0027,-0.0283,0.5950,-2.7300,0.7700
61759410,sitting,1.0021,-0.0024,-0.0290,0.5600,-2.7650,0.7700
61759429,sitting,1.0011,-0.0029,-0.0278,0.5600,-2.8000,0.7350
61759448,sitting,1.0011,-0.0029,-0.0290,0.5600,-2.7300,0.8050
61759467,sitting,1.0019,-0.0027,-0.0285,0.5600,-2.7650,0.7700
61759486,sitting,1.0014,-0.0029,-0.0288,0.5600,-2.7650,0.8050
61759506,sitting,1.0026,-0.0032,-0.0290,0.5600,-2.7650,0.7700
61759525,sitting,1.0009,-0.0024,-0.0285,0.5600,-2.8000,0.8400
61759544,sitting,1.0019,-0.0027,-0.0293,0.5600,-2.7300,0.8050
61759563,sitting,1.0011,-0.0044,-0.0268,0.5600,-2.6250,0.8050
61759583,sitting,1.0002,0.0034,-0.0327,0.5950,-3.2550,0.5600
61759602,sitting,1.0041,-0.0056,-0.0227,0.6300,-1.8200,1.0500
61759621,sitting,1.0009,-0.0049,-0.0303,0.4550,-3.7450,0.5250
61759640,sitting,1.0011,-0.0039,-0.0312,0.5600,-2.2050,0.8050
61759660,sitting,1.0019,-0.0044,-0.0254,0.5250,-2.7650,0.7350
61759679,sitting,1.0016,-0.0007,-0.0317,0.5250,-3.0450,0.6650
61759698,sitting,1.0014,-0.0061,-0.0276,0.5950,-2.3800,0.9100
61759717,sitting,1.0004,-0.0027,-0.0300,0.4900,-3.1500,0.5950
61759736,sitting,1.0024,0.0005,-0.0283,0.5600,-2.4500,0.7700
61759756,sitting,1.0024,-0.0027,-0.0276,0.5950,-2.9750,0.7350
61759775,sitting,1.0019,-0.0056,-0.0293,0.5600,-2.5900,0.8050
61759794,sitting,1.0011,-0.0034,-0.0290,0.5250,-2.8700,0.7000
61759813,sitting,1.0028,0.0000,-0.0271,0.5600,-2.6250,0.7700
61759833,sitting,1.0021,-0.0007,-0.0276,0.4900,-2.8350,0.8050
61759852,sitting,1.0004,-0.0051,-0.0285,0.5250,-2.7650,0.7700
61759871,sitting,1.0011,-0.0056,-0.0303,0.5250,-2.8350,0.7350
61759890,sitting,1.0019,-0.0015,-0.0293,0.5600,-2.6250,0.7350
61759910,sitting,1.0024,-0.0007,-0.0271,0.5600,-2.7650,0.7700
61759929,sitting,1.0021,-0.0032,-0.0273,0.5250,-2.7650,0.7700
61759948,sitting,1.0019,-0.0041,-0.0298,0.5600,-2.7650,0.8050
61759967,sitting,1.0014,-0.0024,-0.0278,0.5600,-2.7300,0.7350
61759986,sitting,1.0011,-0.0020,-0.0281,0.5600,-2.7650,0.7350
61760006,sitting,1.0021,-0.0032,-0.0283,0.5950,-2.7300,0.7700
61760025,sitting,1.0014,-0.0037,-0.0295,0.5600,-2.8000,0.7350
61760044,sitting,1.0014,-0.0020,-0.0295,0.5600,-2.7300,0.7700
61760063,sitting,1.0021,-0.0017,-0.0285,0.5950,-2.7650,0.8050
61760083,sitting,1.0019,-0.0034,-0.0285,0.5600,-2.7650,0.7700
61760102,sitting,1.0016,-0.0049,-0.0290,0.5600,-2.7300,0.7700
61760121,sitting,1.0016,-0.0027,-0.0283,0.5600,-2.7300,0.7000
61760140,sitting,1.0014,-0.0020,-0.0283,0.5600,-2.7300,0.7700
61760160,sitting,1.0019,-0.0024,-0.0281,0.5600,-2.7650,0.7700
61760179,sitting,1.0014,-0.0022,-0.0288,0.4900,-2.8000,0.7350
61760198,sitting,1.0016,-0.0024,-0.0288,0.5600,-2.7650,0.7700
61760217,sitting,1.0021,-0.0032,-0.0285,0.5600,-2.8000,0.7700
61760236,sitting,1.0019,-0.0039,-0.0283,0.5600,-2.7300,0.7700
61760256,sitting,1.0016,-0.0041,-0.0285,0.5600,-2.8000,0.7350
61760275,sitting,1.0014,-0.0029,-0.0285,0.5600,-2.7650,0.7700
61760294,sitting,1.0026,-0.0032,-0.0276,0.5600,-2.7650,0.7700
61760313,sitting,1.0021,-0.0041,-0.0273,0.5600,-2.8000,0.7700
61760333,sitting,1.0009,-0.0032,-0.0285,0.5600,-2.8000,0.7700
61760352,sitting,1.0009,-0.0024,-0.0290,0.5250,-2.7300,0.7700
61760371,sitting,1.0014,-0.0027,-0.0290,0.5250,-2.7300,0.7350
61760390,sitting,1.0019,-0.0032,-0.0281,0.5600,-2.7650,0.7700
61760410,sitting,1.0019,-0.0027,-0.0285,0.5600,-2.7650,0.7700
61760429,sitting,1.0019,-0.0027,-0.0288,0.5600,-2.8000,0.7700
61760448,sitting,1.0016,-0.0027,-0.0293,0.5600,-2.7300,0.8050
61760467,sitting,1.0016,-0.0039,-0.0283,0.5250,-2.7300,0.8050
61760486,sitting,1.0019,-0.0029,-0.0281,0.5600,-2.8000,0.7700
61760506,sitting,1.0024,-0.0041,-0.0288,0.5600,-2.8000,0.7700
61760525,sitting,1.0024,-0.0034,-0.0288,0.5250,-2.7650,0.7700
61760544,sitting,1.0011,-0.0029,-0.0285,0.5600,-2.7650,0.7350
61760563,sitting,1.0019,-0.0027,-0.0281,0.5600,-2.7650,0.7350
61760583,sitting,1.0016,-0.0022,-0.0283,0.5600,-2.8000,0.8050
61760602,sitting,1.0021,-0.0017,-0.0288,0.5600,-2.7650,0.7700
61760621,sitting,1.0014,-0.0032,-0.0273,0.5600,-2.7300,0.7350
61760640,sitting,1.0014,-0.0029,-0.0283,0.5600,-2.7300,0.7350
61760660,sitting,1.0024,-0.0029,-0.0290,0.5600,-2.7650,0.7350
61760679,sitting,1.0019,-0.0029,-0.0283,0.5600,-2.7300,0.7700
61760698,sitting,1.0014,-0.0024,-0.0285,0.5250,-2.7300,0.7700
61760717,sitting,1.0028,-0.0022,-0.0285,0.5600,-2.8000,0.7700
61760736,sitting,1.0033,-0.0024,-0.0285,0.5600,-2.8000,0.7700
61760756,sitting,1.0028,-0.0027,-0.0278,0.5600,-2.7650,0.7700
61760775,sitting,1.0014,-0.0027,-0.0288,0.5600,-2.7300,0.7700
61760794,sitting,1.0019,-0.0032,-0.0283,0.5950,-2.7300,0.7700
61760813,sitting,1.0016,-0.0024,-0.0285,0.5600,-2.8000,0.7700
61760833,sitting,1.0021,-0.0041,-0.0288,0.5600,-2.7650,0.7700
61760852,sitting,1.0016,-0.0027,-0.0290,0.4900,-2.7650,0.8050
61760871,sitting,1.0016,-0.0022,-0.0285,0.5600,-2.8000,0.7700
61760890,sitting,1.0016,-0.0024,-0.0276,0.5600,-2.7650,0.7700
61760910,sitting,1.0019,-0.0032,-0.0276,0.5250,-2.7650,0.7700
61760929,sitting,1.0024,-0.0032,-0.0285,0.5600,-2.7300,0.7700
61760948,sitting,1.0021,-0.0027,-0.0276,0.5600,-2.7650,0.7700
61760967,sitting,1.0021,-0.0032,-0.0273,0.5600,-2.7300,0.7700
61760986,sitting,1.0019,-0.0032,-0.0283,0.5250,-2.8000,0.7350
61761006,sitting,1.0019,-0.0027,-0.0288,0.5600,-2.8000,0.7700
61761025,sitting,1.0019,-0.0034,-0.0288,0.5600,-2.7300,0.8050
61761044,sitting,1.0016,-0.0029,-0.0295,0.5600,-2.7300,0.7700
61761063,sitting,1.0026,-0.0032,-0.0293,0.5600,-2.7300,0.7700
61761083,sitting,1.0019,-0.0017,-0.0290,0.5600,-2.7300,0.7700
61761102,sitting,1.0016,-0.0020,-0.0290,0.5250,-2.7650,0.7700
61761121,sitting,1.0019,-0.0020,-0.0285,0.5250,-2.7300,0.7700
61761140,sitting,1.0019,-0.0024,-0.0285,0.5600,-2.7650,0.7700
61761160,sitting,1.0021,-0.0024,-0.0281,0.5600,-2.7300,0.7700
61761179,sitting,1.0016,-0.0029,-0.0273,0.5250,-2.7300,0.7350
61761198,sitting,1.0021,-0.0027,-0.0283,0.5600,-2.7650,0.7700
61761217,sitting,1.0011,-0.0039,-0.0295,0.5250,-2.7650,0.7700
61761236,sitting,1.0014,-0.0024,-0.0285,0.5250,-2.7300,0.7700
61761256,sitting,1.0019,-0.0032,-0.0278,0.5600,-2.7650,0.7350
61761275,sitting,1.0021,-0.0027,-0.0281,0.5600,-2.7650,0.7700
61761294,sitting,1.0019,-0.0027,-0.0283,0.5600,-2.7650,0.7700
61761313,sitting,1.0016,-0.0027,-0.0288,0.5250,-2.8000,0.7700
61761333,sitting,1.0021,-0.0027,-0.0283,0.5600,-2.7300,0.7700
61761352,sitting,1.0028,-0.0027,-0.0281,0.5600,-2.8000,0.7700
61761371,sitting,1.0014,-0.0024,-0.0295,0.5600,-2.7650,0.7700
61761390,sitting,1.0014,-0.0034,-0.0290,0.5600,-2.8000,0.7700
61761410,sitting,1.0011,-0.0039,-0.0283,0.5600,-2.7650,0.7700
61761429,sitting,1.0024,-0.0024,-0.0290,0.5250,-2.8000,0.7700
61761448,sitting,1.0019,-0.0020,-0.0290,0.5600,-2.7650,0.7350
61761467,sitting,1.0009,-0.0037,-0.0285,0.5600,-2.7650,0.7700
61761486,sitting,1.0014,-0.0022,-0.0283,0.5600,-2.7300,0.7700
61761506,sitting,1.0024,-0.0027,-0.0281,0.5600,-2.8000,0.7700
61761525,sitting,1.0024,-0.0041,-0.0293,0.5600,-2.7650,0.7700
61761544,sitting,1.0024,-0.0039,-0.0278,0.5600,-2.8000,0.7700
61761563,sitting,1.0021,-0.0027,-0.0290,0.5600,-2.7650,0.7700
61761583,sitting,1.0019,-0.0017,-0.0298,0.5250,-2.7300,0.7350
61761602,sitting,1.0021,-0.0029,-0.0281,0.5600,-2.7650,0.7700
61761621,sitting,1.0016,-0.0034,-0.0281,0.5600,-2.8000,0.7700
61761640,sitting,1.0024,-0.0029,-0.0276,0.5950,-2.6950,0.7700
61761660,sitting,1.0016,-0.0037,-0.0278,0.5600,-2.7650,0.7700
61761679,sitting,1.0014,-0.0029,-0.0281,0.5250,-2.7650,0.7700
61761698,sitting,1.0011,-0.0024,-0.0278,0.5600,-2.7300,0.7350
61761717,sitting,1.0011,-0.0020,-0.0278,0.5600,-2.8000,0.7700
61761736,sitting,1.0024,-0.0027,-0.0293,0.5950,-2.7650,0.7700
61761756,sitting,1.0019,-0.0029,-0.0290,0.5250,-2.7650,0.7700
61761775,sitting,1.0006,-0.0027,-0.0285,0.5600,-2.8000,0.7700
61761794,sitting,1.0009,-0.0034,-0.0290,0.5600,-2.8000,0.7700
61761813,sitting,1.0014,-0.0037,-0.0288,0.5250,-2.7650,0.7700
61761833,sitting,1.0016,-0.0032,-0.0288,0.5600,-2.8000,0.7700
61761852,sitting,1.0028,-0.0034,-0.0290,0.5600,-2.8000,0.7350
61761871,sitting,1.0019,-0.0024,-0.0283,0.5250,-2.8000,0.7700
61761890,sitting,1.0024,-0.0029,-0.0281,0.5600,-2.8000,0.7700
61761910,sitting,1.0014,-0.0037,-0.0285,0.4900,-2.8000,0.7700
61761929,sitting,1.0014,-0.0024,-0.0290,0.5600,-2.7650,0.8050
61761948,sitting,1.0019,-0.0029,-0.0278,0.5600,-2.7300,0.7350
61761967,sitting,1.0011,-0.0029,-0.0285,0.5600,-2.7650,0.7700
61761986,sitting,1.0019,-0.0032,-0.0285,0.5250,-2.7650,0.7700
61762006,sitting,1.0016,-0.0032,-0.0288,0.5250,-2.7300,0.7700
61762025,sitting,1.0016,-0.0039,-0.0295,0.5250,-2.7650,0.7700
61762044,sitting,1.0021,-0.0032,-0.0288,0.5600,-2.7650,0.7700
61762063,sitting,1.0014,-0.0024,-0.0285,0.5600,-2.7650,0.7350
61762083,sitting,1.0006,-0.0029,-0.0285,0.5250,-2.7300,0.7700
61762102,sitting,1.0019,-0.0024,-0.0293,0.5600,-2.7650,0.7700
61762121,sitting,1.0021,-0.0027,-0.0295,0.5600,-2.7300,0.7350
61762140,sitting,1.0019,-0.0029,-0.0278,0.5600,-2.8000,0.7350
61762160,sitting,1.0019,-0.0034,-0.0281,0.5250,-2.7650,0.7700
61762179,sitting,1.0009,-0.0029,-0.0285,0.5600,-2.7650,0.7000
61762198,sitting,1.0016,-0.0029,-0.0288,0.5600,-2.7300,0.7700
61762217,sitting,1.0024,-0.0032,-0.0283,0.5250,-2.7300,0.7700
61762236,sitting,1.0019,-0.0032,-0.0285,0.5600,-2.8000,0.7700
61762256,sitting,1.0009,-0.0037,-0.0276,0.5950,-2.7650,0.7350
61762275,sitting,1.0009,-0.0022,-0.0290,0.5250,-2.7300,0.7700
61762294,sitting,1.0004,-0.0024,-0.0293,0.5250,-2.7300,0.7700
61762313,sitting,1.0019,-0.0037,-0.0288,0.5600,-2.8000,0.7700
61762333,sitting,1.0019,-0.0027,-0.0288,0.5950,-2.8000,0.7700
61762352,sitting,1.0011,-0.0032,-0.0295,0.5600,-2.8000,0.7700
61762371,sitting,1.0019,-0.0022,-0.0283,0.5250,-2.7650,0.7700
61762390,sitting,1.0011,-0.0029,-0.0290,0.5600,-2.7650,0.7700
61762410,sitting,1.0019,-0.0032,-0.0290,0.5600,-2.8000,0.7700
61762429,sitting,1.0016,-0.0022,-0.0290,0.5250,-2.7650,0.7700
61762448,sitting,1.0019,-0.0022,-0.0290,0.5600,-2.7300,0.7700
61762467,sitting,1.0014,-0.0032,-0.0285,0.5600,-2.7650,0.7700
61762486,sitting,1.0026,-0.0029,-0.0283,0.5600,-2.8000,0.7700
61762506,sitting,1.0014,-0.0027,-0.0278,0.5600,-2.7300,0.7700
61762525,sitting,1.0014,-0.0024,-0.0285,0.5600,-2.7300,0.7700
61762544,sitting,1.0014,-0.0027,-0.0285,0.5600,-2.7300,0.7700
61762563,sitting,1.0009,-0.0034,-0.0293,0.5600,-2.7300,0.7700
61762583,sitting,1.0006,-0.0037,-0.0281,0.5600,-2.7300,0.8050
61762602,sitting,1.0009,-0.0037,-0.0273,0.5600,-2.7650,0.7700
61762621,sitting,1.0016,-0.0041,-0.0281,0.5600,-2.7650,0.7700
61762640,sitting,1.0021,-0.0022,-0.0283,0.5600,-2.7650,0.7350
61762660,sitting,1.0014,-0.0039,-0.0285,0.5250,-2.7300,0.7700
61762679,sitting,1.0014,-0.0029,-0.0288,0.5600,-2.8000,0.7700
61762698,sitting,1.0014,-0.0032,-0.0285,0.5600,-2.7650,0.7700
61762717,sitting,1.0011,-0.0034,-0.0283,0.5600,-2.7650,0.7350
61762736,sitting,1.0021,-0.0024,-0.0283,0.5250,-2.7650,0.7700
61762756,sitting,1.0021,-0.0029,-0.0288,0.5600,-2.8000,0.7350
61762775,sitting,1.0021,-0.0041,-0.0283,0.5600,-2.8000,0.7000
61762794,sitting,1.0009,-0.0034,-0.0278,0.5600,-2.7650,0.7700
61762813,sitting,1.0016,-0.0029,-0.0293,0.5250,-2.8000,0.7700
61762833,sitting,1.0016,-0.0029,-0.0281,0.5600,-2.8000,0.7700
61762852,sitting,1.0016,-0.0034,-0.0273,0.4900,-2.7300,0.7700
61762871,sitting,1.0014,-0.0032,-0.0281,0.5600,-2.7650,0.8050
61762890,sitting,1.0014,-0.0044,-0.0288,0.5600,-2.7650,0.7700
61762910,sitting,1.0021,-0.0032,-0.0293,0.5600,-2.7650,0.7700
61762929,sitting,1.0011,-0.0029,-0.0285,0.5600,-2.7300,0.7700
61762948,sitting,1.0016,-0.0024,-0.0295,0.5600,-2.8000,0.7700
61762967,sitting,1.0024,-0.0032,-0.0288,0.5250,-2.7650,0.7700
61762986,sitting,1.0016,-0.0032,-0.0278,0.5250,-2.7300,0.7700
61763006,sitting,1.0014,-0.0029,-0.0281,0.5600,-2.7650,0.8050
61763025,sitting,1.0014,-0.0027,-0.0276,0.5600,-2.7300,0.8400
61763044,sitting,1.0011,-0.0022,-0.0290,0.5600,-2.7300,0.7350
61763063,sitting,1.0014,-0.0029,-0.0290,0.5600,-2.7300,0.7350
61763083,sitting,1.0016,-0.0027,-0.0276,0.5600,-2.8000,0.7700
61763102,sitting,1.0009,-0.0037,-0.0273,0.5600,-2.7300,0.7700
61763121,sitting,1.0011,-0.0029,-0.0276,0.5600,-2.7650,0.7350
61763140,sitting,1.0021,-0.0024,-0.0283,0.5250,-2.7300,0.7700
61763160,sitting,1.0011,-0.0029,-0.0281,0.5250,-2.7300,0.7700
61763179,sitting,1.0024,-0.0037,-0.0281,0.5600,-2.7650,0.7350
61763198,sitting,1.0021,-0.0032,-0.0285,0.5600,-2.7650,0.7700
61763217,sitting,1.0019,-0.0034,-0.0295,0.5600,-2.7300,0.7700
61763236,sitting,1.0016,-0.0024,-0.0290,0.5600,-2.7650,0.7000
61763256,sitting,1.0019,-0.0032,-0.0283,0.5250,-2.7300,0.7700
61763275,sitting,1.0028,-0.0034,-0.0283,0.5600,-2.8000,0.7700
61763294,sitting,1.0026,-0.0032,-0.0285,0.5600,-2.7650,0.7700
61763313,sitting,1.0021,-0.0024,-0.0278,0.5600,-2.7650,0.7700
61763333,sitting,1.0016,-0.0017,-0.0290,0.5600,-2.7300,0.7700
61763352,sitting,1.0019,-0.0032,-0.0285,0.5600,-2.7650,0.7700
61763371,sitting,1.0024,-0.0024,-0.0281,0.5600,-2.7650,0.7700
61763390,sitting,1.0016,-0.0037,-0.0293,0.5250,-2.8000,0.7700
61763410,sitting,1.0009,-0.0024,-0.0298,0.5600,-2.7650,0.7700
61763429,sitting,1.0011,-0.0032,-0.0285,0.4900,-2.8000,0.7700
61763448,sitting,1.0016,-0.0032,-0.0290,0.5600,-2.7650,0.7700
61763467,sitting,1.0021,-0.0029,-0.0295,0.5250,-2.7300,0.7700
61763486,sitting,1.0009,-0.0037,-0.0278,0.5600,-2.7300,0.7700
61763506,sitting,1.0021,-0.0039,-0.0276,0.5600,-2.7650,0.7700
61763525,sitting,1.0016,-0.0029,-0.0283,0.5600,-2.7300,0.8050
61763544,sitting,1.0021,-0.0037,-0.0283,0.5600,-2.7650,0.7700
61763563,sitting,1.0021,-0.0027,-0.0288,0.5250,-2.7650,0.7350
61763583,sitting,1.0014,-0.0027,-0.0290,0.5600,-2.7300,0.7700
61763602,sitting,1.0014,-0.0029,-0.0281,0.5600,-2.7300,0.7700
61763621,sitting,1.0019,-0.0029,-0.0290,0.5600,-2.7300,0.7700
61763640,sitting,1.0014,-0.0032,-0.0288,0.5600,-2.7650,0.7700
61763660,sitting,1.0019,-0.0024,-0.0288,0.5250,-2.7650,0.7700
61763679,sitting,1.0014,-0.0024,-0.0285,0.5600,-2.8000,0.7700
61763698,sitting,1.0016,-0.0024,-0.0285,0.5600,-2.7300,0.7700
61763717,sitting,1.0024,-0.0027,-0.0281,0.5600,-2.7650,0.7350
61763736,sitting,1.0009,-0.0032,-0.0281,0.5600,-2.7300,0.7350
61763756,sitting,1.0021,-0.0032,-0.0295,0.5250,-2.7650,0.7350
61763775,sitting,1.0024,-0.0029,-0.0278,0.5600,-2.7650,0.7000
61763794,sitting,1.0016,-0.0034,-0.0281,0.5600,-2.8000,0.7700
61763813,sitting,1.0016,-0.0022,-0.0271,0.5950,-2.7650,0.7700
61763833,sitting,1.0014,-0.0027,-0.0288,0.5600,-2.8000,0.7700
61763852,sitting,1.0028,-0.0027,-0.0281,0.5600,-2.7300,0.7700
61763871,sitting,1.0014,-0.0029,-0.0288,0.5600,-2.7650,0.8050
61763890,sitting,1.0011,-0.0029,-0.0283,0.5250,-2.7650,0.7700
61763910,sitting,1.0011,-0.0022,-0.0276,0.5600,-2.8000,0.7700
61763929,sitting,1.0016,-0.0024,-0.0290,0.4900,-2.7650,0.7700
61763948,sitting,1.0014,-0.0032,-0.0288,0.5600,-2.7650,0.7700
61763967,sitting,1.0021,-0.0024,-0.0285,0.5600,-2.7300,0.7700
61763986,sitting,1.0019,-0.0017,-0.0285,0.5600,-2.7300,0.7700
61764006,sitting,1.0021,-0.0037,-0.0285,0.5600,-2.7650,0.7700
61764025,sitting,1.0016,-0.0027,-0.0295,0.5600,-2.7300,0.7700
61764044,sitting,1.0019,-0.0037,-0.0283,0.5600,-2.7300,0.7700
61764063,sitting,1.0016,-0.0032,-0.0295,0.5250,-2.8000,0.7350
61764083,sitting,1.0011,-0.0024,-0.0288,0.5600,-2.7300,0.7700
61764102,sitting,1.0024,-0.0024,-0.0290,0.5600,-2.7650,0.7700
61764121,sitting,1.0021,-0.0024,-0.0273,0.5250,-2.7300,0.7700
61764140,sitting,1.0014,-0.0027,-0.0288,0.5250,-2.8000,0.8050
61764160,sitting,1.0021,-0.0032,-0.0283,0.5600,-2.8000,0.7700
61764179,sitting,1.0021,-0.0032,-0.0293,0.5600,-2.7650,0.7700
61764198,sitting,1.0019,-0.0029,-0.0285,0.5250,-2.7300,0.7700
61764217,sitting,1.0019,-0.0032,-0.0283,0.5600,-2.7300,0.8050
61764236,sitting,1.0021,-0.0029,-0.0285,0.5600,-2.7650,0.7700
61764256,sitting,1.0016,-0.0024,-0.0283,0.5600,-2.7650,0.7700
61764275,sitting,1.0021,-0.0029,-0.0288,0.5600,-2.8000,0.7700
61764294,sitting,1.0019,-0.0037,-0.0288,0.5600,-2.7650,0.7700
61764313,sitting,1.0006,-0.0024,-0.0278,0.5600,-2.7650,0.8050
61764333,sitting,1.0016,-0.0027,-0.0278,0.5600,-2.7650,0.7700
61764352,sitting,1.0011,-0.0032,-0.0285,0.5600,-2.7650,0.7700
61764371,sitting,1.0014,-0.0027,-0.0293,0.5600,-2.7650,0.7700
61764390,sitting,1.0011,-0.0037,-0.0285,0.5600,-2.7300,0.7700
61764410,sitting,1.0016,-0.0027,-0.0283,0.5600,-2.7300,0.7350
61764429,sitting,1.0009,-0.0024,-0.0288,0.5600,-2.7300,0.7700
61764448,sitting,1.0019,-0.0032,-0.0283,0.5600,-2.8000,0.7700
61764467,sitting,1.0021,-0.0034,-0.0281,0.5600,-2.8000,0.8050
61764486,sitting,1.0021,-0.0034,-0.0290,0.5950,-2.7650,0.7700
61764506,sitting,1.0014,-0.0024,-0.0288,0.5600,-2.8000,0.8050
61764525,sitting,1.0011,-0.0032,-0.0283,0.5600,-2.8000,0.7700
61764544,sitting,1.0006,-0.0029,-0.0290,0.5950,-2.7300,0.7700
61764563,sitting,1.0014,-0.0027,-0.0285,0.5950,-2.7300,0.7700
61764583,sitting,1.0016,-0.0032,-0.0283,0.5600,-2.7300,0.7700
61764602,sitting,1.0024,-0.0032,-0.0283,0.5600,-2.7650,0.7700
61764621,sitting,1.0016,-0.0027,-0.0281,0.5600,-2.7650,0.7350
61764640,sitting,1.0024,-0.0034,-0.0283,0.5600,-2.7300,0.7700
61764660,sitting,1.0019,-0.0034,-0.0281,0.5600,-2.7300,0.7350
61764679,sitting,1.0011,-0.0034,-0.0276,0.5600,-2.7300,0.7350
61764698,sitting,1.0016,-0.0029,-0.0283,0.5600,-2.7300,0.7700
61764717,sitting,1.0014,-0.0029,-0.0278,0.5600,-2.8000,0.7700
61764736,sitting,1.0019,-0.0024,-0.0293,0.5600,-2.7650,0.7350
61764756,sitting,1.0011,-0.0012,-0.0283,0.5600,-2.8000,0.7700
61764775,sitting,1.0019,-0.0020,-0.0288,0.5250,-2.7650,0.7700
61764794,sitting,1.0011,-0.0029,-0.0293,0.5600,-2.7650,0.7350
61764813,sitting,1.0011,-0.0024,-0.0293,0.5600,-2.7300,0.7700
61764833,sitting,1.0019,-0.0037,-0.0281,0.4900,-2.7650,0.7700
61764852,sitting,1.0019,-0.0037,-0.0278,0.5600,-2.7650,0.7350
61764871,sitting,1.0021,-0.0039,-0.0278,0.5600,-2.7300,0.7350
61764890,sitting,1.0024,-0.0034,-0.0283,0.5600,-2.7650,0.7700
61764910,sitting,1.0011,-0.0024,-0.0283,0.5600,-2.8000,0.7700
61764929,sitting,1.0011,-0.0034,-0.0281,0.5600,-2.7650,0.7350
61764948,sitting,1.0016,-0.0039,-0.0285,0.5600,-2.7650,0.7700
61764967,sitting,1.0021,-0.0024,-0.0285,0.5600,-2.8000,0.7350
61764986,sitting,1.0021,-0.0027,-0.0285,0.5600,-2.8000,0.7700
61765006,sitting,1.0011,-0.0032,-0.0285,0.5250,-2.8000,0.7700
61765025,sitting,1.0016,-0.0029,-0.0290,0.5600,-2.7650,0.7700
61765044,sitting,1.0016,-0.0029,-0.0278,0.5600,-2.7300,0.7700
61765063,sitting,1.0014,-0.0032,-0.0278,0.5600,-2.7300,0.7700
61765083,sitting,1.0016,-0.0022,-0.0281,0.5600,-2.7300,0.7350
61765102,sitting,1.0009,-0.0027,-0.0288,0.5600,-2.7300,0.7700
61765121,sitting,1.0019,-0.0029,-0.0276,0.5600,-2.8000,0.7700
61765140,sitting,1.0016,-0.0024,-0.0278,0.5600,-2.7650,0.7700
61765160,sitting,1.0024,-0.0020,-0.0288,0.5600,-2.7650,0.7350
61765179,sitting,1.0021,-0.0020,-0.0281,0.5600,-2.7300,0.7700
61765198,sitting,1.0026,-0.0020,-0.0281,0.5600,-2.8000,0.7700
61765217,sitting,1.0016,-0.0034,-0.0278,0.5600,-2.7650,0.7700
61765236,sitting,1.0011,-0.0027,-0.0281,0.5600,-2.7650,0.7700
61765256,sitting,1.0016,-0.0024,-0.0288,0.5600,-2.7650,0.7350
61765275,sitting,1.0009,-0.0027,-0.0278,0.5600,-2.8000,0.7700
61765294,sitting,1.0014,-0.0020,-0.0285,0.5600,-2.8000,0.8050
61765313,sitting,1.0026,-0.0029,-0.0285,0.5250,-2.7300,0.7700
61765333,sitting,1.0009,-0.0032,-0.0295,0.5250,-2.7300,0.7700
61765352,sitting,1.0019,-0.0029,-0.0288,0.5250,-2.7650,0.7700
61765371,sitting,1.0024,-0.0027,-0.0283,0.5250,-2.8000,0.7700
61765390,sitting,1.0011,-0.0029,-0.0288,0.5600,-2.7300,0.7350
61765410,sitting,1.0011,-0.0029,-0.0288,0.5600,-2.7300,0.8050
61765429,sitting,1.0021,-0.0034,-0.0290,0.5600,-2.7650,0.7700
61765448,sitting,1.0014,-0.0027,-0.0288,0.5600,-2.8000,0.7700
61765467,sitting,1.0021,-0.0029,-0.0278,0.5600,-2.8000,0.7700
61765486,sitting,1.0024,-0.0027,-0.0283,0.5600,-2.7650,0.7700
61765506,sitting,1.0011,-0.0029,-0.0288,0.5600,-2.7650,0.7700
61765525,sitting,1.0024,-0.0034,-0.0281,0.5600,-2.7300,0.7700
61765544,sitting,1.0014,-0.0032,-0.0278,0.5600,-2.7300,0.7350
61765563,sitting,1.0019,-0.0029,-0.0281,0.5600,-2.7300,0.7700
61765583,sitting,1.0016,-0.0034,-0.0288,0.5600,-2.7650,0.7700
61765602,sitting,1.0024,-0.0024,-0.0285,0.5600,-2.7650,0.7700
61765621,sitting,1.0019,-0.0024,-0.0288,0.5600,-2.7300,0.7700
61765640,sitting,1.0016,-0.0020,-0.0278,0.5600,-2.7300,0.7700
61765660,sitting,1.0014,-0.0037,-0.0281,0.5600,-2.7300,0.7350
61765679,sitting,1.0021,-0.0037,-0.0288,0.5250,-2.7300,0.7350
61765698,sitting,1.0026,-0.0034,-0.0293,0.5600,-2.7300,0.7700
61765717,sitting,1.0021,-0.0027,-0.0278,0.5250,-2.7650,0.7700
61765736,sitting,1.0014,-0.0027,-0.0300,0.5600,-2.7300,0.7700
61765756,sitting,1.0014,-0.0022,-0.0278,0.5600,-2.8000,0.7700
61765775,sitting,1.0016,-0.0027,-0.0281,0.5950,-2.8000,0.7700
61765794,sitting,1.0016,-0.0027,-0.0288,0.5600,-2.8000,0.7700
61765813,sitting,1.0014,-0.0027,-0.0278,0.5600,-2.8000,0.8050
61765833,sitting,1.0021,-0.0029,-0.0283,0.5600,-2.7650,0.7700
61765852,sitting,1.0016,-0.0015,-0.0295,0.5600,-2.7650,0.7700
61765871,sitting,1.0016,-0.0022,-0.0290,0.5250,-2.7300,0.7350
61765890,sitting,1.0019,-0.0034,-0.0288,0.5600,-2.7300,0.7700
61765910,sitting,1.0016,-0.0029,-0.0293,0.5600,-2.7650,0.7700
61765929,sitting,1.0019,-0.0024,-0.0278,0.5600,-2.7300,0.7700
61765948,sitting,1.0019,-0.0024,-0.0281,0.5600,-2.7650,0.7700
61765967,sitting,1.0014,-0.0027,-0.0288,0.5600,-2.8000,0.7700
61765986,sitting,1.0004,-0.0039,-0.0290,0.5600,-2.7300,0.8050
61766006,sitting,1.0016,-0.0032,-0.0290,0.5600,-2.7300,0.7700
61766025,sitting,1.0016,-0.0032,-0.0278,0.5250,-2.7300,0.7700
61766044,sitting,1.0019,-0.0024,-0.0278,0.5950,-2.8000,0.7700
61766063,sitting,1.0024,-0.0024,-0.0285,0.5600,-2.8000,0.7700
61766083,sitting,1.0026,-0.0032,-0.0281,0.5950,-2.7650,0.7700
61766102,sitting,1.0019,-0.0029,-0.0295,0.5250,-2.7650,0.7350
61766121,sitting,1.0016,-0.0022,-0.0293,0.5600,-2.7650,0.7700
61766140,sitting,1.0009,-0.0024,-0.0283,0.5250,-2.7300,0.7700
61766160,sitting,1.0019,-0.0022,-0.0283,0.5600,-2.7650,0.7700
61766179,sitting,1.0019,-0.0024,-0.0281,0.5600,-2.7650,0.7700
61766198,sitting,1.0021,-0.0022,-0.0288,0.5600,-2.7650,0.7350
61766217,sitting,1.0011,-0.0024,-0.0283,0.5600,-2.7650,0.7700
61766236,sitting,1.0019,-0.0034,-0.0283,0.5600,-2.7300,0.7350
61766256,sitting,1.0009,-0.0029,-0.0290,0.5600,-2.7650,0.7700
61766275,sitting,1.0016,-0.0029,-0.0288,0.5950,-2.7650,0.7700
61766294,sitting,1.0014,-0.0022,-0.0285,0.5600,-2.8000,0.7700
61766313,sitting,1.0028,-0.0032,-0.0278,0.5600,-2.7650,0.7700
61766333,sitting,1.0016,-0.0024,-0.0285,0.5600,-2.8000,0.7700
61766352,sitting,1.0016,-0.0032,-0.0290,0.5600,-2.7650,0.7700
61766371,sitting,1.0019,-0.0029,-0.0295,0.5600,-2.8000,0.7700
61766390,sitting,1.0014,-0.0027,-0.0295,0.4900,-2.8000,0.7700
61766410,sitting,1.0009,-0.0029,-0.0288,0.5600,-2.7300,0.7700
61766429,sitting,1.0011,-0.0039,-0.0288,0.5600,-2.7300,0.7700
61766448,sitting,1.0009,-0.0027,-0.0290,0.5600,-2.7650,0.7700
61766467,sitting,1.0019,-0.0029,-0.0278,0.5950,-2.7650,0.7350
61766486,sitting,1.0021,-0.0032,-0.0288,0.5600,-2.7300,0.7700
61766506,sitting,1.0028,-0.0029,-0.0290,0.5600,-2.7650,0.7700
61766525,sitting,1.0028,-0.0027,-0.0295,0.5950,-2.7650,0.8050
61766544,sitting,1.0021,-0.0032,-0.0290,0.5600,-2.7300,0.7700
61766563,sitting,1.0014,-0.0027,-0.0290,0.5600,-2.7300,0.7700
61766583,sitting,1.0021,-0.0017,-0.0281,0.5600,-2.7300,0.7700
61766602,sitting,1.0021,-0.0029,-0.0288,0.5600,-2.7300,0.7700
61766621,sitting,1.0021,-0.0024,-0.0283,0.5600,-2.7650,0.7700
61766640,sitting,1.0016,-0.0029,-0.0283,0.5600,-2.7650,0.7700
61766660,sitting,1.0016,-0.0029,-0.0283,0.5600,-2.7300,0.7700
61766679,sitting,1.0016,-0.0024,-0.0283,0.5950,-2.7650,0.7700
61766698,sitting,1.0016,-0.0027,-0.0283,0.5600,-2.7300,0.7700
61766717,sitting,1.0014,-0.0032,-0.0285,0.5600,-2.8000,0.7700
61766736,sitting,1.0019,-0.0034,-0.0288,0.5600,-2.7300,0.7350
61766756,sitting,1.0028,-0.0032,-0.0290,0.5600,-2.7300,0.7350
61766775,sitting,1.0024,-0.0022,-0.0298,0.5600,-2.8000,0.7700
61766794,sitting,1.0026,-0.0027,-0.0281,0.5250,-2.8000,0.7700
61766813,sitting,1.0019,-0.0027,-0.0278,0.5600,-2.7300,0.7700
61766833,sitting,1.0016,-0.0032,-0.0273,0.5600,-2.8000,0.7700
61766852,sitting,1.0016,-0.0029,-0.0283,0.5600,-2.7650,0.7700
61766871,sitting,1.0011,-0.0020,-0.0288,0.5600,-2.8000,0.7700
61766890,sitting,1.0014,-0.0034,-0.0288,0.5250,-2.7300,0.7700
61766910,sitting,1.0014,-0.0034,-0.0293,0.5600,-2.7300,0.7700
61766929,sitting,1.0024,-0.0022,-0.0278,0.5600,-2.8000,0.7700
61766948,sitting,1.0024,-0.0020,-0.0288,0.5600,-2.7650,0.7700
61766967,sitting,1.0014,-0.0024,-0.0285,0.5600,-2.7650,0.7700
61766986,sitting,1.0011,-0.0037,-0.0288,0.5600,-2.8000,0.7700
61767006,sitting,1.0009,-0.0024,-0.0290,0.5600,-2.7650,0.7700
61767025,sitting,1.0014,-0.0034,-0.0276,0.5600,-2.7650,0.7700
61767044,sitting,1.0014,-0.0037,-0.0290,0.5250,-2.7300,0.7700
61767063,sitting,1.0019,-0.0034,-0.0290,0.5600,-2.7300,0.7700
61767083,sitting,1.0016,-0.0024,-0.0281,0.5600,-2.7300,0.7700
61767102,sitting,1.0024,-0.0017,-0.0285,0.5600,-2.7650,0.7700
61767121,sitting,1.0028,-0.0020,-0.0293,0.5600,-2.7650,0.7700
61767140,sitting,1.0024,-0.0022,-0.0288,0.5600,-2.7650,0.7700
61767160,sitting,1.0021,-0.0024,-0.0283,0.5600,-2.7300,0.7700
61767179,sitting,1.0016,-0.0039,-0.0285,0.5600,-2.7650,0.7700
61767198,sitting,1.0016,-0.0029,-0.0290,0.5600,-2.7300,0.7350
61767217,sitting,1.0016,-0.0020,-0.0283,0.5600,-2.7300,0.7700
61767236,sitting,1.0024,-0.0022,-0.0283,0.5600,-2.7300,0.7350
61767256,sitting,1.0019,-0.0022,-0.0295,0.5250,-2.7300,0.7700
61767275,sitting,1.0019,-0.0027,-0.0288,0.5600,-2.8000,0.7700
61767294,sitting,1.0006,-0.0032,-0.0278,0.5600,-2.7650,0.7700
61767313,sitting,1.0024,-0.0037,-0.0288,0.5600,-2.7650,0.7700
61767333,sitting,1.0014,-0.0034,-0.0295,0.5600,-2.7300,0.7700
61767352,sitting,1.0026,-0.0024,-0.0293,0.5250,-2.7300,0.7700
61767371,sitting,1.0021,-0.0029,-0.0285,0.5600,-2.7650,0.7350
61767390,sitting,1.0019,-0.0034,-0.0288,0.5600,-2.8000,0.7700
61767410,sitting,1.0011,-0.0034,-0.0293,0.5250,-2.8000,0.7700
61767429,sitting,1.0014,-0.0017,-0.0285,0.5600,-2.7300,0.7700
61767448,sitting,1.0014,-0.0032,-0.0283,0.5600,-2.8000,0.7350
61767467,sitting,1.0004,-0.0022,-0.0283,0.5600,-2.8000,0.7700
61767486,sitting,1.0019,-0.0029,-0.0278,0.5950,-2.7300,0.8050
61767506,sitting,1.0014,-0.0027,-0.0283,0.5600,-2.7300,0.7700
61767525,sitting,1.0016,-0.0029,-0.0288,0.5600,-2.7650,0.7700
61767544,sitting,1.0016,-0.0037,-0.0278,0.5600,-2.8000,0.7700
61767563,sitting,1.0019,-0.0032,-0.0281,0.5600,-2.7300,0.7700
61767583,sitting,1.0019,-0.0024,-0.0288,0.5950,-2.7300,0.7700
61767602,sitting,1.0019,-0.0029,-0.0288,0.5600,-2.7650,0.7700
61767621,sitting,1.0014,-0.0027,-0.0278,0.5600,-2.7650,0.7700
61767640,sitting,1.0014,-0.0034,-0.0285,0.5600,-2.7300,0.7700
61767660,sitting,1.0019,-0.0022,-0.0293,0.5600,-2.7650,0.7700
61767679,sitting,1.0016,-0.0024,-0.0295,0.5250,-2.7650,0.7700
61767698,sitting,1.0014,-0.0029,-0.0290,0.5600,-2.7300,0.7350
61767717,sitting,1.0026,-0.0029,-0.0290,0.5600,-2.7650,0.7700
61767736,sitting,1.0011,-0.0027,-0.0276,0.5950,-2.7650,0.7700
61767756,sitting,1.0016,-0.0027,-0.0283,0.5600,-2.7650,0.7350
61767775,sitting,1.0009,-0.0022,-0.0290,0.5600,-2.7300,0.7700
61767794,sitting,1.0019,-0.0024,-0.0273,0.5600,-2.8000,0.7700
61767813,sitting,1.0014,-0.0032,-0.0281,0.5600,-2.7650,0.7700
61767833,sitting,1.0011,-0.0029,-0.0293,0.5250,-2.7300,0.7700
61767852,sitting,1.0016,-0.0037,-0.0290,0.5250,-2.8000,0.7700
61767871,sitting,1.0019,-0.0020,-0.0283,0.5250,-2.8000,0.7700
61767890,sitting,1.0019,-0.0029,-0.0276,0.5250,-2.7650,0.7700
61767910,sitting,1.0014,-0.0034,-0.0285,0.5600,-2.8000,0.7700
61767929,sitting,1.0009,-0.0027,-0.0290,0.5250,-2.7650,0.7700
61767948,sitting,1.0006,-0.0027,-0.0285,0.5600,-2.7650,0.7700
61767967,sitting,1.0011,-0.0024,-0.0295,0.5600,-2.8000,0.7700
61767986,sitting,1.0024,-0.0032,-0.0283,0.5600,-2.7300,0.7700
61768006,sitting,1.0019,-0.0032,-0.0281,0.5950,-2.7650,0.8050
61768025,sitting,1.0016,-0.0034,-0.0283,0.5600,-2.8000,0.7350
61768044,sitting,1.0031,-0.0027,-0.0285,0.5250,-2.7650,0.7700
61768063,sitting,1.0014,-0.0037,-0.0293,0.5600,-2.7650,0.7700
61768083,sitting,1.0014,-0.0032,-0.0293,0.5600,-2.8000,0.7700
61768102,sitting,1.0009,-0.0029,-0.0283,0.5600,-2.7300,0.7700
61768121,sitting,1.0014,-0.0032,-0.0281,0.5600,-2.8000,0.7700
61768140,sitting,1.0019,-0.0017,-0.0283,0.5600,-2.7650,0.7700
61768160,sitting,1.0009,-0.0027,-0.0288,0.5600,-2.7300,0.7000
61768179,sitting,1.0014,-0.0032,-0.0290,0.5600,-2.8000,0.7350
61768198,sitting,1.0014,-0.0022,-0.0278,0.6300,-2.7650,0.7700
61768217,sitting,1.0021,-0.0039,-0.0283,0.5600,-2.7300,0.7700
61768236,sitting,1.0009,-0.0029,-0.0290,0.5600,-2.8000,0.7700
61768256,sitting,1.0014,-0.0024,-0.0285,0.5600,-2.7650,0.7700
61768275,sitting,1.0014,-0.0027,-0.0283,0.5600,-2.7650,0.7700
61768294,sitting,1.0019,-0.0037,-0.0288,0.5600,-2.7650,0.7700
61768313,sitting,1.0014,-0.0034,-0.0290,0.5600,-2.7300,0.7700
61768333,sitting,1.0016,-0.0032,-0.0278,0.5600,-2.8000,0.7700
61768352,sitting,1.0016,-0.0029,-0.0290,0.5250,-2.8000,0.8050
61768371,sitting,1.0019,-0.0024,-0.0290,0.5600,-2.7650,0.7700
61768390,sitting,1.0024,-0.0024,-0.0283,0.5600,-2.7300,0.7700
61768410,sitting,1.0019,-0.0024,-0.0278,0.5600,-2.7650,0.7700
61768429,sitting,1.0021,-0.0022,-0.0283,0.5600,-2.8000,0.7700
61768448,sitting,1.0019,-0.0029,-0.0285,0.5600,-2.8000,0.7700
61768467,sitting,1.0021,-0.0027,-0.0283,0.5600,-2.7300,0.7700
61768486,sitting,1.0014,-0.0029,-0.0290,0.5600,-2.7650,0.7700
61768506,sitting,1.0011,-0.0027,-0.0285,0.5250,-2.7650,0.8050
61768525,sitting,1.0021,-0.0027,-0.0288,0.5600,-2.7650,0.7700
61768544,sitting,1.0014,-0.0022,-0.0285,0.5600,-2.7300,0.7700
61768563,sitting,1.0014,-0.0039,-0.0283,0.5950,-2.7300,0.7700
61768583,sitting,1.0019,-0.0032,-0.0285,0.5600,-2.7650,0.7700
61768602,sitting,1.0016,-0.0034,-0.0298,0.5250,-2.7300,0.7700
61768621,sitting,1.0016,-0.0022,-0.0293,0.5600,-2.7300,0.7700
61768640,sitting,1.0021,-0.0034,-0.0273,0.5600,-2.8000,0.7000
61768660,sitting,1.0019,-0.0027,-0.0273,0.5600,-2.8000,0.7700
61768679,sitting,1.0016,-0.0024,-0.0281,0.5600,-2.7650,0.7350
61768698,sitting,1.0021,-0.0029,-0.0290,0.5600,-2.8000,0.7700
61768717,sitting,1.0026,-0.0029,-0.0293,0.5950,-2.7300,0.7350
61768736,sitting,1.0009,-0.0032,-0.0285,0.5600,-2.7650,0.7700
61768756,sitting,1.0004,-0.0032,-0.0283,0.5600,-2.8000,0.7350
61768775,sitting,1.0011,-0.0027,-0.0281,0.5600,-2.7300,0.7700
61768794,sitting,1.0014,-0.0029,-0.0288,0.5600,-2.8000,0.8050
61768813,sitting,1.0014,-0.0022,-0.0288,0.4900,-2.8000,0.7700
61768833,sitting,1.0016,-0.0029,-0.0276,0.5600,-2.7650,0.7700
61768852,sitting,1.0009,-0.0027,-0.0283,0.5600,-2.7650,0.8050
61768871,sitting,1.0011,-0.0034,-0.0281,0.5600,-2.8000,0.7700
61768890,sitting,1.0014,-0.0032,-0.0285,0.5600,-2.7650,0.7700
61768910,sitting,1.0011,-0.0032,-0.0288,0.5600,-2.8000,0.7700
61768929,sitting,1.0011,-0.0037,-0.0281,0.5600,-2.7650,0.8050
61768948,sitting,1.0011,-0.0029,-0.0298,0.5250,-2.7300,0.7700
61768967,sitting,1.0014,-0.0017,-0.0293,0.5250,-2.7650,0.7700
61768986,sitting,1.0014,-0.0024,-0.0285,0.5600,-2.7650,0.7700
61769006,sitting,1.0016,-0.0024,-0.0290,0.5250,-2.7300,0.7700
61769025,sitting,1.0011,-0.0032,-0.0281,0.5600,-2.8000,0.7700
61769044,sitting,1.0011,-0.0037,-0.0288,0.5950,-2.7650,0.7700
61769063,sitting,1.0021,-0.0022,-0.0290,0.5950,-2.7650,0.7700
61769083,sitting,1.0028,-0.0024,-0.0290,0.5250,-2.7650,0.7350
61769102,sitting,1.0021,-0.0027,-0.0285,0.5600,-2.7650,0.7700
61769121,sitting,1.0011,-0.0034,-0.0281,0.5600,-2.7650,0.7700
61769140,sitting,1.0011,-0.0034,-0.0290,0.5950,-2.7300,0.7700
61769160,sitting,1.0019,-0.0037,-0.0283,0.5250,-2.7300,0.7700
61769179,sitting,1.0021,-0.0029,-0.0281,0.5600,-2.7650,0.7700
61769198,sitting,1.0021,-0.0029,-0.0290,0.5600,-2.8000,0.7700
61769217,sitting,1.0019,-0.0027,-0.0305,0.5600,-2.7300,0.7700
61769236,sitting,1.0024,-0.0022,-0.0290,0.5600,-2.7650,0.7700
61769256,sitting,1.0011,-0.0029,-0.0293,0.5600,-2.8000,0.7700
61769275,sitting,1.0021,-0.0024,-0.0281,0.5600,-2.8000,0.7700
61769294,sitting,1.0009,-0.0029,-0.0285,0.5600,-2.7650,0.8050
61769313,sitting,1.0016,-0.0034,-0.0295,0.5600,-2.7300,0.8050
61769333,sitting,1.0014,-0.0032,-0.0290,0.5600,-2.8000,0.7700
61769352,sitting,1.0026,-0.0015,-0.0285,0.5600,-2.8000,0.7700
61769371,sitting,1.0021,-0.0024,-0.0295,0.5600,-2.7650,0.7700
61769390,sitting,1.0021,-0.0032,-0.0285,0.5250,-2.8000,0.7700
61769410,sitting,1.0026,-0.0027,-0.0278,0.5250,-2.7650,0.7700
61769429,sitting,1.0019,-0.0027,-0.0283,0.5250,-2.8000,0.7350
61769448,sitting,1.0014,-0.0032,-0.0281,0.5600,-2.7300,0.7700
61769467,sitting,1.0016,-0.0037,-0.0288,0.5600,-2.7300,0.7700
61769486,sitting,1.0019,-0.0032,-0.0290,0.5600,-2.7650,0.7350
61769506,sitting,1.0019,-0.0032,-0.0285,0.5600,-2.7300,0.7700
61769525,sitting,1.0021,-0.0027,-0.0290,0.5600,-2.7650,0.7700
61769544,sitting,1.0014,-0.0037,-0.0273,0.5600,-2.7650,0.7700
61769563,sitting,1.0026,-0.0029,-0.0288,0.5600,-2.8000,0.7700
61769583,sitting,1.0021,-0.0034,-0.0295,0.5600,-2.7650,0.7700
61769602,sitting,1.0016,-0.0029,-0.0283,0.5600,-2.7650,0.7700
61769621,sitting,1.0019,-0.0032,-0.0285,0.5600,-2.7300,0.7350
61769640,sitting,1.0026,-0.0032,-0.0285,0.5600,-2.7650,0.7700
61769660,sitting,1.0026,-0.0022,-0.0281,0.5600,-2.7650,0.7000
61769679,sitting,1.0014,-0.0022,-0.0288,0.5600,-2.7650,0.7700
61769698,sitting,1.0021,-0.0032,-0.0290,0.5600,-2.7300,0.7000
61769717,sitting,1.0016,-0.0032,-0.0283,0.5250,-2.7650,0.7700
61769736,sitting,1.0019,-0.0020,-0.0290,0.5600,-2.7650,0.7700
61769756,sitting,1.0021,-0.0027,-0.0283,0.5600,-2.7650,0.7700
61769775,sitting,1.0014,-0.0024,-0.0281,0.5250,-2.7300,0.7700
61769794,sitting,1.0014,-0.0027,-0.0290,0.5600,-2.8000,0.7700
61769813,sitting,1.0011,-0.0022,-0.0288,0.5600,-2.7300,0.7700
61769833,sitting,1.0019,-0.0020,-0.0288,0.5600,-2.8000,0.7700
61769852,sitting,1.0014,-0.0027,-0.0295,0.4900,-2.8000,0.7700
61769871,sitting,1.0014,-0.0027,-0.0290,0.5600,-2.7650,0.7700
61769890,sitting,1.0016,-0.0017,-0.0283,0.5950,-2.7650,0.7700
61769910,sitting,1.0002,-0.0024,-0.0293,0.5600,-2.7650,0.7700
61769929,sitting,1.0006,-0.0034,-0.0288,0.5600,-2.7300,0.7700
61769948,sitting,1.0021,-0.0029,-0.0288,0.4900,-2.8000,0.7700
61769967,sitting,1.0026,-0.0024,-0.0295,0.5250,-2.8000,0.7350
61769986,sitting,1.0024,-0.0037,-0.0285,0.5600,-2.7650,0.7700
61770006,sitting,1.0014,-0.0037,-0.0295,0.5600,-2.7650,0.7700
61770025,sitting,1.0019,-0.0032,-0.0290,0.5600,-2.7300,0.7700
61770044,sitting,1.0011,-0.0029,-0.0278,0.5600,-2.7300,0.7700
61770063,sitting,1.0016,-0.0037,-0.0288,0.5600,-2.7300,0.7350
61770083,sitting,1.0016,-0.0034,-0.0298,0.5600,-2.7300,0.7700
61770102,sitting,1.0011,-0.0032,-0.0281,0.5600,-2.7650,0.7700
61770121,sitting,1.0024,-0.0049,-0.0281,0.5600,-2.7650,0.7700
61770140,sitting,1.0016,-0.0029,-0.0288,0.5600,-2.7300,0.7700
61770160,sitting,1.0024,-0.0027,-0.0283,0.5600,-2.7650,0.7700
61770179,sitting,1.0024,-0.0034,-0.0288,0.5250,-2.7650,0.7000
61770198,sitting,1.0021,-0.0022,-0.0285,0.5250,-2.7650,0.7000
61770217,sitting,1.0024,-0.0029,-0.0273,0.5600,-2.8000,0.7350
61770236,sitting,1.0019,-0.0032,-0.0273,0.5600,-2.7650,0.7700
61770256,sitting,1.0019,-0.0034,-0.0283,0.5600,-2.7650,0.7700
61770275,sitting,1.0016,-0.0020,-0.0293,0.5600,-2.7300,0.7700
61770294,sitting,1.0024,-0.0034,-0.0283,0.5600,-2.7300,0.7700
61770313,sitting,1.0011,-0.0034,-0.0283,0.5600,-2.8000,0.7700
61770333,sitting,1.0028,-0.0034,-0.0285,0.5600,-2.7650,0.7700
61770352,sitting,1.0021,-0.0024,-0.0288,0.5600,-2.8000,0.7700
61770371,sitting,1.0021,-0.0029,-0.0283,0.5600,-2.7300,0.7700
61770390,sitting,1.0016,-0.0029,-0.0293,0.5250,-2.7300,0.7700
61770410,sitting,1.0016,-0.0037,-0.0290,0.5600,-2.7650,0.7700
61770429,sitting,1.0019,-0.0024,-0.0293,0.5250,-2.7300,0.7700
61770448,sitting,1.0021,-0.0032,-0.0290,0.5600,-2.7300,0.8050
61770467,sitting,1.0011,-0.0027,-0.0276,0.5600,-2.8000,0.7700
61770486,sitting,1.0016,-0.0034,-0.0285,0.5600,-2.7650,0.7700
61770506,sitting,1.0016,-0.0024,-0.0290,0.5600,-2.7650,0.7700
61770525,sitting,1.0016,-0.0027,-0.0283,0.5600,-2.8000,0.7700
61770544,sitting,1.0016,-0.0032,-0.0281,0.5600,-2.7650,0.7700
61770563,sitting,1.0009,-0.0034,-0.0273,0.5250,-2.7300,0.8050
61770583,sitting,1.0019,-0.0032,-0.0278,0.5600,-2.7300,0.7700
61770602,sitting,1.0021,-0.0024,-0.0288,0.5600,-2.7300,0.7700
61770621,sitting,1.0024,-0.0029,-0.0290,0.5600,-2.7300,0.7700
61770640,sitting,1.0019,-0.0017,-0.0288,0.5600,-2.7300,0.7700
61770660,sitting,1.0024,-0.0032,-0.0288,0.5600,-2.7300,0.7700
61770679,sitting,1.0019,-0.0024,-0.0295,0.5600,-2.8000,0.7700
61770698,sitting,1.0019,-0.0024,-0.0288,0.5600,-2.7650,0.7700
61770717,sitting,1.0009,-0.0027,-0.0285,0.5600,-2.7650,0.7700
61770736,sitting,1.0014,-0.0027,-0.0281,0.5600,-2.7300,0.7700
61770756,sitting,1.0019,-0.0032,-0.0285,0.5600,-2.7650,0.7700
61770775,sitting,1.0019,-0.0020,-0.0293,0.5600,-2.8000,0.7350
61770794,sitting,1.0014,-0.0027,-0.0298,0.5600,-2.8000,0.7700
61770813,sitting,1.0016,-0.0032,-0.0283,0.5600,-2.8000,0.7700
61770833,sitting,1.0021,-0.0029,-0.0285,0.5600,-2.7300,0.7700
61770852,sitting,1.0026,-0.0037,-0.0285,0.5600,-2.7300,0.7700
61770871,sitting,1.0019,-0.0029,-0.0283,0.5600,-2.7650,0.7700
61770890,sitting,1.0016,-0.0029,-0.0288,0.5600,-2.7300,0.7700
61770910,sitting,1.0011,-0.0032,-0.0288,0.5600,-2.7650,0.7700
61770929,sitting,1.0024,-0.0029,-0.0283,0.5600,-2.7300,0.7700
61770948,sitting,1.0019,-0.0024,-0.0283,0.5600,-2.8000,0.7700
61770967,sitting,1.0011,-0.0029,-0.0288,0.5250,-2.7650,0.7700
61770986,sitting,1.0014,-0.0027,-0.0295,0.5600,-2.7300,0.7700
61771006,sitting,1.0016,-0.0027,-0.0285,0.5600,-2.7650,0.7700
61771025,sitting,1.0024,-0.0020,-0.0281,0.5600,-2.7650,0.7700
61771044,sitting,1.0019,-0.0029,-0.0285,0.5600,-2.7300,0.7700
61771063,sitting,1.0021,-0.0029,-0.0281,0.5250,-2.7650,0.7700
61771083,sitting,1.0016,-0.0032,-0.0290,0.5600,-2.7300,0.8050
61771102,sitting,1.0021,-0.0029,-0.0281,0.5600,-2.7300,0.7700
61771121,sitting,1.0031,-0.0022,-0.0290,0.5600,-2.7300,0.7700
61771140,sitting,1.0019,-0.0029,-0.0285,0.5600,-2.7300,0.7700
61771160,sitting,1.0024,-0.0029,-0.0290,0.5600,-2.8000,0.7700
61771179,sitting,1.0016,-0.0032,-0.0285,0.5600,-2.7650,0.7700
61771198,sitting,1.0019,-0.0032,-0.0283,0.5600,-2.7300,0.7700
61771217,sitting,1.0016,-0.0032,-0.0290,0.5600,-2.7650,0.7350
61771236,sitting,1.0009,-0.0032,-0.0290,0.5600,-2.7650,0.7350
61771256,sitting,1.0014,-0.0027,-0.0276,0.5600,-2.7650,0.7700
61771275,sitting,1.0011,-0.0032,-0.0293,0.5600,-2.8000,0.7700
61771294,sitting,1.0014,-0.0022,-0.0293,0.5600,-2.7650,0.7700
61771313,sitting,1.0024,-0.0029,-0.0283,0.5600,-2.7650,0.7700
61771333,sitting,1.0009,-0.0029,-0.0285,0.5600,-2.7650,0.7700
61771352,sitting,1.0011,-0.0029,-0.0283,0.5600,-2.7650,0.7700
61771371,sitting,1.0014,-0.0029,-0.0283,0.5600,-2.7300,0.7700
61771390,sitting,1.0016,-0.0041,-0.0276,0.5250,-2.8000,0.7700
61771410,sitting,1.0019,-0.0037,-0.0285,0.6300,-2.8000,0.7700
61771429,sitting,1.0016,-0.0029,-0.0290,0.5600,-2.7300,0.7700
61771448,sitting,1.0009,-0.0024,-0.0278,0.5600,-2.7300,0.7700
61771467,sitting,1.0024,-0.0024,-0.0293,0.5250,-2.7300,0.7700
61771486,sitting,1.0014,-0.0027,-0.0290,0.5250,-2.7650,0.7700
61771506,sitting,1.0019,-0.0020,-0.0290,0.5600,-2.7650,0.7700
61771525,sitting,1.0014,-0.0032,-0.0288,0.5600,-2.7650,0.7700
61771544,sitting,1.0021,-0.0037,-0.0283,0.5600,-2.7650,0.7700
61771563,sitting,1.0014,-0.0024,-0.0285,0.5600,-2.8000,0.7700
61771583,sitting,1.0014,-0.0027,-0.0295,0.5600,-2.7300,0.7700
61771602,sitting,1.0016,-0.0024,-0.0285,0.5600,-2.7650,0.7350
61771621,sitting,1.0014,-0.0027,-0.0278,0.5600,-2.7650,0.7000
61771640,sitting,1.0002,-0.0029,-0.0283,0.5600,-2.7300,0.7350
61771660,sitting,1.0011,-0.0034,-0.0293,0.5600,-2.7300,0.7350
61771679,sitting,1.0019,-0.0032,-0.0285,0.5600,-2.7300,0.7700
61771698,sitting,1.0026,-0.0034,-0.0288,0.5600,-2.7300,0.7700
61771717,sitting,1.0009,-0.0029,-0.0283,0.4900,-2.8000,0.7350
61771736,sitting,1.0026,-0.0027,-0.0281,0.5600,-2.7650,0.7000
61771756,sitting,1.0014,-0.0037,-0.0276,0.5600,-2.8000,0.7700
61771775,sitting,1.0016,-0.0032,-0.0276,0.5600,-2.8000,0.7700
61771794,sitting,1.0019,-0.0027,-0.0283,0.5600,-2.7650,0.7700
61771813,sitting,1.0016,-0.0027,-0.0283,0.5250,-2.7300,0.7350
61771833,sitting,1.0016,-0.0024,-0.0303,0.5250,-2.7650,0.7700
61771852,sitting,1.0019,-0.0032,-0.0293,0.5250,-2.7650,0.7700
61771871,sitting,1.0026,-0.0037,-0.0288,0.5600,-2.7300,0.7700
61771890,sitting,1.0014,-0.0039,-0.0285,0.5600,-2.8000,0.7700
61771910,sitting,1.0021,-0.0029,-0.0288,0.5600,-2.7300,0.7700
61771929,sitting,1.0021,-0.0039,-0.0288,0.5600,-2.7300,0.7700
61771948,sitting,1.0009,-0.0029,-0.0288,0.5250,-2.8000,0.7700
61771967,sitting,1.0021,-0.0017,-0.0288,0.5600,-2.8000,0.7700
61771986,sitting,1.0028,-0.0022,-0.0281,0.5250,-2.7300,0.8050
61772006,sitting,1.0024,-0.0027,-0.0281,0.5600,-2.7300,0.7700
61772025,sitting,1.0019,-0.0029,-0.0273,0.5600,-2.7650,0.8050
61772044,sitting,1.0011,-0.0027,-0.0281,0.5600,-2.7650,0.7350
61772063,sitting,1.0026,-0.0034,-0.0283,0.5600,-2.7650,0.7700
61772083,sitting,1.0021,-0.0024,-0.0288,0.5600,-2.7650,0.7700
61772102,sitting,1.0011,-0.0027,-0.0283,0.5600,-2.7300,0.7700
61772121,sitting,1.0006,-0.0029,-0.0288,0.5600,-2.7300,0.7700
61772140,sitting,1.0011,-0.0024,-0.0281,0.5600,-2.8000,0.7700
61772160,sitting,1.0009,-0.0029,-0.0288,0.5600,-2.7300,0.7700
61772179,sitting,1.0009,-0.0024,-0.0278,0.5600,-2.7650,0.7700
61772198,sitting,1.0016,-0.0032,-0.0281,0.5600,-2.7300,0.7000
61772217,sitting,1.0016,-0.0024,-0.0283,0.5600,-2.7650,0.7350
61772236,sitting,1.0021,-0.0027,-0.0295,0.5600,-2.7300,0.7700
61772256,sitting,1.0019,-0.0027,-0.0295,0.5600,-2.7300,0.7700
61772275,sitting,1.0016,-0.0022,-0.0288,0.5600,-2.7650,0.7700
61772294,sitting,1.0021,-0.0029,-0.0281,0.5600,-2.8000,0.7700
61772313,sitting,1.0014,-0.0022,-0.0281,0.5250,-2.7650,0.7700
61772333,sitting,1.0019,-0.0027,-0.0290,0.5600,-2.7650,0.7700
61772352,sitting,1.0016,-0.0034,-0.0290,0.5600,-2.7650,0.7700
61772371,sitting,1.0011,-0.0034,-0.0276,0.5250,-2.7650,0.7700
61772390,sitting,1.0016,-0.0027,-0.0293,0.5600,-2.8000,0.8050
61772410,sitting,1.0024,-0.0032,-0.0288,0.5600,-2.8000,0.7350
61772429,sitting,1.0016,-0.0032,-0.0288,0.5600,-2.8000,0.7700
61772448,sitting,1.0021,-0.0034,-0.0290,0.5600,-2.8000,0.7700
61772467,sitting,1.0014,-0.0029,-0.0290,0.5600,-2.7300,0.7700
61772486,sitting,1.0019,-0.0032,-0.0290,0.5600,-2.8000,0.7700
61772506,sitting,1.0021,-0.0027,-0.0278,0.5600,-2.7300,0.7350
61772525,sitting,1.0011,-0.0029,-0.0278,0.5600,-2.7650,0.7700
61772544,sitting,1.0019,-0.0027,-0.0288,0.5600,-2.7650,0.7700
61772563,sitting,1.0019,-0.0022,-0.0293,0.5950,-2.7650,0.8050
61772583,sitting,1.0009,-0.0027,-0.0288,0.5600,-2.8000,0.7700
61772602,sitting,1.0011,-0.0027,-0.0290,0.5600,-2.7650,0.7700
61772621,sitting,1.0019,-0.0032,-0.0281,0.5600,-2.7650,0.7700
61772640,sitting,1.0021,-0.0032,-0.0295,0.5600,-2.7300,0.7700
61772660,sitting,1.0016,-0.0037,-0.0288,0.5250,-2.7300,0.7350
61772679,sitting,1.0021,-0.0034,-0.0288,0.5600,-2.7650,0.7700
61772698,sitting,1.0019,-0.0034,-0.0276,0.5600,-2.8000,0.7700
61772717,sitting,1.0019,-0.0034,-0.0298,0.5250,-2.7650,0.7700
61772736,sitting,1.0014,-0.0032,-0.0276,0.5600,-2.7300,0.7700
61772756,sitting,1.0024,-0.0029,-0.0290,0.5600,-2.7650,0.7350
61772775,sitting,1.0009,-0.0032,-0.0288,0.5600,-2.7300,0.7700
61772794,sitting,1.0014,-0.0029,-0.0285,0.5600,-2.8000,0.7700
61772813,sitting,1.0009,-0.0024,-0.0285,0.5250,-2.7650,0.7700
61772833,sitting,1.0028,-0.0027,-0.0288,0.5600,-2.7650,0.7350
61772852,sitting,1.0016,-0.0024,-0.0293,0.5600,-2.7300,0.7700
61772871,sitting,1.0014,-0.0032,-0.0278,0.5600,-2.7650,0.7700
61772890,sitting,1.0014,-0.0041,-0.0290,0.5250,-2.8000,0.7700
61772910,sitting,1.0016,-0.0032,-0.0288,0.5250,-2.7650,0.7700
61772929,sitting,1.0014,-0.0024,-0.0290,0.5600,-2.7300,0.7700
61772948,sitting,1.0014,-0.0029,-0.0293,0.4900,-2.7300,0.7700
61772967,sitting,1.0026,-0.0029,-0.0290,0.5250,-2.7300,0.8050
61772986,sitting,1.0024,-0.0029,-0.0281,0.5600,-2.7650,0.7700
61773006,sitting,1.0019,-0.0037,-0.0273,0.5600,-2.7300,0.7700
61773025,sitting,1.0021,-0.0032,-0.0281,0.5600,-2.7300,0.7700
61773044,sitting,1.0021,-0.0024,-0.0285,0.5600,-2.7300,0.7700
61773063,sitting,1.0014,-0.0027,-0.0278,0.5600,-2.7650,0.7350
61773083,sitting,1.0002,-0.0041,-0.0283,0.5600,-2.7650,0.7700
61773102,sitting,1.0004,-0.0037,-0.0281,0.5600,-2.8000,0.7700
61773121,sitting,1.0019,-0.0032,-0.0281,0.5600,-2.8000,0.7700
61773140,sitting,1.0014,-0.0024,-0.0288,0.5600,-2.7650,0.7700
61773160,sitting,1.0011,-0.0029,-0.0298,0.5600,-2.7650,0.7700
61773179,sitting,1.0014,-0.0034,-0.0290,0.5250,-2.7650,0.7350
61773198,sitting,1.0021,-0.0029,-0.0288,0.5600,-2.7300,0.7700
61773217,sitting,1.0016,-0.0029,-0.0285,0.5250,-2.7300,0.7000
61773236,sitting,1.0014,-0.0037,-0.0278,0.5600,-2.7300,0.7700
61773256,sitting,1.0019,-0.0027,-0.0285,0.4900,-2.7650,0.7350
61773275,sitting,1.0009,-0.0029,-0.0276,0.5600,-2.7300,0.7700
61773294,sitting,1.0019,-0.0032,-0.0281,0.5250,-2.8000,0.7700
61773313,sitting,1.0014,-0.0034,-0.0298,0.5600,-2.7650,0.7700
61773333,sitting,1.0009,-0.0037,-0.0295,0.5250,-2.8000,0.7350
61773352,sitting,1.0014,-0.0034,-0.0283,0.5600,-2.8000,0.7700
61773371,sitting,1.0011,-0.0037,-0.0290,0.5600,-2.8000,0.7350
61773390,sitting,1.0011,-0.0027,-0.0278,0.5600,-2.7300,0.7700
61773410,sitting,1.0011,-0.0024,-0.0281,0.5600,-2.7650,0.7700
61773429,sitting,1.0024,-0.0037,-0.0283,0.5250,-2.7300,0.7700
61773448,sitting,1.0028,-0.0029,-0.0283,0.5600,-2.7300,0.8050
61773467,sitting,1.0016,-0.0027,-0.0281,0.5250,-2.7300,0.8050
61773486,sitting,1.0016,-0.0024,-0.0288,0.5250,-2.8000,0.7700
61773506,sitting,1.0004,-0.0032,-0.0288,0.5600,-2.7300,0.7700
61773525,sitting,1.0016,-0.0029,-0.0290,0.5600,-2.7650,0.7700
61773544,sitting,1.0009,-0.0029,-0.0290,0.5250,-2.8000,0.7700
61773563,sitting,1.0006,-0.0034,-0.0290,0.5600,-2.7650,0.7700
61773583,sitting,1.0009,-0.0032,-0.0283,0.5600,-2.7650,0.7700
61773602,sitting,1.0019,-0.0032,-0.0283,0.5600,-2.8000,0.7700
61773621,sitting,1.0014,-0.0029,-0.0285,0.5600,-2.7650,0.7700
61773640,sitting,1.0006,-0.0037,-0.0285,0.5600,-2.7650,0.7700
61773660,sitting,1.0014,-0.0034,-0.0293,0.5600,-2.7650,0.7700
61773679,sitting,1.0026,-0.0024,-0.0288,0.5250,-2.7650,0.7700
61773698,sitting,1.0024,-0.0027,-0.0285,0.5600,-2.7650,0.7700
61773717,sitting,1.0019,-0.0032,-0.0283,0.5600,-2.7650,0.7350
61773736,sitting,1.0011,-0.0032,-0.0276,0.5600,-2.8000,0.8050
61773756,sitting,1.0016,-0.0032,-0.0278,0.5600,-2.7650,0.7700
61773775,sitting,1.0016,-0.0029,-0.0283,0.5600,-2.8000,0.7700
61773794,sitting,1.0016,-0.0029,-0.0290,0.5600,-2.8000,0.8050
61773813,sitting,1.0014,-0.0027,-0.0288,0.5600,-2.8000,0.7700
61773833,sitting,1.0016,-0.0024,-0.0290,0.5600,-2.7650,0.7700
61773852,sitting,1.0006,-0.0022,-0.0288,0.5600,-2.7300,0.7700
61773871,sitting,1.0021,-0.0029,-0.0293,0.5600,-2.8000,0.7700
61773890,sitting,1.0019,-0.0029,-0.0285,0.5600,-2.7650,0.7700
61773910,sitting,1.0024,-0.0024,-0.0273,0.5250,-2.7650,0.8050
61773929,sitting,1.0028,-0.0037,-0.0288,0.5600,-2.8000,0.7700
61773948,sitting,1.0019,-0.0027,-0.0288,0.5250,-2.7300,0.7700
61773967,sitting,1.0019,-0.0012,-0.0288,0.5600,-2.7300,0.7700
61773986,sitting,1.0009,-0.0020,-0.0288,0.5600,-2.7300,0.8050
61774006,sitting,1.0014,-0.0027,-0.0281,0.5250,-2.7300,0.7700
61774025,sitting,1.0021,-0.0022,-0.0283,0.5600,-2.8000,0.7700
61774044,sitting,1.0014,-0.0024,-0.0288,0.5600,-2.7650,0.7700
61774063,sitting,1.0019,-0.0034,-0.0295,0.5600,-2.7650,0.7700
61774083,sitting,1.0031,-0.0034,-0.0288,0.5250,-2.7300,0.7700
61774102,sitting,1.0019,-0.0027,-0.0290,0.5600,-2.7650,0.7700
61774121,sitting,1.0014,-0.0027,-0.0288,0.5950,-2.7300,0.7350
61774140,sitting,1.0014,-0.0032,-0.0290,0.5600,-2.7650,0.7700
61774160,sitting,1.0021,-0.0029,-0.0290,0.5600,-2.7650,0.7700
61774179,sitting,1.0019,-0.0039,-0.0285,0.5600,-2.8000,0.7700
61774198,sitting,1.0009,-0.0034,-0.0290,0.5600,-2.7300,0.7700
61774217,sitting,1.0026,-0.0027,-0.0283,0.5600,-2.7650,0.7700
61774236,sitting,1.0014,-0.0034,-0.0283,0.5600,-2.7300,0.7700
61774256,sitting,1.0011,-0.0037,-0.0283,0.5600,-2.7300,0.7700
61774275,sitting,1.0019,-0.0032,-0.0285,0.5600,-2.8000,0.7700
61774294,sitting,1.0026,-0.0034,-0.0278,0.5600,-2.7650,0.7700
61774313,sitting,1.0009,-0.0029,-0.0290,0.5600,-2.7300,0.7700
61774333,sitting,1.0019,-0.0032,-0.0285,0.5250,-2.7300,0.7700
61774352,sitting,1.0024,-0.0022,-0.0288,0.5600,-2.7650,0.7350
61774371,sitting,1.0024,-0.0029,-0.0293,0.5600,-2.7650,0.7700
61774390,sitting,1.0014,-0.0029,-0.0290,0.5600,-2.7650,0.7700
61774410,sitting,1.0019,-0.0034,-0.0285,0.5600,-2.7300,0.7700
61774429,sitting,1.0014,-0.0032,-0.0281,0.5600,-2.7650,0.7700
61774448,sitting,1.0011,-0.0041,-0.0290,0.5250,-2.8000,0.7350
61774467,sitting,1.0011,-0.0044,-0.0285,0.5600,-2.7650,0.7700
61774486,sitting,1.0024,-0.0032,-0.0285,0.5600,-2.7300,0.8050
61774506,sitting,1.0019,-0.0029,-0.0293,0.5600,-2.7300,0.7700
61774525,sitting,1.0016,-0.0037,-0.0285,0.5600,-2.7650,0.7700
61774544,sitting,1.0014,-0.0027,-0.0283,0.5600,-2.7300,0.7700
61774563,sitting,1.0016,-0.0032,-0.0278,0.5250,-2.7650,0.7700
61774583,sitting,1.0026,-0.0032,-0.0281,0.5600,-2.7300,0.7700
61774602,sitting,1.0016,-0.0029,-0.0283,0.5600,-2.7300,0.7700
61774621,sitting,1.0006,-0.0027,-0.0290,0.5950,-2.7300,0.7350
61774640,sitting,1.0019,-0.0032,-0.0293,0.5600,-2.7650,0.7700
61774660,sitting,1.0016,-0.0037,-0.0288,0.5600,-2.7650,0.7700
61774679,sitting,1.0006,-0.0022,-0.0288,0.5600,-2.7300,0.7350
61774698,sitting,1.0016,-0.0032,-0.0285,0.5600,-2.7650,0.7700
61774717,sitting,1.0021,-0.0017,-0.0283,0.5600,-2.7300,0.7700
61774736,sitting,1.0014,-0.0034,-0.0293,0.5600,-2.7300,0.7700
61774756,sitting,1.0014,-0.0037,-0.0290,0.5600,-2.7300,0.7350
61774775,sitting,1.0014,-0.0032,-0.0283,0.5250,-2.8000,0.7350
61774794,sitting,1.0021,-0.0024,-0.0288,0.5600,-2.7650,0.7350
61774813,sitting,1.0019,-0.0034,-0.0288,0.5600,-2.8000,0.7700
61774833,sitting,1.0019,-0.0032,-0.0288,0.5600,-2.7650,0.7700
61774852,sitting,1.0009,-0.0029,-0.0285,0.5250,-2.8000,0.7700
61774871,sitting,1.0021,-0.0022,-0.0283,0.5250,-2.7650,0.7700
61774890,sitting,1.0019,-0.0034,-0.0271,0.5600,-2.7650,0.7700
61774910,sitting,1.0014,-0.0029,-0.0288,0.5600,-2.8000,0.7700
61774929,sitting,1.0024,-0.0034,-0.0290,0.4900,-2.7650,0.7700
61774948,sitting,1.0026,-0.0027,-0.0283,0.5250,-2.7650,0.7350
61774967,sitting,1.0016,-0.0034,-0.0285,0.4900,-2.8000,0.7700
61774986,sitting,1.0014,-0.0039,-0.0283,0.5600,-2.7650,0.7700
61775006,sitting,1.0016,-0.0032,-0.0281,0.5600,-2.8000,0.7700
61775025,sitting,1.0014,-0.0032,-0.0288,0.5600,-2.7300,0.7700
61775044,sitting,1.0014,-0.0027,-0.0281,0.5600,-2.7650,0.7700
61775063,sitting,1.0014,-0.0027,-0.0288,0.5600,-2.7650,0.7350
61775083,sitting,1.0016,-0.0034,-0.0298,0.5600,-2.7300,0.7700
61775102,sitting,1.0016,-0.0034,-0.0281,0.5600,-2.7650,0.7350
61775121,sitting,1.0014,-0.0029,-0.0278,0.5600,-2.8000,0.7350
61775140,sitting,1.0009,-0.0034,-0.0300,0.5600,-2.7300,0.7350
61775160,sitting,1.0019,-0.0027,-0.0293,0.5600,-2.7300,0.7700
61775179,sitting,1.0011,-0.0027,-0.0290,0.5600,-2.7650,0.7700
61775198,sitting,1.0024,-0.0029,-0.0281,0.5600,-2.7650,0.7350
61775217,sitting,1.0016,-0.0027,-0.0276,0.5600,-2.7650,0.7000
61775236,sitting,1.0011,-0.0029,-0.0290,0.5600,-2.8000,0.7700
61775256,sitting,1.0016,-0.0022,-0.0290,0.5950,-2.8000,0.7700
61775275,sitting,1.0011,-0.0029,-0.0285,0.5600,-2.7650,0.7700
61775294,sitting,1.0014,-0.0024,-0.0281,0.5600,-2.7650,0.7700
61775313,sitting,1.0016,-0.0027,-0.0281,0.5600,-2.7650,0.7700
61775333,sitting,1.0016,-0.0032,-0.0288,0.5600,-2.8000,0.7700
61775352,sitting,1.0019,-0.0024,-0.0285,0.5250,-2.8000,0.7350
61775371,sitting,1.0016,-0.0029,-0.0285,0.5600,-2.7300,0.7700
61775390,sitting,1.0024,-0.0029,-0.0276,0.5600,-2.7300,0.7700
61775410,sitting,1.0016,-0.0037,-0.0283,0.5600,-2.8000,0.7700
61775429,sitting,1.0006,-0.0032,-0.0290,0.5250,-2.7300,0.7700
61775448,sitting,1.0014,-0.0032,-0.0278,0.5250,-2.8000,0.7700
61775467,sitting,1.0006,-0.0027,-0.0295,0.5600,-2.7650,0.7700
61775486,sitting,1.0019,-0.0022,-0.0285,0.5600,-2.7650,0.8050
61775506,sitting,1.0028,-0.0029,-0.0288,0.5600,-2.7300,0.7700
61775525,sitting,1.0021,-0.0041,-0.0293,0.5600,-2.7300,0.7700
61775544,sitting,1.0019,-0.0032,-0.0285,0.5950,-2.7650,0.7350
61775563,sitting,1.0016,-0.0024,-0.0288,0.5250,-2.7300,0.7350
61775583,sitting,1.0016,-0.0027,-0.0278,0.5600,-2.7650,0.7700
61775602,sitting,1.0014,-0.0037,-0.0290,0.5250,-2.7300,0.7350
61775621,sitting,1.0016,-0.0032,-0.0285,0.5600,-2.8000,0.7700
61775640,sitting,1.0019,-0.0027,-0.0283,0.5600,-2.7650,0.7350
61775660,sitting,1.0016,-0.0029,-0.0290,0.5950,-2.7650,0.7700
61775679,sitting,1.0014,-0.0027,-0.0288,0.5600,-2.7300,0.7350
61775698,sitting,1.0011,-0.0037,-0.0290,0.5600,-2.7650,0.7350
61775717,sitting,1.0016,-0.0022,-0.0283,0.5600,-2.8000,0.7700
61775736,sitting,1.0016,-0.0027,-0.0295,0.5600,-2.7650,0.7700
61775756,sitting,1.0021,-0.0032,-0.0285,0.5600,-2.7650,0.7700
61775775,sitting,1.0021,-0.0029,-0.0285,0.5600,-2.8000,0.7700
61775794,sitting,1.0028,-0.0034,-0.0293,0.5250,-2.7650,0.7700
61775813,sitting,1.0019,-0.0027,-0.0285,0.5600,-2.8000,0.7700
61775833,sitting,1.0009,-0.0029,-0.0293,0.5600,-2.8000,0.7700
61775852,sitting,1.0016,-0.0034,-0.0293,0.5250,-2.7650,0.7350
61775871,sitting,1.0006,-0.0039,-0.0278,0.4900,-2.7300,0.7350
61775890,sitting,1.0011,-0.0032,-0.0288,0.5250,-2.7300,0.7700
61775910,sitting,1.0024,-0.0032,-0.0288,0.5250,-2.8000,0.7700
61775929,sitting,1.0019,-0.0032,-0.0288,0.5250,-2.7650,0.7350
61775948,sitting,1.0024,-0.0024,-0.0285,0.5600,-2.8000,0.7700
61775967,sitting,1.0028,-0.0029,-0.0290,0.5600,-2.8000,0.7700
61775986,sitting,1.0024,-0.0039,-0.0293,0.5600,-2.7650,0.7700
61776006,sitting,1.0021,-0.0037,-0.0288,0.5250,-2.7650,0.7700
61776025,sitting,1.0011,-0.0032,-0.0278,0.4900,-2.7650,0.7700
61776044,sitting,1.0021,-0.0027,-0.0288,0.5950,-2.7300,0.7700
61776063,sitting,1.0011,-0.0037,-0.0288,0.5250,-2.7300,0.7700
61776083,sitting,1.0006,-0.0039,-0.0285,0.5600,-2.7300,0.7700
61776102,sitting,1.0011,-0.0041,-0.0283,0.5250,-2.7650,0.7700
61776121,sitting,1.0014,-0.0034,-0.0281,0.5600,-2.8000,0.7350
61776140,sitting,1.0014,-0.0029,-0.0288,0.5600,-2.7650,0.7700
61776160,sitting,1.0016,-0.0032,-0.0295,0.5250,-2.8000,0.7700
61776179,sitting,1.0014,-0.0029,-0.0290,0.5600,-2.7650,0.7350
61776198,sitting,1.0014,-0.0034,-0.0285,0.5600,-2.7300,0.7700
61776217,sitting,1.0019,-0.0032,-0.0290,0.5600,-2.8000,0.7700
61776236,sitting,1.0014,-0.0027,-0.0283,0.5600,-2.7300,0.7000
61776256,sitting,1.0019,-0.0037,-0.0273,0.5600,-2.7300,0.7350
61776275,sitting,1.0019,-0.0039,-0.0276,0.5600,-2.7300,0.7000
61776294,sitting,1.0016,-0.0039,-0.0290,0.5600,-2.7650,0.7700
61776313,sitting,1.0006,-0.0037,-0.0283,0.5600,-2.7650,0.7700
61776333,sitting,1.0011,-0.0027,-0.0278,0.5600,-2.7650,0.7700
61776352,sitting,1.0021,-0.0022,-0.0276,0.5600,-2.8000,0.7700
61776371,sitting,1.0021,-0.0034,-0.0290,0.5600,-2.7650,0.7700
61776390,sitting,1.0016,-0.0024,-0.0290,0.5600,-2.7650,0.7350
61776410,sitting,1.0014,-0.0032,-0.0288,0.5600,-2.8000,0.7700
61776429,sitting,1.0016,-0.0029,-0.0285,0.5600,-2.8000,0.7700
61776448,sitting,1.0016,-0.0037,-0.0283,0.5250,-2.7300,0.7700
61776467,sitting,1.0019,-0.0027,-0.0285,0.5600,-2.7300,0.7700
61776486,sitting,1.0009,-0.0032,-0.0281,0.5600,-2.7300,0.7700
61776506,sitting,1.0021,-0.0032,-0.0285,0.5250,-2.7300,0.7700
61776525,sitting,1.0024,-0.0027,-0.0281,0.5950,-2.7300,0.8050
61776544,sitting,1.0021,-0.0032,-0.0295,0.5600,-2.7650,0.7700
61776563,sitting,1.0016,-0.0027,-0.0290,0.5600,-2.7650,0.7700
61776583,sitting,1.0019,-0.0027,-0.0281,0.5600,-2.8000,0.7700
61776602,sitting,1.0009,-0.0039,-0.0283,0.5600,-2.8000,0.7700
61776621,sitting,1.0019,-0.0037,-0.0290,0.5600,-2.7300,0.7700
61776640,sitting,1.0019,-0.0032,-0.0285,0.5600,-2.7650,0.7350
61776660,sitting,1.0019,-0.0020,-0.0285,0.5950,-2.7300,0.7700
61776679,sitting,1.0019,-0.0027,-0.0276,0.5600,-2.7300,0.7700
61776698,sitting,1.0014,-0.0022,-0.0288,0.5600,-2.8000,0.7700
61776717,sitting,1.0019,-0.0027,-0.0288,0.5250,-2.8000,0.7700
61776736,sitting,1.0024,-0.0022,-0.0290,0.5600,-2.7650,0.7700
61776756,sitting,1.0024,-0.0022,-0.0283,0.5250,-2.7300,0.7700
61776775,sitting,1.0016,-0.0037,-0.0293,0.5600,-2.8000,0.7350
61776794,sitting,1.0019,-0.0032,-0.0288,0.5600,-2.7650,0.7700
61776813,sitting,1.0016,-0.0037,-0.0285,0.5600,-2.7300,0.7700
61776833,sitting,1.0011,-0.0022,-0.0281,0.5600,-2.8000,0.7700
61776852,sitting,1.0021,-0.0034,-0.0290,0.5600,-2.7300,0.7700
61776871,sitting,1.0021,-0.0032,-0.0290,0.5600,-2.7650,0.7700
61776890,sitting,1.0024,-0.0029,-0.0281,0.5600,-2.7650,0.7700
61776910,sitting,1.0024,-0.0034,-0.0288,0.5600,-2.7650,0.7700
61776929,sitting,1.0021,-0.0024,-0.0293,0.5600,-2.8000,0.7350
61776948,sitting,1.0024,-0.0022,-0.0285,0.5250,-2.7300,0.7350
61776967,sitting,1.0019,-0.0037,-0.0285,0.5600,-2.7650,0.7700
61776986,sitting,1.0019,-0.0027,-0.0288,0.5600,-2.7650,0.7700
61777006,sitting,1.0009,-0.0024,-0.0288,0.5950,-2.7650,0.7700
61777025,sitting,1.0011,-0.0022,-0.0290,0.5250,-2.7300,0.7700
61777044,sitting,1.0011,-0.0027,-0.0295,0.5950,-2.7650,0.8400
61777063,sitting,1.0011,-0.0024,-0.0290,0.5600,-2.7300,0.7700
61777083,sitting,1.0014,-0.0034,-0.0283,0.5600,-2.8000,0.7700
61777102,sitting,1.0024,-0.0017,-0.0281,0.5600,-2.8000,0.7700
61777121,sitting,1.0014,-0.0032,-0.0293,0.5600,-2.7300,0.7700
61777140,sitting,1.0011,-0.0024,-0.0295,0.5600,-2.7300,0.7700
61777160,sitting,1.0011,-0.0029,-0.0281,0.5600,-2.7650,0.7700
61777179,sitting,1.0019,-0.0022,-0.0290,0.5600,-2.7300,0.7700
61777198,sitting,1.0014,-0.0029,-0.0285,0.5600,-2.7300,0.7700
61777217,sitting,1.0021,-0.0032,-0.0285,0.5600,-2.7650,0.7000
61777236,sitting,1.0019,-0.0034,-0.0288,0.5250,-2.7300,0.8050
61777256,sitting,1.0016,-0.0034,-0.0290,0.5600,-2.7650,0.7700
61777275,sitting,1.0024,-0.0037,-0.0276,0.5600,-2.7650,0.7700
61777294,sitting,1.0016,-0.0034,-0.0295,0.5600,-2.7650,0.7700
61777313,sitting,1.0016,-0.0037,-0.0293,0.5250,-2.7300,0.7700
61777333,sitting,1.0019,-0.0032,-0.0290,0.5600,-2.7300,0.7700
61777352,sitting,1.0009,-0.0029,-0.0285,0.5600,-2.7650,0.7700
61777371,sitting,1.0016,-0.0029,-0.0288,0.5600,-2.7650,0.7700
61777390,sitting,1.0016,-0.0027,-0.0276,0.5250,-2.7300,0.7700
61777410,sitting,1.0016,-0.0032,-0.0276,0.5600,-2.7650,0.7700
61777429,sitting,1.0028,-0.0029,-0.0288,0.5600,-2.7650,0.7700
61777448,sitting,1.0026,-0.0032,-0.0290,0.5600,-2.8000,0.7700
61777467,sitting,1.0016,-0.0029,-0.0288,0.5250,-2.8000,0.7700
61777486,sitting,1.0016,-0.0022,-0.0271,0.5250,-2.7650,0.7700
61777506,sitting,1.0021,-0.0029,-0.0290,0.4900,-2.7650,0.7700
61777525,sitting,1.0014,-0.0024,-0.0293,0.5600,-2.8000,0.7700
61777544,sitting,1.0024,-0.0029,-0.0290,0.5600,-2.7300,0.7700
61777563,sitting,1.0019,-0.0024,-0.0283,0.5600,-2.7650,0.7700
61777583,sitting,1.0021,-0.0024,-0.0285,0.5600,-2.8000,0.7700
61777602,sitting,1.0033,-0.0027,-0.0295,0.5250,-2.7300,0.7700
61777621,sitting,1.0016,-0.0029,-0.0278,0.5600,-2.7650,0.7700
61777640,sitting,1.0006,-0.0029,-0.0285,0.5600,-2.7300,0.7350
61777660,sitting,1.0006,-0.0027,-0.0278,0.5600,-2.7650,0.7700
61777679,sitting,1.0011,-0.0017,-0.0285,0.5950,-2.7650,0.7350
61777698,sitting,1.0019,-0.0034,-0.0288,0.5600,-2.7300,0.7000
61777717,sitting,1.0014,-0.0022,-0.0278,0.5600,-2.7650,0.7700
61777736,sitting,1.0026,-0.0027,-0.0290,0.5600,-2.7300,0.7700
61777756,sitting,1.0011,-0.0027,-0.0293,0.5600,-2.8000,0.7700
61777775,sitting,1.0016,-0.0029,-0.0285,0.5250,-2.8000,0.7700
61777794,sitting,1.0024,-0.0029,-0.0288,0.5600,-2.8000,0.7700
61777813,sitting,1.0009,-0.0037,-0.0288,0.5600,-2.8000,0.7700
61777833,sitting,1.0009,-0.0029,-0.0283,0.5600,-2.7650,0.7700
61777852,sitting,1.0021,-0.0020,-0.0283,0.5600,-2.7650,0.7700
61777871,sitting,1.0026,-0.0034,-0.0290,0.4900,-2.7650,0.7700
61777890,sitting,1.0019,-0.0034,-0.0295,0.5250,-2.8000,0.7700
61777910,sitting,1.0014,-0.0029,-0.0288,0.5250,-2.8000,0.7700
61777929,sitting,1.0019,-0.0027,-0.0293,0.4900,-2.7650,0.7700
61777948,sitting,1.0011,-0.0037,-0.0290,0.5600,-2.7650,0.7700
61777967,sitting,1.0014,-0.0032,-0.0290,0.5600,-2.7650,0.7700
61777986,sitting,1.0016,-0.0029,-0.0285,0.5950,-2.7300,0.7700
61778006,sitting,1.0016,-0.0024,-0.0281,0.5600,-2.7650,0.7700
61778025,sitting,1.0014,-0.0039,-0.0283,0.5600,-2.7650,0.7700
61778044,sitting,1.0016,-0.0044,-0.0288,0.5250,-2.7650,0.7350
61778063,sitting,1.0024,-0.0034,-0.0285,0.5600,-2.7300,0.7700
61778083,sitting,1.0026,-0.0027,-0.0298,0.5600,-2.7650,0.7350
61778102,sitting,1.0024,-0.0029,-0.0290,0.5600,-2.7300,0.7700
61778121,sitting,1.0019,-0.0032,-0.0278,0.5600,-2.7650,0.7700
61778140,sitting,1.0016,-0.0020,-0.0278,0.5600,-2.7300,0.7700
61778160,sitting,1.0016,-0.0032,-0.0276,0.5600,-2.8000,0.7350
61778179,sitting,1.0021,-0.0027,-0.0281,0.5250,-2.7650,0.7700
61778198,sitting,1.0021,-0.0032,-0.0285,0.5600,-2.8000,0.7350
61778217,sitting,1.0021,-0.0032,-0.0285,0.5600,-2.7300,0.7350
61778236,sitting,1.0014,-0.0032,-0.0283,0.5600,-2.7650,0.7700
61778256,sitting,1.0019,-0.0034,-0.0288,0.5950,-2.7650,0.7000
61778275,sitting,1.0016,-0.0022,-0.0288,0.5600,-2.8000,0.7700
61778294,sitting,1.0016,-0.0027,-0.0278,0.5950,-2.7650,0.7700
61778313,sitting,1.0019,-0.0032,-0.0293,0.5250,-2.7650,0.7700
61778333,sitting,1.0011,-0.0020,-0.0295,0.5250,-2.7650,0.7700
61778352,sitting,1.0016,-0.0037,-0.0288,0.5600,-2.7300,0.7700
61778371,sitting,1.0009,-0.0032,-0.0285,0.5600,-2.7300,0.7700
61778390,sitting,1.0009,-0.0020,-0.0281,0.5600,-2.7650,0.7700
61778410,sitting,1.0016,-0.0017,-0.0298,0.5250,-2.8000,0.7350
61778429,sitting,1.0021,-0.0041,-0.0276,0.5600,-2.7650,0.7700
61778448,sitting,1.0019,-0.0029,-0.0285,0.5950,-2.8000,0.7700
61778467,sitting,1.0019,-0.0029,-0.0290,0.5600,-2.7650,0.7700
61778486,sitting,1.0019,-0.0024,-0.0295,0.5250,-2.8000,0.7700
61778506,sitting,1.0031,-0.0032,-0.0281,0.5600,-2.7300,0.7700
61778525,sitting,1.0016,-0.0032,-0.0281,0.5600,-2.7650,0.7700
61778544,sitting,1.0021,-0.0029,-0.0283,0.5600,-2.7300,0.7700
61778563,sitting,1.0019,-0.0029,-0.0293,0.5600,-2.7650,0.7700
61778583,sitting,1.0021,-0.0032,-0.0283,0.5600,-2.8000,0.7350
61778602,sitting,1.0019,-0.0020,-0.0278,0.5950,-2.8000,0.8050
61778621,sitting,1.0024,-0.0032,-0.0283,0.5600,-2.8000,0.7700
61778640,sitting,1.0014,-0.0037,-0.0290,0.5600,-2.7300,0.7700
61778660,sitting,1.0014,-0.0029,-0.0290,0.5600,-2.7650,0.7350
61778679,sitting,1.0006,-0.0034,-0.0288,0.5600,-2.7300,0.7700
61778698,sitting,1.0006,-0.0032,-0.0278,0.5950,-2.7650,0.7700
61778717,sitting,1.0019,-0.0024,-0.0278,0.5600,-2.7300,0.7700
61778736,sitting,1.0011,-0.0024,-0.0290,0.5600,-2.7300,0.7350
61778756,sitting,1.0009,-0.0024,-0.0288,0.5600,-2.8000,0.7700
61778775,sitting,1.0019,-0.0029,-0.0290,0.5600,-2.7300,0.7350
61778794,sitting,1.0011,-0.0032,-0.0303,0.5600,-2.7300,0.7350
61778813,sitting,1.0024,-0.0034,-0.0307,0.5600,-2.7650,0.7700
61778833,sitting,1.0021,-0.0022,-0.0295,0.5600,-2.8000,0.7700
61778852,sitting,1.0014,-0.0027,-0.0295,0.5600,-2.7650,0.7700
61778871,sitting,1.0021,-0.0032,-0.0293,0.5600,-2.8000,0.7700
61778890,sitting,1.0024,-0.0041,-0.0290,0.5600,-2.7650,0.7700
61778910,sitting,1.0011,-0.0032,-0.0285,0.5250,-2.7650,0.7350
61778929,sitting,1.0011,-0.0039,-0.0283,0.5250,-2.8000,0.7700
61778948,sitting,1.0019,-0.0029,-0.0288,0.5600,-2.7650,0.7700
61778967,sitting,1.0028,-0.0037,-0.0283,0.5600,-2.7650,0.7700
61778986,sitting,1.0021,-0.0032,-0.0295,0.5600,-2.8000,0.7700
61779006,sitting,1.0019,-0.0032,-0.0283,0.5600,-2.8000,0.8050
61779025,sitting,1.0021,-0.0032,-0.0281,0.5600,-2.7300,0.7700
61779044,sitting,1.0024,-0.0027,-0.0288,0.5600,-2.7300,0.7700
61779063,sitting,1.0019,-0.0032,-0.0293,0.5600,-2.7650,0.7700
61779083,sitting,1.0011,-0.0027,-0.0283,0.5600,-2.7300,0.7700
61779102,sitting,1.0019,-0.0029,-0.0283,0.5600,-2.8000,0.7350
61779121,sitting,1.0014,-0.0024,-0.0288,0.5600,-2.7650,0.7700
61779140,sitting,1.0016,-0.0029,-0.0290,0.5600,-2.7300,0.7700
61779160,sitting,1.0019,-0.0024,-0.0288,0.5250,-2.7650,0.7350
61779179,sitting,1.0024,-0.0029,-0.0276,0.5600,-2.7300,0.7700
61779198,sitting,1.0024,-0.0022,-0.0283,0.5600,-2.7650,0.7000
61779217,sitting,1.0019,-0.0022,-0.0288,0.5600,-2.7300,0.7700
61779236,sitting,1.0021,-0.0027,-0.0295,0.5250,-2.8000,0.7700
61779256,sitting,1.0016,-0.0024,-0.0295,0.5600,-2.8000,0.7700
61779275,sitting,1.0021,-0.0027,-0.0288,0.5600,-2.8000,0.7700
61779294,sitting,1.0021,-0.0037,-0.0283,0.5600,-2.7650,0.7700
61779313,sitting,1.0019,-0.0034,-0.0281,0.5600,-2.7300,0.7700
61779333,sitting,1.0016,-0.0032,-0.0283,0.5600,-2.7650,0.7700
61779352,sitting,1.0024,-0.0034,-0.0288,0.5600,-2.7300,0.7700
61779371,sitting,1.0024,-0.0024,-0.0293,0.5250,-2.8000,0.7700
61779390,sitting,1.0014,-0.0022,-0.0281,0.5250,-2.8000,0.8050
61779410,sitting,1.0019,-0.0032,-0.0283,0.5250,-2.7650,0.7700
61779429,sitting,1.0016,-0.0027,-0.0290,0.5600,-2.7650,0.7700
61779448,sitting,1.0014,-0.0027,-0.0281,0.5600,-2.8000,0.7350
61779467,sitting,1.0014,-0.0039,-0.0276,0.5600,-2.7650,0.7700
61779486,sitting,1.0016,-0.0032,-0.0283,0.5600,-2.8000,0.7700
61779506,sitting,1.0026,-0.0020,-0.0285,0.5600,-2.7300,0.7350
61779525,sitting,1.0014,-0.0029,-0.0300,0.5600,-2.7300,0.7700
61779544,sitting,1.0016,-0.0027,-0.0283,0.5600,-2.7650,0.7700
61779563,sitting,1.0019,-0.0027,-0.0295,0.5600,-2.7650,0.7700
61779583,sitting,1.0019,-0.0020,-0.0285,0.5600,-2.7300,0.7700
61779602,sitting,1.0014,-0.0027,-0.0295,0.5600,-2.7300,0.7700
61779621,sitting,1.0016,-0.0037,-0.0303,0.5600,-2.7300,0.7000
61779640,sitting,1.0019,-0.0039,-0.0285,0.5250,-2.7300,0.7700
61779660,sitting,1.0011,-0.0032,-0.0288,0.5600,-2.7300,0.7700
61779679,sitting,1.0024,-0.0032,-0.0293,0.5600,-2.7650,0.7700
61779698,sitting,1.0024,-0.0037,-0.0288,0.5600,-2.7300,0.7350
61779717,sitting,1.0019,-0.0024,-0.0290,0.5250,-2.8000,0.7350
61779736,sitting,1.0006,-0.0029,-0.0295,0.5600,-2.7650,0.7700
61779756,sitting,1.0026,-0.0027,-0.0293,0.5600,-2.7300,0.7700
61779775,sitting,1.0016,-0.0027,-0.0283,0.5600,-2.7650,0.7350
61779794,sitting,1.0016,-0.0039,-0.0278,0.5600,-2.7650,0.7350
61779813,sitting,1.0026,-0.0027,-0.0295,0.5600,-2.7650,0.7350
61779833,sitting,1.0024,-0.0034,-0.0288,0.5950,-2.8000,0.7700
61779852,sitting,1.0021,-0.0027,-0.0283,0.5950,-2.7300,0.7350
61779871,sitting,1.0014,-0.0034,-0.0281,0.5600,-2.7650,0.7700
61779890,sitting,1.0019,-0.0024,-0.0290,0.5600,-2.7650,0.7350
61779910,sitting,1.0021,-0.0024,-0.0283,0.5600,-2.8000,0.7350
61779929,sitting,1.0011,-0.0022,-0.0290,0.5250,-2.7300,0.7700
61779948,sitting,1.0011,-0.0024,-0.0290,0.5600,-2.7650,0.7700
61779967,sitting,1.0011,-0.0034,-0.0283,0.5600,-2.7650,0.7350
61779986,sitting,1.0019,-0.0029,-0.0283,0.5250,-2.7300,0.7350
61780006,sitting,1.0024,-0.0022,-0.0285,0.5600,-2.7650,0.7700
61780025,sitting,1.0009,-0.0027,-0.0288,0.5600,-2.8000,0.7700
61780044,sitting,1.0019,-0.0032,-0.0288,0.5600,-2.7300,0.7700
61780063,sitting,1.0009,-0.0034,-0.0278,0.5600,-2.7650,0.7350
61780083,sitting,1.0019,-0.0027,-0.0281,0.5250,-2.7300,0.7700
61780102,sitting,1.0016,-0.0034,-0.0276,0.5600,-2.7300,0.7700
61780121,sitting,1.0014,-0.0024,-0.0293,0.5600,-2.7650,0.7700
61780140,sitting,1.0026,-0.0037,-0.0283,0.5600,-2.7300,0.7350
61780160,sitting,1.0011,-0.0024,-0.0285,0.5600,-2.7300,0.7350
61780179,sitting,1.0014,-0.0032,-0.0281,0.5600,-2.8000,0.7350
61780198,sitting,1.0026,-0.0027,-0.0281,0.5600,-2.7300,0.7000
61780217,sitting,1.0024,-0.0032,-0.0288,0.5250,-2.8000,0.7350
61780236,sitting,1.0016,-0.0027,-0.0285,0.5600,-2.8000,0.7700
61780256,sitting,1.0009,-0.0029,-0.0295,0.5250,-2.7650,0.7700
61780275,sitting,1.0021,-0.0029,-0.0288,0.5250,-2.8000,0.7700
61780294,sitting,1.0016,-0.0034,-0.0293,0.5250,-2.8000,0.7000
61780313,sitting,1.0028,-0.0034,-0.0290,0.5600,-2.7650,0.7700
61780333,sitting,1.0026,-0.0034,-0.0293,0.5950,-2.8000,0.7350
61780352,sitting,1.0016,-0.0029,-0.0285,0.5250,-2.7650,0.7350
61780371,sitting,1.0016,-0.0041,-0.0278,0.5950,-2.7650,0.7700
61780390,sitting,1.0014,-0.0032,-0.0290,0.5250,-2.8000,0.7700
61780410,sitting,1.0019,-0.0027,-0.0288,0.5600,-2.7300,0.7700
61780429,sitting,1.0024,-0.0029,-0.0290,0.5600,-2.8000,0.7350
61780448,sitting,1.0024,-0.0024,-0.0290,0.5250,-2.8000,0.8050
61780467,sitting,1.0021,-0.0027,-0.0295,0.5600,-2.7300,0.7700
61780486,sitting,1.0021,-0.0029,-0.0290,0.4900,-2.7650,0.7350
61780506,sitting,1.0009,-0.0032,-0.0290,0.5600,-2.7650,0.7700
61780525,sitting,1.0026,-0.0029,-0.0283,0.5950,-2.7650,0.7700
61780544,sitting,1.0021,-0.0024,-0.0290,0.5600,-2.7650,0.7700
61780563,sitting,1.0011,-0.0024,-0.0293,0.5950,-2.7650,0.7700
61780583,sitting,1.0006,-0.0024,-0.0288,0.5250,-2.7650,0.7700
61780602,sitting,1.0021,-0.0029,-0.0293,0.5250,-2.7650,0.7700
61780621,sitting,1.0019,-0.0032,-0.0290,0.5600,-2.7300,0.7700
61780640,sitting,1.0021,-0.0029,-0.0288,0.5600,-2.7650,0.7700
61780660,sitting,1.0021,-0.0029,-0.0298,0.5600,-2.7650,0.7700
61780679,sitting,1.0024,-0.0037,-0.0288,0.5250,-2.7650,0.7350
61780698,sitting,1.0021,-0.0029,-0.0288,0.5600,-2.8000,0.7350
61780717,sitting,1.0019,-0.0022,-0.0281,0.5950,-2.7300,0.7700
61780736,sitting,1.0019,-0.0024,-0.0285,0.5250,-2.8000,0.7700
61780756,sitting,1.0019,-0.0029,-0.0288,0.5250,-2.7300,0.7700
61780775,sitting,1.0016,-0.0034,-0.0276,0.5600,-2.7650,0.7700
61780794,sitting,1.0009,-0.0022,-0.0288,0.5600,-2.7300,0.7700
61780813,sitting,1.0009,-0.0029,-0.0278,0.5950,-2.7650,0.7700
61780833,sitting,1.0019,-0.0029,-0.0278,0.5600,-2.7650,0.7700
61780852,sitting,1.0014,-0.0046,-0.0288,0.5600,-2.8000,0.7700
61780871,sitting,1.0014,-0.0041,-0.0283,0.5600,-2.7650,0.7700
61780890,sitting,1.0011,-0.0024,-0.0293,0.5600,-2.8000,0.7700
61780910,sitting,1.0021,-0.0024,-0.0285,0.5250,-2.8000,0.7350
61780929,sitting,1.0004,-0.0027,-0.0295,0.5600,-2.7650,0.7700
61780948,sitting,1.0021,-0.0020,-0.0293,0.5600,-2.7300,0.7700
61780967,sitting,1.0026,-0.0029,-0.0283,0.5600,-2.7300,0.7700
61780986,sitting,1.0011,-0.0032,-0.0290,0.5250,-2.8000,0.8050
61781006,sitting,1.0026,-0.0034,-0.0293,0.5250,-2.7650,0.7700
61781025,sitting,1.0021,-0.0032,-0.0281,0.5600,-2.7300,0.7700
61781044,sitting,1.0011,-0.0024,-0.0271,0.5250,-2.7650,0.7700
61781063,sitting,1.0011,-0.0029,-0.0285,0.5600,-2.7300,0.7700
61781083,sitting,1.0021,-0.0027,-0.0283,0.5600,-2.8000,0.7700
61781102,sitting,1.0009,-0.0029,-0.0283,0.5600,-2.7650,0.7700
61781121,sitting,1.0016,-0.0022,-0.0293,0.5600,-2.7650,0.7700
61781140,sitting,1.0019,-0.0024,-0.0290,0.5250,-2.7300,0.7700
61781160,sitting,1.0016,-0.0034,-0.0290,0.5600,-2.7300,0.7700
61781179,sitting,1.0016,-0.0032,-0.0295,0.5250,-2.7300,0.7700
61781198,sitting,1.0014,-0.0024,-0.0285,0.5600,-2.7300,0.7000
61781217,sitting,1.0009,-0.0034,-0.0290,0.5600,-2.8000,0.7000
61781236,sitting,1.0011,-0.0037,-0.0293,0.5950,-2.7650,0.7700
61781256,sitting,1.0024,-0.0022,-0.0285,0.5600,-2.7300,0.7700
61781275,sitting,1.0024,-0.0027,-0.0295,0.5600,-2.8000,0.7350
61781294,sitting,1.0021,-0.0029,-0.0285,0.5600,-2.8000,0.7350
61781313,sitting,1.0014,-0.0032,-0.0285,0.5600,-2.7650,0.7350
61781333,sitting,1.0016,-0.0027,-0.0285,0.5600,-2.8000,0.7700
61781352,sitting,1.0014,-0.0027,-0.0283,0.5600,-2.7650,0.7700
61781371,sitting,1.0014,-0.0032,-0.0295,0.5600,-2.8000,0.7700
61781390,sitting,1.0014,-0.0032,-0.0295,0.5600,-2.7650,0.7700
61781410,sitting,1.0016,-0.0032,-0.0290,0.5250,-2.7650,0.7700
61781429,sitting,1.0014,-0.0032,-0.0285,0.5250,-2.8000,0.7700
61781448,sitting,1.0016,-0.0034,-0.0283,0.5250,-2.7650,0.7700
61781467,sitting,1.0016,-0.0027,-0.0283,0.5250,-2.7650,0.7700
61781486,sitting,1.0011,-0.0032,-0.0283,0.4900,-2.7650,0.7350
61781506,sitting,1.0019,-0.0037,-0.0288,0.5600,-2.8000,0.7700
61781525,sitting,1.0021,-0.0032,-0.0281,0.5600,-2.7650,0.8050
61781544,sitting,1.0019,-0.0032,-0.0273,0.5600,-2.7650,0.8050
61781563,sitting,1.0011,-0.0032,-0.0293,0.5600,-2.8000,0.7700
61781583,sitting,1.0019,-0.0034,-0.0283,0.5250,-2.7650,0.7700
61781602,sitting,1.0011,-0.0027,-0.0285,0.5600,-2.7650,0.7700
61781621,sitting,1.0021,-0.0022,-0.0290,0.5600,-2.7650,0.7700
61781640,sitting,1.0019,-0.0027,-0.0288,0.5600,-2.7300,0.7700
61781660,sitting,1.0021,-0.0034,-0.0288,0.5600,-2.7650,0.7700
61781679,sitting,1.0016,-0.0032,-0.0281,0.5600,-2.7300,0.7350
61781698,sitting,1.0016,-0.0034,-0.0278,0.5250,-2.7300,0.7700
61781717,sitting,1.0021,-0.0024,-0.0288,0.5600,-2.7650,0.7700
61781736,sitting,1.0009,-0.0027,-0.0295,0.5600,-2.7650,0.7350
61781756,sitting,1.0014,-0.0020,-0.0288,0.5600,-2.7650,0.7000
61781775,sitting,1.0021,-0.0022,-0.0278,0.5600,-2.8000,0.7700
61781794,sitting,1.0024,-0.0029,-0.0281,0.5600,-2.7650,0.7700
61781813,sitting,1.0011,-0.0024,-0.0303,0.5600,-2.7650,0.8050
61781833,sitting,1.0014,-0.0029,-0.0283,0.5600,-2.7300,0.7700
61781852,sitting,1.0011,-0.0034,-0.0281,0.5600,-2.7650,0.7700
61781871,sitting,1.0016,-0.0032,-0.0288,0.5600,-2.8000,0.7700
61781890,sitting,1.0024,-0.0027,-0.0283,0.5250,-2.7300,0.7350
61781910,sitting,1.0011,-0.0029,-0.0290,0.5600,-2.7300,0.7700
61781929,sitting,1.0021,-0.0034,-0.0293,0.5600,-2.8000,0.7350
61781948,sitting,1.0011,-0.0029,-0.0285,0.5600,-2.7650,0.7700
61781967,sitting,1.0009,-0.0022,-0.0288,0.5950,-2.7650,0.7700
61781986,sitting,1.0011,-0.0029,-0.0295,0.5600,-2.7650,0.7700
61782006,sitting,1.0014,-0.0029,-0.0283,0.5600,-2.7300,0.7700
61782025,sitting,1.0006,-0.0024,-0.0285,0.5600,-2.7650,0.7700
61782044,sitting,1.0011,-0.0020,-0.0281,0.5600,-2.7650,0.7700
61782063,sitting,1.0024,-0.0024,-0.0276,0.5250,-2.7300,0.7700
61782083,sitting,1.0024,-0.0032,-0.0293,0.5600,-2.7650,0.8050
61782102,sitting,1.0019,-0.0029,-0.0288,0.5600,-2.7300,0.7700
61782121,sitting,1.0016,-0.0024,-0.0288,0.5950,-2.7300,0.7700
61782140,sitting,1.0019,-0.0024,-0.0281,0.5600,-2.7300,0.8050
61782160,sitting,1.0028,-0.0032,-0.0285,0.5950,-2.7300,0.7700
61782179,sitting,1.0021,-0.0034,-0.0293,0.5600,-2.7650,0.7700
61782198,sitting,1.0016,-0.0034,-0.0288,0.5950,-2.7300,0.7350
61782217,sitting,1.0019,-0.0032,-0.0288,0.5600,-2.7300,0.7700
61782236,sitting,1.0014,-0.0024,-0.0293,0.5600,-2.7300,0.7700
61782256,sitting,1.0016,-0.0032,-0.0285,0.4900,-2.7650,0.7350
61782275,sitting,1.0016,-0.0032,-0.0285,0.5250,-2.7650,0.7700
61782294,sitting,1.0021,-0.0037,-0.0288,0.5600,-2.7650,0.7700
61782313,sitting,1.0024,-0.0037,-0.0288,0.5600,-2.7650,0.7700
61782333,sitting,1.0024,-0.0029,-0.0273,0.5950,-2.8000,0.8050
61782352,sitting,1.0019,-0.0029,-0.0288,0.5600,-2.7300,0.7700
61782371,sitting,1.0016,-0.0037,-0.0288,0.5950,-2.8000,0.7700
61782390,sitting,1.0006,-0.0032,-0.0293,0.5600,-2.7650,0.7700
61782410,sitting,1.0014,-0.0029,-0.0285,0.5600,-2.7300,0.8050
61782429,sitting,1.0011,-0.0037,-0.0288,0.5600,-2.8000,0.7700
61782448,sitting,1.0014,-0.0032,-0.0295,0.5600,-2.8000,0.7700
61782467,sitting,1.0021,-0.0024,-0.0295,0.5600,-2.8000,0.7700
61782486,sitting,1.0011,-0.0027,-0.0293,0.5600,-2.8000,0.8050
61782506,sitting,1.0021,-0.0029,-0.0288,0.5600,-2.7650,0.7700
61782525,sitting,1.0019,-0.0032,-0.0290,0.5600,-2.7650,0.8050
61782544,sitting,1.0014,-0.0037,-0.0281,0.5600,-2.7650,0.7700
61782563,sitting,1.0024,-0.0020,-0.0288,0.5600,-2.7650,0.7700
61782583,sitting,1.0019,-0.0024,-0.0283,0.5600,-2.7650,0.7350
61782602,sitting,1.0024,-0.0022,-0.0288,0.5600,-2.7300,0.8400
61782621,sitting,1.0014,-0.0029,-0.0293,0.5950,-2.7300,0.7700
61782640,sitting,1.0021,-0.0029,-0.0281,0.5600,-2.7300,0.7700
61782660,sitting,1.0014,-0.0027,-0.0288,0.5600,-2.7650,0.7700
61782679,sitting,1.0021,-0.0027,-0.0293,0.5600,-2.7300,0.7700
61782698,sitting,1.0024,-0.0024,-0.0281,0.5600,-2.7300,0.7350
61782717,sitting,1.0021,-0.0029,-0.0290,0.5600,-2.7650,0.7350
61782736,sitting,1.0026,-0.0034,-0.0285,0.5600,-2.7650,0.7000
61782756,sitting,1.0019,-0.0027,-0.0283,0.5600,-2.7650,0.7700
61782775,sitting,1.0016,-0.0027,-0.0290,0.5600,-2.7650,0.7700
61782794,sitting,1.0016,-0.0032,-0.0283,0.5600,-2.7650,0.7700
61782813,sitting,1.0016,-0.0029,-0.0271,0.5600,-2.7300,0.7700
61782833,sitting,1.0024,-0.0029,-0.0276,0.5600,-2.7300,0.7700
61782852,sitting,1.0019,-0.0029,-0.0293,0.5600,-2.7300,0.8050
61782871,sitting,1.0024,-0.0029,-0.0288,0.5600,-2.8000,0.7700
61782890,sitting,1.0024,-0.0020,-0.0290,0.5600,-2.8000,0.8050
61782910,sitting,1.0014,-0.0032,-0.0293,0.5600,-2.7650,0.7700
61782929,sitting,1.0006,-0.0034,-0.0295,0.5600,-2.7650,0.7700
61782948,sitting,1.0021,-0.0027,-0.0288,0.5600,-2.7650,0.7700
61782967,sitting,1.0019,-0.0037,-0.0283,0.5600,-2.8000,0.7700
61782986,sitting,1.0021,-0.0024,-0.0278,0.5250,-2.8000,0.7700
61783006,sitting,1.0021,-0.0037,-0.0288,0.5600,-2.8000,0.7700
61783025,sitting,1.0016,-0.0039,-0.0290,0.5250,-2.7650,0.7350
61783044,sitting,1.0011,-0.0029,-0.0283,0.5600,-2.7650,0.7700
61783063,sitting,1.0026,-0.0027,-0.0288,0.5600,-2.7650,0.7700
61783083,sitting,1.0011,-0.0029,-0.0285,0.5600,-2.7300,0.8050
61783102,sitting,1.0014,-0.0032,-0.0283,0.5600,-2.7650,0.7350
61783121,sitting,1.0021,-0.0029,-0.0285,0.5600,-2.7650,0.7700
61783140,sitting,1.0014,-0.0029,-0.0283,0.5600,-2.7300,0.7700
61783160,sitting,1.0016,-0.0022,-0.0290,0.5600,-2.7650,0.7700
61783179,sitting,1.0026,-0.0020,-0.0283,0.5600,-2.7300,0.7700
61783198,sitting,1.0024,-0.0027,-0.0295,0.5950,-2.7650,0.7700
61783217,sitting,1.0019,-0.0034,-0.0285,0.5600,-2.7650,0.7350
61783236,sitting,1.0016,-0.0024,-0.0285,0.5950,-2.7650,0.7350
61783256,sitting,1.0011,-0.0027,-0.0283,0.5600,-2.7300,0.7700
61783275,sitting,1.0024,-0.0027,-0.0288,0.5600,-2.7300,0.7700
61783294,sitting,1.0014,-0.0029,-0.0295,0.5250,-2.7650,0.7700
61783313,sitting,1.0016,-0.0027,-0.0285,0.5950,-2.7650,0.7700
61783333,sitting,1.0021,-0.0037,-0.0285,0.5600,-2.7650,0.7700
61783352,sitting,1.0009,-0.0027,-0.0293,0.5600,-2.8000,0.7700
61783371,sitting,1.0031,-0.0024,-0.0281,0.5600,-2.7650,0.7700
61783390,sitting,1.0024,-0.0034,-0.0288,0.6300,-2.7650,0.7000
61783410,sitting,1.0011,-0.0029,-0.0285,0.5600,-2.8000,0.7700
61783429,sitting,1.0028,-0.0027,-0.0283,0.5600,-2.8000,0.8050
61783448,sitting,1.0026,-0.0017,-0.0285,0.5600,-2.8000,0.7700
61783467,sitting,1.0016,-0.0027,-0.0288,0.5600,-2.7650,0.7700
61783486,sitting,1.0009,-0.0029,-0.0283,0.5600,-2.7650,0.7350
61783506,sitting,1.0011,-0.0027,-0.0288,0.5600,-2.7300,0.7350
61783525,sitting,1.0014,-0.0020,-0.0285,0.5250,-2.7650,0.7700
61783544,sitting,1.0021,-0.0027,-0.0283,0.5600,-2.8000,0.7700
61783563,sitting,1.0019,-0.0022,-0.0293,0.5600,-2.7300,0.8400
61783583,sitting,1.0021,-0.0034,-0.0303,0.5600,-2.7300,0.7700
61783602,sitting,1.0016,-0.0032,-0.0295,0.5600,-2.7650,0.8050
61783621,sitting,1.0009,-0.0034,-0.0285,0.5600,-2.7300,0.7700
61783640,sitting,1.0021,-0.0024,-0.0276,0.5600,-2.7650,0.7700
61783660,sitting,1.0016,-0.0029,-0.0285,0.5600,-2.7650,0.7700
61783679,sitting,1.0028,-0.0027,-0.0283,0.5600,-2.7300,0.7700
61783698,sitting,1.0011,-0.0022,-0.0293,0.5600,-2.7300,0.7700
61783717,sitting,1.0019,-0.0034,-0.0293,0.5600,-2.7300,0.7700
61783736,sitting,1.0028,-0.0024,-0.0285,0.5950,-2.7300,0.7700
61783756,sitting,1.0021,-0.0027,-0.0281,0.5600,-2.7650,0.7700
61783775,sitting,1.0016,-0.0024,-0.0283,0.5600,-2.7650,0.7700
61783794,sitting,1.0024,-0.0037,-0.0293,0.5600,-2.8000,0.7700
61783813,sitting,1.0019,-0.0032,-0.0290,0.5600,-2.7650,0.7700
61783833,sitting,1.0009,-0.0029,-0.0281,0.5600,-2.7650,0.7700
61783852,sitting,1.0024,-0.0029,-0.0281,0.5600,-2.7650,0.7700
61783871,sitting,1.0026,-0.0027,-0.0295,0.5600,-2.8000,0.7700
61783890,sitting,1.0019,-0.0029,-0.0288,0.5600,-2.7650,0.7700
61783910,sitting,1.0024,-0.0020,-0.0283,0.5250,-2.8000,0.7700
61783929,sitting,1.0009,-0.0027,-0.0285,0.5600,-2.8000,0.7700
61783948,sitting,1.0014,-0.0029,-0.0271,0.5600,-2.7650,0.8050
61783967,sitting,1.0016,-0.0029,-0.0281,0.5600,-2.7650,0.7700
61783986,sitting,1.0016,-0.0039,-0.0281,0.5600,-2.8000,0.7700
61784006,sitting,1.0026,-0.0022,-0.0290,0.5600,-2.7300,0.8050
61784025,sitting,1.0024,-0.0029,-0.0285,0.4900,-2.7300,0.7700
61784044,sitting,1.0019,-0.0029,-0.0295,0.5950,-2.7650,0.7350
61784063,sitting,1.0019,-0.0032,-0.0281,0.6300,-2.7300,0.7700
61784083,sitting,1.0011,-0.0024,-0.0285,0.5250,-2.7650,0.7700
61784102,sitting,1.0014,-0.0020,-0.0290,0.5600,-2.7650,0.7700
61784121,sitting,1.0026,-0.0029,-0.0293,0.5600,-2.7650,0.7700
61784140,sitting,1.0024,-0.0037,-0.0288,0.5600,-2.7650,0.7700
61784160,sitting,1.0016,-0.0027,-0.0281,0.5250,-2.7300,0.7700
61784179,sitting,1.0011,-0.0037,-0.0276,0.5600,-2.7300,0.7700
61784198,sitting,1.0019,-0.0020,-0.0290,0.5600,-2.7650,0.7350
61784217,sitting,1.0016,-0.0024,-0.0303,0.5600,-2.8000,0.7700
61784236,sitting,1.0021,-0.0032,-0.0290,0.5950,-2.8000,0.7350
61784256,sitting,1.0016,-0.0029,-0.0290,0.6300,-2.8000,0.7700
61784275,sitting,1.0019,-0.0034,-0.0285,0.5950,-2.7300,0.7700
61784294,sitting,1.0019,-0.0024,-0.0285,0.5600,-2.7650,0.7700
61784313,sitting,1.0019,-0.0024,-0.0298,0.5600,-2.8000,0.7700
61784333,sitting,1.0021,-0.0032,-0.0300,0.5600,-2.7300,0.7700
61784352,sitting,1.0021,-0.0034,-0.0307,0.5600,-2.7300,0.7700
61784371,sitting,1.0021,-0.0027,-0.0298,0.5600,-2.7650,0.7700
61784390,sitting,1.0014,-0.0034,-0.0290,0.5600,-2.7650,0.7700
61784410,sitting,1.0009,-0.0032,-0.0288,0.5600,-2.7650,0.7700
61784429,sitting,1.0026,-0.0024,-0.0283,0.5600,-2.7300,0.7700
61784448,sitting,1.0031,-0.0022,-0.0293,0.5250,-2.8000,0.7700
61784467,sitting,1.0028,-0.0020,-0.0285,0.5600,-2.7650,0.7700
61784486,sitting,1.0011,-0.0034,-0.0283,0.5250,-2.7300,0.7700
61784506,sitting,1.0014,-0.0039,-0.0281,0.5600,-2.8000,0.7700
61784525,sitting,1.0016,-0.0029,-0.0288,0.5600,-2.7650,0.7700
61784544,sitting,1.0016,-0.0039,-0.0290,0.5600,-2.7650,0.7700
61784563,sitting,1.0019,-0.0034,-0.0295,0.5600,-2.8000,0.7700
61784583,sitting,1.0019,-0.0027,-0.0290,0.5950,-2.7300,0.7700
61784602,sitting,1.0021,-0.0020,-0.0288,0.5950,-2.7650,0.8050
61784621,sitting,1.0016,-0.0034,-0.0295,0.5600,-2.7650,0.7700
61784640,sitting,1.0019,-0.0037,-0.0283,0.5600,-2.7650,0.7700
61784660,sitting,1.0009,-0.0037,-0.0290,0.5600,-2.8000,0.8050
61784679,sitting,1.0011,-0.0027,-0.0288,0.5600,-2.7300,0.7700
61784698,sitting,1.0026,-0.0022,-0.0293,0.5600,-2.7650,0.7700
61784717,sitting,1.0026,-0.0020,-0.0303,0.5600,-2.7650,0.7700
61784736,sitting,1.0019,-0.0032,-0.0293,0.5950,-2.8000,0.7700
61784756,sitting,1.0016,-0.0032,-0.0283,0.5600,-2.8000,0.7700
61784775,sitting,1.0014,-0.0037,-0.0283,0.5600,-2.7650,0.7700
61784794,sitting,1.0011,-0.0034,-0.0303,0.5950,-2.7300,0.7700
61784813,sitting,1.0016,-0.0029,-0.0290,0.5600,-2.7300,0.7700
61784833,sitting,1.0024,-0.0024,-0.0290,0.5600,-2.7300,0.7700
61784852,sitting,1.0019,-0.0029,-0.0290,0.5950,-2.7650,0.7700
61784871,sitting,1.0016,-0.0029,-0.0281,0.5600,-2.8000,0.8050
61784890,sitting,1.0016,-0.0029,-0.0293,0.5600,-2.8000,0.7700
61784910,sitting,1.0014,-0.0032,-0.0288,0.5250,-2.7300,0.7700
61784929,sitting,1.0016,-0.0032,-0.0285,0.5600,-2.7650,0.7700
61784948,sitting,1.0026,-0.0032,-0.0285,0.5250,-2.8000,0.8050
61784967,sitting,1.0019,-0.0017,-0.0278,0.5600,-2.8000,0.7700
61784986,sitting,1.0014,-0.0034,-0.0285,0.5600,-2.7300,0.8050
61785006,sitting,1.0021,-0.0020,-0.0288,0.5600,-2.7650,0.7700
61785025,sitting,1.0016,-0.0022,-0.0285,0.5600,-2.8000,0.7700
61785044,sitting,1.0024,-0.0027,-0.0288,0.5600,-2.8000,0.8400
61785063,sitting,1.0028,-0.0032,-0.0283,0.5600,-2.7300,0.7700
61785083,sitting,1.0016,-0.0032,-0.0293,0.5600,-2.7300,0.7700
61785102,sitting,1.0031,-0.0032,-0.0283,0.5600,-2.7650,0.7350
61785121,sitting,1.0021,-0.0037,-0.0283,0.5600,-2.8000,0.7700
61785140,sitting,1.0024,-0.0037,-0.0288,0.5600,-2.7650,0.7700
61785160,sitting,1.0021,-0.0027,-0.0288,0.5600,-2.7650,0.7700
61785179,sitting,1.0019,-0.0024,-0.0288,0.5600,-2.7650,0.7700
61785198,sitting,1.0011,-0.0027,-0.0288,0.5600,-2.8000,0.7700
61785217,sitting,1.0011,-0.0032,-0.0293,0.5950,-2.7650,0.7700
61785236,sitting,1.0014,-0.0032,-0.0290,0.5950,-2.7300,0.7700
61785256,sitting,1.0011,-0.0027,-0.0283,0.5600,-2.7300,0.7700
61785275,sitting,1.0019,-0.0024,-0.0290,0.5600,-2.7650,0.7700
61785294,sitting,1.0026,-0.0027,-0.0288,0.5600,-2.7300,0.7700
61785313,sitting,1.0016,-0.0029,-0.0293,0.5600,-2.8000,0.7700
61785333,sitting,1.0011,-0.0029,-0.0295,0.5600,-2.7650,0.7700
61785352,sitting,1.0009,-0.0022,-0.0295,0.5950,-2.7300,0.7350
61785371,sitting,1.0006,-0.0029,-0.0276,0.5600,-2.7300,0.7700
61785390,sitting,1.0016,-0.0037,-0.0290,0.5600,-2.7650,0.7700
61785410,sitting,1.0011,-0.0027,-0.0281,0.5600,-2.7300,0.7700
61785429,sitting,1.0016,-0.0032,-0.0281,0.5600,-2.8000,0.7700
61785448,sitting,1.0024,-0.0029,-0.0290,0.5600,-2.7650,0.8050
61785467,sitting,1.0024,-0.0032,-0.0285,0.5600,-2.8000,0.7700
61785486,sitting,1.0019,-0.0027,-0.0288,0.5600,-2.7650,0.7700
61785506,sitting,1.0024,-0.0027,-0.0278,0.5600,-2.7650,0.7700
61785525,sitting,1.0024,-0.0017,-0.0285,0.5950,-2.7650,0.7350
61785544,sitting,1.0014,-0.0029,-0.0293,0.5600,-2.7300,0.7700
61785563,sitting,1.0016,-0.0034,-0.0285,0.5600,-2.7300,0.7700
61785583,sitting,1.0004,-0.0027,-0.0293,0.5600,-2.7300,0.7700
61785602,sitting,1.0004,-0.0024,-0.0293,0.5250,-2.7300,0.7700
61785621,sitting,1.0016,-0.0020,-0.0290,0.5600,-2.7300,0.7700
61785640,sitting,1.0014,-0.0027,-0.0283,0.5950,-2.7300,0.8050
61785660,sitting,1.0024,-0.0041,-0.0293,0.5950,-2.7300,0.7700
61785679,sitting,1.0019,-0.0034,-0.0293,0.5600,-2.7650,0.7350
61785698,sitting,1.0024,-0.0027,-0.0281,0.5600,-2.7300,0.7700
61785717,sitting,1.0016,-0.0022,-0.0283,0.5600,-2.7300,0.7700
61785736,sitting,1.0019,-0.0032,-0.0293,0.5600,-2.7300,0.7700
61785756,sitting,1.0014,-0.0037,-0.0293,0.5600,-2.7300,0.8050
61785775,sitting,1.0014,-0.0029,-0.0283,0.5600,-2.8000,0.7350
61785794,sitting,1.0014,-0.0024,-0.0283,0.5600,-2.8000,0.7350
61785813,sitting,1.0014,-0.0034,-0.0295,0.5600,-2.8000,0.7700
61785833,sitting,1.0021,-0.0032,-0.0293,0.5600,-2.7650,0.7700
61785852,sitting,1.0016,-0.0027,-0.0276,0.5600,-2.8000,0.7700
61785871,sitting,1.0014,-0.0029,-0.0283,0.5600,-2.7650,0.7700
61785890,sitting,1.0016,-0.0034,-0.0281,0.5600,-2.7650,0.7700
61785910,sitting,1.0019,-0.0029,-0.0293,0.5600,-2.7650,0.8050
61785929,sitting,1.0026,-0.0029,-0.0298,0.5600,-2.7650,0.7700
61785948,sitting,1.0024,-0.0032,-0.0285,0.5600,-2.8000,0.7700
61785967,sitting,1.0014,-0.0029,-0.0288,0.5600,-2.7650,0.7700
61785986,sitting,1.0016,-0.0032,-0.0298,0.5600,-2.8000,0.7700
61786006,sitting,1.0014,-0.0029,-0.0293,0.5600,-2.7650,0.7700
61786025,sitting,1.0016,-0.0024,-0.0285,0.5600,-2.7300,0.7700
61786044,sitting,1.0019,-0.0027,-0.0290,0.5600,-2.7300,0.7700
61786063,sitting,1.0014,-0.0024,-0.0290,0.5600,-2.7300,0.7700
61786083,sitting,1.0028,-0.0037,-0.0293,0.5600,-2.7650,0.8050
61786102,sitting,1.0021,-0.0032,-0.0278,0.5600,-2.7300,0.7700
61786121,sitting,1.0016,-0.0027,-0.0288,0.5600,-2.8000,0.7700
61786140,sitting,1.0021,-0.0034,-0.0283,0.5600,-2.7650,0.7700
61786160,sitting,1.0014,-0.0017,-0.0283,0.5600,-2.7300,0.7700
61786179,sitting,1.0021,-0.0022,-0.0283,0.5600,-2.7300,0.7700
61786198,sitting,1.0021,-0.0029,-0.0285,0.5600,-2.7300,0.7700
61786217,sitting,1.0014,-0.0039,-0.0290,0.5600,-2.7300,0.7700
61786236,sitting,1.0016,-0.0027,-0.0290,0.5250,-2.7300,0.7700
61786256,sitting,1.0024,-0.0024,-0.0293,0.5600,-2.7650,0.7700
61786275,sitting,1.0019,-0.0032,-0.0288,0.5600,-2.7650,0.7700
61786294,sitting,1.0026,-0.0027,-0.0288,0.5600,-2.7300,0.7700
61786313,sitting,1.0021,-0.0029,-0.0288,0.5600,-2.7650,0.7700
61786333,sitting,1.0021,-0.0027,-0.0285,0.5600,-2.7300,0.7350
61786352,sitting,1.0019,-0.0022,-0.0283,0.5250,-2.8000,0.7700
61786371,sitting,1.0014,-0.0037,-0.0290,0.5600,-2.7650,0.7700
61786390,sitting,1.0016,-0.0020,-0.0298,0.5950,-2.8000,0.8050
61786410,sitting,1.0009,-0.0024,-0.0295,0.5600,-2.8000,0.7700
61786429,sitting,1.0006,-0.0037,-0.0290,0.5600,-2.7650,0.7700
61786448,sitting,1.0019,-0.0027,-0.0298,0.5250,-2.7650,0.7700
61786467,sitting,1.0016,-0.0032,-0.0298,0.5600,-2.7650,0.7700
61786486,sitting,1.0021,-0.0024,-0.0281,0.5600,-2.7300,0.8050
61786506,sitting,1.0016,-0.0027,-0.0290,0.5600,-2.7650,0.7700
61786525,sitting,1.0021,-0.0024,-0.0276,0.5250,-2.7650,0.8050
61786544,sitting,1.0016,-0.0024,-0.0288,0.5600,-2.7650,0.7700
61786563,sitting,1.0019,-0.0024,-0.0281,0.5600,-2.8000,0.7700
61786583,sitting,1.0019,-0.0032,-0.0285,0.5600,-2.7650,0.8050
61786602,sitting,1.0026,-0.0034,-0.0285,0.5600,-2.7300,0.7700
61786621,sitting,1.0024,-0.0027,-0.0288,0.5600,-2.7300,0.7700
61786640,sitting,1.0011,-0.0027,-0.0288,0.5950,-2.7300,0.8050
61786660,sitting,1.0021,-0.0029,-0.0295,0.5600,-2.7300,0.7700
61786679,sitting,1.0016,-0.0034,-0.0290,0.5600,-2.7650,0.7700
61786698,sitting,1.0009,-0.0034,-0.0281,0.5950,-2.7650,0.7700
61786717,sitting,1.0009,-0.0024,-0.0300,0.5600,-2.8000,0.7350
61786736,sitting,1.0021,-0.0032,-0.0293,0.5250,-2.7300,0.7350
61786756,sitting,1.0028,-0.0032,-0.0290,0.5600,-2.7650,0.7700
61786775,sitting,1.0019,-0.0022,-0.0283,0.5600,-2.7650,0.7350
61786794,sitting,1.0011,-0.0024,-0.0288,0.5600,-2.8000,0.7700
61786813,sitting,1.0021,-0.0024,-0.0276,0.5600,-2.7300,0.7700
61786833,sitting,1.0021,-0.0024,-0.0278,0.5250,-2.7650,0.7700
61786852,sitting,1.0024,-0.0024,-0.0283,0.5600,-2.7650,0.7700
61786871,sitting,1.0024,-0.0024,-0.0288,0.5600,-2.7650,0.7700
61786890,sitting,1.0024,-0.0039,-0.0283,0.5250,-2.7650,0.7700
61786910,sitting,0.9999,-0.0024,-0.0290,0.5250,-2.7650,0.7700
61786929,sitting,1.0011,-0.0029,-0.0288,0.5600,-2.8000,0.7700
61786948,sitting,1.0011,-0.0020,-0.0288,0.5250,-2.8000,0.7700
61786967,sitting,1.0024,-0.0027,-0.0290,0.5600,-2.7650,0.7700
61786986,sitting,1.0016,-0.0027,-0.0278,0.5600,-2.7300,0.7700
61787006,sitting,1.0011,-0.0027,-0.0281,0.5600,-2.7650,0.7700
61787025,sitting,1.0006,-0.0034,-0.0285,0.5600,-2.7300,0.7700
61787044,sitting,1.0014,-0.0024,-0.0281,0.5600,-2.7300,0.7700
61787063,sitting,1.0014,-0.0027,-0.0283,0.5600,-2.7300,0.7700
61787083,sitting,1.0019,-0.0022,-0.0288,0.5600,-2.7650,0.7350
61787102,sitting,1.0021,-0.0024,-0.0281,0.5600,-2.7300,0.8050
61787121,sitting,1.0021,-0.0029,-0.0271,0.5600,-2.8000,0.7700
61787140,sitting,1.0024,-0.0029,-0.0276,0.5600,-2.7650,0.7700
61787160,sitting,1.0019,-0.0024,-0.0283,0.5600,-2.7650,0.7700
61787179,sitting,1.0011,-0.0022,-0.0293,0.5600,-2.7650,0.8050
61787198,sitting,1.0016,-0.0027,-0.0295,0.5600,-2.7300,0.7700
61787217,sitting,1.0016,-0.0037,-0.0303,0.5250,-2.7650,0.7700
61787236,sitting,1.0014,-0.0027,-0.0293,0.5600,-2.7650,0.7700
61787256,sitting,1.0016,-0.0024,-0.0288,0.5950,-2.8000,0.7700
61787275,sitting,1.0011,-0.0029,-0.0283,0.5600,-2.7300,0.7700
61787294,sitting,1.0021,-0.0032,-0.0281,0.5250,-2.7650,0.7700
61787313,sitting,1.0014,-0.0022,-0.0285,0.5600,-2.8000,0.7350
61787333,sitting,1.0024,-0.0032,-0.0295,0.5600,-2.7650,0.7700
61787352,sitting,1.0011,-0.0034,-0.0285,0.5600,-2.8000,0.7700
61787371,sitting,1.0026,-0.0037,-0.0283,0.5600,-2.7650,0.7700
61787390,sitting,1.0016,-0.0029,-0.0283,0.5600,-2.8000,0.7700
61787410,sitting,1.0014,-0.0032,-0.0283,0.5950,-2.7650,0.7700
61787429,sitting,1.0011,-0.0032,-0.0281,0.5250,-2.7300,0.8050
61787448,sitting,1.0021,-0.0034,-0.0285,0.5600,-2.8000,0.7700
61787467,sitting,1.0016,-0.0037,-0.0288,0.5600,-2.8000,0.7700
61787486,sitting,1.0016,-0.0020,-0.0290,0.5250,-2.7300,0.7700
61787506,sitting,1.0014,-0.0029,-0.0290,0.5600,-2.7650,0.7700
61787525,sitting,1.0016,-0.0027,-0.0285,0.5600,-2.7650,0.7350
61787544,sitting,1.0009,-0.0020,-0.0281,0.5600,-2.7650,0.7700
61787563,sitting,1.0016,-0.0032,-0.0276,0.4900,-2.7650,0.7700
61787583,sitting,1.0016,-0.0029,-0.0285,0.5600,-2.7650,0.7700
61787602,sitting,1.0016,-0.0024,-0.0283,0.5600,-2.7650,0.7700
61787621,sitting,1.0028,-0.0027,-0.0283,0.5600,-2.7300,0.7700
61787640,sitting,1.0014,-0.0032,-0.0298,0.5250,-2.7650,0.8050
61787660,sitting,1.0024,-0.0027,-0.0295,0.5600,-2.7300,0.7700
61787679,sitting,1.0016,-0.0027,-0.0290,0.5600,-2.7650,0.7700
61787698,sitting,1.0016,-0.0032,-0.0290,0.5600,-2.7300,0.7700
61787717,sitting,1.0014,-0.0029,-0.0290,0.5600,-2.7650,0.7700
61787736,sitting,1.0006,-0.0027,-0.0285,0.5600,-2.7300,0.7350
61787756,sitting,1.0019,-0.0027,-0.0285,0.5600,-2.7650,0.7700
61787775,sitting,1.0019,-0.0024,-0.0293,0.5600,-2.7650,0.7700
61787794,sitting,1.0028,-0.0029,-0.0281,0.5600,-2.7300,0.7000
61787813,sitting,1.0019,-0.0039,-0.0288,0.5600,-2.7300,0.7350
61787833,sitting,1.0021,-0.0029,-0.0281,0.5600,-2.7300,0.7700
61787852,sitting,1.0021,-0.0027,-0.0288,0.5600,-2.7650,0.7350
61787871,sitting,1.0024,-0.0032,-0.0285,0.5600,-2.8000,0.7700
61787890,sitting,1.0014,-0.0027,-0.0285,0.5600,-2.7300,0.8050
61787910,sitting,1.0016,-0.0029,-0.0285,0.5950,-2.7650,0.7700
61787929,sitting,1.0021,-0.0029,-0.0290,0.5600,-2.7300,0.7700
61787948,sitting,1.0016,-0.0032,-0.0290,0.5600,-2.8000,0.7700
61787967,sitting,1.0014,-0.0037,-0.0290,0.5600,-2.7650,0.7700
61787986,sitting,1.0021,-0.0032,-0.0290,0.5600,-2.7650,0.7700
61788006,sitting,1.0021,-0.0037,-0.0288,0.5250,-2.7300,0.7700
61788025,sitting,1.0016,-0.0022,-0.0300,0.5600,-2.7300,0.7700
61788044,sitting,1.0006,-0.0022,-0.0293,0.5600,-2.7650,0.7700
61788063,sitting,1.0006,-0.0027,-0.0290,0.5600,-2.7650,0.7700
61788083,sitting,1.0024,-0.0024,-0.0285,0.5600,-2.7300,0.7700
61788102,sitting,1.0019,-0.0020,-0.0285,0.5600,-2.8000,0.7700
61788121,sitting,1.0014,-0.0027,-0.0285,0.5600,-2.7650,0.7700
61788140,sitting,1.0011,-0.0029,-0.0295,0.5600,-2.8000,0.7700
61788160,sitting,1.0021,-0.0029,-0.0305,0.5600,-2.7650,0.7700
61788179,sitting,1.0019,-0.0029,-0.0300,0.5600,-2.7300,0.7700
61788198,sitting,1.0011,-0.0029,-0.0285,0.5600,-2.7300,0.7700
61788217,sitting,1.0009,-0.0027,-0.0278,0.5600,-2.7300,0.7700
61788236,sitting,1.0011,-0.0024,-0.0293,0.5600,-2.7300,0.7350
61788256,sitting,1.0014,-0.0027,-0.0288,0.5600,-2.7650,0.7700
61788275,sitting,1.0026,-0.0032,-0.0295,0.5600,-2.8000,0.7700
61788294,sitting,1.0021,-0.0027,-0.0293,0.5600,-2.7300,0.7700
61788313,sitting,1.0014,-0.0022,-0.0293,0.5600,-2.7300,0.7700
61788333,sitting,1.0016,-0.0027,-0.0290,0.5600,-2.7650,0.7700
61788352,sitting,1.0024,-0.0039,-0.0290,0.5600,-2.7650,0.7700
61788371,sitting,1.0019,-0.0034,-0.0293,0.5600,-2.8000,0.7700
61788390,sitting,1.0026,-0.0027,-0.0283,0.5600,-2.7300,0.7700
61788410,sitting,1.0016,-0.0022,-0.0285,0.5250,-2.7650,0.8400
61788429,sitting,1.0016,-0.0027,-0.0298,0.5600,-2.7650,0.7700
61788448,sitting,1.0021,-0.0027,-0.0285,0.5600,-2.7650,0.7700
61788467,sitting,1.0024,-0.0027,-0.0285,0.5600,-2.7650,0.7700
61788486,sitting,1.0021,-0.0027,-0.0285,0.5600,-2.7650,0.7700
61788506,sitting,1.0021,-0.0020,-0.0288,0.5600,-2.8000,0.7700
61788525,sitting,1.0016,-0.0029,-0.0285,0.5250,-2.7650,0.7700
61788544,sitting,1.0009,-0.0037,-0.0285,0.5600,-2.7650,0.7700
61788563,sitting,1.0016,-0.0015,-0.0290,0.5600,-2.7300,0.8050
61788583,sitting,1.0011,-0.0029,-0.0285,0.5250,-2.7650,0.7700
61788602,sitting,1.0021,-0.0024,-0.0285,0.5250,-2.8000,0.7700
61788621,sitting,1.0009,-0.0020,-0.0288,0.5250,-2.7650,0.7700
61788640,sitting,1.0014,-0.0029,-0.0281,0.5600,-2.7650,0.7700
61788660,sitting,1.0021,-0.0034,-0.0288,0.5600,-2.8000,0.7700
61788679,sitting,1.0024,-0.0034,-0.0288,0.5600,-2.7300,0.7350
61788698,sitting,1.0011,-0.0032,-0.0283,0.5600,-2.7650,0.7700
61788717,sitting,1.0011,-0.0032,-0.0276,0.5600,-2.7300,0.7700
61788736,sitting,1.0024,-0.0034,-0.0283,0.5600,-2.7300,0.7350
61788756,sitting,1.0021,-0.0027,-0.0285,0.5950,-2.7300,0.7350
61788775,sitting,1.0014,-0.0032,-0.0271,0.5600,-2.7300,0.7700
61788794,sitting,1.0016,-0.0029,-0.0283,0.5250,-2.7650,0.7350
61788813,sitting,1.0021,-0.0029,-0.0276,0.5600,-2.7300,0.7700
61788833,sitting,1.0028,-0.0022,-0.0285,0.5600,-2.8000,0.7700
61788852,sitting,1.0031,-0.0020,-0.0290,0.5600,-2.8000,0.7350
61788871,sitting,1.0026,-0.0029,-0.0285,0.5600,-2.7300,0.8050
61788890,sitting,1.0028,-0.0034,-0.0290,0.5600,-2.7300,0.7700
61788910,sitting,1.0014,-0.0029,-0.0283,0.5600,-2.8000,0.8050
61788929,sitting,1.0019,-0.0029,-0.0281,0.5600,-2.7300,0.7700
61788948,sitting,1.0026,-0.0029,-0.0283,0.5600,-2.7300,0.7700
61788967,sitting,1.0019,-0.0029,-0.0285,0.5250,-2.8000,0.8050
61788986,sitting,1.0009,-0.0032,-0.0295,0.5600,-2.7650,0.8050
61789006,sitting,1.0009,-0.0029,-0.0293,0.5600,-2.8000,0.7700
61789025,sitting,1.0006,-0.0024,-0.0295,0.5600,-2.7300,0.7700
61789044,sitting,1.0019,-0.0027,-0.0295,0.5600,-2.7650,0.7700
61789063,sitting,1.0016,-0.0034,-0.0285,0.5600,-2.7650,0.7700
61789083,sitting,1.0016,-0.0027,-0.0300,0.5600,-2.7650,0.7350
61789102,sitting,1.0024,-0.0024,-0.0288,0.5600,-2.7650,0.8050
61789121,sitting,1.0016,-0.0024,-0.0285,0.5600,-2.8000,0.7700
61789140,sitting,1.0021,-0.0027,-0.0288,0.5600,-2.7300,0.7350
61789160,sitting,1.0026,-0.0032,-0.0288,0.5600,-2.7300,0.7350
61789179,sitting,1.0021,-0.0027,-0.0295,0.5600,-2.7300,0.7700
61789198,sitting,1.0011,-0.0017,-0.0290,0.5600,-2.7650,0.7700
61789217,sitting,1.0014,-0.0022,-0.0288,0.5600,-2.7300,0.7700
61789236,sitting,1.0024,-0.0024,-0.0288,0.5600,-2.7650,0.7700
61789256,sitting,1.0014,-0.0024,-0.0288,0.5600,-2.7650,0.7700
61789275,sitting,1.0021,-0.0024,-0.0285,0.5600,-2.7650,0.8050
61789294,sitting,1.0011,-0.0020,-0.0295,0.5600,-2.7650,0.7700
61789313,sitting,1.0011,-0.0032,-0.0290,0.5600,-2.8000,0.7350
61789333,sitting,1.0009,-0.0027,-0.0290,0.5600,-2.7650,0.7700
61789352,sitting,1.0016,-0.0029,-0.0293,0.5600,-2.8000,0.7700
61789371,sitting,1.0011,-0.0027,-0.0290,0.5600,-2.7650,0.7700
61789390,sitting,1.0014,-0.0029,-0.0290,0.5600,-2.7300,0.7700
61789410,sitting,1.0019,-0.0024,-0.0295,0.5600,-2.7300,0.7700
61789429,sitting,1.0016,-0.0027,-0.0293,0.5600,-2.7650,0.7700
61789448,sitting,1.0024,-0.0037,-0.0295,0.5250,-2.7300,0.7700
61789467,sitting,1.0019,-0.0034,-0.0288,0.5600,-2.7650,0.7700
61789486,sitting,1.0019,-0.0024,-0.0288,0.5600,-2.7300,0.7700
61789506,sitting,1.0019,-0.0027,-0.0288,0.5600,-2.7650,0.7700
61789525,sitting,1.0016,-0.0020,-0.0285,0.5600,-2.7300,0.7700
61789544,sitting,1.0011,-0.0024,-0.0293,0.6300,-2.8000,0.8050
61789563,sitting,1.0026,-0.0024,-0.0295,0.5950,-2.7650,0.7700
61789583,sitting,1.0024,-0.0027,-0.0288,0.5600,-2.7650,0.7700
61789602,sitting,1.0021,-0.0022,-0.0285,0.5250,-2.7650,0.7700
61789621,sitting,1.0024,-0.0024,-0.0290,0.5600,-2.7300,0.7700
61789640,sitting,1.0004,-0.0037,-0.0285,0.5600,-2.7300,0.8050
61789660,sitting,1.0016,-0.0024,-0.0283,0.5600,-2.7300,0.7700
61789679,sitting,1.0009,-0.0029,-0.0285,0.5600,-2.7300,0.8050
61789698,sitting,1.0014,-0.0022,-0.0285,0.5600,-2.7300,0.7700
61789717,sitting,1.0021,-0.0029,-0.0285,0.5250,-2.7300,0.7700
61789736,sitting,1.0021,-0.0029,-0.0288,0.5600,-2.7300,0.7700
61789756,sitting,1.0026,-0.0029,-0.0285,0.5600,-2.7300,0.7700
61789775,sitting,1.0019,-0.0022,-0.0288,0.5600,-2.7300,0.7700
61789794,sitting,1.0011,-0.0034,-0.0285,0.5250,-2.8000,0.7700
61789813,sitting,1.0019,-0.0022,-0.0298,0.5600,-2.8000,0.7700
61789833,sitting,1.0024,-0.0032,-0.0293,0.5600,-2.8000,0.7700
61789852,sitting,1.0009,-0.0029,-0.0290,0.5600,-2.7650,0.7700
61789871,sitting,1.0009,-0.0034,-0.0278,0.5600,-2.8000,0.7700
61789890,sitting,1.0014,-0.0032,-0.0288,0.5600,-2.7650,0.7700
61789910,sitting,1.0011,-0.0027,-0.0290,0.5950,-2.8000,0.7700
61789929,sitting,1.0011,-0.0027,-0.0293,0.5600,-2.7300,0.7700
61789948,sitting,1.0021,-0.0029,-0.0285,0.5600,-2.7650,0.7700
61789967,sitting,1.0019,-0.0029,-0.0295,0.5600,-2.7650,0.7700
61789986,sitting,1.0021,-0.0027,-0.0295,0.5600,-2.8000,0.8050
61790006,sitting,1.0014,-0.0027,-0.0290,0.5600,-2.7300,0.7700
61790025,sitting,1.0009,-0.0024,-0.0283,0.5600,-2.7650,0.8050
61790044,sitting,1.0011,-0.0034,-0.0285,0.5600,-2.7300,0.7700
61790063,sitting,1.0021,-0.0027,-0.0290,0.5600,-2.7300,0.7700
61790083,sitting,1.0011,-0.0034,-0.0283,0.5600,-2.7300,0.7700
61790102,sitting,1.0011,-0.0032,-0.0293,0.5600,-2.7300,0.8050
61790121,sitting,1.0021,-0.0037,-0.0293,0.5600,-2.8000,0.8050
61790140,sitting,1.0016,-0.0032,-0.0288,0.5600,-2.7650,0.7700
61790160,sitting,1.0011,-0.0020,-0.0290,0.5600,-2.7650,0.7700
61790179,sitting,1.0016,-0.0029,-0.0283,0.5600,-2.7650,0.7700
61790198,sitting,1.0014,-0.0027,-0.0281,0.5600,-2.7650,0.7700
61790217,sitting,1.0026,-0.0020,-0.0281,0.5600,-2.7300,0.7350
61790236,sitting,1.0011,-0.0034,-0.0295,0.5600,-2.7650,0.7700
61790256,sitting,1.0014,-0.0034,-0.0290,0.5600,-2.7650,0.7700
61790275,sitting,1.0024,-0.0032,-0.0285,0.5950,-2.7300,0.7700
61790294,sitting,1.0009,-0.0029,-0.0295,0.5600,-2.7650,0.7700
61790313,sitting,1.0004,-0.0032,-0.0293,0.5600,-2.7300,0.7700
61790333,sitting,1.0009,-0.0034,-0.0283,0.5950,-2.7650,0.7350
61790352,sitting,1.0011,-0.0039,-0.0290,0.5600,-2.7650,0.7700
61790371,sitting,1.0019,-0.0029,-0.0295,0.5600,-2.8000,0.7700
61790390,sitting,1.0021,-0.0034,-0.0290,0.5600,-2.8000,0.7700
61790410,sitting,1.0016,-0.0027,-0.0290,0.5600,-2.8000,0.8050
61790429,sitting,1.0019,-0.0032,-0.0288,0.5250,-2.7300,0.7700
61790448,sitting,1.0014,-0.0022,-0.0298,0.5600,-2.7300,0.7700
61790467,sitting,1.0028,-0.0024,-0.0293,0.5600,-2.7650,0.7350
61790486,sitting,1.0024,-0.0024,-0.0281,0.5600,-2.8000,0.7700
61790506,sitting,1.0016,-0.0037,-0.0285,0.5600,-2.8000,0.7700
61790525,sitting,1.0011,-0.0024,-0.0295,0.5600,-2.7300,0.7700
61790544,sitting,1.0009,-0.0027,-0.0295,0.5250,-2.8000,0.7700
61790563,sitting,1.0006,-0.0027,-0.0290,0.5600,-2.7650,0.7700
61790583,sitting,1.0011,-0.0024,-0.0278,0.5600,-2.7300,0.7700
61790602,sitting,1.0016,-0.0032,-0.0285,0.5250,-2.7300,0.7700
61790621,sitting,1.0021,-0.0032,-0.0285,0.5250,-2.7300,0.7700
61790640,sitting,1.0016,-0.0029,-0.0281,0.5600,-2.8000,0.7700
61790660,sitting,1.0016,-0.0029,-0.0288,0.5600,-2.7300,0.7700
61790679,sitting,1.0006,-0.0024,-0.0293,0.5600,-2.7650,0.7350
61790698,sitting,1.0019,-0.0039,-0.0293,0.5600,-2.7300,0.7700
61790717,sitting,1.0011,-0.0024,-0.0283,0.5600,-2.7650,0.7700
61790736,sitting,1.0021,-0.0032,-0.0288,0.5250,-2.7300,0.7350
61790756,sitting,1.0009,-0.0032,-0.0290,0.5600,-2.7300,0.7700
61790775,sitting,1.0016,-0.0027,-0.0295,0.5600,-2.7650,0.7700
61790794,sitting,1.0024,-0.0037,-0.0283,0.5600,-2.7650,0.7700
61790813,sitting,1.0019,-0.0037,-0.0281,0.5950,-2.7300,0.7700
61790833,sitting,1.0014,-0.0032,-0.0293,0.5600,-2.7650,0.7700
61790852,sitting,1.0009,-0.0032,-0.0285,0.5950,-2.8000,0.7350
61790871,sitting,1.0009,-0.0022,-0.0285,0.5600,-2.7300,0.7700
61790890,sitting,1.0009,-0.0027,-0.0285,0.5600,-2.7300,0.7700
61790910,sitting,1.0021,-0.0032,-0.0288,0.5600,-2.7650,0.7700
61790929,sitting,1.0024,-0.0027,-0.0295,0.5600,-2.7650,0.7700
61790948,sitting,1.0024,-0.0027,-0.0288,0.5600,-2.7650,0.7700
61790967,sitting,1.0019,-0.0032,-0.0288,0.5600,-2.7650,0.7700
61790986,sitting,1.0006,-0.0039,-0.0293,0.5600,-2.7650,0.7700
61791006,sitting,1.0016,-0.0029,-0.0278,0.5600,-2.7300,0.7700
61791025,sitting,1.0024,-0.0029,-0.0285,0.5600,-2.8000,0.8400
61791044,sitting,1.0016,-0.0027,-0.0285,0.5950,-2.7650,0.7700
61791063,sitting,1.0019,-0.0024,-0.0288,0.5600,-2.8000,0.8050
61791083,sitting,1.0019,-0.0034,-0.0281,0.5250,-2.7650,0.7700
61791102,sitting,1.0028,-0.0024,-0.0288,0.5600,-2.7300,0.7700
61791121,sitting,1.0019,-0.0034,-0.0298,0.5950,-2.7300,0.7700
61791140,sitting,1.0011,-0.0034,-0.0290,0.5600,-2.7650,0.7700
61791160,sitting,1.0019,-0.0039,-0.0288,0.5600,-2.7300,0.7700
61791179,sitting,1.0014,-0.0032,-0.0285,0.5250,-2.7300,0.7700
61791198,sitting,1.0019,-0.0024,-0.0283,0.5600,-2.7650,0.7700
61791217,sitting,1.0009,-0.0024,-0.0300,0.5250,-2.7300,0.7700
61791236,sitting,1.0016,-0.0032,-0.0290,0.5600,-2.7650,0.7700
61791256,sitting,1.0024,-0.0024,-0.0285,0.5600,-2.7300,0.7700
61791275,sitting,1.0011,-0.0024,-0.0295,0.5600,-2.7650,0.7700
61791294,sitting,1.0019,-0.0020,-0.0288,0.5250,-2.7650,0.7350
61791313,sitting,1.0019,-0.0024,-0.0290,0.5600,-2.8000,0.7350
61791333,sitting,1.0021,-0.0027,-0.0281,0.5600,-2.8000,0.7700
61791352,sitting,1.0009,-0.0041,-0.0281,0.5600,-2.7300,0.7700
61791371,sitting,1.0016,-0.0029,-0.0290,0.5600,-2.7650,0.7700
61791390,sitting,1.0019,-0.0029,-0.0278,0.5600,-2.8000,0.7700
61791410,sitting,1.0014,-0.0037,-0.0285,0.5600,-2.8000,0.7700
61791429,sitting,1.0019,-0.0032,-0.0285,0.5600,-2.7300,0.7700
61791448,sitting,1.0009,-0.0027,-0.0283,0.5600,-2.7650,0.7700
61791467,sitting,1.0016,-0.0029,-0.0290,0.5600,-2.8000,0.7700
61791486,sitting,1.0024,-0.0020,-0.0285,0.5600,-2.7650,0.7700
61791506,sitting,1.0016,-0.0029,-0.0281,0.5600,-2.7300,0.8050
61791525,sitting,1.0014,-0.0029,-0.0290,0.5600,-2.8000,0.7700
61791544,sitting,1.0009,-0.0034,-0.0293,0.5600,-2.8000,0.7700
61791563,sitting,1.0019,-0.0037,-0.0295,0.5600,-2.8000,0.7700
61791583,sitting,1.0026,-0.0041,-0.0290,0.5600,-2.7650,0.7700
61791602,sitting,1.0024,-0.0034,-0.0283,0.5600,-2.7300,0.7700
61791621,sitting,1.0006,-0.0032,-0.0283,0.5600,-2.7300,0.7700
61791640,sitting,1.0021,-0.0034,-0.0293,0.5600,-2.7650,0.7700
61791660,sitting,1.0021,-0.0024,-0.0285,0.5600,-2.7650,0.7700
61791679,sitting,1.0016,-0.0029,-0.0290,0.5600,-2.7300,0.7700
61791698,sitting,1.0002,-0.0029,-0.0288,0.5950,-2.7300,0.7700
61791717,sitting,1.0019,-0.0034,-0.0281,0.5600,-2.7300,0.7700
61791736,sitting,1.0016,-0.0041,-0.0288,0.5600,-2.7650,0.7700
61791756,sitting,1.0021,-0.0039,-0.0288,0.5600,-2.7650,0.7700
61791775,sitting,1.0019,-0.0034,-0.0295,0.5950,-2.7300,0.7700
61791794,sitting,1.0031,-0.0032,-0.0290,0.5600,-2.7300,0.7700
61791813,sitting,1.0021,-0.0029,-0.0293,0.5600,-2.7300,0.7700
61791833,sitting,1.0021,-0.0037,-0.0283,0.5600,-2.7650,0.7700
61791852,sitting,1.0026,-0.0037,-0.0293,0.5250,-2.8000,0.7700
61791871,sitting,1.0016,-0.0032,-0.0295,0.5600,-2.7650,0.7700
61791890,sitting,1.0021,-0.0024,-0.0281,0.5600,-2.8000,0.7700
61791910,sitting,1.0019,-0.0029,-0.0285,0.5600,-2.8000,0.7700
61791929,sitting,1.0016,-0.0027,-0.0290,0.5600,-2.7650,0.7700
61791948,sitting,1.0024,-0.0027,-0.0293,0.5600,-2.7300,0.8050
61791967,sitting,1.0024,-0.0027,-0.0281,0.5600,-2.7650,0.7700
61791986,sitting,1.0014,-0.0024,-0.0276,0.5600,-2.8000,0.7700
61792006,sitting,1.0014,-0.0037,-0.0278,0.5250,-2.8000,0.7700
61792025,sitting,1.0021,-0.0027,-0.0290,0.5600,-2.7300,0.8050
61792044,sitting,1.0016,-0.0032,-0.0295,0.5600,-2.8000,0.7700
61792063,sitting,1.0011,-0.0022,-0.0281,0.5600,-2.7650,0.8050
61792083,sitting,1.0024,-0.0020,-0.0281,0.5600,-2.7300,0.7700
61792102,sitting,1.0019,-0.0029,-0.0295,0.5950,-2.7650,0.7700
61792121,sitting,1.0014,-0.0032,-0.0290,0.5600,-2.7650,0.7700
61792140,sitting,1.0026,-0.0027,-0.0293,0.5600,-2.7650,0.7700
61792160,sitting,1.0026,-0.0034,-0.0290,0.5600,-2.8000,0.7700
61792179,sitting,1.0011,-0.0041,-0.0281,0.5600,-2.7300,0.7700
61792198,sitting,1.0016,-0.0039,-0.0288,0.5600,-2.7650,0.7700
61792217,sitting,1.0011,-0.0024,-0.0288,0.5600,-2.7300,0.7700
61792236,sitting,1.0021,-0.0027,-0.0283,0.5600,-2.7300,0.7700
61792256,sitting,1.0021,-0.0032,-0.0288,0.5600,-2.7300,0.7700
61792275,sitting,1.0021,-0.0022,-0.0295,0.5600,-2.7300,0.7350
61792294,sitting,1.0019,-0.0032,-0.0288,0.5600,-2.8000,0.7700
61792313,sitting,1.0009,-0.0029,-0.0288,0.5600,-2.7300,0.7350
61792333,sitting,1.0014,-0.0034,-0.0285,0.5600,-2.7650,0.7700
61792352,sitting,1.0011,-0.0034,-0.0285,0.5600,-2.8000,0.7700
61792371,sitting,1.0019,-0.0037,-0.0288,0.5600,-2.7300,0.7700
61792390,sitting,1.0016,-0.0032,-0.0281,0.5600,-2.7300,0.7700
61792410,sitting,1.0024,-0.0034,-0.0293,0.5600,-2.7650,0.7700
61792429,sitting,1.0024,-0.0029,-0.0273,0.5600,-2.7300,0.7700
61792448,sitting,1.0024,-0.0034,-0.0281,0.5600,-2.7650,0.7700
61792467,sitting,1.0019,-0.0029,-0.0285,0.5600,-2.8000,0.7700
61792486,sitting,1.0026,-0.0034,-0.0276,0.5600,-2.7650,0.7700
61792506,sitting,1.0019,-0.0027,-0.0278,0.5600,-2.8000,0.7700
61792525,sitting,1.0024,-0.0022,-0.0278,0.5600,-2.8000,0.7700
61792544,sitting,1.0024,-0.0029,-0.0276,0.4900,-2.7650,0.7700
61792563,sitting,1.0019,-0.0032,-0.0278,0.5600,-2.8000,0.7700
61792583,sitting,1.0011,-0.0032,-0.0285,0.5600,-2.7650,0.7700
61792602,sitting,1.0011,-0.0027,-0.0285,0.5600,-2.7650,0.7700
61792621,sitting,1.0011,-0.0029,-0.0285,0.5600,-2.7300,0.7700
61792640,sitting,1.0014,-0.0034,-0.0288,0.5250,-2.7300,0.7700
61792660,sitting,1.0014,-0.0034,-0.0288,0.5600,-2.7650,0.7700
61792679,sitting,1.0016,-0.0029,-0.0288,0.5950,-2.7300,0.7700
61792698,sitting,1.0014,-0.0027,-0.0293,0.5600,-2.7300,0.7700
61792717,sitting,1.0024,-0.0034,-0.0290,0.5950,-2.7300,0.7700
61792736,sitting,1.0016,-0.0037,-0.0293,0.5600,-2.7300,0.7700
61792756,sitting,1.0024,-0.0039,-0.0290,0.5600,-2.7650,0.7350
61792775,sitting,1.0024,-0.0024,-0.0288,0.5600,-2.7300,0.7700
61792794,sitting,1.0009,-0.0029,-0.0290,0.5600,-2.8000,0.7700
61792813,sitting,1.0016,-0.0027,-0.0290,0.5600,-2.8000,0.7700
61792833,sitting,1.0009,-0.0029,-0.0290,0.5600,-2.7650,0.7350
61792852,sitting,1.0019,-0.0029,-0.0303,0.5600,-2.8000,0.7700
61792871,sitting,1.0019,-0.0032,-0.0300,0.4900,-2.7650,0.7700
61792890,sitting,1.0019,-0.0034,-0.0295,0.5600,-2.7300,0.7700
61792910,sitting,1.0016,-0.0039,-0.0290,0.5600,-2.8000,0.7700
61792929,sitting,1.0026,-0.0032,-0.0295,0.5600,-2.8000,0.7700
61792948,sitting,1.0024,-0.0037,-0.0281,0.5600,-2.8000,0.7700
61792967,sitting,1.0026,-0.0027,-0.0285,0.5950,-2.8000,0.7700
61792986,sitting,1.0016,-0.0032,-0.0288,0.5600,-2.7650,0.7700
61793006,sitting,1.0004,-0.0027,-0.0295,0.5600,-2.8000,0.7700
61793025,sitting,1.0016,-0.0029,-0.0288,0.5600,-2.7650,0.7700
61793044,sitting,1.0026,-0.0034,-0.0285,0.5600,-2.7300,0.7700
61793063,sitting,1.0021,-0.0020,-0.0283,0.5950,-2.7300,0.7350
61793083,sitting,1.0016,-0.0029,-0.0293,0.5600,-2.7300,0.8050
61793102,sitting,1.0009,-0.0032,-0.0281,0.5600,-2.7650,0.7700
61793121,sitting,1.0024,-0.0027,-0.0283,0.5600,-2.8000,0.7700
61793140,sitting,1.0019,-0.0024,-0.0283,0.5950,-2.8000,0.7350
61793160,sitting,1.0026,-0.0041,-0.0285,0.5600,-2.7300,0.7700
61793179,sitting,1.0009,-0.0029,-0.0288,0.5600,-2.7300,0.7700
61793198,sitting,1.0016,-0.0027,-0.0293,0.5600,-2.7300,0.7700
61793217,sitting,1.0016,-0.0029,-0.0285,0.5950,-2.7650,0.8050
61793236,sitting,1.0014,-0.0039,-0.0285,0.5600,-2.8000,0.7700
61793256,sitting,1.0014,-0.0029,-0.0290,0.5600,-2.7650,0.7700
61793275,sitting,1.0024,-0.0034,-0.0285,0.5600,-2.7300,0.7700
61793294,sitting,1.0024,-0.0022,-0.0290,0.5600,-2.7650,0.7350
61793313,sitting,1.0011,-0.0032,-0.0290,0.5250,-2.8000,0.7350
61793333,sitting,1.0019,-0.0032,-0.0290,0.5600,-2.8000,0.7700
61793352,sitting,1.0014,-0.0022,-0.0293,0.5600,-2.8000,0.7700
61793371,sitting,1.0004,-0.0032,-0.0290,0.5600,-2.8000,0.7700
61793390,sitting,1.0016,-0.0024,-0.0290,0.5600,-2.7300,0.7700
61793410,sitting,1.0019,-0.0024,-0.0290,0.5600,-2.8000,0.7700
61793429,sitting,1.0019,-0.0029,-0.0290,0.5600,-2.7650,0.7700
61793448,sitting,1.0024,-0.0017,-0.0290,0.5250,-2.7300,0.8050
61793467,sitting,1.0014,-0.0020,-0.0278,0.5250,-2.8000,0.8050
61793486,sitting,1.0011,-0.0032,-0.0278,0.5600,-2.8000,0.7700
61793506,sitting,1.0019,-0.0032,-0.0281,0.5600,-2.8000,0.8050
61793525,sitting,1.0019,-0.0037,-0.0281,0.5600,-2.7300,0.7700
61793544,sitting,1.0014,-0.0032,-0.0290,0.5600,-2.7650,0.7700
61793563,sitting,1.0026,-0.0024,-0.0285,0.5250,-2.8000,0.7700
61793583,sitting,1.0021,-0.0032,-0.0293,0.5600,-2.7650,0.7700
61793602,sitting,1.0016,-0.0029,-0.0285,0.5600,-2.7650,0.7700
61793621,sitting,1.0014,-0.0027,-0.0278,0.5600,-2.8000,0.7700
61793640,sitting,1.0024,-0.0039,-0.0281,0.5250,-2.8000,0.7700
61793660,sitting,1.0016,-0.0032,-0.0288,0.5250,-2.8000,0.7700
61793679,sitting,1.0026,-0.0022,-0.0293,0.5600,-2.7300,0.7700
61793698,sitting,1.0028,-0.0034,-0.0283,0.5600,-2.7300,0.7350
61793717,sitting,1.0019,-0.0037,-0.0285,0.5600,-2.7300,0.7700
61793736,sitting,1.0014,-0.0024,-0.0290,0.5600,-2.7300,0.7700
61793756,sitting,1.0024,-0.0034,-0.0293,0.5600,-2.7650,0.7700
61793775,sitting,1.0016,-0.0029,-0.0288,0.5600,-2.7650,0.7700
61793794,sitting,1.0016,-0.0029,-0.0290,0.5600,-2.7650,0.7350
61793813,sitting,1.0026,-0.0029,-0.0283,0.5600,-2.7650,0.7700
61793833,sitting,1.0016,-0.0037,-0.0283,0.5250,-2.7300,0.7700
61793852,sitting,1.0014,-0.0034,-0.0293,0.5600,-2.7300,0.7700
61793871,sitting,1.0014,-0.0022,-0.0300,0.5600,-2.7650,0.7350
61793890,sitting,1.0019,-0.0027,-0.0295,0.5600,-2.8000,0.7700
61793910,sitting,1.0021,-0.0029,-0.0285,0.5600,-2.7650,0.7700
61793929,sitting,1.0028,-0.0029,-0.0285,0.5600,-2.8000,0.7700
61793948,sitting,1.0014,-0.0022,-0.0290,0.5600,-2.8000,0.7700
61793967,sitting,1.0019,-0.0039,-0.0288,0.5600,-2.8000,0.7700
61793986,sitting,1.0024,-0.0032,-0.0293,0.5600,-2.8000,0.7700
61794006,sitting,1.0011,-0.0032,-0.0276,0.5950,-2.7650,0.7700
61794025,sitting,1.0014,-0.0037,-0.0285,0.5600,-2.8000,0.7700
61794044,sitting,1.0031,-0.0041,-0.0288,0.4900,-2.7650,0.7700
61794063,sitting,1.0016,-0.0022,-0.0293,0.5250,-2.7650,0.7700
61794083,sitting,1.0016,-0.0020,-0.0293,0.5600,-2.8000,0.7700
61794102,sitting,1.0014,-0.0027,-0.0290,0.5600,-2.7300,0.7700
61794121,sitting,1.0014,-0.0034,-0.0281,0.5600,-2.7300,0.7700
61794140,sitting,1.0021,-0.0037,-0.0283,0.5600,-2.7650,0.8050
61794160,sitting,1.0024,-0.0024,-0.0290,0.5600,-2.7300,0.7700
61794179,sitting,1.0016,-0.0027,-0.0288,0.5600,-2.7650,0.8050
61794198,sitting,1.0006,-0.0027,-0.0293,0.5600,-2.7300,0.7700
61794217,sitting,1.0016,-0.0024,-0.0290,0.5600,-2.7650,0.7700
61794236,sitting,1.0016,-0.0032,-0.0293,0.5250,-2.7300,0.7700
61794256,sitting,1.0016,-0.0029,-0.0285,0.5600,-2.7650,0.7700
61794275,sitting,1.0009,-0.0022,-0.0290,0.5600,-2.8000,0.7700
61794294,sitting,1.0024,-0.0027,-0.0290,0.5600,-2.7300,0.7700
61794313,sitting,1.0016,-0.0032,-0.0276,0.5600,-2.7650,0.7700
61794333,sitting,1.0016,-0.0024,-0.0276,0.5600,-2.7300,0.7700
61794352,sitting,1.0019,-0.0032,-0.0300,0.5600,-2.8000,0.7700
61794371,sitting,1.0014,-0.0029,-0.0300,0.5600,-2.7300,0.7700
61794390,sitting,1.0006,-0.0032,-0.0298,0.5600,-2.8000,0.7700
61794410,sitting,1.0009,-0.0034,-0.0273,0.5600,-2.8000,0.7700
61794429,sitting,1.0002,-0.0032,-0.0288,0.5600,-2.7650,0.7700
61794448,sitting,1.0016,-0.0034,-0.0293,0.5600,-2.8000,0.7700
61794467,sitting,1.0014,-0.0027,-0.0288,0.5600,-2.8000,0.7700
61794486,sitting,1.0011,-0.0024,-0.0288,0.5250,-2.7650,0.7700
61794506,sitting,1.0011,-0.0024,-0.0290,0.5250,-2.8000,0.7700
61794525,sitting,1.0026,-0.0034,-0.0293,0.5250,-2.7650,0.7700
61794544,sitting,1.0014,-0.0037,-0.0290,0.5600,-2.7650,0.7700
61794563,sitting,1.0011,-0.0034,-0.0278,0.5600,-2.7650,0.7700
61794583,sitting,1.0021,-0.0027,-0.0278,0.5600,-2.8000,0.7700
61794602,sitting,1.0019,-0.0032,-0.0293,0.5250,-2.7300,0.7700
61794621,sitting,1.0009,-0.0027,-0.0288,0.5600,-2.7300,0.7700
61794640,sitting,1.0014,-0.0034,-0.0285,0.5600,-2.7650,0.7700
61794660,sitting,1.0021,-0.0041,-0.0295,0.5950,-2.7650,0.7700
61794679,sitting,1.0011,-0.0039,-0.0295,0.5600,-2.8000,0.7700
61794698,sitting,1.0011,-0.0032,-0.0288,0.5600,-2.7650,0.7350
61794717,sitting,1.0006,-0.0029,-0.0285,0.5600,-2.7650,0.7700
61794736,sitting,1.0016,-0.0032,-0.0285,0.5600,-2.7300,0.7350
61794756,sitting,1.0016,-0.0032,-0.0288,0.5600,-2.7650,0.7700
61794775,sitting,1.0011,-0.0044,-0.0295,0.5600,-2.7650,0.7000
61794794,sitting,1.0006,-0.0034,-0.0288,0.5950,-2.7300,0.7700
61794813,sitting,1.0011,-0.0034,-0.0281,0.5600,-2.7650,0.7700
61794833,sitting,1.0009,-0.0029,-0.0288,0.5600,-2.7300,0.7700
61794852,sitting,1.0009,-0.0034,-0.0293,0.5600,-2.8000,0.7700
61794871,sitting,1.0016,-0.0032,-0.0283,0.5600,-2.7650,0.7700
61794890,sitting,1.0014,-0.0032,-0.0290,0.5250,-2.7650,0.7700
61794910,sitting,1.0024,-0.0032,-0.0285,0.5600,-2.7650,0.7700
61794929,sitting,1.0019,-0.0017,-0.0293,0.5600,-2.8000,0.7700
61794948,sitting,1.0019,-0.0029,-0.0298,0.5950,-2.7650,0.7700
61794967,sitting,1.0019,-0.0027,-0.0288,0.5600,-2.8000,0.7700
61794986,sitting,1.0014,-0.0029,-0.0285,0.5600,-2.7650,0.7700
61795006,sitting,1.0019,-0.0024,-0.0293,0.5600,-2.7650,0.8050
61795025,sitting,1.0019,-0.0029,-0.0295,0.5600,-2.8000,0.7700
61795044,sitting,1.0026,-0.0024,-0.0285,0.5600,-2.7300,0.7700
61795063,sitting,1.0021,-0.0027,-0.0295,0.5600,-2.7300,0.7700
61795083,sitting,1.0014,-0.0020,-0.0295,0.5600,-2.7650,0.7700
61795102,sitting,1.0011,-0.0022,-0.0285,0.5600,-2.7300,0.7700
61795121,sitting,1.0016,-0.0027,-0.0285,0.5600,-2.7650,0.7700
61795140,sitting,1.0024,-0.0032,-0.0295,0.5600,-2.8000,0.7700
61795160,sitting,1.0024,-0.0029,-0.0298,0.5600,-2.7650,0.8050
61795179,sitting,1.0024,-0.0027,-0.0288,0.5600,-2.8000,0.7700
61795198,sitting,1.0011,-0.0027,-0.0288,0.5600,-2.7300,0.7700
61795217,sitting,1.0019,-0.0017,-0.0293,0.5600,-2.7650,0.7700
61795236,sitting,1.0021,-0.0032,-0.0281,0.5600,-2.7650,0.7700
61795256,sitting,1.0019,-0.0029,-0.0281,0.5600,-2.7650,0.7700
61795275,sitting,1.0019,-0.0037,-0.0290,0.5600,-2.7650,0.7700
61795294,sitting,1.0016,-0.0020,-0.0293,0.5950,-2.7300,0.7350
61795313,sitting,1.0011,-0.0032,-0.0285,0.5950,-2.7300,0.7700
61795333,sitting,1.0024,-0.0022,-0.0290,0.5600,-2.7650,0.7350
61795352,sitting,1.0028,-0.0037,-0.0278,0.5950,-2.8000,0.7700
61795371,sitting,1.0009,-0.0032,-0.0285,0.5600,-2.8000,0.7700
61795390,sitting,1.0011,-0.0041,-0.0278,0.5250,-2.8000,0.7700
61795410,sitting,1.0024,-0.0034,-0.0290,0.5600,-2.7300,0.7700
61795429,sitting,1.0026,-0.0027,-0.0290,0.5600,-2.7300,0.7700
61795448,sitting,1.0026,-0.0024,-0.0298,0.5600,-2.8000,0.7700
61795467,sitting,1.0019,-0.0037,-0.0298,0.5600,-2.7300,0.7700
61795486,sitting,1.0026,-0.0020,-0.0293,0.4900,-2.7300,0.7700
61795506,sitting,1.0011,-0.0027,-0.0285,0.5600,-2.7650,0.7700
61795525,sitting,1.0011,-0.0029,-0.0293,0.5600,-2.7300,0.7700
61795544,sitting,1.0016,-0.0027,-0.0293,0.5250,-2.7300,0.7700
61795563,sitting,1.0011,-0.0029,-0.0295,0.5600,-2.7650,0.7700
61795583,sitting,1.0019,-0.0039,-0.0293,0.5600,-2.7300,0.8050
61795602,sitting,1.0019,-0.0037,-0.0290,0.5600,-2.7300,0.7700
61795621,sitting,1.0016,-0.0029,-0.0285,0.5950,-2.7300,0.7700
61795640,sitting,1.0009,-0.0032,-0.0288,0.5600,-2.7300,0.7700
61795660,sitting,1.0024,-0.0032,-0.0288,0.5600,-2.7300,0.7700
61795679,sitting,1.0014,-0.0022,-0.0290,0.5600,-2.7650,0.7700
61795698,sitting,1.0019,-0.0032,-0.0281,0.5600,-2.7300,0.7700
61795717,sitting,1.0011,-0.0037,-0.0288,0.5600,-2.7300,0.7700
61795736,sitting,1.0009,-0.0034,-0.0300,0.5600,-2.7650,0.7700
61795756,sitting,1.0019,-0.0024,-0.0290,0.5600,-2.7300,0.7700
61795775,sitting,1.0016,-0.0027,-0.0288,0.5600,-2.8000,0.7350
61795794,sitting,1.0019,-0.0034,-0.0288,0.5600,-2.7650,0.7700
61795813,sitting,1.0019,-0.0034,-0.0285,0.5600,-2.7300,0.7700
61795833,sitting,1.0016,-0.0037,-0.0285,0.5600,-2.7650,0.7700
61795852,sitting,1.0014,-0.0039,-0.0273,0.5600,-2.7650,0.7700
61795871,sitting,1.0021,-0.0032,-0.0278,0.5600,-2.7300,0.7700
61795890,sitting,1.0014,-0.0032,-0.0293,0.5600,-2.7300,0.7700
61795910,sitting,1.0021,-0.0024,-0.0295,0.5600,-2.8000,0.7700
61795929,sitting,1.0014,-0.0029,-0.0281,0.5600,-2.7650,0.7700
61795948,sitting,1.0019,-0.0039,-0.0293,0.5600,-2.7650,0.7700
61795967,sitting,1.0004,-0.0029,-0.0293,0.5600,-2.7300,0.7700
61795986,sitting,1.0004,-0.0022,-0.0290,0.5950,-2.8000,0.7700
61796006,sitting,1.0011,-0.0022,-0.0290,0.5950,-2.8000,0.8050
61796025,sitting,1.0014,-0.0032,-0.0285,0.5600,-2.7650,0.7700
61796044,sitting,1.0016,-0.0034,-0.0293,0.5600,-2.7650,0.7350
61796063,sitting,1.0004,-0.0037,-0.0293,0.5600,-2.7650,0.7700
61796083,sitting,1.0014,-0.0037,-0.0285,0.5250,-2.7650,0.7700
61796102,sitting,1.0026,-0.0032,-0.0293,0.5600,-2.7650,0.8050
61796121,sitting,1.0021,-0.0027,-0.0285,0.5600,-2.7300,0.8050
61796140,sitting,1.0016,-0.0029,-0.0285,0.5600,-2.8000,0.8050
61796160,sitting,1.0024,-0.0027,-0.0293,0.5600,-2.7300,0.7700
61796179,sitting,1.0009,-0.0027,-0.0285,0.5600,-2.7650,0.7700
61796198,sitting,1.0006,-0.0027,-0.0293,0.4900,-2.7300,0.7700
61796217,sitting,1.0014,-0.0039,-0.0285,0.5600,-2.7300,0.7700
61796236,sitting,1.0014,-0.0037,-0.0295,0.5950,-2.8000,0.7700
61796256,sitting,1.0009,-0.0034,-0.0288,0.5950,-2.7650,0.7700
61796275,sitting,1.0014,-0.0037,-0.0293,0.6300,-2.7300,0.7350
61796294,sitting,1.0026,-0.0027,-0.0285,0.5600,-2.7650,0.7700
61796313,sitting,1.0019,-0.0022,-0.0283,0.5600,-2.7650,0.7350
61796333,sitting,1.0019,-0.0024,-0.0288,0.5600,-2.7650,0.8050
61796352,sitting,1.0016,-0.0037,-0.0283,0.5250,-2.7300,0.7700
61796371,sitting,1.0019,-0.0029,-0.0298,0.5600,-2.7650,0.7700
61796390,sitting,1.0019,-0.0027,-0.0293,0.5600,-2.7650,0.7000
61796410,sitting,1.0014,-0.0027,-0.0288,0.5600,-2.8000,0.7700
61796429,sitting,1.0026,-0.0032,-0.0288,0.5600,-2.7650,0.7700
61796448,sitting,1.0016,-0.0024,-0.0295,0.5600,-2.7650,0.7700
61796467,sitting,1.0009,-0.0022,-0.0283,0.5250,-2.7650,0.7700
61796486,sitting,1.0006,-0.0034,-0.0293,0.5600,-2.7650,0.7700
61796506,sitting,1.0011,-0.0034,-0.0295,0.5950,-2.7650,0.7700
61796525,sitting,1.0024,-0.0024,-0.0288,0.5950,-2.7650,0.7700
61796544,sitting,1.0026,-0.0032,-0.0288,0.5600,-2.7300,0.7700
61796563,sitting,1.0016,-0.0027,-0.0290,0.5250,-2.7650,0.7700
61796583,sitting,1.0014,-0.0029,-0.0290,0.5250,-2.7650,0.7700
61796602,sitting,1.0026,-0.0024,-0.0283,0.5600,-2.7650,0.7700
61796621,sitting,1.0009,-0.0027,-0.0300,0.5600,-2.7300,0.7700
61796640,sitting,1.0014,-0.0024,-0.0288,0.5950,-2.8000,0.8050
61796660,sitting,1.0021,-0.0029,-0.0288,0.5600,-2.7300,0.7700
61796679,sitting,1.0021,-0.0032,-0.0283,0.5950,-2.7650,0.7700
61796698,sitting,1.0011,-0.0022,-0.0285,0.5600,-2.7300,0.7700
61796717,sitting,1.0014,-0.0029,-0.0293,0.5600,-2.7650,0.7350
61796736,sitting,1.0009,-0.0024,-0.0288,0.5950,-2.7300,0.7350
61796756,sitting,1.0016,-0.0027,-0.0283,0.5600,-2.7300,0.7700
61796775,sitting,1.0026,-0.0029,-0.0285,0.5600,-2.7650,0.7350
61796794,sitting,1.0014,-0.0024,-0.0283,0.5600,-2.7650,0.7700
61796813,sitting,1.0016,-0.0024,-0.0283,0.5600,-2.7650,0.7700
61796833,sitting,1.0011,-0.0024,-0.0283,0.5600,-2.8000,0.7350
61796852,sitting,1.0009,-0.0032,-0.0283,0.5600,-2.7300,0.7700
61796871,sitting,1.0019,-0.0034,-0.0278,0.5600,-2.7300,0.7700
61796890,sitting,1.0028,-0.0029,-0.0293,0.5600,-2.7300,0.7700
61796910,sitting,1.0014,-0.0032,-0.0283,0.5600,-2.7300,0.7700
61796929,sitting,1.0021,-0.0032,-0.0288,0.5250,-2.7300,0.7700
61796948,sitting,1.0026,-0.0029,-0.0293,0.5600,-2.7650,0.7700
61796967,sitting,1.0004,-0.0037,-0.0290,0.5600,-2.8000,0.7700
61796986,sitting,1.0019,-0.0029,-0.0290,0.5600,-2.8000,0.7700
61797006,sitting,1.0014,-0.0037,-0.0295,0.5250,-2.7650,0.7700
61797025,sitting,1.0014,-0.0022,-0.0288,0.5250,-2.8000,0.7700
61797044,sitting,1.0019,-0.0029,-0.0288,0.5600,-2.8000,0.7700
61797063,sitting,1.0021,-0.0032,-0.0285,0.5950,-2.7300,0.7700
61797083,sitting,1.0024,-0.0027,-0.0298,0.5950,-2.7300,0.7700
61797102,sitting,1.0011,-0.0012,-0.0295,0.5600,-2.7300,0.7700
61797121,sitting,1.0016,-0.0029,-0.0295,0.5600,-2.8000,0.7700
61797140,sitting,1.0014,-0.0017,-0.0288,0.5600,-2.7300,0.8050
61797160,sitting,1.0021,-0.0032,-0.0283,0.5600,-2.7300,0.7700
61797179,sitting,1.0019,-0.0027,-0.0283,0.5600,-2.7300,0.7700
61797198,sitting,1.0019,-0.0022,-0.0283,0.5600,-2.7650,0.7700
61797217,sitting,1.0016,-0.0024,-0.0293,0.5600,-2.7300,0.7700
61797236,sitting,1.0024,-0.0034,-0.0300,0.5600,-2.7300,0.7700
61797256,sitting,1.0014,-0.0029,-0.0288,0.5600,-2.7650,0.7700
61797275,sitting,1.0016,-0.0032,-0.0285,0.5600,-2.7300,0.7700
61797294,sitting,1.0011,-0.0029,-0.0288,0.5250,-2.7650,0.7700
61797313,sitting,1.0026,-0.0027,-0.0285,0.5600,-2.7300,0.7350
61797333,sitting,1.0011,-0.0027,-0.0278,0.5250,-2.7650,0.7350
61797352,sitting,1.0014,-0.0034,-0.0288,0.5950,-2.7300,0.7700
61797371,sitting,1.0016,-0.0027,-0.0290,0.5600,-2.8000,0.7700
61797390,sitting,1.0019,-0.0027,-0.0298,0.5600,-2.7300,0.7350
61797410,sitting,1.0016,-0.0032,-0.0293,0.5600,-2.7650,0.8050
61797429,sitting,1.0021,-0.0034,-0.0281,0.5600,-2.7650,0.7700
61797448,sitting,1.0024,-0.0029,-0.0281,0.5600,-2.8000,0.7700
61797467,sitting,1.0014,-0.0032,-0.0300,0.5600,-2.7650,0.7700
61797486,sitting,1.0011,-0.0032,-0.0293,0.5600,-2.7300,0.7700
61797506,sitting,1.0019,-0.0034,-0.0290,0.5600,-2.7300,0.7700
61797525,sitting,1.0019,-0.0022,-0.0298,0.5250,-2.7650,0.7700
61797544,sitting,1.0019,-0.0027,-0.0288,0.5250,-2.7650,0.7700
61797563,sitting,1.0021,-0.0032,-0.0285,0.5600,-2.7650,0.7700
61797583,sitting,1.0019,-0.0027,-0.0283,0.5600,-2.7300,0.7700
61797602,sitting,1.0016,-0.0027,-0.0283,0.5600,-2.7300,0.7700
61797621,sitting,1.0019,-0.0032,-0.0290,0.5600,-2.7650,0.7700
61797640,sitting,1.0021,-0.0032,-0.0283,0.5600,-2.7300,0.7350
61797660,sitting,1.0014,-0.0039,-0.0276,0.5600,-2.7300,0.7700
61797679,sitting,1.0016,-0.0041,-0.0288,0.5600,-2.7650,0.7700
61797698,sitting,1.0021,-0.0034,-0.0278,0.5250,-2.8000,0.7700
61797717,sitting,1.0024,-0.0020,-0.0290,0.5600,-2.7650,0.7700
61797736,sitting,1.0019,-0.0029,-0.0283,0.5600,-2.7650,0.7700
61797756,sitting,1.0009,-0.0024,-0.0281,0.5600,-2.7650,0.7350
61797775,sitting,1.0009,-0.0034,-0.0293,0.5600,-2.7300,0.7000
61797794,sitting,1.0021,-0.0029,-0.0293,0.5950,-2.7650,0.7700
61797813,sitting,1.0021,-0.0022,-0.0283,0.5600,-2.7650,0.7350
61797833,sitting,1.0026,-0.0024,-0.0290,0.5600,-2.7300,0.7700
61797852,sitting,1.0009,-0.0022,-0.0290,0.5600,-2.7650,0.7700
61797871,sitting,1.0021,-0.0032,-0.0288,0.5600,-2.7300,0.7700
61797890,sitting,1.0019,-0.0024,-0.0281,0.5600,-2.7650,0.7700
61797910,sitting,1.0014,-0.0032,-0.0273,0.5600,-2.7650,0.7350
61797929,sitting,1.0016,-0.0027,-0.0293,0.5600,-2.7650,0.7700
61797948,sitting,1.0024,-0.0022,-0.0295,0.5600,-2.7650,0.7700
61797967,sitting,1.0021,-0.0034,-0.0288,0.5250,-2.7650,0.7700
61797986,sitting,1.0016,-0.0024,-0.0276,0.5600,-2.7650,0.7350
61798006,sitting,1.0009,-0.0039,-0.0278,0.4900,-2.7650,0.7700
61798025,sitting,1.0016,-0.0034,-0.0283,0.5600,-2.8000,0.7700
61798044,sitting,1.0016,-0.0027,-0.0290,0.5600,-2.8000,0.7700
61798063,sitting,1.0019,-0.0027,-0.0288,0.5600,-2.7650,0.7700
61798083,sitting,1.0021,-0.0032,-0.0295,0.5600,-2.8000,0.7700
61798102,sitting,1.0024,-0.0029,-0.0293,0.5250,-2.8000,0.8050
61798121,sitting,1.0024,-0.0029,-0.0288,0.5600,-2.7300,0.7700
61798140,sitting,1.0014,-0.0037,-0.0288,0.5250,-2.7300,0.7700
61798160,sitting,1.0016,-0.0034,-0.0290,0.5250,-2.8000,0.8050
61798179,sitting,1.0024,-0.0032,-0.0298,0.5250,-2.7650,0.7700
61798198,sitting,1.0014,-0.0029,-0.0298,0.5600,-2.7650,0.7700
61798217,sitting,1.0019,-0.0027,-0.0283,0.5600,-2.7650,0.7700
61798236,sitting,1.0009,-0.0020,-0.0293,0.5600,-2.7300,0.8050
61798256,sitting,1.0016,-0.0022,-0.0278,0.5600,-2.8000,0.7700
61798275,sitting,1.0009,-0.0032,-0.0281,0.5600,-2.7300,0.7700
61798294,sitting,1.0026,-0.0037,-0.0295,0.5600,-2.7300,0.7350
61798313,sitting,1.0016,-0.0029,-0.0300,0.5950,-2.8000,0.7700
61798333,sitting,1.0014,-0.0037,-0.0288,0.5950,-2.7300,0.7700
61798352,sitting,1.0011,-0.0024,-0.0293,0.5950,-2.7650,0.7700
61798371,sitting,1.0014,-0.0027,-0.0288,0.5600,-2.7650,0.7700
61798390,sitting,1.0011,-0.0034,-0.0283,0.5950,-2.8000,0.7350
61798410,sitting,1.0019,-0.0024,-0.0285,0.5600,-2.7300,0.7700
61798429,sitting,1.0014,-0.0027,-0.0293,0.5600,-2.7650,0.7700
61798448,sitting,1.0016,-0.0034,-0.0288,0.5600,-2.8000,0.7700
61798467,sitting,1.0016,-0.0024,-0.0290,0.5950,-2.7650,0.8050
61798486,sitting,1.0014,-0.0022,-0.0288,0.5600,-2.8000,0.7700
61798506,sitting,1.0014,-0.0027,-0.0288,0.5250,-2.8000,0.7700
61798525,sitting,1.0014,-0.0027,-0.0295,0.5600,-2.7650,0.7700
61798544,sitting,1.0016,-0.0020,-0.0285,0.5600,-2.7650,0.7700
61798563,sitting,1.0019,-0.0027,-0.0281,0.5600,-2.8000,0.7700
61798583,sitting,1.0009,-0.0032,-0.0295,0.5600,-2.8000,0.7700
61798602,sitting,1.0016,-0.0032,-0.0278,0.5600,-2.8000,0.8050
61798621,sitting,1.0019,-0.0029,-0.0285,0.5250,-2.7650,0.7700
61798640,sitting,1.0011,-0.0027,-0.0293,0.5250,-2.7300,0.7700
61798660,sitting,1.0019,-0.0027,-0.0303,0.5600,-2.7650,0.7700
61798679,sitting,1.0019,-0.0027,-0.0288,0.5600,-2.7300,0.7350
61798698,sitting,1.0016,-0.0017,-0.0293,0.5600,-2.7650,0.7700
61798717,sitting,1.0016,-0.0029,-0.0290,0.5600,-2.7300,0.7700
61798736,sitting,1.0014,-0.0024,-0.0285,0.5600,-2.7300,0.7700
61798756,sitting,1.0026,-0.0032,-0.0288,0.5600,-2.7300,0.7350
61798775,sitting,1.0014,-0.0027,-0.0295,0.5600,-2.7650,0.7700
61798794,sitting,1.0011,-0.0024,-0.0285,0.5600,-2.7300,0.7700
61798813,sitting,1.0009,-0.0017,-0.0281,0.5600,-2.7300,0.7350
61798833,sitting,1.0021,-0.0017,-0.0276,0.5600,-2.7650,0.7350
61798852,sitting,1.0011,-0.0022,-0.0276,0.5600,-2.7300,0.7700
61798871,sitting,1.0014,-0.0029,-0.0281,0.5600,-2.7650,0.7700
61798890,sitting,1.0016,-0.0032,-0.0288,0.5600,-2.7300,0.7700
61798910,sitting,1.0009,-0.0027,-0.0281,0.5600,-2.7650,0.7700
61798929,sitting,1.0014,-0.0027,-0.0290,0.5600,-2.7300,0.7700
61798948,sitting,1.0021,-0.0024,-0.0290,0.5600,-2.7650,0.7700
61798967,sitting,1.0028,-0.0032,-0.0290,0.5250,-2.8000,0.7700
61798986,sitting,1.0016,-0.0046,-0.0300,0.5600,-2.8000,0.7700
61799006,sitting,1.0011,-0.0032,-0.0293,0.5600,-2.7650,0.7700
61799025,sitting,1.0016,-0.0032,-0.0298,0.5250,-2.8000,0.7700
61799044,sitting,1.0021,-0.0032,-0.0295,0.5600,-2.8000,0.7700
61799063,sitting,1.0014,-0.0017,-0.0290,0.5250,-2.8000,0.8050
61799083,sitting,1.0021,-0.0020,-0.0295,0.5250,-2.7650,0.7700
61799102,sitting,1.0026,-0.0024,-0.0298,0.5950,-2.7650,0.8050
61799121,sitting,1.0026,-0.0029,-0.0285,0.5600,-2.7650,0.7700
61799140,sitting,1.0024,-0.0027,-0.0288,0.5600,-2.7300,0.7700
61799160,sitting,1.0021,-0.0032,-0.0295,0.5600,-2.8000,0.8050
61799179,sitting,1.0016,-0.0027,-0.0288,0.5600,-2.7300,0.7700
61799198,sitting,1.0024,-0.0032,-0.0288,0.5600,-2.7650,0.7700
61799217,sitting,1.0024,-0.0024,-0.0290,0.5600,-2.7300,0.7700
61799236,sitting,1.0019,-0.0029,-0.0293,0.5600,-2.7650,0.7700
61799256,sitting,1.0016,-0.0029,-0.0300,0.5600,-2.7650,0.7700
61799275,sitting,1.0016,-0.0034,-0.0285,0.5600,-2.7300,0.7700
61799294,sitting,1.0006,-0.0024,-0.0298,0.5600,-2.7300,0.7700
61799313,sitting,1.0016,-0.0027,-0.0300,0.5600,-2.7650,0.7700
61799333,sitting,1.0014,-0.0029,-0.0288,0.5600,-2.7300,0.7700
61799352,sitting,1.0016,-0.0029,-0.0295,0.5600,-2.7650,0.7000
61799371,sitting,1.0014,-0.0037,-0.0285,0.5600,-2.7650,0.7700
61799390,sitting,1.0016,-0.0029,-0.0281,0.5600,-2.7650,0.7700
61799410,sitting,1.0021,-0.0027,-0.0285,0.5600,-2.7650,0.7700
61799429,sitting,1.0014,-0.0034,-0.0283,0.5600,-2.8000,0.7350
61799448,sitting,1.0016,-0.0027,-0.0290,0.5250,-2.8000,0.7700
61799467,sitting,1.0004,-0.0032,-0.0290,0.5600,-2.8000,0.7700
61799486,sitting,1.0004,-0.0032,-0.0290,0.5600,-2.7300,0.7700
61799506,sitting,1.0014,-0.0029,-0.0298,0.5250,-2.7650,0.7700
61799525,sitting,1.0011,-0.0032,-0.0290,0.5600,-2.7300,0.7700
61799544,sitting,1.0011,-0.0039,-0.0293,0.5600,-2.7650,0.7700
61799563,sitting,1.0019,-0.0034,-0.0303,0.5600,-2.7650,0.7700
61799583,sitting,1.0002,-0.0027,-0.0295,0.5250,-2.7650,0.8050
61799602,sitting,1.0006,-0.0029,-0.0288,0.5600,-2.7650,0.7700
61799621,sitting,1.0019,-0.0020,-0.0293,0.5600,-2.8000,0.8050
61799640,sitting,1.0016,-0.0029,-0.0288,0.5600,-2.8000,0.7350
61799660,sitting,1.0021,-0.0029,-0.0288,0.5600,-2.8000,0.7700
61799679,sitting,1.0019,-0.0039,-0.0283,0.5600,-2.8000,0.7350
61799698,sitting,1.0014,-0.0034,-0.0290,0.5950,-2.7300,0.7700
61799717,sitting,1.0019,-0.0034,-0.0288,0.5600,-2.7650,0.7700
61799736,sitting,1.0011,-0.0027,-0.0290,0.5250,-2.8000,0.7700
61799756,sitting,1.0021,-0.0027,-0.0288,0.5600,-2.7650,0.7700
61799775,sitting,1.0016,-0.0037,-0.0293,0.5600,-2.7650,0.7000
61799794,sitting,1.0019,-0.0022,-0.0290,0.5600,-2.7300,0.7700
61799813,sitting,1.0021,-0.0022,-0.0283,0.5600,-2.7650,0.7700
61799833,sitting,1.0024,-0.0032,-0.0288,0.5600,-2.7650,0.7700
61799852,sitting,1.0021,-0.0032,-0.0293,0.5600,-2.7300,0.7700
61799871,sitting,1.0011,-0.0037,-0.0288,0.5600,-2.7300,0.7700
61799890,sitting,1.0019,-0.0034,-0.0293,0.5600,-2.7650,0.7700
61799910,sitting,1.0019,-0.0027,-0.0288,0.5600,-2.7300,0.7700
61799929,sitting,1.0019,-0.0034,-0.0288,0.5600,-2.7650,0.7700
61799948,sitting,1.0019,-0.0027,-0.0285,0.5600,-2.8000,0.7700
61799967,sitting,1.0019,-0.0029,-0.0290,0.5600,-2.7300,0.7700
61799986,sitting,1.0024,-0.0024,-0.0278,0.5250,-2.8000,0.7700
61800006,sitting,1.0011,-0.0034,-0.0290,0.5600,-2.7650,0.7700
61800025,sitting,1.0009,-0.0024,-0.0285,0.5600,-2.7650,0.7350
61800044,sitting,1.0024,-0.0032,-0.0285,0.5600,-2.8000,0.7700
61800063,sitting,1.0019,-0.0034,-0.0285,0.5250,-2.8000,0.7700
61800083,sitting,1.0016,-0.0034,-0.0293,0.5600,-2.7650,0.7700
61800102,sitting,1.0024,-0.0029,-0.0290,0.4900,-2.8000,0.7700
61800121,sitting,1.0019,-0.0034,-0.0285,0.5600,-2.7300,0.7700
61800140,sitting,1.0024,-0.0037,-0.0288,0.5600,-2.7300,0.7700
61800160,sitting,1.0014,-0.0020,-0.0298,0.5600,-2.8000,0.7700
61800179,sitting,1.0019,-0.0034,-0.0290,0.5600,-2.7300,0.7700
61800198,sitting,1.0021,-0.0037,-0.0278,0.5250,-2.7300,0.7700
61800217,sitting,1.0016,-0.0029,-0.0283,0.5600,-2.7300,0.7700
61800236,sitting,1.0019,-0.0039,-0.0283,0.5250,-2.7300,0.7700
61800256,sitting,1.0024,-0.0027,-0.0295,0.5250,-2.7650,0.7700
61800275,sitting,1.0019,-0.0037,-0.0295,0.5950,-2.7300,0.7700
61800294,sitting,1.0009,-0.0039,-0.0288,0.5950,-2.7300,0.8050
61800313,sitting,1.0004,-0.0034,-0.0300,0.5600,-2.7300,0.7700
61800333,sitting,1.0009,-0.0029,-0.0293,0.5250,-2.7300,0.7700
61800352,sitting,1.0016,-0.0032,-0.0293,0.5600,-2.8000,0.7350
61800371,sitting,1.0011,-0.0029,-0.0293,0.5600,-2.7300,0.7700
61800390,sitting,1.0011,-0.0032,-0.0285,0.5600,-2.8000,0.7700
61800410,sitting,1.0021,-0.0034,-0.0288,0.5600,-2.7300,0.7700
61800429,sitting,1.0019,-0.0041,-0.0290,0.5250,-2.7650,0.7700
61800448,sitting,1.0011,-0.0034,-0.0283,0.5600,-2.8000,0.7700
61800467,sitting,1.0016,-0.0034,-0.0293,0.5600,-2.7650,0.7700
61800486,sitting,1.0021,-0.0037,-0.0300,0.5600,-2.8000,0.7700
61800506,sitting,1.0028,-0.0027,-0.0293,0.4900,-2.8000,0.7350
61800525,sitting,1.0021,-0.0027,-0.0293,0.5250,-2.8000,0.7700
61800544,sitting,1.0016,-0.0029,-0.0295,0.5600,-2.7650,0.7700
61800563,sitting,1.0019,-0.0032,-0.0293,0.5600,-2.8000,0.7700
61800583,sitting,1.0014,-0.0024,-0.0283,0.5600,-2.8000,0.7700
61800602,sitting,1.0021,-0.0024,-0.0285,0.5600,-2.7300,0.7700
61800621,sitting,1.0021,-0.0027,-0.0278,0.5250,-2.8000,0.7700
61800640,sitting,1.0019,-0.0029,-0.0293,0.5600,-2.7300,0.7700
61800660,sitting,1.0014,-0.0020,-0.0288,0.5600,-2.7650,0.7700
61800679,sitting,1.0019,-0.0029,-0.0298,0.5950,-2.7300,0.7700
61800698,sitting,1.0019,-0.0041,-0.0281,0.5600,-2.7300,0.8050
61800717,sitting,1.0011,-0.0039,-0.0290,0.5600,-2.7300,0.7700
61800736,sitting,1.0028,-0.0032,-0.0288,0.5600,-2.7300,0.7700
61800756,sitting,1.0026,-0.0029,-0.0285,0.5600,-2.7650,0.7350
61800775,sitting,1.0016,-0.0032,-0.0285,0.5600,-2.7650,0.7700
61800794,sitting,1.0019,-0.0034,-0.0295,0.5600,-2.8000,0.7350
61800813,sitting,1.0014,-0.0029,-0.0293,0.5250,-2.7300,0.7700
61800833,sitting,1.0009,-0.0027,-0.0298,0.5600,-2.7650,0.7700
61800852,sitting,1.0016,-0.0027,-0.0283,0.5600,-2.7300,0.7700
61800871,sitting,1.0009,-0.0037,-0.0281,0.5600,-2.7300,0.7700
61800890,sitting,1.0016,-0.0032,-0.0290,0.5600,-2.7650,0.7350
61800910,sitting,1.0016,-0.0032,-0.0285,0.5600,-2.7300,0.7700
61800929,sitting,1.0014,-0.0029,-0.0298,0.5600,-2.7650,0.7700
61800948,sitting,1.0016,-0.0034,-0.0281,0.5600,-2.7650,0.7700
61800967,sitting,1.0016,-0.0029,-0.0293,0.5250,-2.7650,0.7700
61800986,sitting,1.0014,-0.0029,-0.0290,0.5600,-2.7300,0.7700
61801006,sitting,1.0004,-0.0032,-0.0288,0.5600,-2.7650,0.7700
61801025,sitting,1.0014,-0.0022,-0.0303,0.5600,-2.8000,0.7700
61801044,sitting,1.0014,-0.0037,-0.0295,0.5950,-2.8000,0.7700
61801063,sitting,1.0011,-0.0027,-0.0295,0.5600,-2.8000,0.7700
61801083,sitting,1.0024,-0.0024,-0.0288,0.5600,-2.7650,0.7700
61801102,sitting,1.0014,-0.0027,-0.0288,0.5600,-2.7650,0.7700
61801121,sitting,1.0019,-0.0034,-0.0285,0.5600,-2.7650,0.7700
61801140,sitting,1.0021,-0.0029,-0.0281,0.5600,-2.7300,0.7700
61801160,sitting,1.0016,-0.0032,-0.0293,0.5250,-2.7300,0.7700
61801179,sitting,1.0019,-0.0034,-0.0288,0.5600,-2.7300,0.7700
61801198,sitting,1.0016,-0.0029,-0.0283,0.5600,-2.7300,0.8050
61801217,sitting,1.0014,-0.0024,-0.0276,0.5600,-2.7650,0.7700
61801236,sitting,1.0014,-0.0024,-0.0293,0.5600,-2.7300,0.8050
61801256,sitting,1.0014,-0.0037,-0.0298,0.5600,-2.7650,0.8050
61801275,sitting,1.0016,-0.0032,-0.0283,0.5600,-2.7300,0.7350
61801294,sitting,1.0021,-0.0037,-0.0293,0.5600,-2.7650,0.7700
61801313,sitting,1.0011,-0.0024,-0.0290,0.5600,-2.7300,0.8050
61801333,sitting,1.0009,-0.0034,-0.0300,0.5600,-2.7300,0.7700
61801352,sitting,1.0016,-0.0034,-0.0290,0.5600,-2.7650,0.7700
61801371,sitting,1.0031,-0.0032,-0.0281,0.5600,-2.7300,0.7700
61801390,sitting,1.0021,-0.0029,-0.0278,0.5600,-2.7650,0.7700
61801410,sitting,1.0016,-0.0029,-0.0278,0.5600,-2.8000,0.7700
61801429,sitting,1.0019,-0.0029,-0.0283,0.5950,-2.7650,0.7700
61801448,sitting,1.0014,-0.0020,-0.0293,0.5600,-2.7300,0.7700
61801467,sitting,1.0011,-0.0032,-0.0288,0.5600,-2.7650,0.7700
61801486,sitting,1.0004,-0.0024,-0.0298,0.5950,-2.7300,0.7700
61801506,sitting,1.0016,-0.0032,-0.0283,0.5600,-2.8000,0.7700
61801525,sitting,1.0016,-0.0027,-0.0293,0.5600,-2.7650,0.7700
61801544,sitting,1.0019,-0.0022,-0.0281,0.5250,-2.7300,0.8050
61801563,sitting,1.0011,-0.0024,-0.0288,0.5600,-2.7650,0.7350
61801583,sitting,1.0014,-0.0032,-0.0283,0.5250,-2.8000,0.8050
61801602,sitting,1.0009,-0.0027,-0.0288,0.5250,-2.7300,0.8050
61801621,sitting,1.0019,-0.0032,-0.0290,0.5250,-2.7300,0.7700
61801640,sitting,1.0031,-0.0041,-0.0293,0.5600,-2.7300,0.7700
61801660,sitting,1.0002,-0.0039,-0.0295,0.5600,-2.7650,0.7350
61801679,sitting,1.0006,-0.0027,-0.0288,0.5600,-2.8000,0.8050
61801698,sitting,1.0009,-0.0020,-0.0281,0.5250,-2.8000,0.8050
61801717,sitting,1.0016,-0.0022,-0.0288,0.5600,-2.8000,0.7700
61801736,sitting,1.0014,-0.0024,-0.0295,0.5950,-2.7300,0.7700
61801756,sitting,1.0021,-0.0022,-0.0303,0.5950,-2.7650,0.7700
61801775,sitting,1.0019,-0.0037,-0.0285,0.5600,-2.7650,0.7700
61801794,sitting,1.0011,-0.0029,-0.0293,0.5600,-2.7300,0.7700
61801813,sitting,1.0014,-0.0024,-0.0290,0.5600,-2.7650,0.7700
61801833,sitting,1.0021,-0.0027,-0.0290,0.5950,-2.7650,0.7700
61801852,sitting,1.0024,-0.0029,-0.0285,0.5600,-2.7300,0.7700
61801871,sitting,1.0011,-0.0032,-0.0293,0.5600,-2.7300,0.7700
61801890,sitting,1.0009,-0.0027,-0.0293,0.5600,-2.7300,0.7350
61801910,sitting,1.0009,-0.0027,-0.0288,0.5600,-2.7300,0.7700
61801929,sitting,1.0014,-0.0027,-0.0295,0.5600,-2.7300,0.7700
61801948,sitting,1.0014,-0.0027,-0.0298,0.5600,-2.7300,0.7700
61801967,sitting,1.0011,-0.0024,-0.0293,0.5600,-2.8000,0.7700
61801986,sitting,1.0009,-0.0032,-0.0290,0.5600,-2.8000,0.7700
61802006,sitting,1.0016,-0.0032,-0.0298,0.5600,-2.7650,0.7700
61802025,sitting,1.0011,-0.0032,-0.0288,0.5600,-2.7650,0.7700
61802044,sitting,1.0019,-0.0024,-0.0283,0.5600,-2.7300,0.7700
61802063,sitting,1.0016,-0.0034,-0.0288,0.5250,-2.8000,0.7700
61802083,sitting,1.0019,-0.0027,-0.0283,0.5600,-2.7650,0.7700
61802102,sitting,1.0016,-0.0032,-0.0283,0.4900,-2.8000,0.7700
61802121,sitting,1.0011,-0.0020,-0.0295,0.5600,-2.7650,0.7700
61802140,sitting,1.0016,-0.0032,-0.0288,0.5250,-2.7650,0.7700
61802160,sitting,1.0016,-0.0027,-0.0298,0.5950,-2.8000,0.7700
61802179,sitting,1.0016,-0.0022,-0.0293,0.5600,-2.7300,0.7700
61802198,sitting,1.0014,-0.0032,-0.0295,0.5250,-2.8000,0.7700
61802217,sitting,1.0009,-0.0027,-0.0293,0.5250,-2.7300,0.7700
61802236,sitting,1.0014,-0.0037,-0.0283,0.5250,-2.7300,0.7700
61802256,sitting,1.0019,-0.0024,-0.0293,0.5600,-2.7300,0.7700
61802275,sitting,1.0016,-0.0017,-0.0293,0.5600,-2.7300,0.7700
61802294,sitting,1.0014,-0.0039,-0.0288,0.5600,-2.8000,0.7700
61802313,sitting,1.0026,-0.0024,-0.0285,0.5600,-2.7650,0.7700
61802333,sitting,1.0016,-0.0032,-0.0293,0.5600,-2.7650,0.7700
61802352,sitting,1.0011,-0.0029,-0.0288,0.5600,-2.7300,0.7700
61802371,sitting,1.0019,-0.0024,-0.0298,0.5950,-2.8000,0.7700
61802390,sitting,1.0021,-0.0039,-0.0293,0.5250,-2.8000,0.7350
61802410,sitting,1.0026,-0.0024,-0.0290,0.5600,-2.7650,0.7350
61802429,sitting,1.0019,-0.0029,-0.0295,0.5600,-2.7300,0.7700
61802448,sitting,1.0011,-0.0027,-0.0295,0.5600,-2.7300,0.7700
61802467,sitting,1.0021,-0.0024,-0.0303,0.5950,-2.7650,0.7700
61802486,sitting,1.0016,-0.0022,-0.0293,0.5600,-2.8000,0.7700
61802506,sitting,1.0011,-0.0024,-0.0298,0.5250,-2.7650,0.7700
61802525,sitting,1.0021,-0.0017,-0.0288,0.5250,-2.7650,0.7700
61802544,sitting,1.0024,-0.0024,-0.0285,0.5600,-2.7650,0.7700
61802563,sitting,1.0019,-0.0034,-0.0288,0.5600,-2.7650,0.7350
61802583,sitting,1.0026,-0.0034,-0.0288,0.5600,-2.8000,0.7700
61802602,sitting,1.0019,-0.0027,-0.0290,0.5600,-2.8000,0.7700
61802621,sitting,1.0011,-0.0022,-0.0300,0.5600,-2.8000,0.7700
61802640,sitting,1.0009,-0.0022,-0.0276,0.5600,-2.7650,0.7700
61802660,sitting,1.0011,-0.0027,-0.0281,0.5250,-2.7650,0.7700
61802679,sitting,1.0016,-0.0029,-0.0295,0.5600,-2.7650,0.8050
61802698,sitting,1.0016,-0.0024,-0.0290,0.5600,-2.7650,0.7700
61802717,sitting,1.0019,-0.0024,-0.0285,0.5950,-2.7650,0.7700
61802736,sitting,1.0014,-0.0032,-0.0290,0.5600,-2.7300,0.7700
61802756,sitting,1.0014,-0.0032,-0.0283,0.5950,-2.7650,0.8050
61802775,sitting,1.0021,-0.0032,-0.0283,0.5600,-2.7300,0.7700
61802794,sitting,1.0019,-0.0027,-0.0288,0.5250,-2.8000,0.7700
61802813,sitting,1.0016,-0.0029,-0.0285,0.5600,-2.7650,0.7000
61802833,sitting,1.0016,-0.0024,-0.0288,0.5600,-2.7650,0.7700
61802852,sitting,1.0011,-0.0032,-0.0283,0.5600,-2.7300,0.7700
61802871,sitting,1.0019,-0.0032,-0.0290,0.5600,-2.7300,0.7700
61802890,sitting,1.0016,-0.0017,-0.0285,0.5600,-2.7300,0.7700
61802910,sitting,1.0016,-0.0029,-0.0295,0.5600,-2.7650,0.7700
61802929,sitting,1.0019,-0.0032,-0.0298,0.4900,-2.7650,0.7700
61802948,sitting,1.0016,-0.0037,-0.0295,0.5600,-2.8000,0.7350
61802967,sitting,1.0019,-0.0024,-0.0290,0.5600,-2.8000,0.7700
61802986,sitting,1.0009,-0.0034,-0.0290,0.5600,-2.8000,0.7700
61803006,sitting,1.0021,-0.0027,-0.0288,0.5600,-2.8000,0.7700
61803025,sitting,1.0011,-0.0029,-0.0283,0.5600,-2.7650,0.7700
61803044,sitting,1.0024,-0.0039,-0.0290,0.5600,-2.8000,0.7700
61803063,sitting,1.0014,-0.0027,-0.0281,0.5600,-2.7650,0.7700
61803083,sitting,1.0031,-0.0034,-0.0278,0.5950,-2.7650,0.7700
61803102,sitting,1.0019,-0.0024,-0.0290,0.5600,-2.7300,0.7700
61803121,sitting,1.0011,-0.0024,-0.0298,0.5600,-2.8000,0.7700
61803140,sitting,1.0009,-0.0020,-0.0293,0.5250,-2.7300,0.7350
61803160,sitting,1.0014,-0.0029,-0.0295,0.5600,-2.7650,0.7700
61803179,sitting,1.0021,-0.0029,-0.0285,0.4900,-2.7300,0.7700
61803198,sitting,1.0014,-0.0027,-0.0298,0.5600,-2.8000,0.7700
61803217,sitting,1.0011,-0.0027,-0.0295,0.5600,-2.7650,0.7700
61803236,sitting,1.0026,-0.0032,-0.0276,0.5600,-2.7650,0.7700
61803256,sitting,1.0011,-0.0039,-0.0293,0.5600,-2.7650,0.7700
61803275,sitting,1.0014,-0.0037,-0.0288,0.5600,-2.7650,0.7700
61803294,sitting,1.0019,-0.0022,-0.0293,0.5600,-2.7300,0.7700
61803313,sitting,1.0016,-0.0032,-0.0278,0.5600,-2.7650,0.7700
61803333,sitting,1.0019,-0.0037,-0.0293,0.5600,-2.7300,0.7700
61803352,sitting,1.0021,-0.0027,-0.0295,0.5600,-2.7300,0.7700
61803371,sitting,1.0014,-0.0039,-0.0298,0.5600,-2.7300,0.7700
61803390,sitting,1.0011,-0.0039,-0.0290,0.5600,-2.7300,0.7700
61803410,sitting,1.0014,-0.0039,-0.0290,0.5600,-2.7650,0.7700
61803429,sitting,1.0016,-0.0037,-0.0293,0.5250,-2.8000,0.7700
61803448,sitting,1.0009,-0.0034,-0.0285,0.5600,-2.7300,0.7700
61803467,sitting,1.0011,-0.0029,-0.0290,0.5600,-2.8000,0.7700
61803486,sitting,1.0009,-0.0039,-0.0298,0.5600,-2.7300,0.7700
61803506,sitting,1.0021,-0.0027,-0.0298,0.5600,-2.7650,0.7700
61803525,sitting,1.0009,-0.0032,-0.0298,0.5600,-2.7650,0.7700
61803544,sitting,1.0021,-0.0032,-0.0288,0.5950,-2.7650,0.7700
61803563,sitting,1.0014,-0.0032,-0.0290,0.5600,-2.8000,0.7700
61803583,sitting,1.0021,-0.0037,-0.0276,0.5600,-2.8000,0.7700
61803602,sitting,1.0021,-0.0032,-0.0295,0.5600,-2.7650,0.7700
61803621,sitting,1.0024,-0.0034,-0.0293,0.5600,-2.8000,0.8050
61803640,sitting,1.0019,-0.0027,-0.0278,0.5600,-2.7650,0.7700
61803660,sitting,1.0014,-0.0034,-0.0290,0.5250,-2.8000,0.8050
61803679,sitting,1.0019,-0.0032,-0.0290,0.5600,-2.7300,0.8050
61803698,sitting,1.0016,-0.0024,-0.0290,0.5600,-2.7300,0.7700
61803717,sitting,1.0011,-0.0032,-0.0285,0.5600,-2.8000,0.8050
61803736,sitting,1.0016,-0.0032,-0.0283,0.5600,-2.7300,0.7700
61803756,sitting,1.0006,-0.0041,-0.0278,0.5600,-2.8000,0.8050
61803775,sitting,1.0014,-0.0032,-0.0285,0.5600,-2.7650,0.7700
61803794,sitting,1.0019,-0.0029,-0.0295,0.5600,-2.7300,0.7700
61803813,sitting,1.0011,-0.0037,-0.0298,0.5600,-2.7650,0.7700
61803833,sitting,1.0014,-0.0039,-0.0305,0.5600,-2.7650,0.7700
61803852,sitting,1.0014,-0.0027,-0.0285,0.5250,-2.7300,0.7700
61803871,sitting,1.0021,-0.0029,-0.0285,0.5600,-2.7300,0.7700
61803890,sitting,1.0024,-0.0029,-0.0293,0.5600,-2.7650,0.7700
61803910,sitting,1.0016,-0.0032,-0.0290,0.5600,-2.7300,0.7700
61803929,sitting,1.0016,-0.0032,-0.0288,0.5950,-2.7300,0.7350
61803948,sitting,1.0016,-0.0037,-0.0281,0.5600,-2.7300,0.7700
61803967,sitting,1.0006,-0.0022,-0.0293,0.5600,-2.7650,0.7350
61803986,sitting,1.0014,-0.0017,-0.0283,0.5600,-2.8000,0.7700
61804006,sitting,1.0006,-0.0027,-0.0281,0.5600,-2.8000,0.7700
61804025,sitting,1.0019,-0.0024,-0.0283,0.5600,-2.7650,0.7700
61804044,sitting,1.0011,-0.0022,-0.0283,0.5950,-2.7300,0.7700
61804063,sitting,1.0021,-0.0022,-0.0298,0.5250,-2.8000,0.7700
61804083,sitting,1.0016,-0.0032,-0.0300,0.5600,-2.7650,0.7700
61804102,sitting,1.0021,-0.0032,-0.0288,0.5600,-2.7300,0.8050
61804121,sitting,1.0011,-0.0032,-0.0288,0.5600,-2.7650,0.7700
61804140,sitting,1.0016,-0.0027,-0.0283,0.5250,-2.7650,0.7700
61804160,sitting,1.0011,-0.0024,-0.0288,0.5600,-2.8000,0.7700
61804179,sitting,1.0028,-0.0024,-0.0290,0.5600,-2.7650,0.7700
61804198,sitting,1.0024,-0.0022,-0.0283,0.5250,-2.7650,0.7700
61804217,sitting,1.0009,-0.0041,-0.0293,0.5600,-2.7300,0.7700
61804236,sitting,1.0011,-0.0029,-0.0303,0.5250,-2.7650,0.7700
61804256,sitting,1.0016,-0.0029,-0.0281,0.5600,-2.7650,0.7700
61804275,sitting,1.0014,-0.0034,-0.0281,0.5600,-2.7650,0.7700
61804294,sitting,1.0021,-0.0037,-0.0285,0.5600,-2.7300,0.7700
61804313,sitting,1.0024,-0.0024,-0.0295,0.5600,-2.7300,0.7700
61804333,sitting,1.0016,-0.0029,-0.0290,0.5600,-2.7650,0.7700
61804352,sitting,1.0026,-0.0029,-0.0288,0.5600,-2.8000,0.7700
61804371,sitting,1.0011,-0.0029,-0.0283,0.5600,-2.7300,0.7700
61804390,sitting,1.0006,-0.0034,-0.0288,0.5600,-2.8000,0.7700
61804410,sitting,1.0014,-0.0022,-0.0283,0.5600,-2.8000,0.7700
61804429,sitting,1.0024,-0.0020,-0.0288,0.5600,-2.7650,0.7700
61804448,sitting,1.0019,-0.0029,-0.0278,0.5600,-2.7650,0.7700
61804467,sitting,1.0011,-0.0020,-0.0288,0.5600,-2.7650,0.7700
61804486,sitting,1.0006,-0.0029,-0.0290,0.5600,-2.7650,0.7700
61804506,sitting,1.0009,-0.0041,-0.0290,0.5600,-2.8000,0.7700
61804525,sitting,1.0009,-0.0039,-0.0290,0.5250,-2.7650,0.7700
61804544,sitting,1.0024,-0.0027,-0.0290,0.5600,-2.8000,0.7700
61804563,sitting,1.0011,-0.0027,-0.0281,0.5250,-2.7650,0.7700
61804583,sitting,1.0024,-0.0034,-0.0288,0.5250,-2.7300,0.7700
61804602,sitting,1.0016,-0.0034,-0.0290,0.5600,-2.8000,0.7700
61804621,sitting,1.0011,-0.0037,-0.0290,0.5600,-2.7650,0.7700
61804640,sitting,1.0021,-0.0039,-0.0298,0.5600,-2.8000,0.7700
61804660,sitting,1.0026,-0.0032,-0.0288,0.5250,-2.7300,0.7700
61804679,sitting,1.0014,-0.0032,-0.0283,0.5600,-2.7300,0.7700
61804698,sitting,1.0016,-0.0012,-0.0288,0.5600,-2.7650,0.7700
61804717,sitting,1.0009,-0.0034,-0.0283,0.5600,-2.7300,0.7700
61804736,sitting,1.0021,-0.0029,-0.0298,0.5600,-2.7300,0.8050
61804756,sitting,1.0021,-0.0024,-0.0293,0.5250,-2.8000,0.7700
61804775,sitting,1.0021,-0.0024,-0.0288,0.5600,-2.7650,0.7700
61804794,sitting,1.0021,-0.0027,-0.0288,0.5600,-2.7300,0.7700
61804813,sitting,1.0024,-0.0027,-0.0281,0.5950,-2.8000,0.7700
61804833,sitting,1.0021,-0.0029,-0.0288,0.5600,-2.7300,0.7700
61804852,sitting,1.0019,-0.0032,-0.0295,0.5950,-2.7650,0.7700
61804871,sitting,1.0014,-0.0024,-0.0293,0.5600,-2.7300,0.7350
61804890,sitting,1.0009,-0.0022,-0.0285,0.5600,-2.7300,0.7700
61804910,sitting,1.0021,-0.0029,-0.0285,0.5950,-2.7300,0.7700
61804929,sitting,1.0016,-0.0022,-0.0293,0.5600,-2.7300,0.7700
61804948,sitting,1.0016,-0.0032,-0.0285,0.5600,-2.7300,0.7700
61804967,sitting,1.0016,-0.0034,-0.0293,0.5250,-2.8000,0.7700
61804986,sitting,1.0021,-0.0029,-0.0298,0.5600,-2.7300,0.7700
61805006,sitting,1.0024,-0.0034,-0.0290,0.5950,-2.8000,0.7700
61805025,sitting,1.0016,-0.0020,-0.0288,0.5600,-2.7300,0.7350
61805044,sitting,1.0026,-0.0032,-0.0293,0.5600,-2.7650,0.7700
61805063,sitting,1.0024,-0.0039,-0.0285,0.5600,-2.7650,0.7700
61805083,sitting,1.0024,-0.0034,-0.0288,0.5600,-2.8000,0.7700
61805102,sitting,1.0019,-0.0029,-0.0295,0.5600,-2.8000,0.7700
61805121,sitting,1.0016,-0.0027,-0.0300,0.5600,-2.7650,0.7700
61805140,sitting,1.0014,-0.0024,-0.0293,0.5600,-2.8000,0.7700
61805160,sitting,1.0024,-0.0027,-0.0273,0.5600,-2.8000,0.7700
61805179,sitting,1.0019,-0.0034,-0.0285,0.5600,-2.7650,0.7700
61805198,sitting,1.0016,-0.0017,-0.0295,0.5600,-2.7650,0.7700
61805217,sitting,1.0004,-0.0022,-0.0298,0.5600,-2.7300,0.8050
61805236,sitting,1.0004,-0.0029,-0.0293,0.5250,-2.7300,0.8050
61805256,sitting,1.0019,-0.0027,-0.0288,0.5600,-2.7650,0.8400
61805275,sitting,1.0024,-0.0029,-0.0281,0.5600,-2.7300,0.7700
61805294,sitting,1.0016,-0.0034,-0.0285,0.5600,-2.7300,0.7700
61805313,sitting,1.0011,-0.0029,-0.0285,0.5600,-2.7300,0.8400
61805333,sitting,1.0009,-0.0029,-0.0290,0.5600,-2.7300,0.7350
61805352,sitting,1.0019,-0.0032,-0.0295,0.5600,-2.7300,0.7700
61805371,sitting,1.0014,-0.0032,-0.0298,0.5600,-2.7300,0.7000
61805390,sitting,1.0016,-0.0017,-0.0290,0.5600,-2.7300,0.7700
61805410,sitting,1.0016,-0.0032,-0.0295,0.5950,-2.7300,0.7700
61805429,sitting,1.0019,-0.0024,-0.0300,0.5600,-2.8000,0.7000
61805448,sitting,1.0024,-0.0034,-0.0293,0.5950,-2.8000,0.7700
61805467,sitting,1.0014,-0.0027,-0.0278,0.5600,-2.8000,0.7700
61805486,sitting,1.0016,-0.0029,-0.0283,0.5600,-2.7650,0.7700
61805506,sitting,1.0016,-0.0024,-0.0293,0.5600,-2.7650,0.8400
61805525,sitting,1.0019,-0.0027,-0.0300,0.5600,-2.8000,0.7700
61805544,sitting,1.0014,-0.0027,-0.0283,0.5600,-2.7650,0.7700
61805563,sitting,1.0019,-0.0027,-0.0293,0.5600,-2.7650,0.7700
61805583,sitting,1.0014,-0.0034,-0.0285,0.5600,-2.7650,0.7700
61805602,sitting,1.0016,-0.0024,-0.0281,0.5600,-2.7300,0.7700
61805621,sitting,1.0024,-0.0032,-0.0285,0.5250,-2.8000,0.8050
61805640,sitting,1.0014,-0.0029,-0.0288,0.5600,-2.8000,0.8050
61805660,sitting,1.0011,-0.0034,-0.0293,0.5250,-2.7300,0.7350
61805679,sitting,1.0016,-0.0034,-0.0288,0.5600,-2.7650,0.7700
61805698,sitting,1.0021,-0.0032,-0.0295,0.5600,-2.7650,0.7700
61805717,sitting,1.0026,-0.0034,-0.0281,0.5250,-2.7650,0.7700
61805736,sitting,1.0021,-0.0034,-0.0285,0.5600,-2.7650,0.7700
61805756,sitting,1.0019,-0.0029,-0.0285,0.5600,-2.7300,0.7700
61805775,sitting,1.0019,-0.0029,-0.0278,0.5950,-2.7650,0.7700
61805794,sitting,1.0021,-0.0017,-0.0288,0.5600,-2.7300,0.7700
61805813,sitting,1.0021,-0.0029,-0.0290,0.5950,-2.8000,0.7700
61805833,sitting,1.0028,-0.0034,-0.0288,0.5600,-2.8000,0.7700
61805852,sitting,1.0021,-0.0032,-0.0290,0.5600,-2.7300,0.7700
61805871,sitting,1.0016,-0.0029,-0.0283,0.5600,-2.7650,0.8050
61805890,sitting,1.0019,-0.0029,-0.0283,0.5600,-2.7650,0.7700
61805910,sitting,1.0014,-0.0032,-0.0293,0.5600,-2.7300,0.7700
61805929,sitting,1.0021,-0.0034,-0.0285,0.5600,-2.7650,0.7700
61805948,sitting,1.0026,-0.0020,-0.0293,0.5600,-2.7650,0.7700
61805967,sitting,1.0011,-0.0037,-0.0285,0.5600,-2.7300,0.7350
61805986,sitting,1.0016,-0.0034,-0.0285,0.5600,-2.8000,0.7700
61806006,sitting,1.0019,-0.0029,-0.0293,0.5600,-2.7650,0.7700
61806025,sitting,1.0014,-0.0032,-0.0281,0.5600,-2.7650,0.7350
61806044,sitting,1.0026,-0.0037,-0.0305,0.5600,-2.7650,0.7700
61806063,sitting,1.0024,-0.0032,-0.0293,0.5600,-2.7300,0.8050
61806083,sitting,1.0019,-0.0027,-0.0283,0.5250,-2.7300,0.7700
61806102,sitting,1.0009,-0.0032,-0.0281,0.5600,-2.7300,0.7000
61806121,sitting,1.0006,-0.0027,-0.0288,0.5250,-2.8000,0.8050
61806140,sitting,1.0011,-0.0029,-0.0288,0.5250,-2.8000,0.7350
61806160,sitting,1.0016,-0.0027,-0.0288,0.5600,-2.7650,0.7700
61806179,sitting,1.0016,-0.0037,-0.0278,0.5600,-2.8000,0.7700
61806198,sitting,1.0016,-0.0034,-0.0273,0.5600,-2.7300,0.7700
61806217,sitting,1.0028,-0.0024,-0.0283,0.5600,-2.8000,0.7700
61806236,sitting,1.0014,-0.0029,-0.0295,0.5600,-2.7650,0.7700
61806256,sitting,1.0024,-0.0029,-0.0293,0.5600,-2.7300,0.8050
61806275,sitting,1.0016,-0.0037,-0.0295,0.5600,-2.7650,0.7700
61806294,sitting,1.0021,-0.0024,-0.0283,0.5600,-2.7300,0.7700
61806313,sitting,1.0019,-0.0020,-0.0295,0.5600,-2.7650,0.7700
61806333,sitting,1.0026,-0.0032,-0.0295,0.5950,-2.7650,0.7700
61806352,sitting,1.0016,-0.0029,-0.0285,0.5950,-2.7650,0.7700
61806371,sitting,1.0021,-0.0034,-0.0283,0.5600,-2.7650,0.7700
61806390,sitting,1.0011,-0.0032,-0.0290,0.5950,-2.7300,0.7350
61806410,sitting,1.0016,-0.0027,-0.0285,0.5600,-2.7300,0.7700
61806429,sitting,1.0019,-0.0029,-0.0283,0.5600,-2.8000,0.7700
61806448,sitting,1.0014,-0.0034,-0.0298,0.5600,-2.7650,0.7700
61806467,sitting,1.0021,-0.0034,-0.0288,0.5600,-2.7650,0.7700
61806486,sitting,1.0009,-0.0024,-0.0288,0.5600,-2.7650,0.7700
61806506,sitting,1.0016,-0.0027,-0.0288,0.5600,-2.7650,0.7700
61806525,sitting,1.0014,-0.0024,-0.0276,0.5600,-2.7650,0.7700
61806544,sitting,1.0014,-0.0022,-0.0283,0.5600,-2.7650,0.7700
61806563,sitting,1.0019,-0.0037,-0.0285,0.5600,-2.7650,0.7700
61806583,sitting,1.0011,-0.0029,-0.0290,0.5600,-2.8350,0.7700
61806602,sitting,1.0021,-0.0027,-0.0290,0.5600,-2.7300,0.7700
61806621,sitting,1.0021,-0.0032,-0.0290,0.5600,-2.7650,0.7700
61806640,sitting,1.0021,-0.0027,-0.0300,0.5600,-2.7300,0.7700
61806660,sitting,1.0019,-0.0037,-0.0285,0.5250,-2.7300,0.7700
61806679,sitting,1.0019,-0.0027,-0.0285,0.5600,-2.7650,0.8050
61806698,sitting,1.0016,-0.0029,-0.0298,0.5600,-2.8000,0.7700
61806717,sitting,1.0019,-0.0032,-0.0283,0.5600,-2.7650,0.7700
61806736,sitting,1.0011,-0.0039,-0.0295,0.5600,-2.7650,0.7700
61806756,sitting,1.0024,-0.0022,-0.0276,0.5600,-2.7300,0.7700
61806775,sitting,1.0021,-0.0034,-0.0283,0.5600,-2.8000,0.7700
61806794,sitting,1.0036,-0.0024,-0.0285,0.5950,-2.7300,0.7700
61806813,sitting,1.0024,-0.0029,-0.0283,0.5600,-2.7650,0.8050
61806833,sitting,1.0011,-0.0044,-0.0290,0.5600,-2.7300,0.7700
61806852,sitting,1.0011,-0.0039,-0.0285,0.5600,-2.7650,0.7700
61806871,sitting,1.0021,-0.0037,-0.0285,0.5600,-2.7300,0.7700
61806890,sitting,1.0014,-0.0022,-0.0278,0.5600,-2.7300,0.7700
61806910,sitting,1.0016,-0.0024,-0.0283,0.5600,-2.7300,0.7350
61806929,sitting,1.0024,-0.0024,-0.0290,0.5600,-2.7300,0.7700
61806948,sitting,1.0011,-0.0032,-0.0290,0.5600,-2.7650,0.7700
61806967,sitting,1.0011,-0.0027,-0.0285,0.5600,-2.7300,0.7700
61806986,sitting,1.0011,-0.0027,-0.0283,0.5600,-2.7650,0.7700
61807006,sitting,1.0021,-0.0044,-0.0293,0.5600,-2.8000,0.7700
61807025,sitting,1.0019,-0.0039,-0.0298,0.6300,-2.8000,0.7700
61807044,sitting,1.0014,-0.0029,-0.0283,0.5600,-2.7650,0.8050
61807063,sitting,1.0016,-0.0027,-0.0293,0.5250,-2.8000,0.7700
61807083,sitting,1.0011,-0.0027,-0.0295,0.5250,-2.8000,0.7700
61807102,sitting,1.0016,-0.0024,-0.0276,0.5600,-2.8000,0.7700
61807121,sitting,1.0021,-0.0032,-0.0295,0.5600,-2.7650,0.7700
61807140,sitting,1.0011,-0.0027,-0.0293,0.5600,-2.7650,0.7700
61807160,sitting,1.0024,-0.0022,-0.0278,0.5600,-2.7650,0.7700
61807179,sitting,1.0021,-0.0027,-0.0290,0.5600,-2.7300,0.7700
61807198,sitting,1.0021,-0.0037,-0.0293,0.5600,-2.7650,0.7700
61807217,sitting,1.0011,-0.0034,-0.0285,0.4900,-2.7300,0.7700
61807236,sitting,1.0016,-0.0027,-0.0298,0.5600,-2.7650,0.7700
61807256,sitting,1.0009,-0.0024,-0.0298,0.5600,-2.7650,0.7700
61807275,sitting,1.0021,-0.0029,-0.0290,0.5600,-2.7300,0.7700
61807294,sitting,1.0004,-0.0029,-0.0288,0.5600,-2.7300,0.7700
61807313,sitting,1.0016,-0.0032,-0.0283,0.5950,-2.7650,0.7350
61807333,sitting,1.0021,-0.0037,-0.0285,0.5600,-2.7650,0.7350
61807352,sitting,1.0014,-0.0037,-0.0276,0.5600,-2.7650,0.7700
61807371,sitting,1.0014,-0.0024,-0.0285,0.5600,-2.7300,0.7700
61807390,sitting,1.0024,-0.0024,-0.0288,0.5600,-2.7300,0.7700
61807410,sitting,1.0024,-0.0032,-0.0290,0.5600,-2.7650,0.7700
61807429,sitting,1.0009,-0.0032,-0.0295,0.5600,-2.7300,0.7350
61807448,sitting,1.0014,-0.0034,-0.0281,0.5600,-2.7650,0.7700
61807467,sitting,1.0019,-0.0037,-0.0276,0.5600,-2.7650,0.7700
61807486,sitting,1.0019,-0.0032,-0.0288,0.5600,-2.7300,0.7700
61807506,sitting,1.0016,-0.0024,-0.0283,0.5600,-2.8000,0.7700
61807525,sitting,1.0021,-0.0024,-0.0285,0.5950,-2.7300,0.7700
61807544,sitting,1.0016,-0.0032,-0.0293,0.5950,-2.7300,0.7700
61807563,sitting,1.0011,-0.0024,-0.0298,0.5600,-2.7650,0.7700
61807583,sitting,1.0014,-0.0027,-0.0281,0.5600,-2.7650,0.7700
61807602,sitting,1.0014,-0.0037,-0.0298,0.5600,-2.7650,0.7700
61807621,sitting,1.0016,-0.0041,-0.0293,0.5250,-2.7650,0.7700
61807640,sitting,1.0019,-0.0029,-0.0293,0.4900,-2.8000,0.7700
61807660,sitting,1.0011,-0.0032,-0.0295,0.5600,-2.7650,0.7700
61807679,sitting,1.0011,-0.0029,-0.0293,0.5250,-2.8000,0.7700
61807698,sitting,1.0011,-0.0029,-0.0300,0.5250,-2.7300,0.7700
61807717,sitting,1.0011,-0.0029,-0.0295,0.5600,-2.7650,0.7700
61807736,sitting,1.0016,-0.0027,-0.0288,0.5600,-2.7650,0.7700
61807756,sitting,1.0016,-0.0029,-0.0290,0.5600,-2.7650,0.7700
61807775,sitting,1.0006,-0.0032,-0.0285,0.5600,-2.7650,0.7700
61807794,sitting,1.0024,-0.0029,-0.0285,0.5950,-2.7650,0.7700
61807813,sitting,1.0019,-0.0034,-0.0288,0.5600,-2.7300,0.7700
61807833,sitting,1.0021,-0.0032,-0.0288,0.5250,-2.7300,0.7700
61807852,sitting,1.0011,-0.0029,-0.0285,0.5600,-2.7300,0.7700
61807871,sitting,1.0024,-0.0032,-0.0293,0.5600,-2.7300,0.8050
61807890,sitting,1.0016,-0.0037,-0.0288,0.5250,-2.7300,0.7700
61807910,sitting,1.0024,-0.0032,-0.0283,0.5600,-2.7300,0.7700
61807929,sitting,1.0028,-0.0034,-0.0288,0.5600,-2.7300,0.7700
61807948,sitting,1.0011,-0.0034,-0.0281,0.5600,-2.7650,0.7700
61807967,sitting,1.0014,-0.0022,-0.0278,0.5950,-2.7300,0.7700
61807986,sitting,1.0011,-0.0034,-0.0290,0.5950,-2.7650,0.7700
61808006,sitting,1.0019,-0.0032,-0.0288,0.5600,-2.7650,0.7700
61808025,sitting,1.0021,-0.0032,-0.0295,0.5250,-2.7300,0.7700
61808044,sitting,1.0024,-0.0037,-0.0283,0.5600,-2.8000,0.7350
61808063,sitting,1.0009,-0.0022,-0.0283,0.5600,-2.7650,0.7700
61808083,sitting,1.0011,-0.0024,-0.0293,0.5600,-2.8000,0.7700
61808102,sitting,1.0016,-0.0027,-0.0288,0.5250,-2.8000,0.8050
61808121,sitting,1.0016,-0.0024,-0.0298,0.5600,-2.7300,0.7700
61808140,sitting,1.0026,-0.0024,-0.0295,0.5600,-2.8000,0.8050
61808160,sitting,1.0024,-0.0029,-0.0288,0.4900,-2.8000,0.7700
61808179,sitting,1.0021,-0.0037,-0.0285,0.5600,-2.7650,0.7700
61808198,sitting,1.0016,-0.0037,-0.0300,0.5600,-2.7650,0.8050
61808217,sitting,1.0021,-0.0034,-0.0293,0.5600,-2.7650,0.8050
61808236,sitting,1.0011,-0.0029,-0.0298,0.5600,-2.7300,0.7700
61808256,sitting,1.0024,-0.0034,-0.0285,0.5600,-2.7650,0.7700
61808275,sitting,1.0026,-0.0027,-0.0285,0.5250,-2.7300,0.7700
61808294,sitting,1.0021,-0.0022,-0.0295,0.5600,-2.7300,0.7700
61808313,sitting,1.0019,-0.0041,-0.0283,0.5950,-2.7300,0.7700
61808333,sitting,1.0024,-0.0039,-0.0293,0.5250,-2.7650,0.7700
61808352,sitting,1.0021,-0.0034,-0.0285,0.5600,-2.7650,0.7700
61808371,sitting,1.0016,-0.0029,-0.0290,0.5950,-2.7650,0.7350
61808390,sitting,1.0016,-0.0037,-0.0295,0.5600,-2.7300,0.7350
61808410,sitting,1.0011,-0.0032,-0.0283,0.5600,-2.7300,0.7700
61808429,sitting,1.0014,-0.0027,-0.0288,0.5600,-2.7650,0.7700
61808448,sitting,1.0021,-0.0022,-0.0293,0.5600,-2.7300,0.7350
61808467,sitting,1.0019,-0.0029,-0.0283,0.5600,-2.7300,0.7700
61808486,sitting,1.0016,-0.0032,-0.0283,0.5600,-2.7300,0.7700
61808506,sitting,1.0014,-0.0032,-0.0283,0.5600,-2.8000,0.7700
61808525,sitting,1.0009,-0.0037,-0.0278,0.5600,-2.7650,0.7700
61808544,sitting,1.0009,-0.0039,-0.0283,0.5600,-2.7650,0.7700
61808563,sitting,1.0021,-0.0032,-0.0283,0.5600,-2.8000,0.7700
61808583,sitting,1.0014,-0.0020,-0.0281,0.5600,-2.7300,0.7700
61808602,sitting,1.0009,-0.0029,-0.0283,0.5600,-2.8000,0.7700
61808621,sitting,1.0011,-0.0039,-0.0290,0.5600,-2.7650,0.7700
61808640,sitting,1.0006,-0.0029,-0.0283,0.5600,-2.8000,0.7700
61808660,sitting,1.0014,-0.0029,-0.0285,0.5600,-2.8000,0.7700
61808679,sitting,1.0016,-0.0022,-0.0288,0.5600,-2.7650,0.7700
61808698,sitting,1.0011,-0.0034,-0.0283,0.5250,-2.7650,0.7700
61808717,sitting,1.0014,-0.0034,-0.0288,0.5600,-2.7300,0.7700
61808736,sitting,1.0024,-0.0037,-0.0295,0.5250,-2.7300,0.7700
61808756,sitting,1.0014,-0.0024,-0.0298,0.5600,-2.7300,0.7700
61808775,sitting,1.0019,-0.0029,-0.0295,0.5600,-2.7650,0.7700
61808794,sitting,1.0011,-0.0027,-0.0290,0.5600,-2.8000,0.7700
61808813,sitting,1.0019,-0.0024,-0.0285,0.5950,-2.7300,0.7700
61808833,sitting,1.0011,-0.0032,-0.0283,0.5250,-2.7300,0.7700
61808852,sitting,1.0021,-0.0032,-0.0285,0.5600,-2.7300,0.7700
61808871,sitting,1.0024,-0.0027,-0.0293,0.5600,-2.8000,0.7700
61808890,sitting,1.0016,-0.0029,-0.0300,0.5600,-2.8000,0.7700
61808910,sitting,1.0014,-0.0032,-0.0303,0.5950,-2.7300,0.7700
61808929,sitting,1.0021,-0.0032,-0.0298,0.5250,-2.7300,0.7000
61808948,sitting,1.0011,-0.0032,-0.0285,0.5600,-2.8000,0.7700
61808967,sitting,1.0014,-0.0022,-0.0285,0.5600,-2.7300,0.7700
61808986,sitting,1.0014,-0.0024,-0.0290,0.5600,-2.8000,0.7350
61809006,sitting,1.0011,-0.0037,-0.0283,0.5600,-2.8000,0.7700
61809025,sitting,1.0016,-0.0037,-0.0283,0.5600,-2.7300,0.7700
61809044,sitting,1.0011,-0.0027,-0.0293,0.5600,-2.7650,0.7700
61809063,sitting,1.0019,-0.0032,-0.0293,0.5600,-2.7300,0.7700
61809083,sitting,1.0019,-0.0037,-0.0288,0.5600,-2.7650,0.7700
61809102,sitting,1.0016,-0.0027,-0.0288,0.5600,-2.7650,0.8050
61809121,sitting,1.0014,-0.0034,-0.0295,0.5600,-2.7650,0.8050
61809140,sitting,1.0011,-0.0027,-0.0293,0.5600,-2.7650,0.7700
61809160,sitting,1.0009,-0.0032,-0.0298,0.5250,-2.7300,0.7700
61809179,sitting,1.0009,-0.0022,-0.0285,0.5600,-2.8000,0.7700
61809198,sitting,1.0016,-0.0039,-0.0288,0.5600,-2.7650,0.7700
61809217,sitting,1.0021,-0.0024,-0.0298,0.5600,-2.7650,0.7700
61809236,sitting,1.0014,-0.0029,-0.0295,0.5600,-2.7300,0.7700
61809256,sitting,1.0016,-0.0032,-0.0288,0.5600,-2.7300,0.7350
61809275,sitting,1.0009,-0.0032,-0.0290,0.5600,-2.7650,0.8050
61809294,sitting,1.0019,-0.0027,-0.0281,0.5250,-2.7650,0.7700
61809313,sitting,1.0021,-0.0027,-0.0293,0.5950,-2.7650,0.7350
61809333,sitting,1.0009,-0.0034,-0.0283,0.5600,-2.7650,0.7700
61809352,sitting,1.0024,-0.0034,-0.0290,0.5600,-2.7650,0.7700
61809371,sitting,1.0021,-0.0034,-0.0281,0.5600,-2.7300,0.7350
61809390,sitting,1.0019,-0.0032,-0.0290,0.5600,-2.8000,0.8050
61809410,sitting,1.0019,-0.0024,-0.0288,0.5600,-2.7650,0.7700
61809429,sitting,1.0011,-0.0027,-0.0290,0.4900,-2.7300,0.7350
61809448,sitting,1.0019,-0.0032,-0.0285,0.5600,-2.7650,0.7700
61809467,sitting,1.0016,-0.0034,-0.0285,0.5950,-2.7300,0.7350
61809486,sitting,1.0024,-0.0032,-0.0290,0.5950,-2.7650,0.7700
61809506,sitting,1.0019,-0.0032,-0.0290,0.5600,-2.7650,0.7350
61809525,sitting,1.0011,-0.0037,-0.0288,0.5600,-2.7650,0.7700
61809544,sitting,1.0014,-0.0027,-0.0295,0.5600,-2.8000,0.7700
61809563,sitting,1.0019,-0.0029,-0.0288,0.5600,-2.8000,0.7350
61809583,sitting,1.0011,-0.0027,-0.0281,0.5250,-2.7650,0.7700
61809602,sitting,1.0019,-0.0032,-0.0285,0.5600,-2.7650,0.7700
61809621,sitting,1.0014,-0.0034,-0.0285,0.5600,-2.7650,0.8050
61809640,sitting,1.0014,-0.0032,-0.0290,0.5600,-2.7650,0.7700
61809660,sitting,1.0014,-0.0034,-0.0285,0.5600,-2.7650,0.8050
61809679,sitting,1.0021,-0.0027,-0.0293,0.5600,-2.7650,0.7700
61809698,sitting,1.0006,-0.0034,-0.0298,0.5600,-2.7300,0.8050
61809717,sitting,1.0019,-0.0029,-0.0298,0.5600,-2.7650,0.7350
61809736,sitting,1.0011,-0.0032,-0.0283,0.5600,-2.7650,0.7700
61809756,sitting,1.0019,-0.0027,-0.0295,0.5600,-2.7300,0.7700
61809775,sitting,1.0024,-0.0039,-0.0298,0.5600,-2.7300,0.8050
61809794,sitting,1.0024,-0.0024,-0.0295,0.5600,-2.8000,0.8050
61809813,sitting,1.0002,-0.0032,-0.0281,0.5600,-2.7650,0.7700
61809833,sitting,1.0011,-0.0039,-0.0285,0.5600,-2.7300,0.7700
61809852,sitting,1.0009,-0.0032,-0.0285,0.5600,-2.7300,0.7350
61809871,sitting,1.0016,-0.0024,-0.0290,0.5600,-2.7300,0.7700
61809890,sitting,1.0019,-0.0017,-0.0290,0.5950,-2.7650,0.7700
61809910,sitting,1.0026,-0.0029,-0.0285,0.5600,-2.7650,0.7700
61809929,sitting,1.0019,-0.0027,-0.0285,0.5600,-2.7650,0.7700
61809948,sitting,1.0016,-0.0032,-0.0293,0.5600,-2.8000,0.7700
61809967,sitting,1.0021,-0.0024,-0.0293,0.5600,-2.7300,0.7350
61809986,sitting,1.0024,-0.0027,-0.0288,0.5600,-2.8000,0.7350
61810006,sitting,1.0021,-0.0024,-0.0290,0.5600,-2.8000,0.7350
61810025,sitting,1.0021,-0.0037,-0.0293,0.5600,-2.7300,0.7700
61810044,sitting,1.0014,-0.0039,-0.0290,0.5600,-2.7650,0.7700
61810063,sitting,1.0009,-0.0037,-0.0293,0.5600,-2.7650,0.7700
61810083,sitting,1.0019,-0.0032,-0.0293,0.5600,-2.7650,0.7700
61810102,sitting,1.0021,-0.0020,-0.0290,0.5600,-2.7300,0.7700
61810121,sitting,1.0019,-0.0027,-0.0276,0.5600,-2.7300,0.7700
61810140,sitting,1.0014,-0.0029,-0.0290,0.5950,-2.7650,0.7700
61810160,sitting,1.0019,-0.0029,-0.0283,0.5600,-2.7300,0.7700
61810179,sitting,1.0016,-0.0034,-0.0290,0.5250,-2.7300,0.7700
61810198,sitting,1.0011,-0.0029,-0.0283,0.5250,-2.7650,0.7700
61810217,sitting,1.0014,-0.0032,-0.0285,0.5600,-2.7650,0.7700
61810236,sitting,1.0011,-0.0029,-0.0290,0.5600,-2.7650,0.7700
61810256,sitting,1.0026,-0.0034,-0.0298,0.5600,-2.7300,0.7350
61810275,sitting,1.0026,-0.0034,-0.0300,0.5600,-2.7300,0.7700
61810294,sitting,1.0009,-0.0027,-0.0285,0.5600,-2.7650,0.7700
61810313,sitting,1.0021,-0.0034,-0.0288,0.5600,-2.7650,0.7700
61810333,sitting,1.0021,-0.0034,-0.0288,0.5600,-2.8000,0.8050
61810352,sitting,1.0006,-0.0027,-0.0288,0.5600,-2.7650,0.8050
61810371,sitting,1.0011,-0.0029,-0.0293,0.5600,-2.7650,0.7700
61810390,sitting,1.0014,-0.0039,-0.0283,0.5600,-2.7650,0.7700
61810410,sitting,1.0011,-0.0034,-0.0288,0.5950,-2.7650,0.7700
61810429,sitting,1.0011,-0.0034,-0.0283,0.5600,-2.7300,0.7700
61810448,sitting,1.0016,-0.0034,-0.0293,0.5600,-2.8000,0.7700
61810467,sitting,1.0019,-0.0032,-0.0283,0.5600,-2.7650,0.7700
61810486,sitting,1.0014,-0.0022,-0.0295,0.5600,-2.8000,0.7700
61810506,sitting,1.0014,-0.0027,-0.0290,0.5600,-2.8000,0.7700
61810525,sitting,1.0019,-0.0024,-0.0298,0.5600,-2.8000,0.7700
61810544,sitting,1.0011,-0.0029,-0.0285,0.5600,-2.7300,0.7700
61810563,sitting,1.0016,-0.0027,-0.0285,0.5600,-2.7650,0.7700
61810583,sitting,1.0021,-0.0027,-0.0293,0.5600,-2.7650,0.7700
61810602,sitting,1.0019,-0.0027,-0.0283,0.5600,-2.7650,0.7700
61810621,sitting,1.0016,-0.0022,-0.0288,0.5600,-2.8000,0.7700
61810640,sitting,1.0019,-0.0024,-0.0281,0.5600,-2.7650,0.7700
61810660,sitting,1.0016,-0.0029,-0.0285,0.4900,-2.8000,0.7350
61810679,sitting,1.0014,-0.0037,-0.0283,0.5250,-2.8000,0.7700
61810698,sitting,1.0016,-0.0027,-0.0288,0.5250,-2.8000,0.7700
61810717,sitting,1.0016,-0.0027,-0.0285,0.5600,-2.7650,0.7700
61810736,sitting,1.0016,-0.0034,-0.0283,0.5600,-2.7650,0.7700
61810756,sitting,1.0019,-0.0024,-0.0278,0.5250,-2.7300,0.7700
61810775,sitting,1.0026,-0.0022,-0.0290,0.5600,-2.7650,0.7700
61810794,sitting,1.0014,-0.0037,-0.0283,0.5600,-2.7300,0.7700
61810813,sitting,1.0019,-0.0037,-0.0290,0.6300,-2.7300,0.7700
61810833,sitting,1.0021,-0.0027,-0.0290,0.5600,-2.7300,0.7700
61810852,sitting,1.0024,-0.0024,-0.0295,0.5600,-2.8000,0.7700
61810871,sitting,1.0019,-0.0032,-0.0285,0.5600,-2.8000,0.7700
61810890,sitting,1.0014,-0.0024,-0.0290,0.5600,-2.7650,0.7700
61810910,sitting,1.0021,-0.0032,-0.0285,0.5600,-2.7300,0.7350
61810929,sitting,1.0016,-0.0024,-0.0288,0.5600,-2.7300,0.7350
61810948,sitting,1.0021,-0.0032,-0.0283,0.5600,-2.7650,0.7700
61810967,sitting,1.0011,-0.0034,-0.0288,0.5600,-2.7300,0.7700
61810986,sitting,1.0011,-0.0032,-0.0295,0.5600,-2.8000,0.7700
61811006,sitting,1.0021,-0.0029,-0.0288,0.5600,-2.8000,0.7700
61811025,sitting,1.0016,-0.0039,-0.0293,0.5600,-2.8000,0.7700
61811044,sitting,1.0014,-0.0034,-0.0300,0.5600,-2.8000,0.7700
61811063,sitting,1.0016,-0.0022,-0.0293,0.5600,-2.7650,0.7700
61811083,sitting,1.0021,-0.0029,-0.0285,0.5600,-2.8000,0.7700
61811102,sitting,1.0009,-0.0029,-0.0285,0.5250,-2.7650,0.7700
61811121,sitting,1.0009,-0.0032,-0.0290,0.5600,-2.8000,0.7700
61811140,sitting,1.0014,-0.0037,-0.0285,0.5250,-2.7300,0.8050
61811160,sitting,1.0006,-0.0037,-0.0290,0.5600,-2.7650,0.7700
61811179,sitting,1.0016,-0.0032,-0.0298,0.5250,-2.7300,0.7700
61811198,sitting,1.0016,-0.0034,-0.0293,0.5600,-2.7300,0.7700
61811217,sitting,1.0016,-0.0039,-0.0293,0.5250,-2.7300,0.7700
61811236,sitting,1.0016,-0.0037,-0.0300,0.5950,-2.7650,0.7700
61811256,sitting,1.0014,-0.0024,-0.0288,0.5600,-2.7650,0.7700
61811275,sitting,1.0009,-0.0027,-0.0303,0.5600,-2.7650,0.7700
61811294,sitting,1.0021,-0.0032,-0.0298,0.5600,-2.8000,0.7700
61811313,sitting,1.0019,-0.0029,-0.0288,0.5600,-2.8000,0.7700
61811333,sitting,1.0019,-0.0037,-0.0290,0.5250,-2.7300,0.7700
61811352,sitting,1.0016,-0.0027,-0.0285,0.5600,-2.7300,0.7700
61811371,sitting,1.0019,-0.0027,-0.0290,0.5600,-2.7300,0.7700
61811390,sitting,1.0011,-0.0029,-0.0285,0.5950,-2.7650,0.7700
61811410,sitting,1.0014,-0.0032,-0.0290,0.5250,-2.7300,0.7350
61811429,sitting,1.0024,-0.0029,-0.0295,0.5600,-2.7300,0.7700
61811448,sitting,1.0014,-0.0029,-0.0281,0.5600,-2.7300,0.7700
61811467,sitting,1.0009,-0.0020,-0.0298,0.5600,-2.7300,0.7700
61811486,sitting,1.0016,-0.0034,-0.0293,0.5600,-2.8000,0.7700
61811506,sitting,1.0014,-0.0029,-0.0285,0.5250,-2.7300,0.7700
61811525,sitting,1.0011,-0.0027,-0.0288,0.5600,-2.7650,0.7700
61811544,sitting,1.0011,-0.0029,-0.0283,0.5600,-2.7300,0.7700
61811563,sitting,1.0014,-0.0041,-0.0290,0.5250,-2.7300,0.7700
61811583,sitting,1.0011,-0.0037,-0.0288,0.5600,-2.7300,0.8050
61811602,sitting,1.0019,-0.0032,-0.0290,0.5950,-2.8000,0.7700
61811621,sitting,1.0016,-0.0034,-0.0288,0.5600,-2.8000,0.7700
61811640,sitting,1.0016,-0.0037,-0.0295,0.5600,-2.8000,0.8050
61811660,sitting,1.0019,-0.0029,-0.0290,0.5250,-2.8000,0.7700
61811679,sitting,1.0016,-0.0034,-0.0290,0.5600,-2.7650,0.7350
61811698,sitting,1.0004,-0.0034,-0.0288,0.5600,-2.7650,0.8050
61811717,sitting,1.0019,-0.0034,-0.0281,0.5250,-2.7300,0.7700
61811736,sitting,1.0028,-0.0034,-0.0281,0.5600,-2.7300,0.7700
61811756,sitting,1.0009,-0.0022,-0.0293,0.5600,-2.7300,0.7700
61811775,sitting,1.0014,-0.0032,-0.0293,0.5600,-2.7650,0.7700
61811794,sitting,1.0006,-0.0029,-0.0290,0.5600,-2.7650,0.7700
61811813,sitting,1.0014,-0.0034,-0.0305,0.5250,-2.7300,0.7700
61811833,sitting,1.0016,-0.0039,-0.0285,0.5600,-2.7300,0.7700
61811852,sitting,1.0024,-0.0034,-0.0285,0.5600,-2.7300,0.7700
61811871,sitting,1.0014,-0.0022,-0.0293,0.5600,-2.7650,0.7700
61811890,sitting,1.0016,-0.0027,-0.0293,0.5600,-2.7300,0.7700
61811910,sitting,1.0024,-0.0041,-0.0298,0.5600,-2.7650,0.7700
61811929,sitting,1.0019,-0.0027,-0.0285,0.5600,-2.7300,0.7700
61811948,sitting,1.0028,-0.0034,-0.0295,0.5250,-2.8000,0.7700
61811967,sitting,1.0024,-0.0037,-0.0283,0.5250,-2.8000,0.7700
61811986,sitting,1.0026,-0.0029,-0.0290,0.5600,-2.7300,0.7350
61812006,sitting,1.0021,-0.0044,-0.0293,0.5600,-2.7650,0.7700
61812025,sitting,1.0016,-0.0027,-0.0288,0.5600,-2.7650,0.7700
61812044,sitting,1.0016,-0.0032,-0.0285,0.5250,-2.7650,0.7700
61812063,sitting,1.0019,-0.0027,-0.0293,0.5600,-2.8000,0.7700
61812083,sitting,1.0021,-0.0024,-0.0290,0.5600,-2.8000,0.7700
61812102,sitting,1.0024,-0.0037,-0.0283,0.5600,-2.7650,0.7700
61812121,sitting,1.0006,-0.0029,-0.0288,0.5600,-2.7300,0.8050
61812140,sitting,1.0016,-0.0037,-0.0276,0.5600,-2.7300,0.7700
61812160,sitting,1.0014,-0.0039,-0.0290,0.5600,-2.7650,0.7700
61812179,sitting,1.0019,-0.0034,-0.0290,0.5600,-2.8000,0.7700
61812198,sitting,1.0019,-0.0020,-0.0298,0.5600,-2.8000,0.7700
61812217,sitting,1.0016,-0.0022,-0.0290,0.5950,-2.8000,0.7700
61812236,sitting,1.0014,-0.0029,-0.0290,0.5600,-2.8350,0.7700
61812256,sitting,1.0006,-0.0032,-0.0288,0.5950,-2.8000,0.7700
61812275,sitting,1.0016,-0.0041,-0.0288,0.5600,-2.7650,0.7700
61812294,sitting,1.0006,-0.0034,-0.0298,0.5600,-2.7300,0.7700
61812313,sitting,1.0016,-0.0034,-0.0295,0.5600,-2.7650,0.7700
61812333,sitting,1.0009,-0.0027,-0.0281,0.5600,-2.7650,0.7700
61812352,sitting,1.0024,-0.0024,-0.0295,0.5600,-2.7300,0.7700
61812371,sitting,1.0014,-0.0037,-0.0281,0.5600,-2.8000,0.7700
61812390,sitting,1.0016,-0.0039,-0.0290,0.5600,-2.7300,0.7700
61812410,sitting,1.0014,-0.0034,-0.0290,0.5600,-2.7300,0.7700
61812429,sitting,1.0016,-0.0032,-0.0300,0.5600,-2.6950,0.7700
61812448,sitting,1.0016,-0.0027,-0.0295,0.5250,-2.7650,0.7700
61812467,sitting,1.0021,-0.0037,-0.0290,0.5600,-2.8000,0.7350
61812486,sitting,1.0014,-0.0032,-0.0288,0.5600,-2.7300,0.7700
61812506,sitting,1.0016,-0.0039,-0.0295,0.5600,-2.7650,0.7700
61812525,sitting,1.0014,-0.0039,-0.0288,0.5600,-2.8000,0.7350
61812544,sitting,1.0019,-0.0039,-0.0298,0.5600,-2.7300,0.7700
61812563,sitting,1.0016,-0.0024,-0.0288,0.5600,-2.7650,0.7700
61812583,sitting,1.0019,-0.0039,-0.0295,0.5600,-2.7650,0.7700
61812602,sitting,1.0019,-0.0034,-0.0281,0.5600,-2.7650,0.7700
61812621,sitting,1.0019,-0.0037,-0.0285,0.5600,-2.8000,0.7700
61812640,sitting,1.0019,-0.0032,-0.0293,0.5600,-2.8000,0.7700
61812660,sitting,1.0011,-0.0029,-0.0281,0.5600,-2.7300,0.7700
61812679,sitting,1.0009,-0.0037,-0.0300,0.5600,-2.7650,0.7700
61812698,sitting,1.0019,-0.0034,-0.0290,0.5600,-2.7650,0.7700
61812717,sitting,1.0009,-0.0029,-0.0290,0.5250,-2.7650,0.7350
61812736,sitting,1.0014,-0.0027,-0.0290,0.5250,-2.7650,0.7700
61812756,sitting,1.0014,-0.0041,-0.0303,0.5600,-2.7300,0.7700
61812775,sitting,1.0011,-0.0027,-0.0293,0.5600,-2.7300,0.7700
61812794,sitting,1.0011,-0.0039,-0.0293,0.5600,-2.7650,0.7700
61812813,sitting,1.0016,-0.0029,-0.0283,0.5600,-2.7650,0.7700
61812833,sitting,1.0011,-0.0027,-0.0293,0.5600,-2.7300,0.7700
61812852,sitting,1.0026,-0.0022,-0.0290,0.5950,-2.7300,0.7700
61812871,sitting,1.0014,-0.0024,-0.0293,0.5600,-2.8000,0.7350
61812890,sitting,1.0004,-0.0024,-0.0298,0.5250,-2.7300,0.7700
61812910,sitting,1.0016,-0.0027,-0.0285,0.5600,-2.7300,0.7700
61812929,sitting,1.0014,-0.0029,-0.0281,0.5950,-2.7650,0.7700
61812948,sitting,1.0002,-0.0020,-0.0290,0.5600,-2.7650,0.7700
61812967,sitting,1.0006,-0.0029,-0.0285,0.5600,-2.7650,0.7350
61812986,sitting,1.0011,-0.0037,-0.0288,0.5600,-2.7650,0.7700
61813006,sitting,1.0019,-0.0027,-0.0283,0.5600,-2.7300,0.7700
61813025,sitting,1.0006,-0.0037,-0.0293,0.5600,-2.7650,0.7700
61813044,sitting,1.0006,-0.0032,-0.0295,0.5600,-2.8000,0.7700
61813063,sitting,1.0019,-0.0027,-0.0300,0.5600,-2.7300,0.7700
61813083,sitting,1.0021,-0.0024,-0.0295,0.5600,-2.7650,0.7700
61813102,sitting,1.0016,-0.0032,-0.0303,0.5600,-2.8000,0.7700
61813121,sitting,1.0019,-0.0024,-0.0303,0.5250,-2.7650,0.7700
61813140,sitting,1.0024,-0.0029,-0.0293,0.5600,-2.7650,0.7700
61813160,sitting,1.0021,-0.0037,-0.0295,0.5600,-2.8000,0.7350
61813179,sitting,1.0019,-0.0029,-0.0285,0.5600,-2.8000,0.7700
61813198,sitting,1.0014,-0.0027,-0.0281,0.5600,-2.7650,0.8050
61813217,sitting,1.0021,-0.0027,-0.0283,0.5600,-2.7650,0.8050
61813236,sitting,1.0014,-0.0027,-0.0285,0.5250,-2.7300,0.7700
61813256,sitting,1.0021,-0.0024,-0.0285,0.5600,-2.7650,0.7700
61813275,sitting,1.0014,-0.0029,-0.0290,0.5600,-2.7650,0.7700
61813294,sitting,1.0014,-0.0024,-0.0293,0.5600,-2.7300,0.7700
61813313,sitting,1.0021,-0.0024,-0.0298,0.5600,-2.8000,0.7700
61813333,sitting,1.0019,-0.0027,-0.0295,0.5600,-2.8000,0.7700
61813352,sitting,1.0019,-0.0032,-0.0288,0.5600,-2.7300,0.7700
61813371,sitting,1.0014,-0.0022,-0.0298,0.5600,-2.7300,0.7700
61813390,sitting,1.0014,-0.0027,-0.0288,0.5600,-2.7300,0.7700
61813410,sitting,1.0019,-0.0034,-0.0290,0.5600,-2.7650,0.7700
61813429,sitting,1.0009,-0.0029,-0.0285,0.5600,-2.8000,0.7700
61813448,sitting,1.0016,-0.0029,-0.0285,0.5600,-2.7650,0.7700
61813467,sitting,1.0021,-0.0032,-0.0278,0.5600,-2.7650,0.7350
61813486,sitting,1.0011,-0.0032,-0.0288,0.5600,-2.7650,0.7700
61813506,sitting,1.0004,-0.0029,-0.0295,0.6300,-2.7300,0.7350
61813525,sitting,1.0019,-0.0029,-0.0288,0.5600,-2.7300,0.7700
61813544,sitting,1.0024,-0.0027,-0.0288,0.5600,-2.7300,0.7350
61813563,sitting,1.0019,-0.0017,-0.0281,0.5600,-2.8000,0.7700
61813583,sitting,1.0019,-0.0027,-0.0285,0.5600,-2.7650,0.7700
61813602,sitting,1.0014,-0.0029,-0.0288,0.5600,-2.7300,0.7700
61813621,sitting,1.0016,-0.0022,-0.0290,0.5600,-2.7650,0.7350
61813640,sitting,1.0024,-0.0029,-0.0288,0.5600,-2.7300,0.7700
61813660,sitting,1.0014,-0.0034,-0.0290,0.5250,-2.8000,0.7700
61813679,sitting,1.0019,-0.0029,-0.0293,0.5250,-2.8000,0.7700
61813698,sitting,1.0019,-0.0027,-0.0295,0.5250,-2.8000,0.7700
61813717,sitting,1.0019,-0.0029,-0.0283,0.5250,-2.7650,0.7700
61813736,sitting,1.0024,-0.0024,-0.0298,0.5250,-2.8000,0.8050
61813756,sitting,1.0021,-0.0024,-0.0290,0.5600,-2.7650,0.7700
61813775,sitting,1.0019,-0.0029,-0.0278,0.5600,-2.8000,0.7700
61813794,sitting,1.0019,-0.0034,-0.0283,0.5600,-2.8000,0.7700
61813813,sitting,1.0016,-0.0032,-0.0288,0.5600,-2.8000,0.8050
61813833,sitting,1.0016,-0.0032,-0.0285,0.5600,-2.7300,0.7700
61813852,sitting,1.0011,-0.0027,-0.0281,0.5600,-2.7300,0.7700
61813871,sitting,1.0014,-0.0027,-0.0290,0.5600,-2.7300,0.7700
61813890,sitting,1.0016,-0.0039,-0.0285,0.5600,-2.7300,0.7700
61813910,sitting,1.0011,-0.0032,-0.0290,0.5600,-2.7300,0.7700
61813929,sitting,1.0014,-0.0024,-0.0283,0.5600,-2.7650,0.7700
61813948,sitting,1.0011,-0.0034,-0.0288,0.5600,-2.8000,0.7700
61813967,sitting,1.0006,-0.0032,-0.0285,0.5600,-2.7300,0.7700
61813986,sitting,1.0019,-0.0034,-0.0290,0.5600,-2.7300,0.7700
61814006,sitting,1.0014,-0.0034,-0.0298,0.5600,-2.8000,0.7700
61814025,sitting,1.0014,-0.0027,-0.0290,0.5250,-2.7650,0.7350
61814044,sitting,1.0026,-0.0032,-0.0288,0.5600,-2.7300,0.7700
61814063,sitting,1.0021,-0.0037,-0.0293,0.5600,-2.8000,0.7350
61814083,sitting,1.0024,-0.0034,-0.0303,0.5600,-2.8000,0.7350
61814102,sitting,1.0014,-0.0034,-0.0295,0.5600,-2.8000,0.7700
61814121,sitting,1.0019,-0.0034,-0.0285,0.5600,-2.7300,0.7700
61814140,sitting,1.0014,-0.0024,-0.0290,0.5600,-2.8000,0.7700
61814160,sitting,1.0021,-0.0034,-0.0293,0.5600,-2.8000,0.7700
61814179,sitting,1.0024,-0.0024,-0.0288,0.5600,-2.7650,0.7700
61814198,sitting,1.0019,-0.0029,-0.0288,0.5600,-2.7650,0.7700
61814217,sitting,1.0014,-0.0034,-0.0283,0.5250,-2.8000,0.7700
61814236,sitting,1.0016,-0.0034,-0.0288,0.5250,-2.8000,0.7700
61814256,sitting,1.0024,-0.0032,-0.0281,0.5600,-2.8000,0.7700
61814275,sitting,1.0016,-0.0027,-0.0285,0.5600,-2.7300,0.7700
61814294,sitting,1.0014,-0.0027,-0.0290,0.5600,-2.7650,0.7700
61814313,sitting,1.0026,-0.0029,-0.0285,0.5600,-2.8000,0.7350
61814333,sitting,1.0021,-0.0027,-0.0285,0.5600,-2.7300,0.7700
61814352,sitting,1.0021,-0.0020,-0.0288,0.5600,-2.7650,0.7700
61814371,sitting,1.0014,-0.0034,-0.0281,0.5600,-2.7300,0.7700
61814390,sitting,1.0019,-0.0027,-0.0298,0.5600,-2.7650,0.7700
61814410,sitting,1.0014,-0.0020,-0.0285,0.5600,-2.7300,0.7700
61814429,sitting,1.0014,-0.0032,-0.0288,0.5600,-2.7300,0.7700
61814448,sitting,1.0009,-0.0032,-0.0293,0.5600,-2.7300,0.7700
61814467,sitting,1.0021,-0.0027,-0.0293,0.5600,-2.7300,0.7700
61814486,sitting,1.0016,-0.0029,-0.0293,0.5600,-2.7650,0.7700
61814506,sitting,1.0021,-0.0034,-0.0290,0.5600,-2.8000,0.7350
61814525,sitting,1.0026,-0.0029,-0.0278,0.5600,-2.7650,0.7700
61814544,sitting,1.0019,-0.0034,-0.0285,0.5600,-2.7300,0.7700
61814563,sitting,1.0021,-0.0024,-0.0295,0.5250,-2.7300,0.7350
61814583,sitting,1.0009,-0.0029,-0.0303,0.5600,-2.7300,0.7700
61814602,sitting,1.0011,-0.0029,-0.0298,0.5600,-2.7650,0.7700
61814621,sitting,1.0014,-0.0027,-0.0285,0.5600,-2.7650,0.7700
61814640,sitting,1.0009,-0.0029,-0.0293,0.5600,-2.8000,0.7700
61814660,sitting,1.0009,-0.0034,-0.0283,0.5950,-2.7650,0.7700
61814679,sitting,1.0016,-0.0029,-0.0290,0.5600,-2.7300,0.7700
61814698,sitting,1.0014,-0.0039,-0.0288,0.5600,-2.7650,0.7700
61814717,sitting,1.0021,-0.0037,-0.0298,0.5600,-2.8000,0.7700
61814736,sitting,1.0019,-0.0027,-0.0298,0.5600,-2.8000,0.7700
61814756,sitting,1.0024,-0.0024,-0.0298,0.5600,-2.8000,0.7700
61814775,sitting,1.0024,-0.0029,-0.0290,0.5600,-2.7650,0.7700
61814794,sitting,1.0016,-0.0034,-0.0285,0.5600,-2.7300,0.7700
61814813,sitting,1.0019,-0.0032,-0.0283,0.5600,-2.7650,0.7700
61814833,sitting,1.0011,-0.0027,-0.0288,0.5600,-2.7650,0.7700
61814852,sitting,1.0014,-0.0027,-0.0290,0.5600,-2.7300,0.7700
61814871,sitting,1.0028,-0.0032,-0.0283,0.5600,-2.7300,0.7700
61814890,sitting,1.0026,-0.0027,-0.0293,0.5600,-2.7650,0.7700
61814910,sitting,1.0016,-0.0029,-0.0293,0.5950,-2.7300,0.7700
61814929,sitting,1.0024,-0.0041,-0.0300,0.5600,-2.7300,0.7350
61814948,sitting,1.0014,-0.0032,-0.0288,0.5250,-2.7300,0.7700
61814967,sitting,1.0026,-0.0022,-0.0288,0.5600,-2.7300,0.7700
61814986,sitting,1.0009,-0.0029,-0.0290,0.5600,-2.7650,0.7700
61815006,sitting,1.0009,-0.0041,-0.0295,0.5600,-2.7300,0.7350
61815025,sitting,1.0014,-0.0039,-0.0295,0.5600,-2.7300,0.7700
61815044,sitting,1.0014,-0.0032,-0.0288,0.5600,-2.7650,0.8050
61815063,sitting,1.0006,-0.0034,-0.0290,0.5600,-2.7300,0.7700
61815083,sitting,0.9999,-0.0024,-0.0285,0.5600,-2.8000,0.7700
61815102,sitting,1.0006,-0.0029,-0.0288,0.5950,-2.7300,0.7700
61815121,sitting,1.0019,-0.0029,-0.0290,0.5600,-2.8000,0.7700
61815140,sitting,1.0011,-0.0015,-0.0278,0.5600,-2.8000,0.7700
61815160,sitting,1.0014,-0.0029,-0.0285,0.5600,-2.8000,0.7700
61815179,sitting,1.0019,-0.0034,-0.0290,0.5600,-2.7300,0.7700
61815198,sitting,1.0014,-0.0027,-0.0293,0.5600,-2.7650,0.7700
61815217,sitting,1.0014,-0.0032,-0.0293,0.5600,-2.8000,0.7700
61815236,sitting,1.0014,-0.0029,-0.0283,0.5600,-2.7300,0.7700
61815256,sitting,1.0021,-0.0024,-0.0293,0.5250,-2.7300,0.7700
61815275,sitting,1.0014,-0.0034,-0.0285,0.5600,-2.8000,0.7700
61815294,sitting,1.0024,-0.0034,-0.0295,0.5600,-2.7300,0.7700
61815313,sitting,1.0024,-0.0024,-0.0285,0.5600,-2.7650,0.7700
61815333,sitting,1.0026,-0.0022,-0.0290,0.5600,-2.8000,0.7700
61815352,sitting,1.0024,-0.0032,-0.0293,0.5600,-2.7650,0.7700
61815371,sitting,1.0021,-0.0037,-0.0290,0.5600,-2.7300,0.7700
61815390,sitting,1.0024,-0.0029,-0.0285,0.5600,-2.7650,0.7350
61815410,sitting,1.0019,-0.0024,-0.0285,0.5600,-2.7650,0.7700
61815429,sitting,1.0016,-0.0032,-0.0281,0.5600,-2.7300,0.7700
61815448,sitting,1.0021,-0.0039,-0.0285,0.5950,-2.7300,0.7700
61815467,sitting,1.0019,-0.0032,-0.0288,0.5600,-2.7300,0.7350
61815486,sitting,1.0026,-0.0029,-0.0283,0.5600,-2.7650,0.7700
61815506,sitting,1.0033,-0.0024,-0.0288,0.5600,-2.7650,0.7700
61815525,sitting,1.0028,-0.0027,-0.0283,0.5250,-2.7300,0.7350
61815544,sitting,1.0021,-0.0022,-0.0288,0.5950,-2.7650,0.7700
61815563,sitting,1.0019,-0.0027,-0.0281,0.5600,-2.7300,0.7700
61815583,sitting,1.0009,-0.0034,-0.0290,0.5600,-2.7300,0.7700
61815602,sitting,1.0014,-0.0029,-0.0293,0.5600,-2.7650,0.7700
61815621,sitting,1.0019,-0.0022,-0.0281,0.5600,-2.7300,0.7700
61815640,sitting,1.0024,-0.0024,-0.0285,0.5600,-2.8000,0.7350
61815660,sitting,1.0021,-0.0029,-0.0288,0.5600,-2.7650,0.7700
61815679,sitting,1.0021,-0.0029,-0.0295,0.5600,-2.7300,0.7700
61815698,sitting,1.0011,-0.0034,-0.0285,0.5600,-2.7650,0.7700
61815717,sitting,1.0011,-0.0032,-0.0298,0.5250,-2.7300,0.8050
61815736,sitting,1.0016,-0.0027,-0.0290,0.5600,-2.8000,0.8050
61815756,sitting,1.0024,-0.0022,-0.0290,0.5600,-2.7300,0.7700
61815775,sitting,1.0011,-0.0032,-0.0283,0.5600,-2.7650,0.7700
61815794,sitting,1.0014,-0.0027,-0.0285,0.5600,-2.7300,0.7700
61815813,sitting,1.0011,-0.0032,-0.0295,0.5600,-2.7650,0.8050
61815833,sitting,1.0021,-0.0020,-0.0288,0.5600,-2.7300,0.7700
61815852,sitting,1.0011,-0.0024,-0.0288,0.5600,-2.8000,0.8050
61815871,sitting,1.0016,-0.0029,-0.0283,0.5600,-2.7300,0.8050
61815890,sitting,1.0019,-0.0037,-0.0290,0.5600,-2.7300,0.7700
61815910,sitting,1.0019,-0.0032,-0.0293,0.5600,-2.7300,0.7700
61815929,sitting,1.0021,-0.0024,-0.0288,0.5600,-2.7300,0.7700
61815948,sitting,1.0016,-0.0039,-0.0298,0.5950,-2.8000,0.7350
61815967,sitting,1.0019,-0.0032,-0.0285,0.5600,-2.8000,0.7350
61815986,sitting,1.0026,-0.0041,-0.0288,0.5600,-2.7300,0.7700
61816006,sitting,1.0006,-0.0027,-0.0293,0.5600,-2.7300,0.7700
61816025,sitting,1.0002,-0.0024,-0.0288,0.5600,-2.8000,0.7700
61816044,sitting,1.0024,-0.0024,-0.0288,0.5600,-2.7300,0.7350
61816063,sitting,1.0026,-0.0027,-0.0288,0.5600,-2.7300,0.7700
61816083,sitting,1.0016,-0.0032,-0.0281,0.5600,-2.8000,0.7700
61816102,sitting,1.0014,-0.0032,-0.0293,0.5950,-2.8000,0.7700
61816121,sitting,1.0004,-0.0027,-0.0295,0.5600,-2.8000,0.7700
61816140,sitting,1.0019,-0.0027,-0.0295,0.5600,-2.7650,0.7700
61816160,sitting,1.0021,-0.0029,-0.0281,0.5600,-2.8000,0.8050
61816179,sitting,1.0021,-0.0024,-0.0278,0.5600,-2.7650,0.7700
61816198,sitting,1.0019,-0.0029,-0.0298,0.5600,-2.7650,0.7700
61816217,sitting,1.0009,-0.0032,-0.0293,0.5600,-2.7650,0.7700
61816236,sitting,1.0011,-0.0032,-0.0281,0.5600,-2.8000,0.7700
61816256,sitting,1.0011,-0.0037,-0.0295,0.4900,-2.7650,0.7700
61816275,sitting,1.0019,-0.0022,-0.0293,0.5600,-2.7650,0.8050
61816294,sitting,1.0016,-0.0027,-0.0298,0.5600,-2.8000,0.7700
61816313,sitting,1.0019,-0.0044,-0.0295,0.5950,-2.7650,0.7700
61816333,sitting,1.0011,-0.0029,-0.0295,0.5950,-2.7300,0.8050
61816352,sitting,1.0006,-0.0027,-0.0285,0.5600,-2.7650,0.7700
61816371,sitting,1.0016,-0.0027,-0.0283,0.5250,-2.7300,0.7350
61816390,sitting,1.0016,-0.0022,-0.0285,0.5600,-2.7300,0.7700
61816410,sitting,1.0002,-0.0027,-0.0298,0.5600,-2.7300,0.8050
61816429,sitting,1.0016,-0.0032,-0.0285,0.5600,-2.7300,0.7700
61816448,sitting,1.0019,-0.0034,-0.0293,0.5600,-2.7650,0.7700
61816467,sitting,1.0021,-0.0027,-0.0288,0.5250,-2.7300,0.7700
61816486,sitting,1.0024,-0.0024,-0.0295,0.5600,-2.7650,0.7700
61816506,sitting,1.0016,-0.0029,-0.0285,0.5600,-2.7650,0.7700
61816525,sitting,1.0014,-0.0029,-0.0290,0.5600,-2.7300,0.7700
61816544,sitting,1.0016,-0.0027,-0.0281,0.5600,-2.8000,0.7700
61816563,sitting,1.0019,-0.0032,-0.0295,0.5600,-2.7300,0.7350
61816583,sitting,1.0014,-0.0029,-0.0285,0.5600,-2.7300,0.7350
61816602,sitting,1.0021,-0.0034,-0.0288,0.5600,-2.7300,0.7350
61816621,sitting,1.0011,-0.0029,-0.0293,0.5600,-2.8000,0.7700
61816640,sitting,1.0002,-0.0027,-0.0290,0.5600,-2.8000,0.7700
61816660,sitting,1.0009,-0.0029,-0.0293,0.5600,-2.7650,0.7700
61816679,sitting,1.0014,-0.0029,-0.0293,0.5600,-2.8000,0.7700
61816698,sitting,1.0028,-0.0032,-0.0283,0.5950,-2.7300,0.7700
61816717,sitting,1.0011,-0.0029,-0.0288,0.5600,-2.7300,0.7700
61816736,sitting,1.0016,-0.0032,-0.0281,0.5600,-2.7300,0.7700
61816756,sitting,1.0019,-0.0032,-0.0281,0.5600,-2.7650,0.7350
61816775,sitting,1.0016,-0.0032,-0.0293,0.5600,-2.7650,0.7700
61816794,sitting,1.0009,-0.0029,-0.0290,0.5250,-2.7300,0.7700
61816813,sitting,1.0009,-0.0017,-0.0288,0.5600,-2.7300,0.7350
61816833,sitting,1.0024,-0.0024,-0.0281,0.5250,-2.8000,0.7700
61816852,sitting,1.0019,-0.0022,-0.0293,0.5600,-2.7650,0.7700
61816871,sitting,1.0009,-0.0027,-0.0295,0.5600,-2.8000,0.8050
61816890,sitting,1.0016,-0.0027,-0.0285,0.5250,-2.7650,0.7700
61816910,sitting,1.0011,-0.0039,-0.0288,0.5600,-2.8000,0.7700
61816929,sitting,1.0014,-0.0022,-0.0288,0.5600,-2.7650,0.7350
61816948,sitting,1.0021,-0.0032,-0.0295,0.5600,-2.7650,0.7700
61816967,sitting,1.0004,-0.0024,-0.0293,0.5600,-2.7300,0.7700
61816986,sitting,1.0024,-0.0024,-0.0283,0.5600,-2.7300,0.7700
61817006,sitting,1.0016,-0.0024,-0.0285,0.5600,-2.7650,0.7700
61817025,sitting,1.0019,-0.0029,-0.0300,0.5600,-2.7650,0.7700
61817044,sitting,1.0021,-0.0024,-0.0293,0.5250,-2.7650,0.7700
61817063,sitting,1.0011,-0.0037,-0.0293,0.5600,-2.7650,0.7350
61817083,sitting,1.0019,-0.0027,-0.0288,0.5600,-2.7650,0.7700
61817102,sitting,1.0021,-0.0032,-0.0288,0.5600,-2.7650,0.7700
61817121,sitting,1.0024,-0.0027,-0.0285,0.5600,-2.7650,0.7700
61817140,sitting,1.0011,-0.0034,-0.0295,0.5600,-2.7650,0.7700
61817160,sitting,1.0019,-0.0029,-0.0281,0.5600,-2.7650,0.7700
61817179,sitting,1.0011,-0.0027,-0.0285,0.5600,-2.7650,0.7700
61817198,sitting,1.0026,-0.0029,-0.0293,0.5600,-2.7650,0.8050
61817217,sitting,1.0006,-0.0032,-0.0293,0.5250,-2.7650,0.8400
61817236,sitting,1.0019,-0.0032,-0.0283,0.5250,-2.7300,0.7700
61817256,sitting,1.0019,-0.0022,-0.0288,0.5600,-2.7300,0.7350
61817275,sitting,1.0014,-0.0027,-0.0293,0.5600,-2.7300,0.7700
61817294,sitting,1.0019,-0.0034,-0.0307,0.5600,-2.7650,0.7700
61817313,sitting,1.0011,-0.0029,-0.0285,0.5600,-2.7300,0.7700
61817333,sitting,1.0019,-0.0034,-0.0281,0.5600,-2.7650,0.7700
61817352,sitting,1.0011,-0.0029,-0.0290,0.5600,-2.8000,0.7700
61817371,sitting,1.0019,-0.0027,-0.0283,0.5600,-2.7650,0.8050
61817390,sitting,1.0009,-0.0024,-0.0293,0.5600,-2.7650,0.7700
61817410,sitting,1.0024,-0.0034,-0.0288,0.5250,-2.7300,0.7700
61817429,sitting,1.0021,-0.0039,-0.0288,0.5600,-2.7300,0.7700
61817448,sitting,1.0024,-0.0039,-0.0281,0.5600,-2.7300,0.7700
61817467,sitting,1.0016,-0.0027,-0.0290,0.5600,-2.7300,0.7350
61817486,sitting,1.0019,-0.0032,-0.0288,0.5950,-2.7300,0.7700
61817506,sitting,1.0014,-0.0032,-0.0281,0.5600,-2.7650,0.7350
61817525,sitting,1.0014,-0.0022,-0.0285,0.5600,-2.7650,0.7700
61817544,sitting,1.0016,-0.0034,-0.0290,0.5600,-2.7300,0.7700
61817563,sitting,1.0014,-0.0041,-0.0293,0.5600,-2.7650,0.7700
61817583,sitting,1.0024,-0.0032,-0.0290,0.5600,-2.7300,0.7350
61817602,sitting,1.0021,-0.0027,-0.0298,0.5600,-2.7650,0.7700
61817621,sitting,1.0024,-0.0022,-0.0290,0.5600,-2.7650,0.7700
61817640,sitting,1.0016,-0.0024,-0.0283,0.5600,-2.7650,0.7700
61817660,sitting,1.0011,-0.0032,-0.0293,0.5600,-2.8000,0.7700
61817679,sitting,1.0019,-0.0034,-0.0298,0.5950,-2.8000,0.7700
61817698,sitting,1.0014,-0.0024,-0.0293,0.5600,-2.8000,0.7700
61817717,sitting,1.0009,-0.0037,-0.0295,0.5600,-2.7650,0.8050
61817736,sitting,1.0014,-0.0027,-0.0293,0.5600,-2.8000,0.7700
61817756,sitting,1.0004,-0.0037,-0.0285,0.5250,-2.8000,0.7700
61817775,sitting,1.0009,-0.0024,-0.0285,0.5250,-2.8000,0.7700
61817794,sitting,1.0019,-0.0029,-0.0290,0.5600,-2.7300,0.7700
61817813,sitting,1.0021,-0.0027,-0.0303,0.5250,-2.7650,0.7350
61817833,sitting,1.0024,-0.0041,-0.0285,0.5250,-2.7300,0.7700
61817852,sitting,1.0016,-0.0022,-0.0293,0.5600,-2.7650,0.8050
61817871,sitting,1.0014,-0.0032,-0.0290,0.5600,-2.7650,0.8050
61817890,sitting,1.0016,-0.0032,-0.0288,0.4900,-2.7650,0.7700
61817910,sitting,1.0014,-0.0024,-0.0293,0.5600,-2.7300,0.7350
61817929,sitting,1.0024,-0.0027,-0.0290,0.5950,-2.7300,0.7700
61817948,sitting,1.0004,-0.0024,-0.0288,0.5600,-2.7650,0.7700
61817967,sitting,1.0014,-0.0029,-0.0290,0.5600,-2.7300,0.7700
61817986,sitting,1.0011,-0.0032,-0.0281,0.5600,-2.7300,0.7350
61818006,sitting,1.0019,-0.0029,-0.0288,0.5600,-2.7300,0.7700
61818025,sitting,1.0014,-0.0027,-0.0298,0.5600,-2.7300,0.7700
61818044,sitting,1.0021,-0.0027,-0.0290,0.5600,-2.7300,0.7000
61818063,sitting,1.0011,-0.0029,-0.0285,0.5950,-2.7300,0.7350
61818083,sitting,1.0019,-0.0029,-0.0300,0.5600,-2.7300,0.7700
61818102,sitting,1.0024,-0.0029,-0.0290,0.5600,-2.7300,0.8050
61818121,sitting,1.0014,-0.0029,-0.0288,0.5950,-2.7650,0.7700
61818140,sitting,1.0016,-0.0024,-0.0288,0.5250,-2.7650,0.7700
61818160,sitting,1.0021,-0.0034,-0.0293,0.5600,-2.7650,0.7700
61818179,sitting,1.0014,-0.0034,-0.0295,0.5600,-2.7650,0.7700
61818198,sitting,1.0019,-0.0024,-0.0295,0.5600,-2.7300,0.7700
61818217,sitting,1.0011,-0.0024,-0.0295,0.4900,-2.8000,0.7700
61818236,sitting,1.0009,-0.0034,-0.0293,0.5600,-2.7650,0.8050
61818256,sitting,1.0006,-0.0032,-0.0283,0.5600,-2.8000,0.7700
61818275,sitting,1.0009,-0.0024,-0.0283,0.5600,-2.7300,0.7700
61818294,sitting,1.0016,-0.0041,-0.0295,0.5600,-2.7650,0.7700
61818313,sitting,1.0014,-0.0029,-0.0293,0.5250,-2.7650,0.7700
61818333,sitting,1.0009,-0.0032,-0.0288,0.5600,-2.7650,0.7700
61818352,sitting,1.0014,-0.0027,-0.0288,0.5600,-2.7300,0.7700
61818371,sitting,1.0019,-0.0027,-0.0298,0.5600,-2.7650,0.8050
61818390,sitting,1.0014,-0.0022,-0.0293,0.5250,-2.7650,0.7700
61818410,sitting,1.0019,-0.0024,-0.0298,0.5950,-2.7300,0.7700
61818429,sitting,1.0019,-0.0024,-0.0288,0.5600,-2.8000,0.8050
61818448,sitting,1.0019,-0.0027,-0.0298,0.5600,-2.7300,0.8050
61818467,sitting,1.0006,-0.0024,-0.0293,0.5250,-2.7300,0.7700
61818486,sitting,1.0006,-0.0032,-0.0285,0.5600,-2.7650,0.7700
61818506,sitting,1.0011,-0.0032,-0.0288,0.5600,-2.7650,0.7700
61818525,sitting,1.0014,-0.0037,-0.0281,0.5600,-2.7300,0.7700
61818544,sitting,1.0011,-0.0027,-0.0295,0.5600,-2.7650,0.7700
61818563,sitting,1.0016,-0.0022,-0.0290,0.5600,-2.7650,0.7700
61818583,sitting,1.0024,-0.0029,-0.0298,0.5600,-2.8000,0.7700
61818602,sitting,1.0021,-0.0027,-0.0300,0.5600,-2.7650,0.7700
61818621,sitting,1.0014,-0.0029,-0.0278,0.5950,-2.7300,0.7350
61818640,sitting,1.0021,-0.0034,-0.0288,0.5600,-2.7650,0.7700
61818660,sitting,1.0024,-0.0024,-0.0290,0.5600,-2.8000,0.8050
61818679,sitting,1.0009,-0.0029,-0.0295,0.5950,-2.7650,0.7700
61818698,sitting,1.0016,-0.0029,-0.0290,0.5600,-2.7650,0.7700
61818717,sitting,1.0016,-0.0027,-0.0290,0.5600,-2.7650,0.7700
61818736,sitting,1.0019,-0.0032,-0.0276,0.5600,-2.7650,0.7350
61818756,sitting,1.0016,-0.0027,-0.0290,0.5600,-2.7650,0.7700
61818775,sitting,1.0016,-0.0032,-0.0295,0.5600,-2.8000,0.7700
61818794,sitting,1.0011,-0.0032,-0.0293,0.5250,-2.7650,0.7700
61818813,sitting,1.0019,-0.0034,-0.0295,0.5250,-2.8000,0.7350
61818833,sitting,1.0024,-0.0034,-0.0290,0.5600,-2.7650,0.7700
61818852,sitting,1.0016,-0.0034,-0.0281,0.5600,-2.7650,0.7700
61818871,sitting,1.0024,-0.0034,-0.0283,0.5600,-2.7300,0.7700
61818890,sitting,1.0009,-0.0024,-0.0285,0.5600,-2.7300,0.7700
61818910,sitting,1.0026,-0.0029,-0.0290,0.5250,-2.7300,0.7700
61818929,sitting,1.0026,-0.0037,-0.0293,0.5600,-2.7300,0.7700
61818948,sitting,1.0021,-0.0037,-0.0293,0.5600,-2.7650,0.7700
61818967,sitting,1.0006,-0.0032,-0.0288,0.5600,-2.7650,0.7700
61818986,sitting,1.0021,-0.0032,-0.0281,0.5600,-2.7650,0.7700
61819006,sitting,1.0016,-0.0029,-0.0285,0.5950,-2.7300,0.7700
61819025,sitting,1.0011,-0.0029,-0.0293,0.5600,-2.7650,0.7700
61819044,sitting,1.0016,-0.0022,-0.0298,0.5600,-2.7650,0.7700
61819063,sitting,1.0024,-0.0020,-0.0300,0.5600,-2.8000,0.7700
61819083,sitting,1.0019,-0.0037,-0.0293,0.5600,-2.8000,0.7350
61819102,sitting,1.0019,-0.0029,-0.0295,0.5600,-2.7300,0.7700
61819121,sitting,1.0019,-0.0029,-0.0290,0.5600,-2.7300,0.7350
61819140,sitting,1.0028,-0.0039,-0.0290,0.5600,-2.7650,0.7700
61819160,sitting,1.0021,-0.0027,-0.0298,0.5600,-2.7650,0.7700
61819179,sitting,1.0019,-0.0029,-0.0298,0.5600,-2.8000,0.7350
61819198,sitting,1.0009,-0.0015,-0.0290,0.5600,-2.7650,0.7700
61819217,sitting,1.0016,-0.0029,-0.0295,0.5950,-2.8000,0.8050
61819236,sitting,1.0026,-0.0032,-0.0298,0.5600,-2.8000,0.7700
61819256,sitting,1.0021,-0.0032,-0.0288,0.5600,-2.8000,0.7700
61819275,sitting,1.0014,-0.0017,-0.0303,0.5600,-2.7650,0.7700
61819294,sitting,1.0024,-0.0027,-0.0283,0.5600,-2.7650,0.7700
61819313,sitting,1.0019,-0.0029,-0.0295,0.5600,-2.7650,0.7700
61819333,sitting,1.0024,-0.0032,-0.0283,0.5600,-2.7300,0.7700
61819352,sitting,1.0006,-0.0032,-0.0283,0.5250,-2.7650,0.7700
