timestamp_ms,label,acc_x_g,acc_y_g,acc_z_g,gyro_x_dps,gyro_y_dps,gyro_z_dps
61598897,sitting,-0.0525,-0.0088,-1.0041,0.5600,-2.8000,0.7350
61598916,sitting,-0.0532,-0.0083,-1.0038,0.5600,-2.7300,0.7700
61598935,sitting,-0.0527,-0.0088,-1.0043,0.5600,-2.8000,0.7700
61598954,sitting,-0.0527,-0.0090,-1.0041,0.5600,-2.7300,0.7350
61598974,sitting,-0.0532,-0.0093,-1.0041,0.5600,-2.7650,0.7700
61598993,sitting,-0.0532,-0.0095,-1.0048,0.5600,-2.7650,0.7700
61599012,sitting,-0.0537,-0.0095,-1.0045,0.5600,-2.7300,0.7700
61599031,sitting,-0.0529,-0.0088,-1.0038,0.5600,-2.7650,0.7700
61599051,sitting,-0.0532,-0.0085,-1.0045,0.5950,-2.7650,0.7700
61599070,sitting,-0.0529,-0.0093,-1.0048,0.5600,-2.7650,0.7700
61599089,sitting,-0.0517,-0.0085,-1.0048,0.5600,-2.7300,0.7350
61599108,sitting,-0.0522,-0.0093,-1.0043,0.5600,-2.7650,0.7350
61599128,sitting,-0.0529,-0.0090,-1.0041,0.5600,-2.7300,0.7350
61599147,sitting,-0.0529,-0.0093,-1.0050,0.5600,-2.7650,0.7700
61599166,sitting,-0.0542,-0.0093,-1.0043,0.5950,-2.7650,0.7700
61599185,sitting,-0.0527,-0.0093,-1.0053,0.5600,-2.7650,0.7700
61599204,sitting,-0.0520,-0.0078,-1.0053,0.5600,-2.7650,0.7350
61599224,sitting,-0.0527,-0.0088,-1.0033,0.5600,-2.7300,0.7700
61599243,sitting,-0.0534,-0.0090,-1.0028,0.5250,-2.7650,0.7700
61599262,sitting,-0.0539,-0.0088,-1.0041,0.5600,-2.7650,0.7700
61599281,sitting,-0.0534,-0.0093,-1.0038,0.5600,-2.7650,0.7700
61599301,sitting,-0.0534,-0.0098,-1.0043,0.5600,-2.7650,0.7700
61599320,sitting,-0.0539,-0.0093,-1.0038,0.5600,-2.7650,0.7700
61599339,sitting,-0.0525,-0.0090,-1.0041,0.5600,-2.8000,0.7700
61599358,sitting,-0.0525,-0.0078,-1.0045,0.5600,-2.7650,0.8050
61599378,sitting,-0.0539,-0.0093,-1.0048,0.5600,-2.8000,0.7700
61599397,sitting,-0.0532,-0.0095,-1.0048,0.5950,-2.7300,0.7350
61599416,sitting,-0.0520,-0.0090,-1.0043,0.5950,-2.7300,0.7700
61599435,sitting,-0.0534,-0.0088,-1.0043,0.5600,-2.7300,0.7700
61599454,sitting,-0.0532,-0.0088,-1.0053,0.5600,-2.7300,0.7700
61599474,sitting,-0.0534,-0.0095,-1.0050,0.5600,-2.7650,0.7700
61599493,sitting,-0.0529,-0.0090,-1.0041,0.5600,-2.8000,0.7350
61599512,sitting,-0.0537,-0.0093,-1.0041,0.5600,-2.7300,0.7700
61599531,sitting,-0.0527,-0.0090,-1.0045,0.5250,-2.7300,0.7350
61599551,sitting,-0.0532,-0.0090,-1.0050,0.5600,-2.7300,0.7350
61599570,sitting,-0.0529,-0.0095,-1.0043,0.5600,-2.7650,0.7350
61599589,sitting,-0.0529,-0.0093,-1.0045,0.5600,-2.7300,0.7700
61599608,sitting,-0.0529,-0.0095,-1.0045,0.5250,-2.7650,0.7700
61599628,sitting,-0.0532,-0.0081,-1.0038,0.5600,-2.8000,0.7700
61599647,sitting,-0.0532,-0.0088,-1.0036,0.5600,-2.7650,0.7700
61599666,sitting,-0.0529,-0.0083,-1.0043,0.5600,-2.8000,0.7700
61599685,sitting,-0.0529,-0.0078,-1.0043,0.5600,-2.8000,0.7700
61599704,sitting,-0.0520,-0.0088,-1.0050,0.5600,-2.7650,0.7700
61599724,sitting,-0.0522,-0.0095,-1.0043,0.5600,-2.7650,0.8050
61599743,sitting,-0.0527,-0.0090,-1.0043,0.5600,-2.7650,0.7700
61599762,sitting,-0.0517,-0.0098,-1.0043,0.5600,-2.7300,0.7700
61599781,sitting,-0.0527,-0.0100,-1.0041,0.5600,-2.7650,0.7700
61599801,sitting,-0.0525,-0.0093,-1.0041,0.5600,-2.7300,0.7000
61599820,sitting,-0.0520,-0.0090,-1.0048,0.5600,-2.7300,0.7700
61599839,sitting,-0.0525,-0.0088,-1.0043,0.5600,-2.7650,0.7700
61599858,sitting,-0.0525,-0.0085,-1.0038,0.5250,-2.7300,0.7700
61599878,sitting,-0.0529,-0.0081,-1.0043,0.5600,-2.7300,0.7700
61599897,sitting,-0.0539,-0.0095,-1.0048,0.5950,-2.7300,0.7700
61599916,sitting,-0.0527,-0.0085,-1.0045,0.5600,-2.7300,0.7700
61599935,sitting,-0.0525,-0.0083,-1.0031,0.5600,-2.7300,0.7350
61599954,sitting,-0.0527,-0.0095,-1.0038,0.5950,-2.7650,0.7350
61599974,sitting,-0.0532,-0.0098,-1.0041,0.5600,-2.7300,0.7700
61599993,sitting,-0.0517,-0.0098,-1.0043,0.5600,-2.7650,0.7350
61600012,sitting,-0.0525,-0.0090,-1.0038,0.5600,-2.7650,0.7700
61600031,sitting,-0.0522,-0.0095,-1.0036,0.5600,-2.7650,0.7700
61600051,sitting,-0.0532,-0.0083,-1.0036,0.5600,-2.7300,0.7700
61600070,sitting,-0.0534,-0.0083,-1.0045,0.5600,-2.8000,0.7700
61600089,sitting,-0.0532,-0.0085,-1.0031,0.5600,-2.7300,0.7700
61600108,sitting,-0.0532,-0.0093,-1.0031,0.5600,-2.8000,0.7700
61600128,sitting,-0.0527,-0.0088,-1.0038,0.5600,-2.7650,0.7700
61600147,sitting,-0.0520,-0.0098,-1.0041,0.5950,-2.7650,0.7700
61600166,sitting,-0.0525,-0.0093,-1.0043,0.5600,-2.7650,0.7700
61600185,sitting,-0.0520,-0.0090,-1.0058,0.5600,-2.7300,0.7700
61600204,sitting,-0.0534,-0.0098,-1.0045,0.5600,-2.7650,0.7350
61600224,sitting,-0.0537,-0.0098,-1.0045,0.5600,-2.7650,0.7700
61600243,sitting,-0.0522,-0.0093,-1.0041,0.5600,-2.7650,0.7700
61600262,sitting,-0.0532,-0.0093,-1.0045,0.5600,-2.8000,0.7700
61600281,sitting,-0.0529,-0.0095,-1.0038,0.5600,-2.7650,0.8050
61600301,sitting,-0.0527,-0.0081,-1.0048,0.5600,-2.7650,0.7700
61600320,sitting,-0.0525,-0.0085,-1.0033,0.5600,-2.8000,0.7700
61600339,sitting,-0.0537,-0.0083,-1.0045,0.5600,-2.7650,0.8050
61600358,sitting,-0.0534,-0.0088,-1.0048,0.5600,-2.7300,0.7700
61600378,sitting,-0.0529,-0.0102,-1.0045,0.5600,-2.7650,0.7700
61600397,sitting,-0.0525,-0.0102,-1.0043,0.5600,-2.7300,0.7700
61600416,sitting,-0.0534,-0.0088,-1.0038,0.5950,-2.7300,0.7700
61600435,sitting,-0.0529,-0.0081,-1.0038,0.5250,-2.7300,0.7700
61600454,sitting,-0.0517,-0.0085,-1.0045,0.5600,-2.7300,0.7000
61600474,sitting,-0.0525,-0.0090,-1.0038,0.5950,-2.7300,0.7700
61600493,sitting,-0.0534,-0.0093,-1.0028,0.5600,-2.7300,0.7700
61600512,sitting,-0.0522,-0.0093,-1.0036,0.5600,-2.7650,0.7700
61600531,sitting,-0.0534,-0.0095,-1.0041,0.5600,-2.7650,0.7700
61600551,sitting,-0.0525,-0.0088,-1.0041,0.5600,-2.8000,0.7700
61600570,sitting,-0.0525,-0.0090,-1.0041,0.5600,-2.7300,0.7700
61600589,sitting,-0.0529,-0.0088,-1.0041,0.5950,-2.8000,0.7700
61600608,sitting,-0.0532,-0.0093,-1.0043,0.5250,-2.8000,0.7700
61600628,sitting,-0.0529,-0.0085,-1.0045,0.5250,-2.7650,0.7700
61600647,sitting,-0.0527,-0.0088,-1.0050,0.4900,-2.7650,0.7700
61600666,sitting,-0.0527,-0.0090,-1.0043,0.5250,-2.7300,0.7700
61600685,sitting,-0.0529,-0.0093,-1.0043,0.5600,-2.7300,0.7700
61600704,sitting,-0.0529,-0.0090,-1.0045,0.5600,-2.7650,0.7700
61600724,sitting,-0.0529,-0.0095,-1.0036,0.5600,-2.7300,0.7700
61600743,sitting,-0.0532,-0.0090,-1.0033,0.5600,-2.8000,0.7700
61600762,sitting,-0.0529,-0.0093,-1.0041,0.5600,-2.8000,0.7700
61600781,sitting,-0.0532,-0.0090,-1.0041,0.5600,-2.8000,0.7700
61600801,sitting,-0.0532,-0.0085,-1.0038,0.5600,-2.7650,0.7350
61600820,sitting,-0.0527,-0.0098,-1.0045,0.5600,-2.7650,0.7700
61600839,sitting,-0.0522,-0.0093,-1.0038,0.5950,-2.7300,0.7350
61600858,sitting,-0.0527,-0.0090,-1.0036,0.5600,-2.7300,0.7700
61600878,sitting,-0.0520,-0.0093,-1.0036,0.5600,-2.7650,0.7350
61600897,sitting,-0.0532,-0.0090,-1.0036,0.5600,-2.7650,0.7700
61600916,sitting,-0.0532,-0.0095,-1.0041,0.5600,-2.7650,0.7350
61600935,sitting,-0.0527,-0.0090,-1.0038,0.5600,-2.7650,0.7350
61600954,sitting,-0.0532,-0.0090,-1.0048,0.5600,-2.7300,0.7700
61600974,sitting,-0.0520,-0.0090,-1.0041,0.5600,-2.8000,0.7350
61600993,sitting,-0.0522,-0.0107,-1.0041,0.5600,-2.7300,0.7700
61601012,sitting,-0.0525,-0.0093,-1.0036,0.5600,-2.7300,0.7700
61601031,sitting,-0.0529,-0.0083,-1.0031,0.5600,-2.8000,0.7700
61601051,sitting,-0.0527,-0.0093,-1.0036,0.5950,-2.7650,0.7700
61601070,sitting,-0.0525,-0.0090,-1.0050,0.5600,-2.7300,0.7350
61601089,sitting,-0.0525,-0.0085,-1.0036,0.5600,-2.8000,0.7700
61601108,sitting,-0.0525,-0.0090,-1.0036,0.5600,-2.7650,0.7700
61601128,sitting,-0.0534,-0.0090,-1.0045,0.5600,-2.7650,0.7700
61601147,sitting,-0.0532,-0.0090,-1.0031,0.5600,-2.7650,0.7700
61601166,sitting,-0.0537,-0.0085,-1.0033,0.5250,-2.7650,0.7700
61601185,sitting,-0.0532,-0.0098,-1.0043,0.5600,-2.7650,0.7700
61601204,sitting,-0.0522,-0.0090,-1.0043,0.5600,-2.7650,0.7700
61601224,sitting,-0.0532,-0.0093,-1.0043,0.5600,-2.7650,0.7700
61601243,sitting,-0.0532,-0.0098,-1.0045,0.5600,-2.7650,0.7700
61601262,sitting,-0.0527,-0.0078,-1.0041,0.5600,-2.7650,0.8050
61601281,sitting,-0.0527,-0.0081,-1.0045,0.5950,-2.7650,0.7350
61601301,sitting,-0.0525,-0.0088,-1.0036,0.5600,-2.7650,0.7700
61601320,sitting,-0.0532,-0.0093,-1.0036,0.5950,-2.7300,0.7700
61601339,sitting,-0.0537,-0.0085,-1.0036,0.5600,-2.7650,0.7700
61601358,sitting,-0.0539,-0.0090,-1.0036,0.5600,-2.7300,0.7350
61601378,sitting,-0.0532,-0.0095,-1.0043,0.5600,-2.7300,0.7350
61601397,sitting,-0.0529,-0.0093,-1.0038,0.5600,-2.7300,0.7350
61601416,sitting,-0.0522,-0.0095,-1.0043,0.5600,-2.7650,0.7350
61601435,sitting,-0.0529,-0.0095,-1.0043,0.5600,-2.7650,0.7350
61601454,sitting,-0.0532,-0.0090,-1.0041,0.5600,-2.8000,0.7700
61601474,sitting,-0.0529,-0.0088,-1.0038,0.5950,-2.7650,0.7700
61601493,sitting,-0.0527,-0.0093,-1.0041,0.5600,-2.7650,0.7700
61601512,sitting,-0.0515,-0.0093,-1.0038,0.5600,-2.7650,0.7700
61601531,sitting,-0.0537,-0.0098,-1.0036,0.5600,-2.7650,0.7700
61601551,sitting,-0.0532,-0.0093,-1.0028,0.5250,-2.7650,0.7700
61601570,sitting,-0.0525,-0.0098,-1.0038,0.5600,-2.8000,0.7700
61601589,sitting,-0.0529,-0.0081,-1.0038,0.5250,-2.8000,0.7700
61601608,sitting,-0.0534,-0.0088,-1.0036,0.5600,-2.7650,0.7700
61601628,sitting,-0.0527,-0.0088,-1.0038,0.5600,-2.8000,0.7700
61601647,sitting,-0.0527,-0.0090,-1.0028,0.5950,-2.7650,0.7700
61601666,sitting,-0.0534,-0.0088,-1.0031,0.5600,-2.8000,0.7700
61601685,sitting,-0.0534,-0.0090,-1.0043,0.5600,-2.7650,0.7700
61601704,sitting,-0.0525,-0.0095,-1.0038,0.5600,-2.8000,0.7700
61601724,sitting,-0.0527,-0.0093,-1.0038,0.5600,-2.7650,0.7350
61601743,sitting,-0.0527,-0.0100,-1.0033,0.5600,-2.8000,0.7700
61601762,sitting,-0.0529,-0.0088,-1.0038,0.5950,-2.7300,0.7700
61601781,sitting,-0.0525,-0.0095,-1.0045,0.5950,-2.7300,0.7700
61601801,sitting,-0.0522,-0.0078,-1.0045,0.5950,-2.8000,0.7700
61601820,sitting,-0.0537,-0.0085,-1.0031,0.5600,-2.8000,0.7350
61601839,sitting,-0.0527,-0.0090,-1.0033,0.5600,-2.7650,0.7700
61601858,sitting,-0.0532,-0.0088,-1.0043,0.5600,-2.7300,0.7700
61601878,sitting,-0.0522,-0.0093,-1.0041,0.5600,-2.7300,0.7700
61601897,sitting,-0.0517,-0.0085,-1.0038,0.5600,-2.7650,0.7700
61601916,sitting,-0.0529,-0.0088,-1.0033,0.5950,-2.8000,0.7350
61601935,sitting,-0.0529,-0.0095,-1.0043,0.5950,-2.7650,0.7700
61601954,sitting,-0.0520,-0.0093,-1.0043,0.5600,-2.8000,0.7700
61601974,sitting,-0.0525,-0.0090,-1.0043,0.5950,-2.8000,0.7700
61601993,sitting,-0.0532,-0.0095,-1.0038,0.5600,-2.7650,0.7700
61602012,sitting,-0.0542,-0.0090,-1.0041,0.5250,-2.7650,0.7700
61602031,sitting,-0.0525,-0.0083,-1.0038,0.5600,-2.7300,0.7350
61602051,sitting,-0.0520,-0.0095,-1.0043,0.5600,-2.7300,0.7350
61602070,sitting,-0.0532,-0.0083,-1.0041,0.5600,-2.8000,0.7700
61602089,sitting,-0.0539,-0.0088,-1.0041,0.5600,-2.7300,0.7700
61602108,sitting,-0.0534,-0.0085,-1.0043,0.5600,-2.8000,0.7700
61602128,sitting,-0.0529,-0.0095,-1.0045,0.5600,-2.7650,0.7700
61602147,sitting,-0.0534,-0.0085,-1.0043,0.5600,-2.7650,0.7700
61602166,sitting,-0.0537,-0.0085,-1.0045,0.5600,-2.7650,0.7700
61602185,sitting,-0.0517,-0.0088,-1.0043,0.5600,-2.7300,0.7700
61602204,sitting,-0.0534,-0.0093,-1.0045,0.5950,-2.7650,0.7700
61602224,sitting,-0.0529,-0.0093,-1.0041,0.5600,-2.7650,0.7700
61602243,sitting,-0.0544,-0.0078,-1.0045,0.5600,-2.7300,0.7700
61602262,sitting,-0.0534,-0.0090,-1.0033,0.5600,-2.7300,0.7700
61602281,sitting,-0.0532,-0.0088,-1.0045,0.5600,-2.7300,0.7350
61602301,sitting,-0.0529,-0.0085,-1.0033,0.5250,-2.7650,0.7700
61602320,sitting,-0.0532,-0.0093,-1.0038,0.5600,-2.7650,0.7700
61602339,sitting,-0.0539,-0.0095,-1.0050,0.5600,-2.7650,0.7350
61602358,sitting,-0.0532,-0.0102,-1.0043,0.5600,-2.7300,0.7700
61602378,sitting,-0.0525,-0.0098,-1.0036,0.5600,-2.8000,0.7700
61602397,sitting,-0.0534,-0.0093,-1.0038,0.5600,-2.7650,0.7700
61602416,sitting,-0.0522,-0.0083,-1.0045,0.5600,-2.7650,0.7700
61602435,sitting,-0.0525,-0.0090,-1.0038,0.5600,-2.7650,0.7000
61602454,sitting,-0.0520,-0.0090,-1.0038,0.5600,-2.8000,0.7700
61602474,sitting,-0.0529,-0.0088,-1.0028,0.5600,-2.7650,0.7700
61602493,sitting,-0.0529,-0.0093,-1.0038,0.5600,-2.7650,0.7700
61602512,sitting,-0.0529,-0.0093,-1.0038,0.5600,-2.7300,0.7700
61602531,sitting,-0.0532,-0.0090,-1.0043,0.5600,-2.7650,0.7700
61602551,sitting,-0.0539,-0.0085,-1.0038,0.5600,-2.7300,0.7700
61602570,sitting,-0.0520,-0.0085,-1.0043,0.5250,-2.7650,0.7350
61602589,sitting,-0.0527,-0.0088,-1.0038,0.5600,-2.7300,0.7700
61602608,sitting,-0.0529,-0.0090,-1.0041,0.5250,-2.7650,0.7700
61602628,sitting,-0.0522,-0.0088,-1.0038,0.5950,-2.7650,0.7700
61602647,sitting,-0.0529,-0.0095,-1.0043,0.5950,-2.7650,0.7700
61602666,sitting,-0.0532,-0.0095,-1.0043,0.5600,-2.7650,0.7350
61602685,sitting,-0.0529,-0.0088,-1.0041,0.5600,-2.7300,0.7700
61602704,sitting,-0.0532,-0.0102,-1.0045,0.5600,-2.7300,0.7700
61602724,sitting,-0.0529,-0.0098,-1.0043,0.5600,-2.8000,0.7350
61602743,sitting,-0.0525,-0.0090,-1.0038,0.5600,-2.8000,0.7700
61602762,sitting,-0.0532,-0.0088,-1.0041,0.5250,-2.7300,0.7700
61602781,sitting,-0.0537,-0.0090,-1.0033,0.5950,-2.8000,0.7700
61602801,sitting,-0.0527,-0.0090,-1.0043,0.5600,-2.8000,0.7700
61602820,sitting,-0.0525,-0.0085,-1.0045,0.5600,-2.7650,0.7700
61602839,sitting,-0.0527,-0.0088,-1.0038,0.5600,-2.8000,0.7700
61602858,sitting,-0.0527,-0.0088,-1.0043,0.5600,-2.7650,0.7350
61602878,sitting,-0.0529,-0.0090,-1.0041,0.5600,-2.7650,0.7700
61602897,sitting,-0.0525,-0.0093,-1.0041,0.5600,-2.8000,0.7700
61602916,sitting,-0.0534,-0.0102,-1.0038,0.5250,-2.7650,0.7700
61602935,sitting,-0.0527,-0.0090,-1.0038,0.5600,-2.7650,0.7700
61602954,sitting,-0.0534,-0.0093,-1.0031,0.5600,-2.7650,0.7350
61602974,sitting,-0.0534,-0.0081,-1.0050,0.5600,-2.7650,0.7700
61602993,sitting,-0.0532,-0.0093,-1.0036,0.5250,-2.7650,0.7700
61603012,sitting,-0.0532,-0.0098,-1.0041,0.5600,-2.7300,0.8400
61603031,sitting,-0.0532,-0.0093,-1.0043,0.5600,-2.7650,0.7700
61603051,sitting,-0.0522,-0.0081,-1.0036,0.5950,-2.7300,0.7350
61603070,sitting,-0.0522,-0.0088,-1.0036,0.5950,-2.8000,0.7350
61603089,sitting,-0.0525,-0.0093,-1.0031,0.5600,-2.7650,0.7700
61603108,sitting,-0.0522,-0.0093,-1.0043,0.5600,-2.7300,0.7700
61603128,sitting,-0.0534,-0.0090,-1.0041,0.5600,-2.7650,0.7700
61603147,sitting,-0.0529,-0.0090,-1.0050,0.5600,-2.7300,0.7350
61603166,sitting,-0.0525,-0.0090,-1.0031,0.5950,-2.8000,0.7700
61603185,sitting,-0.0534,-0.0090,-1.0031,0.5250,-2.7650,0.7700
61603204,sitting,-0.0529,-0.0085,-1.0038,0.5600,-2.7650,0.7700
61603224,sitting,-0.0527,-0.0090,-1.0045,0.5600,-2.7300,0.7350
61603243,sitting,-0.0532,-0.0093,-1.0045,0.5600,-2.8000,0.7700
61603262,sitting,-0.0532,-0.0081,-1.0038,0.5600,-2.8000,0.7700
61603281,sitting,-0.0542,-0.0078,-1.0043,0.5600,-2.7650,0.7700
61603301,sitting,-0.0537,-0.0088,-1.0050,0.5600,-2.7650,0.7700
61603320,sitting,-0.0522,-0.0090,-1.0038,0.5600,-2.7300,0.7000
61603339,sitting,-0.0532,-0.0083,-1.0028,0.5600,-2.7650,0.7700
61603358,sitting,-0.0534,-0.0095,-1.0041,0.5600,-2.7650,0.8050
61603378,sitting,-0.0527,-0.0083,-1.0036,0.5600,-2.7650,0.7000
61603397,sitting,-0.0527,-0.0083,-1.0041,0.5600,-2.8000,0.7700
61603416,sitting,-0.0542,-0.0090,-1.0041,0.5600,-2.7650,0.7700
61603435,sitting,-0.0532,-0.0085,-1.0045,0.5600,-2.7650,0.7700
61603454,sitting,-0.0537,-0.0093,-1.0038,0.5600,-2.7300,0.7700
61603474,sitting,-0.0525,-0.0100,-1.0038,0.5600,-2.7300,0.7700
61603493,sitting,-0.0539,-0.0095,-1.0045,0.5600,-2.7300,0.7700
61603512,sitting,-0.0532,-0.0083,-1.0041,0.5600,-2.7300,0.7700
61603531,sitting,-0.0529,-0.0090,-1.0026,0.5600,-2.7300,0.7700
61603551,sitting,-0.0527,-0.0088,-1.0038,0.5600,-2.7300,0.7700
61603570,sitting,-0.0522,-0.0093,-1.0031,0.5600,-2.8000,0.7700
61603589,sitting,-0.0539,-0.0093,-1.0043,0.5600,-2.7650,0.7350
61603608,sitting,-0.0529,-0.0085,-1.0041,0.5600,-2.7300,0.7350
61603628,sitting,-0.0534,-0.0088,-1.0050,0.5950,-2.8000,0.7700
61603647,sitting,-0.0529,-0.0085,-1.0038,0.5600,-2.7650,0.7000
61603666,sitting,-0.0527,-0.0090,-1.0045,0.5600,-2.8000,0.7700
61603685,sitting,-0.0534,-0.0098,-1.0038,0.5600,-2.7650,0.7700
61603704,sitting,-0.0532,-0.0090,-1.0028,0.5600,-2.7300,0.7700
61603724,sitting,-0.0542,-0.0088,-1.0036,0.5600,-2.7300,0.7350
61603743,sitting,-0.0542,-0.0085,-1.0041,0.5600,-2.7650,0.7700
61603762,sitting,-0.0529,-0.0100,-1.0033,0.5600,-2.7300,0.7700
61603781,sitting,-0.0522,-0.0100,-1.0043,0.5600,-2.7300,0.7700
61603801,sitting,-0.0529,-0.0095,-1.0045,0.5950,-2.7300,0.7700
61603820,sitting,-0.0529,-0.0090,-1.0045,0.5600,-2.7650,0.7700
61603839,sitting,-0.0532,-0.0095,-1.0045,0.5600,-2.7650,0.7700
61603858,sitting,-0.0532,-0.0093,-1.0026,0.5600,-2.7300,0.7700
61603878,sitting,-0.0527,-0.0088,-1.0050,0.5600,-2.7650,0.7700
61603897,sitting,-0.0532,-0.0088,-1.0041,0.5600,-2.7650,0.7350
61603916,sitting,-0.0525,-0.0098,-1.0038,0.5600,-2.7650,0.7700
61603935,sitting,-0.0539,-0.0098,-1.0041,0.5600,-2.7650,0.7700
61603954,sitting,-0.0532,-0.0090,-1.0041,0.5600,-2.7650,0.7700
61603974,sitting,-0.0534,-0.0085,-1.0033,0.6300,-2.8000,0.7700
61603993,sitting,-0.0527,-0.0098,-1.0038,0.5950,-2.7650,0.7700
61604012,sitting,-0.0529,-0.0085,-1.0043,0.5250,-2.7650,0.8050
61604031,sitting,-0.0522,-0.0088,-1.0048,0.5600,-2.7300,0.7350
61604051,sitting,-0.0532,-0.0095,-1.0028,0.5600,-2.7300,0.8050
61604070,sitting,-0.0534,-0.0095,-1.0038,0.5250,-2.8000,0.7350
61604089,sitting,-0.0527,-0.0095,-1.0038,0.6300,-2.7650,0.7700
61604108,sitting,-0.0525,-0.0088,-1.0036,0.5600,-2.7300,0.7700
61604128,sitting,-0.0520,-0.0085,-1.0031,0.5950,-2.7300,0.7700
61604147,sitting,-0.0522,-0.0093,-1.0048,0.5250,-2.7300,0.7350
61604166,sitting,-0.0527,-0.0090,-1.0038,0.5600,-2.7300,0.7700
61604185,sitting,-0.0527,-0.0083,-1.0038,0.5600,-2.7650,0.7350
61604204,sitting,-0.0534,-0.0085,-1.0043,0.5600,-2.8000,0.7700
61604224,sitting,-0.0522,-0.0090,-1.0041,0.6300,-2.7300,0.7700
61604243,sitting,-0.0525,-0.0093,-1.0043,0.5600,-2.7650,0.7700
61604262,sitting,-0.0532,-0.0088,-1.0041,0.5600,-2.7650,0.7700
61604281,sitting,-0.0532,-0.0078,-1.0031,0.5600,-2.8000,0.7700
61604301,sitting,-0.0527,-0.0098,-1.0031,0.5600,-2.8000,0.7700
61604320,sitting,-0.0539,-0.0088,-1.0038,0.5600,-2.8000,0.7700
61604339,sitting,-0.0527,-0.0093,-1.0038,0.5600,-2.7300,0.7700
61604358,sitting,-0.0534,-0.0088,-1.0038,0.5600,-2.7650,0.7350
61604378,sitting,-0.0534,-0.0090,-1.0041,0.5250,-2.7650,0.7350
61604397,sitting,-0.0529,-0.0088,-1.0050,0.5600,-2.7300,0.7700
61604416,sitting,-0.0532,-0.0088,-1.0038,0.5950,-2.7300,0.7350
61604435,sitting,-0.0529,-0.0083,-1.0043,0.5600,-2.7300,0.8050
61604454,sitting,-0.0527,-0.0085,-1.0043,0.5600,-2.7650,0.7700
61604474,sitting,-0.0525,-0.0095,-1.0041,0.5600,-2.7650,0.7700
61604493,sitting,-0.0527,-0.0083,-1.0041,0.5600,-2.7300,0.7350
61604512,sitting,-0.0527,-0.0093,-1.0041,0.6300,-2.7300,0.7350
61604531,sitting,-0.0522,-0.0098,-1.0043,0.5600,-2.7650,0.7350
61604551,sitting,-0.0537,-0.0093,-1.0045,0.5600,-2.7650,0.7700
61604570,sitting,-0.0525,-0.0085,-1.0043,0.5600,-2.8000,0.7700
61604589,sitting,-0.0532,-0.0093,-1.0041,0.5600,-2.8000,0.7350
61604608,sitting,-0.0532,-0.0095,-1.0033,0.5600,-2.7300,0.7700
61604628,sitting,-0.0529,-0.0093,-1.0043,0.5950,-2.7650,0.7700
61604647,sitting,-0.0532,-0.0095,-1.0043,0.5950,-2.7300,0.7700
61604666,sitting,-0.0525,-0.0093,-1.0036,0.5600,-2.7300,0.7350
61604685,sitting,-0.0525,-0.0093,-1.0038,0.5600,-2.7650,0.7700
61604704,sitting,-0.0532,-0.0088,-1.0036,0.5600,-2.7650,0.7700
61604724,sitting,-0.0532,-0.0090,-1.0036,0.5250,-2.8000,0.7700
61604743,sitting,-0.0532,-0.0088,-1.0041,0.5250,-2.7650,0.7700
61604762,sitting,-0.0529,-0.0093,-1.0038,0.5600,-2.7650,0.7700
61604781,sitting,-0.0532,-0.0090,-1.0041,0.5600,-2.7650,0.7700
61604801,sitting,-0.0529,-0.0088,-1.0043,0.5600,-2.7300,0.7700
61604820,sitting,-0.0527,-0.0093,-1.0038,0.5250,-2.7650,0.8050
61604839,sitting,-0.0534,-0.0098,-1.0036,0.5600,-2.7300,0.7350
61604858,sitting,-0.0534,-0.0093,-1.0050,0.5600,-2.7300,0.7700
61604878,sitting,-0.0534,-0.0093,-1.0033,0.5600,-2.7300,0.7350
61604897,sitting,-0.0532,-0.0098,-1.0033,0.5600,-2.7300,0.7350
61604916,sitting,-0.0527,-0.0095,-1.0033,0.5600,-2.8000,0.7700
61604935,sitting,-0.0527,-0.0090,-1.0038,0.5600,-2.7650,0.7350
61604954,sitting,-0.0525,-0.0085,-1.0045,0.5600,-2.7650,0.7700
61604974,sitting,-0.0529,-0.0093,-1.0033,0.5600,-2.7300,0.7700
61604993,sitting,-0.0529,-0.0093,-1.0038,0.5600,-2.7300,0.7700
61605012,sitting,-0.0534,-0.0088,-1.0036,0.5950,-2.7300,0.7000
61605031,sitting,-0.0520,-0.0083,-1.0041,0.5600,-2.7300,0.7700
61605051,sitting,-0.0537,-0.0095,-1.0050,0.5600,-2.7650,0.7700
61605070,sitting,-0.0544,-0.0085,-1.0033,0.5600,-2.7650,0.7000
61605089,sitting,-0.0532,-0.0088,-1.0043,0.5950,-2.8000,0.7350
61605108,sitting,-0.0525,-0.0098,-1.0041,0.5600,-2.8000,0.7700
61605128,sitting,-0.0522,-0.0090,-1.0036,0.5600,-2.7300,0.7700
61605147,sitting,-0.0537,-0.0095,-1.0048,0.5600,-2.8000,0.7700
61605166,sitting,-0.0522,-0.0088,-1.0036,0.5600,-2.7650,0.7700
61605185,sitting,-0.0537,-0.0076,-1.0036,0.5600,-2.8000,0.7700
61605204,sitting,-0.0529,-0.0088,-1.0048,0.5250,-2.7650,0.7700
61605224,sitting,-0.0525,-0.0088,-1.0033,0.5600,-2.8000,0.7700
61605243,sitting,-0.0527,-0.0095,-1.0041,0.5600,-2.7650,0.7350
61605262,sitting,-0.0532,-0.0088,-1.0048,0.5600,-2.8000,0.7700
61605281,sitting,-0.0529,-0.0100,-1.0043,0.5600,-2.7650,0.7700
61605301,sitting,-0.0529,-0.0095,-1.0043,0.5600,-2.7300,0.7700
61605320,sitting,-0.0527,-0.0100,-1.0038,0.5600,-2.7300,0.7700
61605339,sitting,-0.0534,-0.0088,-1.0036,0.5600,-2.7650,0.7700
61605358,sitting,-0.0537,-0.0083,-1.0036,0.5600,-2.7650,0.7350
61605378,sitting,-0.0537,-0.0090,-1.0036,0.5950,-2.7650,0.8050
61605397,sitting,-0.0527,-0.0085,-1.0043,0.5600,-2.7300,0.7350
61605416,sitting,-0.0525,-0.0090,-1.0048,0.5600,-2.7650,0.7700
61605435,sitting,-0.0517,-0.0088,-1.0041,0.5600,-2.7300,0.7700
61605454,sitting,-0.0532,-0.0085,-1.0041,0.6300,-2.8000,0.7700
61605474,sitting,-0.0532,-0.0090,-1.0050,0.5250,-2.7650,0.7350
61605493,sitting,-0.0534,-0.0090,-1.0048,0.5600,-2.7300,0.7700
61605512,sitting,-0.0525,-0.0090,-1.0036,0.5600,-2.7650,0.7700
61605531,sitting,-0.0522,-0.0090,-1.0031,0.5950,-2.8000,0.7700
61605551,sitting,-0.0534,-0.0093,-1.0038,0.5600,-2.8000,0.7700
61605570,sitting,-0.0544,-0.0093,-1.0038,0.5600,-2.7650,0.7700
61605589,sitting,-0.0517,-0.0088,-1.0041,0.5950,-2.8000,0.7700
61605608,sitting,-0.0532,-0.0090,-1.0041,0.5600,-2.8000,0.7350
61605628,sitting,-0.0525,-0.0095,-1.0048,0.5250,-2.7300,0.7700
61605647,sitting,-0.0529,-0.0098,-1.0050,0.5600,-2.7650,0.7350
61605666,sitting,-0.0527,-0.0090,-1.0033,0.5600,-2.7650,0.7700
61605685,sitting,-0.0529,-0.0093,-1.0036,0.5600,-2.7650,0.7700
61605704,sitting,-0.0532,-0.0083,-1.0045,0.5600,-2.7650,0.8050
61605724,sitting,-0.0534,-0.0085,-1.0038,0.5600,-2.7650,0.7350
61605743,sitting,-0.0537,-0.0093,-1.0041,0.5600,-2.8000,0.7700
61605762,sitting,-0.0529,-0.0095,-1.0033,0.5250,-2.7650,0.7700
61605781,sitting,-0.0529,-0.0098,-1.0043,0.5600,-2.7650,0.7000
61605801,sitting,-0.0522,-0.0098,-1.0033,0.5600,-2.7300,0.7700
61605820,sitting,-0.0522,-0.0085,-1.0041,0.5600,-2.7300,0.7700
61605839,sitting,-0.0529,-0.0090,-1.0031,0.5600,-2.7650,0.7700
61605858,sitting,-0.0532,-0.0078,-1.0036,0.5950,-2.7650,0.7700
61605878,sitting,-0.0527,-0.0093,-1.0031,0.6300,-2.8000,0.7350
61605897,sitting,-0.0520,-0.0098,-1.0036,0.5600,-2.7650,0.7700
61605916,sitting,-0.0529,-0.0090,-1.0048,0.5950,-2.7300,0.7700
61605935,sitting,-0.0529,-0.0090,-1.0048,0.5600,-2.7650,0.7700
61605954,sitting,-0.0532,-0.0090,-1.0043,0.5250,-2.7650,0.7700
61605974,sitting,-0.0529,-0.0088,-1.0036,0.5600,-2.7650,0.7350
61605993,sitting,-0.0537,-0.0090,-1.0031,0.5600,-2.7650,0.7700
61606012,sitting,-0.0537,-0.0100,-1.0043,0.5600,-2.7650,0.7350
61606031,sitting,-0.0537,-0.0098,-1.0041,0.5600,-2.7300,0.7700
61606051,sitting,-0.0527,-0.0088,-1.0050,0.5600,-2.7300,0.7350
61606070,sitting,-0.0520,-0.0085,-1.0038,0.5600,-2.7650,0.7350
61606089,sitting,-0.0529,-0.0076,-1.0036,0.5600,-2.7300,0.7700
61606108,sitting,-0.0515,-0.0083,-1.0038,0.5600,-2.7650,0.7700
61606128,sitting,-0.0525,-0.0073,-1.0045,0.5600,-2.8000,0.7700
61606147,sitting,-0.0529,-0.0088,-1.0036,0.5600,-2.8000,0.7700
61606166,sitting,-0.0527,-0.0093,-1.0048,0.5600,-2.7300,0.7700
61606185,sitting,-0.0525,-0.0090,-1.0033,0.5600,-2.7650,0.8050
61606204,sitting,-0.0522,-0.0083,-1.0033,0.5950,-2.8000,0.7700
61606224,sitting,-0.0539,-0.0095,-1.0036,0.5950,-2.7300,0.7700
61606243,sitting,-0.0527,-0.0093,-1.0041,0.5600,-2.7300,0.7700
61606262,sitting,-0.0527,-0.0090,-1.0033,0.5600,-2.8000,0.7700
61606281,sitting,-0.0532,-0.0100,-1.0041,0.5600,-2.7300,0.8050
61606301,sitting,-0.0525,-0.0095,-1.0050,0.5600,-2.7650,0.7700
61606320,sitting,-0.0537,-0.0093,-1.0041,0.5600,-2.7300,0.7350
61606339,sitting,-0.0529,-0.0098,-1.0041,0.5600,-2.7300,0.7700
61606358,sitting,-0.0534,-0.0102,-1.0043,0.5600,-2.7650,0.7700
61606378,sitting,-0.0532,-0.0095,-1.0031,0.5950,-2.7650,0.7700
61606397,sitting,-0.0525,-0.0102,-1.0041,0.5600,-2.7650,0.7700
61606416,sitting,-0.0529,-0.0083,-1.0043,0.5600,-2.8000,0.7700
61606435,sitting,-0.0542,-0.0046,-1.0043,0.5600,-2.7300,0.7350
61606454,sitting,-0.0510,-0.0068,-1.0055,0.5950,-2.7300,0.7000
61606474,sitting,-0.0534,-0.0085,-1.0041,0.5950,-2.8000,0.7700
61606493,sitting,-0.0539,-0.0095,-1.0043,0.5600,-2.7650,0.7700
61606512,sitting,-0.0515,-0.0102,-1.0041,0.5600,-2.8000,0.7350
61606531,sitting,-0.0532,-0.0105,-1.0041,0.5600,-2.7650,0.7700
61606551,sitting,-0.0529,-0.0105,-1.0038,0.5250,-2.7650,0.7350
61606570,sitting,-0.0515,-0.0098,-1.0036,0.5600,-2.7650,0.7700
61606589,sitting,-0.0534,-0.0078,-1.0036,0.5600,-2.7650,0.8050
61606608,sitting,-0.0522,-0.0088,-1.0050,0.5600,-2.7650,0.7700
61606628,sitting,-0.0544,-0.0102,-1.0033,0.5600,-2.7650,0.7700
61606647,sitting,-0.0532,-0.0085,-1.0041,0.5250,-2.7300,0.7700
61606666,sitting,-0.0522,-0.0100,-1.0033,0.5250,-2.7650,0.7700
61606685,sitting,-0.0525,-0.0095,-1.0045,0.5600,-2.7650,0.7700
61606704,sitting,-0.0532,-0.0093,-1.0043,0.5250,-2.7300,0.7700
61606724,sitting,-0.0515,-0.0098,-1.0038,0.5600,-2.7650,0.7700
61606743,sitting,-0.0529,-0.0083,-1.0041,0.5600,-2.7300,0.7700
61606762,sitting,-0.0515,-0.0068,-1.0036,0.5600,-2.8000,0.7700
61606781,sitting,-0.0525,-0.0081,-1.0041,0.5600,-2.8000,0.7700
61606801,sitting,-0.0534,-0.0095,-1.0041,0.5950,-2.8000,0.7700
61606820,sitting,-0.0534,-0.0102,-1.0041,0.5600,-2.7650,0.7700
61606839,sitting,-0.0539,-0.0095,-1.0043,0.5600,-2.7650,0.7000
61606858,sitting,-0.0529,-0.0107,-1.0036,0.5600,-2.7650,0.7350
61606878,sitting,-0.0525,-0.0102,-1.0036,0.5950,-2.7650,0.7350
61606897,sitting,-0.0532,-0.0083,-1.0036,0.5250,-2.7650,0.7700
61606916,sitting,-0.0534,-0.0085,-1.0038,0.5250,-2.8000,0.7700
61606935,sitting,-0.0532,-0.0085,-1.0048,0.5600,-2.8000,0.7700
61606954,sitting,-0.0534,-0.0098,-1.0041,0.5250,-2.7650,0.7700
61606974,sitting,-0.0532,-0.0100,-1.0038,0.5600,-2.8000,0.7700
61606993,sitting,-0.0534,-0.0083,-1.0033,0.5250,-2.8000,0.7700
61607012,sitting,-0.0532,-0.0083,-1.0041,0.5250,-2.8000,0.7350
61607031,sitting,-0.0537,-0.0100,-1.0043,0.5600,-2.8000,0.7700
61607051,sitting,-0.0542,-0.0090,-1.0048,0.5250,-2.8000,0.7700
61607070,sitting,-0.0532,-0.0093,-1.0045,0.5250,-2.7650,0.7700
61607089,sitting,-0.0527,-0.0090,-1.0038,0.5600,-2.7300,0.7700
61607108,sitting,-0.0525,-0.0102,-1.0038,0.5600,-2.7300,0.7700
61607128,sitting,-0.0525,-0.0102,-1.0038,0.5600,-2.7650,0.7700
61607147,sitting,-0.0525,-0.0095,-1.0033,0.5600,-2.7650,0.7700
61607166,sitting,-0.0522,-0.0095,-1.0028,0.5600,-2.8000,0.7700
61607185,sitting,-0.0532,-0.0102,-1.0033,0.5600,-2.7650,0.7700
61607204,sitting,-0.0534,-0.0095,-1.0043,0.5600,-2.7300,0.7700
61607224,sitting,-0.0522,-0.0081,-1.0045,0.5600,-2.7650,0.7700
61607243,sitting,-0.0527,-0.0081,-1.0050,0.6300,-2.7300,0.7350
61607262,sitting,-0.0529,-0.0095,-1.0048,0.5600,-2.7300,0.7700
61607281,sitting,-0.0525,-0.0102,-1.0053,0.5600,-2.7650,0.7350
61607301,sitting,-0.0520,-0.0100,-1.0045,0.5600,-2.7650,0.7700
61607320,sitting,-0.0525,-0.0090,-1.0048,0.5600,-2.8000,0.7350
61607339,sitting,-0.0529,-0.0095,-1.0043,0.5600,-2.7650,0.7700
61607358,sitting,-0.0527,-0.0093,-1.0048,0.5600,-2.7300,0.7700
61607378,sitting,-0.0534,-0.0095,-1.0058,0.5600,-2.7650,0.7700
61607397,sitting,-0.0525,-0.0095,-1.0053,0.5600,-2.7300,0.8400
61607416,sitting,-0.0527,-0.0085,-1.0043,0.5600,-2.7650,0.7700
61607435,sitting,-0.0522,-0.0090,-1.0041,0.5250,-2.7650,0.7700
61607454,sitting,-0.0522,-0.0093,-1.0045,0.5600,-2.8000,0.7700
61607474,sitting,-0.0544,-0.0093,-1.0033,0.5250,-2.7650,0.7700
61607493,sitting,-0.0537,-0.0083,-1.0038,0.5600,-2.8000,0.7700
61607512,sitting,-0.0529,-0.0088,-1.0048,0.5600,-2.8000,0.7700
61607531,sitting,-0.0534,-0.0093,-1.0045,0.5600,-2.7300,0.7700
61607551,sitting,-0.0527,-0.0090,-1.0036,0.5600,-2.8000,0.7700
61607570,sitting,-0.0534,-0.0090,-1.0038,0.5600,-2.7300,0.7350
61607589,sitting,-0.0532,-0.0095,-1.0043,0.5250,-2.8000,0.8050
61607608,sitting,-0.0537,-0.0085,-1.0045,0.4900,-2.7300,0.8050
61607628,sitting,-0.0532,-0.0093,-1.0045,0.5600,-2.7650,0.7700
61607647,sitting,-0.0537,-0.0095,-1.0036,0.5600,-2.7650,0.7700
61607666,sitting,-0.0537,-0.0100,-1.0041,0.5600,-2.7300,0.7700
61607685,sitting,-0.0534,-0.0093,-1.0038,0.5600,-2.7300,0.7350
61607704,sitting,-0.0534,-0.0095,-1.0036,0.5600,-2.7650,0.7700
61607724,sitting,-0.0529,-0.0090,-1.0031,0.5600,-2.7650,0.7700
61607743,sitting,-0.0532,-0.0090,-1.0036,0.5600,-2.7300,0.7700
61607762,sitting,-0.0529,-0.0088,-1.0038,0.5600,-2.7650,0.7350
61607781,sitting,-0.0532,-0.0085,-1.0036,0.5950,-2.8000,0.7700
61607801,sitting,-0.0529,-0.0093,-1.0026,0.5950,-2.7300,0.7350
61607820,sitting,-0.0529,-0.0088,-1.0038,0.5600,-2.8000,0.7700
61607839,sitting,-0.0527,-0.0093,-1.0050,0.5600,-2.8000,0.7700
61607858,sitting,-0.0525,-0.0090,-1.0050,0.5250,-2.7650,0.7700
61607878,sitting,-0.0539,-0.0090,-1.0043,0.5600,-2.7650,0.7700
61607897,sitting,-0.0529,-0.0085,-1.0045,0.5600,-2.7650,0.7700
61607916,sitting,-0.0539,-0.0088,-1.0045,0.5600,-2.7300,0.7700
61607935,sitting,-0.0529,-0.0095,-1.0058,0.5600,-2.8000,0.7700
61607954,sitting,-0.0525,-0.0090,-1.0048,0.5600,-2.8000,0.7700
61607974,sitting,-0.0529,-0.0088,-1.0038,0.5600,-2.8000,0.7700
61607993,sitting,-0.0534,-0.0098,-1.0041,0.5600,-2.7300,0.7700
61608012,sitting,-0.0527,-0.0090,-1.0038,0.5600,-2.8000,0.7700
61608031,sitting,-0.0522,-0.0085,-1.0036,0.5600,-2.7650,0.7700
61608051,sitting,-0.0532,-0.0093,-1.0036,0.5600,-2.7300,0.7700
61608070,sitting,-0.0534,-0.0090,-1.0028,0.5600,-2.8000,0.8050
61608089,sitting,-0.0525,-0.0090,-1.0038,0.5600,-2.7650,0.7700
61608108,sitting,-0.0527,-0.0098,-1.0033,0.5600,-2.7650,0.7700
61608128,sitting,-0.0527,-0.0095,-1.0033,0.5950,-2.7300,0.7700
61608147,sitting,-0.0544,-0.0088,-1.0036,0.5950,-2.7650,0.7700
61608166,sitting,-0.0525,-0.0083,-1.0036,0.5950,-2.7650,0.7350
61608185,sitting,-0.0527,-0.0093,-1.0036,0.5600,-2.7300,0.7700
61608204,sitting,-0.0527,-0.0098,-1.0038,0.5600,-2.7650,0.7700
61608224,sitting,-0.0529,-0.0090,-1.0038,0.5600,-2.7300,0.7700
61608243,sitting,-0.0539,-0.0093,-1.0043,0.5600,-2.8000,0.7700
61608262,sitting,-0.0544,-0.0090,-1.0041,0.5250,-2.8000,0.7700
61608281,sitting,-0.0532,-0.0098,-1.0033,0.5600,-2.7300,0.7700
61608301,sitting,-0.0529,-0.0098,-1.0033,0.5600,-2.7300,0.7700
61608320,sitting,-0.0537,-0.0085,-1.0026,0.5600,-2.8000,0.7700
61608339,sitting,-0.0532,-0.0088,-1.0041,0.5600,-2.8000,0.7350
61608358,sitting,-0.0532,-0.0090,-1.0036,0.5600,-2.7300,0.7700
61608378,sitting,-0.0534,-0.0088,-1.0026,0.5250,-2.7650,0.7700
61608397,sitting,-0.0529,-0.0095,-1.0050,0.5600,-2.8000,0.7700
61608416,sitting,-0.0537,-0.0083,-1.0050,0.5600,-2.8000,0.7700
61608435,sitting,-0.0532,-0.0088,-1.0033,0.5600,-2.7650,0.7700
61608454,sitting,-0.0529,-0.0095,-1.0045,0.5600,-2.7300,0.7700
61608474,sitting,-0.0527,-0.0095,-1.0048,0.5250,-2.7650,0.7700
61608493,sitting,-0.0525,-0.0090,-1.0050,0.5600,-2.7650,0.7700
61608512,sitting,-0.0529,-0.0081,-1.0031,0.5600,-2.8000,0.7350
61608531,sitting,-0.0525,-0.0093,-1.0041,0.5600,-2.7300,0.7700
61608551,sitting,-0.0527,-0.0090,-1.0043,0.5600,-2.7650,0.7700
61608570,sitting,-0.0520,-0.0088,-1.0038,0.5600,-2.7300,0.7700
61608589,sitting,-0.0529,-0.0098,-1.0038,0.5950,-2.7300,0.7350
61608608,sitting,-0.0529,-0.0088,-1.0038,0.5600,-2.7300,0.7350
61608628,sitting,-0.0534,-0.0085,-1.0041,0.5950,-2.7300,0.7700
61608647,sitting,-0.0534,-0.0093,-1.0041,0.5250,-2.7650,0.7700
61608666,sitting,-0.0522,-0.0090,-1.0036,0.5250,-2.7650,0.7700
61608685,sitting,-0.0529,-0.0088,-1.0033,0.5600,-2.7650,0.7700
61608704,sitting,-0.0544,-0.0088,-1.0033,0.5600,-2.7650,0.7000
61608724,sitting,-0.0527,-0.0095,-1.0041,0.5600,-2.7650,0.7350
61608743,sitting,-0.0527,-0.0100,-1.0033,0.5600,-2.7650,0.7700
61608762,sitting,-0.0532,-0.0093,-1.0045,0.5600,-2.7650,0.7700
61608781,sitting,-0.0529,-0.0095,-1.0041,0.5600,-2.7300,0.7700
61608801,sitting,-0.0529,-0.0095,-1.0043,0.5950,-2.7650,0.7700
61608820,sitting,-0.0532,-0.0093,-1.0041,0.5600,-2.8000,0.7700
61608839,sitting,-0.0534,-0.0105,-1.0050,0.5600,-2.7650,0.7700
61608858,sitting,-0.0542,-0.0095,-1.0043,0.5250,-2.7300,0.7700
61608878,sitting,-0.0537,-0.0095,-1.0048,0.5600,-2.7650,0.7700
61608897,sitting,-0.0527,-0.0093,-1.0038,0.5600,-2.7650,0.7700
61608916,sitting,-0.0534,-0.0090,-1.0045,0.5600,-2.8000,0.7700
61608935,sitting,-0.0542,-0.0090,-1.0038,0.5600,-2.7300,0.7700
61608954,sitting,-0.0549,-0.0093,-1.0041,0.5600,-2.7300,0.7700
61608974,sitting,-0.0539,-0.0090,-1.0033,0.5600,-2.7300,0.7000
61608993,sitting,-0.0529,-0.0090,-1.0036,0.5950,-2.7650,0.7700
61609012,sitting,-0.0527,-0.0090,-1.0043,0.5600,-2.8000,0.7700
61609031,sitting,-0.0527,-0.0090,-1.0033,0.5600,-2.7650,0.7700
61609051,sitting,-0.0520,-0.0088,-1.0033,0.5600,-2.7650,0.7700
61609070,sitting,-0.0520,-0.0093,-1.0031,0.5600,-2.7650,0.7000
61609089,sitting,-0.0534,-0.0090,-1.0041,0.5600,-2.7300,0.7700
61609108,sitting,-0.0532,-0.0093,-1.0033,0.5600,-2.7300,0.7350
61609128,sitting,-0.0522,-0.0085,-1.0043,0.5600,-2.7300,0.7350
61609147,sitting,-0.0534,-0.0093,-1.0043,0.5950,-2.7650,0.7350
61609166,sitting,-0.0537,-0.0095,-1.0036,0.5950,-2.7650,0.7350
61609185,sitting,-0.0537,-0.0093,-1.0033,0.5600,-2.8000,0.7350
61609204,sitting,-0.0544,-0.0090,-1.0045,0.5600,-2.7650,0.7700
61609224,sitting,-0.0542,-0.0098,-1.0036,0.5600,-2.8000,0.7700
61609243,sitting,-0.0542,-0.0088,-1.0038,0.5600,-2.7650,0.7700
61609262,sitting,-0.0532,-0.0090,-1.0038,0.5600,-2.7650,0.7700
61609281,sitting,-0.0539,-0.0093,-1.0036,0.5600,-2.7300,0.7700
61609301,sitting,-0.0539,-0.0093,-1.0031,0.5600,-2.8000,0.7700
61609320,sitting,-0.0532,-0.0095,-1.0033,0.5600,-2.7300,0.7700
61609339,sitting,-0.0532,-0.0088,-1.0041,0.5600,-2.7300,0.7700
61609358,sitting,-0.0537,-0.0088,-1.0033,0.5600,-2.7650,0.7700
61609378,sitting,-0.0532,-0.0090,-1.0033,0.5600,-2.7300,0.7700
61609397,sitting,-0.0532,-0.0093,-1.0036,0.5600,-2.7300,0.7700
61609416,sitting,-0.0527,-0.0081,-1.0036,0.5600,-2.8000,0.7700
61609435,sitting,-0.0534,-0.0088,-1.0033,0.5600,-2.8000,0.7700
61609454,sitting,-0.0532,-0.0095,-1.0036,0.5600,-2.8000,0.7700
61609474,sitting,-0.0539,-0.0095,-1.0038,0.5600,-2.7300,0.7700
61609493,sitting,-0.0537,-0.0088,-1.0043,0.5950,-2.7300,0.7700
61609512,sitting,-0.0527,-0.0100,-1.0048,0.5950,-2.8000,0.7350
61609531,sitting,-0.0529,-0.0090,-1.0045,0.5600,-2.7650,0.7700
61609551,sitting,-0.0534,-0.0090,-1.0041,0.5600,-2.7300,0.7700
61609570,sitting,-0.0529,-0.0090,-1.0043,0.5600,-2.8000,0.7700
61609589,sitting,-0.0525,-0.0090,-1.0038,0.5600,-2.7650,0.7000
61609608,sitting,-0.0534,-0.0090,-1.0041,0.5600,-2.8000,0.7700
61609628,sitting,-0.0532,-0.0081,-1.0033,0.5600,-2.7650,0.7700
61609647,sitting,-0.0537,-0.0095,-1.0038,0.5600,-2.8000,0.7000
61609666,sitting,-0.0539,-0.0090,-1.0031,0.5600,-2.7650,0.7700
61609685,sitting,-0.0525,-0.0085,-1.0043,0.5950,-2.7300,0.7700
61609704,sitting,-0.0532,-0.0081,-1.0043,0.5600,-2.8000,0.7700
61609724,sitting,-0.0532,-0.0083,-1.0036,0.5600,-2.7650,0.7700
61609743,sitting,-0.0529,-0.0083,-1.0036,0.5250,-2.8000,0.7700
61609762,sitting,-0.0529,-0.0088,-1.0048,0.5600,-2.8000,0.7700
61609781,sitting,-0.0525,-0.0090,-1.0043,0.5600,-2.7650,0.7700
61609801,sitting,-0.0537,-0.0090,-1.0033,0.5600,-2.8000,0.8050
61609820,sitting,-0.0525,-0.0088,-1.0036,0.5950,-2.7650,0.8400
61609839,sitting,-0.0529,-0.0085,-1.0043,0.5600,-2.7300,0.7700
61609858,sitting,-0.0512,-0.0095,-1.0033,0.5600,-2.7650,0.7700
61609878,sitting,-0.0517,-0.0095,-1.0041,0.5600,-2.7650,0.7700
61609897,sitting,-0.0537,-0.0090,-1.0041,0.5600,-2.7650,0.7700
61609916,sitting,-0.0539,-0.0093,-1.0038,0.5600,-2.8000,0.7700
61609935,sitting,-0.0525,-0.0093,-1.0036,0.5600,-2.7300,0.7700
61609954,sitting,-0.0532,-0.0100,-1.0036,0.5600,-2.7650,0.7700
61609974,sitting,-0.0534,-0.0090,-1.0045,0.5950,-2.7650,0.7350
61609993,sitting,-0.0537,-0.0090,-1.0036,0.5950,-2.7300,0.7700
61610012,sitting,-0.0527,-0.0095,-1.0041,0.5950,-2.7650,0.7700
61610031,sitting,-0.0527,-0.0098,-1.0036,0.5600,-2.7300,0.7350
61610051,sitting,-0.0529,-0.0085,-1.0041,0.5600,-2.7650,0.7350
61610070,sitting,-0.0529,-0.0098,-1.0043,0.5950,-2.8000,0.7700
61610089,sitting,-0.0525,-0.0095,-1.0038,0.5950,-2.8000,0.7700
61610108,sitting,-0.0527,-0.0088,-1.0045,0.5600,-2.8000,0.7350
61610128,sitting,-0.0532,-0.0085,-1.0043,0.5250,-2.8000,0.7700
61610147,sitting,-0.0534,-0.0090,-1.0048,0.5600,-2.7650,0.7700
61610166,sitting,-0.0534,-0.0083,-1.0048,0.5600,-2.8000,0.7700
61610185,sitting,-0.0537,-0.0088,-1.0048,0.5600,-2.8000,0.7700
61610204,sitting,-0.0525,-0.0088,-1.0041,0.5600,-2.7650,0.7700
61610224,sitting,-0.0525,-0.0081,-1.0045,0.5600,-2.7300,0.7700
61610243,sitting,-0.0527,-0.0093,-1.0043,0.5600,-2.7300,0.7700
61610262,sitting,-0.0522,-0.0093,-1.0036,0.5600,-2.7300,0.7700
61610281,sitting,-0.0529,-0.0078,-1.0038,0.5950,-2.7300,0.7700
61610301,sitting,-0.0534,-0.0095,-1.0036,0.5950,-2.7650,0.7700
61610320,sitting,-0.0534,-0.0095,-1.0043,0.5950,-2.7300,0.7700
61610339,sitting,-0.0534,-0.0095,-1.0043,0.5600,-2.7650,0.7700
61610358,sitting,-0.0532,-0.0085,-1.0038,0.5600,-2.7650,0.7700
61610378,sitting,-0.0537,-0.0083,-1.0038,0.5600,-2.7300,0.7700
61610397,sitting,-0.0529,-0.0095,-1.0045,0.5600,-2.7300,0.7700
61610416,sitting,-0.0529,-0.0090,-1.0038,0.6300,-2.7300,0.7350
61610435,sitting,-0.0534,-0.0081,-1.0038,0.5600,-2.7300,0.7700
61610454,sitting,-0.0532,-0.0085,-1.0048,0.5600,-2.7300,0.7350
61610474,sitting,-0.0525,-0.0088,-1.0041,0.5600,-2.8000,0.7700
61610493,sitting,-0.0532,-0.0090,-1.0045,0.5600,-2.7650,0.7700
61610512,sitting,-0.0529,-0.0100,-1.0041,0.5600,-2.7650,0.7700
61610531,sitting,-0.0542,-0.0090,-1.0041,0.5600,-2.7300,0.7700
61610551,sitting,-0.0542,-0.0085,-1.0036,0.5600,-2.8000,0.7700
61610570,sitting,-0.0532,-0.0098,-1.0036,0.5600,-2.8000,0.7700
61610589,sitting,-0.0527,-0.0090,-1.0041,0.5600,-2.8000,0.7700
61610608,sitting,-0.0527,-0.0088,-1.0043,0.5600,-2.8000,0.7700
61610628,sitting,-0.0529,-0.0090,-1.0028,0.5600,-2.7650,0.7700
61610647,sitting,-0.0534,-0.0088,-1.0041,0.5600,-2.8000,0.7700
61610666,sitting,-0.0534,-0.0090,-1.0043,0.5600,-2.7300,0.7700
61610685,sitting,-0.0532,-0.0085,-1.0043,0.5250,-2.8000,0.7700
61610704,sitting,-0.0529,-0.0090,-1.0041,0.5600,-2.8000,0.7700
61610724,sitting,-0.0527,-0.0095,-1.0038,0.5600,-2.7650,0.7700
61610743,sitting,-0.0537,-0.0088,-1.0031,0.5600,-2.7650,0.7700
61610762,sitting,-0.0532,-0.0095,-1.0026,0.5600,-2.7650,0.7700
61610781,sitting,-0.0534,-0.0088,-1.0043,0.5600,-2.7300,0.8050
61610801,sitting,-0.0525,-0.0081,-1.0041,0.5600,-2.7300,0.8050
61610820,sitting,-0.0527,-0.0088,-1.0038,0.5950,-2.7300,0.7700
61610839,sitting,-0.0527,-0.0088,-1.0038,0.5600,-2.8000,0.7350
61610858,sitting,-0.0532,-0.0090,-1.0048,0.6300,-2.7650,0.7700
61610878,sitting,-0.0537,-0.0090,-1.0036,0.5600,-2.7300,0.7700
61610897,sitting,-0.0539,-0.0095,-1.0038,0.5600,-2.7300,0.7350
61610916,sitting,-0.0537,-0.0093,-1.0045,0.5600,-2.7300,0.7700
61610935,sitting,-0.0532,-0.0095,-1.0048,0.5600,-2.7650,0.7700
61610954,sitting,-0.0537,-0.0090,-1.0050,0.5600,-2.7650,0.7350
61610974,sitting,-0.0532,-0.0090,-1.0036,0.6300,-2.7650,0.7700
61610993,sitting,-0.0522,-0.0085,-1.0036,0.5600,-2.7650,0.7700
61611012,sitting,-0.0537,-0.0090,-1.0043,0.5600,-2.7300,0.7700
61611031,sitting,-0.0534,-0.0093,-1.0043,0.5600,-2.7300,0.7350
61611051,sitting,-0.0525,-0.0102,-1.0031,0.5600,-2.7300,0.7700
61611070,sitting,-0.0534,-0.0098,-1.0041,0.5600,-2.7650,0.7700
61611089,sitting,-0.0534,-0.0098,-1.0043,0.5600,-2.8000,0.7700
61611108,sitting,-0.0529,-0.0102,-1.0053,0.5600,-2.8000,0.7700
61611128,sitting,-0.0539,-0.0088,-1.0050,0.5600,-2.8000,0.7700
61611147,sitting,-0.0537,-0.0093,-1.0033,0.5600,-2.7650,0.7350
61611166,sitting,-0.0534,-0.0093,-1.0033,0.5600,-2.8000,0.7700
61611185,sitting,-0.0529,-0.0085,-1.0033,0.5600,-2.8000,0.7700
61611204,sitting,-0.0529,-0.0090,-1.0041,0.5250,-2.7650,0.7350
61611224,sitting,-0.0534,-0.0105,-1.0038,0.5600,-2.7650,0.7700
61611243,sitting,-0.0539,-0.0095,-1.0041,0.5600,-2.7300,0.7700
61611262,sitting,-0.0534,-0.0088,-1.0041,0.5600,-2.7300,0.7700
61611281,sitting,-0.0522,-0.0090,-1.0043,0.5600,-2.7650,0.7700
61611301,sitting,-0.0534,-0.0088,-1.0033,0.5950,-2.7650,0.7700
61611320,sitting,-0.0539,-0.0090,-1.0038,0.5600,-2.7300,0.7700
61611339,sitting,-0.0527,-0.0090,-1.0038,0.5600,-2.7300,0.7700
61611358,sitting,-0.0527,-0.0093,-1.0028,0.5600,-2.7300,0.7350
61611378,sitting,-0.0532,-0.0081,-1.0041,0.5600,-2.7300,0.7700
61611397,sitting,-0.0532,-0.0083,-1.0043,0.5600,-2.8000,0.7700
61611416,sitting,-0.0532,-0.0093,-1.0038,0.5600,-2.7300,0.7350
61611435,sitting,-0.0547,-0.0085,-1.0045,0.5600,-2.8000,0.7700
61611454,sitting,-0.0534,-0.0088,-1.0045,0.5950,-2.7650,0.7700
61611474,sitting,-0.0527,-0.0090,-1.0036,0.5600,-2.7650,0.7700
61611493,sitting,-0.0522,-0.0093,-1.0041,0.5950,-2.7300,0.7700
61611512,sitting,-0.0522,-0.0105,-1.0043,0.5600,-2.7650,0.7700
61611531,sitting,-0.0529,-0.0088,-1.0033,0.5600,-2.7650,0.7700
61611551,sitting,-0.0529,-0.0095,-1.0028,0.5600,-2.7650,0.8050
61611570,sitting,-0.0532,-0.0093,-1.0048,0.5600,-2.7300,0.7700
61611589,sitting,-0.0525,-0.0100,-1.0043,0.5600,-2.7300,0.8050
61611608,sitting,-0.0532,-0.0090,-1.0043,0.5250,-2.7650,0.7700
61611628,sitting,-0.0537,-0.0105,-1.0033,0.5250,-2.7650,0.7700
61611647,sitting,-0.0529,-0.0093,-1.0028,0.5600,-2.8000,0.7700
61611666,sitting,-0.0534,-0.0090,-1.0045,0.5600,-2.7650,0.7700
61611685,sitting,-0.0537,-0.0090,-1.0048,0.5250,-2.7650,0.7700
61611704,sitting,-0.0537,-0.0085,-1.0043,0.5950,-2.7300,0.7700
61611724,sitting,-0.0547,-0.0083,-1.0045,0.5600,-2.7650,0.7700
61611743,sitting,-0.0534,-0.0093,-1.0043,0.5600,-2.7300,0.7700
61611762,sitting,-0.0525,-0.0095,-1.0043,0.5600,-2.8000,0.7700
61611781,sitting,-0.0539,-0.0085,-1.0038,0.5600,-2.8000,0.7700
61611801,sitting,-0.0529,-0.0093,-1.0043,0.5250,-2.7300,0.7700
61611820,sitting,-0.0532,-0.0093,-1.0041,0.5950,-2.7650,0.7350
61611839,sitting,-0.0529,-0.0085,-1.0048,0.5250,-2.7300,0.7700
61611858,sitting,-0.0532,-0.0093,-1.0043,0.5600,-2.7650,0.7700
61611878,sitting,-0.0522,-0.0095,-1.0041,0.5600,-2.7300,0.7700
61611897,sitting,-0.0532,-0.0085,-1.0043,0.5600,-2.7650,0.7700
61611916,sitting,-0.0527,-0.0085,-1.0033,0.5950,-2.8000,0.7700
61611935,sitting,-0.0527,-0.0093,-1.0038,0.5950,-2.7650,0.7700
61611954,sitting,-0.0532,-0.0085,-1.0038,0.5950,-2.7650,0.7700
61611974,sitting,-0.0537,-0.0095,-1.0045,0.5600,-2.7650,0.7700
61611993,sitting,-0.0527,-0.0090,-1.0041,0.5600,-2.7650,0.7350
61612012,sitting,-0.0534,-0.0095,-1.0050,0.5950,-2.7650,0.7700
61612031,sitting,-0.0532,-0.0088,-1.0033,0.5600,-2.8000,0.7700
61612051,sitting,-0.0529,-0.0098,-1.0041,0.5250,-2.8000,0.7700
61612070,sitting,-0.0529,-0.0090,-1.0045,0.5250,-2.7650,0.8050
61612089,sitting,-0.0527,-0.0088,-1.0050,0.5250,-2.7300,0.7700
61612108,sitting,-0.0534,-0.0095,-1.0045,0.5600,-2.8000,0.7350
61612128,sitting,-0.0525,-0.0095,-1.0045,0.5600,-2.7650,0.7700
61612147,sitting,-0.0525,-0.0083,-1.0033,0.5600,-2.7300,0.7700
61612166,sitting,-0.0534,-0.0085,-1.0048,0.5600,-2.7300,0.7350
61612185,sitting,-0.0532,-0.0093,-1.0050,0.5600,-2.7650,0.7700
61612204,sitting,-0.0527,-0.0098,-1.0041,0.5600,-2.7650,0.7700
61612224,sitting,-0.0534,-0.0083,-1.0033,0.5600,-2.7650,0.7000
61612243,sitting,-0.0534,-0.0093,-1.0041,0.5600,-2.7300,0.7700
61612262,sitting,-0.0539,-0.0085,-1.0043,0.5950,-2.7300,0.7350
61612281,sitting,-0.0529,-0.0090,-1.0038,0.5600,-2.7300,0.7350
61612301,sitting,-0.0532,-0.0083,-1.0045,0.5600,-2.7650,0.7700
61612320,sitting,-0.0529,-0.0090,-1.0041,0.5600,-2.7650,0.7700
61612339,sitting,-0.0534,-0.0088,-1.0033,0.5250,-2.7650,0.7700
61612358,sitting,-0.0529,-0.0095,-1.0033,0.5600,-2.7300,0.7700
61612378,sitting,-0.0537,-0.0090,-1.0045,0.5600,-2.7650,0.7700
61612397,sitting,-0.0537,-0.0088,-1.0048,0.5600,-2.8000,0.7350
61612416,sitting,-0.0534,-0.0093,-1.0036,0.5600,-2.7300,0.7000
61612435,sitting,-0.0527,-0.0105,-1.0043,0.5600,-2.7300,0.7350
61612454,sitting,-0.0529,-0.0090,-1.0048,0.5950,-2.7300,0.7700
61612474,sitting,-0.0534,-0.0093,-1.0033,0.5600,-2.7650,0.7350
61612493,sitting,-0.0532,-0.0095,-1.0036,0.5600,-2.7300,0.7350
61612512,sitting,-0.0532,-0.0088,-1.0043,0.5600,-2.8000,0.7700
61612531,sitting,-0.0527,-0.0085,-1.0043,0.5600,-2.8000,0.7700
61612551,sitting,-0.0534,-0.0090,-1.0043,0.5600,-2.7650,0.7700
61612570,sitting,-0.0534,-0.0100,-1.0031,0.5950,-2.7300,0.7700
61612589,sitting,-0.0542,-0.0093,-1.0026,0.5600,-2.7300,0.7700
61612608,sitting,-0.0527,-0.0098,-1.0036,0.5600,-2.7300,0.7700
61612628,sitting,-0.0525,-0.0095,-1.0036,0.5600,-2.7300,0.7350
61612647,sitting,-0.0527,-0.0090,-1.0028,0.5600,-2.7300,0.7700
61612666,sitting,-0.0527,-0.0090,-1.0028,0.5600,-2.7650,0.8050
61612685,sitting,-0.0532,-0.0090,-1.0050,0.5600,-2.7300,0.7700
61612704,sitting,-0.0534,-0.0095,-1.0043,0.5600,-2.7650,0.7700
61612724,sitting,-0.0529,-0.0085,-1.0028,0.5950,-2.7300,0.7700
61612743,sitting,-0.0532,-0.0093,-1.0043,0.5600,-2.7300,0.7350
61612762,sitting,-0.0534,-0.0095,-1.0033,0.5950,-2.7300,0.7350
61612781,sitting,-0.0539,-0.0083,-1.0033,0.5600,-2.7650,0.7350
61612801,sitting,-0.0527,-0.0095,-1.0045,0.5600,-2.7300,0.7700
61612820,sitting,-0.0534,-0.0090,-1.0041,0.5600,-2.7300,0.7700
61612839,sitting,-0.0547,-0.0085,-1.0036,0.5950,-2.8000,0.7700
61612858,sitting,-0.0529,-0.0095,-1.0036,0.5950,-2.7650,0.7700
61612878,sitting,-0.0529,-0.0102,-1.0038,0.5600,-2.7650,0.7350
61612897,sitting,-0.0532,-0.0090,-1.0045,0.5600,-2.7300,0.7700
61612916,sitting,-0.0529,-0.0095,-1.0045,0.5950,-2.8000,0.7350
61612935,sitting,-0.0537,-0.0090,-1.0033,0.5950,-2.8000,0.7350
61612954,sitting,-0.0522,-0.0078,-1.0038,0.5600,-2.7300,0.7700
61612974,sitting,-0.0534,-0.0095,-1.0045,0.5600,-2.8000,0.7700
61612993,sitting,-0.0537,-0.0085,-1.0043,0.5600,-2.7300,0.8400
61613012,sitting,-0.0532,-0.0088,-1.0041,0.5600,-2.7300,0.7700
61613031,sitting,-0.0534,-0.0088,-1.0048,0.5600,-2.7300,0.7700
61613051,sitting,-0.0529,-0.0093,-1.0041,0.5600,-2.7300,0.7000
61613070,sitting,-0.0522,-0.0088,-1.0045,0.5600,-2.7300,0.7700
61613089,sitting,-0.0534,-0.0095,-1.0048,0.5600,-2.8000,0.7700
61613108,sitting,-0.0529,-0.0088,-1.0031,0.5600,-2.7300,0.7700
61613128,sitting,-0.0532,-0.0095,-1.0043,0.5600,-2.7300,0.7350
61613147,sitting,-0.0532,-0.0088,-1.0048,0.5600,-2.7300,0.7700
61613166,sitting,-0.0534,-0.0088,-1.0048,0.5600,-2.7300,0.7350
61613185,sitting,-0.0529,-0.0088,-1.0043,0.6300,-2.7650,0.7700
61613204,sitting,-0.0544,-0.0093,-1.0048,0.5600,-2.7650,0.7700
61613224,sitting,-0.0542,-0.0088,-1.0045,0.5600,-2.8000,0.7700
61613243,sitting,-0.0529,-0.0083,-1.0033,0.5600,-2.7300,0.7700
61613262,sitting,-0.0527,-0.0093,-1.0038,0.5950,-2.7300,0.7700
61613281,sitting,-0.0532,-0.0100,-1.0033,0.5600,-2.7650,0.7700
61613301,sitting,-0.0532,-0.0098,-1.0045,0.5950,-2.7300,0.7700
61613320,sitting,-0.0539,-0.0095,-1.0033,0.5950,-2.7650,0.7700
61613339,sitting,-0.0527,-0.0093,-1.0033,0.5600,-2.8000,0.7350
61613358,sitting,-0.0537,-0.0090,-1.0036,0.5250,-2.8000,0.7700
61613378,sitting,-0.0537,-0.0085,-1.0031,0.5600,-2.7650,0.7350
61613397,sitting,-0.0537,-0.0090,-1.0031,0.5600,-2.7650,0.7700
61613416,sitting,-0.0534,-0.0090,-1.0043,0.5600,-2.7300,0.7700
61613435,sitting,-0.0537,-0.0088,-1.0038,0.5600,-2.7650,0.7350
61613454,sitting,-0.0525,-0.0093,-1.0038,0.5600,-2.7650,0.7700
61613474,sitting,-0.0529,-0.0093,-1.0024,0.5600,-2.7650,0.7350
61613493,sitting,-0.0520,-0.0090,-1.0031,0.5600,-2.7650,0.7700
61613512,sitting,-0.0529,-0.0095,-1.0055,0.5600,-2.7300,0.7700
61613531,sitting,-0.0527,-0.0093,-1.0048,0.5600,-2.7650,0.7700
61613551,sitting,-0.0527,-0.0085,-1.0043,0.5250,-2.7650,0.7700
61613570,sitting,-0.0534,-0.0083,-1.0041,0.5600,-2.7300,0.7700
61613589,sitting,-0.0537,-0.0081,-1.0050,0.5600,-2.7650,0.7000
61613608,sitting,-0.0532,-0.0088,-1.0045,0.5600,-2.7300,0.7350
61613628,sitting,-0.0527,-0.0100,-1.0050,0.5950,-2.7300,0.7350
61613647,sitting,-0.0527,-0.0093,-1.0048,0.5600,-2.7300,0.7700
61613666,sitting,-0.0534,-0.0093,-1.0038,0.5600,-2.7300,0.7350
61613685,sitting,-0.0534,-0.0093,-1.0038,0.5600,-2.8000,0.7350
61613704,sitting,-0.0542,-0.0093,-1.0050,0.5600,-2.8000,0.7700
61613724,sitting,-0.0529,-0.0095,-1.0031,0.5600,-2.8000,0.7350
61613743,sitting,-0.0529,-0.0088,-1.0045,0.5600,-2.8000,0.7700
61613762,sitting,-0.0534,-0.0088,-1.0045,0.5600,-2.7650,0.7700
61613781,sitting,-0.0534,-0.0093,-1.0038,0.5600,-2.7650,0.7700
61613801,sitting,-0.0527,-0.0090,-1.0036,0.5600,-2.8000,0.7350
61613820,sitting,-0.0527,-0.0085,-1.0038,0.5950,-2.7650,0.7700
61613839,sitting,-0.0534,-0.0088,-1.0033,0.5950,-2.8000,0.7700
61613858,sitting,-0.0525,-0.0098,-1.0041,0.5600,-2.7650,0.7700
61613878,sitting,-0.0539,-0.0093,-1.0048,0.5600,-2.7650,0.7700
61613897,sitting,-0.0529,-0.0090,-1.0031,0.5600,-2.7300,0.7700
61613916,sitting,-0.0527,-0.0085,-1.0033,0.5600,-2.7650,0.7700
61613935,sitting,-0.0525,-0.0093,-1.0038,0.5600,-2.7650,0.7350
61613954,sitting,-0.0532,-0.0085,-1.0038,0.5250,-2.7650,0.7700
61613974,sitting,-0.0539,-0.0102,-1.0036,0.5600,-2.8000,0.7700
61613993,sitting,-0.0542,-0.0095,-1.0045,0.5950,-2.7650,0.7700
61614012,sitting,-0.0534,-0.0095,-1.0050,0.5600,-2.7300,0.7700
61614031,sitting,-0.0532,-0.0085,-1.0038,0.5600,-2.7300,0.7700
61614051,sitting,-0.0532,-0.0098,-1.0043,0.5250,-2.7650,0.7700
61614070,sitting,-0.0525,-0.0095,-1.0041,0.5600,-2.7650,0.7700
61614089,sitting,-0.0542,-0.0098,-1.0033,0.5600,-2.7650,0.7700
61614108,sitting,-0.0539,-0.0093,-1.0038,0.5950,-2.7650,0.7350
61614128,sitting,-0.0527,-0.0102,-1.0038,0.5600,-2.7650,0.7700
61614147,sitting,-0.0527,-0.0083,-1.0041,0.5600,-2.7300,0.7700
61614166,sitting,-0.0537,-0.0083,-1.0028,0.5250,-2.7650,0.7700
61614185,sitting,-0.0532,-0.0090,-1.0041,0.5600,-2.7300,0.7700
61614204,sitting,-0.0534,-0.0095,-1.0041,0.5600,-2.7300,0.7700
61614224,sitting,-0.0532,-0.0093,-1.0043,0.5600,-2.7300,0.7700
61614243,sitting,-0.0534,-0.0088,-1.0043,0.5600,-2.7300,0.7700
61614262,sitting,-0.0527,-0.0093,-1.0038,0.5600,-2.7300,0.7350
61614281,sitting,-0.0529,-0.0083,-1.0036,0.5600,-2.8000,0.7700
61614301,sitting,-0.0532,-0.0090,-1.0036,0.5250,-2.8000,0.7700
61614320,sitting,-0.0537,-0.0095,-1.0028,0.5600,-2.8000,0.7700
61614339,sitting,-0.0525,-0.0102,-1.0041,0.5600,-2.7650,0.7350
61614358,sitting,-0.0525,-0.0088,-1.0031,0.5600,-2.7650,0.7700
61614378,sitting,-0.0529,-0.0095,-1.0028,0.5600,-2.8000,0.7700
61614397,sitting,-0.0534,-0.0095,-1.0041,0.5600,-2.7650,0.7700
61614416,sitting,-0.0532,-0.0090,-1.0038,0.5600,-2.7650,0.7700
61614435,sitting,-0.0534,-0.0098,-1.0038,0.5600,-2.7650,0.7700
61614454,sitting,-0.0529,-0.0090,-1.0041,0.4900,-2.7300,0.7350
61614474,sitting,-0.0529,-0.0085,-1.0045,0.5950,-2.7650,0.7700
61614493,sitting,-0.0529,-0.0093,-1.0041,0.5600,-2.7650,0.7700
61614512,sitting,-0.0525,-0.0088,-1.0036,0.5600,-2.8000,0.7700
61614531,sitting,-0.0527,-0.0088,-1.0036,0.5600,-2.7650,0.8050
61614551,sitting,-0.0529,-0.0093,-1.0043,0.5250,-2.7650,0.7700
61614570,sitting,-0.0527,-0.0095,-1.0031,0.5600,-2.7300,0.7700
61614589,sitting,-0.0520,-0.0088,-1.0038,0.5600,-2.7650,0.7350
61614608,sitting,-0.0534,-0.0095,-1.0036,0.5600,-2.7300,0.7350
61614628,sitting,-0.0532,-0.0093,-1.0038,0.5600,-2.7650,0.7700
61614647,sitting,-0.0532,-0.0088,-1.0045,0.5600,-2.7300,0.7700
61614666,sitting,-0.0522,-0.0085,-1.0031,0.5600,-2.8000,0.7700
61614685,sitting,-0.0529,-0.0090,-1.0036,0.5600,-2.7650,0.7700
61614704,sitting,-0.0525,-0.0093,-1.0041,0.5600,-2.7650,0.7700
61614724,sitting,-0.0529,-0.0085,-1.0041,0.5950,-2.7650,0.7700
61614743,sitting,-0.0532,-0.0095,-1.0031,0.5950,-2.8000,0.7700
61614762,sitting,-0.0537,-0.0085,-1.0043,0.5600,-2.7650,0.7350
61614781,sitting,-0.0532,-0.0098,-1.0036,0.5600,-2.8000,0.7700
61614801,sitting,-0.0529,-0.0090,-1.0038,0.5600,-2.8000,0.7700
61614820,sitting,-0.0537,-0.0090,-1.0038,0.5600,-2.8000,0.8050
61614839,sitting,-0.0525,-0.0093,-1.0041,0.5250,-2.7300,0.7700
61614858,sitting,-0.0529,-0.0100,-1.0031,0.5250,-2.7300,0.7700
61614878,sitting,-0.0537,-0.0095,-1.0038,0.5600,-2.7300,0.7700
61614897,sitting,-0.0534,-0.0100,-1.0041,0.5950,-2.7300,0.7700
61614916,sitting,-0.0529,-0.0090,-1.0041,0.5600,-2.7650,0.7700
61614935,sitting,-0.0529,-0.0088,-1.0043,0.5600,-2.7650,0.7700
61614954,sitting,-0.0532,-0.0098,-1.0036,0.5600,-2.7300,0.7700
61614974,sitting,-0.0537,-0.0085,-1.0036,0.5600,-2.7300,0.7700
61614993,sitting,-0.0544,-0.0085,-1.0028,0.5600,-2.7650,0.8050
61615012,sitting,-0.0525,-0.0083,-1.0038,0.5600,-2.7300,0.7350
61615031,sitting,-0.0527,-0.0085,-1.0041,0.5600,-2.7300,0.7700
61615051,sitting,-0.0529,-0.0098,-1.0048,0.5950,-2.8000,0.7700
61615070,sitting,-0.0534,-0.0100,-1.0033,0.5950,-2.7650,0.7700
61615089,sitting,-0.0534,-0.0093,-1.0050,0.5600,-2.7300,0.7700
61615108,sitting,-0.0539,-0.0090,-1.0041,0.5600,-2.7300,0.7350
61615128,sitting,-0.0520,-0.0090,-1.0038,0.5600,-2.6950,0.7350
61615147,sitting,-0.0532,-0.0081,-1.0036,0.5600,-2.7300,0.7350
61615166,sitting,-0.0525,-0.0088,-1.0036,0.5600,-2.7300,0.7700
61615185,sitting,-0.0527,-0.0090,-1.0045,0.5600,-2.7650,0.7700
61615204,sitting,-0.0532,-0.0090,-1.0043,0.5950,-2.8000,0.7700
61615224,sitting,-0.0532,-0.0093,-1.0036,0.5600,-2.8000,0.7700
61615243,sitting,-0.0522,-0.0090,-1.0036,0.5950,-2.8000,0.7700
61615262,sitting,-0.0520,-0.0093,-1.0038,0.5600,-2.7300,0.7350
61615281,sitting,-0.0529,-0.0095,-1.0041,0.5600,-2.7300,0.7700
61615301,sitting,-0.0527,-0.0085,-1.0043,0.5600,-2.8000,0.7700
61615320,sitting,-0.0537,-0.0088,-1.0045,0.5600,-2.7650,0.7700
61615339,sitting,-0.0525,-0.0090,-1.0036,0.5600,-2.7300,0.7700
61615358,sitting,-0.0529,-0.0085,-1.0038,0.5950,-2.7650,0.7700
61615378,sitting,-0.0527,-0.0088,-1.0033,0.5600,-2.7300,0.7700
61615397,sitting,-0.0525,-0.0090,-1.0045,0.5950,-2.7300,0.7700
61615416,sitting,-0.0527,-0.0088,-1.0048,0.5600,-2.7300,0.7700
61615435,sitting,-0.0537,-0.0098,-1.0050,0.5600,-2.7650,0.7700
61615454,sitting,-0.0532,-0.0090,-1.0043,0.5250,-2.7300,0.7700
61615474,sitting,-0.0532,-0.0090,-1.0048,0.5600,-2.7300,0.8050
61615493,sitting,-0.0529,-0.0090,-1.0041,0.5600,-2.7300,0.7700
61615512,sitting,-0.0532,-0.0090,-1.0041,0.5600,-2.7650,0.7350
61615531,sitting,-0.0532,-0.0090,-1.0038,0.5600,-2.7300,0.7000
61615551,sitting,-0.0532,-0.0090,-1.0038,0.5600,-2.7300,0.7700
61615570,sitting,-0.0529,-0.0088,-1.0045,0.5600,-2.7650,0.7700
61615589,sitting,-0.0532,-0.0085,-1.0043,0.5600,-2.8000,0.7700
61615608,sitting,-0.0525,-0.0085,-1.0050,0.5600,-2.8000,0.7700
61615628,sitting,-0.0529,-0.0088,-1.0043,0.5600,-2.7300,0.7700
61615647,sitting,-0.0534,-0.0081,-1.0036,0.5600,-2.8000,0.7700
61615666,sitting,-0.0534,-0.0090,-1.0050,0.5600,-2.7650,0.7700
61615685,sitting,-0.0542,-0.0090,-1.0053,0.5600,-2.7300,0.7700
61615704,sitting,-0.0532,-0.0085,-1.0041,0.5600,-2.8000,0.7700
61615724,sitting,-0.0527,-0.0090,-1.0048,0.5600,-2.7650,0.7700
61615743,sitting,-0.0525,-0.0090,-1.0048,0.5600,-2.7300,0.7700
61615762,sitting,-0.0525,-0.0090,-1.0043,0.5600,-2.7650,0.7700
61615781,sitting,-0.0527,-0.0095,-1.0043,0.5600,-2.7650,0.7700
61615801,sitting,-0.0527,-0.0093,-1.0043,0.5600,-2.7650,0.7700
61615820,sitting,-0.0532,-0.0088,-1.0041,0.5600,-2.7650,0.7700
61615839,sitting,-0.0529,-0.0088,-1.0045,0.5600,-2.8000,0.7700
61615858,sitting,-0.0532,-0.0095,-1.0045,0.5600,-2.8000,0.7700
61615878,sitting,-0.0525,-0.0093,-1.0038,0.5950,-2.8000,0.7700
61615897,sitting,-0.0532,-0.0093,-1.0048,0.5250,-2.7650,0.7350
61615916,sitting,-0.0539,-0.0090,-1.0045,0.5950,-2.7300,0.7700
61615935,sitting,-0.0527,-0.0098,-1.0038,0.5950,-2.7650,0.7700
61615954,sitting,-0.0520,-0.0102,-1.0033,0.5600,-2.7300,0.7700
61615974,sitting,-0.0529,-0.0090,-1.0043,0.5600,-2.8000,0.7700
61615993,sitting,-0.0534,-0.0088,-1.0045,0.5600,-2.7300,0.7700
61616012,sitting,-0.0522,-0.0085,-1.0050,0.5600,-2.7650,0.7350
61616031,sitting,-0.0532,-0.0095,-1.0041,0.5600,-2.7300,0.7350
61616051,sitting,-0.0537,-0.0100,-1.0036,0.5600,-2.7650,0.7700
61616070,sitting,-0.0534,-0.0100,-1.0036,0.5600,-2.7650,0.7700
61616089,sitting,-0.0527,-0.0098,-1.0048,0.5950,-2.7650,0.7700
61616108,sitting,-0.0532,-0.0093,-1.0036,0.5600,-2.7650,0.7700
61616128,sitting,-0.0534,-0.0083,-1.0043,0.5600,-2.8000,0.7700
61616147,sitting,-0.0529,-0.0100,-1.0048,0.5600,-2.8000,0.7700
61616166,sitting,-0.0537,-0.0095,-1.0043,0.5250,-2.7650,0.7700
61616185,sitting,-0.0529,-0.0090,-1.0038,0.5600,-2.7300,0.7700
61616204,sitting,-0.0534,-0.0095,-1.0036,0.5600,-2.8000,0.7700
61616224,sitting,-0.0537,-0.0095,-1.0036,0.5250,-2.7650,0.7700
61616243,sitting,-0.0537,-0.0090,-1.0036,0.5600,-2.7650,0.8050
61616262,sitting,-0.0537,-0.0098,-1.0033,0.5600,-2.7650,0.7700
61616281,sitting,-0.0532,-0.0090,-1.0041,0.5600,-2.7300,0.8050
61616301,sitting,-0.0549,-0.0085,-1.0031,0.5600,-2.8000,0.7700
61616320,sitting,-0.0539,-0.0090,-1.0045,0.5600,-2.7650,0.7700
61616339,sitting,-0.0539,-0.0090,-1.0045,0.5600,-2.8000,0.7700
61616358,sitting,-0.0539,-0.0093,-1.0041,0.5600,-2.7300,0.7700
61616378,sitting,-0.0517,-0.0098,-1.0033,0.5600,-2.7300,0.7700
61616397,sitting,-0.0529,-0.0095,-1.0036,0.5950,-2.7300,0.7350
61616416,sitting,-0.0529,-0.0095,-1.0045,0.5600,-2.8000,0.7700
61616435,sitting,-0.0529,-0.0102,-1.0045,0.5600,-2.8000,0.7350
61616454,sitting,-0.0525,-0.0093,-1.0043,0.5600,-2.8000,0.7350
61616474,sitting,-0.0534,-0.0090,-1.0048,0.6300,-2.7300,0.7700
61616493,sitting,-0.0542,-0.0098,-1.0041,0.5600,-2.8000,0.7700
61616512,sitting,-0.0529,-0.0095,-1.0043,0.5600,-2.8000,0.7350
61616531,sitting,-0.0537,-0.0076,-1.0038,0.5600,-2.7650,0.7700
61616551,sitting,-0.0539,-0.0085,-1.0033,0.5600,-2.7650,0.7700
61616570,sitting,-0.0532,-0.0090,-1.0038,0.5600,-2.7650,0.7700
61616589,sitting,-0.0529,-0.0095,-1.0041,0.5600,-2.7300,0.7700
61616608,sitting,-0.0527,-0.0083,-1.0043,0.5600,-2.8000,0.7700
61616628,sitting,-0.0534,-0.0093,-1.0036,0.5600,-2.8000,0.7700
61616647,sitting,-0.0525,-0.0093,-1.0036,0.5250,-2.7300,0.7700
61616666,sitting,-0.0534,-0.0090,-1.0045,0.5250,-2.8000,0.7700
61616685,sitting,-0.0525,-0.0083,-1.0045,0.5600,-2.7650,0.7700
61616704,sitting,-0.0529,-0.0088,-1.0041,0.5600,-2.7300,0.7700
61616724,sitting,-0.0537,-0.0090,-1.0041,0.5600,-2.7650,0.7700
61616743,sitting,-0.0539,-0.0090,-1.0043,0.5250,-2.8000,0.7700
61616762,sitting,-0.0532,-0.0090,-1.0050,0.5600,-2.8000,0.7700
61616781,sitting,-0.0527,-0.0090,-1.0045,0.5600,-2.7300,0.7700
61616801,sitting,-0.0529,-0.0088,-1.0043,0.5600,-2.7300,0.7700
61616820,sitting,-0.0537,-0.0083,-1.0038,0.5600,-2.7650,0.7700
61616839,sitting,-0.0527,-0.0093,-1.0041,0.5600,-2.7650,0.7700
61616858,sitting,-0.0532,-0.0081,-1.0038,0.5600,-2.7300,0.7700
61616878,sitting,-0.0529,-0.0085,-1.0043,0.5600,-2.8000,0.7000
61616897,sitting,-0.0534,-0.0088,-1.0043,0.5600,-2.7650,0.7350
61616916,sitting,-0.0527,-0.0083,-1.0043,0.5600,-2.7650,0.7000
61616935,sitting,-0.0527,-0.0090,-1.0045,0.5600,-2.7300,0.7700
61616954,sitting,-0.0534,-0.0093,-1.0045,0.5600,-2.7650,0.7700
61616974,sitting,-0.0532,-0.0090,-1.0033,0.5600,-2.8000,0.7700
61616993,sitting,-0.0529,-0.0085,-1.0036,0.5600,-2.8000,0.7700
61617012,sitting,-0.0525,-0.0085,-1.0041,0.5600,-2.7650,0.8050
61617031,sitting,-0.0525,-0.0088,-1.0043,0.5600,-2.7650,0.7700
61617051,sitting,-0.0525,-0.0085,-1.0045,0.5250,-2.7650,0.7700
61617070,sitting,-0.0527,-0.0093,-1.0043,0.5600,-2.7300,0.7700
61617089,sitting,-0.0520,-0.0085,-1.0036,0.5600,-2.7650,0.7700
61617108,sitting,-0.0532,-0.0093,-1.0043,0.5600,-2.8000,0.7700
61617128,sitting,-0.0537,-0.0090,-1.0038,0.5600,-2.7650,0.7700
61617147,sitting,-0.0525,-0.0085,-1.0033,0.5600,-2.7650,0.7700
61617166,sitting,-0.0529,-0.0100,-1.0038,0.5600,-2.7300,0.7700
61617185,sitting,-0.0527,-0.0081,-1.0038,0.5600,-2.7300,0.7700
61617204,sitting,-0.0542,-0.0085,-1.0036,0.5600,-2.7650,0.7700
61617224,sitting,-0.0522,-0.0088,-1.0041,0.5600,-2.7650,0.7700
61617243,sitting,-0.0520,-0.0093,-1.0045,0.5950,-2.7300,0.7700
61617262,sitting,-0.0537,-0.0098,-1.0053,0.5950,-2.7650,0.7700
61617281,sitting,-0.0532,-0.0083,-1.0038,0.5950,-2.7300,0.7350
61617301,sitting,-0.0525,-0.0093,-1.0048,0.5600,-2.7650,0.7350
61617320,sitting,-0.0534,-0.0098,-1.0045,0.5600,-2.7300,0.7350
61617339,sitting,-0.0529,-0.0098,-1.0045,0.5600,-2.7300,0.7000
61617358,sitting,-0.0532,-0.0088,-1.0038,0.5600,-2.7650,0.7350
61617378,sitting,-0.0522,-0.0081,-1.0045,0.5600,-2.7300,0.7700
61617397,sitting,-0.0542,-0.0093,-1.0041,0.5600,-2.7650,0.7700
61617416,sitting,-0.0537,-0.0088,-1.0038,0.5600,-2.7300,0.7700
61617435,sitting,-0.0525,-0.0090,-1.0036,0.5600,-2.7650,0.7700
61617454,sitting,-0.0529,-0.0085,-1.0038,0.5600,-2.8000,0.7700
61617474,sitting,-0.0542,-0.0098,-1.0041,0.5600,-2.8000,0.7700
61617493,sitting,-0.0537,-0.0102,-1.0043,0.5600,-2.8000,0.7350
61617512,sitting,-0.0525,-0.0085,-1.0043,0.5600,-2.8000,0.7700
61617531,sitting,-0.0527,-0.0100,-1.0048,0.5250,-2.8000,0.7700
61617551,sitting,-0.0537,-0.0090,-1.0038,0.5600,-2.7650,0.7700
61617570,sitting,-0.0532,-0.0090,-1.0031,0.5250,-2.7650,0.7700
61617589,sitting,-0.0529,-0.0088,-1.0038,0.5250,-2.7300,0.7350
61617608,sitting,-0.0539,-0.0088,-1.0033,0.5600,-2.8000,0.7700
61617628,sitting,-0.0542,-0.0090,-1.0055,0.5600,-2.7300,0.7350
61617647,sitting,-0.0537,-0.0090,-1.0043,0.5250,-2.8000,0.7700
61617666,sitting,-0.0534,-0.0090,-1.0043,0.5600,-2.7650,0.7700
61617685,sitting,-0.0522,-0.0083,-1.0053,0.5600,-2.7300,0.7700
61617704,sitting,-0.0527,-0.0090,-1.0041,0.5600,-2.8000,0.7700
61617724,sitting,-0.0527,-0.0076,-1.0045,0.5600,-2.7300,0.7700
61617743,sitting,-0.0522,-0.0088,-1.0038,0.5600,-2.7300,0.7350
61617762,sitting,-0.0534,-0.0093,-1.0038,0.5600,-2.7300,0.7350
61617781,sitting,-0.0534,-0.0102,-1.0038,0.5600,-2.7300,0.7350
61617801,sitting,-0.0527,-0.0085,-1.0053,0.5950,-2.7300,0.7350
61617820,sitting,-0.0532,-0.0088,-1.0043,0.5600,-2.7300,0.7350
61617839,sitting,-0.0529,-0.0093,-1.0033,0.5600,-2.8000,0.7700
61617858,sitting,-0.0534,-0.0090,-1.0031,0.5600,-2.7650,0.7700
61617878,sitting,-0.0529,-0.0088,-1.0038,0.5600,-2.7650,0.7700
61617897,sitting,-0.0537,-0.0090,-1.0036,0.5600,-2.7650,0.7700
61617916,sitting,-0.0529,-0.0088,-1.0036,0.5600,-2.8000,0.7700
61617935,sitting,-0.0529,-0.0098,-1.0033,0.5600,-2.7300,0.7700
61617954,sitting,-0.0532,-0.0090,-1.0036,0.5600,-2.8000,0.7700
61617974,sitting,-0.0527,-0.0088,-1.0045,0.5600,-2.7300,0.7700
61617993,sitting,-0.0537,-0.0090,-1.0031,0.5600,-2.7300,0.7700
61618012,sitting,-0.0527,-0.0085,-1.0038,0.5600,-2.7300,0.7700
61618031,sitting,-0.0525,-0.0100,-1.0038,0.5600,-2.7650,0.7700
61618051,sitting,-0.0534,-0.0098,-1.0036,0.5600,-2.7300,0.7700
61618070,sitting,-0.0527,-0.0088,-1.0045,0.5600,-2.7650,0.7700
61618089,sitting,-0.0522,-0.0088,-1.0050,0.5600,-2.7300,0.7700
61618108,sitting,-0.0542,-0.0095,-1.0041,0.5600,-2.7650,0.7700
61618128,sitting,-0.0532,-0.0090,-1.0043,0.5950,-2.7300,0.7700
61618147,sitting,-0.0520,-0.0088,-1.0031,0.5600,-2.7300,0.7700
61618166,sitting,-0.0529,-0.0098,-1.0041,0.5600,-2.7300,0.7700
61618185,sitting,-0.0537,-0.0093,-1.0038,0.5950,-2.7650,0.7700
61618204,sitting,-0.0532,-0.0095,-1.0053,0.5600,-2.7300,0.7700
61618224,sitting,-0.0534,-0.0095,-1.0033,0.5600,-2.7300,0.7700
61618243,sitting,-0.0534,-0.0093,-1.0041,0.5600,-2.8000,0.7700
61618262,sitting,-0.0534,-0.0085,-1.0041,0.5600,-2.8000,0.7000
61618281,sitting,-0.0527,-0.0095,-1.0038,0.5600,-2.7650,0.7350
61618301,sitting,-0.0534,-0.0093,-1.0048,0.5600,-2.7300,0.7700
61618320,sitting,-0.0534,-0.0098,-1.0045,0.5950,-2.7300,0.7700
61618339,sitting,-0.0537,-0.0095,-1.0041,0.5950,-2.7650,0.7700
61618358,sitting,-0.0534,-0.0095,-1.0036,0.5950,-2.7650,0.7700
61618378,sitting,-0.0529,-0.0090,-1.0043,0.5600,-2.8000,0.7700
61618397,sitting,-0.0525,-0.0090,-1.0038,0.5600,-2.7650,0.7700
61618416,sitting,-0.0534,-0.0095,-1.0038,0.5250,-2.7650,0.7700
61618435,sitting,-0.0534,-0.0093,-1.0038,0.5250,-2.8000,0.8050
61618454,sitting,-0.0537,-0.0090,-1.0028,0.5600,-2.8000,0.7350
61618474,sitting,-0.0537,-0.0093,-1.0038,0.5600,-2.8000,0.7700
61618493,sitting,-0.0532,-0.0102,-1.0038,0.5600,-2.7300,0.7700
61618512,sitting,-0.0525,-0.0090,-1.0031,0.5600,-2.7300,0.7700
61618531,sitting,-0.0539,-0.0088,-1.0031,0.5600,-2.7650,0.7350
61618551,sitting,-0.0539,-0.0085,-1.0033,0.5950,-2.7650,0.7350
61618570,sitting,-0.0529,-0.0095,-1.0038,0.5600,-2.7650,0.7700
61618589,sitting,-0.0534,-0.0102,-1.0043,0.5600,-2.8000,0.7700
61618608,sitting,-0.0532,-0.0098,-1.0043,0.5600,-2.7650,0.7700
61618628,sitting,-0.0529,-0.0088,-1.0038,0.6300,-2.8000,0.7700
61618647,sitting,-0.0529,-0.0090,-1.0041,0.5950,-2.7300,0.7700
61618666,sitting,-0.0532,-0.0098,-1.0048,0.5600,-2.7650,0.7700
61618685,sitting,-0.0539,-0.0095,-1.0050,0.5950,-2.7650,0.7700
61618704,sitting,-0.0525,-0.0093,-1.0041,0.5600,-2.7650,0.7700
61618724,sitting,-0.0529,-0.0085,-1.0045,0.5600,-2.8000,0.7700
61618743,sitting,-0.0532,-0.0083,-1.0050,0.5600,-2.7300,0.7700
61618762,sitting,-0.0527,-0.0085,-1.0045,0.5600,-2.7300,0.7700
61618781,sitting,-0.0537,-0.0085,-1.0033,0.5950,-2.7650,0.7700
61618801,sitting,-0.0539,-0.0088,-1.0043,0.6300,-2.8000,0.7700
61618820,sitting,-0.0527,-0.0083,-1.0041,0.5600,-2.8000,0.7350
61618839,sitting,-0.0529,-0.0095,-1.0036,0.5950,-2.7650,0.7350
61618858,sitting,-0.0522,-0.0088,-1.0041,0.5600,-2.7650,0.7700
61618878,sitting,-0.0534,-0.0088,-1.0041,0.5600,-2.8000,0.7700
61618897,sitting,-0.0532,-0.0090,-1.0038,0.5600,-2.7300,0.7700
61618916,sitting,-0.0529,-0.0093,-1.0048,0.5600,-2.7650,0.7700
61618935,sitting,-0.0520,-0.0093,-1.0043,0.4900,-2.7650,0.7700
61618954,sitting,-0.0522,-0.0093,-1.0041,0.5250,-2.7300,0.7350
61618974,sitting,-0.0529,-0.0090,-1.0043,0.5600,-2.7650,0.7350
61618993,sitting,-0.0534,-0.0088,-1.0045,0.5600,-2.7300,0.8050
61619012,sitting,-0.0534,-0.0095,-1.0041,0.5950,-2.7300,0.7700
61619031,sitting,-0.0529,-0.0090,-1.0036,0.5600,-2.8000,0.7700
61619051,sitting,-0.0525,-0.0095,-1.0038,0.5600,-2.7300,0.7700
61619070,sitting,-0.0534,-0.0095,-1.0045,0.5600,-2.8000,0.7700
61619089,sitting,-0.0534,-0.0090,-1.0041,0.5600,-2.7650,0.7700
61619108,sitting,-0.0534,-0.0093,-1.0053,0.5250,-2.7300,0.7700
61619128,sitting,-0.0544,-0.0083,-1.0033,0.5600,-2.7300,0.7700
61619147,sitting,-0.0532,-0.0083,-1.0036,0.5600,-2.8000,0.7350
61619166,sitting,-0.0527,-0.0083,-1.0033,0.5600,-2.7300,0.7350
61619185,sitting,-0.0529,-0.0090,-1.0041,0.5600,-2.7300,0.7700
61619204,sitting,-0.0532,-0.0088,-1.0028,0.5600,-2.7300,0.7700
61619224,sitting,-0.0532,-0.0088,-1.0043,0.5600,-2.7650,0.7700
61619243,sitting,-0.0525,-0.0083,-1.0043,0.5600,-2.7650,0.7700
61619262,sitting,-0.0529,-0.0095,-1.0050,0.5600,-2.8000,0.7700
61619281,sitting,-0.0537,-0.0095,-1.0038,0.5600,-2.7300,0.7700
61619301,sitting,-0.0529,-0.0090,-1.0036,0.5600,-2.8000,0.7700
61619320,sitting,-0.0534,-0.0090,-1.0033,0.5950,-2.7300,0.7700
61619339,sitting,-0.0537,-0.0095,-1.0036,0.5600,-2.8000,0.7700
61619358,sitting,-0.0532,-0.0098,-1.0045,0.5600,-2.8000,0.7700
61619378,sitting,-0.0532,-0.0093,-1.0038,0.5600,-2.7650,0.7700
61619397,sitting,-0.0527,-0.0095,-1.0045,0.5250,-2.7300,0.7700
61619416,sitting,-0.0534,-0.0090,-1.0045,0.5600,-2.7650,0.7700
61619435,sitting,-0.0537,-0.0083,-1.0041,0.5600,-2.8000,0.7700
61619454,sitting,-0.0527,-0.0088,-1.0041,0.5600,-2.8000,0.7700
61619474,sitting,-0.0522,-0.0085,-1.0041,0.5600,-2.7300,0.7700
61619493,sitting,-0.0534,-0.0088,-1.0048,0.5600,-2.7300,0.7700
61619512,sitting,-0.0527,-0.0085,-1.0043,0.5950,-2.7300,0.7700
61619531,sitting,-0.0527,-0.0083,-1.0050,0.5600,-2.7650,0.7700
61619551,sitting,-0.0525,-0.0090,-1.0048,0.5600,-2.8000,0.7700
61619570,sitting,-0.0537,-0.0088,-1.0033,0.5600,-2.7650,0.7700
61619589,sitting,-0.0537,-0.0095,-1.0033,0.5600,-2.7300,0.7700
61619608,sitting,-0.0537,-0.0095,-1.0043,0.5600,-2.7300,0.7350
61619628,sitting,-0.0542,-0.0093,-1.0038,0.5600,-2.7650,0.7700
61619647,sitting,-0.0537,-0.0090,-1.0043,0.5600,-2.8000,0.7350
61619666,sitting,-0.0534,-0.0088,-1.0041,0.5600,-2.7300,0.7700
61619685,sitting,-0.0525,-0.0102,-1.0038,0.5600,-2.7300,0.7700
61619704,sitting,-0.0529,-0.0093,-1.0036,0.5600,-2.8000,0.7700
61619724,sitting,-0.0529,-0.0102,-1.0041,0.5600,-2.7300,0.7700
61619743,sitting,-0.0532,-0.0095,-1.0041,0.5250,-2.7300,0.7700
61619762,sitting,-0.0527,-0.0090,-1.0053,0.5250,-2.7300,0.7700
61619781,sitting,-0.0534,-0.0098,-1.0036,0.5950,-2.7300,0.7700
61619801,sitting,-0.0522,-0.0093,-1.0036,0.5950,-2.7650,0.7700
61619820,sitting,-0.0534,-0.0098,-1.0045,0.5600,-2.8000,0.7700
61619839,sitting,-0.0534,-0.0088,-1.0043,0.5600,-2.7650,0.7350
61619858,sitting,-0.0529,-0.0088,-1.0043,0.5250,-2.8000,0.7700
61619878,sitting,-0.0534,-0.0095,-1.0050,0.5600,-2.7300,0.7700
61619897,sitting,-0.0525,-0.0090,-1.0045,0.5600,-2.8000,0.7700
61619916,sitting,-0.0527,-0.0088,-1.0031,0.5600,-2.7650,0.7700
61619935,sitting,-0.0527,-0.0090,-1.0043,0.5600,-2.7650,0.7700
61619954,sitting,-0.0534,-0.0085,-1.0038,0.5600,-2.7650,0.7700
61619974,sitting,-0.0539,-0.0088,-1.0055,0.5600,-2.7300,0.7350
61619993,sitting,-0.0527,-0.0088,-1.0043,0.5600,-2.7300,0.7000
61620012,sitting,-0.0529,-0.0085,-1.0036,0.5600,-2.7650,0.7700
61620031,sitting,-0.0534,-0.0088,-1.0038,0.5600,-2.7300,0.7350
61620051,sitting,-0.0532,-0.0088,-1.0036,0.5600,-2.7300,0.7700
61620070,sitting,-0.0527,-0.0090,-1.0031,0.5600,-2.7650,0.7700
61620089,sitting,-0.0527,-0.0093,-1.0043,0.5600,-2.7300,0.7350
61620108,sitting,-0.0542,-0.0093,-1.0043,0.5600,-2.7650,0.7000
61620128,sitting,-0.0532,-0.0085,-1.0038,0.5600,-2.7650,0.7350
61620147,sitting,-0.0527,-0.0088,-1.0048,0.5600,-2.7650,0.7700
61620166,sitting,-0.0529,-0.0095,-1.0033,0.5600,-2.7650,0.7700
61620185,sitting,-0.0529,-0.0098,-1.0050,0.5600,-2.7650,0.7700
61620204,sitting,-0.0544,-0.0100,-1.0041,0.5600,-2.7300,0.7350
61620224,sitting,-0.0537,-0.0095,-1.0033,0.5600,-2.7650,0.7700
61620243,sitting,-0.0529,-0.0090,-1.0038,0.5600,-2.7650,0.7700
61620262,sitting,-0.0529,-0.0093,-1.0036,0.5950,-2.7300,0.7700
61620281,sitting,-0.0539,-0.0088,-1.0053,0.5600,-2.7300,0.7700
61620301,sitting,-0.0532,-0.0085,-1.0045,0.5600,-2.8000,0.8050
61620320,sitting,-0.0525,-0.0088,-1.0041,0.5250,-2.7650,0.7700
61620339,sitting,-0.0529,-0.0100,-1.0038,0.5600,-2.7300,0.7700
61620358,sitting,-0.0529,-0.0085,-1.0045,0.5600,-2.7300,0.7700
61620378,sitting,-0.0532,-0.0090,-1.0038,0.5250,-2.7650,0.7700
61620397,sitting,-0.0532,-0.0088,-1.0036,0.5600,-2.7300,0.7700
61620416,sitting,-0.0534,-0.0085,-1.0043,0.5600,-2.7650,0.7700
61620435,sitting,-0.0534,-0.0088,-1.0036,0.5600,-2.7650,0.7350
61620454,sitting,-0.0520,-0.0088,-1.0048,0.5950,-2.7300,0.7350
61620474,sitting,-0.0529,-0.0085,-1.0043,0.5600,-2.7650,0.7350
61620493,sitting,-0.0529,-0.0088,-1.0050,0.5600,-2.7300,0.7700
61620512,sitting,-0.0532,-0.0085,-1.0038,0.5600,-2.7300,0.7700
61620531,sitting,-0.0534,-0.0085,-1.0036,0.5600,-2.7300,0.7700
61620551,sitting,-0.0537,-0.0088,-1.0038,0.5600,-2.7650,0.7350
61620570,sitting,-0.0539,-0.0100,-1.0045,0.5600,-2.8000,0.7700
61620589,sitting,-0.0539,-0.0088,-1.0045,0.5250,-2.8000,0.7350
61620608,sitting,-0.0534,-0.0083,-1.0043,0.5600,-2.7650,0.7700
61620628,sitting,-0.0529,-0.0090,-1.0043,0.5250,-2.7650,0.7700
61620647,sitting,-0.0534,-0.0090,-1.0033,0.5600,-2.8000,0.7000
61620666,sitting,-0.0527,-0.0083,-1.0036,0.5600,-2.7650,0.7700
61620685,sitting,-0.0525,-0.0093,-1.0033,0.5600,-2.7300,0.7350
61620704,sitting,-0.0525,-0.0090,-1.0038,0.5600,-2.7300,0.7700
61620724,sitting,-0.0529,-0.0088,-1.0033,0.5600,-2.7300,0.7700
61620743,sitting,-0.0529,-0.0093,-1.0036,0.5600,-2.8000,0.7700
61620762,sitting,-0.0534,-0.0085,-1.0041,0.5600,-2.7650,0.7700
61620781,sitting,-0.0537,-0.0085,-1.0043,0.5250,-2.7650,0.7350
61620801,sitting,-0.0534,-0.0083,-1.0043,0.5600,-2.7650,0.7000
61620820,sitting,-0.0537,-0.0090,-1.0036,0.5950,-2.8000,0.7700
61620839,sitting,-0.0539,-0.0085,-1.0031,0.5600,-2.8000,0.7700
61620858,sitting,-0.0527,-0.0100,-1.0031,0.5600,-2.7300,0.7700
61620878,sitting,-0.0534,-0.0090,-1.0033,0.5600,-2.7300,0.7700
61620897,sitting,-0.0537,-0.0085,-1.0031,0.5600,-2.7300,0.7700
61620916,sitting,-0.0532,-0.0093,-1.0043,0.5600,-2.8000,0.7700
61620935,sitting,-0.0539,-0.0085,-1.0048,0.5600,-2.7300,0.7700
61620954,sitting,-0.0522,-0.0093,-1.0045,0.5600,-2.7650,0.7700
61620974,sitting,-0.0525,-0.0088,-1.0041,0.5600,-2.7300,0.8050
61620993,sitting,-0.0537,-0.0090,-1.0045,0.5250,-2.8000,0.7350
61621012,sitting,-0.0527,-0.0088,-1.0041,0.5600,-2.7300,0.7000
61621031,sitting,-0.0537,-0.0090,-1.0031,0.5600,-2.7300,0.7350
61621051,sitting,-0.0527,-0.0083,-1.0045,0.5600,-2.7300,0.7700
61621070,sitting,-0.0515,-0.0090,-1.0050,0.5600,-2.7650,0.7700
61621089,sitting,-0.0525,-0.0090,-1.0038,0.5250,-2.7650,0.7700
61621108,sitting,-0.0539,-0.0088,-1.0031,0.5600,-2.7300,0.7700
61621128,sitting,-0.0534,-0.0095,-1.0045,0.5600,-2.7650,0.7350
61621147,sitting,-0.0534,-0.0093,-1.0038,0.5600,-2.7650,0.7700
61621166,sitting,-0.0532,-0.0102,-1.0036,0.5600,-2.7650,0.7700
61621185,sitting,-0.0542,-0.0095,-1.0031,0.5250,-2.7650,0.7700
61621204,sitting,-0.0537,-0.0095,-1.0043,0.5600,-2.7650,0.7350
61621224,sitting,-0.0534,-0.0090,-1.0043,0.5600,-2.7300,0.7700
61621243,sitting,-0.0529,-0.0088,-1.0036,0.5600,-2.7650,0.7700
61621262,sitting,-0.0522,-0.0088,-1.0041,0.5600,-2.7300,0.7700
61621281,sitting,-0.0537,-0.0088,-1.0041,0.5950,-2.7300,0.7700
61621301,sitting,-0.0522,-0.0085,-1.0045,0.5600,-2.7650,0.7700
61621320,sitting,-0.0525,-0.0093,-1.0036,0.5600,-2.7300,0.7350
61621339,sitting,-0.0532,-0.0085,-1.0033,0.5600,-2.8000,0.7350
61621358,sitting,-0.0532,-0.0088,-1.0031,0.5600,-2.7300,0.7700
61621378,sitting,-0.0522,-0.0095,-1.0028,0.5950,-2.7650,0.7700
61621397,sitting,-0.0529,-0.0093,-1.0028,0.5600,-2.7300,0.7000
61621416,sitting,-0.0534,-0.0095,-1.0045,0.5600,-2.7650,0.7700
61621435,sitting,-0.0542,-0.0088,-1.0043,0.5600,-2.7300,0.7000
61621454,sitting,-0.0539,-0.0085,-1.0043,0.5600,-2.7300,0.7350
61621474,sitting,-0.0534,-0.0095,-1.0026,0.5600,-2.8000,0.7350
61621493,sitting,-0.0537,-0.0093,-1.0033,0.5600,-2.8000,0.7700
61621512,sitting,-0.0534,-0.0095,-1.0043,0.5600,-2.7300,0.7350
61621531,sitting,-0.0529,-0.0095,-1.0041,0.5600,-2.7300,0.7700
61621551,sitting,-0.0534,-0.0088,-1.0031,0.5600,-2.7650,0.7700
61621570,sitting,-0.0529,-0.0090,-1.0045,0.5250,-2.8000,0.7700
61621589,sitting,-0.0527,-0.0088,-1.0036,0.5600,-2.7300,0.7350
61621608,sitting,-0.0525,-0.0098,-1.0041,0.5600,-2.8000,0.7700
61621628,sitting,-0.0539,-0.0093,-1.0038,0.5600,-2.7650,0.7700
61621647,sitting,-0.0527,-0.0093,-1.0041,0.5600,-2.8000,0.7700
61621666,sitting,-0.0525,-0.0085,-1.0043,0.5600,-2.7650,0.7700
61621685,sitting,-0.0537,-0.0093,-1.0048,0.5600,-2.7650,0.7350
61621704,sitting,-0.0534,-0.0095,-1.0038,0.5250,-2.7650,0.7700
61621724,sitting,-0.0534,-0.0090,-1.0048,0.5600,-2.7650,0.7700
61621743,sitting,-0.0532,-0.0088,-1.0038,0.4900,-2.8000,0.7700
61621762,sitting,-0.0537,-0.0095,-1.0043,0.5250,-2.8000,0.7350
61621781,sitting,-0.0527,-0.0095,-1.0038,0.5600,-2.7300,0.7700
61621801,sitting,-0.0537,-0.0093,-1.0048,0.5600,-2.7300,0.7700
61621820,sitting,-0.0534,-0.0090,-1.0041,0.4900,-2.7300,0.7700
61621839,sitting,-0.0537,-0.0090,-1.0033,0.5600,-2.7650,0.7350
61621858,sitting,-0.0537,-0.0098,-1.0028,0.5600,-2.7650,0.7700
61621878,sitting,-0.0522,-0.0088,-1.0038,0.5600,-2.7650,0.7700
61621897,sitting,-0.0520,-0.0078,-1.0055,0.5600,-2.7650,0.7350
61621916,sitting,-0.0532,-0.0085,-1.0041,0.5600,-2.7650,0.7700
61621935,sitting,-0.0537,-0.0090,-1.0048,0.5600,-2.7650,0.7350
61621954,sitting,-0.0539,-0.0093,-1.0043,0.5600,-2.7300,0.7700
61621974,sitting,-0.0532,-0.0093,-1.0048,0.5950,-2.7300,0.7700
61621993,sitting,-0.0532,-0.0098,-1.0036,0.5600,-2.7300,0.7350
61622012,sitting,-0.0534,-0.0100,-1.0038,0.5600,-2.7650,0.7700
61622031,sitting,-0.0534,-0.0093,-1.0033,0.5250,-2.7300,0.7700
61622051,sitting,-0.0532,-0.0088,-1.0045,0.5600,-2.8000,0.7700
61622070,sitting,-0.0529,-0.0090,-1.0050,0.5600,-2.7650,0.7350
61622089,sitting,-0.0529,-0.0085,-1.0041,0.5600,-2.8000,0.7700
61622108,sitting,-0.0520,-0.0098,-1.0038,0.5600,-2.8000,0.7700
61622128,sitting,-0.0525,-0.0102,-1.0043,0.5600,-2.8000,0.7700
61622147,sitting,-0.0544,-0.0093,-1.0036,0.5600,-2.7300,0.7700
61622166,sitting,-0.0542,-0.0095,-1.0038,0.5600,-2.7300,0.7700
61622185,sitting,-0.0534,-0.0088,-1.0053,0.5600,-2.8000,0.7700
61622204,sitting,-0.0532,-0.0093,-1.0041,0.5600,-2.7650,0.7350
61622224,sitting,-0.0532,-0.0090,-1.0033,0.5950,-2.7650,0.7350
61622243,sitting,-0.0522,-0.0090,-1.0050,0.5950,-2.7650,0.7700
61622262,sitting,-0.0529,-0.0088,-1.0050,0.5600,-2.7650,0.7350
61622281,sitting,-0.0532,-0.0100,-1.0045,0.5600,-2.8000,0.7700
61622301,sitting,-0.0525,-0.0090,-1.0036,0.5600,-2.7300,0.7700
61622320,sitting,-0.0532,-0.0088,-1.0038,0.5600,-2.7650,0.7700
61622339,sitting,-0.0534,-0.0093,-1.0043,0.5600,-2.7650,0.7700
61622358,sitting,-0.0542,-0.0085,-1.0045,0.5600,-2.7650,0.7350
61622378,sitting,-0.0534,-0.0095,-1.0045,0.5600,-2.7650,0.7000
61622397,sitting,-0.0532,-0.0083,-1.0036,0.5600,-2.7650,0.7000
61622416,sitting,-0.0532,-0.0085,-1.0045,0.5600,-2.7300,0.7700
61622435,sitting,-0.0532,-0.0090,-1.0038,0.4900,-2.8000,0.7700
61622454,sitting,-0.0529,-0.0090,-1.0038,0.5600,-2.7300,0.7350
61622474,sitting,-0.0525,-0.0098,-1.0038,0.5600,-2.7650,0.7000
61622493,sitting,-0.0537,-0.0093,-1.0036,0.5600,-2.7650,0.7350
61622512,sitting,-0.0527,-0.0088,-1.0041,0.5600,-2.7650,0.7350
61622531,sitting,-0.0527,-0.0088,-1.0045,0.5600,-2.8000,0.7700
61622551,sitting,-0.0527,-0.0093,-1.0038,0.5600,-2.8000,0.7700
61622570,sitting,-0.0534,-0.0100,-1.0031,0.5600,-2.8000,0.7700
61622589,sitting,-0.0534,-0.0083,-1.0045,0.5250,-2.7650,0.7700
61622608,sitting,-0.0527,-0.0093,-1.0050,0.5600,-2.7300,0.7000
61622628,sitting,-0.0527,-0.0095,-1.0038,0.5600,-2.7650,0.7700
61622647,sitting,-0.0532,-0.0090,-1.0036,0.5250,-2.7300,0.7700
61622666,sitting,-0.0537,-0.0090,-1.0036,0.5600,-2.7300,0.7700
61622685,sitting,-0.0542,-0.0090,-1.0041,0.5250,-2.7650,0.7700
61622704,sitting,-0.0532,-0.0088,-1.0043,0.5600,-2.7300,0.7700
61622724,sitting,-0.0534,-0.0093,-1.0041,0.5600,-2.7300,0.7700
61622743,sitting,-0.0520,-0.0073,-1.0048,0.5600,-2.7650,0.7350
61622762,sitting,-0.0520,-0.0088,-1.0038,0.5600,-2.7650,0.7700
61622781,sitting,-0.0525,-0.0098,-1.0038,0.5600,-2.8000,0.7700
61622801,sitting,-0.0529,-0.0085,-1.0043,0.5600,-2.7300,0.7700
61622820,sitting,-0.0532,-0.0098,-1.0036,0.5950,-2.7650,0.7350
61622839,sitting,-0.0527,-0.0098,-1.0045,0.5600,-2.7650,0.7000
61622858,sitting,-0.0532,-0.0090,-1.0041,0.5950,-2.7300,0.7350
61622878,sitting,-0.0525,-0.0098,-1.0038,0.5600,-2.8000,0.7350
61622897,sitting,-0.0529,-0.0090,-1.0048,0.5950,-2.7650,0.7350
61622916,sitting,-0.0525,-0.0093,-1.0041,0.5600,-2.7650,0.7700
61622935,sitting,-0.0532,-0.0098,-1.0038,0.5250,-2.7650,0.7700
61622954,sitting,-0.0527,-0.0090,-1.0041,0.5600,-2.7300,0.7700
61622974,sitting,-0.0542,-0.0098,-1.0038,0.5600,-2.7300,0.7700
61622993,sitting,-0.0537,-0.0090,-1.0038,0.5600,-2.8000,0.7700
61623012,sitting,-0.0537,-0.0088,-1.0045,0.5950,-2.7300,0.7700
61623031,sitting,-0.0534,-0.0098,-1.0031,0.5600,-2.7300,0.7700
61623051,sitting,-0.0527,-0.0095,-1.0045,0.5600,-2.7300,0.7700
61623070,sitting,-0.0520,-0.0088,-1.0055,0.5600,-2.7300,0.7700
61623089,sitting,-0.0527,-0.0090,-1.0038,0.5600,-2.7650,0.7700
61623108,sitting,-0.0532,-0.0095,-1.0028,0.5600,-2.7300,0.7700
61623128,sitting,-0.0527,-0.0093,-1.0043,0.5600,-2.7300,0.7700
61623147,sitting,-0.0527,-0.0078,-1.0038,0.5600,-2.7300,0.7700
61623166,sitting,-0.0525,-0.0095,-1.0038,0.5950,-2.7300,0.7350
61623185,sitting,-0.0542,-0.0090,-1.0038,0.5600,-2.8000,0.7350
61623204,sitting,-0.0525,-0.0083,-1.0045,0.5600,-2.7300,0.7350
61623224,sitting,-0.0534,-0.0085,-1.0050,0.5600,-2.7300,0.7700
61623243,sitting,-0.0529,-0.0088,-1.0043,0.5600,-2.7650,0.7350
61623262,sitting,-0.0534,-0.0085,-1.0048,0.6300,-2.7300,0.7700
61623281,sitting,-0.0539,-0.0090,-1.0043,0.5600,-2.7300,0.8050
61623301,sitting,-0.0537,-0.0088,-1.0043,0.5600,-2.7650,0.7700
61623320,sitting,-0.0532,-0.0095,-1.0045,0.5600,-2.8000,0.7000
61623339,sitting,-0.0534,-0.0098,-1.0050,0.5950,-2.7300,0.7700
61623358,sitting,-0.0539,-0.0090,-1.0043,0.5600,-2.7300,0.7700
61623378,sitting,-0.0525,-0.0088,-1.0041,0.5600,-2.7300,0.7700
61623397,sitting,-0.0534,-0.0098,-1.0031,0.5950,-2.8000,0.7700
61623416,sitting,-0.0537,-0.0095,-1.0041,0.5600,-2.8000,0.7700
61623435,sitting,-0.0539,-0.0093,-1.0041,0.5600,-2.8000,0.7700
61623454,sitting,-0.0525,-0.0088,-1.0031,0.5250,-2.8000,0.7700
61623474,sitting,-0.0525,-0.0093,-1.0041,0.5250,-2.7650,0.7350
61623493,sitting,-0.0532,-0.0088,-1.0038,0.5600,-2.8000,0.7700
61623512,sitting,-0.0537,-0.0081,-1.0045,0.5600,-2.8000,0.7700
61623531,sitting,-0.0539,-0.0090,-1.0055,0.5600,-2.7650,0.7700
61623551,sitting,-0.0532,-0.0093,-1.0041,0.5600,-2.8000,0.7700
61623570,sitting,-0.0529,-0.0088,-1.0041,0.4900,-2.7300,0.7700
61623589,sitting,-0.0525,-0.0095,-1.0038,0.5600,-2.8000,0.8050
61623608,sitting,-0.0532,-0.0095,-1.0041,0.5600,-2.7650,0.8050
61623628,sitting,-0.0527,-0.0095,-1.0041,0.5600,-2.8000,0.7700
61623647,sitting,-0.0534,-0.0088,-1.0048,0.5950,-2.8000,0.7350
61623666,sitting,-0.0539,-0.0093,-1.0033,0.5600,-2.7650,0.7700
61623685,sitting,-0.0525,-0.0088,-1.0038,0.5600,-2.7300,0.7350
61623704,sitting,-0.0537,-0.0083,-1.0038,0.5950,-2.7650,0.7350
61623724,sitting,-0.0544,-0.0093,-1.0053,0.5250,-2.7300,0.7700
61623743,sitting,-0.0537,-0.0083,-1.0045,0.5600,-2.7300,0.7350
61623762,sitting,-0.0532,-0.0095,-1.0038,0.6300,-2.7300,0.7350
61623781,sitting,-0.0529,-0.0095,-1.0031,0.5600,-2.7300,0.7700
61623801,sitting,-0.0527,-0.0105,-1.0041,0.5600,-2.7650,0.7000
61623820,sitting,-0.0525,-0.0098,-1.0045,0.5600,-2.7650,0.7350
61623839,sitting,-0.0539,-0.0095,-1.0038,0.5600,-2.7300,0.7700
61623858,sitting,-0.0525,-0.0085,-1.0041,0.5600,-2.7650,0.7700
61623878,sitting,-0.0527,-0.0088,-1.0043,0.5250,-2.7650,0.7700
61623897,sitting,-0.0534,-0.0088,-1.0033,0.5950,-2.7650,0.7350
61623916,sitting,-0.0527,-0.0098,-1.0043,0.5600,-2.7650,0.7700
61623935,sitting,-0.0534,-0.0095,-1.0041,0.5600,-2.7300,0.7700
61623954,sitting,-0.0534,-0.0085,-1.0033,0.5250,-2.8000,0.7700
61623974,sitting,-0.0529,-0.0088,-1.0041,0.4900,-2.8000,0.7700
61623993,sitting,-0.0534,-0.0093,-1.0045,0.5600,-2.7650,0.7700
61624012,sitting,-0.0532,-0.0088,-1.0033,0.5600,-2.7300,0.7700
61624031,sitting,-0.0527,-0.0078,-1.0033,0.5600,-2.7650,0.7700
61624051,sitting,-0.0534,-0.0085,-1.0043,0.5600,-2.7300,0.7350
61624070,sitting,-0.0529,-0.0093,-1.0033,0.5600,-2.7300,0.7700
61624089,sitting,-0.0542,-0.0090,-1.0036,0.5250,-2.8000,0.7700
61624108,sitting,-0.0529,-0.0085,-1.0050,0.5600,-2.8000,0.7700
61624128,sitting,-0.0529,-0.0085,-1.0036,0.5950,-2.8000,0.7700
61624147,sitting,-0.0534,-0.0090,-1.0038,0.5600,-2.7650,0.7700
61624166,sitting,-0.0537,-0.0093,-1.0031,0.5600,-2.7650,0.7700
61624185,sitting,-0.0539,-0.0095,-1.0041,0.5600,-2.7300,0.7700
61624204,sitting,-0.0522,-0.0085,-1.0038,0.5600,-2.7650,0.7700
61624224,sitting,-0.0522,-0.0085,-1.0038,0.5250,-2.7300,0.7350
61624243,sitting,-0.0527,-0.0085,-1.0038,0.5600,-2.7650,0.7350
61624262,sitting,-0.0532,-0.0093,-1.0043,0.5600,-2.7650,0.7350
61624281,sitting,-0.0527,-0.0093,-1.0045,0.5600,-2.7650,0.7700
61624301,sitting,-0.0542,-0.0083,-1.0053,0.5600,-2.7650,0.7700
61624320,sitting,-0.0534,-0.0098,-1.0041,0.5950,-2.8000,0.7700
61624339,sitting,-0.0537,-0.0088,-1.0028,0.5600,-2.7650,0.7700
61624358,sitting,-0.0527,-0.0081,-1.0038,0.5600,-2.8000,0.7700
61624378,sitting,-0.0522,-0.0083,-1.0053,0.5600,-2.7650,0.8050
61624397,sitting,-0.0542,-0.0088,-1.0048,0.5600,-2.7650,0.8050
61624416,sitting,-0.0529,-0.0093,-1.0048,0.5600,-2.8000,0.7700
61624435,sitting,-0.0527,-0.0088,-1.0055,0.5600,-2.7650,0.7700
61624454,sitting,-0.0525,-0.0100,-1.0038,0.5600,-2.7650,0.7700
61624474,sitting,-0.0529,-0.0098,-1.0041,0.5950,-2.7650,0.7700
61624493,sitting,-0.0537,-0.0093,-1.0048,0.5250,-2.7300,0.8050
61624512,sitting,-0.0537,-0.0093,-1.0043,0.5250,-2.7650,0.7700
61624531,sitting,-0.0534,-0.0088,-1.0036,0.5600,-2.7300,0.7700
61624551,sitting,-0.0537,-0.0090,-1.0041,0.5600,-2.7300,0.7700
61624570,sitting,-0.0520,-0.0090,-1.0036,0.5250,-2.7300,0.7700
61624589,sitting,-0.0525,-0.0078,-1.0038,0.5600,-2.7650,0.7700
61624608,sitting,-0.0525,-0.0085,-1.0026,0.5600,-2.7300,0.7700
61624628,sitting,-0.0539,-0.0085,-1.0043,0.5600,-2.7650,0.7350
61624647,sitting,-0.0547,-0.0085,-1.0043,0.5600,-2.7300,0.7700
61624666,sitting,-0.0542,-0.0088,-1.0045,0.5950,-2.7300,0.7700
61624685,sitting,-0.0532,-0.0093,-1.0041,0.5950,-2.7650,0.7000
61624704,sitting,-0.0534,-0.0098,-1.0033,0.5600,-2.7650,0.7350
61624724,sitting,-0.0534,-0.0088,-1.0043,0.5600,-2.7650,0.7350
61624743,sitting,-0.0527,-0.0088,-1.0036,0.5600,-2.7650,0.7700
61624762,sitting,-0.0529,-0.0090,-1.0045,0.5600,-2.7300,0.7700
61624781,sitting,-0.0539,-0.0088,-1.0045,0.5600,-2.8000,0.7350
61624801,sitting,-0.0525,-0.0088,-1.0048,0.5600,-2.8000,0.7700
61624820,sitting,-0.0534,-0.0098,-1.0031,0.5600,-2.7650,0.7700
61624839,sitting,-0.0527,-0.0095,-1.0041,0.5250,-2.7650,0.7700
61624858,sitting,-0.0525,-0.0095,-1.0045,0.5600,-2.7650,0.7700
61624878,sitting,-0.0532,-0.0093,-1.0036,0.5250,-2.8000,0.7000
61624897,sitting,-0.0534,-0.0090,-1.0048,0.5600,-2.7650,0.7700
61624916,sitting,-0.0532,-0.0098,-1.0041,0.5250,-2.7300,0.8050
61624935,sitting,-0.0534,-0.0088,-1.0053,0.5600,-2.7300,0.7350
61624954,sitting,-0.0532,-0.0095,-1.0038,0.5600,-2.7300,0.8400
61624974,sitting,-0.0527,-0.0090,-1.0036,0.5600,-2.7300,0.7700
61624993,sitting,-0.0529,-0.0088,-1.0041,0.5600,-2.8000,0.7700
61625012,sitting,-0.0537,-0.0090,-1.0045,0.5600,-2.8000,0.7700
61625031,sitting,-0.0517,-0.0088,-1.0041,0.5600,-2.7650,0.7700
61625051,sitting,-0.0529,-0.0093,-1.0043,0.5950,-2.7650,0.7700
61625070,sitting,-0.0534,-0.0088,-1.0038,0.5600,-2.7300,0.7700
61625089,sitting,-0.0537,-0.0083,-1.0045,0.5600,-2.7300,0.7000
61625108,sitting,-0.0542,-0.0100,-1.0041,0.5600,-2.7300,0.7700
61625128,sitting,-0.0544,-0.0088,-1.0036,0.5950,-2.8000,0.7350
61625147,sitting,-0.0532,-0.0083,-1.0036,0.5600,-2.7650,0.7700
61625166,sitting,-0.0532,-0.0085,-1.0038,0.5600,-2.7650,0.7700
61625185,sitting,-0.0529,-0.0102,-1.0038,0.5600,-2.7650,0.7350
61625204,sitting,-0.0532,-0.0102,-1.0043,0.5600,-2.7300,0.7350
61625224,sitting,-0.0534,-0.0085,-1.0045,0.5950,-2.7300,0.7700
61625243,sitting,-0.0532,-0.0088,-1.0043,0.5600,-2.7300,0.7700
61625262,sitting,-0.0520,-0.0085,-1.0033,0.5950,-2.8000,0.7700
61625281,sitting,-0.0527,-0.0088,-1.0043,0.5600,-2.8000,0.7700
61625301,sitting,-0.0532,-0.0081,-1.0048,0.5600,-2.7650,0.7700
61625320,sitting,-0.0527,-0.0085,-1.0038,0.5950,-2.7650,0.7700
61625339,sitting,-0.0532,-0.0083,-1.0038,0.5600,-2.8000,0.7700
61625358,sitting,-0.0542,-0.0090,-1.0038,0.5600,-2.7650,0.7350
61625378,sitting,-0.0539,-0.0095,-1.0048,0.5600,-2.7300,0.8050
61625397,sitting,-0.0522,-0.0090,-1.0036,0.5600,-2.7650,0.8050
61625416,sitting,-0.0522,-0.0088,-1.0031,0.4900,-2.7300,0.7700
61625435,sitting,-0.0529,-0.0105,-1.0033,0.5600,-2.7650,0.7700
61625454,sitting,-0.0529,-0.0093,-1.0038,0.5600,-2.7650,0.7700
61625474,sitting,-0.0539,-0.0090,-1.0028,0.5600,-2.7300,0.7700
61625493,sitting,-0.0534,-0.0093,-1.0036,0.5600,-2.7300,0.8050
61625512,sitting,-0.0539,-0.0090,-1.0038,0.5600,-2.7300,0.7700
61625531,sitting,-0.0525,-0.0090,-1.0045,0.5600,-2.7300,0.7700
61625551,sitting,-0.0529,-0.0093,-1.0028,0.5250,-2.7650,0.7700
61625570,sitting,-0.0534,-0.0095,-1.0036,0.5600,-2.7300,0.7700
61625589,sitting,-0.0537,-0.0090,-1.0036,0.5600,-2.7650,0.7350
61625608,sitting,-0.0529,-0.0088,-1.0048,0.5600,-2.7300,0.7700
61625628,sitting,-0.0529,-0.0100,-1.0036,0.5600,-2.7650,0.7700
61625647,sitting,-0.0532,-0.0095,-1.0036,0.5600,-2.7650,0.7000
61625666,sitting,-0.0542,-0.0090,-1.0043,0.5600,-2.7300,0.7350
61625685,sitting,-0.0539,-0.0090,-1.0053,0.5600,-2.7650,0.7700
61625704,sitting,-0.0527,-0.0095,-1.0043,0.5600,-2.7300,0.7000
61625724,sitting,-0.0520,-0.0098,-1.0031,0.5950,-2.7300,0.7700
61625743,sitting,-0.0539,-0.0095,-1.0041,0.5600,-2.7300,0.7700
61625762,sitting,-0.0529,-0.0090,-1.0041,0.5950,-2.8000,0.7700
61625781,sitting,-0.0532,-0.0081,-1.0038,0.5250,-2.7650,0.7700
61625801,sitting,-0.0539,-0.0085,-1.0036,0.5600,-2.7650,0.7700
61625820,sitting,-0.0532,-0.0088,-1.0041,0.5600,-2.7650,0.7700
61625839,sitting,-0.0527,-0.0093,-1.0041,0.5250,-2.8000,0.7700
61625858,sitting,-0.0529,-0.0093,-1.0050,0.5600,-2.7300,0.7350
61625878,sitting,-0.0527,-0.0102,-1.0048,0.5600,-2.7650,0.7350
61625897,sitting,-0.0529,-0.0090,-1.0045,0.5600,-2.7300,0.7700
61625916,sitting,-0.0539,-0.0090,-1.0043,0.5600,-2.8000,0.8050
61625935,sitting,-0.0534,-0.0095,-1.0050,0.5600,-2.7300,0.7700
61625954,sitting,-0.0534,-0.0100,-1.0045,0.5600,-2.7300,0.7700
61625974,sitting,-0.0532,-0.0095,-1.0048,0.5600,-2.7300,0.7700
61625993,sitting,-0.0537,-0.0093,-1.0041,0.5950,-2.7300,0.7700
61626012,sitting,-0.0539,-0.0090,-1.0041,0.5600,-2.7300,0.7350
61626031,sitting,-0.0532,-0.0098,-1.0048,0.5600,-2.7650,0.7700
61626051,sitting,-0.0537,-0.0098,-1.0041,0.5600,-2.7650,0.8050
61626070,sitting,-0.0532,-0.0083,-1.0043,0.5600,-2.8000,0.7700
61626089,sitting,-0.0529,-0.0088,-1.0048,0.5600,-2.7650,0.7350
61626108,sitting,-0.0525,-0.0088,-1.0045,0.5600,-2.7300,0.7000
61626128,sitting,-0.0537,-0.0098,-1.0045,0.5600,-2.7300,0.7350
61626147,sitting,-0.0525,-0.0088,-1.0041,0.5950,-2.7300,0.7350
61626166,sitting,-0.0529,-0.0088,-1.0031,0.5950,-2.8000,0.7700
61626185,sitting,-0.0534,-0.0083,-1.0038,0.5600,-2.8000,0.7700
61626204,sitting,-0.0532,-0.0083,-1.0041,0.5600,-2.7300,0.7350
61626224,sitting,-0.0537,-0.0088,-1.0038,0.5600,-2.8000,0.7350
61626243,sitting,-0.0527,-0.0090,-1.0033,0.5600,-2.7650,0.7700
61626262,sitting,-0.0532,-0.0095,-1.0043,0.5600,-2.7650,0.7700
61626281,sitting,-0.0529,-0.0095,-1.0041,0.5250,-2.7650,0.7700
61626301,sitting,-0.0534,-0.0095,-1.0036,0.5600,-2.7650,0.7350
61626320,sitting,-0.0525,-0.0090,-1.0038,0.5600,-2.7650,0.7700
61626339,sitting,-0.0537,-0.0088,-1.0036,0.5600,-2.7300,0.7700
61626358,sitting,-0.0532,-0.0095,-1.0050,0.5600,-2.7650,0.7700
61626378,sitting,-0.0537,-0.0088,-1.0038,0.5600,-2.8000,0.7700
61626397,sitting,-0.0527,-0.0088,-1.0041,0.5600,-2.7650,0.7350
61626416,sitting,-0.0527,-0.0093,-1.0048,0.5600,-2.7300,0.7350
61626435,sitting,-0.0529,-0.0088,-1.0036,0.5600,-2.7650,0.7700
61626454,sitting,-0.0527,-0.0090,-1.0033,0.5600,-2.7650,0.7700
61626474,sitting,-0.0532,-0.0093,-1.0031,0.5600,-2.8000,0.7700
61626493,sitting,-0.0537,-0.0095,-1.0036,0.5600,-2.7300,0.7700
61626512,sitting,-0.0529,-0.0105,-1.0048,0.5600,-2.7300,0.7350
61626531,sitting,-0.0532,-0.0093,-1.0045,0.5600,-2.8000,0.7700
61626551,sitting,-0.0527,-0.0093,-1.0041,0.5600,-2.7300,0.7700
61626570,sitting,-0.0544,-0.0090,-1.0033,0.5600,-2.7650,0.7700
61626589,sitting,-0.0534,-0.0098,-1.0055,0.5250,-2.7300,0.8050
61626608,sitting,-0.0529,-0.0098,-1.0043,0.5600,-2.7300,0.7700
61626628,sitting,-0.0537,-0.0102,-1.0033,0.5600,-2.8000,0.8050
61626647,sitting,-0.0532,-0.0088,-1.0041,0.5600,-2.7650,0.7700
61626666,sitting,-0.0534,-0.0090,-1.0036,0.5600,-2.8000,0.7700
61626685,sitting,-0.0539,-0.0093,-1.0041,0.5950,-2.7650,0.7700
61626704,sitting,-0.0537,-0.0100,-1.0043,0.5600,-2.7650,0.7700
61626724,sitting,-0.0532,-0.0093,-1.0038,0.5600,-2.7650,0.7350
61626743,sitting,-0.0534,-0.0093,-1.0036,0.5600,-2.7650,0.7700
61626762,sitting,-0.0532,-0.0093,-1.0045,0.5600,-2.8000,0.7700
61626781,sitting,-0.0539,-0.0083,-1.0043,0.5600,-2.8000,0.7700
61626801,sitting,-0.0525,-0.0088,-1.0043,0.5950,-2.7300,0.7700
61626820,sitting,-0.0532,-0.0088,-1.0036,0.5600,-2.7300,0.7700
61626839,sitting,-0.0529,-0.0093,-1.0036,0.5600,-2.7650,0.7700
61626858,sitting,-0.0515,-0.0093,-1.0043,0.5600,-2.7300,0.7700
61626878,sitting,-0.0525,-0.0088,-1.0038,0.5600,-2.7300,0.7700
61626897,sitting,-0.0527,-0.0088,-1.0043,0.6300,-2.7300,0.7700
61626916,sitting,-0.0529,-0.0102,-1.0045,0.5950,-2.7300,0.7700
61626935,sitting,-0.0520,-0.0100,-1.0038,0.5600,-2.7300,0.7700
61626954,sitting,-0.0537,-0.0090,-1.0045,0.5950,-2.7300,0.7700
61626974,sitting,-0.0539,-0.0083,-1.0045,0.5600,-2.7650,0.7700
61626993,sitting,-0.0534,-0.0095,-1.0038,0.5600,-2.8000,0.7350
61627012,sitting,-0.0534,-0.0085,-1.0031,0.5600,-2.7300,0.7700
61627031,sitting,-0.0525,-0.0088,-1.0036,0.5600,-2.7300,0.7700
61627051,sitting,-0.0527,-0.0081,-1.0043,0.5600,-2.7650,0.7350
61627070,sitting,-0.0537,-0.0085,-1.0036,0.5600,-2.7300,0.7700
61627089,sitting,-0.0542,-0.0085,-1.0033,0.5600,-2.8000,0.7700
61627108,sitting,-0.0542,-0.0098,-1.0041,0.5250,-2.8000,0.7700
61627128,sitting,-0.0520,-0.0098,-1.0041,0.5600,-2.7650,0.7700
61627147,sitting,-0.0532,-0.0083,-1.0041,0.5600,-2.8000,0.7700
61627166,sitting,-0.0527,-0.0090,-1.0045,0.5600,-2.8000,0.7700
61627185,sitting,-0.0534,-0.0088,-1.0041,0.5600,-2.8000,0.7700
61627204,sitting,-0.0529,-0.0100,-1.0048,0.5600,-2.7300,0.7700
61627224,sitting,-0.0532,-0.0102,-1.0041,0.5600,-2.7650,0.7700
61627243,sitting,-0.0529,-0.0093,-1.0033,0.5600,-2.7650,0.7700
61627262,sitting,-0.0542,-0.0081,-1.0048,0.5600,-2.7300,0.7350
61627281,sitting,-0.0539,-0.0090,-1.0053,0.5600,-2.7300,0.7700
61627301,sitting,-0.0539,-0.0090,-1.0045,0.5950,-2.7300,0.7700
61627320,sitting,-0.0539,-0.0083,-1.0043,0.5950,-2.8000,0.7700
61627339,sitting,-0.0532,-0.0098,-1.0048,0.5600,-2.7650,0.7700
61627358,sitting,-0.0532,-0.0102,-1.0043,0.5600,-2.7300,0.7350
61627378,sitting,-0.0529,-0.0095,-1.0041,0.5600,-2.7300,0.7700
61627397,sitting,-0.0515,-0.0093,-1.0033,0.5600,-2.7650,0.7700
61627416,sitting,-0.0529,-0.0100,-1.0050,0.5600,-2.7650,0.7700
61627435,sitting,-0.0542,-0.0095,-1.0038,0.5600,-2.7300,0.7700
61627454,sitting,-0.0539,-0.0090,-1.0045,0.6300,-2.7650,0.7350
61627474,sitting,-0.0537,-0.0095,-1.0043,0.5600,-2.7300,0.7350
61627493,sitting,-0.0532,-0.0090,-1.0048,0.5600,-2.7650,0.7000
61627512,sitting,-0.0534,-0.0095,-1.0045,0.5600,-2.8000,0.7700
61627531,sitting,-0.0539,-0.0090,-1.0036,0.5250,-2.7650,0.7700
61627551,sitting,-0.0529,-0.0083,-1.0036,0.5600,-2.7650,0.7700
61627570,sitting,-0.0532,-0.0083,-1.0038,0.5250,-2.7300,0.7350
61627589,sitting,-0.0537,-0.0078,-1.0043,0.5250,-2.8000,0.7350
61627608,sitting,-0.0532,-0.0083,-1.0031,0.5600,-2.8000,0.7700
61627628,sitting,-0.0539,-0.0090,-1.0055,0.4900,-2.7300,0.7700
61627647,sitting,-0.0539,-0.0090,-1.0041,0.4900,-2.8000,0.7700
61627666,sitting,-0.0542,-0.0100,-1.0048,0.4900,-2.8000,0.7700
61627685,sitting,-0.0537,-0.0098,-1.0050,0.5600,-2.8000,0.7700
61627704,sitting,-0.0529,-0.0095,-1.0050,0.5250,-2.8000,0.8050
61627724,sitting,-0.0522,-0.0090,-1.0038,0.5600,-2.7650,0.7700
61627743,sitting,-0.0527,-0.0098,-1.0033,0.5950,-2.7650,0.7700
61627762,sitting,-0.0534,-0.0090,-1.0041,0.5600,-2.7300,0.7700
61627781,sitting,-0.0534,-0.0083,-1.0036,0.5600,-2.7300,0.7700
61627801,sitting,-0.0527,-0.0090,-1.0045,0.5600,-2.7300,0.7700
61627820,sitting,-0.0532,-0.0098,-1.0036,0.5600,-2.7650,0.7700
61627839,sitting,-0.0542,-0.0105,-1.0031,0.5600,-2.7300,0.7700
61627858,sitting,-0.0529,-0.0093,-1.0036,0.5600,-2.7300,0.7350
61627878,sitting,-0.0534,-0.0090,-1.0041,0.5600,-2.7300,0.7350
61627897,sitting,-0.0532,-0.0095,-1.0038,0.5600,-2.7300,0.7700
61627916,sitting,-0.0534,-0.0095,-1.0036,0.5600,-2.7300,0.7700
61627935,sitting,-0.0537,-0.0093,-1.0041,0.5600,-2.7300,0.7700
61627954,sitting,-0.0527,-0.0093,-1.0041,0.5600,-2.7650,0.7700
61627974,sitting,-0.0542,-0.0093,-1.0038,0.5600,-2.8000,0.7700
61627993,sitting,-0.0537,-0.0090,-1.0031,0.5600,-2.8000,0.7350
61628012,sitting,-0.0534,-0.0093,-1.0033,0.5600,-2.7300,0.7350
61628031,sitting,-0.0537,-0.0090,-1.0033,0.5600,-2.8000,0.7700
61628051,sitting,-0.0544,-0.0093,-1.0048,0.5600,-2.7300,0.7700
61628070,sitting,-0.0532,-0.0095,-1.0045,0.5600,-2.7300,0.7350
61628089,sitting,-0.0532,-0.0095,-1.0036,0.5950,-2.7300,0.7700
61628108,sitting,-0.0527,-0.0093,-1.0041,0.5600,-2.7300,0.7700
61628128,sitting,-0.0534,-0.0095,-1.0045,0.5600,-2.7300,0.7700
61628147,sitting,-0.0542,-0.0088,-1.0038,0.5600,-2.7650,0.7700
61628166,sitting,-0.0537,-0.0093,-1.0036,0.5250,-2.7650,0.7700
61628185,sitting,-0.0534,-0.0095,-1.0038,0.5250,-2.8000,0.7700
61628204,sitting,-0.0539,-0.0093,-1.0041,0.5600,-2.7650,0.7350
61628224,sitting,-0.0529,-0.0095,-1.0036,0.5600,-2.7300,0.7350
61628243,sitting,-0.0534,-0.0090,-1.0050,0.5950,-2.7650,0.7700
61628262,sitting,-0.0527,-0.0093,-1.0043,0.5950,-2.7300,0.7700
61628281,sitting,-0.0534,-0.0085,-1.0043,0.5600,-2.7650,0.7350
61628301,sitting,-0.0534,-0.0090,-1.0043,0.5600,-2.7300,0.7700
61628320,sitting,-0.0532,-0.0102,-1.0045,0.5950,-2.7300,0.7350
61628339,sitting,-0.0542,-0.0085,-1.0048,0.6300,-2.7300,0.7700
61628358,sitting,-0.0539,-0.0090,-1.0026,0.5950,-2.8000,0.7700
61628378,sitting,-0.0534,-0.0088,-1.0048,0.6300,-2.7300,0.7000
61628397,sitting,-0.0529,-0.0085,-1.0041,0.5600,-2.7300,0.7350
61628416,sitting,-0.0537,-0.0088,-1.0048,0.5600,-2.7650,0.7350
61628435,sitting,-0.0534,-0.0098,-1.0041,0.5600,-2.7650,0.7700
61628454,sitting,-0.0529,-0.0081,-1.0045,0.5600,-2.7300,0.7700
61628474,sitting,-0.0534,-0.0095,-1.0041,0.5600,-2.7650,0.7350
61628493,sitting,-0.0537,-0.0098,-1.0041,0.5600,-2.8000,0.7700
61628512,sitting,-0.0527,-0.0088,-1.0033,0.5600,-2.7650,0.7700
61628531,sitting,-0.0532,-0.0100,-1.0028,0.5600,-2.7300,0.7000
61628551,sitting,-0.0532,-0.0095,-1.0036,0.5600,-2.7650,0.7700
61628570,sitting,-0.0529,-0.0088,-1.0041,0.5600,-2.7300,0.7700
61628589,sitting,-0.0532,-0.0088,-1.0038,0.5250,-2.7650,0.7700
61628608,sitting,-0.0532,-0.0102,-1.0048,0.5600,-2.7300,0.7700
61628628,sitting,-0.0527,-0.0095,-1.0038,0.5600,-2.7300,0.7700
61628647,sitting,-0.0529,-0.0095,-1.0045,0.5600,-2.7300,0.7700
61628666,sitting,-0.0529,-0.0098,-1.0041,0.5250,-2.7300,0.7700
61628685,sitting,-0.0534,-0.0090,-1.0041,0.5600,-2.7300,0.7700
61628704,sitting,-0.0527,-0.0085,-1.0038,0.5600,-2.7650,0.7700
61628724,sitting,-0.0527,-0.0090,-1.0048,0.5600,-2.7300,0.7700
61628743,sitting,-0.0532,-0.0098,-1.0028,0.5600,-2.7300,0.8050
61628762,sitting,-0.0537,-0.0093,-1.0033,0.5950,-2.7300,0.7700
61628781,sitting,-0.0534,-0.0095,-1.0043,0.5600,-2.7300,0.7700
61628801,sitting,-0.0537,-0.0090,-1.0048,0.5600,-2.7650,0.7350
61628820,sitting,-0.0534,-0.0093,-1.0048,0.5250,-2.7300,0.7700
61628839,sitting,-0.0525,-0.0088,-1.0050,0.5600,-2.7650,0.7700
61628858,sitting,-0.0529,-0.0093,-1.0041,0.5600,-2.7300,0.7350
61628878,sitting,-0.0529,-0.0090,-1.0043,0.5600,-2.7650,0.7700
61628897,sitting,-0.0532,-0.0098,-1.0045,0.5600,-2.7650,0.7700
61628916,sitting,-0.0529,-0.0090,-1.0045,0.5950,-2.7300,0.7700
61628935,sitting,-0.0527,-0.0098,-1.0043,0.5600,-2.8000,0.7700
61628954,sitting,-0.0532,-0.0093,-1.0048,0.5600,-2.7650,0.7350
61628974,sitting,-0.0539,-0.0083,-1.0048,0.5600,-2.8000,0.7700
61628993,sitting,-0.0537,-0.0083,-1.0043,0.5250,-2.8000,0.7700
61629012,sitting,-0.0525,-0.0093,-1.0045,0.5600,-2.7650,0.7350
61629031,sitting,-0.0534,-0.0093,-1.0043,0.5600,-2.7650,0.7700
61629051,sitting,-0.0527,-0.0090,-1.0053,0.5250,-2.8000,0.7700
61629070,sitting,-0.0532,-0.0095,-1.0055,0.5600,-2.7650,0.7700
61629089,sitting,-0.0537,-0.0093,-1.0045,0.5250,-2.8000,0.7700
61629108,sitting,-0.0532,-0.0093,-1.0043,0.5250,-2.8000,0.7000
61629128,sitting,-0.0537,-0.0083,-1.0036,0.5600,-2.7300,0.7350
61629147,sitting,-0.0537,-0.0088,-1.0033,0.5600,-2.7300,0.8050
61629166,sitting,-0.0534,-0.0088,-1.0033,0.5600,-2.7300,0.7700
61629185,sitting,-0.0539,-0.0095,-1.0043,0.5600,-2.7300,0.7350
61629204,sitting,-0.0534,-0.0088,-1.0036,0.5600,-2.7650,0.7700
61629224,sitting,-0.0539,-0.0090,-1.0048,0.5950,-2.7300,0.8050
61629243,sitting,-0.0539,-0.0090,-1.0033,0.5600,-2.7650,0.8050
61629262,sitting,-0.0532,-0.0093,-1.0041,0.5950,-2.7650,0.7700
61629281,sitting,-0.0534,-0.0098,-1.0038,0.5600,-2.7300,0.7700
61629301,sitting,-0.0534,-0.0095,-1.0041,0.5600,-2.7650,0.7350
61629320,sitting,-0.0539,-0.0085,-1.0036,0.5600,-2.7650,0.7000
61629339,sitting,-0.0532,-0.0095,-1.0038,0.5600,-2.7300,0.7700
61629358,sitting,-0.0534,-0.0090,-1.0048,0.5600,-2.8000,0.7700
61629378,sitting,-0.0525,-0.0095,-1.0048,0.5600,-2.7300,0.7700
61629397,sitting,-0.0532,-0.0093,-1.0038,0.5600,-2.7650,0.7700
61629416,sitting,-0.0534,-0.0083,-1.0041,0.5950,-2.7650,0.7350
61629435,sitting,-0.0539,-0.0095,-1.0043,0.5600,-2.7650,0.7700
61629454,sitting,-0.0547,-0.0088,-1.0041,0.5600,-2.7650,0.7700
61629474,sitting,-0.0539,-0.0090,-1.0041,0.5600,-2.8000,0.7700
61629493,sitting,-0.0532,-0.0090,-1.0043,0.5600,-2.7650,0.7700
61629512,sitting,-0.0527,-0.0090,-1.0043,0.5600,-2.7300,0.7700
61629531,sitting,-0.0527,-0.0090,-1.0036,0.5600,-2.7300,0.7700
61629551,sitting,-0.0532,-0.0098,-1.0036,0.5600,-2.7650,0.7700
61629570,sitting,-0.0532,-0.0090,-1.0038,0.5600,-2.7300,0.7700
61629589,sitting,-0.0527,-0.0090,-1.0036,0.5600,-2.7300,0.7700
61629608,sitting,-0.0529,-0.0088,-1.0036,0.5250,-2.7650,0.7700
61629628,sitting,-0.0539,-0.0090,-1.0050,0.5600,-2.7300,0.7700
61629647,sitting,-0.0534,-0.0095,-1.0048,0.5600,-2.7300,0.7700
61629666,sitting,-0.0537,-0.0098,-1.0033,0.5600,-2.7300,0.7700
61629685,sitting,-0.0529,-0.0083,-1.0045,0.5600,-2.7300,0.7700
61629704,sitting,-0.0529,-0.0093,-1.0041,0.5600,-2.7300,0.7700
61629724,sitting,-0.0529,-0.0090,-1.0038,0.5600,-2.7300,0.7000
61629743,sitting,-0.0539,-0.0090,-1.0033,0.5600,-2.7300,0.7000
61629762,sitting,-0.0529,-0.0100,-1.0033,0.5600,-2.7650,0.7350
61629781,sitting,-0.0534,-0.0090,-1.0038,0.5600,-2.7300,0.7350
61629801,sitting,-0.0534,-0.0088,-1.0036,0.5600,-2.7300,0.7700
61629820,sitting,-0.0542,-0.0090,-1.0038,0.5600,-2.7300,0.7700
61629839,sitting,-0.0539,-0.0088,-1.0031,0.6300,-2.7650,0.7000
61629858,sitting,-0.0529,-0.0095,-1.0038,0.5600,-2.7650,0.7350
61629878,sitting,-0.0537,-0.0085,-1.0041,0.5600,-2.8000,0.7350
61629897,sitting,-0.0534,-0.0093,-1.0038,0.5600,-2.7300,0.7350
61629916,sitting,-0.0534,-0.0090,-1.0045,0.5600,-2.7300,0.7700
61629935,sitting,-0.0534,-0.0083,-1.0043,0.5600,-2.7300,0.7700
61629954,sitting,-0.0529,-0.0088,-1.0028,0.5600,-2.8000,0.7700
61629974,sitting,-0.0537,-0.0085,-1.0050,0.5250,-2.7300,0.8050
61629993,sitting,-0.0529,-0.0098,-1.0045,0.5600,-2.7650,0.7700
61630012,sitting,-0.0534,-0.0085,-1.0050,0.5600,-2.8000,0.7700
61630031,sitting,-0.0534,-0.0093,-1.0033,0.5600,-2.8000,0.7700
61630051,sitting,-0.0529,-0.0095,-1.0038,0.5250,-2.8000,0.7700
61630070,sitting,-0.0529,-0.0095,-1.0043,0.5600,-2.7300,0.7700
61630089,sitting,-0.0534,-0.0100,-1.0041,0.5600,-2.7650,0.7350
61630108,sitting,-0.0539,-0.0088,-1.0036,0.5250,-2.7300,0.7350
61630128,sitting,-0.0534,-0.0090,-1.0041,0.5600,-2.7650,0.7700
61630147,sitting,-0.0534,-0.0090,-1.0036,0.5600,-2.7650,0.7700
61630166,sitting,-0.0534,-0.0088,-1.0038,0.5600,-2.7650,0.7700
61630185,sitting,-0.0537,-0.0093,-1.0041,0.5600,-2.7650,0.7700
61630204,sitting,-0.0522,-0.0090,-1.0033,0.5600,-2.7300,0.7350
61630224,sitting,-0.0539,-0.0098,-1.0036,0.5950,-2.8000,0.7350
61630243,sitting,-0.0527,-0.0093,-1.0038,0.5950,-2.8000,0.7350
61630262,sitting,-0.0522,-0.0093,-1.0043,0.5600,-2.8000,0.7700
61630281,sitting,-0.0532,-0.0100,-1.0033,0.5600,-2.8000,0.7700
61630301,sitting,-0.0525,-0.0100,-1.0036,0.5600,-2.7300,0.7700
61630320,sitting,-0.0539,-0.0095,-1.0045,0.5600,-2.7300,0.7700
61630339,sitting,-0.0537,-0.0102,-1.0045,0.5600,-2.8000,0.7700
61630358,sitting,-0.0537,-0.0093,-1.0038,0.5600,-2.8000,0.7700
61630378,sitting,-0.0544,-0.0085,-1.0043,0.5600,-2.7650,0.7700
61630397,sitting,-0.0529,-0.0088,-1.0041,0.5600,-2.8000,0.7700
61630416,sitting,-0.0527,-0.0093,-1.0026,0.5600,-2.7300,0.8050
61630435,sitting,-0.0529,-0.0088,-1.0045,0.5250,-2.8000,0.7700
61630454,sitting,-0.0529,-0.0093,-1.0041,0.5600,-2.7650,0.7350
61630474,sitting,-0.0542,-0.0088,-1.0038,0.5250,-2.7300,0.7700
61630493,sitting,-0.0534,-0.0093,-1.0045,0.5600,-2.7650,0.7700
61630512,sitting,-0.0537,-0.0093,-1.0048,0.5250,-2.8000,0.7350
61630531,sitting,-0.0534,-0.0093,-1.0043,0.5600,-2.7650,0.7700
61630551,sitting,-0.0539,-0.0095,-1.0038,0.5600,-2.7650,0.7700
61630570,sitting,-0.0537,-0.0088,-1.0043,0.5600,-2.7300,0.7700
61630589,sitting,-0.0544,-0.0088,-1.0045,0.5600,-2.7300,0.7700
61630608,sitting,-0.0532,-0.0100,-1.0041,0.5600,-2.7300,0.7700
61630628,sitting,-0.0532,-0.0090,-1.0036,0.5950,-2.7650,0.7350
61630647,sitting,-0.0532,-0.0098,-1.0026,0.5600,-2.7650,0.7700
61630666,sitting,-0.0534,-0.0093,-1.0028,0.5600,-2.7300,0.7350
61630685,sitting,-0.0532,-0.0083,-1.0038,0.5600,-2.7650,0.7700
61630704,sitting,-0.0532,-0.0098,-1.0045,0.5600,-2.7300,0.7700
61630724,sitting,-0.0537,-0.0093,-1.0045,0.5600,-2.7300,0.7700
61630743,sitting,-0.0529,-0.0088,-1.0050,0.5600,-2.8000,0.7350
61630762,sitting,-0.0544,-0.0083,-1.0045,0.5600,-2.7650,0.7700
61630781,sitting,-0.0534,-0.0100,-1.0033,0.5600,-2.8000,0.7700
61630801,sitting,-0.0532,-0.0093,-1.0045,0.6300,-2.8000,0.7700
61630820,sitting,-0.0539,-0.0095,-1.0038,0.5600,-2.7300,0.7700
61630839,sitting,-0.0522,-0.0085,-1.0036,0.5600,-2.7650,0.7700
61630858,sitting,-0.0522,-0.0088,-1.0038,0.5600,-2.7650,0.7700
61630878,sitting,-0.0529,-0.0088,-1.0041,0.5600,-2.7300,0.7350
61630897,sitting,-0.0525,-0.0085,-1.0036,0.5600,-2.7650,0.7700
61630916,sitting,-0.0537,-0.0100,-1.0053,0.5950,-2.7300,0.7350
61630935,sitting,-0.0537,-0.0102,-1.0036,0.5600,-2.7650,0.7700
61630954,sitting,-0.0529,-0.0098,-1.0036,0.5600,-2.8000,0.7700
61630974,sitting,-0.0532,-0.0093,-1.0038,0.5600,-2.7300,0.7700
61630993,sitting,-0.0532,-0.0093,-1.0038,0.5600,-2.7650,0.7700
61631012,sitting,-0.0525,-0.0095,-1.0043,0.5600,-2.7300,0.7700
61631031,sitting,-0.0534,-0.0090,-1.0038,0.5250,-2.7300,0.7700
61631051,sitting,-0.0542,-0.0088,-1.0041,0.5600,-2.8000,0.7700
61631070,sitting,-0.0537,-0.0095,-1.0043,0.5600,-2.7650,0.7700
61631089,sitting,-0.0529,-0.0083,-1.0045,0.5250,-2.7300,0.7350
61631108,sitting,-0.0532,-0.0093,-1.0050,0.5600,-2.8000,0.7700
61631128,sitting,-0.0544,-0.0090,-1.0038,0.5600,-2.7300,0.7700
61631147,sitting,-0.0537,-0.0088,-1.0038,0.5600,-2.7300,0.7350
61631166,sitting,-0.0537,-0.0095,-1.0038,0.5600,-2.8000,0.7350
61631185,sitting,-0.0537,-0.0088,-1.0038,0.5250,-2.7650,0.7700
61631204,sitting,-0.0525,-0.0095,-1.0048,0.5950,-2.8000,0.7700
61631224,sitting,-0.0532,-0.0100,-1.0043,0.5600,-2.7300,0.7350
61631243,sitting,-0.0537,-0.0095,-1.0048,0.5950,-2.7650,0.7700
61631262,sitting,-0.0534,-0.0085,-1.0041,0.5950,-2.7650,0.7700
61631281,sitting,-0.0534,-0.0093,-1.0038,0.5600,-2.7300,0.7700
61631301,sitting,-0.0532,-0.0083,-1.0041,0.5600,-2.7300,0.7700
61631320,sitting,-0.0534,-0.0093,-1.0033,0.4900,-2.7300,0.7350
61631339,sitting,-0.0537,-0.0093,-1.0048,0.5600,-2.7650,0.7700
61631358,sitting,-0.0527,-0.0090,-1.0038,0.5950,-2.7650,0.7700
61631378,sitting,-0.0525,-0.0088,-1.0038,0.5600,-2.7300,0.7350
61631397,sitting,-0.0527,-0.0093,-1.0050,0.5600,-2.7300,0.7700
61631416,sitting,-0.0532,-0.0095,-1.0036,0.5600,-2.7650,0.7700
61631435,sitting,-0.0532,-0.0093,-1.0048,0.5600,-2.7650,0.7700
61631454,sitting,-0.0534,-0.0098,-1.0033,0.5600,-2.8000,0.7700
61631474,sitting,-0.0532,-0.0095,-1.0043,0.5600,-2.7650,0.7700
61631493,sitting,-0.0534,-0.0093,-1.0043,0.6300,-2.7300,0.7700
61631512,sitting,-0.0529,-0.0095,-1.0043,0.5600,-2.7650,0.7700
61631531,sitting,-0.0539,-0.0100,-1.0055,0.5600,-2.7300,0.7700
61631551,sitting,-0.0527,-0.0090,-1.0036,0.5600,-2.7300,0.7700
61631570,sitting,-0.0534,-0.0088,-1.0041,0.5950,-2.7300,0.7700
61631589,sitting,-0.0534,-0.0095,-1.0041,0.5600,-2.7650,0.7700
61631608,sitting,-0.0527,-0.0098,-1.0036,0.5250,-2.7650,0.7700
61631628,sitting,-0.0534,-0.0102,-1.0033,0.5600,-2.7300,0.7700
61631647,sitting,-0.0534,-0.0090,-1.0050,0.5600,-2.7650,0.7700
61631666,sitting,-0.0534,-0.0085,-1.0043,0.5250,-2.7300,0.7000
61631685,sitting,-0.0539,-0.0088,-1.0043,0.5600,-2.7300,0.7000
61631704,sitting,-0.0527,-0.0095,-1.0036,0.5600,-2.8000,0.7700
61631724,sitting,-0.0532,-0.0085,-1.0048,0.5600,-2.8000,0.7700
61631743,sitting,-0.0532,-0.0093,-1.0045,0.5600,-2.8000,0.7700
61631762,sitting,-0.0532,-0.0102,-1.0045,0.5600,-2.7650,0.7700
61631781,sitting,-0.0537,-0.0093,-1.0041,0.5600,-2.7650,0.7350
61631801,sitting,-0.0547,-0.0098,-1.0045,0.5250,-2.7650,0.7700
61631820,sitting,-0.0534,-0.0090,-1.0045,0.5600,-2.7300,0.7700
61631839,sitting,-0.0542,-0.0085,-1.0048,0.5250,-2.8000,0.7700
61631858,sitting,-0.0539,-0.0090,-1.0048,0.5600,-2.7650,0.7700
61631878,sitting,-0.0529,-0.0102,-1.0043,0.5250,-2.7300,0.8050
61631897,sitting,-0.0532,-0.0093,-1.0038,0.5250,-2.7300,0.7700
61631916,sitting,-0.0539,-0.0085,-1.0043,0.5600,-2.7300,0.7700
61631935,sitting,-0.0534,-0.0093,-1.0043,0.5950,-2.8000,0.7700
61631954,sitting,-0.0534,-0.0090,-1.0043,0.5600,-2.8000,0.7700
61631974,sitting,-0.0529,-0.0090,-1.0038,0.5600,-2.7300,0.7700
61631993,sitting,-0.0529,-0.0095,-1.0045,0.5600,-2.7300,0.7700
61632012,sitting,-0.0532,-0.0095,-1.0043,0.5600,-2.7300,0.7700
61632031,sitting,-0.0532,-0.0095,-1.0041,0.5250,-2.8000,0.7350
61632051,sitting,-0.0542,-0.0095,-1.0050,0.5600,-2.7300,0.7700
61632070,sitting,-0.0532,-0.0085,-1.0043,0.5600,-2.7650,0.7350
61632089,sitting,-0.0532,-0.0093,-1.0041,0.5600,-2.8000,0.7350
61632108,sitting,-0.0542,-0.0090,-1.0038,0.5600,-2.8000,0.7350
61632128,sitting,-0.0539,-0.0095,-1.0043,0.5600,-2.7650,0.7700
61632147,sitting,-0.0551,-0.0088,-1.0036,0.5600,-2.7300,0.7700
61632166,sitting,-0.0542,-0.0083,-1.0038,0.5600,-2.7650,0.7700
61632185,sitting,-0.0532,-0.0093,-1.0036,0.5600,-2.7650,0.7700
61632204,sitting,-0.0534,-0.0093,-1.0045,0.5600,-2.7650,0.7700
61632224,sitting,-0.0532,-0.0093,-1.0043,0.5600,-2.7300,0.7700
61632243,sitting,-0.0544,-0.0085,-1.0045,0.5600,-2.7650,0.7700
61632262,sitting,-0.0534,-0.0095,-1.0045,0.5600,-2.7650,0.8050
61632281,sitting,-0.0539,-0.0095,-1.0041,0.4900,-2.8000,0.7700
61632301,sitting,-0.0529,-0.0093,-1.0043,0.5250,-2.7650,0.7700
61632320,sitting,-0.0539,-0.0088,-1.0036,0.5250,-2.7300,0.7700
61632339,sitting,-0.0534,-0.0095,-1.0036,0.5600,-2.7650,0.7700
61632358,sitting,-0.0532,-0.0095,-1.0043,0.5600,-2.8000,0.7700
61632378,sitting,-0.0532,-0.0095,-1.0041,0.5600,-2.7300,0.7700
61632397,sitting,-0.0539,-0.0088,-1.0038,0.5600,-2.7300,0.7700
61632416,sitting,-0.0529,-0.0090,-1.0036,0.5600,-2.8000,0.7700
61632435,sitting,-0.0532,-0.0088,-1.0043,0.5600,-2.7650,0.7700
61632454,sitting,-0.0537,-0.0088,-1.0045,0.5600,-2.7650,0.7700
61632474,sitting,-0.0539,-0.0093,-1.0048,0.5600,-2.7300,0.7700
61632493,sitting,-0.0534,-0.0093,-1.0033,0.5600,-2.7650,0.7700
61632512,sitting,-0.0539,-0.0095,-1.0038,0.5600,-2.7300,0.7700
61632531,sitting,-0.0539,-0.0090,-1.0038,0.5600,-2.8000,0.7700
61632551,sitting,-0.0532,-0.0100,-1.0031,0.5600,-2.7650,0.7700
61632570,sitting,-0.0534,-0.0085,-1.0043,0.5600,-2.7300,0.7350
61632589,sitting,-0.0539,-0.0085,-1.0041,0.5600,-2.7650,0.7350
61632608,sitting,-0.0534,-0.0095,-1.0045,0.5600,-2.7650,0.7350
61632628,sitting,-0.0532,-0.0100,-1.0045,0.5600,-2.8000,0.7700
61632647,sitting,-0.0522,-0.0100,-1.0043,0.6300,-2.7650,0.7000
61632666,sitting,-0.0529,-0.0095,-1.0036,0.5600,-2.8000,0.7700
61632685,sitting,-0.0539,-0.0093,-1.0043,0.5600,-2.7300,0.7700
61632704,sitting,-0.0539,-0.0093,-1.0036,0.5950,-2.7650,0.7700
61632724,sitting,-0.0534,-0.0098,-1.0043,0.5600,-2.8000,0.7700
61632743,sitting,-0.0542,-0.0095,-1.0050,0.5600,-2.7650,0.7700
61632762,sitting,-0.0542,-0.0093,-1.0036,0.5600,-2.7650,0.7700
61632781,sitting,-0.0544,-0.0085,-1.0043,0.5250,-2.7650,0.7700
61632801,sitting,-0.0534,-0.0093,-1.0036,0.5600,-2.7300,0.7700
61632820,sitting,-0.0532,-0.0090,-1.0038,0.5600,-2.7300,0.7700
61632839,sitting,-0.0527,-0.0090,-1.0043,0.5600,-2.7650,0.7700
61632858,sitting,-0.0532,-0.0093,-1.0038,0.5950,-2.7650,0.7700
61632878,sitting,-0.0534,-0.0095,-1.0036,0.5600,-2.7300,0.7700
61632897,sitting,-0.0542,-0.0098,-1.0048,0.5600,-2.7650,0.7700
61632916,sitting,-0.0537,-0.0095,-1.0036,0.5600,-2.7300,0.7350
61632935,sitting,-0.0544,-0.0090,-1.0045,0.5600,-2.7650,0.7700
61632954,sitting,-0.0547,-0.0085,-1.0036,0.5950,-2.7300,0.7350
61632974,sitting,-0.0537,-0.0095,-1.0048,0.5600,-2.7650,0.7700
61632993,sitting,-0.0527,-0.0090,-1.0036,0.5600,-2.7300,0.7700
61633012,sitting,-0.0527,-0.0090,-1.0041,0.5950,-2.7300,0.7000
61633031,sitting,-0.0539,-0.0093,-1.0045,0.5600,-2.7300,0.7350
61633051,sitting,-0.0537,-0.0093,-1.0043,0.5600,-2.8000,0.7350
61633070,sitting,-0.0539,-0.0098,-1.0045,0.5600,-2.8000,0.7350
61633089,sitting,-0.0534,-0.0095,-1.0041,0.5600,-2.8000,0.7350
61633108,sitting,-0.0544,-0.0093,-1.0038,0.5600,-2.7650,0.7350
61633128,sitting,-0.0537,-0.0090,-1.0038,0.5600,-2.7650,0.7350
61633147,sitting,-0.0544,-0.0088,-1.0043,0.4900,-2.7650,0.7700
61633166,sitting,-0.0534,-0.0083,-1.0043,0.5600,-2.7650,0.7350
61633185,sitting,-0.0527,-0.0088,-1.0048,0.5600,-2.7650,0.7700
61633204,sitting,-0.0534,-0.0093,-1.0048,0.5950,-2.8000,0.7700
61633224,sitting,-0.0539,-0.0098,-1.0033,0.5600,-2.8000,0.7700
61633243,sitting,-0.0532,-0.0090,-1.0028,0.5250,-2.7650,0.7700
61633262,sitting,-0.0539,-0.0085,-1.0033,0.5250,-2.7650,0.7700
61633281,sitting,-0.0537,-0.0098,-1.0036,0.5600,-2.7300,0.7700
61633301,sitting,-0.0539,-0.0093,-1.0043,0.5600,-2.7300,0.7700
61633320,sitting,-0.0539,-0.0088,-1.0043,0.5600,-2.7650,0.7700
61633339,sitting,-0.0529,-0.0090,-1.0041,0.6300,-2.7650,0.7700
61633358,sitting,-0.0539,-0.0088,-1.0038,0.5600,-2.7650,0.7700
61633378,sitting,-0.0539,-0.0090,-1.0033,0.5600,-2.7650,0.7700
61633397,sitting,-0.0537,-0.0088,-1.0038,0.5600,-2.7300,0.7700
61633416,sitting,-0.0539,-0.0090,-1.0041,0.5600,-2.7300,0.7700
61633435,sitting,-0.0529,-0.0093,-1.0038,0.5950,-2.7650,0.7700
61633454,sitting,-0.0539,-0.0098,-1.0038,0.5600,-2.7300,0.7350
61633474,sitting,-0.0539,-0.0093,-1.0031,0.5600,-2.8000,0.7700
61633493,sitting,-0.0527,-0.0093,-1.0045,0.5600,-2.7650,0.7700
61633512,sitting,-0.0537,-0.0088,-1.0036,0.5600,-2.7300,0.7350
61633531,sitting,-0.0537,-0.0095,-1.0036,0.5250,-2.7650,0.7700
61633551,sitting,-0.0539,-0.0105,-1.0053,0.5600,-2.8000,0.7700
61633570,sitting,-0.0537,-0.0093,-1.0048,0.5600,-2.7300,0.7700
61633589,sitting,-0.0539,-0.0088,-1.0050,0.5600,-2.8000,0.7700
61633608,sitting,-0.0547,-0.0090,-1.0050,0.5600,-2.7650,0.7350
61633628,sitting,-0.0529,-0.0090,-1.0036,0.5600,-2.7650,0.7700
61633647,sitting,-0.0542,-0.0095,-1.0036,0.5600,-2.7650,0.7700
61633666,sitting,-0.0537,-0.0088,-1.0036,0.5600,-2.7650,0.7700
61633685,sitting,-0.0539,-0.0093,-1.0036,0.5600,-2.7650,0.7700
61633704,sitting,-0.0527,-0.0088,-1.0036,0.5250,-2.7300,0.7700
61633724,sitting,-0.0537,-0.0095,-1.0036,0.5600,-2.7650,0.7700
61633743,sitting,-0.0537,-0.0095,-1.0041,0.5600,-2.7300,0.7700
61633762,sitting,-0.0532,-0.0093,-1.0038,0.5600,-2.7650,0.7700
61633781,sitting,-0.0532,-0.0090,-1.0041,0.5600,-2.8000,0.7700
61633801,sitting,-0.0532,-0.0085,-1.0031,0.5600,-2.8000,0.7700
61633820,sitting,-0.0539,-0.0095,-1.0036,0.5250,-2.7650,0.7700
61633839,sitting,-0.0539,-0.0090,-1.0041,0.5600,-2.7300,0.7700
61633858,sitting,-0.0527,-0.0093,-1.0041,0.5950,-2.7300,0.7000
61633878,sitting,-0.0529,-0.0093,-1.0043,0.5600,-2.7300,0.7000
61633897,sitting,-0.0544,-0.0088,-1.0045,0.5600,-2.7300,0.7350
61633916,sitting,-0.0542,-0.0090,-1.0036,0.5950,-2.7300,0.7700
61633935,sitting,-0.0534,-0.0098,-1.0036,0.5600,-2.7650,0.7350
61633954,sitting,-0.0527,-0.0098,-1.0033,0.5600,-2.7300,0.7700
61633974,sitting,-0.0527,-0.0090,-1.0045,0.5600,-2.8000,0.7700
61633993,sitting,-0.0542,-0.0083,-1.0048,0.5600,-2.7650,0.7700
61634012,sitting,-0.0529,-0.0085,-1.0048,0.5950,-2.7300,0.7700
61634031,sitting,-0.0529,-0.0098,-1.0031,0.5950,-2.8000,0.7700
61634051,sitting,-0.0534,-0.0090,-1.0031,0.5600,-2.8000,0.7700
61634070,sitting,-0.0529,-0.0090,-1.0036,0.5600,-2.7650,0.7700
61634089,sitting,-0.0537,-0.0100,-1.0041,0.5600,-2.7650,0.7700
61634108,sitting,-0.0537,-0.0093,-1.0041,0.5250,-2.8000,0.7700
61634128,sitting,-0.0529,-0.0095,-1.0038,0.5600,-2.7650,0.7700
61634147,sitting,-0.0527,-0.0090,-1.0031,0.5600,-2.7650,0.7700
61634166,sitting,-0.0529,-0.0090,-1.0036,0.5600,-2.7300,0.7700
61634185,sitting,-0.0527,-0.0081,-1.0033,0.5600,-2.7300,0.7700
61634204,sitting,-0.0527,-0.0098,-1.0038,0.5600,-2.7650,0.7700
61634224,sitting,-0.0527,-0.0098,-1.0043,0.5600,-2.7300,0.7700
61634243,sitting,-0.0537,-0.0088,-1.0041,0.5600,-2.7650,0.7700
61634262,sitting,-0.0534,-0.0085,-1.0043,0.5600,-2.7300,0.7700
61634281,sitting,-0.0542,-0.0095,-1.0036,0.5600,-2.7300,0.7700
61634301,sitting,-0.0522,-0.0093,-1.0036,0.5600,-2.8000,0.7350
61634320,sitting,-0.0529,-0.0095,-1.0038,0.5600,-2.7300,0.7000
61634339,sitting,-0.0534,-0.0100,-1.0036,0.5600,-2.7650,0.7700
61634358,sitting,-0.0544,-0.0085,-1.0028,0.5250,-2.7650,0.7700
61634378,sitting,-0.0529,-0.0090,-1.0036,0.5600,-2.7650,0.7700
61634397,sitting,-0.0522,-0.0095,-1.0041,0.5600,-2.7300,0.7350
61634416,sitting,-0.0542,-0.0090,-1.0043,0.5600,-2.7300,0.7700
61634435,sitting,-0.0537,-0.0090,-1.0045,0.5600,-2.8000,0.7700
61634454,sitting,-0.0525,-0.0095,-1.0038,0.5600,-2.7300,0.7700
61634474,sitting,-0.0527,-0.0081,-1.0041,0.5600,-2.7650,0.7700
61634493,sitting,-0.0534,-0.0088,-1.0045,0.5950,-2.7650,0.7700
61634512,sitting,-0.0539,-0.0093,-1.0036,0.5600,-2.7650,0.7700
61634531,sitting,-0.0534,-0.0088,-1.0038,0.5600,-2.8000,0.7700
61634551,sitting,-0.0529,-0.0093,-1.0045,0.5600,-2.7650,0.7700
61634570,sitting,-0.0532,-0.0100,-1.0045,0.5600,-2.8000,0.7700
61634589,sitting,-0.0532,-0.0093,-1.0033,0.5600,-2.7650,0.7700
61634608,sitting,-0.0534,-0.0095,-1.0041,0.5600,-2.7650,0.7700
61634628,sitting,-0.0537,-0.0095,-1.0036,0.5600,-2.7300,0.7700
61634647,sitting,-0.0534,-0.0088,-1.0043,0.5600,-2.7650,0.7700
61634666,sitting,-0.0534,-0.0095,-1.0036,0.5600,-2.7300,0.7700
61634685,sitting,-0.0542,-0.0088,-1.0033,0.5600,-2.7300,0.7700
61634704,sitting,-0.0532,-0.0088,-1.0026,0.5600,-2.7300,0.8050
61634724,sitting,-0.0539,-0.0090,-1.0041,0.5600,-2.7650,0.7700
61634743,sitting,-0.0534,-0.0088,-1.0043,0.5600,-2.7300,0.7700
61634762,sitting,-0.0539,-0.0090,-1.0036,0.5600,-2.7650,0.7700
61634781,sitting,-0.0547,-0.0083,-1.0036,0.5600,-2.7650,0.7700
61634801,sitting,-0.0534,-0.0095,-1.0041,0.5600,-2.7300,0.7350
61634820,sitting,-0.0539,-0.0083,-1.0038,0.5600,-2.7300,0.7700
61634839,sitting,-0.0539,-0.0083,-1.0038,0.5950,-2.7300,0.7700
61634858,sitting,-0.0534,-0.0085,-1.0045,0.5600,-2.7300,0.7700
61634878,sitting,-0.0527,-0.0095,-1.0043,0.5600,-2.7300,0.7700
61634897,sitting,-0.0537,-0.0093,-1.0038,0.5600,-2.7300,0.7350
61634916,sitting,-0.0537,-0.0090,-1.0036,0.5950,-2.7300,0.7700
61634935,sitting,-0.0539,-0.0093,-1.0043,0.5600,-2.7650,0.7700
61634954,sitting,-0.0532,-0.0093,-1.0041,0.5250,-2.7650,0.7700
61634974,sitting,-0.0539,-0.0090,-1.0045,0.5600,-2.8000,0.7700
61634993,sitting,-0.0532,-0.0090,-1.0041,0.5600,-2.7650,0.7700
61635012,sitting,-0.0527,-0.0093,-1.0045,0.5250,-2.7650,0.7700
61635031,sitting,-0.0527,-0.0090,-1.0043,0.5600,-2.8000,0.7700
61635051,sitting,-0.0517,-0.0098,-1.0045,0.5250,-2.8000,0.7350
61635070,sitting,-0.0539,-0.0093,-1.0031,0.5600,-2.7650,0.7700
61635089,sitting,-0.0534,-0.0093,-1.0041,0.5600,-2.7300,0.7700
61635108,sitting,-0.0539,-0.0098,-1.0026,0.5600,-2.7300,0.7700
61635128,sitting,-0.0537,-0.0102,-1.0028,0.5600,-2.7300,0.8050
61635147,sitting,-0.0532,-0.0090,-1.0043,0.5600,-2.7650,0.7700
61635166,sitting,-0.0542,-0.0083,-1.0045,0.5250,-2.7300,0.7700
61635185,sitting,-0.0534,-0.0085,-1.0045,0.5950,-2.7300,0.7700
61635204,sitting,-0.0539,-0.0095,-1.0048,0.5600,-2.7650,0.7700
61635224,sitting,-0.0537,-0.0098,-1.0045,0.5600,-2.7650,0.7700
61635243,sitting,-0.0525,-0.0100,-1.0038,0.5950,-2.7650,0.7700
61635262,sitting,-0.0527,-0.0095,-1.0048,0.5600,-2.8000,0.7350
61635281,sitting,-0.0529,-0.0093,-1.0045,0.5600,-2.8000,0.7700
61635301,sitting,-0.0537,-0.0093,-1.0045,0.5250,-2.8000,0.7350
61635320,sitting,-0.0534,-0.0095,-1.0045,0.5600,-2.7300,0.7700
61635339,sitting,-0.0532,-0.0098,-1.0048,0.5600,-2.7300,0.7350
61635358,sitting,-0.0534,-0.0095,-1.0038,0.5250,-2.8000,0.7000
61635378,sitting,-0.0534,-0.0085,-1.0031,0.5600,-2.8000,0.7700
61635397,sitting,-0.0532,-0.0090,-1.0038,0.5600,-2.7300,0.7700
61635416,sitting,-0.0537,-0.0088,-1.0041,0.5600,-2.8000,0.7700
61635435,sitting,-0.0532,-0.0085,-1.0028,0.5250,-2.7650,0.7700
61635454,sitting,-0.0522,-0.0093,-1.0033,0.5950,-2.7300,0.7700
61635474,sitting,-0.0537,-0.0100,-1.0038,0.5600,-2.7300,0.7700
61635493,sitting,-0.0537,-0.0100,-1.0024,0.5600,-2.7300,0.8050
61635512,sitting,-0.0542,-0.0093,-1.0045,0.5600,-2.7650,0.7700
61635531,sitting,-0.0534,-0.0088,-1.0033,0.5600,-2.7300,0.7700
61635551,sitting,-0.0537,-0.0098,-1.0033,0.5600,-2.7300,0.8050
61635570,sitting,-0.0554,-0.0095,-1.0028,0.5250,-2.7650,0.7700
61635589,sitting,-0.0542,-0.0090,-1.0043,0.5250,-2.7650,0.7700
61635608,sitting,-0.0539,-0.0102,-1.0045,0.5600,-2.7650,0.7700
61635628,sitting,-0.0532,-0.0085,-1.0036,0.5600,-2.7650,0.7700
61635647,sitting,-0.0544,-0.0093,-1.0038,0.5600,-2.7650,0.7700
61635666,sitting,-0.0529,-0.0093,-1.0038,0.5600,-2.7650,0.7350
61635685,sitting,-0.0527,-0.0093,-1.0036,0.5250,-2.7300,0.7700
61635704,sitting,-0.0534,-0.0083,-1.0028,0.5600,-2.7650,0.7700
61635724,sitting,-0.0525,-0.0093,-1.0036,0.5600,-2.7300,0.7350
61635743,sitting,-0.0542,-0.0098,-1.0028,0.5600,-2.7300,0.7350
61635762,sitting,-0.0529,-0.0100,-1.0043,0.5600,-2.7650,0.7350
61635781,sitting,-0.0534,-0.0093,-1.0045,0.5600,-2.7650,0.7700
61635801,sitting,-0.0542,-0.0085,-1.0041,0.5600,-2.7300,0.7350
61635820,sitting,-0.0532,-0.0093,-1.0031,0.5600,-2.8000,0.7700
61635839,sitting,-0.0534,-0.0090,-1.0033,0.5600,-2.7650,0.7350
61635858,sitting,-0.0529,-0.0100,-1.0036,0.5600,-2.7300,0.7700
61635878,sitting,-0.0537,-0.0098,-1.0033,0.5600,-2.7300,0.7700
61635897,sitting,-0.0527,-0.0090,-1.0041,0.5950,-2.7300,0.7700
61635916,sitting,-0.0529,-0.0085,-1.0036,0.5250,-2.8000,0.7700
61635935,sitting,-0.0539,-0.0090,-1.0033,0.5250,-2.7300,0.7700
61635954,sitting,-0.0534,-0.0095,-1.0045,0.5600,-2.8000,0.7700
61635974,sitting,-0.0539,-0.0093,-1.0036,0.5950,-2.8000,0.7700
61635993,sitting,-0.0539,-0.0098,-1.0031,0.5600,-2.7650,0.7700
61636012,sitting,-0.0532,-0.0095,-1.0045,0.5950,-2.8000,0.7700
61636031,sitting,-0.0539,-0.0095,-1.0038,0.5600,-2.7300,0.7700
61636051,sitting,-0.0527,-0.0093,-1.0036,0.5600,-2.7300,0.7700
61636070,sitting,-0.0532,-0.0093,-1.0036,0.5600,-2.7300,0.7700
61636089,sitting,-0.0534,-0.0095,-1.0038,0.5600,-2.7650,0.8050
61636108,sitting,-0.0539,-0.0083,-1.0036,0.5600,-2.8000,0.7700
61636128,sitting,-0.0532,-0.0081,-1.0033,0.5250,-2.7650,0.7700
61636147,sitting,-0.0539,-0.0090,-1.0038,0.5600,-2.7300,0.7700
61636166,sitting,-0.0539,-0.0100,-1.0031,0.5600,-2.7300,0.7000
61636185,sitting,-0.0534,-0.0095,-1.0038,0.5600,-2.8000,0.7700
61636204,sitting,-0.0534,-0.0100,-1.0036,0.5600,-2.7300,0.7350
61636224,sitting,-0.0537,-0.0085,-1.0033,0.5950,-2.8000,0.7700
61636243,sitting,-0.0532,-0.0088,-1.0036,0.5600,-2.7300,0.7700
61636262,sitting,-0.0542,-0.0088,-1.0036,0.5600,-2.7650,0.7700
61636281,sitting,-0.0534,-0.0085,-1.0045,0.5600,-2.7650,0.7350
61636301,sitting,-0.0529,-0.0100,-1.0048,0.5600,-2.7650,0.7350
61636320,sitting,-0.0532,-0.0095,-1.0033,0.5600,-2.7300,0.7700
61636339,sitting,-0.0539,-0.0090,-1.0045,0.5600,-2.8000,0.7700
61636358,sitting,-0.0544,-0.0095,-1.0043,0.5600,-2.7300,0.8050
61636378,sitting,-0.0537,-0.0093,-1.0033,0.5600,-2.8000,0.7700
61636397,sitting,-0.0537,-0.0098,-1.0043,0.5600,-2.7300,0.8050
61636416,sitting,-0.0534,-0.0093,-1.0038,0.5600,-2.7300,0.7700
61636435,sitting,-0.0534,-0.0095,-1.0041,0.5600,-2.7650,0.7700
61636454,sitting,-0.0539,-0.0088,-1.0036,0.4900,-2.8000,0.8050
61636474,sitting,-0.0542,-0.0090,-1.0041,0.5250,-2.8000,0.7700
61636493,sitting,-0.0539,-0.0098,-1.0036,0.5600,-2.7300,0.7700
61636512,sitting,-0.0532,-0.0098,-1.0026,0.5600,-2.7300,0.7350
61636531,sitting,-0.0529,-0.0100,-1.0031,0.5600,-2.7650,0.7700
61636551,sitting,-0.0542,-0.0090,-1.0036,0.5600,-2.7650,0.7350
61636570,sitting,-0.0534,-0.0100,-1.0041,0.5600,-2.7300,0.7700
61636589,sitting,-0.0534,-0.0090,-1.0041,0.5600,-2.7650,0.7700
61636608,sitting,-0.0534,-0.0095,-1.0043,0.5600,-2.7300,0.7700
61636628,sitting,-0.0532,-0.0095,-1.0043,0.5600,-2.7650,0.7350
61636647,sitting,-0.0532,-0.0081,-1.0043,0.5600,-2.7300,0.7700
61636666,sitting,-0.0534,-0.0083,-1.0038,0.5950,-2.7650,0.7000
61636685,sitting,-0.0534,-0.0083,-1.0048,0.5600,-2.7300,0.7350
61636704,sitting,-0.0527,-0.0083,-1.0038,0.5250,-2.8000,0.7700
61636724,sitting,-0.0539,-0.0095,-1.0043,0.5600,-2.7300,0.7350
61636743,sitting,-0.0534,-0.0088,-1.0045,0.5600,-2.7650,0.7000
61636762,sitting,-0.0522,-0.0090,-1.0041,0.5600,-2.7300,0.7350
61636781,sitting,-0.0527,-0.0083,-1.0043,0.5600,-2.7650,0.7700
61636801,sitting,-0.0532,-0.0088,-1.0043,0.5600,-2.7650,0.7700
61636820,sitting,-0.0534,-0.0088,-1.0038,0.5600,-2.7650,0.7700
61636839,sitting,-0.0537,-0.0093,-1.0031,0.5600,-2.7650,0.7700
61636858,sitting,-0.0534,-0.0105,-1.0031,0.5250,-2.7300,0.7700
61636878,sitting,-0.0534,-0.0088,-1.0043,0.5600,-2.7650,0.7700
61636897,sitting,-0.0532,-0.0093,-1.0043,0.5600,-2.7300,0.7700
61636916,sitting,-0.0527,-0.0098,-1.0050,0.5250,-2.7300,0.7700
61636935,sitting,-0.0532,-0.0090,-1.0041,0.5600,-2.7650,0.7700
61636954,sitting,-0.0539,-0.0093,-1.0041,0.5600,-2.7650,0.7700
61636974,sitting,-0.0529,-0.0093,-1.0038,0.5600,-2.7650,0.7700
61636993,sitting,-0.0527,-0.0093,-1.0043,0.5600,-2.7650,0.7700
61637012,sitting,-0.0529,-0.0090,-1.0036,0.5600,-2.7300,0.7700
61637031,sitting,-0.0532,-0.0095,-1.0048,0.5600,-2.7300,0.7700
61637051,sitting,-0.0532,-0.0098,-1.0048,0.5600,-2.7650,0.7350
61637070,sitting,-0.0534,-0.0093,-1.0036,0.5600,-2.7300,0.7700
61637089,sitting,-0.0534,-0.0093,-1.0036,0.5950,-2.7300,0.7700
61637108,sitting,-0.0544,-0.0085,-1.0036,0.5950,-2.7300,0.7700
61637128,sitting,-0.0537,-0.0098,-1.0036,0.5600,-2.8000,0.8050
61637147,sitting,-0.0529,-0.0098,-1.0045,0.5600,-2.7300,0.7700
61637166,sitting,-0.0532,-0.0095,-1.0041,0.5600,-2.7650,0.7700
61637185,sitting,-0.0534,-0.0098,-1.0038,0.5600,-2.7300,0.7350
61637204,sitting,-0.0537,-0.0100,-1.0036,0.5600,-2.7650,0.7700
61637224,sitting,-0.0532,-0.0090,-1.0041,0.5950,-2.7300,0.7700
61637243,sitting,-0.0529,-0.0098,-1.0041,0.5950,-2.8000,0.7000
61637262,sitting,-0.0529,-0.0090,-1.0038,0.5600,-2.8000,0.7350
61637281,sitting,-0.0544,-0.0090,-1.0038,0.5600,-2.7300,0.7700
61637301,sitting,-0.0529,-0.0098,-1.0041,0.5600,-2.7650,0.7700
61637320,sitting,-0.0537,-0.0083,-1.0038,0.5950,-2.8000,0.7700
61637339,sitting,-0.0547,-0.0090,-1.0038,0.5600,-2.7300,0.7700
61637358,sitting,-0.0542,-0.0102,-1.0041,0.5600,-2.7650,0.8050
61637378,sitting,-0.0532,-0.0098,-1.0045,0.5250,-2.7300,0.7350
61637397,sitting,-0.0539,-0.0095,-1.0041,0.5250,-2.8000,0.7700
61637416,sitting,-0.0537,-0.0088,-1.0041,0.5600,-2.7650,0.7700
61637435,sitting,-0.0542,-0.0085,-1.0031,0.4900,-2.7650,0.7350
61637454,sitting,-0.0529,-0.0093,-1.0036,0.5600,-2.7300,0.7700
61637474,sitting,-0.0539,-0.0083,-1.0043,0.5950,-2.7650,0.7700
61637493,sitting,-0.0542,-0.0088,-1.0038,0.5950,-2.7300,0.7700
61637512,sitting,-0.0537,-0.0083,-1.0038,0.5950,-2.7300,0.7700
61637531,sitting,-0.0532,-0.0095,-1.0033,0.5600,-2.7300,0.8050
61637551,sitting,-0.0539,-0.0088,-1.0043,0.5600,-2.7300,0.7700
61637570,sitting,-0.0534,-0.0090,-1.0043,0.5600,-2.7300,0.7700
61637589,sitting,-0.0539,-0.0078,-1.0031,0.5600,-2.7650,0.7700
61637608,sitting,-0.0534,-0.0078,-1.0036,0.5600,-2.7300,0.7350
61637628,sitting,-0.0542,-0.0090,-1.0055,0.5950,-2.7300,0.7700
61637647,sitting,-0.0527,-0.0088,-1.0043,0.5600,-2.7650,0.7700
61637666,sitting,-0.0539,-0.0098,-1.0036,0.5600,-2.7300,0.7700
61637685,sitting,-0.0532,-0.0095,-1.0045,0.5950,-2.7300,0.7700
61637704,sitting,-0.0527,-0.0095,-1.0033,0.5600,-2.7650,0.7700
61637724,sitting,-0.0537,-0.0090,-1.0041,0.5600,-2.7300,0.7700
61637743,sitting,-0.0532,-0.0095,-1.0043,0.5950,-2.8000,0.8050
61637762,sitting,-0.0537,-0.0090,-1.0048,0.5600,-2.8000,0.7700
61637781,sitting,-0.0537,-0.0095,-1.0038,0.5600,-2.7650,0.7350
61637801,sitting,-0.0534,-0.0076,-1.0041,0.5600,-2.7650,0.8050
61637820,sitting,-0.0537,-0.0093,-1.0045,0.5600,-2.7650,0.7700
61637839,sitting,-0.0532,-0.0095,-1.0038,0.5600,-2.7650,0.7700
61637858,sitting,-0.0529,-0.0093,-1.0043,0.5250,-2.8000,0.7700
61637878,sitting,-0.0537,-0.0100,-1.0036,0.5600,-2.7650,0.8050
61637897,sitting,-0.0544,-0.0093,-1.0041,0.5250,-2.7650,0.7700
61637916,sitting,-0.0539,-0.0095,-1.0045,0.5600,-2.7300,0.7700
61637935,sitting,-0.0542,-0.0095,-1.0043,0.5600,-2.7300,0.7700
61637954,sitting,-0.0544,-0.0098,-1.0050,0.5600,-2.7650,0.7700
61637974,sitting,-0.0539,-0.0100,-1.0033,0.5600,-2.7300,0.8050
61637993,sitting,-0.0539,-0.0098,-1.0041,0.5600,-2.7300,0.7700
61638012,sitting,-0.0529,-0.0098,-1.0045,0.5600,-2.7650,0.8050
61638031,sitting,-0.0525,-0.0090,-1.0043,0.5600,-2.8000,0.7700
61638051,sitting,-0.0532,-0.0088,-1.0041,0.5600,-2.7300,0.7350
61638070,sitting,-0.0537,-0.0098,-1.0043,0.5600,-2.7650,0.7350
61638089,sitting,-0.0532,-0.0098,-1.0041,0.5950,-2.7650,0.7700
61638108,sitting,-0.0534,-0.0090,-1.0055,0.5600,-2.7650,0.7700
61638128,sitting,-0.0522,-0.0090,-1.0031,0.5950,-2.7300,0.7350
61638147,sitting,-0.0532,-0.0095,-1.0038,0.5600,-2.7650,0.7700
61638166,sitting,-0.0539,-0.0098,-1.0043,0.5600,-2.7650,0.7700
61638185,sitting,-0.0542,-0.0098,-1.0045,0.5600,-2.7650,0.7700
61638204,sitting,-0.0527,-0.0088,-1.0038,0.5600,-2.7650,0.7700
61638224,sitting,-0.0534,-0.0095,-1.0033,0.5950,-2.7650,0.7700
61638243,sitting,-0.0529,-0.0090,-1.0038,0.5600,-2.7650,0.7700
61638262,sitting,-0.0529,-0.0090,-1.0036,0.5950,-2.7650,0.7350
61638281,sitting,-0.0529,-0.0090,-1.0033,0.5600,-2.7650,0.7700
61638301,sitting,-0.0532,-0.0085,-1.0048,0.4900,-2.7650,0.7700
61638320,sitting,-0.0527,-0.0095,-1.0033,0.5600,-2.7650,0.8050
61638339,sitting,-0.0539,-0.0093,-1.0038,0.5600,-2.8000,0.7700
61638358,sitting,-0.0537,-0.0088,-1.0050,0.5600,-2.7650,0.7700
61638378,sitting,-0.0534,-0.0088,-1.0033,0.5600,-2.7650,0.7350
61638397,sitting,-0.0529,-0.0105,-1.0043,0.5600,-2.7300,0.7350
61638416,sitting,-0.0529,-0.0093,-1.0041,0.5600,-2.7300,0.7700
61638435,sitting,-0.0532,-0.0090,-1.0024,0.5600,-2.7650,0.7700
61638454,sitting,-0.0534,-0.0095,-1.0036,0.5600,-2.7300,0.7700
61638474,sitting,-0.0544,-0.0088,-1.0045,0.5950,-2.7300,0.8050
61638493,sitting,-0.0539,-0.0085,-1.0036,0.5600,-2.7300,0.7700
61638512,sitting,-0.0534,-0.0098,-1.0036,0.5600,-2.7300,0.7700
61638531,sitting,-0.0527,-0.0088,-1.0038,0.5600,-2.7300,0.7700
61638551,sitting,-0.0539,-0.0083,-1.0041,0.5950,-2.7650,0.7700
61638570,sitting,-0.0534,-0.0090,-1.0043,0.5600,-2.7650,0.7700
61638589,sitting,-0.0537,-0.0095,-1.0053,0.5600,-2.7650,0.7350
61638608,sitting,-0.0542,-0.0093,-1.0033,0.5600,-2.7650,0.7700
61638628,sitting,-0.0549,-0.0090,-1.0043,0.5600,-2.8000,0.7000
61638647,sitting,-0.0537,-0.0093,-1.0033,0.5600,-2.7650,0.7700
61638666,sitting,-0.0525,-0.0093,-1.0036,0.5600,-2.7300,0.7700
61638685,sitting,-0.0532,-0.0090,-1.0041,0.5600,-2.8000,0.7700
61638704,sitting,-0.0532,-0.0085,-1.0043,0.5600,-2.7650,0.7700
61638724,sitting,-0.0525,-0.0090,-1.0036,0.5950,-2.7650,0.7700
61638743,sitting,-0.0529,-0.0083,-1.0043,0.5600,-2.7650,0.8050
61638762,sitting,-0.0522,-0.0083,-1.0048,0.5600,-2.7300,0.7700
61638781,sitting,-0.0534,-0.0093,-1.0041,0.5250,-2.7650,0.7700
61638801,sitting,-0.0534,-0.0093,-1.0036,0.5600,-2.7650,0.7700
61638820,sitting,-0.0532,-0.0088,-1.0036,0.5250,-2.7650,0.7700
61638839,sitting,-0.0529,-0.0088,-1.0045,0.5250,-2.7650,0.7350
61638858,sitting,-0.0539,-0.0093,-1.0033,0.5600,-2.8000,0.7350
61638878,sitting,-0.0539,-0.0093,-1.0036,0.5600,-2.7650,0.7700
61638897,sitting,-0.0539,-0.0088,-1.0038,0.5600,-2.8000,0.7700
61638916,sitting,-0.0534,-0.0085,-1.0041,0.5950,-2.7300,0.7700
61638935,sitting,-0.0537,-0.0090,-1.0043,0.5600,-2.7650,0.7700
61638954,sitting,-0.0534,-0.0090,-1.0045,0.5600,-2.8000,0.7700
61638974,sitting,-0.0532,-0.0090,-1.0038,0.5600,-2.7300,0.7350
61638993,sitting,-0.0539,-0.0095,-1.0043,0.5600,-2.7300,0.7700
61639012,sitting,-0.0539,-0.0095,-1.0043,0.5600,-2.7650,0.7700
61639031,sitting,-0.0529,-0.0093,-1.0045,0.5600,-2.7300,0.7000
61639051,sitting,-0.0534,-0.0085,-1.0036,0.5600,-2.8000,0.7350
61639070,sitting,-0.0544,-0.0093,-1.0043,0.5600,-2.8000,0.7700
61639089,sitting,-0.0539,-0.0095,-1.0043,0.5950,-2.7300,0.7350
61639108,sitting,-0.0532,-0.0088,-1.0043,0.5600,-2.7650,0.7700
61639128,sitting,-0.0534,-0.0090,-1.0043,0.5600,-2.7300,0.7350
61639147,sitting,-0.0537,-0.0095,-1.0041,0.5950,-2.7650,0.7700
61639166,sitting,-0.0537,-0.0102,-1.0041,0.5600,-2.7300,0.7000
61639185,sitting,-0.0529,-0.0105,-1.0048,0.5250,-2.7650,0.7700
61639204,sitting,-0.0525,-0.0095,-1.0026,0.5600,-2.7650,0.7700
61639224,sitting,-0.0542,-0.0088,-1.0038,0.5600,-2.7650,0.7700
61639243,sitting,-0.0537,-0.0095,-1.0041,0.5600,-2.8000,0.7700
61639262,sitting,-0.0534,-0.0093,-1.0028,0.5600,-2.7650,0.7700
61639281,sitting,-0.0537,-0.0085,-1.0036,0.5600,-2.7650,0.7700
61639301,sitting,-0.0537,-0.0095,-1.0053,0.5600,-2.7650,0.7350
61639320,sitting,-0.0537,-0.0090,-1.0045,0.5250,-2.8000,0.7700
61639339,sitting,-0.0532,-0.0093,-1.0043,0.5250,-2.7650,0.7700
61639358,sitting,-0.0532,-0.0095,-1.0041,0.5600,-2.7300,0.7700
61639378,sitting,-0.0532,-0.0095,-1.0043,0.5600,-2.7300,0.7350
61639397,sitting,-0.0510,-0.0090,-1.0036,0.5600,-2.8000,0.8050
61639416,sitting,-0.0525,-0.0095,-1.0036,0.5600,-2.7300,0.7700
61639435,sitting,-0.0534,-0.0090,-1.0033,0.5600,-2.7650,0.7700
61639454,sitting,-0.0525,-0.0081,-1.0050,0.5600,-2.8000,0.7350
61639474,sitting,-0.0525,-0.0085,-1.0038,0.5950,-2.7650,0.7700
61639493,sitting,-0.0527,-0.0095,-1.0045,0.5250,-2.8000,0.7700
61639512,sitting,-0.0544,-0.0085,-1.0043,0.5600,-2.7650,0.7350
61639531,sitting,-0.0544,-0.0088,-1.0043,0.5600,-2.7300,0.7700
61639551,sitting,-0.0529,-0.0100,-1.0031,0.5600,-2.7300,0.7350
61639570,sitting,-0.0534,-0.0098,-1.0043,0.5600,-2.7650,0.7350
61639589,sitting,-0.0549,-0.0100,-1.0043,0.5600,-2.7300,0.7350
61639608,sitting,-0.0539,-0.0100,-1.0045,0.5600,-2.7300,0.7700
61639628,sitting,-0.0537,-0.0090,-1.0043,0.5600,-2.7650,0.7700
61639647,sitting,-0.0537,-0.0095,-1.0038,0.5600,-2.8000,0.7700
61639666,sitting,-0.0539,-0.0088,-1.0048,0.5600,-2.7650,0.7700
61639685,sitting,-0.0537,-0.0090,-1.0041,0.5600,-2.7650,0.7700
61639704,sitting,-0.0534,-0.0088,-1.0041,0.5250,-2.8000,0.7700
61639724,sitting,-0.0549,-0.0088,-1.0048,0.5250,-2.7650,0.7700
61639743,sitting,-0.0547,-0.0093,-1.0036,0.5600,-2.7300,0.7700
61639762,sitting,-0.0534,-0.0098,-1.0048,0.5600,-2.7300,0.7700
61639781,sitting,-0.0525,-0.0088,-1.0050,0.5250,-2.8000,0.7700
61639801,sitting,-0.0532,-0.0093,-1.0043,0.5600,-2.7300,0.7700
61639820,sitting,-0.0527,-0.0093,-1.0045,0.5600,-2.7300,0.7350
61639839,sitting,-0.0539,-0.0088,-1.0038,0.5600,-2.7650,0.7700
61639858,sitting,-0.0539,-0.0093,-1.0041,0.5950,-2.7300,0.7700
61639878,sitting,-0.0525,-0.0095,-1.0050,0.5600,-2.7650,0.7700
61639897,sitting,-0.0539,-0.0093,-1.0050,0.5600,-2.7300,0.7700
61639916,sitting,-0.0529,-0.0088,-1.0038,0.5600,-2.7650,0.7700
61639935,sitting,-0.0529,-0.0088,-1.0045,0.5600,-2.7300,0.7000
61639954,sitting,-0.0534,-0.0095,-1.0041,0.5950,-2.7300,0.7350
61639974,sitting,-0.0547,-0.0095,-1.0041,0.5600,-2.7300,0.7350
61639993,sitting,-0.0532,-0.0085,-1.0043,0.5600,-2.8000,0.7700
61640012,sitting,-0.0534,-0.0088,-1.0043,0.5250,-2.7650,0.7700
61640031,sitting,-0.0539,-0.0085,-1.0041,0.5600,-2.7650,0.7700
61640051,sitting,-0.0534,-0.0093,-1.0050,0.5600,-2.8000,0.7350
61640070,sitting,-0.0532,-0.0090,-1.0041,0.5600,-2.8000,0.7350
61640089,sitting,-0.0532,-0.0083,-1.0045,0.5600,-2.7300,0.7700
61640108,sitting,-0.0532,-0.0081,-1.0038,0.5600,-2.8000,0.7700
61640128,sitting,-0.0529,-0.0095,-1.0045,0.5600,-2.8000,0.7700
61640147,sitting,-0.0529,-0.0090,-1.0038,0.5600,-2.8000,0.8050
61640166,sitting,-0.0532,-0.0095,-1.0048,0.5600,-2.8000,0.7700
61640185,sitting,-0.0534,-0.0090,-1.0041,0.5600,-2.8000,0.7700
61640204,sitting,-0.0534,-0.0088,-1.0048,0.5600,-2.7300,0.7700
61640224,sitting,-0.0534,-0.0093,-1.0045,0.5600,-2.7300,0.7350
61640243,sitting,-0.0527,-0.0090,-1.0055,0.5600,-2.7650,0.7350
61640262,sitting,-0.0527,-0.0095,-1.0045,0.5600,-2.7650,0.8050
61640281,sitting,-0.0529,-0.0093,-1.0055,0.5600,-2.7650,0.7700
61640301,sitting,-0.0525,-0.0093,-1.0043,0.5250,-2.7650,0.7700
61640320,sitting,-0.0539,-0.0093,-1.0036,0.5600,-2.7650,0.7700
61640339,sitting,-0.0539,-0.0100,-1.0043,0.5600,-2.7300,0.7000
61640358,sitting,-0.0532,-0.0083,-1.0043,0.5600,-2.7300,0.7700
61640378,sitting,-0.0537,-0.0098,-1.0045,0.5600,-2.7300,0.7350
61640397,sitting,-0.0542,-0.0088,-1.0041,0.5600,-2.7300,0.7700
61640416,sitting,-0.0534,-0.0090,-1.0033,0.5600,-2.7650,0.7350
61640435,sitting,-0.0529,-0.0090,-1.0048,0.5250,-2.7300,0.7700
61640454,sitting,-0.0537,-0.0088,-1.0043,0.5600,-2.7300,0.7350
61640474,sitting,-0.0529,-0.0098,-1.0043,0.5600,-2.7300,0.7000
61640493,sitting,-0.0534,-0.0093,-1.0036,0.5600,-2.7650,0.7350
61640512,sitting,-0.0539,-0.0090,-1.0038,0.5600,-2.7650,0.7350
61640531,sitting,-0.0539,-0.0090,-1.0036,0.5600,-2.8000,0.7700
61640551,sitting,-0.0534,-0.0088,-1.0036,0.5600,-2.7300,0.7700
61640570,sitting,-0.0532,-0.0093,-1.0043,0.5600,-2.7300,0.7700
61640589,sitting,-0.0532,-0.0088,-1.0041,0.5600,-2.8000,0.7700
61640608,sitting,-0.0539,-0.0090,-1.0041,0.5600,-2.7650,0.7350
61640628,sitting,-0.0534,-0.0090,-1.0048,0.5600,-2.7650,0.7700
61640647,sitting,-0.0542,-0.0093,-1.0036,0.5600,-2.8000,0.7700
61640666,sitting,-0.0534,-0.0078,-1.0028,0.5600,-2.7300,0.8050
61640685,sitting,-0.0529,-0.0090,-1.0031,0.5600,-2.8000,0.7700
61640704,sitting,-0.0547,-0.0090,-1.0031,0.5600,-2.7300,0.7700
61640724,sitting,-0.0534,-0.0083,-1.0033,0.5950,-2.7300,0.7700
61640743,sitting,-0.0539,-0.0095,-1.0050,0.5600,-2.7300,0.7700
61640762,sitting,-0.0542,-0.0100,-1.0041,0.5600,-2.7300,0.7700
61640781,sitting,-0.0532,-0.0090,-1.0036,0.5600,-2.7650,0.7700
61640801,sitting,-0.0522,-0.0076,-1.0036,0.5600,-2.8000,0.7700
61640820,sitting,-0.0529,-0.0085,-1.0041,0.5950,-2.8000,0.7700
61640839,sitting,-0.0539,-0.0098,-1.0048,0.5600,-2.7300,0.7000
61640858,sitting,-0.0539,-0.0098,-1.0038,0.5600,-2.7650,0.7700
61640878,sitting,-0.0537,-0.0095,-1.0041,0.5600,-2.7650,0.7700
61640897,sitting,-0.0532,-0.0095,-1.0038,0.5600,-2.7300,0.7700
61640916,sitting,-0.0532,-0.0093,-1.0033,0.5950,-2.7300,0.7700
61640935,sitting,-0.0532,-0.0098,-1.0038,0.5600,-2.7650,0.7350
61640954,sitting,-0.0534,-0.0093,-1.0048,0.5600,-2.7650,0.7700
61640974,sitting,-0.0542,-0.0081,-1.0041,0.5600,-2.7650,0.7700
61640993,sitting,-0.0532,-0.0083,-1.0043,0.5600,-2.7650,0.7700
61641012,sitting,-0.0534,-0.0093,-1.0036,0.5250,-2.8000,0.7000
61641031,sitting,-0.0542,-0.0098,-1.0045,0.5600,-2.7650,0.7700
61641051,sitting,-0.0542,-0.0090,-1.0041,0.5950,-2.8000,0.7700
61641070,sitting,-0.0532,-0.0090,-1.0036,0.5600,-2.8000,0.7700
61641089,sitting,-0.0529,-0.0090,-1.0031,0.5600,-2.7650,0.7700
61641108,sitting,-0.0534,-0.0083,-1.0048,0.5950,-2.7650,0.7700
61641128,sitting,-0.0525,-0.0095,-1.0041,0.5600,-2.8000,0.7700
61641147,sitting,-0.0534,-0.0093,-1.0048,0.5600,-2.8000,0.7700
61641166,sitting,-0.0537,-0.0093,-1.0036,0.5600,-2.7300,0.7700
61641185,sitting,-0.0542,-0.0102,-1.0036,0.5600,-2.7650,0.7700
61641204,sitting,-0.0537,-0.0088,-1.0041,0.5250,-2.7300,0.7700
61641224,sitting,-0.0532,-0.0093,-1.0038,0.5600,-2.7300,0.7700
61641243,sitting,-0.0532,-0.0095,-1.0043,0.5600,-2.7300,0.7350
61641262,sitting,-0.0527,-0.0098,-1.0041,0.5600,-2.7300,0.7700
61641281,sitting,-0.0532,-0.0093,-1.0048,0.5600,-2.7300,0.7350
61641301,sitting,-0.0539,-0.0088,-1.0041,0.5600,-2.7300,0.7700
61641320,sitting,-0.0539,-0.0093,-1.0043,0.5600,-2.7650,0.7700
61641339,sitting,-0.0537,-0.0090,-1.0031,0.5600,-2.7650,0.7700
61641358,sitting,-0.0539,-0.0088,-1.0041,0.5600,-2.7650,0.7700
61641378,sitting,-0.0539,-0.0093,-1.0043,0.5600,-2.7300,0.7350
61641397,sitting,-0.0532,-0.0090,-1.0043,0.5600,-2.7300,0.7350
61641416,sitting,-0.0542,-0.0093,-1.0038,0.5600,-2.7650,0.7700
61641435,sitting,-0.0527,-0.0095,-1.0048,0.5250,-2.8000,0.7700
61641454,sitting,-0.0525,-0.0090,-1.0043,0.5600,-2.7300,0.7700
61641474,sitting,-0.0537,-0.0090,-1.0048,0.5600,-2.7650,0.7700
61641493,sitting,-0.0529,-0.0098,-1.0033,0.5600,-2.7300,0.7350
61641512,sitting,-0.0539,-0.0098,-1.0041,0.5600,-2.8000,0.7700
61641531,sitting,-0.0532,-0.0100,-1.0045,0.5600,-2.8000,0.7700
61641551,sitting,-0.0529,-0.0095,-1.0045,0.5600,-2.7650,0.7700
61641570,sitting,-0.0532,-0.0090,-1.0036,0.5600,-2.7650,0.7700
61641589,sitting,-0.0534,-0.0090,-1.0033,0.5600,-2.8000,0.7700
61641608,sitting,-0.0537,-0.0098,-1.0043,0.5600,-2.7300,0.7700
61641628,sitting,-0.0529,-0.0102,-1.0041,0.5600,-2.8000,0.7700
61641647,sitting,-0.0542,-0.0095,-1.0041,0.5600,-2.8000,0.7700
61641666,sitting,-0.0525,-0.0098,-1.0041,0.5600,-2.7650,0.7700
61641685,sitting,-0.0532,-0.0098,-1.0038,0.5600,-2.7300,0.8050
61641704,sitting,-0.0534,-0.0090,-1.0038,0.5600,-2.7300,0.7350
61641724,sitting,-0.0537,-0.0085,-1.0048,0.5600,-2.7650,0.7700
61641743,sitting,-0.0539,-0.0085,-1.0041,0.5600,-2.7650,0.7700
61641762,sitting,-0.0537,-0.0098,-1.0041,0.5600,-2.7300,0.7700
61641781,sitting,-0.0527,-0.0098,-1.0036,0.5250,-2.7300,0.7700
61641801,sitting,-0.0539,-0.0093,-1.0038,0.5600,-2.7650,0.7700
61641820,sitting,-0.0537,-0.0093,-1.0043,0.5600,-2.7300,0.7000
61641839,sitting,-0.0529,-0.0098,-1.0045,0.5600,-2.8000,0.7350
61641858,sitting,-0.0529,-0.0090,-1.0041,0.5600,-2.7650,0.7000
61641878,sitting,-0.0534,-0.0093,-1.0045,0.5600,-2.8000,0.7000
61641897,sitting,-0.0539,-0.0093,-1.0038,0.5600,-2.7650,0.7700
61641916,sitting,-0.0547,-0.0093,-1.0033,0.5600,-2.7650,0.7700
61641935,sitting,-0.0539,-0.0085,-1.0038,0.5600,-2.7300,0.7700
61641954,sitting,-0.0537,-0.0098,-1.0033,0.5600,-2.8000,0.7700
61641974,sitting,-0.0542,-0.0085,-1.0038,0.5600,-2.7650,0.7700
61641993,sitting,-0.0537,-0.0088,-1.0045,0.5600,-2.8000,0.7700
61642012,sitting,-0.0532,-0.0100,-1.0041,0.5600,-2.7300,0.7700
61642031,sitting,-0.0539,-0.0090,-1.0031,0.5250,-2.7650,0.7700
61642051,sitting,-0.0542,-0.0095,-1.0038,0.5250,-2.7300,0.7700
61642070,sitting,-0.0539,-0.0095,-1.0041,0.5600,-2.7650,0.7700
61642089,sitting,-0.0539,-0.0090,-1.0038,0.5600,-2.7650,0.7700
61642108,sitting,-0.0534,-0.0090,-1.0033,0.5250,-2.7650,0.7700
61642128,sitting,-0.0532,-0.0085,-1.0041,0.5600,-2.7300,0.7700
61642147,sitting,-0.0537,-0.0095,-1.0036,0.5950,-2.7300,0.7700
61642166,sitting,-0.0529,-0.0098,-1.0053,0.5600,-2.7300,0.7700
61642185,sitting,-0.0522,-0.0088,-1.0038,0.5600,-2.7300,0.7700
61642204,sitting,-0.0542,-0.0083,-1.0045,0.5950,-2.7300,0.7700
61642224,sitting,-0.0539,-0.0093,-1.0043,0.5600,-2.7300,0.7700
61642243,sitting,-0.0537,-0.0098,-1.0036,0.5600,-2.7300,0.7350
61642262,sitting,-0.0532,-0.0088,-1.0043,0.5600,-2.7300,0.7700
61642281,sitting,-0.0532,-0.0098,-1.0033,0.5600,-2.8000,0.7350
61642301,sitting,-0.0527,-0.0093,-1.0043,0.5600,-2.7300,0.7700
61642320,sitting,-0.0532,-0.0085,-1.0038,0.5600,-2.7300,0.7700
61642339,sitting,-0.0537,-0.0085,-1.0038,0.5950,-2.7300,0.7700
61642358,sitting,-0.0544,-0.0090,-1.0041,0.5600,-2.7650,0.7350
61642378,sitting,-0.0525,-0.0083,-1.0050,0.5600,-2.7650,0.7350
61642397,sitting,-0.0544,-0.0095,-1.0045,0.5600,-2.8000,0.7350
61642416,sitting,-0.0534,-0.0095,-1.0041,0.4900,-2.8000,0.7700
61642435,sitting,-0.0542,-0.0093,-1.0048,0.5600,-2.7650,0.7700
61642454,sitting,-0.0539,-0.0095,-1.0041,0.5600,-2.7300,0.7700
61642474,sitting,-0.0539,-0.0088,-1.0041,0.5600,-2.7650,0.7700
61642493,sitting,-0.0529,-0.0090,-1.0036,0.5600,-2.7650,0.7700
61642512,sitting,-0.0542,-0.0088,-1.0036,0.5600,-2.7650,0.7700
61642531,sitting,-0.0529,-0.0095,-1.0041,0.5250,-2.8000,0.7700
61642551,sitting,-0.0537,-0.0093,-1.0038,0.5600,-2.7300,0.7700
61642570,sitting,-0.0542,-0.0095,-1.0041,0.5600,-2.7650,0.7700
61642589,sitting,-0.0539,-0.0093,-1.0041,0.5600,-2.7650,0.7700
61642608,sitting,-0.0549,-0.0100,-1.0036,0.5600,-2.7650,0.7350
61642628,sitting,-0.0539,-0.0098,-1.0038,0.5600,-2.7300,0.7700
61642647,sitting,-0.0544,-0.0095,-1.0028,0.5600,-2.8000,0.7700
61642666,sitting,-0.0542,-0.0093,-1.0033,0.5600,-2.7650,0.7700
61642685,sitting,-0.0534,-0.0090,-1.0041,0.5600,-2.7650,0.7700
61642704,sitting,-0.0534,-0.0093,-1.0043,0.5600,-2.7300,0.7700
61642724,sitting,-0.0537,-0.0093,-1.0033,0.5600,-2.7300,0.7000
61642743,sitting,-0.0539,-0.0090,-1.0043,0.5600,-2.7300,0.7350
61642762,sitting,-0.0537,-0.0093,-1.0038,0.5250,-2.7300,0.7000
61642781,sitting,-0.0537,-0.0095,-1.0026,0.5600,-2.7300,0.7350
61642801,sitting,-0.0532,-0.0088,-1.0038,0.5600,-2.7300,0.7700
61642820,sitting,-0.0542,-0.0095,-1.0041,0.5600,-2.7300,0.7700
61642839,sitting,-0.0547,-0.0098,-1.0043,0.5250,-2.7300,0.7000
61642858,sitting,-0.0539,-0.0093,-1.0041,0.5600,-2.7300,0.7700
61642878,sitting,-0.0537,-0.0093,-1.0041,0.5950,-2.7300,0.7700
61642897,sitting,-0.0529,-0.0095,-1.0036,0.5950,-2.8000,0.7700
61642916,sitting,-0.0539,-0.0102,-1.0045,0.5600,-2.7650,0.7700
61642935,sitting,-0.0542,-0.0095,-1.0038,0.5600,-2.7300,0.7700
61642954,sitting,-0.0542,-0.0090,-1.0033,0.5600,-2.7300,0.7700
61642974,sitting,-0.0532,-0.0098,-1.0036,0.5600,-2.7650,0.7700
61642993,sitting,-0.0542,-0.0095,-1.0038,0.5600,-2.8000,0.7700
61643012,sitting,-0.0542,-0.0095,-1.0045,0.5600,-2.7300,0.7700
61643031,sitting,-0.0532,-0.0098,-1.0036,0.5600,-2.8000,0.7700
61643051,sitting,-0.0534,-0.0090,-1.0038,0.5600,-2.7650,0.7700
61643070,sitting,-0.0542,-0.0098,-1.0031,0.5600,-2.7650,0.7700
61643089,sitting,-0.0534,-0.0093,-1.0043,0.5600,-2.7300,0.7700
61643108,sitting,-0.0544,-0.0093,-1.0028,0.5950,-2.7300,0.7700
61643128,sitting,-0.0547,-0.0095,-1.0033,0.5600,-2.7300,0.7350
61643147,sitting,-0.0537,-0.0095,-1.0045,0.5600,-2.7300,0.7700
61643166,sitting,-0.0534,-0.0098,-1.0041,0.5600,-2.7650,0.7700
61643185,sitting,-0.0532,-0.0085,-1.0053,0.5600,-2.8000,0.7700
61643204,sitting,-0.0534,-0.0083,-1.0038,0.5600,-2.7650,0.7350
61643224,sitting,-0.0537,-0.0093,-1.0036,0.5600,-2.7300,0.7700
61643243,sitting,-0.0539,-0.0090,-1.0043,0.5600,-2.8000,0.7700
61643262,sitting,-0.0527,-0.0088,-1.0048,0.5950,-2.7300,0.7700
61643281,sitting,-0.0547,-0.0095,-1.0043,0.5600,-2.7300,0.7350
61643301,sitting,-0.0534,-0.0095,-1.0038,0.5600,-2.8000,0.7700
61643320,sitting,-0.0537,-0.0093,-1.0033,0.5950,-2.7650,0.7350
61643339,sitting,-0.0542,-0.0093,-1.0041,0.5600,-2.8000,0.7700
61643358,sitting,-0.0544,-0.0090,-1.0038,0.5600,-2.7300,0.7700
61643378,sitting,-0.0537,-0.0076,-1.0043,0.5600,-2.8000,0.7700
61643397,sitting,-0.0529,-0.0090,-1.0043,0.5600,-2.8000,0.7700
61643416,sitting,-0.0537,-0.0088,-1.0045,0.5600,-2.8000,0.7700
61643435,sitting,-0.0539,-0.0093,-1.0041,0.5600,-2.7650,0.7700
61643454,sitting,-0.0542,-0.0085,-1.0033,0.5250,-2.8000,0.7350
61643474,sitting,-0.0539,-0.0100,-1.0036,0.5600,-2.8000,0.7350
61643493,sitting,-0.0532,-0.0088,-1.0045,0.5600,-2.7300,0.7350
61643512,sitting,-0.0537,-0.0088,-1.0041,0.5600,-2.7650,0.7700
61643531,sitting,-0.0547,-0.0090,-1.0031,0.5250,-2.7650,0.8050
61643551,sitting,-0.0537,-0.0095,-1.0041,0.5600,-2.7650,0.7700
61643570,sitting,-0.0532,-0.0093,-1.0043,0.5600,-2.7650,0.7700
61643589,sitting,-0.0527,-0.0078,-1.0038,0.5600,-2.7650,0.7700
61643608,sitting,-0.0539,-0.0095,-1.0045,0.5600,-2.8000,0.7700
61643628,sitting,-0.0542,-0.0095,-1.0050,0.5950,-2.7300,0.8050
61643647,sitting,-0.0539,-0.0088,-1.0055,0.5950,-2.7650,0.7700
61643666,sitting,-0.0532,-0.0088,-1.0045,0.5600,-2.7650,0.7700
61643685,sitting,-0.0532,-0.0098,-1.0041,0.5250,-2.7300,0.7700
61643704,sitting,-0.0537,-0.0098,-1.0043,0.5600,-2.7650,0.7700
61643724,sitting,-0.0532,-0.0093,-1.0038,0.5600,-2.7300,0.7700
61643743,sitting,-0.0532,-0.0098,-1.0028,0.4900,-2.7300,0.7700
61643762,sitting,-0.0537,-0.0085,-1.0041,0.5600,-2.7300,0.7350
61643781,sitting,-0.0529,-0.0090,-1.0045,0.5600,-2.7650,0.7700
61643801,sitting,-0.0532,-0.0083,-1.0033,0.5950,-2.7650,0.7700
61643820,sitting,-0.0534,-0.0085,-1.0041,0.5950,-2.8000,0.7700
61643839,sitting,-0.0534,-0.0098,-1.0038,0.5600,-2.7650,0.7700
61643858,sitting,-0.0532,-0.0095,-1.0041,0.5600,-2.8000,0.7700
61643878,sitting,-0.0539,-0.0088,-1.0043,0.5600,-2.7650,0.7700
61643897,sitting,-0.0539,-0.0090,-1.0043,0.5250,-2.7300,0.7700
61643916,sitting,-0.0544,-0.0090,-1.0045,0.5600,-2.8000,0.7700
61643935,sitting,-0.0532,-0.0100,-1.0036,0.5250,-2.7650,0.7700
61643954,sitting,-0.0537,-0.0093,-1.0041,0.5250,-2.8000,0.7700
61643974,sitting,-0.0537,-0.0090,-1.0043,0.5600,-2.8000,0.7700
61643993,sitting,-0.0525,-0.0090,-1.0031,0.5600,-2.7650,0.7700
61644012,sitting,-0.0527,-0.0095,-1.0045,0.5600,-2.7300,0.8050
61644031,sitting,-0.0539,-0.0088,-1.0050,0.5600,-2.7300,0.7700
61644051,sitting,-0.0537,-0.0090,-1.0050,0.5600,-2.7650,0.7350
61644070,sitting,-0.0534,-0.0090,-1.0041,0.5250,-2.7300,0.7700
61644089,sitting,-0.0544,-0.0093,-1.0043,0.5950,-2.7300,0.7700
61644108,sitting,-0.0529,-0.0090,-1.0043,0.5600,-2.7650,0.7700
61644128,sitting,-0.0537,-0.0098,-1.0036,0.5600,-2.7650,0.7700
61644147,sitting,-0.0532,-0.0095,-1.0038,0.6300,-2.7300,0.7700
61644166,sitting,-0.0537,-0.0090,-1.0048,0.5950,-2.7300,0.7700
61644185,sitting,-0.0532,-0.0083,-1.0041,0.5600,-2.7650,0.7700
61644204,sitting,-0.0542,-0.0093,-1.0038,0.5600,-2.7650,0.7700
61644224,sitting,-0.0534,-0.0102,-1.0053,0.5600,-2.7650,0.7700
61644243,sitting,-0.0532,-0.0095,-1.0041,0.5600,-2.8000,0.7700
61644262,sitting,-0.0542,-0.0095,-1.0045,0.5600,-2.7650,0.7700
61644281,sitting,-0.0539,-0.0090,-1.0043,0.5600,-2.8000,0.7350
61644301,sitting,-0.0544,-0.0090,-1.0043,0.5600,-2.7300,0.7700
61644320,sitting,-0.0532,-0.0088,-1.0041,0.5600,-2.7650,0.7350
61644339,sitting,-0.0534,-0.0088,-1.0038,0.5600,-2.7650,0.7350
61644358,sitting,-0.0529,-0.0093,-1.0038,0.5600,-2.7650,0.7700
61644378,sitting,-0.0539,-0.0090,-1.0048,0.5600,-2.8000,0.8050
61644397,sitting,-0.0529,-0.0095,-1.0048,0.5600,-2.7650,0.8050
61644416,sitting,-0.0539,-0.0085,-1.0048,0.5600,-2.8000,0.7700
61644435,sitting,-0.0534,-0.0098,-1.0043,0.5600,-2.7650,0.7700
61644454,sitting,-0.0537,-0.0100,-1.0038,0.5950,-2.7300,0.7700
61644474,sitting,-0.0534,-0.0088,-1.0038,0.5600,-2.7650,0.7700
61644493,sitting,-0.0542,-0.0090,-1.0048,0.5600,-2.7300,0.7350
61644512,sitting,-0.0549,-0.0093,-1.0038,0.5250,-2.7300,0.7700
61644531,sitting,-0.0537,-0.0098,-1.0033,0.5950,-2.7650,0.7700
61644551,sitting,-0.0532,-0.0093,-1.0036,0.5600,-2.7300,0.7350
61644570,sitting,-0.0529,-0.0085,-1.0043,0.5600,-2.7650,0.7700
61644589,sitting,-0.0522,-0.0085,-1.0038,0.5600,-2.7650,0.7700
61644608,sitting,-0.0539,-0.0093,-1.0048,0.5250,-2.7650,0.7350
61644628,sitting,-0.0544,-0.0093,-1.0050,0.5250,-2.8000,0.7700
61644647,sitting,-0.0539,-0.0093,-1.0043,0.5950,-2.7650,0.7700
61644666,sitting,-0.0542,-0.0100,-1.0048,0.5600,-2.7650,0.7700
61644685,sitting,-0.0537,-0.0088,-1.0041,0.5600,-2.7300,0.7700
61644704,sitting,-0.0534,-0.0085,-1.0043,0.5600,-2.7650,0.7700
61644724,sitting,-0.0532,-0.0085,-1.0041,0.5600,-2.7300,0.7350
61644743,sitting,-0.0532,-0.0098,-1.0041,0.5600,-2.7650,0.7700
61644762,sitting,-0.0532,-0.0107,-1.0031,0.5600,-2.8000,0.7700
61644781,sitting,-0.0527,-0.0093,-1.0038,0.5600,-2.8000,0.7700
61644801,sitting,-0.0532,-0.0098,-1.0048,0.5600,-2.7650,0.7350
61644820,sitting,-0.0532,-0.0093,-1.0045,0.5600,-2.7650,0.7700
61644839,sitting,-0.0527,-0.0090,-1.0050,0.5600,-2.7650,0.7350
61644858,sitting,-0.0532,-0.0098,-1.0031,0.5600,-2.7650,0.7700
61644878,sitting,-0.0537,-0.0095,-1.0045,0.5600,-2.7650,0.7700
61644897,sitting,-0.0537,-0.0093,-1.0038,0.5600,-2.7650,0.7700
61644916,sitting,-0.0534,-0.0095,-1.0038,0.5600,-2.7650,0.7700
61644935,sitting,-0.0532,-0.0100,-1.0036,0.5950,-2.7650,0.7350
61644954,sitting,-0.0539,-0.0095,-1.0053,0.5600,-2.7650,0.7700
61644974,sitting,-0.0529,-0.0095,-1.0048,0.5950,-2.7650,0.7700
61644993,sitting,-0.0549,-0.0081,-1.0038,0.5600,-2.7650,0.7700
61645012,sitting,-0.0547,-0.0093,-1.0043,0.5600,-2.7650,0.7350
61645031,sitting,-0.0544,-0.0093,-1.0038,0.5600,-2.7300,0.7700
61645051,sitting,-0.0529,-0.0100,-1.0038,0.5250,-2.7300,0.7350
61645070,sitting,-0.0539,-0.0098,-1.0036,0.5950,-2.7300,0.7700
61645089,sitting,-0.0537,-0.0095,-1.0041,0.5600,-2.7300,0.7000
61645108,sitting,-0.0537,-0.0095,-1.0043,0.5600,-2.7300,0.7700
61645128,sitting,-0.0525,-0.0093,-1.0041,0.5600,-2.7650,0.7000
61645147,sitting,-0.0529,-0.0085,-1.0041,0.5250,-2.8000,0.7700
61645166,sitting,-0.0539,-0.0090,-1.0038,0.5600,-2.7300,0.7350
61645185,sitting,-0.0529,-0.0095,-1.0041,0.5600,-2.7650,0.7700
61645204,sitting,-0.0532,-0.0095,-1.0043,0.5950,-2.8000,0.7700
61645224,sitting,-0.0527,-0.0093,-1.0048,0.5950,-2.7650,0.7700
61645243,sitting,-0.0532,-0.0095,-1.0053,0.5950,-2.8000,0.7700
61645262,sitting,-0.0532,-0.0095,-1.0045,0.5600,-2.8000,0.7700
61645281,sitting,-0.0537,-0.0090,-1.0038,0.5600,-2.7650,0.7700
61645301,sitting,-0.0542,-0.0093,-1.0038,0.5250,-2.7300,0.7700
61645320,sitting,-0.0534,-0.0088,-1.0045,0.5250,-2.8000,0.7700
61645339,sitting,-0.0532,-0.0088,-1.0033,0.5600,-2.8000,0.7700
61645358,sitting,-0.0532,-0.0085,-1.0041,0.5600,-2.7650,0.7700
61645378,sitting,-0.0532,-0.0088,-1.0041,0.5600,-2.7650,0.7700
61645397,sitting,-0.0539,-0.0081,-1.0036,0.5600,-2.7650,0.7700
61645416,sitting,-0.0539,-0.0088,-1.0028,0.5600,-2.7650,0.7700
61645435,sitting,-0.0544,-0.0098,-1.0043,0.5600,-2.7650,0.7700
61645454,sitting,-0.0544,-0.0095,-1.0043,0.5950,-2.7300,0.7700
61645474,sitting,-0.0537,-0.0093,-1.0041,0.5600,-2.7650,0.7700
61645493,sitting,-0.0525,-0.0093,-1.0041,0.5950,-2.8000,0.7700
61645512,sitting,-0.0527,-0.0095,-1.0045,0.5600,-2.8000,0.7700
61645531,sitting,-0.0532,-0.0088,-1.0043,0.5250,-2.7650,0.7700
61645551,sitting,-0.0529,-0.0098,-1.0041,0.5600,-2.7650,0.7700
61645570,sitting,-0.0537,-0.0098,-1.0036,0.5950,-2.7650,0.7350
61645589,sitting,-0.0542,-0.0090,-1.0041,0.5600,-2.7650,0.7700
61645608,sitting,-0.0544,-0.0090,-1.0048,0.5600,-2.8000,0.7350
61645628,sitting,-0.0539,-0.0095,-1.0038,0.5600,-2.7300,0.7700
61645647,sitting,-0.0547,-0.0093,-1.0045,0.5600,-2.7300,0.7700
61645666,sitting,-0.0537,-0.0083,-1.0038,0.5600,-2.7300,0.7350
61645685,sitting,-0.0542,-0.0093,-1.0048,0.5600,-2.7300,0.7700
61645704,sitting,-0.0537,-0.0090,-1.0036,0.5950,-2.7300,0.7700
61645724,sitting,-0.0529,-0.0100,-1.0038,0.5250,-2.7300,0.7700
61645743,sitting,-0.0534,-0.0093,-1.0031,0.5600,-2.7650,0.7700
61645762,sitting,-0.0532,-0.0088,-1.0041,0.5600,-2.7650,0.7700
61645781,sitting,-0.0542,-0.0090,-1.0038,0.5600,-2.7650,0.7700
61645801,sitting,-0.0534,-0.0090,-1.0036,0.5600,-2.7300,0.8050
61645820,sitting,-0.0539,-0.0088,-1.0038,0.5600,-2.7650,0.7700
61645839,sitting,-0.0542,-0.0093,-1.0038,0.5600,-2.7650,0.7700
61645858,sitting,-0.0544,-0.0105,-1.0038,0.5600,-2.7650,0.7700
61645878,sitting,-0.0539,-0.0090,-1.0038,0.5600,-2.7300,0.7700
61645897,sitting,-0.0539,-0.0102,-1.0033,0.5600,-2.7650,0.7700
61645916,sitting,-0.0537,-0.0100,-1.0050,0.5600,-2.7300,0.7700
61645935,sitting,-0.0542,-0.0088,-1.0043,0.5600,-2.7300,0.7700
61645954,sitting,-0.0544,-0.0090,-1.0031,0.5600,-2.7300,0.7350
61645974,sitting,-0.0542,-0.0088,-1.0045,0.5600,-2.7650,0.7700
61645993,sitting,-0.0539,-0.0093,-1.0036,0.5600,-2.7650,0.7700
61646012,sitting,-0.0542,-0.0095,-1.0038,0.5600,-2.7650,0.7700
61646031,sitting,-0.0534,-0.0093,-1.0038,0.5950,-2.7300,0.7350
61646051,sitting,-0.0537,-0.0093,-1.0045,0.5600,-2.7650,0.7350
61646070,sitting,-0.0529,-0.0088,-1.0050,0.5600,-2.7300,0.7700
61646089,sitting,-0.0527,-0.0088,-1.0050,0.5600,-2.7650,0.7700
61646108,sitting,-0.0537,-0.0081,-1.0043,0.5600,-2.7300,0.7350
61646128,sitting,-0.0534,-0.0085,-1.0043,0.6300,-2.7300,0.7700
61646147,sitting,-0.0542,-0.0090,-1.0043,0.5950,-2.7300,0.7700
61646166,sitting,-0.0532,-0.0090,-1.0043,0.5600,-2.8000,0.7700
61646185,sitting,-0.0534,-0.0098,-1.0036,0.5950,-2.8000,0.7700
61646204,sitting,-0.0539,-0.0093,-1.0045,0.4900,-2.7650,0.7700
61646224,sitting,-0.0537,-0.0093,-1.0050,0.5950,-2.8000,0.8050
61646243,sitting,-0.0539,-0.0098,-1.0043,0.5600,-2.7650,0.7700
61646262,sitting,-0.0532,-0.0090,-1.0038,0.5950,-2.7300,0.7700
61646281,sitting,-0.0525,-0.0093,-1.0053,0.5950,-2.8000,0.7700
61646301,sitting,-0.0527,-0.0088,-1.0045,0.5600,-2.7300,0.7700
61646320,sitting,-0.0525,-0.0088,-1.0043,0.5950,-2.7650,0.7700
61646339,sitting,-0.0534,-0.0088,-1.0048,0.5600,-2.7650,0.7700
61646358,sitting,-0.0539,-0.0095,-1.0038,0.5950,-2.7650,0.7700
61646378,sitting,-0.0547,-0.0093,-1.0045,0.5600,-2.7650,0.7350
61646397,sitting,-0.0529,-0.0090,-1.0045,0.5600,-2.7650,0.7700
61646416,sitting,-0.0532,-0.0088,-1.0038,0.5600,-2.7300,0.7700
61646435,sitting,-0.0534,-0.0100,-1.0043,0.5600,-2.7650,0.7700
61646454,sitting,-0.0534,-0.0088,-1.0045,0.5600,-2.7650,0.7350
61646474,sitting,-0.0539,-0.0088,-1.0036,0.5250,-2.8000,0.7700
61646493,sitting,-0.0534,-0.0093,-1.0031,0.5600,-2.7650,0.7700
61646512,sitting,-0.0529,-0.0088,-1.0045,0.5600,-2.8000,0.7350
61646531,sitting,-0.0539,-0.0100,-1.0038,0.5600,-2.8000,0.7700
61646551,sitting,-0.0544,-0.0093,-1.0036,0.5600,-2.7300,0.7700
61646570,sitting,-0.0527,-0.0088,-1.0048,0.5250,-2.7650,0.7350
61646589,sitting,-0.0537,-0.0098,-1.0038,0.5600,-2.7650,0.7700
61646608,sitting,-0.0525,-0.0098,-1.0036,0.5600,-2.7650,0.7700
61646628,sitting,-0.0537,-0.0095,-1.0043,0.5600,-2.7300,0.7700
61646647,sitting,-0.0542,-0.0098,-1.0041,0.5250,-2.8000,0.7700
61646666,sitting,-0.0534,-0.0088,-1.0043,0.5250,-2.8000,0.7700
61646685,sitting,-0.0544,-0.0088,-1.0036,0.5600,-2.7300,0.7700
61646704,sitting,-0.0532,-0.0095,-1.0041,0.5600,-2.7300,0.7700
61646724,sitting,-0.0532,-0.0098,-1.0041,0.5600,-2.7650,0.7700
61646743,sitting,-0.0534,-0.0105,-1.0036,0.5600,-2.7300,0.7700
61646762,sitting,-0.0532,-0.0095,-1.0028,0.5600,-2.7300,0.7700
61646781,sitting,-0.0532,-0.0098,-1.0048,0.5600,-2.7300,0.7350
61646801,sitting,-0.0529,-0.0095,-1.0043,0.5950,-2.7650,0.7350
61646820,sitting,-0.0537,-0.0098,-1.0041,0.5600,-2.7300,0.7700
61646839,sitting,-0.0549,-0.0095,-1.0045,0.5600,-2.7300,0.7350
61646858,sitting,-0.0539,-0.0098,-1.0038,0.5600,-2.7300,0.7700
61646878,sitting,-0.0529,-0.0095,-1.0045,0.5600,-2.7300,0.7350
61646897,sitting,-0.0534,-0.0100,-1.0041,0.5600,-2.7300,0.7700
61646916,sitting,-0.0537,-0.0095,-1.0036,0.5600,-2.7300,0.7700
61646935,sitting,-0.0542,-0.0088,-1.0048,0.5600,-2.7300,0.7000
61646954,sitting,-0.0537,-0.0093,-1.0043,0.5600,-2.7650,0.7350
61646974,sitting,-0.0532,-0.0093,-1.0048,0.5600,-2.8000,0.7700
61646993,sitting,-0.0525,-0.0090,-1.0033,0.5600,-2.7650,0.7000
61647012,sitting,-0.0534,-0.0088,-1.0031,0.5600,-2.7300,0.7000
61647031,sitting,-0.0534,-0.0100,-1.0038,0.5600,-2.7300,0.7700
61647051,sitting,-0.0534,-0.0093,-1.0036,0.5600,-2.7650,0.7700
61647070,sitting,-0.0534,-0.0090,-1.0041,0.5600,-2.7650,0.7700
61647089,sitting,-0.0537,-0.0095,-1.0041,0.5600,-2.8000,0.7350
61647108,sitting,-0.0529,-0.0098,-1.0031,0.5600,-2.7650,0.7700
61647128,sitting,-0.0527,-0.0085,-1.0038,0.5250,-2.8000,0.7700
61647147,sitting,-0.0527,-0.0090,-1.0036,0.5600,-2.8000,0.8050
61647166,sitting,-0.0537,-0.0095,-1.0038,0.5600,-2.8000,0.7700
61647185,sitting,-0.0527,-0.0100,-1.0041,0.5600,-2.7300,0.7700
61647204,sitting,-0.0525,-0.0095,-1.0033,0.5600,-2.7650,0.7700
61647224,sitting,-0.0525,-0.0090,-1.0048,0.5600,-2.7650,0.7700
61647243,sitting,-0.0539,-0.0083,-1.0038,0.5600,-2.7300,0.7700
61647262,sitting,-0.0539,-0.0090,-1.0036,0.5600,-2.7650,0.7700
61647281,sitting,-0.0534,-0.0088,-1.0038,0.5600,-2.8000,0.7700
61647301,sitting,-0.0537,-0.0090,-1.0043,0.5600,-2.7650,0.7700
61647320,sitting,-0.0537,-0.0088,-1.0048,0.5600,-2.7650,0.7700
61647339,sitting,-0.0534,-0.0098,-1.0036,0.5600,-2.7300,0.7700
61647358,sitting,-0.0537,-0.0098,-1.0041,0.5600,-2.7300,0.7700
61647378,sitting,-0.0527,-0.0102,-1.0026,0.5600,-2.7650,0.7350
61647397,sitting,-0.0537,-0.0095,-1.0041,0.5600,-2.8000,0.7350
61647416,sitting,-0.0539,-0.0093,-1.0031,0.5600,-2.7300,0.7350
61647435,sitting,-0.0539,-0.0093,-1.0043,0.5600,-2.8000,0.7350
61647454,sitting,-0.0529,-0.0093,-1.0041,0.5250,-2.7650,0.7000
61647474,sitting,-0.0534,-0.0095,-1.0036,0.5600,-2.7650,0.7700
61647493,sitting,-0.0544,-0.0095,-1.0038,0.5600,-2.8000,0.7700
61647512,sitting,-0.0537,-0.0093,-1.0041,0.5600,-2.7650,0.7000
61647531,sitting,-0.0537,-0.0088,-1.0043,0.5600,-2.7300,0.7700
61647551,sitting,-0.0537,-0.0095,-1.0036,0.5600,-2.7650,0.8050
61647570,sitting,-0.0551,-0.0100,-1.0036,0.5250,-2.7650,0.7700
61647589,sitting,-0.0537,-0.0102,-1.0041,0.5600,-2.8000,0.7700
61647608,sitting,-0.0537,-0.0095,-1.0036,0.5600,-2.7650,0.7700
61647628,sitting,-0.0542,-0.0090,-1.0036,0.5600,-2.8000,0.7700
61647647,sitting,-0.0537,-0.0093,-1.0041,0.5250,-2.7650,0.8050
61647666,sitting,-0.0534,-0.0093,-1.0033,0.5600,-2.7300,0.8050
61647685,sitting,-0.0549,-0.0100,-1.0036,0.5600,-2.7300,0.7700
61647704,sitting,-0.0537,-0.0098,-1.0043,0.5600,-2.7300,0.7700
61647724,sitting,-0.0539,-0.0088,-1.0033,0.5600,-2.7300,0.7700
61647743,sitting,-0.0544,-0.0095,-1.0033,0.5950,-2.7300,0.7700
61647762,sitting,-0.0537,-0.0095,-1.0050,0.5600,-2.7300,0.7700
61647781,sitting,-0.0539,-0.0102,-1.0043,0.5600,-2.7300,0.7700
61647801,sitting,-0.0551,-0.0093,-1.0033,0.5600,-2.8000,0.7700
61647820,sitting,-0.0544,-0.0088,-1.0036,0.5600,-2.7300,0.7700
61647839,sitting,-0.0532,-0.0102,-1.0033,0.5250,-2.7300,0.7700
61647858,sitting,-0.0539,-0.0090,-1.0038,0.5600,-2.8000,0.7700
61647878,sitting,-0.0537,-0.0095,-1.0043,0.5950,-2.7300,0.7350
61647897,sitting,-0.0534,-0.0093,-1.0043,0.5600,-2.7650,0.7700
61647916,sitting,-0.0532,-0.0093,-1.0043,0.5600,-2.7650,0.7700
61647935,sitting,-0.0534,-0.0093,-1.0028,0.5600,-2.7650,0.7700
61647954,sitting,-0.0532,-0.0100,-1.0038,0.5600,-2.7650,0.7700
61647974,sitting,-0.0534,-0.0098,-1.0033,0.5600,-2.7300,0.7700
61647993,sitting,-0.0539,-0.0090,-1.0033,0.5600,-2.8000,0.7700
61648012,sitting,-0.0537,-0.0098,-1.0038,0.5600,-2.7650,0.8050
61648031,sitting,-0.0527,-0.0090,-1.0036,0.5600,-2.8000,0.7700
61648051,sitting,-0.0529,-0.0090,-1.0043,0.5600,-2.7650,0.7700
61648070,sitting,-0.0525,-0.0095,-1.0055,0.5600,-2.7300,0.7700
61648089,sitting,-0.0534,-0.0098,-1.0033,0.5600,-2.7650,0.7700
61648108,sitting,-0.0542,-0.0090,-1.0031,0.5250,-2.7300,0.7700
61648128,sitting,-0.0539,-0.0088,-1.0038,0.5250,-2.7650,0.7700
61648147,sitting,-0.0534,-0.0098,-1.0045,0.5600,-2.8000,0.7700
61648166,sitting,-0.0537,-0.0090,-1.0043,0.5600,-2.7650,0.7700
61648185,sitting,-0.0542,-0.0088,-1.0045,0.5600,-2.8000,0.7700
61648204,sitting,-0.0542,-0.0085,-1.0045,0.5600,-2.7650,0.7700
61648224,sitting,-0.0534,-0.0088,-1.0036,0.5600,-2.7300,0.7700
61648243,sitting,-0.0537,-0.0095,-1.0033,0.6300,-2.8000,0.7700
61648262,sitting,-0.0532,-0.0098,-1.0036,0.5250,-2.7300,0.7700
61648281,sitting,-0.0532,-0.0098,-1.0026,0.5600,-2.7650,0.7700
61648301,sitting,-0.0529,-0.0093,-1.0031,0.5950,-2.8000,0.7700
61648320,sitting,-0.0537,-0.0088,-1.0043,0.5600,-2.7650,0.7700
61648339,sitting,-0.0532,-0.0093,-1.0048,0.5600,-2.7300,0.7700
61648358,sitting,-0.0532,-0.0088,-1.0036,0.5600,-2.7300,0.7350
61648378,sitting,-0.0534,-0.0093,-1.0033,0.5950,-2.7300,0.7700
61648397,sitting,-0.0539,-0.0100,-1.0045,0.5600,-2.7300,0.7350
61648416,sitting,-0.0532,-0.0093,-1.0038,0.5600,-2.7650,0.7350
61648435,sitting,-0.0537,-0.0093,-1.0041,0.5250,-2.8000,0.7700
61648454,sitting,-0.0539,-0.0100,-1.0036,0.5600,-2.8000,0.7700
61648474,sitting,-0.0534,-0.0090,-1.0041,0.5600,-2.8000,0.8050
61648493,sitting,-0.0529,-0.0098,-1.0045,0.5600,-2.7650,0.7350
61648512,sitting,-0.0537,-0.0090,-1.0043,0.5600,-2.7300,0.7000
61648531,sitting,-0.0539,-0.0083,-1.0043,0.5950,-2.7300,0.7700
61648551,sitting,-0.0537,-0.0095,-1.0033,0.5600,-2.7300,0.7700
61648570,sitting,-0.0539,-0.0098,-1.0036,0.5600,-2.8000,0.8050
61648589,sitting,-0.0532,-0.0098,-1.0033,0.5600,-2.8000,0.8050
61648608,sitting,-0.0534,-0.0090,-1.0038,0.5600,-2.8000,0.7700
61648628,sitting,-0.0539,-0.0100,-1.0033,0.5600,-2.7300,0.7350
61648647,sitting,-0.0534,-0.0093,-1.0036,0.5950,-2.7300,0.7700
61648666,sitting,-0.0542,-0.0093,-1.0041,0.5600,-2.7650,0.7700
61648685,sitting,-0.0537,-0.0088,-1.0033,0.5600,-2.7650,0.7700
61648704,sitting,-0.0542,-0.0088,-1.0036,0.5250,-2.7650,0.8050
61648724,sitting,-0.0527,-0.0095,-1.0041,0.5600,-2.7300,0.7700
61648743,sitting,-0.0542,-0.0088,-1.0036,0.5600,-2.7650,0.7700
61648762,sitting,-0.0537,-0.0093,-1.0045,0.5950,-2.7300,0.7700
61648781,sitting,-0.0527,-0.0093,-1.0033,0.5600,-2.7300,0.7350
61648801,sitting,-0.0527,-0.0093,-1.0028,0.5600,-2.7300,0.7700
61648820,sitting,-0.0532,-0.0098,-1.0043,0.5600,-2.8000,0.7350
61648839,sitting,-0.0539,-0.0088,-1.0045,0.5600,-2.7300,0.7700
61648858,sitting,-0.0547,-0.0098,-1.0033,0.5600,-2.8000,0.7700
61648878,sitting,-0.0547,-0.0088,-1.0045,0.5950,-2.7300,0.7700
61648897,sitting,-0.0534,-0.0090,-1.0045,0.5600,-2.7650,0.7700
61648916,sitting,-0.0529,-0.0098,-1.0038,0.5600,-2.8000,0.7700
61648935,sitting,-0.0544,-0.0093,-1.0026,0.5250,-2.7650,0.7700
61648954,sitting,-0.0537,-0.0098,-1.0033,0.5600,-2.7300,0.7700
61648974,sitting,-0.0542,-0.0098,-1.0043,0.5600,-2.7650,0.7700
61648993,sitting,-0.0537,-0.0102,-1.0045,0.5600,-2.8000,0.8050
61649012,sitting,-0.0537,-0.0090,-1.0041,0.5600,-2.8000,0.7700
61649031,sitting,-0.0542,-0.0098,-1.0033,0.5250,-2.8000,0.7700
61649051,sitting,-0.0534,-0.0090,-1.0036,0.5600,-2.7650,0.7700
61649070,sitting,-0.0532,-0.0085,-1.0041,0.5600,-2.7650,0.7700
61649089,sitting,-0.0542,-0.0090,-1.0043,0.5600,-2.7300,0.7350
61649108,sitting,-0.0542,-0.0085,-1.0048,0.4900,-2.7650,0.7700
61649128,sitting,-0.0539,-0.0088,-1.0043,0.5600,-2.7650,0.7700
61649147,sitting,-0.0534,-0.0088,-1.0058,0.5950,-2.7650,0.7700
61649166,sitting,-0.0529,-0.0085,-1.0043,0.5600,-2.7650,0.7700
61649185,sitting,-0.0527,-0.0083,-1.0031,0.5600,-2.7300,0.8050
61649204,sitting,-0.0534,-0.0090,-1.0050,0.5600,-2.7300,0.7350
61649224,sitting,-0.0539,-0.0095,-1.0048,0.5600,-2.7300,0.7700
61649243,sitting,-0.0534,-0.0093,-1.0041,0.5600,-2.7650,0.7700
61649262,sitting,-0.0529,-0.0085,-1.0041,0.5600,-2.7300,0.7700
61649281,sitting,-0.0542,-0.0090,-1.0038,0.5600,-2.7650,0.7350
61649301,sitting,-0.0539,-0.0088,-1.0041,0.5600,-2.7650,0.7700
61649320,sitting,-0.0532,-0.0090,-1.0041,0.5950,-2.7300,0.7700
61649339,sitting,-0.0534,-0.0088,-1.0041,0.5600,-2.8000,0.7000
61649358,sitting,-0.0542,-0.0095,-1.0033,0.5600,-2.8000,0.7700
61649378,sitting,-0.0544,-0.0095,-1.0043,0.5600,-2.7650,0.7700
61649397,sitting,-0.0539,-0.0090,-1.0045,0.5600,-2.7300,0.7700
61649416,sitting,-0.0534,-0.0093,-1.0038,0.5600,-2.8000,0.7700
61649435,sitting,-0.0532,-0.0090,-1.0050,0.5950,-2.7650,0.7700
61649454,sitting,-0.0539,-0.0085,-1.0033,0.5600,-2.7650,0.7350
61649474,sitting,-0.0537,-0.0093,-1.0038,0.6300,-2.8000,0.7700
61649493,sitting,-0.0534,-0.0093,-1.0041,0.5600,-2.8000,0.7700
61649512,sitting,-0.0542,-0.0095,-1.0045,0.5250,-2.8000,0.7700
61649531,sitting,-0.0537,-0.0102,-1.0048,0.5600,-2.7650,0.8050
61649551,sitting,-0.0534,-0.0095,-1.0045,0.5600,-2.7300,0.7700
61649570,sitting,-0.0529,-0.0090,-1.0043,0.5250,-2.8000,0.7700
61649589,sitting,-0.0537,-0.0102,-1.0043,0.5600,-2.7300,0.7700
61649608,sitting,-0.0542,-0.0098,-1.0041,0.5600,-2.8000,0.7350
61649628,sitting,-0.0542,-0.0095,-1.0036,0.5600,-2.8000,0.7700
61649647,sitting,-0.0539,-0.0090,-1.0036,0.5250,-2.7300,0.8400
61649666,sitting,-0.0537,-0.0093,-1.0045,0.5600,-2.7650,0.7700
61649685,sitting,-0.0532,-0.0090,-1.0053,0.5600,-2.7650,0.7700
61649704,sitting,-0.0542,-0.0100,-1.0043,0.5250,-2.8000,0.7350
61649724,sitting,-0.0532,-0.0093,-1.0043,0.5250,-2.8000,0.7700
61649743,sitting,-0.0539,-0.0093,-1.0041,0.5600,-2.7300,0.7350
61649762,sitting,-0.0539,-0.0095,-1.0043,0.5600,-2.7650,0.7700
61649781,sitting,-0.0539,-0.0088,-1.0038,0.5950,-2.7650,0.7700
61649801,sitting,-0.0529,-0.0095,-1.0036,0.5600,-2.7300,0.7700
61649820,sitting,-0.0529,-0.0095,-1.0043,0.5600,-2.8000,0.7350
61649839,sitting,-0.0532,-0.0083,-1.0038,0.5600,-2.7650,0.7000
61649858,sitting,-0.0534,-0.0088,-1.0033,0.5600,-2.8000,0.7700
61649878,sitting,-0.0537,-0.0100,-1.0033,0.5600,-2.7300,0.7700
61649897,sitting,-0.0532,-0.0088,-1.0038,0.5600,-2.7650,0.7700
61649916,sitting,-0.0539,-0.0088,-1.0031,0.5600,-2.7300,0.7700
61649935,sitting,-0.0539,-0.0093,-1.0045,0.5250,-2.7650,0.7700
61649954,sitting,-0.0539,-0.0093,-1.0036,0.5600,-2.7300,0.7350
61649974,sitting,-0.0532,-0.0090,-1.0036,0.5600,-2.7650,0.7700
61649993,sitting,-0.0537,-0.0093,-1.0043,0.5600,-2.7300,0.7000
61650012,sitting,-0.0529,-0.0090,-1.0043,0.5950,-2.7300,0.7700
61650031,sitting,-0.0534,-0.0090,-1.0041,0.5600,-2.7300,0.7700
61650051,sitting,-0.0537,-0.0090,-1.0045,0.5250,-2.7300,0.8050
61650070,sitting,-0.0534,-0.0085,-1.0050,0.5600,-2.7300,0.7700
61650089,sitting,-0.0534,-0.0083,-1.0038,0.5600,-2.7300,0.7700
61650108,sitting,-0.0542,-0.0098,-1.0038,0.5600,-2.7300,0.7700
61650128,sitting,-0.0544,-0.0088,-1.0038,0.5600,-2.7650,0.7350
61650147,sitting,-0.0542,-0.0090,-1.0031,0.5600,-2.7650,0.7700
61650166,sitting,-0.0534,-0.0090,-1.0036,0.5600,-2.7300,0.7350
61650185,sitting,-0.0537,-0.0095,-1.0043,0.5600,-2.7650,0.7700
61650204,sitting,-0.0537,-0.0098,-1.0036,0.5600,-2.7650,0.7700
61650224,sitting,-0.0544,-0.0090,-1.0038,0.5600,-2.8000,0.7350
61650243,sitting,-0.0529,-0.0093,-1.0043,0.5600,-2.7300,0.7350
61650262,sitting,-0.0532,-0.0085,-1.0036,0.5600,-2.7650,0.7350
61650281,sitting,-0.0532,-0.0093,-1.0041,0.5600,-2.8000,0.7700
61650301,sitting,-0.0544,-0.0098,-1.0041,0.5600,-2.7300,0.7350
61650320,sitting,-0.0539,-0.0090,-1.0036,0.5600,-2.7650,0.7700
61650339,sitting,-0.0539,-0.0088,-1.0033,0.5600,-2.8000,0.7350
61650358,sitting,-0.0547,-0.0090,-1.0048,0.5600,-2.8000,0.7700
61650378,sitting,-0.0537,-0.0093,-1.0043,0.5250,-2.7650,0.7700
61650397,sitting,-0.0537,-0.0100,-1.0043,0.5600,-2.8000,0.7700
61650416,sitting,-0.0534,-0.0100,-1.0043,0.5600,-2.7650,0.7350
61650435,sitting,-0.0542,-0.0100,-1.0043,0.5250,-2.7300,0.7350
61650454,sitting,-0.0534,-0.0090,-1.0045,0.5600,-2.7300,0.7700
61650474,sitting,-0.0537,-0.0090,-1.0028,0.5600,-2.7650,0.8050
61650493,sitting,-0.0539,-0.0088,-1.0033,0.5600,-2.7650,0.7700
61650512,sitting,-0.0542,-0.0088,-1.0038,0.5600,-2.7650,0.7350
61650531,sitting,-0.0532,-0.0085,-1.0045,0.5600,-2.7300,0.7700
61650551,sitting,-0.0539,-0.0088,-1.0043,0.5600,-2.7650,0.7700
61650570,sitting,-0.0534,-0.0088,-1.0048,0.5600,-2.7650,0.7700
61650589,sitting,-0.0542,-0.0093,-1.0043,0.5950,-2.8000,0.8050
61650608,sitting,-0.0534,-0.0088,-1.0041,0.5950,-2.7300,0.7700
61650628,sitting,-0.0542,-0.0095,-1.0043,0.5600,-2.7300,0.7700
61650647,sitting,-0.0527,-0.0095,-1.0038,0.5600,-2.7300,0.7700
61650666,sitting,-0.0537,-0.0088,-1.0038,0.5600,-2.7650,0.7350
61650685,sitting,-0.0537,-0.0088,-1.0036,0.5600,-2.7650,0.7700
61650704,sitting,-0.0534,-0.0090,-1.0036,0.5600,-2.8000,0.7700
61650724,sitting,-0.0539,-0.0098,-1.0043,0.5600,-2.7650,0.7700
61650743,sitting,-0.0527,-0.0090,-1.0036,0.5600,-2.7300,0.7000
61650762,sitting,-0.0539,-0.0098,-1.0036,0.5600,-2.8000,0.7700
61650781,sitting,-0.0534,-0.0102,-1.0036,0.5600,-2.8000,0.7700
61650801,sitting,-0.0537,-0.0090,-1.0033,0.5600,-2.7650,0.7700
61650820,sitting,-0.0537,-0.0085,-1.0038,0.5600,-2.7300,0.7700
61650839,sitting,-0.0534,-0.0090,-1.0053,0.5600,-2.7650,0.7700
61650858,sitting,-0.0525,-0.0098,-1.0045,0.5600,-2.7300,0.7700
61650878,sitting,-0.0527,-0.0095,-1.0041,0.5600,-2.7650,0.7700
61650897,sitting,-0.0534,-0.0085,-1.0048,0.5600,-2.7300,0.7700
61650916,sitting,-0.0539,-0.0098,-1.0041,0.4900,-2.8000,0.7700
61650935,sitting,-0.0542,-0.0085,-1.0038,0.5600,-2.8000,0.7700
61650954,sitting,-0.0529,-0.0090,-1.0038,0.5250,-2.7650,0.7700
61650974,sitting,-0.0534,-0.0095,-1.0038,0.5600,-2.7300,0.7350
61650993,sitting,-0.0529,-0.0098,-1.0033,0.5600,-2.8000,0.7700
61651012,sitting,-0.0532,-0.0088,-1.0048,0.5950,-2.7650,0.7700
61651031,sitting,-0.0542,-0.0088,-1.0045,0.5600,-2.7300,0.7700
61651051,sitting,-0.0529,-0.0093,-1.0036,0.5600,-2.7650,0.7700
61651070,sitting,-0.0532,-0.0095,-1.0028,0.5600,-2.7300,0.7700
61651089,sitting,-0.0529,-0.0088,-1.0036,0.5600,-2.7300,0.7700
61651108,sitting,-0.0527,-0.0090,-1.0036,0.5600,-2.7650,0.7700
61651128,sitting,-0.0529,-0.0100,-1.0043,0.5950,-2.7300,0.7700
61651147,sitting,-0.0532,-0.0100,-1.0041,0.5600,-2.7300,0.7700
61651166,sitting,-0.0539,-0.0093,-1.0041,0.5600,-2.7300,0.7700
61651185,sitting,-0.0551,-0.0093,-1.0036,0.5600,-2.7650,0.7700
61651204,sitting,-0.0529,-0.0093,-1.0038,0.5250,-2.7650,0.7700
61651224,sitting,-0.0529,-0.0093,-1.0028,0.5600,-2.7300,0.7700
61651243,sitting,-0.0542,-0.0090,-1.0043,0.5600,-2.7650,0.7700
61651262,sitting,-0.0529,-0.0088,-1.0043,0.5600,-2.7650,0.7700
61651281,sitting,-0.0520,-0.0095,-1.0036,0.6300,-2.7300,0.7700
61651301,sitting,-0.0529,-0.0100,-1.0048,0.5600,-2.7300,0.7700
61651320,sitting,-0.0532,-0.0093,-1.0045,0.5250,-2.7650,0.7350
61651339,sitting,-0.0532,-0.0098,-1.0045,0.5600,-2.7300,0.7700
61651358,sitting,-0.0527,-0.0093,-1.0028,0.5600,-2.7300,0.8050
61651378,sitting,-0.0544,-0.0090,-1.0036,0.5600,-2.7300,0.7700
61651397,sitting,-0.0532,-0.0093,-1.0043,0.5600,-2.8000,0.7700
61651416,sitting,-0.0539,-0.0105,-1.0031,0.5250,-2.7300,0.7700
61651435,sitting,-0.0542,-0.0088,-1.0036,0.5600,-2.7650,0.7700
61651454,sitting,-0.0537,-0.0088,-1.0045,0.5600,-2.7650,0.7700
61651474,sitting,-0.0537,-0.0095,-1.0045,0.5600,-2.7650,0.7350
61651493,sitting,-0.0537,-0.0090,-1.0041,0.5600,-2.7300,0.7700
61651512,sitting,-0.0547,-0.0088,-1.0050,0.5600,-2.7300,0.7700
61651531,sitting,-0.0537,-0.0088,-1.0048,0.5600,-2.7300,0.7350
61651551,sitting,-0.0532,-0.0093,-1.0043,0.5600,-2.7300,0.7350
61651570,sitting,-0.0542,-0.0090,-1.0055,0.5600,-2.7650,0.7700
61651589,sitting,-0.0534,-0.0083,-1.0045,0.5600,-2.7300,0.7700
61651608,sitting,-0.0534,-0.0093,-1.0043,0.5600,-2.8000,0.7700
61651628,sitting,-0.0537,-0.0095,-1.0043,0.5600,-2.7300,0.7700
61651647,sitting,-0.0534,-0.0095,-1.0043,0.5600,-2.7300,0.7700
61651666,sitting,-0.0529,-0.0090,-1.0050,0.5600,-2.7300,0.7350
61651685,sitting,-0.0532,-0.0088,-1.0033,0.5600,-2.7300,0.7350
61651704,sitting,-0.0529,-0.0098,-1.0036,0.5600,-2.7300,0.7700
61651724,sitting,-0.0537,-0.0098,-1.0045,0.5600,-2.8000,0.7700
61651743,sitting,-0.0534,-0.0100,-1.0045,0.5600,-2.7650,0.7700
61651762,sitting,-0.0539,-0.0095,-1.0043,0.5600,-2.8000,0.7700
61651781,sitting,-0.0532,-0.0093,-1.0043,0.5600,-2.7650,0.7350
61651801,sitting,-0.0537,-0.0090,-1.0043,0.5600,-2.7300,0.7700
61651820,sitting,-0.0537,-0.0088,-1.0036,0.5600,-2.7300,0.7700
61651839,sitting,-0.0529,-0.0090,-1.0038,0.5250,-2.7300,0.7350
61651858,sitting,-0.0547,-0.0095,-1.0036,0.5600,-2.7300,0.7700
61651878,sitting,-0.0544,-0.0088,-1.0036,0.5250,-2.8000,0.7700
61651897,sitting,-0.0532,-0.0095,-1.0053,0.5250,-2.7650,0.7350
61651916,sitting,-0.0532,-0.0098,-1.0053,0.5600,-2.7300,0.8050
61651935,sitting,-0.0529,-0.0098,-1.0041,0.5600,-2.7650,0.7700
61651954,sitting,-0.0534,-0.0105,-1.0036,0.5950,-2.7300,0.7700
61651974,sitting,-0.0534,-0.0090,-1.0041,0.5600,-2.6950,0.7700
61651993,sitting,-0.0539,-0.0093,-1.0036,0.5600,-2.7650,0.7700
61652012,sitting,-0.0532,-0.0095,-1.0043,0.5600,-2.7300,0.7350
61652031,sitting,-0.0537,-0.0098,-1.0043,0.5600,-2.7300,0.7700
61652051,sitting,-0.0534,-0.0095,-1.0033,0.5950,-2.7650,0.7700
61652070,sitting,-0.0529,-0.0100,-1.0041,0.5600,-2.7300,0.7000
61652089,sitting,-0.0537,-0.0093,-1.0043,0.5600,-2.7300,0.7350
61652108,sitting,-0.0537,-0.0095,-1.0043,0.5600,-2.8000,0.7700
61652128,sitting,-0.0537,-0.0090,-1.0041,0.5600,-2.7650,0.7700
61652147,sitting,-0.0532,-0.0085,-1.0045,0.5600,-2.7650,0.8050
61652166,sitting,-0.0549,-0.0090,-1.0043,0.5600,-2.7300,0.7700
61652185,sitting,-0.0537,-0.0088,-1.0041,0.5250,-2.8000,0.7700
61652204,sitting,-0.0529,-0.0095,-1.0031,0.5600,-2.7650,0.7700
61652224,sitting,-0.0539,-0.0088,-1.0043,0.5950,-2.8000,0.7350
61652243,sitting,-0.0532,-0.0090,-1.0043,0.5600,-2.7650,0.8050
61652262,sitting,-0.0532,-0.0100,-1.0036,0.5600,-2.7650,0.8050
61652281,sitting,-0.0534,-0.0098,-1.0036,0.5600,-2.8000,0.7700
61652301,sitting,-0.0534,-0.0095,-1.0038,0.5600,-2.7650,0.7700
61652320,sitting,-0.0542,-0.0093,-1.0055,0.5600,-2.7300,0.7700
61652339,sitting,-0.0539,-0.0093,-1.0045,0.5600,-2.7650,0.7700
61652358,sitting,-0.0537,-0.0098,-1.0041,0.5600,-2.7300,0.7700
61652378,sitting,-0.0532,-0.0090,-1.0050,0.5950,-2.7300,0.7700
61652397,sitting,-0.0537,-0.0085,-1.0048,0.5600,-2.7650,0.7350
61652416,sitting,-0.0537,-0.0090,-1.0036,0.5250,-2.7650,0.7700
61652435,sitting,-0.0529,-0.0093,-1.0038,0.5600,-2.7300,0.7700
61652454,sitting,-0.0547,-0.0090,-1.0060,0.5600,-2.8000,0.7700
61652474,sitting,-0.0534,-0.0095,-1.0036,0.5600,-2.8000,0.7000
61652493,sitting,-0.0539,-0.0088,-1.0026,0.5600,-2.7300,0.7700
61652512,sitting,-0.0534,-0.0093,-1.0041,0.5600,-2.7300,0.7350
61652531,sitting,-0.0529,-0.0090,-1.0043,0.6300,-2.7650,0.7350
61652551,sitting,-0.0539,-0.0088,-1.0033,0.5600,-2.7300,0.7700
61652570,sitting,-0.0539,-0.0088,-1.0043,0.5600,-2.7300,0.7350
61652589,sitting,-0.0537,-0.0090,-1.0043,0.5250,-2.7300,0.7000
61652608,sitting,-0.0537,-0.0095,-1.0043,0.5600,-2.7650,0.7700
61652628,sitting,-0.0542,-0.0085,-1.0048,0.5600,-2.7650,0.7000
61652647,sitting,-0.0539,-0.0098,-1.0041,0.5600,-2.7650,0.7700
61652666,sitting,-0.0537,-0.0090,-1.0041,0.5600,-2.8000,0.7700
61652685,sitting,-0.0532,-0.0090,-1.0038,0.5600,-2.7650,0.7700
61652704,sitting,-0.0539,-0.0090,-1.0033,0.5950,-2.8000,0.7350
61652724,sitting,-0.0534,-0.0088,-1.0041,0.5600,-2.7300,0.7350
61652743,sitting,-0.0544,-0.0081,-1.0041,0.5600,-2.7650,0.7700
61652762,sitting,-0.0544,-0.0093,-1.0033,0.5600,-2.7300,0.7700
61652781,sitting,-0.0534,-0.0093,-1.0043,0.5250,-2.8000,0.7700
61652801,sitting,-0.0539,-0.0090,-1.0041,0.5250,-2.7650,0.7700
61652820,sitting,-0.0532,-0.0095,-1.0043,0.5250,-2.7650,0.7700
61652839,sitting,-0.0534,-0.0093,-1.0043,0.5600,-2.7300,0.7700
61652858,sitting,-0.0532,-0.0090,-1.0045,0.5600,-2.7650,0.7350
61652878,sitting,-0.0532,-0.0090,-1.0041,0.5600,-2.7300,0.7700
61652897,sitting,-0.0532,-0.0090,-1.0038,0.5600,-2.7300,0.7700
61652916,sitting,-0.0534,-0.0090,-1.0045,0.5600,-2.7300,0.7700
61652935,sitting,-0.0534,-0.0100,-1.0043,0.5600,-2.7300,0.7700
61652954,sitting,-0.0539,-0.0100,-1.0041,0.5600,-2.8000,0.7700
61652974,sitting,-0.0534,-0.0095,-1.0045,0.5950,-2.7300,0.7350
61652993,sitting,-0.0537,-0.0088,-1.0041,0.5600,-2.7300,0.7350
61653012,sitting,-0.0539,-0.0090,-1.0048,0.5600,-2.7300,0.7000
61653031,sitting,-0.0539,-0.0095,-1.0033,0.5600,-2.7650,0.7350
61653051,sitting,-0.0537,-0.0093,-1.0045,0.5600,-2.7650,0.7350
61653070,sitting,-0.0532,-0.0098,-1.0041,0.4900,-2.7300,0.7700
61653089,sitting,-0.0534,-0.0095,-1.0036,0.5600,-2.7300,0.7000
61653108,sitting,-0.0544,-0.0095,-1.0043,0.5600,-2.7300,0.7700
61653128,sitting,-0.0539,-0.0093,-1.0050,0.5600,-2.7300,0.7700
61653147,sitting,-0.0537,-0.0085,-1.0033,0.5950,-2.7650,0.7000
61653166,sitting,-0.0542,-0.0090,-1.0036,0.5950,-2.7650,0.7700
61653185,sitting,-0.0539,-0.0085,-1.0043,0.5600,-2.7300,0.8050
61653204,sitting,-0.0544,-0.0102,-1.0043,0.5600,-2.8000,0.7700
61653224,sitting,-0.0534,-0.0095,-1.0043,0.5600,-2.7650,0.7700
61653243,sitting,-0.0534,-0.0090,-1.0036,0.5600,-2.7650,0.7700
61653262,sitting,-0.0537,-0.0093,-1.0041,0.5600,-2.7300,0.7700
61653281,sitting,-0.0522,-0.0083,-1.0038,0.4900,-2.7300,0.7700
61653301,sitting,-0.0529,-0.0088,-1.0055,0.5600,-2.7650,0.7700
61653320,sitting,-0.0529,-0.0093,-1.0050,0.5600,-2.7650,0.7700
61653339,sitting,-0.0537,-0.0083,-1.0043,0.5600,-2.7300,0.7700
61653358,sitting,-0.0547,-0.0090,-1.0041,0.5600,-2.7650,0.7700
61653378,sitting,-0.0539,-0.0093,-1.0038,0.5600,-2.7650,0.7350
61653397,sitting,-0.0544,-0.0093,-1.0043,0.5600,-2.7300,0.7700
61653416,sitting,-0.0532,-0.0095,-1.0041,0.5600,-2.7300,0.7700
61653435,sitting,-0.0532,-0.0095,-1.0050,0.5600,-2.7300,0.7700
61653454,sitting,-0.0537,-0.0093,-1.0043,0.5950,-2.8000,0.7350
61653474,sitting,-0.0542,-0.0090,-1.0038,0.5950,-2.7300,0.7700
61653493,sitting,-0.0534,-0.0093,-1.0038,0.5600,-2.7300,0.7000
61653512,sitting,-0.0539,-0.0102,-1.0036,0.5600,-2.7300,0.7700
61653531,sitting,-0.0542,-0.0088,-1.0038,0.5250,-2.7650,0.7000
61653551,sitting,-0.0544,-0.0093,-1.0036,0.5600,-2.7650,0.7350
61653570,sitting,-0.0542,-0.0095,-1.0031,0.5600,-2.7300,0.7700
61653589,sitting,-0.0534,-0.0090,-1.0036,0.5600,-2.7650,0.7700
61653608,sitting,-0.0542,-0.0100,-1.0053,0.4900,-2.8000,0.7700
61653628,sitting,-0.0547,-0.0098,-1.0038,0.5600,-2.8000,0.7700
61653647,sitting,-0.0549,-0.0090,-1.0038,0.5600,-2.7650,0.7700
61653666,sitting,-0.0542,-0.0098,-1.0045,0.5600,-2.8000,0.7700
61653685,sitting,-0.0551,-0.0105,-1.0045,0.5250,-2.7300,0.7700
61653704,sitting,-0.0532,-0.0100,-1.0045,0.5250,-2.7650,0.7700
61653724,sitting,-0.0537,-0.0090,-1.0033,0.5600,-2.8000,0.7700
61653743,sitting,-0.0534,-0.0093,-1.0048,0.5600,-2.7650,0.7700
61653762,sitting,-0.0534,-0.0093,-1.0038,0.5600,-2.7650,0.8050
61653781,sitting,-0.0542,-0.0098,-1.0050,0.5600,-2.7650,0.7700
61653801,sitting,-0.0539,-0.0093,-1.0043,0.5250,-2.7650,0.7700
61653820,sitting,-0.0534,-0.0102,-1.0043,0.5600,-2.7650,0.7700
61653839,sitting,-0.0527,-0.0100,-1.0048,0.5600,-2.8000,0.7350
61653858,sitting,-0.0539,-0.0095,-1.0038,0.5250,-2.6950,0.7350
61653878,sitting,-0.0529,-0.0081,-1.0043,0.5600,-2.7300,0.7700
61653897,sitting,-0.0539,-0.0093,-1.0036,0.5600,-2.7300,0.7700
61653916,sitting,-0.0537,-0.0093,-1.0036,0.5250,-2.7650,0.7350
61653935,sitting,-0.0539,-0.0093,-1.0048,0.5600,-2.7300,0.7000
61653954,sitting,-0.0537,-0.0090,-1.0053,0.5600,-2.7300,0.7350
61653974,sitting,-0.0539,-0.0090,-1.0033,0.5600,-2.7300,0.7700
61653993,sitting,-0.0544,-0.0095,-1.0041,0.5950,-2.7300,0.7700
61654012,sitting,-0.0537,-0.0093,-1.0033,0.5600,-2.8000,0.7700
61654031,sitting,-0.0529,-0.0093,-1.0041,0.5600,-2.7650,0.7700
61654051,sitting,-0.0532,-0.0088,-1.0033,0.5600,-2.7300,0.7350
61654070,sitting,-0.0539,-0.0095,-1.0038,0.5600,-2.7650,0.7700
61654089,sitting,-0.0534,-0.0098,-1.0048,0.5950,-2.8000,0.7700
61654108,sitting,-0.0544,-0.0088,-1.0038,0.5600,-2.7300,0.7700
61654128,sitting,-0.0534,-0.0090,-1.0041,0.5600,-2.7650,0.7700
61654147,sitting,-0.0529,-0.0093,-1.0036,0.5600,-2.7650,0.7700
61654166,sitting,-0.0537,-0.0102,-1.0033,0.5600,-2.7300,0.8050
61654185,sitting,-0.0537,-0.0088,-1.0038,0.5600,-2.7650,0.7700
61654204,sitting,-0.0529,-0.0088,-1.0043,0.5600,-2.7650,0.7700
61654224,sitting,-0.0544,-0.0093,-1.0045,0.5600,-2.7300,0.7700
61654243,sitting,-0.0539,-0.0093,-1.0043,0.5250,-2.7650,0.7700
61654262,sitting,-0.0534,-0.0090,-1.0048,0.5600,-2.8000,0.7700
61654281,sitting,-0.0539,-0.0095,-1.0048,0.5600,-2.7300,0.8050
61654301,sitting,-0.0537,-0.0085,-1.0033,0.5600,-2.8000,0.7350
61654320,sitting,-0.0539,-0.0095,-1.0036,0.5600,-2.7650,0.7350
61654339,sitting,-0.0532,-0.0100,-1.0041,0.5600,-2.7300,0.7700
61654358,sitting,-0.0539,-0.0095,-1.0045,0.5600,-2.7650,0.7700
61654378,sitting,-0.0534,-0.0090,-1.0041,0.5600,-2.7300,0.7350
61654397,sitting,-0.0534,-0.0088,-1.0045,0.5600,-2.7300,0.7350
61654416,sitting,-0.0539,-0.0085,-1.0031,0.6300,-2.7300,0.7700
61654435,sitting,-0.0525,-0.0095,-1.0038,0.5600,-2.7650,0.7350
61654454,sitting,-0.0537,-0.0093,-1.0041,0.5600,-2.7300,0.7700
61654474,sitting,-0.0539,-0.0098,-1.0041,0.5600,-2.7300,0.7350
61654493,sitting,-0.0532,-0.0095,-1.0050,0.5600,-2.8000,0.7350
61654512,sitting,-0.0529,-0.0090,-1.0045,0.5600,-2.7650,0.7700
61654531,sitting,-0.0534,-0.0088,-1.0048,0.5600,-2.7650,0.7700
61654551,sitting,-0.0544,-0.0095,-1.0026,0.5950,-2.7300,0.7700
61654570,sitting,-0.0534,-0.0085,-1.0045,0.5950,-2.7300,0.7700
61654589,sitting,-0.0542,-0.0081,-1.0043,0.5600,-2.7300,0.7350
61654608,sitting,-0.0544,-0.0098,-1.0043,0.5600,-2.7300,0.7700
61654628,sitting,-0.0542,-0.0083,-1.0045,0.5600,-2.7650,0.7700
61654647,sitting,-0.0532,-0.0095,-1.0043,0.5600,-2.7300,0.7700
61654666,sitting,-0.0529,-0.0098,-1.0036,0.5600,-2.7300,0.7700
61654685,sitting,-0.0542,-0.0088,-1.0045,0.5600,-2.7650,0.7700
61654704,sitting,-0.0537,-0.0090,-1.0048,0.5600,-2.7650,0.7350
61654724,sitting,-0.0537,-0.0090,-1.0036,0.5600,-2.7300,0.7700
61654743,sitting,-0.0532,-0.0083,-1.0043,0.5600,-2.7300,0.7700
61654762,sitting,-0.0542,-0.0095,-1.0041,0.5600,-2.7650,0.7700
61654781,sitting,-0.0542,-0.0098,-1.0033,0.5600,-2.7300,0.7700
61654801,sitting,-0.0532,-0.0093,-1.0045,0.5950,-2.7650,0.7700
61654820,sitting,-0.0549,-0.0090,-1.0033,0.5600,-2.7300,0.7700
61654839,sitting,-0.0539,-0.0093,-1.0033,0.5600,-2.8000,0.7350
61654858,sitting,-0.0547,-0.0085,-1.0038,0.5600,-2.7650,0.7700
61654878,sitting,-0.0537,-0.0090,-1.0038,0.5600,-2.8000,0.7700
61654897,sitting,-0.0532,-0.0088,-1.0038,0.5600,-2.7650,0.7700
61654916,sitting,-0.0542,-0.0095,-1.0038,0.5600,-2.7650,0.7700
61654935,sitting,-0.0537,-0.0095,-1.0028,0.5950,-2.7650,0.7350
61654954,sitting,-0.0534,-0.0090,-1.0043,0.5950,-2.7650,0.7700
61654974,sitting,-0.0537,-0.0102,-1.0041,0.5950,-2.7300,0.7700
61654993,sitting,-0.0537,-0.0098,-1.0036,0.5600,-2.7300,0.7700
61655012,sitting,-0.0532,-0.0098,-1.0036,0.5600,-2.8000,0.7700
61655031,sitting,-0.0539,-0.0102,-1.0033,0.5600,-2.7300,0.7700
61655051,sitting,-0.0544,-0.0090,-1.0041,0.5950,-2.7650,0.7700
61655070,sitting,-0.0534,-0.0098,-1.0043,0.5950,-2.7650,0.8050
61655089,sitting,-0.0537,-0.0100,-1.0048,0.5600,-2.8000,0.7700
61655108,sitting,-0.0542,-0.0105,-1.0031,0.5600,-2.7300,0.7700
61655128,sitting,-0.0544,-0.0093,-1.0041,0.5600,-2.7650,0.7700
61655147,sitting,-0.0534,-0.0095,-1.0028,0.5600,-2.7300,0.7700
61655166,sitting,-0.0551,-0.0090,-1.0028,0.5600,-2.7650,0.8050
61655185,sitting,-0.0542,-0.0100,-1.0036,0.5600,-2.8000,0.8050
61655204,sitting,-0.0542,-0.0085,-1.0043,0.5600,-2.7300,0.7700
61655224,sitting,-0.0537,-0.0095,-1.0043,0.5600,-2.7300,0.7700
61655243,sitting,-0.0544,-0.0098,-1.0038,0.5600,-2.7300,0.7350
61655262,sitting,-0.0537,-0.0093,-1.0028,0.5600,-2.7300,0.7700
61655281,sitting,-0.0534,-0.0093,-1.0028,0.5600,-2.7300,0.7700
61655301,sitting,-0.0542,-0.0095,-1.0033,0.5600,-2.8000,0.7350
61655320,sitting,-0.0534,-0.0095,-1.0043,0.6300,-2.7650,0.7700
61655339,sitting,-0.0527,-0.0090,-1.0048,0.5600,-2.7300,0.7350
61655358,sitting,-0.0529,-0.0093,-1.0043,0.5600,-2.7300,0.7700
61655378,sitting,-0.0534,-0.0088,-1.0036,0.5600,-2.7300,0.7700
61655397,sitting,-0.0537,-0.0090,-1.0038,0.5600,-2.7300,0.7700
61655416,sitting,-0.0542,-0.0090,-1.0043,0.5950,-2.7300,0.7700
61655435,sitting,-0.0532,-0.0093,-1.0033,0.5600,-2.7650,0.7350
61655454,sitting,-0.0529,-0.0095,-1.0031,0.5600,-2.7650,0.7350
61655474,sitting,-0.0532,-0.0090,-1.0043,0.5600,-2.7300,0.7700
61655493,sitting,-0.0539,-0.0107,-1.0038,0.5600,-2.7650,0.7700
61655512,sitting,-0.0544,-0.0100,-1.0038,0.5600,-2.7300,0.7700
61655531,sitting,-0.0542,-0.0098,-1.0036,0.5600,-2.8000,0.7700
61655551,sitting,-0.0537,-0.0093,-1.0043,0.5600,-2.8000,0.7700
61655570,sitting,-0.0539,-0.0098,-1.0048,0.5250,-2.7650,0.7700
61655589,sitting,-0.0542,-0.0085,-1.0043,0.5600,-2.7300,0.8050
61655608,sitting,-0.0539,-0.0093,-1.0041,0.5600,-2.7300,0.7350
61655628,sitting,-0.0537,-0.0093,-1.0033,0.5600,-2.7300,0.7700
61655647,sitting,-0.0534,-0.0093,-1.0043,0.5600,-2.8000,0.7700
61655666,sitting,-0.0532,-0.0088,-1.0033,0.5600,-2.7650,0.7700
61655685,sitting,-0.0551,-0.0098,-1.0041,0.5600,-2.7650,0.7700
61655704,sitting,-0.0542,-0.0088,-1.0048,0.5600,-2.7300,0.7700
61655724,sitting,-0.0532,-0.0088,-1.0038,0.5600,-2.7300,0.7700
61655743,sitting,-0.0527,-0.0090,-1.0043,0.5600,-2.7650,0.7700
61655762,sitting,-0.0537,-0.0098,-1.0045,0.5950,-2.7300,0.7350
61655781,sitting,-0.0529,-0.0095,-1.0041,0.5600,-2.7300,0.7350
61655801,sitting,-0.0542,-0.0095,-1.0026,0.5600,-2.8000,0.7700
61655820,sitting,-0.0544,-0.0090,-1.0041,0.5600,-2.7300,0.7700
61655839,sitting,-0.0532,-0.0095,-1.0048,0.5600,-2.7650,0.7700
61655858,sitting,-0.0537,-0.0098,-1.0038,0.5950,-2.7300,0.7700
61655878,sitting,-0.0551,-0.0095,-1.0048,0.5600,-2.7300,0.7700
61655897,sitting,-0.0544,-0.0105,-1.0041,0.5600,-2.7650,0.7700
61655916,sitting,-0.0542,-0.0100,-1.0036,0.5600,-2.7300,0.7350
61655935,sitting,-0.0542,-0.0093,-1.0041,0.5600,-2.7650,0.7700
61655954,sitting,-0.0525,-0.0095,-1.0053,0.5600,-2.7300,0.7700
61655974,sitting,-0.0534,-0.0093,-1.0048,0.5600,-2.8000,0.7700
61655993,sitting,-0.0534,-0.0093,-1.0048,0.5600,-2.8000,0.7700
61656012,sitting,-0.0537,-0.0093,-1.0031,0.5600,-2.7300,0.7700
61656031,sitting,-0.0537,-0.0088,-1.0041,0.5600,-2.7650,0.7700
61656051,sitting,-0.0532,-0.0093,-1.0036,0.5250,-2.7650,0.7700
61656070,sitting,-0.0532,-0.0100,-1.0041,0.5600,-2.8000,0.7350
61656089,sitting,-0.0527,-0.0093,-1.0048,0.5250,-2.7650,0.7700
61656108,sitting,-0.0534,-0.0095,-1.0043,0.5600,-2.7650,0.7700
61656128,sitting,-0.0537,-0.0090,-1.0036,0.5600,-2.8000,0.7700
61656147,sitting,-0.0539,-0.0088,-1.0041,0.5600,-2.7300,0.7350
61656166,sitting,-0.0542,-0.0088,-1.0031,0.5600,-2.7300,0.7350
61656185,sitting,-0.0544,-0.0083,-1.0033,0.5950,-2.8000,0.7700
61656204,sitting,-0.0549,-0.0085,-1.0045,0.5250,-2.7300,0.7700
61656224,sitting,-0.0529,-0.0093,-1.0045,0.5600,-2.7300,0.7350
61656243,sitting,-0.0529,-0.0098,-1.0043,0.5250,-2.7300,0.7700
61656262,sitting,-0.0542,-0.0093,-1.0036,0.5600,-2.7300,0.7350
61656281,sitting,-0.0547,-0.0095,-1.0038,0.5950,-2.7300,0.7350
61656301,sitting,-0.0542,-0.0102,-1.0038,0.5600,-2.7650,0.7700
61656320,sitting,-0.0537,-0.0090,-1.0033,0.5600,-2.7300,0.7700
61656339,sitting,-0.0547,-0.0090,-1.0043,0.5600,-2.7300,0.7350
61656358,sitting,-0.0547,-0.0095,-1.0031,0.5600,-2.7300,0.7700
61656378,sitting,-0.0537,-0.0095,-1.0045,0.5600,-2.8000,0.7350
61656397,sitting,-0.0542,-0.0093,-1.0045,0.5250,-2.7300,0.7700
61656416,sitting,-0.0554,-0.0090,-1.0038,0.5600,-2.7300,0.7350
61656435,sitting,-0.0534,-0.0107,-1.0036,0.5600,-2.7300,0.7350
61656454,sitting,-0.0532,-0.0095,-1.0033,0.5600,-2.7300,0.7700
61656474,sitting,-0.0537,-0.0095,-1.0033,0.5250,-2.8000,0.7700
61656493,sitting,-0.0529,-0.0090,-1.0048,0.5250,-2.7650,0.7700
61656512,sitting,-0.0532,-0.0078,-1.0041,0.5600,-2.7650,0.7700
61656531,sitting,-0.0542,-0.0093,-1.0045,0.5250,-2.7300,0.7350
61656551,sitting,-0.0542,-0.0088,-1.0036,0.5600,-2.7300,0.7700
61656570,sitting,-0.0534,-0.0081,-1.0043,0.5250,-2.7300,0.7700
61656589,sitting,-0.0534,-0.0095,-1.0036,0.5250,-2.7300,0.7700
61656608,sitting,-0.0532,-0.0090,-1.0043,0.5600,-2.7300,0.7700
61656628,sitting,-0.0534,-0.0095,-1.0038,0.5250,-2.7650,0.7700
61656647,sitting,-0.0529,-0.0095,-1.0050,0.5600,-2.7650,0.7700
61656666,sitting,-0.0534,-0.0100,-1.0036,0.5600,-2.7300,0.7350
61656685,sitting,-0.0534,-0.0093,-1.0033,0.5950,-2.7300,0.7350
61656704,sitting,-0.0532,-0.0085,-1.0043,0.5600,-2.7650,0.7700
61656724,sitting,-0.0542,-0.0090,-1.0036,0.5950,-2.7650,0.7700
61656743,sitting,-0.0544,-0.0095,-1.0033,0.5600,-2.7300,0.7700
61656762,sitting,-0.0547,-0.0093,-1.0045,0.5600,-2.7650,0.7700
61656781,sitting,-0.0537,-0.0098,-1.0036,0.5600,-2.8000,0.7700
61656801,sitting,-0.0534,-0.0093,-1.0041,0.5950,-2.7650,0.7700
61656820,sitting,-0.0534,-0.0098,-1.0041,0.5950,-2.8000,0.7700
61656839,sitting,-0.0534,-0.0095,-1.0036,0.5600,-2.7650,0.7700
61656858,sitting,-0.0542,-0.0085,-1.0041,0.5600,-2.7650,0.7700
61656878,sitting,-0.0542,-0.0093,-1.0036,0.5600,-2.7650,0.7700
61656897,sitting,-0.0532,-0.0090,-1.0036,0.5600,-2.7300,0.7700
61656916,sitting,-0.0534,-0.0083,-1.0038,0.5250,-2.7650,0.7700
61656935,sitting,-0.0542,-0.0093,-1.0043,0.5600,-2.7650,0.7700
61656954,sitting,-0.0537,-0.0088,-1.0028,0.5600,-2.8000,0.7700
61656974,sitting,-0.0537,-0.0088,-1.0036,0.5600,-2.8000,0.7350
61656993,sitting,-0.0549,-0.0093,-1.0031,0.5600,-2.8000,0.7700
61657012,sitting,-0.0547,-0.0090,-1.0036,0.4900,-2.8000,0.7700
61657031,sitting,-0.0547,-0.0093,-1.0038,0.5600,-2.7300,0.7700
61657051,sitting,-0.0532,-0.0088,-1.0041,0.5250,-2.7300,0.7700
61657070,sitting,-0.0529,-0.0095,-1.0041,0.5600,-2.7300,0.7700
61657089,sitting,-0.0532,-0.0098,-1.0033,0.5600,-2.8000,0.7700
61657108,sitting,-0.0539,-0.0095,-1.0036,0.5950,-2.7300,0.7700
61657128,sitting,-0.0532,-0.0090,-1.0041,0.5600,-2.7300,0.7700
61657147,sitting,-0.0534,-0.0085,-1.0024,0.5600,-2.7650,0.7700
61657166,sitting,-0.0537,-0.0090,-1.0043,0.5600,-2.7300,0.7700
61657185,sitting,-0.0537,-0.0095,-1.0038,0.5950,-2.7300,0.8050
61657204,sitting,-0.0532,-0.0088,-1.0048,0.5600,-2.7300,0.7350
61657224,sitting,-0.0527,-0.0088,-1.0033,0.5950,-2.8000,0.7700
61657243,sitting,-0.0537,-0.0085,-1.0036,0.5250,-2.7300,0.7350
61657262,sitting,-0.0537,-0.0088,-1.0038,0.5600,-2.7300,0.7000
61657281,sitting,-0.0529,-0.0090,-1.0055,0.5600,-2.8000,0.7700
61657301,sitting,-0.0539,-0.0088,-1.0041,0.5600,-2.7650,0.7700
61657320,sitting,-0.0534,-0.0093,-1.0036,0.5600,-2.7300,0.7350
61657339,sitting,-0.0544,-0.0098,-1.0041,0.5600,-2.7650,0.7700
61657358,sitting,-0.0534,-0.0105,-1.0038,0.5600,-2.8000,0.7700
61657378,sitting,-0.0537,-0.0095,-1.0038,0.5600,-2.8000,0.7350
61657397,sitting,-0.0527,-0.0088,-1.0041,0.5600,-2.7650,0.7350
61657416,sitting,-0.0534,-0.0093,-1.0031,0.5600,-2.7650,0.7700
61657435,sitting,-0.0539,-0.0098,-1.0041,0.5250,-2.7650,0.7700
61657454,sitting,-0.0534,-0.0098,-1.0033,0.5600,-2.7650,0.7700
61657474,sitting,-0.0539,-0.0090,-1.0031,0.5600,-2.7650,0.7700
61657493,sitting,-0.0529,-0.0090,-1.0036,0.5600,-2.7650,0.7700
61657512,sitting,-0.0534,-0.0090,-1.0038,0.5600,-2.7650,0.7700
61657531,sitting,-0.0532,-0.0088,-1.0031,0.5600,-2.7300,0.7700
61657551,sitting,-0.0539,-0.0090,-1.0041,0.5950,-2.7650,0.7700
61657570,sitting,-0.0534,-0.0095,-1.0036,0.5600,-2.7650,0.7700
61657589,sitting,-0.0532,-0.0095,-1.0043,0.5600,-2.7300,0.7700
61657608,sitting,-0.0529,-0.0098,-1.0038,0.5600,-2.7300,0.7350
61657628,sitting,-0.0529,-0.0090,-1.0028,0.5950,-2.8000,0.7700
61657647,sitting,-0.0534,-0.0085,-1.0038,0.5600,-2.7650,0.7350
61657666,sitting,-0.0532,-0.0090,-1.0036,0.5600,-2.7650,0.7700
61657685,sitting,-0.0539,-0.0098,-1.0036,0.5600,-2.7300,0.7700
61657704,sitting,-0.0539,-0.0107,-1.0043,0.5600,-2.7300,0.7700
61657724,sitting,-0.0537,-0.0098,-1.0036,0.5600,-2.7300,0.7350
61657743,sitting,-0.0534,-0.0093,-1.0038,0.5950,-2.8000,0.7700
61657762,sitting,-0.0529,-0.0093,-1.0048,0.5950,-2.7300,0.7700
61657781,sitting,-0.0537,-0.0088,-1.0038,0.5600,-2.7300,0.7700
61657801,sitting,-0.0547,-0.0093,-1.0036,0.5600,-2.7300,0.7700
61657820,sitting,-0.0537,-0.0088,-1.0041,0.5950,-2.7650,0.7700
61657839,sitting,-0.0544,-0.0088,-1.0045,0.5600,-2.8000,0.8050
61657858,sitting,-0.0532,-0.0090,-1.0031,0.5950,-2.8000,0.7700
61657878,sitting,-0.0539,-0.0100,-1.0036,0.5600,-2.7300,0.7700
61657897,sitting,-0.0544,-0.0100,-1.0045,0.5600,-2.7300,0.7000
61657916,sitting,-0.0544,-0.0100,-1.0038,0.5600,-2.8000,0.7700
61657935,sitting,-0.0547,-0.0088,-1.0038,0.5600,-2.7650,0.7700
61657954,sitting,-0.0547,-0.0095,-1.0045,0.5600,-2.7650,0.7700
61657974,sitting,-0.0534,-0.0090,-1.0045,0.5600,-2.7300,0.7700
61657993,sitting,-0.0539,-0.0095,-1.0041,0.5600,-2.7650,0.7700
61658012,sitting,-0.0532,-0.0093,-1.0033,0.5600,-2.7300,0.7700
61658031,sitting,-0.0544,-0.0088,-1.0053,0.5600,-2.7300,0.7700
61658051,sitting,-0.0539,-0.0085,-1.0045,0.5600,-2.7650,0.7700
61658070,sitting,-0.0544,-0.0090,-1.0045,0.5600,-2.7300,0.7700
61658089,sitting,-0.0539,-0.0098,-1.0038,0.5600,-2.7300,0.7700
61658108,sitting,-0.0529,-0.0098,-1.0038,0.5600,-2.7300,0.7700
61658128,sitting,-0.0539,-0.0095,-1.0036,0.5600,-2.7300,0.7350
61658147,sitting,-0.0539,-0.0093,-1.0043,0.5600,-2.7650,0.7700
61658166,sitting,-0.0537,-0.0093,-1.0041,0.5600,-2.7300,0.7700
61658185,sitting,-0.0539,-0.0085,-1.0031,0.5950,-2.7300,0.7700
61658204,sitting,-0.0537,-0.0095,-1.0038,0.5950,-2.7650,0.7700
61658224,sitting,-0.0529,-0.0105,-1.0045,0.5600,-2.7300,0.7700
61658243,sitting,-0.0537,-0.0093,-1.0028,0.5250,-2.8000,0.7700
61658262,sitting,-0.0529,-0.0093,-1.0043,0.5600,-2.8000,0.7700
61658281,sitting,-0.0542,-0.0093,-1.0031,0.5950,-2.7300,0.7700
61658301,sitting,-0.0537,-0.0093,-1.0038,0.5950,-2.7300,0.7700
61658320,sitting,-0.0547,-0.0095,-1.0033,0.5600,-2.8000,0.7350
61658339,sitting,-0.0534,-0.0088,-1.0045,0.5600,-2.7650,0.7700
61658358,sitting,-0.0544,-0.0098,-1.0041,0.5600,-2.8000,0.7700
61658378,sitting,-0.0527,-0.0088,-1.0036,0.5250,-2.8000,0.7700
61658397,sitting,-0.0534,-0.0090,-1.0026,0.5600,-2.7300,0.7700
61658416,sitting,-0.0542,-0.0098,-1.0041,0.5250,-2.7650,0.7700
61658435,sitting,-0.0537,-0.0090,-1.0036,0.5600,-2.8000,0.7700
61658454,sitting,-0.0532,-0.0085,-1.0028,0.5600,-2.7650,0.7700
61658474,sitting,-0.0537,-0.0098,-1.0038,0.5600,-2.7650,0.7700
61658493,sitting,-0.0532,-0.0093,-1.0038,0.5600,-2.7650,0.7700
61658512,sitting,-0.0532,-0.0095,-1.0048,0.5600,-2.7650,0.7700
61658531,sitting,-0.0537,-0.0105,-1.0041,0.5600,-2.7300,0.7700
61658551,sitting,-0.0542,-0.0100,-1.0036,0.5600,-2.7300,0.7350
61658570,sitting,-0.0542,-0.0100,-1.0033,0.5600,-2.7300,0.7700
61658589,sitting,-0.0529,-0.0085,-1.0036,0.5600,-2.7300,0.7700
61658608,sitting,-0.0542,-0.0085,-1.0038,0.5600,-2.7650,0.7700
61658628,sitting,-0.0527,-0.0085,-1.0038,0.5950,-2.7650,0.8050
61658647,sitting,-0.0534,-0.0095,-1.0043,0.5600,-2.7650,0.7700
61658666,sitting,-0.0537,-0.0093,-1.0043,0.5950,-2.7300,0.7350
61658685,sitting,-0.0534,-0.0093,-1.0045,0.5600,-2.7300,0.7350
61658704,sitting,-0.0534,-0.0095,-1.0041,0.5600,-2.7650,0.7700
61658724,sitting,-0.0542,-0.0100,-1.0036,0.5600,-2.7650,0.7700
61658743,sitting,-0.0532,-0.0098,-1.0026,0.5600,-2.7300,0.8050
61658762,sitting,-0.0539,-0.0095,-1.0041,0.5600,-2.7650,0.7700
61658781,sitting,-0.0532,-0.0095,-1.0043,0.5600,-2.7650,0.7350
61658801,sitting,-0.0537,-0.0093,-1.0041,0.5600,-2.8000,0.7700
61658820,sitting,-0.0537,-0.0076,-1.0038,0.5600,-2.7650,0.7700
61658839,sitting,-0.0537,-0.0098,-1.0041,0.5600,-2.7650,0.7700
61658858,sitting,-0.0537,-0.0100,-1.0048,0.5600,-2.7650,0.7700
61658878,sitting,-0.0529,-0.0093,-1.0041,0.5250,-2.7300,0.7700
61658897,sitting,-0.0547,-0.0098,-1.0041,0.5600,-2.7300,0.7700
61658916,sitting,-0.0537,-0.0098,-1.0043,0.5600,-2.7650,0.7700
61658935,sitting,-0.0534,-0.0090,-1.0036,0.5600,-2.7300,0.7700
61658954,sitting,-0.0537,-0.0098,-1.0045,0.5600,-2.8000,0.7700
61658974,sitting,-0.0559,-0.0090,-1.0038,0.5600,-2.8000,0.7700
61658993,sitting,-0.0547,-0.0085,-1.0038,0.5600,-2.7650,0.7700
61659012,sitting,-0.0544,-0.0100,-1.0050,0.5600,-2.7300,0.7700
61659031,sitting,-0.0539,-0.0093,-1.0038,0.5950,-2.7300,0.7700
61659051,sitting,-0.0544,-0.0095,-1.0041,0.5950,-2.7300,0.7700
61659070,sitting,-0.0537,-0.0088,-1.0033,0.5600,-2.7650,0.7700
61659089,sitting,-0.0539,-0.0093,-1.0038,0.5600,-2.7300,0.7700
61659108,sitting,-0.0534,-0.0093,-1.0038,0.5600,-2.7300,0.7350
61659128,sitting,-0.0537,-0.0098,-1.0036,0.5600,-2.7300,0.7700
61659147,sitting,-0.0544,-0.0093,-1.0041,0.5600,-2.7650,0.7700
61659166,sitting,-0.0542,-0.0090,-1.0043,0.5600,-2.7650,0.7700
61659185,sitting,-0.0539,-0.0093,-1.0045,0.5600,-2.7300,0.7700
61659204,sitting,-0.0542,-0.0098,-1.0036,0.5600,-2.7650,0.7700
61659224,sitting,-0.0537,-0.0095,-1.0036,0.5600,-2.7650,0.7700
61659243,sitting,-0.0537,-0.0093,-1.0036,0.5600,-2.7650,0.7700
61659262,sitting,-0.0549,-0.0090,-1.0028,0.5600,-2.7300,0.7700
61659281,sitting,-0.0534,-0.0095,-1.0038,0.5250,-2.7650,0.7700
61659301,sitting,-0.0537,-0.0090,-1.0045,0.5600,-2.7650,0.7700
61659320,sitting,-0.0544,-0.0083,-1.0045,0.5600,-2.7300,0.7000
61659339,sitting,-0.0532,-0.0095,-1.0045,0.4900,-2.7650,0.7700
61659358,sitting,-0.0539,-0.0095,-1.0043,0.5600,-2.8000,0.7700
61659378,sitting,-0.0532,-0.0095,-1.0038,0.5600,-2.8000,0.7700
61659397,sitting,-0.0549,-0.0090,-1.0036,0.5600,-2.7650,0.7700
61659416,sitting,-0.0544,-0.0088,-1.0036,0.5250,-2.7650,0.7700
61659435,sitting,-0.0544,-0.0090,-1.0036,0.5950,-2.7650,0.7700
61659454,sitting,-0.0537,-0.0095,-1.0038,0.5600,-2.7300,0.7700
61659474,sitting,-0.0537,-0.0093,-1.0050,0.5950,-2.7300,0.7700
61659493,sitting,-0.0539,-0.0090,-1.0038,0.5600,-2.7300,0.7700
61659512,sitting,-0.0544,-0.0090,-1.0045,0.5950,-2.8000,0.7700
61659531,sitting,-0.0542,-0.0098,-1.0036,0.5250,-2.8000,0.7700
61659551,sitting,-0.0529,-0.0093,-1.0036,0.5600,-2.7300,0.7350
61659570,sitting,-0.0542,-0.0095,-1.0048,0.5600,-2.7300,0.7700
61659589,sitting,-0.0532,-0.0090,-1.0041,0.5600,-2.7300,0.7700
61659608,sitting,-0.0532,-0.0088,-1.0043,0.5600,-2.7300,0.7700
61659628,sitting,-0.0529,-0.0098,-1.0045,0.5600,-2.7650,0.7700
61659647,sitting,-0.0537,-0.0095,-1.0036,0.5600,-2.7300,0.7700
61659666,sitting,-0.0539,-0.0100,-1.0038,0.5600,-2.7650,0.7000
61659685,sitting,-0.0537,-0.0095,-1.0043,0.5600,-2.8000,0.7700
61659704,sitting,-0.0534,-0.0102,-1.0043,0.5600,-2.7300,0.7700
61659724,sitting,-0.0527,-0.0100,-1.0036,0.5600,-2.8000,0.7700
61659743,sitting,-0.0537,-0.0085,-1.0038,0.5600,-2.8000,0.7700
61659762,sitting,-0.0532,-0.0090,-1.0033,0.5600,-2.7650,0.7700
61659781,sitting,-0.0542,-0.0098,-1.0036,0.5600,-2.8000,0.7700
61659801,sitting,-0.0537,-0.0098,-1.0036,0.5250,-2.7650,0.7700
61659820,sitting,-0.0534,-0.0093,-1.0038,0.5600,-2.7650,0.7700
61659839,sitting,-0.0539,-0.0095,-1.0033,0.5600,-2.7650,0.7700
61659858,sitting,-0.0534,-0.0095,-1.0048,0.5600,-2.7650,0.8400
61659878,sitting,-0.0534,-0.0085,-1.0050,0.5250,-2.7650,0.7700
61659897,sitting,-0.0542,-0.0090,-1.0043,0.5600,-2.7650,0.7700
61659916,sitting,-0.0534,-0.0093,-1.0038,0.5950,-2.7300,0.7700
61659935,sitting,-0.0547,-0.0088,-1.0038,0.5600,-2.7650,0.7700
61659954,sitting,-0.0544,-0.0093,-1.0045,0.5950,-2.7300,0.7700
61659974,sitting,-0.0537,-0.0090,-1.0036,0.5950,-2.7300,0.8050
61659993,sitting,-0.0539,-0.0095,-1.0050,0.5600,-2.7300,0.7700
61660012,sitting,-0.0532,-0.0088,-1.0045,0.5600,-2.7300,0.7350
61660031,sitting,-0.0532,-0.0088,-1.0033,0.5600,-2.7300,0.7350
61660051,sitting,-0.0534,-0.0095,-1.0043,0.5600,-2.7650,0.7700
61660070,sitting,-0.0527,-0.0098,-1.0045,0.5600,-2.7300,0.7000
61660089,sitting,-0.0539,-0.0090,-1.0041,0.5600,-2.7300,0.7700
61660108,sitting,-0.0527,-0.0085,-1.0038,0.5950,-2.7650,0.7700
61660128,sitting,-0.0529,-0.0090,-1.0041,0.5600,-2.7650,0.8050
61660147,sitting,-0.0551,-0.0093,-1.0041,0.5600,-2.7300,0.7350
61660166,sitting,-0.0544,-0.0102,-1.0043,0.5600,-2.7650,0.7350
61660185,sitting,-0.0539,-0.0088,-1.0045,0.5600,-2.8000,0.7350
61660204,sitting,-0.0537,-0.0093,-1.0041,0.5600,-2.8000,0.7700
61660224,sitting,-0.0532,-0.0095,-1.0036,0.5600,-2.8000,0.7700
61660243,sitting,-0.0544,-0.0095,-1.0038,0.5600,-2.7650,0.7700
61660262,sitting,-0.0534,-0.0098,-1.0045,0.5250,-2.8000,0.7700
61660281,sitting,-0.0539,-0.0102,-1.0041,0.5250,-2.7300,0.7700
61660301,sitting,-0.0537,-0.0105,-1.0031,0.5600,-2.8000,0.7700
61660320,sitting,-0.0537,-0.0095,-1.0038,0.5600,-2.8000,0.7700
61660339,sitting,-0.0525,-0.0088,-1.0038,0.5600,-2.7300,0.7700
61660358,sitting,-0.0537,-0.0095,-1.0038,0.5600,-2.8000,0.7700
61660378,sitting,-0.0534,-0.0100,-1.0033,0.5600,-2.7650,0.7700
61660397,sitting,-0.0537,-0.0095,-1.0033,0.5600,-2.7300,0.7700
61660416,sitting,-0.0534,-0.0095,-1.0043,0.5950,-2.7650,0.7700
61660435,sitting,-0.0527,-0.0088,-1.0041,0.5600,-2.7650,0.7700
61660454,sitting,-0.0537,-0.0090,-1.0048,0.5600,-2.7300,0.7700
61660474,sitting,-0.0537,-0.0090,-1.0045,0.5600,-2.8000,0.7700
61660493,sitting,-0.0542,-0.0095,-1.0033,0.5600,-2.7650,0.7700
61660512,sitting,-0.0539,-0.0095,-1.0038,0.5600,-2.7650,0.7700
61660531,sitting,-0.0542,-0.0090,-1.0041,0.5600,-2.7300,0.7700
61660551,sitting,-0.0539,-0.0093,-1.0036,0.5600,-2.7650,0.7350
61660570,sitting,-0.0532,-0.0090,-1.0036,0.5600,-2.8000,0.7700
61660589,sitting,-0.0537,-0.0093,-1.0041,0.5600,-2.7300,0.7700
61660608,sitting,-0.0547,-0.0085,-1.0043,0.5600,-2.8000,0.7350
61660628,sitting,-0.0534,-0.0095,-1.0036,0.5600,-2.7650,0.7700
61660647,sitting,-0.0537,-0.0093,-1.0031,0.5600,-2.7300,0.7700
61660666,sitting,-0.0537,-0.0098,-1.0031,0.5600,-2.7650,0.7700
61660685,sitting,-0.0539,-0.0098,-1.0036,0.5600,-2.8000,0.7700
61660704,sitting,-0.0542,-0.0088,-1.0033,0.5600,-2.8000,0.7700
61660724,sitting,-0.0534,-0.0098,-1.0036,0.5950,-2.7300,0.7700
61660743,sitting,-0.0529,-0.0093,-1.0038,0.5250,-2.7300,0.7350
61660762,sitting,-0.0537,-0.0090,-1.0031,0.5600,-2.7300,0.7700
61660781,sitting,-0.0544,-0.0090,-1.0038,0.5600,-2.7300,0.7700
61660801,sitting,-0.0534,-0.0093,-1.0041,0.5600,-2.8000,0.7350
61660820,sitting,-0.0534,-0.0105,-1.0045,0.5600,-2.7300,0.7700
61660839,sitting,-0.0539,-0.0105,-1.0038,0.5600,-2.7300,0.7700
61660858,sitting,-0.0529,-0.0095,-1.0048,0.5600,-2.7300,0.7350
61660878,sitting,-0.0537,-0.0093,-1.0038,0.5600,-2.7300,0.7700
61660897,sitting,-0.0542,-0.0090,-1.0045,0.5600,-2.7300,0.7700
61660916,sitting,-0.0547,-0.0093,-1.0036,0.5600,-2.7300,0.7700
61660935,sitting,-0.0542,-0.0088,-1.0038,0.5600,-2.7650,0.7700
61660954,sitting,-0.0539,-0.0090,-1.0031,0.5600,-2.7300,0.7700
61660974,sitting,-0.0522,-0.0093,-1.0038,0.5600,-2.7300,0.7700
61660993,sitting,-0.0539,-0.0098,-1.0038,0.5600,-2.7300,0.7700
61661012,sitting,-0.0542,-0.0088,-1.0045,0.5600,-2.7300,0.7700
61661031,sitting,-0.0537,-0.0093,-1.0043,0.5600,-2.7300,0.7350
61661051,sitting,-0.0539,-0.0102,-1.0036,0.5600,-2.7300,0.7350
61661070,sitting,-0.0534,-0.0093,-1.0036,0.5600,-2.7300,0.7000
61661089,sitting,-0.0542,-0.0095,-1.0048,0.5600,-2.7650,0.7700
61661108,sitting,-0.0539,-0.0081,-1.0036,0.5600,-2.8000,0.7700
61661128,sitting,-0.0532,-0.0100,-1.0038,0.5250,-2.7300,0.7700
61661147,sitting,-0.0539,-0.0090,-1.0031,0.5600,-2.8000,0.7700
61661166,sitting,-0.0539,-0.0083,-1.0043,0.5600,-2.7650,0.7700
61661185,sitting,-0.0532,-0.0090,-1.0050,0.5600,-2.7650,0.8050
61661204,sitting,-0.0532,-0.0098,-1.0041,0.5600,-2.7650,0.7700
61661224,sitting,-0.0532,-0.0100,-1.0036,0.5600,-2.8000,0.7700
61661243,sitting,-0.0529,-0.0098,-1.0045,0.5600,-2.7650,0.7700
61661262,sitting,-0.0544,-0.0095,-1.0041,0.5600,-2.8000,0.7700
61661281,sitting,-0.0539,-0.0090,-1.0045,0.5250,-2.7650,0.7700
61661301,sitting,-0.0544,-0.0088,-1.0038,0.5950,-2.8000,0.7700
61661320,sitting,-0.0539,-0.0085,-1.0041,0.5600,-2.7650,0.7700
61661339,sitting,-0.0537,-0.0090,-1.0031,0.5600,-2.7650,0.7700
61661358,sitting,-0.0537,-0.0095,-1.0036,0.5250,-2.7300,0.8050
61661378,sitting,-0.0532,-0.0093,-1.0045,0.6300,-2.7650,0.7700
61661397,sitting,-0.0532,-0.0098,-1.0041,0.5600,-2.7300,0.8050
61661416,sitting,-0.0537,-0.0090,-1.0036,0.5250,-2.7650,0.7700
61661435,sitting,-0.0551,-0.0093,-1.0041,0.5600,-2.7650,0.7700
61661454,sitting,-0.0537,-0.0095,-1.0036,0.6300,-2.7650,0.7700
61661474,sitting,-0.0532,-0.0095,-1.0033,0.5600,-2.7650,0.7350
61661493,sitting,-0.0532,-0.0090,-1.0038,0.5600,-2.7300,0.7350
61661512,sitting,-0.0529,-0.0090,-1.0048,0.5600,-2.7650,0.7700
61661531,sitting,-0.0542,-0.0083,-1.0038,0.5600,-2.7650,0.7700
61661551,sitting,-0.0542,-0.0093,-1.0038,0.5600,-2.7650,0.7700
61661570,sitting,-0.0532,-0.0093,-1.0036,0.5600,-2.7650,0.7700
61661589,sitting,-0.0529,-0.0098,-1.0041,0.5600,-2.7300,0.7700
61661608,sitting,-0.0539,-0.0088,-1.0038,0.5600,-2.7300,0.7350
61661628,sitting,-0.0539,-0.0095,-1.0031,0.5600,-2.8000,0.7700
61661647,sitting,-0.0537,-0.0095,-1.0033,0.5600,-2.7650,0.7700
61661666,sitting,-0.0537,-0.0083,-1.0045,0.5600,-2.7650,0.7700
61661685,sitting,-0.0542,-0.0090,-1.0048,0.5950,-2.7300,0.7700
61661704,sitting,-0.0539,-0.0095,-1.0036,0.5600,-2.7650,0.7700
61661724,sitting,-0.0539,-0.0100,-1.0045,0.5600,-2.7300,0.7350
61661743,sitting,-0.0539,-0.0090,-1.0031,0.5250,-2.7650,0.7700
61661762,sitting,-0.0534,-0.0090,-1.0031,0.5600,-2.7650,0.7700
61661781,sitting,-0.0537,-0.0095,-1.0038,0.5600,-2.7300,0.7350
61661801,sitting,-0.0539,-0.0083,-1.0038,0.5600,-2.7300,0.7700
61661820,sitting,-0.0529,-0.0093,-1.0043,0.5600,-2.7300,0.7700
61661839,sitting,-0.0529,-0.0098,-1.0043,0.5600,-2.7300,0.7700
61661858,sitting,-0.0542,-0.0088,-1.0048,0.5950,-2.7300,0.7700
61661878,sitting,-0.0527,-0.0090,-1.0033,0.5950,-2.7300,0.7700
61661897,sitting,-0.0529,-0.0090,-1.0033,0.5600,-2.8000,0.7700
61661916,sitting,-0.0534,-0.0095,-1.0036,0.5600,-2.7650,0.7700
61661935,sitting,-0.0544,-0.0100,-1.0036,0.5600,-2.7650,0.7700
61661954,sitting,-0.0544,-0.0098,-1.0043,0.5600,-2.7650,0.7700
