timestamp_ms,label,acc_x_g,acc_y_g,acc_z_g,gyro_x_dps,gyro_y_dps,gyro_z_dps
62215844,sitting,-0.0083,-0.9992,0.0293,0.5600,-2.7650,0.7350
62215863,sitting,-0.0093,-0.9975,0.0295,0.5250,-2.8000,0.7700
62215882,sitting,-0.0093,-0.9980,0.0303,0.5600,-2.8000,0.7350
62215901,sitting,-0.0083,-0.9982,0.0312,0.5600,-2.7650,0.7700
62215921,sitting,-0.0093,-0.9997,0.0310,0.5600,-2.8000,0.8050
62215940,sitting,-0.0090,-0.9982,0.0305,0.5600,-2.7650,0.7700
62215959,sitting,-0.0093,-0.9980,0.0305,0.5600,-2.7650,0.7700
62215978,sitting,-0.0095,-0.9975,0.0305,0.4900,-2.7650,0.7700
62215998,sitting,-0.0095,-0.9982,0.0303,0.5600,-2.7300,0.7700
62216017,sitting,-0.0093,-0.9980,0.0307,0.5600,-2.7300,0.7700
62216036,sitting,-0.0090,-0.9984,0.0295,0.5600,-2.7650,0.7350
62216055,sitting,-0.0098,-0.9975,0.0305,0.5600,-2.7300,0.7700
62216075,sitting,-0.0088,-0.9984,0.0298,0.5600,-2.7650,0.7350
62216094,sitting,-0.0090,-0.9982,0.0295,0.5250,-2.8000,0.8050
62216113,sitting,-0.0090,-0.9987,0.0305,0.5600,-2.7300,0.7700
62216132,sitting,-0.0098,-0.9992,0.0298,0.5600,-2.7650,0.7700
62216151,sitting,-0.0090,-0.9982,0.0312,0.5600,-2.7300,0.7700
62216171,sitting,-0.0093,-0.9987,0.0300,0.5600,-2.7300,0.7700
62216190,sitting,-0.0095,-0.9984,0.0303,0.5600,-2.7300,0.7700
62216209,sitting,-0.0090,-0.9982,0.0312,0.5600,-2.7300,0.7350
62216228,sitting,-0.0085,-0.9980,0.0312,0.5250,-2.7300,0.7700
62216248,sitting,-0.0085,-0.9977,0.0300,0.5600,-2.7300,0.7700
62216267,sitting,-0.0088,-0.9984,0.0300,0.5600,-2.7300,0.7700
62216286,sitting,-0.0095,-0.9977,0.0312,0.5600,-2.7300,0.7700
62216305,sitting,-0.0090,-0.9982,0.0303,0.5600,-2.7650,0.7700
62216325,sitting,-0.0083,-0.9984,0.0300,0.5600,-2.7650,0.7700
62216344,sitting,-0.0093,-0.9980,0.0295,0.5600,-2.7300,0.7000
62216363,sitting,-0.0081,-0.9987,0.0295,0.5600,-2.7650,0.7700
62216382,sitting,-0.0088,-0.9987,0.0305,0.5250,-2.7650,0.7700
62216401,sitting,-0.0098,-0.9987,0.0298,0.5600,-2.7650,0.8050
62216421,sitting,-0.0085,-0.9980,0.0300,0.5950,-2.7650,0.7700
62216440,sitting,-0.0088,-0.9984,0.0303,0.5250,-2.7650,0.8050
62216459,sitting,-0.0093,-0.9980,0.0303,0.5600,-2.7650,0.7700
62216478,sitting,-0.0093,-0.9987,0.0300,0.5600,-2.7650,0.7700
62216498,sitting,-0.0095,-0.9989,0.0298,0.5250,-2.8000,0.7700
62216517,sitting,-0.0090,-0.9987,0.0305,0.5250,-2.7650,0.7700
62216536,sitting,-0.0088,-0.9980,0.0310,0.5600,-2.8000,0.7700
62216555,sitting,-0.0088,-0.9977,0.0300,0.5600,-2.7650,0.7700
62216575,sitting,-0.0088,-0.9992,0.0307,0.5600,-2.7300,0.7700
62216594,sitting,-0.0088,-0.9987,0.0298,0.5600,-2.7650,0.7700
62216613,sitting,-0.0085,-0.9980,0.0305,0.5600,-2.7300,0.7700
62216632,sitting,-0.0088,-0.9980,0.0298,0.5600,-2.7300,0.8050
62216651,sitting,-0.0085,-0.9989,0.0303,0.5600,-2.7300,0.7700
62216671,sitting,-0.0093,-0.9975,0.0303,0.5600,-2.7300,0.7700
62216690,sitting,-0.0095,-0.9992,0.0303,0.5600,-2.7300,0.7700
62216709,sitting,-0.0105,-0.9989,0.0300,0.5600,-2.7300,0.7700
62216728,sitting,-0.0095,-0.9980,0.0307,0.5950,-2.7300,0.7700
62216748,sitting,-0.0085,-0.9982,0.0300,0.5600,-2.7300,0.7700
62216767,sitting,-0.0090,-0.9982,0.0303,0.5250,-2.7300,0.7700
62216786,sitting,-0.0090,-0.9984,0.0305,0.5250,-2.7300,0.7700
62216805,sitting,-0.0095,-0.9980,0.0310,0.5600,-2.7300,0.7350
62216825,sitting,-0.0095,-0.9987,0.0303,0.5600,-2.7650,0.7350
62216844,sitting,-0.0088,-0.9987,0.0298,0.5250,-2.7650,0.7700
62216863,sitting,-0.0095,-0.9984,0.0298,0.5600,-2.7300,0.7700
62216882,sitting,-0.0090,-0.9982,0.0307,0.5600,-2.8000,0.7350
62216901,sitting,-0.0095,-0.9984,0.0303,0.5600,-2.7300,0.7700
62216921,sitting,-0.0085,-0.9980,0.0310,0.5600,-2.7300,0.8050
62216940,sitting,-0.0085,-0.9987,0.0303,0.5600,-2.8000,0.7700
62216959,sitting,-0.0085,-0.9987,0.0317,0.5250,-2.8000,0.7700
62216978,sitting,-0.0090,-0.9975,0.0298,0.5600,-2.7300,0.7700
62216998,sitting,-0.0093,-0.9984,0.0305,0.5250,-2.7650,0.8050
62217017,sitting,-0.0093,-0.9984,0.0300,0.5600,-2.7650,0.7700
62217036,sitting,-0.0095,-0.9975,0.0307,0.5600,-2.7650,0.7700
62217055,sitting,-0.0093,-0.9989,0.0305,0.5600,-2.7300,0.8400
62217075,sitting,-0.0088,-0.9987,0.0303,0.5600,-2.7650,0.7700
62217094,sitting,-0.0083,-0.9977,0.0293,0.5600,-2.7650,0.8050
62217113,sitting,-0.0090,-0.9977,0.0300,0.5600,-2.7300,0.7700
62217132,sitting,-0.0100,-0.9980,0.0315,0.5250,-2.7650,0.7700
62217151,sitting,-0.0088,-0.9984,0.0307,0.5250,-2.7300,0.7700
62217171,sitting,-0.0093,-0.9977,0.0303,0.5600,-2.7650,0.7700
62217190,sitting,-0.0085,-0.9980,0.0310,0.5600,-2.7300,0.7700
62217209,sitting,-0.0093,-0.9980,0.0312,0.5600,-2.7650,0.7700
62217228,sitting,-0.0090,-0.9982,0.0310,0.5250,-2.7300,0.7700
62217248,sitting,-0.0098,-0.9980,0.0315,0.5600,-2.7300,0.7700
62217267,sitting,-0.0090,-0.9980,0.0303,0.5600,-2.7650,0.7350
62217286,sitting,-0.0083,-0.9982,0.0298,0.5600,-2.7650,0.7700
62217305,sitting,-0.0090,-0.9977,0.0315,0.5600,-2.7650,0.7700
62217325,sitting,-0.0093,-0.9980,0.0315,0.5600,-2.7300,0.7700
62217344,sitting,-0.0088,-0.9982,0.0298,0.4900,-2.7650,0.7700
62217363,sitting,-0.0090,-0.9982,0.0317,0.5250,-2.7300,0.7700
62217382,sitting,-0.0088,-0.9977,0.0305,0.5600,-2.7650,0.7700
62217401,sitting,-0.0090,-0.9982,0.0305,0.5600,-2.7650,0.7700
62217421,sitting,-0.0100,-0.9982,0.0312,0.5600,-2.8000,0.7700
62217440,sitting,-0.0090,-0.9977,0.0305,0.5250,-2.7300,0.7700
62217459,sitting,-0.0085,-0.9984,0.0293,0.5600,-2.8000,0.7700
62217478,sitting,-0.0083,-0.9977,0.0303,0.5600,-2.8000,0.7700
62217498,sitting,-0.0088,-0.9977,0.0307,0.5600,-2.7650,0.8400
62217517,sitting,-0.0090,-0.9987,0.0307,0.5250,-2.7300,0.7700
62217536,sitting,-0.0102,-0.9977,0.0298,0.5950,-2.7650,0.7700
62217555,sitting,-0.0098,-0.9989,0.0310,0.5250,-2.7650,0.7700
62217575,sitting,-0.0081,-0.9975,0.0307,0.5600,-2.7300,0.7700
62217594,sitting,-0.0090,-0.9984,0.0303,0.5250,-2.8000,0.7700
62217613,sitting,-0.0090,-0.9977,0.0303,0.5250,-2.7650,0.7700
62217632,sitting,-0.0090,-0.9984,0.0305,0.5600,-2.7650,0.7700
62217651,sitting,-0.0098,-0.9982,0.0305,0.5600,-2.7300,0.7700
62217671,sitting,-0.0090,-0.9987,0.0298,0.5600,-2.7650,0.7700
62217690,sitting,-0.0090,-0.9975,0.0303,0.5600,-2.7650,0.8050
62217709,sitting,-0.0100,-0.9987,0.0305,0.5950,-2.7300,0.8050
62217728,sitting,-0.0090,-0.9977,0.0315,0.5600,-2.7300,0.7700
62217748,sitting,-0.0088,-0.9982,0.0307,0.5600,-2.7650,0.7350
62217767,sitting,-0.0088,-0.9989,0.0312,0.5250,-2.8000,0.7700
62217786,sitting,-0.0093,-0.9977,0.0298,0.5600,-2.8000,0.7350
62217805,sitting,-0.0088,-0.9982,0.0307,0.5600,-2.7300,0.7350
62217825,sitting,-0.0085,-0.9984,0.0307,0.5600,-2.7650,0.7700
62217844,sitting,-0.0095,-0.9992,0.0310,0.5250,-2.7300,0.7350
62217863,sitting,-0.0085,-0.9984,0.0305,0.5250,-2.7300,0.7350
62217882,sitting,-0.0085,-0.9989,0.0303,0.5600,-2.7650,0.7700
62217901,sitting,-0.0095,-0.9980,0.0307,0.5250,-2.7300,0.7700
62217921,sitting,-0.0100,-0.9984,0.0305,0.5600,-2.7300,0.7700
62217940,sitting,-0.0095,-0.9982,0.0307,0.5600,-2.7650,0.7700
62217959,sitting,-0.0100,-0.9984,0.0303,0.5600,-2.8000,0.7700
62217978,sitting,-0.0093,-0.9982,0.0305,0.5250,-2.7650,0.7700
62217998,sitting,-0.0090,-0.9984,0.0307,0.5250,-2.7650,0.7700
62218017,sitting,-0.0090,-0.9982,0.0300,0.5250,-2.7300,0.7350
62218036,sitting,-0.0085,-0.9982,0.0307,0.5600,-2.8000,0.7700
62218055,sitting,-0.0095,-0.9975,0.0310,0.5600,-2.7300,0.7700
62218075,sitting,-0.0093,-0.9984,0.0317,0.5600,-2.7300,0.7700
62218094,sitting,-0.0078,-0.9980,0.0300,0.5600,-2.7300,0.7700
62218113,sitting,-0.0081,-0.9989,0.0305,0.5600,-2.7300,0.7700
62218132,sitting,-0.0098,-0.9982,0.0305,0.5250,-2.7300,0.7700
62218151,sitting,-0.0093,-0.9989,0.0305,0.5250,-2.7300,0.7700
62218171,sitting,-0.0090,-0.9992,0.0307,0.5950,-2.7300,0.7700
62218190,sitting,-0.0098,-0.9977,0.0307,0.5600,-2.7300,0.8050
62218209,sitting,-0.0090,-0.9980,0.0307,0.5600,-2.7300,0.7700
62218228,sitting,-0.0095,-0.9982,0.0310,0.5600,-2.7300,0.7700
62218248,sitting,-0.0090,-0.9984,0.0300,0.5600,-2.7300,0.7700
62218267,sitting,-0.0083,-0.9984,0.0307,0.5600,-2.7650,0.7700
62218286,sitting,-0.0076,-0.9980,0.0310,0.5600,-2.7300,0.7350
62218305,sitting,-0.0090,-0.9984,0.0307,0.5600,-2.7650,0.7700
62218325,sitting,-0.0095,-0.9984,0.0303,0.5600,-2.7300,0.7700
62218344,sitting,-0.0085,-0.9977,0.0303,0.5600,-2.7300,0.7350
62218363,sitting,-0.0088,-0.9984,0.0305,0.5600,-2.7300,0.7700
62218382,sitting,-0.0085,-0.9982,0.0303,0.5600,-2.8000,0.7700
62218401,sitting,-0.0098,-0.9989,0.0295,0.5600,-2.7650,0.7700
62218421,sitting,-0.0090,-0.9980,0.0300,0.5250,-2.7650,0.7700
62218440,sitting,-0.0098,-0.9977,0.0307,0.5250,-2.8000,0.7700
62218459,sitting,-0.0085,-0.9989,0.0317,0.5600,-2.8000,0.7700
62218478,sitting,-0.0090,-0.9987,0.0303,0.5600,-2.7300,0.7700
62218498,sitting,-0.0085,-0.9989,0.0312,0.5600,-2.7300,0.7350
62218517,sitting,-0.0095,-0.9965,0.0307,0.5600,-2.7650,0.7700
62218536,sitting,-0.0083,-0.9967,0.0305,0.5600,-2.7300,0.7700
62218555,sitting,-0.0083,-0.9975,0.0310,0.5600,-2.7650,0.8050
62218575,sitting,-0.0090,-0.9989,0.0317,0.5250,-2.7300,0.7700
62218594,sitting,-0.0088,-0.9977,0.0312,0.5250,-2.7300,0.7700
62218613,sitting,-0.0093,-0.9984,0.0295,0.5600,-2.7650,0.7700
62218632,sitting,-0.0095,-0.9984,0.0307,0.5600,-2.8000,0.7700
62218651,sitting,-0.0095,-0.9982,0.0300,0.5600,-2.7300,0.7700
62218671,sitting,-0.0088,-0.9987,0.0305,0.5600,-2.8000,0.8050
62218690,sitting,-0.0088,-0.9982,0.0303,0.5600,-2.7300,0.8400
62218709,sitting,-0.0100,-0.9984,0.0300,0.5250,-2.7300,0.8050
62218728,sitting,-0.0090,-0.9977,0.0293,0.5950,-2.7300,0.7700
62218748,sitting,-0.0081,-0.9977,0.0295,0.5600,-2.8000,0.7700
62218767,sitting,-0.0085,-0.9987,0.0312,0.5600,-2.7300,0.7700
62218786,sitting,-0.0088,-0.9987,0.0312,0.5600,-2.8000,0.7350
62218805,sitting,-0.0081,-0.9987,0.0303,0.5600,-2.7300,0.7700
62218825,sitting,-0.0093,-0.9992,0.0300,0.5600,-2.7300,0.7700
62218844,sitting,-0.0090,-0.9984,0.0310,0.5250,-2.7300,0.7700
62218863,sitting,-0.0088,-0.9977,0.0303,0.5600,-2.8000,0.7700
62218882,sitting,-0.0090,-0.9984,0.0303,0.5600,-2.7300,0.7700
62218901,sitting,-0.0085,-0.9984,0.0300,0.5600,-2.7650,0.7700
62218921,sitting,-0.0093,-0.9980,0.0315,0.5600,-2.7650,0.7350
62218940,sitting,-0.0093,-0.9982,0.0317,0.5600,-2.7300,0.7700
62218959,sitting,-0.0088,-0.9987,0.0305,0.5250,-2.7300,0.7700
62218978,sitting,-0.0081,-0.9980,0.0303,0.5600,-2.7300,0.8050
62218998,sitting,-0.0085,-0.9984,0.0315,0.5600,-2.7650,0.7700
62219017,sitting,-0.0090,-0.9980,0.0317,0.5250,-2.7650,0.7700
62219036,sitting,-0.0085,-0.9977,0.0305,0.5250,-2.8000,0.7700
62219055,sitting,-0.0102,-0.9984,0.0300,0.4900,-2.7650,0.8050
62219075,sitting,-0.0095,-0.9984,0.0307,0.5600,-2.7300,0.7700
62219094,sitting,-0.0107,-0.9984,0.0300,0.5600,-2.7300,0.7350
62219113,sitting,-0.0098,-0.9984,0.0300,0.5600,-2.7300,0.7700
62219132,sitting,-0.0093,-0.9984,0.0307,0.5600,-2.7300,0.7700
62219151,sitting,-0.0095,-0.9984,0.0305,0.5600,-2.7300,0.7700
62219171,sitting,-0.0095,-0.9982,0.0303,0.5600,-2.7650,0.7700
62219190,sitting,-0.0100,-0.9987,0.0300,0.5950,-2.7650,0.7700
62219209,sitting,-0.0090,-0.9989,0.0303,0.5600,-2.7300,0.7700
62219228,sitting,-0.0088,-0.9987,0.0312,0.5950,-2.7300,0.7700
62219248,sitting,-0.0093,-0.9982,0.0305,0.5600,-2.8000,0.7700
62219267,sitting,-0.0093,-0.9987,0.0305,0.5600,-2.7300,0.8050
62219286,sitting,-0.0093,-0.9987,0.0312,0.5600,-2.7650,0.7350
62219305,sitting,-0.0090,-0.9987,0.0312,0.5600,-2.7300,0.7700
62219325,sitting,-0.0093,-0.9980,0.0307,0.5600,-2.7650,0.7700
62219344,sitting,-0.0083,-0.9984,0.0303,0.5600,-2.7300,0.7350
62219363,sitting,-0.0090,-0.9982,0.0310,0.5600,-2.7650,0.7700
62219382,sitting,-0.0090,-0.9982,0.0312,0.5950,-2.7650,0.7700
62219401,sitting,-0.0093,-0.9984,0.0300,0.5600,-2.7300,0.7700
62219421,sitting,-0.0088,-0.9982,0.0305,0.5600,-2.7300,0.7700
62219440,sitting,-0.0100,-0.9984,0.0310,0.5600,-2.7650,0.7700
62219459,sitting,-0.0095,-0.9980,0.0305,0.5600,-2.7650,0.7700
62219478,sitting,-0.0093,-0.9980,0.0312,0.5600,-2.8000,0.7700
62219498,sitting,-0.0093,-0.9987,0.0303,0.5950,-2.8000,0.7700
62219517,sitting,-0.0081,-0.9987,0.0305,0.5600,-2.8000,0.7700
62219536,sitting,-0.0090,-0.9989,0.0305,0.5600,-2.8000,0.8050
62219555,sitting,-0.0093,-0.9992,0.0307,0.5600,-2.7650,0.7700
62219575,sitting,-0.0088,-0.9987,0.0312,0.5600,-2.8000,0.8400
62219594,sitting,-0.0095,-0.9987,0.0300,0.5250,-2.8000,0.8050
62219613,sitting,-0.0098,-0.9982,0.0315,0.5600,-2.7650,0.7700
62219632,sitting,-0.0085,-0.9992,0.0305,0.5600,-2.7650,0.7700
62219651,sitting,-0.0093,-0.9984,0.0300,0.5600,-2.7650,0.7700
62219671,sitting,-0.0085,-0.9994,0.0295,0.5250,-2.7650,0.7700
62219690,sitting,-0.0095,-0.9987,0.0305,0.5600,-2.8000,0.7700
62219709,sitting,-0.0095,-0.9977,0.0307,0.5600,-2.7300,0.7700
62219728,sitting,-0.0093,-0.9987,0.0303,0.5600,-2.7300,0.7700
62219748,sitting,-0.0095,-0.9984,0.0312,0.5600,-2.7650,0.7700
62219767,sitting,-0.0095,-0.9980,0.0307,0.5950,-2.7650,0.7700
62219786,sitting,-0.0093,-0.9987,0.0298,0.5950,-2.7300,0.7700
62219805,sitting,-0.0085,-0.9980,0.0312,0.5600,-2.7650,0.7700
62219825,sitting,-0.0100,-0.9980,0.0310,0.5600,-2.7300,0.7700
62219844,sitting,-0.0095,-0.9987,0.0300,0.5600,-2.7300,0.7700
62219863,sitting,-0.0088,-0.9972,0.0315,0.5600,-2.7650,0.7700
62219882,sitting,-0.0088,-0.9989,0.0305,0.5600,-2.7650,0.7700
62219901,sitting,-0.0100,-0.9977,0.0300,0.5600,-2.7300,0.7350
62219921,sitting,-0.0095,-0.9972,0.0307,0.5600,-2.8000,0.7700
62219940,sitting,-0.0102,-0.9975,0.0312,0.5600,-2.7300,0.7700
62219959,sitting,-0.0085,-0.9982,0.0305,0.5600,-2.8000,0.7700
62219978,sitting,-0.0090,-0.9982,0.0300,0.5600,-2.7300,0.7700
62219998,sitting,-0.0102,-0.9982,0.0305,0.5600,-2.7300,0.7700
62220017,sitting,-0.0093,-0.9980,0.0312,0.5600,-2.7650,0.7700
62220036,sitting,-0.0098,-0.9975,0.0315,0.5250,-2.7300,0.7700
62220055,sitting,-0.0088,-0.9984,0.0327,0.5250,-2.7650,0.7700
62220075,sitting,-0.0090,-0.9989,0.0303,0.5950,-2.7650,0.7700
62220094,sitting,-0.0088,-0.9982,0.0300,0.5600,-2.8000,0.8050
62220113,sitting,-0.0093,-0.9984,0.0303,0.5600,-2.7650,0.7700
62220132,sitting,-0.0078,-0.9984,0.0305,0.5250,-2.7650,0.7700
62220151,sitting,-0.0088,-0.9980,0.0312,0.5600,-2.7650,0.7700
62220171,sitting,-0.0095,-0.9975,0.0300,0.5250,-2.7300,0.7700
62220190,sitting,-0.0098,-0.9984,0.0307,0.5600,-2.7300,0.7700
62220209,sitting,-0.0090,-0.9977,0.0312,0.5600,-2.7300,0.7700
62220228,sitting,-0.0095,-0.9977,0.0305,0.5600,-2.7300,0.7700
62220248,sitting,-0.0095,-0.9984,0.0315,0.5600,-2.7650,0.7700
62220267,sitting,-0.0093,-0.9982,0.0307,0.5600,-2.7300,0.7700
62220286,sitting,-0.0100,-0.9984,0.0307,0.5600,-2.7300,0.7700
62220305,sitting,-0.0090,-0.9984,0.0305,0.5600,-2.7650,0.7700
62220325,sitting,-0.0088,-0.9982,0.0303,0.5600,-2.7650,0.7700
62220344,sitting,-0.0093,-0.9987,0.0315,0.5600,-2.7300,0.7700
62220363,sitting,-0.0093,-0.9992,0.0305,0.5600,-2.7300,0.7700
62220382,sitting,-0.0093,-0.9992,0.0307,0.5600,-2.7300,0.7700
62220401,sitting,-0.0100,-0.9984,0.0305,0.5600,-2.7650,0.7700
62220421,sitting,-0.0090,-0.9977,0.0315,0.5600,-2.7650,0.7700
62220440,sitting,-0.0098,-0.9970,0.0310,0.5600,-2.7300,0.7700
62220459,sitting,-0.0090,-0.9984,0.0305,0.5600,-2.7650,0.7700
62220478,sitting,-0.0088,-0.9980,0.0303,0.5600,-2.7650,0.7700
62220498,sitting,-0.0085,-0.9984,0.0315,0.5250,-2.8000,0.7700
62220517,sitting,-0.0098,-0.9980,0.0310,0.5600,-2.7300,0.7700
62220536,sitting,-0.0083,-0.9984,0.0303,0.5250,-2.7650,0.7700
62220555,sitting,-0.0088,-0.9992,0.0310,0.5950,-2.7300,0.7700
62220575,sitting,-0.0095,-0.9984,0.0305,0.5250,-2.7300,0.7700
62220594,sitting,-0.0093,-0.9984,0.0303,0.5250,-2.8000,0.7700
62220613,sitting,-0.0090,-0.9989,0.0307,0.4900,-2.8000,0.7700
62220632,sitting,-0.0090,-0.9984,0.0300,0.5600,-2.7650,0.7700
62220651,sitting,-0.0100,-0.9984,0.0305,0.5950,-2.7300,0.7700
62220671,sitting,-0.0090,-0.9992,0.0307,0.5600,-2.7650,0.7700
62220690,sitting,-0.0085,-0.9989,0.0307,0.5600,-2.7650,0.7350
62220709,sitting,-0.0093,-0.9982,0.0310,0.5600,-2.7650,0.7700
62220728,sitting,-0.0093,-0.9980,0.0310,0.5600,-2.7300,0.8050
62220748,sitting,-0.0090,-0.9980,0.0315,0.5600,-2.7300,0.8050
62220767,sitting,-0.0088,-0.9980,0.0300,0.5600,-2.7300,0.7700
62220786,sitting,-0.0085,-0.9977,0.0303,0.5600,-2.7650,0.7700
62220805,sitting,-0.0088,-0.9984,0.0305,0.5250,-2.7300,0.7700
62220825,sitting,-0.0085,-0.9984,0.0312,0.5600,-2.7300,0.7700
62220844,sitting,-0.0088,-0.9980,0.0305,0.5600,-2.7300,0.7700
62220863,sitting,-0.0095,-0.9989,0.0307,0.5600,-2.7300,0.7700
62220882,sitting,-0.0095,-0.9980,0.0300,0.5600,-2.7300,0.7700
62220901,sitting,-0.0093,-0.9967,0.0305,0.5600,-2.7300,0.7700
62220921,sitting,-0.0088,-0.9989,0.0305,0.5600,-2.7300,0.7700
62220940,sitting,-0.0078,-0.9975,0.0317,0.5600,-2.7300,0.7700
62220959,sitting,-0.0088,-0.9967,0.0303,0.5600,-2.7650,0.7700
62220978,sitting,-0.0088,-0.9977,0.0315,0.5600,-2.7650,0.7700
62220998,sitting,-0.0090,-0.9982,0.0310,0.5600,-2.8000,0.7350
62221017,sitting,-0.0085,-0.9984,0.0312,0.5600,-2.7300,0.7700
62221036,sitting,-0.0088,-0.9984,0.0317,0.5600,-2.7650,0.7700
62221055,sitting,-0.0090,-0.9984,0.0307,0.5600,-2.7650,0.7350
62221075,sitting,-0.0093,-0.9987,0.0307,0.5600,-2.7300,0.7700
62221094,sitting,-0.0095,-0.9982,0.0312,0.5600,-2.7650,0.7700
62221113,sitting,-0.0090,-0.9989,0.0307,0.5600,-2.7650,0.7700
62221132,sitting,-0.0088,-0.9980,0.0312,0.5600,-2.8000,0.7700
62221151,sitting,-0.0083,-0.9987,0.0310,0.5600,-2.7300,0.8050
62221171,sitting,-0.0088,-0.9989,0.0305,0.5600,-2.7650,0.7700
62221190,sitting,-0.0085,-0.9982,0.0312,0.5600,-2.7300,0.7700
62221209,sitting,-0.0088,-0.9980,0.0307,0.5600,-2.7650,0.7350
62221228,sitting,-0.0088,-0.9980,0.0317,0.5950,-2.7650,0.7700
62221248,sitting,-0.0093,-0.9975,0.0307,0.5600,-2.7300,0.7700
62221267,sitting,-0.0085,-0.9989,0.0305,0.5600,-2.8000,0.7700
62221286,sitting,-0.0090,-0.9977,0.0303,0.5250,-2.7650,0.7350
62221305,sitting,-0.0100,-0.9984,0.0298,0.5600,-2.7650,0.7700
62221325,sitting,-0.0081,-0.9980,0.0312,0.5600,-2.7650,0.7350
62221344,sitting,-0.0090,-0.9980,0.0307,0.5600,-2.7300,0.7700
62221363,sitting,-0.0093,-0.9982,0.0298,0.5600,-2.7300,0.7700
62221382,sitting,-0.0095,-0.9977,0.0305,0.5950,-2.7650,0.7700
62221401,sitting,-0.0090,-0.9977,0.0303,0.5600,-2.7300,0.7700
62221421,sitting,-0.0085,-0.9977,0.0312,0.5600,-2.7300,0.7350
62221440,sitting,-0.0100,-0.9982,0.0295,0.5950,-2.7300,0.7700
62221459,sitting,-0.0093,-0.9980,0.0305,0.5600,-2.7300,0.7700
62221478,sitting,-0.0088,-0.9977,0.0303,0.5950,-2.8000,0.7700
62221498,sitting,-0.0081,-0.9977,0.0305,0.5600,-2.7300,0.7700
62221517,sitting,-0.0100,-0.9980,0.0305,0.5600,-2.7650,0.7700
62221536,sitting,-0.0088,-0.9984,0.0303,0.5950,-2.8000,0.7700
62221555,sitting,-0.0088,-0.9975,0.0298,0.5600,-2.7650,0.7700
62221575,sitting,-0.0095,-0.9982,0.0312,0.5600,-2.7300,0.7700
62221594,sitting,-0.0085,-0.9982,0.0305,0.5600,-2.7300,0.7700
62221613,sitting,-0.0093,-0.9987,0.0305,0.5600,-2.7650,0.7700
62221632,sitting,-0.0090,-0.9980,0.0303,0.5600,-2.7650,0.7700
62221651,sitting,-0.0093,-0.9987,0.0307,0.5600,-2.8000,0.7700
62221671,sitting,-0.0095,-0.9980,0.0307,0.5600,-2.7650,0.7700
62221690,sitting,-0.0093,-0.9984,0.0307,0.5250,-2.8000,0.7700
62221709,sitting,-0.0098,-0.9989,0.0303,0.5600,-2.7650,0.7700
62221728,sitting,-0.0098,-0.9977,0.0305,0.5600,-2.7650,0.7700
62221748,sitting,-0.0093,-0.9987,0.0305,0.5600,-2.8000,0.7700
62221767,sitting,-0.0088,-0.9984,0.0303,0.5250,-2.7650,0.7700
62221786,sitting,-0.0085,-0.9987,0.0305,0.5600,-2.7300,0.7700
62221805,sitting,-0.0093,-0.9989,0.0310,0.5250,-2.7300,0.7700
62221825,sitting,-0.0098,-0.9975,0.0305,0.5600,-2.7300,0.7700
62221844,sitting,-0.0095,-0.9977,0.0327,0.5600,-2.7300,0.8050
62221863,sitting,-0.0090,-0.9992,0.0303,0.5600,-2.7300,0.7700
62221882,sitting,-0.0090,-0.9982,0.0295,0.5250,-2.7650,0.7700
62221901,sitting,-0.0095,-0.9982,0.0300,0.5600,-2.7300,0.8050
62221921,sitting,-0.0093,-0.9984,0.0310,0.5950,-2.7300,0.7700
62221940,sitting,-0.0095,-0.9982,0.0300,0.5600,-2.7300,0.7700
62221959,sitting,-0.0081,-0.9980,0.0310,0.5600,-2.7300,0.7700
62221978,sitting,-0.0093,-0.9984,0.0303,0.5600,-2.7650,0.7700
62221998,sitting,-0.0098,-0.9982,0.0307,0.5600,-2.7300,0.7700
62222017,sitting,-0.0100,-0.9984,0.0305,0.5600,-2.7300,0.7700
62222036,sitting,-0.0088,-0.9992,0.0310,0.5600,-2.7300,0.7700
62222055,sitting,-0.0083,-0.9987,0.0293,0.5600,-2.7650,0.7700
62222075,sitting,-0.0085,-0.9984,0.0290,0.5950,-2.7300,0.7700
62222094,sitting,-0.0093,-0.9982,0.0303,0.5950,-2.7650,0.7700
62222113,sitting,-0.0100,-0.9980,0.0312,0.5600,-2.7650,0.7700
62222132,sitting,-0.0095,-0.9987,0.0310,0.5600,-2.7650,0.7700
62222151,sitting,-0.0098,-0.9987,0.0307,0.5600,-2.7300,0.7700
62222171,sitting,-0.0100,-0.9989,0.0300,0.5250,-2.7650,0.7700
62222190,sitting,-0.0083,-0.9989,0.0295,0.5600,-2.7650,0.7350
62222209,sitting,-0.0088,-0.9982,0.0312,0.5600,-2.7300,0.7700
62222228,sitting,-0.0083,-0.9977,0.0307,0.5600,-2.7300,0.7000
62222248,sitting,-0.0081,-0.9980,0.0303,0.5600,-2.7650,0.8050
62222267,sitting,-0.0085,-0.9987,0.0305,0.5600,-2.7300,0.7700
62222286,sitting,-0.0085,-0.9989,0.0303,0.5600,-2.7300,0.7700
62222305,sitting,-0.0085,-0.9989,0.0300,0.5600,-2.7300,0.7700
62222325,sitting,-0.0078,-0.9980,0.0303,0.5600,-2.8000,0.7700
62222344,sitting,-0.0090,-0.9984,0.0312,0.5600,-2.7300,0.7700
62222363,sitting,-0.0093,-0.9989,0.0305,0.5600,-2.7650,0.7700
62222382,sitting,-0.0090,-0.9982,0.0293,0.5950,-2.7300,0.7700
62222401,sitting,-0.0090,-0.9994,0.0310,0.5600,-2.7300,0.7700
62222421,sitting,-0.0088,-0.9977,0.0298,0.5600,-2.7650,0.7700
62222440,sitting,-0.0098,-0.9980,0.0300,0.5250,-2.7650,0.7700
62222459,sitting,-0.0090,-0.9984,0.0305,0.5600,-2.7300,0.7700
62222478,sitting,-0.0093,-0.9982,0.0303,0.5950,-2.7650,0.7700
62222498,sitting,-0.0088,-0.9980,0.0310,0.5600,-2.7300,0.7700
62222517,sitting,-0.0093,-0.9977,0.0305,0.5600,-2.7300,0.7350
62222536,sitting,-0.0098,-0.9989,0.0300,0.5600,-2.7300,0.7700
62222555,sitting,-0.0090,-0.9980,0.0310,0.5600,-2.7300,0.7700
62222575,sitting,-0.0090,-0.9980,0.0298,0.5600,-2.7300,0.7700
62222594,sitting,-0.0085,-0.9982,0.0307,0.5600,-2.7650,0.7700
62222613,sitting,-0.0081,-0.9975,0.0307,0.5600,-2.7650,0.7700
62222632,sitting,-0.0085,-0.9989,0.0307,0.5600,-2.7650,0.7700
62222651,sitting,-0.0090,-0.9982,0.0303,0.5600,-2.7650,0.7700
62222671,sitting,-0.0090,-0.9984,0.0298,0.5250,-2.7300,0.7700
62222690,sitting,-0.0093,-0.9987,0.0305,0.5600,-2.8000,0.7700
62222709,sitting,-0.0088,-0.9987,0.0307,0.5600,-2.7300,0.7700
62222728,sitting,-0.0090,-0.9980,0.0312,0.5600,-2.7300,0.7700
62222748,sitting,-0.0090,-0.9984,0.0305,0.4900,-2.7650,0.7700
62222767,sitting,-0.0085,-0.9987,0.0317,0.5250,-2.7650,0.7700
62222786,sitting,-0.0090,-0.9984,0.0310,0.5600,-2.7300,0.7700
62222805,sitting,-0.0088,-0.9980,0.0310,0.5600,-2.8000,0.7700
62222825,sitting,-0.0083,-0.9980,0.0303,0.5600,-2.7650,0.8050
62222844,sitting,-0.0093,-0.9987,0.0298,0.5250,-2.7650,0.7700
62222863,sitting,-0.0093,-0.9980,0.0307,0.5600,-2.7650,0.7700
62222882,sitting,-0.0085,-0.9972,0.0310,0.5600,-2.7650,0.7700
62222901,sitting,-0.0093,-0.9980,0.0315,0.5950,-2.7650,0.7700
62222921,sitting,-0.0093,-0.9987,0.0317,0.5950,-2.7300,0.7700
62222940,sitting,-0.0100,-0.9982,0.0312,0.5950,-2.7650,0.7700
62222959,sitting,-0.0085,-0.9980,0.0307,0.5250,-2.7650,0.7700
62222978,sitting,-0.0093,-0.9989,0.0307,0.5600,-2.7650,0.7700
62222998,sitting,-0.0085,-0.9982,0.0310,0.5250,-2.7300,0.7700
62223017,sitting,-0.0095,-0.9980,0.0305,0.5600,-2.7300,0.7700
62223036,sitting,-0.0090,-0.9980,0.0305,0.6300,-2.7300,0.7700
62223055,sitting,-0.0093,-0.9984,0.0303,0.5600,-2.7650,0.7700
62223075,sitting,-0.0081,-0.9977,0.0312,0.5600,-2.7300,0.7350
62223094,sitting,-0.0102,-0.9992,0.0295,0.5600,-2.7650,0.7700
62223113,sitting,-0.0083,-0.9992,0.0310,0.5600,-2.7650,0.7350
62223132,sitting,-0.0090,-0.9992,0.0303,0.5250,-2.7650,0.7700
62223151,sitting,-0.0088,-0.9987,0.0312,0.5600,-2.7650,0.7700
62223171,sitting,-0.0088,-0.9984,0.0307,0.5600,-2.8000,0.7700
62223190,sitting,-0.0085,-0.9982,0.0305,0.5600,-2.7650,0.7350
62223209,sitting,-0.0083,-0.9987,0.0312,0.5600,-2.7650,0.7700
62223228,sitting,-0.0085,-0.9987,0.0300,0.4900,-2.7300,0.7700
62223248,sitting,-0.0098,-0.9987,0.0310,0.5600,-2.8000,0.7700
62223267,sitting,-0.0093,-0.9987,0.0310,0.5600,-2.7650,0.8050
62223286,sitting,-0.0090,-0.9982,0.0307,0.5600,-2.7650,0.7700
62223305,sitting,-0.0093,-0.9992,0.0295,0.5250,-2.7300,0.7700
62223325,sitting,-0.0088,-0.9982,0.0310,0.4900,-2.8000,0.7700
62223344,sitting,-0.0100,-0.9984,0.0300,0.5600,-2.7650,0.7700
62223363,sitting,-0.0095,-0.9989,0.0315,0.5600,-2.7650,0.7700
62223382,sitting,-0.0098,-0.9984,0.0300,0.5600,-2.7650,0.7700
62223401,sitting,-0.0090,-0.9984,0.0307,0.5250,-2.7300,0.7700
62223421,sitting,-0.0102,-0.9984,0.0307,0.5600,-2.7300,0.7700
62223440,sitting,-0.0090,-0.9980,0.0312,0.5600,-2.7650,0.7700
62223459,sitting,-0.0090,-0.9987,0.0315,0.5950,-2.7300,0.8050
62223478,sitting,-0.0098,-0.9984,0.0307,0.5600,-2.7300,0.7350
62223498,sitting,-0.0098,-0.9982,0.0312,0.5600,-2.7650,0.7350
62223517,sitting,-0.0085,-0.9987,0.0298,0.5600,-2.7300,0.7350
62223536,sitting,-0.0095,-0.9982,0.0307,0.5600,-2.7300,0.7700
62223555,sitting,-0.0093,-0.9984,0.0320,0.5600,-2.7300,0.7700
62223575,sitting,-0.0088,-0.9982,0.0303,0.5600,-2.7300,0.7700
62223594,sitting,-0.0098,-0.9982,0.0310,0.5250,-2.7650,0.7700
62223613,sitting,-0.0098,-0.9975,0.0310,0.5600,-2.7650,0.7700
62223632,sitting,-0.0093,-0.9987,0.0310,0.5600,-2.8350,0.7700
62223651,sitting,-0.0088,-0.9982,0.0295,0.5600,-2.7650,0.7700
62223671,sitting,-0.0083,-0.9987,0.0310,0.5600,-2.8000,0.7700
62223690,sitting,-0.0090,-0.9982,0.0315,0.5600,-2.7650,0.7350
62223709,sitting,-0.0095,-0.9987,0.0303,0.5600,-2.7650,0.7700
62223728,sitting,-0.0088,-0.9989,0.0298,0.5600,-2.7300,0.7700
62223748,sitting,-0.0083,-0.9982,0.0293,0.5600,-2.7300,0.7700
62223767,sitting,-0.0093,-0.9982,0.0312,0.5250,-2.8000,0.7700
62223786,sitting,-0.0088,-0.9982,0.0310,0.4900,-2.8000,0.7700
62223805,sitting,-0.0093,-0.9982,0.0315,0.5600,-2.7300,0.7700
62223825,sitting,-0.0085,-0.9989,0.0307,0.5600,-2.7650,0.7700
62223844,sitting,-0.0093,-0.9984,0.0307,0.5600,-2.7300,0.7700
62223863,sitting,-0.0088,-0.9977,0.0312,0.5600,-2.7650,0.7700
62223882,sitting,-0.0107,-0.9972,0.0303,0.5600,-2.7300,0.7700
62223901,sitting,-0.0088,-0.9975,0.0295,0.5600,-2.7300,0.7700
62223921,sitting,-0.0088,-0.9984,0.0288,0.5600,-2.7300,0.7350
62223940,sitting,-0.0100,-0.9977,0.0305,0.5600,-2.7300,0.7350
62223959,sitting,-0.0088,-0.9987,0.0300,0.4900,-2.7650,0.7700
62223978,sitting,-0.0093,-0.9987,0.0315,0.5250,-2.7300,0.7350
62223998,sitting,-0.0090,-0.9982,0.0305,0.5600,-2.7300,0.7700
62224017,sitting,-0.0095,-0.9984,0.0310,0.5600,-2.7650,0.7700
62224036,sitting,-0.0088,-0.9992,0.0307,0.5950,-2.7300,0.7000
62224055,sitting,-0.0093,-0.9977,0.0310,0.5600,-2.7300,0.7350
62224075,sitting,-0.0088,-0.9975,0.0305,0.5600,-2.7300,0.7000
62224094,sitting,-0.0083,-0.9980,0.0298,0.5600,-2.7300,0.7700
62224113,sitting,-0.0081,-0.9992,0.0310,0.5600,-2.7300,0.7700
62224132,sitting,-0.0085,-0.9982,0.0300,0.5600,-2.7300,0.7700
62224151,sitting,-0.0090,-0.9977,0.0305,0.5600,-2.7300,0.7700
62224171,sitting,-0.0083,-0.9987,0.0315,0.5600,-2.7650,0.7350
62224190,sitting,-0.0088,-0.9972,0.0322,0.5600,-2.7650,0.7700
62224209,sitting,-0.0100,-0.9977,0.0310,0.5600,-2.8000,0.7700
62224228,sitting,-0.0090,-0.9987,0.0293,0.5600,-2.8000,0.7700
62224248,sitting,-0.0102,-0.9989,0.0315,0.5600,-2.8000,0.7700
62224267,sitting,-0.0090,-0.9984,0.0305,0.5600,-2.7300,0.7700
62224286,sitting,-0.0090,-0.9987,0.0315,0.5600,-2.7650,0.7700
62224305,sitting,-0.0100,-0.9977,0.0307,0.5600,-2.7300,0.7700
62224325,sitting,-0.0093,-0.9980,0.0312,0.5600,-2.7300,0.7700
62224344,sitting,-0.0090,-0.9972,0.0307,0.4900,-2.7650,0.7700
62224363,sitting,-0.0098,-0.9984,0.0303,0.5250,-2.7650,0.7700
62224382,sitting,-0.0095,-0.9977,0.0303,0.5250,-2.7300,0.8050
62224401,sitting,-0.0093,-0.9980,0.0307,0.5600,-2.7650,0.7700
62224421,sitting,-0.0095,-0.9980,0.0303,0.5600,-2.7300,0.7700
62224440,sitting,-0.0083,-0.9982,0.0307,0.5600,-2.7300,0.7350
62224459,sitting,-0.0090,-0.9977,0.0295,0.5600,-2.7650,0.8050
62224478,sitting,-0.0100,-0.9984,0.0307,0.5600,-2.7300,0.7700
62224498,sitting,-0.0093,-0.9989,0.0305,0.5600,-2.7300,0.7700
62224517,sitting,-0.0098,-0.9982,0.0315,0.5250,-2.7650,0.7700
62224536,sitting,-0.0095,-0.9980,0.0303,0.5600,-2.7300,0.7700
62224555,sitting,-0.0093,-0.9982,0.0305,0.5600,-2.8000,0.7700
62224575,sitting,-0.0085,-0.9980,0.0298,0.5600,-2.7300,0.7700
62224594,sitting,-0.0090,-0.9977,0.0300,0.5600,-2.7300,0.7700
62224613,sitting,-0.0100,-0.9972,0.0305,0.5600,-2.7300,0.7700
62224632,sitting,-0.0090,-0.9977,0.0298,0.5600,-2.7650,0.7700
62224651,sitting,-0.0095,-0.9987,0.0310,0.5600,-2.7650,0.7700
62224671,sitting,-0.0090,-0.9980,0.0312,0.5950,-2.7650,0.7700
62224690,sitting,-0.0093,-0.9984,0.0305,0.5600,-2.7300,0.8050
62224709,sitting,-0.0102,-0.9980,0.0303,0.5600,-2.7650,0.7700
62224728,sitting,-0.0102,-0.9980,0.0315,0.5950,-2.7650,0.7700
62224748,sitting,-0.0090,-0.9982,0.0305,0.5600,-2.7300,0.7700
62224767,sitting,-0.0083,-0.9982,0.0305,0.5600,-2.7300,0.7700
62224786,sitting,-0.0098,-0.9992,0.0310,0.5250,-2.8000,0.7700
62224805,sitting,-0.0095,-0.9970,0.0307,0.5600,-2.8000,0.7700
62224825,sitting,-0.0095,-0.9970,0.0312,0.5600,-2.7300,0.7700
62224844,sitting,-0.0090,-0.9989,0.0300,0.5250,-2.7650,0.7700
62224863,sitting,-0.0083,-0.9992,0.0298,0.5950,-2.7300,0.7700
62224882,sitting,-0.0088,-0.9984,0.0312,0.5950,-2.7650,0.7700
62224901,sitting,-0.0088,-0.9989,0.0312,0.5600,-2.7300,0.8050
62224921,sitting,-0.0085,-0.9989,0.0305,0.5600,-2.8000,0.7700
62224940,sitting,-0.0085,-0.9980,0.0298,0.5250,-2.7650,0.7700
62224959,sitting,-0.0095,-0.9980,0.0300,0.5600,-2.7300,0.7700
62224978,sitting,-0.0090,-0.9975,0.0300,0.5600,-2.7650,0.7700
62224998,sitting,-0.0098,-0.9984,0.0303,0.5950,-2.7300,0.7350
62225017,sitting,-0.0090,-0.9997,0.0305,0.5600,-2.7300,0.7700
62225036,sitting,-0.0088,-0.9984,0.0315,0.5600,-2.8000,0.7700
62225055,sitting,-0.0085,-0.9982,0.0307,0.5600,-2.7300,0.7350
62225075,sitting,-0.0090,-0.9977,0.0312,0.5600,-2.7650,0.7350
62225094,sitting,-0.0088,-0.9992,0.0298,0.5600,-2.7300,0.7700
62225113,sitting,-0.0102,-0.9982,0.0305,0.5600,-2.7650,0.7700
62225132,sitting,-0.0085,-0.9984,0.0312,0.5600,-2.8000,0.7350
62225151,sitting,-0.0085,-0.9987,0.0305,0.5600,-2.7650,0.7700
62225171,sitting,-0.0088,-0.9975,0.0303,0.5600,-2.7650,0.7350
62225190,sitting,-0.0095,-0.9977,0.0310,0.5600,-2.7300,0.7700
62225209,sitting,-0.0083,-0.9980,0.0310,0.5600,-2.7650,0.7700
62225228,sitting,-0.0085,-0.9989,0.0310,0.5250,-2.7300,0.7700
62225248,sitting,-0.0085,-0.9987,0.0303,0.5600,-2.8000,0.7700
62225267,sitting,-0.0093,-0.9987,0.0310,0.5600,-2.7650,0.7350
62225286,sitting,-0.0100,-0.9987,0.0315,0.5250,-2.7650,0.7700
62225305,sitting,-0.0083,-0.9982,0.0315,0.5600,-2.8000,0.7700
62225325,sitting,-0.0095,-0.9992,0.0317,0.5250,-2.7650,0.7700
62225344,sitting,-0.0088,-0.9982,0.0315,0.5250,-2.8000,0.7700
62225363,sitting,-0.0090,-0.9977,0.0310,0.5250,-2.7300,0.7700
62225382,sitting,-0.0093,-0.9982,0.0305,0.5600,-2.7650,0.7700
62225401,sitting,-0.0093,-0.9980,0.0307,0.5600,-2.7300,0.8050
62225421,sitting,-0.0095,-0.9987,0.0300,0.5600,-2.7650,0.7700
62225440,sitting,-0.0095,-0.9987,0.0303,0.5600,-2.7300,0.7350
62225459,sitting,-0.0093,-0.9987,0.0305,0.5600,-2.7300,0.7350
62225478,sitting,-0.0083,-0.9987,0.0303,0.5250,-2.7300,0.7700
62225498,sitting,-0.0090,-0.9984,0.0312,0.5250,-2.7300,0.7700
62225517,sitting,-0.0083,-0.9987,0.0305,0.5600,-2.7300,0.7700
62225536,sitting,-0.0088,-0.9982,0.0303,0.5600,-2.7300,0.7700
62225555,sitting,-0.0081,-0.9984,0.0305,0.5600,-2.7300,0.7700
62225575,sitting,-0.0088,-0.9982,0.0310,0.5600,-2.7300,0.7350
62225594,sitting,-0.0093,-0.9977,0.0307,0.5600,-2.7300,0.7700
62225613,sitting,-0.0078,-0.9975,0.0303,0.5600,-2.7650,0.7700
62225632,sitting,-0.0078,-0.9980,0.0295,0.5600,-2.7650,0.7700
62225651,sitting,-0.0090,-0.9975,0.0298,0.5600,-2.7300,0.7350
62225671,sitting,-0.0088,-0.9977,0.0312,0.5600,-2.7650,0.7700
62225690,sitting,-0.0098,-0.9975,0.0300,0.5600,-2.7300,0.7700
62225709,sitting,-0.0102,-0.9984,0.0307,0.5600,-2.7650,0.7700
62225728,sitting,-0.0090,-0.9984,0.0298,0.5600,-2.8000,0.7700
62225748,sitting,-0.0105,-0.9970,0.0307,0.5600,-2.7650,0.7700
62225767,sitting,-0.0093,-0.9977,0.0307,0.5600,-2.7300,0.7700
62225786,sitting,-0.0085,-0.9980,0.0298,0.5600,-2.7300,0.7700
62225805,sitting,-0.0085,-0.9987,0.0317,0.5600,-2.7650,0.7700
62225825,sitting,-0.0085,-0.9982,0.0305,0.5600,-2.8000,0.8050
62225844,sitting,-0.0088,-0.9980,0.0300,0.5600,-2.7650,0.8050
62225863,sitting,-0.0078,-0.9982,0.0315,0.5600,-2.7300,0.8050
62225882,sitting,-0.0085,-0.9997,0.0303,0.5600,-2.8000,0.7700
62225901,sitting,-0.0098,-0.9980,0.0298,0.5600,-2.7300,0.7700
62225921,sitting,-0.0098,-0.9980,0.0310,0.5250,-2.7300,0.7700
62225940,sitting,-0.0090,-0.9984,0.0303,0.5600,-2.7650,0.7700
62225959,sitting,-0.0093,-0.9982,0.0307,0.5600,-2.7650,0.7700
62225978,sitting,-0.0085,-0.9980,0.0310,0.5600,-2.7650,0.7700
62225998,sitting,-0.0090,-0.9989,0.0310,0.5600,-2.7650,0.7700
62226017,sitting,-0.0100,-0.9984,0.0310,0.5250,-2.7300,0.7700
62226036,sitting,-0.0095,-0.9982,0.0293,0.5250,-2.7300,0.7700
62226055,sitting,-0.0102,-0.9987,0.0298,0.5600,-2.7300,0.7700
62226075,sitting,-0.0085,-0.9992,0.0310,0.5950,-2.7300,0.7700
62226094,sitting,-0.0090,-0.9972,0.0303,0.5600,-2.7300,0.7700
62226113,sitting,-0.0083,-0.9984,0.0298,0.5950,-2.7650,0.7700
62226132,sitting,-0.0088,-0.9994,0.0300,0.5600,-2.7650,0.7700
62226151,sitting,-0.0095,-0.9984,0.0295,0.5600,-2.7300,0.7700
62226171,sitting,-0.0093,-0.9984,0.0303,0.5600,-2.7650,0.7700
62226190,sitting,-0.0088,-0.9977,0.0307,0.5600,-2.7300,0.7700
62226209,sitting,-0.0083,-0.9977,0.0305,0.5600,-2.7300,0.7350
62226228,sitting,-0.0098,-0.9977,0.0305,0.5600,-2.7300,0.7700
62226248,sitting,-0.0095,-0.9970,0.0307,0.5600,-2.7650,0.7700
62226267,sitting,-0.0083,-0.9972,0.0307,0.5600,-2.8000,0.7700
62226286,sitting,-0.0085,-0.9989,0.0300,0.5600,-2.8000,0.7700
62226305,sitting,-0.0085,-0.9984,0.0307,0.5600,-2.7650,0.7700
62226325,sitting,-0.0090,-0.9984,0.0305,0.5600,-2.7650,0.7700
62226344,sitting,-0.0095,-0.9977,0.0295,0.5600,-2.7650,0.7700
62226363,sitting,-0.0088,-0.9989,0.0293,0.5250,-2.7650,0.7700
62226382,sitting,-0.0095,-0.9984,0.0312,0.4900,-2.7300,0.7700
62226401,sitting,-0.0095,-0.9982,0.0315,0.5600,-2.7300,0.8050
62226421,sitting,-0.0100,-0.9987,0.0300,0.5250,-2.7650,0.8050
62226440,sitting,-0.0095,-0.9987,0.0312,0.5600,-2.7300,0.7700
62226459,sitting,-0.0085,-0.9984,0.0310,0.5600,-2.7650,0.7350
62226478,sitting,-0.0083,-0.9977,0.0300,0.5600,-2.7300,0.7700
62226498,sitting,-0.0093,-0.9984,0.0310,0.5600,-2.8000,0.7700
62226517,sitting,-0.0098,-0.9987,0.0305,0.5600,-2.7300,0.8050
62226536,sitting,-0.0078,-0.9984,0.0300,0.5600,-2.7650,0.7700
62226555,sitting,-0.0085,-0.9987,0.0303,0.5600,-2.7300,0.7350
62226575,sitting,-0.0098,-0.9982,0.0315,0.5600,-2.7300,0.7700
62226594,sitting,-0.0095,-0.9992,0.0310,0.5600,-2.7300,0.7700
62226613,sitting,-0.0095,-0.9989,0.0307,0.5600,-2.7650,0.7700
62226632,sitting,-0.0088,-0.9987,0.0310,0.5600,-2.7300,0.7700
62226651,sitting,-0.0098,-0.9980,0.0310,0.5600,-2.7300,0.7700
62226671,sitting,-0.0085,-0.9977,0.0303,0.5600,-2.8000,0.7700
62226690,sitting,-0.0088,-0.9977,0.0300,0.5600,-2.7650,0.7700
62226709,sitting,-0.0090,-0.9980,0.0317,0.5950,-2.7300,0.7700
62226728,sitting,-0.0088,-0.9984,0.0310,0.5600,-2.7300,0.7700
62226748,sitting,-0.0093,-0.9984,0.0307,0.5600,-2.7300,0.7700
62226767,sitting,-0.0093,-0.9982,0.0295,0.5600,-2.7650,0.7700
62226786,sitting,-0.0100,-0.9984,0.0298,0.5600,-2.7650,0.7700
62226805,sitting,-0.0088,-0.9980,0.0305,0.5600,-2.7650,0.7350
62226825,sitting,-0.0098,-0.9970,0.0310,0.5600,-2.8000,0.8050
62226844,sitting,-0.0090,-0.9989,0.0303,0.5600,-2.8000,0.7700
62226863,sitting,-0.0083,-0.9980,0.0315,0.5250,-2.8000,0.7700
62226882,sitting,-0.0098,-0.9982,0.0305,0.5600,-2.7650,0.8050
62226901,sitting,-0.0095,-0.9977,0.0312,0.5600,-2.8000,0.8400
62226921,sitting,-0.0100,-0.9992,0.0310,0.5600,-2.7650,0.7700
62226940,sitting,-0.0093,-0.9977,0.0315,0.5250,-2.7300,0.7700
62226959,sitting,-0.0085,-0.9977,0.0310,0.5250,-2.7300,0.7700
62226978,sitting,-0.0088,-0.9977,0.0310,0.5250,-2.7650,0.7700
62226998,sitting,-0.0100,-0.9980,0.0293,0.5600,-2.7650,0.7700
62227017,sitting,-0.0098,-0.9982,0.0312,0.5600,-2.7300,0.7700
62227036,sitting,-0.0095,-0.9987,0.0315,0.5600,-2.8000,0.7700
62227055,sitting,-0.0081,-0.9982,0.0310,0.5600,-2.7300,0.7700
62227075,sitting,-0.0083,-0.9980,0.0305,0.5600,-2.7650,0.7350
62227094,sitting,-0.0090,-0.9987,0.0307,0.5600,-2.7650,0.7700
62227113,sitting,-0.0098,-0.9977,0.0315,0.5600,-2.7300,0.7350
62227132,sitting,-0.0088,-0.9980,0.0312,0.5950,-2.7650,0.7350
62227151,sitting,-0.0090,-0.9972,0.0303,0.5600,-2.7650,0.7700
62227171,sitting,-0.0093,-0.9980,0.0305,0.5600,-2.7300,0.7700
62227190,sitting,-0.0095,-0.9980,0.0298,0.5600,-2.7300,0.7700
62227209,sitting,-0.0090,-0.9987,0.0307,0.5600,-2.7300,0.7700
62227228,sitting,-0.0088,-0.9982,0.0307,0.5250,-2.7650,0.7700
62227248,sitting,-0.0095,-0.9984,0.0300,0.5950,-2.7650,0.7700
62227267,sitting,-0.0100,-0.9977,0.0305,0.5600,-2.7650,0.7700
62227286,sitting,-0.0098,-0.9987,0.0305,0.5250,-2.7300,0.7350
62227305,sitting,-0.0090,-0.9982,0.0305,0.5600,-2.7650,0.7700
62227325,sitting,-0.0093,-0.9982,0.0300,0.5600,-2.8000,0.7700
62227344,sitting,-0.0090,-0.9992,0.0305,0.5600,-2.7300,0.8050
62227363,sitting,-0.0105,-0.9987,0.0312,0.5600,-2.7300,0.8050
62227382,sitting,-0.0093,-0.9982,0.0310,0.4900,-2.8000,0.7700
62227401,sitting,-0.0090,-0.9987,0.0307,0.5250,-2.7300,0.7700
62227421,sitting,-0.0105,-0.9994,0.0298,0.4900,-2.7300,0.7700
62227440,sitting,-0.0088,-0.9977,0.0305,0.5600,-2.8000,0.7700
62227459,sitting,-0.0095,-0.9984,0.0307,0.5600,-2.7300,0.7700
62227478,sitting,-0.0098,-0.9989,0.0310,0.5250,-2.8000,0.7700
62227498,sitting,-0.0093,-0.9982,0.0295,0.5600,-2.7650,0.7700
62227517,sitting,-0.0095,-0.9980,0.0307,0.5600,-2.7300,0.8050
62227536,sitting,-0.0095,-0.9989,0.0312,0.5600,-2.7650,0.7700
62227555,sitting,-0.0098,-0.9975,0.0307,0.5600,-2.7650,0.7700
62227575,sitting,-0.0093,-0.9984,0.0310,0.5600,-2.7300,0.7700
62227594,sitting,-0.0095,-0.9987,0.0307,0.5600,-2.8000,0.8050
62227613,sitting,-0.0095,-0.9984,0.0315,0.5600,-2.7300,0.7700
62227632,sitting,-0.0088,-0.9982,0.0298,0.5600,-2.7650,0.7700
62227651,sitting,-0.0085,-0.9984,0.0303,0.5600,-2.7650,0.7700
62227671,sitting,-0.0090,-0.9977,0.0307,0.5600,-2.7300,0.7000
62227690,sitting,-0.0093,-0.9987,0.0307,0.5600,-2.7300,0.7000
62227709,sitting,-0.0090,-0.9982,0.0305,0.5950,-2.7300,0.7700
62227728,sitting,-0.0095,-0.9982,0.0303,0.5600,-2.7650,0.7700
62227748,sitting,-0.0093,-0.9977,0.0315,0.5250,-2.7300,0.7700
62227767,sitting,-0.0098,-0.9980,0.0305,0.5600,-2.8000,0.7350
62227786,sitting,-0.0088,-0.9980,0.0298,0.5600,-2.7300,0.7700
62227805,sitting,-0.0093,-0.9980,0.0305,0.5600,-2.7300,0.7700
62227825,sitting,-0.0095,-0.9980,0.0312,0.5600,-2.7650,0.7700
62227844,sitting,-0.0088,-0.9977,0.0307,0.5600,-2.7650,0.7700
62227863,sitting,-0.0102,-0.9982,0.0303,0.5600,-2.8000,0.7700
62227882,sitting,-0.0098,-0.9989,0.0305,0.5600,-2.7300,0.7700
62227901,sitting,-0.0095,-0.9977,0.0320,0.5250,-2.7650,0.8050
62227921,sitting,-0.0095,-0.9977,0.0315,0.5600,-2.7650,0.7700
62227940,sitting,-0.0093,-0.9989,0.0300,0.5600,-2.8000,0.7700
62227959,sitting,-0.0085,-0.9982,0.0310,0.5600,-2.7650,0.7700
62227978,sitting,-0.0093,-0.9987,0.0307,0.5600,-2.7300,0.7700
62227998,sitting,-0.0090,-0.9997,0.0310,0.4900,-2.7650,0.7700
62228017,sitting,-0.0090,-0.9984,0.0310,0.5600,-2.7650,0.7700
62228036,sitting,-0.0090,-0.9980,0.0300,0.5600,-2.7650,0.7700
62228055,sitting,-0.0078,-0.9980,0.0310,0.5600,-2.7650,0.7700
62228075,sitting,-0.0095,-0.9982,0.0303,0.5600,-2.8000,0.8050
62228094,sitting,-0.0093,-0.9977,0.0310,0.5600,-2.7300,0.7700
62228113,sitting,-0.0100,-0.9987,0.0307,0.5600,-2.7300,0.8050
62228132,sitting,-0.0083,-0.9980,0.0295,0.5250,-2.7300,0.7700
62228151,sitting,-0.0095,-0.9984,0.0310,0.5600,-2.7300,0.7700
62228171,sitting,-0.0090,-0.9977,0.0312,0.5600,-2.7650,0.7700
62228190,sitting,-0.0085,-0.9980,0.0305,0.5600,-2.7650,0.7700
62228209,sitting,-0.0088,-0.9992,0.0300,0.5600,-2.7300,0.7700
62228228,sitting,-0.0085,-0.9982,0.0307,0.5600,-2.7300,0.7700
62228248,sitting,-0.0095,-0.9980,0.0305,0.5600,-2.7300,0.7700
62228267,sitting,-0.0093,-0.9982,0.0305,0.5250,-2.7300,0.7350
62228286,sitting,-0.0088,-0.9987,0.0312,0.5600,-2.7650,0.7700
62228305,sitting,-0.0090,-0.9984,0.0307,0.5600,-2.7300,0.7350
62228325,sitting,-0.0088,-0.9975,0.0305,0.5600,-2.7650,0.7350
62228344,sitting,-0.0090,-0.9984,0.0303,0.5600,-2.7650,0.7700
62228363,sitting,-0.0095,-0.9987,0.0295,0.5600,-2.7650,0.7700
62228382,sitting,-0.0093,-0.9987,0.0307,0.5600,-2.8000,0.7700
62228401,sitting,-0.0090,-0.9984,0.0317,0.5600,-2.8000,0.7700
62228421,sitting,-0.0088,-0.9987,0.0310,0.5250,-2.8000,0.8050
62228440,sitting,-0.0100,-0.9987,0.0310,0.5250,-2.7650,0.7700
62228459,sitting,-0.0095,-0.9982,0.0312,0.5250,-2.7650,0.8050
62228478,sitting,-0.0102,-0.9989,0.0305,0.4900,-2.7300,0.7700
62228498,sitting,-0.0088,-0.9984,0.0298,0.5600,-2.7650,0.7700
62228517,sitting,-0.0093,-0.9975,0.0310,0.5600,-2.7300,0.7700
62228536,sitting,-0.0083,-0.9984,0.0303,0.5250,-2.7650,0.8400
62228555,sitting,-0.0076,-0.9980,0.0303,0.5600,-2.7650,0.8050
62228575,sitting,-0.0090,-0.9975,0.0303,0.5600,-2.7650,0.8050
62228594,sitting,-0.0081,-0.9977,0.0307,0.5600,-2.7300,0.7700
62228613,sitting,-0.0083,-0.9984,0.0312,0.5600,-2.7650,0.7700
62228632,sitting,-0.0083,-0.9984,0.0307,0.5600,-2.7300,0.7700
62228651,sitting,-0.0090,-0.9987,0.0303,0.5600,-2.7300,0.7700
62228671,sitting,-0.0098,-0.9977,0.0300,0.5600,-2.7300,0.7700
62228690,sitting,-0.0093,-0.9980,0.0303,0.5600,-2.7300,0.7350
62228709,sitting,-0.0102,-0.9980,0.0300,0.5250,-2.7650,0.8050
62228728,sitting,-0.0090,-0.9977,0.0310,0.5600,-2.7300,0.7700
62228748,sitting,-0.0085,-0.9982,0.0307,0.5600,-2.7650,0.7350
62228767,sitting,-0.0090,-0.9982,0.0305,0.5250,-2.7650,0.7700
62228786,sitting,-0.0090,-0.9989,0.0307,0.5600,-2.6950,0.7700
62228805,sitting,-0.0085,-0.9992,0.0315,0.5600,-2.7650,0.7700
62228825,sitting,-0.0081,-0.9975,0.0295,0.5950,-2.8000,0.7350
62228844,sitting,-0.0095,-0.9975,0.0303,0.5600,-2.7650,0.7700
62228863,sitting,-0.0100,-0.9977,0.0300,0.5600,-2.7650,0.7700
62228882,sitting,-0.0095,-0.9982,0.0305,0.5250,-2.7650,0.7700
62228901,sitting,-0.0078,-0.9994,0.0303,0.5600,-2.7300,0.7700
62228921,sitting,-0.0083,-0.9977,0.0305,0.5600,-2.7300,0.7700
62228940,sitting,-0.0085,-0.9975,0.0293,0.5600,-2.7300,0.7700
62228959,sitting,-0.0088,-0.9987,0.0303,0.5600,-2.7300,0.7700
62228978,sitting,-0.0095,-0.9984,0.0312,0.5250,-2.7650,0.8050
62228998,sitting,-0.0093,-0.9980,0.0303,0.5600,-2.7300,0.7700
62229017,sitting,-0.0085,-0.9982,0.0303,0.5250,-2.7650,0.7700
62229036,sitting,-0.0083,-0.9982,0.0300,0.5600,-2.7650,0.7700
62229055,sitting,-0.0095,-0.9984,0.0305,0.5600,-2.7300,0.7700
62229075,sitting,-0.0088,-0.9984,0.0305,0.5600,-2.7650,0.7700
62229094,sitting,-0.0090,-0.9987,0.0315,0.5600,-2.7650,0.7700
62229113,sitting,-0.0098,-0.9982,0.0310,0.5250,-2.7300,0.8050
62229132,sitting,-0.0098,-0.9984,0.0307,0.5600,-2.7300,0.7700
62229151,sitting,-0.0093,-0.9984,0.0315,0.5600,-2.7300,0.7700
62229171,sitting,-0.0095,-0.9982,0.0305,0.5600,-2.7300,0.8050
62229190,sitting,-0.0098,-0.9982,0.0312,0.5600,-2.7650,0.7700
62229209,sitting,-0.0090,-0.9984,0.0307,0.5600,-2.7300,0.7700
62229228,sitting,-0.0098,-0.9987,0.0317,0.5600,-2.7300,0.7700
62229248,sitting,-0.0088,-0.9984,0.0310,0.5600,-2.7300,0.7700
62229267,sitting,-0.0100,-0.9984,0.0305,0.5600,-2.7650,0.7700
62229286,sitting,-0.0100,-0.9984,0.0305,0.5600,-2.7300,0.7350
62229305,sitting,-0.0098,-0.9977,0.0305,0.5600,-2.7650,0.7700
62229325,sitting,-0.0090,-0.9992,0.0312,0.5600,-2.7300,0.7350
62229344,sitting,-0.0093,-0.9980,0.0303,0.5600,-2.7650,0.7350
62229363,sitting,-0.0098,-0.9982,0.0305,0.5600,-2.8000,0.7700
62229382,sitting,-0.0102,-0.9970,0.0310,0.5250,-2.7300,0.7700
62229401,sitting,-0.0095,-0.9984,0.0315,0.5600,-2.7650,0.7700
62229421,sitting,-0.0098,-0.9984,0.0298,0.5600,-2.7650,0.7700
62229440,sitting,-0.0093,-0.9984,0.0303,0.5600,-2.7650,0.7700
62229459,sitting,-0.0100,-0.9982,0.0312,0.5600,-2.7300,0.7700
62229478,sitting,-0.0090,-0.9989,0.0307,0.5250,-2.7650,0.7700
62229498,sitting,-0.0093,-0.9970,0.0307,0.5600,-2.8000,0.7700
62229517,sitting,-0.0093,-0.9982,0.0310,0.5600,-2.8000,0.8050
62229536,sitting,-0.0098,-0.9972,0.0315,0.5600,-2.8000,0.7700
62229555,sitting,-0.0102,-0.9977,0.0307,0.5250,-2.7300,0.7700
62229575,sitting,-0.0090,-0.9982,0.0305,0.5600,-2.7300,0.7700
62229594,sitting,-0.0090,-0.9984,0.0305,0.5600,-2.7300,0.7700
62229613,sitting,-0.0095,-0.9982,0.0307,0.5600,-2.7300,0.7700
62229632,sitting,-0.0090,-0.9982,0.0305,0.5600,-2.7300,0.7700
62229651,sitting,-0.0083,-0.9977,0.0307,0.5600,-2.7300,0.7700
62229671,sitting,-0.0093,-0.9987,0.0303,0.5600,-2.7300,0.7700
62229690,sitting,-0.0095,-0.9989,0.0303,0.5600,-2.7300,0.7700
62229709,sitting,-0.0078,-0.9987,0.0320,0.5250,-2.7650,0.7700
62229728,sitting,-0.0095,-0.9980,0.0303,0.5600,-2.7300,0.7700
62229748,sitting,-0.0093,-0.9989,0.0300,0.5600,-2.7300,0.7700
62229767,sitting,-0.0083,-0.9977,0.0322,0.5600,-2.7650,0.7700
62229786,sitting,-0.0083,-0.9980,0.0307,0.5600,-2.7650,0.7700
62229805,sitting,-0.0090,-0.9982,0.0293,0.5600,-2.7650,0.7700
62229825,sitting,-0.0105,-0.9989,0.0300,0.5600,-2.7650,0.7350
62229844,sitting,-0.0098,-0.9987,0.0305,0.5950,-2.7300,0.7350
62229863,sitting,-0.0093,-0.9977,0.0307,0.5250,-2.8000,0.7700
62229882,sitting,-0.0088,-0.9977,0.0310,0.5600,-2.7650,0.7700
62229901,sitting,-0.0090,-0.9987,0.0307,0.5600,-2.8000,0.7700
62229921,sitting,-0.0095,-0.9977,0.0298,0.5600,-2.7300,0.7700
62229940,sitting,-0.0090,-0.9987,0.0310,0.5600,-2.7300,0.8050
62229959,sitting,-0.0085,-0.9987,0.0307,0.5250,-2.7650,0.7700
62229978,sitting,-0.0088,-0.9977,0.0303,0.5250,-2.8000,0.7700
62229998,sitting,-0.0095,-0.9987,0.0293,0.5250,-2.8000,0.7350
62230017,sitting,-0.0095,-0.9994,0.0300,0.5250,-2.7650,0.7700
62230036,sitting,-0.0088,-0.9975,0.0305,0.5600,-2.7650,0.7700
62230055,sitting,-0.0095,-0.9984,0.0312,0.5600,-2.8000,0.7700
62230075,sitting,-0.0098,-0.9987,0.0310,0.5600,-2.8000,0.7700
62230094,sitting,-0.0093,-0.9982,0.0307,0.5600,-2.7300,0.8050
62230113,sitting,-0.0093,-0.9989,0.0312,0.5950,-2.7300,0.7700
62230132,sitting,-0.0090,-0.9984,0.0305,0.5600,-2.7300,0.7700
62230151,sitting,-0.0098,-0.9987,0.0303,0.5950,-2.8350,0.7700
62230171,sitting,-0.0093,-0.9975,0.0307,0.5600,-2.7650,0.8050
62230190,sitting,-0.0100,-0.9977,0.0315,0.5600,-2.7650,0.7700
62230209,sitting,-0.0100,-0.9987,0.0303,0.5600,-2.7300,0.7700
62230228,sitting,-0.0093,-0.9984,0.0300,0.5250,-2.7300,0.7700
62230248,sitting,-0.0081,-0.9992,0.0307,0.5600,-2.7650,0.7700
62230267,sitting,-0.0102,-0.9989,0.0310,0.5250,-2.8000,0.7700
62230286,sitting,-0.0095,-0.9975,0.0300,0.5950,-2.7650,0.7350
62230305,sitting,-0.0085,-0.9987,0.0300,0.5950,-2.7650,0.7700
62230325,sitting,-0.0098,-0.9992,0.0298,0.5600,-2.7300,0.7700
62230344,sitting,-0.0100,-0.9982,0.0305,0.5600,-2.7300,0.7350
62230363,sitting,-0.0088,-0.9984,0.0303,0.5600,-2.7300,0.7700
62230382,sitting,-0.0093,-0.9987,0.0300,0.5600,-2.7300,0.7350
62230401,sitting,-0.0102,-0.9989,0.0298,0.5600,-2.7300,0.7350
62230421,sitting,-0.0102,-0.9984,0.0293,0.5600,-2.7300,0.7700
62230440,sitting,-0.0090,-0.9987,0.0310,0.5600,-2.7300,0.7700
62230459,sitting,-0.0088,-0.9989,0.0312,0.5600,-2.7300,0.7700
62230478,sitting,-0.0095,-0.9980,0.0303,0.5950,-2.7300,0.7700
62230498,sitting,-0.0093,-0.9982,0.0300,0.5250,-2.7650,0.7700
62230517,sitting,-0.0093,-0.9977,0.0307,0.5600,-2.7300,0.7700
62230536,sitting,-0.0095,-0.9970,0.0300,0.5600,-2.7650,0.8050
62230555,sitting,-0.0093,-0.9992,0.0303,0.5600,-2.7650,0.7350
62230575,sitting,-0.0093,-0.9982,0.0300,0.5600,-2.8000,0.7350
62230594,sitting,-0.0090,-0.9975,0.0305,0.5600,-2.8000,0.8050
62230613,sitting,-0.0093,-0.9972,0.0310,0.5250,-2.7300,0.8050
62230632,sitting,-0.0095,-0.9989,0.0327,0.5600,-2.7650,0.8050
62230651,sitting,-0.0098,-0.9987,0.0307,0.5950,-2.7650,0.8050
62230671,sitting,-0.0085,-0.9989,0.0300,0.5600,-2.7300,0.7700
62230690,sitting,-0.0088,-0.9982,0.0303,0.5600,-2.7300,0.7350
62230709,sitting,-0.0098,-0.9984,0.0312,0.5600,-2.7300,0.7700
62230728,sitting,-0.0095,-0.9982,0.0303,0.5600,-2.7300,0.8050
62230748,sitting,-0.0102,-0.9984,0.0312,0.5250,-2.7650,0.7700
62230767,sitting,-0.0102,-0.9984,0.0310,0.5950,-2.7300,0.7350
62230786,sitting,-0.0085,-0.9977,0.0300,0.5600,-2.7300,0.7700
62230805,sitting,-0.0088,-0.9977,0.0310,0.5950,-2.7650,0.7700
62230825,sitting,-0.0088,-0.9984,0.0303,0.5600,-2.8000,0.7350
62230844,sitting,-0.0088,-0.9980,0.0298,0.5600,-2.7300,0.7700
62230863,sitting,-0.0090,-0.9987,0.0305,0.5600,-2.7300,0.7350
62230882,sitting,-0.0100,-0.9984,0.0307,0.5600,-2.7300,0.7700
62230901,sitting,-0.0095,-0.9975,0.0312,0.5250,-2.7300,0.7700
62230921,sitting,-0.0090,-0.9977,0.0307,0.5250,-2.7650,0.8050
62230940,sitting,-0.0088,-0.9982,0.0305,0.5950,-2.7300,0.7700
62230959,sitting,-0.0088,-0.9989,0.0303,0.5600,-2.8000,0.7700
62230978,sitting,-0.0076,-0.9982,0.0298,0.5600,-2.7650,0.7700
62230998,sitting,-0.0083,-0.9977,0.0290,0.5600,-2.8000,0.7700
62231017,sitting,-0.0093,-0.9982,0.0305,0.5600,-2.7650,0.7700
62231036,sitting,-0.0085,-0.9997,0.0307,0.5600,-2.7300,0.7700
62231055,sitting,-0.0083,-0.9984,0.0298,0.5250,-2.7300,0.7350
62231075,sitting,-0.0093,-0.9984,0.0305,0.5250,-2.7300,0.7700
62231094,sitting,-0.0083,-0.9982,0.0303,0.5600,-2.7300,0.7350
62231113,sitting,-0.0095,-0.9987,0.0300,0.5250,-2.7300,0.8050
62231132,sitting,-0.0098,-0.9984,0.0300,0.5600,-2.7650,0.7700
62231151,sitting,-0.0095,-0.9977,0.0293,0.5600,-2.7300,0.8050
62231171,sitting,-0.0090,-0.9982,0.0303,0.5250,-2.7300,0.8050
62231190,sitting,-0.0090,-0.9987,0.0305,0.5250,-2.7650,0.7700
62231209,sitting,-0.0081,-0.9989,0.0310,0.5600,-2.8000,0.7700
62231228,sitting,-0.0085,-0.9982,0.0307,0.5600,-2.7650,0.7700
62231248,sitting,-0.0085,-0.9994,0.0303,0.5600,-2.7300,0.7700
62231267,sitting,-0.0090,-0.9984,0.0310,0.5950,-2.7650,0.7700
62231286,sitting,-0.0093,-0.9977,0.0312,0.5600,-2.7300,0.7700
62231305,sitting,-0.0093,-0.9982,0.0312,0.5950,-2.7300,0.7350
62231325,sitting,-0.0090,-0.9984,0.0303,0.5600,-2.7300,0.7700
62231344,sitting,-0.0090,-0.9980,0.0312,0.5600,-2.7300,0.7700
62231363,sitting,-0.0093,-0.9972,0.0303,0.5600,-2.7300,0.7350
62231382,sitting,-0.0078,-0.9980,0.0305,0.5600,-2.7300,0.7700
62231401,sitting,-0.0081,-0.9984,0.0300,0.5600,-2.7650,0.7350
62231421,sitting,-0.0095,-0.9977,0.0310,0.5600,-2.7650,0.7700
62231440,sitting,-0.0081,-0.9989,0.0307,0.5600,-2.8000,0.7700
62231459,sitting,-0.0093,-0.9972,0.0305,0.5600,-2.8000,0.7700
62231478,sitting,-0.0098,-0.9984,0.0300,0.5600,-2.7650,0.7700
62231498,sitting,-0.0095,-0.9987,0.0307,0.5600,-2.7300,0.7350
62231517,sitting,-0.0090,-0.9984,0.0307,0.5600,-2.7650,0.7350
62231536,sitting,-0.0090,-0.9992,0.0303,0.5600,-2.8000,0.7700
62231555,sitting,-0.0095,-0.9982,0.0300,0.6300,-2.7650,0.7700
62231575,sitting,-0.0085,-0.9984,0.0298,0.5600,-2.7300,0.7700
62231594,sitting,-0.0088,-0.9987,0.0312,0.5250,-2.7300,0.7350
62231613,sitting,-0.0093,-0.9984,0.0303,0.5600,-2.8000,0.7700
62231632,sitting,-0.0090,-0.9980,0.0305,0.5600,-2.7650,0.7000
62231651,sitting,-0.0093,-0.9989,0.0300,0.5600,-2.8000,0.7700
62231671,sitting,-0.0085,-0.9984,0.0303,0.5600,-2.7650,0.7700
62231690,sitting,-0.0105,-0.9987,0.0298,0.4900,-2.7650,0.7700
62231709,sitting,-0.0093,-0.9992,0.0305,0.5600,-2.7300,0.8050
62231728,sitting,-0.0093,-0.9987,0.0307,0.5950,-2.7300,0.7700
62231748,sitting,-0.0088,-0.9994,0.0315,0.5600,-2.8000,0.7700
62231767,sitting,-0.0088,-0.9982,0.0298,0.5950,-2.7650,0.7700
62231786,sitting,-0.0093,-0.9992,0.0298,0.5600,-2.7650,0.7700
62231805,sitting,-0.0093,-0.9980,0.0310,0.5600,-2.7650,0.7700
62231825,sitting,-0.0090,-0.9975,0.0315,0.5600,-2.7300,0.7700
62231844,sitting,-0.0085,-0.9984,0.0315,0.5600,-2.7650,0.8050
62231863,sitting,-0.0088,-0.9994,0.0305,0.5600,-2.7650,0.7700
62231882,sitting,-0.0098,-0.9987,0.0305,0.5250,-2.7300,0.7700
62231901,sitting,-0.0081,-0.9980,0.0312,0.5600,-2.7300,0.7350
62231921,sitting,-0.0093,-0.9984,0.0310,0.5600,-2.7650,0.7700
62231940,sitting,-0.0098,-0.9989,0.0307,0.5600,-2.8000,0.7350
62231959,sitting,-0.0088,-0.9987,0.0317,0.4900,-2.7650,0.7700
62231978,sitting,-0.0081,-0.9980,0.0300,0.5250,-2.7650,0.7700
62231998,sitting,-0.0090,-0.9989,0.0312,0.5600,-2.7650,0.7350
62232017,sitting,-0.0088,-0.9980,0.0307,0.5600,-2.7300,0.7700
62232036,sitting,-0.0090,-0.9982,0.0310,0.5600,-2.7650,0.7700
62232055,sitting,-0.0090,-0.9980,0.0305,0.5600,-2.7650,0.7700
62232075,sitting,-0.0093,-0.9987,0.0303,0.5600,-2.7650,0.7700
62232094,sitting,-0.0100,-0.9975,0.0307,0.5600,-2.8000,0.7700
62232113,sitting,-0.0081,-0.9982,0.0310,0.5600,-2.7650,0.7700
62232132,sitting,-0.0090,-0.9982,0.0298,0.5250,-2.7650,0.7700
62232151,sitting,-0.0093,-0.9982,0.0312,0.5250,-2.8000,0.7700
62232171,sitting,-0.0088,-0.9987,0.0312,0.5250,-2.7650,0.7700
62232190,sitting,-0.0100,-0.9984,0.0307,0.5600,-2.8000,0.7700
62232209,sitting,-0.0090,-0.9994,0.0315,0.5600,-2.7300,0.7700
62232228,sitting,-0.0085,-0.9982,0.0303,0.5600,-2.8000,0.7700
62232248,sitting,-0.0093,-0.9980,0.0307,0.5600,-2.7650,0.7700
62232267,sitting,-0.0090,-0.9987,0.0305,0.5600,-2.7300,0.7700
62232286,sitting,-0.0093,-0.9992,0.0305,0.5600,-2.7300,0.7700
62232305,sitting,-0.0090,-0.9987,0.0305,0.5600,-2.7650,0.7700
62232325,sitting,-0.0090,-0.9997,0.0310,0.5600,-2.7300,0.7700
62232344,sitting,-0.0085,-0.9992,0.0293,0.5250,-2.7300,0.7700
62232363,sitting,-0.0090,-0.9975,0.0315,0.5600,-2.7650,0.7700
62232382,sitting,-0.0093,-0.9972,0.0310,0.5600,-2.7300,0.7700
62232401,sitting,-0.0088,-0.9980,0.0298,0.5600,-2.7300,0.7700
62232421,sitting,-0.0090,-0.9989,0.0307,0.5600,-2.7650,0.7700
62232440,sitting,-0.0088,-0.9982,0.0305,0.5600,-2.7650,0.7350
62232459,sitting,-0.0085,-0.9980,0.0307,0.5600,-2.7300,0.7700
62232478,sitting,-0.0095,-0.9980,0.0305,0.5600,-2.7650,0.7700
62232498,sitting,-0.0090,-0.9977,0.0310,0.5600,-2.7650,0.7700
62232517,sitting,-0.0088,-0.9980,0.0305,0.5600,-2.7650,0.7700
62232536,sitting,-0.0093,-0.9982,0.0310,0.5600,-2.7300,0.7700
62232555,sitting,-0.0093,-0.9982,0.0312,0.5600,-2.7650,0.7700
62232575,sitting,-0.0102,-0.9984,0.0300,0.5250,-2.7650,0.7700
62232594,sitting,-0.0100,-0.9977,0.0300,0.5600,-2.7650,0.7700
62232613,sitting,-0.0098,-0.9992,0.0307,0.5600,-2.7300,0.7700
62232632,sitting,-0.0090,-0.9982,0.0312,0.5600,-2.7300,0.7700
62232651,sitting,-0.0083,-0.9982,0.0310,0.5600,-2.8000,0.7700
62232671,sitting,-0.0083,-0.9980,0.0307,0.5600,-2.8000,0.8050
62232690,sitting,-0.0100,-0.9977,0.0307,0.5250,-2.7650,0.7700
62232709,sitting,-0.0093,-0.9987,0.0305,0.5600,-2.7650,0.7700
62232728,sitting,-0.0100,-0.9987,0.0303,0.5600,-2.7300,0.7700
62232748,sitting,-0.0095,-0.9987,0.0312,0.5600,-2.7650,0.7700
62232767,sitting,-0.0081,-0.9989,0.0300,0.5600,-2.7650,0.7700
62232786,sitting,-0.0100,-0.9987,0.0307,0.5600,-2.7650,0.7700
62232805,sitting,-0.0100,-0.9980,0.0310,0.5600,-2.7300,0.7700
62232825,sitting,-0.0090,-0.9989,0.0307,0.5600,-2.7650,0.7700
62232844,sitting,-0.0090,-0.9984,0.0310,0.5950,-2.7300,0.7700
62232863,sitting,-0.0090,-0.9982,0.0310,0.5600,-2.7300,0.7700
62232882,sitting,-0.0095,-0.9984,0.0298,0.5600,-2.7300,0.7700
62232901,sitting,-0.0088,-0.9977,0.0290,0.5250,-2.7300,0.7700
62232921,sitting,-0.0093,-0.9982,0.0298,0.5600,-2.7300,0.7700
62232940,sitting,-0.0085,-0.9980,0.0298,0.5600,-2.7300,0.7700
62232959,sitting,-0.0088,-0.9982,0.0305,0.5600,-2.7300,0.7700
62232978,sitting,-0.0090,-0.9989,0.0303,0.5600,-2.7300,0.7700
62232998,sitting,-0.0098,-0.9984,0.0315,0.5600,-2.7300,0.7700
62233017,sitting,-0.0085,-0.9982,0.0303,0.5950,-2.7650,0.7350
62233036,sitting,-0.0090,-0.9984,0.0303,0.5250,-2.8000,0.7700
62233055,sitting,-0.0083,-0.9987,0.0305,0.5250,-2.8000,0.7700
62233075,sitting,-0.0090,-0.9992,0.0305,0.5600,-2.8000,0.7700
62233094,sitting,-0.0085,-0.9987,0.0310,0.5600,-2.7650,0.7700
62233113,sitting,-0.0098,-0.9992,0.0315,0.5600,-2.8000,0.7350
62233132,sitting,-0.0102,-0.9982,0.0307,0.5600,-2.7650,0.7700
62233151,sitting,-0.0088,-0.9982,0.0315,0.5600,-2.8000,0.7350
62233171,sitting,-0.0090,-0.9987,0.0307,0.5600,-2.7650,0.7700
62233190,sitting,-0.0095,-0.9987,0.0305,0.5600,-2.7300,0.7700
62233209,sitting,-0.0093,-0.9982,0.0303,0.5600,-2.7300,0.7700
62233228,sitting,-0.0095,-0.9977,0.0310,0.5600,-2.7650,0.7700
62233248,sitting,-0.0088,-0.9980,0.0310,0.5600,-2.7300,0.7700
62233267,sitting,-0.0090,-0.9982,0.0300,0.5600,-2.7300,0.7700
62233286,sitting,-0.0088,-0.9982,0.0300,0.5600,-2.7650,0.7700
62233305,sitting,-0.0088,-0.9980,0.0310,0.5250,-2.8000,0.8050
62233325,sitting,-0.0088,-0.9982,0.0312,0.5600,-2.7650,0.7700
62233344,sitting,-0.0088,-0.9987,0.0315,0.5250,-2.7650,0.8050
62233363,sitting,-0.0095,-0.9992,0.0307,0.5250,-2.7300,0.7700
62233382,sitting,-0.0088,-0.9984,0.0315,0.5600,-2.7300,0.7350
62233401,sitting,-0.0095,-0.9987,0.0317,0.5600,-2.7300,0.7350
62233421,sitting,-0.0095,-0.9989,0.0307,0.5600,-2.7300,0.7700
62233440,sitting,-0.0095,-0.9975,0.0307,0.5600,-2.7650,0.7700
62233459,sitting,-0.0093,-0.9982,0.0307,0.5600,-2.7300,0.7700
62233478,sitting,-0.0078,-0.9982,0.0312,0.5600,-2.7650,0.7700
62233498,sitting,-0.0085,-0.9975,0.0305,0.5600,-2.7300,0.7350
62233517,sitting,-0.0093,-0.9980,0.0307,0.5600,-2.7300,0.7700
62233536,sitting,-0.0088,-0.9980,0.0312,0.5950,-2.8000,0.7350
62233555,sitting,-0.0085,-0.9980,0.0300,0.5600,-2.7650,0.7700
62233575,sitting,-0.0090,-0.9984,0.0305,0.5600,-2.8000,0.7700
62233594,sitting,-0.0095,-0.9999,0.0307,0.4900,-2.8000,0.8050
62233613,sitting,-0.0085,-0.9989,0.0300,0.5600,-2.7650,0.7700
62233632,sitting,-0.0093,-0.9984,0.0298,0.5600,-2.7300,0.8050
62233651,sitting,-0.0085,-0.9977,0.0303,0.5600,-2.7650,0.7700
62233671,sitting,-0.0095,-0.9980,0.0315,0.5250,-2.7650,0.7700
62233690,sitting,-0.0085,-0.9994,0.0307,0.5250,-2.7650,0.7700
62233709,sitting,-0.0093,-0.9987,0.0305,0.5600,-2.7300,0.7350
62233728,sitting,-0.0102,-0.9987,0.0315,0.5600,-2.7650,0.7700
62233748,sitting,-0.0090,-0.9987,0.0305,0.5600,-2.8000,0.8050
62233767,sitting,-0.0088,-0.9980,0.0315,0.5600,-2.7650,0.7700
62233786,sitting,-0.0090,-0.9980,0.0320,0.5600,-2.7300,0.7700
62233805,sitting,-0.0090,-0.9972,0.0315,0.5600,-2.7300,0.7700
62233825,sitting,-0.0088,-0.9977,0.0307,0.5600,-2.8000,0.7700
62233844,sitting,-0.0093,-0.9980,0.0298,0.5600,-2.8000,0.7700
62233863,sitting,-0.0090,-0.9987,0.0300,0.5600,-2.7650,0.7700
62233882,sitting,-0.0090,-0.9989,0.0310,0.5600,-2.7300,0.7700
62233901,sitting,-0.0088,-0.9997,0.0307,0.5600,-2.7300,0.7350
62233921,sitting,-0.0093,-0.9984,0.0312,0.5600,-2.7650,0.7700
62233940,sitting,-0.0098,-0.9989,0.0305,0.5600,-2.7300,0.7350
62233959,sitting,-0.0100,-0.9984,0.0303,0.5600,-2.7300,0.7700
62233978,sitting,-0.0102,-0.9975,0.0310,0.5600,-2.7650,0.7350
62233998,sitting,-0.0093,-0.9987,0.0307,0.5600,-2.7300,0.7350
62234017,sitting,-0.0093,-0.9989,0.0307,0.5600,-2.8000,0.7700
62234036,sitting,-0.0085,-0.9982,0.0310,0.5600,-2.8000,0.7700
62234055,sitting,-0.0095,-0.9984,0.0310,0.5600,-2.7650,0.7700
62234075,sitting,-0.0093,-0.9994,0.0310,0.5600,-2.7650,0.7700
62234094,sitting,-0.0090,-0.9997,0.0312,0.5600,-2.7650,0.8050
62234113,sitting,-0.0085,-0.9980,0.0295,0.5600,-2.7650,0.7700
62234132,sitting,-0.0105,-0.9982,0.0298,0.5600,-2.7300,0.7700
62234151,sitting,-0.0093,-0.9980,0.0300,0.5600,-2.8000,0.7700
62234171,sitting,-0.0083,-0.9980,0.0305,0.5600,-2.7650,0.8050
62234190,sitting,-0.0090,-0.9989,0.0303,0.5250,-2.7650,0.8050
62234209,sitting,-0.0098,-0.9980,0.0305,0.5600,-2.7300,0.7700
62234228,sitting,-0.0095,-0.9982,0.0310,0.5250,-2.8000,0.8050
62234248,sitting,-0.0085,-0.9987,0.0300,0.5250,-2.8000,0.7700
62234267,sitting,-0.0095,-0.9982,0.0307,0.5600,-2.7650,0.7700
62234286,sitting,-0.0095,-0.9992,0.0305,0.5600,-2.7650,0.7700
62234305,sitting,-0.0090,-0.9982,0.0298,0.5250,-2.7300,0.7700
62234325,sitting,-0.0088,-0.9989,0.0317,0.5600,-2.7300,0.7700
62234344,sitting,-0.0083,-0.9982,0.0312,0.5950,-2.7300,0.7700
62234363,sitting,-0.0095,-0.9982,0.0307,0.5600,-2.7300,0.7700
62234382,sitting,-0.0095,-0.9987,0.0307,0.5600,-2.7300,0.7700
62234401,sitting,-0.0095,-0.9977,0.0298,0.5600,-2.7300,0.7700
62234421,sitting,-0.0098,-0.9975,0.0303,0.5600,-2.7300,0.7350
62234440,sitting,-0.0095,-0.9972,0.0300,0.5250,-2.7300,0.7350
62234459,sitting,-0.0093,-0.9984,0.0305,0.5600,-2.7300,0.7350
62234478,sitting,-0.0085,-0.9984,0.0295,0.5250,-2.7650,0.7350
62234498,sitting,-0.0090,-0.9989,0.0300,0.5600,-2.8000,0.7350
62234517,sitting,-0.0088,-0.9989,0.0310,0.5600,-2.7650,0.7350
62234536,sitting,-0.0093,-0.9977,0.0305,0.5600,-2.8000,0.7700
62234555,sitting,-0.0088,-0.9987,0.0303,0.5600,-2.7650,0.8050
62234575,sitting,-0.0093,-0.9984,0.0305,0.5600,-2.7650,0.7350
62234594,sitting,-0.0093,-0.9980,0.0310,0.5600,-2.7650,0.7700
62234613,sitting,-0.0093,-0.9992,0.0303,0.5600,-2.7650,0.7350
62234632,sitting,-0.0093,-0.9992,0.0303,0.5600,-2.8000,0.7700
62234651,sitting,-0.0095,-0.9982,0.0305,0.5600,-2.7650,0.7700
62234671,sitting,-0.0085,-0.9980,0.0307,0.5950,-2.7300,0.7700
62234690,sitting,-0.0088,-0.9984,0.0307,0.5600,-2.8000,0.7700
62234709,sitting,-0.0090,-0.9980,0.0310,0.5250,-2.8000,0.7700
62234728,sitting,-0.0090,-0.9982,0.0317,0.5250,-2.8000,0.7700
62234748,sitting,-0.0085,-0.9984,0.0310,0.5600,-2.7300,0.7350
62234767,sitting,-0.0085,-0.9982,0.0303,0.5600,-2.8000,0.7700
62234786,sitting,-0.0085,-0.9982,0.0305,0.5600,-2.7650,0.7700
62234805,sitting,-0.0093,-0.9982,0.0298,0.5250,-2.7650,0.7700
62234825,sitting,-0.0098,-0.9984,0.0303,0.5600,-2.8000,0.7700
62234844,sitting,-0.0098,-0.9984,0.0307,0.5600,-2.7300,0.7350
62234863,sitting,-0.0088,-0.9989,0.0305,0.5600,-2.7300,0.7700
62234882,sitting,-0.0100,-0.9984,0.0300,0.5600,-2.7300,0.7700
62234901,sitting,-0.0093,-0.9987,0.0317,0.5600,-2.7300,0.7700
62234921,sitting,-0.0095,-0.9980,0.0312,0.5600,-2.7300,0.7700
62234940,sitting,-0.0100,-0.9977,0.0307,0.5600,-2.7650,0.7700
62234959,sitting,-0.0098,-0.9984,0.0305,0.5600,-2.7300,0.7350
62234978,sitting,-0.0093,-0.9977,0.0307,0.5600,-2.7300,0.7350
62234998,sitting,-0.0093,-0.9980,0.0312,0.5250,-2.7650,0.7700
62235017,sitting,-0.0095,-0.9980,0.0312,0.5250,-2.7650,0.7700
62235036,sitting,-0.0088,-0.9972,0.0310,0.5600,-2.7300,0.7700
62235055,sitting,-0.0100,-0.9987,0.0312,0.5600,-2.7300,0.7350
62235075,sitting,-0.0090,-0.9989,0.0307,0.5250,-2.7650,0.7350
62235094,sitting,-0.0085,-0.9992,0.0310,0.5600,-2.7650,0.7700
62235113,sitting,-0.0090,-0.9994,0.0312,0.5600,-2.7300,0.7700
62235132,sitting,-0.0088,-0.9987,0.0310,0.5600,-2.7300,0.7700
62235151,sitting,-0.0088,-0.9982,0.0310,0.5600,-2.8000,0.7700
62235171,sitting,-0.0100,-0.9984,0.0298,0.5600,-2.7650,0.7700
62235190,sitting,-0.0098,-0.9984,0.0307,0.5250,-2.7650,0.8050
62235209,sitting,-0.0085,-0.9982,0.0310,0.5600,-2.8000,0.7700
62235228,sitting,-0.0105,-0.9977,0.0310,0.5950,-2.8000,0.7700
62235248,sitting,-0.0095,-0.9982,0.0307,0.5250,-2.7650,0.7700
62235267,sitting,-0.0093,-0.9994,0.0303,0.5250,-2.8000,0.7700
62235286,sitting,-0.0095,-0.9982,0.0300,0.5600,-2.7300,0.7700
62235305,sitting,-0.0098,-0.9980,0.0305,0.5600,-2.7300,0.7700
62235325,sitting,-0.0090,-0.9980,0.0298,0.5600,-2.7300,0.7700
62235344,sitting,-0.0090,-0.9982,0.0307,0.5600,-2.7300,0.7700
62235363,sitting,-0.0088,-0.9982,0.0300,0.4900,-2.7300,0.7700
62235382,sitting,-0.0093,-0.9977,0.0300,0.5600,-2.7300,0.7700
62235401,sitting,-0.0085,-0.9989,0.0310,0.5600,-2.7650,0.7700
62235421,sitting,-0.0093,-0.9989,0.0315,0.5600,-2.7300,0.7700
62235440,sitting,-0.0093,-0.9975,0.0307,0.5950,-2.7650,0.7700
62235459,sitting,-0.0081,-0.9987,0.0315,0.5950,-2.7300,0.7700
62235478,sitting,-0.0098,-0.9982,0.0298,0.5600,-2.7300,0.7700
62235498,sitting,-0.0100,-0.9977,0.0305,0.5600,-2.7650,0.7700
62235517,sitting,-0.0100,-0.9975,0.0300,0.5600,-2.7650,0.7700
62235536,sitting,-0.0100,-0.9980,0.0310,0.5600,-2.7650,0.7700
62235555,sitting,-0.0098,-0.9977,0.0303,0.5950,-2.7650,0.7700
62235575,sitting,-0.0095,-0.9980,0.0312,0.5250,-2.7650,0.7700
62235594,sitting,-0.0088,-0.9980,0.0303,0.5250,-2.7650,0.7700
62235613,sitting,-0.0088,-0.9980,0.0303,0.5950,-2.7300,0.7700
62235632,sitting,-0.0095,-0.9984,0.0307,0.5600,-2.7300,0.7700
62235651,sitting,-0.0090,-0.9982,0.0305,0.5600,-2.7650,0.7700
62235671,sitting,-0.0098,-0.9989,0.0300,0.5250,-2.7300,0.7700
62235690,sitting,-0.0090,-0.9992,0.0315,0.5600,-2.8000,0.7700
62235709,sitting,-0.0095,-0.9982,0.0322,0.5600,-2.7650,0.7700
62235728,sitting,-0.0090,-0.9989,0.0307,0.5250,-2.8000,0.7700
62235748,sitting,-0.0085,-0.9980,0.0312,0.5950,-2.7650,0.8050
62235767,sitting,-0.0090,-0.9984,0.0305,0.4900,-2.8000,0.7700
62235786,sitting,-0.0095,-0.9982,0.0303,0.5250,-2.7650,0.7700
62235805,sitting,-0.0093,-0.9982,0.0307,0.5600,-2.7300,0.7700
62235825,sitting,-0.0083,-0.9989,0.0307,0.5600,-2.7650,0.7700
62235844,sitting,-0.0088,-0.9987,0.0298,0.5600,-2.7650,0.7700
62235863,sitting,-0.0085,-0.9987,0.0317,0.5600,-2.7650,0.7700
62235882,sitting,-0.0095,-0.9987,0.0307,0.5250,-2.7650,0.7700
62235901,sitting,-0.0093,-0.9982,0.0295,0.5600,-2.7650,0.7700
62235921,sitting,-0.0088,-0.9980,0.0307,0.5600,-2.7650,0.7700
62235940,sitting,-0.0095,-0.9984,0.0307,0.5600,-2.7300,0.7700
62235959,sitting,-0.0098,-0.9980,0.0317,0.5600,-2.7300,0.7700
62235978,sitting,-0.0088,-0.9980,0.0320,0.5250,-2.7650,0.7700
62235998,sitting,-0.0093,-0.9989,0.0307,0.5600,-2.7650,0.7700
62236017,sitting,-0.0098,-0.9987,0.0307,0.5600,-2.7300,0.7700
62236036,sitting,-0.0085,-0.9975,0.0298,0.5600,-2.7650,0.7700
62236055,sitting,-0.0088,-0.9992,0.0300,0.5600,-2.7650,0.7700
62236075,sitting,-0.0090,-0.9982,0.0312,0.5600,-2.7300,0.8050
62236094,sitting,-0.0100,-0.9982,0.0310,0.5600,-2.7300,0.7350
62236113,sitting,-0.0085,-0.9982,0.0295,0.5600,-2.7650,0.7350
62236132,sitting,-0.0090,-0.9987,0.0305,0.5600,-2.8000,0.7700
62236151,sitting,-0.0088,-0.9982,0.0305,0.5600,-2.7300,0.7700
62236171,sitting,-0.0098,-0.9992,0.0312,0.5600,-2.7300,0.8050
62236190,sitting,-0.0083,-0.9982,0.0307,0.5250,-2.7650,0.7700
62236209,sitting,-0.0100,-0.9982,0.0315,0.5600,-2.8000,0.7700
62236228,sitting,-0.0090,-0.9984,0.0305,0.5250,-2.7300,0.7700
62236248,sitting,-0.0088,-0.9992,0.0310,0.5600,-2.7650,0.7700
62236267,sitting,-0.0093,-0.9980,0.0315,0.5250,-2.7300,0.7700
62236286,sitting,-0.0098,-0.9989,0.0305,0.5600,-2.7650,0.7700
62236305,sitting,-0.0085,-0.9980,0.0300,0.5600,-2.8000,0.7700
62236325,sitting,-0.0085,-0.9984,0.0300,0.5600,-2.7650,0.7700
62236344,sitting,-0.0088,-0.9982,0.0315,0.5600,-2.7300,0.7700
62236363,sitting,-0.0081,-0.9987,0.0300,0.5600,-2.7650,0.7700
62236382,sitting,-0.0093,-0.9992,0.0315,0.5950,-2.8000,0.7700
62236401,sitting,-0.0090,-0.9989,0.0305,0.5600,-2.7300,0.7700
62236421,sitting,-0.0085,-0.9992,0.0307,0.5250,-2.7650,0.7700
62236440,sitting,-0.0090,-0.9989,0.0317,0.5250,-2.7650,0.7700
62236459,sitting,-0.0088,-0.9980,0.0315,0.5600,-2.7300,0.7700
62236478,sitting,-0.0093,-0.9980,0.0315,0.5950,-2.7300,0.7700
62236498,sitting,-0.0093,-0.9984,0.0312,0.5600,-2.7650,0.7700
62236517,sitting,-0.0088,-0.9984,0.0305,0.5600,-2.7300,0.7700
62236536,sitting,-0.0078,-0.9987,0.0303,0.5950,-2.8000,0.7350
62236555,sitting,-0.0081,-0.9992,0.0310,0.5600,-2.7300,0.7350
62236575,sitting,-0.0090,-0.9975,0.0305,0.5600,-2.7300,0.7700
62236594,sitting,-0.0093,-0.9977,0.0307,0.5600,-2.7300,0.7700
62236613,sitting,-0.0090,-0.9987,0.0303,0.5950,-2.7300,0.7700
62236632,sitting,-0.0090,-0.9975,0.0293,0.5600,-2.7650,0.7700
62236651,sitting,-0.0088,-0.9989,0.0303,0.5600,-2.7300,0.7700
62236671,sitting,-0.0102,-0.9977,0.0305,0.5600,-2.7650,0.7350
62236690,sitting,-0.0100,-0.9984,0.0317,0.5600,-2.8000,0.7700
62236709,sitting,-0.0095,-0.9982,0.0307,0.5950,-2.7650,0.7700
62236728,sitting,-0.0095,-0.9980,0.0307,0.5600,-2.8000,0.7000
62236748,sitting,-0.0090,-0.9980,0.0315,0.5250,-2.7300,0.7700
62236767,sitting,-0.0081,-0.9982,0.0305,0.5600,-2.7650,0.7700
62236786,sitting,-0.0098,-0.9982,0.0307,0.5600,-2.7650,0.7700
62236805,sitting,-0.0090,-0.9989,0.0315,0.5600,-2.7650,0.7700
62236825,sitting,-0.0081,-0.9987,0.0307,0.5600,-2.7300,0.7700
62236844,sitting,-0.0088,-0.9984,0.0303,0.5250,-2.8000,0.7700
62236863,sitting,-0.0098,-0.9982,0.0307,0.5600,-2.7650,0.7700
62236882,sitting,-0.0090,-0.9975,0.0305,0.5950,-2.7300,0.7700
62236901,sitting,-0.0088,-0.9980,0.0305,0.5600,-2.7300,0.8400
62236921,sitting,-0.0090,-0.9982,0.0300,0.5950,-2.7300,0.7700
62236940,sitting,-0.0098,-0.9984,0.0303,0.5600,-2.7300,0.7700
62236959,sitting,-0.0098,-0.9984,0.0298,0.5600,-2.7300,0.7700
62236978,sitting,-0.0093,-0.9982,0.0300,0.5600,-2.7300,0.7700
62236998,sitting,-0.0085,-0.9984,0.0305,0.5600,-2.7300,0.7700
62237017,sitting,-0.0083,-0.9977,0.0307,0.5600,-2.7300,0.7700
62237036,sitting,-0.0088,-0.9977,0.0310,0.5600,-2.7300,0.7700
62237055,sitting,-0.0090,-0.9977,0.0300,0.5600,-2.7300,0.7700
62237075,sitting,-0.0093,-0.9980,0.0305,0.5950,-2.7300,0.7350
62237094,sitting,-0.0093,-0.9987,0.0307,0.5600,-2.7300,0.7700
62237113,sitting,-0.0085,-0.9975,0.0312,0.5600,-2.7650,0.7700
62237132,sitting,-0.0083,-0.9984,0.0303,0.5600,-2.7650,0.7700
62237151,sitting,-0.0088,-0.9977,0.0310,0.5600,-2.7300,0.7700
62237171,sitting,-0.0098,-0.9984,0.0298,0.5600,-2.8000,0.7700
62237190,sitting,-0.0098,-0.9989,0.0307,0.5600,-2.7650,0.7350
62237209,sitting,-0.0095,-0.9972,0.0307,0.5600,-2.7650,0.7700
62237228,sitting,-0.0085,-0.9982,0.0315,0.5600,-2.7300,0.7700
62237248,sitting,-0.0088,-0.9987,0.0298,0.5600,-2.7300,0.7700
62237267,sitting,-0.0090,-0.9984,0.0303,0.5600,-2.8000,0.8050
62237286,sitting,-0.0090,-0.9989,0.0307,0.5600,-2.7650,0.8050
62237305,sitting,-0.0098,-0.9987,0.0295,0.5250,-2.7300,0.7700
62237325,sitting,-0.0093,-0.9982,0.0305,0.4900,-2.8000,0.7700
62237344,sitting,-0.0081,-0.9982,0.0312,0.5600,-2.8000,0.7350
62237363,sitting,-0.0088,-0.9980,0.0307,0.5600,-2.7650,0.7700
62237382,sitting,-0.0090,-0.9972,0.0312,0.5600,-2.7300,0.7700
62237401,sitting,-0.0090,-0.9987,0.0312,0.5250,-2.7650,0.7700
62237421,sitting,-0.0093,-0.9980,0.0307,0.5600,-2.7650,0.7700
62237440,sitting,-0.0083,-0.9989,0.0300,0.5600,-2.7300,0.7700
62237459,sitting,-0.0083,-0.9977,0.0305,0.5600,-2.7300,0.7700
62237478,sitting,-0.0088,-0.9977,0.0300,0.5600,-2.8000,0.7350
62237498,sitting,-0.0088,-0.9989,0.0315,0.5600,-2.7650,0.7700
62237517,sitting,-0.0098,-0.9980,0.0307,0.5600,-2.7650,0.7700
62237536,sitting,-0.0100,-0.9987,0.0305,0.5600,-2.7300,0.7700
62237555,sitting,-0.0095,-0.9977,0.0305,0.5250,-2.7650,0.7700
62237575,sitting,-0.0093,-0.9984,0.0303,0.5600,-2.7300,0.7350
62237594,sitting,-0.0090,-0.9980,0.0305,0.5600,-2.7300,0.7700
62237613,sitting,-0.0093,-0.9984,0.0305,0.5600,-2.8000,0.7700
62237632,sitting,-0.0095,-0.9994,0.0305,0.5600,-2.7300,0.7700
62237651,sitting,-0.0093,-0.9989,0.0310,0.5600,-2.7650,0.7350
62237671,sitting,-0.0095,-0.9987,0.0305,0.5600,-2.7300,0.7700
62237690,sitting,-0.0093,-0.9984,0.0312,0.5600,-2.7650,0.7350
62237709,sitting,-0.0085,-0.9980,0.0310,0.5600,-2.7650,0.7700
62237728,sitting,-0.0105,-0.9977,0.0307,0.5600,-2.7650,0.7350
62237748,sitting,-0.0093,-0.9977,0.0315,0.5600,-2.7650,0.7000
62237767,sitting,-0.0100,-0.9987,0.0310,0.5600,-2.7650,0.7700
62237786,sitting,-0.0090,-0.9989,0.0303,0.5600,-2.8000,0.7700
62237805,sitting,-0.0085,-0.9989,0.0305,0.5600,-2.7650,0.7700
62237825,sitting,-0.0090,-0.9977,0.0307,0.5600,-2.7650,0.8050
62237844,sitting,-0.0098,-0.9982,0.0305,0.5600,-2.8000,0.7700
62237863,sitting,-0.0095,-0.9984,0.0300,0.5250,-2.7300,0.7700
62237882,sitting,-0.0095,-0.9987,0.0307,0.5600,-2.7650,0.7700
62237901,sitting,-0.0090,-0.9977,0.0295,0.5600,-2.7300,0.7700
62237921,sitting,-0.0085,-0.9980,0.0305,0.5600,-2.8000,0.7700
62237940,sitting,-0.0095,-0.9984,0.0305,0.5600,-2.7300,0.8050
62237959,sitting,-0.0093,-0.9989,0.0307,0.5600,-2.7300,0.7700
62237978,sitting,-0.0088,-0.9982,0.0303,0.5600,-2.7300,0.7700
62237998,sitting,-0.0095,-0.9980,0.0312,0.5600,-2.7300,0.7700
62238017,sitting,-0.0088,-0.9980,0.0305,0.5250,-2.7300,0.7700
62238036,sitting,-0.0102,-0.9984,0.0305,0.5600,-2.7300,0.8050
62238055,sitting,-0.0098,-0.9989,0.0310,0.5600,-2.7300,0.7700
62238075,sitting,-0.0088,-0.9989,0.0310,0.5600,-2.7650,0.8050
62238094,sitting,-0.0083,-0.9989,0.0312,0.5600,-2.7300,0.7350
62238113,sitting,-0.0098,-0.9977,0.0303,0.5950,-2.7300,0.7700
62238132,sitting,-0.0093,-0.9984,0.0320,0.5600,-2.7300,0.7700
62238151,sitting,-0.0090,-0.9987,0.0303,0.5600,-2.7300,0.7700
62238171,sitting,-0.0098,-0.9977,0.0300,0.5600,-2.7300,0.7700
62238190,sitting,-0.0081,-0.9977,0.0310,0.5600,-2.8000,0.7700
62238209,sitting,-0.0090,-0.9984,0.0312,0.5600,-2.7300,0.7700
62238228,sitting,-0.0098,-0.9989,0.0312,0.5600,-2.8000,0.8050
62238248,sitting,-0.0090,-0.9987,0.0310,0.5950,-2.7300,0.7700
62238267,sitting,-0.0098,-0.9975,0.0303,0.5600,-2.7300,0.7700
62238286,sitting,-0.0095,-0.9994,0.0305,0.5250,-2.7300,0.7700
62238305,sitting,-0.0093,-0.9992,0.0310,0.5600,-2.7300,0.7700
62238325,sitting,-0.0090,-0.9980,0.0320,0.5600,-2.7300,0.7700
62238344,sitting,-0.0093,-0.9980,0.0303,0.5600,-2.7650,0.8050
62238363,sitting,-0.0085,-0.9989,0.0310,0.5250,-2.8000,0.8400
62238382,sitting,-0.0076,-0.9992,0.0303,0.5600,-2.7650,0.7700
62238401,sitting,-0.0088,-0.9977,0.0305,0.5250,-2.8000,0.7700
62238421,sitting,-0.0090,-0.9984,0.0310,0.5600,-2.7650,0.7700
62238440,sitting,-0.0093,-0.9989,0.0305,0.5600,-2.7650,0.7700
62238459,sitting,-0.0095,-0.9992,0.0303,0.5600,-2.7300,0.7700
62238478,sitting,-0.0095,-0.9997,0.0315,0.5250,-2.7300,0.7700
62238498,sitting,-0.0088,-0.9982,0.0310,0.5600,-2.7300,0.7700
62238517,sitting,-0.0095,-0.9982,0.0300,0.5600,-2.7650,0.7700
62238536,sitting,-0.0100,-0.9982,0.0305,0.5600,-2.7650,0.8050
62238555,sitting,-0.0088,-0.9994,0.0303,0.5600,-2.7300,0.7350
62238575,sitting,-0.0095,-0.9982,0.0307,0.5600,-2.8000,0.7000
62238594,sitting,-0.0098,-0.9984,0.0312,0.5950,-2.7300,0.7700
62238613,sitting,-0.0085,-0.9975,0.0300,0.5600,-2.7300,0.8050
62238632,sitting,-0.0093,-0.9987,0.0310,0.4900,-2.7300,0.7700
62238651,sitting,-0.0085,-0.9984,0.0295,0.5600,-2.7300,0.7700
62238671,sitting,-0.0093,-0.9984,0.0305,0.5250,-2.7300,0.7350
62238690,sitting,-0.0078,-0.9989,0.0307,0.5950,-2.7650,0.7700
62238709,sitting,-0.0083,-0.9980,0.0310,0.5600,-2.7650,0.7700
62238728,sitting,-0.0088,-0.9972,0.0307,0.5600,-2.7650,0.7350
62238748,sitting,-0.0093,-0.9984,0.0307,0.5600,-2.7650,0.7700
62238767,sitting,-0.0093,-0.9987,0.0317,0.5600,-2.7650,0.7700
62238786,sitting,-0.0088,-0.9977,0.0305,0.5250,-2.8000,0.7700
62238805,sitting,-0.0083,-0.9980,0.0300,0.5600,-2.8000,0.7700
62238825,sitting,-0.0100,-0.9972,0.0303,0.5600,-2.7650,0.7350
62238844,sitting,-0.0093,-0.9984,0.0307,0.5600,-2.7650,0.7700
62238863,sitting,-0.0093,-0.9982,0.0312,0.5600,-2.8000,0.8050
62238882,sitting,-0.0083,-0.9977,0.0310,0.5600,-2.7300,0.8050
62238901,sitting,-0.0093,-0.9987,0.0303,0.5600,-2.7300,0.7700
62238921,sitting,-0.0081,-0.9980,0.0315,0.5600,-2.7300,0.7700
62238940,sitting,-0.0093,-0.9987,0.0307,0.5600,-2.7650,0.7700
62238959,sitting,-0.0093,-0.9987,0.0320,0.5250,-2.7300,0.7700
62238978,sitting,-0.0093,-0.9987,0.0307,0.5250,-2.7650,0.7700
62238998,sitting,-0.0093,-0.9984,0.0307,0.5600,-2.7300,0.7700
62239017,sitting,-0.0088,-0.9982,0.0300,0.5250,-2.7650,0.7700
62239036,sitting,-0.0093,-0.9977,0.0305,0.5600,-2.7300,0.7700
62239055,sitting,-0.0093,-0.9982,0.0305,0.5600,-2.7650,0.7700
62239075,sitting,-0.0090,-0.9984,0.0303,0.5600,-2.7300,0.7700
62239094,sitting,-0.0093,-0.9982,0.0307,0.5600,-2.7300,0.7700
62239113,sitting,-0.0095,-0.9984,0.0305,0.5950,-2.7650,0.7700
62239132,sitting,-0.0100,-0.9980,0.0320,0.5600,-2.7300,0.7350
62239151,sitting,-0.0093,-0.9980,0.0303,0.5600,-2.7650,0.7700
62239171,sitting,-0.0095,-0.9982,0.0303,0.5600,-2.7300,0.7700
62239190,sitting,-0.0095,-0.9984,0.0310,0.5250,-2.7650,0.7350
62239209,sitting,-0.0093,-0.9984,0.0320,0.5950,-2.7650,0.7700
62239228,sitting,-0.0088,-0.9975,0.0307,0.5600,-2.7300,0.7700
62239248,sitting,-0.0100,-0.9982,0.0312,0.5600,-2.7300,0.7350
62239267,sitting,-0.0090,-0.9987,0.0317,0.5600,-2.8000,0.7700
62239286,sitting,-0.0088,-0.9984,0.0317,0.5250,-2.7650,0.7700
62239305,sitting,-0.0090,-0.9977,0.0305,0.5600,-2.7300,0.7700
62239325,sitting,-0.0090,-0.9987,0.0310,0.5600,-2.8000,0.7700
62239344,sitting,-0.0088,-0.9997,0.0305,0.5600,-2.7650,0.7700
62239363,sitting,-0.0098,-0.9989,0.0307,0.5250,-2.7300,0.7700
62239382,sitting,-0.0090,-0.9984,0.0303,0.5600,-2.7300,0.7700
62239401,sitting,-0.0090,-0.9982,0.0310,0.5600,-2.7650,0.7700
62239421,sitting,-0.0090,-0.9984,0.0303,0.5600,-2.8000,0.7700
62239440,sitting,-0.0102,-0.9989,0.0322,0.5250,-2.8000,0.7700
62239459,sitting,-0.0093,-0.9987,0.0307,0.5250,-2.7300,0.8050
62239478,sitting,-0.0093,-0.9987,0.0305,0.5600,-2.7300,0.7700
62239498,sitting,-0.0095,-0.9987,0.0300,0.5600,-2.7300,0.7700
62239517,sitting,-0.0098,-0.9987,0.0300,0.5250,-2.7300,0.8050
62239536,sitting,-0.0093,-0.9977,0.0310,0.5600,-2.7300,0.7700
62239555,sitting,-0.0102,-0.9980,0.0307,0.5600,-2.7300,0.7700
62239575,sitting,-0.0100,-0.9975,0.0305,0.5600,-2.7300,0.7700
62239594,sitting,-0.0090,-0.9972,0.0295,0.5600,-2.7300,0.7700
62239613,sitting,-0.0102,-0.9987,0.0300,0.5950,-2.7650,0.7700
62239632,sitting,-0.0100,-0.9982,0.0305,0.5250,-2.7300,0.7350
62239651,sitting,-0.0088,-0.9977,0.0305,0.5600,-2.7300,0.7350
62239671,sitting,-0.0093,-0.9980,0.0310,0.5600,-2.7650,0.7700
62239690,sitting,-0.0090,-0.9984,0.0312,0.5600,-2.7300,0.7700
62239709,sitting,-0.0093,-0.9977,0.0295,0.5600,-2.7300,0.7700
62239728,sitting,-0.0088,-0.9989,0.0300,0.5250,-2.7650,0.7350
62239748,sitting,-0.0093,-0.9980,0.0312,0.5600,-2.8000,0.7350
62239767,sitting,-0.0098,-0.9977,0.0307,0.5600,-2.8000,0.7700
62239786,sitting,-0.0100,-0.9992,0.0307,0.5250,-2.8000,0.7700
62239805,sitting,-0.0093,-0.9987,0.0310,0.5600,-2.8000,0.7700
62239825,sitting,-0.0085,-0.9982,0.0310,0.5600,-2.7300,0.7700
62239844,sitting,-0.0090,-0.9975,0.0307,0.5600,-2.8000,0.7700
62239863,sitting,-0.0088,-0.9989,0.0300,0.5250,-2.7650,0.8050
62239882,sitting,-0.0090,-0.9987,0.0300,0.5600,-2.7300,0.7700
62239901,sitting,-0.0093,-0.9987,0.0310,0.5600,-2.7650,0.7700
62239921,sitting,-0.0085,-0.9987,0.0300,0.5600,-2.7300,0.7700
62239940,sitting,-0.0090,-0.9987,0.0300,0.5600,-2.7650,0.7700
62239959,sitting,-0.0095,-0.9987,0.0310,0.5600,-2.7650,0.7700
62239978,sitting,-0.0095,-0.9984,0.0315,0.5600,-2.7300,0.7700
62239998,sitting,-0.0093,-0.9984,0.0307,0.5600,-2.7300,0.7700
62240017,sitting,-0.0088,-0.9977,0.0310,0.5250,-2.7300,0.7700
62240036,sitting,-0.0085,-0.9977,0.0310,0.5600,-2.7300,0.7700
62240055,sitting,-0.0090,-0.9982,0.0305,0.5600,-2.7300,0.7350
62240075,sitting,-0.0102,-0.9992,0.0320,0.5600,-2.7650,0.7700
62240094,sitting,-0.0093,-0.9980,0.0320,0.5600,-2.7650,0.7700
62240113,sitting,-0.0098,-0.9980,0.0312,0.5600,-2.7300,0.7350
62240132,sitting,-0.0093,-0.9975,0.0307,0.5600,-2.7300,0.7350
62240151,sitting,-0.0093,-0.9975,0.0305,0.5950,-2.7300,0.7700
62240171,sitting,-0.0083,-0.9989,0.0310,0.5600,-2.7300,0.8050
62240190,sitting,-0.0090,-0.9989,0.0307,0.5600,-2.7300,0.7700
62240209,sitting,-0.0093,-0.9980,0.0315,0.5600,-2.7650,0.7350
62240228,sitting,-0.0093,-0.9980,0.0315,0.5600,-2.7650,0.7700
62240248,sitting,-0.0098,-0.9982,0.0305,0.5600,-2.7300,0.7700
62240267,sitting,-0.0088,-0.9989,0.0307,0.5600,-2.7300,0.7700
62240286,sitting,-0.0085,-0.9977,0.0310,0.5600,-2.7300,0.7700
62240305,sitting,-0.0088,-0.9970,0.0298,0.5600,-2.7300,0.7350
62240325,sitting,-0.0100,-0.9975,0.0312,0.5250,-2.7300,0.7700
62240344,sitting,-0.0102,-0.9994,0.0303,0.5250,-2.7300,0.7700
62240363,sitting,-0.0095,-0.9987,0.0307,0.5600,-2.7300,0.7700
62240382,sitting,-0.0100,-0.9977,0.0310,0.5600,-2.8000,0.7700
62240401,sitting,-0.0093,-0.9989,0.0300,0.5600,-2.8000,0.8050
62240421,sitting,-0.0090,-0.9992,0.0315,0.5250,-2.8000,0.7700
62240440,sitting,-0.0090,-0.9977,0.0312,0.5250,-2.7300,0.7700
62240459,sitting,-0.0088,-0.9975,0.0317,0.5600,-2.7650,0.7700
62240478,sitting,-0.0098,-0.9984,0.0312,0.5600,-2.7300,0.7700
62240498,sitting,-0.0088,-0.9984,0.0307,0.5600,-2.7300,0.8050
62240517,sitting,-0.0088,-0.9984,0.0310,0.5600,-2.7650,0.7700
62240536,sitting,-0.0100,-0.9987,0.0307,0.5950,-2.7650,0.7700
62240555,sitting,-0.0088,-0.9984,0.0307,0.5600,-2.7300,0.8050
62240575,sitting,-0.0095,-0.9987,0.0305,0.5600,-2.7300,0.7700
62240594,sitting,-0.0093,-0.9982,0.0305,0.5600,-2.7650,0.7700
62240613,sitting,-0.0098,-0.9987,0.0307,0.5600,-2.7300,0.7700
62240632,sitting,-0.0095,-0.9975,0.0303,0.5950,-2.7300,0.8050
62240651,sitting,-0.0090,-0.9975,0.0303,0.5600,-2.7650,0.7700
62240671,sitting,-0.0093,-0.9980,0.0300,0.5600,-2.7300,0.7700
62240690,sitting,-0.0093,-0.9982,0.0307,0.5600,-2.7650,0.7700
62240709,sitting,-0.0090,-0.9982,0.0315,0.5600,-2.7300,0.7700
62240728,sitting,-0.0093,-0.9982,0.0315,0.5600,-2.7650,0.7700
62240748,sitting,-0.0088,-0.9980,0.0305,0.5250,-2.8000,0.7350
62240767,sitting,-0.0093,-0.9982,0.0310,0.5600,-2.8000,0.7700
62240786,sitting,-0.0093,-0.9977,0.0315,0.5600,-2.7650,0.7350
62240805,sitting,-0.0093,-0.9992,0.0305,0.5950,-2.7300,0.7700
62240825,sitting,-0.0088,-0.9997,0.0310,0.5600,-2.8000,0.7700
62240844,sitting,-0.0083,-0.9980,0.0312,0.5250,-2.7650,0.7700
62240863,sitting,-0.0093,-0.9992,0.0307,0.5950,-2.7300,0.7700
62240882,sitting,-0.0093,-0.9984,0.0317,0.5600,-2.7300,0.7700
62240901,sitting,-0.0098,-0.9980,0.0310,0.5600,-2.8000,0.7700
62240921,sitting,-0.0090,-0.9992,0.0305,0.5600,-2.7650,0.8050
62240940,sitting,-0.0095,-0.9984,0.0300,0.5600,-2.7650,0.7700
62240959,sitting,-0.0098,-0.9982,0.0310,0.5250,-2.7650,0.7700
62240978,sitting,-0.0098,-0.9989,0.0312,0.5600,-2.7650,0.7700
62240998,sitting,-0.0100,-0.9989,0.0310,0.5600,-2.7650,0.7700
62241017,sitting,-0.0095,-0.9989,0.0310,0.5600,-2.7300,0.7700
62241036,sitting,-0.0083,-0.9992,0.0300,0.5250,-2.7650,0.7350
62241055,sitting,-0.0093,-0.9987,0.0310,0.5600,-2.7650,0.7700
62241075,sitting,-0.0093,-0.9980,0.0312,0.5600,-2.7650,0.7700
62241094,sitting,-0.0100,-0.9975,0.0317,0.5600,-2.7300,0.7700
62241113,sitting,-0.0083,-0.9982,0.0310,0.5250,-2.7650,0.7700
62241132,sitting,-0.0093,-0.9987,0.0303,0.5600,-2.7300,0.7700
62241151,sitting,-0.0088,-0.9982,0.0300,0.5600,-2.7650,0.7700
62241171,sitting,-0.0088,-0.9982,0.0305,0.5600,-2.7300,0.7700
62241190,sitting,-0.0102,-0.9987,0.0315,0.5600,-2.7650,0.7700
62241209,sitting,-0.0100,-0.9987,0.0305,0.5250,-2.7650,0.8050
62241228,sitting,-0.0098,-0.9984,0.0303,0.5600,-2.8000,0.7700
62241248,sitting,-0.0090,-0.9992,0.0312,0.5950,-2.7650,0.7700
62241267,sitting,-0.0093,-0.9994,0.0305,0.5950,-2.7300,0.7700
62241286,sitting,-0.0090,-0.9982,0.0303,0.5600,-2.7650,0.7350
62241305,sitting,-0.0093,-0.9984,0.0298,0.5600,-2.7650,0.7350
62241325,sitting,-0.0102,-0.9987,0.0310,0.5600,-2.7300,0.7350
62241344,sitting,-0.0093,-0.9984,0.0307,0.5250,-2.7650,0.7700
62241363,sitting,-0.0090,-0.9980,0.0315,0.5600,-2.7650,0.7700
62241382,sitting,-0.0093,-0.9982,0.0315,0.5600,-2.7300,0.7700
62241401,sitting,-0.0088,-0.9989,0.0303,0.5600,-2.7300,0.7700
62241421,sitting,-0.0090,-0.9987,0.0315,0.5600,-2.7650,0.7700
62241440,sitting,-0.0105,-0.9992,0.0305,0.5250,-2.8000,0.7700
62241459,sitting,-0.0107,-0.9977,0.0305,0.5600,-2.7650,0.8050
62241478,sitting,-0.0100,-0.9980,0.0307,0.5250,-2.8000,0.7700
62241498,sitting,-0.0088,-0.9982,0.0303,0.5600,-2.7650,0.7700
62241517,sitting,-0.0088,-0.9982,0.0310,0.5600,-2.7650,0.7700
62241536,sitting,-0.0093,-0.9994,0.0307,0.5250,-2.7300,0.7700
62241555,sitting,-0.0095,-0.9982,0.0310,0.5250,-2.8000,0.8050
62241575,sitting,-0.0090,-0.9977,0.0303,0.5950,-2.7650,0.7700
62241594,sitting,-0.0093,-0.9982,0.0300,0.5600,-2.8000,0.7700
62241613,sitting,-0.0085,-0.9980,0.0300,0.5600,-2.7300,0.7700
62241632,sitting,-0.0088,-0.9977,0.0305,0.5600,-2.7300,0.8400
62241651,sitting,-0.0100,-0.9977,0.0303,0.5600,-2.7300,0.7700
62241671,sitting,-0.0088,-0.9977,0.0303,0.5250,-2.7300,0.7700
62241690,sitting,-0.0090,-0.9980,0.0305,0.5250,-2.7300,0.7700
62241709,sitting,-0.0085,-0.9984,0.0298,0.5600,-2.7650,0.7700
62241728,sitting,-0.0093,-0.9982,0.0312,0.5600,-2.7650,0.7700
62241748,sitting,-0.0093,-0.9989,0.0315,0.5600,-2.7300,0.7700
62241767,sitting,-0.0098,-0.9982,0.0307,0.5600,-2.7300,0.7700
62241786,sitting,-0.0098,-0.9975,0.0303,0.5600,-2.7300,0.7350
62241805,sitting,-0.0088,-0.9984,0.0293,0.5600,-2.7650,0.7700
62241825,sitting,-0.0090,-0.9980,0.0310,0.5950,-2.7650,0.7700
62241844,sitting,-0.0083,-0.9984,0.0298,0.5600,-2.7650,0.7350
62241863,sitting,-0.0085,-0.9975,0.0303,0.5600,-2.8000,0.7700
62241882,sitting,-0.0090,-0.9980,0.0303,0.5250,-2.7300,0.7700
62241901,sitting,-0.0093,-0.9982,0.0310,0.5250,-2.8000,0.7700
62241921,sitting,-0.0098,-0.9992,0.0300,0.5250,-2.7650,0.7700
62241940,sitting,-0.0083,-0.9987,0.0298,0.5250,-2.8000,0.7700
62241959,sitting,-0.0090,-0.9982,0.0307,0.5250,-2.7650,0.7700
62241978,sitting,-0.0081,-0.9984,0.0307,0.5250,-2.7650,0.7700
62241998,sitting,-0.0083,-0.9980,0.0305,0.5600,-2.7300,0.7700
62242017,sitting,-0.0085,-0.9989,0.0315,0.4900,-2.8000,0.7700
62242036,sitting,-0.0093,-0.9982,0.0307,0.5600,-2.7300,0.7700
62242055,sitting,-0.0090,-0.9982,0.0310,0.5250,-2.7650,0.7700
62242075,sitting,-0.0090,-0.9989,0.0303,0.5250,-2.7300,0.7350
62242094,sitting,-0.0102,-0.9972,0.0298,0.5600,-2.7300,0.7700
62242113,sitting,-0.0095,-0.9984,0.0303,0.5600,-2.7300,0.7700
62242132,sitting,-0.0100,-0.9984,0.0300,0.5600,-2.7300,0.7700
62242151,sitting,-0.0100,-0.9992,0.0300,0.4900,-2.7650,0.7700
62242171,sitting,-0.0098,-0.9982,0.0295,0.5600,-2.7650,0.7700
62242190,sitting,-0.0090,-0.9980,0.0298,0.5600,-2.7300,0.8050
62242209,sitting,-0.0098,-0.9975,0.0303,0.5600,-2.7300,0.7700
62242228,sitting,-0.0093,-0.9982,0.0305,0.5600,-2.7300,0.7350
62242248,sitting,-0.0095,-0.9989,0.0307,0.5600,-2.7300,0.7700
62242267,sitting,-0.0098,-0.9977,0.0307,0.5950,-2.7300,0.7700
62242286,sitting,-0.0095,-0.9982,0.0307,0.5600,-2.7300,0.8050
62242305,sitting,-0.0093,-0.9984,0.0298,0.5950,-2.7300,0.7700
62242325,sitting,-0.0095,-0.9984,0.0312,0.5600,-2.7650,0.7700
62242344,sitting,-0.0098,-0.9980,0.0312,0.5250,-2.7300,0.7700
62242363,sitting,-0.0095,-0.9982,0.0307,0.5600,-2.7650,0.7700
62242382,sitting,-0.0098,-0.9977,0.0312,0.5600,-2.8000,0.7700
62242401,sitting,-0.0088,-0.9982,0.0303,0.5250,-2.8000,0.7700
62242421,sitting,-0.0085,-0.9982,0.0305,0.5250,-2.7300,0.7700
62242440,sitting,-0.0093,-0.9987,0.0315,0.5600,-2.8000,0.7700
62242459,sitting,-0.0095,-0.9987,0.0310,0.5600,-2.8000,0.7700
62242478,sitting,-0.0105,-0.9997,0.0305,0.5600,-2.8000,0.7700
62242498,sitting,-0.0100,-0.9982,0.0303,0.5600,-2.7300,0.7350
62242517,sitting,-0.0088,-0.9982,0.0305,0.5600,-2.7650,0.7700
62242536,sitting,-0.0093,-0.9982,0.0298,0.5250,-2.8000,0.7700
62242555,sitting,-0.0090,-0.9984,0.0293,0.5600,-2.8000,0.7700
62242575,sitting,-0.0093,-0.9994,0.0307,0.5250,-2.7650,0.7700
62242594,sitting,-0.0090,-0.9984,0.0298,0.5250,-2.7650,0.7700
62242613,sitting,-0.0098,-0.9982,0.0305,0.4900,-2.7650,0.7700
62242632,sitting,-0.0093,-0.9987,0.0305,0.5250,-2.7650,0.7700
62242651,sitting,-0.0098,-0.9992,0.0312,0.5600,-2.7650,0.8050
62242671,sitting,-0.0088,-0.9984,0.0305,0.5600,-2.7650,0.7700
62242690,sitting,-0.0095,-0.9982,0.0310,0.5950,-2.7300,0.7700
62242709,sitting,-0.0093,-0.9992,0.0310,0.5600,-2.7300,0.7700
62242728,sitting,-0.0088,-0.9980,0.0315,0.5250,-2.7300,0.7700
62242748,sitting,-0.0090,-0.9977,0.0310,0.5600,-2.7300,0.7700
62242767,sitting,-0.0088,-0.9982,0.0315,0.5600,-2.7300,0.7700
62242786,sitting,-0.0088,-0.9982,0.0295,0.5600,-2.7300,0.7350
62242805,sitting,-0.0090,-0.9982,0.0305,0.5600,-2.7650,0.7700
62242825,sitting,-0.0093,-0.9980,0.0305,0.5600,-2.7650,0.7700
62242844,sitting,-0.0093,-0.9977,0.0315,0.5600,-2.7300,0.7350
62242863,sitting,-0.0083,-0.9982,0.0312,0.5600,-2.8000,0.7700
62242882,sitting,-0.0083,-0.9980,0.0293,0.5600,-2.7650,0.7700
62242901,sitting,-0.0088,-0.9984,0.0310,0.5600,-2.7650,0.7700
62242921,sitting,-0.0090,-0.9987,0.0303,0.5600,-2.7650,0.7350
62242940,sitting,-0.0085,-0.9989,0.0303,0.5600,-2.7650,0.8050
62242959,sitting,-0.0085,-0.9987,0.0310,0.5250,-2.7300,0.7700
62242978,sitting,-0.0100,-0.9980,0.0307,0.5600,-2.7650,0.7700
62242998,sitting,-0.0093,-0.9975,0.0298,0.5250,-2.7650,0.8400
62243017,sitting,-0.0093,-0.9984,0.0300,0.5600,-2.7300,0.8050
62243036,sitting,-0.0085,-0.9987,0.0315,0.5250,-2.7300,0.7700
62243055,sitting,-0.0090,-0.9984,0.0307,0.5600,-2.8000,0.7700
62243075,sitting,-0.0090,-0.9980,0.0300,0.4900,-2.7650,0.7700
62243094,sitting,-0.0098,-0.9984,0.0307,0.5600,-2.7300,0.7350
62243113,sitting,-0.0090,-0.9980,0.0303,0.5250,-2.7300,0.7700
62243132,sitting,-0.0093,-0.9980,0.0310,0.5600,-2.7300,0.8050
62243151,sitting,-0.0088,-0.9984,0.0303,0.5250,-2.7300,0.7700
62243171,sitting,-0.0076,-0.9980,0.0310,0.5600,-2.7300,0.7350
62243190,sitting,-0.0083,-0.9984,0.0298,0.5600,-2.7300,0.7700
62243209,sitting,-0.0095,-0.9977,0.0315,0.5600,-2.7650,0.8050
62243228,sitting,-0.0093,-0.9980,0.0307,0.5250,-2.7650,0.7700
62243248,sitting,-0.0102,-0.9989,0.0315,0.5600,-2.7650,0.7700
62243267,sitting,-0.0093,-0.9987,0.0295,0.5250,-2.7650,0.7700
62243286,sitting,-0.0081,-0.9984,0.0312,0.5600,-2.8000,0.7700
62243305,sitting,-0.0088,-0.9972,0.0310,0.5950,-2.7300,0.7700
62243325,sitting,-0.0098,-0.9980,0.0312,0.5600,-2.7300,0.7700
62243344,sitting,-0.0083,-0.9982,0.0298,0.5250,-2.8000,0.7350
62243363,sitting,-0.0093,-0.9984,0.0310,0.5600,-2.8000,0.7700
62243382,sitting,-0.0095,-0.9982,0.0305,0.5600,-2.8000,0.7700
62243401,sitting,-0.0095,-0.9984,0.0305,0.5250,-2.7300,0.7350
62243421,sitting,-0.0085,-0.9987,0.0310,0.5600,-2.7650,0.7700
62243440,sitting,-0.0081,-0.9989,0.0305,0.5600,-2.7650,0.7700
62243459,sitting,-0.0095,-0.9984,0.0315,0.5600,-2.8000,0.7700
62243478,sitting,-0.0098,-0.9972,0.0305,0.5600,-2.7300,0.7700
62243498,sitting,-0.0093,-0.9975,0.0310,0.5250,-2.8000,0.7700
62243517,sitting,-0.0090,-0.9975,0.0307,0.5250,-2.7650,0.7700
62243536,sitting,-0.0095,-0.9987,0.0305,0.5600,-2.7300,0.7700
62243555,sitting,-0.0098,-0.9975,0.0303,0.5250,-2.7300,0.7700
62243575,sitting,-0.0081,-0.9982,0.0305,0.5600,-2.7650,0.7700
62243594,sitting,-0.0085,-0.9980,0.0303,0.5250,-2.7650,0.7700
62243613,sitting,-0.0090,-0.9980,0.0307,0.5250,-2.7650,0.7700
62243632,sitting,-0.0098,-0.9980,0.0300,0.5600,-2.7650,0.7700
62243651,sitting,-0.0100,-0.9984,0.0310,0.5600,-2.7650,0.7700
62243671,sitting,-0.0105,-0.9989,0.0303,0.5600,-2.8000,0.7700
62243690,sitting,-0.0095,-0.9977,0.0303,0.5600,-2.7650,0.7700
62243709,sitting,-0.0098,-0.9977,0.0317,0.5600,-2.7650,0.8050
62243728,sitting,-0.0093,-0.9984,0.0315,0.5600,-2.7650,0.7700
62243748,sitting,-0.0083,-0.9982,0.0303,0.5600,-2.7300,0.7700
62243767,sitting,-0.0093,-0.9982,0.0305,0.5600,-2.7300,0.7700
62243786,sitting,-0.0088,-0.9980,0.0312,0.5250,-2.7300,0.7700
62243805,sitting,-0.0090,-0.9975,0.0300,0.5600,-2.7650,0.7700
62243825,sitting,-0.0098,-0.9980,0.0312,0.5600,-2.7300,0.7700
62243844,sitting,-0.0100,-0.9977,0.0312,0.5600,-2.8000,0.7700
62243863,sitting,-0.0095,-0.9980,0.0307,0.5600,-2.7650,0.7700
62243882,sitting,-0.0095,-0.9994,0.0307,0.5600,-2.7650,0.7700
62243901,sitting,-0.0095,-0.9977,0.0305,0.5600,-2.7650,0.7700
62243921,sitting,-0.0093,-0.9977,0.0298,0.5600,-2.7650,0.8050
62243940,sitting,-0.0085,-0.9982,0.0307,0.5600,-2.7300,0.7700
62243959,sitting,-0.0088,-0.9980,0.0310,0.5600,-2.7650,0.7350
62243978,sitting,-0.0088,-0.9989,0.0317,0.5600,-2.7650,0.7350
62243998,sitting,-0.0093,-0.9982,0.0303,0.5600,-2.7300,0.7700
62244017,sitting,-0.0090,-0.9980,0.0317,0.5600,-2.8000,0.7700
62244036,sitting,-0.0090,-0.9989,0.0305,0.4900,-2.7650,0.7700
62244055,sitting,-0.0093,-0.9982,0.0307,0.5600,-2.7300,0.7350
62244075,sitting,-0.0100,-0.9987,0.0305,0.5600,-2.7300,0.7700
62244094,sitting,-0.0095,-0.9982,0.0312,0.5600,-2.7300,0.7700
62244113,sitting,-0.0100,-0.9987,0.0310,0.5600,-2.8000,0.7700
62244132,sitting,-0.0093,-0.9989,0.0315,0.5600,-2.7300,0.7700
62244151,sitting,-0.0088,-0.9980,0.0305,0.5250,-2.7650,0.7700
62244171,sitting,-0.0090,-0.9987,0.0312,0.5250,-2.7650,0.7700
62244190,sitting,-0.0095,-0.9984,0.0298,0.5600,-2.7650,0.7700
62244209,sitting,-0.0088,-0.9980,0.0295,0.5600,-2.7650,0.7700
62244228,sitting,-0.0088,-0.9989,0.0303,0.5600,-2.7650,0.7700
62244248,sitting,-0.0095,-0.9987,0.0312,0.5600,-2.7650,0.7700
62244267,sitting,-0.0090,-0.9984,0.0305,0.5600,-2.7300,0.7700
62244286,sitting,-0.0093,-0.9977,0.0317,0.5250,-2.7650,0.7700
62244305,sitting,-0.0083,-0.9975,0.0315,0.5600,-2.7300,0.7700
62244325,sitting,-0.0085,-0.9980,0.0320,0.5600,-2.7300,0.7700
62244344,sitting,-0.0095,-0.9984,0.0307,0.5250,-2.7300,0.7700
62244363,sitting,-0.0088,-0.9980,0.0295,0.5950,-2.7650,0.7700
62244382,sitting,-0.0088,-0.9982,0.0295,0.5600,-2.7300,0.7700
62244401,sitting,-0.0083,-0.9987,0.0303,0.5600,-2.7300,0.7700
62244421,sitting,-0.0090,-0.9984,0.0303,0.5600,-2.7300,0.7700
62244440,sitting,-0.0093,-0.9987,0.0300,0.5600,-2.7650,0.7350
62244459,sitting,-0.0098,-0.9980,0.0303,0.5600,-2.8000,0.7700
62244478,sitting,-0.0088,-0.9984,0.0310,0.5600,-2.7300,0.7700
62244498,sitting,-0.0093,-0.9989,0.0300,0.5600,-2.8000,0.7700
62244517,sitting,-0.0095,-0.9982,0.0312,0.5600,-2.7300,0.7700
62244536,sitting,-0.0095,-0.9980,0.0325,0.5600,-2.7650,0.7700
62244555,sitting,-0.0085,-0.9984,0.0295,0.5600,-2.8350,0.7700
62244575,sitting,-0.0083,-0.9989,0.0310,0.5600,-2.8000,0.7700
62244594,sitting,-0.0090,-0.9982,0.0295,0.5600,-2.7650,0.8050
62244613,sitting,-0.0090,-0.9984,0.0300,0.5600,-2.7650,0.7700
62244632,sitting,-0.0093,-0.9972,0.0303,0.5600,-2.7300,0.8400
62244651,sitting,-0.0090,-0.9980,0.0315,0.5600,-2.7650,0.7700
62244671,sitting,-0.0098,-0.9992,0.0310,0.5250,-2.7300,0.7350
62244690,sitting,-0.0098,-0.9989,0.0303,0.5600,-2.8000,0.7700
62244709,sitting,-0.0105,-0.9994,0.0295,0.5250,-2.7650,0.7700
62244728,sitting,-0.0088,-0.9982,0.0305,0.5600,-2.8000,0.7700
62244748,sitting,-0.0093,-0.9989,0.0303,0.5600,-2.7300,0.7700
62244767,sitting,-0.0090,-0.9977,0.0312,0.5600,-2.7650,0.7700
62244786,sitting,-0.0085,-0.9980,0.0312,0.5600,-2.7300,0.7700
62244805,sitting,-0.0098,-0.9977,0.0307,0.5600,-2.7300,0.7700
62244825,sitting,-0.0100,-0.9970,0.0310,0.5250,-2.7650,0.7700
62244844,sitting,-0.0090,-0.9987,0.0305,0.5600,-2.7650,0.7700
62244863,sitting,-0.0090,-0.9982,0.0307,0.5600,-2.7650,0.7700
62244882,sitting,-0.0088,-0.9975,0.0317,0.5600,-2.7300,0.7700
62244901,sitting,-0.0098,-0.9987,0.0312,0.5950,-2.7300,0.7350
62244921,sitting,-0.0098,-0.9984,0.0307,0.5600,-2.7300,0.7700
62244940,sitting,-0.0083,-0.9989,0.0303,0.5950,-2.7650,0.7700
62244959,sitting,-0.0088,-0.9982,0.0303,0.5600,-2.7300,0.7700
62244978,sitting,-0.0088,-0.9987,0.0305,0.5600,-2.7300,0.7700
62244998,sitting,-0.0090,-0.9982,0.0310,0.5600,-2.7650,0.7700
62245017,sitting,-0.0085,-0.9992,0.0307,0.5600,-2.7650,0.7700
62245036,sitting,-0.0090,-0.9984,0.0310,0.5600,-2.8000,0.7700
62245055,sitting,-0.0093,-0.9977,0.0310,0.5600,-2.7300,0.7700
62245075,sitting,-0.0083,-0.9980,0.0300,0.5250,-2.7300,0.7700
62245094,sitting,-0.0093,-0.9980,0.0300,0.5600,-2.8000,0.7700
62245113,sitting,-0.0090,-0.9984,0.0298,0.5600,-2.8000,0.7700
62245132,sitting,-0.0088,-0.9992,0.0317,0.5950,-2.7650,0.7700
62245151,sitting,-0.0105,-0.9989,0.0310,0.5600,-2.7300,0.7700
62245171,sitting,-0.0098,-0.9989,0.0303,0.5600,-2.7300,0.7700
62245190,sitting,-0.0093,-0.9977,0.0300,0.5600,-2.7650,0.7700
62245209,sitting,-0.0085,-0.9977,0.0295,0.5950,-2.7650,0.8050
62245228,sitting,-0.0090,-0.9977,0.0298,0.5600,-2.7650,0.7700
62245248,sitting,-0.0090,-0.9982,0.0307,0.5600,-2.7650,0.7700
62245267,sitting,-0.0088,-0.9989,0.0305,0.5250,-2.7650,0.7700
62245286,sitting,-0.0088,-0.9980,0.0310,0.5600,-2.7300,0.7700
62245305,sitting,-0.0085,-0.9980,0.0310,0.5250,-2.7300,0.7700
62245325,sitting,-0.0095,-0.9997,0.0310,0.5600,-2.7300,0.7350
62245344,sitting,-0.0088,-0.9994,0.0295,0.5600,-2.7650,0.7700
62245363,sitting,-0.0085,-0.9980,0.0307,0.5600,-2.7650,0.7700
62245382,sitting,-0.0085,-0.9980,0.0312,0.5600,-2.7300,0.7700
62245401,sitting,-0.0085,-0.9992,0.0303,0.5600,-2.7300,0.7700
62245421,sitting,-0.0081,-0.9987,0.0305,0.5250,-2.7650,0.7700
62245440,sitting,-0.0085,-0.9980,0.0303,0.5600,-2.7300,0.8050
62245459,sitting,-0.0095,-0.9987,0.0312,0.5250,-2.7300,0.7350
62245478,sitting,-0.0083,-0.9989,0.0317,0.5600,-2.7300,0.7700
62245498,sitting,-0.0083,-0.9980,0.0305,0.5600,-2.7300,0.7700
62245517,sitting,-0.0088,-0.9980,0.0312,0.5600,-2.7650,0.7350
62245536,sitting,-0.0083,-0.9982,0.0303,0.5600,-2.8000,0.7700
62245555,sitting,-0.0095,-0.9984,0.0310,0.5250,-2.7650,0.7700
62245575,sitting,-0.0085,-0.9989,0.0307,0.5600,-2.7650,0.7700
62245594,sitting,-0.0085,-0.9989,0.0307,0.5600,-2.8000,0.7350
62245613,sitting,-0.0095,-0.9977,0.0307,0.5950,-2.7650,0.7700
62245632,sitting,-0.0088,-0.9980,0.0305,0.5250,-2.8000,0.7700
62245651,sitting,-0.0098,-0.9984,0.0303,0.5600,-2.7650,0.7700
62245671,sitting,-0.0093,-0.9982,0.0303,0.5600,-2.7650,0.8050
62245690,sitting,-0.0078,-0.9984,0.0305,0.5600,-2.8000,0.8050
62245709,sitting,-0.0088,-0.9982,0.0303,0.5250,-2.7650,0.7700
62245728,sitting,-0.0098,-0.9984,0.0305,0.5600,-2.7300,0.7700
62245748,sitting,-0.0090,-0.9987,0.0307,0.5600,-2.7650,0.7700
62245767,sitting,-0.0090,-0.9982,0.0305,0.5600,-2.7300,0.7700
62245786,sitting,-0.0098,-0.9980,0.0305,0.5250,-2.8000,0.7700
62245805,sitting,-0.0088,-0.9980,0.0303,0.5600,-2.7650,0.7700
62245825,sitting,-0.0100,-0.9992,0.0303,0.5600,-2.7300,0.7700
62245844,sitting,-0.0090,-0.9984,0.0298,0.5600,-2.7300,0.7700
62245863,sitting,-0.0088,-0.9987,0.0312,0.5600,-2.7650,0.7700
62245882,sitting,-0.0095,-0.9984,0.0317,0.5600,-2.7300,0.7350
62245901,sitting,-0.0093,-0.9987,0.0315,0.5250,-2.7300,0.7700
62245921,sitting,-0.0088,-0.9980,0.0307,0.5600,-2.8000,0.7700
62245940,sitting,-0.0095,-0.9992,0.0307,0.5600,-2.8000,0.7700
62245959,sitting,-0.0098,-0.9980,0.0310,0.5600,-2.7300,0.7700
62245978,sitting,-0.0090,-0.9987,0.0305,0.5600,-2.7650,0.7700
62245998,sitting,-0.0100,-0.9980,0.0305,0.5600,-2.7300,0.7700
62246017,sitting,-0.0093,-0.9977,0.0312,0.5600,-2.7300,0.7700
62246036,sitting,-0.0100,-0.9992,0.0310,0.5600,-2.7650,0.7700
62246055,sitting,-0.0095,-0.9987,0.0307,0.5600,-2.7300,0.7700
62246075,sitting,-0.0098,-0.9975,0.0305,0.5600,-2.7300,0.7700
62246094,sitting,-0.0090,-0.9980,0.0315,0.5600,-2.7300,0.7700
62246113,sitting,-0.0090,-0.9982,0.0310,0.5250,-2.8000,0.7700
62246132,sitting,-0.0093,-0.9984,0.0310,0.5600,-2.7300,0.7700
62246151,sitting,-0.0095,-0.9984,0.0303,0.5600,-2.7650,0.7700
62246171,sitting,-0.0098,-0.9989,0.0300,0.5600,-2.7650,0.7700
62246190,sitting,-0.0083,-0.9989,0.0300,0.5250,-2.8000,0.7700
62246209,sitting,-0.0098,-0.9982,0.0305,0.5250,-2.7650,0.7700
62246228,sitting,-0.0093,-0.9989,0.0305,0.5600,-2.7650,0.7700
62246248,sitting,-0.0098,-0.9980,0.0307,0.5600,-2.7650,0.7700
62246267,sitting,-0.0098,-0.9977,0.0303,0.5600,-2.7300,0.7700
62246286,sitting,-0.0090,-0.9980,0.0298,0.5950,-2.7300,0.7350
62246305,sitting,-0.0088,-0.9984,0.0305,0.5600,-2.7300,0.7700
62246325,sitting,-0.0100,-0.9977,0.0305,0.5600,-2.8000,0.8050
62246344,sitting,-0.0100,-0.9987,0.0295,0.5600,-2.7650,0.7700
62246363,sitting,-0.0088,-0.9980,0.0305,0.5600,-2.7300,0.7700
62246382,sitting,-0.0098,-0.9963,0.0305,0.5600,-2.8000,0.7700
62246401,sitting,-0.0081,-0.9982,0.0310,0.5600,-2.7300,0.7700
62246421,sitting,-0.0093,-0.9987,0.0312,0.5600,-2.7300,0.7350
62246440,sitting,-0.0090,-0.9989,0.0315,0.5600,-2.7300,0.7700
62246459,sitting,-0.0102,-0.9982,0.0300,0.5250,-2.8000,0.7700
62246478,sitting,-0.0083,-0.9987,0.0307,0.5600,-2.7300,0.7700
62246498,sitting,-0.0085,-0.9984,0.0312,0.5600,-2.7300,0.7700
62246517,sitting,-0.0090,-0.9980,0.0305,0.5600,-2.7300,0.7350
62246536,sitting,-0.0098,-0.9984,0.0307,0.5600,-2.7300,0.7700
62246555,sitting,-0.0090,-0.9977,0.0312,0.5600,-2.7650,0.7700
62246575,sitting,-0.0093,-0.9984,0.0312,0.5950,-2.7300,0.7700
62246594,sitting,-0.0090,-0.9982,0.0303,0.5600,-2.7300,0.7700
62246613,sitting,-0.0090,-0.9980,0.0298,0.5250,-2.7650,0.7700
62246632,sitting,-0.0093,-0.9982,0.0312,0.5600,-2.8000,0.7350
62246651,sitting,-0.0102,-0.9982,0.0298,0.5250,-2.7300,0.7700
62246671,sitting,-0.0093,-0.9982,0.0310,0.5600,-2.7300,0.8050
62246690,sitting,-0.0093,-0.9987,0.0305,0.5950,-2.8000,0.8050
62246709,sitting,-0.0098,-0.9987,0.0298,0.5250,-2.7650,0.7700
62246728,sitting,-0.0095,-0.9982,0.0303,0.5600,-2.7650,0.7350
62246748,sitting,-0.0093,-0.9977,0.0298,0.4900,-2.7650,0.7700
62246767,sitting,-0.0088,-0.9982,0.0310,0.5250,-2.8000,0.7700
62246786,sitting,-0.0088,-0.9984,0.0305,0.5600,-2.7650,0.8400
62246805,sitting,-0.0093,-0.9984,0.0298,0.5250,-2.7650,0.7700
62246825,sitting,-0.0088,-0.9989,0.0307,0.5600,-2.7300,0.7700
62246844,sitting,-0.0093,-0.9980,0.0300,0.5600,-2.7300,0.7700
62246863,sitting,-0.0093,-0.9975,0.0295,0.5600,-2.7650,0.7700
62246882,sitting,-0.0085,-0.9975,0.0305,0.5600,-2.7650,0.7700
62246901,sitting,-0.0090,-0.9982,0.0300,0.5950,-2.7300,0.7700
62246921,sitting,-0.0098,-0.9980,0.0312,0.5600,-2.7300,0.7350
62246940,sitting,-0.0090,-0.9972,0.0303,0.5600,-2.7300,0.7700
62246959,sitting,-0.0102,-0.9984,0.0317,0.5600,-2.7650,0.7350
62246978,sitting,-0.0093,-0.9982,0.0310,0.5600,-2.7650,0.7700
62246998,sitting,-0.0090,-0.9984,0.0307,0.5600,-2.7650,0.7350
62247017,sitting,-0.0090,-0.9975,0.0300,0.5600,-2.7300,0.7350
62247036,sitting,-0.0093,-0.9977,0.0305,0.5600,-2.7300,0.7700
62247055,sitting,-0.0081,-0.9987,0.0298,0.5600,-2.7300,0.7700
62247075,sitting,-0.0088,-0.9977,0.0310,0.5250,-2.7300,0.7350
62247094,sitting,-0.0093,-0.9982,0.0312,0.5600,-2.7300,0.7700
62247113,sitting,-0.0100,-0.9975,0.0305,0.5250,-2.8000,0.8050
62247132,sitting,-0.0090,-0.9984,0.0310,0.5600,-2.7300,0.7700
62247151,sitting,-0.0085,-0.9980,0.0307,0.5950,-2.7300,0.7700
62247171,sitting,-0.0090,-0.9975,0.0303,0.5250,-2.8000,0.8400
62247190,sitting,-0.0095,-0.9972,0.0300,0.5600,-2.8000,0.7700
62247209,sitting,-0.0088,-0.9987,0.0303,0.5600,-2.7650,0.7700
62247228,sitting,-0.0098,-0.9989,0.0300,0.5600,-2.7650,0.7700
62247248,sitting,-0.0093,-0.9987,0.0310,0.5250,-2.7650,0.7700
62247267,sitting,-0.0095,-0.9992,0.0307,0.5250,-2.8000,0.7700
62247286,sitting,-0.0095,-0.9987,0.0305,0.5600,-2.7650,0.7700
62247305,sitting,-0.0098,-0.9989,0.0305,0.5250,-2.7300,0.7700
62247325,sitting,-0.0090,-0.9989,0.0298,0.5600,-2.7650,0.7700
62247344,sitting,-0.0085,-0.9982,0.0315,0.5600,-2.7650,0.7700
62247363,sitting,-0.0093,-0.9975,0.0307,0.5600,-2.7300,0.7700
62247382,sitting,-0.0088,-0.9977,0.0303,0.5600,-2.7300,0.7700
62247401,sitting,-0.0085,-0.9982,0.0312,0.5250,-2.7650,0.7700
62247421,sitting,-0.0095,-0.9980,0.0310,0.5600,-2.7650,0.7700
62247440,sitting,-0.0083,-0.9989,0.0298,0.5600,-2.7300,0.7700
62247459,sitting,-0.0085,-0.9977,0.0298,0.5600,-2.8000,0.7700
62247478,sitting,-0.0088,-0.9984,0.0303,0.5600,-2.7300,0.7700
62247498,sitting,-0.0090,-0.9982,0.0310,0.5600,-2.8000,0.7700
62247517,sitting,-0.0098,-0.9977,0.0303,0.5600,-2.7650,0.7700
62247536,sitting,-0.0100,-0.9977,0.0300,0.5250,-2.7650,0.7350
62247555,sitting,-0.0093,-0.9977,0.0305,0.5250,-2.7650,0.8050
62247575,sitting,-0.0093,-0.9987,0.0300,0.5600,-2.7650,0.7350
62247594,sitting,-0.0095,-0.9980,0.0300,0.5600,-2.7300,0.7700
62247613,sitting,-0.0095,-0.9982,0.0305,0.5250,-2.7300,0.7700
62247632,sitting,-0.0095,-0.9980,0.0300,0.5600,-2.7650,0.7700
62247651,sitting,-0.0088,-0.9987,0.0315,0.5600,-2.7300,0.7700
62247671,sitting,-0.0095,-0.9980,0.0305,0.5250,-2.8000,0.7700
62247690,sitting,-0.0093,-0.9980,0.0303,0.5600,-2.8000,0.7700
62247709,sitting,-0.0085,-0.9982,0.0322,0.5600,-2.7650,0.7700
62247728,sitting,-0.0083,-0.9982,0.0293,0.5600,-2.7650,0.7350
62247748,sitting,-0.0088,-0.9977,0.0307,0.5600,-2.8000,0.7700
62247767,sitting,-0.0081,-0.9989,0.0300,0.5600,-2.7300,0.7700
62247786,sitting,-0.0085,-0.9992,0.0305,0.5600,-2.8000,0.7700
62247805,sitting,-0.0083,-0.9980,0.0310,0.5600,-2.7300,0.7700
62247825,sitting,-0.0093,-0.9982,0.0310,0.5950,-2.7650,0.7700
62247844,sitting,-0.0090,-0.9989,0.0303,0.5600,-2.7650,0.7700
62247863,sitting,-0.0083,-0.9984,0.0300,0.5600,-2.7300,0.8050
62247882,sitting,-0.0090,-0.9980,0.0300,0.5600,-2.7300,0.7700
62247901,sitting,-0.0098,-0.9984,0.0300,0.5600,-2.7300,0.7700
62247921,sitting,-0.0081,-0.9984,0.0298,0.5600,-2.7300,0.7700
62247940,sitting,-0.0081,-0.9970,0.0310,0.5600,-2.7300,0.7700
62247959,sitting,-0.0095,-0.9984,0.0305,0.5600,-2.7650,0.7350
62247978,sitting,-0.0098,-0.9977,0.0312,0.5600,-2.7300,0.7700
62247998,sitting,-0.0095,-0.9987,0.0307,0.5600,-2.7300,0.7700
62248017,sitting,-0.0095,-0.9972,0.0303,0.5250,-2.7300,0.7700
62248036,sitting,-0.0083,-0.9977,0.0305,0.5250,-2.7300,0.7700
62248055,sitting,-0.0090,-0.9980,0.0307,0.4900,-2.7300,0.7350
62248075,sitting,-0.0088,-0.9987,0.0300,0.5250,-2.7650,0.7350
62248094,sitting,-0.0095,-0.9987,0.0305,0.5250,-2.7650,0.7700
62248113,sitting,-0.0098,-0.9984,0.0310,0.5600,-2.8000,0.7700
62248132,sitting,-0.0105,-0.9977,0.0312,0.5250,-2.7650,0.7700
62248151,sitting,-0.0093,-0.9984,0.0300,0.5600,-2.8000,0.7700
62248171,sitting,-0.0100,-0.9980,0.0312,0.5600,-2.7650,0.7700
62248190,sitting,-0.0095,-0.9980,0.0307,0.5600,-2.7650,0.7700
62248209,sitting,-0.0085,-0.9989,0.0310,0.5600,-2.7300,0.7700
62248228,sitting,-0.0090,-0.9984,0.0300,0.5600,-2.7650,0.8050
62248248,sitting,-0.0095,-0.9977,0.0320,0.5600,-2.8000,0.7700
62248267,sitting,-0.0088,-0.9975,0.0307,0.5600,-2.8000,0.7700
62248286,sitting,-0.0088,-0.9989,0.0312,0.5600,-2.7650,0.7700
62248305,sitting,-0.0081,-0.9984,0.0315,0.5600,-2.7650,0.7350
62248325,sitting,-0.0098,-0.9982,0.0317,0.5600,-2.7300,0.7700
62248344,sitting,-0.0088,-0.9989,0.0303,0.5600,-2.7650,0.7700
62248363,sitting,-0.0093,-0.9982,0.0317,0.4900,-2.7300,0.8050
62248382,sitting,-0.0090,-0.9994,0.0312,0.5250,-2.8000,0.7700
62248401,sitting,-0.0095,-0.9984,0.0310,0.5600,-2.7650,0.7700
62248421,sitting,-0.0093,-0.9987,0.0312,0.5600,-2.7650,0.7700
62248440,sitting,-0.0102,-0.9980,0.0310,0.5600,-2.8000,0.7700
62248459,sitting,-0.0098,-0.9984,0.0305,0.5600,-2.7300,0.7700
62248478,sitting,-0.0095,-0.9980,0.0307,0.5600,-2.7650,0.7700
62248498,sitting,-0.0081,-0.9984,0.0315,0.4900,-2.8000,0.7700
62248517,sitting,-0.0093,-0.9984,0.0315,0.5600,-2.8000,0.7000
62248536,sitting,-0.0088,-0.9992,0.0305,0.5600,-2.7300,0.7700
62248555,sitting,-0.0093,-0.9982,0.0305,0.5950,-2.7650,0.7350
62248575,sitting,-0.0102,-0.9987,0.0312,0.5600,-2.7300,0.7700
62248594,sitting,-0.0095,-0.9970,0.0315,0.5950,-2.7300,0.7700
62248613,sitting,-0.0095,-0.9984,0.0312,0.5600,-2.7650,0.7700
62248632,sitting,-0.0090,-0.9992,0.0307,0.5600,-2.7300,0.7700
62248651,sitting,-0.0085,-0.9987,0.0298,0.5600,-2.7650,0.7700
62248671,sitting,-0.0100,-0.9984,0.0305,0.5600,-2.7300,0.7700
62248690,sitting,-0.0085,-0.9977,0.0317,0.5950,-2.7650,0.7350
62248709,sitting,-0.0090,-0.9980,0.0305,0.5600,-2.8000,0.7350
62248728,sitting,-0.0088,-0.9982,0.0303,0.5950,-2.7300,0.7350
62248748,sitting,-0.0100,-0.9989,0.0317,0.5600,-2.7650,0.7700
62248767,sitting,-0.0093,-0.9984,0.0300,0.5600,-2.8000,0.7700
62248786,sitting,-0.0105,-0.9980,0.0300,0.5600,-2.8000,0.7700
62248805,sitting,-0.0083,-0.9982,0.0307,0.4900,-2.7650,0.7350
62248825,sitting,-0.0088,-0.9984,0.0303,0.5950,-2.7650,0.8050
62248844,sitting,-0.0090,-0.9994,0.0307,0.5600,-2.8000,0.7700
62248863,sitting,-0.0095,-0.9975,0.0307,0.5600,-2.7650,0.7700
62248882,sitting,-0.0088,-0.9980,0.0303,0.5600,-2.8000,0.7700
62248901,sitting,-0.0085,-0.9980,0.0303,0.5250,-2.7300,0.8050
62248921,sitting,-0.0083,-0.9987,0.0303,0.5600,-2.7650,0.7700
62248940,sitting,-0.0090,-0.9984,0.0315,0.5950,-2.7650,0.7700
62248959,sitting,-0.0088,-0.9987,0.0310,0.5600,-2.7300,0.7700
62248978,sitting,-0.0085,-0.9980,0.0307,0.5600,-2.7300,0.7700
62248998,sitting,-0.0093,-0.9987,0.0307,0.5600,-2.7650,0.7700
62249017,sitting,-0.0100,-0.9987,0.0310,0.5600,-2.7300,0.7700
62249036,sitting,-0.0088,-0.9982,0.0320,0.5250,-2.7650,0.7700
62249055,sitting,-0.0100,-0.9989,0.0307,0.5600,-2.7300,0.7700
62249075,sitting,-0.0090,-0.9982,0.0307,0.5600,-2.7300,0.7700
62249094,sitting,-0.0105,-0.9984,0.0305,0.5600,-2.7300,0.7350
62249113,sitting,-0.0095,-0.9982,0.0305,0.5950,-2.7300,0.7700
62249132,sitting,-0.0088,-0.9975,0.0303,0.5600,-2.7650,0.7000
62249151,sitting,-0.0093,-0.9984,0.0310,0.5600,-2.7650,0.7700
62249171,sitting,-0.0090,-0.9987,0.0305,0.5600,-2.7650,0.7700
62249190,sitting,-0.0090,-0.9984,0.0303,0.5600,-2.8000,0.7700
62249209,sitting,-0.0093,-0.9980,0.0307,0.5600,-2.7650,0.7700
62249228,sitting,-0.0093,-0.9984,0.0305,0.5600,-2.7650,0.8050
62249248,sitting,-0.0085,-0.9977,0.0300,0.5600,-2.7650,0.7700
62249267,sitting,-0.0088,-0.9982,0.0305,0.5600,-2.8000,0.7700
62249286,sitting,-0.0093,-0.9980,0.0310,0.5250,-2.7650,0.7700
62249305,sitting,-0.0085,-0.9989,0.0300,0.5600,-2.8000,0.8400
62249325,sitting,-0.0083,-0.9984,0.0290,0.5600,-2.8000,0.7700
62249344,sitting,-0.0088,-0.9987,0.0307,0.5600,-2.7650,0.7700
62249363,sitting,-0.0095,-0.9992,0.0317,0.5600,-2.7300,0.7700
62249382,sitting,-0.0090,-0.9987,0.0303,0.5600,-2.7650,0.7700
62249401,sitting,-0.0085,-0.9989,0.0307,0.5600,-2.7300,0.7700
62249421,sitting,-0.0095,-0.9984,0.0305,0.5600,-2.7300,0.7700
62249440,sitting,-0.0090,-0.9982,0.0305,0.5600,-2.7650,0.7700
62249459,sitting,-0.0093,-0.9984,0.0305,0.5250,-2.7300,0.7700
62249478,sitting,-0.0093,-0.9980,0.0310,0.5600,-2.7300,0.7700
62249498,sitting,-0.0085,-0.9984,0.0312,0.5600,-2.7300,0.7700
62249517,sitting,-0.0083,-0.9980,0.0307,0.5600,-2.7300,0.8050
62249536,sitting,-0.0093,-0.9994,0.0300,0.5600,-2.7300,0.7700
62249555,sitting,-0.0090,-0.9977,0.0303,0.5600,-2.8000,0.7700
62249575,sitting,-0.0093,-0.9984,0.0312,0.5600,-2.8000,0.7700
62249594,sitting,-0.0093,-0.9982,0.0317,0.5600,-2.8000,0.7700
62249613,sitting,-0.0090,-0.9972,0.0303,0.5600,-2.7300,0.7350
62249632,sitting,-0.0095,-0.9992,0.0315,0.5600,-2.8000,0.7700
62249651,sitting,-0.0085,-0.9984,0.0305,0.5600,-2.7650,0.7700
62249671,sitting,-0.0085,-0.9975,0.0305,0.5600,-2.7300,0.7700
62249690,sitting,-0.0085,-0.9987,0.0300,0.5250,-2.7650,0.7700
62249709,sitting,-0.0083,-0.9984,0.0303,0.5600,-2.7300,0.8050
62249728,sitting,-0.0093,-0.9984,0.0307,0.5600,-2.7300,0.7700
62249748,sitting,-0.0100,-0.9982,0.0315,0.5250,-2.7650,0.7700
62249767,sitting,-0.0090,-0.9980,0.0310,0.4900,-2.8000,0.7700
62249786,sitting,-0.0088,-0.9982,0.0303,0.5600,-2.7650,0.8050
62249805,sitting,-0.0088,-0.9987,0.0305,0.5600,-2.7650,0.7700
62249825,sitting,-0.0090,-0.9989,0.0305,0.5600,-2.7300,0.7700
62249844,sitting,-0.0093,-0.9980,0.0315,0.5600,-2.8000,0.7700
62249863,sitting,-0.0095,-0.9977,0.0305,0.5600,-2.8000,0.7700
62249882,sitting,-0.0095,-0.9982,0.0310,0.5600,-2.7650,0.8050
62249901,sitting,-0.0083,-0.9975,0.0303,0.5250,-2.7650,0.8050
62249921,sitting,-0.0078,-0.9989,0.0293,0.5600,-2.7650,0.7700
62249940,sitting,-0.0095,-0.9984,0.0305,0.5250,-2.7650,0.8050
62249959,sitting,-0.0093,-0.9987,0.0307,0.5600,-2.7300,0.7700
62249978,sitting,-0.0098,-0.9984,0.0305,0.5600,-2.7650,0.7700
62249998,sitting,-0.0095,-0.9992,0.0312,0.5600,-2.8000,0.7700
62250017,sitting,-0.0100,-0.9989,0.0300,0.5600,-2.8000,0.7700
62250036,sitting,-0.0083,-0.9982,0.0303,0.5600,-2.7300,0.7700
62250055,sitting,-0.0090,-0.9980,0.0310,0.5600,-2.7300,0.7700
62250075,sitting,-0.0098,-0.9980,0.0312,0.5950,-2.7300,0.7350
62250094,sitting,-0.0090,-0.9999,0.0307,0.5600,-2.7300,0.7700
62250113,sitting,-0.0095,-0.9980,0.0303,0.5950,-2.7300,0.7700
62250132,sitting,-0.0088,-0.9982,0.0312,0.5600,-2.7650,0.7700
62250151,sitting,-0.0102,-0.9975,0.0305,0.5600,-2.7300,0.7700
62250171,sitting,-0.0090,-0.9984,0.0307,0.5950,-2.7300,0.7700
62250190,sitting,-0.0098,-0.9977,0.0293,0.5600,-2.7650,0.7700
62250209,sitting,-0.0093,-0.9982,0.0298,0.5600,-2.7650,0.7700
62250228,sitting,-0.0093,-0.9980,0.0300,0.5600,-2.7300,0.7700
62250248,sitting,-0.0095,-0.9972,0.0300,0.5600,-2.8000,0.7350
62250267,sitting,-0.0095,-0.9970,0.0303,0.5600,-2.8000,0.7350
62250286,sitting,-0.0095,-0.9980,0.0307,0.5600,-2.7650,0.7700
62250305,sitting,-0.0098,-0.9982,0.0312,0.5600,-2.7300,0.7700
62250325,sitting,-0.0085,-0.9989,0.0300,0.5600,-2.7300,0.7700
62250344,sitting,-0.0083,-0.9987,0.0303,0.5600,-2.8000,0.7700
62250363,sitting,-0.0093,-0.9984,0.0300,0.5600,-2.7300,0.7700
62250382,sitting,-0.0085,-0.9987,0.0315,0.5600,-2.7650,0.7700
62250401,sitting,-0.0090,-0.9989,0.0315,0.5250,-2.7300,0.7700
62250421,sitting,-0.0090,-0.9980,0.0310,0.5250,-2.8000,0.7700
62250440,sitting,-0.0090,-0.9984,0.0312,0.5600,-2.7300,0.7700
62250459,sitting,-0.0090,-0.9984,0.0303,0.5600,-2.7300,0.7700
62250478,sitting,-0.0085,-0.9982,0.0310,0.5600,-2.7650,0.7700
62250498,sitting,-0.0093,-0.9980,0.0303,0.5600,-2.7650,0.7700
62250517,sitting,-0.0083,-0.9977,0.0303,0.5600,-2.8000,0.7700
62250536,sitting,-0.0085,-0.9982,0.0303,0.5600,-2.7300,0.7700
62250555,sitting,-0.0090,-0.9982,0.0307,0.5600,-2.7300,0.7700
62250575,sitting,-0.0090,-0.9984,0.0303,0.5600,-2.7300,0.7700
62250594,sitting,-0.0095,-0.9987,0.0307,0.5600,-2.7300,0.7700
62250613,sitting,-0.0105,-0.9987,0.0310,0.5600,-2.7300,0.7700
62250632,sitting,-0.0100,-0.9997,0.0303,0.5600,-2.7300,0.7700
62250651,sitting,-0.0098,-0.9989,0.0303,0.5600,-2.7300,0.7700
62250671,sitting,-0.0102,-0.9987,0.0305,0.5600,-2.8000,0.7700
62250690,sitting,-0.0095,-0.9987,0.0307,0.5600,-2.7300,0.7700
62250709,sitting,-0.0093,-0.9980,0.0295,0.5950,-2.8000,0.8050
62250728,sitting,-0.0090,-0.9987,0.0298,0.5250,-2.7300,0.7350
62250748,sitting,-0.0088,-0.9980,0.0303,0.5600,-2.8000,0.7700
62250767,sitting,-0.0083,-0.9987,0.0310,0.5600,-2.7650,0.7700
62250786,sitting,-0.0095,-0.9999,0.0307,0.5250,-2.7300,0.7700
62250805,sitting,-0.0088,-0.9992,0.0312,0.5600,-2.8000,0.7700
62250825,sitting,-0.0098,-0.9975,0.0307,0.5600,-2.7650,0.7700
62250844,sitting,-0.0088,-0.9984,0.0307,0.5600,-2.7650,0.7700
62250863,sitting,-0.0090,-0.9989,0.0295,0.5600,-2.7300,0.7700
62250882,sitting,-0.0090,-0.9984,0.0300,0.5600,-2.7300,0.7700
62250901,sitting,-0.0093,-0.9989,0.0305,0.5600,-2.7300,0.7700
62250921,sitting,-0.0095,-0.9984,0.0298,0.5600,-2.8000,0.7700
62250940,sitting,-0.0102,-0.9987,0.0307,0.5600,-2.7300,0.7700
62250959,sitting,-0.0098,-0.9987,0.0310,0.5250,-2.8000,0.7700
62250978,sitting,-0.0098,-0.9982,0.0298,0.5250,-2.7650,0.7700
62250998,sitting,-0.0090,-0.9989,0.0305,0.5250,-2.7650,0.7700
62251017,sitting,-0.0083,-0.9980,0.0320,0.5600,-2.7650,0.7700
62251036,sitting,-0.0083,-0.9982,0.0295,0.5600,-2.7650,0.7700
62251055,sitting,-0.0088,-0.9992,0.0307,0.5600,-2.7300,0.7700
62251075,sitting,-0.0090,-0.9987,0.0307,0.5600,-2.7650,0.7700
62251094,sitting,-0.0083,-0.9987,0.0315,0.5250,-2.7650,0.7350
62251113,sitting,-0.0088,-0.9982,0.0298,0.5950,-2.7650,0.7700
62251132,sitting,-0.0095,-0.9982,0.0305,0.5600,-2.7650,0.7700
62251151,sitting,-0.0098,-0.9989,0.0300,0.5600,-2.7300,0.7700
62251171,sitting,-0.0088,-0.9992,0.0298,0.5600,-2.7300,0.7700
62251190,sitting,-0.0090,-0.9975,0.0303,0.5600,-2.7650,0.8050
62251209,sitting,-0.0100,-0.9980,0.0305,0.5600,-2.7650,0.7700
62251228,sitting,-0.0100,-0.9980,0.0303,0.5600,-2.7650,0.7700
62251248,sitting,-0.0088,-0.9975,0.0298,0.5600,-2.7650,0.7700
62251267,sitting,-0.0100,-0.9972,0.0303,0.5600,-2.7300,0.7700
62251286,sitting,-0.0090,-0.9989,0.0307,0.5600,-2.7650,0.7700
62251305,sitting,-0.0095,-0.9989,0.0305,0.5600,-2.7300,0.7350
62251325,sitting,-0.0090,-0.9982,0.0312,0.5600,-2.7300,0.7700
62251344,sitting,-0.0095,-0.9989,0.0317,0.5600,-2.7650,0.7700
62251363,sitting,-0.0085,-0.9984,0.0312,0.5600,-2.8000,0.7700
62251382,sitting,-0.0085,-0.9982,0.0307,0.5600,-2.8000,0.7700
62251401,sitting,-0.0088,-0.9987,0.0307,0.5250,-2.8000,0.7700
62251421,sitting,-0.0090,-0.9984,0.0307,0.4900,-2.7300,0.7350
62251440,sitting,-0.0093,-0.9977,0.0305,0.5600,-2.7650,0.7700
62251459,sitting,-0.0083,-0.9980,0.0307,0.5600,-2.7650,0.7700
62251478,sitting,-0.0085,-0.9982,0.0305,0.5600,-2.7300,0.7700
62251498,sitting,-0.0078,-0.9980,0.0310,0.5250,-2.7300,0.8050
62251517,sitting,-0.0085,-0.9999,0.0310,0.5600,-2.8000,0.8050
62251536,sitting,-0.0088,-0.9980,0.0305,0.5600,-2.7300,0.7700
62251555,sitting,-0.0085,-0.9992,0.0303,0.5600,-2.7300,0.7700
62251575,sitting,-0.0083,-0.9975,0.0305,0.5600,-2.7650,0.7700
62251594,sitting,-0.0088,-0.9982,0.0307,0.5600,-2.7650,0.7700
62251613,sitting,-0.0088,-0.9989,0.0312,0.5950,-2.7650,0.7700
62251632,sitting,-0.0085,-0.9977,0.0315,0.5600,-2.7650,0.7700
62251651,sitting,-0.0098,-0.9992,0.0307,0.5600,-2.7300,0.7700
62251671,sitting,-0.0100,-0.9980,0.0310,0.4900,-2.7300,0.7350
62251690,sitting,-0.0088,-0.9997,0.0295,0.5600,-2.7650,0.7700
62251709,sitting,-0.0093,-0.9977,0.0305,0.5600,-2.8000,0.7700
62251728,sitting,-0.0085,-0.9997,0.0307,0.5600,-2.8000,0.7350
62251748,sitting,-0.0093,-0.9972,0.0312,0.5600,-2.7650,0.7700
62251767,sitting,-0.0098,-0.9975,0.0303,0.5250,-2.7300,0.7700
62251786,sitting,-0.0093,-0.9972,0.0300,0.5600,-2.7300,0.7350
62251805,sitting,-0.0085,-0.9984,0.0307,0.5600,-2.7300,0.7350
62251825,sitting,-0.0083,-0.9989,0.0303,0.5600,-2.7650,0.7700
62251844,sitting,-0.0093,-0.9984,0.0300,0.5600,-2.7650,0.7350
62251863,sitting,-0.0085,-0.9992,0.0298,0.5600,-2.7650,0.7350
62251882,sitting,-0.0095,-0.9984,0.0300,0.5950,-2.8000,0.7700
62251901,sitting,-0.0095,-0.9980,0.0312,0.5600,-2.7650,0.7350
62251921,sitting,-0.0090,-0.9989,0.0312,0.5600,-2.8000,0.7350
62251940,sitting,-0.0093,-0.9989,0.0305,0.5600,-2.7650,0.8050
62251959,sitting,-0.0085,-0.9982,0.0305,0.5600,-2.7650,0.7700
62251978,sitting,-0.0090,-0.9980,0.0303,0.5950,-2.7650,0.8050
62251998,sitting,-0.0102,-0.9980,0.0303,0.4900,-2.7650,0.7700
62252017,sitting,-0.0095,-0.9987,0.0310,0.5250,-2.8000,0.7700
62252036,sitting,-0.0083,-0.9989,0.0307,0.5600,-2.7650,0.7700
62252055,sitting,-0.0093,-0.9982,0.0305,0.5600,-2.7650,0.7700
62252075,sitting,-0.0088,-0.9992,0.0307,0.5600,-2.7300,0.7700
62252094,sitting,-0.0090,-0.9982,0.0315,0.5250,-2.7650,0.8050
62252113,sitting,-0.0102,-0.9982,0.0300,0.5250,-2.7300,0.7700
62252132,sitting,-0.0095,-0.9984,0.0310,0.5600,-2.7650,0.7700
62252151,sitting,-0.0088,-0.9980,0.0310,0.5600,-2.7650,0.7700
62252171,sitting,-0.0076,-0.9984,0.0310,0.5250,-2.7300,0.7700
62252190,sitting,-0.0078,-0.9982,0.0295,0.5600,-2.7650,0.7700
62252209,sitting,-0.0095,-0.9977,0.0303,0.5600,-2.7300,0.7700
62252228,sitting,-0.0095,-0.9980,0.0305,0.5600,-2.7300,0.7700
62252248,sitting,-0.0093,-0.9977,0.0307,0.5600,-2.7300,0.7700
62252267,sitting,-0.0083,-0.9980,0.0305,0.5600,-2.7650,0.7700
62252286,sitting,-0.0085,-0.9980,0.0305,0.5250,-2.7650,0.7350
62252305,sitting,-0.0090,-0.9989,0.0305,0.5600,-2.8000,0.7700
62252325,sitting,-0.0090,-0.9982,0.0298,0.5600,-2.7650,0.7700
62252344,sitting,-0.0083,-0.9987,0.0310,0.5600,-2.7650,0.7700
62252363,sitting,-0.0090,-0.9989,0.0312,0.5600,-2.7300,0.7700
62252382,sitting,-0.0085,-0.9984,0.0310,0.5600,-2.7300,0.7700
62252401,sitting,-0.0095,-0.9977,0.0303,0.5600,-2.7300,0.7700
62252421,sitting,-0.0098,-0.9987,0.0317,0.5600,-2.7300,0.7700
62252440,sitting,-0.0100,-0.9984,0.0303,0.5600,-2.7300,0.7700
62252459,sitting,-0.0090,-0.9977,0.0300,0.5600,-2.8000,0.7700
62252478,sitting,-0.0085,-0.9982,0.0312,0.5250,-2.7650,0.7700
62252498,sitting,-0.0085,-0.9982,0.0298,0.5600,-2.7650,0.8050
62252517,sitting,-0.0090,-0.9977,0.0307,0.5600,-2.7300,0.7700
62252536,sitting,-0.0085,-0.9984,0.0307,0.5250,-2.7300,0.7700
62252555,sitting,-0.0081,-0.9977,0.0300,0.5600,-2.7650,0.7700
62252575,sitting,-0.0090,-0.9989,0.0310,0.5600,-2.7650,0.7700
62252594,sitting,-0.0095,-0.9982,0.0310,0.5600,-2.7650,0.7700
62252613,sitting,-0.0093,-0.9994,0.0307,0.5600,-2.7650,0.8050
62252632,sitting,-0.0090,-0.9992,0.0307,0.5950,-2.7300,0.7700
62252651,sitting,-0.0100,-0.9980,0.0305,0.5250,-2.7300,0.7700
62252671,sitting,-0.0088,-0.9977,0.0310,0.5600,-2.7300,0.7350
62252690,sitting,-0.0090,-0.9987,0.0307,0.5600,-2.7650,0.7700
62252709,sitting,-0.0095,-0.9992,0.0305,0.5600,-2.7300,0.7700
62252728,sitting,-0.0098,-0.9980,0.0317,0.5250,-2.7650,0.7700
62252748,sitting,-0.0093,-0.9984,0.0310,0.5600,-2.8000,0.7700
62252767,sitting,-0.0095,-0.9994,0.0303,0.5600,-2.7650,0.7350
62252786,sitting,-0.0090,-0.9984,0.0303,0.5600,-2.7300,0.7700
62252805,sitting,-0.0093,-0.9984,0.0303,0.5600,-2.8000,0.7700
62252825,sitting,-0.0093,-0.9994,0.0312,0.5600,-2.8000,0.7700
62252844,sitting,-0.0098,-0.9980,0.0307,0.5600,-2.8000,0.8050
62252863,sitting,-0.0098,-0.9972,0.0307,0.5250,-2.8000,0.7700
62252882,sitting,-0.0088,-0.9975,0.0305,0.5250,-2.8000,0.7700
62252901,sitting,-0.0100,-0.9980,0.0303,0.5600,-2.7300,0.7700
62252921,sitting,-0.0095,-0.9972,0.0307,0.5600,-2.7300,0.7350
62252940,sitting,-0.0098,-0.9987,0.0303,0.5600,-2.7650,0.7700
62252959,sitting,-0.0090,-0.9987,0.0305,0.5950,-2.7650,0.7350
62252978,sitting,-0.0088,-0.9977,0.0298,0.5600,-2.7650,0.7700
62252998,sitting,-0.0090,-0.9984,0.0315,0.5600,-2.7300,0.7700
62253017,sitting,-0.0081,-0.9980,0.0307,0.5600,-2.7300,0.7700
62253036,sitting,-0.0098,-0.9989,0.0307,0.5600,-2.7650,0.7700
62253055,sitting,-0.0093,-0.9980,0.0310,0.5600,-2.7650,0.7700
62253075,sitting,-0.0088,-0.9984,0.0305,0.5600,-2.7650,0.7700
62253094,sitting,-0.0090,-0.9975,0.0307,0.5600,-2.7300,0.7700
62253113,sitting,-0.0085,-1.0002,0.0310,0.5600,-2.7650,0.7700
62253132,sitting,-0.0088,-0.9982,0.0312,0.5600,-2.8000,0.8050
62253151,sitting,-0.0083,-0.9987,0.0300,0.5250,-2.7300,0.7700
62253171,sitting,-0.0095,-0.9987,0.0307,0.5600,-2.7300,0.7700
62253190,sitting,-0.0098,-0.9987,0.0310,0.5600,-2.7650,0.7700
62253209,sitting,-0.0085,-0.9987,0.0303,0.5600,-2.7300,0.7350
62253228,sitting,-0.0093,-0.9984,0.0300,0.5950,-2.7300,0.7700
62253248,sitting,-0.0085,-0.9980,0.0312,0.5600,-2.7650,0.7700
62253267,sitting,-0.0095,-0.9984,0.0310,0.5600,-2.7650,0.7700
62253286,sitting,-0.0093,-0.9972,0.0310,0.5600,-2.8000,0.7700
62253305,sitting,-0.0100,-0.9980,0.0310,0.5600,-2.7300,0.7700
62253325,sitting,-0.0088,-0.9977,0.0312,0.5600,-2.7650,0.7350
62253344,sitting,-0.0088,-0.9989,0.0310,0.5600,-2.7650,0.7700
62253363,sitting,-0.0088,-0.9970,0.0312,0.5600,-2.7650,0.7700
62253382,sitting,-0.0095,-0.9984,0.0312,0.5600,-2.7650,0.7700
62253401,sitting,-0.0098,-0.9982,0.0303,0.5600,-2.8000,0.7700
62253421,sitting,-0.0093,-0.9989,0.0310,0.5250,-2.8000,0.7700
62253440,sitting,-0.0088,-0.9982,0.0315,0.5950,-2.7650,0.7700
62253459,sitting,-0.0083,-0.9984,0.0298,0.5950,-2.7650,0.7350
62253478,sitting,-0.0090,-0.9972,0.0305,0.5600,-2.8000,0.7700
62253498,sitting,-0.0095,-0.9984,0.0310,0.5250,-2.8000,0.7700
62253517,sitting,-0.0088,-0.9980,0.0315,0.5250,-2.7300,0.7700
62253536,sitting,-0.0093,-0.9977,0.0312,0.5600,-2.7300,0.7700
62253555,sitting,-0.0093,-0.9977,0.0303,0.5600,-2.7650,0.7700
62253575,sitting,-0.0100,-0.9989,0.0303,0.5250,-2.7650,0.7700
62253594,sitting,-0.0093,-0.9987,0.0303,0.5250,-2.7650,0.7700
62253613,sitting,-0.0090,-0.9987,0.0307,0.5600,-2.7300,0.7700
62253632,sitting,-0.0098,-0.9982,0.0300,0.5950,-2.7300,0.7700
62253651,sitting,-0.0090,-0.9984,0.0298,0.5600,-2.7300,0.7700
62253671,sitting,-0.0093,-0.9989,0.0312,0.5600,-2.7300,0.7700
62253690,sitting,-0.0090,-0.9980,0.0315,0.5600,-2.7650,0.7700
62253709,sitting,-0.0100,-0.9987,0.0300,0.5950,-2.7650,0.7700
62253728,sitting,-0.0093,-0.9997,0.0310,0.5600,-2.7300,0.7700
62253748,sitting,-0.0093,-0.9984,0.0300,0.5950,-2.7300,0.7700
62253767,sitting,-0.0093,-0.9975,0.0303,0.5950,-2.7650,0.7700
62253786,sitting,-0.0098,-0.9980,0.0303,0.5250,-2.7650,0.7700
62253805,sitting,-0.0095,-0.9989,0.0310,0.5600,-2.7300,0.7700
62253825,sitting,-0.0102,-0.9972,0.0298,0.5600,-2.7300,0.7000
62253844,sitting,-0.0095,-0.9989,0.0303,0.5600,-2.8000,0.7350
62253863,sitting,-0.0090,-0.9992,0.0305,0.5600,-2.7300,0.7350
62253882,sitting,-0.0090,-0.9980,0.0300,0.5950,-2.8000,0.7700
62253901,sitting,-0.0090,-0.9982,0.0303,0.5600,-2.7300,0.7700
62253921,sitting,-0.0093,-0.9982,0.0305,0.5600,-2.8000,0.7700
62253940,sitting,-0.0095,-0.9994,0.0298,0.5950,-2.8000,0.7700
62253959,sitting,-0.0085,-0.9975,0.0298,0.5600,-2.7650,0.7700
62253978,sitting,-0.0085,-0.9980,0.0305,0.5950,-2.7300,0.7700
62253998,sitting,-0.0095,-0.9984,0.0305,0.5250,-2.7650,0.8050
62254017,sitting,-0.0088,-0.9980,0.0303,0.5600,-2.7650,0.7700
62254036,sitting,-0.0090,-0.9980,0.0303,0.5250,-2.8000,0.7350
62254055,sitting,-0.0093,-0.9992,0.0303,0.5250,-2.8000,0.8050
62254075,sitting,-0.0085,-0.9987,0.0300,0.5600,-2.7650,0.7700
62254094,sitting,-0.0100,-0.9989,0.0303,0.5600,-2.7650,0.7700
62254113,sitting,-0.0105,-0.9992,0.0312,0.5600,-2.8000,0.7700
62254132,sitting,-0.0100,-0.9977,0.0305,0.5600,-2.7300,0.7700
62254151,sitting,-0.0095,-0.9984,0.0300,0.5600,-2.7300,0.7700
62254171,sitting,-0.0095,-0.9982,0.0307,0.5600,-2.7300,0.7700
62254190,sitting,-0.0085,-0.9982,0.0305,0.5250,-2.8000,0.7700
62254209,sitting,-0.0088,-0.9984,0.0312,0.5600,-2.7650,0.7700
62254228,sitting,-0.0093,-0.9972,0.0312,0.5600,-2.7300,0.7700
62254248,sitting,-0.0090,-0.9992,0.0310,0.5950,-2.7650,0.7700
62254267,sitting,-0.0095,-0.9987,0.0315,0.5600,-2.7300,0.8050
62254286,sitting,-0.0093,-0.9984,0.0307,0.5600,-2.7300,0.7700
62254305,sitting,-0.0090,-0.9984,0.0307,0.5600,-2.8000,0.7700
62254325,sitting,-0.0100,-0.9980,0.0300,0.5600,-2.7300,0.7350
62254344,sitting,-0.0088,-0.9987,0.0300,0.5600,-2.7650,0.7700
62254363,sitting,-0.0083,-0.9982,0.0303,0.5950,-2.8000,0.7700
62254382,sitting,-0.0093,-0.9984,0.0298,0.5600,-2.7650,0.7700
62254401,sitting,-0.0090,-0.9982,0.0303,0.5250,-2.7650,0.7700
62254421,sitting,-0.0090,-0.9989,0.0303,0.5600,-2.8000,0.7700
62254440,sitting,-0.0095,-0.9987,0.0312,0.5950,-2.8000,0.7700
62254459,sitting,-0.0095,-0.9980,0.0300,0.5600,-2.7650,0.7700
62254478,sitting,-0.0081,-0.9992,0.0295,0.5600,-2.7650,0.7700
62254498,sitting,-0.0088,-0.9967,0.0303,0.5950,-2.7300,0.7700
62254517,sitting,-0.0090,-0.9992,0.0295,0.5600,-2.7650,0.7700
62254536,sitting,-0.0081,-0.9987,0.0305,0.5600,-2.7300,0.7700
62254555,sitting,-0.0090,-0.9992,0.0305,0.5600,-2.7300,0.7350
62254575,sitting,-0.0093,-0.9980,0.0298,0.5250,-2.7300,0.7700
62254594,sitting,-0.0093,-0.9982,0.0303,0.5600,-2.7650,0.7700
62254613,sitting,-0.0083,-0.9980,0.0307,0.5250,-2.8000,0.7700
62254632,sitting,-0.0098,-0.9984,0.0303,0.5600,-2.7300,0.7700
62254651,sitting,-0.0102,-0.9997,0.0303,0.5600,-2.7300,0.7700
62254671,sitting,-0.0095,-0.9989,0.0303,0.5600,-2.7300,0.7700
62254690,sitting,-0.0088,-0.9975,0.0307,0.5600,-2.7300,0.7700
62254709,sitting,-0.0090,-0.9984,0.0307,0.5600,-2.7300,0.7350
62254728,sitting,-0.0093,-0.9994,0.0320,0.5600,-2.7300,0.7350
62254748,sitting,-0.0085,-0.9982,0.0307,0.5600,-2.7300,0.8050
62254767,sitting,-0.0100,-0.9984,0.0303,0.5600,-2.7650,0.7350
62254786,sitting,-0.0093,-0.9972,0.0312,0.5600,-2.8000,0.7700
62254805,sitting,-0.0088,-0.9975,0.0310,0.5600,-2.7650,0.7700
62254825,sitting,-0.0095,-0.9987,0.0303,0.5950,-2.7300,0.7700
62254844,sitting,-0.0090,-0.9980,0.0312,0.5600,-2.7300,0.7700
62254863,sitting,-0.0090,-0.9994,0.0310,0.4900,-2.7650,0.7000
62254882,sitting,-0.0095,-0.9982,0.0310,0.5600,-2.7300,0.7700
62254901,sitting,-0.0095,-0.9972,0.0307,0.5950,-2.7300,0.7700
62254921,sitting,-0.0090,-0.9994,0.0310,0.5600,-2.7300,0.7700
62254940,sitting,-0.0100,-0.9982,0.0307,0.5950,-2.7650,0.8050
62254959,sitting,-0.0095,-0.9994,0.0310,0.5600,-2.8000,0.7700
62254978,sitting,-0.0098,-0.9987,0.0312,0.5600,-2.8000,0.7700
62254998,sitting,-0.0098,-0.9982,0.0305,0.5600,-2.7650,0.7700
62255017,sitting,-0.0088,-0.9992,0.0307,0.5250,-2.7650,0.7700
62255036,sitting,-0.0095,-0.9980,0.0315,0.5250,-2.7650,0.7700
62255055,sitting,-0.0085,-0.9987,0.0298,0.5250,-2.8000,0.7700
62255075,sitting,-0.0095,-0.9980,0.0305,0.5250,-2.7300,0.7700
62255094,sitting,-0.0085,-0.9992,0.0310,0.4900,-2.7300,0.7700
62255113,sitting,-0.0095,-0.9975,0.0298,0.5600,-2.7300,0.7700
62255132,sitting,-0.0100,-0.9977,0.0303,0.5250,-2.7300,0.7700
62255151,sitting,-0.0098,-0.9992,0.0300,0.5250,-2.7650,0.7700
62255171,sitting,-0.0100,-0.9977,0.0310,0.5950,-2.7650,0.7700
62255190,sitting,-0.0098,-0.9987,0.0307,0.5250,-2.7300,0.8050
62255209,sitting,-0.0095,-0.9987,0.0305,0.5600,-2.8000,0.7700
62255228,sitting,-0.0095,-1.0006,0.0300,0.5600,-2.8000,0.7700
62255248,sitting,-0.0093,-0.9982,0.0305,0.5600,-2.7650,0.8050
62255267,sitting,-0.0090,-0.9984,0.0303,0.5600,-2.7300,0.7700
62255286,sitting,-0.0088,-0.9977,0.0307,0.5600,-2.8000,0.7700
62255305,sitting,-0.0088,-0.9975,0.0298,0.5600,-2.7300,0.7700
62255325,sitting,-0.0083,-0.9980,0.0303,0.5600,-2.7300,0.7700
62255344,sitting,-0.0098,-0.9982,0.0307,0.5600,-2.7650,0.7350
62255363,sitting,-0.0088,-0.9984,0.0305,0.5600,-2.7650,0.7700
62255382,sitting,-0.0083,-0.9970,0.0303,0.5600,-2.7650,0.8050
62255401,sitting,-0.0095,-0.9977,0.0295,0.5600,-2.8000,0.7700
62255421,sitting,-0.0090,-0.9984,0.0295,0.5600,-2.7650,0.7700
62255440,sitting,-0.0095,-0.9987,0.0305,0.5600,-2.8000,0.7700
62255459,sitting,-0.0088,-0.9992,0.0307,0.5600,-2.7300,0.7700
62255478,sitting,-0.0088,-0.9977,0.0317,0.5600,-2.8000,0.7700
62255498,sitting,-0.0088,-0.9977,0.0303,0.5250,-2.7300,0.7350
62255517,sitting,-0.0093,-0.9987,0.0310,0.5950,-2.7650,0.7700
62255536,sitting,-0.0088,-0.9984,0.0312,0.5250,-2.8000,0.8050
62255555,sitting,-0.0100,-0.9994,0.0307,0.5600,-2.7650,0.7700
62255575,sitting,-0.0088,-0.9987,0.0300,0.5600,-2.8000,0.7700
62255594,sitting,-0.0093,-0.9982,0.0295,0.5600,-2.7650,0.7700
62255613,sitting,-0.0085,-0.9980,0.0305,0.5600,-2.7650,0.7700
62255632,sitting,-0.0083,-0.9975,0.0295,0.5250,-2.7650,0.7700
62255651,sitting,-0.0095,-0.9970,0.0298,0.5250,-2.7300,0.7700
62255671,sitting,-0.0093,-0.9982,0.0307,0.5600,-2.7650,0.7700
62255690,sitting,-0.0083,-0.9982,0.0305,0.5600,-2.7300,0.7700
62255709,sitting,-0.0088,-0.9977,0.0307,0.5600,-2.7650,0.7700
62255728,sitting,-0.0095,-0.9989,0.0305,0.5600,-2.7300,0.8050
62255748,sitting,-0.0081,-0.9992,0.0305,0.5600,-2.7300,0.7700
62255767,sitting,-0.0093,-0.9984,0.0300,0.5600,-2.7300,0.7350
62255786,sitting,-0.0085,-0.9982,0.0303,0.5600,-2.7650,0.7700
62255805,sitting,-0.0090,-0.9982,0.0305,0.5600,-2.7300,0.7700
62255825,sitting,-0.0095,-0.9977,0.0315,0.5600,-2.7650,0.7350
62255844,sitting,-0.0095,-0.9980,0.0307,0.5600,-2.7650,0.7000
62255863,sitting,-0.0090,-0.9987,0.0305,0.5600,-2.7650,0.7700
62255882,sitting,-0.0088,-0.9987,0.0303,0.5600,-2.7300,0.7700
62255901,sitting,-0.0090,-0.9994,0.0303,0.5600,-2.7300,0.7350
62255921,sitting,-0.0088,-0.9984,0.0310,0.5600,-2.7300,0.7350
62255940,sitting,-0.0085,-0.9987,0.0312,0.5950,-2.7650,0.7700
62255959,sitting,-0.0095,-0.9984,0.0315,0.5600,-2.8000,0.7700
62255978,sitting,-0.0083,-0.9982,0.0312,0.5250,-2.8000,0.7700
62255998,sitting,-0.0088,-0.9982,0.0295,0.5600,-2.7650,0.7700
62256017,sitting,-0.0088,-0.9982,0.0305,0.5600,-2.7650,0.7700
62256036,sitting,-0.0088,-0.9980,0.0310,0.5600,-2.8000,0.7700
62256055,sitting,-0.0083,-0.9992,0.0298,0.5600,-2.8000,0.7700
62256075,sitting,-0.0090,-0.9982,0.0298,0.5600,-2.8000,0.7700
62256094,sitting,-0.0095,-0.9980,0.0303,0.5600,-2.7300,0.7700
62256113,sitting,-0.0098,-0.9984,0.0310,0.5250,-2.7650,0.8050
62256132,sitting,-0.0090,-0.9982,0.0305,0.4900,-2.7300,0.7700
62256151,sitting,-0.0093,-0.9972,0.0312,0.5600,-2.8000,0.7700
62256171,sitting,-0.0098,-0.9982,0.0307,0.5600,-2.7300,0.7700
62256190,sitting,-0.0098,-0.9987,0.0303,0.5600,-2.7650,0.7350
62256209,sitting,-0.0098,-0.9982,0.0298,0.5600,-2.7300,0.7700
62256228,sitting,-0.0090,-0.9994,0.0300,0.5600,-2.7650,0.7700
62256248,sitting,-0.0083,-0.9984,0.0303,0.5600,-2.7300,0.7700
62256267,sitting,-0.0090,-0.9984,0.0305,0.5250,-2.7650,0.7700
62256286,sitting,-0.0093,-0.9984,0.0303,0.5600,-2.7300,0.7700
62256305,sitting,-0.0085,-0.9987,0.0307,0.5600,-2.7300,0.7700
62256325,sitting,-0.0090,-0.9980,0.0315,0.5600,-2.7300,0.7700
62256344,sitting,-0.0095,-0.9975,0.0317,0.5600,-2.7300,0.7350
62256363,sitting,-0.0093,-0.9972,0.0300,0.5600,-2.7300,0.7350
62256382,sitting,-0.0095,-0.9982,0.0307,0.5600,-2.8000,0.7700
62256401,sitting,-0.0098,-0.9982,0.0307,0.5600,-2.7650,0.7700
62256421,sitting,-0.0088,-0.9989,0.0305,0.5250,-2.7300,0.7700
62256440,sitting,-0.0095,-0.9980,0.0310,0.5600,-2.7300,0.7700
62256459,sitting,-0.0088,-0.9982,0.0315,0.5600,-2.7300,0.7350
62256478,sitting,-0.0090,-0.9994,0.0305,0.5600,-2.8000,0.7700
62256498,sitting,-0.0100,-0.9984,0.0310,0.5250,-2.7650,0.7700
62256517,sitting,-0.0098,-0.9980,0.0303,0.5600,-2.7650,0.7700
62256536,sitting,-0.0090,-0.9989,0.0307,0.5600,-2.7650,0.7700
62256555,sitting,-0.0098,-0.9992,0.0310,0.5600,-2.7650,0.7700
62256575,sitting,-0.0093,-0.9975,0.0312,0.5250,-2.8000,0.7700
62256594,sitting,-0.0095,-0.9987,0.0305,0.5600,-2.7650,0.7700
62256613,sitting,-0.0090,-0.9984,0.0305,0.4900,-2.8000,0.7350
62256632,sitting,-0.0102,-0.9980,0.0317,0.5600,-2.7650,0.7700
62256651,sitting,-0.0098,-0.9984,0.0312,0.5600,-2.7650,0.7700
62256671,sitting,-0.0105,-0.9972,0.0310,0.5600,-2.8000,0.8400
62256690,sitting,-0.0093,-0.9980,0.0310,0.5250,-2.7650,0.7700
62256709,sitting,-0.0083,-0.9982,0.0307,0.5600,-2.7300,0.7700
62256728,sitting,-0.0093,-0.9972,0.0310,0.5600,-2.7300,0.7700
62256748,sitting,-0.0095,-0.9982,0.0303,0.5600,-2.7300,0.7700
62256767,sitting,-0.0085,-0.9989,0.0300,0.5600,-2.7650,0.7700
62256786,sitting,-0.0090,-0.9984,0.0310,0.5600,-2.7300,0.7700
62256805,sitting,-0.0090,-0.9989,0.0322,0.5600,-2.7300,0.7350
62256825,sitting,-0.0081,-0.9982,0.0320,0.5600,-2.7300,0.7700
62256844,sitting,-0.0095,-0.9970,0.0307,0.5950,-2.7300,0.8050
62256863,sitting,-0.0090,-0.9984,0.0312,0.5600,-2.7650,0.7350
62256882,sitting,-0.0093,-0.9982,0.0315,0.5600,-2.7300,0.7350
62256901,sitting,-0.0090,-0.9992,0.0317,0.5250,-2.7300,0.7350
62256921,sitting,-0.0078,-0.9994,0.0305,0.5600,-2.7300,0.7350
62256940,sitting,-0.0085,-0.9987,0.0315,0.5600,-2.7650,0.7000
62256959,sitting,-0.0095,-0.9982,0.0305,0.5600,-2.7650,0.7700
62256978,sitting,-0.0090,-0.9982,0.0303,0.5600,-2.7300,0.7700
62256998,sitting,-0.0093,-0.9982,0.0303,0.5600,-2.7300,0.7350
62257017,sitting,-0.0085,-0.9980,0.0298,0.5600,-2.7300,0.7700
62257036,sitting,-0.0085,-0.9987,0.0317,0.5250,-2.8000,0.7700
62257055,sitting,-0.0093,-0.9980,0.0300,0.5600,-2.8000,0.7350
62257075,sitting,-0.0098,-0.9970,0.0307,0.5600,-2.8000,0.7350
62257094,sitting,-0.0090,-0.9989,0.0312,0.5600,-2.7650,0.7700
62257113,sitting,-0.0083,-0.9977,0.0310,0.5600,-2.8000,0.7700
62257132,sitting,-0.0093,-0.9980,0.0293,0.5600,-2.8000,0.7700
62257151,sitting,-0.0098,-0.9987,0.0300,0.5600,-2.8000,0.7700
62257171,sitting,-0.0100,-0.9984,0.0300,0.5600,-2.7650,0.7700
62257190,sitting,-0.0098,-0.9977,0.0305,0.5250,-2.7650,0.7700
62257209,sitting,-0.0100,-0.9984,0.0305,0.5250,-2.8000,0.7700
62257228,sitting,-0.0098,-0.9977,0.0307,0.5250,-2.7300,0.7700
62257248,sitting,-0.0090,-0.9982,0.0307,0.5600,-2.8000,0.7700
62257267,sitting,-0.0085,-0.9994,0.0310,0.5600,-2.7650,0.7700
62257286,sitting,-0.0088,-0.9989,0.0305,0.5600,-2.7300,0.7700
62257305,sitting,-0.0088,-0.9977,0.0312,0.5600,-2.8000,0.7700
62257325,sitting,-0.0095,-0.9989,0.0298,0.5600,-2.7650,0.7700
62257344,sitting,-0.0090,-0.9992,0.0312,0.5250,-2.7650,0.7700
62257363,sitting,-0.0098,-0.9980,0.0312,0.5250,-2.7300,0.7700
62257382,sitting,-0.0088,-0.9977,0.0325,0.5600,-2.7300,0.7700
62257401,sitting,-0.0093,-0.9984,0.0303,0.5600,-2.7300,0.7700
62257421,sitting,-0.0093,-0.9994,0.0303,0.5600,-2.7650,0.7700
62257440,sitting,-0.0081,-0.9989,0.0305,0.5600,-2.8000,0.7700
62257459,sitting,-0.0095,-0.9980,0.0303,0.5600,-2.8000,0.7700
62257478,sitting,-0.0098,-0.9972,0.0305,0.5600,-2.7650,0.7700
62257498,sitting,-0.0100,-0.9984,0.0317,0.5600,-2.7650,0.7700
62257517,sitting,-0.0085,-0.9987,0.0307,0.5600,-2.7300,0.7700
62257536,sitting,-0.0090,-0.9989,0.0310,0.5600,-2.7300,0.7350
62257555,sitting,-0.0088,-0.9982,0.0298,0.5600,-2.7300,0.7700
62257575,sitting,-0.0090,-0.9987,0.0298,0.5600,-2.7650,0.7700
62257594,sitting,-0.0088,-0.9984,0.0305,0.5600,-2.8000,0.7700
62257613,sitting,-0.0090,-0.9989,0.0300,0.5600,-2.7650,0.7700
62257632,sitting,-0.0083,-0.9975,0.0298,0.5250,-2.7650,0.7700
62257651,sitting,-0.0095,-0.9987,0.0305,0.5600,-2.7650,0.8400
62257671,sitting,-0.0078,-0.9984,0.0295,0.5250,-2.7300,0.7700
62257690,sitting,-0.0095,-0.9975,0.0315,0.5600,-2.7650,0.7700
62257709,sitting,-0.0088,-0.9989,0.0317,0.5600,-2.8000,0.7700
62257728,sitting,-0.0093,-0.9984,0.0310,0.5600,-2.8000,0.7700
62257748,sitting,-0.0100,-0.9989,0.0310,0.5250,-2.7300,0.7700
62257767,sitting,-0.0093,-0.9987,0.0307,0.5250,-2.7650,0.7700
62257786,sitting,-0.0090,-0.9984,0.0298,0.5600,-2.7650,0.8050
62257805,sitting,-0.0095,-0.9984,0.0315,0.5600,-2.7300,0.7700
62257825,sitting,-0.0105,-0.9984,0.0312,0.5600,-2.7650,0.7700
62257844,sitting,-0.0095,-0.9994,0.0307,0.5600,-2.7300,0.7700
62257863,sitting,-0.0083,-0.9987,0.0310,0.5600,-2.7650,0.7700
62257882,sitting,-0.0093,-0.9982,0.0303,0.5600,-2.7650,0.7700
62257901,sitting,-0.0102,-0.9980,0.0298,0.5600,-2.8000,0.7700
62257921,sitting,-0.0102,-0.9984,0.0303,0.5600,-2.7300,0.7700
62257940,sitting,-0.0085,-0.9980,0.0305,0.5600,-2.7300,0.7350
62257959,sitting,-0.0095,-0.9975,0.0307,0.5600,-2.7650,0.7700
62257978,sitting,-0.0078,-0.9987,0.0298,0.5600,-2.7300,0.7700
62257998,sitting,-0.0098,-0.9987,0.0305,0.5600,-2.7650,0.7350
62258017,sitting,-0.0088,-0.9987,0.0312,0.5950,-2.7650,0.7700
62258036,sitting,-0.0083,-0.9992,0.0305,0.5600,-2.7650,0.7700
62258055,sitting,-0.0088,-0.9975,0.0307,0.5600,-2.7650,0.7700
62258075,sitting,-0.0085,-0.9982,0.0307,0.5600,-2.7650,0.7700
62258094,sitting,-0.0100,-0.9984,0.0290,0.5600,-2.7650,0.7700
62258113,sitting,-0.0105,-0.9984,0.0305,0.5250,-2.7650,0.7700
62258132,sitting,-0.0093,-0.9992,0.0300,0.5600,-2.8000,0.8050
62258151,sitting,-0.0088,-0.9989,0.0305,0.5250,-2.7300,0.8050
62258171,sitting,-0.0088,-0.9977,0.0298,0.5600,-2.7300,0.7700
62258190,sitting,-0.0088,-0.9977,0.0298,0.5600,-2.8000,0.7700
62258209,sitting,-0.0088,-0.9977,0.0303,0.5600,-2.7300,0.7700
62258228,sitting,-0.0100,-0.9977,0.0310,0.5600,-2.7650,0.7700
62258248,sitting,-0.0095,-0.9982,0.0317,0.5600,-2.7300,0.7700
62258267,sitting,-0.0098,-0.9977,0.0307,0.4900,-2.8000,0.7700
62258286,sitting,-0.0090,-0.9980,0.0303,0.5250,-2.8000,0.8050
62258305,sitting,-0.0095,-0.9977,0.0317,0.5250,-2.7650,0.7700
62258325,sitting,-0.0083,-0.9984,0.0298,0.5600,-2.7650,0.8050
62258344,sitting,-0.0088,-0.9987,0.0295,0.5600,-2.8000,0.7700
62258363,sitting,-0.0098,-0.9984,0.0300,0.5600,-2.7650,0.7350
62258382,sitting,-0.0076,-0.9982,0.0303,0.5250,-2.7300,0.7700
62258401,sitting,-0.0090,-0.9984,0.0312,0.5250,-2.7300,0.7700
62258421,sitting,-0.0083,-0.9982,0.0307,0.5600,-2.7650,0.7700
62258440,sitting,-0.0095,-0.9977,0.0298,0.5600,-2.7300,0.7700
62258459,sitting,-0.0098,-0.9984,0.0298,0.5600,-2.7300,0.7700
62258478,sitting,-0.0085,-0.9984,0.0300,0.5950,-2.7300,0.7700
62258498,sitting,-0.0090,-0.9987,0.0307,0.5600,-2.7650,0.7700
62258517,sitting,-0.0083,-0.9987,0.0310,0.5600,-2.7300,0.7700
62258536,sitting,-0.0083,-0.9975,0.0315,0.5600,-2.8000,0.7000
62258555,sitting,-0.0088,-0.9987,0.0310,0.5600,-2.7650,0.7350
62258575,sitting,-0.0085,-0.9987,0.0322,0.5600,-2.7300,0.7700
62258594,sitting,-0.0090,-0.9989,0.0303,0.5600,-2.8000,0.7350
62258613,sitting,-0.0093,-0.9989,0.0303,0.5600,-2.7650,0.7700
62258632,sitting,-0.0090,-0.9980,0.0303,0.5950,-2.8000,0.7700
62258651,sitting,-0.0093,-0.9992,0.0307,0.5600,-2.8000,0.7350
62258671,sitting,-0.0093,-0.9989,0.0303,0.5600,-2.8000,0.7700
62258690,sitting,-0.0093,-0.9987,0.0293,0.5600,-2.7650,0.7700
62258709,sitting,-0.0085,-0.9992,0.0295,0.5600,-2.8000,0.8050
62258728,sitting,-0.0090,-0.9980,0.0312,0.5600,-2.7300,0.7700
62258748,sitting,-0.0081,-0.9982,0.0315,0.5600,-2.7300,0.7700
62258767,sitting,-0.0098,-0.9980,0.0310,0.5600,-2.7300,0.7700
62258786,sitting,-0.0098,-0.9984,0.0310,0.4900,-2.7650,0.7700
62258805,sitting,-0.0090,-0.9992,0.0312,0.5600,-2.7650,0.7700
62258825,sitting,-0.0098,-0.9982,0.0307,0.5250,-2.8000,0.7700
62258844,sitting,-0.0088,-0.9987,0.0310,0.5600,-2.7300,0.7700
62258863,sitting,-0.0088,-0.9975,0.0312,0.5600,-2.7300,0.7700
62258882,sitting,-0.0083,-0.9970,0.0305,0.5600,-2.7300,0.7700
62258901,sitting,-0.0098,-0.9975,0.0307,0.5600,-2.7300,0.7700
62258921,sitting,-0.0093,-0.9987,0.0307,0.5600,-2.7300,0.7700
62258940,sitting,-0.0085,-0.9987,0.0315,0.5250,-2.7650,0.7700
62258959,sitting,-0.0078,-0.9994,0.0303,0.5600,-2.7300,0.7700
62258978,sitting,-0.0100,-0.9989,0.0305,0.5250,-2.7300,0.7700
62258998,sitting,-0.0102,-0.9984,0.0307,0.5600,-2.7300,0.7700
62259017,sitting,-0.0093,-0.9984,0.0295,0.5600,-2.7300,0.7700
62259036,sitting,-0.0098,-0.9980,0.0305,0.5250,-2.7650,0.7700
62259055,sitting,-0.0081,-0.9999,0.0303,0.5600,-2.7650,0.7700
62259075,sitting,-0.0095,-0.9982,0.0310,0.5600,-2.7650,0.7700
62259094,sitting,-0.0093,-0.9984,0.0303,0.5600,-2.7650,0.7700
62259113,sitting,-0.0098,-0.9980,0.0307,0.5250,-2.7650,0.7700
62259132,sitting,-0.0098,-0.9984,0.0307,0.5600,-2.8000,0.7700
62259151,sitting,-0.0083,-0.9982,0.0315,0.5250,-2.7650,0.7700
62259171,sitting,-0.0088,-0.9977,0.0305,0.5600,-2.7300,0.7700
62259190,sitting,-0.0088,-0.9975,0.0310,0.5600,-2.7650,0.7700
62259209,sitting,-0.0095,-0.9970,0.0310,0.5600,-2.8000,0.7700
62259228,sitting,-0.0098,-0.9977,0.0307,0.5600,-2.7650,0.7700
62259248,sitting,-0.0095,-0.9987,0.0307,0.5250,-2.7650,0.7700
62259267,sitting,-0.0095,-0.9977,0.0307,0.5600,-2.7300,0.8050
62259286,sitting,-0.0085,-0.9982,0.0305,0.5600,-2.7300,0.7700
62259305,sitting,-0.0102,-0.9987,0.0298,0.5600,-2.7650,0.7700
62259325,sitting,-0.0093,-0.9984,0.0307,0.5600,-2.8000,0.7700
62259344,sitting,-0.0107,-0.9992,0.0295,0.5600,-2.7650,0.7700
62259363,sitting,-0.0107,-0.9975,0.0300,0.5600,-2.7650,0.7700
62259382,sitting,-0.0095,-0.9987,0.0320,0.5250,-2.7300,0.7700
62259401,sitting,-0.0088,-0.9984,0.0305,0.5600,-2.7300,0.8050
62259421,sitting,-0.0093,-0.9980,0.0305,0.6300,-2.7300,0.8050
62259440,sitting,-0.0095,-0.9997,0.0310,0.5600,-2.7650,0.7700
62259459,sitting,-0.0093,-0.9984,0.0310,0.5600,-2.7300,0.7700
62259478,sitting,-0.0098,-0.9992,0.0300,0.5600,-2.8000,0.7350
62259498,sitting,-0.0083,-0.9980,0.0293,0.5600,-2.7650,0.7700
62259517,sitting,-0.0095,-0.9984,0.0305,0.5250,-2.7300,0.7700
62259536,sitting,-0.0093,-0.9982,0.0305,0.5600,-2.7650,0.7700
62259555,sitting,-0.0090,-0.9987,0.0303,0.5600,-2.7650,0.7350
62259575,sitting,-0.0085,-0.9992,0.0303,0.5600,-2.7650,0.7700
62259594,sitting,-0.0090,-0.9982,0.0307,0.5600,-2.7300,0.7700
62259613,sitting,-0.0093,-0.9975,0.0317,0.5600,-2.7650,0.7700
62259632,sitting,-0.0105,-0.9980,0.0310,0.5950,-2.7650,0.7700
62259651,sitting,-0.0085,-0.9982,0.0310,0.5600,-2.8000,0.7700
62259671,sitting,-0.0090,-0.9994,0.0303,0.5600,-2.7650,0.7700
62259690,sitting,-0.0081,-0.9989,0.0310,0.5250,-2.8000,0.7700
62259709,sitting,-0.0085,-0.9982,0.0307,0.5950,-2.7650,0.7700
62259728,sitting,-0.0102,-0.9987,0.0317,0.5250,-2.8000,0.8050
62259748,sitting,-0.0095,-0.9977,0.0307,0.5250,-2.7300,0.7700
62259767,sitting,-0.0085,-0.9992,0.0298,0.5600,-2.8000,0.7350
62259786,sitting,-0.0090,-0.9984,0.0305,0.5250,-2.7300,0.7700
62259805,sitting,-0.0083,-0.9989,0.0310,0.5600,-2.8000,0.7350
62259825,sitting,-0.0098,-0.9984,0.0305,0.5600,-2.7650,0.8050
62259844,sitting,-0.0098,-0.9987,0.0307,0.5600,-2.7650,0.8050
62259863,sitting,-0.0093,-0.9984,0.0317,0.5600,-2.7300,0.7700
62259882,sitting,-0.0093,-0.9989,0.0305,0.5600,-2.7650,0.7700
62259901,sitting,-0.0088,-0.9997,0.0310,0.5600,-2.7650,0.7700
62259921,sitting,-0.0095,-0.9982,0.0310,0.5600,-2.7650,0.7700
62259940,sitting,-0.0090,-0.9984,0.0312,0.5600,-2.7650,0.7700
62259959,sitting,-0.0085,-0.9989,0.0310,0.5600,-2.7300,0.7700
62259978,sitting,-0.0100,-0.9984,0.0298,0.5600,-2.7300,0.7350
62259998,sitting,-0.0095,-0.9987,0.0298,0.5950,-2.7650,0.7700
62260017,sitting,-0.0102,-0.9982,0.0290,0.5600,-2.7300,0.7700
62260036,sitting,-0.0081,-0.9987,0.0307,0.5600,-2.8000,0.7700
62260055,sitting,-0.0085,-0.9987,0.0307,0.5600,-2.7300,0.7700
62260075,sitting,-0.0090,-0.9994,0.0312,0.5600,-2.7650,0.7700
62260094,sitting,-0.0093,-0.9987,0.0312,0.5950,-2.7650,0.7350
62260113,sitting,-0.0090,-0.9982,0.0293,0.5600,-2.7650,0.7700
62260132,sitting,-0.0083,-0.9980,0.0295,0.5600,-2.7650,0.7700
62260151,sitting,-0.0090,-0.9989,0.0295,0.5950,-2.7300,0.7700
62260171,sitting,-0.0090,-0.9982,0.0307,0.5600,-2.7300,0.7700
62260190,sitting,-0.0093,-0.9977,0.0315,0.5600,-2.8000,0.7700
62260209,sitting,-0.0085,-0.9984,0.0305,0.5950,-2.7650,0.7700
62260228,sitting,-0.0093,-0.9977,0.0300,0.5600,-2.8000,0.7700
62260248,sitting,-0.0095,-0.9982,0.0307,0.5600,-2.7300,0.7700
62260267,sitting,-0.0098,-0.9980,0.0303,0.5600,-2.8000,0.7700
62260286,sitting,-0.0095,-0.9980,0.0303,0.5600,-2.8000,0.7350
62260305,sitting,-0.0095,-0.9989,0.0320,0.5250,-2.8000,0.7700
62260325,sitting,-0.0093,-0.9987,0.0312,0.5600,-2.7650,0.7700
62260344,sitting,-0.0088,-0.9984,0.0312,0.5600,-2.7650,0.7700
62260363,sitting,-0.0098,-0.9987,0.0303,0.5250,-2.8000,0.7350
62260382,sitting,-0.0090,-0.9980,0.0303,0.5250,-2.7300,0.7700
62260401,sitting,-0.0088,-0.9989,0.0310,0.5600,-2.7300,0.8050
62260421,sitting,-0.0093,-0.9992,0.0315,0.5600,-2.7650,0.8050
62260440,sitting,-0.0093,-0.9980,0.0303,0.5600,-2.8000,0.7700
62260459,sitting,-0.0090,-0.9980,0.0295,0.5250,-2.7650,0.7700
62260478,sitting,-0.0085,-0.9989,0.0305,0.5600,-2.7300,0.7700
62260498,sitting,-0.0095,-0.9980,0.0305,0.5600,-2.8000,0.7700
62260517,sitting,-0.0095,-0.9987,0.0315,0.5250,-2.7300,0.7700
62260536,sitting,-0.0085,-0.9984,0.0307,0.5600,-2.8000,0.7700
62260555,sitting,-0.0081,-0.9987,0.0312,0.5600,-2.7300,0.7700
62260575,sitting,-0.0088,-0.9982,0.0307,0.5600,-2.8000,0.7700
62260594,sitting,-0.0088,-0.9984,0.0303,0.5250,-2.7650,0.7700
62260613,sitting,-0.0093,-0.9982,0.0307,0.5600,-2.7300,0.7700
62260632,sitting,-0.0095,-0.9980,0.0300,0.5250,-2.7650,0.7700
62260651,sitting,-0.0095,-0.9984,0.0303,0.5600,-2.7650,0.7700
62260671,sitting,-0.0093,-0.9984,0.0312,0.5600,-2.7650,0.7700
62260690,sitting,-0.0098,-0.9989,0.0307,0.5600,-2.7300,0.7000
62260709,sitting,-0.0095,-0.9984,0.0315,0.5600,-2.7300,0.7700
62260728,sitting,-0.0102,-0.9982,0.0312,0.5600,-2.7650,0.7700
62260748,sitting,-0.0088,-0.9987,0.0315,0.5600,-2.8000,0.7700
62260767,sitting,-0.0098,-0.9987,0.0300,0.5600,-2.7300,0.7350
62260786,sitting,-0.0095,-0.9992,0.0305,0.5600,-2.7650,0.7700
62260805,sitting,-0.0085,-0.9982,0.0310,0.5250,-2.7300,0.8050
62260825,sitting,-0.0088,-0.9980,0.0300,0.5250,-2.7650,0.8050
62260844,sitting,-0.0093,-0.9972,0.0315,0.5600,-2.7300,0.7700
62260863,sitting,-0.0090,-0.9977,0.0312,0.5600,-2.7300,0.7700
62260882,sitting,-0.0088,-0.9984,0.0307,0.5250,-2.7300,0.7700
62260901,sitting,-0.0081,-0.9987,0.0310,0.5600,-2.7300,0.8050
62260921,sitting,-0.0085,-0.9980,0.0310,0.5600,-2.7300,0.7700
62260940,sitting,-0.0093,-0.9992,0.0310,0.5950,-2.7650,0.7700
62260959,sitting,-0.0100,-0.9987,0.0320,0.5600,-2.7650,0.7700
62260978,sitting,-0.0088,-0.9980,0.0312,0.5950,-2.7650,0.7350
62260998,sitting,-0.0095,-0.9982,0.0298,0.5950,-2.7300,0.7700
62261017,sitting,-0.0090,-0.9984,0.0305,0.5950,-2.8000,0.7700
62261036,sitting,-0.0088,-0.9982,0.0310,0.5600,-2.7650,0.7700
62261055,sitting,-0.0085,-0.9997,0.0310,0.5600,-2.7300,0.7700
62261075,sitting,-0.0098,-0.9989,0.0307,0.5600,-2.7300,0.7700
62261094,sitting,-0.0098,-0.9975,0.0310,0.5600,-2.7300,0.7700
62261113,sitting,-0.0088,-0.9980,0.0317,0.5600,-2.7650,0.7700
62261132,sitting,-0.0093,-0.9992,0.0303,0.5600,-2.7650,0.7700
62261151,sitting,-0.0088,-0.9989,0.0303,0.5600,-2.7650,0.7700
62261171,sitting,-0.0088,-0.9977,0.0305,0.5600,-2.7300,0.7700
62261190,sitting,-0.0090,-0.9972,0.0305,0.5600,-2.7300,0.7700
62261209,sitting,-0.0088,-0.9987,0.0300,0.5600,-2.8000,0.7700
62261228,sitting,-0.0098,-0.9987,0.0305,0.5600,-2.7650,0.7700
62261248,sitting,-0.0100,-0.9982,0.0288,0.5600,-2.7300,0.7700
62261267,sitting,-0.0088,-0.9980,0.0310,0.4900,-2.7650,0.7700
62261286,sitting,-0.0098,-0.9972,0.0312,0.5600,-2.8000,0.8050
62261305,sitting,-0.0095,-0.9977,0.0298,0.5600,-2.7650,0.7700
62261325,sitting,-0.0090,-0.9980,0.0305,0.5250,-2.7300,0.8050
62261344,sitting,-0.0090,-0.9984,0.0312,0.5600,-2.7650,0.7700
62261363,sitting,-0.0088,-0.9980,0.0303,0.5250,-2.7300,0.7700
62261382,sitting,-0.0090,-0.9982,0.0305,0.5600,-2.7650,0.7700
62261401,sitting,-0.0090,-0.9992,0.0305,0.5600,-2.8000,0.7700
62261421,sitting,-0.0100,-0.9989,0.0310,0.5600,-2.8000,0.8400
62261440,sitting,-0.0095,-0.9997,0.0303,0.5600,-2.7300,0.7700
62261459,sitting,-0.0085,-0.9989,0.0307,0.5600,-2.7300,0.7700
62261478,sitting,-0.0083,-0.9984,0.0310,0.5600,-2.7300,0.7700
62261498,sitting,-0.0088,-0.9980,0.0310,0.5600,-2.7650,0.7700
62261517,sitting,-0.0090,-0.9987,0.0305,0.5600,-2.7300,0.7700
62261536,sitting,-0.0093,-0.9975,0.0310,0.5600,-2.7300,0.8050
62261555,sitting,-0.0085,-0.9975,0.0300,0.5600,-2.7300,0.7700
62261575,sitting,-0.0088,-0.9982,0.0305,0.5950,-2.7650,0.7700
62261594,sitting,-0.0093,-0.9984,0.0303,0.5600,-2.7650,0.7700
62261613,sitting,-0.0093,-0.9975,0.0307,0.5600,-2.7300,0.7350
62261632,sitting,-0.0088,-0.9989,0.0300,0.5600,-2.7300,0.7350
62261651,sitting,-0.0095,-0.9980,0.0295,0.5600,-2.7650,0.7700
62261671,sitting,-0.0102,-0.9980,0.0303,0.5600,-2.7650,0.7700
62261690,sitting,-0.0098,-0.9984,0.0300,0.5600,-2.7300,0.7700
62261709,sitting,-0.0098,-0.9987,0.0300,0.5600,-2.7300,0.7700
62261728,sitting,-0.0093,-0.9980,0.0300,0.5600,-2.7300,0.7700
62261748,sitting,-0.0093,-0.9980,0.0305,0.5250,-2.8000,0.7700
62261767,sitting,-0.0088,-0.9987,0.0303,0.5250,-2.8000,0.7700
62261786,sitting,-0.0093,-0.9982,0.0303,0.5600,-2.8000,0.8050
62261805,sitting,-0.0093,-0.9987,0.0310,0.5600,-2.7300,0.8050
62261825,sitting,-0.0098,-0.9987,0.0305,0.5600,-2.8000,0.8050
62261844,sitting,-0.0081,-0.9994,0.0303,0.5600,-2.7650,0.7700
62261863,sitting,-0.0088,-0.9989,0.0298,0.5600,-2.7300,0.7000
62261882,sitting,-0.0088,-0.9987,0.0307,0.5250,-2.7650,0.7350
62261901,sitting,-0.0078,-0.9972,0.0312,0.5600,-2.7300,0.7700
62261921,sitting,-0.0090,-0.9984,0.0295,0.5250,-2.7650,0.7700
62261940,sitting,-0.0090,-0.9984,0.0300,0.5250,-2.7300,0.7700
62261959,sitting,-0.0090,-0.9980,0.0307,0.5250,-2.8000,0.7700
62261978,sitting,-0.0085,-0.9980,0.0315,0.5600,-2.8000,0.7700
62261998,sitting,-0.0085,-0.9980,0.0312,0.5250,-2.7300,0.8050
62262017,sitting,-0.0085,-0.9980,0.0312,0.5950,-2.7300,0.7700
62262036,sitting,-0.0085,-0.9977,0.0310,0.5600,-2.7300,0.7700
62262055,sitting,-0.0083,-0.9975,0.0303,0.5250,-2.7300,0.7700
62262075,sitting,-0.0083,-0.9982,0.0303,0.5600,-2.7300,0.7700
62262094,sitting,-0.0098,-0.9977,0.0307,0.5250,-2.7650,0.7700
62262113,sitting,-0.0098,-0.9984,0.0298,0.5250,-2.7650,0.7700
62262132,sitting,-0.0090,-0.9989,0.0295,0.5250,-2.7300,0.7700
62262151,sitting,-0.0090,-0.9977,0.0305,0.5600,-2.7300,0.7700
62262171,sitting,-0.0085,-0.9987,0.0310,0.5600,-2.8000,0.7700
62262190,sitting,-0.0085,-0.9989,0.0300,0.5600,-2.7300,0.7700
62262209,sitting,-0.0093,-0.9980,0.0305,0.5600,-2.7650,0.7000
62262228,sitting,-0.0083,-0.9984,0.0312,0.5950,-2.7650,0.7000
62262248,sitting,-0.0095,-0.9987,0.0312,0.5600,-2.7300,0.7700
62262267,sitting,-0.0093,-0.9975,0.0317,0.5600,-2.7650,0.7700
62262286,sitting,-0.0090,-0.9982,0.0305,0.5600,-2.7300,0.7700
62262305,sitting,-0.0076,-0.9987,0.0303,0.5600,-2.8000,0.7700
62262325,sitting,-0.0085,-0.9970,0.0312,0.5600,-2.7650,0.7700
62262344,sitting,-0.0085,-0.9987,0.0310,0.5600,-2.7650,0.7700
62262363,sitting,-0.0098,-0.9984,0.0315,0.5600,-2.7650,0.7700
62262382,sitting,-0.0090,-0.9980,0.0310,0.5600,-2.8000,0.7700
62262401,sitting,-0.0088,-0.9982,0.0315,0.5600,-2.7300,0.7700
62262421,sitting,-0.0083,-0.9982,0.0305,0.5600,-2.8000,0.7700
62262440,sitting,-0.0093,-0.9972,0.0315,0.5600,-2.8000,0.7700
62262459,sitting,-0.0098,-0.9977,0.0312,0.5600,-2.8000,0.7350
62262478,sitting,-0.0095,-0.9987,0.0303,0.5250,-2.7300,0.7700
62262498,sitting,-0.0090,-0.9980,0.0298,0.5600,-2.7650,0.7700
62262517,sitting,-0.0085,-0.9989,0.0300,0.5950,-2.7650,0.7700
62262536,sitting,-0.0083,-0.9984,0.0290,0.5600,-2.7300,0.7700
62262555,sitting,-0.0088,-0.9984,0.0312,0.5600,-2.7300,0.7700
62262575,sitting,-0.0090,-0.9982,0.0310,0.5600,-2.7300,0.7700
62262594,sitting,-0.0088,-0.9975,0.0307,0.5950,-2.7300,0.7700
62262613,sitting,-0.0095,-0.9984,0.0295,0.5600,-2.7300,0.7700
62262632,sitting,-0.0085,-0.9982,0.0300,0.5600,-2.7650,0.7350
62262651,sitting,-0.0088,-0.9989,0.0312,0.5600,-2.7300,0.7700
62262671,sitting,-0.0098,-0.9992,0.0305,0.5600,-2.7300,0.7700
62262690,sitting,-0.0088,-0.9982,0.0310,0.5250,-2.7300,0.7700
62262709,sitting,-0.0095,-0.9984,0.0300,0.5600,-2.7300,0.7350
62262728,sitting,-0.0095,-0.9987,0.0303,0.5600,-2.7650,0.7350
62262748,sitting,-0.0085,-0.9987,0.0305,0.5600,-2.7300,0.7700
62262767,sitting,-0.0095,-0.9987,0.0300,0.5250,-2.7650,0.7350
62262786,sitting,-0.0085,-0.9989,0.0307,0.5600,-2.8000,0.7700
62262805,sitting,-0.0088,-0.9989,0.0310,0.5250,-2.7300,0.8050
62262825,sitting,-0.0090,-0.9977,0.0303,0.5600,-2.7300,0.8050
62262844,sitting,-0.0093,-0.9977,0.0303,0.5600,-2.7650,0.7700
62262863,sitting,-0.0095,-0.9984,0.0310,0.5600,-2.7650,0.7350
62262882,sitting,-0.0088,-0.9975,0.0310,0.5600,-2.7650,0.7700
62262901,sitting,-0.0088,-0.9972,0.0305,0.5600,-2.8000,0.7700
62262921,sitting,-0.0083,-0.9980,0.0310,0.5250,-2.7300,0.8400
62262940,sitting,-0.0093,-0.9982,0.0303,0.5600,-2.7650,0.7700
62262959,sitting,-0.0088,-0.9975,0.0312,0.5600,-2.7300,0.7700
62262978,sitting,-0.0090,-0.9982,0.0305,0.5250,-2.7300,0.7700
62262998,sitting,-0.0095,-0.9982,0.0300,0.5250,-2.7300,0.7700
62263017,sitting,-0.0088,-0.9977,0.0298,0.5600,-2.7300,0.7700
62263036,sitting,-0.0090,-0.9984,0.0312,0.5600,-2.7300,0.7700
62263055,sitting,-0.0085,-0.9987,0.0307,0.5600,-2.7650,0.8050
62263075,sitting,-0.0088,-0.9980,0.0317,0.5600,-2.8000,0.7700
62263094,sitting,-0.0093,-0.9980,0.0312,0.5600,-2.7650,0.7700
62263113,sitting,-0.0088,-0.9992,0.0307,0.5600,-2.7300,0.7700
62263132,sitting,-0.0098,-0.9984,0.0312,0.5600,-2.8000,0.8050
62263151,sitting,-0.0100,-0.9982,0.0303,0.5600,-2.7300,0.7700
62263171,sitting,-0.0098,-0.9982,0.0315,0.5600,-2.7300,0.7700
62263190,sitting,-0.0085,-0.9982,0.0305,0.5250,-2.7650,0.7350
62263209,sitting,-0.0093,-0.9980,0.0307,0.5600,-2.7650,0.7700
62263228,sitting,-0.0085,-0.9977,0.0315,0.5600,-2.7650,0.7350
62263248,sitting,-0.0088,-0.9977,0.0295,0.5600,-2.7300,0.7350
62263267,sitting,-0.0093,-0.9980,0.0298,0.5600,-2.7300,0.7700
62263286,sitting,-0.0100,-0.9980,0.0300,0.5600,-2.7650,0.7350
62263305,sitting,-0.0093,-0.9982,0.0298,0.5600,-2.7650,0.7700
62263325,sitting,-0.0098,-0.9982,0.0295,0.5600,-2.8000,0.7700
62263344,sitting,-0.0088,-0.9982,0.0315,0.5250,-2.7300,0.7700
62263363,sitting,-0.0095,-0.9989,0.0307,0.5250,-2.7650,0.7350
62263382,sitting,-0.0090,-0.9975,0.0307,0.5250,-2.7300,0.7700
62263401,sitting,-0.0095,-0.9987,0.0312,0.5600,-2.7300,0.7700
62263421,sitting,-0.0090,-0.9975,0.0305,0.5600,-2.7300,0.7700
62263440,sitting,-0.0088,-0.9989,0.0307,0.5250,-2.7650,0.7700
62263459,sitting,-0.0093,-0.9989,0.0305,0.5600,-2.7650,0.8050
62263478,sitting,-0.0090,-0.9987,0.0300,0.4900,-2.7300,0.7700
62263498,sitting,-0.0090,-0.9982,0.0293,0.5950,-2.8000,0.7700
62263517,sitting,-0.0085,-0.9972,0.0312,0.5600,-2.7650,0.7700
62263536,sitting,-0.0090,-0.9980,0.0312,0.5600,-2.7300,0.7700
62263555,sitting,-0.0093,-0.9987,0.0300,0.5600,-2.8000,0.7700
62263575,sitting,-0.0090,-0.9984,0.0295,0.5600,-2.7650,0.7700
62263594,sitting,-0.0076,-0.9980,0.0300,0.5600,-2.7300,0.8050
62263613,sitting,-0.0098,-0.9992,0.0307,0.5600,-2.7300,0.7700
62263632,sitting,-0.0100,-0.9989,0.0305,0.5600,-2.7300,0.7700
62263651,sitting,-0.0090,-0.9980,0.0305,0.5600,-2.7300,0.7350
62263671,sitting,-0.0098,-0.9987,0.0303,0.5600,-2.7650,0.7700
62263690,sitting,-0.0088,-0.9987,0.0298,0.5600,-2.7650,0.7000
62263709,sitting,-0.0085,-0.9989,0.0307,0.5600,-2.8000,0.7350
62263728,sitting,-0.0095,-0.9980,0.0303,0.5600,-2.7300,0.7700
62263748,sitting,-0.0093,-0.9982,0.0305,0.5600,-2.7300,0.7350
62263767,sitting,-0.0095,-0.9984,0.0298,0.5600,-2.7300,0.7700
62263786,sitting,-0.0102,-0.9989,0.0315,0.5250,-2.7300,0.7350
62263805,sitting,-0.0102,-0.9987,0.0320,0.5950,-2.7650,0.7700
62263825,sitting,-0.0107,-0.9984,0.0310,0.5600,-2.7650,0.8050
62263844,sitting,-0.0090,-0.9992,0.0295,0.5600,-2.7300,0.7700
62263863,sitting,-0.0098,-0.9984,0.0305,0.5600,-2.7650,0.7700
62263882,sitting,-0.0088,-0.9982,0.0300,0.5600,-2.7650,0.7700
62263901,sitting,-0.0083,-0.9972,0.0298,0.5600,-2.8000,0.7700
62263921,sitting,-0.0085,-0.9982,0.0298,0.5250,-2.7300,0.7700
62263940,sitting,-0.0085,-0.9984,0.0310,0.5600,-2.7300,0.7350
62263959,sitting,-0.0078,-0.9977,0.0310,0.5600,-2.8000,0.7700
62263978,sitting,-0.0090,-0.9982,0.0305,0.5600,-2.8000,0.7350
62263998,sitting,-0.0093,-0.9987,0.0300,0.4900,-2.7650,0.7700
62264017,sitting,-0.0098,-0.9977,0.0303,0.5600,-2.7300,0.7700
62264036,sitting,-0.0098,-0.9980,0.0307,0.5250,-2.7300,0.7700
62264055,sitting,-0.0098,-0.9989,0.0307,0.5600,-2.7300,0.8050
62264075,sitting,-0.0093,-0.9989,0.0305,0.5600,-2.7650,0.8050
62264094,sitting,-0.0095,-0.9984,0.0307,0.5600,-2.7650,0.7700
62264113,sitting,-0.0095,-0.9975,0.0303,0.5600,-2.7300,0.7700
62264132,sitting,-0.0090,-0.9987,0.0307,0.5600,-2.7300,0.7700
62264151,sitting,-0.0090,-0.9987,0.0312,0.5600,-2.7300,0.7700
62264171,sitting,-0.0093,-0.9984,0.0310,0.5600,-2.7650,0.7700
62264190,sitting,-0.0098,-0.9984,0.0312,0.5600,-2.7650,0.7350
62264209,sitting,-0.0085,-0.9977,0.0312,0.5600,-2.7300,0.7350
62264228,sitting,-0.0085,-0.9992,0.0320,0.5250,-2.7300,0.7700
62264248,sitting,-0.0093,-0.9992,0.0307,0.5600,-2.7650,0.7350
62264267,sitting,-0.0095,-0.9977,0.0300,0.5600,-2.7300,0.7700
62264286,sitting,-0.0090,-0.9987,0.0305,0.5600,-2.8000,0.7700
62264305,sitting,-0.0098,-0.9984,0.0307,0.5600,-2.7300,0.7350
62264325,sitting,-0.0098,-0.9989,0.0317,0.5600,-2.7650,0.7700
62264344,sitting,-0.0090,-0.9994,0.0310,0.5950,-2.7300,0.7700
62264363,sitting,-0.0090,-0.9982,0.0303,0.5600,-2.7300,0.7700
62264382,sitting,-0.0085,-0.9982,0.0305,0.5950,-2.8000,0.7700
62264401,sitting,-0.0088,-0.9987,0.0312,0.5600,-2.8000,0.7700
62264421,sitting,-0.0088,-0.9984,0.0312,0.5600,-2.8000,0.7700
62264440,sitting,-0.0088,-0.9987,0.0315,0.5600,-2.7300,0.7700
62264459,sitting,-0.0098,-0.9992,0.0293,0.5600,-2.7300,0.8050
62264478,sitting,-0.0083,-0.9982,0.0310,0.5250,-2.7650,0.7700
62264498,sitting,-0.0083,-0.9989,0.0295,0.5600,-2.7300,0.7700
62264517,sitting,-0.0088,-0.9992,0.0312,0.4900,-2.7300,0.7700
62264536,sitting,-0.0090,-0.9997,0.0307,0.5600,-2.7300,0.7700
62264555,sitting,-0.0100,-0.9984,0.0290,0.5600,-2.7300,0.7700
62264575,sitting,-0.0088,-0.9982,0.0305,0.5600,-2.7300,0.7700
62264594,sitting,-0.0083,-0.9982,0.0307,0.5600,-2.7650,0.7700
62264613,sitting,-0.0093,-0.9977,0.0305,0.5600,-2.7650,0.7700
62264632,sitting,-0.0090,-0.9982,0.0298,0.5600,-2.7650,0.7350
62264651,sitting,-0.0095,-0.9972,0.0310,0.5600,-2.8000,0.7700
62264671,sitting,-0.0095,-0.9984,0.0312,0.5600,-2.7650,0.8050
62264690,sitting,-0.0095,-0.9982,0.0307,0.5600,-2.7650,0.8050
62264709,sitting,-0.0090,-0.9989,0.0310,0.5600,-2.7650,0.7700
62264728,sitting,-0.0093,-0.9980,0.0307,0.5950,-2.7650,0.7350
62264748,sitting,-0.0095,-0.9987,0.0312,0.5600,-2.7300,0.7350
62264767,sitting,-0.0090,-0.9975,0.0307,0.5250,-2.7650,0.7700
62264786,sitting,-0.0095,-0.9982,0.0307,0.5950,-2.7300,0.7700
62264805,sitting,-0.0100,-0.9984,0.0305,0.5600,-2.7300,0.7350
62264825,sitting,-0.0093,-0.9980,0.0303,0.5600,-2.7300,0.7000
62264844,sitting,-0.0088,-0.9987,0.0303,0.5600,-2.7650,0.7700
62264863,sitting,-0.0085,-0.9989,0.0312,0.5600,-2.7300,0.7700
62264882,sitting,-0.0090,-0.9980,0.0317,0.5600,-2.7650,0.7350
62264901,sitting,-0.0085,-0.9989,0.0312,0.5600,-2.7300,0.7700
62264921,sitting,-0.0093,-0.9980,0.0307,0.5950,-2.8000,0.7700
62264940,sitting,-0.0088,-0.9989,0.0298,0.5600,-2.8000,0.7700
62264959,sitting,-0.0085,-0.9977,0.0300,0.5600,-2.7300,0.7700
62264978,sitting,-0.0088,-0.9989,0.0305,0.5600,-2.7650,0.7350
62264998,sitting,-0.0088,-0.9980,0.0303,0.5600,-2.7650,0.7700
62265017,sitting,-0.0085,-0.9977,0.0300,0.5600,-2.7650,0.7700
62265036,sitting,-0.0093,-0.9987,0.0300,0.5600,-2.7300,0.7700
62265055,sitting,-0.0095,-0.9992,0.0307,0.5600,-2.7300,0.7700
62265075,sitting,-0.0090,-0.9987,0.0298,0.5600,-2.7650,0.7700
62265094,sitting,-0.0098,-0.9984,0.0303,0.5600,-2.7300,0.7700
62265113,sitting,-0.0098,-0.9989,0.0300,0.5600,-2.7650,0.7700
62265132,sitting,-0.0090,-0.9982,0.0305,0.5250,-2.7300,0.7700
62265151,sitting,-0.0090,-0.9984,0.0305,0.5950,-2.7650,0.7700
62265171,sitting,-0.0100,-0.9987,0.0300,0.5600,-2.7300,0.7000
62265190,sitting,-0.0090,-0.9982,0.0310,0.5600,-2.7300,0.7700
62265209,sitting,-0.0098,-0.9977,0.0315,0.5600,-2.7300,0.7700
62265228,sitting,-0.0095,-0.9984,0.0310,0.5600,-2.7300,0.7700
62265248,sitting,-0.0098,-0.9982,0.0312,0.5600,-2.7650,0.8050
62265267,sitting,-0.0100,-0.9984,0.0317,0.5600,-2.7650,0.7350
62265286,sitting,-0.0093,-0.9977,0.0300,0.5600,-2.7300,0.7350
62265305,sitting,-0.0093,-0.9984,0.0295,0.5600,-2.7300,0.7700
62265325,sitting,-0.0088,-0.9984,0.0295,0.5600,-2.7300,0.7700
62265344,sitting,-0.0093,-0.9982,0.0307,0.5600,-2.7650,0.7700
62265363,sitting,-0.0098,-0.9977,0.0305,0.5600,-2.7650,0.7700
62265382,sitting,-0.0081,-0.9977,0.0307,0.5600,-2.8000,0.7700
62265401,sitting,-0.0098,-0.9980,0.0300,0.5600,-2.8000,0.7700
62265421,sitting,-0.0090,-0.9980,0.0307,0.5600,-2.7650,0.7700
62265440,sitting,-0.0088,-0.9987,0.0310,0.5250,-2.7300,0.7700
62265459,sitting,-0.0095,-0.9992,0.0310,0.5600,-2.8000,0.7700
62265478,sitting,-0.0095,-0.9984,0.0298,0.5250,-2.8000,0.7700
62265498,sitting,-0.0093,-0.9984,0.0307,0.5600,-2.8000,0.7700
62265517,sitting,-0.0100,-0.9980,0.0307,0.5250,-2.8000,0.7350
62265536,sitting,-0.0081,-0.9982,0.0315,0.5600,-2.8000,0.7700
62265555,sitting,-0.0098,-0.9975,0.0307,0.5250,-2.7650,0.7700
62265575,sitting,-0.0098,-0.9982,0.0312,0.5600,-2.7650,0.7700
62265594,sitting,-0.0095,-0.9984,0.0298,0.5600,-2.7650,0.7700
62265613,sitting,-0.0090,-0.9980,0.0310,0.5600,-2.8000,0.7700
62265632,sitting,-0.0093,-0.9987,0.0298,0.6300,-2.7300,0.8050
62265651,sitting,-0.0090,-0.9989,0.0303,0.5600,-2.7300,0.7700
62265671,sitting,-0.0090,-0.9977,0.0305,0.4900,-2.7300,0.7700
62265690,sitting,-0.0090,-0.9984,0.0305,0.5600,-2.7650,0.7350
62265709,sitting,-0.0095,-0.9984,0.0303,0.5600,-2.7300,0.7700
62265728,sitting,-0.0093,-0.9987,0.0303,0.5250,-2.7650,0.7700
62265748,sitting,-0.0088,-0.9987,0.0295,0.5600,-2.7650,0.7700
62265767,sitting,-0.0085,-0.9989,0.0305,0.5950,-2.7300,0.7700
62265786,sitting,-0.0095,-0.9987,0.0310,0.5950,-2.7650,0.7700
62265805,sitting,-0.0090,-0.9975,0.0305,0.5600,-2.7650,0.7700
62265825,sitting,-0.0088,-0.9987,0.0303,0.5600,-2.7650,0.7700
62265844,sitting,-0.0088,-0.9984,0.0307,0.5600,-2.7300,0.7700
62265863,sitting,-0.0090,-0.9984,0.0320,0.5600,-2.8000,0.7700
62265882,sitting,-0.0093,-0.9975,0.0312,0.5600,-2.7650,0.7350
62265901,sitting,-0.0098,-0.9982,0.0307,0.5600,-2.7300,0.7700
62265921,sitting,-0.0093,-0.9989,0.0305,0.5600,-2.7300,0.7700
62265940,sitting,-0.0083,-0.9987,0.0300,0.5600,-2.7300,0.8050
62265959,sitting,-0.0090,-0.9977,0.0310,0.5250,-2.8000,0.7700
62265978,sitting,-0.0093,-0.9975,0.0310,0.5600,-2.8000,0.7700
62265998,sitting,-0.0098,-0.9980,0.0298,0.5600,-2.7650,0.7700
62266017,sitting,-0.0088,-0.9980,0.0303,0.5600,-2.7300,0.7350
62266036,sitting,-0.0090,-0.9984,0.0317,0.5600,-2.7650,0.7700
62266055,sitting,-0.0090,-0.9982,0.0305,0.5600,-2.7650,0.8050
62266075,sitting,-0.0095,-0.9989,0.0315,0.5950,-2.7650,0.8050
62266094,sitting,-0.0100,-0.9987,0.0310,0.5600,-2.7650,0.7700
62266113,sitting,-0.0098,-0.9982,0.0303,0.5600,-2.8000,0.7350
62266132,sitting,-0.0090,-0.9987,0.0303,0.5600,-2.7650,0.7700
62266151,sitting,-0.0095,-0.9980,0.0307,0.5600,-2.7300,0.8050
62266171,sitting,-0.0093,-0.9984,0.0307,0.5600,-2.7300,0.7700
62266190,sitting,-0.0100,-0.9977,0.0305,0.5600,-2.7650,0.8050
62266209,sitting,-0.0090,-0.9982,0.0303,0.5600,-2.7300,0.7700
62266228,sitting,-0.0093,-0.9992,0.0298,0.5600,-2.7650,0.7700
62266248,sitting,-0.0095,-0.9987,0.0312,0.5600,-2.7300,0.7700
62266267,sitting,-0.0088,-0.9980,0.0310,0.5600,-2.7300,0.7700
62266286,sitting,-0.0085,-0.9982,0.0317,0.5600,-2.7300,0.7700
62266305,sitting,-0.0095,-0.9989,0.0305,0.5600,-2.7650,0.7700
62266325,sitting,-0.0100,-0.9980,0.0310,0.5600,-2.7650,0.7700
62266344,sitting,-0.0095,-0.9980,0.0307,0.5600,-2.7650,0.7350
62266363,sitting,-0.0095,-0.9984,0.0317,0.5600,-2.7300,0.7700
62266382,sitting,-0.0095,-0.9984,0.0307,0.5250,-2.8000,0.7700
62266401,sitting,-0.0095,-0.9980,0.0310,0.5600,-2.7650,0.7700
62266421,sitting,-0.0093,-0.9989,0.0310,0.5600,-2.7650,0.7700
62266440,sitting,-0.0090,-0.9987,0.0305,0.5600,-2.8000,0.7700
62266459,sitting,-0.0088,-0.9980,0.0300,0.5250,-2.7650,0.8050
62266478,sitting,-0.0098,-0.9980,0.0307,0.5600,-2.7650,0.7700
62266498,sitting,-0.0100,-0.9977,0.0303,0.5600,-2.7650,0.7700
62266517,sitting,-0.0095,-0.9980,0.0310,0.5600,-2.7300,0.8050
62266536,sitting,-0.0095,-0.9982,0.0300,0.5250,-2.8000,0.7700
62266555,sitting,-0.0098,-0.9982,0.0307,0.5600,-2.7650,0.7700
62266575,sitting,-0.0090,-0.9992,0.0305,0.5600,-2.7650,0.7700
62266594,sitting,-0.0090,-0.9982,0.0310,0.5600,-2.7300,0.8400
62266613,sitting,-0.0090,-0.9982,0.0307,0.5600,-2.7300,0.7700
62266632,sitting,-0.0093,-0.9987,0.0300,0.5600,-2.7650,0.7700
62266651,sitting,-0.0088,-0.9980,0.0307,0.5600,-2.7650,0.7700
62266671,sitting,-0.0100,-0.9984,0.0315,0.5600,-2.7650,0.7700
62266690,sitting,-0.0093,-0.9987,0.0300,0.5600,-2.7300,0.7700
62266709,sitting,-0.0095,-0.9980,0.0300,0.5600,-2.7300,0.8400
62266728,sitting,-0.0088,-0.9977,0.0300,0.5950,-2.7300,0.7700
62266748,sitting,-0.0093,-0.9975,0.0310,0.5600,-2.7650,0.7700
62266767,sitting,-0.0083,-0.9982,0.0305,0.5600,-2.7300,0.7700
62266786,sitting,-0.0093,-0.9992,0.0303,0.5600,-2.7300,0.7700
62266805,sitting,-0.0090,-0.9987,0.0305,0.5600,-2.7300,0.7700
62266825,sitting,-0.0100,-0.9989,0.0300,0.5600,-2.7300,0.7350
62266844,sitting,-0.0102,-0.9987,0.0305,0.5600,-2.7650,0.7700
62266863,sitting,-0.0093,-0.9975,0.0298,0.5600,-2.7300,0.7700
62266882,sitting,-0.0098,-0.9984,0.0303,0.5600,-2.7300,0.7700
62266901,sitting,-0.0098,-0.9984,0.0300,0.5600,-2.8000,0.7350
62266921,sitting,-0.0090,-0.9989,0.0310,0.5600,-2.7650,0.7700
62266940,sitting,-0.0081,-0.9994,0.0307,0.5600,-2.7650,0.7700
62266959,sitting,-0.0085,-0.9987,0.0307,0.5600,-2.8000,0.7700
62266978,sitting,-0.0088,-0.9984,0.0312,0.5600,-2.8000,0.7700
62266998,sitting,-0.0100,-0.9980,0.0307,0.5600,-2.8000,0.7350
62267017,sitting,-0.0098,-0.9994,0.0312,0.5250,-2.7650,0.7350
62267036,sitting,-0.0090,-0.9980,0.0305,0.5600,-2.8000,0.7700
62267055,sitting,-0.0083,-0.9987,0.0317,0.5600,-2.7650,0.7700
62267075,sitting,-0.0088,-0.9984,0.0310,0.5250,-2.7650,0.7700
62267094,sitting,-0.0090,-0.9982,0.0312,0.5250,-2.7300,0.7700
62267113,sitting,-0.0090,-0.9984,0.0310,0.5600,-2.7650,0.8050
62267132,sitting,-0.0090,-0.9987,0.0305,0.5600,-2.7650,0.7700
62267151,sitting,-0.0081,-0.9984,0.0303,0.5600,-2.7650,0.7700
62267171,sitting,-0.0088,-0.9994,0.0303,0.5600,-2.7300,0.7350
62267190,sitting,-0.0088,-0.9984,0.0303,0.5600,-2.7650,0.7700
62267209,sitting,-0.0100,-0.9987,0.0298,0.5250,-2.7650,0.7700
62267228,sitting,-0.0095,-0.9982,0.0307,0.5600,-2.7650,0.7700
62267248,sitting,-0.0090,-0.9982,0.0320,0.5250,-2.7650,0.7700
62267267,sitting,-0.0085,-0.9994,0.0307,0.5600,-2.7300,0.7700
62267286,sitting,-0.0093,-0.9984,0.0307,0.5250,-2.7650,0.7700
62267305,sitting,-0.0085,-0.9982,0.0307,0.5600,-2.8000,0.7700
62267325,sitting,-0.0100,-0.9984,0.0307,0.5600,-2.7300,0.7700
62267344,sitting,-0.0102,-0.9982,0.0310,0.5600,-2.8000,0.7700
62267363,sitting,-0.0090,-0.9984,0.0307,0.5950,-2.7300,0.7700
62267382,sitting,-0.0098,-0.9992,0.0305,0.5250,-2.7650,0.7700
62267401,sitting,-0.0090,-0.9980,0.0315,0.5250,-2.7650,0.7700
62267421,sitting,-0.0093,-0.9980,0.0312,0.5250,-2.7650,0.7700
62267440,sitting,-0.0090,-0.9984,0.0300,0.5600,-2.7300,0.7000
62267459,sitting,-0.0093,-0.9975,0.0312,0.5950,-2.7300,0.7700
62267478,sitting,-0.0085,-0.9982,0.0310,0.5600,-2.7300,0.7700
62267498,sitting,-0.0093,-0.9984,0.0305,0.5600,-2.7650,0.7700
62267517,sitting,-0.0095,-0.9980,0.0310,0.5950,-2.7650,0.7700
62267536,sitting,-0.0102,-0.9987,0.0317,0.5250,-2.7650,0.7700
62267555,sitting,-0.0100,-0.9982,0.0305,0.5600,-2.8000,0.7700
62267575,sitting,-0.0090,-0.9977,0.0310,0.5600,-2.7300,0.7350
62267594,sitting,-0.0088,-0.9980,0.0305,0.5600,-2.7300,0.7700
62267613,sitting,-0.0085,-0.9977,0.0315,0.5600,-2.7650,0.7700
62267632,sitting,-0.0093,-0.9980,0.0315,0.5600,-2.8000,0.7700
62267651,sitting,-0.0102,-0.9987,0.0307,0.5250,-2.7650,0.7700
62267671,sitting,-0.0102,-0.9970,0.0305,0.5250,-2.7650,0.7700
62267690,sitting,-0.0095,-0.9980,0.0303,0.5600,-2.7650,0.8050
62267709,sitting,-0.0090,-0.9987,0.0307,0.5600,-2.7650,0.7700
62267728,sitting,-0.0088,-0.9984,0.0312,0.5600,-2.7650,0.7700
62267748,sitting,-0.0098,-0.9980,0.0307,0.5600,-2.7300,0.7700
62267767,sitting,-0.0093,-0.9980,0.0305,0.5950,-2.7300,0.7700
62267786,sitting,-0.0098,-0.9984,0.0293,0.5600,-2.7300,0.7700
62267805,sitting,-0.0095,-0.9994,0.0312,0.5600,-2.7300,0.7700
62267825,sitting,-0.0098,-0.9980,0.0298,0.5600,-2.7300,0.7700
62267844,sitting,-0.0100,-0.9977,0.0298,0.5600,-2.7300,0.7350
62267863,sitting,-0.0083,-0.9989,0.0305,0.5600,-2.7300,0.7700
62267882,sitting,-0.0093,-0.9987,0.0310,0.5600,-2.7650,0.7350
62267901,sitting,-0.0093,-0.9977,0.0312,0.5600,-2.7300,0.7350
62267921,sitting,-0.0098,-0.9982,0.0312,0.5600,-2.8000,0.7700
62267940,sitting,-0.0095,-0.9987,0.0310,0.5600,-2.8000,0.7700
62267959,sitting,-0.0088,-0.9980,0.0310,0.5950,-2.8000,0.7000
62267978,sitting,-0.0093,-0.9984,0.0310,0.5600,-2.7300,0.7700
62267998,sitting,-0.0093,-0.9970,0.0295,0.5250,-2.7300,0.7700
62268017,sitting,-0.0088,-0.9987,0.0310,0.5600,-2.7650,0.7700
62268036,sitting,-0.0081,-0.9980,0.0307,0.5600,-2.7650,0.7700
62268055,sitting,-0.0093,-0.9982,0.0300,0.5600,-2.8000,0.7700
62268075,sitting,-0.0093,-0.9980,0.0303,0.5600,-2.7650,0.8050
62268094,sitting,-0.0095,-0.9980,0.0307,0.5250,-2.7650,0.7700
62268113,sitting,-0.0085,-0.9972,0.0303,0.5600,-2.7650,0.7700
62268132,sitting,-0.0098,-0.9984,0.0303,0.5600,-2.7300,0.7700
62268151,sitting,-0.0098,-0.9982,0.0312,0.5950,-2.7650,0.7700
62268171,sitting,-0.0095,-0.9984,0.0312,0.5250,-2.8000,0.7700
62268190,sitting,-0.0090,-0.9982,0.0305,0.4900,-2.7650,0.7700
62268209,sitting,-0.0088,-0.9982,0.0312,0.5250,-2.7650,0.7700
62268228,sitting,-0.0085,-0.9980,0.0310,0.5250,-2.7650,0.8050
62268248,sitting,-0.0085,-0.9989,0.0305,0.5600,-2.7650,0.7700
62268267,sitting,-0.0090,-0.9994,0.0310,0.5950,-2.7650,0.7700
62268286,sitting,-0.0078,-0.9984,0.0312,0.5250,-2.7650,0.7700
62268305,sitting,-0.0093,-0.9977,0.0317,0.5600,-2.7300,0.7700
62268325,sitting,-0.0090,-0.9982,0.0317,0.5600,-2.7300,0.7700
62268344,sitting,-0.0090,-0.9984,0.0307,0.5600,-2.7300,0.7700
62268363,sitting,-0.0088,-0.9989,0.0312,0.5600,-2.7300,0.7700
62268382,sitting,-0.0090,-0.9977,0.0298,0.5250,-2.7300,0.7700
62268401,sitting,-0.0090,-0.9984,0.0305,0.5250,-2.7300,0.7700
62268421,sitting,-0.0081,-0.9980,0.0307,0.5250,-2.7300,0.7700
62268440,sitting,-0.0081,-0.9982,0.0315,0.5600,-2.7650,0.7700
62268459,sitting,-0.0100,-0.9989,0.0312,0.5600,-2.7650,0.7700
62268478,sitting,-0.0093,-0.9994,0.0310,0.5600,-2.7300,0.7350
62268498,sitting,-0.0098,-0.9997,0.0307,0.5250,-2.7650,0.7700
62268517,sitting,-0.0102,-0.9987,0.0305,0.5600,-2.7300,0.7700
62268536,sitting,-0.0095,-0.9982,0.0300,0.5950,-2.7650,0.7700
62268555,sitting,-0.0098,-0.9989,0.0307,0.5600,-2.7650,0.7700
62268575,sitting,-0.0100,-0.9982,0.0307,0.5600,-2.7300,0.7700
62268594,sitting,-0.0095,-0.9987,0.0312,0.5600,-2.8000,0.7700
62268613,sitting,-0.0090,-0.9980,0.0310,0.4900,-2.8000,0.7700
62268632,sitting,-0.0093,-0.9982,0.0310,0.5600,-2.7300,0.7700
62268651,sitting,-0.0088,-0.9992,0.0303,0.5600,-2.7650,0.8050
62268671,sitting,-0.0093,-0.9987,0.0322,0.5250,-2.7650,0.7700
62268690,sitting,-0.0090,-0.9992,0.0310,0.5600,-2.7650,0.8050
62268709,sitting,-0.0085,-0.9980,0.0303,0.5250,-2.7650,0.7700
62268728,sitting,-0.0098,-0.9992,0.0303,0.5250,-2.7650,0.7700
62268748,sitting,-0.0088,-0.9987,0.0305,0.5600,-2.7300,0.7700
62268767,sitting,-0.0093,-0.9982,0.0307,0.5600,-2.7650,0.7700
62268786,sitting,-0.0081,-0.9984,0.0295,0.5600,-2.7300,0.7700
62268805,sitting,-0.0095,-0.9987,0.0305,0.5250,-2.7300,0.7700
62268825,sitting,-0.0100,-0.9984,0.0315,0.5600,-2.7300,0.7700
62268844,sitting,-0.0102,-0.9989,0.0300,0.5600,-2.7650,0.7700
62268863,sitting,-0.0098,-0.9987,0.0295,0.5600,-2.7650,0.7700
62268882,sitting,-0.0098,-0.9980,0.0310,0.5600,-2.7650,0.7700
62268901,sitting,-0.0090,-0.9987,0.0303,0.5600,-2.7300,0.7700
62268921,sitting,-0.0076,-0.9975,0.0303,0.5600,-2.7300,0.7700
62268940,sitting,-0.0085,-0.9980,0.0310,0.5950,-2.7300,0.8050
62268959,sitting,-0.0093,-0.9982,0.0315,0.5250,-2.7650,0.7700
62268978,sitting,-0.0083,-0.9977,0.0312,0.5950,-2.7300,0.7700
62268998,sitting,-0.0090,-0.9994,0.0298,0.5600,-2.8000,0.7700
62269017,sitting,-0.0090,-0.9989,0.0305,0.5600,-2.7650,0.7700
62269036,sitting,-0.0090,-0.9987,0.0307,0.5600,-2.7650,0.7700
62269055,sitting,-0.0095,-0.9980,0.0310,0.5600,-2.7650,0.7700
62269075,sitting,-0.0093,-0.9980,0.0305,0.5600,-2.7300,0.7700
62269094,sitting,-0.0088,-0.9989,0.0312,0.5600,-2.7650,0.7700
62269113,sitting,-0.0090,-0.9980,0.0305,0.5950,-2.8000,0.7700
62269132,sitting,-0.0090,-0.9975,0.0307,0.5600,-2.7300,0.7350
62269151,sitting,-0.0090,-0.9984,0.0310,0.5600,-2.7650,0.8050
62269171,sitting,-0.0095,-0.9984,0.0300,0.5250,-2.7650,0.7700
62269190,sitting,-0.0083,-0.9987,0.0300,0.5600,-2.7650,0.7700
62269209,sitting,-0.0095,-0.9989,0.0305,0.5600,-2.7300,0.7350
62269228,sitting,-0.0100,-0.9980,0.0303,0.5600,-2.7300,0.7350
62269248,sitting,-0.0095,-0.9977,0.0307,0.5600,-2.7650,0.7700
62269267,sitting,-0.0098,-0.9992,0.0310,0.5600,-2.7300,0.7700
62269286,sitting,-0.0095,-0.9989,0.0303,0.5250,-2.8000,0.8050
62269305,sitting,-0.0095,-0.9982,0.0312,0.5600,-2.7650,0.7700
62269325,sitting,-0.0090,-0.9977,0.0312,0.5600,-2.7650,0.7700
62269344,sitting,-0.0095,-0.9982,0.0303,0.5600,-2.7300,0.8050
62269363,sitting,-0.0081,-0.9989,0.0305,0.5250,-2.7650,0.7700
62269382,sitting,-0.0098,-0.9989,0.0307,0.5600,-2.7300,0.7700
62269401,sitting,-0.0090,-0.9982,0.0303,0.5600,-2.7300,0.7700
62269421,sitting,-0.0093,-0.9989,0.0303,0.5600,-2.7650,0.7350
62269440,sitting,-0.0098,-0.9982,0.0312,0.5950,-2.7300,0.7350
62269459,sitting,-0.0093,-0.9972,0.0303,0.5600,-2.7300,0.7350
62269478,sitting,-0.0095,-0.9982,0.0310,0.5600,-2.7300,0.7700
62269498,sitting,-0.0083,-0.9994,0.0295,0.5600,-2.7300,0.7700
62269517,sitting,-0.0090,-0.9984,0.0310,0.5950,-2.7650,0.7700
62269536,sitting,-0.0090,-0.9982,0.0303,0.5600,-2.7300,0.7700
62269555,sitting,-0.0093,-0.9977,0.0307,0.5600,-2.7650,0.7700
62269575,sitting,-0.0090,-0.9984,0.0303,0.5600,-2.7650,0.7700
62269594,sitting,-0.0090,-0.9980,0.0300,0.5600,-2.7300,0.7700
62269613,sitting,-0.0100,-0.9982,0.0315,0.5250,-2.8000,0.7350
62269632,sitting,-0.0090,-0.9980,0.0312,0.5250,-2.8000,0.7700
62269651,sitting,-0.0098,-0.9977,0.0310,0.5600,-2.8000,0.7700
62269671,sitting,-0.0095,-0.9984,0.0307,0.5600,-2.7650,0.7700
62269690,sitting,-0.0083,-0.9987,0.0307,0.5600,-2.8000,0.7700
62269709,sitting,-0.0093,-0.9982,0.0300,0.4900,-2.7650,0.7700
62269728,sitting,-0.0093,-0.9992,0.0307,0.5250,-2.8000,0.7700
62269748,sitting,-0.0093,-0.9989,0.0307,0.5250,-2.7650,0.7700
62269767,sitting,-0.0088,-0.9977,0.0307,0.5250,-2.7300,0.7700
62269786,sitting,-0.0093,-0.9977,0.0310,0.5600,-2.7300,0.7700
62269805,sitting,-0.0095,-0.9982,0.0310,0.5950,-2.7650,0.7700
62269825,sitting,-0.0083,-0.9984,0.0293,0.5600,-2.7650,0.8050
62269844,sitting,-0.0090,-0.9975,0.0298,0.5600,-2.7650,0.8400
62269863,sitting,-0.0085,-0.9984,0.0300,0.5600,-2.7650,0.7700
62269882,sitting,-0.0090,-0.9980,0.0300,0.5600,-2.7650,0.7700
62269901,sitting,-0.0085,-0.9989,0.0300,0.5600,-2.7300,0.7700
62269921,sitting,-0.0088,-0.9984,0.0307,0.5600,-2.7300,0.7700
62269940,sitting,-0.0093,-0.9982,0.0310,0.5600,-2.7650,0.7700
62269959,sitting,-0.0088,-0.9982,0.0307,0.5600,-2.7300,0.7700
62269978,sitting,-0.0088,-0.9992,0.0310,0.5600,-2.7300,0.7700
62269998,sitting,-0.0085,-0.9992,0.0312,0.5600,-2.7300,0.7350
62270017,sitting,-0.0088,-0.9972,0.0310,0.5950,-2.7300,0.7700
62270036,sitting,-0.0090,-0.9980,0.0307,0.5600,-2.7650,0.7700
62270055,sitting,-0.0093,-0.9982,0.0305,0.5950,-2.8000,0.7700
62270075,sitting,-0.0095,-0.9992,0.0305,0.5600,-2.7300,0.7700
62270094,sitting,-0.0090,-0.9987,0.0307,0.5600,-2.7650,0.7700
62270113,sitting,-0.0098,-0.9980,0.0295,0.5600,-2.8000,0.7700
62270132,sitting,-0.0093,-0.9984,0.0312,0.5250,-2.7650,0.7700
62270151,sitting,-0.0088,-0.9975,0.0307,0.5600,-2.7300,0.7700
62270171,sitting,-0.0083,-0.9987,0.0310,0.5250,-2.7650,0.7700
62270190,sitting,-0.0088,-0.9982,0.0312,0.5600,-2.8000,0.7700
62270209,sitting,-0.0100,-0.9984,0.0300,0.5600,-2.7650,0.7700
62270228,sitting,-0.0098,-0.9989,0.0305,0.5250,-2.7300,0.7700
62270248,sitting,-0.0095,-0.9989,0.0305,0.5600,-2.7300,0.8050
62270267,sitting,-0.0088,-0.9989,0.0322,0.5600,-2.7300,0.7700
62270286,sitting,-0.0093,-0.9984,0.0307,0.5250,-2.7650,0.7700
62270305,sitting,-0.0088,-0.9987,0.0305,0.5600,-2.8000,0.7700
62270325,sitting,-0.0093,-0.9984,0.0303,0.5600,-2.7650,0.7700
62270344,sitting,-0.0090,-0.9980,0.0310,0.5600,-2.7650,0.7700
62270363,sitting,-0.0088,-0.9980,0.0300,0.5600,-2.7300,0.7700
62270382,sitting,-0.0090,-0.9982,0.0303,0.5600,-2.7650,0.7700
62270401,sitting,-0.0088,-0.9987,0.0298,0.5600,-2.7300,0.7700
62270421,sitting,-0.0083,-0.9989,0.0298,0.5600,-2.7650,0.7700
62270440,sitting,-0.0095,-0.9984,0.0312,0.5600,-2.8000,0.7350
62270459,sitting,-0.0093,-0.9987,0.0315,0.5250,-2.7300,0.7700
62270478,sitting,-0.0095,-0.9980,0.0317,0.5600,-2.7650,0.7700
62270498,sitting,-0.0088,-0.9980,0.0310,0.5600,-2.7650,0.7700
62270517,sitting,-0.0093,-0.9977,0.0305,0.5600,-2.7650,0.7700
62270536,sitting,-0.0098,-0.9992,0.0300,0.5600,-2.7300,0.7700
62270555,sitting,-0.0090,-0.9989,0.0303,0.5950,-2.7300,0.7700
62270575,sitting,-0.0090,-0.9984,0.0300,0.5600,-2.7300,0.7700
62270594,sitting,-0.0093,-0.9980,0.0300,0.5600,-2.7300,0.7350
62270613,sitting,-0.0088,-0.9992,0.0307,0.5600,-2.8000,0.7700
62270632,sitting,-0.0098,-0.9989,0.0315,0.5600,-2.8000,0.7700
62270651,sitting,-0.0095,-0.9977,0.0298,0.5600,-2.8000,0.7700
62270671,sitting,-0.0102,-0.9982,0.0300,0.5600,-2.8000,0.7700
62270690,sitting,-0.0085,-0.9984,0.0307,0.5600,-2.8000,0.7700
62270709,sitting,-0.0081,-0.9982,0.0307,0.5600,-2.7650,0.7700
62270728,sitting,-0.0090,-0.9972,0.0298,0.5600,-2.7300,0.7700
62270748,sitting,-0.0093,-0.9982,0.0310,0.5600,-2.8000,0.7700
62270767,sitting,-0.0083,-0.9975,0.0312,0.5600,-2.7300,0.7700
62270786,sitting,-0.0090,-0.9984,0.0300,0.5600,-2.7650,0.7700
62270805,sitting,-0.0098,-0.9984,0.0298,0.5250,-2.7650,0.8050
62270825,sitting,-0.0090,-0.9975,0.0303,0.5600,-2.7650,0.8050
62270844,sitting,-0.0093,-0.9977,0.0320,0.5600,-2.8000,0.7700
62270863,sitting,-0.0085,-0.9984,0.0300,0.5250,-2.8000,0.7700
62270882,sitting,-0.0100,-0.9984,0.0310,0.5600,-2.7300,0.7700
62270901,sitting,-0.0090,-0.9987,0.0312,0.5600,-2.8000,0.8400
62270921,sitting,-0.0098,-0.9984,0.0303,0.5600,-2.7300,0.7700
62270940,sitting,-0.0081,-0.9987,0.0312,0.5600,-2.7300,0.8050
62270959,sitting,-0.0088,-0.9984,0.0307,0.5600,-2.7300,0.7700
62270978,sitting,-0.0093,-0.9989,0.0310,0.5250,-2.7300,0.7350
62270998,sitting,-0.0090,-0.9987,0.0298,0.5950,-2.7300,0.7350
62271017,sitting,-0.0090,-0.9984,0.0307,0.5250,-2.7300,0.7700
62271036,sitting,-0.0100,-0.9984,0.0310,0.5250,-2.8000,0.7700
62271055,sitting,-0.0093,-0.9987,0.0310,0.5600,-2.7650,0.7700
62271075,sitting,-0.0098,-0.9984,0.0307,0.5600,-2.7300,0.7350
62271094,sitting,-0.0088,-0.9984,0.0305,0.5600,-2.7300,0.7700
62271113,sitting,-0.0090,-0.9987,0.0300,0.5950,-2.7300,0.7700
62271132,sitting,-0.0088,-0.9975,0.0312,0.5950,-2.7300,0.7700
62271151,sitting,-0.0088,-0.9984,0.0312,0.5600,-2.7300,0.7700
62271171,sitting,-0.0090,-0.9984,0.0305,0.5600,-2.7650,0.7700
62271190,sitting,-0.0098,-0.9980,0.0305,0.5600,-2.7300,0.7700
62271209,sitting,-0.0088,-0.9994,0.0303,0.5600,-2.7300,0.7700
62271228,sitting,-0.0085,-0.9982,0.0305,0.5250,-2.7650,0.7700
62271248,sitting,-0.0095,-0.9984,0.0300,0.5600,-2.7650,0.7700
62271267,sitting,-0.0088,-0.9977,0.0307,0.5600,-2.7300,0.7700
62271286,sitting,-0.0098,-0.9975,0.0305,0.5600,-2.7300,0.7700
62271305,sitting,-0.0088,-0.9989,0.0303,0.5600,-2.7300,0.7700
62271325,sitting,-0.0083,-0.9982,0.0300,0.5250,-2.8000,0.7700
62271344,sitting,-0.0100,-0.9980,0.0305,0.5250,-2.7300,0.8050
62271363,sitting,-0.0102,-0.9989,0.0305,0.5250,-2.7650,0.7700
62271382,sitting,-0.0085,-0.9989,0.0317,0.5600,-2.7650,0.7000
62271401,sitting,-0.0095,-0.9989,0.0312,0.5600,-2.7300,0.7700
62271421,sitting,-0.0095,-0.9984,0.0310,0.5600,-2.7650,0.7700
62271440,sitting,-0.0098,-0.9987,0.0307,0.5600,-2.7300,0.7350
62271459,sitting,-0.0093,-0.9982,0.0305,0.5600,-2.7300,0.7700
62271478,sitting,-0.0085,-0.9994,0.0312,0.5600,-2.7300,0.7700
62271498,sitting,-0.0083,-0.9989,0.0303,0.5600,-2.7300,0.7350
62271517,sitting,-0.0090,-0.9982,0.0307,0.5250,-2.7650,0.7700
62271536,sitting,-0.0095,-0.9972,0.0310,0.5600,-2.7300,0.7700
62271555,sitting,-0.0093,-0.9977,0.0305,0.5600,-2.7300,0.7350
62271575,sitting,-0.0093,-0.9984,0.0312,0.5250,-2.7300,0.7700
62271594,sitting,-0.0088,-0.9994,0.0305,0.5600,-2.7650,0.7700
62271613,sitting,-0.0088,-0.9982,0.0307,0.5600,-2.8000,0.7700
62271632,sitting,-0.0093,-0.9977,0.0303,0.5600,-2.8000,0.7700
62271651,sitting,-0.0088,-0.9980,0.0303,0.5950,-2.7300,0.7700
62271671,sitting,-0.0090,-0.9975,0.0307,0.5600,-2.7300,0.7700
62271690,sitting,-0.0095,-0.9982,0.0303,0.5250,-2.7300,0.7700
62271709,sitting,-0.0088,-0.9992,0.0307,0.5600,-2.8000,0.7700
62271728,sitting,-0.0088,-0.9987,0.0303,0.5600,-2.7650,0.8050
62271748,sitting,-0.0095,-0.9992,0.0290,0.5250,-2.7300,0.8400
62271767,sitting,-0.0090,-0.9989,0.0307,0.5600,-2.7300,0.8050
62271786,sitting,-0.0083,-0.9994,0.0307,0.5600,-2.7650,0.7700
62271805,sitting,-0.0081,-0.9994,0.0307,0.5600,-2.7300,0.7700
62271825,sitting,-0.0095,-0.9982,0.0298,0.5600,-2.8000,0.7700
62271844,sitting,-0.0095,-0.9977,0.0307,0.5600,-2.7650,0.7700
62271863,sitting,-0.0088,-0.9984,0.0307,0.5250,-2.7650,0.7700
62271882,sitting,-0.0093,-0.9980,0.0298,0.5250,-2.7650,0.7700
62271901,sitting,-0.0090,-0.9984,0.0312,0.5600,-2.7650,0.8050
62271921,sitting,-0.0090,-0.9980,0.0310,0.5600,-2.7300,0.8050
62271940,sitting,-0.0083,-0.9982,0.0305,0.5600,-2.7650,0.7700
62271959,sitting,-0.0088,-0.9977,0.0310,0.5950,-2.7650,0.7700
62271978,sitting,-0.0085,-0.9987,0.0303,0.5600,-2.8000,0.7700
62271998,sitting,-0.0093,-0.9992,0.0307,0.5600,-2.7300,0.7700
62272017,sitting,-0.0085,-0.9989,0.0293,0.5600,-2.8000,0.7700
62272036,sitting,-0.0090,-0.9987,0.0305,0.6300,-2.7300,0.7350
62272055,sitting,-0.0090,-0.9982,0.0305,0.5600,-2.7300,0.7700
62272075,sitting,-0.0093,-0.9980,0.0300,0.5600,-2.7300,0.7700
62272094,sitting,-0.0093,-0.9980,0.0298,0.5600,-2.7300,0.7700
62272113,sitting,-0.0090,-0.9984,0.0303,0.5600,-2.8000,0.7700
62272132,sitting,-0.0095,-0.9989,0.0307,0.5600,-2.7650,0.7700
62272151,sitting,-0.0095,-0.9989,0.0312,0.5600,-2.7300,0.7700
62272171,sitting,-0.0090,-0.9982,0.0307,0.5600,-2.7300,0.7700
62272190,sitting,-0.0102,-0.9982,0.0312,0.5600,-2.7300,0.7700
62272209,sitting,-0.0095,-0.9994,0.0300,0.5250,-2.7650,0.7700
62272228,sitting,-0.0095,-0.9984,0.0317,0.5600,-2.7300,0.8050
62272248,sitting,-0.0083,-0.9982,0.0312,0.5600,-2.7650,0.7700
62272267,sitting,-0.0083,-0.9972,0.0303,0.5600,-2.7300,0.7700
62272286,sitting,-0.0081,-0.9982,0.0305,0.5600,-2.8000,0.8050
62272305,sitting,-0.0090,-0.9977,0.0312,0.5600,-2.7300,0.7700
62272325,sitting,-0.0085,-0.9992,0.0300,0.5600,-2.7650,0.8050
62272344,sitting,-0.0083,-0.9989,0.0305,0.4900,-2.7650,0.7700
62272363,sitting,-0.0098,-0.9982,0.0307,0.5250,-2.8000,0.7700
62272382,sitting,-0.0088,-0.9987,0.0317,0.5600,-2.7300,0.7700
62272401,sitting,-0.0093,-0.9987,0.0303,0.5600,-2.7300,0.7700
62272421,sitting,-0.0093,-0.9982,0.0307,0.5600,-2.7650,0.7700
62272440,sitting,-0.0090,-0.9980,0.0300,0.5250,-2.7300,0.7700
62272459,sitting,-0.0088,-0.9982,0.0290,0.5600,-2.7650,0.7350
62272478,sitting,-0.0095,-0.9980,0.0305,0.5950,-2.7300,0.7700
62272498,sitting,-0.0090,-0.9984,0.0300,0.5600,-2.7650,0.7700
62272517,sitting,-0.0095,-0.9984,0.0303,0.5600,-2.7300,0.8050
62272536,sitting,-0.0088,-0.9984,0.0317,0.5600,-2.7300,0.7700
62272555,sitting,-0.0090,-0.9984,0.0307,0.5600,-2.7300,0.7700
62272575,sitting,-0.0083,-0.9977,0.0300,0.5250,-2.7650,0.7700
62272594,sitting,-0.0081,-0.9982,0.0310,0.5600,-2.7650,0.7700
62272613,sitting,-0.0088,-0.9987,0.0305,0.5600,-2.7300,0.7700
62272632,sitting,-0.0088,-0.9980,0.0307,0.5600,-2.7650,0.7700
62272651,sitting,-0.0085,-0.9980,0.0305,0.5600,-2.7300,0.7700
62272671,sitting,-0.0085,-0.9980,0.0303,0.5600,-2.7650,0.7350
62272690,sitting,-0.0088,-0.9982,0.0300,0.5600,-2.8000,0.7700
62272709,sitting,-0.0090,-0.9987,0.0303,0.5600,-2.7650,0.7700
62272728,sitting,-0.0095,-0.9992,0.0303,0.5600,-2.7300,0.7350
62272748,sitting,-0.0095,-0.9999,0.0310,0.5600,-2.7650,0.7700
62272767,sitting,-0.0098,-0.9984,0.0300,0.5600,-2.8000,0.7700
62272786,sitting,-0.0088,-0.9984,0.0307,0.5950,-2.8000,0.7700
62272805,sitting,-0.0090,-0.9982,0.0298,0.5600,-2.7300,0.7700
62272825,sitting,-0.0098,-0.9975,0.0300,0.5250,-2.7650,0.7700
62272844,sitting,-0.0093,-0.9982,0.0310,0.5950,-2.8000,0.7700
62272863,sitting,-0.0090,-0.9987,0.0300,0.5950,-2.7650,0.7700
62272882,sitting,-0.0095,-0.9980,0.0310,0.5250,-2.7650,0.7700
62272901,sitting,-0.0093,-0.9980,0.0312,0.5600,-2.7300,0.7700
62272921,sitting,-0.0095,-0.9980,0.0303,0.5600,-2.8000,0.7700
62272940,sitting,-0.0090,-0.9992,0.0305,0.5600,-2.7300,0.7700
62272959,sitting,-0.0088,-0.9997,0.0305,0.5600,-2.7650,0.7700
62272978,sitting,-0.0093,-0.9980,0.0305,0.5600,-2.7300,0.7700
62272998,sitting,-0.0085,-0.9987,0.0310,0.5600,-2.8000,0.7700
62273017,sitting,-0.0090,-0.9980,0.0305,0.5250,-2.7650,0.7350
62273036,sitting,-0.0093,-0.9989,0.0312,0.5600,-2.7300,0.7700
62273055,sitting,-0.0090,-0.9975,0.0305,0.5250,-2.7300,0.7700
62273075,sitting,-0.0085,-0.9982,0.0305,0.5250,-2.7650,0.7700
62273094,sitting,-0.0088,-0.9982,0.0303,0.5950,-2.7300,0.7700
62273113,sitting,-0.0081,-0.9992,0.0305,0.5600,-2.7300,0.7700
62273132,sitting,-0.0085,-0.9989,0.0307,0.5600,-2.7300,0.7700
62273151,sitting,-0.0083,-0.9992,0.0307,0.5600,-2.7650,0.7350
62273171,sitting,-0.0085,-0.9987,0.0312,0.5600,-2.7300,0.7000
62273190,sitting,-0.0081,-0.9984,0.0300,0.5250,-2.7300,0.7700
62273209,sitting,-0.0095,-0.9989,0.0307,0.5600,-2.7300,0.7700
62273228,sitting,-0.0090,-0.9977,0.0307,0.5600,-2.7300,0.7700
62273248,sitting,-0.0093,-0.9977,0.0305,0.5600,-2.7650,0.7700
62273267,sitting,-0.0088,-0.9989,0.0300,0.5600,-2.7650,0.7700
62273286,sitting,-0.0098,-0.9980,0.0310,0.5600,-2.7650,0.7700
62273305,sitting,-0.0102,-0.9984,0.0300,0.5600,-2.7650,0.7700
62273325,sitting,-0.0095,-0.9982,0.0310,0.5600,-2.7300,0.7700
62273344,sitting,-0.0083,-0.9975,0.0305,0.5250,-2.7300,0.7700
62273363,sitting,-0.0088,-0.9987,0.0312,0.5600,-2.8000,0.7700
62273382,sitting,-0.0090,-0.9975,0.0303,0.5250,-2.7650,0.7700
62273401,sitting,-0.0095,-0.9980,0.0295,0.5600,-2.7650,0.7700
62273421,sitting,-0.0088,-0.9980,0.0305,0.5600,-2.7300,0.7700
62273440,sitting,-0.0088,-0.9987,0.0303,0.5600,-2.7300,0.7700
62273459,sitting,-0.0088,-0.9992,0.0300,0.5600,-2.7650,0.7700
62273478,sitting,-0.0095,-0.9977,0.0295,0.5600,-2.8000,0.7700
62273498,sitting,-0.0095,-0.9987,0.0305,0.5600,-2.7650,0.8050
62273517,sitting,-0.0100,-0.9980,0.0300,0.5600,-2.7300,0.7700
62273536,sitting,-0.0093,-0.9989,0.0300,0.5250,-2.7300,0.7700
62273555,sitting,-0.0078,-0.9984,0.0303,0.5600,-2.7300,0.7350
62273575,sitting,-0.0095,-0.9984,0.0305,0.5600,-2.7650,0.7350
62273594,sitting,-0.0093,-0.9994,0.0298,0.5600,-2.7300,0.7700
62273613,sitting,-0.0093,-0.9984,0.0303,0.5250,-2.7650,0.7700
62273632,sitting,-0.0098,-0.9980,0.0310,0.5950,-2.7300,0.7350
62273651,sitting,-0.0093,-0.9989,0.0307,0.5600,-2.7300,0.7700
62273671,sitting,-0.0095,-0.9977,0.0315,0.5600,-2.7300,0.7700
62273690,sitting,-0.0093,-0.9989,0.0305,0.5600,-2.7300,0.7350
62273709,sitting,-0.0093,-0.9984,0.0305,0.5600,-2.7300,0.7350
62273728,sitting,-0.0088,-0.9984,0.0305,0.5600,-2.7300,0.7700
62273748,sitting,-0.0095,-0.9982,0.0312,0.5600,-2.8000,0.7700
62273767,sitting,-0.0090,-0.9984,0.0310,0.5600,-2.8000,0.7350
62273786,sitting,-0.0090,-0.9970,0.0303,0.5600,-2.7650,0.7700
62273805,sitting,-0.0090,-0.9984,0.0303,0.5600,-2.8000,0.7700
62273825,sitting,-0.0090,-0.9989,0.0307,0.5600,-2.7650,0.7700
62273844,sitting,-0.0095,-0.9984,0.0310,0.5600,-2.7300,0.7700
62273863,sitting,-0.0090,-0.9989,0.0317,0.5600,-2.7300,0.7700
62273882,sitting,-0.0093,-0.9975,0.0300,0.5600,-2.7650,0.7700
62273901,sitting,-0.0093,-0.9984,0.0303,0.5600,-2.7300,0.7700
62273921,sitting,-0.0085,-0.9977,0.0310,0.5250,-2.7300,0.7700
62273940,sitting,-0.0090,-0.9982,0.0303,0.4900,-2.7650,0.7700
62273959,sitting,-0.0081,-0.9980,0.0300,0.5600,-2.7300,0.7700
62273978,sitting,-0.0085,-0.9977,0.0310,0.5600,-2.7300,0.7700
62273998,sitting,-0.0085,-0.9967,0.0320,0.5250,-2.7300,0.7350
62274017,sitting,-0.0093,-0.9989,0.0310,0.5600,-2.7650,0.7700
62274036,sitting,-0.0100,-0.9987,0.0307,0.5600,-2.7650,0.7700
62274055,sitting,-0.0090,-0.9980,0.0303,0.5600,-2.7300,0.7700
62274075,sitting,-0.0093,-0.9992,0.0310,0.5600,-2.7300,0.7700
62274094,sitting,-0.0100,-0.9989,0.0310,0.5250,-2.7300,0.7700
62274113,sitting,-0.0100,-0.9975,0.0307,0.5250,-2.7300,0.7700
62274132,sitting,-0.0085,-0.9980,0.0303,0.5600,-2.7300,0.7700
62274151,sitting,-0.0095,-0.9977,0.0303,0.5600,-2.8000,0.7700
62274171,sitting,-0.0085,-0.9982,0.0303,0.5250,-2.8000,0.7700
62274190,sitting,-0.0093,-0.9972,0.0303,0.5600,-2.7650,0.7700
62274209,sitting,-0.0090,-0.9984,0.0307,0.5600,-2.7300,0.7350
62274228,sitting,-0.0095,-0.9982,0.0303,0.5600,-2.7300,0.7350
62274248,sitting,-0.0083,-0.9997,0.0307,0.5600,-2.7300,0.7700
62274267,sitting,-0.0083,-0.9980,0.0300,0.5600,-2.7650,0.7700
62274286,sitting,-0.0090,-0.9984,0.0305,0.5600,-2.8000,0.7700
62274305,sitting,-0.0083,-0.9975,0.0305,0.5600,-2.7650,0.7700
62274325,sitting,-0.0088,-0.9984,0.0310,0.5600,-2.7650,0.7700
62274344,sitting,-0.0076,-0.9987,0.0307,0.5600,-2.7650,0.7700
62274363,sitting,-0.0090,-0.9975,0.0298,0.5250,-2.7300,0.7700
62274382,sitting,-0.0098,-0.9984,0.0303,0.5600,-2.7650,0.7700
62274401,sitting,-0.0098,-0.9977,0.0312,0.5600,-2.7650,0.7700
62274421,sitting,-0.0090,-0.9977,0.0298,0.5600,-2.7300,0.8050
62274440,sitting,-0.0093,-0.9982,0.0312,0.5250,-2.7300,0.7700
62274459,sitting,-0.0088,-0.9987,0.0312,0.5250,-2.7300,0.7700
62274478,sitting,-0.0088,-0.9989,0.0305,0.5250,-2.7650,0.7700
62274498,sitting,-0.0090,-0.9980,0.0303,0.5600,-2.7300,0.7700
62274517,sitting,-0.0090,-0.9970,0.0315,0.5600,-2.7650,0.7700
62274536,sitting,-0.0102,-0.9977,0.0312,0.5600,-2.8000,0.7700
62274555,sitting,-0.0085,-0.9982,0.0298,0.5250,-2.8000,0.7700
62274575,sitting,-0.0088,-0.9980,0.0303,0.5600,-2.7650,0.7700
62274594,sitting,-0.0095,-0.9982,0.0305,0.5600,-2.7650,0.7700
62274613,sitting,-0.0088,-0.9989,0.0305,0.5950,-2.7650,0.7700
62274632,sitting,-0.0095,-0.9982,0.0307,0.5600,-2.6950,0.7350
62274651,sitting,-0.0095,-0.9984,0.0307,0.5600,-2.7300,0.7700
62274671,sitting,-0.0088,-0.9977,0.0315,0.5250,-2.7300,0.7700
62274690,sitting,-0.0090,-0.9980,0.0305,0.5600,-2.7300,0.7350
62274709,sitting,-0.0088,-0.9980,0.0303,0.5250,-2.7300,0.7700
62274728,sitting,-0.0098,-0.9980,0.0300,0.5950,-2.7300,0.7700
62274748,sitting,-0.0093,-0.9975,0.0298,0.5250,-2.7650,0.7700
62274767,sitting,-0.0090,-0.9984,0.0293,0.5250,-2.7300,0.7700
62274786,sitting,-0.0090,-0.9982,0.0310,0.5600,-2.7300,0.7350
62274805,sitting,-0.0093,-0.9984,0.0307,0.5600,-2.7650,0.7700
62274825,sitting,-0.0093,-0.9984,0.0300,0.5950,-2.7650,0.7700
62274844,sitting,-0.0095,-0.9984,0.0303,0.5600,-2.7300,0.8050
62274863,sitting,-0.0095,-0.9980,0.0303,0.5600,-2.8000,0.7700
62274882,sitting,-0.0100,-0.9982,0.0307,0.5600,-2.7650,0.7700
62274901,sitting,-0.0095,-0.9980,0.0305,0.5250,-2.7650,0.7700
62274921,sitting,-0.0095,-0.9984,0.0312,0.5250,-2.7650,0.7350
62274940,sitting,-0.0098,-0.9987,0.0310,0.5600,-2.8000,0.7700
62274959,sitting,-0.0073,-0.9989,0.0300,0.5250,-2.7650,0.7700
62274978,sitting,-0.0085,-0.9987,0.0300,0.5250,-2.7300,0.7700
62274998,sitting,-0.0088,-0.9975,0.0298,0.5600,-2.7650,0.7700
62275017,sitting,-0.0088,-0.9977,0.0310,0.5600,-2.7300,0.8050
62275036,sitting,-0.0078,-0.9980,0.0310,0.5600,-2.7300,0.7700
62275055,sitting,-0.0095,-0.9984,0.0305,0.5600,-2.7650,0.7700
62275075,sitting,-0.0098,-0.9977,0.0298,0.5950,-2.7300,0.7700
62275094,sitting,-0.0095,-0.9982,0.0303,0.4900,-2.7650,0.8050
62275113,sitting,-0.0095,-0.9984,0.0305,0.5600,-2.7300,0.7700
62275132,sitting,-0.0098,-0.9980,0.0303,0.5600,-2.7650,0.7700
62275151,sitting,-0.0098,-0.9984,0.0310,0.5600,-2.7300,0.8050
62275171,sitting,-0.0081,-0.9992,0.0300,0.5600,-2.7300,0.7700
62275190,sitting,-0.0083,-0.9984,0.0305,0.5600,-2.7650,0.7700
62275209,sitting,-0.0093,-0.9975,0.0310,0.5600,-2.7650,0.7700
62275228,sitting,-0.0093,-0.9987,0.0305,0.5600,-2.7650,0.7700
62275248,sitting,-0.0095,-0.9994,0.0300,0.5600,-2.7650,0.7700
62275267,sitting,-0.0090,-0.9989,0.0298,0.5600,-2.7650,0.7700
62275286,sitting,-0.0093,-0.9987,0.0307,0.5600,-2.8000,0.7700
62275305,sitting,-0.0090,-0.9980,0.0305,0.5600,-2.7650,0.7700
62275325,sitting,-0.0095,-0.9982,0.0293,0.5600,-2.7300,0.7700
62275344,sitting,-0.0095,-0.9987,0.0310,0.5600,-2.7650,0.7700
62275363,sitting,-0.0093,-0.9989,0.0307,0.5250,-2.7650,0.7350
62275382,sitting,-0.0098,-0.9975,0.0303,0.5600,-2.8000,0.7700
62275401,sitting,-0.0095,-0.9984,0.0307,0.5600,-2.7300,0.7700
62275421,sitting,-0.0090,-0.9987,0.0307,0.5250,-2.8000,0.7700
62275440,sitting,-0.0088,-0.9972,0.0303,0.5600,-2.7650,0.7700
62275459,sitting,-0.0093,-0.9977,0.0298,0.5600,-2.7650,0.7700
62275478,sitting,-0.0093,-0.9980,0.0300,0.5250,-2.8000,0.7700
62275498,sitting,-0.0095,-0.9980,0.0303,0.4900,-2.8000,0.8050
62275517,sitting,-0.0107,-0.9980,0.0310,0.5250,-2.7650,0.7700
62275536,sitting,-0.0102,-0.9987,0.0305,0.5250,-2.7650,0.7700
62275555,sitting,-0.0085,-0.9984,0.0307,0.5600,-2.7300,0.7700
62275575,sitting,-0.0100,-0.9980,0.0300,0.5600,-2.7650,0.7350
62275594,sitting,-0.0090,-0.9992,0.0300,0.5600,-2.7300,0.7700
62275613,sitting,-0.0085,-0.9984,0.0300,0.5600,-2.7300,0.7700
62275632,sitting,-0.0090,-0.9984,0.0307,0.5250,-2.7650,0.7700
62275651,sitting,-0.0093,-0.9982,0.0307,0.5600,-2.7650,0.7700
62275671,sitting,-0.0093,-0.9982,0.0300,0.5250,-2.7650,0.7700
62275690,sitting,-0.0093,-0.9989,0.0310,0.5600,-2.7300,0.7700
62275709,sitting,-0.0093,-0.9987,0.0298,0.5600,-2.7300,0.7700
62275728,sitting,-0.0088,-0.9980,0.0300,0.5600,-2.7300,0.7700
62275748,sitting,-0.0090,-0.9992,0.0315,0.5250,-2.7300,0.7700
62275767,sitting,-0.0090,-0.9989,0.0300,0.5600,-2.7650,0.7700
62275786,sitting,-0.0095,-0.9977,0.0312,0.5600,-2.7300,0.7700
62275805,sitting,-0.0098,-0.9977,0.0307,0.5250,-2.8000,0.7700
62275825,sitting,-0.0095,-0.9982,0.0305,0.5600,-2.7650,0.7350
62275844,sitting,-0.0098,-0.9984,0.0310,0.5600,-2.7300,0.7700
62275863,sitting,-0.0102,-0.9977,0.0310,0.5600,-2.7650,0.7700
62275882,sitting,-0.0093,-0.9980,0.0310,0.5600,-2.7650,0.7350
62275901,sitting,-0.0085,-0.9989,0.0298,0.5250,-2.8000,0.7700
62275921,sitting,-0.0083,-0.9984,0.0307,0.5250,-2.8000,0.7700
62275940,sitting,-0.0095,-0.9980,0.0305,0.5600,-2.7650,0.8050
62275959,sitting,-0.0102,-0.9987,0.0300,0.5250,-2.8000,0.7700
62275978,sitting,-0.0085,-0.9982,0.0303,0.5600,-2.7300,0.7700
62275998,sitting,-0.0088,-0.9977,0.0303,0.5600,-2.8000,0.7700
62276017,sitting,-0.0090,-0.9987,0.0310,0.5600,-2.8000,0.7700
62276036,sitting,-0.0095,-0.9987,0.0305,0.4900,-2.7650,0.7700
62276055,sitting,-0.0093,-0.9980,0.0300,0.5600,-2.7300,0.7700
62276075,sitting,-0.0090,-0.9975,0.0298,0.5600,-2.7650,0.8050
62276094,sitting,-0.0090,-0.9982,0.0300,0.4900,-2.8000,0.7700
62276113,sitting,-0.0105,-0.9980,0.0303,0.5600,-2.7650,0.7700
62276132,sitting,-0.0090,-0.9987,0.0300,0.5600,-2.7650,0.7700
62276151,sitting,-0.0098,-0.9982,0.0295,0.5600,-2.7650,0.7700
62276171,sitting,-0.0093,-0.9987,0.0300,0.5600,-2.7650,0.7700
62276190,sitting,-0.0093,-0.9987,0.0310,0.5600,-2.7300,0.7700
62276209,sitting,-0.0085,-0.9987,0.0305,0.5950,-2.7300,0.7700
62276228,sitting,-0.0095,-0.9989,0.0303,0.5600,-2.7300,0.7700
62276248,sitting,-0.0093,-0.9984,0.0300,0.5600,-2.7300,0.7700
62276267,sitting,-0.0098,-0.9975,0.0305,0.5250,-2.7300,0.7700
62276286,sitting,-0.0093,-0.9982,0.0305,0.5600,-2.7300,0.7350
62276305,sitting,-0.0093,-0.9987,0.0310,0.5600,-2.7650,0.7350
62276325,sitting,-0.0093,-0.9975,0.0305,0.5600,-2.7300,0.7700
62276344,sitting,-0.0102,-0.9984,0.0312,0.5600,-2.7650,0.7700
62276363,sitting,-0.0095,-0.9992,0.0305,0.5600,-2.7650,0.7700
62276382,sitting,-0.0088,-0.9980,0.0305,0.5250,-2.7300,0.7700
62276401,sitting,-0.0093,-0.9984,0.0305,0.5950,-2.7300,0.7350
62276421,sitting,-0.0093,-0.9994,0.0315,0.5600,-2.7300,0.7700
62276440,sitting,-0.0085,-0.9982,0.0315,0.5600,-2.7650,0.7700
62276459,sitting,-0.0085,-0.9984,0.0317,0.5250,-2.7650,0.7700
62276478,sitting,-0.0093,-0.9982,0.0305,0.5250,-2.7650,0.7700
62276498,sitting,-0.0093,-0.9987,0.0300,0.5250,-2.7650,0.7350
62276517,sitting,-0.0093,-0.9997,0.0300,0.5600,-2.7650,0.7700
62276536,sitting,-0.0093,-0.9980,0.0307,0.5600,-2.7650,0.7350
62276555,sitting,-0.0093,-0.9970,0.0307,0.5600,-2.7300,0.8050
62276575,sitting,-0.0090,-0.9972,0.0305,0.4900,-2.7650,0.7700
62276594,sitting,-0.0088,-0.9984,0.0312,0.5600,-2.7650,0.7700
62276613,sitting,-0.0095,-0.9977,0.0307,0.5600,-2.7650,0.7700
62276632,sitting,-0.0090,-0.9984,0.0310,0.5600,-2.7650,0.7700
62276651,sitting,-0.0088,-0.9984,0.0307,0.5600,-2.7300,0.7700
62276671,sitting,-0.0090,-0.9980,0.0305,0.5600,-2.7300,0.7700
62276690,sitting,-0.0085,-0.9987,0.0305,0.5250,-2.7300,0.7700
62276709,sitting,-0.0088,-0.9977,0.0315,0.5600,-2.7650,0.7700
62276728,sitting,-0.0088,-0.9982,0.0305,0.5250,-2.7650,0.8050
62276748,sitting,-0.0093,-0.9992,0.0303,0.5600,-2.7650,0.7700
62276767,sitting,-0.0088,-0.9982,0.0303,0.5600,-2.7650,0.7700
62276786,sitting,-0.0083,-0.9980,0.0303,0.5950,-2.7650,0.7700
62276805,sitting,-0.0093,-0.9994,0.0300,0.5950,-2.7300,0.7350
62276825,sitting,-0.0098,-0.9999,0.0298,0.5600,-2.7300,0.7700
62276844,sitting,-0.0090,-0.9980,0.0298,0.5600,-2.7650,0.7700
62276863,sitting,-0.0093,-0.9984,0.0307,0.5600,-2.7300,0.7700
62276882,sitting,-0.0098,-0.9977,0.0317,0.5600,-2.8000,0.7700
62276901,sitting,-0.0093,-0.9987,0.0310,0.5600,-2.7650,0.7700
62276921,sitting,-0.0095,-0.9992,0.0307,0.5600,-2.7300,0.7700
62276940,sitting,-0.0095,-0.9984,0.0298,0.5600,-2.7300,0.7700
62276959,sitting,-0.0093,-0.9980,0.0310,0.5600,-2.7300,0.7700
62276978,sitting,-0.0090,-0.9980,0.0310,0.5600,-2.7650,0.7700
62276998,sitting,-0.0090,-0.9980,0.0310,0.5250,-2.7300,0.7700
62277017,sitting,-0.0090,-0.9987,0.0307,0.5250,-2.7650,0.8050
62277036,sitting,-0.0088,-0.9989,0.0305,0.5600,-2.8000,0.8050
62277055,sitting,-0.0090,-0.9984,0.0293,0.5250,-2.7650,0.7700
62277075,sitting,-0.0088,-0.9989,0.0298,0.5250,-2.7300,0.7700
62277094,sitting,-0.0090,-0.9980,0.0305,0.5600,-2.7650,0.7700
62277113,sitting,-0.0093,-0.9982,0.0305,0.5250,-2.7650,0.7700
62277132,sitting,-0.0088,-0.9987,0.0312,0.5600,-2.8000,0.7700
62277151,sitting,-0.0090,-0.9975,0.0312,0.5600,-2.7650,0.7700
62277171,sitting,-0.0100,-0.9982,0.0315,0.5250,-2.7300,0.7700
62277190,sitting,-0.0085,-0.9987,0.0307,0.5600,-2.7650,0.7700
62277209,sitting,-0.0095,-0.9980,0.0307,0.5600,-2.7300,0.7700
62277228,sitting,-0.0095,-0.9972,0.0315,0.5950,-2.7300,0.7700
62277248,sitting,-0.0085,-0.9984,0.0305,0.5600,-2.7300,0.7700
62277267,sitting,-0.0083,-0.9982,0.0312,0.5950,-2.8000,0.7700
62277286,sitting,-0.0090,-0.9975,0.0307,0.5250,-2.7650,0.7700
62277305,sitting,-0.0095,-0.9984,0.0303,0.5600,-2.7650,0.7350
62277325,sitting,-0.0088,-0.9977,0.0305,0.5600,-2.7300,0.7700
62277344,sitting,-0.0093,-0.9982,0.0315,0.5600,-2.7300,0.7350
62277363,sitting,-0.0095,-0.9984,0.0300,0.5250,-2.6950,0.7700
62277382,sitting,-0.0100,-0.9984,0.0307,0.5600,-2.7650,0.7700
62277401,sitting,-0.0085,-0.9977,0.0303,0.5600,-2.7650,0.7350
62277421,sitting,-0.0093,-0.9987,0.0310,0.5600,-2.7300,0.7700
62277440,sitting,-0.0095,-0.9989,0.0303,0.5250,-2.8000,0.8050
62277459,sitting,-0.0095,-0.9992,0.0300,0.5950,-2.8000,0.7700
62277478,sitting,-0.0095,-0.9989,0.0312,0.5600,-2.7650,0.7700
62277498,sitting,-0.0090,-0.9987,0.0307,0.5600,-2.8000,0.7700
62277517,sitting,-0.0093,-0.9987,0.0307,0.5600,-2.8000,0.7700
62277536,sitting,-0.0095,-0.9994,0.0320,0.5600,-2.7650,0.7700
62277555,sitting,-0.0083,-0.9984,0.0310,0.5250,-2.7650,0.7700
62277575,sitting,-0.0078,-0.9984,0.0305,0.5600,-2.7650,0.7700
62277594,sitting,-0.0090,-0.9984,0.0303,0.5250,-2.7300,0.7700
62277613,sitting,-0.0095,-0.9980,0.0305,0.5250,-2.8000,0.8050
62277632,sitting,-0.0098,-0.9987,0.0307,0.5600,-2.7300,0.7700
62277651,sitting,-0.0102,-0.9984,0.0305,0.5600,-2.7650,0.7700
62277671,sitting,-0.0088,-0.9984,0.0310,0.5600,-2.7300,0.7700
62277690,sitting,-0.0093,-0.9970,0.0310,0.5600,-2.7300,0.7700
62277709,sitting,-0.0085,-0.9992,0.0307,0.5600,-2.7300,0.7700
62277728,sitting,-0.0085,-0.9977,0.0303,0.5250,-2.7650,0.7700
62277748,sitting,-0.0093,-0.9977,0.0303,0.5600,-2.7300,0.7700
62277767,sitting,-0.0083,-0.9980,0.0307,0.5600,-2.7300,0.7700
62277786,sitting,-0.0090,-0.9984,0.0303,0.5250,-2.7650,0.7700
62277805,sitting,-0.0100,-0.9975,0.0305,0.5600,-2.7300,0.7700
62277825,sitting,-0.0088,-0.9975,0.0310,0.5600,-2.7300,0.7700
62277844,sitting,-0.0090,-0.9972,0.0303,0.5600,-2.8000,0.7700
62277863,sitting,-0.0090,-0.9977,0.0310,0.5600,-2.7650,0.7350
62277882,sitting,-0.0090,-0.9977,0.0312,0.5600,-2.7300,0.7350
62277901,sitting,-0.0093,-0.9984,0.0303,0.5600,-2.7650,0.7700
62277921,sitting,-0.0085,-0.9992,0.0298,0.5600,-2.7300,0.7700
62277940,sitting,-0.0083,-0.9987,0.0300,0.5600,-2.8000,0.7700
62277959,sitting,-0.0088,-0.9984,0.0307,0.4900,-2.7300,0.7700
62277978,sitting,-0.0088,-0.9977,0.0303,0.5600,-2.7650,0.7700
62277998,sitting,-0.0088,-0.9977,0.0305,0.5600,-2.7650,0.7700
62278017,sitting,-0.0095,-0.9987,0.0307,0.5600,-2.8000,0.7700
62278036,sitting,-0.0095,-0.9982,0.0307,0.5600,-2.7650,0.7700
62278055,sitting,-0.0090,-0.9982,0.0305,0.5600,-2.7300,0.7350
62278075,sitting,-0.0083,-0.9980,0.0307,0.5250,-2.8000,0.7700
62278094,sitting,-0.0081,-0.9980,0.0310,0.4900,-2.7650,0.8400
62278113,sitting,-0.0098,-0.9994,0.0293,0.5600,-2.7300,0.7700
62278132,sitting,-0.0090,-0.9987,0.0295,0.4900,-2.7300,0.8050
62278151,sitting,-0.0090,-0.9982,0.0295,0.5950,-2.7650,0.7700
62278171,sitting,-0.0095,-0.9980,0.0310,0.5600,-2.7300,0.7350
62278190,sitting,-0.0093,-0.9982,0.0300,0.5600,-2.8000,0.8050
62278209,sitting,-0.0090,-0.9972,0.0298,0.5600,-2.7300,0.7700
62278228,sitting,-0.0095,-0.9984,0.0305,0.5600,-2.7650,0.7700
62278248,sitting,-0.0093,-0.9987,0.0305,0.5600,-2.7300,0.7700
62278267,sitting,-0.0078,-0.9994,0.0305,0.5600,-2.7650,0.7700
62278286,sitting,-0.0088,-0.9975,0.0300,0.5600,-2.7300,0.7700
62278305,sitting,-0.0093,-0.9984,0.0312,0.5600,-2.7300,0.8050
62278325,sitting,-0.0093,-0.9980,0.0298,0.5600,-2.7300,0.7000
62278344,sitting,-0.0093,-0.9977,0.0303,0.5250,-2.8000,0.7350
62278363,sitting,-0.0100,-0.9975,0.0300,0.5600,-2.7650,0.7700
62278382,sitting,-0.0088,-0.9984,0.0300,0.5950,-2.7300,0.7700
62278401,sitting,-0.0085,-0.9980,0.0303,0.5950,-2.7650,0.7700
62278421,sitting,-0.0088,-0.9984,0.0303,0.5600,-2.8000,0.7350
62278440,sitting,-0.0093,-0.9975,0.0303,0.5250,-2.7300,0.7350
62278459,sitting,-0.0095,-0.9982,0.0298,0.5600,-2.7650,0.7350
62278478,sitting,-0.0090,-0.9977,0.0305,0.5600,-2.7300,0.7700
62278498,sitting,-0.0090,-0.9982,0.0300,0.5600,-2.7300,0.7700
62278517,sitting,-0.0098,-0.9987,0.0303,0.5600,-2.7650,0.7700
62278536,sitting,-0.0090,-0.9977,0.0295,0.5600,-2.7300,0.7700
