timestamp_ms,label,acc_x_g,acc_y_g,acc_z_g,gyro_x_dps,gyro_y_dps,gyro_z_dps
62085185,sitting,0.0010,1.0014,0.0095,0.5600,-2.7300,0.7700
62085204,sitting,0.0020,1.0011,0.0100,0.5600,-2.7650,0.7350
62085223,sitting,0.0022,1.0014,0.0088,0.5600,-2.7650,0.7700
62085242,sitting,0.0015,1.0014,0.0098,0.5600,-2.7650,0.7700
62085262,sitting,0.0012,1.0016,0.0095,0.5250,-2.7650,0.7700
62085281,sitting,0.0015,1.0016,0.0085,0.5600,-2.7300,0.7350
62085300,sitting,0.0015,1.0004,0.0090,0.5600,-2.7300,0.7700
62085319,sitting,0.0015,1.0006,0.0090,0.5600,-2.7300,0.7350
62085339,sitting,0.0032,1.0002,0.0088,0.5600,-2.7300,0.8050
62085358,sitting,0.0032,0.9994,0.0102,0.5600,-2.7650,0.7700
62085377,sitting,0.0020,1.0004,0.0098,0.5250,-2.7300,0.7700
62085396,sitting,0.0015,1.0009,0.0095,0.5250,-2.7650,0.7700
62085416,sitting,0.0015,1.0014,0.0105,0.5600,-2.7650,0.7700
62085435,sitting,0.0012,1.0014,0.0090,0.5600,-2.7650,0.7700
62085454,sitting,0.0015,1.0004,0.0095,0.5600,-2.7300,0.7350
62085473,sitting,0.0010,1.0014,0.0102,0.4900,-2.7300,0.7700
62085492,sitting,0.0015,0.9999,0.0090,0.5600,-2.7300,0.7700
62085512,sitting,0.0022,1.0006,0.0093,0.5600,-2.8000,0.7700
62085531,sitting,0.0015,1.0009,0.0098,0.5600,-2.7650,0.7700
62085550,sitting,0.0010,1.0011,0.0100,0.5600,-2.7650,0.7700
62085569,sitting,0.0010,1.0014,0.0090,0.5600,-2.7650,0.8050
62085589,sitting,0.0017,1.0011,0.0098,0.5600,-2.8000,0.7700
62085608,sitting,0.0017,1.0011,0.0093,0.5600,-2.7650,0.7350
62085627,sitting,0.0002,1.0011,0.0100,0.5950,-2.7300,0.7700
62085646,sitting,0.0015,1.0004,0.0102,0.5600,-2.8000,0.7700
62085666,sitting,0.0012,0.9999,0.0095,0.5600,-2.7650,0.7700
62085685,sitting,0.0010,1.0004,0.0095,0.5600,-2.7300,0.7700
62085704,sitting,0.0007,1.0011,0.0095,0.5600,-2.8000,0.7700
62085723,sitting,0.0015,1.0002,0.0100,0.5600,-2.7650,0.7700
62085742,sitting,0.0015,1.0004,0.0083,0.5600,-2.7300,0.7700
62085762,sitting,0.0012,1.0006,0.0088,0.5600,-2.7300,0.7700
62085781,sitting,0.0012,1.0009,0.0095,0.5600,-2.8000,0.7700
62085800,sitting,0.0002,1.0011,0.0093,0.5600,-2.7300,0.7700
62085819,sitting,0.0007,1.0014,0.0095,0.5250,-2.7300,0.8050
62085839,sitting,0.0005,1.0006,0.0100,0.5600,-2.7650,0.7700
62085858,sitting,0.0010,1.0016,0.0095,0.5600,-2.8000,0.7700
62085877,sitting,0.0007,1.0004,0.0088,0.5600,-2.7300,0.7700
62085896,sitting,0.0007,1.0009,0.0093,0.5600,-2.7650,0.7700
62085916,sitting,0.0020,1.0014,0.0102,0.5600,-2.7650,0.7700
62085935,sitting,0.0015,1.0016,0.0100,0.5600,-2.7300,0.7700
62085954,sitting,0.0012,1.0006,0.0100,0.5600,-2.7650,0.7350
62085973,sitting,0.0020,1.0006,0.0102,0.6300,-2.7650,0.7700
62085992,sitting,0.0007,1.0009,0.0105,0.5600,-2.7650,0.7700
62086012,sitting,0.0010,1.0009,0.0088,0.5950,-2.7300,0.7350
62086031,sitting,0.0015,1.0021,0.0100,0.5600,-2.7300,0.7700
62086050,sitting,0.0015,1.0019,0.0095,0.5600,-2.7300,0.7700
62086069,sitting,0.0020,1.0014,0.0098,0.5600,-2.7300,0.7700
62086089,sitting,0.0020,1.0011,0.0093,0.5600,-2.7650,0.7700
62086108,sitting,0.0010,1.0011,0.0088,0.5600,-2.7650,0.7700
62086127,sitting,0.0017,1.0014,0.0098,0.5250,-2.7650,0.7700
62086146,sitting,0.0020,1.0019,0.0088,0.5600,-2.7650,0.7700
62086166,sitting,0.0015,1.0009,0.0098,0.5600,-2.7650,0.7700
62086185,sitting,0.0015,1.0011,0.0095,0.5600,-2.7650,0.7700
62086204,sitting,0.0015,1.0011,0.0095,0.5600,-2.7300,0.7700
62086223,sitting,0.0007,1.0016,0.0102,0.5250,-2.7300,0.7700
62086242,sitting,0.0012,1.0006,0.0093,0.5600,-2.7300,0.7700
62086262,sitting,0.0020,1.0011,0.0098,0.5600,-2.7300,0.7700
62086281,sitting,0.0015,1.0016,0.0095,0.5600,-2.7300,0.7700
62086300,sitting,0.0017,1.0009,0.0090,0.5600,-2.7650,0.8050
62086319,sitting,0.0012,1.0006,0.0095,0.5600,-2.7650,0.7700
62086339,sitting,0.0010,1.0014,0.0093,0.5600,-2.7650,0.7700
62086358,sitting,0.0002,1.0021,0.0093,0.4900,-2.7300,0.7700
62086377,sitting,0.0007,1.0006,0.0095,0.5600,-2.7300,0.7700
62086396,sitting,0.0017,1.0006,0.0095,0.5950,-2.7300,0.7700
62086416,sitting,0.0012,1.0004,0.0102,0.6300,-2.7300,0.7700
62086435,sitting,0.0015,1.0004,0.0088,0.5250,-2.7650,0.7700
62086454,sitting,0.0007,0.9999,0.0098,0.5950,-2.7650,0.7700
62086473,sitting,0.0015,1.0004,0.0090,0.5600,-2.7300,0.7350
62086492,sitting,0.0007,1.0006,0.0090,0.5600,-2.7300,0.7700
62086512,sitting,0.0005,1.0011,0.0105,0.5950,-2.7300,0.8050
62086531,sitting,0.0010,1.0016,0.0090,0.5600,-2.7300,0.7700
62086550,sitting,0.0015,1.0014,0.0093,0.5600,-2.8000,0.7350
62086569,sitting,0.0024,0.9999,0.0100,0.5600,-2.7300,0.7700
62086589,sitting,0.0015,1.0002,0.0095,0.5250,-2.7300,0.7700
62086608,sitting,0.0012,1.0016,0.0098,0.5950,-2.7300,0.7700
62086627,sitting,0.0010,1.0014,0.0098,0.5950,-2.7300,0.7700
62086646,sitting,0.0012,1.0021,0.0098,0.5600,-2.7300,0.7700
62086666,sitting,0.0002,1.0006,0.0095,0.5600,-2.8000,0.7700
62086685,sitting,0.0020,1.0011,0.0105,0.5600,-2.7300,0.7700
62086704,sitting,0.0024,1.0002,0.0095,0.5600,-2.7650,0.7700
62086723,sitting,0.0015,1.0002,0.0093,0.5600,-2.7300,0.7700
62086742,sitting,0.0007,1.0019,0.0095,0.5600,-2.7650,0.7350
62086762,sitting,0.0007,1.0002,0.0098,0.5600,-2.8000,0.7700
62086781,sitting,0.0012,1.0011,0.0095,0.5250,-2.7650,0.8050
62086800,sitting,0.0012,1.0006,0.0093,0.5600,-2.7650,0.7700
62086819,sitting,0.0012,1.0014,0.0090,0.5600,-2.8000,0.7700
62086839,sitting,0.0022,1.0014,0.0098,0.5600,-2.7650,0.7700
62086858,sitting,0.0017,1.0004,0.0100,0.5600,-2.7650,0.7700
62086877,sitting,0.0012,1.0009,0.0090,0.5600,-2.7300,0.7700
62086896,sitting,0.0012,1.0006,0.0102,0.5250,-2.7300,0.7700
62086916,sitting,0.0015,1.0016,0.0105,0.5600,-2.7650,0.7700
62086935,sitting,0.0000,1.0011,0.0093,0.5600,-2.7300,0.8050
62086954,sitting,0.0010,1.0002,0.0098,0.5600,-2.7300,0.7700
62086973,sitting,0.0017,1.0014,0.0085,0.5600,-2.7300,0.7700
62086992,sitting,0.0012,1.0016,0.0090,0.5600,-2.7300,0.8050
62087012,sitting,0.0012,1.0019,0.0095,0.5600,-2.7650,0.7700
62087031,sitting,0.0010,1.0016,0.0090,0.5600,-2.7300,0.7700
62087050,sitting,0.0020,1.0011,0.0093,0.5950,-2.7300,0.7700
62087069,sitting,0.0015,1.0004,0.0105,0.5250,-2.7300,0.7700
62087089,sitting,0.0020,1.0004,0.0110,0.5600,-2.7300,0.7350
62087108,sitting,0.0010,1.0006,0.0100,0.5600,-2.7650,0.7700
62087127,sitting,0.0024,1.0016,0.0095,0.5600,-2.7300,0.7700
62087146,sitting,0.0017,1.0016,0.0098,0.5600,-2.7650,0.7700
62087166,sitting,0.0007,1.0011,0.0100,0.5950,-2.7300,0.7700
62087185,sitting,0.0007,1.0014,0.0095,0.5600,-2.7300,0.7700
62087204,sitting,0.0015,1.0014,0.0090,0.5600,-2.7650,0.7700
62087223,sitting,0.0015,1.0011,0.0095,0.5600,-2.7300,0.7700
62087242,sitting,0.0022,1.0006,0.0095,0.5600,-2.8000,0.7700
62087262,sitting,0.0024,1.0011,0.0088,0.5600,-2.7300,0.7700
62087281,sitting,0.0010,1.0014,0.0098,0.5950,-2.7650,0.7700
62087300,sitting,0.0010,1.0004,0.0098,0.5600,-2.7300,0.7350
62087319,sitting,0.0012,1.0014,0.0083,0.5600,-2.7300,0.8050
62087339,sitting,0.0017,1.0014,0.0098,0.5600,-2.7300,0.7700
62087358,sitting,0.0010,0.9999,0.0102,0.5600,-2.7300,0.7700
62087377,sitting,0.0012,1.0019,0.0100,0.5250,-2.7650,0.8050
62087396,sitting,0.0017,1.0016,0.0095,0.5250,-2.8000,0.7700
62087416,sitting,0.0020,1.0009,0.0093,0.5600,-2.7300,0.7700
62087435,sitting,0.0022,1.0011,0.0098,0.5250,-2.7300,0.8050
62087454,sitting,0.0012,1.0011,0.0100,0.5600,-2.7300,0.7700
62087473,sitting,0.0015,1.0006,0.0100,0.5600,-2.7300,0.7700
62087492,sitting,0.0010,1.0009,0.0105,0.5950,-2.7300,0.8050
62087512,sitting,0.0020,1.0016,0.0102,0.5250,-2.7300,0.7700
62087531,sitting,0.0020,1.0009,0.0093,0.5600,-2.7300,0.7700
62087550,sitting,0.0005,1.0009,0.0100,0.5600,-2.7300,0.7350
62087569,sitting,0.0010,1.0011,0.0098,0.5600,-2.7300,0.7700
62087589,sitting,0.0022,1.0016,0.0098,0.5600,-2.7300,0.7700
62087608,sitting,0.0017,1.0004,0.0100,0.5600,-2.7300,0.7350
62087627,sitting,0.0020,1.0006,0.0100,0.5600,-2.7650,0.7700
62087646,sitting,0.0010,1.0009,0.0090,0.5600,-2.7650,0.7700
62087666,sitting,0.0002,1.0011,0.0090,0.5600,-2.7300,0.7700
62087685,sitting,0.0015,1.0016,0.0095,0.5600,-2.7300,0.7700
62087704,sitting,0.0017,1.0014,0.0098,0.5600,-2.7650,0.7700
62087723,sitting,0.0017,1.0014,0.0083,0.5600,-2.7650,0.7700
62087742,sitting,0.0012,1.0014,0.0095,0.5950,-2.8000,0.7700
62087762,sitting,0.0015,1.0014,0.0095,0.5600,-2.7650,0.7700
62087781,sitting,0.0022,1.0009,0.0107,0.5600,-2.7650,0.7700
62087800,sitting,0.0012,1.0006,0.0102,0.5600,-2.8000,0.7700
62087819,sitting,0.0007,1.0014,0.0098,0.5250,-2.7300,0.7700
62087839,sitting,-0.0005,1.0016,0.0088,0.5250,-2.7300,0.7700
62087858,sitting,0.0015,1.0004,0.0098,0.5250,-2.7650,0.7700
62087877,sitting,0.0022,1.0009,0.0098,0.5250,-2.7650,0.7700
62087896,sitting,0.0015,1.0004,0.0095,0.5600,-2.7650,0.7700
62087916,sitting,0.0012,1.0004,0.0105,0.5600,-2.7650,0.7700
62087935,sitting,0.0017,1.0004,0.0093,0.5600,-2.7650,0.7000
62087954,sitting,0.0007,1.0004,0.0090,0.5600,-2.7300,0.7700
62087973,sitting,0.0024,1.0006,0.0102,0.5600,-2.7650,0.7700
62087992,sitting,0.0012,1.0006,0.0107,0.5600,-2.7300,0.7350
62088012,sitting,0.0012,1.0014,0.0098,0.5600,-2.7300,0.7700
62088031,sitting,0.0005,1.0011,0.0102,0.5600,-2.7300,0.7350
62088050,sitting,0.0010,1.0006,0.0095,0.5600,-2.7300,0.7350
62088069,sitting,0.0015,1.0011,0.0090,0.5600,-2.7300,0.7000
62088089,sitting,0.0022,1.0011,0.0093,0.5600,-2.7650,0.7700
62088108,sitting,0.0020,1.0006,0.0098,0.5600,-2.7300,0.7700
62088127,sitting,0.0007,1.0011,0.0095,0.5600,-2.7300,0.7350
62088146,sitting,0.0012,1.0004,0.0100,0.5600,-2.7300,0.7350
62088166,sitting,0.0007,1.0002,0.0102,0.5600,-2.7650,0.7700
62088185,sitting,0.0012,0.9997,0.0100,0.5950,-2.8000,0.7000
62088204,sitting,0.0012,1.0014,0.0100,0.5600,-2.7300,0.7350
62088223,sitting,0.0012,1.0014,0.0105,0.5600,-2.8000,0.7350
62088242,sitting,0.0012,1.0009,0.0095,0.5600,-2.8000,0.7700
62088262,sitting,0.0012,0.9999,0.0098,0.5600,-2.7300,0.7700
62088281,sitting,0.0012,1.0009,0.0107,0.5600,-2.8000,0.7700
62088300,sitting,0.0017,1.0016,0.0102,0.5250,-2.8000,0.7700
62088319,sitting,0.0017,1.0016,0.0093,0.5600,-2.7300,0.7700
62088339,sitting,0.0007,1.0009,0.0100,0.5600,-2.7300,0.7700
62088358,sitting,0.0017,1.0004,0.0098,0.5600,-2.7300,0.7700
62088377,sitting,0.0022,1.0006,0.0100,0.5600,-2.7300,0.7700
62088396,sitting,0.0015,1.0009,0.0088,0.4900,-2.8000,0.7700
62088416,sitting,0.0012,1.0014,0.0095,0.5600,-2.7650,0.7700
62088435,sitting,0.0015,1.0006,0.0098,0.5600,-2.7650,0.7700
62088454,sitting,0.0017,1.0011,0.0098,0.5250,-2.7300,0.7700
62088473,sitting,0.0017,1.0016,0.0098,0.5250,-2.7300,0.8050
62088492,sitting,0.0015,1.0009,0.0098,0.5600,-2.7650,0.7700
62088512,sitting,0.0017,1.0011,0.0098,0.5250,-2.8000,0.7700
62088531,sitting,0.0015,1.0011,0.0098,0.5600,-2.7300,0.7700
62088550,sitting,0.0017,0.9997,0.0088,0.5950,-2.7300,0.7700
62088569,sitting,0.0022,1.0009,0.0095,0.5600,-2.7650,0.7350
62088589,sitting,0.0015,1.0011,0.0102,0.5600,-2.7300,0.7350
62088608,sitting,0.0010,1.0019,0.0095,0.5600,-2.7300,0.7700
62088627,sitting,0.0010,1.0006,0.0093,0.5950,-2.7300,0.7700
62088646,sitting,0.0012,1.0016,0.0095,0.5600,-2.7300,0.7700
62088666,sitting,0.0017,1.0016,0.0100,0.5250,-2.7650,0.7350
62088685,sitting,0.0017,1.0009,0.0095,0.5600,-2.7300,0.7700
62088704,sitting,0.0012,1.0006,0.0100,0.5600,-2.8000,0.7700
62088723,sitting,0.0017,1.0009,0.0107,0.5600,-2.7650,0.7700
62088742,sitting,0.0020,1.0026,0.0098,0.5600,-2.7650,0.7700
62088762,sitting,0.0017,1.0009,0.0100,0.5600,-2.7650,0.7700
62088781,sitting,0.0015,0.9999,0.0095,0.5600,-2.7300,0.7700
62088800,sitting,0.0017,1.0011,0.0093,0.5600,-2.8000,0.7700
62088819,sitting,0.0012,1.0014,0.0105,0.5600,-2.8000,0.8050
62088839,sitting,0.0022,1.0004,0.0102,0.4900,-2.7650,0.8050
62088858,sitting,0.0022,1.0011,0.0100,0.5250,-2.7650,0.7700
62088877,sitting,0.0015,1.0011,0.0098,0.5600,-2.8000,0.7700
62088896,sitting,0.0010,1.0004,0.0102,0.4900,-2.7650,0.7700
62088916,sitting,0.0020,0.9999,0.0095,0.5600,-2.7650,0.7700
62088935,sitting,0.0012,1.0014,0.0105,0.5600,-2.7650,0.7700
62088954,sitting,0.0015,1.0004,0.0098,0.5600,-2.7300,0.7700
62088973,sitting,0.0012,0.9999,0.0095,0.5600,-2.7650,0.7700
62088992,sitting,0.0015,1.0006,0.0098,0.5600,-2.7300,0.7700
62089012,sitting,0.0015,1.0009,0.0098,0.5600,-2.7300,0.7700
62089031,sitting,0.0012,1.0009,0.0107,0.5600,-2.7650,0.7700
62089050,sitting,0.0010,1.0016,0.0098,0.5250,-2.7300,0.7350
62089069,sitting,0.0024,1.0011,0.0098,0.5600,-2.7300,0.7700
62089089,sitting,0.0017,1.0006,0.0098,0.5600,-2.7300,0.7700
62089108,sitting,0.0002,1.0009,0.0100,0.5600,-2.6950,0.7350
62089127,sitting,0.0020,1.0002,0.0095,0.5600,-2.7300,0.7700
62089146,sitting,0.0024,1.0016,0.0102,0.5600,-2.7650,0.7700
62089166,sitting,0.0017,1.0011,0.0090,0.5600,-2.7300,0.7700
62089185,sitting,0.0012,1.0011,0.0093,0.5600,-2.7300,0.7700
62089204,sitting,0.0015,1.0006,0.0093,0.5600,-2.7300,0.7700
62089223,sitting,0.0012,1.0019,0.0105,0.5250,-2.7650,0.7700
62089242,sitting,0.0012,1.0009,0.0088,0.5600,-2.7300,0.7350
62089262,sitting,0.0022,1.0004,0.0095,0.5600,-2.7300,0.7700
62089281,sitting,0.0017,1.0019,0.0100,0.5250,-2.7300,0.8050
62089300,sitting,0.0020,1.0016,0.0102,0.5600,-2.8000,0.7700
62089319,sitting,0.0015,0.9997,0.0107,0.5600,-2.8000,0.7700
62089339,sitting,0.0007,1.0011,0.0095,0.5600,-2.7300,0.7700
62089358,sitting,0.0012,1.0011,0.0100,0.5600,-2.7300,0.7700
62089377,sitting,0.0002,1.0016,0.0090,0.5600,-2.7300,0.7700
62089396,sitting,0.0012,1.0006,0.0100,0.5600,-2.8000,0.7700
62089416,sitting,0.0020,1.0011,0.0098,0.5600,-2.7650,0.7700
62089435,sitting,0.0012,1.0011,0.0098,0.5600,-2.7650,0.7700
62089454,sitting,0.0007,1.0002,0.0098,0.5600,-2.7650,0.7700
62089473,sitting,0.0015,0.9997,0.0105,0.5600,-2.7300,0.7700
62089492,sitting,0.0017,1.0009,0.0102,0.5600,-2.7300,0.7700
62089512,sitting,0.0012,1.0006,0.0100,0.5600,-2.7300,0.8050
62089531,sitting,0.0022,1.0004,0.0110,0.5600,-2.8000,0.8050
62089550,sitting,0.0012,1.0009,0.0095,0.5600,-2.7300,0.7700
62089569,sitting,0.0007,1.0006,0.0098,0.5250,-2.7300,0.7700
62089589,sitting,0.0020,1.0016,0.0110,0.5600,-2.7300,0.7700
62089608,sitting,0.0007,1.0009,0.0100,0.5600,-2.7300,0.7700
62089627,sitting,0.0010,1.0004,0.0090,0.5600,-2.7650,0.7700
62089646,sitting,0.0017,1.0009,0.0088,0.5600,-2.7650,0.7700
62089666,sitting,0.0007,1.0004,0.0093,0.5600,-2.7300,0.7700
62089685,sitting,0.0007,1.0019,0.0095,0.5600,-2.7300,0.7000
62089704,sitting,0.0020,1.0006,0.0093,0.5600,-2.7300,0.7700
62089723,sitting,0.0022,1.0006,0.0100,0.5600,-2.7300,0.7700
62089742,sitting,0.0024,1.0009,0.0088,0.5600,-2.7300,0.7350
62089762,sitting,0.0015,1.0009,0.0098,0.5600,-2.7300,0.7350
62089781,sitting,0.0020,1.0011,0.0100,0.5600,-2.7650,0.7700
62089800,sitting,0.0015,1.0019,0.0093,0.5600,-2.7300,0.7700
62089819,sitting,0.0010,1.0011,0.0105,0.5600,-2.7650,0.7700
62089839,sitting,0.0012,1.0014,0.0100,0.5250,-2.7650,0.7700
62089858,sitting,0.0022,1.0009,0.0093,0.5600,-2.7300,0.7700
62089877,sitting,0.0020,1.0009,0.0102,0.5600,-2.7650,0.7700
62089896,sitting,0.0020,1.0019,0.0100,0.5600,-2.7650,0.7350
62089916,sitting,0.0020,1.0011,0.0102,0.5600,-2.8000,0.7700
62089935,sitting,0.0015,1.0014,0.0095,0.5600,-2.7300,0.7700
62089954,sitting,0.0010,1.0011,0.0102,0.5600,-2.7300,0.7700
62089973,sitting,0.0007,1.0019,0.0093,0.5600,-2.8000,0.7700
62089992,sitting,0.0017,1.0006,0.0090,0.5600,-2.7300,0.8050
62090012,sitting,0.0024,1.0009,0.0100,0.5600,-2.7300,0.7700
62090031,sitting,0.0007,1.0014,0.0105,0.5250,-2.7300,0.8050
62090050,sitting,0.0017,1.0006,0.0098,0.5950,-2.7300,0.7700
62090069,sitting,0.0020,1.0006,0.0098,0.5600,-2.7650,0.7700
62090089,sitting,0.0020,1.0009,0.0095,0.5600,-2.7300,0.7700
62090108,sitting,0.0017,1.0011,0.0088,0.5600,-2.7300,0.7700
62090127,sitting,0.0012,1.0011,0.0093,0.5600,-2.7650,0.7700
62090146,sitting,0.0012,1.0004,0.0095,0.5600,-2.7300,0.7700
62090166,sitting,0.0015,1.0006,0.0093,0.5600,-2.7300,0.7700
62090185,sitting,0.0022,1.0006,0.0095,0.5600,-2.7650,0.7000
62090204,sitting,0.0005,1.0011,0.0090,0.5250,-2.7650,0.7700
62090223,sitting,0.0017,1.0002,0.0090,0.5600,-2.7650,0.7700
62090242,sitting,0.0012,1.0011,0.0093,0.5600,-2.7300,0.7350
62090262,sitting,0.0012,1.0021,0.0100,0.5600,-2.7300,0.7700
62090281,sitting,0.0012,1.0016,0.0098,0.5600,-2.7650,0.7700
62090300,sitting,0.0010,1.0011,0.0093,0.5600,-2.7300,0.7350
62090319,sitting,0.0015,1.0016,0.0107,0.5600,-2.7650,0.7350
62090339,sitting,0.0015,1.0011,0.0105,0.5250,-2.7650,0.7700
62090358,sitting,0.0020,1.0004,0.0088,0.5250,-2.8000,0.7700
62090377,sitting,0.0017,1.0014,0.0098,0.5250,-2.7650,0.7700
62090396,sitting,0.0010,1.0019,0.0090,0.5250,-2.7300,0.7700
62090416,sitting,0.0020,1.0011,0.0098,0.5600,-2.7650,0.7700
62090435,sitting,0.0017,1.0016,0.0107,0.5950,-2.7300,0.7700
62090454,sitting,0.0012,1.0006,0.0102,0.5250,-2.7650,0.7700
62090473,sitting,0.0007,0.9999,0.0100,0.5600,-2.8000,0.8050
62090492,sitting,0.0012,1.0009,0.0088,0.5600,-2.7300,0.7700
62090512,sitting,0.0015,1.0009,0.0090,0.5600,-2.7650,0.8050
62090531,sitting,0.0017,1.0009,0.0100,0.5600,-2.7650,0.7700
62090550,sitting,0.0017,1.0009,0.0100,0.5600,-2.7300,0.8050
62090569,sitting,0.0017,1.0009,0.0090,0.5600,-2.7300,0.7700
62090589,sitting,0.0012,1.0024,0.0095,0.5600,-2.7300,0.7700
62090608,sitting,0.0012,1.0011,0.0098,0.5600,-2.7650,0.7700
62090627,sitting,0.0017,1.0016,0.0095,0.5600,-2.7300,0.7700
62090646,sitting,0.0012,1.0014,0.0102,0.5950,-2.7650,0.7700
62090666,sitting,0.0010,1.0016,0.0110,0.5600,-2.7300,0.7700
62090685,sitting,0.0012,1.0021,0.0093,0.5600,-2.7300,0.7700
62090704,sitting,0.0017,1.0014,0.0098,0.5600,-2.7650,0.7700
62090723,sitting,0.0017,1.0011,0.0098,0.5600,-2.7650,0.7700
62090742,sitting,0.0012,1.0002,0.0100,0.5600,-2.7650,0.7350
62090762,sitting,0.0017,1.0009,0.0105,0.5600,-2.7650,0.7350
62090781,sitting,0.0012,1.0006,0.0100,0.5600,-2.7650,0.7350
62090800,sitting,0.0020,1.0006,0.0088,0.5600,-2.8000,0.7700
62090819,sitting,0.0017,1.0011,0.0095,0.5250,-2.7300,0.7700
62090839,sitting,0.0017,1.0006,0.0100,0.5600,-2.7300,0.7700
62090858,sitting,0.0010,1.0009,0.0093,0.5600,-2.7650,0.7700
62090877,sitting,0.0005,1.0002,0.0102,0.5600,-2.7650,0.7700
62090896,sitting,0.0005,1.0006,0.0100,0.5600,-2.7650,0.7350
62090916,sitting,0.0015,0.9999,0.0095,0.5600,-2.7650,0.7700
62090935,sitting,0.0015,1.0002,0.0095,0.5600,-2.7650,0.7700
62090954,sitting,0.0007,1.0021,0.0085,0.5600,-2.7650,0.7700
62090973,sitting,0.0007,1.0009,0.0088,0.5600,-2.7300,0.7700
62090992,sitting,0.0020,1.0014,0.0095,0.5250,-2.7300,0.7700
62091012,sitting,0.0015,1.0004,0.0093,0.5600,-2.8000,0.7350
62091031,sitting,0.0022,0.9999,0.0093,0.5250,-2.7650,0.8050
62091050,sitting,0.0017,1.0011,0.0095,0.5600,-2.8000,0.8050
62091069,sitting,0.0020,1.0006,0.0098,0.5250,-2.7300,0.7700
62091089,sitting,0.0020,1.0016,0.0090,0.5600,-2.7300,0.7700
62091108,sitting,0.0024,1.0011,0.0100,0.5600,-2.7300,0.7700
62091127,sitting,0.0020,1.0011,0.0107,0.5600,-2.7650,0.7700
62091146,sitting,0.0007,1.0011,0.0102,0.5250,-2.7300,0.7700
62091166,sitting,0.0017,1.0009,0.0098,0.5600,-2.7300,0.7350
62091185,sitting,0.0015,1.0009,0.0088,0.5600,-2.7300,0.7700
62091204,sitting,0.0020,1.0009,0.0098,0.5600,-2.7300,0.7700
62091223,sitting,0.0022,1.0026,0.0107,0.5600,-2.7300,0.7700
62091242,sitting,0.0017,1.0019,0.0102,0.5600,-2.8000,0.7700
62091262,sitting,0.0022,0.9997,0.0098,0.5950,-2.7300,0.7700
62091281,sitting,0.0017,1.0004,0.0095,0.5600,-2.7300,0.7700
62091300,sitting,0.0022,1.0011,0.0100,0.5600,-2.7650,0.7700
62091319,sitting,0.0015,1.0009,0.0098,0.5600,-2.7650,0.7700
62091339,sitting,0.0017,1.0009,0.0093,0.6300,-2.7300,0.7700
62091358,sitting,0.0012,1.0004,0.0093,0.5600,-2.7300,0.7350
62091377,sitting,0.0015,1.0004,0.0088,0.5600,-2.7300,0.7700
62091396,sitting,0.0015,1.0009,0.0105,0.5600,-2.8000,0.7700
62091416,sitting,0.0012,1.0014,0.0102,0.5600,-2.7300,0.7700
62091435,sitting,0.0012,1.0011,0.0093,0.5600,-2.8000,0.7700
62091454,sitting,0.0015,1.0009,0.0100,0.5600,-2.7650,0.7350
62091473,sitting,0.0012,0.9999,0.0088,0.5600,-2.7650,0.7700
62091492,sitting,0.0012,1.0009,0.0100,0.5600,-2.7300,0.7700
62091512,sitting,0.0005,1.0011,0.0095,0.5600,-2.7650,0.7700
62091531,sitting,0.0020,1.0016,0.0102,0.5600,-2.8000,0.7700
62091550,sitting,0.0012,1.0006,0.0090,0.5600,-2.7300,0.7700
62091569,sitting,0.0010,1.0011,0.0102,0.5600,-2.8000,0.7700
62091589,sitting,0.0012,1.0006,0.0098,0.5600,-2.7300,0.7700
62091608,sitting,0.0017,1.0009,0.0090,0.5600,-2.7300,0.7700
62091627,sitting,0.0020,1.0004,0.0095,0.5600,-2.7300,0.7700
62091646,sitting,0.0022,1.0009,0.0098,0.5250,-2.7650,0.7700
62091666,sitting,0.0027,1.0014,0.0098,0.5600,-2.7300,0.7700
62091685,sitting,0.0010,1.0009,0.0100,0.5600,-2.7300,0.7700
62091704,sitting,0.0015,1.0004,0.0095,0.5600,-2.7300,0.7700
62091723,sitting,0.0017,1.0009,0.0102,0.5600,-2.7300,0.7700
62091742,sitting,0.0012,1.0009,0.0098,0.5600,-2.7300,0.7700
62091762,sitting,0.0017,1.0006,0.0105,0.5600,-2.7300,0.7700
62091781,sitting,0.0012,1.0021,0.0102,0.5600,-2.7300,0.7700
62091800,sitting,0.0010,1.0016,0.0095,0.5600,-2.7650,0.7700
62091819,sitting,0.0020,1.0009,0.0095,0.5600,-2.7300,0.7700
62091839,sitting,0.0020,1.0011,0.0095,0.5600,-2.7650,0.7700
62091858,sitting,0.0015,1.0019,0.0093,0.5600,-2.7650,0.7700
62091877,sitting,0.0020,1.0011,0.0090,0.5600,-2.7300,0.7700
62091896,sitting,0.0017,1.0011,0.0098,0.5950,-2.7650,0.8050
62091916,sitting,0.0005,1.0009,0.0098,0.5600,-2.7650,0.7700
62091935,sitting,0.0012,1.0014,0.0107,0.5600,-2.7650,0.7700
62091954,sitting,0.0005,1.0016,0.0098,0.5250,-2.8000,0.7700
62091973,sitting,0.0012,1.0011,0.0100,0.5600,-2.8000,0.7700
62091992,sitting,0.0007,0.9997,0.0100,0.5250,-2.8000,0.7700
62092012,sitting,0.0000,1.0002,0.0095,0.5600,-2.7650,0.7700
62092031,sitting,0.0012,1.0011,0.0093,0.5250,-2.8000,0.7700
62092050,sitting,0.0012,1.0004,0.0110,0.5600,-2.7300,0.7700
62092069,sitting,0.0010,1.0011,0.0110,0.5600,-2.7650,0.7700
62092089,sitting,0.0010,1.0009,0.0105,0.5600,-2.7300,0.7700
62092108,sitting,0.0017,1.0009,0.0095,0.4900,-2.7300,0.7700
62092127,sitting,0.0015,1.0009,0.0088,0.5250,-2.7650,0.7700
62092146,sitting,0.0002,1.0016,0.0093,0.5600,-2.7650,0.7700
62092166,sitting,0.0020,1.0006,0.0098,0.5600,-2.7300,0.7700
62092185,sitting,0.0012,1.0009,0.0098,0.5600,-2.7300,0.8050
62092204,sitting,0.0020,1.0002,0.0107,0.5600,-2.7300,0.7700
62092223,sitting,0.0012,1.0004,0.0095,0.5600,-2.7650,0.7700
62092242,sitting,0.0012,1.0011,0.0095,0.5950,-2.7650,0.7700
62092262,sitting,0.0022,1.0004,0.0093,0.5600,-2.8000,0.7700
62092281,sitting,0.0020,1.0002,0.0100,0.5600,-2.7300,0.7700
62092300,sitting,0.0024,1.0006,0.0102,0.5600,-2.7300,0.7700
62092319,sitting,0.0020,1.0009,0.0095,0.6300,-2.7300,0.7700
62092339,sitting,0.0015,1.0006,0.0098,0.5600,-2.7650,0.7700
62092358,sitting,0.0022,1.0019,0.0098,0.5250,-2.7650,0.7350
62092377,sitting,0.0010,1.0014,0.0098,0.5950,-2.7650,0.7700
62092396,sitting,0.0017,1.0011,0.0098,0.5600,-2.7300,0.7700
62092416,sitting,0.0029,1.0006,0.0100,0.5950,-2.7300,0.7700
62092435,sitting,0.0022,1.0016,0.0100,0.5250,-2.8000,0.7700
62092454,sitting,0.0007,1.0021,0.0098,0.5600,-2.7300,0.7700
62092473,sitting,0.0007,1.0019,0.0098,0.5600,-2.7650,0.7700
62092492,sitting,0.0017,1.0004,0.0100,0.5950,-2.7650,0.7700
62092512,sitting,0.0007,0.9994,0.0093,0.4900,-2.7650,0.7700
62092531,sitting,0.0015,1.0004,0.0098,0.5600,-2.7300,0.7700
62092550,sitting,0.0012,0.9999,0.0095,0.5600,-2.7650,0.7350
62092569,sitting,0.0007,1.0011,0.0095,0.5600,-2.7300,0.7700
62092589,sitting,0.0015,1.0009,0.0098,0.5600,-2.7300,0.8050
62092608,sitting,0.0010,1.0021,0.0098,0.5600,-2.7300,0.7700
62092627,sitting,0.0017,1.0014,0.0105,0.5600,-2.7300,0.7700
62092646,sitting,0.0017,1.0014,0.0110,0.5600,-2.7300,0.7700
62092666,sitting,0.0017,1.0019,0.0098,0.5600,-2.8000,0.7350
62092685,sitting,0.0015,1.0011,0.0093,0.5600,-2.7650,0.7700
62092704,sitting,0.0010,1.0011,0.0093,0.5250,-2.7300,0.7700
62092723,sitting,0.0015,1.0006,0.0102,0.5600,-2.7300,0.7700
62092742,sitting,0.0017,1.0006,0.0093,0.5600,-2.7300,0.7700
62092762,sitting,0.0024,1.0011,0.0102,0.5600,-2.7650,0.7700
62092781,sitting,0.0020,1.0014,0.0093,0.5250,-2.7300,0.7700
62092800,sitting,0.0015,1.0011,0.0100,0.5600,-2.7300,0.7700
62092819,sitting,0.0010,1.0009,0.0100,0.5600,-2.7300,0.7350
62092839,sitting,0.0015,1.0004,0.0110,0.5250,-2.6950,0.7700
62092858,sitting,0.0012,1.0011,0.0107,0.5950,-2.7650,0.7700
62092877,sitting,0.0012,1.0009,0.0110,0.5600,-2.7650,0.7700
62092896,sitting,0.0007,1.0011,0.0105,0.5600,-2.7650,0.7700
62092916,sitting,0.0010,1.0009,0.0110,0.5600,-2.8000,0.7700
62092935,sitting,0.0010,1.0004,0.0093,0.5600,-2.7300,0.7700
62092954,sitting,0.0010,1.0002,0.0088,0.5600,-2.8000,0.7700
62092973,sitting,0.0010,1.0011,0.0093,0.5600,-2.7650,0.7700
62092992,sitting,0.0010,1.0009,0.0102,0.5600,-2.7650,0.7700
62093012,sitting,0.0012,1.0011,0.0095,0.5250,-2.7300,0.7700
62093031,sitting,0.0017,1.0009,0.0098,0.5600,-2.7650,0.7700
62093050,sitting,0.0005,1.0011,0.0102,0.5600,-2.7650,0.7000
62093069,sitting,0.0022,1.0011,0.0098,0.5600,-2.7300,0.7700
62093089,sitting,0.0005,1.0011,0.0095,0.5600,-2.7650,0.7700
62093108,sitting,0.0017,1.0009,0.0095,0.5250,-2.7650,0.7350
62093127,sitting,0.0010,1.0019,0.0100,0.5600,-2.8000,0.8050
62093146,sitting,0.0017,1.0009,0.0095,0.5600,-2.7650,0.7700
62093166,sitting,0.0022,1.0004,0.0105,0.5600,-2.7300,0.7700
62093185,sitting,0.0017,1.0006,0.0100,0.5600,-2.7650,0.7350
62093204,sitting,0.0010,1.0014,0.0095,0.5600,-2.7650,0.7700
62093223,sitting,0.0000,1.0011,0.0105,0.5600,-2.7300,0.7700
62093242,sitting,0.0015,1.0011,0.0107,0.5250,-2.7300,0.7700
62093262,sitting,0.0005,1.0006,0.0098,0.5600,-2.7300,0.7700
62093281,sitting,0.0010,1.0009,0.0098,0.5600,-2.7300,0.7700
62093300,sitting,0.0007,1.0016,0.0095,0.5600,-2.7300,0.7350
62093319,sitting,0.0022,1.0014,0.0102,0.5950,-2.7300,0.7700
62093339,sitting,0.0010,1.0014,0.0100,0.5600,-2.7300,0.7350
62093358,sitting,0.0010,1.0011,0.0098,0.5600,-2.7300,0.7700
62093377,sitting,0.0010,1.0011,0.0105,0.5600,-2.7650,0.7700
62093396,sitting,0.0007,1.0014,0.0102,0.5600,-2.7300,0.7700
62093416,sitting,0.0010,1.0009,0.0098,0.5250,-2.7300,0.7700
62093435,sitting,0.0007,1.0016,0.0095,0.5600,-2.7300,0.7350
62093454,sitting,0.0010,1.0002,0.0102,0.5600,-2.7300,0.7700
62093473,sitting,0.0012,1.0002,0.0100,0.5600,-2.7650,0.7700
62093492,sitting,0.0012,1.0011,0.0100,0.5600,-2.7650,0.7700
62093512,sitting,0.0015,1.0011,0.0102,0.5600,-2.8000,0.7700
62093531,sitting,0.0007,1.0004,0.0105,0.5600,-2.7300,0.7700
62093550,sitting,0.0005,1.0014,0.0098,0.5250,-2.7300,0.7700
62093569,sitting,0.0017,1.0011,0.0105,0.5600,-2.8000,0.7700
62093589,sitting,0.0022,1.0004,0.0100,0.5950,-2.7650,0.7700
62093608,sitting,0.0017,1.0009,0.0093,0.5600,-2.8000,0.7700
62093627,sitting,0.0012,1.0006,0.0100,0.5600,-2.8000,0.7700
62093646,sitting,0.0005,1.0006,0.0090,0.5600,-2.7650,0.7700
62093666,sitting,0.0010,1.0014,0.0093,0.5600,-2.7300,0.8050
62093685,sitting,0.0007,1.0019,0.0098,0.5600,-2.7300,0.7700
62093704,sitting,0.0015,1.0011,0.0100,0.5600,-2.7300,0.7700
62093723,sitting,0.0015,1.0014,0.0105,0.5600,-2.7300,0.8050
62093742,sitting,0.0022,1.0011,0.0102,0.5950,-2.7300,0.7700
62093762,sitting,0.0017,1.0014,0.0098,0.5600,-2.7650,0.7700
62093781,sitting,0.0012,0.9997,0.0090,0.5600,-2.7300,0.7700
62093800,sitting,0.0012,0.9997,0.0095,0.5600,-2.7300,0.7700
62093819,sitting,0.0007,1.0002,0.0102,0.5250,-2.7300,0.7700
62093839,sitting,0.0012,1.0009,0.0100,0.5600,-2.7650,0.7350
62093858,sitting,0.0017,1.0019,0.0102,0.5600,-2.7650,0.7350
62093877,sitting,0.0007,1.0014,0.0102,0.5600,-2.7300,0.7350
62093896,sitting,0.0012,1.0009,0.0102,0.5600,-2.7300,0.7700
62093916,sitting,0.0005,1.0011,0.0100,0.5600,-2.7650,0.7700
62093935,sitting,0.0010,1.0014,0.0098,0.5600,-2.7650,0.7700
62093954,sitting,0.0007,1.0006,0.0095,0.4900,-2.7300,0.7700
62093973,sitting,0.0017,1.0014,0.0083,0.5600,-2.7300,0.7700
62093992,sitting,0.0017,1.0009,0.0098,0.5250,-2.7300,0.7700
62094012,sitting,0.0022,1.0006,0.0107,0.5600,-2.8000,0.7700
62094031,sitting,0.0027,0.9999,0.0098,0.5950,-2.7300,0.7350
62094050,sitting,0.0020,1.0009,0.0098,0.5600,-2.7300,0.7700
62094069,sitting,0.0017,1.0016,0.0093,0.5600,-2.8000,0.8050
62094089,sitting,0.0012,1.0006,0.0102,0.5600,-2.7300,0.7700
62094108,sitting,0.0015,1.0006,0.0107,0.5600,-2.7300,0.7700
62094127,sitting,0.0010,1.0006,0.0098,0.5250,-2.7300,0.7700
62094146,sitting,0.0015,1.0006,0.0100,0.4900,-2.7650,0.7700
62094166,sitting,0.0012,1.0011,0.0102,0.5600,-2.7300,0.7700
62094185,sitting,0.0015,1.0014,0.0098,0.5600,-2.7650,0.7700
62094204,sitting,0.0012,1.0016,0.0095,0.5600,-2.7300,0.7700
62094223,sitting,0.0010,1.0009,0.0098,0.5600,-2.7300,0.7700
62094242,sitting,0.0017,1.0019,0.0093,0.6300,-2.7300,0.7700
62094262,sitting,0.0012,1.0006,0.0105,0.5950,-2.7650,0.7700
62094281,sitting,0.0005,1.0009,0.0112,0.5950,-2.7300,0.7700
62094300,sitting,0.0002,1.0014,0.0098,0.5600,-2.7300,0.7700
62094319,sitting,0.0007,1.0014,0.0093,0.5600,-2.7300,0.7700
62094339,sitting,0.0022,1.0009,0.0095,0.5950,-2.7650,0.7700
62094358,sitting,0.0020,1.0016,0.0098,0.5600,-2.7300,0.7700
62094377,sitting,0.0020,1.0016,0.0090,0.5600,-2.7300,0.7700
62094396,sitting,0.0015,1.0006,0.0100,0.5600,-2.7300,0.7700
62094416,sitting,0.0015,1.0014,0.0098,0.5600,-2.7650,0.7350
62094435,sitting,0.0022,1.0016,0.0095,0.5950,-2.7300,0.7700
62094454,sitting,0.0010,1.0021,0.0098,0.5600,-2.7650,0.8050
62094473,sitting,0.0015,1.0019,0.0112,0.5600,-2.7300,0.7700
62094492,sitting,0.0015,1.0014,0.0107,0.5600,-2.7300,0.7700
62094512,sitting,0.0012,0.9999,0.0095,0.5600,-2.7300,0.7700
62094531,sitting,0.0010,1.0002,0.0100,0.5600,-2.8000,0.7700
62094550,sitting,0.0000,1.0014,0.0102,0.5600,-2.7650,0.7700
62094569,sitting,0.0007,1.0011,0.0098,0.5600,-2.7300,0.7700
62094589,sitting,0.0017,1.0016,0.0095,0.5600,-2.7300,0.7700
62094608,sitting,0.0015,1.0009,0.0095,0.5250,-2.7300,0.7700
62094627,sitting,0.0015,1.0009,0.0098,0.5250,-2.7650,0.7700
62094646,sitting,0.0015,1.0014,0.0090,0.5250,-2.8000,0.8050
62094666,sitting,0.0015,1.0006,0.0095,0.5600,-2.7650,0.7700
62094685,sitting,0.0002,0.9997,0.0098,0.5600,-2.7300,0.7700
62094704,sitting,0.0005,1.0011,0.0100,0.5600,-2.7650,0.7700
62094723,sitting,0.0020,1.0006,0.0105,0.5600,-2.7300,0.8050
62094742,sitting,0.0020,1.0011,0.0100,0.5600,-2.7300,0.8050
62094762,sitting,0.0015,1.0011,0.0095,0.5950,-2.7650,0.7700
62094781,sitting,0.0015,1.0002,0.0112,0.5600,-2.7650,0.7700
62094800,sitting,0.0007,1.0006,0.0102,0.5600,-2.7650,0.7700
62094819,sitting,0.0012,0.9999,0.0105,0.5600,-2.7650,0.7700
62094839,sitting,0.0020,1.0014,0.0100,0.5600,-2.7300,0.7700
62094858,sitting,0.0015,1.0009,0.0100,0.5600,-2.7650,0.7700
62094877,sitting,0.0012,1.0021,0.0098,0.5600,-2.7300,0.7700
62094896,sitting,0.0017,1.0006,0.0100,0.5600,-2.7300,0.7700
62094916,sitting,0.0010,1.0009,0.0100,0.5600,-2.7300,0.7700
62094935,sitting,0.0020,1.0016,0.0095,0.5600,-2.7650,0.7700
62094954,sitting,0.0020,1.0009,0.0093,0.5600,-2.8000,0.7700
62094973,sitting,0.0012,1.0016,0.0093,0.5600,-2.7300,0.7700
62094992,sitting,0.0012,1.0004,0.0095,0.5600,-2.7300,0.7700
62095012,sitting,0.0005,1.0004,0.0100,0.5600,-2.7300,0.7700
62095031,sitting,0.0015,1.0004,0.0095,0.5250,-2.7650,0.7700
62095050,sitting,0.0015,1.0011,0.0105,0.5250,-2.7650,0.7700
62095069,sitting,0.0015,1.0021,0.0100,0.5600,-2.7300,0.7700
62095089,sitting,0.0010,1.0019,0.0105,0.5600,-2.8000,0.7700
62095108,sitting,0.0017,1.0019,0.0098,0.5600,-2.8000,0.7700
62095127,sitting,0.0005,1.0011,0.0107,0.5600,-2.8000,0.7700
62095146,sitting,0.0020,1.0011,0.0100,0.5600,-2.7650,0.8400
62095166,sitting,0.0012,1.0016,0.0095,0.5600,-2.7300,0.7700
62095185,sitting,0.0022,1.0009,0.0093,0.5250,-2.7650,0.7700
62095204,sitting,0.0015,1.0006,0.0090,0.5600,-2.7650,0.7700
62095223,sitting,0.0005,1.0006,0.0090,0.5600,-2.7300,0.7700
62095242,sitting,0.0005,1.0014,0.0098,0.5600,-2.8000,0.7700
62095262,sitting,0.0017,1.0014,0.0098,0.5600,-2.7300,0.7700
62095281,sitting,0.0015,1.0014,0.0105,0.5600,-2.7300,0.8050
62095300,sitting,0.0012,1.0011,0.0098,0.5600,-2.7300,0.7350
62095319,sitting,0.0015,1.0019,0.0093,0.5600,-2.7300,0.8050
62095339,sitting,0.0015,1.0014,0.0093,0.5600,-2.7650,0.7700
62095358,sitting,0.0015,1.0009,0.0102,0.5600,-2.7300,0.7700
62095377,sitting,0.0020,1.0009,0.0098,0.5600,-2.7300,0.7700
62095396,sitting,0.0017,1.0006,0.0085,0.5600,-2.8000,0.7700
62095416,sitting,0.0015,1.0002,0.0095,0.5600,-2.7650,0.7700
62095435,sitting,0.0012,1.0002,0.0095,0.5600,-2.7300,0.7700
62095454,sitting,0.0015,1.0006,0.0102,0.5600,-2.7300,0.7350
62095473,sitting,0.0020,1.0006,0.0098,0.5600,-2.7300,0.7700
62095492,sitting,0.0015,1.0006,0.0098,0.5600,-2.7300,0.7700
62095512,sitting,0.0012,1.0011,0.0100,0.5600,-2.7300,0.7350
62095531,sitting,0.0015,0.9999,0.0102,0.5950,-2.7650,0.7350
62095550,sitting,0.0020,1.0006,0.0093,0.5600,-2.7650,0.7700
62095569,sitting,0.0010,1.0019,0.0088,0.5600,-2.7650,0.7700
62095589,sitting,0.0012,1.0011,0.0100,0.5950,-2.7650,0.8050
62095608,sitting,0.0020,1.0009,0.0095,0.5600,-2.7650,0.7700
62095627,sitting,0.0007,1.0006,0.0090,0.5600,-2.7300,0.7700
62095646,sitting,0.0007,1.0006,0.0098,0.5600,-2.8000,0.7700
62095666,sitting,0.0015,1.0002,0.0098,0.5600,-2.7650,0.7700
62095685,sitting,0.0015,1.0014,0.0095,0.4900,-2.8000,0.7700
62095704,sitting,0.0017,1.0009,0.0090,0.5250,-2.8000,0.8050
62095723,sitting,0.0010,0.9997,0.0090,0.5600,-2.7300,0.7700
62095742,sitting,0.0017,1.0002,0.0100,0.5600,-2.7300,0.7700
62095762,sitting,0.0010,1.0004,0.0100,0.5250,-2.7300,0.7700
62095781,sitting,0.0010,1.0019,0.0098,0.5600,-2.7650,0.7700
62095800,sitting,0.0012,1.0019,0.0102,0.5600,-2.7300,0.7700
62095819,sitting,0.0020,1.0014,0.0105,0.5600,-2.7300,0.7700
62095839,sitting,0.0012,1.0009,0.0093,0.5250,-2.7300,0.7700
62095858,sitting,0.0010,1.0016,0.0090,0.5600,-2.7300,0.7700
62095877,sitting,0.0015,1.0016,0.0098,0.5600,-2.7300,0.7700
62095896,sitting,0.0015,1.0024,0.0090,0.5600,-2.7300,0.8050
62095916,sitting,0.0020,1.0011,0.0090,0.5600,-2.7300,0.7350
62095935,sitting,0.0007,1.0011,0.0100,0.5600,-2.7650,0.7350
62095954,sitting,0.0002,1.0004,0.0090,0.5600,-2.7650,0.7700
62095973,sitting,0.0010,1.0014,0.0090,0.5600,-2.7300,0.7700
62095992,sitting,0.0010,1.0014,0.0102,0.5600,-2.7300,0.7700
62096012,sitting,0.0012,1.0006,0.0095,0.5600,-2.7300,0.7350
62096031,sitting,0.0010,1.0009,0.0095,0.5600,-2.7300,0.7350
62096050,sitting,0.0012,1.0011,0.0098,0.5600,-2.7300,0.7700
62096069,sitting,0.0015,1.0006,0.0090,0.5600,-2.8000,0.7700
62096089,sitting,0.0010,1.0016,0.0093,0.5600,-2.7650,0.7700
62096108,sitting,0.0015,1.0014,0.0098,0.5600,-2.7650,0.7700
62096127,sitting,0.0017,1.0011,0.0098,0.5600,-2.7300,0.7700
62096146,sitting,0.0012,1.0009,0.0085,0.5950,-2.8000,0.7350
62096166,sitting,0.0012,1.0016,0.0090,0.5600,-2.7300,0.7700
62096185,sitting,0.0017,1.0021,0.0093,0.5600,-2.7650,0.7700
62096204,sitting,0.0015,1.0006,0.0100,0.5600,-2.7650,0.8050
62096223,sitting,0.0012,1.0002,0.0093,0.5600,-2.7650,0.7700
62096242,sitting,0.0012,1.0006,0.0090,0.5250,-2.8000,0.7700
62096262,sitting,0.0012,1.0011,0.0100,0.5250,-2.8000,0.7700
62096281,sitting,0.0022,1.0009,0.0095,0.5250,-2.7650,0.7700
62096300,sitting,0.0017,1.0016,0.0085,0.5600,-2.7650,0.8050
62096319,sitting,0.0022,1.0016,0.0100,0.5600,-2.7650,0.7700
62096339,sitting,0.0012,1.0016,0.0095,0.5600,-2.7650,0.7700
62096358,sitting,0.0020,1.0004,0.0100,0.5600,-2.7650,0.7350
62096377,sitting,0.0017,1.0009,0.0095,0.5600,-2.8000,0.7700
62096396,sitting,0.0022,1.0006,0.0098,0.5600,-2.7650,0.7700
62096416,sitting,0.0017,1.0011,0.0095,0.5250,-2.7300,0.7350
62096435,sitting,0.0012,1.0009,0.0093,0.5250,-2.7300,0.7700
62096454,sitting,0.0017,1.0009,0.0095,0.5600,-2.7650,0.7700
62096473,sitting,0.0022,1.0011,0.0100,0.5600,-2.7300,0.7350
62096492,sitting,0.0022,1.0011,0.0098,0.5600,-2.7650,0.7700
62096512,sitting,0.0027,1.0014,0.0090,0.4900,-2.7650,0.7700
62096531,sitting,0.0022,1.0011,0.0098,0.5600,-2.7300,0.7700
62096550,sitting,0.0017,1.0009,0.0107,0.5600,-2.7300,0.7700
62096569,sitting,0.0015,1.0009,0.0105,0.5600,-2.8000,0.7700
62096589,sitting,0.0010,1.0016,0.0100,0.5600,-2.8000,0.7700
62096608,sitting,0.0010,1.0006,0.0090,0.5250,-2.7300,0.7350
62096627,sitting,0.0015,1.0004,0.0088,0.5600,-2.8000,0.7000
62096646,sitting,0.0012,1.0009,0.0098,0.5600,-2.7300,0.7700
62096666,sitting,0.0015,1.0016,0.0102,0.5600,-2.7650,0.7700
62096685,sitting,0.0024,1.0006,0.0098,0.5600,-2.7300,0.7700
62096704,sitting,0.0015,1.0016,0.0095,0.5600,-2.8000,0.7700
62096723,sitting,0.0017,1.0004,0.0090,0.5950,-2.8000,0.7700
62096742,sitting,0.0029,1.0016,0.0090,0.5600,-2.7300,0.7700
62096762,sitting,0.0015,1.0014,0.0090,0.5250,-2.7300,0.8050
62096781,sitting,0.0020,1.0014,0.0095,0.5600,-2.7650,0.8050
62096800,sitting,0.0012,1.0011,0.0098,0.5600,-2.7650,0.7700
62096819,sitting,0.0015,1.0024,0.0095,0.5600,-2.7300,0.7700
62096839,sitting,0.0007,1.0006,0.0090,0.5950,-2.7650,0.7700
62096858,sitting,0.0015,1.0009,0.0102,0.5600,-2.8000,0.7700
62096877,sitting,0.0012,1.0016,0.0093,0.5250,-2.7650,0.7700
62096896,sitting,0.0012,1.0011,0.0102,0.5600,-2.7650,0.7700
62096916,sitting,0.0010,1.0016,0.0085,0.5600,-2.7650,0.7350
62096935,sitting,0.0017,1.0009,0.0098,0.5600,-2.7300,0.7700
62096954,sitting,0.0007,1.0009,0.0095,0.5600,-2.7300,0.7700
62096973,sitting,0.0002,1.0011,0.0100,0.5600,-2.7650,0.7700
62096992,sitting,0.0010,1.0009,0.0105,0.5600,-2.7300,0.7000
62097012,sitting,0.0015,1.0016,0.0102,0.5600,-2.7650,0.7700
62097031,sitting,0.0012,0.9999,0.0100,0.5600,-2.7300,0.7700
62097050,sitting,0.0010,1.0009,0.0098,0.5600,-2.7300,0.7700
62097069,sitting,0.0010,1.0004,0.0107,0.5600,-2.7300,0.7700
62097089,sitting,0.0027,1.0011,0.0105,0.5600,-2.7650,0.7700
62097108,sitting,0.0022,1.0006,0.0098,0.5250,-2.7650,0.7700
62097127,sitting,0.0020,1.0006,0.0088,0.5250,-2.7650,0.7700
62097146,sitting,0.0015,1.0014,0.0093,0.5250,-2.7300,0.7700
62097166,sitting,0.0020,1.0014,0.0093,0.5600,-2.7650,0.7700
62097185,sitting,0.0005,1.0014,0.0093,0.5600,-2.7300,0.7700
62097204,sitting,0.0012,1.0019,0.0098,0.5600,-2.7300,0.7700
62097223,sitting,0.0012,1.0011,0.0100,0.5250,-2.8000,0.7700
62097242,sitting,0.0010,1.0016,0.0105,0.5600,-2.7650,0.7700
62097262,sitting,0.0015,1.0011,0.0102,0.5250,-2.7300,0.7700
62097281,sitting,0.0017,1.0021,0.0100,0.5600,-2.8000,0.7700
62097300,sitting,0.0017,1.0009,0.0105,0.5600,-2.7650,0.7700
62097319,sitting,0.0015,1.0011,0.0090,0.4900,-2.7300,0.8050
62097339,sitting,0.0002,1.0004,0.0102,0.4900,-2.7300,0.7700
62097358,sitting,0.0015,1.0002,0.0100,0.5600,-2.7300,0.7700
62097377,sitting,0.0015,1.0014,0.0090,0.5250,-2.7300,0.7700
62097396,sitting,0.0007,1.0009,0.0098,0.5600,-2.7300,0.7700
62097416,sitting,0.0010,1.0004,0.0098,0.5600,-2.8000,0.7350
62097435,sitting,0.0015,1.0011,0.0093,0.5250,-2.7650,0.7350
62097454,sitting,0.0012,1.0009,0.0093,0.5600,-2.7650,0.8050
62097473,sitting,0.0007,1.0014,0.0090,0.5600,-2.7650,0.7700
62097492,sitting,0.0015,1.0019,0.0090,0.5600,-2.7300,0.7700
62097512,sitting,0.0012,1.0021,0.0095,0.5950,-2.7300,0.7700
62097531,sitting,0.0015,1.0006,0.0095,0.5600,-2.7300,0.7000
62097550,sitting,0.0012,1.0011,0.0093,0.5250,-2.7300,0.7700
62097569,sitting,0.0002,0.9999,0.0098,0.5250,-2.8000,0.7700
62097589,sitting,0.0007,1.0014,0.0095,0.5950,-2.7300,0.7700
62097608,sitting,0.0015,1.0016,0.0095,0.5600,-2.7300,0.7000
62097627,sitting,0.0020,1.0006,0.0102,0.5250,-2.7300,0.7700
62097646,sitting,0.0017,1.0016,0.0098,0.5250,-2.7300,0.7350
62097666,sitting,0.0015,1.0009,0.0088,0.5950,-2.7300,0.7700
62097685,sitting,0.0017,1.0009,0.0085,0.5600,-2.7650,0.7700
62097704,sitting,0.0020,1.0014,0.0095,0.5600,-2.7300,0.7700
62097723,sitting,0.0010,1.0004,0.0093,0.5600,-2.7650,0.7700
62097742,sitting,0.0012,1.0021,0.0100,0.5600,-2.8000,0.8050
62097762,sitting,0.0022,1.0014,0.0093,0.5600,-2.7300,0.7700
62097781,sitting,0.0020,1.0016,0.0088,0.5600,-2.7650,0.7700
62097800,sitting,0.0017,1.0009,0.0100,0.5600,-2.7300,0.7700
62097819,sitting,0.0012,1.0011,0.0090,0.5600,-2.7300,0.8050
62097839,sitting,0.0002,1.0014,0.0090,0.5600,-2.7650,0.7700
62097858,sitting,0.0017,1.0006,0.0107,0.5600,-2.7300,0.7700
62097877,sitting,0.0017,1.0006,0.0098,0.5600,-2.7650,0.7700
62097896,sitting,0.0017,1.0009,0.0102,0.5600,-2.7650,0.7700
62097916,sitting,0.0012,1.0011,0.0105,0.5600,-2.7300,0.7700
62097935,sitting,0.0015,1.0014,0.0105,0.5600,-2.7650,0.7700
62097954,sitting,0.0010,1.0011,0.0100,0.5600,-2.7300,0.7700
62097973,sitting,0.0020,1.0011,0.0098,0.5600,-2.7300,0.7700
62097992,sitting,0.0024,1.0011,0.0105,0.5600,-2.7300,0.7700
62098012,sitting,0.0022,1.0009,0.0105,0.5600,-2.7300,0.7700
62098031,sitting,0.0017,1.0014,0.0095,0.5250,-2.7300,0.7350
62098050,sitting,0.0020,1.0016,0.0083,0.5600,-2.7300,0.7350
62098069,sitting,0.0010,1.0002,0.0098,0.5600,-2.7300,0.7350
62098089,sitting,0.0017,1.0002,0.0098,0.5950,-2.7300,0.7350
62098108,sitting,0.0024,1.0004,0.0093,0.5600,-2.7300,0.7350
62098127,sitting,0.0012,1.0006,0.0098,0.5600,-2.7300,0.7350
62098146,sitting,0.0012,1.0006,0.0095,0.5600,-2.7300,0.7700
62098166,sitting,0.0022,1.0019,0.0088,0.5600,-2.7650,0.7000
62098185,sitting,0.0017,1.0014,0.0093,0.5600,-2.7300,0.7700
62098204,sitting,0.0020,1.0016,0.0100,0.5600,-2.7650,0.7700
62098223,sitting,0.0010,0.9999,0.0090,0.5600,-2.7650,0.7700
62098242,sitting,0.0022,1.0011,0.0090,0.5600,-2.7650,0.7350
62098262,sitting,0.0015,1.0009,0.0093,0.5600,-2.7650,0.8050
62098281,sitting,0.0012,1.0009,0.0102,0.5600,-2.8000,0.7700
62098300,sitting,0.0015,1.0009,0.0105,0.5600,-2.8000,0.7700
62098319,sitting,0.0022,1.0014,0.0095,0.5600,-2.7300,0.7700
62098339,sitting,0.0020,1.0016,0.0107,0.5600,-2.7300,0.8050
62098358,sitting,0.0002,1.0011,0.0102,0.5600,-2.8000,0.7700
62098377,sitting,0.0022,1.0019,0.0098,0.5600,-2.8000,0.8050
62098396,sitting,0.0005,1.0011,0.0100,0.5600,-2.7650,0.7700
62098416,sitting,0.0015,1.0004,0.0107,0.5250,-2.7650,0.7700
62098435,sitting,0.0020,1.0009,0.0102,0.5600,-2.7300,0.7700
62098454,sitting,0.0017,1.0011,0.0093,0.5600,-2.7300,0.8050
62098473,sitting,0.0012,1.0002,0.0095,0.5600,-2.7650,0.7700
62098492,sitting,0.0010,1.0006,0.0098,0.6300,-2.7300,0.7700
62098512,sitting,0.0012,1.0011,0.0110,0.5600,-2.7300,0.7700
62098531,sitting,0.0020,1.0021,0.0095,0.5600,-2.7300,0.7350
62098550,sitting,0.0000,1.0014,0.0090,0.5600,-2.7300,0.7700
62098569,sitting,0.0015,1.0009,0.0100,0.5600,-2.7650,0.7350
62098589,sitting,0.0017,1.0011,0.0100,0.5600,-2.7300,0.7700
62098608,sitting,0.0017,1.0009,0.0083,0.5600,-2.7650,0.7700
62098627,sitting,0.0005,1.0016,0.0095,0.5600,-2.7650,0.7700
62098646,sitting,0.0012,1.0011,0.0098,0.5600,-2.7300,0.7350
62098666,sitting,0.0012,1.0014,0.0095,0.5600,-2.7650,0.7700
62098685,sitting,0.0010,1.0014,0.0095,0.5600,-2.7300,0.7700
62098704,sitting,0.0010,1.0019,0.0098,0.5950,-2.7650,0.7700
62098723,sitting,0.0015,1.0016,0.0095,0.5600,-2.7650,0.7700
62098742,sitting,0.0020,1.0016,0.0102,0.5600,-2.7300,0.7700
62098762,sitting,0.0029,0.9999,0.0107,0.5250,-2.7650,0.7700
62098781,sitting,0.0002,1.0009,0.0100,0.5600,-2.8000,0.7700
62098800,sitting,0.0012,1.0006,0.0093,0.5600,-2.7650,0.7700
62098819,sitting,0.0010,1.0006,0.0098,0.5600,-2.7650,0.8050
62098839,sitting,0.0015,1.0002,0.0085,0.5600,-2.7650,0.7700
62098858,sitting,0.0015,1.0006,0.0093,0.5600,-2.7300,0.7700
62098877,sitting,0.0012,1.0009,0.0100,0.5250,-2.7300,0.7700
62098896,sitting,0.0015,1.0021,0.0107,0.5250,-2.8000,0.7700
62098916,sitting,0.0007,1.0009,0.0098,0.5600,-2.7650,0.7700
62098935,sitting,0.0002,1.0011,0.0100,0.5600,-2.7300,0.7700
62098954,sitting,0.0022,1.0024,0.0102,0.5250,-2.7300,0.8050
62098973,sitting,0.0010,1.0011,0.0090,0.5600,-2.7300,0.7700
62098992,sitting,0.0012,1.0014,0.0090,0.5600,-2.7300,0.7700
62099012,sitting,0.0012,1.0011,0.0093,0.5600,-2.7300,0.7700
62099031,sitting,0.0017,1.0014,0.0102,0.5950,-2.7650,0.7700
62099050,sitting,0.0015,1.0016,0.0098,0.5600,-2.7300,0.7350
62099069,sitting,0.0002,1.0009,0.0100,0.4900,-2.7300,0.7700
62099089,sitting,0.0015,1.0014,0.0100,0.5600,-2.7650,0.7700
62099108,sitting,0.0012,1.0011,0.0102,0.5950,-2.7300,0.7700
62099127,sitting,0.0017,1.0002,0.0098,0.5600,-2.7300,0.7700
62099146,sitting,0.0012,1.0004,0.0088,0.5600,-2.7650,0.7700
62099166,sitting,0.0020,1.0016,0.0090,0.5600,-2.7300,0.7700
62099185,sitting,0.0015,1.0011,0.0098,0.5600,-2.7300,0.7700
62099204,sitting,0.0012,1.0011,0.0095,0.5600,-2.7650,0.7350
62099223,sitting,0.0007,1.0019,0.0100,0.5600,-2.7650,0.7700
62099242,sitting,0.0007,1.0011,0.0105,0.5600,-2.8000,0.7700
62099262,sitting,0.0007,1.0006,0.0107,0.5600,-2.8000,0.7700
62099281,sitting,0.0010,0.9999,0.0102,0.5600,-2.7650,0.8050
62099300,sitting,0.0010,1.0009,0.0105,0.5600,-2.7300,0.7700
62099319,sitting,0.0015,1.0011,0.0102,0.5600,-2.8000,0.7700
62099339,sitting,0.0012,1.0009,0.0102,0.5600,-2.7650,0.7700
62099358,sitting,0.0022,1.0014,0.0095,0.5600,-2.7650,0.8050
62099377,sitting,0.0015,1.0021,0.0085,0.5600,-2.7650,0.7700
62099396,sitting,0.0015,1.0014,0.0098,0.5600,-2.7300,0.7700
62099416,sitting,0.0017,1.0006,0.0098,0.5600,-2.7650,0.7700
62099435,sitting,0.0012,1.0004,0.0098,0.5600,-2.7300,0.7700
62099454,sitting,0.0020,1.0014,0.0098,0.5600,-2.7300,0.7700
62099473,sitting,0.0020,1.0009,0.0090,0.5600,-2.8000,0.7700
62099492,sitting,0.0020,1.0011,0.0102,0.5250,-2.8000,0.7700
62099512,sitting,0.0027,1.0014,0.0100,0.5250,-2.7650,0.7700
62099531,sitting,0.0022,1.0016,0.0102,0.5600,-2.7650,0.7700
62099550,sitting,0.0017,1.0004,0.0100,0.5600,-2.7650,0.7700
62099569,sitting,0.0010,1.0011,0.0102,0.5600,-2.7650,0.8050
62099589,sitting,0.0015,1.0009,0.0090,0.5250,-2.8000,0.7700
62099608,sitting,0.0017,1.0014,0.0083,0.5600,-2.7650,0.7350
62099627,sitting,0.0024,1.0009,0.0105,0.5600,-2.7300,0.7700
62099646,sitting,0.0020,1.0006,0.0098,0.5600,-2.7300,0.7700
62099666,sitting,0.0015,1.0009,0.0098,0.5600,-2.8000,0.7700
62099685,sitting,0.0012,1.0016,0.0085,0.5600,-2.7300,0.7700
62099704,sitting,0.0010,1.0006,0.0102,0.5600,-2.7300,0.7350
62099723,sitting,0.0012,1.0009,0.0100,0.5600,-2.7650,0.7700
62099742,sitting,0.0010,1.0004,0.0095,0.5250,-2.8000,0.7350
62099762,sitting,0.0015,1.0011,0.0095,0.5600,-2.7650,0.7350
62099781,sitting,0.0010,1.0014,0.0090,0.5600,-2.7650,0.7700
62099800,sitting,0.0012,1.0006,0.0095,0.5250,-2.7650,0.7700
62099819,sitting,0.0007,1.0014,0.0098,0.5950,-2.7650,0.7700
62099839,sitting,0.0012,1.0006,0.0105,0.5600,-2.7650,0.7700
62099858,sitting,0.0007,1.0016,0.0093,0.5600,-2.7300,0.7700
62099877,sitting,0.0015,1.0014,0.0098,0.5600,-2.7650,0.7700
62099896,sitting,0.0010,1.0004,0.0105,0.5600,-2.7650,0.7700
62099916,sitting,0.0022,1.0006,0.0100,0.5600,-2.7650,0.7700
62099935,sitting,0.0015,1.0002,0.0105,0.5250,-2.7300,0.8050
62099954,sitting,0.0005,1.0014,0.0102,0.5250,-2.7300,0.7700
62099973,sitting,0.0015,1.0006,0.0093,0.5600,-2.7650,0.7700
62099992,sitting,0.0017,1.0009,0.0090,0.5600,-2.7650,0.7700
62100012,sitting,0.0022,1.0014,0.0095,0.5600,-2.7300,0.8050
62100031,sitting,0.0015,1.0006,0.0083,0.5600,-2.7300,0.8050
62100050,sitting,0.0015,1.0011,0.0090,0.5600,-2.7300,0.7700
62100069,sitting,0.0017,1.0009,0.0093,0.5600,-2.7300,0.7700
62100089,sitting,0.0015,1.0006,0.0105,0.5600,-2.7650,0.7700
62100108,sitting,0.0007,1.0006,0.0093,0.5600,-2.7300,0.7350
62100127,sitting,0.0017,1.0009,0.0098,0.5250,-2.7300,0.7700
62100146,sitting,0.0020,1.0004,0.0100,0.5600,-2.7300,0.7700
62100166,sitting,0.0015,1.0016,0.0090,0.5600,-2.7300,0.7350
62100185,sitting,0.0012,1.0021,0.0102,0.5600,-2.7300,0.7700
62100204,sitting,0.0022,1.0006,0.0098,0.5600,-2.7650,0.7700
62100223,sitting,0.0020,1.0011,0.0100,0.5600,-2.7650,0.7000
62100242,sitting,0.0027,1.0006,0.0090,0.5600,-2.7650,0.7350
62100262,sitting,0.0017,1.0014,0.0098,0.5600,-2.7300,0.7700
62100281,sitting,0.0005,1.0014,0.0090,0.5600,-2.7650,0.7700
62100300,sitting,0.0015,1.0006,0.0093,0.5600,-2.8000,0.8050
62100319,sitting,0.0015,1.0011,0.0095,0.5600,-2.7300,0.7700
62100339,sitting,0.0015,1.0009,0.0100,0.5600,-2.7300,0.7700
62100358,sitting,0.0017,1.0011,0.0093,0.5600,-2.7650,0.7700
62100377,sitting,0.0012,1.0009,0.0095,0.5600,-2.7650,0.7700
62100396,sitting,0.0015,1.0016,0.0095,0.5250,-2.7300,0.7700
62100416,sitting,0.0022,1.0024,0.0107,0.5950,-2.8000,0.7700
62100435,sitting,0.0017,1.0016,0.0100,0.5600,-2.7650,0.7700
62100454,sitting,0.0017,1.0009,0.0095,0.5600,-2.7300,0.8050
62100473,sitting,0.0022,1.0006,0.0098,0.5250,-2.7650,0.7700
62100492,sitting,0.0020,1.0011,0.0107,0.5950,-2.7300,0.7700
62100512,sitting,0.0017,1.0019,0.0090,0.5600,-2.7300,0.7700
62100531,sitting,0.0017,1.0014,0.0090,0.5600,-2.7300,0.7700
62100550,sitting,0.0012,1.0011,0.0098,0.5600,-2.7650,0.7700
62100569,sitting,0.0017,1.0016,0.0102,0.5600,-2.7650,0.7700
62100589,sitting,0.0015,1.0014,0.0093,0.5600,-2.7300,0.7700
62100608,sitting,0.0012,1.0004,0.0105,0.5600,-2.7300,0.7700
62100627,sitting,0.0020,1.0006,0.0102,0.5600,-2.7300,0.7700
62100646,sitting,0.0012,1.0009,0.0090,0.5600,-2.7300,0.7700
62100666,sitting,0.0027,1.0016,0.0093,0.5600,-2.7300,0.7350
62100685,sitting,0.0017,1.0002,0.0095,0.5600,-2.7300,0.7700
62100704,sitting,0.0010,1.0011,0.0090,0.5600,-2.7300,0.7350
62100723,sitting,0.0007,1.0019,0.0100,0.5600,-2.7300,0.7350
62100742,sitting,0.0020,1.0006,0.0100,0.5600,-2.7300,0.7700
62100762,sitting,0.0024,1.0011,0.0088,0.5600,-2.7300,0.7700
62100781,sitting,0.0012,1.0011,0.0100,0.5600,-2.7300,0.7700
62100800,sitting,0.0010,1.0016,0.0095,0.5600,-2.8000,0.7700
62100819,sitting,0.0020,1.0014,0.0095,0.5600,-2.7300,0.7700
62100839,sitting,0.0015,1.0014,0.0093,0.5600,-2.7300,0.7700
62100858,sitting,0.0005,1.0011,0.0098,0.5600,-2.7300,0.8050
62100877,sitting,0.0012,1.0009,0.0088,0.5250,-2.7650,0.8050
62100896,sitting,0.0017,1.0009,0.0105,0.5600,-2.7300,0.8050
62100916,sitting,0.0010,1.0021,0.0105,0.5600,-2.7650,0.7700
62100935,sitting,0.0012,1.0011,0.0105,0.5600,-2.8000,0.7350
62100954,sitting,0.0012,1.0006,0.0105,0.5600,-2.7300,0.7700
62100973,sitting,0.0010,1.0019,0.0093,0.5600,-2.7300,0.7700
62100992,sitting,0.0022,1.0011,0.0090,0.5600,-2.7300,0.7700
62101012,sitting,0.0012,1.0011,0.0102,0.5600,-2.7300,0.7700
62101031,sitting,0.0020,1.0014,0.0100,0.5600,-2.7300,0.8050
62101050,sitting,0.0010,1.0011,0.0095,0.5600,-2.7300,0.7700
62101069,sitting,0.0012,1.0004,0.0100,0.5600,-2.7300,0.7350
62101089,sitting,0.0012,1.0014,0.0095,0.5600,-2.7650,0.7350
62101108,sitting,0.0017,1.0019,0.0095,0.5250,-2.7300,0.7700
62101127,sitting,0.0007,1.0021,0.0098,0.5600,-2.7300,0.7700
62101146,sitting,0.0002,1.0011,0.0102,0.5600,-2.7300,0.7700
62101166,sitting,0.0012,1.0019,0.0098,0.5600,-2.7300,0.7700
62101185,sitting,0.0007,1.0019,0.0102,0.5250,-2.7300,0.7700
62101204,sitting,0.0020,1.0016,0.0107,0.5600,-2.7300,0.7350
62101223,sitting,0.0015,1.0021,0.0102,0.5600,-2.7300,0.7700
62101242,sitting,0.0024,1.0014,0.0098,0.5950,-2.7650,0.7700
62101262,sitting,0.0024,1.0011,0.0107,0.5950,-2.8000,0.7700
62101281,sitting,0.0017,1.0019,0.0095,0.5950,-2.7650,0.8050
62101300,sitting,0.0027,1.0009,0.0105,0.5600,-2.7300,0.7700
62101319,sitting,0.0015,1.0011,0.0093,0.5600,-2.7300,0.7700
62101339,sitting,0.0015,1.0009,0.0098,0.5600,-2.7300,0.7700
62101358,sitting,0.0022,1.0006,0.0093,0.5600,-2.7650,0.7700
62101377,sitting,0.0022,1.0002,0.0095,0.5600,-2.8000,0.7700
62101396,sitting,0.0015,1.0016,0.0100,0.5600,-2.7650,0.7700
62101416,sitting,0.0022,1.0021,0.0098,0.5600,-2.7300,0.7700
62101435,sitting,0.0020,1.0016,0.0105,0.5600,-2.7650,0.7700
62101454,sitting,0.0017,1.0019,0.0095,0.5600,-2.7300,0.7350
62101473,sitting,0.0012,1.0021,0.0095,0.5600,-2.7650,0.7700
62101492,sitting,0.0015,1.0019,0.0100,0.5600,-2.7650,0.7700
62101512,sitting,0.0015,1.0009,0.0093,0.5600,-2.7300,0.7700
62101531,sitting,0.0020,1.0014,0.0100,0.5250,-2.7300,0.7700
62101550,sitting,0.0015,1.0019,0.0090,0.5600,-2.7300,0.7700
62101569,sitting,0.0015,1.0016,0.0095,0.5600,-2.7300,0.7700
62101589,sitting,0.0020,1.0011,0.0100,0.5950,-2.7300,0.8050
62101608,sitting,0.0015,1.0011,0.0090,0.5600,-2.7300,0.7700
62101627,sitting,0.0017,1.0009,0.0088,0.5600,-2.7300,0.7700
62101646,sitting,0.0022,1.0016,0.0095,0.5600,-2.7650,0.7700
62101666,sitting,0.0017,1.0011,0.0090,0.5250,-2.7300,0.7700
62101685,sitting,0.0020,1.0016,0.0100,0.5250,-2.7650,0.7700
62101704,sitting,0.0017,1.0009,0.0098,0.5600,-2.7300,0.7700
62101723,sitting,0.0020,1.0009,0.0095,0.5600,-2.7300,0.7700
62101742,sitting,0.0024,1.0024,0.0090,0.5600,-2.7300,0.8050
62101762,sitting,0.0017,1.0016,0.0093,0.5950,-2.7650,0.7700
62101781,sitting,0.0020,1.0016,0.0093,0.5600,-2.7650,0.7700
62101800,sitting,0.0010,1.0014,0.0102,0.5600,-2.7300,0.7700
62101819,sitting,0.0015,1.0006,0.0100,0.5600,-2.7300,0.7700
62101839,sitting,0.0020,1.0006,0.0100,0.5950,-2.7300,0.7700
62101858,sitting,0.0017,1.0011,0.0093,0.5600,-2.8000,0.7700
62101877,sitting,0.0020,1.0019,0.0093,0.5950,-2.7650,0.7700
62101896,sitting,0.0007,1.0019,0.0098,0.5600,-2.7650,0.7700
62101916,sitting,0.0002,1.0014,0.0095,0.5600,-2.7300,0.8050
62101935,sitting,0.0010,1.0014,0.0102,0.5600,-2.7300,0.7700
62101954,sitting,0.0017,1.0011,0.0095,0.5250,-2.7650,0.8050
62101973,sitting,0.0015,1.0014,0.0095,0.5600,-2.7300,0.8050
62101992,sitting,0.0017,1.0009,0.0090,0.5600,-2.7650,0.7700
62102012,sitting,0.0015,1.0011,0.0095,0.5250,-2.7300,0.7700
62102031,sitting,0.0010,1.0006,0.0098,0.5600,-2.7650,0.8400
62102050,sitting,0.0022,1.0026,0.0100,0.5600,-2.7650,0.8050
62102069,sitting,0.0017,1.0009,0.0095,0.5600,-2.7300,0.7700
62102089,sitting,0.0022,1.0006,0.0085,0.5600,-2.7650,0.7700
62102108,sitting,0.0007,1.0009,0.0098,0.5600,-2.7300,0.7700
62102127,sitting,0.0007,1.0011,0.0095,0.5600,-2.7300,0.7700
62102146,sitting,0.0020,1.0006,0.0098,0.5600,-2.7300,0.7700
62102166,sitting,0.0015,1.0006,0.0107,0.5600,-2.7300,0.7700
62102185,sitting,0.0010,1.0014,0.0095,0.5600,-2.7300,0.7700
62102204,sitting,0.0012,1.0021,0.0100,0.5600,-2.7300,0.7700
62102223,sitting,0.0017,1.0016,0.0100,0.5600,-2.7650,0.7700
62102242,sitting,0.0015,1.0014,0.0102,0.5600,-2.7650,0.7350
62102262,sitting,0.0015,1.0011,0.0093,0.5950,-2.7300,0.7700
62102281,sitting,0.0015,1.0006,0.0098,0.5600,-2.7650,0.7700
62102300,sitting,0.0010,1.0009,0.0098,0.5600,-2.7300,0.7700
62102319,sitting,0.0020,1.0016,0.0088,0.5600,-2.7300,0.7350
62102339,sitting,0.0017,1.0014,0.0093,0.5600,-2.7650,0.7700
62102358,sitting,0.0015,1.0009,0.0095,0.5950,-2.8000,0.7700
62102377,sitting,0.0017,1.0014,0.0093,0.5950,-2.7650,0.7700
62102396,sitting,0.0015,1.0011,0.0107,0.5600,-2.7300,0.7700
62102416,sitting,0.0012,1.0014,0.0088,0.5600,-2.7300,0.7700
62102435,sitting,0.0020,1.0004,0.0090,0.5600,-2.8000,0.7700
62102454,sitting,0.0012,1.0016,0.0098,0.5600,-2.7650,0.7700
62102473,sitting,0.0017,1.0014,0.0102,0.5600,-2.7650,0.8050
62102492,sitting,0.0020,1.0006,0.0102,0.5600,-2.7650,0.7700
62102512,sitting,0.0012,1.0006,0.0090,0.5600,-2.8000,0.8050
62102531,sitting,0.0007,1.0011,0.0098,0.5600,-2.7300,0.7700
62102550,sitting,0.0010,1.0009,0.0093,0.5600,-2.7650,0.7700
62102569,sitting,0.0012,1.0004,0.0088,0.5600,-2.7300,0.7700
62102589,sitting,0.0015,1.0011,0.0093,0.5600,-2.7300,0.7700
62102608,sitting,0.0012,1.0019,0.0098,0.5600,-2.7300,0.8050
62102627,sitting,0.0017,1.0014,0.0093,0.5600,-2.7300,0.8050
62102646,sitting,0.0017,1.0016,0.0088,0.5600,-2.7300,0.7700
62102666,sitting,0.0012,1.0006,0.0095,0.5250,-2.7300,0.7700
62102685,sitting,0.0007,1.0014,0.0090,0.5600,-2.7650,0.8050
62102704,sitting,0.0012,1.0011,0.0098,0.5600,-2.7300,0.8050
62102723,sitting,0.0012,1.0009,0.0105,0.5600,-2.7650,0.7700
62102742,sitting,0.0012,1.0014,0.0098,0.5600,-2.7650,0.7700
62102762,sitting,0.0022,1.0006,0.0100,0.5600,-2.7300,0.7700
62102781,sitting,0.0012,1.0016,0.0098,0.5250,-2.7300,0.7700
62102800,sitting,0.0017,1.0009,0.0100,0.5600,-2.7300,0.7700
62102819,sitting,0.0024,1.0014,0.0090,0.5600,-2.7300,0.7700
62102839,sitting,0.0015,1.0006,0.0102,0.5950,-2.7650,0.8050
62102858,sitting,0.0010,1.0014,0.0102,0.5600,-2.7300,0.7700
62102877,sitting,0.0020,1.0014,0.0095,0.5600,-2.7300,0.7350
62102896,sitting,0.0020,1.0006,0.0100,0.5600,-2.7300,0.7700
62102916,sitting,0.0012,1.0011,0.0090,0.5600,-2.7650,0.7700
62102935,sitting,0.0012,1.0014,0.0085,0.5250,-2.7300,0.7700
62102954,sitting,0.0012,1.0016,0.0100,0.5600,-2.7300,0.7700
62102973,sitting,0.0022,1.0021,0.0100,0.5600,-2.7650,0.7700
62102992,sitting,0.0012,1.0014,0.0100,0.5600,-2.8000,0.7700
62103012,sitting,0.0005,1.0016,0.0095,0.5600,-2.8000,0.7700
62103031,sitting,0.0017,1.0014,0.0105,0.5250,-2.7650,0.7700
62103050,sitting,0.0007,1.0011,0.0093,0.5600,-2.7300,0.7700
62103069,sitting,0.0032,1.0009,0.0100,0.5250,-2.7300,0.7700
62103089,sitting,0.0022,1.0019,0.0098,0.5250,-2.7300,0.7700
62103108,sitting,0.0012,1.0014,0.0100,0.4900,-2.7650,0.7700
62103127,sitting,0.0015,1.0004,0.0102,0.5600,-2.7300,0.7700
62103146,sitting,0.0012,1.0006,0.0098,0.5600,-2.8000,0.7700
62103166,sitting,0.0027,1.0019,0.0093,0.5600,-2.7300,0.8050
62103185,sitting,0.0015,1.0011,0.0102,0.5600,-2.7650,0.7700
62103204,sitting,0.0010,1.0011,0.0100,0.5600,-2.7650,0.7700
62103223,sitting,0.0017,1.0006,0.0102,0.5950,-2.7300,0.7700
62103242,sitting,0.0010,1.0011,0.0098,0.5600,-2.7300,0.7700
62103262,sitting,0.0020,1.0014,0.0095,0.5600,-2.7300,0.7700
62103281,sitting,0.0024,1.0016,0.0095,0.5600,-2.7650,0.7700
62103300,sitting,0.0012,1.0011,0.0093,0.5600,-2.7650,0.7700
62103319,sitting,0.0015,1.0021,0.0093,0.5950,-2.7300,0.7350
62103339,sitting,0.0012,1.0006,0.0110,0.5600,-2.7300,0.7700
62103358,sitting,0.0017,1.0009,0.0107,0.5600,-2.7650,0.7350
62103377,sitting,0.0020,1.0004,0.0090,0.5600,-2.7650,0.7700
62103396,sitting,0.0012,1.0004,0.0098,0.5600,-2.7300,0.7700
62103416,sitting,0.0015,1.0011,0.0090,0.5600,-2.7650,0.7700
62103435,sitting,0.0017,1.0004,0.0088,0.5950,-2.7300,0.7700
62103454,sitting,0.0000,1.0014,0.0093,0.5600,-2.7300,0.7700
62103473,sitting,0.0017,1.0006,0.0088,0.5600,-2.7300,0.7700
62103492,sitting,0.0020,1.0011,0.0090,0.5600,-2.7300,0.7700
62103512,sitting,0.0012,1.0009,0.0100,0.5600,-2.7300,0.8050
62103531,sitting,0.0010,1.0011,0.0095,0.5600,-2.7650,0.7700
62103550,sitting,0.0012,1.0016,0.0100,0.5250,-2.7650,0.7700
62103569,sitting,0.0020,1.0009,0.0095,0.5600,-2.7650,0.7700
62103589,sitting,0.0012,1.0011,0.0098,0.5250,-2.7650,0.7700
62103608,sitting,0.0015,1.0009,0.0095,0.5600,-2.7300,0.8400
62103627,sitting,0.0017,1.0014,0.0093,0.5600,-2.7650,0.8050
62103646,sitting,0.0005,1.0011,0.0100,0.5250,-2.7300,0.7700
62103666,sitting,0.0012,1.0014,0.0088,0.5600,-2.7300,0.7700
62103685,sitting,0.0020,1.0009,0.0095,0.5600,-2.7300,0.7700
62103704,sitting,0.0012,1.0019,0.0090,0.5600,-2.7300,0.7700
62103723,sitting,0.0017,1.0014,0.0098,0.5250,-2.7300,0.7700
62103742,sitting,0.0007,1.0009,0.0095,0.5600,-2.7300,0.7700
62103762,sitting,0.0020,1.0009,0.0098,0.5600,-2.7300,0.7700
62103781,sitting,0.0012,1.0004,0.0095,0.5250,-2.7300,0.7700
62103800,sitting,0.0020,1.0002,0.0090,0.5250,-2.7300,0.7350
62103819,sitting,0.0015,1.0009,0.0088,0.5600,-2.8000,0.7700
62103839,sitting,0.0024,1.0016,0.0093,0.5600,-2.7300,0.8050
62103858,sitting,0.0017,1.0014,0.0107,0.5600,-2.7300,0.7350
62103877,sitting,0.0015,1.0014,0.0100,0.5600,-2.7300,0.7700
62103896,sitting,0.0022,1.0011,0.0098,0.5600,-2.7650,0.7700
62103916,sitting,0.0022,1.0011,0.0107,0.5600,-2.7300,0.7700
62103935,sitting,0.0017,1.0002,0.0090,0.5600,-2.7650,0.7700
62103954,sitting,0.0007,1.0006,0.0100,0.5250,-2.7300,0.7700
62103973,sitting,0.0010,1.0011,0.0098,0.5250,-2.7300,0.7700
62103992,sitting,0.0015,1.0024,0.0093,0.5600,-2.8000,0.7700
62104012,sitting,0.0010,1.0009,0.0093,0.5600,-2.8000,0.7350
62104031,sitting,0.0010,1.0016,0.0095,0.5250,-2.7300,0.7700
62104050,sitting,0.0022,1.0009,0.0095,0.5950,-2.8000,0.7700
62104069,sitting,0.0015,1.0011,0.0098,0.5600,-2.8000,0.7700
62104089,sitting,0.0010,1.0016,0.0095,0.5600,-2.7650,0.7350
62104108,sitting,0.0015,1.0021,0.0095,0.5600,-2.7650,0.7700
62104127,sitting,0.0015,1.0004,0.0098,0.5600,-2.7300,0.7700
62104146,sitting,0.0005,1.0002,0.0088,0.5600,-2.7650,0.7700
62104166,sitting,0.0015,1.0011,0.0093,0.5600,-2.7300,0.7700
62104185,sitting,0.0020,1.0006,0.0100,0.5600,-2.7300,0.7700
62104204,sitting,0.0022,1.0006,0.0093,0.5600,-2.7300,0.7700
62104223,sitting,0.0020,1.0009,0.0088,0.5600,-2.7300,0.7700
62104242,sitting,0.0012,1.0021,0.0095,0.5600,-2.7650,0.8050
62104262,sitting,0.0024,1.0014,0.0100,0.5600,-2.7300,0.7700
62104281,sitting,0.0024,1.0009,0.0093,0.5600,-2.7300,0.7700
62104300,sitting,0.0012,1.0009,0.0095,0.5600,-2.7300,0.7350
62104319,sitting,0.0017,1.0006,0.0090,0.5600,-2.7300,0.7700
62104339,sitting,0.0017,1.0011,0.0093,0.5600,-2.7300,0.7350
62104358,sitting,0.0007,1.0009,0.0102,0.5600,-2.7650,0.7350
62104377,sitting,0.0010,1.0011,0.0083,0.5600,-2.7300,0.8050
62104396,sitting,0.0002,1.0009,0.0098,0.5600,-2.7300,0.7700
62104416,sitting,0.0010,1.0009,0.0095,0.5600,-2.7650,0.7700
62104435,sitting,0.0012,1.0006,0.0085,0.5950,-2.7650,0.8050
62104454,sitting,0.0007,1.0004,0.0090,0.5600,-2.7650,0.7700
62104473,sitting,0.0010,1.0024,0.0100,0.5250,-2.7650,0.7700
62104492,sitting,0.0024,1.0019,0.0098,0.5600,-2.8000,0.7700
62104512,sitting,0.0024,1.0016,0.0090,0.5600,-2.7650,0.7700
62104531,sitting,0.0012,1.0014,0.0107,0.5600,-2.7300,0.7700
62104550,sitting,0.0007,1.0019,0.0105,0.5600,-2.8000,0.7700
62104569,sitting,0.0007,1.0009,0.0093,0.5600,-2.7300,0.7700
62104589,sitting,0.0017,1.0002,0.0095,0.5600,-2.7300,0.7700
62104608,sitting,0.0020,1.0009,0.0093,0.5600,-2.7300,0.7700
62104627,sitting,0.0017,1.0019,0.0090,0.5600,-2.7650,0.7350
62104646,sitting,0.0017,1.0011,0.0105,0.5250,-2.7300,0.7700
62104666,sitting,0.0017,1.0004,0.0093,0.5600,-2.8000,0.7700
62104685,sitting,0.0010,1.0004,0.0088,0.5600,-2.7300,0.7700
62104704,sitting,0.0017,1.0011,0.0083,0.5600,-2.7300,0.7700
62104723,sitting,0.0010,1.0014,0.0100,0.5600,-2.7300,0.7700
62104742,sitting,0.0010,1.0006,0.0098,0.5600,-2.7300,0.7700
62104762,sitting,0.0015,1.0004,0.0095,0.5950,-2.7300,0.7700
62104781,sitting,0.0015,1.0014,0.0093,0.5600,-2.7300,0.7700
62104800,sitting,0.0010,1.0011,0.0093,0.5600,-2.7300,0.7700
62104819,sitting,0.0020,1.0009,0.0095,0.5600,-2.7300,0.7700
62104839,sitting,0.0020,1.0019,0.0095,0.5600,-2.7300,0.7700
62104858,sitting,0.0012,1.0014,0.0102,0.5950,-2.7300,0.7700
62104877,sitting,0.0007,1.0019,0.0102,0.5600,-2.7300,0.7700
62104896,sitting,0.0017,1.0009,0.0098,0.5600,-2.7300,0.7350
62104916,sitting,0.0020,1.0021,0.0098,0.5950,-2.7650,0.7350
62104935,sitting,0.0010,1.0016,0.0095,0.5600,-2.7300,0.7700
62104954,sitting,0.0017,1.0002,0.0100,0.5600,-2.7650,0.7700
62104973,sitting,0.0007,1.0016,0.0093,0.5600,-2.7650,0.7700
62104992,sitting,0.0015,1.0011,0.0095,0.5600,-2.7300,0.7700
62105012,sitting,0.0017,1.0014,0.0093,0.5250,-2.7650,0.7700
62105031,sitting,0.0012,0.9997,0.0100,0.5600,-2.8000,0.7700
62105050,sitting,0.0015,1.0014,0.0095,0.5600,-2.7650,0.7700
62105069,sitting,0.0015,1.0019,0.0100,0.5600,-2.7650,0.7700
62105089,sitting,0.0017,1.0009,0.0093,0.5600,-2.7650,0.8050
62105108,sitting,0.0017,1.0009,0.0093,0.5600,-2.7300,0.7700
62105127,sitting,0.0022,1.0014,0.0095,0.5600,-2.7300,0.7700
62105146,sitting,0.0012,1.0024,0.0100,0.5600,-2.7300,0.7700
62105166,sitting,0.0022,1.0014,0.0095,0.5600,-2.7650,0.7700
62105185,sitting,0.0015,1.0009,0.0088,0.5600,-2.8000,0.7700
62105204,sitting,0.0007,1.0014,0.0105,0.5250,-2.7300,0.8050
62105223,sitting,0.0010,1.0011,0.0098,0.5950,-2.7300,0.7700
62105242,sitting,0.0020,1.0014,0.0095,0.5600,-2.7300,0.8050
62105262,sitting,0.0015,1.0004,0.0090,0.5600,-2.7300,0.7700
62105281,sitting,0.0020,1.0006,0.0100,0.5600,-2.7300,0.8050
62105300,sitting,0.0020,1.0004,0.0088,0.5600,-2.7300,0.7350
62105319,sitting,0.0012,1.0009,0.0095,0.5600,-2.7300,0.7700
62105339,sitting,0.0017,1.0009,0.0085,0.5600,-2.7300,0.7700
62105358,sitting,0.0015,1.0006,0.0095,0.5600,-2.7300,0.7700
62105377,sitting,0.0012,0.9999,0.0100,0.5600,-2.7650,0.7700
62105396,sitting,0.0015,1.0009,0.0093,0.5600,-2.7650,0.7700
62105416,sitting,0.0015,1.0016,0.0100,0.5600,-2.7300,0.7000
62105435,sitting,0.0012,1.0009,0.0095,0.5600,-2.8000,0.7700
62105454,sitting,0.0017,1.0009,0.0090,0.5600,-2.7650,0.7700
62105473,sitting,0.0017,1.0011,0.0093,0.5600,-2.7300,0.7700
62105492,sitting,0.0012,1.0004,0.0102,0.5600,-2.7650,0.7700
62105512,sitting,0.0012,1.0011,0.0095,0.5600,-2.7300,0.7700
62105531,sitting,0.0012,1.0009,0.0093,0.5600,-2.8000,0.7350
62105550,sitting,0.0017,1.0019,0.0093,0.5600,-2.7300,0.7700
62105569,sitting,0.0024,1.0006,0.0093,0.5600,-2.7650,0.7700
62105589,sitting,0.0012,1.0014,0.0107,0.5600,-2.7300,0.7700
62105608,sitting,0.0012,1.0009,0.0098,0.5600,-2.7650,0.7700
62105627,sitting,0.0012,1.0009,0.0107,0.5250,-2.7300,0.7700
62105646,sitting,0.0012,1.0009,0.0093,0.5250,-2.7300,0.7700
62105666,sitting,0.0012,1.0004,0.0090,0.5250,-2.7300,0.8050
62105685,sitting,0.0020,1.0011,0.0095,0.5600,-2.7300,0.7700
62105704,sitting,0.0012,1.0011,0.0100,0.5600,-2.7300,0.7700
62105723,sitting,0.0020,1.0011,0.0095,0.5600,-2.8000,0.7700
62105742,sitting,0.0029,1.0011,0.0098,0.5250,-2.7300,0.7700
62105762,sitting,0.0015,1.0004,0.0102,0.5600,-2.7300,0.7700
62105781,sitting,0.0020,0.9999,0.0098,0.5600,-2.7650,0.7700
62105800,sitting,0.0007,1.0009,0.0100,0.5250,-2.7300,0.8050
62105819,sitting,0.0022,1.0011,0.0093,0.5600,-2.7650,0.7700
62105839,sitting,0.0012,1.0009,0.0102,0.5600,-2.7300,0.7000
62105858,sitting,0.0017,1.0011,0.0102,0.5600,-2.7300,0.7350
62105877,sitting,0.0005,1.0009,0.0098,0.5600,-2.7650,0.7000
62105896,sitting,0.0017,1.0014,0.0090,0.5600,-2.7300,0.7700
62105916,sitting,0.0010,1.0016,0.0095,0.5600,-2.7300,0.7700
62105935,sitting,0.0007,1.0004,0.0098,0.5950,-2.6950,0.7700
62105954,sitting,0.0020,1.0016,0.0098,0.5600,-2.7300,0.7350
62105973,sitting,0.0012,1.0016,0.0090,0.5600,-2.7300,0.7350
62105992,sitting,0.0005,1.0009,0.0093,0.5600,-2.8000,0.7700
62106012,sitting,0.0007,1.0006,0.0095,0.5600,-2.7650,0.7700
62106031,sitting,0.0017,1.0014,0.0090,0.5600,-2.7300,0.7700
62106050,sitting,0.0017,1.0011,0.0095,0.5600,-2.7650,0.7350
62106069,sitting,0.0020,1.0006,0.0100,0.5600,-2.7300,0.7700
62106089,sitting,0.0010,1.0006,0.0098,0.5600,-2.7300,0.7700
62106108,sitting,0.0020,1.0011,0.0081,0.5250,-2.7300,0.8050
62106127,sitting,0.0024,1.0011,0.0098,0.5600,-2.7650,0.8050
62106146,sitting,0.0015,1.0014,0.0107,0.5250,-2.7650,0.7700
62106166,sitting,0.0017,1.0016,0.0107,0.5600,-2.7300,0.7700
62106185,sitting,0.0015,1.0014,0.0098,0.5600,-2.7300,0.7700
62106204,sitting,0.0010,1.0004,0.0098,0.5250,-2.7300,0.7700
62106223,sitting,0.0015,1.0006,0.0093,0.5600,-2.8000,0.7700
62106242,sitting,0.0015,1.0006,0.0093,0.5250,-2.7650,0.7700
62106262,sitting,0.0012,1.0011,0.0093,0.5250,-2.8000,0.7350
62106281,sitting,0.0020,1.0011,0.0083,0.5600,-2.7300,0.7700
62106300,sitting,0.0015,1.0016,0.0095,0.5950,-2.7300,0.7700
62106319,sitting,0.0012,1.0019,0.0100,0.5250,-2.7300,0.8050
62106339,sitting,0.0020,1.0011,0.0100,0.5250,-2.7300,0.7700
62106358,sitting,0.0020,1.0004,0.0105,0.5600,-2.7300,0.7700
62106377,sitting,0.0015,1.0004,0.0093,0.4900,-2.7300,0.7700
62106396,sitting,0.0020,1.0004,0.0100,0.5600,-2.7300,0.7700
62106416,sitting,0.0012,1.0009,0.0098,0.5600,-2.8000,0.7700
62106435,sitting,0.0022,1.0019,0.0098,0.5600,-2.7300,0.7700
62106454,sitting,0.0017,1.0016,0.0095,0.5600,-2.7300,0.7350
62106473,sitting,0.0012,1.0011,0.0102,0.5600,-2.7300,0.7350
62106492,sitting,0.0017,1.0026,0.0088,0.5600,-2.7650,0.7700
62106512,sitting,0.0024,1.0011,0.0095,0.5600,-2.7650,0.7700
62106531,sitting,0.0020,1.0014,0.0095,0.5950,-2.7650,0.7700
62106550,sitting,0.0007,1.0009,0.0090,0.5600,-2.7650,0.7700
62106569,sitting,0.0015,1.0009,0.0100,0.5600,-2.7300,0.7700
62106589,sitting,0.0020,1.0002,0.0095,0.5600,-2.7650,0.7700
62106608,sitting,0.0020,1.0009,0.0085,0.5600,-2.7300,0.7700
62106627,sitting,0.0015,1.0004,0.0095,0.5250,-2.7300,0.7700
62106646,sitting,0.0022,1.0011,0.0102,0.5600,-2.7650,0.8050
62106666,sitting,0.0022,1.0009,0.0102,0.5600,-2.7650,0.7700
62106685,sitting,0.0015,1.0014,0.0102,0.5600,-2.7650,0.7700
62106704,sitting,0.0007,1.0019,0.0098,0.5600,-2.8000,0.7700
62106723,sitting,0.0015,1.0016,0.0093,0.5600,-2.7300,0.7700
62106742,sitting,0.0015,1.0016,0.0098,0.5600,-2.7300,0.7700
62106762,sitting,0.0020,1.0011,0.0090,0.5950,-2.7300,0.7700
62106781,sitting,0.0024,1.0016,0.0100,0.5600,-2.7300,0.7700
62106800,sitting,0.0022,1.0006,0.0095,0.5600,-2.7650,0.7700
62106819,sitting,0.0015,1.0009,0.0085,0.5600,-2.8000,0.7700
62106839,sitting,0.0015,1.0011,0.0093,0.5600,-2.7650,0.7700
62106858,sitting,0.0010,1.0024,0.0105,0.5600,-2.7300,0.7700
62106877,sitting,0.0017,1.0021,0.0095,0.5600,-2.7650,0.7700
62106896,sitting,0.0012,1.0014,0.0090,0.5950,-2.7300,0.7700
62106916,sitting,0.0015,1.0009,0.0095,0.5600,-2.7650,0.7700
62106935,sitting,0.0022,1.0014,0.0093,0.5600,-2.7300,0.7350
62106954,sitting,0.0015,1.0006,0.0110,0.5600,-2.7650,0.7700
62106973,sitting,0.0020,1.0011,0.0102,0.5600,-2.7300,0.7700
62106992,sitting,0.0024,1.0009,0.0102,0.5600,-2.7650,0.7350
62107012,sitting,0.0017,1.0014,0.0098,0.5600,-2.7650,0.7700
62107031,sitting,0.0012,1.0006,0.0090,0.5600,-2.7300,0.7350
62107050,sitting,0.0017,1.0009,0.0098,0.5600,-2.7650,0.7700
62107069,sitting,0.0017,1.0009,0.0090,0.5600,-2.7650,0.7350
62107089,sitting,0.0017,1.0019,0.0088,0.5600,-2.7650,0.7700
62107108,sitting,0.0007,1.0009,0.0093,0.5600,-2.7300,0.7700
62107127,sitting,0.0007,1.0004,0.0093,0.4900,-2.8000,0.7700
62107146,sitting,0.0012,1.0016,0.0100,0.5600,-2.7650,0.7700
62107166,sitting,0.0017,1.0021,0.0095,0.5600,-2.7650,0.8050
62107185,sitting,0.0012,1.0011,0.0085,0.5600,-2.7300,0.7700
62107204,sitting,0.0017,1.0014,0.0088,0.5600,-2.7650,0.7700
62107223,sitting,0.0017,1.0009,0.0095,0.5600,-2.7300,0.7700
62107242,sitting,0.0015,1.0011,0.0088,0.5600,-2.7650,0.7700
62107262,sitting,0.0022,1.0006,0.0093,0.5250,-2.8000,0.7700
62107281,sitting,0.0010,1.0002,0.0088,0.5600,-2.7300,0.7700
62107300,sitting,0.0015,1.0004,0.0095,0.5600,-2.7300,0.8050
62107319,sitting,0.0012,0.9999,0.0098,0.5600,-2.7300,0.7700
62107339,sitting,0.0012,1.0002,0.0093,0.5600,-2.7300,0.7700
62107358,sitting,0.0015,1.0009,0.0098,0.5600,-2.7300,0.7700
62107377,sitting,0.0020,1.0009,0.0095,0.5600,-2.7300,0.7700
62107396,sitting,0.0005,1.0011,0.0100,0.5600,-2.7650,0.7700
62107416,sitting,0.0007,1.0009,0.0095,0.5600,-2.7300,0.7700
62107435,sitting,0.0012,1.0006,0.0090,0.5600,-2.7300,0.7350
62107454,sitting,0.0017,1.0011,0.0088,0.5250,-2.8000,0.7350
62107473,sitting,0.0007,1.0009,0.0093,0.5600,-2.7300,0.7700
62107492,sitting,0.0015,1.0011,0.0083,0.5950,-2.7300,0.7700
62107512,sitting,0.0010,1.0011,0.0100,0.5250,-2.7300,0.7700
62107531,sitting,0.0010,1.0011,0.0093,0.5600,-2.7650,0.7700
62107550,sitting,0.0024,1.0014,0.0098,0.5250,-2.7300,0.7700
62107569,sitting,0.0017,1.0009,0.0102,0.5600,-2.8000,0.7700
62107589,sitting,0.0024,1.0009,0.0100,0.5600,-2.7300,0.7700
62107608,sitting,0.0020,1.0014,0.0093,0.5600,-2.8000,0.7700
62107627,sitting,0.0000,1.0009,0.0098,0.5250,-2.8000,0.7700
62107646,sitting,0.0017,1.0014,0.0098,0.5600,-2.8000,0.7700
62107666,sitting,0.0012,0.9999,0.0093,0.5250,-2.7300,0.7700
62107685,sitting,0.0015,1.0009,0.0085,0.5600,-2.8000,0.8050
62107704,sitting,0.0015,1.0016,0.0090,0.5600,-2.8000,0.7700
62107723,sitting,0.0012,1.0016,0.0100,0.5600,-2.7650,0.7350
62107742,sitting,0.0022,1.0009,0.0093,0.5250,-2.7300,0.7700
62107762,sitting,0.0017,1.0009,0.0100,0.4900,-2.7650,0.7700
62107781,sitting,0.0010,1.0009,0.0100,0.5250,-2.7650,0.7700
62107800,sitting,0.0017,1.0006,0.0105,0.5600,-2.8000,0.7700
62107819,sitting,0.0012,1.0016,0.0100,0.5600,-2.7650,0.7700
62107839,sitting,0.0007,1.0006,0.0100,0.5250,-2.7300,0.7700
62107858,sitting,0.0005,1.0014,0.0102,0.5250,-2.7300,0.8050
62107877,sitting,0.0017,1.0021,0.0098,0.5600,-2.7650,0.7700
62107896,sitting,0.0015,1.0006,0.0095,0.5600,-2.7300,0.7700
62107916,sitting,0.0015,1.0014,0.0098,0.5600,-2.7650,0.7350
62107935,sitting,0.0020,1.0004,0.0093,0.5600,-2.7650,0.7700
62107954,sitting,0.0005,1.0011,0.0100,0.5950,-2.7650,0.8050
62107973,sitting,0.0002,1.0011,0.0102,0.5600,-2.7300,0.7700
62107992,sitting,0.0007,1.0014,0.0085,0.5250,-2.7300,0.7700
62108012,sitting,0.0015,1.0016,0.0095,0.5600,-2.7300,0.7700
62108031,sitting,0.0020,1.0011,0.0093,0.5600,-2.7650,0.7350
62108050,sitting,0.0017,1.0016,0.0105,0.5950,-2.7300,0.7350
62108069,sitting,0.0015,1.0011,0.0093,0.5600,-2.7300,0.7700
62108089,sitting,0.0017,1.0009,0.0098,0.5600,-2.7300,0.7700
62108108,sitting,0.0022,1.0019,0.0110,0.5600,-2.7650,0.7700
62108127,sitting,0.0015,1.0006,0.0095,0.5600,-2.7650,0.7700
62108146,sitting,0.0012,1.0004,0.0090,0.5600,-2.7650,0.7700
62108166,sitting,0.0010,1.0011,0.0090,0.5600,-2.7650,0.7700
62108185,sitting,0.0017,1.0016,0.0085,0.5600,-2.7300,0.7700
62108204,sitting,0.0015,1.0014,0.0088,0.5600,-2.7650,0.7700
62108223,sitting,0.0020,1.0006,0.0100,0.5600,-2.7300,0.7700
62108242,sitting,0.0002,1.0011,0.0112,0.5250,-2.7650,0.7700
62108262,sitting,0.0007,1.0014,0.0095,0.5600,-2.7300,0.7350
62108281,sitting,0.0012,1.0014,0.0093,0.5600,-2.7300,0.7700
62108300,sitting,0.0012,1.0011,0.0095,0.5600,-2.7300,0.7700
62108319,sitting,0.0020,0.9999,0.0088,0.5950,-2.7300,0.8050
62108339,sitting,0.0017,1.0021,0.0093,0.5600,-2.7650,0.7700
62108358,sitting,0.0022,1.0014,0.0095,0.5250,-2.7650,0.7700
62108377,sitting,0.0007,1.0016,0.0098,0.5250,-2.7650,0.8050
62108396,sitting,0.0010,1.0004,0.0090,0.5600,-2.7300,0.7700
62108416,sitting,0.0007,1.0009,0.0093,0.5250,-2.8000,0.7700
62108435,sitting,0.0020,1.0014,0.0102,0.5600,-2.7650,0.7700
62108454,sitting,0.0012,1.0006,0.0100,0.5600,-2.7300,0.7700
62108473,sitting,0.0015,1.0014,0.0105,0.5950,-2.7650,0.7700
62108492,sitting,0.0017,1.0011,0.0093,0.5600,-2.7300,0.7700
62108512,sitting,0.0015,1.0006,0.0095,0.5600,-2.7300,0.7700
62108531,sitting,0.0007,1.0019,0.0093,0.5600,-2.7650,0.7700
62108550,sitting,0.0012,1.0006,0.0088,0.5600,-2.7300,0.7700
62108569,sitting,0.0015,1.0009,0.0098,0.5600,-2.7650,0.7700
62108589,sitting,0.0015,1.0002,0.0093,0.5600,-2.7650,0.7350
62108608,sitting,0.0010,1.0014,0.0107,0.5600,-2.7300,0.7700
62108627,sitting,0.0017,1.0019,0.0107,0.5600,-2.7650,0.7700
62108646,sitting,0.0017,1.0004,0.0112,0.5600,-2.7300,0.7700
62108666,sitting,0.0010,1.0009,0.0093,0.5600,-2.7300,0.7700
62108685,sitting,0.0015,1.0011,0.0088,0.5600,-2.7300,0.7700
62108704,sitting,0.0015,1.0011,0.0115,0.5250,-2.7300,0.7700
62108723,sitting,0.0012,1.0002,0.0102,0.5250,-2.7650,0.8050
62108742,sitting,0.0020,1.0004,0.0098,0.5600,-2.7650,0.7700
62108762,sitting,0.0012,1.0006,0.0095,0.5600,-2.7650,0.7700
62108781,sitting,0.0015,1.0016,0.0093,0.5250,-2.7650,0.7700
62108800,sitting,0.0007,1.0009,0.0100,0.5250,-2.7300,0.8050
62108819,sitting,0.0007,1.0014,0.0095,0.5600,-2.7300,0.8050
62108839,sitting,-0.0002,1.0009,0.0102,0.5600,-2.7300,0.7700
62108858,sitting,0.0024,1.0009,0.0090,0.5600,-2.7300,0.7700
62108877,sitting,0.0012,1.0011,0.0095,0.5250,-2.7300,0.7700
62108896,sitting,0.0017,1.0016,0.0095,0.5600,-2.7300,0.7700
62108916,sitting,0.0012,1.0024,0.0088,0.5600,-2.7650,0.7700
62108935,sitting,0.0010,1.0024,0.0100,0.5600,-2.7300,0.7700
62108954,sitting,0.0020,1.0016,0.0093,0.5250,-2.7300,0.7700
62108973,sitting,0.0015,1.0019,0.0095,0.5600,-2.7300,0.7700
62108992,sitting,0.0022,1.0014,0.0105,0.5600,-2.7300,0.7700
62109012,sitting,0.0017,1.0002,0.0100,0.5600,-2.8000,0.7700
62109031,sitting,0.0020,1.0011,0.0090,0.5600,-2.7300,0.7700
62109050,sitting,0.0017,1.0006,0.0090,0.5600,-2.7300,0.7350
62109069,sitting,0.0015,1.0011,0.0083,0.5600,-2.7300,0.7350
62109089,sitting,0.0012,1.0016,0.0095,0.5600,-2.7300,0.7700
62109108,sitting,0.0022,1.0011,0.0105,0.5600,-2.7650,0.7350
62109127,sitting,0.0015,1.0011,0.0102,0.5950,-2.7300,0.7700
62109146,sitting,0.0020,1.0011,0.0098,0.5600,-2.7300,0.7700
62109166,sitting,0.0002,1.0009,0.0093,0.5600,-2.7300,0.7350
62109185,sitting,0.0015,1.0019,0.0093,0.5250,-2.7300,0.7700
62109204,sitting,0.0017,1.0009,0.0095,0.4900,-2.7650,0.7700
62109223,sitting,0.0017,1.0006,0.0093,0.5600,-2.8000,0.7700
62109242,sitting,0.0015,1.0009,0.0100,0.5600,-2.8000,0.7700
62109262,sitting,0.0017,1.0014,0.0093,0.5600,-2.8000,0.7350
62109281,sitting,0.0002,1.0006,0.0095,0.5600,-2.8000,0.7700
62109300,sitting,0.0002,0.9999,0.0090,0.5600,-2.7650,0.7700
62109319,sitting,0.0012,1.0019,0.0095,0.5600,-2.7300,0.7700
62109339,sitting,0.0010,1.0011,0.0098,0.5600,-2.7650,0.7700
62109358,sitting,0.0020,1.0009,0.0098,0.5600,-2.7650,0.7700
62109377,sitting,0.0022,1.0014,0.0100,0.5600,-2.7300,0.7700
62109396,sitting,0.0015,1.0014,0.0100,0.5600,-2.7650,0.7700
62109416,sitting,0.0022,1.0014,0.0105,0.5600,-2.7650,0.7700
62109435,sitting,0.0010,1.0014,0.0090,0.5600,-2.7300,0.7700
62109454,sitting,0.0012,1.0002,0.0102,0.5600,-2.8000,0.7700
62109473,sitting,0.0017,1.0004,0.0098,0.5600,-2.7300,0.7700
62109492,sitting,0.0012,1.0011,0.0083,0.5600,-2.7300,0.7700
62109512,sitting,0.0012,1.0006,0.0088,0.5600,-2.7650,0.7700
62109531,sitting,0.0005,1.0011,0.0100,0.5250,-2.8000,0.7700
62109550,sitting,0.0015,1.0016,0.0083,0.5600,-2.7300,0.7700
62109569,sitting,0.0022,1.0011,0.0098,0.5950,-2.7650,0.7700
62109589,sitting,0.0017,1.0016,0.0098,0.5600,-2.7300,0.7350
62109608,sitting,0.0012,1.0009,0.0100,0.5600,-2.7300,0.7700
62109627,sitting,0.0007,1.0016,0.0100,0.5950,-2.7300,0.7350
62109646,sitting,0.0012,1.0014,0.0098,0.5600,-2.7300,0.7350
62109666,sitting,0.0010,1.0006,0.0098,0.5600,-2.7300,0.7350
62109685,sitting,0.0015,1.0009,0.0090,0.5600,-2.7300,0.7700
62109704,sitting,0.0017,1.0009,0.0090,0.5600,-2.7650,0.7350
62109723,sitting,0.0015,1.0009,0.0105,0.5950,-2.8000,0.7000
62109742,sitting,0.0007,1.0009,0.0090,0.5600,-2.7650,0.7350
62109762,sitting,0.0020,1.0016,0.0093,0.5600,-2.7650,0.7700
62109781,sitting,0.0015,1.0014,0.0090,0.5600,-2.7300,0.7700
62109800,sitting,0.0005,1.0009,0.0095,0.5600,-2.7300,0.7700
62109819,sitting,0.0012,1.0006,0.0090,0.5250,-2.7300,0.7700
62109839,sitting,0.0015,1.0016,0.0093,0.5600,-2.7650,0.7700
62109858,sitting,0.0017,1.0009,0.0093,0.5600,-2.7650,0.7700
62109877,sitting,0.0020,1.0011,0.0095,0.5250,-2.7300,0.7700
62109896,sitting,0.0015,1.0004,0.0093,0.5600,-2.7300,0.7700
62109916,sitting,0.0012,1.0019,0.0098,0.5600,-2.7650,0.7700
62109935,sitting,0.0012,1.0004,0.0105,0.5600,-2.7650,0.7700
62109954,sitting,0.0007,1.0011,0.0105,0.5600,-2.7300,0.7700
62109973,sitting,0.0015,1.0004,0.0095,0.5600,-2.7300,0.7700
62109992,sitting,0.0020,1.0004,0.0105,0.5250,-2.7650,0.7700
62110012,sitting,0.0022,1.0004,0.0093,0.5600,-2.7650,0.7350
62110031,sitting,0.0007,1.0009,0.0085,0.5600,-2.7650,0.7700
62110050,sitting,0.0012,1.0009,0.0085,0.5600,-2.7300,0.7700
62110069,sitting,0.0017,1.0011,0.0095,0.5600,-2.7650,0.7700
62110089,sitting,0.0005,1.0004,0.0088,0.4900,-2.7300,0.7700
62110108,sitting,0.0015,1.0006,0.0100,0.5600,-2.7650,0.7700
62110127,sitting,0.0007,1.0011,0.0112,0.5600,-2.7300,0.7700
62110146,sitting,0.0015,1.0021,0.0100,0.5600,-2.7650,0.7700
62110166,sitting,0.0010,1.0024,0.0098,0.5600,-2.7300,0.7350
62110185,sitting,0.0022,1.0014,0.0107,0.5600,-2.7650,0.7700
62110204,sitting,0.0015,1.0002,0.0100,0.5600,-2.8000,0.7700
62110223,sitting,0.0015,1.0009,0.0098,0.5600,-2.7650,0.7350
62110242,sitting,0.0010,1.0014,0.0083,0.5600,-2.7300,0.7700
62110262,sitting,0.0012,1.0014,0.0090,0.5600,-2.8000,0.7700
62110281,sitting,0.0015,1.0011,0.0100,0.5600,-2.8000,0.7700
62110300,sitting,0.0015,1.0004,0.0095,0.5600,-2.7650,0.7700
62110319,sitting,0.0024,1.0006,0.0093,0.5600,-2.7300,0.7700
62110339,sitting,0.0020,1.0014,0.0102,0.5250,-2.7650,0.7700
62110358,sitting,0.0002,1.0014,0.0090,0.5600,-2.7650,0.7700
62110377,sitting,0.0012,1.0006,0.0098,0.5600,-2.7650,0.7700
62110396,sitting,0.0017,1.0006,0.0102,0.5600,-2.7650,0.7700
62110416,sitting,0.0020,1.0011,0.0093,0.5950,-2.7650,0.7700
62110435,sitting,0.0017,1.0011,0.0093,0.5950,-2.7300,0.7700
62110454,sitting,0.0020,1.0014,0.0105,0.5250,-2.8000,0.7700
62110473,sitting,0.0017,1.0006,0.0090,0.5600,-2.7300,0.8050
62110492,sitting,0.0010,1.0019,0.0098,0.5600,-2.7300,0.7700
62110512,sitting,0.0010,1.0014,0.0110,0.5600,-2.7650,0.7700
62110531,sitting,0.0022,1.0009,0.0093,0.5250,-2.7300,0.7700
62110550,sitting,0.0017,1.0014,0.0093,0.5600,-2.7300,0.7700
62110569,sitting,0.0007,1.0019,0.0095,0.5600,-2.7300,0.7700
62110589,sitting,0.0017,1.0009,0.0100,0.5600,-2.7300,0.7700
62110608,sitting,0.0005,1.0009,0.0107,0.5600,-2.7300,0.7700
62110627,sitting,0.0005,1.0009,0.0093,0.5950,-2.8000,0.7700
62110646,sitting,0.0012,1.0021,0.0093,0.5600,-2.7300,0.7350
62110666,sitting,0.0010,1.0026,0.0098,0.5600,-2.7300,0.7350
62110685,sitting,0.0015,1.0019,0.0088,0.5600,-2.7650,0.7700
62110704,sitting,0.0017,1.0004,0.0095,0.5600,-2.7300,0.7700
62110723,sitting,0.0015,0.9997,0.0090,0.5600,-2.8000,0.7700
62110742,sitting,0.0010,1.0014,0.0090,0.5600,-2.7650,0.7350
62110762,sitting,0.0022,1.0004,0.0090,0.5950,-2.7650,0.7700
62110781,sitting,0.0012,1.0011,0.0098,0.5600,-2.7650,0.7700
62110800,sitting,0.0027,1.0014,0.0090,0.5250,-2.7300,0.8050
62110819,sitting,0.0017,1.0009,0.0090,0.5600,-2.7650,0.7700
62110839,sitting,0.0015,1.0016,0.0088,0.5250,-2.7650,0.7700
62110858,sitting,0.0012,1.0016,0.0090,0.5250,-2.8000,0.7700
62110877,sitting,0.0022,1.0004,0.0100,0.5250,-2.7650,0.7700
62110896,sitting,0.0012,1.0014,0.0095,0.5600,-2.7300,0.8050
62110916,sitting,0.0012,1.0006,0.0095,0.5600,-2.7650,0.7700
62110935,sitting,0.0015,1.0016,0.0095,0.5250,-2.7300,0.7700
62110954,sitting,0.0022,1.0009,0.0095,0.5950,-2.7300,0.7700
62110973,sitting,0.0024,1.0014,0.0093,0.5600,-2.7650,0.8050
62110992,sitting,0.0020,1.0011,0.0090,0.5600,-2.7300,0.7700
62111012,sitting,0.0017,1.0014,0.0102,0.5600,-2.7300,0.7700
62111031,sitting,0.0012,1.0011,0.0098,0.5600,-2.7300,0.7700
62111050,sitting,0.0015,1.0014,0.0085,0.5600,-2.7650,0.7700
62111069,sitting,0.0017,1.0019,0.0090,0.5600,-2.7300,0.7350
62111089,sitting,0.0012,1.0016,0.0093,0.5600,-2.7300,0.7350
62111108,sitting,0.0007,1.0014,0.0105,0.5600,-2.7650,0.7350
62111127,sitting,0.0015,1.0016,0.0100,0.5600,-2.7300,0.7350
62111146,sitting,0.0012,1.0006,0.0098,0.5600,-2.7650,0.7350
62111166,sitting,0.0005,1.0004,0.0090,0.5600,-2.7300,0.7700
62111185,sitting,0.0017,1.0009,0.0090,0.5600,-2.7300,0.7350
62111204,sitting,0.0015,1.0016,0.0100,0.5250,-2.8000,0.7700
62111223,sitting,0.0012,1.0016,0.0095,0.5600,-2.7650,0.7700
62111242,sitting,0.0015,1.0006,0.0093,0.5600,-2.7300,0.7700
62111262,sitting,0.0012,1.0002,0.0088,0.5600,-2.7300,0.7700
62111281,sitting,0.0024,1.0024,0.0098,0.5600,-2.7300,0.7700
62111300,sitting,0.0017,1.0009,0.0095,0.5600,-2.8000,0.7700
62111319,sitting,0.0012,1.0019,0.0098,0.5600,-2.7300,0.7700
62111339,sitting,0.0015,1.0014,0.0095,0.5600,-2.7300,0.7700
62111358,sitting,0.0020,1.0009,0.0093,0.5600,-2.7300,0.7350
62111377,sitting,0.0007,1.0006,0.0095,0.5600,-2.7300,0.7700
62111396,sitting,0.0017,1.0009,0.0093,0.5600,-2.7300,0.7700
62111416,sitting,0.0017,1.0009,0.0098,0.5250,-2.7300,0.7700
62111435,sitting,0.0017,1.0006,0.0093,0.5600,-2.7650,0.8050
62111454,sitting,0.0015,1.0002,0.0100,0.5600,-2.7650,0.7700
62111473,sitting,0.0012,1.0009,0.0110,0.5600,-2.7650,0.7700
62111492,sitting,0.0012,1.0011,0.0100,0.5600,-2.7650,0.7700
62111512,sitting,0.0005,1.0006,0.0107,0.5600,-2.7650,0.7700
62111531,sitting,0.0022,1.0002,0.0105,0.5600,-2.7300,0.8050
62111550,sitting,0.0015,1.0004,0.0100,0.5600,-2.7650,0.7700
62111569,sitting,0.0017,1.0009,0.0098,0.5600,-2.7300,0.7700
62111589,sitting,0.0022,1.0019,0.0095,0.5600,-2.7650,0.7700
62111608,sitting,0.0015,1.0009,0.0098,0.5950,-2.7300,0.7700
62111627,sitting,0.0012,1.0014,0.0107,0.5950,-2.7650,0.7700
62111646,sitting,0.0020,1.0016,0.0098,0.5600,-2.7300,0.7700
62111666,sitting,0.0015,1.0002,0.0100,0.5600,-2.7300,0.7700
62111685,sitting,0.0020,1.0011,0.0100,0.5600,-2.7650,0.7350
62111704,sitting,0.0020,1.0016,0.0102,0.5600,-2.7650,0.7700
62111723,sitting,0.0007,1.0004,0.0110,0.5600,-2.7300,0.7700
62111742,sitting,0.0020,1.0006,0.0100,0.5600,-2.8000,0.7350
62111762,sitting,0.0024,1.0006,0.0093,0.5600,-2.7650,0.7700
62111781,sitting,0.0015,1.0004,0.0098,0.5600,-2.7300,0.8050
62111800,sitting,0.0012,1.0016,0.0090,0.5600,-2.7300,0.7700
62111819,sitting,0.0007,1.0014,0.0093,0.5600,-2.7650,0.7700
62111839,sitting,0.0007,1.0011,0.0090,0.5600,-2.7650,0.7700
62111858,sitting,0.0010,1.0009,0.0095,0.5600,-2.7650,0.7700
62111877,sitting,0.0020,1.0016,0.0090,0.5600,-2.7300,0.7700
62111896,sitting,0.0015,1.0016,0.0088,0.5600,-2.7650,0.7700
62111916,sitting,0.0015,1.0019,0.0100,0.5600,-2.7650,0.7700
62111935,sitting,0.0020,1.0021,0.0095,0.5250,-2.7300,0.7700
62111954,sitting,0.0020,1.0009,0.0090,0.5600,-2.7300,0.7700
62111973,sitting,0.0012,1.0006,0.0102,0.5600,-2.7650,0.7700
62111992,sitting,0.0017,1.0009,0.0102,0.5600,-2.7650,0.7700
62112012,sitting,0.0015,1.0009,0.0100,0.5600,-2.7300,0.8050
62112031,sitting,0.0015,1.0014,0.0095,0.5600,-2.7300,0.7700
62112050,sitting,0.0020,1.0019,0.0088,0.5600,-2.7300,0.7700
62112069,sitting,0.0022,1.0011,0.0095,0.5600,-2.7650,0.7700
62112089,sitting,0.0012,1.0011,0.0098,0.5600,-2.7300,0.7700
62112108,sitting,0.0010,1.0006,0.0098,0.5600,-2.7300,0.7700
62112127,sitting,0.0010,1.0016,0.0107,0.5600,-2.7650,0.7700
62112146,sitting,0.0017,1.0006,0.0105,0.5250,-2.7300,0.7700
62112166,sitting,0.0015,1.0014,0.0105,0.5600,-2.7300,0.8050
62112185,sitting,0.0012,1.0009,0.0088,0.5600,-2.7650,0.7700
62112204,sitting,0.0017,1.0014,0.0095,0.5600,-2.7300,0.7700
62112223,sitting,0.0017,1.0004,0.0095,0.5600,-2.7300,0.7700
62112242,sitting,0.0015,1.0006,0.0088,0.5950,-2.7300,0.7700
62112262,sitting,0.0015,1.0021,0.0098,0.5600,-2.7650,0.7700
62112281,sitting,0.0017,1.0004,0.0093,0.5250,-2.7650,0.7700
62112300,sitting,0.0015,1.0002,0.0085,0.5600,-2.7300,0.7700
62112319,sitting,0.0020,1.0019,0.0093,0.5600,-2.7300,0.7700
62112339,sitting,0.0017,1.0021,0.0088,0.5250,-2.7300,0.7700
62112358,sitting,0.0017,1.0016,0.0090,0.5600,-2.8000,0.7700
62112377,sitting,0.0020,1.0011,0.0083,0.5600,-2.7300,0.7700
62112396,sitting,0.0012,1.0009,0.0095,0.5250,-2.8000,0.7700
62112416,sitting,0.0012,1.0011,0.0093,0.5600,-2.7300,0.7700
62112435,sitting,0.0017,1.0014,0.0102,0.5600,-2.7650,0.7700
62112454,sitting,0.0010,1.0011,0.0098,0.5600,-2.8000,0.7700
62112473,sitting,0.0010,1.0004,0.0100,0.5250,-2.7300,0.7700
62112492,sitting,0.0010,1.0014,0.0095,0.5600,-2.7300,0.7700
62112512,sitting,0.0020,1.0014,0.0098,0.5600,-2.8000,0.7700
62112531,sitting,0.0022,1.0014,0.0100,0.5600,-2.8000,0.7700
62112550,sitting,0.0024,1.0014,0.0093,0.5600,-2.7650,0.7700
62112569,sitting,0.0017,1.0009,0.0102,0.5250,-2.7650,0.8050
62112589,sitting,0.0015,1.0004,0.0090,0.5600,-2.7300,0.8400
62112608,sitting,0.0022,1.0006,0.0100,0.5600,-2.7300,0.8050
62112627,sitting,0.0010,1.0014,0.0095,0.5950,-2.7650,0.7350
62112646,sitting,0.0015,1.0021,0.0095,0.5600,-2.7300,0.7700
62112666,sitting,0.0007,1.0019,0.0093,0.5600,-2.7300,0.7000
62112685,sitting,0.0015,1.0009,0.0098,0.5600,-2.7650,0.7700
62112704,sitting,0.0020,1.0009,0.0090,0.5600,-2.7300,0.7700
62112723,sitting,0.0027,1.0004,0.0093,0.5600,-2.7300,0.7700
62112742,sitting,0.0015,1.0009,0.0102,0.5600,-2.7300,0.7700
62112762,sitting,0.0024,1.0014,0.0093,0.5950,-2.7300,0.7350
62112781,sitting,0.0020,1.0009,0.0090,0.5600,-2.7300,0.7700
62112800,sitting,0.0017,1.0009,0.0090,0.5600,-2.7300,0.7700
62112819,sitting,0.0010,1.0011,0.0095,0.5600,-2.8000,0.7700
62112839,sitting,0.0022,1.0014,0.0100,0.5600,-2.7650,0.7350
62112858,sitting,0.0015,1.0004,0.0100,0.5600,-2.7300,0.7700
62112877,sitting,0.0012,1.0016,0.0098,0.5950,-2.7650,0.7700
62112896,sitting,0.0005,1.0014,0.0098,0.5600,-2.7300,0.7700
62112916,sitting,0.0005,1.0002,0.0100,0.5600,-2.7650,0.7350
62112935,sitting,0.0015,1.0019,0.0107,0.5600,-2.8000,0.7700
62112954,sitting,0.0012,1.0014,0.0100,0.5600,-2.7300,0.7700
62112973,sitting,0.0012,1.0006,0.0098,0.5600,-2.7300,0.7700
62112992,sitting,0.0002,1.0014,0.0093,0.5600,-2.7300,0.7700
62113012,sitting,0.0024,1.0006,0.0098,0.5600,-2.7650,0.7350
62113031,sitting,0.0017,1.0011,0.0093,0.5600,-2.7650,0.7700
62113050,sitting,0.0007,1.0011,0.0098,0.5600,-2.7650,0.7700
62113069,sitting,0.0000,1.0019,0.0095,0.5600,-2.7650,0.7700
62113089,sitting,0.0017,1.0016,0.0098,0.5600,-2.8000,0.7700
62113108,sitting,0.0015,1.0002,0.0088,0.5600,-2.7300,0.7700
62113127,sitting,0.0022,1.0004,0.0100,0.5250,-2.7300,0.8050
62113146,sitting,0.0020,1.0011,0.0095,0.5950,-2.7300,0.7700
62113166,sitting,0.0022,1.0016,0.0095,0.5600,-2.7300,0.7700
62113185,sitting,0.0017,1.0009,0.0100,0.5950,-2.7300,0.7700
62113204,sitting,0.0012,1.0014,0.0102,0.5600,-2.7650,0.7700
62113223,sitting,0.0007,1.0011,0.0100,0.5250,-2.7300,0.7700
62113242,sitting,0.0015,0.9999,0.0093,0.5600,-2.7300,0.7700
62113262,sitting,0.0015,0.9999,0.0100,0.5950,-2.7300,0.7700
62113281,sitting,0.0012,1.0004,0.0100,0.6300,-2.7300,0.7700
62113300,sitting,0.0020,1.0014,0.0088,0.5600,-2.8000,0.7700
62113319,sitting,0.0022,1.0016,0.0093,0.5600,-2.7300,0.7700
62113339,sitting,0.0007,1.0009,0.0088,0.5600,-2.7300,0.7700
62113358,sitting,0.0007,1.0002,0.0083,0.5950,-2.7650,0.7350
62113377,sitting,0.0010,1.0009,0.0076,0.5600,-2.7650,0.7700
62113396,sitting,0.0010,1.0011,0.0093,0.5600,-2.7650,0.7700
62113416,sitting,0.0007,1.0014,0.0090,0.5600,-2.8000,0.7700
62113435,sitting,0.0017,1.0016,0.0095,0.5600,-2.7300,0.7350
62113454,sitting,0.0012,1.0009,0.0100,0.5600,-2.7650,0.7700
62113473,sitting,0.0012,1.0016,0.0095,0.5600,-2.7300,0.7700
62113492,sitting,0.0010,1.0009,0.0098,0.4900,-2.7650,0.7700
62113512,sitting,0.0007,1.0009,0.0098,0.5600,-2.7650,0.7700
62113531,sitting,0.0020,1.0019,0.0093,0.5600,-2.7300,0.7700
62113550,sitting,0.0015,1.0016,0.0098,0.5600,-2.7300,0.7700
62113569,sitting,0.0020,1.0011,0.0093,0.5950,-2.7300,0.7700
62113589,sitting,0.0015,1.0014,0.0098,0.5250,-2.7300,0.7700
62113608,sitting,0.0017,1.0009,0.0102,0.5600,-2.7300,0.8050
62113627,sitting,0.0020,1.0009,0.0095,0.5600,-2.7300,0.7700
62113646,sitting,0.0015,1.0009,0.0100,0.5600,-2.7300,0.7700
62113666,sitting,0.0012,1.0024,0.0090,0.5600,-2.7300,0.7700
62113685,sitting,0.0017,1.0002,0.0098,0.5600,-2.7300,0.7700
62113704,sitting,0.0029,1.0016,0.0093,0.5600,-2.7300,0.7700
62113723,sitting,0.0017,1.0014,0.0093,0.5600,-2.7300,0.7700
62113742,sitting,0.0012,1.0014,0.0095,0.5600,-2.7650,0.7700
62113762,sitting,0.0005,1.0009,0.0098,0.5600,-2.7300,0.7700
62113781,sitting,0.0007,1.0009,0.0098,0.5600,-2.7650,0.7700
62113800,sitting,0.0017,1.0016,0.0088,0.5600,-2.7300,0.7700
62113819,sitting,0.0015,1.0009,0.0093,0.5600,-2.7300,0.7350
62113839,sitting,0.0015,1.0009,0.0095,0.5600,-2.7650,0.7700
62113858,sitting,0.0015,1.0011,0.0098,0.5600,-2.7650,0.7700
62113877,sitting,0.0010,1.0009,0.0093,0.5600,-2.7300,0.7350
62113896,sitting,0.0007,1.0006,0.0107,0.5600,-2.7300,0.7700
62113916,sitting,0.0015,1.0014,0.0102,0.5600,-2.7650,0.7700
62113935,sitting,0.0022,1.0019,0.0093,0.5950,-2.7300,0.7700
62113954,sitting,0.0010,1.0011,0.0088,0.5600,-2.7650,0.7350
62113973,sitting,0.0015,1.0004,0.0098,0.5600,-2.7650,0.7700
62113992,sitting,0.0012,1.0009,0.0093,0.5250,-2.7300,0.7700
62114012,sitting,0.0010,1.0002,0.0100,0.5600,-2.7650,0.7350
62114031,sitting,0.0012,1.0004,0.0093,0.5600,-2.8000,0.7700
62114050,sitting,0.0010,1.0006,0.0100,0.5600,-2.7300,0.7700
62114069,sitting,0.0020,1.0016,0.0105,0.5600,-2.7650,0.7700
62114089,sitting,0.0012,1.0011,0.0095,0.5250,-2.7300,0.7700
62114108,sitting,0.0010,1.0006,0.0102,0.5600,-2.7300,0.7700
62114127,sitting,0.0022,0.9999,0.0098,0.5600,-2.7300,0.7700
62114146,sitting,0.0017,1.0016,0.0098,0.5600,-2.7300,0.7700
62114166,sitting,0.0002,1.0009,0.0102,0.5600,-2.7650,0.7700
62114185,sitting,0.0020,1.0006,0.0093,0.5600,-2.7300,0.7700
62114204,sitting,0.0017,1.0019,0.0093,0.5600,-2.8000,0.7700
62114223,sitting,0.0012,1.0011,0.0093,0.5600,-2.7300,0.7350
62114242,sitting,0.0010,1.0014,0.0102,0.5600,-2.7300,0.7700
62114262,sitting,0.0017,1.0014,0.0100,0.5600,-2.7300,0.8050
62114281,sitting,0.0015,1.0004,0.0083,0.5600,-2.7650,0.7700
62114300,sitting,0.0022,1.0011,0.0100,0.5600,-2.7650,0.8050
62114319,sitting,0.0010,1.0024,0.0107,0.5600,-2.7300,0.7700
62114339,sitting,0.0012,1.0011,0.0102,0.5600,-2.7300,0.7350
62114358,sitting,0.0012,1.0011,0.0105,0.5600,-2.7300,0.7700
62114377,sitting,0.0005,1.0009,0.0102,0.5600,-2.7300,0.7700
62114396,sitting,0.0015,1.0011,0.0105,0.5600,-2.7650,0.7700
62114416,sitting,0.0010,1.0006,0.0098,0.5600,-2.8000,0.8050
62114435,sitting,0.0010,1.0006,0.0093,0.5600,-2.7650,0.7700
62114454,sitting,0.0029,1.0009,0.0102,0.5600,-2.7300,0.7700
62114473,sitting,0.0017,1.0014,0.0107,0.5600,-2.7650,0.7700
62114492,sitting,0.0010,1.0014,0.0088,0.5600,-2.7300,0.7700
62114512,sitting,0.0010,1.0021,0.0102,0.5600,-2.7300,0.7350
62114531,sitting,0.0012,1.0016,0.0102,0.5600,-2.8000,0.7700
62114550,sitting,0.0015,1.0014,0.0107,0.5250,-2.7300,0.7700
62114569,sitting,0.0015,1.0014,0.0107,0.5250,-2.7650,0.7700
62114589,sitting,0.0010,1.0009,0.0095,0.5250,-2.8000,0.7350
62114608,sitting,0.0015,1.0009,0.0093,0.5600,-2.8000,0.8050
62114627,sitting,0.0015,1.0011,0.0090,0.5600,-2.7650,0.7700
62114646,sitting,0.0017,1.0006,0.0090,0.5600,-2.8000,0.8050
62114666,sitting,0.0010,1.0014,0.0090,0.5600,-2.7650,0.8050
62114685,sitting,0.0012,1.0011,0.0100,0.5600,-2.7300,0.8050
62114704,sitting,0.0020,1.0006,0.0098,0.5250,-2.7650,0.7700
62114723,sitting,0.0015,1.0002,0.0105,0.5600,-2.7300,0.7700
62114742,sitting,0.0020,0.9999,0.0098,0.5600,-2.7650,0.7700
62114762,sitting,0.0012,1.0009,0.0100,0.5600,-2.7300,0.7350
62114781,sitting,0.0017,1.0014,0.0102,0.5600,-2.7300,0.7700
62114800,sitting,0.0017,1.0009,0.0088,0.5600,-2.7300,0.7700
62114819,sitting,0.0012,1.0009,0.0102,0.5600,-2.7300,0.7700
62114839,sitting,0.0005,1.0009,0.0098,0.5600,-2.8000,0.7700
62114858,sitting,0.0015,1.0016,0.0105,0.5600,-2.7300,0.7700
62114877,sitting,0.0017,1.0019,0.0100,0.5600,-2.7650,0.7700
62114896,sitting,0.0012,1.0011,0.0093,0.5600,-2.7300,0.7700
62114916,sitting,0.0012,1.0011,0.0098,0.5600,-2.7300,0.7700
62114935,sitting,0.0010,1.0011,0.0098,0.5600,-2.7650,0.7700
62114954,sitting,0.0012,1.0009,0.0100,0.5600,-2.8000,0.7350
62114973,sitting,0.0017,1.0006,0.0095,0.5600,-2.7650,0.7700
62114992,sitting,0.0005,1.0011,0.0102,0.5600,-2.8000,0.7700
62115012,sitting,0.0017,1.0014,0.0102,0.5600,-2.7650,0.7700
62115031,sitting,0.0017,1.0002,0.0100,0.4900,-2.7300,0.7700
62115050,sitting,0.0010,1.0011,0.0100,0.5250,-2.7300,0.8400
62115069,sitting,0.0007,1.0002,0.0105,0.5600,-2.7650,0.7700
62115089,sitting,0.0020,1.0006,0.0093,0.5600,-2.7650,0.7700
62115108,sitting,0.0015,1.0002,0.0100,0.5250,-2.7300,0.8050
62115127,sitting,0.0017,1.0004,0.0102,0.5600,-2.7300,0.7700
62115146,sitting,0.0017,1.0016,0.0098,0.5600,-2.8000,0.8050
62115166,sitting,0.0007,1.0011,0.0098,0.5250,-2.7300,0.7700
62115185,sitting,0.0010,1.0016,0.0100,0.5250,-2.7300,0.7700
62115204,sitting,0.0017,1.0016,0.0102,0.5600,-2.7300,0.7700
62115223,sitting,0.0022,1.0014,0.0093,0.5250,-2.7300,0.7700
62115242,sitting,0.0017,1.0009,0.0083,0.5600,-2.7300,0.7700
62115262,sitting,0.0027,1.0011,0.0100,0.5600,-2.7300,0.7700
62115281,sitting,0.0022,1.0002,0.0100,0.5250,-2.7300,0.7700
62115300,sitting,0.0007,1.0011,0.0102,0.5600,-2.7300,0.7700
62115319,sitting,0.0012,1.0006,0.0093,0.5600,-2.7300,0.8050
62115339,sitting,0.0010,1.0006,0.0090,0.5600,-2.7300,0.7700
62115358,sitting,0.0010,1.0006,0.0100,0.5600,-2.7300,0.7700
62115377,sitting,0.0002,1.0011,0.0098,0.5600,-2.7300,0.7700
62115396,sitting,-0.0002,1.0006,0.0098,0.5600,-2.8000,0.7700
62115416,sitting,0.0005,1.0011,0.0095,0.5600,-2.7650,0.7700
62115435,sitting,0.0010,1.0002,0.0093,0.5600,-2.7300,0.7700
62115454,sitting,0.0017,1.0004,0.0105,0.5600,-2.7300,0.7700
62115473,sitting,0.0020,1.0002,0.0100,0.5600,-2.7300,0.7700
62115492,sitting,0.0015,1.0011,0.0098,0.5250,-2.7650,0.7700
62115512,sitting,0.0012,1.0006,0.0098,0.5600,-2.8000,0.7350
62115531,sitting,0.0010,1.0006,0.0098,0.5250,-2.8000,0.7350
62115550,sitting,0.0010,1.0014,0.0093,0.5600,-2.7650,0.7700
62115569,sitting,0.0005,1.0026,0.0105,0.5250,-2.7650,0.7700
62115589,sitting,0.0012,1.0014,0.0093,0.5600,-2.7300,0.7700
62115608,sitting,0.0017,1.0011,0.0095,0.5600,-2.8000,0.7700
62115627,sitting,0.0024,1.0002,0.0098,0.5250,-2.7300,0.7700
62115646,sitting,0.0022,1.0006,0.0093,0.4900,-2.7300,0.7350
62115666,sitting,0.0015,1.0011,0.0095,0.5600,-2.7650,0.7700
62115685,sitting,0.0020,1.0011,0.0098,0.5600,-2.8000,0.7700
62115704,sitting,0.0007,1.0011,0.0095,0.5600,-2.7650,0.7700
62115723,sitting,0.0017,1.0014,0.0115,0.5600,-2.7300,0.7350
62115742,sitting,0.0022,0.9999,0.0095,0.5600,-2.7650,0.7700
62115762,sitting,0.0010,1.0009,0.0095,0.5950,-2.8000,0.7700
62115781,sitting,0.0012,1.0021,0.0102,0.5950,-2.7300,0.7700
62115800,sitting,0.0012,1.0009,0.0098,0.5600,-2.7300,0.7700
62115819,sitting,0.0015,1.0009,0.0107,0.5600,-2.7650,0.7700
62115839,sitting,0.0005,1.0009,0.0093,0.5600,-2.7650,0.7700
62115858,sitting,0.0027,1.0014,0.0098,0.5600,-2.7300,0.7350
62115877,sitting,0.0017,1.0004,0.0090,0.5600,-2.7300,0.7350
62115896,sitting,0.0015,1.0019,0.0093,0.5600,-2.7300,0.7350
62115916,sitting,0.0022,1.0021,0.0100,0.5600,-2.7650,0.7350
62115935,sitting,0.0010,1.0014,0.0090,0.5600,-2.7650,0.7700
62115954,sitting,0.0012,1.0021,0.0093,0.5600,-2.7650,0.7700
62115973,sitting,0.0017,1.0016,0.0095,0.5600,-2.7650,0.7700
62115992,sitting,0.0010,1.0011,0.0100,0.5600,-2.7650,0.7700
62116012,sitting,0.0015,1.0011,0.0110,0.5600,-2.7650,0.7700
62116031,sitting,0.0022,0.9999,0.0098,0.5250,-2.8000,0.7700
62116050,sitting,0.0005,1.0009,0.0090,0.5600,-2.7650,0.7350
62116069,sitting,0.0012,1.0011,0.0095,0.5250,-2.7300,0.7700
62116089,sitting,0.0007,1.0014,0.0100,0.5600,-2.7650,0.7700
62116108,sitting,0.0017,1.0004,0.0100,0.5600,-2.7300,0.7700
62116127,sitting,0.0015,1.0011,0.0098,0.5600,-2.7300,0.8050
62116146,sitting,0.0010,1.0011,0.0098,0.5600,-2.7300,0.7700
62116166,sitting,0.0007,1.0011,0.0098,0.5600,-2.7650,0.7700
62116185,sitting,0.0015,1.0019,0.0090,0.5600,-2.7650,0.7700
62116204,sitting,0.0002,1.0004,0.0098,0.5250,-2.7650,0.7700
62116223,sitting,0.0010,1.0006,0.0100,0.4900,-2.7650,0.7700
62116242,sitting,0.0015,1.0016,0.0100,0.5600,-2.7300,0.8050
62116262,sitting,0.0007,1.0019,0.0102,0.5950,-2.7650,0.7700
62116281,sitting,0.0015,1.0009,0.0093,0.5600,-2.7300,0.7700
62116300,sitting,0.0010,1.0014,0.0095,0.5600,-2.7650,0.7700
62116319,sitting,0.0010,1.0006,0.0093,0.5600,-2.7650,0.7700
62116339,sitting,0.0007,1.0009,0.0093,0.5600,-2.7300,0.7350
62116358,sitting,0.0007,1.0002,0.0090,0.5600,-2.7300,0.7350
62116377,sitting,0.0017,1.0016,0.0093,0.5600,-2.7300,0.7700
62116396,sitting,0.0007,1.0011,0.0093,0.5950,-2.7300,0.7000
62116416,sitting,0.0010,1.0009,0.0095,0.5600,-2.7650,0.7350
62116435,sitting,0.0010,1.0006,0.0090,0.5950,-2.7300,0.7350
62116454,sitting,0.0017,1.0011,0.0098,0.5600,-2.8000,0.7700
62116473,sitting,0.0015,1.0011,0.0100,0.5950,-2.7650,0.7700
62116492,sitting,0.0015,1.0004,0.0100,0.5600,-2.7300,0.7700
62116512,sitting,0.0015,1.0014,0.0107,0.5600,-2.7300,0.7700
62116531,sitting,0.0012,1.0021,0.0100,0.5600,-2.7300,0.7700
62116550,sitting,0.0012,1.0016,0.0093,0.5600,-2.7300,0.7700
62116569,sitting,0.0015,1.0002,0.0083,0.5600,-2.7650,0.7700
62116589,sitting,0.0017,1.0009,0.0102,0.5600,-2.8000,0.7700
62116608,sitting,0.0005,1.0006,0.0088,0.5600,-2.8000,0.7700
62116627,sitting,0.0010,1.0002,0.0088,0.5600,-2.7650,0.7700
62116646,sitting,0.0020,1.0009,0.0095,0.5250,-2.7650,0.7700
62116666,sitting,0.0024,1.0016,0.0098,0.5600,-2.7650,0.7700
62116685,sitting,0.0020,1.0004,0.0105,0.5250,-2.7650,0.7700
62116704,sitting,0.0007,1.0004,0.0105,0.5600,-2.7650,0.7700
62116723,sitting,0.0010,0.9992,0.0100,0.5600,-2.7650,0.7350
62116742,sitting,0.0012,1.0004,0.0083,0.5600,-2.7300,0.7700
62116762,sitting,0.0012,1.0014,0.0085,0.5600,-2.7650,0.7700
62116781,sitting,0.0017,1.0014,0.0093,0.5950,-2.7300,0.7700
62116800,sitting,0.0024,1.0011,0.0098,0.5600,-2.7300,0.7700
62116819,sitting,0.0020,1.0011,0.0095,0.5600,-2.7300,0.7700
62116839,sitting,0.0020,1.0016,0.0107,0.5250,-2.7300,0.7700
62116858,sitting,0.0010,1.0014,0.0112,0.5600,-2.7300,0.7700
62116877,sitting,0.0000,1.0011,0.0100,0.5600,-2.7650,0.7700
62116896,sitting,0.0012,1.0009,0.0085,0.5600,-2.7650,0.7700
62116916,sitting,0.0020,1.0004,0.0102,0.5250,-2.8000,0.7700
62116935,sitting,0.0012,1.0004,0.0095,0.5600,-2.7300,0.7700
62116954,sitting,0.0017,0.9999,0.0102,0.5600,-2.7300,0.7700
62116973,sitting,0.0017,0.9999,0.0102,0.5600,-2.7300,0.7700
62116992,sitting,0.0012,1.0002,0.0098,0.5600,-2.7300,0.7350
62117012,sitting,0.0012,1.0014,0.0085,0.5250,-2.7650,0.7700
62117031,sitting,0.0012,1.0016,0.0098,0.4900,-2.7300,0.7350
62117050,sitting,0.0007,1.0011,0.0088,0.5600,-2.7650,0.7700
62117069,sitting,0.0022,1.0009,0.0093,0.5600,-2.7300,0.7700
62117089,sitting,0.0024,1.0004,0.0107,0.5250,-2.7300,0.7350
62117108,sitting,0.0007,1.0011,0.0098,0.5600,-2.8000,0.7700
62117127,sitting,0.0020,1.0011,0.0107,0.5600,-2.8000,0.7700
62117146,sitting,0.0020,1.0019,0.0102,0.5600,-2.8000,0.7700
62117166,sitting,0.0020,1.0006,0.0100,0.5250,-2.8000,0.7700
62117185,sitting,0.0015,1.0009,0.0098,0.5600,-2.7300,0.7700
62117204,sitting,0.0017,1.0016,0.0098,0.5600,-2.7300,0.7700
62117223,sitting,0.0012,1.0016,0.0100,0.5600,-2.7300,0.8400
62117242,sitting,0.0010,1.0014,0.0093,0.5600,-2.7650,0.7700
62117262,sitting,0.0010,1.0009,0.0093,0.5600,-2.7300,0.7700
62117281,sitting,0.0015,1.0004,0.0090,0.5600,-2.7650,0.7700
62117300,sitting,0.0015,1.0004,0.0085,0.5600,-2.7650,0.7700
62117319,sitting,0.0015,1.0014,0.0090,0.5600,-2.7300,0.7700
62117339,sitting,0.0022,1.0019,0.0090,0.5600,-2.7300,0.7700
62117358,sitting,0.0017,1.0016,0.0102,0.5600,-2.7650,0.8050
62117377,sitting,0.0002,1.0011,0.0095,0.5600,-2.7300,0.7700
62117396,sitting,0.0007,1.0011,0.0083,0.5600,-2.7300,0.7700
62117416,sitting,0.0015,1.0011,0.0095,0.5600,-2.7300,0.7700
62117435,sitting,0.0020,1.0019,0.0093,0.5250,-2.7650,0.7350
62117454,sitting,0.0017,1.0016,0.0095,0.5600,-2.7650,0.7350
62117473,sitting,0.0012,1.0014,0.0095,0.5600,-2.7300,0.7350
62117492,sitting,0.0015,1.0006,0.0093,0.5600,-2.7300,0.7350
62117512,sitting,0.0017,1.0011,0.0098,0.5600,-2.7300,0.7700
62117531,sitting,0.0010,1.0014,0.0095,0.5600,-2.7300,0.7700
62117550,sitting,0.0012,1.0009,0.0083,0.5600,-2.8000,0.7700
62117569,sitting,0.0012,1.0002,0.0083,0.5600,-2.7650,0.7700
62117589,sitting,0.0010,1.0011,0.0102,0.5600,-2.8000,0.7700
62117608,sitting,0.0012,1.0019,0.0090,0.5600,-2.7650,0.7700
62117627,sitting,0.0020,1.0019,0.0088,0.5250,-2.7650,0.7700
62117646,sitting,0.0022,1.0011,0.0093,0.4900,-2.7300,0.7700
62117666,sitting,0.0015,1.0006,0.0098,0.5250,-2.7650,0.7700
62117685,sitting,0.0012,1.0016,0.0098,0.5600,-2.7300,0.8050
62117704,sitting,0.0012,1.0004,0.0095,0.5250,-2.7300,0.7350
62117723,sitting,0.0020,1.0016,0.0093,0.5250,-2.7300,0.8050
62117742,sitting,0.0012,1.0019,0.0098,0.5250,-2.8000,0.8050
62117762,sitting,0.0012,1.0002,0.0107,0.5600,-2.7300,0.8050
62117781,sitting,0.0015,1.0004,0.0093,0.5600,-2.7300,0.7700
62117800,sitting,0.0015,1.0019,0.0083,0.5600,-2.7300,0.7700
62117819,sitting,0.0012,1.0011,0.0093,0.5600,-2.7300,0.7700
62117839,sitting,0.0002,1.0006,0.0100,0.5600,-2.7300,0.7700
62117858,sitting,0.0012,1.0016,0.0095,0.5600,-2.7300,0.7700
62117877,sitting,0.0012,1.0006,0.0095,0.5950,-2.7300,0.7700
62117896,sitting,0.0005,1.0014,0.0088,0.5600,-2.7300,0.7000
62117916,sitting,0.0022,1.0009,0.0095,0.5600,-2.6950,0.7700
62117935,sitting,0.0010,1.0011,0.0093,0.5250,-2.7300,0.7350
62117954,sitting,0.0007,1.0016,0.0100,0.5600,-2.7300,0.7350
62117973,sitting,0.0007,1.0011,0.0102,0.5600,-2.7300,0.7700
62117992,sitting,0.0017,1.0004,0.0085,0.5600,-2.7650,0.7350
62118012,sitting,0.0007,1.0006,0.0095,0.5600,-2.7300,0.7700
62118031,sitting,0.0015,1.0011,0.0095,0.5250,-2.7300,0.7350
62118050,sitting,0.0017,1.0014,0.0105,0.5950,-2.7300,0.7700
62118069,sitting,0.0017,1.0009,0.0100,0.5600,-2.7300,0.7000
62118089,sitting,0.0012,1.0006,0.0107,0.5600,-2.7300,0.7700
62118108,sitting,0.0017,1.0006,0.0095,0.5600,-2.7300,0.7350
62118127,sitting,0.0022,1.0011,0.0085,0.5250,-2.7650,0.7700
62118146,sitting,0.0017,0.9997,0.0100,0.5600,-2.7300,0.7700
62118166,sitting,0.0012,1.0009,0.0095,0.5600,-2.7300,0.7350
62118185,sitting,0.0017,1.0004,0.0105,0.5600,-2.7300,0.7350
62118204,sitting,0.0022,1.0014,0.0102,0.5250,-2.7300,0.7700
62118223,sitting,0.0017,1.0014,0.0098,0.5600,-2.7650,0.7700
62118242,sitting,0.0012,1.0004,0.0105,0.5600,-2.7300,0.8050
62118262,sitting,0.0007,1.0009,0.0107,0.5600,-2.7300,0.7700
62118281,sitting,0.0020,1.0004,0.0090,0.5600,-2.7650,0.7700
62118300,sitting,0.0020,1.0011,0.0090,0.5250,-2.7300,0.7700
62118319,sitting,0.0015,1.0006,0.0093,0.5600,-2.7650,0.7700
62118339,sitting,0.0010,1.0016,0.0105,0.5600,-2.7650,0.7700
62118358,sitting,0.0022,1.0009,0.0098,0.5950,-2.7300,0.7700
62118377,sitting,0.0010,1.0004,0.0090,0.5250,-2.7300,0.7700
62118396,sitting,0.0015,1.0004,0.0090,0.5600,-2.7650,0.7350
62118416,sitting,0.0007,1.0011,0.0098,0.5600,-2.7300,0.7700
62118435,sitting,0.0005,1.0011,0.0093,0.5600,-2.7300,0.7700
62118454,sitting,0.0012,1.0011,0.0100,0.5600,-2.7300,0.7700
62118473,sitting,0.0020,1.0006,0.0102,0.5600,-2.7650,0.7350
62118492,sitting,0.0002,1.0011,0.0098,0.5600,-2.7300,0.7700
62118512,sitting,0.0012,1.0004,0.0100,0.5600,-2.7300,0.7700
62118531,sitting,0.0017,1.0006,0.0093,0.5600,-2.7300,0.7700
62118550,sitting,0.0010,1.0009,0.0098,0.5950,-2.7300,0.8050
62118569,sitting,0.0015,1.0011,0.0090,0.5600,-2.7300,0.7350
62118589,sitting,0.0017,1.0011,0.0093,0.5600,-2.7300,0.7700
62118608,sitting,0.0010,1.0004,0.0098,0.5250,-2.8000,0.7700
62118627,sitting,0.0015,1.0024,0.0095,0.5600,-2.8000,0.7350
62118646,sitting,0.0007,1.0016,0.0105,0.5250,-2.7300,0.7700
62118666,sitting,0.0017,1.0002,0.0093,0.5600,-2.7650,0.8050
62118685,sitting,0.0010,1.0019,0.0090,0.5600,-2.7300,0.7700
62118704,sitting,0.0010,1.0019,0.0098,0.5600,-2.7650,0.7700
62118723,sitting,0.0010,1.0009,0.0090,0.5250,-2.7650,0.7700
62118742,sitting,0.0024,1.0002,0.0098,0.5250,-2.8000,0.7700
62118762,sitting,0.0015,1.0009,0.0100,0.5600,-2.7300,0.7700
62118781,sitting,0.0012,1.0021,0.0095,0.5600,-2.7300,0.7700
62118800,sitting,0.0022,1.0016,0.0093,0.5250,-2.7650,0.7700
62118819,sitting,0.0007,1.0016,0.0095,0.5600,-2.7300,0.7700
62118839,sitting,0.0007,1.0016,0.0105,0.5600,-2.7300,0.7700
62118858,sitting,0.0024,0.9999,0.0088,0.5600,-2.7300,0.7700
62118877,sitting,0.0002,1.0011,0.0095,0.5600,-2.7300,0.7700
62118896,sitting,0.0010,1.0019,0.0093,0.5950,-2.7650,0.7700
62118916,sitting,0.0017,1.0016,0.0095,0.5600,-2.7300,0.8400
62118935,sitting,0.0005,1.0014,0.0100,0.5600,-2.7300,0.7350
62118954,sitting,0.0005,1.0011,0.0093,0.5600,-2.7300,0.7700
62118973,sitting,0.0015,1.0016,0.0088,0.5600,-2.7300,0.7350
62118992,sitting,0.0012,1.0014,0.0100,0.5600,-2.7300,0.7350
62119012,sitting,0.0010,1.0009,0.0098,0.5950,-2.7300,0.7700
62119031,sitting,0.0005,1.0009,0.0105,0.5600,-2.7300,0.7700
62119050,sitting,0.0017,1.0014,0.0090,0.5600,-2.7300,0.7700
62119069,sitting,0.0012,1.0019,0.0093,0.5250,-2.7300,0.8050
62119089,sitting,0.0015,1.0004,0.0098,0.5250,-2.7300,0.7700
62119108,sitting,0.0022,1.0006,0.0100,0.5600,-2.8000,0.7700
62119127,sitting,0.0012,1.0014,0.0090,0.5600,-2.8000,0.7350
62119146,sitting,0.0010,1.0011,0.0098,0.5950,-2.7300,0.7700
62119166,sitting,0.0015,1.0011,0.0105,0.5250,-2.7650,0.7700
62119185,sitting,0.0022,1.0009,0.0105,0.5600,-2.7650,0.7700
62119204,sitting,0.0020,1.0014,0.0093,0.5950,-2.7650,0.7700
62119223,sitting,0.0022,1.0014,0.0102,0.5600,-2.7650,0.8050
62119242,sitting,0.0012,1.0002,0.0090,0.5250,-2.7650,0.7700
62119262,sitting,0.0000,1.0009,0.0095,0.5250,-2.7650,0.7700
62119281,sitting,0.0017,1.0002,0.0090,0.5250,-2.7650,0.7700
62119300,sitting,0.0012,1.0011,0.0095,0.5600,-2.7300,0.7700
62119319,sitting,0.0012,1.0004,0.0102,0.5600,-2.7650,0.7700
62119339,sitting,0.0015,1.0016,0.0098,0.5600,-2.7300,0.7700
62119358,sitting,0.0010,1.0016,0.0093,0.5600,-2.7300,0.7700
62119377,sitting,0.0020,1.0011,0.0093,0.5600,-2.7300,0.7700
62119396,sitting,0.0020,1.0002,0.0090,0.5600,-2.7650,0.7700
62119416,sitting,0.0015,1.0009,0.0088,0.5600,-2.7650,0.7700
62119435,sitting,0.0020,1.0009,0.0100,0.5250,-2.7300,0.7700
62119454,sitting,0.0012,1.0006,0.0095,0.5250,-2.7650,0.7700
62119473,sitting,0.0005,1.0009,0.0102,0.5600,-2.7650,0.7350
62119492,sitting,0.0015,1.0011,0.0105,0.5600,-2.7300,0.7700
62119512,sitting,0.0020,1.0014,0.0107,0.5600,-2.7300,0.7700
62119531,sitting,0.0012,1.0002,0.0088,0.5950,-2.7300,0.7700
62119550,sitting,0.0017,1.0004,0.0100,0.5600,-2.7300,0.7350
62119569,sitting,0.0010,1.0016,0.0107,0.5600,-2.7300,0.7700
62119589,sitting,0.0007,1.0011,0.0098,0.5600,-2.7300,0.7700
62119608,sitting,0.0015,1.0009,0.0095,0.5600,-2.7650,0.7700
62119627,sitting,0.0020,0.9999,0.0100,0.5600,-2.7650,0.7700
62119646,sitting,0.0012,1.0011,0.0105,0.5250,-2.7300,0.7700
62119666,sitting,0.0012,1.0009,0.0100,0.5600,-2.7300,0.7700
62119685,sitting,0.0022,1.0006,0.0088,0.5600,-2.7300,0.7700
62119704,sitting,0.0017,1.0016,0.0090,0.5600,-2.7300,0.7700
62119723,sitting,0.0015,1.0016,0.0098,0.5600,-2.7650,0.8050
62119742,sitting,0.0005,1.0004,0.0107,0.4900,-2.7650,0.8050
62119762,sitting,0.0012,1.0006,0.0107,0.5600,-2.7300,0.7700
62119781,sitting,0.0012,1.0009,0.0112,0.5600,-2.7300,0.7700
62119800,sitting,0.0017,1.0006,0.0102,0.5600,-2.7300,0.7700
62119819,sitting,0.0015,1.0011,0.0098,0.5250,-2.7300,0.7700
62119839,sitting,0.0015,1.0009,0.0088,0.5250,-2.7300,0.7700
62119858,sitting,0.0027,0.9999,0.0098,0.4900,-2.7300,0.7700
62119877,sitting,0.0012,1.0021,0.0102,0.5600,-2.7300,0.8050
62119896,sitting,0.0005,1.0019,0.0105,0.4900,-2.7650,0.7700
62119916,sitting,0.0010,1.0011,0.0093,0.5600,-2.7300,0.7700
62119935,sitting,0.0015,1.0009,0.0090,0.5600,-2.7650,0.7700
62119954,sitting,0.0010,1.0004,0.0100,0.5600,-2.7300,0.7700
62119973,sitting,0.0010,1.0011,0.0100,0.5600,-2.7300,0.8050
62119992,sitting,0.0007,1.0019,0.0093,0.5250,-2.7300,0.7700
62120012,sitting,0.0017,1.0011,0.0098,0.5600,-2.7300,0.8050
62120031,sitting,0.0012,1.0011,0.0093,0.5250,-2.7300,0.7700
62120050,sitting,0.0012,1.0009,0.0100,0.5600,-2.7650,0.7350
62120069,sitting,0.0005,1.0009,0.0107,0.5600,-2.7300,0.7700
62120089,sitting,0.0007,1.0011,0.0093,0.5600,-2.7300,0.7700
62120108,sitting,0.0012,1.0009,0.0095,0.5600,-2.7300,0.7700
62120127,sitting,0.0010,0.9999,0.0095,0.5950,-2.7650,0.7700
62120146,sitting,0.0017,1.0011,0.0090,0.5600,-2.8000,0.7350
62120166,sitting,0.0012,1.0004,0.0098,0.5250,-2.7300,0.7700
62120185,sitting,0.0022,1.0014,0.0090,0.5600,-2.7300,0.7700
62120204,sitting,0.0022,0.9999,0.0098,0.5600,-2.7650,0.7700
62120223,sitting,0.0024,1.0011,0.0102,0.5600,-2.7650,0.7700
62120242,sitting,0.0022,1.0009,0.0107,0.5600,-2.7300,0.7700
62120262,sitting,0.0015,1.0004,0.0088,0.5250,-2.8000,0.7700
62120281,sitting,0.0015,1.0021,0.0093,0.5250,-2.8000,0.7700
62120300,sitting,0.0015,1.0009,0.0095,0.5250,-2.7300,0.8050
62120319,sitting,0.0005,1.0009,0.0090,0.5600,-2.7300,0.8050
62120339,sitting,0.0012,1.0024,0.0102,0.5600,-2.7650,0.7700
62120358,sitting,0.0010,1.0006,0.0095,0.5600,-2.8000,0.7700
62120377,sitting,0.0020,1.0009,0.0090,0.5600,-2.7300,0.7700
62120396,sitting,0.0015,1.0014,0.0098,0.5250,-2.7300,0.7700
62120416,sitting,0.0015,1.0016,0.0095,0.5600,-2.7650,0.7700
62120435,sitting,0.0015,1.0011,0.0083,0.5600,-2.7300,0.7700
62120454,sitting,0.0007,0.9999,0.0107,0.5600,-2.7300,0.7700
62120473,sitting,0.0015,1.0004,0.0100,0.5600,-2.7300,0.7700
62120492,sitting,0.0015,1.0002,0.0105,0.5600,-2.7300,0.7700
62120512,sitting,0.0020,1.0006,0.0102,0.5600,-2.7300,0.7700
62120531,sitting,0.0017,1.0021,0.0100,0.5600,-2.7300,0.7700
62120550,sitting,0.0007,1.0009,0.0090,0.5600,-2.7300,0.7700
62120569,sitting,0.0010,1.0004,0.0102,0.5600,-2.7300,0.7700
62120589,sitting,0.0017,0.9999,0.0088,0.5600,-2.7300,0.7700
62120608,sitting,0.0012,1.0011,0.0090,0.5600,-2.7300,0.7700
62120627,sitting,0.0010,1.0019,0.0095,0.5600,-2.7300,0.7700
62120646,sitting,0.0015,1.0002,0.0085,0.5600,-2.7300,0.7350
62120666,sitting,0.0007,1.0004,0.0095,0.5600,-2.7300,0.7350
62120685,sitting,0.0015,1.0006,0.0098,0.5600,-2.7300,0.7700
62120704,sitting,0.0012,1.0009,0.0098,0.5250,-2.7300,0.7700
62120723,sitting,0.0007,1.0006,0.0093,0.5600,-2.7650,0.7700
62120742,sitting,0.0005,1.0006,0.0102,0.5600,-2.8000,0.8050
62120762,sitting,0.0015,1.0014,0.0098,0.5600,-2.7300,0.7700
62120781,sitting,0.0007,1.0009,0.0100,0.5600,-2.7650,0.7700
62120800,sitting,0.0012,1.0004,0.0098,0.5600,-2.7300,0.7700
62120819,sitting,0.0015,1.0006,0.0105,0.5250,-2.7300,0.7700
62120839,sitting,0.0010,1.0014,0.0100,0.5600,-2.7650,0.7700
62120858,sitting,0.0022,1.0004,0.0102,0.5600,-2.7300,0.7350
62120877,sitting,0.0022,1.0016,0.0085,0.5250,-2.7300,0.7700
62120896,sitting,0.0022,1.0014,0.0100,0.5600,-2.7300,0.7700
62120916,sitting,0.0020,1.0019,0.0110,0.5600,-2.7300,0.7700
62120935,sitting,0.0017,1.0019,0.0102,0.5950,-2.7650,0.7700
62120954,sitting,0.0020,1.0009,0.0098,0.5600,-2.7300,0.8050
62120973,sitting,0.0022,1.0004,0.0095,0.5250,-2.7300,0.7700
62120992,sitting,0.0012,1.0004,0.0098,0.5600,-2.7650,0.7700
62121012,sitting,0.0020,1.0006,0.0098,0.5600,-2.7300,0.7700
62121031,sitting,0.0010,1.0002,0.0098,0.5600,-2.7300,0.7350
62121050,sitting,0.0012,1.0021,0.0098,0.5600,-2.7300,0.7350
62121069,sitting,0.0015,1.0016,0.0095,0.5950,-2.7300,0.7700
62121089,sitting,0.0024,1.0014,0.0095,0.5600,-2.8000,0.7700
62121108,sitting,0.0022,1.0014,0.0100,0.5600,-2.7300,0.7000
62121127,sitting,0.0012,1.0014,0.0093,0.5250,-2.7300,0.7700
62121146,sitting,0.0002,1.0009,0.0100,0.5950,-2.7300,0.7700
62121166,sitting,0.0012,1.0006,0.0100,0.5600,-2.7650,0.7700
62121185,sitting,0.0017,1.0006,0.0088,0.5600,-2.7650,0.7700
62121204,sitting,0.0010,1.0006,0.0083,0.5600,-2.7650,0.7700
62121223,sitting,0.0015,1.0011,0.0085,0.5600,-2.7300,0.7700
62121242,sitting,0.0017,1.0009,0.0095,0.5950,-2.7300,0.7700
62121262,sitting,0.0015,1.0002,0.0100,0.5600,-2.7650,0.8050
62121281,sitting,0.0020,1.0009,0.0105,0.5600,-2.7300,0.7700
62121300,sitting,0.0027,1.0016,0.0098,0.5600,-2.7650,0.7700
62121319,sitting,0.0012,1.0009,0.0105,0.5250,-2.7650,0.7700
62121339,sitting,0.0007,1.0016,0.0098,0.5600,-2.7300,0.7700
62121358,sitting,0.0010,1.0004,0.0090,0.5600,-2.7650,0.7700
62121377,sitting,0.0002,1.0014,0.0095,0.5600,-2.7650,0.8050
62121396,sitting,0.0015,1.0009,0.0093,0.5600,-2.7650,0.8050
62121416,sitting,0.0010,1.0006,0.0098,0.5600,-2.7300,0.7700
62121435,sitting,0.0015,1.0016,0.0095,0.5600,-2.8000,0.7700
62121454,sitting,0.0010,1.0014,0.0093,0.5600,-2.7300,0.7700
62121473,sitting,0.0005,0.9999,0.0093,0.5600,-2.8000,0.7700
62121492,sitting,0.0020,1.0016,0.0098,0.6300,-2.7650,0.7700
62121512,sitting,0.0020,1.0016,0.0093,0.5250,-2.7300,0.7700
62121531,sitting,0.0015,1.0014,0.0093,0.5250,-2.7300,0.7700
62121550,sitting,0.0017,1.0014,0.0098,0.5600,-2.7650,0.7700
62121569,sitting,0.0015,1.0006,0.0098,0.5600,-2.7300,0.7350
62121589,sitting,0.0015,0.9999,0.0093,0.5600,-2.7300,0.7000
62121608,sitting,0.0027,1.0009,0.0090,0.5600,-2.7650,0.7000
62121627,sitting,0.0015,1.0009,0.0098,0.5600,-2.7300,0.7700
62121646,sitting,0.0005,1.0006,0.0090,0.5250,-2.7650,0.7700
62121666,sitting,0.0007,1.0006,0.0088,0.4900,-2.7300,0.7700
62121685,sitting,0.0020,1.0004,0.0098,0.5600,-2.8000,0.7700
62121704,sitting,0.0010,1.0009,0.0098,0.5250,-2.7300,0.7700
62121723,sitting,0.0022,1.0016,0.0095,0.5600,-2.7300,0.7700
62121742,sitting,0.0012,1.0009,0.0102,0.5600,-2.7300,0.7700
62121762,sitting,0.0017,1.0016,0.0093,0.5600,-2.7300,0.7700
62121781,sitting,0.0010,1.0011,0.0095,0.5950,-2.7650,0.7700
62121800,sitting,0.0015,1.0016,0.0088,0.5600,-2.7650,0.7700
62121819,sitting,0.0015,1.0014,0.0095,0.5600,-2.7650,0.7700
62121839,sitting,0.0015,1.0019,0.0090,0.4900,-2.7300,0.7700
62121858,sitting,0.0017,1.0009,0.0105,0.5600,-2.7300,0.8400
62121877,sitting,0.0022,1.0011,0.0095,0.5600,-2.7650,0.7700
62121896,sitting,0.0000,1.0009,0.0102,0.5600,-2.8000,0.8400
62121916,sitting,0.0007,1.0011,0.0102,0.5250,-2.7650,0.7700
62121935,sitting,0.0012,1.0011,0.0093,0.5600,-2.7300,0.7700
62121954,sitting,0.0017,1.0016,0.0098,0.5600,-2.7650,0.7700
62121973,sitting,0.0015,1.0009,0.0105,0.5600,-2.7300,0.7700
62121992,sitting,0.0017,1.0016,0.0098,0.5600,-2.7650,0.7700
62122012,sitting,0.0024,1.0009,0.0088,0.5600,-2.7300,0.7700
62122031,sitting,0.0015,1.0006,0.0102,0.5600,-2.7300,0.7700
62122050,sitting,0.0017,1.0011,0.0093,0.5600,-2.7300,0.7700
62122069,sitting,0.0017,1.0014,0.0095,0.5250,-2.7300,0.7700
62122089,sitting,0.0015,1.0009,0.0095,0.5250,-2.7650,0.7700
62122108,sitting,0.0017,1.0011,0.0100,0.5600,-2.7300,0.7700
62122127,sitting,0.0010,1.0016,0.0095,0.5600,-2.7300,0.7350
62122146,sitting,0.0012,1.0011,0.0093,0.5600,-2.7650,0.7350
62122166,sitting,0.0012,1.0016,0.0093,0.5600,-2.7300,0.7350
62122185,sitting,0.0002,1.0011,0.0093,0.5600,-2.8000,0.7000
62122204,sitting,0.0012,1.0011,0.0100,0.5600,-2.7650,0.7350
62122223,sitting,0.0005,1.0011,0.0098,0.5600,-2.7300,0.7700
62122242,sitting,0.0007,1.0014,0.0098,0.5600,-2.7300,0.7350
62122262,sitting,0.0012,1.0011,0.0102,0.5600,-2.7650,0.7700
62122281,sitting,0.0024,1.0011,0.0093,0.5600,-2.8000,0.7700
62122300,sitting,0.0022,1.0019,0.0090,0.5600,-2.7650,0.7350
62122319,sitting,0.0022,1.0014,0.0098,0.5250,-2.7300,0.7700
62122339,sitting,0.0012,1.0011,0.0100,0.5600,-2.7650,0.7700
62122358,sitting,0.0012,1.0009,0.0098,0.5600,-2.7300,0.7700
62122377,sitting,0.0017,1.0009,0.0095,0.5600,-2.7650,0.7700
62122396,sitting,0.0015,1.0009,0.0083,0.5600,-2.7300,0.7700
62122416,sitting,0.0017,1.0016,0.0090,0.5600,-2.7300,0.7700
62122435,sitting,0.0022,1.0021,0.0098,0.5950,-2.8000,0.8050
62122454,sitting,0.0022,1.0016,0.0078,0.5600,-2.8000,0.7700
62122473,sitting,0.0010,1.0006,0.0088,0.5600,-2.7650,0.7700
62122492,sitting,0.0024,1.0009,0.0093,0.5250,-2.7650,0.7700
62122512,sitting,0.0015,1.0019,0.0098,0.5600,-2.7650,0.8050
62122531,sitting,0.0002,1.0009,0.0098,0.5600,-2.7300,0.7700
62122550,sitting,0.0015,1.0009,0.0098,0.5600,-2.7300,0.7700
62122569,sitting,0.0020,1.0014,0.0095,0.5600,-2.7300,0.7700
62122589,sitting,0.0022,1.0019,0.0090,0.5600,-2.7300,0.7700
62122608,sitting,0.0017,1.0006,0.0098,0.5600,-2.7650,0.7700
62122627,sitting,0.0017,1.0014,0.0095,0.5600,-2.7300,0.7700
62122646,sitting,0.0010,1.0004,0.0088,0.5600,-2.7300,0.7700
62122666,sitting,0.0010,1.0009,0.0093,0.5600,-2.7300,0.7700
62122685,sitting,0.0015,1.0004,0.0093,0.5600,-2.7650,0.7350
62122704,sitting,0.0027,1.0009,0.0102,0.5600,-2.7300,0.7350
62122723,sitting,0.0007,1.0004,0.0093,0.5600,-2.7300,0.7700
62122742,sitting,0.0007,1.0014,0.0100,0.5600,-2.7650,0.7350
62122762,sitting,0.0010,1.0016,0.0110,0.5600,-2.7300,0.7700
62122781,sitting,0.0010,1.0021,0.0098,0.5600,-2.8000,0.7700
62122800,sitting,0.0012,1.0014,0.0100,0.5600,-2.7300,0.7700
62122819,sitting,0.0000,1.0011,0.0095,0.5600,-2.7650,0.7700
62122839,sitting,0.0007,1.0021,0.0088,0.5250,-2.8000,0.8050
62122858,sitting,0.0010,1.0011,0.0093,0.5600,-2.8000,0.7700
62122877,sitting,0.0007,1.0016,0.0102,0.5250,-2.7300,0.7700
62122896,sitting,0.0012,1.0009,0.0095,0.5600,-2.8000,0.7700
62122916,sitting,0.0000,1.0016,0.0093,0.5950,-2.7300,0.7700
62122935,sitting,0.0020,1.0011,0.0098,0.4900,-2.7650,0.7350
62122954,sitting,0.0007,1.0014,0.0088,0.5250,-2.7300,0.8050
62122973,sitting,0.0007,1.0002,0.0095,0.5600,-2.8000,0.7350
62122992,sitting,0.0012,1.0004,0.0098,0.5250,-2.8000,0.7700
62123012,sitting,0.0012,1.0016,0.0093,0.5250,-2.7300,0.7700
62123031,sitting,0.0012,1.0016,0.0095,0.5600,-2.7300,0.7700
62123050,sitting,0.0015,1.0011,0.0098,0.5950,-2.7300,0.7700
62123069,sitting,0.0015,1.0011,0.0088,0.5600,-2.7300,0.7350
62123089,sitting,0.0010,1.0014,0.0085,0.5600,-2.7300,0.7700
62123108,sitting,0.0017,1.0011,0.0083,0.5600,-2.7300,0.7350
62123127,sitting,0.0010,1.0009,0.0098,0.5600,-2.7300,0.7700
62123146,sitting,0.0015,1.0014,0.0098,0.5600,-2.7300,0.7700
62123166,sitting,0.0015,1.0014,0.0090,0.5600,-2.7650,0.7000
62123185,sitting,0.0012,1.0009,0.0098,0.5600,-2.7300,0.7700
62123204,sitting,0.0005,1.0006,0.0093,0.5600,-2.7300,0.7700
62123223,sitting,0.0015,1.0014,0.0098,0.5600,-2.7300,0.7350
62123242,sitting,0.0012,1.0011,0.0105,0.5600,-2.7300,0.7700
62123262,sitting,0.0007,1.0026,0.0083,0.5600,-2.7300,0.7700
62123281,sitting,0.0010,1.0016,0.0093,0.5600,-2.7300,0.7700
62123300,sitting,0.0015,1.0006,0.0095,0.5600,-2.7650,0.8050
62123319,sitting,0.0012,1.0004,0.0098,0.5600,-2.7650,0.7700
62123339,sitting,0.0015,1.0011,0.0090,0.5950,-2.7300,0.7700
62123358,sitting,0.0020,1.0004,0.0098,0.5600,-2.7300,0.7700
62123377,sitting,0.0022,1.0011,0.0095,0.5600,-2.7300,0.7700
62123396,sitting,0.0007,1.0014,0.0100,0.5600,-2.7650,0.7700
62123416,sitting,0.0012,1.0009,0.0098,0.5600,-2.7650,0.7700
62123435,sitting,0.0010,1.0016,0.0088,0.5250,-2.7300,0.7700
62123454,sitting,0.0012,1.0014,0.0100,0.5250,-2.7300,0.7700
62123473,sitting,0.0010,1.0009,0.0093,0.4900,-2.8000,0.7700
62123492,sitting,0.0017,1.0009,0.0088,0.5600,-2.7300,0.7700
62123512,sitting,0.0015,1.0004,0.0093,0.5600,-2.7650,0.7700
62123531,sitting,0.0010,1.0014,0.0098,0.5600,-2.7300,0.8050
62123550,sitting,0.0015,1.0006,0.0090,0.5600,-2.7650,0.7700
62123569,sitting,0.0005,1.0011,0.0100,0.5950,-2.7300,0.7700
62123589,sitting,0.0012,1.0006,0.0090,0.5600,-2.7300,0.7350
62123608,sitting,0.0012,1.0011,0.0090,0.5600,-2.7300,0.7700
62123627,sitting,0.0012,1.0009,0.0090,0.5600,-2.8000,0.7700
62123646,sitting,0.0017,1.0024,0.0100,0.5950,-2.7300,0.7350
62123666,sitting,0.0017,1.0014,0.0093,0.5600,-2.7300,0.7700
62123685,sitting,0.0012,1.0014,0.0088,0.5250,-2.7650,0.7700
62123704,sitting,0.0017,1.0011,0.0093,0.5600,-2.8000,0.7700
62123723,sitting,0.0020,1.0006,0.0095,0.5600,-2.7300,0.7700
62123742,sitting,0.0015,1.0011,0.0110,0.5950,-2.8000,0.7700
62123762,sitting,0.0012,1.0019,0.0093,0.5600,-2.7650,0.7350
62123781,sitting,0.0024,1.0019,0.0095,0.5600,-2.7300,0.7700
62123800,sitting,0.0020,1.0014,0.0095,0.5600,-2.7300,0.7350
62123819,sitting,0.0015,1.0016,0.0095,0.5600,-2.7650,0.8050
62123839,sitting,0.0015,1.0016,0.0090,0.5950,-2.7300,0.7700
62123858,sitting,0.0024,1.0006,0.0102,0.5250,-2.7300,0.7700
62123877,sitting,0.0015,1.0006,0.0095,0.5600,-2.7650,0.7700
62123896,sitting,0.0015,1.0006,0.0102,0.5600,-2.7300,0.7700
62123916,sitting,0.0005,1.0014,0.0095,0.5950,-2.7300,0.7700
62123935,sitting,0.0005,1.0016,0.0090,0.5600,-2.8000,0.7350
62123954,sitting,0.0010,1.0014,0.0093,0.5250,-2.7650,0.7700
62123973,sitting,0.0017,1.0016,0.0093,0.5600,-2.7650,0.7700
62123992,sitting,0.0007,1.0019,0.0085,0.5250,-2.7300,0.7700
62124012,sitting,0.0022,1.0009,0.0083,0.5250,-2.7300,0.7700
62124031,sitting,0.0020,1.0011,0.0095,0.5250,-2.7300,0.7700
62124050,sitting,0.0017,1.0021,0.0095,0.5600,-2.7650,0.7700
62124069,sitting,0.0012,1.0004,0.0100,0.5950,-2.7650,0.7700
62124089,sitting,0.0007,1.0016,0.0102,0.5600,-2.7300,0.7700
62124108,sitting,0.0007,1.0009,0.0100,0.5600,-2.7300,0.8050
62124127,sitting,0.0020,1.0016,0.0098,0.5600,-2.7300,0.7700
62124146,sitting,0.0015,1.0016,0.0090,0.5600,-2.7300,0.7700
62124166,sitting,0.0022,1.0006,0.0090,0.5600,-2.7650,0.7700
62124185,sitting,0.0020,1.0011,0.0090,0.5600,-2.7650,0.7700
62124204,sitting,0.0015,1.0014,0.0093,0.5600,-2.7300,0.7700
62124223,sitting,0.0007,1.0021,0.0098,0.5600,-2.7300,0.7350
62124242,sitting,0.0005,1.0011,0.0090,0.5600,-2.7300,0.7000
62124262,sitting,0.0015,1.0009,0.0095,0.5600,-2.7300,0.7700
62124281,sitting,0.0000,1.0014,0.0085,0.5600,-2.7300,0.7700
62124300,sitting,0.0012,1.0006,0.0090,0.5950,-2.7650,0.7700
62124319,sitting,0.0015,0.9997,0.0095,0.5950,-2.7300,0.7350
62124339,sitting,0.0022,1.0009,0.0105,0.5600,-2.7300,0.7700
62124358,sitting,0.0015,1.0019,0.0093,0.5600,-2.7650,0.7700
62124377,sitting,0.0012,1.0014,0.0093,0.5600,-2.8000,0.7700
62124396,sitting,0.0020,1.0011,0.0100,0.5600,-2.7650,0.7700
62124416,sitting,0.0012,1.0004,0.0100,0.5600,-2.7300,0.7700
62124435,sitting,0.0017,1.0011,0.0098,0.5600,-2.7650,0.7700
62124454,sitting,0.0017,1.0014,0.0098,0.5600,-2.7300,0.7700
62124473,sitting,0.0017,1.0016,0.0098,0.5950,-2.8000,0.7700
62124492,sitting,0.0015,1.0011,0.0095,0.5600,-2.7650,0.7350
62124512,sitting,0.0020,1.0011,0.0098,0.5600,-2.8000,0.7700
62124531,sitting,0.0015,1.0014,0.0090,0.5600,-2.8000,0.7700
62124550,sitting,0.0010,1.0004,0.0088,0.5600,-2.7300,0.7700
62124569,sitting,0.0015,1.0014,0.0090,0.5600,-2.7650,0.8050
62124589,sitting,0.0022,1.0006,0.0102,0.5600,-2.8000,0.7700
62124608,sitting,0.0002,1.0004,0.0102,0.5600,-2.7650,0.7700
62124627,sitting,0.0007,1.0009,0.0105,0.5250,-2.8000,0.7700
62124646,sitting,0.0005,1.0011,0.0098,0.5600,-2.7300,0.7700
62124666,sitting,0.0017,1.0009,0.0100,0.5250,-2.7300,0.7700
62124685,sitting,0.0022,1.0009,0.0102,0.5600,-2.7300,0.7700
62124704,sitting,0.0017,1.0026,0.0095,0.5600,-2.7650,0.7700
62124723,sitting,0.0012,1.0019,0.0093,0.5950,-2.7650,0.7700
62124742,sitting,0.0015,1.0016,0.0098,0.5600,-2.7300,0.7700
62124762,sitting,0.0020,1.0016,0.0085,0.5250,-2.7300,0.7350
62124781,sitting,0.0012,1.0011,0.0095,0.5250,-2.7300,0.7700
62124800,sitting,0.0012,1.0006,0.0093,0.5600,-2.7650,0.7700
62124819,sitting,0.0022,1.0009,0.0088,0.5600,-2.7650,0.7350
62124839,sitting,0.0015,1.0016,0.0098,0.5600,-2.7300,0.7700
62124858,sitting,0.0007,1.0019,0.0093,0.5250,-2.7650,0.7700
62124877,sitting,0.0020,1.0016,0.0100,0.5250,-2.7650,0.7350
62124896,sitting,0.0010,1.0016,0.0090,0.5600,-2.7300,0.7700
62124916,sitting,0.0007,1.0014,0.0095,0.5600,-2.8000,0.8050
62124935,sitting,0.0010,1.0006,0.0090,0.5600,-2.7650,0.7700
62124954,sitting,0.0017,1.0004,0.0095,0.5600,-2.7300,0.7700
62124973,sitting,0.0012,1.0011,0.0098,0.5250,-2.7300,0.7700
62124992,sitting,0.0022,1.0006,0.0093,0.5600,-2.7650,0.7700
62125012,sitting,0.0020,1.0019,0.0095,0.5600,-2.7650,0.7700
62125031,sitting,0.0027,1.0016,0.0102,0.5600,-2.8000,0.7700
62125050,sitting,0.0017,1.0009,0.0102,0.5600,-2.8000,0.7700
62125069,sitting,0.0027,1.0016,0.0090,0.5600,-2.7300,0.7350
62125089,sitting,0.0022,1.0014,0.0095,0.5600,-2.7300,0.7700
62125108,sitting,0.0007,1.0004,0.0098,0.5250,-2.7300,0.7700
62125127,sitting,0.0017,1.0009,0.0095,0.5600,-2.7300,0.7350
62125146,sitting,0.0015,1.0014,0.0093,0.5600,-2.7300,0.7700
62125166,sitting,0.0017,1.0014,0.0083,0.5250,-2.7650,0.7350
62125185,sitting,0.0010,1.0011,0.0098,0.5600,-2.7300,0.7700
62125204,sitting,0.0010,1.0009,0.0100,0.5600,-2.7300,0.7700
62125223,sitting,0.0012,1.0011,0.0100,0.5600,-2.7300,0.7700
62125242,sitting,0.0007,1.0016,0.0090,0.5600,-2.7300,0.7700
62125262,sitting,0.0005,1.0024,0.0083,0.5600,-2.7300,0.7700
62125281,sitting,0.0020,1.0014,0.0095,0.5250,-2.7300,0.7700
62125300,sitting,0.0022,1.0006,0.0085,0.5600,-2.7300,0.7350
62125319,sitting,0.0020,1.0009,0.0093,0.5950,-2.7300,0.7700
62125339,sitting,0.0017,1.0011,0.0093,0.5600,-2.7300,0.7350
62125358,sitting,0.0024,1.0014,0.0095,0.4900,-2.7300,0.7700
62125377,sitting,0.0017,1.0009,0.0093,0.5950,-2.7300,0.7700
62125396,sitting,0.0005,1.0004,0.0088,0.5600,-2.7300,0.7700
62125416,sitting,0.0012,1.0016,0.0098,0.5600,-2.7650,0.7700
62125435,sitting,0.0007,1.0014,0.0095,0.5600,-2.8000,0.8050
62125454,sitting,0.0002,1.0009,0.0095,0.5250,-2.7650,0.7700
62125473,sitting,0.0020,1.0011,0.0098,0.5600,-2.7650,0.7700
62125492,sitting,0.0012,1.0006,0.0095,0.5600,-2.7300,0.7700
62125512,sitting,0.0017,0.9999,0.0102,0.5600,-2.7300,0.7700
62125531,sitting,0.0015,0.9994,0.0100,0.5950,-2.7300,0.7700
62125550,sitting,0.0020,1.0006,0.0093,0.5250,-2.7650,0.7700
62125569,sitting,0.0010,1.0006,0.0100,0.5600,-2.7300,0.7350
62125589,sitting,0.0017,1.0014,0.0107,0.5600,-2.7650,0.8050
62125608,sitting,0.0010,1.0011,0.0088,0.5600,-2.7650,0.7700
62125627,sitting,0.0012,1.0014,0.0085,0.5600,-2.7650,0.7700
62125646,sitting,0.0027,1.0009,0.0088,0.5600,-2.7300,0.7700
62125666,sitting,0.0012,1.0006,0.0100,0.5600,-2.7300,0.8050
62125685,sitting,0.0015,1.0006,0.0090,0.5950,-2.7650,0.7700
62125704,sitting,0.0012,1.0006,0.0095,0.5600,-2.7300,0.7700
62125723,sitting,0.0015,1.0006,0.0098,0.5600,-2.7300,0.7700
62125742,sitting,0.0002,1.0024,0.0083,0.5600,-2.7300,0.7700
62125762,sitting,0.0012,1.0006,0.0107,0.5600,-2.7300,0.7700
62125781,sitting,0.0010,1.0011,0.0093,0.5600,-2.7300,0.7700
62125800,sitting,0.0012,1.0016,0.0110,0.5600,-2.7300,0.7700
62125819,sitting,0.0020,1.0019,0.0095,0.5600,-2.7300,0.7700
62125839,sitting,0.0015,1.0021,0.0105,0.5600,-2.7300,0.7700
62125858,sitting,0.0007,1.0011,0.0100,0.5600,-2.6950,0.7700
62125877,sitting,0.0012,1.0019,0.0110,0.5600,-2.7300,0.7700
62125896,sitting,0.0017,1.0011,0.0090,0.5600,-2.7300,0.7700
62125916,sitting,0.0022,0.9997,0.0090,0.5600,-2.8000,0.7350
62125935,sitting,0.0017,1.0006,0.0093,0.5600,-2.8000,0.8050
62125954,sitting,0.0010,1.0014,0.0100,0.5600,-2.8000,0.7700
62125973,sitting,0.0015,1.0009,0.0102,0.5600,-2.7300,0.7350
62125992,sitting,0.0010,1.0009,0.0085,0.5600,-2.7650,0.7350
62126012,sitting,0.0007,1.0009,0.0083,0.5250,-2.7300,0.7700
62126031,sitting,0.0020,1.0021,0.0093,0.5600,-2.8000,0.7700
62126050,sitting,0.0012,1.0006,0.0098,0.5600,-2.7300,0.8050
62126069,sitting,0.0015,1.0014,0.0095,0.5250,-2.7650,0.7700
62126089,sitting,0.0007,1.0011,0.0085,0.4900,-2.7650,0.7700
62126108,sitting,0.0020,1.0004,0.0095,0.5600,-2.7650,0.7700
62126127,sitting,0.0027,1.0009,0.0088,0.6300,-2.7300,0.7700
62126146,sitting,0.0017,1.0009,0.0100,0.5600,-2.7300,0.7700
62126166,sitting,0.0012,1.0011,0.0098,0.5600,-2.7300,0.8050
62126185,sitting,0.0012,1.0016,0.0081,0.5600,-2.7300,0.8050
62126204,sitting,0.0015,1.0014,0.0098,0.5600,-2.7300,0.7700
62126223,sitting,0.0015,1.0009,0.0088,0.5600,-2.7650,0.7700
62126242,sitting,0.0017,1.0011,0.0098,0.5950,-2.7650,0.7700
62126262,sitting,0.0015,1.0006,0.0093,0.5600,-2.7650,0.7700
62126281,sitting,0.0012,1.0014,0.0098,0.5600,-2.8000,0.7700
62126300,sitting,0.0010,1.0016,0.0100,0.5600,-2.7300,0.7700
62126319,sitting,0.0005,1.0011,0.0095,0.5600,-2.7300,0.7350
62126339,sitting,0.0024,1.0019,0.0095,0.5600,-2.7650,0.7700
62126358,sitting,0.0022,1.0009,0.0088,0.5950,-2.7300,0.7700
62126377,sitting,0.0012,1.0006,0.0088,0.5950,-2.7300,0.7350
62126396,sitting,0.0010,1.0014,0.0098,0.5600,-2.8000,0.7700
62126416,sitting,0.0015,1.0014,0.0098,0.5600,-2.7300,0.7700
62126435,sitting,0.0010,1.0011,0.0095,0.5600,-2.7300,0.7700
62126454,sitting,0.0010,1.0014,0.0093,0.5600,-2.7300,0.7700
62126473,sitting,0.0020,1.0006,0.0090,0.5250,-2.7300,0.7700
62126492,sitting,0.0017,1.0016,0.0093,0.5600,-2.7300,0.8050
62126512,sitting,0.0012,1.0014,0.0102,0.5600,-2.8000,0.7700
62126531,sitting,0.0020,1.0009,0.0100,0.5600,-2.7650,0.7700
62126550,sitting,0.0020,1.0011,0.0090,0.5600,-2.7300,0.7700
62126569,sitting,0.0017,1.0014,0.0093,0.5950,-2.7300,0.8050
62126589,sitting,0.0017,0.9999,0.0095,0.5600,-2.7650,0.8050
62126608,sitting,0.0020,1.0004,0.0090,0.5600,-2.8000,0.8050
62126627,sitting,0.0010,1.0016,0.0095,0.5600,-2.7300,0.7700
62126646,sitting,0.0017,1.0009,0.0093,0.5250,-2.8000,0.7000
62126666,sitting,0.0017,1.0004,0.0095,0.5600,-2.7300,0.7700
62126685,sitting,0.0015,1.0019,0.0098,0.5600,-2.7300,0.7700
62126704,sitting,0.0022,1.0014,0.0100,0.5600,-2.7300,0.7700
62126723,sitting,0.0020,1.0016,0.0098,0.5600,-2.7300,0.7700
62126742,sitting,0.0010,1.0016,0.0095,0.5600,-2.7300,0.7700
62126762,sitting,0.0017,1.0011,0.0095,0.5950,-2.7300,0.8050
62126781,sitting,0.0015,1.0014,0.0090,0.5600,-2.7300,0.7350
62126800,sitting,0.0010,1.0006,0.0093,0.5950,-2.7300,0.7700
62126819,sitting,0.0002,1.0006,0.0095,0.5600,-2.8000,0.7700
62126839,sitting,0.0017,1.0009,0.0100,0.5600,-2.7300,0.7700
62126858,sitting,0.0022,1.0019,0.0088,0.5600,-2.7300,0.7350
62126877,sitting,0.0012,1.0014,0.0095,0.5600,-2.7300,0.7700
62126896,sitting,0.0015,1.0019,0.0088,0.5600,-2.8000,0.7700
62126916,sitting,0.0017,1.0014,0.0093,0.5600,-2.7300,0.7700
62126935,sitting,0.0020,1.0016,0.0102,0.5600,-2.7300,0.8050
62126954,sitting,0.0020,1.0019,0.0095,0.5600,-2.7300,0.7700
62126973,sitting,0.0010,1.0002,0.0085,0.5600,-2.7650,0.7700
62126992,sitting,0.0027,1.0006,0.0090,0.5600,-2.8000,0.7700
62127012,sitting,0.0020,1.0009,0.0090,0.5600,-2.7300,0.7700
62127031,sitting,0.0015,1.0009,0.0102,0.5600,-2.7650,0.7700
62127050,sitting,0.0007,1.0011,0.0085,0.5600,-2.7650,0.7700
62127069,sitting,0.0015,1.0014,0.0093,0.5600,-2.7650,0.7700
62127089,sitting,0.0017,1.0011,0.0102,0.5600,-2.7300,0.7700
62127108,sitting,0.0024,1.0016,0.0095,0.5600,-2.7650,0.8050
62127127,sitting,0.0020,1.0019,0.0105,0.5950,-2.7650,0.8050
62127146,sitting,0.0022,1.0014,0.0098,0.5600,-2.7300,0.8050
62127166,sitting,0.0024,1.0006,0.0105,0.5600,-2.7650,0.7700
62127185,sitting,0.0020,1.0009,0.0098,0.5600,-2.7300,0.7700
62127204,sitting,0.0012,1.0016,0.0110,0.5600,-2.7650,0.7700
62127223,sitting,0.0012,1.0014,0.0085,0.5600,-2.7300,0.8050
62127242,sitting,0.0002,1.0011,0.0090,0.5600,-2.7300,0.7700
62127262,sitting,0.0017,1.0009,0.0105,0.5250,-2.7300,0.7700
62127281,sitting,0.0017,1.0002,0.0093,0.5600,-2.7650,0.7700
62127300,sitting,0.0022,1.0011,0.0093,0.5600,-2.7300,0.7700
62127319,sitting,0.0012,1.0011,0.0100,0.5600,-2.7650,0.7700
62127339,sitting,0.0015,1.0006,0.0107,0.5600,-2.8000,0.7700
62127358,sitting,0.0017,1.0009,0.0093,0.5600,-2.7300,0.7700
62127377,sitting,0.0017,1.0006,0.0090,0.5250,-2.7300,0.7700
62127396,sitting,0.0007,1.0004,0.0102,0.5600,-2.7300,0.7700
62127416,sitting,0.0017,1.0016,0.0093,0.5950,-2.7300,0.7700
62127435,sitting,0.0010,1.0006,0.0098,0.5600,-2.7650,0.7700
62127454,sitting,0.0000,1.0014,0.0095,0.5600,-2.7650,0.7700
62127473,sitting,0.0017,1.0006,0.0098,0.5600,-2.8000,0.7700
62127492,sitting,0.0015,1.0004,0.0088,0.5250,-2.7650,0.7700
62127512,sitting,0.0007,1.0002,0.0093,0.5600,-2.7650,0.7700
62127531,sitting,0.0015,1.0009,0.0093,0.5600,-2.8000,0.7700
62127550,sitting,0.0017,1.0006,0.0100,0.5600,-2.7300,0.7350
62127569,sitting,0.0002,1.0011,0.0095,0.5250,-2.8000,0.7350
62127589,sitting,0.0012,1.0011,0.0100,0.5600,-2.8000,0.7700
62127608,sitting,0.0020,1.0011,0.0095,0.5600,-2.7650,0.7700
62127627,sitting,0.0017,1.0002,0.0090,0.5600,-2.8000,0.7700
62127646,sitting,0.0020,1.0006,0.0115,0.5600,-2.8000,0.7700
62127666,sitting,0.0020,1.0004,0.0100,0.5250,-2.7300,0.8050
62127685,sitting,0.0017,0.9997,0.0095,0.5600,-2.7650,0.7700
62127704,sitting,0.0010,1.0016,0.0102,0.5250,-2.7650,0.7700
62127723,sitting,0.0012,1.0014,0.0105,0.5600,-2.7650,0.7700
62127742,sitting,0.0012,1.0009,0.0090,0.5600,-2.7650,0.7700
62127762,sitting,0.0010,1.0011,0.0078,0.5600,-2.7650,0.7700
62127781,sitting,0.0007,1.0009,0.0100,0.5600,-2.7650,0.7700
62127800,sitting,0.0017,1.0011,0.0090,0.5950,-2.7300,0.7700
62127819,sitting,0.0015,1.0011,0.0088,0.5600,-2.7300,0.7700
62127839,sitting,0.0010,1.0016,0.0088,0.5950,-2.7300,0.7700
62127858,sitting,0.0012,1.0016,0.0090,0.5600,-2.7300,0.7350
62127877,sitting,0.0012,1.0011,0.0100,0.5600,-2.7300,0.7700
62127896,sitting,0.0012,1.0009,0.0093,0.5600,-2.7300,0.7700
62127916,sitting,0.0017,1.0009,0.0093,0.5250,-2.7300,0.7700
62127935,sitting,0.0020,1.0014,0.0098,0.5600,-2.7650,0.7350
62127954,sitting,0.0017,1.0009,0.0102,0.5600,-2.7300,0.7700
62127973,sitting,0.0015,1.0006,0.0100,0.5600,-2.7650,0.7350
62127992,sitting,0.0005,1.0014,0.0105,0.5950,-2.7650,0.7700
62128012,sitting,0.0017,1.0011,0.0100,0.5250,-2.8000,0.8400
62128031,sitting,0.0020,1.0014,0.0095,0.5600,-2.7650,0.7700
62128050,sitting,0.0007,1.0011,0.0083,0.5600,-2.7650,0.7700
62128069,sitting,0.0020,1.0006,0.0090,0.5600,-2.7300,0.7350
62128089,sitting,0.0024,1.0009,0.0095,0.5600,-2.7300,0.7700
62128108,sitting,0.0022,1.0011,0.0098,0.5950,-2.7650,0.7700
62128127,sitting,0.0015,1.0011,0.0090,0.5600,-2.7300,0.7700
62128146,sitting,0.0010,1.0014,0.0088,0.5600,-2.7650,0.7700
62128166,sitting,0.0007,1.0004,0.0090,0.4900,-2.7650,0.7700
62128185,sitting,0.0012,1.0019,0.0100,0.5250,-2.7650,0.7700
62128204,sitting,0.0017,1.0011,0.0098,0.5600,-2.7300,0.8050
62128223,sitting,0.0020,1.0011,0.0093,0.5250,-2.7300,0.7700
62128242,sitting,0.0017,1.0021,0.0081,0.5600,-2.8000,0.7700
62128262,sitting,0.0007,1.0014,0.0085,0.6300,-2.8000,0.7700
62128281,sitting,0.0010,1.0011,0.0095,0.5600,-2.7300,0.7700
62128300,sitting,0.0005,1.0014,0.0090,0.5600,-2.7300,0.7700
62128319,sitting,0.0012,1.0021,0.0090,0.6300,-2.7300,0.7700
62128339,sitting,0.0015,1.0009,0.0095,0.5600,-2.7300,0.7700
62128358,sitting,0.0010,1.0011,0.0095,0.5250,-2.7300,0.7700
62128377,sitting,0.0007,1.0011,0.0090,0.5600,-2.7300,0.7000
62128396,sitting,0.0015,1.0006,0.0093,0.5600,-2.7300,0.7700
62128416,sitting,0.0015,1.0011,0.0098,0.5600,-2.7650,0.7700
62128435,sitting,0.0007,1.0011,0.0098,0.5600,-2.7300,0.7700
62128454,sitting,0.0005,1.0014,0.0093,0.5600,-2.7650,0.7700
62128473,sitting,0.0010,1.0006,0.0083,0.5600,-2.7650,0.7350
62128492,sitting,0.0012,1.0002,0.0093,0.5600,-2.7650,0.7700
62128512,sitting,0.0012,1.0011,0.0088,0.5600,-2.7300,0.7350
62128531,sitting,0.0010,1.0009,0.0083,0.5600,-2.7300,0.7700
62128550,sitting,0.0010,1.0014,0.0085,0.5600,-2.8000,0.7700
62128569,sitting,0.0005,1.0006,0.0088,0.5600,-2.7650,0.7700
62128589,sitting,0.0020,1.0014,0.0090,0.5600,-2.7650,0.7700
62128608,sitting,0.0010,1.0016,0.0098,0.5600,-2.7300,0.7350
62128627,sitting,0.0007,1.0011,0.0100,0.5600,-2.7300,0.7700
62128646,sitting,0.0012,1.0016,0.0090,0.5600,-2.7300,0.7700
62128666,sitting,0.0012,1.0004,0.0100,0.5250,-2.7650,0.7350
62128685,sitting,0.0012,1.0004,0.0090,0.5600,-2.7650,0.7700
62128704,sitting,0.0007,1.0011,0.0083,0.5250,-2.7650,0.7700
62128723,sitting,0.0012,1.0019,0.0100,0.5250,-2.7650,0.7700
62128742,sitting,0.0010,1.0009,0.0100,0.5600,-2.7300,0.7700
62128762,sitting,0.0012,1.0014,0.0095,0.5600,-2.7300,0.8050
62128781,sitting,0.0012,1.0009,0.0098,0.5600,-2.7300,0.7700
62128800,sitting,0.0005,1.0011,0.0088,0.5250,-2.7650,0.7700
62128819,sitting,0.0005,1.0014,0.0090,0.5600,-2.7300,0.7700
62128839,sitting,0.0007,1.0014,0.0088,0.5600,-2.7300,0.8050
62128858,sitting,0.0015,0.9997,0.0093,0.5600,-2.7300,0.7350
62128877,sitting,0.0012,1.0006,0.0098,0.5600,-2.7300,0.7700
62128896,sitting,0.0027,1.0009,0.0095,0.5600,-2.7300,0.7350
62128916,sitting,0.0029,1.0011,0.0081,0.5600,-2.7650,0.7700
62128935,sitting,0.0015,1.0019,0.0090,0.5600,-2.7650,0.7700
62128954,sitting,0.0015,1.0011,0.0102,0.5600,-2.7300,0.7700
62128973,sitting,0.0024,1.0011,0.0095,0.5600,-2.7650,0.7350
62128992,sitting,0.0012,1.0009,0.0088,0.5600,-2.7300,0.7700
62129012,sitting,0.0020,1.0002,0.0100,0.5600,-2.8000,0.7700
62129031,sitting,0.0020,1.0014,0.0100,0.5250,-2.7300,0.7700
62129050,sitting,0.0015,1.0009,0.0102,0.5600,-2.7650,0.7700
62129069,sitting,0.0010,1.0009,0.0095,0.5600,-2.7650,0.7700
62129089,sitting,0.0012,1.0009,0.0085,0.5600,-2.8000,0.7700
62129108,sitting,0.0012,1.0014,0.0085,0.5600,-2.7650,0.7700
62129127,sitting,0.0012,1.0014,0.0090,0.5600,-2.7300,0.7700
62129146,sitting,0.0015,1.0014,0.0088,0.5600,-2.7300,0.7700
62129166,sitting,0.0017,1.0009,0.0085,0.5600,-2.7650,0.7700
62129185,sitting,0.0017,1.0009,0.0090,0.5600,-2.7300,0.7700
62129204,sitting,0.0012,1.0009,0.0100,0.5600,-2.8000,0.7700
62129223,sitting,0.0017,1.0014,0.0088,0.5600,-2.7650,0.8050
62129242,sitting,0.0024,1.0009,0.0093,0.5600,-2.8000,0.7700
62129262,sitting,0.0024,1.0002,0.0095,0.5600,-2.7300,0.7700
62129281,sitting,0.0020,1.0004,0.0095,0.5600,-2.8000,0.7700
62129300,sitting,0.0002,1.0006,0.0093,0.5600,-2.7300,0.7700
62129319,sitting,0.0010,1.0014,0.0098,0.5600,-2.7300,0.7700
62129339,sitting,0.0007,1.0019,0.0098,0.5600,-2.7300,0.7700
62129358,sitting,0.0015,1.0014,0.0107,0.5600,-2.8000,0.7700
62129377,sitting,0.0012,1.0011,0.0100,0.5600,-2.7300,0.7700
62129396,sitting,0.0010,1.0011,0.0102,0.5600,-2.7300,0.7700
62129416,sitting,0.0015,1.0016,0.0093,0.5250,-2.7300,0.7350
62129435,sitting,0.0012,1.0011,0.0090,0.5600,-2.7300,0.7700
62129454,sitting,0.0020,1.0009,0.0100,0.5250,-2.7300,0.7350
62129473,sitting,0.0012,1.0011,0.0093,0.5600,-2.7300,0.7700
62129492,sitting,0.0012,1.0016,0.0095,0.5600,-2.7300,0.7700
62129512,sitting,0.0012,1.0011,0.0102,0.5950,-2.7300,0.7700
62129531,sitting,0.0005,1.0019,0.0098,0.5600,-2.7300,0.7700
62129550,sitting,0.0012,1.0006,0.0095,0.5600,-2.7300,0.7700
62129569,sitting,0.0022,1.0014,0.0093,0.5600,-2.7650,0.7350
62129589,sitting,0.0020,1.0004,0.0098,0.5600,-2.7300,0.7700
62129608,sitting,0.0017,1.0002,0.0088,0.5600,-2.7650,0.7350
62129627,sitting,0.0020,1.0009,0.0093,0.5600,-2.7650,0.7000
62129646,sitting,0.0020,1.0006,0.0098,0.5600,-2.8000,0.7700
62129666,sitting,0.0015,0.9999,0.0083,0.5600,-2.8000,0.7700
62129685,sitting,-0.0002,1.0011,0.0090,0.5600,-2.7300,0.7700
62129704,sitting,0.0010,1.0014,0.0095,0.5600,-2.7650,0.7700
62129723,sitting,0.0017,1.0014,0.0090,0.5600,-2.7650,0.7700
62129742,sitting,0.0020,1.0009,0.0098,0.5600,-2.8000,0.7700
62129762,sitting,0.0012,1.0006,0.0095,0.5600,-2.7300,0.7700
62129781,sitting,0.0005,1.0016,0.0098,0.5600,-2.7300,0.7700
62129800,sitting,0.0007,1.0011,0.0105,0.5250,-2.7650,0.7700
62129819,sitting,0.0015,1.0009,0.0090,0.5600,-2.7300,0.7700
62129839,sitting,0.0017,1.0014,0.0098,0.5600,-2.7300,0.8050
62129858,sitting,0.0012,1.0009,0.0090,0.5250,-2.7300,0.7350
62129877,sitting,0.0022,1.0004,0.0085,0.5600,-2.7300,0.8050
62129896,sitting,0.0020,1.0004,0.0098,0.5600,-2.7650,0.7700
62129916,sitting,0.0007,1.0014,0.0100,0.5950,-2.7650,0.7700
62129935,sitting,0.0010,1.0006,0.0090,0.5600,-2.7300,0.7350
62129954,sitting,0.0020,1.0019,0.0090,0.5600,-2.7300,0.7700
62129973,sitting,0.0020,1.0011,0.0100,0.5250,-2.7650,0.7700
62129992,sitting,0.0017,1.0009,0.0098,0.5250,-2.7650,0.7700
62130012,sitting,0.0010,1.0011,0.0083,0.5600,-2.7300,0.7350
62130031,sitting,0.0010,1.0009,0.0095,0.5600,-2.7300,0.7700
62130050,sitting,0.0017,1.0006,0.0095,0.5600,-2.7300,0.7700
62130069,sitting,0.0012,1.0014,0.0100,0.5600,-2.7300,0.7700
62130089,sitting,0.0005,1.0009,0.0093,0.5600,-2.7300,0.7700
62130108,sitting,0.0007,1.0016,0.0102,0.5250,-2.7650,0.7350
62130127,sitting,0.0022,0.9999,0.0100,0.5600,-2.8000,0.7700
62130146,sitting,0.0017,1.0014,0.0090,0.5600,-2.7300,0.7700
62130166,sitting,0.0010,1.0009,0.0102,0.5600,-2.7300,0.7700
62130185,sitting,0.0012,1.0009,0.0088,0.5600,-2.7300,0.7700
62130204,sitting,0.0007,1.0009,0.0095,0.5600,-2.8000,0.7700
62130223,sitting,0.0017,1.0009,0.0093,0.5600,-2.7300,0.8050
62130242,sitting,0.0020,1.0019,0.0105,0.5600,-2.7300,0.7700
62130262,sitting,0.0020,1.0016,0.0098,0.5600,-2.7300,0.7350
62130281,sitting,0.0020,1.0011,0.0090,0.5600,-2.7650,0.7700
62130300,sitting,0.0020,1.0009,0.0088,0.4900,-2.7650,0.7700
62130319,sitting,0.0015,1.0016,0.0102,0.5250,-2.7300,0.7700
62130339,sitting,0.0012,1.0009,0.0107,0.5600,-2.7650,0.7700
62130358,sitting,0.0020,1.0011,0.0102,0.5600,-2.7300,0.7700
62130377,sitting,0.0010,1.0009,0.0100,0.5600,-2.7650,0.7700
62130396,sitting,0.0010,1.0016,0.0093,0.5600,-2.7300,0.7700
62130416,sitting,0.0017,1.0014,0.0093,0.5600,-2.7300,0.7700
62130435,sitting,0.0010,1.0004,0.0093,0.5600,-2.7300,0.7700
62130454,sitting,0.0010,1.0004,0.0098,0.5600,-2.7300,0.7700
62130473,sitting,0.0010,1.0014,0.0095,0.5600,-2.7300,0.7000
62130492,sitting,0.0015,1.0011,0.0100,0.5600,-2.7300,0.7700
62130512,sitting,0.0017,1.0011,0.0095,0.5250,-2.7300,0.7700
62130531,sitting,0.0012,1.0002,0.0088,0.5600,-2.7300,0.7700
62130550,sitting,0.0015,1.0009,0.0102,0.5600,-2.7650,0.7350
62130569,sitting,0.0017,1.0011,0.0102,0.5600,-2.8000,0.7700
62130589,sitting,0.0024,1.0014,0.0093,0.5600,-2.7650,0.7350
62130608,sitting,0.0017,1.0011,0.0100,0.4900,-2.7300,0.7700
62130627,sitting,0.0020,1.0016,0.0090,0.5600,-2.7300,0.7700
62130646,sitting,0.0017,1.0009,0.0098,0.5600,-2.7300,0.7700
62130666,sitting,0.0017,1.0016,0.0102,0.5600,-2.7300,0.7700
62130685,sitting,0.0017,1.0016,0.0090,0.5600,-2.7300,0.7700
62130704,sitting,0.0015,1.0016,0.0093,0.5600,-2.7650,0.7700
62130723,sitting,0.0015,1.0014,0.0090,0.5250,-2.8000,0.7700
62130742,sitting,0.0005,1.0014,0.0098,0.5600,-2.7650,0.7700
62130762,sitting,0.0012,1.0016,0.0093,0.5600,-2.7650,0.7700
62130781,sitting,0.0007,1.0004,0.0098,0.5600,-2.7300,0.7700
62130800,sitting,0.0012,1.0014,0.0100,0.5600,-2.7300,0.7700
62130819,sitting,0.0007,1.0014,0.0095,0.5600,-2.7300,0.7350
62130839,sitting,0.0007,1.0009,0.0098,0.5600,-2.7300,0.7350
62130858,sitting,0.0007,1.0006,0.0093,0.5600,-2.8000,0.7700
62130877,sitting,0.0010,1.0011,0.0098,0.5600,-2.7300,0.7700
62130896,sitting,0.0015,1.0009,0.0085,0.5600,-2.7300,0.8050
62130916,sitting,0.0012,1.0014,0.0090,0.5950,-2.7300,0.7700
62130935,sitting,0.0017,1.0009,0.0085,0.5950,-2.7300,0.7700
62130954,sitting,0.0015,1.0021,0.0098,0.5600,-2.7300,0.8050
62130973,sitting,0.0015,1.0009,0.0090,0.5600,-2.7300,0.7700
62130992,sitting,0.0020,1.0004,0.0105,0.5600,-2.7300,0.7700
62131012,sitting,0.0007,1.0002,0.0093,0.5600,-2.7650,0.7350
62131031,sitting,0.0015,1.0014,0.0102,0.5600,-2.7300,0.7700
62131050,sitting,0.0010,1.0009,0.0098,0.5600,-2.7650,0.7350
62131069,sitting,0.0012,1.0019,0.0090,0.5600,-2.7650,0.7700
62131089,sitting,0.0015,1.0006,0.0102,0.5600,-2.7300,0.7350
62131108,sitting,0.0012,1.0006,0.0095,0.5600,-2.7300,0.8050
62131127,sitting,0.0007,1.0009,0.0100,0.5250,-2.7300,0.7700
62131146,sitting,0.0012,1.0011,0.0093,0.5600,-2.7300,0.7700
62131166,sitting,0.0005,1.0009,0.0098,0.5600,-2.7300,0.8050
62131185,sitting,0.0002,1.0014,0.0093,0.5600,-2.7300,0.7700
62131204,sitting,0.0012,1.0009,0.0100,0.5250,-2.7300,0.7700
62131223,sitting,0.0015,0.9999,0.0098,0.5600,-2.7300,0.7700
62131242,sitting,0.0020,1.0011,0.0098,0.5950,-2.7300,0.7700
62131262,sitting,0.0007,1.0019,0.0098,0.5600,-2.7650,0.7700
62131281,sitting,0.0010,1.0024,0.0088,0.5250,-2.7300,0.7700
62131300,sitting,0.0015,1.0021,0.0093,0.5250,-2.7650,0.8050
62131319,sitting,0.0012,1.0011,0.0098,0.5600,-2.7300,0.7700
62131339,sitting,0.0015,1.0011,0.0102,0.5250,-2.7300,0.7700
62131358,sitting,0.0022,1.0014,0.0098,0.5600,-2.6950,0.8050
62131377,sitting,0.0015,1.0006,0.0102,0.5950,-2.7300,0.7700
62131396,sitting,0.0007,1.0016,0.0095,0.5600,-2.7650,0.8050
62131416,sitting,0.0012,1.0009,0.0095,0.5600,-2.7650,0.7700
62131435,sitting,0.0020,1.0014,0.0093,0.5600,-2.7650,0.7700
62131454,sitting,0.0015,1.0011,0.0100,0.5600,-2.7300,0.7000
62131473,sitting,0.0015,1.0011,0.0090,0.5600,-2.7300,0.7700
62131492,sitting,0.0015,0.9999,0.0100,0.5600,-2.7300,0.7700
62131512,sitting,0.0022,0.9999,0.0085,0.5600,-2.7650,0.7700
62131531,sitting,0.0007,1.0011,0.0095,0.5600,-2.7650,0.7350
62131550,sitting,0.0015,0.9999,0.0088,0.5600,-2.7300,0.7700
62131569,sitting,0.0024,1.0009,0.0098,0.5250,-2.7300,0.7700
62131589,sitting,0.0017,1.0011,0.0095,0.5600,-2.7650,0.7700
62131608,sitting,0.0012,1.0011,0.0095,0.5600,-2.7300,0.7700
62131627,sitting,0.0007,1.0014,0.0095,0.5600,-2.7300,0.7700
62131646,sitting,0.0017,1.0014,0.0093,0.5600,-2.7300,0.7700
62131666,sitting,0.0015,1.0009,0.0093,0.5600,-2.8000,0.7700
62131685,sitting,0.0012,1.0006,0.0100,0.5600,-2.7300,0.7700
62131704,sitting,0.0005,1.0019,0.0093,0.5600,-2.7300,0.8050
62131723,sitting,0.0007,1.0009,0.0093,0.5600,-2.7300,0.7350
62131742,sitting,0.0002,1.0004,0.0100,0.5600,-2.7300,0.7700
62131762,sitting,0.0020,1.0011,0.0102,0.5600,-2.7650,0.7700
62131781,sitting,0.0020,1.0019,0.0100,0.5250,-2.8000,0.7700
62131800,sitting,0.0017,1.0009,0.0093,0.5600,-2.8000,0.7700
62131819,sitting,0.0017,1.0004,0.0095,0.5250,-2.7300,0.7700
62131839,sitting,0.0017,1.0006,0.0095,0.5600,-2.7300,0.7700
62131858,sitting,0.0020,1.0011,0.0100,0.5600,-2.7650,0.7700
62131877,sitting,0.0015,1.0019,0.0090,0.5250,-2.7300,0.8050
62131896,sitting,0.0015,1.0011,0.0105,0.5600,-2.7650,0.8050
62131916,sitting,0.0010,1.0014,0.0090,0.5600,-2.7300,0.7700
62131935,sitting,0.0012,1.0006,0.0098,0.5250,-2.7300,0.7700
62131954,sitting,0.0017,1.0016,0.0088,0.5600,-2.7300,0.7700
62131973,sitting,0.0024,1.0016,0.0102,0.5600,-2.7650,0.7700
62131992,sitting,0.0022,1.0019,0.0088,0.5600,-2.7300,0.7700
62132012,sitting,0.0007,1.0019,0.0095,0.5600,-2.7650,0.7700
62132031,sitting,0.0020,1.0006,0.0100,0.5250,-2.7300,0.7700
62132050,sitting,0.0015,0.9997,0.0107,0.5600,-2.7300,0.7700
62132069,sitting,0.0022,1.0014,0.0095,0.5600,-2.7650,0.7350
62132089,sitting,0.0015,1.0021,0.0105,0.5600,-2.7300,0.7700
62132108,sitting,0.0007,1.0019,0.0095,0.5600,-2.7300,0.7350
62132127,sitting,0.0022,1.0009,0.0093,0.5600,-2.7300,0.7700
62132146,sitting,0.0017,1.0009,0.0090,0.5250,-2.7300,0.7700
62132166,sitting,0.0017,1.0009,0.0093,0.5600,-2.7300,0.7700
62132185,sitting,0.0007,1.0009,0.0093,0.5600,-2.8000,0.7700
62132204,sitting,0.0017,1.0014,0.0088,0.5600,-2.7650,0.7700
62132223,sitting,0.0017,0.9999,0.0102,0.5250,-2.7650,0.7700
62132242,sitting,0.0010,1.0002,0.0102,0.5600,-2.7650,0.7700
62132262,sitting,0.0020,1.0002,0.0105,0.5600,-2.7650,0.7700
62132281,sitting,0.0029,1.0009,0.0100,0.5600,-2.7650,0.7700
62132300,sitting,0.0015,1.0014,0.0093,0.5600,-2.8000,0.7700
62132319,sitting,0.0020,1.0016,0.0090,0.5600,-2.7650,0.7700
62132339,sitting,0.0005,1.0009,0.0098,0.5600,-2.7650,0.7700
62132358,sitting,0.0005,1.0019,0.0090,0.5600,-2.7300,0.7700
62132377,sitting,0.0010,1.0011,0.0098,0.4900,-2.7300,0.8050
62132396,sitting,0.0017,1.0004,0.0102,0.5600,-2.7650,0.7700
62132416,sitting,0.0015,1.0009,0.0088,0.5600,-2.8000,0.7700
62132435,sitting,0.0020,1.0009,0.0088,0.5600,-2.7300,0.8050
62132454,sitting,0.0012,1.0011,0.0093,0.5600,-2.7300,0.7700
62132473,sitting,0.0015,1.0011,0.0098,0.5600,-2.7650,0.8050
62132492,sitting,0.0012,1.0009,0.0098,0.5600,-2.7300,0.7700
62132512,sitting,0.0015,1.0006,0.0107,0.5600,-2.7300,0.7700
62132531,sitting,0.0007,1.0002,0.0093,0.5250,-2.7300,0.7700
62132550,sitting,0.0012,1.0004,0.0093,0.5600,-2.7300,0.7350
62132569,sitting,0.0015,1.0016,0.0093,0.5600,-2.7650,0.7000
62132589,sitting,0.0024,1.0006,0.0100,0.5250,-2.7300,0.7350
62132608,sitting,0.0017,1.0011,0.0100,0.5600,-2.7300,0.7350
62132627,sitting,0.0017,1.0006,0.0098,0.5600,-2.8000,0.7700
62132646,sitting,0.0012,1.0002,0.0098,0.5600,-2.7300,0.7700
62132666,sitting,0.0010,1.0006,0.0093,0.5600,-2.7650,0.7700
62132685,sitting,0.0027,1.0011,0.0088,0.5600,-2.7300,0.7700
62132704,sitting,0.0012,1.0009,0.0093,0.5600,-2.7300,0.7350
62132723,sitting,0.0015,1.0006,0.0083,0.5950,-2.7300,0.7700
62132742,sitting,0.0012,1.0011,0.0088,0.5600,-2.7300,0.7700
62132762,sitting,0.0015,1.0011,0.0100,0.5600,-2.7650,0.7700
62132781,sitting,0.0017,0.9999,0.0095,0.5600,-2.7650,0.7700
62132800,sitting,0.0012,1.0009,0.0090,0.5950,-2.7650,0.8050
62132819,sitting,0.0017,1.0009,0.0093,0.5600,-2.8000,0.7700
62132839,sitting,0.0015,1.0014,0.0095,0.5600,-2.7650,0.7700
62132858,sitting,0.0017,1.0016,0.0093,0.5250,-2.7650,0.8050
62132877,sitting,0.0027,1.0011,0.0090,0.5250,-2.7650,0.7700
62132896,sitting,0.0012,1.0016,0.0102,0.5600,-2.7650,0.7700
62132916,sitting,0.0020,1.0011,0.0095,0.5600,-2.7650,0.7700
62132935,sitting,0.0017,1.0024,0.0098,0.5600,-2.7650,0.7700
62132954,sitting,0.0029,1.0004,0.0107,0.5600,-2.7650,0.7700
62132973,sitting,0.0022,1.0002,0.0093,0.5600,-2.7650,0.8050
62132992,sitting,0.0022,1.0002,0.0090,0.5600,-2.7650,0.7700
62133012,sitting,0.0017,1.0014,0.0093,0.5600,-2.7300,0.7700
62133031,sitting,0.0012,1.0009,0.0100,0.5600,-2.7300,0.7700
62133050,sitting,0.0010,1.0011,0.0088,0.5600,-2.7650,0.7700
62133069,sitting,0.0015,1.0006,0.0098,0.5600,-2.7300,0.7700
62133089,sitting,0.0015,1.0009,0.0095,0.5600,-2.6950,0.7700
62133108,sitting,0.0015,1.0021,0.0102,0.5600,-2.7300,0.7700
62133127,sitting,0.0010,1.0011,0.0090,0.5950,-2.7300,0.7350
62133146,sitting,0.0010,1.0021,0.0098,0.5600,-2.7300,0.7350
62133166,sitting,0.0012,1.0014,0.0093,0.5600,-2.7300,0.7700
62133185,sitting,0.0010,1.0009,0.0088,0.5600,-2.7650,0.7700
62133204,sitting,0.0005,1.0009,0.0100,0.5600,-2.7650,0.7700
62133223,sitting,0.0017,1.0014,0.0105,0.5600,-2.7650,0.7000
62133242,sitting,0.0010,1.0014,0.0100,0.5600,-2.7300,0.7700
62133262,sitting,0.0015,1.0014,0.0095,0.5600,-2.7650,0.7700
62133281,sitting,0.0010,1.0009,0.0100,0.5250,-2.7650,0.7700
62133300,sitting,0.0015,1.0014,0.0098,0.5600,-2.7650,0.7700
62133319,sitting,0.0024,1.0016,0.0088,0.5600,-2.8000,0.7700
62133339,sitting,0.0022,1.0014,0.0085,0.5950,-2.7650,0.7700
62133358,sitting,0.0022,1.0009,0.0093,0.5250,-2.7300,0.8050
62133377,sitting,0.0012,1.0011,0.0095,0.5600,-2.8000,0.7700
62133396,sitting,0.0012,1.0006,0.0090,0.5600,-2.7300,0.7700
62133416,sitting,-0.0002,1.0014,0.0093,0.5600,-2.7650,0.7700
62133435,sitting,0.0015,1.0014,0.0100,0.5600,-2.7650,0.7700
62133454,sitting,0.0010,1.0014,0.0098,0.5600,-2.7650,0.7700
62133473,sitting,0.0010,1.0019,0.0098,0.5600,-2.7300,0.7700
62133492,sitting,0.0017,1.0014,0.0095,0.5600,-2.7650,0.7700
62133512,sitting,0.0012,1.0011,0.0100,0.5600,-2.7300,0.7700
62133531,sitting,0.0007,1.0009,0.0095,0.5600,-2.7300,0.7700
62133550,sitting,0.0012,1.0011,0.0105,0.5600,-2.7300,0.7700
62133569,sitting,0.0012,1.0014,0.0095,0.5600,-2.7300,0.7700
62133589,sitting,0.0012,1.0011,0.0098,0.5600,-2.7300,0.7700
62133608,sitting,0.0015,1.0021,0.0093,0.5600,-2.7300,0.7700
62133627,sitting,0.0012,1.0019,0.0090,0.5600,-2.7300,0.7350
62133646,sitting,0.0010,1.0009,0.0107,0.5600,-2.7300,0.7350
62133666,sitting,0.0015,1.0002,0.0105,0.5600,-2.7300,0.7350
62133685,sitting,0.0017,1.0011,0.0090,0.5600,-2.7650,0.7350
62133704,sitting,0.0015,1.0011,0.0093,0.5600,-2.7300,0.7350
62133723,sitting,0.0012,1.0019,0.0100,0.5600,-2.7300,0.7700
62133742,sitting,0.0002,1.0009,0.0093,0.5600,-2.7650,0.7700
62133762,sitting,0.0012,1.0016,0.0090,0.5600,-2.7650,0.7700
62133781,sitting,0.0022,1.0016,0.0090,0.5600,-2.7300,0.7700
62133800,sitting,0.0012,1.0021,0.0098,0.5600,-2.7650,0.7700
62133819,sitting,0.0010,1.0011,0.0100,0.5600,-2.7650,0.8050
62133839,sitting,0.0010,1.0011,0.0100,0.5600,-2.7300,0.7700
62133858,sitting,0.0015,1.0011,0.0093,0.5600,-2.7650,0.7700
62133877,sitting,0.0017,1.0002,0.0102,0.5600,-2.8000,0.7700
62133896,sitting,0.0015,0.9999,0.0105,0.5600,-2.7650,0.7700
62133916,sitting,0.0000,1.0014,0.0090,0.5600,-2.7300,0.8050
62133935,sitting,0.0005,1.0006,0.0090,0.5600,-2.7300,0.7700
62133954,sitting,0.0012,1.0014,0.0095,0.5600,-2.7650,0.7700
62133973,sitting,0.0012,1.0014,0.0093,0.5600,-2.7650,0.7700
62133992,sitting,0.0015,1.0009,0.0095,0.5600,-2.7650,0.7700
62134012,sitting,0.0022,1.0002,0.0098,0.5600,-2.7650,0.7700
62134031,sitting,0.0015,1.0004,0.0102,0.5600,-2.7300,0.7700
62134050,sitting,0.0010,1.0009,0.0105,0.5950,-2.7300,0.7700
62134069,sitting,0.0015,1.0011,0.0100,0.5600,-2.7650,0.7700
62134089,sitting,0.0015,1.0016,0.0093,0.5950,-2.7300,0.7700
62134108,sitting,0.0007,1.0011,0.0095,0.5600,-2.7300,0.7700
62134127,sitting,0.0012,1.0016,0.0090,0.5600,-2.7300,0.7700
62134146,sitting,0.0007,1.0011,0.0093,0.4900,-2.7650,0.7700
62134166,sitting,0.0007,1.0019,0.0093,0.5250,-2.7300,0.7700
62134185,sitting,0.0010,1.0009,0.0107,0.5600,-2.7300,0.7350
62134204,sitting,0.0007,1.0006,0.0090,0.5250,-2.7650,0.7700
62134223,sitting,0.0015,0.9999,0.0098,0.5600,-2.7650,0.7700
62134242,sitting,0.0017,1.0009,0.0098,0.5600,-2.7650,0.7700
62134262,sitting,0.0017,1.0011,0.0107,0.5600,-2.7300,0.7700
62134281,sitting,0.0015,1.0011,0.0083,0.5250,-2.8000,0.7700
62134300,sitting,0.0024,0.9997,0.0098,0.5600,-2.7300,0.7700
62134319,sitting,0.0017,1.0006,0.0100,0.5600,-2.7650,0.7700
62134339,sitting,0.0007,1.0011,0.0095,0.5250,-2.7650,0.7350
62134358,sitting,0.0015,1.0016,0.0083,0.5600,-2.7300,0.7350
62134377,sitting,0.0020,1.0011,0.0100,0.5950,-2.7650,0.8050
62134396,sitting,0.0020,1.0011,0.0102,0.5250,-2.7650,0.7700
62134416,sitting,0.0017,1.0009,0.0098,0.5600,-2.8000,0.7700
62134435,sitting,0.0017,1.0009,0.0090,0.5600,-2.7650,0.7350
62134454,sitting,0.0007,1.0011,0.0105,0.5250,-2.7300,0.7700
62134473,sitting,0.0010,1.0009,0.0095,0.5600,-2.7300,0.7700
62134492,sitting,0.0010,1.0014,0.0100,0.5600,-2.7300,0.7700
62134512,sitting,0.0010,1.0006,0.0095,0.5600,-2.7650,0.7700
62134531,sitting,0.0015,1.0011,0.0090,0.5600,-2.7300,0.7350
62134550,sitting,0.0010,1.0006,0.0088,0.5600,-2.7300,0.7700
62134569,sitting,0.0017,1.0004,0.0100,0.5600,-2.7650,0.7700
62134589,sitting,0.0022,1.0009,0.0102,0.5600,-2.7300,0.7350
62134608,sitting,0.0010,1.0014,0.0100,0.5600,-2.7300,0.7350
62134627,sitting,0.0007,1.0014,0.0088,0.5600,-2.7650,0.7350
62134646,sitting,0.0012,1.0009,0.0095,0.5600,-2.7300,0.7700
62134666,sitting,0.0015,1.0014,0.0093,0.5600,-2.7300,0.7350
62134685,sitting,0.0010,1.0006,0.0100,0.5600,-2.7300,0.7350
62134704,sitting,0.0020,1.0019,0.0098,0.5950,-2.7300,0.7700
62134723,sitting,0.0020,1.0009,0.0102,0.5600,-2.7300,0.7700
62134742,sitting,0.0017,1.0004,0.0100,0.5600,-2.7300,0.7700
62134762,sitting,0.0020,1.0011,0.0105,0.5600,-2.7300,0.7700
62134781,sitting,0.0017,1.0002,0.0098,0.5600,-2.7300,0.7700
62134800,sitting,0.0007,1.0002,0.0095,0.5950,-2.7300,0.7700
62134819,sitting,0.0012,1.0014,0.0102,0.5950,-2.7650,0.7700
62134839,sitting,0.0015,1.0016,0.0098,0.5600,-2.7650,0.8050
62134858,sitting,0.0022,1.0006,0.0102,0.5600,-2.7650,0.7700
62134877,sitting,0.0017,1.0011,0.0100,0.5600,-2.7300,0.7700
62134896,sitting,0.0012,1.0016,0.0093,0.5600,-2.7650,0.7700
62134916,sitting,0.0002,1.0021,0.0095,0.5600,-2.8000,0.7700
62134935,sitting,0.0005,1.0011,0.0112,0.5600,-2.7650,0.7700
62134954,sitting,0.0010,1.0009,0.0098,0.5600,-2.7650,0.7700
62134973,sitting,0.0017,1.0009,0.0093,0.5600,-2.8000,0.7700
62134992,sitting,0.0015,1.0014,0.0098,0.5250,-2.7300,0.8050
62135012,sitting,0.0017,1.0011,0.0100,0.5600,-2.7650,0.7700
62135031,sitting,0.0020,1.0014,0.0098,0.5250,-2.7300,0.7700
62135050,sitting,0.0005,1.0004,0.0090,0.5250,-2.7300,0.8050
62135069,sitting,0.0020,1.0009,0.0102,0.5250,-2.7650,0.7700
62135089,sitting,0.0020,1.0009,0.0095,0.5600,-2.7650,0.7700
62135108,sitting,0.0022,1.0019,0.0095,0.5600,-2.7300,0.7700
62135127,sitting,0.0010,1.0011,0.0102,0.5600,-2.7300,0.7700
62135146,sitting,0.0017,1.0009,0.0095,0.5600,-2.7300,0.7350
62135166,sitting,0.0012,1.0016,0.0093,0.5600,-2.7300,0.7350
62135185,sitting,0.0015,1.0016,0.0093,0.5600,-2.7300,0.7700
62135204,sitting,0.0022,1.0009,0.0090,0.5600,-2.7300,0.7700
62135223,sitting,0.0015,1.0004,0.0095,0.5600,-2.7300,0.7700
62135242,sitting,0.0017,1.0006,0.0105,0.5600,-2.7650,0.7700
62135262,sitting,0.0010,1.0006,0.0100,0.5250,-2.7300,0.7700
62135281,sitting,0.0020,1.0006,0.0095,0.5600,-2.7650,0.7700
62135300,sitting,0.0017,1.0009,0.0100,0.5600,-2.7650,0.7700
62135319,sitting,0.0015,1.0014,0.0098,0.5600,-2.7300,0.7700
62135339,sitting,0.0010,1.0014,0.0090,0.5250,-2.7300,0.7700
62135358,sitting,0.0010,1.0004,0.0095,0.5600,-2.7300,0.7350
62135377,sitting,0.0017,1.0009,0.0098,0.5600,-2.7650,0.7700
62135396,sitting,0.0002,1.0004,0.0098,0.5600,-2.7300,0.7700
62135416,sitting,0.0007,1.0002,0.0095,0.5250,-2.7300,0.7700
62135435,sitting,0.0029,1.0009,0.0090,0.5250,-2.7650,0.7700
62135454,sitting,0.0012,1.0019,0.0093,0.5600,-2.7300,0.7700
62135473,sitting,0.0012,1.0011,0.0093,0.5250,-2.7300,0.7700
62135492,sitting,0.0015,1.0009,0.0095,0.5600,-2.8000,0.7700
62135512,sitting,0.0015,1.0016,0.0090,0.5600,-2.7650,0.7700
62135531,sitting,0.0017,1.0014,0.0098,0.5600,-2.8000,0.8050
62135550,sitting,0.0015,0.9999,0.0095,0.5600,-2.7300,0.7700
62135569,sitting,0.0010,1.0011,0.0095,0.5600,-2.7650,0.7700
62135589,sitting,0.0012,1.0004,0.0095,0.5600,-2.7300,0.7350
62135608,sitting,0.0022,1.0011,0.0095,0.5600,-2.7300,0.7700
62135627,sitting,0.0020,1.0006,0.0088,0.5600,-2.7650,0.7700
62135646,sitting,0.0017,1.0004,0.0093,0.5600,-2.7650,0.7700
62135666,sitting,0.0015,1.0014,0.0095,0.5600,-2.7300,0.7700
62135685,sitting,0.0010,1.0021,0.0088,0.5600,-2.7300,0.7700
62135704,sitting,0.0020,1.0024,0.0107,0.5600,-2.7300,0.7350
62135723,sitting,0.0010,1.0019,0.0107,0.5250,-2.7300,0.7350
62135742,sitting,0.0012,1.0019,0.0100,0.5600,-2.7650,0.7350
62135762,sitting,0.0012,1.0019,0.0088,0.5950,-2.7300,0.7700
62135781,sitting,0.0007,1.0011,0.0098,0.5600,-2.7650,0.7700
62135800,sitting,0.0017,1.0004,0.0098,0.5950,-2.7650,0.7700
62135819,sitting,0.0020,1.0009,0.0090,0.5600,-2.7300,0.7000
62135839,sitting,0.0015,1.0016,0.0105,0.5950,-2.7300,0.7700
62135858,sitting,0.0012,1.0009,0.0090,0.5600,-2.7650,0.7700
62135877,sitting,0.0017,1.0009,0.0095,0.5600,-2.7650,0.7700
62135896,sitting,0.0017,1.0014,0.0095,0.5600,-2.7650,0.8050
62135916,sitting,0.0017,1.0006,0.0098,0.5600,-2.7300,0.7700
62135935,sitting,0.0015,1.0009,0.0095,0.5600,-2.7650,0.7700
62135954,sitting,0.0022,1.0009,0.0095,0.5600,-2.7650,0.8050
62135973,sitting,0.0017,1.0011,0.0095,0.5250,-2.7650,0.7350
62135992,sitting,0.0020,1.0004,0.0093,0.5250,-2.7650,0.7700
62136012,sitting,0.0012,1.0011,0.0095,0.5250,-2.8000,0.7700
62136031,sitting,0.0022,1.0004,0.0098,0.5600,-2.7300,0.7700
62136050,sitting,0.0012,1.0004,0.0088,0.5600,-2.7300,0.7700
62136069,sitting,0.0017,1.0002,0.0100,0.5600,-2.7650,0.7700
62136089,sitting,0.0012,1.0006,0.0102,0.5250,-2.7300,0.7700
62136108,sitting,0.0012,1.0011,0.0083,0.5600,-2.7650,0.7700
62136127,sitting,0.0010,1.0019,0.0093,0.5600,-2.7300,0.7700
62136146,sitting,0.0012,1.0021,0.0090,0.5600,-2.7650,0.7700
62136166,sitting,0.0017,1.0011,0.0095,0.5600,-2.7650,0.7700
62136185,sitting,0.0012,1.0002,0.0093,0.5600,-2.7300,0.7700
62136204,sitting,0.0020,1.0011,0.0090,0.5600,-2.7300,0.7700
62136223,sitting,0.0017,1.0004,0.0090,0.5600,-2.7300,0.7350
62136242,sitting,0.0002,0.9999,0.0095,0.5600,-2.7300,0.7350
62136262,sitting,0.0020,1.0006,0.0093,0.5600,-2.7650,0.7700
62136281,sitting,0.0022,1.0009,0.0095,0.5600,-2.7300,0.7700
62136300,sitting,0.0015,1.0009,0.0093,0.5950,-2.7650,0.7700
62136319,sitting,0.0017,1.0014,0.0098,0.5600,-2.7300,0.7700
62136339,sitting,0.0012,1.0011,0.0098,0.5600,-2.7300,0.7700
62136358,sitting,0.0017,1.0014,0.0088,0.5950,-2.7300,0.7700
62136377,sitting,0.0010,1.0011,0.0083,0.5250,-2.7300,0.7700
62136396,sitting,0.0005,1.0006,0.0085,0.5600,-2.8000,0.7700
62136416,sitting,0.0012,1.0002,0.0095,0.5600,-2.7650,0.7700
62136435,sitting,0.0012,1.0011,0.0090,0.5950,-2.7300,0.7700
62136454,sitting,0.0012,1.0011,0.0098,0.5950,-2.8000,0.7700
62136473,sitting,0.0010,1.0016,0.0098,0.5600,-2.7650,0.7700
62136492,sitting,0.0020,1.0002,0.0088,0.5600,-2.7650,0.7700
62136512,sitting,0.0015,1.0004,0.0100,0.5600,-2.7650,0.7700
62136531,sitting,0.0015,1.0004,0.0098,0.5250,-2.7650,0.7700
62136550,sitting,0.0005,1.0004,0.0095,0.5600,-2.7300,0.7700
62136569,sitting,0.0012,1.0014,0.0098,0.5250,-2.7650,0.7700
62136589,sitting,0.0012,1.0021,0.0098,0.5600,-2.7650,0.7700
62136608,sitting,0.0017,1.0006,0.0098,0.5600,-2.7650,0.7700
62136627,sitting,0.0017,1.0004,0.0088,0.5600,-2.7300,0.7700
62136646,sitting,0.0015,0.9999,0.0093,0.5600,-2.7300,0.7700
62136666,sitting,0.0015,1.0002,0.0100,0.5600,-2.7300,0.7700
62136685,sitting,0.0005,1.0006,0.0098,0.5600,-2.7300,0.7700
62136704,sitting,0.0007,1.0004,0.0088,0.5600,-2.7650,0.7700
62136723,sitting,0.0015,1.0011,0.0098,0.5600,-2.7300,0.7350
62136742,sitting,0.0015,1.0009,0.0100,0.5600,-2.7650,0.7350
62136762,sitting,0.0017,1.0014,0.0102,0.5600,-2.7300,0.7700
62136781,sitting,0.0017,1.0016,0.0100,0.5600,-2.7650,0.7350
62136800,sitting,0.0010,1.0019,0.0088,0.5600,-2.7300,0.7700
62136819,sitting,0.0010,1.0011,0.0085,0.5600,-2.7650,0.7700
62136839,sitting,0.0022,1.0014,0.0095,0.5600,-2.8000,0.7700
62136858,sitting,0.0022,1.0019,0.0107,0.5600,-2.7300,0.7350
62136877,sitting,0.0017,1.0014,0.0102,0.5600,-2.8000,0.7700
62136896,sitting,0.0015,1.0006,0.0100,0.5250,-2.8000,0.7700
62136916,sitting,0.0020,1.0014,0.0102,0.5600,-2.7300,0.7700
62136935,sitting,0.0007,1.0006,0.0093,0.5600,-2.7300,0.7700
62136954,sitting,0.0012,1.0019,0.0090,0.5600,-2.7300,0.7350
62136973,sitting,0.0010,1.0014,0.0093,0.5600,-2.7650,0.7700
62136992,sitting,0.0020,1.0011,0.0100,0.4900,-2.7650,0.7700
62137012,sitting,0.0020,1.0024,0.0100,0.5600,-2.7300,0.7700
62137031,sitting,0.0020,1.0006,0.0085,0.5600,-2.7300,0.7700
62137050,sitting,0.0015,1.0011,0.0098,0.5600,-2.8000,0.7700
62137069,sitting,0.0012,1.0006,0.0098,0.5950,-2.8000,0.7700
62137089,sitting,0.0010,1.0019,0.0093,0.5250,-2.7300,0.7700
62137108,sitting,0.0015,1.0011,0.0081,0.5250,-2.8000,0.7700
62137127,sitting,0.0012,1.0004,0.0085,0.5250,-2.7650,0.7700
62137146,sitting,0.0015,1.0004,0.0098,0.4900,-2.7300,0.7700
62137166,sitting,0.0015,1.0019,0.0095,0.5600,-2.7300,0.7700
62137185,sitting,0.0012,1.0009,0.0093,0.5600,-2.7300,0.7700
62137204,sitting,0.0002,1.0016,0.0100,0.5600,-2.7300,0.7350
62137223,sitting,0.0012,1.0006,0.0100,0.5950,-2.7650,0.7700
62137242,sitting,0.0005,1.0006,0.0100,0.5600,-2.7650,0.7700
62137262,sitting,0.0015,1.0016,0.0098,0.5600,-2.7650,0.7700
62137281,sitting,0.0020,1.0006,0.0085,0.5600,-2.7300,0.7700
62137300,sitting,0.0005,1.0009,0.0090,0.5600,-2.7650,0.7700
62137319,sitting,0.0007,1.0006,0.0102,0.5600,-2.6950,0.7700
62137339,sitting,0.0007,1.0004,0.0093,0.5600,-2.7300,0.7350
62137358,sitting,0.0012,1.0016,0.0098,0.5600,-2.7300,0.7700
62137377,sitting,0.0022,1.0006,0.0105,0.5600,-2.7300,0.7700
62137396,sitting,0.0012,1.0011,0.0102,0.5600,-2.7300,0.7700
62137416,sitting,0.0015,1.0004,0.0095,0.5600,-2.7300,0.7700
62137435,sitting,0.0024,1.0002,0.0088,0.5600,-2.7650,0.7700
62137454,sitting,0.0022,1.0002,0.0100,0.5600,-2.7300,0.7700
62137473,sitting,0.0024,1.0004,0.0100,0.4900,-2.7300,0.7700
62137492,sitting,0.0010,1.0006,0.0100,0.5600,-2.7300,0.7700
62137512,sitting,0.0017,1.0006,0.0098,0.5250,-2.7300,0.7700
62137531,sitting,0.0015,1.0011,0.0095,0.5600,-2.7650,0.7700
62137550,sitting,0.0024,1.0011,0.0093,0.5600,-2.7300,0.7700
62137569,sitting,0.0010,1.0014,0.0102,0.5600,-2.7300,0.7700
62137589,sitting,0.0012,1.0014,0.0100,0.5600,-2.8000,0.7700
62137608,sitting,0.0015,1.0014,0.0090,0.5600,-2.7650,0.7700
62137627,sitting,0.0015,1.0009,0.0093,0.5600,-2.7300,0.7700
62137646,sitting,0.0015,1.0019,0.0090,0.5600,-2.7300,0.7700
62137666,sitting,0.0015,1.0009,0.0098,0.5600,-2.7300,0.8050
62137685,sitting,0.0010,1.0009,0.0093,0.5600,-2.7650,0.7700
62137704,sitting,0.0012,1.0009,0.0100,0.5600,-2.7300,0.7700
62137723,sitting,0.0007,1.0011,0.0102,0.5600,-2.7300,0.7700
62137742,sitting,0.0012,1.0016,0.0098,0.5600,-2.7300,0.7700
62137762,sitting,0.0010,1.0014,0.0088,0.5600,-2.7300,0.7700
62137781,sitting,0.0015,1.0014,0.0100,0.5600,-2.7300,0.7700
62137800,sitting,0.0024,1.0016,0.0085,0.5600,-2.7300,0.7350
62137819,sitting,0.0017,1.0019,0.0098,0.5600,-2.7650,0.7700
62137839,sitting,0.0010,1.0011,0.0088,0.5600,-2.7650,0.7700
62137858,sitting,0.0020,1.0016,0.0090,0.5600,-2.7300,0.7700
62137877,sitting,0.0020,1.0011,0.0098,0.5250,-2.7300,0.7000
62137896,sitting,0.0017,1.0014,0.0083,0.5600,-2.7300,0.7350
62137916,sitting,0.0012,1.0002,0.0090,0.5600,-2.7300,0.7700
62137935,sitting,0.0022,1.0006,0.0093,0.5600,-2.7300,0.7700
62137954,sitting,0.0017,1.0009,0.0105,0.5600,-2.7300,0.7700
62137973,sitting,0.0007,1.0006,0.0105,0.5600,-2.7650,0.7700
62137992,sitting,0.0002,1.0009,0.0088,0.5600,-2.8000,0.7700
62138012,sitting,0.0005,1.0019,0.0090,0.5600,-2.7650,0.7700
62138031,sitting,0.0007,1.0011,0.0090,0.5600,-2.7300,0.7700
62138050,sitting,0.0020,1.0016,0.0095,0.5600,-2.7650,0.7700
62138069,sitting,0.0024,1.0009,0.0093,0.5600,-2.7300,0.7700
62138089,sitting,0.0010,1.0014,0.0093,0.5250,-2.7300,0.7700
62138108,sitting,0.0007,0.9999,0.0098,0.5250,-2.7300,0.7700
62138127,sitting,0.0015,1.0006,0.0100,0.5250,-2.7300,0.7700
62138146,sitting,0.0022,1.0006,0.0100,0.5250,-2.7650,0.7700
62138166,sitting,0.0020,1.0014,0.0093,0.5600,-2.7300,0.7700
62138185,sitting,0.0015,1.0011,0.0095,0.5600,-2.7300,0.7700
62138204,sitting,0.0024,1.0016,0.0095,0.5600,-2.7650,0.7700
62138223,sitting,0.0010,1.0006,0.0098,0.5600,-2.7300,0.7700
62138242,sitting,0.0024,1.0009,0.0098,0.5950,-2.8000,0.7700
62138262,sitting,0.0020,1.0006,0.0100,0.5600,-2.7300,0.7700
62138281,sitting,0.0005,1.0004,0.0100,0.5250,-2.7300,0.7350
62138300,sitting,0.0010,1.0019,0.0088,0.5250,-2.7300,0.7700
62138319,sitting,0.0010,1.0011,0.0107,0.5250,-2.7300,0.7700
62138339,sitting,0.0017,0.9999,0.0088,0.5600,-2.7300,0.7350
62138358,sitting,0.0017,1.0006,0.0093,0.5600,-2.7300,0.7700
62138377,sitting,0.0012,1.0009,0.0095,0.5600,-2.7300,0.7700
62138396,sitting,0.0012,1.0009,0.0112,0.5600,-2.7300,0.7700
62138416,sitting,0.0017,1.0009,0.0093,0.5600,-2.7650,0.7350
62138435,sitting,0.0012,1.0006,0.0100,0.5600,-2.7300,0.7700
62138454,sitting,0.0010,1.0011,0.0095,0.5950,-2.7300,0.7700
62138473,sitting,0.0010,1.0002,0.0100,0.5600,-2.7300,0.7700
62138492,sitting,0.0020,1.0002,0.0100,0.5600,-2.8000,0.7700
62138512,sitting,0.0015,1.0004,0.0093,0.5600,-2.7650,0.7350
62138531,sitting,0.0012,1.0009,0.0095,0.5250,-2.7300,0.7350
62138550,sitting,0.0022,1.0016,0.0098,0.5600,-2.7650,0.7700
62138569,sitting,0.0017,1.0016,0.0088,0.5600,-2.7300,0.7700
62138589,sitting,0.0017,1.0014,0.0098,0.5600,-2.7650,0.8050
62138608,sitting,0.0010,1.0002,0.0100,0.5600,-2.7300,0.7350
62138627,sitting,0.0010,1.0011,0.0100,0.5600,-2.7300,0.7700
62138646,sitting,0.0020,1.0014,0.0093,0.5250,-2.7300,0.7700
62138666,sitting,0.0020,1.0004,0.0100,0.5250,-2.8000,0.7700
62138685,sitting,0.0020,1.0009,0.0098,0.5600,-2.7300,0.8050
62138704,sitting,0.0012,1.0014,0.0095,0.5600,-2.7300,0.7350
62138723,sitting,0.0007,1.0014,0.0098,0.5600,-2.7300,0.7700
62138742,sitting,0.0005,1.0011,0.0098,0.5250,-2.7650,0.7700
62138762,sitting,0.0010,1.0006,0.0095,0.5600,-2.7650,0.7350
62138781,sitting,0.0010,1.0002,0.0093,0.5600,-2.7300,0.7700
62138800,sitting,0.0020,1.0009,0.0095,0.5250,-2.7300,0.7700
62138819,sitting,0.0017,1.0014,0.0100,0.5250,-2.7650,0.8050
62138839,sitting,0.0010,1.0009,0.0100,0.5600,-2.7300,0.7700
62138858,sitting,0.0007,1.0004,0.0095,0.5600,-2.7650,0.7700
62138877,sitting,0.0000,1.0002,0.0093,0.5600,-2.7650,0.7350
62138896,sitting,0.0005,1.0011,0.0098,0.5600,-2.7300,0.7350
62138916,sitting,0.0002,1.0009,0.0095,0.5600,-2.7300,0.7700
62138935,sitting,0.0015,1.0009,0.0090,0.5600,-2.7300,0.7700
62138954,sitting,0.0020,0.9999,0.0088,0.5600,-2.7300,0.7700
62138973,sitting,0.0015,1.0004,0.0090,0.5950,-2.7300,0.7700
62138992,sitting,0.0012,1.0006,0.0095,0.5600,-2.7650,0.7700
62139012,sitting,0.0010,1.0016,0.0100,0.5250,-2.7650,0.7700
62139031,sitting,0.0012,1.0019,0.0095,0.5600,-2.7650,0.7700
62139050,sitting,0.0020,1.0009,0.0095,0.5950,-2.7650,0.7700
62139069,sitting,0.0024,1.0009,0.0105,0.5600,-2.7650,0.7700
62139089,sitting,0.0022,1.0016,0.0093,0.4900,-2.7300,0.7700
62139108,sitting,0.0015,1.0009,0.0095,0.5250,-2.7300,0.7700
62139127,sitting,0.0015,1.0011,0.0090,0.5250,-2.8000,0.7350
62139146,sitting,0.0012,1.0004,0.0100,0.4900,-2.7300,0.7700
62139166,sitting,0.0012,1.0014,0.0102,0.5600,-2.7300,0.7700
62139185,sitting,0.0017,1.0009,0.0095,0.5250,-2.7650,0.7700
62139204,sitting,0.0020,1.0011,0.0090,0.5600,-2.7300,0.7700
62139223,sitting,0.0020,1.0024,0.0102,0.5600,-2.7300,0.7700
62139242,sitting,0.0017,1.0011,0.0085,0.5250,-2.7300,0.7700
62139262,sitting,0.0007,1.0011,0.0095,0.5600,-2.7650,0.7700
62139281,sitting,0.0010,1.0014,0.0095,0.5600,-2.7300,0.7700
62139300,sitting,0.0015,1.0019,0.0095,0.5950,-2.7650,0.7700
62139319,sitting,0.0017,1.0019,0.0098,0.5600,-2.7650,0.7700
62139339,sitting,0.0020,1.0019,0.0093,0.5600,-2.7650,0.7700
62139358,sitting,0.0029,1.0009,0.0107,0.5600,-2.7300,0.7700
62139377,sitting,0.0024,1.0011,0.0085,0.5600,-2.7650,0.7700
62139396,sitting,0.0027,1.0011,0.0098,0.5600,-2.7300,0.7700
62139416,sitting,0.0010,0.9994,0.0095,0.5600,-2.7300,0.7700
62139435,sitting,0.0017,1.0014,0.0098,0.5600,-2.8000,0.7700
62139454,sitting,0.0024,1.0006,0.0090,0.5950,-2.7300,0.7700
62139473,sitting,0.0022,1.0006,0.0095,0.5600,-2.8000,0.7700
62139492,sitting,0.0012,1.0006,0.0090,0.5600,-2.7650,0.7700
62139512,sitting,0.0015,1.0009,0.0093,0.5600,-2.7650,0.7700
62139531,sitting,0.0017,1.0009,0.0102,0.5600,-2.7650,0.7700
62139550,sitting,0.0012,1.0011,0.0100,0.5600,-2.7300,0.7700
62139569,sitting,0.0017,0.9999,0.0100,0.5600,-2.7300,0.7700
62139589,sitting,0.0020,1.0011,0.0093,0.5600,-2.7300,0.7700
62139608,sitting,0.0015,1.0014,0.0095,0.5600,-2.7300,0.7700
62139627,sitting,0.0020,1.0014,0.0090,0.5600,-2.7650,0.7700
62139646,sitting,0.0015,1.0014,0.0095,0.5250,-2.7650,0.7350
62139666,sitting,0.0012,1.0004,0.0098,0.5600,-2.8000,0.7700
62139685,sitting,0.0010,1.0016,0.0100,0.5600,-2.7300,0.7700
62139704,sitting,0.0010,1.0009,0.0102,0.5600,-2.8000,0.7700
62139723,sitting,0.0007,1.0009,0.0102,0.5600,-2.7300,0.7700
62139742,sitting,0.0017,1.0021,0.0095,0.5600,-2.7300,0.8050
62139762,sitting,0.0015,1.0016,0.0088,0.5600,-2.7300,0.7700
62139781,sitting,0.0020,1.0009,0.0098,0.5600,-2.7650,0.7700
62139800,sitting,0.0015,1.0004,0.0093,0.5250,-2.8000,0.7700
62139819,sitting,0.0015,1.0011,0.0100,0.5600,-2.7300,0.7700
62139839,sitting,0.0020,1.0016,0.0093,0.5600,-2.7300,0.8050
62139858,sitting,0.0015,1.0016,0.0102,0.5600,-2.7300,0.7700
62139877,sitting,0.0020,1.0014,0.0095,0.5950,-2.7300,0.7000
62139896,sitting,0.0020,1.0019,0.0093,0.5950,-2.7300,0.7700
62139916,sitting,0.0017,1.0011,0.0083,0.5600,-2.7300,0.7700
62139935,sitting,0.0020,1.0009,0.0088,0.5600,-2.7650,0.7350
62139954,sitting,0.0024,1.0011,0.0102,0.5600,-2.7300,0.7350
62139973,sitting,0.0017,1.0006,0.0100,0.5600,-2.7300,0.7700
62139992,sitting,0.0007,1.0014,0.0093,0.5950,-2.7650,0.7700
62140012,sitting,0.0007,1.0016,0.0093,0.5600,-2.7300,0.7700
62140031,sitting,0.0012,1.0009,0.0090,0.5250,-2.7300,0.7700
62140050,sitting,0.0000,1.0019,0.0095,0.5600,-2.7300,0.7700
62140069,sitting,0.0007,1.0002,0.0100,0.5600,-2.7650,0.7700
62140089,sitting,0.0017,1.0011,0.0100,0.5600,-2.7650,0.8050
62140108,sitting,0.0010,1.0002,0.0093,0.5600,-2.7650,0.7700
62140127,sitting,0.0020,1.0009,0.0098,0.5250,-2.7650,0.8050
62140146,sitting,0.0012,1.0006,0.0098,0.4900,-2.7650,0.7700
62140166,sitting,0.0015,1.0004,0.0095,0.5600,-2.7650,0.7700
62140185,sitting,0.0022,1.0016,0.0098,0.4900,-2.7300,0.7700
62140204,sitting,0.0017,1.0011,0.0098,0.5600,-2.7650,0.7700
62140223,sitting,0.0012,1.0014,0.0102,0.5250,-2.7650,0.7700
62140242,sitting,0.0015,1.0014,0.0098,0.5600,-2.7300,0.7700
62140262,sitting,0.0015,1.0006,0.0090,0.5600,-2.8000,0.8050
62140281,sitting,0.0007,1.0014,0.0088,0.5600,-2.7650,0.7700
62140300,sitting,0.0015,1.0014,0.0083,0.5600,-2.7300,0.7700
62140319,sitting,0.0005,1.0004,0.0095,0.5600,-2.7300,0.7700
62140339,sitting,0.0017,1.0009,0.0083,0.5600,-2.7300,0.7700
62140358,sitting,0.0010,1.0011,0.0090,0.5600,-2.7300,0.7700
62140377,sitting,0.0015,1.0009,0.0098,0.5600,-2.7650,0.7700
62140396,sitting,0.0012,1.0024,0.0102,0.5600,-2.7650,0.7700
62140416,sitting,0.0024,1.0009,0.0095,0.5600,-2.7650,0.7350
62140435,sitting,0.0010,1.0006,0.0090,0.5600,-2.7300,0.7000
62140454,sitting,0.0000,1.0011,0.0102,0.5600,-2.7300,0.7350
62140473,sitting,0.0010,1.0016,0.0102,0.5950,-2.7650,0.7700
62140492,sitting,0.0010,1.0006,0.0095,0.5600,-2.7300,0.7700
62140512,sitting,0.0017,1.0004,0.0095,0.5600,-2.8000,0.7700
62140531,sitting,0.0015,1.0009,0.0088,0.5600,-2.7650,0.7700
62140550,sitting,0.0010,1.0016,0.0093,0.5600,-2.8000,0.7700
62140569,sitting,0.0015,1.0019,0.0102,0.5600,-2.7650,0.7700
62140589,sitting,0.0010,1.0004,0.0098,0.5600,-2.7300,0.7350
62140608,sitting,0.0010,1.0006,0.0098,0.5600,-2.7650,0.7700
62140627,sitting,0.0017,1.0006,0.0078,0.5950,-2.7650,0.7700
62140646,sitting,0.0015,1.0009,0.0085,0.5600,-2.7650,0.7700
62140666,sitting,0.0007,1.0006,0.0095,0.5600,-2.7300,0.7350
62140685,sitting,0.0015,1.0006,0.0090,0.5600,-2.8000,0.7350
62140704,sitting,0.0002,1.0011,0.0095,0.5600,-2.7650,0.7700
62140723,sitting,0.0017,1.0021,0.0107,0.5600,-2.7300,0.7700
62140742,sitting,0.0015,1.0014,0.0093,0.5600,-2.7300,0.7700
62140762,sitting,0.0012,1.0011,0.0093,0.5600,-2.7300,0.7700
62140781,sitting,0.0020,1.0006,0.0098,0.5600,-2.7300,0.7700
62140800,sitting,0.0012,1.0016,0.0093,0.5250,-2.7300,0.7700
62140819,sitting,0.0020,1.0004,0.0093,0.5250,-2.7650,0.7700
62140839,sitting,0.0015,1.0016,0.0095,0.5250,-2.7650,0.7350
62140858,sitting,0.0015,1.0009,0.0098,0.5600,-2.7300,0.7700
62140877,sitting,0.0007,1.0016,0.0112,0.5600,-2.7300,0.7700
62140896,sitting,0.0015,1.0019,0.0100,0.5250,-2.7300,0.7700
62140916,sitting,0.0020,1.0006,0.0098,0.4900,-2.7300,0.7700
62140935,sitting,0.0015,1.0011,0.0085,0.5600,-2.7650,0.7350
62140954,sitting,0.0017,1.0006,0.0098,0.5600,-2.7300,0.7700
62140973,sitting,0.0020,1.0006,0.0093,0.5600,-2.7300,0.7700
62140992,sitting,0.0015,1.0009,0.0095,0.5600,-2.7300,0.7700
62141012,sitting,0.0017,1.0011,0.0093,0.5600,-2.7650,0.7700
62141031,sitting,0.0002,1.0014,0.0100,0.5600,-2.7300,0.7350
62141050,sitting,0.0007,1.0011,0.0093,0.5950,-2.7300,0.7700
62141069,sitting,0.0020,1.0011,0.0090,0.5600,-2.7650,0.7700
62141089,sitting,0.0020,1.0014,0.0098,0.5250,-2.8000,0.7700
62141108,sitting,0.0017,1.0014,0.0102,0.5600,-2.7300,0.7700
62141127,sitting,0.0015,1.0014,0.0093,0.5600,-2.7300,0.7700
62141146,sitting,0.0017,1.0009,0.0100,0.5600,-2.8000,0.7350
62141166,sitting,0.0020,1.0016,0.0093,0.5250,-2.7300,0.7350
62141185,sitting,0.0012,1.0009,0.0090,0.5600,-2.7650,0.7700
62141204,sitting,0.0015,1.0009,0.0090,0.5600,-2.8000,0.7700
62141223,sitting,0.0015,1.0004,0.0095,0.5600,-2.7300,0.8050
62141242,sitting,0.0022,1.0002,0.0100,0.5600,-2.7300,0.7700
62141262,sitting,0.0029,1.0016,0.0090,0.5600,-2.7300,0.7700
62141281,sitting,0.0020,1.0009,0.0085,0.5600,-2.7300,0.7700
62141300,sitting,0.0024,1.0014,0.0090,0.5600,-2.7650,0.8050
62141319,sitting,0.0015,1.0006,0.0093,0.5600,-2.7650,0.8050
62141339,sitting,0.0005,1.0014,0.0093,0.5600,-2.7300,0.7700
62141358,sitting,0.0020,1.0019,0.0093,0.5600,-2.7300,0.7700
62141377,sitting,0.0015,1.0014,0.0098,0.5600,-2.7300,0.7350
62141396,sitting,0.0027,1.0009,0.0090,0.5600,-2.7300,0.7350
62141416,sitting,0.0012,1.0014,0.0095,0.5600,-2.7300,0.7700
62141435,sitting,0.0017,1.0014,0.0102,0.5600,-2.7650,0.7700
62141454,sitting,0.0015,1.0011,0.0083,0.5600,-2.7650,0.7700
62141473,sitting,0.0017,1.0019,0.0102,0.5600,-2.7650,0.7700
62141492,sitting,0.0012,1.0016,0.0090,0.5600,-2.7300,0.7700
62141512,sitting,0.0005,1.0009,0.0090,0.5250,-2.6950,0.8050
62141531,sitting,0.0012,1.0006,0.0085,0.5600,-2.7300,0.7700
62141550,sitting,0.0020,1.0009,0.0100,0.5600,-2.7300,0.7350
62141569,sitting,0.0012,1.0014,0.0090,0.5600,-2.7300,0.7700
62141589,sitting,0.0022,1.0014,0.0088,0.5600,-2.7300,0.7700
62141608,sitting,0.0017,1.0014,0.0095,0.5600,-2.7650,0.7700
62141627,sitting,0.0015,1.0011,0.0100,0.5600,-2.7300,0.7700
62141646,sitting,0.0015,1.0014,0.0093,0.5250,-2.7300,0.7700
62141666,sitting,0.0007,1.0009,0.0093,0.5600,-2.7650,0.7700
62141685,sitting,0.0005,1.0011,0.0100,0.5600,-2.7300,0.7700
62141704,sitting,0.0015,1.0014,0.0095,0.5250,-2.7650,0.7700
62141723,sitting,0.0024,1.0002,0.0098,0.5600,-2.7300,0.7700
62141742,sitting,0.0012,1.0016,0.0098,0.5600,-2.7650,0.7700
62141762,sitting,0.0022,1.0011,0.0100,0.5600,-2.8000,0.7700
62141781,sitting,0.0022,1.0021,0.0088,0.5600,-2.8000,0.7700
62141800,sitting,0.0027,1.0009,0.0100,0.5600,-2.7300,0.8050
62141819,sitting,0.0002,1.0006,0.0098,0.5600,-2.7650,0.7700
62141839,sitting,0.0020,1.0011,0.0093,0.5950,-2.7300,0.7700
62141858,sitting,0.0007,1.0006,0.0100,0.5250,-2.7650,0.7700
62141877,sitting,0.0007,1.0016,0.0093,0.5600,-2.7650,0.7350
62141896,sitting,0.0017,1.0014,0.0090,0.5600,-2.7650,0.7700
62141916,sitting,0.0027,1.0014,0.0095,0.5600,-2.7650,0.7700
62141935,sitting,0.0017,1.0011,0.0090,0.6300,-2.7650,0.7700
62141954,sitting,0.0015,1.0006,0.0105,0.5600,-2.7300,0.7700
62141973,sitting,0.0010,1.0009,0.0098,0.5950,-2.7300,0.7700
62141992,sitting,0.0007,1.0011,0.0093,0.5950,-2.7300,0.7700
62142012,sitting,0.0017,1.0006,0.0093,0.5600,-2.7300,0.7700
62142031,sitting,0.0017,1.0009,0.0095,0.5600,-2.7300,0.7700
62142050,sitting,0.0024,1.0006,0.0107,0.5600,-2.7300,0.7700
62142069,sitting,0.0007,1.0014,0.0090,0.5600,-2.7300,0.7700
62142089,sitting,0.0022,1.0006,0.0088,0.5600,-2.7300,0.7350
62142108,sitting,0.0017,1.0014,0.0102,0.5600,-2.7300,0.7350
62142127,sitting,0.0012,1.0011,0.0088,0.5600,-2.7650,0.7350
62142146,sitting,0.0015,1.0006,0.0090,0.5600,-2.7300,0.7350
62142166,sitting,0.0002,1.0011,0.0098,0.5600,-2.7300,0.7350
62142185,sitting,0.0017,1.0011,0.0090,0.5600,-2.8000,0.7700
62142204,sitting,0.0015,1.0014,0.0100,0.5250,-2.7300,0.7350
62142223,sitting,0.0015,1.0011,0.0100,0.5250,-2.7650,0.8050
62142242,sitting,0.0010,1.0009,0.0098,0.5250,-2.7650,0.7700
62142262,sitting,0.0017,1.0016,0.0090,0.5250,-2.8000,0.8050
62142281,sitting,0.0007,1.0004,0.0098,0.4900,-2.7650,0.7700
62142300,sitting,0.0007,1.0006,0.0102,0.5600,-2.7300,0.7700
62142319,sitting,0.0005,1.0011,0.0098,0.5250,-2.7650,0.8400
62142339,sitting,0.0005,1.0004,0.0100,0.5250,-2.7300,0.7700
62142358,sitting,0.0012,1.0004,0.0095,0.5950,-2.7650,0.7700
62142377,sitting,0.0020,1.0004,0.0098,0.5600,-2.7650,0.7700
62142396,sitting,0.0022,1.0011,0.0098,0.5950,-2.7650,0.7700
62142416,sitting,0.0022,1.0014,0.0098,0.5250,-2.7300,0.7700
62142435,sitting,0.0020,1.0014,0.0098,0.5600,-2.7300,0.7350
62142454,sitting,0.0007,1.0009,0.0098,0.5250,-2.7650,0.7700
62142473,sitting,0.0007,1.0014,0.0093,0.5600,-2.7300,0.7350
62142492,sitting,0.0010,1.0006,0.0093,0.5600,-2.7300,0.7700
62142512,sitting,0.0022,1.0011,0.0093,0.5950,-2.7300,0.7700
62142531,sitting,0.0017,1.0009,0.0088,0.5600,-2.7650,0.7700
62142550,sitting,0.0010,1.0016,0.0090,0.5600,-2.7650,0.7700
62142569,sitting,0.0015,1.0006,0.0088,0.5600,-2.7300,0.7700
62142589,sitting,0.0015,1.0011,0.0093,0.5600,-2.7650,0.7700
62142608,sitting,0.0017,1.0021,0.0098,0.5600,-2.7650,0.7700
62142627,sitting,0.0022,1.0014,0.0100,0.5600,-2.7300,0.7350
62142646,sitting,0.0012,1.0011,0.0102,0.5600,-2.7300,0.7700
62142666,sitting,0.0012,1.0006,0.0090,0.5600,-2.7650,0.7700
62142685,sitting,0.0015,1.0006,0.0102,0.5600,-2.8000,0.7700
62142704,sitting,0.0015,1.0019,0.0093,0.5600,-2.8000,0.7700
62142723,sitting,0.0010,1.0006,0.0098,0.5600,-2.7300,0.7700
62142742,sitting,0.0017,1.0009,0.0090,0.5600,-2.7300,0.7350
62142762,sitting,0.0010,1.0016,0.0098,0.5600,-2.7650,0.7700
62142781,sitting,0.0007,1.0014,0.0100,0.5250,-2.7300,0.7700
62142800,sitting,0.0020,1.0009,0.0095,0.5600,-2.8000,0.7350
62142819,sitting,0.0015,1.0014,0.0088,0.5600,-2.7300,0.7350
62142839,sitting,0.0017,1.0006,0.0093,0.5600,-2.8000,0.7700
62142858,sitting,0.0010,1.0009,0.0095,0.5600,-2.7650,0.7700
62142877,sitting,0.0012,1.0014,0.0093,0.5600,-2.7300,0.7700
62142896,sitting,0.0015,1.0006,0.0102,0.5600,-2.7300,0.7700
62142916,sitting,0.0017,1.0002,0.0098,0.5600,-2.7300,0.7350
62142935,sitting,0.0012,1.0014,0.0100,0.5600,-2.7650,0.7700
62142954,sitting,0.0015,1.0006,0.0105,0.5250,-2.7300,0.7700
62142973,sitting,0.0017,1.0009,0.0090,0.5600,-2.7650,0.7700
62142992,sitting,0.0005,1.0024,0.0090,0.5600,-2.8000,0.7350
62143012,sitting,0.0012,1.0016,0.0098,0.5600,-2.7300,0.7700
62143031,sitting,0.0015,1.0011,0.0090,0.5600,-2.7300,0.7700
62143050,sitting,0.0010,1.0006,0.0090,0.5600,-2.7300,0.7700
62143069,sitting,0.0022,1.0002,0.0090,0.5600,-2.7300,0.7350
62143089,sitting,0.0012,1.0014,0.0093,0.5600,-2.7300,0.7700
62143108,sitting,0.0017,1.0006,0.0088,0.5950,-2.7300,0.7000
62143127,sitting,0.0012,1.0011,0.0085,0.5600,-2.7300,0.7700
62143146,sitting,0.0020,1.0019,0.0081,0.5600,-2.8000,0.7700
62143166,sitting,0.0029,1.0004,0.0095,0.5600,-2.7650,0.7700
62143185,sitting,0.0015,1.0014,0.0090,0.5600,-2.7300,0.7700
62143204,sitting,0.0017,1.0016,0.0093,0.5600,-2.7650,0.7350
62143223,sitting,0.0022,1.0011,0.0083,0.5600,-2.7300,0.7350
62143242,sitting,0.0007,1.0009,0.0085,0.5600,-2.7650,0.7700
62143262,sitting,0.0010,1.0014,0.0098,0.5600,-2.7300,0.7700
62143281,sitting,0.0015,1.0009,0.0090,0.5600,-2.7650,0.7350
62143300,sitting,0.0015,1.0009,0.0088,0.5600,-2.8000,0.7700
62143319,sitting,0.0012,1.0009,0.0093,0.5950,-2.7300,0.7700
62143339,sitting,0.0007,1.0014,0.0107,0.5600,-2.7300,0.7700
62143358,sitting,0.0007,1.0009,0.0095,0.5600,-2.7300,0.7700
62143377,sitting,0.0017,1.0021,0.0095,0.5600,-2.7300,0.7700
62143396,sitting,0.0024,1.0011,0.0088,0.5600,-2.7300,0.7350
62143416,sitting,0.0020,1.0016,0.0095,0.5600,-2.7650,0.7700
62143435,sitting,0.0015,1.0016,0.0085,0.5600,-2.7300,0.7700
62143454,sitting,0.0017,1.0004,0.0088,0.5600,-2.7300,0.7700
62143473,sitting,0.0020,1.0002,0.0100,0.5250,-2.7300,0.7700
62143492,sitting,0.0007,1.0014,0.0095,0.5600,-2.7300,0.7700
62143512,sitting,0.0015,1.0011,0.0088,0.5600,-2.7300,0.7700
62143531,sitting,0.0020,1.0014,0.0093,0.5600,-2.7300,0.7350
62143550,sitting,0.0007,1.0002,0.0102,0.5600,-2.7650,0.7700
62143569,sitting,0.0015,0.9999,0.0090,0.5600,-2.7650,0.7700
62143589,sitting,0.0012,1.0016,0.0095,0.5600,-2.7650,0.7700
62143608,sitting,0.0012,1.0004,0.0095,0.5600,-2.7300,0.7700
62143627,sitting,0.0010,1.0009,0.0098,0.5250,-2.7300,0.7700
62143646,sitting,0.0010,1.0006,0.0110,0.5600,-2.8000,0.7700
62143666,sitting,0.0012,1.0006,0.0093,0.5600,-2.7300,0.7350
62143685,sitting,0.0012,1.0014,0.0095,0.5600,-2.7650,0.7700
62143704,sitting,0.0022,1.0011,0.0088,0.5600,-2.7650,0.7700
62143723,sitting,0.0017,1.0006,0.0093,0.5950,-2.8000,0.7700
62143742,sitting,0.0020,1.0006,0.0090,0.5600,-2.7300,0.7700
62143762,sitting,0.0027,1.0006,0.0098,0.5600,-2.7650,0.7700
62143781,sitting,0.0020,1.0006,0.0100,0.5600,-2.7300,0.7000
62143800,sitting,0.0017,1.0006,0.0098,0.5600,-2.7650,0.7700
62143819,sitting,0.0002,1.0011,0.0098,0.5600,-2.8000,0.7700
62143839,sitting,0.0010,1.0016,0.0098,0.5600,-2.7300,0.7700
62143858,sitting,0.0012,1.0011,0.0102,0.5600,-2.8000,0.7700
62143877,sitting,0.0020,1.0009,0.0090,0.5600,-2.7650,0.7700
62143896,sitting,0.0017,1.0014,0.0100,0.5600,-2.7300,0.7700
62143916,sitting,0.0012,1.0011,0.0102,0.5600,-2.7300,0.8050
62143935,sitting,0.0017,1.0009,0.0093,0.5600,-2.7650,0.7700
62143954,sitting,0.0015,1.0014,0.0102,0.5600,-2.7300,0.7700
62143973,sitting,0.0015,1.0011,0.0093,0.5600,-2.7300,0.7350
62143992,sitting,0.0010,1.0016,0.0095,0.5600,-2.7650,0.7700
62144012,sitting,0.0007,1.0016,0.0100,0.5250,-2.7650,0.7700
62144031,sitting,0.0012,1.0004,0.0102,0.5600,-2.7300,0.7700
62144050,sitting,0.0020,1.0006,0.0095,0.5250,-2.7650,0.7700
62144069,sitting,0.0012,1.0019,0.0095,0.5600,-2.7650,0.7350
62144089,sitting,0.0012,1.0016,0.0095,0.5250,-2.7650,0.7700
62144108,sitting,0.0022,1.0004,0.0095,0.5600,-2.7650,0.7700
62144127,sitting,0.0022,1.0006,0.0088,0.5600,-2.7300,0.7700
62144146,sitting,0.0022,1.0016,0.0093,0.5600,-2.7300,0.7350
62144166,sitting,0.0015,1.0019,0.0095,0.5600,-2.7300,0.7700
62144185,sitting,0.0010,1.0014,0.0090,0.5600,-2.7300,0.7700
62144204,sitting,0.0010,1.0019,0.0100,0.5600,-2.7300,0.7700
62144223,sitting,0.0007,1.0014,0.0102,0.5600,-2.7300,0.7700
62144242,sitting,0.0022,1.0016,0.0102,0.5600,-2.7650,0.7700
62144262,sitting,0.0022,1.0006,0.0110,0.5600,-2.7300,0.7700
62144281,sitting,0.0017,1.0009,0.0098,0.5600,-2.7650,0.8050
62144300,sitting,0.0015,1.0011,0.0093,0.5600,-2.7650,0.8050
62144319,sitting,0.0017,1.0009,0.0102,0.5600,-2.7300,0.8050
62144339,sitting,0.0015,1.0011,0.0085,0.5600,-2.7650,0.8050
62144358,sitting,0.0017,1.0006,0.0095,0.4900,-2.7300,0.7700
62144377,sitting,0.0010,1.0016,0.0095,0.5250,-2.7650,0.7700
62144396,sitting,0.0015,1.0011,0.0090,0.5600,-2.7300,0.7700
62144416,sitting,0.0007,1.0009,0.0095,0.5600,-2.7300,0.7700
62144435,sitting,0.0015,1.0009,0.0095,0.5600,-2.7300,0.7700
62144454,sitting,0.0002,1.0006,0.0095,0.5250,-2.7650,0.7350
62144473,sitting,0.0005,1.0014,0.0105,0.5600,-2.7300,0.7700
62144492,sitting,0.0007,1.0009,0.0105,0.5250,-2.7300,0.7700
62144512,sitting,0.0015,1.0004,0.0093,0.5600,-2.7650,0.7700
62144531,sitting,0.0017,1.0009,0.0090,0.5600,-2.7300,0.7700
62144550,sitting,0.0015,1.0016,0.0098,0.5600,-2.7300,0.7700
62144569,sitting,0.0012,1.0011,0.0093,0.5600,-2.7300,0.7700
62144589,sitting,0.0015,1.0009,0.0105,0.5250,-2.7300,0.7700
62144608,sitting,0.0010,1.0016,0.0093,0.5600,-2.8000,0.7700
62144627,sitting,0.0010,1.0014,0.0085,0.5600,-2.7300,0.7700
62144646,sitting,0.0015,1.0016,0.0098,0.5250,-2.7300,0.7700
62144666,sitting,0.0015,1.0011,0.0093,0.5600,-2.7300,0.7700
62144685,sitting,0.0015,1.0014,0.0100,0.5600,-2.7300,0.7350
62144704,sitting,0.0020,1.0006,0.0098,0.5600,-2.7300,0.7350
62144723,sitting,0.0017,1.0011,0.0105,0.5250,-2.7650,0.7700
62144742,sitting,0.0015,1.0006,0.0095,0.5600,-2.8000,0.7700
62144762,sitting,0.0015,1.0002,0.0098,0.5950,-2.7300,0.7700
62144781,sitting,0.0005,0.9997,0.0105,0.5600,-2.7650,0.7700
62144800,sitting,0.0015,1.0009,0.0100,0.5600,-2.7300,0.7700
62144819,sitting,0.0012,1.0016,0.0098,0.5600,-2.7650,0.7700
62144839,sitting,0.0017,1.0004,0.0090,0.5600,-2.7650,0.7700
62144858,sitting,0.0020,1.0006,0.0102,0.5250,-2.7650,0.7700
62144877,sitting,0.0005,1.0002,0.0098,0.5250,-2.7650,0.7700
62144896,sitting,0.0020,1.0006,0.0095,0.4900,-2.7650,0.8050
62144916,sitting,0.0024,1.0002,0.0095,0.5600,-2.7650,0.7700
62144935,sitting,0.0015,1.0006,0.0090,0.5950,-2.7650,0.7700
62144954,sitting,0.0012,1.0009,0.0095,0.5600,-2.7300,0.8050
62144973,sitting,0.0017,1.0011,0.0105,0.5600,-2.7650,0.7700
62144992,sitting,0.0002,1.0014,0.0093,0.5600,-2.7650,0.7700
62145012,sitting,0.0015,1.0011,0.0100,0.5600,-2.7650,0.7700
62145031,sitting,0.0015,1.0019,0.0098,0.5600,-2.7300,0.7700
62145050,sitting,0.0010,1.0006,0.0098,0.5600,-2.7650,0.7700
62145069,sitting,0.0012,1.0016,0.0088,0.5600,-2.8000,0.7700
62145089,sitting,0.0012,1.0009,0.0098,0.5600,-2.7300,0.7700
62145108,sitting,0.0015,1.0011,0.0098,0.5600,-2.7300,0.7000
62145127,sitting,0.0017,1.0006,0.0107,0.5600,-2.7300,0.7350
62145146,sitting,0.0015,1.0024,0.0100,0.5600,-2.7300,0.7700
62145166,sitting,0.0017,1.0021,0.0107,0.5600,-2.7300,0.7700
62145185,sitting,0.0022,1.0009,0.0098,0.5600,-2.7300,0.7000
62145204,sitting,0.0017,1.0016,0.0100,0.5600,-2.7300,0.7350
62145223,sitting,0.0012,1.0006,0.0098,0.5600,-2.7300,0.7700
62145242,sitting,0.0007,1.0011,0.0088,0.5600,-2.8000,0.7700
62145262,sitting,0.0015,1.0019,0.0093,0.5600,-2.7650,0.7700
62145281,sitting,0.0010,1.0011,0.0093,0.5250,-2.7650,0.7700
62145300,sitting,0.0010,1.0011,0.0095,0.5600,-2.7650,0.7350
62145319,sitting,0.0002,1.0014,0.0098,0.5600,-2.7650,0.8050
62145339,sitting,0.0012,1.0011,0.0095,0.5250,-2.7300,0.7700
62145358,sitting,0.0027,1.0006,0.0098,0.5250,-2.7650,0.7700
62145377,sitting,0.0007,1.0011,0.0090,0.5600,-2.7300,0.7700
62145396,sitting,0.0015,1.0014,0.0102,0.5600,-2.7650,0.7700
62145416,sitting,0.0007,1.0004,0.0100,0.5250,-2.7650,0.7350
62145435,sitting,0.0007,1.0006,0.0098,0.5600,-2.7650,0.7700
62145454,sitting,0.0012,1.0006,0.0090,0.5600,-2.7300,0.7700
62145473,sitting,0.0017,1.0004,0.0081,0.5250,-2.7650,0.7700
62145492,sitting,0.0017,1.0002,0.0100,0.5600,-2.7300,0.7700
62145512,sitting,0.0010,1.0009,0.0090,0.5250,-2.7300,0.7700
62145531,sitting,0.0012,1.0019,0.0093,0.5600,-2.7300,0.7700
62145550,sitting,0.0010,1.0004,0.0100,0.5600,-2.7300,0.7700
62145569,sitting,0.0005,1.0014,0.0090,0.5600,-2.7650,0.7700
62145589,sitting,0.0012,1.0011,0.0100,0.5600,-2.7300,0.7700
62145608,sitting,0.0012,1.0024,0.0100,0.5600,-2.7650,0.7700
62145627,sitting,0.0017,1.0009,0.0098,0.5950,-2.7300,0.7700
62145646,sitting,0.0017,1.0011,0.0095,0.5600,-2.8000,0.7700
62145666,sitting,0.0005,1.0009,0.0098,0.5600,-2.8000,0.7700
62145685,sitting,0.0000,1.0004,0.0102,0.5600,-2.7650,0.7700
62145704,sitting,0.0017,1.0004,0.0102,0.5250,-2.7650,0.7700
62145723,sitting,0.0024,1.0009,0.0100,0.5600,-2.8000,0.7700
62145742,sitting,0.0022,1.0014,0.0105,0.5600,-2.7300,0.7350
62145762,sitting,0.0015,1.0009,0.0098,0.5600,-2.7650,0.7700
62145781,sitting,0.0020,1.0011,0.0093,0.5600,-2.7300,0.7700
62145800,sitting,0.0017,1.0021,0.0090,0.5250,-2.7300,0.7700
62145819,sitting,0.0012,1.0021,0.0093,0.5950,-2.7650,0.7700
62145839,sitting,-0.0002,1.0011,0.0100,0.5250,-2.7650,0.7700
62145858,sitting,0.0017,1.0014,0.0095,0.5600,-2.8000,0.7700
62145877,sitting,0.0012,1.0016,0.0098,0.5600,-2.8000,0.7700
62145896,sitting,0.0017,1.0011,0.0090,0.5600,-2.8000,0.7700
62145916,sitting,0.0017,1.0009,0.0090,0.5600,-2.8000,0.7350
62145935,sitting,0.0015,1.0011,0.0088,0.5250,-2.7650,0.7350
62145954,sitting,0.0015,1.0011,0.0095,0.5600,-2.7650,0.7700
62145973,sitting,0.0022,1.0024,0.0088,0.5600,-2.7300,0.7700
62145992,sitting,0.0012,1.0009,0.0105,0.5250,-2.7300,0.7700
62146012,sitting,0.0017,1.0014,0.0095,0.5600,-2.7300,0.7700
62146031,sitting,0.0010,1.0009,0.0088,0.5600,-2.7300,0.7700
62146050,sitting,0.0024,1.0009,0.0095,0.5600,-2.7300,0.7700
62146069,sitting,0.0015,1.0009,0.0098,0.5600,-2.7300,0.7700
62146089,sitting,0.0017,1.0009,0.0093,0.5600,-2.7300,0.7700
62146108,sitting,0.0020,1.0011,0.0095,0.5600,-2.7300,0.7700
62146127,sitting,0.0010,1.0009,0.0102,0.5600,-2.7650,0.7700
62146146,sitting,0.0007,1.0006,0.0098,0.5600,-2.7300,0.7350
62146166,sitting,0.0000,1.0004,0.0095,0.5600,-2.7300,0.7700
62146185,sitting,0.0007,1.0011,0.0090,0.5600,-2.7300,0.7700
62146204,sitting,0.0020,1.0006,0.0098,0.5600,-2.7650,0.7700
62146223,sitting,0.0012,1.0014,0.0098,0.5250,-2.8000,0.7700
62146242,sitting,0.0007,1.0014,0.0098,0.5600,-2.7300,0.7700
62146262,sitting,0.0015,1.0019,0.0088,0.5600,-2.7300,0.7700
62146281,sitting,0.0005,1.0014,0.0095,0.5600,-2.7300,0.7700
62146300,sitting,0.0027,1.0006,0.0090,0.5600,-2.7650,0.7000
62146319,sitting,0.0012,1.0009,0.0093,0.5250,-2.7300,0.7700
62146339,sitting,0.0017,1.0009,0.0100,0.5600,-2.7650,0.7350
62146358,sitting,0.0010,1.0014,0.0098,0.5600,-2.7650,0.7700
62146377,sitting,0.0007,1.0004,0.0093,0.5600,-2.7300,0.7700
62146396,sitting,0.0005,1.0011,0.0100,0.5600,-2.7300,0.7700
62146416,sitting,0.0017,1.0014,0.0105,0.5600,-2.7300,0.7700
62146435,sitting,0.0012,1.0011,0.0090,0.5600,-2.7300,0.7700
62146454,sitting,0.0015,1.0009,0.0098,0.5600,-2.7300,0.7700
62146473,sitting,0.0017,1.0011,0.0095,0.5250,-2.7650,0.7700
62146492,sitting,0.0017,1.0011,0.0098,0.5250,-2.7300,0.7700
62146512,sitting,0.0012,1.0014,0.0095,0.5250,-2.7300,0.7700
62146531,sitting,0.0020,1.0016,0.0090,0.5600,-2.7300,0.7700
62146550,sitting,0.0012,1.0014,0.0100,0.5250,-2.8000,0.7350
62146569,sitting,0.0020,1.0004,0.0100,0.5600,-2.7650,0.7700
62146589,sitting,0.0024,1.0016,0.0090,0.5250,-2.7300,0.7700
62146608,sitting,0.0012,1.0009,0.0098,0.5950,-2.7650,0.7700
62146627,sitting,0.0020,1.0011,0.0100,0.5600,-2.7300,0.7700
62146646,sitting,0.0005,1.0009,0.0098,0.5600,-2.7300,0.7700
62146666,sitting,0.0027,1.0016,0.0093,0.5600,-2.7300,0.7700
62146685,sitting,0.0022,1.0009,0.0098,0.5600,-2.7300,0.7700
62146704,sitting,0.0010,1.0011,0.0100,0.5600,-2.7300,0.7350
62146723,sitting,0.0010,1.0009,0.0090,0.5600,-2.7300,0.7700
62146742,sitting,0.0007,1.0006,0.0098,0.5950,-2.7300,0.7700
62146762,sitting,0.0017,1.0004,0.0098,0.5600,-2.7300,0.7350
62146781,sitting,0.0020,1.0002,0.0090,0.5600,-2.7650,0.7350
62146800,sitting,0.0022,1.0006,0.0090,0.5600,-2.7650,0.7700
62146819,sitting,0.0020,1.0019,0.0098,0.5600,-2.7650,0.7700
62146839,sitting,0.0015,1.0011,0.0098,0.5600,-2.8000,0.7700
62146858,sitting,0.0017,1.0016,0.0085,0.5600,-2.7650,0.7700
62146877,sitting,0.0017,1.0016,0.0090,0.5600,-2.7650,0.7700
62146896,sitting,0.0007,1.0014,0.0102,0.5600,-2.7650,0.7700
62146916,sitting,0.0017,1.0014,0.0088,0.5600,-2.7650,0.7700
62146935,sitting,0.0020,1.0011,0.0100,0.5600,-2.7650,0.7350
62146954,sitting,0.0020,1.0011,0.0090,0.5600,-2.7650,0.8050
62146973,sitting,0.0012,1.0016,0.0098,0.5600,-2.7650,0.7700
62146992,sitting,0.0015,1.0009,0.0102,0.5250,-2.7300,0.7700
62147012,sitting,0.0012,1.0006,0.0100,0.5600,-2.8000,0.8050
62147031,sitting,0.0015,1.0006,0.0095,0.5600,-2.7300,0.7350
62147050,sitting,0.0017,1.0009,0.0095,0.4900,-2.8000,0.7700
62147069,sitting,0.0024,1.0006,0.0093,0.5600,-2.7650,0.7700
62147089,sitting,0.0012,1.0014,0.0095,0.5250,-2.7300,0.7700
62147108,sitting,0.0010,1.0009,0.0098,0.5600,-2.7650,0.7700
62147127,sitting,0.0010,1.0002,0.0090,0.5600,-2.7300,0.7700
62147146,sitting,0.0015,1.0011,0.0088,0.5600,-2.7300,0.8050
62147166,sitting,0.0012,1.0019,0.0098,0.5600,-2.7300,0.7700
62147185,sitting,0.0017,1.0006,0.0098,0.5600,-2.7300,0.7700
62147204,sitting,0.0015,1.0004,0.0093,0.5600,-2.7300,0.7700
62147223,sitting,0.0024,1.0002,0.0098,0.5250,-2.7300,0.7700
62147242,sitting,0.0017,1.0011,0.0100,0.5600,-2.8000,0.8050
62147262,sitting,0.0015,1.0009,0.0085,0.5600,-2.7650,0.7700
62147281,sitting,0.0017,1.0009,0.0088,0.5250,-2.7650,0.7700
62147300,sitting,0.0015,1.0014,0.0085,0.5600,-2.7650,0.7350
62147319,sitting,0.0015,1.0011,0.0095,0.5600,-2.7300,0.7700
62147339,sitting,0.0017,1.0011,0.0112,0.5600,-2.7650,0.8050
62147358,sitting,0.0020,1.0016,0.0100,0.5600,-2.7650,0.7700
62147377,sitting,0.0022,1.0009,0.0093,0.5950,-2.7650,0.7700
62147396,sitting,0.0012,1.0004,0.0098,0.5950,-2.7650,0.7700
62147416,sitting,0.0020,1.0014,0.0100,0.5600,-2.7300,0.7700
62147435,sitting,0.0017,1.0011,0.0090,0.5600,-2.8000,0.7700
62147454,sitting,0.0020,1.0016,0.0088,0.5600,-2.8000,0.7700
62147473,sitting,0.0020,1.0011,0.0090,0.5600,-2.7300,0.7700
62147492,sitting,0.0017,1.0014,0.0088,0.5250,-2.7300,0.7700
62147512,sitting,0.0010,1.0016,0.0095,0.4900,-2.7300,0.7700
62147531,sitting,0.0005,1.0011,0.0098,0.5250,-2.7300,0.7350
62147550,sitting,0.0015,1.0016,0.0088,0.5600,-2.8000,0.7700
62147569,sitting,0.0015,1.0006,0.0088,0.5600,-2.7300,0.8050
62147589,sitting,0.0005,1.0011,0.0083,0.5600,-2.7650,0.7700
62147608,sitting,0.0015,1.0011,0.0093,0.5600,-2.7300,0.7700
62147627,sitting,0.0024,1.0016,0.0102,0.5250,-2.7300,0.8050
62147646,sitting,0.0015,1.0011,0.0102,0.5600,-2.7650,0.7700
62147666,sitting,0.0020,1.0019,0.0098,0.5600,-2.7650,0.7700
62147685,sitting,0.0007,1.0009,0.0085,0.5600,-2.7300,0.7700
62147704,sitting,0.0010,1.0014,0.0095,0.5600,-2.7300,0.7700
62147723,sitting,0.0012,1.0014,0.0100,0.5950,-2.7300,0.7700
62147742,sitting,0.0007,1.0014,0.0098,0.5600,-2.7300,0.7700
62147762,sitting,0.0020,1.0014,0.0093,0.5600,-2.7300,0.7350
62147781,sitting,0.0015,1.0004,0.0100,0.5600,-2.7300,0.7350
62147800,sitting,0.0010,1.0011,0.0095,0.5600,-2.7300,0.7350
62147819,sitting,0.0015,1.0019,0.0093,0.5600,-2.7300,0.7000
62147839,sitting,0.0022,1.0016,0.0095,0.5600,-2.7300,0.7700
62147858,sitting,0.0007,1.0011,0.0098,0.5600,-2.8000,0.7000
62147877,sitting,0.0007,1.0009,0.0095,0.5600,-2.8000,0.7700
62147896,sitting,0.0007,1.0004,0.0100,0.5600,-2.7300,0.7700
62147916,sitting,0.0015,1.0009,0.0095,0.5600,-2.7300,0.7700
62147935,sitting,0.0012,1.0014,0.0098,0.5600,-2.8000,0.8050
62147954,sitting,0.0002,1.0014,0.0090,0.5600,-2.7300,0.7700
