timestamp_ms,label,acc_x_g,acc_y_g,acc_z_g,gyro_x_dps,gyro_y_dps,gyro_z_dps
61892772,sitting,-1.0077,0.0056,0.0459,0.5600,-2.7300,0.7350
61892791,sitting,-1.0077,0.0059,0.0449,0.5600,-2.7300,0.7000
61892810,sitting,-1.0092,0.0049,0.0451,0.5600,-2.7650,0.7350
61892829,sitting,-1.0077,0.0056,0.0456,0.5250,-2.7650,0.8400
61892849,sitting,-1.0087,0.0051,0.0459,0.5250,-2.7300,0.7700
61892868,sitting,-1.0087,0.0054,0.0456,0.5250,-2.7300,0.7700
61892887,sitting,-1.0085,0.0054,0.0468,0.5250,-2.7300,0.7700
61892906,sitting,-1.0087,0.0061,0.0464,0.5250,-2.7650,0.7700
61892926,sitting,-1.0087,0.0054,0.0461,0.5600,-2.7300,0.7700
61892945,sitting,-1.0082,0.0054,0.0461,0.5600,-2.7300,0.7700
61892964,sitting,-1.0085,0.0056,0.0456,0.5600,-2.7300,0.7700
61892983,sitting,-1.0082,0.0051,0.0466,0.5600,-2.7300,0.7700
61893003,sitting,-1.0085,0.0061,0.0464,0.5600,-2.7300,0.7350
61893022,sitting,-1.0075,0.0054,0.0464,0.5600,-2.7300,0.7700
61893041,sitting,-1.0085,0.0056,0.0461,0.5600,-2.7300,0.7700
61893060,sitting,-1.0085,0.0046,0.0466,0.5600,-2.7650,0.7700
61893079,sitting,-1.0082,0.0046,0.0466,0.5600,-2.7300,0.7700
61893099,sitting,-1.0082,0.0046,0.0459,0.5600,-2.7300,0.7700
61893118,sitting,-1.0087,0.0046,0.0468,0.5600,-2.7300,0.7350
61893137,sitting,-1.0094,0.0054,0.0454,0.5600,-2.7300,0.7350
61893156,sitting,-1.0087,0.0054,0.0461,0.5600,-2.7300,0.7700
61893176,sitting,-1.0080,0.0051,0.0464,0.5600,-2.7650,0.7350
61893195,sitting,-1.0080,0.0054,0.0449,0.5600,-2.8000,0.7350
61893214,sitting,-1.0087,0.0046,0.0451,0.5600,-2.7650,0.7700
61893233,sitting,-1.0082,0.0054,0.0461,0.5600,-2.7650,0.7350
61893253,sitting,-1.0094,0.0056,0.0456,0.5250,-2.7300,0.7700
61893272,sitting,-1.0085,0.0061,0.0464,0.4900,-2.7650,0.7700
61893291,sitting,-1.0082,0.0046,0.0454,0.5600,-2.7650,0.7700
61893310,sitting,-1.0085,0.0046,0.0464,0.5250,-2.7300,0.7700
61893329,sitting,-1.0082,0.0056,0.0466,0.5250,-2.7650,0.7700
61893349,sitting,-1.0077,0.0061,0.0464,0.5250,-2.7300,0.7700
61893368,sitting,-1.0082,0.0054,0.0471,0.5600,-2.7650,0.7700
61893387,sitting,-1.0092,0.0046,0.0466,0.5600,-2.7300,0.7700
61893406,sitting,-1.0087,0.0059,0.0468,0.4900,-2.7300,0.7700
61893426,sitting,-1.0087,0.0054,0.0464,0.5600,-2.7300,0.7700
61893445,sitting,-1.0085,0.0056,0.0456,0.5600,-2.7300,0.7700
61893464,sitting,-1.0082,0.0051,0.0461,0.5600,-2.7300,0.7700
61893483,sitting,-1.0085,0.0054,0.0471,0.5600,-2.7300,0.7350
61893503,sitting,-1.0077,0.0063,0.0464,0.5600,-2.7300,0.7000
61893522,sitting,-1.0087,0.0056,0.0464,0.4900,-2.7300,0.7700
61893541,sitting,-1.0085,0.0051,0.0459,0.5250,-2.7650,0.7700
61893560,sitting,-1.0092,0.0049,0.0461,0.5600,-2.7300,0.7700
61893579,sitting,-1.0087,0.0049,0.0451,0.5600,-2.7300,0.7700
61893599,sitting,-1.0085,0.0051,0.0466,0.5250,-2.7650,0.7700
61893618,sitting,-1.0089,0.0051,0.0471,0.5250,-2.7650,0.7700
61893637,sitting,-1.0092,0.0056,0.0466,0.5600,-2.6950,0.7350
61893656,sitting,-1.0082,0.0051,0.0468,0.4900,-2.7300,0.7350
61893676,sitting,-1.0080,0.0046,0.0466,0.5600,-2.7650,0.7350
61893695,sitting,-1.0080,0.0056,0.0468,0.5600,-2.7650,0.7700
61893714,sitting,-1.0082,0.0059,0.0464,0.5600,-2.7650,0.7700
61893733,sitting,-1.0075,0.0056,0.0466,0.5600,-2.7300,0.7700
61893753,sitting,-1.0077,0.0051,0.0464,0.5600,-2.7650,0.7700
61893772,sitting,-1.0087,0.0044,0.0459,0.5600,-2.7300,0.7700
61893791,sitting,-1.0092,0.0054,0.0464,0.5600,-2.7650,0.7700
61893810,sitting,-1.0082,0.0051,0.0466,0.5600,-2.7650,0.7700
61893829,sitting,-1.0072,0.0051,0.0456,0.5600,-2.7300,0.7700
61893849,sitting,-1.0087,0.0049,0.0461,0.5600,-2.7300,0.7700
61893868,sitting,-1.0089,0.0059,0.0464,0.5250,-2.7650,0.7700
61893887,sitting,-1.0087,0.0051,0.0471,0.4900,-2.7300,0.7700
61893906,sitting,-1.0082,0.0054,0.0451,0.5600,-2.7650,0.7700
61893926,sitting,-1.0080,0.0051,0.0451,0.5250,-2.7300,0.7700
61893945,sitting,-1.0072,0.0059,0.0468,0.5250,-2.7650,0.8050
61893964,sitting,-1.0085,0.0039,0.0456,0.5250,-2.7300,0.7700
61893983,sitting,-1.0075,0.0054,0.0461,0.5250,-2.7300,0.7700
61894003,sitting,-1.0080,0.0063,0.0471,0.5600,-2.7650,0.7700
61894022,sitting,-1.0092,0.0056,0.0468,0.5600,-2.7300,0.7700
61894041,sitting,-1.0085,0.0044,0.0468,0.5600,-2.7300,0.8050
61894060,sitting,-1.0082,0.0049,0.0466,0.5250,-2.7300,0.7700
61894079,sitting,-1.0080,0.0051,0.0461,0.5250,-2.7300,0.7700
61894099,sitting,-1.0087,0.0056,0.0468,0.5600,-2.7650,0.7700
61894118,sitting,-1.0077,0.0063,0.0468,0.5250,-2.7300,0.7350
61894137,sitting,-1.0085,0.0059,0.0464,0.5600,-2.7300,0.7350
61894156,sitting,-1.0092,0.0056,0.0464,0.5600,-2.7300,0.7700
61894176,sitting,-1.0080,0.0049,0.0451,0.4900,-2.7300,0.7700
61894195,sitting,-1.0075,0.0049,0.0456,0.5250,-2.8000,0.7700
61894214,sitting,-1.0087,0.0056,0.0466,0.5600,-2.7300,0.7700
61894233,sitting,-1.0087,0.0056,0.0464,0.5600,-2.7300,0.7700
61894253,sitting,-1.0082,0.0056,0.0459,0.5250,-2.7300,0.7350
61894272,sitting,-1.0087,0.0056,0.0459,0.5600,-2.7300,0.7700
61894291,sitting,-1.0082,0.0059,0.0456,0.5600,-2.8000,0.7350
61894310,sitting,-1.0089,0.0059,0.0456,0.5250,-2.7650,0.7700
61894329,sitting,-1.0092,0.0059,0.0464,0.5600,-2.8000,0.7700
61894349,sitting,-1.0085,0.0063,0.0461,0.5250,-2.7300,0.7700
61894368,sitting,-1.0082,0.0056,0.0464,0.5250,-2.7650,0.7350
61894387,sitting,-1.0075,0.0056,0.0454,0.5600,-2.7650,0.7700
61894406,sitting,-1.0077,0.0056,0.0461,0.5250,-2.7300,0.7700
61894426,sitting,-1.0092,0.0046,0.0461,0.5600,-2.7300,0.7700
61894445,sitting,-1.0087,0.0056,0.0468,0.5600,-2.7300,0.8050
61894464,sitting,-1.0092,0.0054,0.0464,0.5250,-2.7650,0.7700
61894483,sitting,-1.0080,0.0049,0.0459,0.5600,-2.7300,0.7700
61894503,sitting,-1.0072,0.0054,0.0464,0.5600,-2.8000,0.7700
61894522,sitting,-1.0082,0.0061,0.0468,0.5250,-2.7300,0.7350
61894541,sitting,-1.0080,0.0049,0.0468,0.5600,-2.7300,0.7700
61894560,sitting,-1.0092,0.0061,0.0459,0.5600,-2.7650,0.7700
61894579,sitting,-1.0085,0.0054,0.0459,0.5600,-2.6950,0.7700
61894599,sitting,-1.0097,0.0056,0.0456,0.5600,-2.7300,0.7350
61894618,sitting,-1.0082,0.0056,0.0464,0.5600,-2.7300,0.7700
61894637,sitting,-1.0087,0.0059,0.0461,0.5600,-2.7300,0.7700
61894656,sitting,-1.0085,0.0059,0.0459,0.5250,-2.7650,0.7350
61894676,sitting,-1.0082,0.0054,0.0454,0.5600,-2.7300,0.7350
61894695,sitting,-1.0092,0.0051,0.0461,0.5600,-2.7300,0.7700
61894714,sitting,-1.0085,0.0049,0.0459,0.5600,-2.7300,0.7700
61894733,sitting,-1.0082,0.0059,0.0461,0.5600,-2.7300,0.7700
61894753,sitting,-1.0085,0.0056,0.0451,0.5600,-2.7300,0.7700
61894772,sitting,-1.0092,0.0056,0.0466,0.5600,-2.7650,0.7700
61894791,sitting,-1.0087,0.0056,0.0459,0.5600,-2.7650,0.7700
61894810,sitting,-1.0085,0.0054,0.0459,0.5600,-2.8000,0.7700
61894829,sitting,-1.0082,0.0041,0.0464,0.5600,-2.7300,0.7700
61894849,sitting,-1.0085,0.0056,0.0456,0.5600,-2.7300,0.7700
61894868,sitting,-1.0092,0.0059,0.0459,0.5600,-2.7300,0.8050
61894887,sitting,-1.0085,0.0059,0.0464,0.5600,-2.7650,0.7700
61894906,sitting,-1.0082,0.0059,0.0476,0.5600,-2.7300,0.8050
61894926,sitting,-1.0085,0.0056,0.0459,0.5250,-2.7650,0.7700
61894945,sitting,-1.0087,0.0051,0.0471,0.5600,-2.7300,0.7700
61894964,sitting,-1.0082,0.0054,0.0466,0.5600,-2.7300,0.7700
61894983,sitting,-1.0087,0.0049,0.0459,0.5600,-2.7300,0.7700
61895003,sitting,-1.0085,0.0056,0.0456,0.5600,-2.7650,0.7700
61895022,sitting,-1.0089,0.0049,0.0473,0.5600,-2.8000,0.7700
61895041,sitting,-1.0089,0.0049,0.0473,0.5600,-2.7300,0.7700
61895060,sitting,-1.0092,0.0054,0.0459,0.5250,-2.7300,0.7700
61895079,sitting,-1.0097,0.0049,0.0456,0.5600,-2.7300,0.7700
61895099,sitting,-1.0092,0.0051,0.0471,0.5600,-2.7300,0.7700
61895118,sitting,-1.0089,0.0051,0.0466,0.4900,-2.7300,0.7700
61895137,sitting,-1.0089,0.0063,0.0471,0.5600,-2.7300,0.7700
61895156,sitting,-1.0087,0.0061,0.0471,0.5600,-2.7300,0.7700
61895176,sitting,-1.0082,0.0063,0.0461,0.5250,-2.7300,0.7350
61895195,sitting,-1.0085,0.0056,0.0459,0.5600,-2.7650,0.7700
61895214,sitting,-1.0087,0.0054,0.0461,0.5600,-2.7300,0.7700
61895233,sitting,-1.0085,0.0054,0.0464,0.5600,-2.7650,0.7700
61895253,sitting,-1.0082,0.0061,0.0468,0.5600,-2.8000,0.7700
61895272,sitting,-1.0080,0.0051,0.0466,0.5250,-2.7300,0.7700
61895291,sitting,-1.0075,0.0059,0.0478,0.5250,-2.7300,0.7700
61895310,sitting,-1.0080,0.0056,0.0468,0.5600,-2.7300,0.8050
61895329,sitting,-1.0080,0.0054,0.0471,0.5600,-2.8000,0.7700
61895349,sitting,-1.0085,0.0056,0.0466,0.5600,-2.7300,0.7700
61895368,sitting,-1.0089,0.0061,0.0473,0.5600,-2.7300,0.7700
61895387,sitting,-1.0094,0.0059,0.0461,0.5250,-2.8000,0.7700
61895406,sitting,-1.0087,0.0063,0.0461,0.5250,-2.7650,0.7700
61895426,sitting,-1.0080,0.0054,0.0456,0.4900,-2.7300,0.7350
61895445,sitting,-1.0080,0.0046,0.0456,0.5600,-2.7650,0.7700
61895464,sitting,-1.0087,0.0059,0.0464,0.5600,-2.7300,0.7700
61895483,sitting,-1.0082,0.0051,0.0468,0.5600,-2.7300,0.7700
61895503,sitting,-1.0080,0.0044,0.0459,0.5600,-2.7300,0.7700
61895522,sitting,-1.0082,0.0046,0.0456,0.5600,-2.7300,0.7700
61895541,sitting,-1.0087,0.0051,0.0466,0.5250,-2.7300,0.7700
61895560,sitting,-1.0082,0.0051,0.0461,0.5600,-2.7300,0.8050
61895579,sitting,-1.0085,0.0059,0.0464,0.5600,-2.7650,0.7700
61895599,sitting,-1.0080,0.0061,0.0464,0.5600,-2.7300,0.7350
61895618,sitting,-1.0082,0.0061,0.0466,0.5600,-2.6950,0.7700
61895637,sitting,-1.0075,0.0051,0.0461,0.5600,-2.8000,0.7350
61895656,sitting,-1.0070,0.0049,0.0459,0.5600,-2.7300,0.7350
61895676,sitting,-1.0082,0.0051,0.0459,0.4900,-2.7300,0.7350
61895695,sitting,-1.0092,0.0051,0.0461,0.5600,-2.7650,0.7350
61895714,sitting,-1.0080,0.0051,0.0464,0.5250,-2.7300,0.7700
61895733,sitting,-1.0087,0.0044,0.0461,0.5600,-2.7650,0.7700
61895753,sitting,-1.0087,0.0056,0.0464,0.5600,-2.8000,0.7700
61895772,sitting,-1.0089,0.0054,0.0464,0.5600,-2.7300,0.7700
61895791,sitting,-1.0070,0.0061,0.0471,0.5600,-2.7300,0.7700
61895810,sitting,-1.0075,0.0056,0.0454,0.5600,-2.7300,0.7700
61895829,sitting,-1.0089,0.0068,0.0456,0.5250,-2.7650,0.7700
61895849,sitting,-1.0094,0.0054,0.0471,0.5600,-2.7300,0.7700
61895868,sitting,-1.0085,0.0051,0.0471,0.5600,-2.7300,0.7700
61895887,sitting,-1.0080,0.0059,0.0466,0.5600,-2.7650,0.7700
61895906,sitting,-1.0080,0.0059,0.0466,0.5600,-2.7300,0.7700
61895926,sitting,-1.0077,0.0049,0.0464,0.5600,-2.7300,0.8050
61895945,sitting,-1.0080,0.0059,0.0456,0.5250,-2.8000,0.7700
61895964,sitting,-1.0080,0.0046,0.0456,0.5600,-2.7300,0.7700
61895983,sitting,-1.0082,0.0051,0.0471,0.5250,-2.7650,0.7700
61896003,sitting,-1.0082,0.0049,0.0464,0.5250,-2.7300,0.7700
61896022,sitting,-1.0080,0.0051,0.0461,0.5250,-2.7300,0.7700
61896041,sitting,-1.0082,0.0049,0.0466,0.4900,-2.7650,0.7350
61896060,sitting,-1.0075,0.0054,0.0466,0.5600,-2.7300,0.7700
61896079,sitting,-1.0082,0.0044,0.0466,0.5600,-2.7650,0.7700
61896099,sitting,-1.0085,0.0056,0.0461,0.5600,-2.7300,0.7700
61896118,sitting,-1.0087,0.0054,0.0464,0.5600,-2.7300,0.7700
61896137,sitting,-1.0087,0.0054,0.0471,0.5600,-2.7650,0.7700
61896156,sitting,-1.0085,0.0044,0.0464,0.5600,-2.6950,0.7350
61896176,sitting,-1.0080,0.0056,0.0466,0.5600,-2.7300,0.7000
61896195,sitting,-1.0085,0.0051,0.0473,0.5250,-2.7300,0.7700
61896214,sitting,-1.0087,0.0054,0.0473,0.5600,-2.7300,0.7700
61896233,sitting,-1.0085,0.0041,0.0471,0.5600,-2.7300,0.7350
61896253,sitting,-1.0082,0.0056,0.0454,0.5600,-2.7300,0.7350
61896272,sitting,-1.0087,0.0046,0.0456,0.5600,-2.7650,0.7700
61896291,sitting,-1.0087,0.0054,0.0464,0.5250,-2.8000,0.7700
61896310,sitting,-1.0082,0.0054,0.0466,0.5600,-2.8000,0.7350
61896329,sitting,-1.0075,0.0046,0.0464,0.5600,-2.7300,0.7350
61896349,sitting,-1.0085,0.0059,0.0471,0.5600,-2.8000,0.7700
61896368,sitting,-1.0080,0.0059,0.0468,0.5250,-2.7300,0.7700
61896387,sitting,-1.0080,0.0044,0.0468,0.5250,-2.7300,0.7700
61896406,sitting,-1.0082,0.0059,0.0464,0.5250,-2.7650,0.7700
61896426,sitting,-1.0082,0.0059,0.0468,0.5250,-2.7300,0.7700
61896445,sitting,-1.0070,0.0059,0.0464,0.5600,-2.7300,0.7700
61896464,sitting,-1.0080,0.0059,0.0459,0.5600,-2.7650,0.7000
61896483,sitting,-1.0092,0.0059,0.0461,0.5600,-2.7650,0.7700
61896503,sitting,-1.0089,0.0051,0.0466,0.5600,-2.7300,0.7700
61896522,sitting,-1.0080,0.0054,0.0473,0.5600,-2.7300,0.7700
61896541,sitting,-1.0080,0.0056,0.0471,0.5600,-2.7300,0.7350
61896560,sitting,-1.0077,0.0061,0.0466,0.5600,-2.7300,0.7700
61896579,sitting,-1.0082,0.0056,0.0471,0.5600,-2.7650,0.7700
61896599,sitting,-1.0085,0.0054,0.0454,0.5600,-2.7300,0.7700
61896618,sitting,-1.0080,0.0041,0.0449,0.5600,-2.7300,0.7700
61896637,sitting,-1.0080,0.0051,0.0449,0.5600,-2.6950,0.7000
61896656,sitting,-1.0085,0.0066,0.0461,0.5600,-2.7300,0.7700
61896676,sitting,-1.0077,0.0054,0.0471,0.5600,-2.7300,0.7700
61896695,sitting,-1.0082,0.0054,0.0461,0.5600,-2.7300,0.7700
61896714,sitting,-1.0087,0.0059,0.0471,0.5600,-2.7300,0.7000
61896733,sitting,-1.0077,0.0056,0.0464,0.5600,-2.7300,0.7000
61896753,sitting,-1.0082,0.0044,0.0461,0.5600,-2.7650,0.7700
61896772,sitting,-1.0077,0.0049,0.0468,0.5250,-2.7300,0.7700
61896791,sitting,-1.0077,0.0056,0.0466,0.5250,-2.7650,0.7700
61896810,sitting,-1.0087,0.0056,0.0464,0.5600,-2.7300,0.7350
61896829,sitting,-1.0082,0.0051,0.0466,0.5600,-2.7650,0.7700
61896849,sitting,-1.0092,0.0056,0.0464,0.5250,-2.7300,0.7700
61896868,sitting,-1.0089,0.0051,0.0461,0.5600,-2.7650,0.7700
61896887,sitting,-1.0094,0.0054,0.0459,0.5600,-2.7650,0.7700
61896906,sitting,-1.0089,0.0054,0.0468,0.5600,-2.7650,0.7700
61896926,sitting,-1.0080,0.0049,0.0456,0.4900,-2.7650,0.7700
61896945,sitting,-1.0092,0.0056,0.0471,0.5600,-2.7300,0.7700
61896964,sitting,-1.0085,0.0054,0.0461,0.5250,-2.7300,0.7700
61896983,sitting,-1.0082,0.0051,0.0456,0.5600,-2.7650,0.7700
61897003,sitting,-1.0080,0.0049,0.0456,0.5600,-2.7650,0.7700
61897022,sitting,-1.0082,0.0056,0.0456,0.5600,-2.7300,0.7700
61897041,sitting,-1.0082,0.0051,0.0454,0.5250,-2.7300,0.7700
61897060,sitting,-1.0085,0.0051,0.0456,0.5600,-2.7650,0.7700
61897079,sitting,-1.0082,0.0046,0.0459,0.5250,-2.7300,0.7700
61897099,sitting,-1.0077,0.0054,0.0461,0.5600,-2.7300,0.7700
61897118,sitting,-1.0082,0.0054,0.0468,0.5600,-2.7300,0.7700
61897137,sitting,-1.0082,0.0054,0.0464,0.5600,-2.7300,0.7700
61897156,sitting,-1.0087,0.0046,0.0461,0.5250,-2.7300,0.7700
61897176,sitting,-1.0094,0.0054,0.0454,0.5250,-2.7650,0.7700
61897195,sitting,-1.0087,0.0051,0.0466,0.4900,-2.7300,0.7700
61897214,sitting,-1.0085,0.0056,0.0468,0.5600,-2.6950,0.7000
61897233,sitting,-1.0085,0.0066,0.0473,0.5600,-2.7300,0.7350
61897253,sitting,-1.0082,0.0046,0.0459,0.5600,-2.7300,0.7700
61897272,sitting,-1.0087,0.0054,0.0466,0.5600,-2.7300,0.7350
61897291,sitting,-1.0075,0.0059,0.0461,0.5600,-2.7300,0.7700
61897310,sitting,-1.0085,0.0059,0.0466,0.5600,-2.7300,0.7350
61897329,sitting,-1.0080,0.0056,0.0464,0.5600,-2.7650,0.7700
61897349,sitting,-1.0085,0.0056,0.0464,0.5600,-2.7300,0.7350
61897368,sitting,-1.0085,0.0056,0.0464,0.5600,-2.8000,0.7700
61897387,sitting,-1.0080,0.0051,0.0464,0.5600,-2.8000,0.7350
61897406,sitting,-1.0082,0.0059,0.0464,0.5600,-2.7300,0.7700
61897426,sitting,-1.0087,0.0051,0.0459,0.5600,-2.7650,0.7700
61897445,sitting,-1.0085,0.0059,0.0466,0.5600,-2.7650,0.7700
61897464,sitting,-1.0085,0.0051,0.0464,0.5600,-2.7300,0.7700
61897483,sitting,-1.0082,0.0059,0.0464,0.5600,-2.7300,0.7700
61897503,sitting,-1.0082,0.0061,0.0454,0.5600,-2.7300,0.7700
61897522,sitting,-1.0085,0.0054,0.0456,0.5600,-2.7650,0.7700
61897541,sitting,-1.0087,0.0061,0.0466,0.5600,-2.7300,0.7700
61897560,sitting,-1.0077,0.0049,0.0464,0.5600,-2.7300,0.7700
61897579,sitting,-1.0085,0.0059,0.0459,0.5600,-2.7300,0.7700
61897599,sitting,-1.0087,0.0054,0.0461,0.5250,-2.7650,0.7700
61897618,sitting,-1.0080,0.0056,0.0466,0.5250,-2.7650,0.7700
61897637,sitting,-1.0080,0.0056,0.0471,0.5250,-2.7300,0.7350
61897656,sitting,-1.0077,0.0063,0.0468,0.5600,-2.7650,0.7350
61897676,sitting,-1.0087,0.0051,0.0459,0.5600,-2.7650,0.7700
61897695,sitting,-1.0085,0.0046,0.0464,0.5600,-2.7300,0.7700
61897714,sitting,-1.0080,0.0054,0.0456,0.5600,-2.7300,0.7350
61897733,sitting,-1.0080,0.0054,0.0461,0.5600,-2.7300,0.7700
61897753,sitting,-1.0087,0.0059,0.0454,0.4900,-2.6950,0.7700
61897772,sitting,-1.0087,0.0059,0.0466,0.5600,-2.7300,0.7700
61897791,sitting,-1.0087,0.0059,0.0466,0.5600,-2.7650,0.7700
61897810,sitting,-1.0089,0.0054,0.0464,0.5600,-2.7650,0.7700
61897829,sitting,-1.0082,0.0049,0.0466,0.5600,-2.7300,0.7700
61897849,sitting,-1.0075,0.0051,0.0468,0.5600,-2.7650,0.7700
61897868,sitting,-1.0085,0.0051,0.0466,0.5600,-2.7300,0.7700
61897887,sitting,-1.0097,0.0049,0.0466,0.5250,-2.7650,0.7700
61897906,sitting,-1.0089,0.0056,0.0468,0.4900,-2.7300,0.7350
61897926,sitting,-1.0082,0.0054,0.0468,0.5600,-2.7300,0.7700
61897945,sitting,-1.0087,0.0056,0.0468,0.4900,-2.7300,0.7700
61897964,sitting,-1.0087,0.0066,0.0473,0.5250,-2.7300,0.7350
61897983,sitting,-1.0072,0.0061,0.0464,0.5600,-2.7300,0.7700
61898003,sitting,-1.0087,0.0056,0.0454,0.5250,-2.7300,0.7700
61898022,sitting,-1.0089,0.0051,0.0451,0.5250,-2.7300,0.7700
61898041,sitting,-1.0089,0.0051,0.0468,0.5250,-2.7300,0.7700
61898060,sitting,-1.0089,0.0049,0.0464,0.5250,-2.7300,0.8050
61898079,sitting,-1.0075,0.0051,0.0466,0.5250,-2.7300,0.7700
61898099,sitting,-1.0089,0.0049,0.0456,0.5600,-2.7650,0.7700
61898118,sitting,-1.0080,0.0046,0.0459,0.4900,-2.7300,0.7700
61898137,sitting,-1.0082,0.0056,0.0468,0.5600,-2.7300,0.7700
61898156,sitting,-1.0089,0.0044,0.0454,0.5250,-2.7300,0.7700
61898176,sitting,-1.0080,0.0054,0.0461,0.5250,-2.7300,0.7700
61898195,sitting,-1.0085,0.0056,0.0456,0.5600,-2.7300,0.7350
61898214,sitting,-1.0075,0.0051,0.0459,0.5600,-2.7300,0.7350
61898233,sitting,-1.0082,0.0056,0.0466,0.5600,-2.7650,0.7700
61898253,sitting,-1.0080,0.0056,0.0466,0.5600,-2.7300,0.7350
61898272,sitting,-1.0092,0.0044,0.0466,0.5600,-2.7300,0.8050
61898291,sitting,-1.0077,0.0046,0.0461,0.5250,-2.7300,0.7700
61898310,sitting,-1.0080,0.0051,0.0459,0.5600,-2.7650,0.7700
61898329,sitting,-1.0080,0.0054,0.0466,0.5600,-2.7300,0.7700
61898349,sitting,-1.0082,0.0051,0.0459,0.5600,-2.8000,0.7350
61898368,sitting,-1.0087,0.0041,0.0468,0.5600,-2.8000,0.7700
61898387,sitting,-1.0082,0.0051,0.0466,0.5250,-2.7300,0.7700
61898406,sitting,-1.0089,0.0051,0.0459,0.4900,-2.7300,0.7700
61898426,sitting,-1.0085,0.0056,0.0459,0.5250,-2.7300,0.7700
61898445,sitting,-1.0085,0.0049,0.0468,0.5250,-2.7650,0.7700
61898464,sitting,-1.0085,0.0051,0.0461,0.5250,-2.7300,0.7000
61898483,sitting,-1.0072,0.0044,0.0461,0.5600,-2.7300,0.7700
61898503,sitting,-1.0087,0.0051,0.0461,0.5250,-2.7300,0.7350
61898522,sitting,-1.0087,0.0054,0.0473,0.5250,-2.7650,0.7700
61898541,sitting,-1.0082,0.0051,0.0468,0.5600,-2.7650,0.7700
61898560,sitting,-1.0087,0.0051,0.0456,0.5600,-2.7300,0.7700
61898579,sitting,-1.0085,0.0059,0.0466,0.5600,-2.7300,0.7700
61898599,sitting,-1.0085,0.0059,0.0466,0.5600,-2.7300,0.7700
61898618,sitting,-1.0080,0.0054,0.0464,0.5600,-2.7300,0.7700
61898637,sitting,-1.0085,0.0056,0.0464,0.5600,-2.7300,0.7700
61898656,sitting,-1.0077,0.0059,0.0461,0.5600,-2.7300,0.7350
61898676,sitting,-1.0085,0.0054,0.0459,0.5600,-2.7300,0.7700
61898695,sitting,-1.0082,0.0054,0.0456,0.5600,-2.7300,0.7700
61898714,sitting,-1.0085,0.0056,0.0468,0.5600,-2.7300,0.7350
61898733,sitting,-1.0080,0.0054,0.0464,0.5600,-2.7650,0.7700
61898753,sitting,-1.0092,0.0051,0.0468,0.5250,-2.7300,0.7000
61898772,sitting,-1.0080,0.0051,0.0468,0.5600,-2.7650,0.7700
61898791,sitting,-1.0089,0.0049,0.0454,0.5600,-2.8000,0.7700
61898810,sitting,-1.0085,0.0054,0.0468,0.5250,-2.8000,0.7700
61898829,sitting,-1.0077,0.0051,0.0461,0.5250,-2.7300,0.7700
61898849,sitting,-1.0085,0.0051,0.0468,0.5600,-2.7650,0.7700
61898868,sitting,-1.0085,0.0051,0.0464,0.5600,-2.7300,0.7700
61898887,sitting,-1.0085,0.0049,0.0456,0.5600,-2.7650,0.8050
61898906,sitting,-1.0070,0.0054,0.0461,0.5600,-2.7300,0.7700
61898926,sitting,-1.0075,0.0056,0.0466,0.5600,-2.7300,0.7700
61898945,sitting,-1.0089,0.0061,0.0468,0.5600,-2.7300,0.7700
61898964,sitting,-1.0082,0.0056,0.0468,0.5250,-2.7650,0.7700
61898983,sitting,-1.0080,0.0054,0.0471,0.5250,-2.7650,0.7700
61899003,sitting,-1.0087,0.0059,0.0464,0.5600,-2.7650,0.7700
61899022,sitting,-1.0094,0.0051,0.0466,0.5600,-2.7300,0.7700
61899041,sitting,-1.0094,0.0051,0.0459,0.5250,-2.7300,0.7350
61899060,sitting,-1.0080,0.0056,0.0461,0.4900,-2.7300,0.8050
61899079,sitting,-1.0082,0.0054,0.0464,0.5600,-2.7300,0.7700
61899099,sitting,-1.0075,0.0054,0.0471,0.5600,-2.7300,0.8050
61899118,sitting,-1.0085,0.0049,0.0461,0.5600,-2.7300,0.7700
61899137,sitting,-1.0077,0.0054,0.0461,0.5250,-2.7300,0.7700
61899156,sitting,-1.0075,0.0063,0.0468,0.5600,-2.7650,0.7700
61899176,sitting,-1.0077,0.0056,0.0468,0.5600,-2.7300,0.7700
61899195,sitting,-1.0082,0.0056,0.0468,0.5600,-2.7650,0.7700
61899214,sitting,-1.0085,0.0059,0.0473,0.5250,-2.7300,0.7350
61899233,sitting,-1.0082,0.0056,0.0464,0.5600,-2.7300,0.7700
61899253,sitting,-1.0080,0.0049,0.0466,0.5600,-2.7300,0.7700
61899272,sitting,-1.0075,0.0056,0.0468,0.5600,-2.7300,0.7700
61899291,sitting,-1.0085,0.0049,0.0468,0.5600,-2.7300,0.7700
61899310,sitting,-1.0085,0.0051,0.0464,0.5250,-2.7650,0.7350
61899329,sitting,-1.0099,0.0056,0.0451,0.5600,-2.7300,0.7700
61899349,sitting,-1.0087,0.0049,0.0468,0.5600,-2.7650,0.7700
61899368,sitting,-1.0085,0.0051,0.0461,0.5600,-2.7650,0.7700
61899387,sitting,-1.0085,0.0059,0.0464,0.5600,-2.7650,0.7700
61899406,sitting,-1.0092,0.0054,0.0459,0.5600,-2.7300,0.7700
61899426,sitting,-1.0082,0.0056,0.0461,0.5250,-2.7650,0.7350
61899445,sitting,-1.0082,0.0056,0.0471,0.5600,-2.7300,0.7700
61899464,sitting,-1.0087,0.0056,0.0468,0.5250,-2.7650,0.7700
61899483,sitting,-1.0087,0.0056,0.0468,0.5250,-2.7650,0.7700
61899503,sitting,-1.0085,0.0054,0.0459,0.5600,-2.8000,0.7700
61899522,sitting,-1.0077,0.0056,0.0451,0.5250,-2.8000,0.7700
61899541,sitting,-1.0082,0.0059,0.0454,0.5600,-2.8000,0.7700
61899560,sitting,-1.0087,0.0049,0.0456,0.5600,-2.7650,0.7700
61899579,sitting,-1.0094,0.0056,0.0468,0.5600,-2.7300,0.7700
61899599,sitting,-1.0092,0.0049,0.0461,0.4900,-2.7300,0.7700
61899618,sitting,-1.0080,0.0059,0.0464,0.5250,-2.7300,0.7700
61899637,sitting,-1.0087,0.0059,0.0478,0.5600,-2.7300,0.7700
61899656,sitting,-1.0092,0.0059,0.0456,0.5600,-2.7300,0.7700
61899676,sitting,-1.0089,0.0049,0.0459,0.5600,-2.7300,0.7700
61899695,sitting,-1.0075,0.0054,0.0468,0.5600,-2.7300,0.7700
61899714,sitting,-1.0085,0.0059,0.0459,0.5600,-2.7300,0.7700
61899733,sitting,-1.0089,0.0044,0.0468,0.5600,-2.7300,0.7700
61899753,sitting,-1.0085,0.0059,0.0468,0.5600,-2.7300,0.7700
61899772,sitting,-1.0087,0.0054,0.0464,0.5600,-2.7300,0.7700
61899791,sitting,-1.0087,0.0054,0.0461,0.5600,-2.7650,0.7700
61899810,sitting,-1.0089,0.0051,0.0468,0.5250,-2.7300,0.7700
61899829,sitting,-1.0087,0.0049,0.0461,0.5600,-2.7300,0.7700
61899849,sitting,-1.0077,0.0044,0.0461,0.5600,-2.7300,0.7700
61899868,sitting,-1.0092,0.0063,0.0468,0.5600,-2.7300,0.7700
61899887,sitting,-1.0099,0.0046,0.0456,0.5600,-2.7300,0.7700
61899906,sitting,-1.0087,0.0054,0.0461,0.5600,-2.7650,0.7350
61899926,sitting,-1.0089,0.0054,0.0468,0.5600,-2.7650,0.7700
61899945,sitting,-1.0087,0.0056,0.0461,0.5950,-2.8000,0.7700
61899964,sitting,-1.0082,0.0054,0.0464,0.5250,-2.7300,0.7700
61899983,sitting,-1.0077,0.0051,0.0466,0.5250,-2.8000,0.7700
61900003,sitting,-1.0087,0.0044,0.0478,0.5600,-2.8000,0.7700
61900022,sitting,-1.0082,0.0054,0.0476,0.5600,-2.8000,0.7700
61900041,sitting,-1.0092,0.0054,0.0473,0.5250,-2.7300,0.7350
61900060,sitting,-1.0075,0.0051,0.0459,0.5600,-2.7300,0.7700
61900079,sitting,-1.0080,0.0063,0.0461,0.5600,-2.7300,0.7700
61900099,sitting,-1.0092,0.0049,0.0466,0.5600,-2.7300,0.7700
61900118,sitting,-1.0087,0.0056,0.0461,0.5600,-2.7300,0.7700
61900137,sitting,-1.0082,0.0056,0.0461,0.5600,-2.7300,0.7700
61900156,sitting,-1.0092,0.0049,0.0468,0.5600,-2.7300,0.7700
61900176,sitting,-1.0080,0.0054,0.0461,0.5600,-2.7300,0.7700
61900195,sitting,-1.0077,0.0059,0.0454,0.5600,-2.7300,0.7700
61900214,sitting,-1.0085,0.0059,0.0464,0.5600,-2.7300,0.7350
61900233,sitting,-1.0087,0.0059,0.0471,0.5600,-2.7300,0.7700
61900253,sitting,-1.0080,0.0059,0.0464,0.5600,-2.7300,0.7700
61900272,sitting,-1.0077,0.0054,0.0459,0.5600,-2.7300,0.7700
61900291,sitting,-1.0077,0.0056,0.0468,0.5600,-2.7300,0.7000
61900310,sitting,-1.0082,0.0063,0.0468,0.5600,-2.7300,0.7700
61900329,sitting,-1.0082,0.0061,0.0456,0.5250,-2.7650,0.7700
61900349,sitting,-1.0089,0.0063,0.0459,0.5600,-2.7300,0.7350
61900368,sitting,-1.0080,0.0049,0.0464,0.5600,-2.7300,0.7700
61900387,sitting,-1.0087,0.0059,0.0468,0.5600,-2.7300,0.7700
61900406,sitting,-1.0080,0.0056,0.0456,0.5600,-2.7650,0.7700
61900426,sitting,-1.0085,0.0056,0.0468,0.5600,-2.7300,0.7700
61900445,sitting,-1.0092,0.0056,0.0466,0.5600,-2.7300,0.7700
61900464,sitting,-1.0080,0.0061,0.0471,0.5600,-2.7300,0.7350
61900483,sitting,-1.0085,0.0063,0.0459,0.4900,-2.7300,0.7350
61900503,sitting,-1.0082,0.0049,0.0459,0.4900,-2.7650,0.7700
61900522,sitting,-1.0087,0.0056,0.0456,0.5250,-2.7300,0.7700
61900541,sitting,-1.0085,0.0051,0.0461,0.5600,-2.7650,0.7700
61900560,sitting,-1.0082,0.0054,0.0464,0.5600,-2.7300,0.7700
61900579,sitting,-1.0082,0.0061,0.0464,0.5600,-2.7300,0.7700
61900599,sitting,-1.0092,0.0056,0.0461,0.5600,-2.7300,0.7700
61900618,sitting,-1.0087,0.0056,0.0476,0.5600,-2.7300,0.7700
61900637,sitting,-1.0092,0.0056,0.0466,0.5600,-2.7650,0.8050
61900656,sitting,-1.0089,0.0056,0.0464,0.5600,-2.7300,0.7700
61900676,sitting,-1.0082,0.0054,0.0461,0.5600,-2.7300,0.7700
61900695,sitting,-1.0085,0.0056,0.0468,0.5600,-2.7300,0.7700
61900714,sitting,-1.0072,0.0046,0.0468,0.5600,-2.7650,0.7700
61900733,sitting,-1.0087,0.0046,0.0466,0.5600,-2.7300,0.7700
61900753,sitting,-1.0075,0.0059,0.0461,0.5600,-2.7300,0.7700
61900772,sitting,-1.0082,0.0056,0.0459,0.5600,-2.7300,0.7700
61900791,sitting,-1.0082,0.0054,0.0456,0.5600,-2.7300,0.7700
61900810,sitting,-1.0089,0.0063,0.0464,0.5600,-2.7300,0.7350
61900829,sitting,-1.0092,0.0054,0.0464,0.5250,-2.7300,0.8050
61900849,sitting,-1.0087,0.0054,0.0464,0.5600,-2.7300,0.7700
61900868,sitting,-1.0082,0.0054,0.0476,0.5600,-2.7300,0.7700
61900887,sitting,-1.0085,0.0059,0.0466,0.5600,-2.7650,0.7700
61900906,sitting,-1.0077,0.0054,0.0468,0.5600,-2.7650,0.7700
61900926,sitting,-1.0087,0.0054,0.0461,0.5250,-2.7300,0.7700
61900945,sitting,-1.0085,0.0056,0.0456,0.5600,-2.8000,0.7700
61900964,sitting,-1.0077,0.0046,0.0466,0.5600,-2.7650,0.7700
61900983,sitting,-1.0077,0.0059,0.0464,0.5600,-2.7300,0.7700
61901003,sitting,-1.0080,0.0056,0.0454,0.5600,-2.7300,0.7700
61901022,sitting,-1.0089,0.0059,0.0464,0.5250,-2.7650,0.7350
61901041,sitting,-1.0085,0.0051,0.0471,0.4900,-2.8000,0.7700
61901060,sitting,-1.0089,0.0054,0.0468,0.5600,-2.8000,0.7700
61901079,sitting,-1.0087,0.0056,0.0466,0.5600,-2.7300,0.7700
61901099,sitting,-1.0085,0.0056,0.0464,0.5600,-2.7650,0.7700
61901118,sitting,-1.0085,0.0051,0.0466,0.5600,-2.7300,0.7700
61901137,sitting,-1.0077,0.0051,0.0459,0.5600,-2.7300,0.7700
61901156,sitting,-1.0094,0.0056,0.0459,0.5250,-2.7650,0.7700
61901176,sitting,-1.0082,0.0068,0.0464,0.5600,-2.7650,0.7700
61901195,sitting,-1.0075,0.0056,0.0464,0.5250,-2.7300,0.7350
61901214,sitting,-1.0077,0.0056,0.0459,0.5600,-2.7650,0.7700
61901233,sitting,-1.0082,0.0061,0.0464,0.5600,-2.7300,0.7700
61901253,sitting,-1.0075,0.0054,0.0471,0.5600,-2.7300,0.7700
61901272,sitting,-1.0089,0.0051,0.0466,0.5600,-2.7300,0.7700
61901291,sitting,-1.0085,0.0059,0.0461,0.5600,-2.7300,0.7700
61901310,sitting,-1.0085,0.0061,0.0468,0.5600,-2.7300,0.7700
61901329,sitting,-1.0089,0.0061,0.0476,0.5600,-2.7300,0.7350
61901349,sitting,-1.0089,0.0059,0.0471,0.5600,-2.7650,0.7700
61901368,sitting,-1.0085,0.0054,0.0464,0.5600,-2.7300,0.7700
61901387,sitting,-1.0077,0.0054,0.0468,0.5600,-2.7300,0.7700
61901406,sitting,-1.0072,0.0054,0.0471,0.5250,-2.7300,0.7700
61901426,sitting,-1.0085,0.0056,0.0466,0.5600,-2.7650,0.7700
61901445,sitting,-1.0087,0.0051,0.0459,0.5600,-2.8000,0.7700
61901464,sitting,-1.0072,0.0049,0.0471,0.5250,-2.7650,0.8050
61901483,sitting,-1.0082,0.0054,0.0461,0.5600,-2.8000,0.7700
61901503,sitting,-1.0080,0.0051,0.0464,0.5600,-2.7300,0.7700
61901522,sitting,-1.0077,0.0063,0.0473,0.5600,-2.7650,0.7700
61901541,sitting,-1.0077,0.0049,0.0456,0.5600,-2.7650,0.7700
61901560,sitting,-1.0085,0.0063,0.0464,0.4900,-2.7300,0.8050
61901579,sitting,-1.0089,0.0051,0.0464,0.5600,-2.7300,0.7700
61901599,sitting,-1.0082,0.0049,0.0464,0.5950,-2.7650,0.7700
61901618,sitting,-1.0082,0.0059,0.0464,0.5600,-2.7300,0.8050
61901637,sitting,-1.0082,0.0061,0.0468,0.5600,-2.7300,0.7700
61901656,sitting,-1.0077,0.0061,0.0461,0.5600,-2.7300,0.7700
61901676,sitting,-1.0075,0.0046,0.0464,0.5600,-2.7650,0.7700
61901695,sitting,-1.0089,0.0044,0.0459,0.5600,-2.7300,0.7700
61901714,sitting,-1.0092,0.0061,0.0461,0.5600,-2.7300,0.7350
61901733,sitting,-1.0089,0.0051,0.0464,0.5600,-2.7300,0.7700
61901753,sitting,-1.0080,0.0049,0.0468,0.5600,-2.7300,0.8050
61901772,sitting,-1.0089,0.0049,0.0468,0.5600,-2.7300,0.7700
61901791,sitting,-1.0080,0.0054,0.0464,0.5600,-2.7300,0.7700
61901810,sitting,-1.0075,0.0061,0.0459,0.5600,-2.7300,0.7700
61901829,sitting,-1.0077,0.0049,0.0456,0.5600,-2.7300,0.7700
61901849,sitting,-1.0077,0.0049,0.0471,0.5250,-2.7300,0.7700
61901868,sitting,-1.0080,0.0051,0.0471,0.5600,-2.7300,0.7350
61901887,sitting,-1.0080,0.0059,0.0459,0.5600,-2.7650,0.7700
61901906,sitting,-1.0089,0.0063,0.0468,0.5600,-2.7300,0.7700
61901926,sitting,-1.0082,0.0044,0.0468,0.5600,-2.7650,0.7700
61901945,sitting,-1.0087,0.0049,0.0461,0.5600,-2.7650,0.7700
61901964,sitting,-1.0089,0.0059,0.0464,0.5600,-2.8000,0.7700
61901983,sitting,-1.0075,0.0051,0.0468,0.5600,-2.7650,0.7700
61902003,sitting,-1.0075,0.0049,0.0468,0.5250,-2.7650,0.7700
61902022,sitting,-1.0087,0.0059,0.0466,0.5600,-2.7650,0.7700
61902041,sitting,-1.0092,0.0056,0.0471,0.5600,-2.7300,0.7700
61902060,sitting,-1.0087,0.0039,0.0461,0.5250,-2.7650,0.7700
61902079,sitting,-1.0085,0.0059,0.0461,0.5250,-2.7300,0.7700
61902099,sitting,-1.0089,0.0041,0.0466,0.5250,-2.7300,0.7700
61902118,sitting,-1.0082,0.0051,0.0468,0.5600,-2.7300,0.7700
61902137,sitting,-1.0082,0.0051,0.0466,0.5250,-2.7650,0.7350
61902156,sitting,-1.0094,0.0056,0.0471,0.5600,-2.7300,0.7700
61902176,sitting,-1.0092,0.0054,0.0483,0.5250,-2.7300,0.7700
61902195,sitting,-1.0077,0.0056,0.0476,0.5600,-2.7650,0.7700
61902214,sitting,-1.0077,0.0061,0.0464,0.5600,-2.7300,0.7700
61902233,sitting,-1.0085,0.0059,0.0459,0.5600,-2.7300,0.7700
61902253,sitting,-1.0085,0.0059,0.0464,0.5600,-2.7300,0.7700
61902272,sitting,-1.0094,0.0056,0.0454,0.5600,-2.7300,0.7700
61902291,sitting,-1.0087,0.0056,0.0464,0.5600,-2.7300,0.7350
61902310,sitting,-1.0082,0.0049,0.0466,0.5600,-2.7300,0.7700
61902329,sitting,-1.0085,0.0046,0.0461,0.5250,-2.7300,0.7700
61902349,sitting,-1.0089,0.0056,0.0466,0.5600,-2.7300,0.7350
61902368,sitting,-1.0082,0.0059,0.0456,0.5600,-2.7300,0.7000
61902387,sitting,-1.0082,0.0059,0.0464,0.5600,-2.7300,0.7700
61902406,sitting,-1.0089,0.0056,0.0468,0.5600,-2.7300,0.7700
61902426,sitting,-1.0089,0.0059,0.0459,0.5600,-2.7650,0.7700
61902445,sitting,-1.0089,0.0056,0.0471,0.5250,-2.7300,0.8050
61902464,sitting,-1.0089,0.0049,0.0459,0.5600,-2.7300,0.7700
61902483,sitting,-1.0092,0.0056,0.0464,0.5600,-2.7300,0.7700
61902503,sitting,-1.0087,0.0046,0.0466,0.5600,-2.7300,0.7700
61902522,sitting,-1.0087,0.0054,0.0466,0.5600,-2.7650,0.7700
61902541,sitting,-1.0099,0.0061,0.0464,0.5600,-2.7650,0.7700
61902560,sitting,-1.0092,0.0054,0.0461,0.5600,-2.8000,0.7700
61902579,sitting,-1.0082,0.0054,0.0464,0.4900,-2.7300,0.8400
61902599,sitting,-1.0085,0.0056,0.0471,0.5250,-2.7300,0.7700
61902618,sitting,-1.0080,0.0051,0.0471,0.5600,-2.7300,0.7700
61902637,sitting,-1.0094,0.0054,0.0466,0.5250,-2.7300,0.7700
61902656,sitting,-1.0075,0.0059,0.0466,0.5250,-2.7300,0.7700
61902676,sitting,-1.0077,0.0051,0.0464,0.5600,-2.7300,0.7700
61902695,sitting,-1.0085,0.0054,0.0466,0.5250,-2.7300,0.7700
61902714,sitting,-1.0087,0.0059,0.0466,0.5250,-2.7300,0.7700
61902733,sitting,-1.0082,0.0059,0.0468,0.5600,-2.7300,0.7700
61902753,sitting,-1.0082,0.0054,0.0461,0.5600,-2.7300,0.7700
61902772,sitting,-1.0092,0.0056,0.0454,0.5600,-2.7300,0.7700
61902791,sitting,-1.0075,0.0059,0.0476,0.5600,-2.6950,0.7700
61902810,sitting,-1.0087,0.0049,0.0464,0.5950,-2.7650,0.7700
61902829,sitting,-1.0089,0.0059,0.0476,0.5250,-2.7650,0.7700
61902849,sitting,-1.0075,0.0054,0.0461,0.5600,-2.7300,0.7350
61902868,sitting,-1.0085,0.0054,0.0459,0.5600,-2.8000,0.7700
61902887,sitting,-1.0082,0.0051,0.0464,0.5600,-2.7300,0.7700
61902906,sitting,-1.0072,0.0051,0.0456,0.5250,-2.7650,0.7350
61902926,sitting,-1.0077,0.0056,0.0461,0.5600,-2.7300,0.7700
61902945,sitting,-1.0082,0.0056,0.0471,0.5600,-2.7300,0.7700
61902964,sitting,-1.0085,0.0051,0.0464,0.5600,-2.7300,0.7700
61902983,sitting,-1.0089,0.0056,0.0459,0.5250,-2.8000,0.7350
61903003,sitting,-1.0092,0.0046,0.0466,0.5600,-2.7650,0.7700
61903022,sitting,-1.0102,0.0049,0.0468,0.5600,-2.7300,0.7700
61903041,sitting,-1.0089,0.0051,0.0471,0.5600,-2.7300,0.7700
61903060,sitting,-1.0082,0.0056,0.0464,0.5250,-2.7650,0.7700
61903079,sitting,-1.0085,0.0061,0.0451,0.5600,-2.8000,0.8400
61903099,sitting,-1.0080,0.0051,0.0464,0.5600,-2.7300,0.7700
61903118,sitting,-1.0097,0.0059,0.0454,0.5600,-2.7650,0.7700
61903137,sitting,-1.0089,0.0056,0.0464,0.5250,-2.7650,0.7700
61903156,sitting,-1.0085,0.0049,0.0459,0.5600,-2.7300,0.7700
61903176,sitting,-1.0087,0.0061,0.0466,0.5250,-2.7300,0.7700
61903195,sitting,-1.0085,0.0054,0.0461,0.5600,-2.7650,0.7700
61903214,sitting,-1.0087,0.0054,0.0451,0.5950,-2.7300,0.7700
61903233,sitting,-1.0082,0.0049,0.0461,0.5600,-2.7300,0.7700
61903253,sitting,-1.0097,0.0059,0.0451,0.5600,-2.7300,0.7700
61903272,sitting,-1.0085,0.0056,0.0454,0.5600,-2.7300,0.7700
61903291,sitting,-1.0087,0.0056,0.0466,0.5600,-2.7650,0.7700
61903310,sitting,-1.0089,0.0056,0.0461,0.5600,-2.7300,0.7350
61903329,sitting,-1.0094,0.0061,0.0451,0.5600,-2.7300,0.7350
61903349,sitting,-1.0087,0.0054,0.0461,0.5950,-2.7300,0.7000
61903368,sitting,-1.0082,0.0037,0.0464,0.5250,-2.7300,0.7700
61903387,sitting,-1.0077,0.0046,0.0468,0.4900,-2.7300,0.7700
61903406,sitting,-1.0080,0.0051,0.0476,0.5600,-2.7300,0.7700
61903426,sitting,-1.0080,0.0056,0.0466,0.5600,-2.7300,0.7700
61903445,sitting,-1.0080,0.0056,0.0468,0.5600,-2.7300,0.7700
61903464,sitting,-1.0080,0.0059,0.0461,0.5600,-2.7300,0.7700
61903483,sitting,-1.0082,0.0046,0.0466,0.5600,-2.7650,0.7700
61903503,sitting,-1.0085,0.0056,0.0476,0.5600,-2.8000,0.7350
61903522,sitting,-1.0085,0.0068,0.0471,0.5600,-2.7650,0.7700
61903541,sitting,-1.0087,0.0061,0.0471,0.5600,-2.7300,0.7700
61903560,sitting,-1.0089,0.0056,0.0464,0.5600,-2.7300,0.7700
61903579,sitting,-1.0087,0.0051,0.0459,0.5250,-2.7300,0.7700
61903599,sitting,-1.0087,0.0054,0.0456,0.4900,-2.7650,0.8050
61903618,sitting,-1.0072,0.0049,0.0466,0.4900,-2.7650,0.7700
61903637,sitting,-1.0092,0.0051,0.0464,0.5250,-2.7650,0.7700
61903656,sitting,-1.0082,0.0051,0.0464,0.5250,-2.8000,0.8050
61903676,sitting,-1.0087,0.0049,0.0471,0.5250,-2.7650,0.7700
61903695,sitting,-1.0089,0.0056,0.0468,0.4900,-2.7650,0.7700
61903714,sitting,-1.0089,0.0046,0.0466,0.5600,-2.7300,0.7700
61903733,sitting,-1.0089,0.0054,0.0466,0.4900,-2.7300,0.7350
61903753,sitting,-1.0092,0.0059,0.0459,0.5600,-2.8000,0.7700
61903772,sitting,-1.0082,0.0061,0.0464,0.5600,-2.7300,0.7700
61903791,sitting,-1.0085,0.0044,0.0459,0.5950,-2.7300,0.7700
61903810,sitting,-1.0077,0.0059,0.0471,0.5250,-2.7650,0.7000
61903829,sitting,-1.0082,0.0063,0.0464,0.5600,-2.7300,0.7700
61903849,sitting,-1.0089,0.0056,0.0461,0.5600,-2.7300,0.7700
61903868,sitting,-1.0089,0.0056,0.0461,0.5600,-2.7300,0.7700
61903887,sitting,-1.0087,0.0056,0.0466,0.5600,-2.7300,0.7700
61903906,sitting,-1.0094,0.0051,0.0459,0.5600,-2.7650,0.7350
61903926,sitting,-1.0080,0.0049,0.0461,0.5600,-2.8000,0.7700
61903945,sitting,-1.0077,0.0051,0.0473,0.5600,-2.7300,0.7700
61903964,sitting,-1.0080,0.0049,0.0454,0.5600,-2.7300,0.7350
61903983,sitting,-1.0092,0.0051,0.0466,0.5250,-2.7650,0.7700
61904003,sitting,-1.0087,0.0051,0.0459,0.5600,-2.8000,0.7700
61904022,sitting,-1.0082,0.0056,0.0456,0.5600,-2.8000,0.7700
61904041,sitting,-1.0085,0.0059,0.0464,0.5600,-2.7650,0.7700
61904060,sitting,-1.0087,0.0049,0.0471,0.5250,-2.7300,0.7700
61904079,sitting,-1.0082,0.0063,0.0464,0.5600,-2.8000,0.8050
61904099,sitting,-1.0077,0.0066,0.0466,0.5600,-2.7650,0.7700
61904118,sitting,-1.0082,0.0059,0.0464,0.5600,-2.7650,0.7700
61904137,sitting,-1.0087,0.0049,0.0451,0.5250,-2.7300,0.7700
61904156,sitting,-1.0075,0.0051,0.0456,0.5250,-2.7650,0.7700
61904176,sitting,-1.0082,0.0059,0.0468,0.5600,-2.7300,0.7700
61904195,sitting,-1.0077,0.0056,0.0464,0.5250,-2.7300,0.7700
61904214,sitting,-1.0085,0.0051,0.0459,0.5250,-2.8000,0.7700
61904233,sitting,-1.0082,0.0049,0.0473,0.5250,-2.7650,0.7700
61904253,sitting,-1.0089,0.0054,0.0461,0.5600,-2.7300,0.7700
61904272,sitting,-1.0089,0.0044,0.0461,0.5600,-2.7300,0.7700
61904291,sitting,-1.0087,0.0051,0.0454,0.5600,-2.7300,0.7700
61904310,sitting,-1.0075,0.0068,0.0459,0.5600,-2.7650,0.7700
61904329,sitting,-1.0087,0.0063,0.0466,0.5600,-2.7300,0.7350
61904349,sitting,-1.0082,0.0059,0.0461,0.5600,-2.7300,0.7700
61904368,sitting,-1.0082,0.0059,0.0459,0.5600,-2.7650,0.7350
61904387,sitting,-1.0082,0.0054,0.0459,0.5600,-2.7300,0.7700
61904406,sitting,-1.0087,0.0054,0.0466,0.5600,-2.7650,0.7350
61904426,sitting,-1.0082,0.0059,0.0466,0.5600,-2.7650,0.7700
61904445,sitting,-1.0087,0.0056,0.0471,0.5950,-2.7300,0.7700
61904464,sitting,-1.0082,0.0056,0.0464,0.5600,-2.7300,0.7700
61904483,sitting,-1.0082,0.0056,0.0461,0.5600,-2.7300,0.7700
61904503,sitting,-1.0087,0.0051,0.0468,0.5600,-2.7300,0.7700
61904522,sitting,-1.0080,0.0049,0.0459,0.5600,-2.7300,0.7700
61904541,sitting,-1.0089,0.0046,0.0461,0.5600,-2.8000,0.7700
61904560,sitting,-1.0082,0.0049,0.0468,0.5600,-2.7650,0.7700
61904579,sitting,-1.0087,0.0046,0.0459,0.5600,-2.8000,0.7700
61904599,sitting,-1.0085,0.0054,0.0471,0.5250,-2.7650,0.7700
61904618,sitting,-1.0089,0.0049,0.0464,0.5600,-2.7300,0.7700
61904637,sitting,-1.0082,0.0059,0.0466,0.4900,-2.7300,0.8050
61904656,sitting,-1.0085,0.0056,0.0464,0.5600,-2.8000,0.7700
61904676,sitting,-1.0092,0.0054,0.0468,0.5600,-2.7300,0.7700
61904695,sitting,-1.0102,0.0051,0.0471,0.5600,-2.7300,0.7700
61904714,sitting,-1.0097,0.0049,0.0468,0.5600,-2.7300,0.8050
61904733,sitting,-1.0089,0.0059,0.0468,0.5600,-2.7300,0.7700
61904753,sitting,-1.0089,0.0054,0.0464,0.5600,-2.7300,0.7700
61904772,sitting,-1.0094,0.0056,0.0473,0.5600,-2.7300,0.7700
61904791,sitting,-1.0085,0.0054,0.0473,0.5600,-2.7650,0.8050
61904810,sitting,-1.0080,0.0056,0.0461,0.5600,-2.7300,0.7700
61904829,sitting,-1.0092,0.0061,0.0461,0.5600,-2.7300,0.7700
61904849,sitting,-1.0092,0.0051,0.0466,0.5950,-2.7300,0.7700
61904868,sitting,-1.0082,0.0054,0.0466,0.5600,-2.7300,0.7700
61904887,sitting,-1.0075,0.0056,0.0466,0.5600,-2.7650,0.7350
61904906,sitting,-1.0085,0.0054,0.0466,0.5250,-2.7300,0.7350
61904926,sitting,-1.0087,0.0056,0.0459,0.5600,-2.7300,0.7350
61904945,sitting,-1.0082,0.0054,0.0471,0.5950,-2.7300,0.7700
61904964,sitting,-1.0085,0.0061,0.0466,0.5600,-2.7300,0.7700
61904983,sitting,-1.0089,0.0049,0.0466,0.5600,-2.7300,0.7700
61905003,sitting,-1.0085,0.0059,0.0464,0.5600,-2.7650,0.7700
61905022,sitting,-1.0087,0.0046,0.0473,0.5600,-2.7300,0.7700
61905041,sitting,-1.0082,0.0054,0.0468,0.5600,-2.7300,0.7700
61905060,sitting,-1.0075,0.0059,0.0466,0.5250,-2.7650,0.7700
61905079,sitting,-1.0080,0.0061,0.0473,0.5600,-2.8000,0.7700
61905099,sitting,-1.0085,0.0059,0.0459,0.5600,-2.7300,0.7700
61905118,sitting,-1.0075,0.0051,0.0461,0.5600,-2.7300,0.7700
61905137,sitting,-1.0094,0.0046,0.0461,0.5600,-2.7300,0.7700
61905156,sitting,-1.0092,0.0056,0.0468,0.5600,-2.7300,0.7700
61905176,sitting,-1.0092,0.0056,0.0464,0.5250,-2.7300,0.7700
61905195,sitting,-1.0082,0.0051,0.0461,0.5600,-2.7300,0.7350
61905214,sitting,-1.0082,0.0054,0.0466,0.5600,-2.7300,0.7700
61905233,sitting,-1.0085,0.0059,0.0471,0.5250,-2.7300,0.7700
61905253,sitting,-1.0097,0.0063,0.0459,0.5250,-2.7650,0.8050
61905272,sitting,-1.0085,0.0056,0.0468,0.5600,-2.7300,0.7700
61905291,sitting,-1.0085,0.0061,0.0459,0.5600,-2.7650,0.7700
61905310,sitting,-1.0085,0.0059,0.0473,0.5600,-2.7300,0.7700
61905329,sitting,-1.0082,0.0037,0.0466,0.5250,-2.7300,0.7700
61905349,sitting,-1.0087,0.0046,0.0464,0.5250,-2.7300,0.7700
61905368,sitting,-1.0082,0.0051,0.0466,0.5600,-2.7300,0.7700
61905387,sitting,-1.0080,0.0051,0.0459,0.5250,-2.7300,0.7700
61905406,sitting,-1.0075,0.0059,0.0464,0.5250,-2.7650,0.7700
61905426,sitting,-1.0085,0.0063,0.0468,0.5600,-2.7300,0.7700
61905445,sitting,-1.0087,0.0061,0.0461,0.5600,-2.7300,0.7700
61905464,sitting,-1.0075,0.0061,0.0464,0.5600,-2.7650,0.7350
61905483,sitting,-1.0094,0.0049,0.0468,0.5950,-2.7650,0.7700
61905503,sitting,-1.0087,0.0059,0.0481,0.5600,-2.7650,0.7700
61905522,sitting,-1.0082,0.0056,0.0461,0.5250,-2.7300,0.7700
61905541,sitting,-1.0089,0.0044,0.0464,0.5600,-2.7300,0.7350
61905560,sitting,-1.0077,0.0046,0.0468,0.5600,-2.7650,0.7700
61905579,sitting,-1.0082,0.0061,0.0468,0.5600,-2.7300,0.7700
61905599,sitting,-1.0082,0.0054,0.0461,0.5600,-2.7650,0.7700
61905618,sitting,-1.0080,0.0046,0.0476,0.5600,-2.7650,0.7700
61905637,sitting,-1.0085,0.0051,0.0468,0.5600,-2.8000,0.7700
61905656,sitting,-1.0089,0.0059,0.0466,0.5600,-2.6950,0.7700
61905676,sitting,-1.0089,0.0051,0.0464,0.4900,-2.7300,0.7700
61905695,sitting,-1.0089,0.0046,0.0468,0.5600,-2.7300,0.7700
61905714,sitting,-1.0075,0.0054,0.0476,0.5600,-2.7300,0.7700
61905733,sitting,-1.0085,0.0054,0.0466,0.5600,-2.7300,0.7700
61905753,sitting,-1.0080,0.0061,0.0466,0.5600,-2.7650,0.7700
61905772,sitting,-1.0085,0.0056,0.0461,0.5250,-2.7300,0.7700
61905791,sitting,-1.0075,0.0054,0.0456,0.5600,-2.7300,0.7700
61905810,sitting,-1.0080,0.0051,0.0454,0.5600,-2.7300,0.7700
61905829,sitting,-1.0085,0.0056,0.0456,0.5250,-2.7300,0.7700
61905849,sitting,-1.0080,0.0054,0.0464,0.5600,-2.7300,0.7700
61905868,sitting,-1.0085,0.0054,0.0464,0.5600,-2.7300,0.7700
61905887,sitting,-1.0087,0.0051,0.0466,0.5600,-2.7300,0.7700
61905906,sitting,-1.0089,0.0044,0.0476,0.5600,-2.7300,0.7700
61905926,sitting,-1.0085,0.0041,0.0466,0.5600,-2.7300,0.7700
61905945,sitting,-1.0082,0.0061,0.0471,0.5250,-2.7650,0.7700
61905964,sitting,-1.0094,0.0059,0.0456,0.5600,-2.7300,0.7700
61905983,sitting,-1.0089,0.0061,0.0473,0.5600,-2.7300,0.7350
61906003,sitting,-1.0082,0.0061,0.0454,0.5600,-2.8000,0.8050
61906022,sitting,-1.0085,0.0056,0.0468,0.5600,-2.7300,0.7700
61906041,sitting,-1.0085,0.0056,0.0464,0.5600,-2.7650,0.7700
61906060,sitting,-1.0087,0.0049,0.0459,0.5250,-2.7300,0.7700
61906079,sitting,-1.0087,0.0054,0.0473,0.5600,-2.7300,0.7700
61906099,sitting,-1.0080,0.0054,0.0468,0.5600,-2.7300,0.7700
61906118,sitting,-1.0087,0.0051,0.0471,0.5250,-2.8000,0.7700
61906137,sitting,-1.0092,0.0061,0.0459,0.5250,-2.7300,0.7700
61906156,sitting,-1.0080,0.0059,0.0451,0.5600,-2.7650,0.7700
61906176,sitting,-1.0087,0.0059,0.0459,0.4900,-2.7650,0.7700
61906195,sitting,-1.0089,0.0059,0.0471,0.5250,-2.7650,0.7350
61906214,sitting,-1.0089,0.0049,0.0473,0.5250,-2.7650,0.7700
61906233,sitting,-1.0089,0.0046,0.0464,0.5600,-2.7300,0.8050
61906253,sitting,-1.0075,0.0051,0.0451,0.5600,-2.7300,0.7700
61906272,sitting,-1.0077,0.0051,0.0464,0.5600,-2.7300,0.7700
61906291,sitting,-1.0077,0.0061,0.0468,0.5600,-2.7300,0.7700
61906310,sitting,-1.0089,0.0054,0.0466,0.5600,-2.7300,0.7350
61906329,sitting,-1.0089,0.0059,0.0478,0.5600,-2.7300,0.8050
61906349,sitting,-1.0085,0.0059,0.0454,0.4900,-2.7300,0.7700
61906368,sitting,-1.0082,0.0049,0.0464,0.5600,-2.7300,0.7700
61906387,sitting,-1.0077,0.0049,0.0471,0.5250,-2.7650,0.7700
61906406,sitting,-1.0077,0.0041,0.0464,0.5250,-2.7300,0.7700
61906426,sitting,-1.0082,0.0054,0.0459,0.5600,-2.7650,0.7350
61906445,sitting,-1.0085,0.0056,0.0464,0.5600,-2.7300,0.7350
61906464,sitting,-1.0087,0.0063,0.0466,0.5600,-2.7300,0.7350
61906483,sitting,-1.0082,0.0056,0.0476,0.5250,-2.7300,0.7700
61906503,sitting,-1.0092,0.0061,0.0456,0.5250,-2.7650,0.7700
61906522,sitting,-1.0089,0.0049,0.0454,0.5250,-2.7300,0.7700
61906541,sitting,-1.0092,0.0051,0.0461,0.4900,-2.7650,0.7700
61906560,sitting,-1.0080,0.0049,0.0471,0.5600,-2.7300,0.7700
61906579,sitting,-1.0087,0.0056,0.0471,0.5600,-2.7300,0.7700
61906599,sitting,-1.0087,0.0054,0.0471,0.5250,-2.7300,0.7700
61906618,sitting,-1.0089,0.0059,0.0468,0.5600,-2.8000,0.7700
61906637,sitting,-1.0082,0.0061,0.0473,0.4900,-2.7300,0.8050
61906656,sitting,-1.0089,0.0051,0.0471,0.5250,-2.7300,0.7700
61906676,sitting,-1.0085,0.0041,0.0461,0.5600,-2.7300,0.8050
61906695,sitting,-1.0085,0.0059,0.0461,0.5250,-2.7650,0.7700
61906714,sitting,-1.0077,0.0059,0.0464,0.4900,-2.8000,0.7700
61906733,sitting,-1.0097,0.0049,0.0464,0.5600,-2.7650,0.7700
61906753,sitting,-1.0087,0.0051,0.0473,0.5600,-2.7300,0.7700
61906772,sitting,-1.0080,0.0051,0.0473,0.5600,-2.7300,0.7700
61906791,sitting,-1.0089,0.0051,0.0461,0.5250,-2.7300,0.7700
61906810,sitting,-1.0094,0.0046,0.0464,0.5600,-2.7300,0.7700
61906829,sitting,-1.0082,0.0054,0.0466,0.5600,-2.7300,0.7700
61906849,sitting,-1.0089,0.0051,0.0456,0.5600,-2.7300,0.7700
61906868,sitting,-1.0080,0.0051,0.0461,0.5600,-2.7650,0.7700
61906887,sitting,-1.0082,0.0051,0.0473,0.5600,-2.8000,0.7700
61906906,sitting,-1.0089,0.0046,0.0454,0.5600,-2.7300,0.7700
61906926,sitting,-1.0089,0.0051,0.0451,0.5600,-2.7650,0.7700
61906945,sitting,-1.0077,0.0056,0.0459,0.5600,-2.7300,0.7350
61906964,sitting,-1.0075,0.0059,0.0461,0.5600,-2.7300,0.7350
61906983,sitting,-1.0087,0.0046,0.0478,0.5600,-2.7300,0.7700
61907003,sitting,-1.0087,0.0061,0.0461,0.5600,-2.7650,0.7350
61907022,sitting,-1.0087,0.0059,0.0454,0.5600,-2.7650,0.7700
61907041,sitting,-1.0082,0.0049,0.0466,0.5600,-2.8000,0.7700
61907060,sitting,-1.0087,0.0051,0.0464,0.5250,-2.7300,0.7700
61907079,sitting,-1.0067,0.0054,0.0466,0.5250,-2.7300,0.7700
61907099,sitting,-1.0075,0.0046,0.0478,0.5250,-2.7650,0.7700
61907118,sitting,-1.0087,0.0054,0.0478,0.5600,-2.8000,0.7700
61907137,sitting,-1.0082,0.0056,0.0468,0.5600,-2.8000,0.7700
61907156,sitting,-1.0082,0.0049,0.0471,0.5600,-2.7300,0.7350
61907176,sitting,-1.0080,0.0063,0.0476,0.5600,-2.7300,0.7700
61907195,sitting,-1.0085,0.0059,0.0464,0.4900,-2.7300,0.8050
61907214,sitting,-1.0089,0.0054,0.0468,0.5600,-2.7300,0.7700
61907233,sitting,-1.0087,0.0061,0.0473,0.5250,-2.7300,0.8050
61907253,sitting,-1.0087,0.0044,0.0466,0.5600,-2.7300,0.7700
61907272,sitting,-1.0080,0.0061,0.0459,0.5600,-2.7300,0.8050
61907291,sitting,-1.0085,0.0051,0.0454,0.5600,-2.7300,0.7700
61907310,sitting,-1.0089,0.0056,0.0468,0.5600,-2.7300,0.7700
61907329,sitting,-1.0097,0.0051,0.0454,0.5250,-2.7650,0.7350
61907349,sitting,-1.0077,0.0044,0.0459,0.5600,-2.8000,0.7700
61907368,sitting,-1.0087,0.0049,0.0476,0.5250,-2.7300,0.7700
61907387,sitting,-1.0092,0.0049,0.0468,0.5600,-2.7300,0.7700
61907406,sitting,-1.0085,0.0054,0.0468,0.5600,-2.7300,0.7700
61907426,sitting,-1.0082,0.0056,0.0466,0.5250,-2.7300,0.7700
61907445,sitting,-1.0087,0.0049,0.0468,0.5250,-2.7300,0.7700
61907464,sitting,-1.0082,0.0049,0.0456,0.5600,-2.7300,0.7700
61907483,sitting,-1.0072,0.0056,0.0459,0.5600,-2.7300,0.7700
61907503,sitting,-1.0077,0.0059,0.0466,0.5600,-2.7650,0.7700
61907522,sitting,-1.0087,0.0051,0.0468,0.5600,-2.7650,0.7350
61907541,sitting,-1.0082,0.0049,0.0468,0.5600,-2.7300,0.7000
61907560,sitting,-1.0085,0.0054,0.0468,0.5600,-2.7650,0.7700
61907579,sitting,-1.0094,0.0054,0.0451,0.4900,-2.7650,0.7700
61907599,sitting,-1.0087,0.0046,0.0464,0.5600,-2.7300,0.7700
61907618,sitting,-1.0094,0.0054,0.0459,0.5600,-2.7650,0.7700
61907637,sitting,-1.0089,0.0054,0.0459,0.5250,-2.7650,0.7700
61907656,sitting,-1.0087,0.0054,0.0456,0.5600,-2.7650,0.7700
61907676,sitting,-1.0087,0.0051,0.0473,0.5250,-2.8000,0.7700
61907695,sitting,-1.0080,0.0059,0.0459,0.5250,-2.7300,0.7700
61907714,sitting,-1.0080,0.0059,0.0464,0.5250,-2.7300,0.7700
61907733,sitting,-1.0085,0.0051,0.0466,0.5250,-2.7300,0.7700
61907753,sitting,-1.0082,0.0051,0.0473,0.5250,-2.7650,0.7700
61907772,sitting,-1.0092,0.0056,0.0468,0.5600,-2.8000,0.7700
61907791,sitting,-1.0092,0.0049,0.0468,0.5250,-2.7300,0.7700
61907810,sitting,-1.0082,0.0056,0.0471,0.5600,-2.7300,0.7700
61907829,sitting,-1.0087,0.0056,0.0468,0.5600,-2.7650,0.7700
61907849,sitting,-1.0080,0.0049,0.0464,0.5950,-2.7650,0.8050
61907868,sitting,-1.0082,0.0066,0.0459,0.5600,-2.7300,0.7700
61907887,sitting,-1.0080,0.0054,0.0461,0.5600,-2.7300,0.7700
61907906,sitting,-1.0077,0.0054,0.0461,0.5600,-2.7300,0.7700
61907926,sitting,-1.0082,0.0041,0.0461,0.5600,-2.7650,0.7700
61907945,sitting,-1.0092,0.0054,0.0466,0.5600,-2.7650,0.7350
61907964,sitting,-1.0097,0.0049,0.0471,0.5600,-2.7300,0.7700
61907983,sitting,-1.0087,0.0044,0.0473,0.5600,-2.7300,0.7350
61908003,sitting,-1.0077,0.0049,0.0473,0.5600,-2.7300,0.7700
61908022,sitting,-1.0080,0.0049,0.0471,0.5250,-2.7300,0.7700
61908041,sitting,-1.0082,0.0059,0.0471,0.5600,-2.7300,0.7700
61908060,sitting,-1.0077,0.0056,0.0459,0.5600,-2.7300,0.7700
61908079,sitting,-1.0077,0.0051,0.0456,0.5250,-2.7650,0.7700
61908099,sitting,-1.0087,0.0059,0.0459,0.5600,-2.7650,0.7700
61908118,sitting,-1.0082,0.0056,0.0454,0.5250,-2.8000,0.7700
61908137,sitting,-1.0089,0.0051,0.0456,0.5250,-2.7300,0.7700
61908156,sitting,-1.0080,0.0059,0.0464,0.5600,-2.7300,0.7700
61908176,sitting,-1.0077,0.0061,0.0476,0.5600,-2.7300,0.7700
61908195,sitting,-1.0089,0.0046,0.0459,0.5600,-2.7300,0.7700
61908214,sitting,-1.0087,0.0044,0.0468,0.5600,-2.7300,0.7700
61908233,sitting,-1.0082,0.0061,0.0461,0.5600,-2.7650,0.7700
61908253,sitting,-1.0085,0.0061,0.0464,0.5600,-2.7650,0.8400
61908272,sitting,-1.0087,0.0056,0.0461,0.5600,-2.7300,0.7700
61908291,sitting,-1.0092,0.0049,0.0464,0.5250,-2.7300,0.7700
61908310,sitting,-1.0082,0.0054,0.0476,0.4900,-2.7300,0.7700
61908329,sitting,-1.0082,0.0056,0.0461,0.5600,-2.7650,0.7700
61908349,sitting,-1.0082,0.0056,0.0468,0.5600,-2.7300,0.7700
61908368,sitting,-1.0082,0.0049,0.0454,0.5600,-2.7300,0.7700
61908387,sitting,-1.0089,0.0054,0.0461,0.5250,-2.7300,0.7700
61908406,sitting,-1.0082,0.0046,0.0476,0.4900,-2.7300,0.7700
61908426,sitting,-1.0082,0.0061,0.0459,0.5600,-2.7300,0.7700
61908445,sitting,-1.0085,0.0046,0.0461,0.5250,-2.7300,0.7700
61908464,sitting,-1.0082,0.0049,0.0459,0.5600,-2.6950,0.7350
61908483,sitting,-1.0089,0.0051,0.0466,0.5600,-2.7300,0.7350
61908503,sitting,-1.0082,0.0056,0.0468,0.5600,-2.7300,0.7350
61908522,sitting,-1.0087,0.0049,0.0471,0.5250,-2.7300,0.8050
61908541,sitting,-1.0082,0.0056,0.0461,0.5600,-2.7300,0.7700
61908560,sitting,-1.0080,0.0046,0.0476,0.5600,-2.7300,0.7700
61908579,sitting,-1.0094,0.0056,0.0461,0.5600,-2.7650,0.7700
61908599,sitting,-1.0082,0.0046,0.0461,0.5250,-2.7650,0.7700
61908618,sitting,-1.0089,0.0046,0.0454,0.5250,-2.8000,0.7350
61908637,sitting,-1.0082,0.0054,0.0468,0.5600,-2.7300,0.7350
61908656,sitting,-1.0080,0.0056,0.0464,0.5600,-2.7650,0.7700
61908676,sitting,-1.0082,0.0061,0.0466,0.5600,-2.7650,0.7700
61908695,sitting,-1.0092,0.0056,0.0466,0.5600,-2.7300,0.7700
61908714,sitting,-1.0077,0.0046,0.0466,0.5250,-2.7300,0.7700
61908733,sitting,-1.0082,0.0049,0.0466,0.5600,-2.8000,0.7700
61908753,sitting,-1.0080,0.0049,0.0451,0.5250,-2.7650,0.7700
61908772,sitting,-1.0072,0.0051,0.0466,0.5600,-2.7650,0.7700
61908791,sitting,-1.0067,0.0051,0.0464,0.5600,-2.7300,0.7700
61908810,sitting,-1.0082,0.0061,0.0456,0.5950,-2.7650,0.7700
61908829,sitting,-1.0092,0.0063,0.0471,0.5600,-2.8000,0.7700
61908849,sitting,-1.0087,0.0056,0.0468,0.5600,-2.7300,0.7700
61908868,sitting,-1.0089,0.0054,0.0466,0.5600,-2.7650,0.7350
61908887,sitting,-1.0075,0.0054,0.0464,0.5600,-2.7650,0.7700
61908906,sitting,-1.0085,0.0056,0.0471,0.5600,-2.7300,0.7700
61908926,sitting,-1.0089,0.0051,0.0466,0.5600,-2.7300,0.7700
61908945,sitting,-1.0082,0.0059,0.0464,0.5600,-2.7300,0.8050
61908964,sitting,-1.0082,0.0059,0.0471,0.5600,-2.7300,0.7700
61908983,sitting,-1.0080,0.0051,0.0464,0.5600,-2.7300,0.7700
61909003,sitting,-1.0085,0.0051,0.0473,0.5600,-2.7300,0.7700
61909022,sitting,-1.0089,0.0054,0.0468,0.5250,-2.7300,0.7700
61909041,sitting,-1.0085,0.0056,0.0468,0.5600,-2.7300,0.7700
61909060,sitting,-1.0089,0.0051,0.0466,0.5600,-2.7300,0.7350
61909079,sitting,-1.0082,0.0051,0.0464,0.5600,-2.7650,0.7700
61909099,sitting,-1.0080,0.0061,0.0464,0.5600,-2.8000,0.7700
61909118,sitting,-1.0092,0.0054,0.0464,0.5600,-2.7300,0.7700
61909137,sitting,-1.0087,0.0051,0.0466,0.4900,-2.7650,0.7700
61909156,sitting,-1.0094,0.0044,0.0466,0.5600,-2.7300,0.7350
61909176,sitting,-1.0082,0.0054,0.0464,0.5600,-2.7300,0.7700
61909195,sitting,-1.0082,0.0051,0.0464,0.5600,-2.7650,0.7700
61909214,sitting,-1.0089,0.0051,0.0464,0.5600,-2.7300,0.7700
61909233,sitting,-1.0089,0.0049,0.0466,0.5600,-2.8000,0.7700
61909253,sitting,-1.0087,0.0054,0.0456,0.5250,-2.7300,0.7700
61909272,sitting,-1.0072,0.0063,0.0456,0.5600,-2.7300,0.8050
61909291,sitting,-1.0089,0.0054,0.0468,0.5250,-2.7300,0.7700
61909310,sitting,-1.0082,0.0061,0.0461,0.5250,-2.7650,0.8050
61909329,sitting,-1.0072,0.0059,0.0456,0.5600,-2.8000,0.7700
61909349,sitting,-1.0087,0.0059,0.0451,0.5600,-2.7300,0.7700
61909368,sitting,-1.0077,0.0054,0.0471,0.5250,-2.7650,0.8050
61909387,sitting,-1.0089,0.0056,0.0466,0.5950,-2.7300,0.7700
61909406,sitting,-1.0082,0.0054,0.0471,0.5600,-2.7650,0.7350
61909426,sitting,-1.0085,0.0059,0.0461,0.5600,-2.7300,0.7700
61909445,sitting,-1.0089,0.0054,0.0459,0.5600,-2.7650,0.7700
61909464,sitting,-1.0085,0.0054,0.0466,0.5600,-2.7650,0.7700
61909483,sitting,-1.0082,0.0061,0.0466,0.5600,-2.7300,0.7700
61909503,sitting,-1.0082,0.0056,0.0461,0.5600,-2.7300,0.7700
61909522,sitting,-1.0080,0.0049,0.0468,0.4900,-2.7650,0.7700
61909541,sitting,-1.0085,0.0054,0.0461,0.5250,-2.7300,0.7700
61909560,sitting,-1.0085,0.0051,0.0461,0.5250,-2.7300,0.7700
61909579,sitting,-1.0085,0.0046,0.0461,0.5250,-2.7650,0.7700
61909599,sitting,-1.0087,0.0051,0.0471,0.5950,-2.7650,0.7350
61909618,sitting,-1.0087,0.0044,0.0473,0.5600,-2.7300,0.7700
61909637,sitting,-1.0080,0.0051,0.0468,0.5950,-2.7300,0.7700
61909656,sitting,-1.0075,0.0056,0.0476,0.5250,-2.7300,0.7700
61909676,sitting,-1.0087,0.0056,0.0476,0.5600,-2.7300,0.7700
61909695,sitting,-1.0082,0.0051,0.0466,0.5600,-2.7650,0.7700
61909714,sitting,-1.0077,0.0056,0.0459,0.5600,-2.8000,0.7700
61909733,sitting,-1.0077,0.0056,0.0466,0.5250,-2.8000,0.7700
61909753,sitting,-1.0077,0.0056,0.0468,0.5250,-2.7650,0.7700
61909772,sitting,-1.0080,0.0068,0.0454,0.5600,-2.7300,0.7700
61909791,sitting,-1.0075,0.0059,0.0476,0.5600,-2.7300,0.7700
61909810,sitting,-1.0070,0.0054,0.0468,0.5600,-2.7300,0.7700
61909829,sitting,-1.0077,0.0044,0.0459,0.5600,-2.7650,0.7700
61909849,sitting,-1.0080,0.0049,0.0461,0.5600,-2.7300,0.7700
61909868,sitting,-1.0085,0.0054,0.0476,0.5600,-2.7300,0.7700
61909887,sitting,-1.0082,0.0059,0.0464,0.5600,-2.6950,0.7700
61909906,sitting,-1.0087,0.0046,0.0461,0.5600,-2.7300,0.7700
61909926,sitting,-1.0099,0.0049,0.0464,0.5600,-2.7300,0.7700
61909945,sitting,-1.0092,0.0054,0.0468,0.5600,-2.7300,0.7700
61909964,sitting,-1.0085,0.0061,0.0468,0.5600,-2.7300,0.7700
61909983,sitting,-1.0094,0.0056,0.0476,0.5600,-2.7300,0.7700
61910003,sitting,-1.0085,0.0054,0.0461,0.5600,-2.7300,0.7700
61910022,sitting,-1.0092,0.0061,0.0456,0.5600,-2.7300,0.7350
61910041,sitting,-1.0080,0.0054,0.0461,0.5600,-2.7650,0.7000
61910060,sitting,-1.0080,0.0054,0.0468,0.5250,-2.7300,0.7700
61910079,sitting,-1.0082,0.0059,0.0464,0.5250,-2.7300,0.7700
61910099,sitting,-1.0072,0.0056,0.0464,0.5600,-2.7300,0.7700
61910118,sitting,-1.0094,0.0046,0.0464,0.5600,-2.7300,0.8050
61910137,sitting,-1.0077,0.0059,0.0468,0.5600,-2.8000,0.7700
61910156,sitting,-1.0082,0.0049,0.0464,0.5600,-2.7300,0.8050
61910176,sitting,-1.0085,0.0056,0.0464,0.5250,-2.7300,0.7700
61910195,sitting,-1.0094,0.0056,0.0478,0.5600,-2.7300,0.7700
61910214,sitting,-1.0080,0.0056,0.0471,0.5600,-2.7650,0.8050
61910233,sitting,-1.0089,0.0049,0.0471,0.5950,-2.7650,0.7700
61910253,sitting,-1.0094,0.0056,0.0466,0.5600,-2.7650,0.7700
61910272,sitting,-1.0092,0.0051,0.0461,0.5600,-2.7650,0.7700
61910291,sitting,-1.0092,0.0056,0.0454,0.5600,-2.7300,0.7700
61910310,sitting,-1.0082,0.0059,0.0464,0.5250,-2.7300,0.7700
61910329,sitting,-1.0087,0.0049,0.0468,0.5600,-2.7650,0.8050
61910349,sitting,-1.0087,0.0059,0.0476,0.5600,-2.7300,0.7700
61910368,sitting,-1.0080,0.0061,0.0464,0.5600,-2.7300,0.7700
61910387,sitting,-1.0075,0.0051,0.0468,0.5600,-2.7300,0.7700
61910406,sitting,-1.0082,0.0049,0.0468,0.4900,-2.7300,0.7700
61910426,sitting,-1.0085,0.0051,0.0464,0.5600,-2.7300,0.7700
61910445,sitting,-1.0070,0.0056,0.0459,0.5600,-2.7300,0.7700
61910464,sitting,-1.0072,0.0051,0.0466,0.5600,-2.7300,0.7700
61910483,sitting,-1.0080,0.0054,0.0471,0.5250,-2.7650,0.7700
61910503,sitting,-1.0085,0.0054,0.0471,0.5600,-2.7300,0.7000
61910522,sitting,-1.0080,0.0059,0.0471,0.5600,-2.7300,0.7700
61910541,sitting,-1.0085,0.0061,0.0466,0.5950,-2.7650,0.7700
61910560,sitting,-1.0082,0.0046,0.0471,0.5600,-2.7300,0.7700
61910579,sitting,-1.0087,0.0051,0.0471,0.5600,-2.7300,0.7700
61910599,sitting,-1.0082,0.0063,0.0456,0.5600,-2.7300,0.7700
61910618,sitting,-1.0089,0.0061,0.0464,0.4900,-2.7300,0.7350
61910637,sitting,-1.0089,0.0059,0.0466,0.5600,-2.7300,0.7700
61910656,sitting,-1.0087,0.0054,0.0471,0.5600,-2.7650,0.7700
61910676,sitting,-1.0075,0.0054,0.0459,0.5250,-2.7650,0.7700
61910695,sitting,-1.0085,0.0049,0.0464,0.5600,-2.8000,0.7700
61910714,sitting,-1.0087,0.0054,0.0459,0.5250,-2.7300,0.7700
61910733,sitting,-1.0089,0.0056,0.0464,0.5250,-2.7650,0.7350
61910753,sitting,-1.0082,0.0063,0.0471,0.5600,-2.8000,0.7700
61910772,sitting,-1.0082,0.0054,0.0476,0.5250,-2.7650,0.7700
61910791,sitting,-1.0075,0.0059,0.0473,0.5950,-2.7300,0.7700
61910810,sitting,-1.0087,0.0059,0.0454,0.5600,-2.7300,0.7700
61910829,sitting,-1.0085,0.0061,0.0459,0.5600,-2.7300,0.7700
61910849,sitting,-1.0089,0.0054,0.0466,0.5600,-2.7650,0.7700
61910868,sitting,-1.0085,0.0059,0.0466,0.5600,-2.7300,0.7350
61910887,sitting,-1.0092,0.0061,0.0464,0.5250,-2.7650,0.7700
61910906,sitting,-1.0089,0.0054,0.0461,0.5600,-2.7300,0.7700
61910926,sitting,-1.0087,0.0054,0.0468,0.5600,-2.7300,0.7700
61910945,sitting,-1.0082,0.0054,0.0464,0.5250,-2.7300,0.7700
61910964,sitting,-1.0085,0.0056,0.0459,0.5600,-2.7650,0.7700
61910983,sitting,-1.0085,0.0051,0.0464,0.5600,-2.7650,0.7000
61911003,sitting,-1.0092,0.0054,0.0459,0.5250,-2.7300,0.7350
61911022,sitting,-1.0089,0.0051,0.0468,0.5250,-2.7300,0.7350
61911041,sitting,-1.0087,0.0051,0.0459,0.5600,-2.7650,0.7350
61911060,sitting,-1.0080,0.0056,0.0459,0.5600,-2.7300,0.7700
61911079,sitting,-1.0087,0.0056,0.0459,0.5600,-2.7300,0.7350
61911099,sitting,-1.0085,0.0049,0.0456,0.5600,-2.7300,0.7700
61911118,sitting,-1.0085,0.0044,0.0461,0.5600,-2.7300,0.7700
61911137,sitting,-1.0087,0.0051,0.0459,0.5250,-2.7300,0.7700
61911156,sitting,-1.0085,0.0056,0.0468,0.5600,-2.7650,0.7700
61911176,sitting,-1.0085,0.0046,0.0466,0.5600,-2.8000,0.7700
61911195,sitting,-1.0085,0.0046,0.0466,0.5250,-2.8000,0.7700
61911214,sitting,-1.0085,0.0054,0.0464,0.5250,-2.7650,0.7700
61911233,sitting,-1.0077,0.0049,0.0459,0.5250,-2.7300,0.7700
61911253,sitting,-1.0080,0.0049,0.0468,0.5600,-2.7300,0.7700
61911272,sitting,-1.0077,0.0066,0.0456,0.5600,-2.7300,0.7700
61911291,sitting,-1.0087,0.0056,0.0459,0.5250,-2.7300,0.7350
61911310,sitting,-1.0080,0.0059,0.0461,0.5600,-2.7650,0.8050
61911329,sitting,-1.0077,0.0056,0.0471,0.5600,-2.7300,0.7700
61911349,sitting,-1.0080,0.0049,0.0466,0.5600,-2.7650,0.7700
61911368,sitting,-1.0077,0.0061,0.0461,0.5600,-2.7650,0.7700
61911387,sitting,-1.0080,0.0063,0.0473,0.4900,-2.7650,0.7700
61911406,sitting,-1.0089,0.0044,0.0461,0.5250,-2.7300,0.7700
61911426,sitting,-1.0082,0.0051,0.0459,0.5600,-2.7300,0.7700
61911445,sitting,-1.0087,0.0056,0.0466,0.5600,-2.7300,0.7700
61911464,sitting,-1.0087,0.0059,0.0459,0.5600,-2.7300,0.7350
61911483,sitting,-1.0089,0.0051,0.0468,0.5600,-2.7300,0.7350
61911503,sitting,-1.0080,0.0059,0.0464,0.5600,-2.7300,0.7700
61911522,sitting,-1.0082,0.0061,0.0454,0.5250,-2.7300,0.7700
61911541,sitting,-1.0072,0.0056,0.0476,0.5600,-2.7300,0.7700
61911560,sitting,-1.0085,0.0066,0.0471,0.5600,-2.7300,0.7700
61911579,sitting,-1.0075,0.0059,0.0476,0.5250,-2.7300,0.7700
61911599,sitting,-1.0075,0.0059,0.0473,0.5250,-2.8000,0.7350
61911618,sitting,-1.0082,0.0059,0.0464,0.5600,-2.7650,0.7700
61911637,sitting,-1.0097,0.0054,0.0461,0.5600,-2.7300,0.7700
61911656,sitting,-1.0089,0.0051,0.0466,0.5600,-2.7650,0.7700
61911676,sitting,-1.0087,0.0049,0.0461,0.5950,-2.8000,0.7350
61911695,sitting,-1.0082,0.0056,0.0459,0.5600,-2.7650,0.7700
61911714,sitting,-1.0085,0.0056,0.0461,0.5600,-2.7650,0.7700
61911733,sitting,-1.0082,0.0054,0.0451,0.5600,-2.7650,0.7700
61911753,sitting,-1.0082,0.0049,0.0466,0.5250,-2.7300,0.7700
61911772,sitting,-1.0080,0.0054,0.0464,0.5600,-2.7650,0.7700
61911791,sitting,-1.0082,0.0056,0.0466,0.5600,-2.7650,0.7700
61911810,sitting,-1.0075,0.0056,0.0466,0.5250,-2.7300,0.7700
61911829,sitting,-1.0077,0.0061,0.0471,0.5250,-2.7300,0.7700
61911849,sitting,-1.0082,0.0046,0.0471,0.5250,-2.7300,0.7700
61911868,sitting,-1.0080,0.0054,0.0464,0.5600,-2.7300,0.7700
61911887,sitting,-1.0077,0.0049,0.0461,0.4900,-2.7650,0.7700
61911906,sitting,-1.0085,0.0056,0.0466,0.5600,-2.7300,0.7700
61911926,sitting,-1.0087,0.0044,0.0466,0.5600,-2.7300,0.7700
61911945,sitting,-1.0087,0.0049,0.0466,0.5950,-2.7300,0.7700
61911964,sitting,-1.0085,0.0061,0.0471,0.5600,-2.7300,0.7700
61911983,sitting,-1.0075,0.0056,0.0464,0.5600,-2.7300,0.7700
61912003,sitting,-1.0092,0.0063,0.0471,0.5600,-2.7300,0.7700
61912022,sitting,-1.0089,0.0054,0.0459,0.5600,-2.7300,0.7700
61912041,sitting,-1.0082,0.0056,0.0466,0.5600,-2.6950,0.7700
61912060,sitting,-1.0080,0.0059,0.0464,0.5250,-2.7300,0.7700
61912079,sitting,-1.0082,0.0063,0.0456,0.5600,-2.7300,0.7000
61912099,sitting,-1.0077,0.0063,0.0464,0.5600,-2.7300,0.7700
61912118,sitting,-1.0080,0.0051,0.0468,0.5950,-2.7650,0.7700
61912137,sitting,-1.0082,0.0046,0.0466,0.5250,-2.8000,0.7700
61912156,sitting,-1.0089,0.0054,0.0461,0.5600,-2.7650,0.7700
61912176,sitting,-1.0080,0.0054,0.0459,0.5250,-2.7650,0.7350
61912195,sitting,-1.0082,0.0051,0.0456,0.5600,-2.7650,0.7700
61912214,sitting,-1.0082,0.0054,0.0454,0.5600,-2.7300,0.8050
61912233,sitting,-1.0087,0.0054,0.0464,0.5600,-2.7650,0.7700
61912253,sitting,-1.0080,0.0054,0.0459,0.5600,-2.7650,0.7700
61912272,sitting,-1.0085,0.0051,0.0464,0.5250,-2.8000,0.7700
61912291,sitting,-1.0089,0.0054,0.0464,0.5250,-2.7300,0.7700
61912310,sitting,-1.0077,0.0054,0.0461,0.5250,-2.7650,0.7700
61912329,sitting,-1.0085,0.0051,0.0466,0.5250,-2.7300,0.7700
61912349,sitting,-1.0077,0.0049,0.0464,0.5600,-2.7300,0.7700
61912368,sitting,-1.0097,0.0059,0.0456,0.5600,-2.7300,0.7700
61912387,sitting,-1.0087,0.0051,0.0466,0.5600,-2.7650,0.7700
61912406,sitting,-1.0082,0.0054,0.0473,0.5600,-2.8000,0.7700
61912426,sitting,-1.0082,0.0046,0.0468,0.5950,-2.7300,0.7700
61912445,sitting,-1.0080,0.0051,0.0464,0.5600,-2.7300,0.7700
61912464,sitting,-1.0089,0.0054,0.0459,0.5250,-2.7300,0.7700
61912483,sitting,-1.0085,0.0054,0.0464,0.5600,-2.7300,0.7700
61912503,sitting,-1.0085,0.0059,0.0468,0.5600,-2.7650,0.7700
61912522,sitting,-1.0085,0.0061,0.0466,0.5600,-2.7650,0.7700
61912541,sitting,-1.0092,0.0059,0.0466,0.5600,-2.7650,0.8050
61912560,sitting,-1.0085,0.0044,0.0461,0.5600,-2.7300,0.7700
61912579,sitting,-1.0087,0.0054,0.0481,0.4900,-2.7300,0.7700
61912599,sitting,-1.0087,0.0059,0.0461,0.5600,-2.7650,0.7700
61912618,sitting,-1.0089,0.0051,0.0461,0.5600,-2.7650,0.7700
61912637,sitting,-1.0077,0.0049,0.0466,0.5600,-2.7650,0.7350
61912656,sitting,-1.0087,0.0056,0.0454,0.5600,-2.7300,0.7350
61912676,sitting,-1.0089,0.0059,0.0456,0.5950,-2.7300,0.7350
61912695,sitting,-1.0089,0.0056,0.0461,0.5950,-2.7650,0.7700
61912714,sitting,-1.0087,0.0056,0.0464,0.5600,-2.7650,0.7700
61912733,sitting,-1.0087,0.0063,0.0464,0.5250,-2.8000,0.7700
61912753,sitting,-1.0082,0.0056,0.0461,0.5600,-2.7300,0.7700
61912772,sitting,-1.0085,0.0061,0.0459,0.5250,-2.7650,0.7700
61912791,sitting,-1.0077,0.0056,0.0468,0.5250,-2.7300,0.8050
61912810,sitting,-1.0080,0.0054,0.0466,0.5600,-2.7650,0.7700
61912829,sitting,-1.0080,0.0056,0.0468,0.5600,-2.7300,0.7700
61912849,sitting,-1.0072,0.0059,0.0473,0.5250,-2.7650,0.7700
61912868,sitting,-1.0089,0.0051,0.0468,0.5600,-2.7300,0.7700
61912887,sitting,-1.0080,0.0049,0.0464,0.5600,-2.7300,0.7700
61912906,sitting,-1.0087,0.0059,0.0459,0.5600,-2.7300,0.7700
61912926,sitting,-1.0080,0.0051,0.0468,0.5600,-2.7300,0.7350
61912945,sitting,-1.0082,0.0056,0.0459,0.5600,-2.7300,0.7700
61912964,sitting,-1.0082,0.0056,0.0466,0.5600,-2.7300,0.7700
61912983,sitting,-1.0085,0.0049,0.0454,0.5250,-2.7300,0.7700
61913003,sitting,-1.0094,0.0051,0.0459,0.5600,-2.7650,0.7350
61913022,sitting,-1.0092,0.0056,0.0461,0.5600,-2.7300,0.7700
61913041,sitting,-1.0085,0.0056,0.0466,0.5600,-2.7300,0.7350
61913060,sitting,-1.0082,0.0054,0.0468,0.5600,-2.7300,0.7350
61913079,sitting,-1.0085,0.0056,0.0466,0.5600,-2.7300,0.7000
61913099,sitting,-1.0087,0.0049,0.0471,0.5600,-2.7650,0.7700
61913118,sitting,-1.0085,0.0054,0.0466,0.5950,-2.7300,0.7700
61913137,sitting,-1.0087,0.0049,0.0471,0.5600,-2.7300,0.7700
61913156,sitting,-1.0082,0.0051,0.0468,0.5600,-2.7300,0.7700
61913176,sitting,-1.0082,0.0041,0.0451,0.5600,-2.7650,0.7700
61913195,sitting,-1.0092,0.0051,0.0466,0.5600,-2.7300,0.7700
61913214,sitting,-1.0077,0.0056,0.0473,0.5250,-2.7300,0.7350
61913233,sitting,-1.0085,0.0049,0.0464,0.5600,-2.8000,0.7700
61913253,sitting,-1.0089,0.0049,0.0464,0.5250,-2.7300,0.7700
61913272,sitting,-1.0089,0.0054,0.0454,0.5250,-2.7650,0.7700
61913291,sitting,-1.0082,0.0051,0.0468,0.5600,-2.7650,0.8050
61913310,sitting,-1.0080,0.0056,0.0466,0.5600,-2.7650,0.7700
61913329,sitting,-1.0092,0.0061,0.0461,0.5250,-2.7300,0.7700
61913349,sitting,-1.0085,0.0046,0.0473,0.5600,-2.7650,0.7700
61913368,sitting,-1.0080,0.0049,0.0466,0.5250,-2.7300,0.8050
61913387,sitting,-1.0087,0.0066,0.0464,0.4900,-2.7650,0.7700
61913406,sitting,-1.0080,0.0056,0.0459,0.5600,-2.7300,0.8050
61913426,sitting,-1.0087,0.0049,0.0466,0.5600,-2.7300,0.7700
61913445,sitting,-1.0094,0.0063,0.0461,0.5250,-2.7650,0.7700
61913464,sitting,-1.0089,0.0049,0.0464,0.5600,-2.7300,0.7700
61913483,sitting,-1.0089,0.0051,0.0464,0.5250,-2.7300,0.7700
61913503,sitting,-1.0094,0.0054,0.0461,0.5600,-2.7300,0.7350
61913522,sitting,-1.0075,0.0054,0.0466,0.5600,-2.7300,0.8050
61913541,sitting,-1.0082,0.0051,0.0461,0.5250,-2.7300,0.7700
61913560,sitting,-1.0087,0.0051,0.0466,0.5250,-2.7300,0.7700
61913579,sitting,-1.0070,0.0056,0.0468,0.5600,-2.7650,0.7700
61913599,sitting,-1.0085,0.0049,0.0466,0.5600,-2.7650,0.7700
61913618,sitting,-1.0085,0.0049,0.0464,0.5600,-2.6950,0.7350
61913637,sitting,-1.0085,0.0063,0.0466,0.5600,-2.7300,0.7700
61913656,sitting,-1.0092,0.0056,0.0471,0.5600,-2.7650,0.7700
61913676,sitting,-1.0082,0.0059,0.0466,0.5250,-2.7300,0.7700
61913695,sitting,-1.0077,0.0056,0.0459,0.5250,-2.7300,0.7700
61913714,sitting,-1.0085,0.0056,0.0471,0.5250,-2.7650,0.7350
61913733,sitting,-1.0080,0.0056,0.0466,0.5250,-2.7300,0.7700
61913753,sitting,-1.0085,0.0056,0.0473,0.5600,-2.7650,0.7700
61913772,sitting,-1.0080,0.0059,0.0456,0.5250,-2.7300,0.7700
61913791,sitting,-1.0085,0.0051,0.0459,0.5600,-2.7300,0.7700
61913810,sitting,-1.0082,0.0056,0.0456,0.5600,-2.7300,0.7700
61913829,sitting,-1.0087,0.0054,0.0468,0.5600,-2.7650,0.7700
61913849,sitting,-1.0082,0.0051,0.0466,0.5250,-2.7300,0.7700
61913868,sitting,-1.0092,0.0046,0.0468,0.5600,-2.7300,0.7700
61913887,sitting,-1.0080,0.0056,0.0466,0.5250,-2.7650,0.7700
61913906,sitting,-1.0080,0.0066,0.0466,0.5250,-2.8000,0.7700
61913926,sitting,-1.0089,0.0059,0.0464,0.5600,-2.7300,0.7700
61913945,sitting,-1.0085,0.0054,0.0464,0.5250,-2.7300,0.7350
61913964,sitting,-1.0089,0.0046,0.0459,0.5600,-2.7300,0.7350
61913983,sitting,-1.0087,0.0054,0.0466,0.5600,-2.7650,0.7700
61914003,sitting,-1.0067,0.0054,0.0464,0.5250,-2.7300,0.8050
61914022,sitting,-1.0080,0.0054,0.0464,0.5600,-2.7650,0.7700
61914041,sitting,-1.0080,0.0049,0.0468,0.5600,-2.7300,0.7700
61914060,sitting,-1.0082,0.0054,0.0464,0.5600,-2.8000,0.7700
61914079,sitting,-1.0082,0.0049,0.0473,0.5600,-2.7300,0.7700
61914099,sitting,-1.0085,0.0056,0.0459,0.5600,-2.7650,0.7700
61914118,sitting,-1.0082,0.0059,0.0473,0.5600,-2.7300,0.7700
61914137,sitting,-1.0087,0.0054,0.0468,0.5600,-2.7300,0.7700
61914156,sitting,-1.0089,0.0056,0.0464,0.5600,-2.7300,0.7700
61914176,sitting,-1.0082,0.0059,0.0468,0.5600,-2.7650,0.7700
61914195,sitting,-1.0087,0.0054,0.0476,0.5250,-2.7650,0.7700
61914214,sitting,-1.0085,0.0051,0.0471,0.5600,-2.7650,0.7700
61914233,sitting,-1.0082,0.0054,0.0471,0.5600,-2.7300,0.7700
61914253,sitting,-1.0075,0.0054,0.0464,0.5250,-2.7300,0.7700
61914272,sitting,-1.0080,0.0056,0.0468,0.5600,-2.7300,0.7700
61914291,sitting,-1.0082,0.0056,0.0468,0.5600,-2.7300,0.7700
61914310,sitting,-1.0085,0.0056,0.0471,0.5600,-2.7300,0.7700
61914329,sitting,-1.0085,0.0049,0.0464,0.5600,-2.7300,0.8050
61914349,sitting,-1.0092,0.0051,0.0459,0.5250,-2.7300,0.7700
61914368,sitting,-1.0080,0.0046,0.0461,0.4900,-2.7300,0.7700
61914387,sitting,-1.0075,0.0056,0.0461,0.5250,-2.7300,0.7350
61914406,sitting,-1.0094,0.0054,0.0476,0.5600,-2.7650,0.7700
61914426,sitting,-1.0087,0.0054,0.0471,0.5600,-2.7650,0.7700
61914445,sitting,-1.0082,0.0051,0.0468,0.5250,-2.7650,0.7700
61914464,sitting,-1.0089,0.0056,0.0468,0.5600,-2.7300,0.7700
61914483,sitting,-1.0080,0.0051,0.0461,0.5600,-2.7300,0.7700
61914503,sitting,-1.0092,0.0041,0.0464,0.5600,-2.7300,0.7700
61914522,sitting,-1.0089,0.0054,0.0471,0.5600,-2.8000,0.7700
61914541,sitting,-1.0080,0.0061,0.0459,0.5600,-2.8000,0.7700
61914560,sitting,-1.0087,0.0054,0.0464,0.5600,-2.7650,0.7700
61914579,sitting,-1.0070,0.0056,0.0466,0.5600,-2.7300,0.7700
61914599,sitting,-1.0077,0.0056,0.0464,0.4900,-2.7300,0.7700
61914618,sitting,-1.0087,0.0051,0.0464,0.5600,-2.7650,0.7350
61914637,sitting,-1.0085,0.0049,0.0459,0.5600,-2.7650,0.7700
61914656,sitting,-1.0085,0.0054,0.0464,0.5600,-2.7300,0.7350
61914676,sitting,-1.0082,0.0056,0.0464,0.5600,-2.7300,0.7350
61914695,sitting,-1.0094,0.0044,0.0456,0.5250,-2.7650,0.7350
61914714,sitting,-1.0087,0.0046,0.0471,0.5600,-2.7300,0.7700
61914733,sitting,-1.0087,0.0059,0.0464,0.5250,-2.7300,0.7700
61914753,sitting,-1.0094,0.0054,0.0473,0.4900,-2.7300,0.8050
61914772,sitting,-1.0092,0.0059,0.0459,0.5600,-2.7300,0.8050
61914791,sitting,-1.0094,0.0049,0.0461,0.5600,-2.7650,0.7700
61914810,sitting,-1.0089,0.0056,0.0464,0.5250,-2.7650,0.7350
61914829,sitting,-1.0075,0.0051,0.0466,0.5250,-2.7650,0.7700
61914849,sitting,-1.0082,0.0051,0.0466,0.5600,-2.7300,0.7700
61914868,sitting,-1.0082,0.0051,0.0473,0.5250,-2.8000,0.7700
61914887,sitting,-1.0092,0.0054,0.0459,0.5600,-2.8000,0.7700
61914906,sitting,-1.0087,0.0054,0.0471,0.5250,-2.7300,0.8050
61914926,sitting,-1.0085,0.0054,0.0461,0.5250,-2.7300,0.8050
61914945,sitting,-1.0085,0.0054,0.0464,0.5600,-2.7650,0.7700
61914964,sitting,-1.0085,0.0059,0.0464,0.5600,-2.8000,0.7700
61914983,sitting,-1.0092,0.0059,0.0461,0.5600,-2.7650,0.8050
61915003,sitting,-1.0089,0.0059,0.0459,0.5600,-2.7300,0.7350
61915022,sitting,-1.0082,0.0046,0.0471,0.4900,-2.7650,0.7700
61915041,sitting,-1.0077,0.0046,0.0459,0.5600,-2.7300,0.7700
61915060,sitting,-1.0082,0.0054,0.0466,0.5600,-2.7300,0.7700
61915079,sitting,-1.0085,0.0054,0.0459,0.5600,-2.7300,0.7350
61915099,sitting,-1.0085,0.0051,0.0466,0.5250,-2.7300,0.7700
61915118,sitting,-1.0085,0.0054,0.0476,0.5600,-2.7300,0.7700
61915137,sitting,-1.0080,0.0063,0.0476,0.5600,-2.7300,0.7700
61915156,sitting,-1.0082,0.0063,0.0473,0.5250,-2.7300,0.7700
61915176,sitting,-1.0077,0.0056,0.0466,0.5600,-2.7300,0.7700
61915195,sitting,-1.0085,0.0046,0.0473,0.5600,-2.7300,0.7700
61915214,sitting,-1.0089,0.0049,0.0461,0.5600,-2.7300,0.7700
61915233,sitting,-1.0092,0.0051,0.0464,0.5600,-2.7650,0.7700
61915253,sitting,-1.0082,0.0049,0.0466,0.5250,-2.7650,0.8400
61915272,sitting,-1.0087,0.0049,0.0461,0.4900,-2.7300,0.8050
61915291,sitting,-1.0085,0.0059,0.0464,0.5600,-2.7300,0.7700
61915310,sitting,-1.0082,0.0051,0.0466,0.5600,-2.7300,0.7700
61915329,sitting,-1.0087,0.0054,0.0466,0.5250,-2.7300,0.7350
61915349,sitting,-1.0089,0.0051,0.0451,0.5600,-2.7300,0.7700
61915368,sitting,-1.0080,0.0049,0.0459,0.5600,-2.7300,0.7700
61915387,sitting,-1.0085,0.0051,0.0461,0.5250,-2.8000,0.7350
61915406,sitting,-1.0094,0.0061,0.0468,0.5600,-2.7650,0.8050
61915426,sitting,-1.0089,0.0056,0.0461,0.5600,-2.7300,0.8050
61915445,sitting,-1.0087,0.0059,0.0464,0.5600,-2.7300,0.7700
61915464,sitting,-1.0072,0.0056,0.0459,0.5250,-2.7300,0.8050
61915483,sitting,-1.0085,0.0054,0.0451,0.5600,-2.7300,0.7700
61915503,sitting,-1.0082,0.0059,0.0466,0.5250,-2.7300,0.7700
61915522,sitting,-1.0080,0.0054,0.0473,0.5600,-2.7650,0.7700
61915541,sitting,-1.0077,0.0049,0.0468,0.5600,-2.7300,0.7700
61915560,sitting,-1.0077,0.0051,0.0468,0.5600,-2.7300,0.7700
61915579,sitting,-1.0075,0.0051,0.0468,0.5600,-2.7300,0.7350
61915599,sitting,-1.0089,0.0049,0.0471,0.5600,-2.7300,0.7350
61915618,sitting,-1.0080,0.0066,0.0464,0.5600,-2.7300,0.7350
61915637,sitting,-1.0075,0.0051,0.0461,0.5600,-2.7300,0.7700
61915656,sitting,-1.0082,0.0054,0.0468,0.5600,-2.7300,0.7000
61915676,sitting,-1.0085,0.0056,0.0466,0.5600,-2.7650,0.7350
61915695,sitting,-1.0080,0.0061,0.0473,0.5600,-2.7300,0.7350
61915714,sitting,-1.0085,0.0059,0.0466,0.5950,-2.7650,0.7700
61915733,sitting,-1.0089,0.0056,0.0461,0.5600,-2.7300,0.7700
61915753,sitting,-1.0085,0.0049,0.0461,0.5600,-2.7650,0.7700
61915772,sitting,-1.0087,0.0056,0.0466,0.5600,-2.7650,0.7700
61915791,sitting,-1.0089,0.0059,0.0471,0.5600,-2.8000,0.7700
61915810,sitting,-1.0080,0.0059,0.0473,0.5250,-2.7300,0.8050
61915829,sitting,-1.0082,0.0049,0.0459,0.5250,-2.7300,0.7700
61915849,sitting,-1.0085,0.0049,0.0461,0.5600,-2.7650,0.7700
61915868,sitting,-1.0082,0.0056,0.0461,0.5600,-2.7300,0.7700
61915887,sitting,-1.0094,0.0054,0.0464,0.5600,-2.7300,0.8050
61915906,sitting,-1.0082,0.0054,0.0459,0.5600,-2.7300,0.7700
61915926,sitting,-1.0077,0.0051,0.0461,0.5600,-2.7300,0.7700
61915945,sitting,-1.0080,0.0061,0.0466,0.5600,-2.7650,0.7700
61915964,sitting,-1.0087,0.0054,0.0466,0.5600,-2.7650,0.7700
61915983,sitting,-1.0094,0.0054,0.0466,0.5600,-2.7300,0.7700
61916003,sitting,-1.0082,0.0059,0.0473,0.5600,-2.7300,0.7700
61916022,sitting,-1.0085,0.0056,0.0468,0.4900,-2.7650,0.7700
61916041,sitting,-1.0087,0.0051,0.0461,0.5600,-2.7300,0.7700
61916060,sitting,-1.0085,0.0051,0.0456,0.5600,-2.7300,0.8050
61916079,sitting,-1.0080,0.0051,0.0461,0.5950,-2.7650,0.7700
61916099,sitting,-1.0082,0.0054,0.0468,0.5250,-2.7300,0.7700
61916118,sitting,-1.0087,0.0049,0.0461,0.5600,-2.7300,0.7700
61916137,sitting,-1.0085,0.0049,0.0461,0.5600,-2.7300,0.7700
61916156,sitting,-1.0077,0.0046,0.0464,0.5600,-2.7300,0.7350
61916176,sitting,-1.0087,0.0059,0.0468,0.5600,-2.7650,0.7700
61916195,sitting,-1.0087,0.0049,0.0466,0.5600,-2.7300,0.7700
61916214,sitting,-1.0082,0.0051,0.0461,0.5600,-2.8000,0.8050
61916233,sitting,-1.0080,0.0046,0.0456,0.5600,-2.7650,0.7700
61916253,sitting,-1.0080,0.0059,0.0461,0.5250,-2.7300,0.7700
61916272,sitting,-1.0077,0.0059,0.0454,0.5600,-2.7300,0.7700
61916291,sitting,-1.0085,0.0051,0.0466,0.5600,-2.7650,0.7700
61916310,sitting,-1.0077,0.0054,0.0468,0.5600,-2.8000,0.7700
61916329,sitting,-1.0080,0.0061,0.0459,0.5250,-2.7300,0.7700
61916349,sitting,-1.0089,0.0056,0.0471,0.5250,-2.7650,0.7700
61916368,sitting,-1.0087,0.0056,0.0471,0.5600,-2.7300,0.7700
61916387,sitting,-1.0085,0.0044,0.0456,0.5250,-2.7300,0.7350
61916406,sitting,-1.0085,0.0051,0.0461,0.5250,-2.7300,0.7700
61916426,sitting,-1.0080,0.0063,0.0464,0.5600,-2.8000,0.7350
61916445,sitting,-1.0080,0.0056,0.0456,0.5600,-2.7650,0.7350
61916464,sitting,-1.0097,0.0056,0.0468,0.5250,-2.7300,0.7700
61916483,sitting,-1.0087,0.0046,0.0468,0.5600,-2.8000,0.7700
61916503,sitting,-1.0087,0.0056,0.0459,0.5600,-2.7300,0.7700
61916522,sitting,-1.0085,0.0059,0.0461,0.5600,-2.7650,0.7700
61916541,sitting,-1.0087,0.0056,0.0461,0.5600,-2.7300,0.7700
61916560,sitting,-1.0089,0.0054,0.0468,0.5600,-2.7300,0.7700
61916579,sitting,-1.0082,0.0054,0.0461,0.5600,-2.7300,0.7350
61916599,sitting,-1.0089,0.0049,0.0464,0.5600,-2.7650,0.7700
61916618,sitting,-1.0094,0.0051,0.0464,0.5600,-2.7650,0.7350
61916637,sitting,-1.0085,0.0054,0.0464,0.5600,-2.7300,0.7700
61916656,sitting,-1.0082,0.0059,0.0476,0.5250,-2.7650,0.7350
61916676,sitting,-1.0092,0.0054,0.0461,0.5600,-2.7300,0.7700
61916695,sitting,-1.0087,0.0046,0.0466,0.5600,-2.7300,0.7350
61916714,sitting,-1.0085,0.0044,0.0459,0.5600,-2.7650,0.7350
61916733,sitting,-1.0070,0.0049,0.0464,0.5950,-2.7650,0.7700
61916753,sitting,-1.0077,0.0049,0.0466,0.5950,-2.7650,0.7700
61916772,sitting,-1.0082,0.0051,0.0466,0.4900,-2.7650,0.7700
61916791,sitting,-1.0085,0.0056,0.0459,0.5250,-2.8000,0.7700
61916810,sitting,-1.0085,0.0056,0.0461,0.5250,-2.7300,0.7350
61916829,sitting,-1.0077,0.0054,0.0466,0.5250,-2.7650,0.7700
61916849,sitting,-1.0080,0.0059,0.0461,0.5250,-2.7650,0.7700
61916868,sitting,-1.0080,0.0056,0.0466,0.5250,-2.7300,0.7700
61916887,sitting,-1.0085,0.0056,0.0473,0.5250,-2.7300,0.7700
61916906,sitting,-1.0082,0.0056,0.0464,0.5250,-2.7650,0.8050
61916926,sitting,-1.0082,0.0056,0.0466,0.5600,-2.8000,0.7700
61916945,sitting,-1.0092,0.0051,0.0461,0.5250,-2.7300,0.7700
61916964,sitting,-1.0085,0.0051,0.0466,0.5250,-2.8000,0.7700
61916983,sitting,-1.0087,0.0051,0.0468,0.5600,-2.7650,0.8050
61917003,sitting,-1.0085,0.0054,0.0459,0.5250,-2.7650,0.7700
61917022,sitting,-1.0077,0.0054,0.0471,0.5250,-2.7300,0.7700
61917041,sitting,-1.0085,0.0059,0.0466,0.5600,-2.7300,0.7350
61917060,sitting,-1.0085,0.0061,0.0461,0.5600,-2.7300,0.7700
61917079,sitting,-1.0087,0.0056,0.0464,0.5600,-2.7300,0.7700
61917099,sitting,-1.0082,0.0051,0.0456,0.5600,-2.7300,0.7700
61917118,sitting,-1.0085,0.0054,0.0459,0.5600,-2.7300,0.7350
61917137,sitting,-1.0082,0.0054,0.0468,0.5950,-2.7300,0.7700
61917156,sitting,-1.0077,0.0054,0.0471,0.5600,-2.7300,0.8050
61917176,sitting,-1.0085,0.0061,0.0466,0.5600,-2.7300,0.7700
61917195,sitting,-1.0082,0.0059,0.0456,0.5600,-2.7300,0.7700
61917214,sitting,-1.0089,0.0061,0.0471,0.5250,-2.7300,0.7350
61917233,sitting,-1.0092,0.0068,0.0473,0.5250,-2.7300,0.7700
61917253,sitting,-1.0087,0.0063,0.0464,0.5600,-2.7300,0.7700
61917272,sitting,-1.0085,0.0054,0.0471,0.5600,-2.7650,0.7700
61917291,sitting,-1.0087,0.0056,0.0461,0.5600,-2.7650,0.8050
61917310,sitting,-1.0092,0.0054,0.0473,0.5600,-2.7650,0.7700
61917329,sitting,-1.0087,0.0056,0.0466,0.4900,-2.7650,0.7700
61917349,sitting,-1.0080,0.0051,0.0466,0.5250,-2.7650,0.7700
61917368,sitting,-1.0092,0.0049,0.0459,0.5600,-2.7650,0.7700
61917387,sitting,-1.0087,0.0049,0.0473,0.5250,-2.7300,0.7700
61917406,sitting,-1.0080,0.0054,0.0456,0.4900,-2.7650,0.7700
61917426,sitting,-1.0085,0.0056,0.0466,0.5600,-2.7650,0.7700
61917445,sitting,-1.0080,0.0056,0.0461,0.5250,-2.7300,0.7700
61917464,sitting,-1.0080,0.0056,0.0461,0.5250,-2.7650,0.7700
61917483,sitting,-1.0085,0.0063,0.0461,0.5250,-2.7650,0.7700
61917503,sitting,-1.0087,0.0054,0.0466,0.4900,-2.7650,0.7700
61917522,sitting,-1.0080,0.0061,0.0468,0.5600,-2.7300,0.7700
61917541,sitting,-1.0089,0.0051,0.0476,0.5600,-2.7300,0.7700
61917560,sitting,-1.0080,0.0054,0.0464,0.5600,-2.7300,0.8050
61917579,sitting,-1.0077,0.0056,0.0471,0.5600,-2.7300,0.8050
61917599,sitting,-1.0075,0.0059,0.0466,0.5600,-2.7300,0.7700
61917618,sitting,-1.0089,0.0059,0.0464,0.5600,-2.7300,0.7700
61917637,sitting,-1.0082,0.0059,0.0468,0.5600,-2.7300,0.7350
61917656,sitting,-1.0075,0.0066,0.0471,0.5600,-2.7300,0.7700
61917676,sitting,-1.0080,0.0054,0.0473,0.5600,-2.7300,0.7700
61917695,sitting,-1.0080,0.0051,0.0466,0.5600,-2.7300,0.7350
61917714,sitting,-1.0087,0.0049,0.0456,0.4900,-2.7300,0.7700
61917733,sitting,-1.0097,0.0046,0.0468,0.5600,-2.7300,0.7700
61917753,sitting,-1.0089,0.0044,0.0471,0.5600,-2.7300,0.7700
61917772,sitting,-1.0082,0.0051,0.0464,0.5600,-2.7650,0.7350
61917791,sitting,-1.0080,0.0054,0.0464,0.5600,-2.7650,0.7700
61917810,sitting,-1.0077,0.0049,0.0461,0.5250,-2.7300,0.7350
61917829,sitting,-1.0080,0.0061,0.0471,0.5600,-2.7300,0.7700
61917849,sitting,-1.0089,0.0054,0.0476,0.5600,-2.8000,0.7700
61917868,sitting,-1.0082,0.0056,0.0466,0.5250,-2.7300,0.7700
61917887,sitting,-1.0092,0.0054,0.0461,0.5600,-2.7300,0.7700
61917906,sitting,-1.0085,0.0059,0.0459,0.5600,-2.7300,0.7350
61917926,sitting,-1.0085,0.0059,0.0466,0.5600,-2.7300,0.7700
61917945,sitting,-1.0085,0.0054,0.0466,0.5600,-2.7650,0.7700
61917964,sitting,-1.0077,0.0056,0.0476,0.5600,-2.7300,0.7700
61917983,sitting,-1.0089,0.0049,0.0466,0.5600,-2.7300,0.7700
61918003,sitting,-1.0089,0.0046,0.0478,0.5250,-2.7300,0.7000
61918022,sitting,-1.0085,0.0046,0.0468,0.5600,-2.7300,0.7700
61918041,sitting,-1.0082,0.0049,0.0464,0.5250,-2.7300,0.7700
61918060,sitting,-1.0094,0.0054,0.0466,0.5600,-2.7300,0.7700
61918079,sitting,-1.0080,0.0054,0.0466,0.5600,-2.7650,0.7700
61918099,sitting,-1.0077,0.0061,0.0471,0.5250,-2.7300,0.7350
61918118,sitting,-1.0087,0.0061,0.0476,0.5250,-2.7300,0.7700
61918137,sitting,-1.0087,0.0049,0.0473,0.5600,-2.7300,0.7700
61918156,sitting,-1.0082,0.0059,0.0466,0.5600,-2.7300,0.7350
61918176,sitting,-1.0087,0.0056,0.0454,0.5600,-2.7650,0.7700
61918195,sitting,-1.0089,0.0056,0.0466,0.5600,-2.7300,0.7350
61918214,sitting,-1.0077,0.0051,0.0471,0.5600,-2.8000,0.7350
61918233,sitting,-1.0092,0.0054,0.0464,0.5600,-2.7300,0.7700
61918253,sitting,-1.0082,0.0059,0.0471,0.5250,-2.7300,0.7700
61918272,sitting,-1.0077,0.0051,0.0459,0.4900,-2.7300,0.7700
61918291,sitting,-1.0085,0.0051,0.0459,0.5600,-2.8000,0.7700
61918310,sitting,-1.0077,0.0056,0.0461,0.5600,-2.8000,0.7700
61918329,sitting,-1.0085,0.0054,0.0461,0.5250,-2.7300,0.7350
61918349,sitting,-1.0089,0.0056,0.0461,0.5600,-2.8000,0.7700
61918368,sitting,-1.0089,0.0063,0.0451,0.5600,-2.7300,0.7700
61918387,sitting,-1.0089,0.0056,0.0456,0.5600,-2.7650,0.7700
61918406,sitting,-1.0082,0.0066,0.0476,0.5600,-2.7300,0.7700
61918426,sitting,-1.0085,0.0059,0.0468,0.5950,-2.8000,0.7700
61918445,sitting,-1.0080,0.0049,0.0461,0.4900,-2.7300,0.7700
61918464,sitting,-1.0080,0.0051,0.0471,0.5600,-2.7300,0.7700
61918483,sitting,-1.0077,0.0051,0.0464,0.5600,-2.7300,0.7700
61918503,sitting,-1.0077,0.0051,0.0471,0.5250,-2.7650,0.7700
61918522,sitting,-1.0087,0.0056,0.0466,0.5250,-2.7300,0.7700
61918541,sitting,-1.0080,0.0054,0.0466,0.5600,-2.7650,0.7700
61918560,sitting,-1.0085,0.0059,0.0456,0.5600,-2.7300,0.7700
61918579,sitting,-1.0092,0.0056,0.0466,0.5600,-2.7300,0.7700
61918599,sitting,-1.0077,0.0056,0.0468,0.4900,-2.7300,0.7700
61918618,sitting,-1.0080,0.0059,0.0466,0.5600,-2.7300,0.7700
61918637,sitting,-1.0080,0.0059,0.0461,0.5600,-2.7300,0.7700
61918656,sitting,-1.0087,0.0044,0.0464,0.5600,-2.7300,0.7700
61918676,sitting,-1.0092,0.0059,0.0468,0.5600,-2.7300,0.7700
61918695,sitting,-1.0085,0.0063,0.0471,0.5600,-2.7300,0.7700
61918714,sitting,-1.0092,0.0054,0.0468,0.5600,-2.7300,0.7700
61918733,sitting,-1.0082,0.0051,0.0461,0.5600,-2.7300,0.7700
61918753,sitting,-1.0082,0.0046,0.0473,0.5600,-2.7300,0.7700
61918772,sitting,-1.0077,0.0054,0.0464,0.5600,-2.7650,0.7700
61918791,sitting,-1.0077,0.0049,0.0456,0.5250,-2.7300,0.7700
61918810,sitting,-1.0087,0.0046,0.0464,0.5600,-2.8000,0.7700
61918829,sitting,-1.0085,0.0046,0.0456,0.5600,-2.8000,0.7700
61918849,sitting,-1.0077,0.0046,0.0456,0.5600,-2.7300,0.7700
61918868,sitting,-1.0082,0.0056,0.0464,0.5250,-2.7300,0.7700
61918887,sitting,-1.0082,0.0063,0.0466,0.5600,-2.8000,0.7700
61918906,sitting,-1.0087,0.0056,0.0466,0.5600,-2.7300,0.7700
61918926,sitting,-1.0077,0.0054,0.0461,0.5250,-2.7650,0.7700
61918945,sitting,-1.0077,0.0046,0.0464,0.5250,-2.7650,0.7700
61918964,sitting,-1.0085,0.0059,0.0459,0.5250,-2.7300,0.7700
61918983,sitting,-1.0085,0.0051,0.0468,0.5600,-2.7300,0.7700
61919003,sitting,-1.0080,0.0054,0.0468,0.5600,-2.7300,0.7700
61919022,sitting,-1.0080,0.0051,0.0461,0.5250,-2.7650,0.7700
61919041,sitting,-1.0089,0.0059,0.0459,0.5600,-2.7650,0.7700
61919060,sitting,-1.0089,0.0051,0.0478,0.5600,-2.7300,0.7700
61919079,sitting,-1.0087,0.0063,0.0471,0.5600,-2.7300,0.7700
61919099,sitting,-1.0080,0.0063,0.0468,0.5600,-2.7300,0.7700
61919118,sitting,-1.0085,0.0061,0.0464,0.5250,-2.7650,0.7700
61919137,sitting,-1.0087,0.0049,0.0468,0.5600,-2.7650,0.7700
61919156,sitting,-1.0077,0.0061,0.0466,0.5600,-2.7650,0.7700
61919176,sitting,-1.0087,0.0059,0.0466,0.5600,-2.7300,0.7700
61919195,sitting,-1.0082,0.0061,0.0471,0.5600,-2.7650,0.7700
61919214,sitting,-1.0080,0.0056,0.0468,0.5600,-2.7300,0.7700
61919233,sitting,-1.0080,0.0059,0.0466,0.5600,-2.7650,0.7700
61919253,sitting,-1.0082,0.0061,0.0461,0.5600,-2.7300,0.7700
61919272,sitting,-1.0087,0.0051,0.0466,0.5600,-2.8000,0.7700
61919291,sitting,-1.0089,0.0051,0.0464,0.5600,-2.7650,0.7700
61919310,sitting,-1.0082,0.0051,0.0468,0.5600,-2.7300,0.7700
61919329,sitting,-1.0092,0.0056,0.0454,0.5600,-2.7300,0.7700
61919349,sitting,-1.0089,0.0054,0.0461,0.5250,-2.7650,0.7700
61919368,sitting,-1.0077,0.0054,0.0466,0.5250,-2.7650,0.7700
61919387,sitting,-1.0092,0.0054,0.0456,0.5600,-2.7300,0.7700
61919406,sitting,-1.0080,0.0056,0.0464,0.5250,-2.8000,0.7700
61919426,sitting,-1.0085,0.0046,0.0461,0.5250,-2.7300,0.7700
61919445,sitting,-1.0082,0.0039,0.0468,0.5250,-2.7300,0.7700
61919464,sitting,-1.0085,0.0051,0.0456,0.4900,-2.7300,0.7700
61919483,sitting,-1.0087,0.0046,0.0466,0.5600,-2.7300,0.7700
61919503,sitting,-1.0077,0.0054,0.0473,0.5600,-2.7300,0.7700
61919522,sitting,-1.0089,0.0049,0.0464,0.5600,-2.7650,0.8050
61919541,sitting,-1.0085,0.0063,0.0461,0.5600,-2.7300,0.7700
61919560,sitting,-1.0094,0.0054,0.0466,0.5250,-2.8000,0.7700
61919579,sitting,-1.0094,0.0051,0.0464,0.5600,-2.7300,0.7700
61919599,sitting,-1.0092,0.0056,0.0451,0.5250,-2.7650,0.7350
61919618,sitting,-1.0097,0.0051,0.0459,0.5600,-2.7300,0.8050
61919637,sitting,-1.0089,0.0059,0.0456,0.5600,-2.7300,0.7700
61919656,sitting,-1.0089,0.0049,0.0468,0.5600,-2.7300,0.7000
61919676,sitting,-1.0080,0.0051,0.0468,0.5600,-2.7300,0.7700
61919695,sitting,-1.0082,0.0056,0.0471,0.5600,-2.7300,0.7350
61919714,sitting,-1.0092,0.0061,0.0466,0.5600,-2.7650,0.7700
61919733,sitting,-1.0089,0.0061,0.0464,0.5600,-2.7300,0.7350
61919753,sitting,-1.0082,0.0054,0.0468,0.5600,-2.7650,0.7700
61919772,sitting,-1.0087,0.0051,0.0468,0.5600,-2.7300,0.7350
61919791,sitting,-1.0082,0.0054,0.0461,0.5600,-2.7300,0.7700
61919810,sitting,-1.0087,0.0049,0.0461,0.5250,-2.7300,0.7700
61919829,sitting,-1.0077,0.0056,0.0466,0.5600,-2.7650,0.7700
61919849,sitting,-1.0072,0.0059,0.0464,0.5600,-2.7650,0.7700
61919868,sitting,-1.0077,0.0059,0.0471,0.5600,-2.7650,0.7350
61919887,sitting,-1.0080,0.0049,0.0454,0.5250,-2.7300,0.7700
61919906,sitting,-1.0087,0.0059,0.0459,0.5600,-2.7300,0.7700
61919926,sitting,-1.0089,0.0056,0.0468,0.5600,-2.7300,0.7700
61919945,sitting,-1.0072,0.0056,0.0461,0.5250,-2.7300,0.8050
61919964,sitting,-1.0080,0.0056,0.0464,0.5600,-2.7300,0.7700
61919983,sitting,-1.0082,0.0051,0.0466,0.5250,-2.7650,0.7350
61920003,sitting,-1.0085,0.0049,0.0459,0.5600,-2.7300,0.7700
61920022,sitting,-1.0089,0.0044,0.0464,0.5250,-2.7300,0.7700
61920041,sitting,-1.0082,0.0056,0.0468,0.5600,-2.7300,0.7700
61920060,sitting,-1.0075,0.0061,0.0461,0.5600,-2.7650,0.7350
61920079,sitting,-1.0087,0.0059,0.0478,0.5600,-2.8000,0.7700
61920099,sitting,-1.0087,0.0051,0.0471,0.5250,-2.7650,0.7700
61920118,sitting,-1.0085,0.0051,0.0466,0.5600,-2.8000,0.7700
61920137,sitting,-1.0087,0.0051,0.0456,0.5600,-2.7300,0.8050
61920156,sitting,-1.0085,0.0051,0.0473,0.5600,-2.7300,0.7700
61920176,sitting,-1.0080,0.0059,0.0456,0.5600,-2.7650,0.7700
61920195,sitting,-1.0089,0.0059,0.0466,0.5600,-2.7300,0.7350
61920214,sitting,-1.0089,0.0051,0.0466,0.5600,-2.7300,0.7700
61920233,sitting,-1.0085,0.0051,0.0468,0.5600,-2.7300,0.7700
61920253,sitting,-1.0080,0.0054,0.0473,0.5600,-2.7300,0.7700
61920272,sitting,-1.0075,0.0054,0.0468,0.5250,-2.8000,0.7700
61920291,sitting,-1.0082,0.0059,0.0459,0.5250,-2.7300,0.7350
61920310,sitting,-1.0082,0.0066,0.0466,0.5600,-2.7300,0.7700
61920329,sitting,-1.0092,0.0054,0.0468,0.5600,-2.7650,0.7350
61920349,sitting,-1.0089,0.0054,0.0471,0.5250,-2.7650,0.7700
61920368,sitting,-1.0077,0.0059,0.0471,0.5600,-2.8000,0.7700
61920387,sitting,-1.0085,0.0051,0.0471,0.5600,-2.7650,0.8050
61920406,sitting,-1.0085,0.0056,0.0468,0.4900,-2.7300,0.7700
61920426,sitting,-1.0085,0.0059,0.0456,0.5600,-2.7650,0.7700
61920445,sitting,-1.0089,0.0056,0.0461,0.5250,-2.7300,0.7700
61920464,sitting,-1.0082,0.0063,0.0454,0.5600,-2.7650,0.7700
61920483,sitting,-1.0089,0.0061,0.0468,0.5600,-2.7650,0.7700
61920503,sitting,-1.0087,0.0054,0.0459,0.5250,-2.7300,0.7700
61920522,sitting,-1.0094,0.0051,0.0473,0.5600,-2.7300,0.7700
61920541,sitting,-1.0082,0.0056,0.0471,0.5250,-2.7650,0.8050
61920560,sitting,-1.0085,0.0059,0.0471,0.5250,-2.7650,0.7700
61920579,sitting,-1.0082,0.0054,0.0464,0.5250,-2.7300,0.7700
61920599,sitting,-1.0082,0.0046,0.0464,0.5950,-2.7300,0.7350
61920618,sitting,-1.0087,0.0046,0.0466,0.5250,-2.7650,0.7700
61920637,sitting,-1.0082,0.0051,0.0476,0.5950,-2.7300,0.7700
61920656,sitting,-1.0080,0.0054,0.0464,0.5600,-2.7650,0.7700
61920676,sitting,-1.0092,0.0051,0.0464,0.5600,-2.7650,0.7700
61920695,sitting,-1.0082,0.0054,0.0459,0.5250,-2.7650,0.7700
61920714,sitting,-1.0092,0.0054,0.0461,0.5600,-2.7300,0.7700
61920733,sitting,-1.0089,0.0049,0.0466,0.5600,-2.7300,0.7700
61920753,sitting,-1.0089,0.0059,0.0476,0.5600,-2.7300,0.7700
61920772,sitting,-1.0080,0.0051,0.0464,0.5600,-2.7300,0.7700
61920791,sitting,-1.0070,0.0041,0.0468,0.5600,-2.7300,0.7700
61920810,sitting,-1.0077,0.0054,0.0456,0.5250,-2.7300,0.7000
61920829,sitting,-1.0080,0.0061,0.0473,0.5600,-2.7650,0.7700
61920849,sitting,-1.0080,0.0054,0.0466,0.5250,-2.7300,0.7700
61920868,sitting,-1.0082,0.0054,0.0473,0.5250,-2.7300,0.7700
61920887,sitting,-1.0092,0.0049,0.0471,0.5600,-2.8000,0.7350
61920906,sitting,-1.0087,0.0063,0.0468,0.5250,-2.7650,0.7700
61920926,sitting,-1.0080,0.0059,0.0459,0.5600,-2.7300,0.7700
61920945,sitting,-1.0082,0.0051,0.0471,0.5600,-2.7650,0.7700
61920964,sitting,-1.0087,0.0051,0.0466,0.5600,-2.6950,0.7700
61920983,sitting,-1.0080,0.0059,0.0451,0.4900,-2.7650,0.7700
61921003,sitting,-1.0087,0.0063,0.0456,0.4900,-2.7300,0.7700
61921022,sitting,-1.0085,0.0054,0.0461,0.5600,-2.7300,0.7350
61921041,sitting,-1.0087,0.0044,0.0468,0.5600,-2.7300,0.7700
61921060,sitting,-1.0080,0.0046,0.0464,0.5950,-2.7300,0.7700
61921079,sitting,-1.0075,0.0056,0.0464,0.5250,-2.7650,0.7700
61921099,sitting,-1.0087,0.0051,0.0466,0.5950,-2.7300,0.7700
61921118,sitting,-1.0085,0.0049,0.0464,0.5600,-2.7300,0.7700
61921137,sitting,-1.0082,0.0051,0.0466,0.5250,-2.7300,0.7700
61921156,sitting,-1.0085,0.0049,0.0471,0.5600,-2.7300,0.7700
61921176,sitting,-1.0082,0.0054,0.0461,0.5600,-2.7300,0.7700
61921195,sitting,-1.0082,0.0059,0.0466,0.5250,-2.7300,0.7700
61921214,sitting,-1.0089,0.0056,0.0473,0.5250,-2.7300,0.7700
61921233,sitting,-1.0089,0.0054,0.0461,0.5600,-2.7300,0.7700
61921253,sitting,-1.0080,0.0063,0.0466,0.5600,-2.7300,0.7700
61921272,sitting,-1.0087,0.0059,0.0473,0.5600,-2.7650,0.7350
61921291,sitting,-1.0092,0.0061,0.0466,0.5600,-2.7300,0.7000
61921310,sitting,-1.0092,0.0044,0.0473,0.5600,-2.7650,0.7000
61921329,sitting,-1.0082,0.0049,0.0464,0.5600,-2.7650,0.7700
61921349,sitting,-1.0080,0.0044,0.0466,0.5600,-2.7650,0.7700
61921368,sitting,-1.0080,0.0051,0.0466,0.5950,-2.8000,0.7700
61921387,sitting,-1.0085,0.0054,0.0466,0.5600,-2.7300,0.7700
61921406,sitting,-1.0085,0.0051,0.0464,0.5600,-2.7650,0.7700
61921426,sitting,-1.0077,0.0054,0.0464,0.5600,-2.7650,0.7700
61921445,sitting,-1.0092,0.0051,0.0471,0.5250,-2.7300,0.7700
61921464,sitting,-1.0082,0.0051,0.0473,0.5600,-2.7650,0.7700
61921483,sitting,-1.0085,0.0056,0.0464,0.5600,-2.7650,0.7700
61921503,sitting,-1.0094,0.0049,0.0459,0.5250,-2.7300,0.7700
61921522,sitting,-1.0080,0.0059,0.0468,0.5250,-2.7300,0.7700
61921541,sitting,-1.0082,0.0054,0.0459,0.5600,-2.7300,0.7700
61921560,sitting,-1.0087,0.0054,0.0456,0.5600,-2.7650,0.7700
61921579,sitting,-1.0082,0.0049,0.0468,0.5600,-2.7300,0.7700
61921599,sitting,-1.0087,0.0054,0.0464,0.5600,-2.7300,0.7700
61921618,sitting,-1.0089,0.0049,0.0464,0.5600,-2.7650,0.7700
61921637,sitting,-1.0082,0.0054,0.0471,0.5600,-2.7300,0.7700
61921656,sitting,-1.0080,0.0041,0.0461,0.5600,-2.7300,0.7700
61921676,sitting,-1.0089,0.0051,0.0456,0.5600,-2.7650,0.7350
61921695,sitting,-1.0087,0.0049,0.0466,0.5600,-2.7300,0.7700
61921714,sitting,-1.0082,0.0046,0.0464,0.5600,-2.7300,0.7700
61921733,sitting,-1.0080,0.0059,0.0456,0.5600,-2.7650,0.7700
61921753,sitting,-1.0085,0.0059,0.0466,0.5600,-2.7300,0.7700
61921772,sitting,-1.0087,0.0044,0.0468,0.5600,-2.7300,0.7700
61921791,sitting,-1.0075,0.0054,0.0464,0.5600,-2.8000,0.7700
61921810,sitting,-1.0080,0.0054,0.0476,0.5600,-2.7650,0.7700
61921829,sitting,-1.0082,0.0051,0.0451,0.5600,-2.7300,0.7700
61921849,sitting,-1.0080,0.0054,0.0461,0.5250,-2.7300,0.7350
61921868,sitting,-1.0082,0.0056,0.0468,0.5600,-2.7650,0.7350
61921887,sitting,-1.0085,0.0056,0.0464,0.5250,-2.7650,0.7700
61921906,sitting,-1.0082,0.0059,0.0466,0.4900,-2.7650,0.7700
61921926,sitting,-1.0092,0.0054,0.0464,0.5600,-2.7300,0.7700
61921945,sitting,-1.0085,0.0054,0.0461,0.5600,-2.7300,0.7350
61921964,sitting,-1.0085,0.0046,0.0466,0.5600,-2.7300,0.7700
61921983,sitting,-1.0080,0.0051,0.0461,0.5250,-2.7650,0.7350
61922003,sitting,-1.0085,0.0054,0.0464,0.5250,-2.7300,0.7700
61922022,sitting,-1.0077,0.0051,0.0464,0.5250,-2.7300,0.7700
61922041,sitting,-1.0080,0.0049,0.0464,0.5600,-2.8000,0.7700
61922060,sitting,-1.0087,0.0063,0.0473,0.5600,-2.7300,0.7700
61922079,sitting,-1.0085,0.0049,0.0473,0.5250,-2.7300,0.7700
61922099,sitting,-1.0082,0.0051,0.0454,0.5250,-2.7650,0.7700
61922118,sitting,-1.0085,0.0056,0.0461,0.5600,-2.7300,0.7700
61922137,sitting,-1.0092,0.0059,0.0471,0.5250,-2.7300,0.7700
61922156,sitting,-1.0087,0.0051,0.0461,0.5600,-2.7650,0.7700
61922176,sitting,-1.0085,0.0054,0.0466,0.5250,-2.7300,0.7700
61922195,sitting,-1.0080,0.0059,0.0466,0.5600,-2.7300,0.7350
61922214,sitting,-1.0082,0.0056,0.0471,0.5600,-2.7300,0.7700
61922233,sitting,-1.0077,0.0051,0.0466,0.5250,-2.7300,0.7700
61922253,sitting,-1.0075,0.0059,0.0461,0.5600,-2.7300,0.7350
61922272,sitting,-1.0072,0.0059,0.0459,0.5600,-2.7300,0.7350
61922291,sitting,-1.0082,0.0056,0.0464,0.5600,-2.7650,0.7350
61922310,sitting,-1.0089,0.0056,0.0456,0.5600,-2.7300,0.7350
61922329,sitting,-1.0087,0.0066,0.0454,0.5600,-2.7300,0.7700
61922349,sitting,-1.0085,0.0056,0.0471,0.5600,-2.7300,0.7000
61922368,sitting,-1.0089,0.0054,0.0478,0.5600,-2.7300,0.7700
61922387,sitting,-1.0092,0.0061,0.0471,0.5600,-2.8000,0.7700
61922406,sitting,-1.0082,0.0059,0.0466,0.5600,-2.8000,0.8050
61922426,sitting,-1.0087,0.0056,0.0466,0.5600,-2.8000,0.7700
61922445,sitting,-1.0082,0.0059,0.0456,0.5600,-2.8000,0.7350
61922464,sitting,-1.0082,0.0056,0.0461,0.5250,-2.7300,0.7700
61922483,sitting,-1.0080,0.0054,0.0468,0.4900,-2.7650,0.7700
61922503,sitting,-1.0087,0.0051,0.0454,0.5600,-2.7300,0.7700
61922522,sitting,-1.0085,0.0056,0.0459,0.5600,-2.7300,0.7700
61922541,sitting,-1.0085,0.0056,0.0464,0.5600,-2.7650,0.7700
61922560,sitting,-1.0085,0.0046,0.0471,0.5250,-2.7650,0.7700
61922579,sitting,-1.0085,0.0044,0.0468,0.5250,-2.7650,0.7700
61922599,sitting,-1.0089,0.0056,0.0461,0.5250,-2.7300,0.7700
61922618,sitting,-1.0080,0.0051,0.0476,0.5600,-2.7300,0.7700
61922637,sitting,-1.0082,0.0054,0.0464,0.5600,-2.7650,0.7700
61922656,sitting,-1.0087,0.0056,0.0473,0.5600,-2.7300,0.7700
61922676,sitting,-1.0087,0.0056,0.0461,0.5250,-2.7300,0.7000
61922695,sitting,-1.0087,0.0054,0.0456,0.5600,-2.6950,0.7700
61922714,sitting,-1.0089,0.0054,0.0464,0.5600,-2.7300,0.7700
61922733,sitting,-1.0085,0.0056,0.0454,0.5600,-2.7300,0.7700
61922753,sitting,-1.0072,0.0061,0.0473,0.5600,-2.7300,0.7700
61922772,sitting,-1.0082,0.0054,0.0456,0.5600,-2.7300,0.7350
61922791,sitting,-1.0087,0.0051,0.0468,0.5250,-2.7300,0.7350
61922810,sitting,-1.0082,0.0059,0.0473,0.5600,-2.7650,0.7700
61922829,sitting,-1.0080,0.0046,0.0459,0.5600,-2.7650,0.7700
61922849,sitting,-1.0072,0.0054,0.0459,0.5600,-2.7650,0.7700
61922868,sitting,-1.0092,0.0044,0.0459,0.5600,-2.7650,0.7700
61922887,sitting,-1.0092,0.0049,0.0459,0.5250,-2.7650,0.7700
61922906,sitting,-1.0094,0.0056,0.0464,0.5600,-2.7650,0.7700
61922926,sitting,-1.0085,0.0054,0.0468,0.5600,-2.7300,0.7700
61922945,sitting,-1.0089,0.0051,0.0468,0.5600,-2.7300,0.8050
61922964,sitting,-1.0092,0.0054,0.0466,0.5250,-2.7300,0.8050
61922983,sitting,-1.0087,0.0046,0.0466,0.5600,-2.7300,0.7700
61923003,sitting,-1.0077,0.0051,0.0461,0.5250,-2.7650,0.7700
61923022,sitting,-1.0087,0.0049,0.0459,0.5600,-2.7300,0.7700
61923041,sitting,-1.0080,0.0056,0.0471,0.5600,-2.7300,0.7700
61923060,sitting,-1.0082,0.0054,0.0466,0.5600,-2.8000,0.7700
61923079,sitting,-1.0085,0.0049,0.0461,0.5600,-2.7300,0.8050
61923099,sitting,-1.0094,0.0054,0.0466,0.5600,-2.7650,0.7700
61923118,sitting,-1.0080,0.0049,0.0471,0.5600,-2.7300,0.7700
61923137,sitting,-1.0080,0.0049,0.0471,0.5600,-2.7300,0.7700
61923156,sitting,-1.0085,0.0051,0.0466,0.5600,-2.7300,0.7350
61923176,sitting,-1.0089,0.0054,0.0464,0.5600,-2.7650,0.7700
61923195,sitting,-1.0085,0.0063,0.0464,0.5600,-2.7300,0.7700
61923214,sitting,-1.0085,0.0051,0.0471,0.4900,-2.7300,0.7350
61923233,sitting,-1.0077,0.0054,0.0466,0.5250,-2.7300,0.7700
61923253,sitting,-1.0077,0.0049,0.0468,0.5600,-2.7650,0.7700
61923272,sitting,-1.0085,0.0051,0.0468,0.5600,-2.7300,0.7350
61923291,sitting,-1.0092,0.0051,0.0476,0.5600,-2.7300,0.7000
61923310,sitting,-1.0075,0.0063,0.0459,0.5600,-2.7650,0.7700
61923329,sitting,-1.0092,0.0059,0.0459,0.5600,-2.7650,0.7350
61923349,sitting,-1.0085,0.0066,0.0466,0.5600,-2.7300,0.7350
61923368,sitting,-1.0085,0.0061,0.0478,0.5600,-2.7300,0.7700
61923387,sitting,-1.0080,0.0054,0.0456,0.5600,-2.7300,0.7700
61923406,sitting,-1.0080,0.0054,0.0451,0.5600,-2.7300,0.7700
61923426,sitting,-1.0077,0.0059,0.0461,0.5250,-2.7650,0.7700
61923445,sitting,-1.0087,0.0061,0.0468,0.5600,-2.8000,0.7700
61923464,sitting,-1.0089,0.0054,0.0468,0.5600,-2.8000,0.7700
61923483,sitting,-1.0080,0.0056,0.0468,0.5600,-2.7300,0.7700
61923503,sitting,-1.0089,0.0054,0.0476,0.5600,-2.7650,0.7700
61923522,sitting,-1.0092,0.0054,0.0451,0.5600,-2.7300,0.8050
61923541,sitting,-1.0087,0.0063,0.0456,0.5600,-2.7300,0.7700
61923560,sitting,-1.0089,0.0061,0.0468,0.5600,-2.8000,0.7700
61923579,sitting,-1.0077,0.0059,0.0461,0.5600,-2.7650,0.7700
61923599,sitting,-1.0082,0.0054,0.0464,0.5600,-2.7650,0.7700
61923618,sitting,-1.0082,0.0049,0.0466,0.5600,-2.7300,0.7700
61923637,sitting,-1.0089,0.0054,0.0466,0.5600,-2.7300,0.7700
61923656,sitting,-1.0085,0.0056,0.0459,0.5600,-2.7300,0.7700
61923676,sitting,-1.0092,0.0054,0.0478,0.5600,-2.7300,0.7700
61923695,sitting,-1.0092,0.0049,0.0461,0.5600,-2.7300,0.7700
61923714,sitting,-1.0092,0.0054,0.0461,0.5600,-2.7650,0.7700
61923733,sitting,-1.0085,0.0056,0.0471,0.5600,-2.7300,0.7700
61923753,sitting,-1.0085,0.0056,0.0464,0.5600,-2.7300,0.7350
61923772,sitting,-1.0082,0.0051,0.0468,0.5600,-2.7300,0.7700
61923791,sitting,-1.0082,0.0049,0.0473,0.5600,-2.7300,0.7350
61923810,sitting,-1.0080,0.0046,0.0468,0.5600,-2.7650,0.7350
61923829,sitting,-1.0080,0.0049,0.0464,0.5600,-2.7300,0.7700
61923849,sitting,-1.0077,0.0056,0.0476,0.5250,-2.7300,0.7700
61923868,sitting,-1.0077,0.0051,0.0464,0.5600,-2.7650,0.7700
61923887,sitting,-1.0077,0.0054,0.0461,0.5600,-2.8000,0.7350
61923906,sitting,-1.0082,0.0051,0.0468,0.5600,-2.8000,0.7700
61923926,sitting,-1.0089,0.0054,0.0468,0.5250,-2.7300,0.7700
61923945,sitting,-1.0089,0.0049,0.0468,0.5600,-2.7650,0.7700
61923964,sitting,-1.0085,0.0046,0.0459,0.5600,-2.7300,0.7700
61923983,sitting,-1.0085,0.0046,0.0471,0.5600,-2.7300,0.7700
61924003,sitting,-1.0089,0.0046,0.0468,0.5600,-2.7300,0.7350
61924022,sitting,-1.0089,0.0049,0.0466,0.5600,-2.7650,0.7700
61924041,sitting,-1.0092,0.0056,0.0461,0.5600,-2.7300,0.7700
61924060,sitting,-1.0082,0.0059,0.0461,0.5250,-2.6950,0.7700
61924079,sitting,-1.0097,0.0059,0.0468,0.5250,-2.7300,0.7700
61924099,sitting,-1.0082,0.0059,0.0478,0.5600,-2.8000,0.7700
61924118,sitting,-1.0080,0.0059,0.0468,0.5250,-2.7300,0.7700
61924137,sitting,-1.0085,0.0056,0.0466,0.5600,-2.7650,0.7350
61924156,sitting,-1.0080,0.0051,0.0466,0.5600,-2.7650,0.7350
61924176,sitting,-1.0087,0.0054,0.0466,0.5600,-2.7650,0.7700
61924195,sitting,-1.0085,0.0056,0.0473,0.5600,-2.7300,0.7700
61924214,sitting,-1.0087,0.0054,0.0471,0.5600,-2.7300,0.7350
61924233,sitting,-1.0089,0.0054,0.0461,0.5600,-2.7300,0.7350
61924253,sitting,-1.0085,0.0049,0.0473,0.5600,-2.7300,0.7700
61924272,sitting,-1.0094,0.0054,0.0471,0.5600,-2.7300,0.7700
61924291,sitting,-1.0094,0.0051,0.0464,0.5600,-2.7650,0.7700
61924310,sitting,-1.0087,0.0056,0.0466,0.5250,-2.7650,0.7700
61924329,sitting,-1.0092,0.0061,0.0466,0.4900,-2.7300,0.7700
61924349,sitting,-1.0097,0.0054,0.0461,0.5600,-2.7650,0.7700
61924368,sitting,-1.0077,0.0051,0.0464,0.5600,-2.7300,0.7350
61924387,sitting,-1.0082,0.0059,0.0464,0.5250,-2.7650,0.7700
61924406,sitting,-1.0089,0.0054,0.0471,0.5600,-2.7300,0.7700
61924426,sitting,-1.0077,0.0054,0.0471,0.5600,-2.8000,0.7700
61924445,sitting,-1.0097,0.0059,0.0454,0.5600,-2.7300,0.7700
61924464,sitting,-1.0089,0.0056,0.0466,0.5250,-2.7300,0.8050
61924483,sitting,-1.0082,0.0049,0.0464,0.5600,-2.7650,0.7700
61924503,sitting,-1.0085,0.0049,0.0476,0.5600,-2.7650,0.7700
61924522,sitting,-1.0094,0.0051,0.0454,0.5250,-2.8000,0.7700
61924541,sitting,-1.0087,0.0054,0.0471,0.5250,-2.7650,0.7350
61924560,sitting,-1.0082,0.0054,0.0464,0.5250,-2.7650,0.8050
61924579,sitting,-1.0075,0.0049,0.0461,0.4900,-2.7650,0.7700
61924599,sitting,-1.0080,0.0054,0.0459,0.5250,-2.7300,0.7700
61924618,sitting,-1.0087,0.0051,0.0459,0.5600,-2.7650,0.7700
61924637,sitting,-1.0087,0.0054,0.0466,0.5600,-2.7300,0.7700
61924656,sitting,-1.0077,0.0059,0.0486,0.5600,-2.7300,0.7700
61924676,sitting,-1.0097,0.0046,0.0473,0.5600,-2.7300,0.7700
61924695,sitting,-1.0082,0.0051,0.0464,0.5600,-2.7300,0.7700
61924714,sitting,-1.0080,0.0059,0.0464,0.5600,-2.7650,0.7700
61924733,sitting,-1.0092,0.0054,0.0476,0.5600,-2.7300,0.7350
61924753,sitting,-1.0089,0.0059,0.0461,0.5600,-2.7300,0.7700
61924772,sitting,-1.0082,0.0056,0.0466,0.5600,-2.7300,0.7700
61924791,sitting,-1.0087,0.0051,0.0461,0.5250,-2.7300,0.7700
61924810,sitting,-1.0094,0.0054,0.0476,0.4900,-2.7300,0.7700
61924829,sitting,-1.0085,0.0051,0.0468,0.5250,-2.7300,0.7350
61924849,sitting,-1.0089,0.0049,0.0456,0.5600,-2.7300,0.7700
61924868,sitting,-1.0082,0.0049,0.0459,0.5600,-2.7650,0.7350
61924887,sitting,-1.0087,0.0051,0.0466,0.5600,-2.8000,0.7700
61924906,sitting,-1.0092,0.0061,0.0466,0.5250,-2.7650,0.7350
61924926,sitting,-1.0089,0.0054,0.0471,0.5600,-2.7300,0.7700
61924945,sitting,-1.0082,0.0049,0.0466,0.5600,-2.7650,0.7350
61924964,sitting,-1.0080,0.0056,0.0468,0.5600,-2.8000,0.7700
61924983,sitting,-1.0085,0.0054,0.0468,0.5600,-2.8000,0.7700
61925003,sitting,-1.0085,0.0056,0.0473,0.5600,-2.7300,0.8050
61925022,sitting,-1.0085,0.0054,0.0471,0.5600,-2.7650,0.7700
61925041,sitting,-1.0080,0.0056,0.0461,0.5600,-2.7300,0.7700
61925060,sitting,-1.0082,0.0056,0.0471,0.5600,-2.8000,0.7700
61925079,sitting,-1.0087,0.0051,0.0461,0.5600,-2.7650,0.7700
61925099,sitting,-1.0082,0.0051,0.0478,0.5600,-2.7650,0.7700
61925118,sitting,-1.0080,0.0054,0.0454,0.5600,-2.7300,0.7700
61925137,sitting,-1.0087,0.0054,0.0466,0.5250,-2.7300,0.7700
61925156,sitting,-1.0080,0.0054,0.0466,0.5250,-2.7300,0.8050
61925176,sitting,-1.0080,0.0046,0.0468,0.5600,-2.7300,0.7700
61925195,sitting,-1.0085,0.0059,0.0471,0.5600,-2.7300,0.7700
61925214,sitting,-1.0080,0.0061,0.0473,0.5600,-2.7300,0.7350
61925233,sitting,-1.0077,0.0061,0.0466,0.5600,-2.7650,0.7700
61925253,sitting,-1.0085,0.0054,0.0451,0.5250,-2.7650,0.7700
61925272,sitting,-1.0082,0.0051,0.0464,0.5600,-2.7300,0.7700
61925291,sitting,-1.0087,0.0061,0.0454,0.5600,-2.7300,0.7700
61925310,sitting,-1.0092,0.0059,0.0468,0.5600,-2.7300,0.7000
61925329,sitting,-1.0082,0.0046,0.0476,0.5600,-2.7300,0.7700
61925349,sitting,-1.0082,0.0049,0.0464,0.5600,-2.7300,0.7700
61925368,sitting,-1.0077,0.0051,0.0464,0.5600,-2.7300,0.7000
61925387,sitting,-1.0087,0.0059,0.0466,0.5600,-2.8000,0.7700
61925406,sitting,-1.0089,0.0059,0.0459,0.5600,-2.7650,0.7700
61925426,sitting,-1.0082,0.0049,0.0471,0.5600,-2.8000,0.7700
61925445,sitting,-1.0080,0.0059,0.0459,0.5600,-2.7300,0.7700
61925464,sitting,-1.0080,0.0044,0.0461,0.5950,-2.7300,0.7350
61925483,sitting,-1.0082,0.0056,0.0464,0.5250,-2.7650,0.7700
61925503,sitting,-1.0087,0.0051,0.0456,0.5600,-2.7650,0.7700
61925522,sitting,-1.0077,0.0054,0.0473,0.5600,-2.7650,0.7700
61925541,sitting,-1.0080,0.0051,0.0456,0.5250,-2.7300,0.7700
61925560,sitting,-1.0082,0.0051,0.0473,0.5600,-2.7300,0.7700
61925579,sitting,-1.0085,0.0051,0.0466,0.5600,-2.8000,0.7700
61925599,sitting,-1.0085,0.0051,0.0468,0.5250,-2.7650,0.7350
61925618,sitting,-1.0080,0.0061,0.0473,0.5600,-2.7650,0.7700
61925637,sitting,-1.0089,0.0056,0.0473,0.5600,-2.7300,0.7700
61925656,sitting,-1.0082,0.0054,0.0459,0.5600,-2.7650,0.8050
61925676,sitting,-1.0089,0.0054,0.0464,0.5950,-2.7300,0.7700
61925695,sitting,-1.0092,0.0051,0.0466,0.5600,-2.7300,0.7700
61925714,sitting,-1.0094,0.0051,0.0464,0.5600,-2.7300,0.7700
61925733,sitting,-1.0089,0.0049,0.0459,0.5600,-2.7300,0.7700
61925753,sitting,-1.0089,0.0063,0.0464,0.5250,-2.7300,0.7700
61925772,sitting,-1.0092,0.0056,0.0466,0.5600,-2.7300,0.7700
61925791,sitting,-1.0080,0.0039,0.0476,0.5600,-2.7300,0.7350
61925810,sitting,-1.0087,0.0059,0.0473,0.5250,-2.7300,0.7700
61925829,sitting,-1.0077,0.0056,0.0468,0.5600,-2.7300,0.7700
61925849,sitting,-1.0080,0.0051,0.0459,0.5600,-2.7300,0.7700
61925868,sitting,-1.0085,0.0051,0.0464,0.5600,-2.7650,0.7700
61925887,sitting,-1.0085,0.0054,0.0464,0.5250,-2.8000,0.7700
61925906,sitting,-1.0075,0.0049,0.0466,0.5600,-2.7300,0.7350
61925926,sitting,-1.0087,0.0049,0.0461,0.5600,-2.7650,0.7700
61925945,sitting,-1.0077,0.0051,0.0464,0.5600,-2.7300,0.7700
61925964,sitting,-1.0087,0.0054,0.0466,0.5600,-2.7300,0.7700
61925983,sitting,-1.0080,0.0059,0.0476,0.5250,-2.7650,0.7700
61926003,sitting,-1.0085,0.0054,0.0466,0.5600,-2.7650,0.7700
61926022,sitting,-1.0082,0.0039,0.0466,0.5600,-2.7650,0.7700
61926041,sitting,-1.0087,0.0049,0.0466,0.5600,-2.8000,0.7700
61926060,sitting,-1.0089,0.0051,0.0468,0.5250,-2.7650,0.7700
61926079,sitting,-1.0094,0.0051,0.0461,0.5250,-2.7300,0.7700
61926099,sitting,-1.0075,0.0049,0.0464,0.5600,-2.7650,0.7350
61926118,sitting,-1.0087,0.0051,0.0473,0.5600,-2.7650,0.7700
61926137,sitting,-1.0082,0.0054,0.0464,0.5250,-2.7300,0.7700
61926156,sitting,-1.0092,0.0054,0.0461,0.5950,-2.7650,0.7700
61926176,sitting,-1.0082,0.0051,0.0468,0.5600,-2.7300,0.7700
61926195,sitting,-1.0080,0.0051,0.0464,0.5600,-2.7300,0.7700
61926214,sitting,-1.0082,0.0054,0.0464,0.5600,-2.7300,0.7350
61926233,sitting,-1.0102,0.0056,0.0471,0.5250,-2.6950,0.7700
61926253,sitting,-1.0085,0.0051,0.0468,0.4900,-2.7300,0.7700
61926272,sitting,-1.0087,0.0059,0.0464,0.5600,-2.7300,0.7700
61926291,sitting,-1.0094,0.0046,0.0464,0.5600,-2.7300,0.7700
61926310,sitting,-1.0087,0.0051,0.0464,0.5600,-2.7300,0.7000
61926329,sitting,-1.0087,0.0059,0.0471,0.5600,-2.7300,0.7000
61926349,sitting,-1.0085,0.0051,0.0468,0.5950,-2.7300,0.7700
61926368,sitting,-1.0082,0.0046,0.0468,0.5600,-2.7300,0.7700
61926387,sitting,-1.0089,0.0063,0.0468,0.5600,-2.7300,0.7700
61926406,sitting,-1.0085,0.0054,0.0478,0.5600,-2.7300,0.7350
61926426,sitting,-1.0080,0.0049,0.0473,0.5600,-2.7300,0.7000
61926445,sitting,-1.0092,0.0056,0.0468,0.5600,-2.7650,0.7350
61926464,sitting,-1.0087,0.0051,0.0464,0.5250,-2.7300,0.7700
61926483,sitting,-1.0087,0.0051,0.0473,0.5600,-2.7650,0.7700
61926503,sitting,-1.0089,0.0051,0.0468,0.5600,-2.7300,0.7700
61926522,sitting,-1.0092,0.0054,0.0456,0.5250,-2.7650,0.7700
61926541,sitting,-1.0087,0.0054,0.0456,0.5250,-2.7300,0.7700
61926560,sitting,-1.0082,0.0063,0.0464,0.5600,-2.7650,0.8050
61926579,sitting,-1.0077,0.0056,0.0471,0.5600,-2.7300,0.7700
61926599,sitting,-1.0082,0.0051,0.0471,0.5600,-2.7300,0.7700
61926618,sitting,-1.0087,0.0049,0.0468,0.5600,-2.8000,0.7700
61926637,sitting,-1.0082,0.0054,0.0461,0.5250,-2.7300,0.7700
61926656,sitting,-1.0082,0.0056,0.0459,0.5250,-2.7300,0.7700
61926676,sitting,-1.0082,0.0051,0.0464,0.5600,-2.7650,0.7700
61926695,sitting,-1.0092,0.0054,0.0468,0.5600,-2.7300,0.8050
61926714,sitting,-1.0099,0.0054,0.0461,0.5250,-2.7650,0.7700
61926733,sitting,-1.0089,0.0056,0.0456,0.5600,-2.7650,0.7350
61926753,sitting,-1.0085,0.0063,0.0468,0.5250,-2.8000,0.7700
61926772,sitting,-1.0080,0.0049,0.0459,0.5600,-2.7300,0.7350
61926791,sitting,-1.0085,0.0056,0.0454,0.5250,-2.7300,0.7350
61926810,sitting,-1.0080,0.0046,0.0461,0.5600,-2.7300,0.7700
61926829,sitting,-1.0092,0.0046,0.0466,0.5250,-2.7650,0.7700
61926849,sitting,-1.0089,0.0054,0.0473,0.5600,-2.7300,0.7700
61926868,sitting,-1.0080,0.0054,0.0476,0.5600,-2.7300,0.7350
61926887,sitting,-1.0080,0.0063,0.0486,0.5600,-2.7300,0.7350
61926906,sitting,-1.0085,0.0059,0.0473,0.5600,-2.7300,0.7700
61926926,sitting,-1.0082,0.0061,0.0468,0.5600,-2.7650,0.7700
61926945,sitting,-1.0082,0.0046,0.0464,0.5250,-2.7300,0.7700
61926964,sitting,-1.0087,0.0051,0.0468,0.4900,-2.7300,0.7350
61926983,sitting,-1.0070,0.0051,0.0464,0.5600,-2.7300,0.8050
61927003,sitting,-1.0075,0.0046,0.0466,0.5600,-2.7300,0.7700
61927022,sitting,-1.0085,0.0046,0.0473,0.5600,-2.7650,0.7700
61927041,sitting,-1.0087,0.0051,0.0468,0.5600,-2.7300,0.7350
61927060,sitting,-1.0082,0.0056,0.0459,0.5250,-2.7650,0.7700
61927079,sitting,-1.0082,0.0054,0.0468,0.5600,-2.7650,0.7700
61927099,sitting,-1.0085,0.0054,0.0461,0.5600,-2.7300,0.7700
61927118,sitting,-1.0082,0.0061,0.0466,0.5250,-2.7650,0.7700
61927137,sitting,-1.0077,0.0056,0.0461,0.5600,-2.7650,0.7700
61927156,sitting,-1.0072,0.0054,0.0459,0.4900,-2.7300,0.7700
61927176,sitting,-1.0072,0.0059,0.0466,0.5250,-2.7300,0.7700
61927195,sitting,-1.0077,0.0059,0.0466,0.5250,-2.7300,0.7350
61927214,sitting,-1.0077,0.0063,0.0459,0.5600,-2.7300,0.7700
61927233,sitting,-1.0082,0.0056,0.0473,0.5600,-2.7300,0.7700
61927253,sitting,-1.0082,0.0054,0.0466,0.5600,-2.7300,0.7700
61927272,sitting,-1.0080,0.0051,0.0466,0.5600,-2.7650,0.7700
61927291,sitting,-1.0089,0.0051,0.0466,0.5600,-2.7300,0.7700
61927310,sitting,-1.0094,0.0046,0.0461,0.5600,-2.7300,0.7700
61927329,sitting,-1.0092,0.0061,0.0466,0.5600,-2.7300,0.7700
61927349,sitting,-1.0082,0.0049,0.0468,0.5600,-2.7300,0.7350
61927368,sitting,-1.0085,0.0054,0.0456,0.5250,-2.7300,0.7700
61927387,sitting,-1.0092,0.0054,0.0473,0.4900,-2.7650,0.7700
61927406,sitting,-1.0085,0.0049,0.0461,0.4900,-2.7300,0.7700
61927426,sitting,-1.0087,0.0054,0.0464,0.5600,-2.8000,0.7700
61927445,sitting,-1.0080,0.0056,0.0454,0.5600,-2.7300,0.7700
61927464,sitting,-1.0080,0.0054,0.0459,0.5600,-2.7300,0.7700
61927483,sitting,-1.0082,0.0056,0.0466,0.5600,-2.7650,0.7700
61927503,sitting,-1.0087,0.0051,0.0471,0.5600,-2.7300,0.7700
61927522,sitting,-1.0077,0.0051,0.0471,0.5250,-2.7300,0.7700
61927541,sitting,-1.0075,0.0051,0.0461,0.5600,-2.7650,0.7700
61927560,sitting,-1.0087,0.0054,0.0466,0.5250,-2.7300,0.8050
61927579,sitting,-1.0080,0.0046,0.0466,0.4900,-2.7300,0.7700
61927599,sitting,-1.0087,0.0054,0.0459,0.5600,-2.7300,0.7700
61927618,sitting,-1.0082,0.0061,0.0471,0.5600,-2.7650,0.7700
61927637,sitting,-1.0094,0.0059,0.0473,0.5250,-2.7650,0.7700
61927656,sitting,-1.0080,0.0063,0.0461,0.5250,-2.7650,0.7700
61927676,sitting,-1.0085,0.0054,0.0459,0.5250,-2.8000,0.7700
61927695,sitting,-1.0097,0.0056,0.0454,0.5600,-2.7300,0.7700
61927714,sitting,-1.0092,0.0059,0.0464,0.5600,-2.7650,0.7700
61927733,sitting,-1.0080,0.0049,0.0466,0.5600,-2.7300,0.7700
61927753,sitting,-1.0089,0.0044,0.0471,0.5600,-2.7300,0.7700
61927772,sitting,-1.0089,0.0059,0.0459,0.5600,-2.7300,0.7700
61927791,sitting,-1.0082,0.0063,0.0454,0.5600,-2.7650,0.7350
61927810,sitting,-1.0089,0.0063,0.0466,0.5600,-2.7300,0.7700
61927829,sitting,-1.0077,0.0056,0.0471,0.5250,-2.7300,0.7700
61927849,sitting,-1.0087,0.0054,0.0464,0.5600,-2.7300,0.7700
61927868,sitting,-1.0089,0.0054,0.0461,0.5250,-2.7300,0.7350
61927887,sitting,-1.0089,0.0054,0.0461,0.5600,-2.7300,0.7700
61927906,sitting,-1.0092,0.0046,0.0456,0.5600,-2.7650,0.7700
61927926,sitting,-1.0092,0.0056,0.0464,0.5600,-2.7650,0.7350
61927945,sitting,-1.0089,0.0051,0.0476,0.4900,-2.7300,0.7350
61927964,sitting,-1.0087,0.0056,0.0456,0.5250,-2.7300,0.7700
61927983,sitting,-1.0087,0.0056,0.0471,0.5600,-2.7300,0.7350
61928003,sitting,-1.0085,0.0059,0.0476,0.5250,-2.7650,0.7700
61928022,sitting,-1.0082,0.0056,0.0461,0.5250,-2.7650,0.7700
61928041,sitting,-1.0087,0.0044,0.0466,0.5600,-2.7300,0.7700
61928060,sitting,-1.0077,0.0046,0.0466,0.5600,-2.7300,0.7700
61928079,sitting,-1.0092,0.0056,0.0466,0.5600,-2.7650,0.7700
61928099,sitting,-1.0077,0.0056,0.0476,0.4900,-2.7650,0.7700
61928118,sitting,-1.0085,0.0054,0.0471,0.5250,-2.7650,0.7350
61928137,sitting,-1.0075,0.0061,0.0478,0.5250,-2.7650,0.7700
61928156,sitting,-1.0080,0.0051,0.0473,0.5250,-2.8000,0.7700
61928176,sitting,-1.0094,0.0061,0.0468,0.4900,-2.7300,0.7700
61928195,sitting,-1.0087,0.0054,0.0464,0.5600,-2.7650,0.7700
61928214,sitting,-1.0085,0.0059,0.0461,0.4900,-2.7650,0.7700
61928233,sitting,-1.0087,0.0044,0.0464,0.5600,-2.7300,0.7700
61928253,sitting,-1.0089,0.0044,0.0454,0.5600,-2.7300,0.7700
61928272,sitting,-1.0082,0.0049,0.0464,0.5600,-2.7650,0.7700
61928291,sitting,-1.0087,0.0054,0.0461,0.5600,-2.7300,0.7700
61928310,sitting,-1.0087,0.0044,0.0464,0.5600,-2.7300,0.7700
61928329,sitting,-1.0094,0.0051,0.0468,0.5600,-2.7650,0.7700
61928349,sitting,-1.0080,0.0056,0.0468,0.5600,-2.7650,0.7700
61928368,sitting,-1.0077,0.0061,0.0459,0.5600,-2.7300,0.7700
61928387,sitting,-1.0082,0.0051,0.0466,0.5600,-2.7300,0.7350
61928406,sitting,-1.0082,0.0059,0.0461,0.4900,-2.7650,0.7700
61928426,sitting,-1.0082,0.0054,0.0468,0.5600,-2.7300,0.7700
61928445,sitting,-1.0106,0.0046,0.0464,0.5600,-2.8000,0.7700
61928464,sitting,-1.0082,0.0051,0.0471,0.5600,-2.7300,0.7700
61928483,sitting,-1.0089,0.0051,0.0456,0.5600,-2.7300,0.7700
61928503,sitting,-1.0077,0.0051,0.0471,0.5600,-2.7300,0.7700
61928522,sitting,-1.0082,0.0054,0.0473,0.5950,-2.7300,0.7700
61928541,sitting,-1.0085,0.0054,0.0468,0.5250,-2.7650,0.7700
61928560,sitting,-1.0097,0.0061,0.0466,0.5250,-2.7650,0.7700
61928579,sitting,-1.0087,0.0049,0.0473,0.5600,-2.7650,0.7700
61928599,sitting,-1.0085,0.0051,0.0481,0.5600,-2.7300,0.7700
61928618,sitting,-1.0082,0.0051,0.0466,0.5600,-2.7300,0.7700
61928637,sitting,-1.0089,0.0056,0.0466,0.5600,-2.7300,0.7700
61928656,sitting,-1.0089,0.0051,0.0471,0.5600,-2.7300,0.7350
61928676,sitting,-1.0087,0.0059,0.0473,0.5250,-2.7300,0.7700
61928695,sitting,-1.0082,0.0046,0.0466,0.5250,-2.7300,0.7700
61928714,sitting,-1.0082,0.0049,0.0473,0.5250,-2.7300,0.7700
61928733,sitting,-1.0087,0.0054,0.0461,0.5250,-2.7300,0.7700
61928753,sitting,-1.0087,0.0056,0.0459,0.5250,-2.7300,0.7700
61928772,sitting,-1.0085,0.0046,0.0459,0.5600,-2.7650,0.7350
61928791,sitting,-1.0082,0.0051,0.0464,0.5250,-2.7300,0.7700
61928810,sitting,-1.0077,0.0056,0.0461,0.5250,-2.7300,0.7700
61928829,sitting,-1.0082,0.0061,0.0466,0.5250,-2.7300,0.7700
61928849,sitting,-1.0082,0.0056,0.0466,0.5600,-2.7650,0.7700
61928868,sitting,-1.0077,0.0054,0.0466,0.5250,-2.7300,0.7350
61928887,sitting,-1.0085,0.0054,0.0464,0.5600,-2.7300,0.7000
61928906,sitting,-1.0085,0.0056,0.0471,0.5600,-2.7300,0.7700
61928926,sitting,-1.0092,0.0054,0.0471,0.5250,-2.7300,0.7700
61928945,sitting,-1.0087,0.0051,0.0478,0.5600,-2.7650,0.7700
61928964,sitting,-1.0080,0.0056,0.0461,0.5600,-2.8000,0.7700
61928983,sitting,-1.0082,0.0054,0.0454,0.5600,-2.7650,0.7350
61929003,sitting,-1.0092,0.0049,0.0461,0.5600,-2.7300,0.7700
61929022,sitting,-1.0089,0.0056,0.0466,0.5600,-2.7300,0.7700
61929041,sitting,-1.0085,0.0046,0.0476,0.5600,-2.7300,0.7700
61929060,sitting,-1.0080,0.0051,0.0464,0.5250,-2.7300,0.8400
61929079,sitting,-1.0087,0.0056,0.0459,0.5250,-2.8000,0.7700
61929099,sitting,-1.0080,0.0056,0.0464,0.5600,-2.7650,0.7700
61929118,sitting,-1.0080,0.0051,0.0464,0.5600,-2.8000,0.7700
61929137,sitting,-1.0087,0.0061,0.0471,0.5600,-2.7300,0.8050
61929156,sitting,-1.0092,0.0059,0.0476,0.5600,-2.7300,0.7700
61929176,sitting,-1.0082,0.0054,0.0459,0.5950,-2.7650,0.7700
61929195,sitting,-1.0082,0.0054,0.0466,0.5600,-2.7300,0.7700
61929214,sitting,-1.0085,0.0054,0.0456,0.5600,-2.7300,0.7700
61929233,sitting,-1.0089,0.0059,0.0461,0.5600,-2.7650,0.8050
61929253,sitting,-1.0087,0.0059,0.0471,0.5600,-2.7300,0.7700
61929272,sitting,-1.0089,0.0056,0.0466,0.5600,-2.7300,0.7350
61929291,sitting,-1.0085,0.0049,0.0464,0.5250,-2.7300,0.7700
61929310,sitting,-1.0077,0.0049,0.0468,0.5600,-2.7650,0.7700
61929329,sitting,-1.0085,0.0054,0.0459,0.5600,-2.7300,0.7700
61929349,sitting,-1.0087,0.0049,0.0449,0.5600,-2.7300,0.7700
61929368,sitting,-1.0085,0.0051,0.0464,0.5250,-2.7300,0.7700
61929387,sitting,-1.0092,0.0041,0.0449,0.5600,-2.7300,0.7700
61929406,sitting,-1.0082,0.0054,0.0461,0.5600,-2.7300,0.7700
61929426,sitting,-1.0080,0.0056,0.0471,0.5250,-2.8000,0.7700
61929445,sitting,-1.0080,0.0056,0.0466,0.5600,-2.7650,0.7700
61929464,sitting,-1.0089,0.0063,0.0466,0.5250,-2.7300,0.7700
61929483,sitting,-1.0080,0.0061,0.0466,0.5600,-2.7650,0.7350
61929503,sitting,-1.0085,0.0049,0.0466,0.5600,-2.7300,0.7700
61929522,sitting,-1.0085,0.0054,0.0471,0.5600,-2.7300,0.7700
61929541,sitting,-1.0089,0.0056,0.0468,0.5600,-2.7650,0.7700
61929560,sitting,-1.0085,0.0059,0.0466,0.5250,-2.8000,0.7700
61929579,sitting,-1.0087,0.0044,0.0459,0.5600,-2.7300,0.8050
61929599,sitting,-1.0080,0.0046,0.0471,0.5250,-2.8000,0.8050
61929618,sitting,-1.0085,0.0049,0.0471,0.4900,-2.8000,0.7700
61929637,sitting,-1.0080,0.0061,0.0461,0.5600,-2.7300,0.7000
61929656,sitting,-1.0077,0.0061,0.0466,0.5600,-2.7650,0.7700
61929676,sitting,-1.0077,0.0063,0.0471,0.5600,-2.7650,0.7700
61929695,sitting,-1.0082,0.0061,0.0459,0.5250,-2.7650,0.7700
61929714,sitting,-1.0080,0.0066,0.0466,0.4900,-2.7650,0.7700
61929733,sitting,-1.0077,0.0059,0.0456,0.5600,-2.7300,0.7700
61929753,sitting,-1.0087,0.0061,0.0464,0.4900,-2.7650,0.7700
61929772,sitting,-1.0097,0.0049,0.0471,0.5600,-2.7300,0.7700
61929791,sitting,-1.0092,0.0054,0.0473,0.5600,-2.7300,0.7700
61929810,sitting,-1.0085,0.0054,0.0468,0.5600,-2.7300,0.7350
61929829,sitting,-1.0087,0.0049,0.0456,0.5600,-2.7300,0.7700
61929849,sitting,-1.0077,0.0054,0.0459,0.5600,-2.7300,0.7700
61929868,sitting,-1.0077,0.0063,0.0459,0.5600,-2.7300,0.7700
61929887,sitting,-1.0082,0.0061,0.0468,0.5250,-2.7300,0.7700
61929906,sitting,-1.0097,0.0056,0.0464,0.5600,-2.7300,0.7350
61929926,sitting,-1.0072,0.0049,0.0454,0.5600,-2.7300,0.7700
61929945,sitting,-1.0072,0.0061,0.0461,0.5600,-2.7300,0.7700
61929964,sitting,-1.0080,0.0051,0.0454,0.5600,-2.7300,0.7700
61929983,sitting,-1.0080,0.0059,0.0468,0.5600,-2.7300,0.8050
61930003,sitting,-1.0075,0.0061,0.0461,0.5600,-2.7300,0.7700
61930022,sitting,-1.0075,0.0049,0.0464,0.5600,-2.7300,0.7700
61930041,sitting,-1.0087,0.0061,0.0466,0.5600,-2.7300,0.7700
61930060,sitting,-1.0087,0.0054,0.0464,0.5600,-2.7300,0.7350
61930079,sitting,-1.0094,0.0054,0.0466,0.5600,-2.7650,0.7000
61930099,sitting,-1.0092,0.0046,0.0466,0.5250,-2.7650,0.8050
61930118,sitting,-1.0077,0.0049,0.0468,0.5250,-2.7300,0.7700
61930137,sitting,-1.0080,0.0046,0.0464,0.5600,-2.7300,0.7700
61930156,sitting,-1.0085,0.0054,0.0454,0.5250,-2.7650,0.8050
61930176,sitting,-1.0087,0.0061,0.0473,0.5600,-2.7650,0.7350
61930195,sitting,-1.0087,0.0039,0.0468,0.5250,-2.7300,0.7700
61930214,sitting,-1.0087,0.0054,0.0476,0.5600,-2.7300,0.7700
61930233,sitting,-1.0082,0.0054,0.0468,0.5600,-2.7300,0.7700
61930253,sitting,-1.0085,0.0061,0.0459,0.5600,-2.7300,0.7700
61930272,sitting,-1.0089,0.0059,0.0459,0.5600,-2.8000,0.7700
61930291,sitting,-1.0082,0.0049,0.0461,0.5250,-2.7300,0.7700
61930310,sitting,-1.0089,0.0049,0.0466,0.5600,-2.7300,0.8050
61930329,sitting,-1.0087,0.0056,0.0471,0.5600,-2.7300,0.7700
61930349,sitting,-1.0085,0.0056,0.0464,0.5250,-2.8000,0.7700
61930368,sitting,-1.0082,0.0059,0.0466,0.5600,-2.7300,0.7700
61930387,sitting,-1.0077,0.0056,0.0471,0.5600,-2.7300,0.7700
61930406,sitting,-1.0077,0.0054,0.0464,0.5250,-2.7300,0.7350
61930426,sitting,-1.0085,0.0061,0.0461,0.5250,-2.7300,0.7350
61930445,sitting,-1.0092,0.0063,0.0456,0.5250,-2.7650,0.7350
61930464,sitting,-1.0092,0.0054,0.0468,0.5600,-2.7300,0.7700
61930483,sitting,-1.0092,0.0059,0.0468,0.5600,-2.7300,0.7700
61930503,sitting,-1.0087,0.0063,0.0461,0.5250,-2.7300,0.7350
61930522,sitting,-1.0085,0.0051,0.0464,0.5600,-2.7300,0.7350
61930541,sitting,-1.0085,0.0049,0.0461,0.5600,-2.7300,0.7700
61930560,sitting,-1.0089,0.0056,0.0466,0.5600,-2.7650,0.7700
61930579,sitting,-1.0067,0.0056,0.0464,0.5600,-2.7650,0.7350
61930599,sitting,-1.0072,0.0054,0.0459,0.5950,-2.7650,0.7700
61930618,sitting,-1.0080,0.0059,0.0471,0.5250,-2.7650,0.7700
61930637,sitting,-1.0080,0.0061,0.0473,0.4900,-2.7650,0.7700
61930656,sitting,-1.0087,0.0061,0.0471,0.5600,-2.7300,0.7700
61930676,sitting,-1.0087,0.0059,0.0466,0.5250,-2.7650,0.7700
61930695,sitting,-1.0089,0.0054,0.0459,0.5250,-2.7300,0.7700
61930714,sitting,-1.0082,0.0054,0.0466,0.5250,-2.7300,0.8050
61930733,sitting,-1.0082,0.0056,0.0471,0.5600,-2.7650,0.7700
61930753,sitting,-1.0094,0.0046,0.0464,0.5600,-2.7650,0.7700
61930772,sitting,-1.0082,0.0054,0.0451,0.5250,-2.7300,0.7700
61930791,sitting,-1.0072,0.0049,0.0461,0.5250,-2.7650,0.7700
61930810,sitting,-1.0085,0.0056,0.0466,0.5250,-2.7650,0.8400
61930829,sitting,-1.0087,0.0054,0.0464,0.5600,-2.7650,0.7700
61930849,sitting,-1.0075,0.0056,0.0471,0.4900,-2.7300,0.8050
61930868,sitting,-1.0080,0.0054,0.0471,0.5250,-2.7300,0.7350
61930887,sitting,-1.0089,0.0061,0.0473,0.5600,-2.7300,0.7700
61930906,sitting,-1.0087,0.0061,0.0464,0.5600,-2.7650,0.6650
61930926,sitting,-1.0087,0.0041,0.0468,0.5600,-2.8000,0.7350
61930945,sitting,-1.0085,0.0054,0.0466,0.5600,-2.7300,0.7700
61930964,sitting,-1.0087,0.0056,0.0471,0.4900,-2.7650,0.7700
61930983,sitting,-1.0077,0.0049,0.0466,0.5600,-2.7650,0.7700
61931003,sitting,-1.0087,0.0056,0.0468,0.5600,-2.7300,0.7700
61931022,sitting,-1.0082,0.0056,0.0459,0.5250,-2.7300,0.7350
61931041,sitting,-1.0089,0.0063,0.0459,0.5600,-2.7650,0.7700
61931060,sitting,-1.0082,0.0059,0.0466,0.5600,-2.8000,0.7700
61931079,sitting,-1.0087,0.0054,0.0466,0.5600,-2.7650,0.7700
61931099,sitting,-1.0089,0.0046,0.0459,0.5600,-2.7300,0.7700
61931118,sitting,-1.0082,0.0059,0.0471,0.5600,-2.7650,0.7700
61931137,sitting,-1.0089,0.0049,0.0464,0.5600,-2.8000,0.7700
61931156,sitting,-1.0092,0.0051,0.0473,0.5250,-2.7650,0.7700
61931176,sitting,-1.0072,0.0056,0.0464,0.5600,-2.8000,0.7700
61931195,sitting,-1.0072,0.0054,0.0466,0.5600,-2.7650,0.7700
61931214,sitting,-1.0087,0.0051,0.0473,0.5600,-2.7300,0.7700
61931233,sitting,-1.0092,0.0046,0.0461,0.5600,-2.7300,0.8050
61931253,sitting,-1.0092,0.0054,0.0473,0.5600,-2.7300,0.7700
61931272,sitting,-1.0089,0.0059,0.0466,0.5600,-2.8000,0.7700
61931291,sitting,-1.0087,0.0054,0.0456,0.5250,-2.7650,0.7350
61931310,sitting,-1.0075,0.0049,0.0468,0.5600,-2.7650,0.7700
61931329,sitting,-1.0077,0.0051,0.0468,0.5950,-2.7300,0.7700
61931349,sitting,-1.0080,0.0059,0.0466,0.5250,-2.7300,0.7700
61931368,sitting,-1.0075,0.0063,0.0468,0.5600,-2.7300,0.7700
61931387,sitting,-1.0087,0.0059,0.0464,0.5600,-2.7300,0.7700
61931406,sitting,-1.0097,0.0066,0.0466,0.5250,-2.7300,0.7350
61931426,sitting,-1.0089,0.0049,0.0468,0.5600,-2.7300,0.7700
61931445,sitting,-1.0080,0.0059,0.0461,0.5600,-2.7650,0.7700
61931464,sitting,-1.0077,0.0061,0.0451,0.5600,-2.7300,0.7700
61931483,sitting,-1.0089,0.0054,0.0459,0.5600,-2.7300,0.7700
61931503,sitting,-1.0094,0.0049,0.0468,0.5600,-2.7300,0.7700
61931522,sitting,-1.0080,0.0054,0.0471,0.5600,-2.7650,0.7700
61931541,sitting,-1.0080,0.0051,0.0456,0.5600,-2.7650,0.7700
61931560,sitting,-1.0077,0.0051,0.0459,0.5600,-2.7650,0.7700
61931579,sitting,-1.0087,0.0063,0.0461,0.5250,-2.8000,0.7700
61931599,sitting,-1.0089,0.0051,0.0478,0.5250,-2.7650,0.7700
61931618,sitting,-1.0089,0.0056,0.0478,0.5600,-2.7650,0.7700
61931637,sitting,-1.0085,0.0063,0.0459,0.5600,-2.7650,0.7700
61931656,sitting,-1.0089,0.0063,0.0473,0.5600,-2.8000,0.7700
61931676,sitting,-1.0085,0.0063,0.0466,0.5250,-2.7650,0.7700
61931695,sitting,-1.0092,0.0059,0.0456,0.5600,-2.7300,0.7700
61931714,sitting,-1.0087,0.0054,0.0466,0.5600,-2.7300,0.7700
61931733,sitting,-1.0077,0.0061,0.0451,0.5250,-2.7650,0.8400
61931753,sitting,-1.0089,0.0054,0.0468,0.4900,-2.7300,0.7700
61931772,sitting,-1.0082,0.0061,0.0456,0.5600,-2.7300,0.8050
61931791,sitting,-1.0082,0.0059,0.0471,0.5600,-2.7300,0.7700
61931810,sitting,-1.0082,0.0054,0.0466,0.5600,-2.7300,0.8050
61931829,sitting,-1.0080,0.0049,0.0466,0.5250,-2.7300,0.7700
61931849,sitting,-1.0080,0.0061,0.0466,0.5600,-2.7650,0.7350
61931868,sitting,-1.0092,0.0054,0.0471,0.5250,-2.7300,0.7700
61931887,sitting,-1.0089,0.0059,0.0473,0.5600,-2.7300,0.7350
61931906,sitting,-1.0085,0.0059,0.0456,0.5600,-2.7300,0.7700
61931926,sitting,-1.0089,0.0051,0.0476,0.5600,-2.7300,0.7350
61931945,sitting,-1.0085,0.0051,0.0468,0.5950,-2.7650,0.7000
61931964,sitting,-1.0087,0.0059,0.0471,0.5600,-2.7300,0.7350
61931983,sitting,-1.0092,0.0054,0.0461,0.5600,-2.7300,0.7700
61932003,sitting,-1.0087,0.0063,0.0464,0.5600,-2.7300,0.7350
61932022,sitting,-1.0087,0.0054,0.0461,0.5600,-2.7300,0.7700
61932041,sitting,-1.0085,0.0056,0.0471,0.5250,-2.7650,0.7700
61932060,sitting,-1.0082,0.0056,0.0473,0.5950,-2.7650,0.7700
61932079,sitting,-1.0077,0.0059,0.0468,0.5600,-2.7650,0.7700
61932099,sitting,-1.0087,0.0061,0.0466,0.5600,-2.7650,0.7350
61932118,sitting,-1.0080,0.0063,0.0454,0.5600,-2.7300,0.7700
61932137,sitting,-1.0087,0.0054,0.0459,0.5600,-2.7650,0.8050
61932156,sitting,-1.0092,0.0054,0.0466,0.5250,-2.8000,0.7700
61932176,sitting,-1.0089,0.0073,0.0459,0.5250,-2.7650,0.7700
61932195,sitting,-1.0080,0.0059,0.0471,0.5600,-2.7650,0.7700
61932214,sitting,-1.0087,0.0061,0.0471,0.5250,-2.7300,0.7350
61932233,sitting,-1.0085,0.0054,0.0466,0.5600,-2.7300,0.7700
61932253,sitting,-1.0089,0.0046,0.0456,0.5250,-2.7650,0.7700
61932272,sitting,-1.0087,0.0059,0.0464,0.5600,-2.7300,0.7700
61932291,sitting,-1.0085,0.0056,0.0456,0.5250,-2.7650,0.7700
61932310,sitting,-1.0082,0.0054,0.0464,0.5600,-2.7650,0.7700
61932329,sitting,-1.0080,0.0056,0.0461,0.5600,-2.7650,0.7700
61932349,sitting,-1.0082,0.0063,0.0454,0.5600,-2.7300,0.7700
61932368,sitting,-1.0087,0.0056,0.0451,0.5600,-2.7650,0.8050
61932387,sitting,-1.0089,0.0059,0.0473,0.5600,-2.7300,0.7700
61932406,sitting,-1.0089,0.0046,0.0461,0.5600,-2.7300,0.7700
61932426,sitting,-1.0087,0.0054,0.0464,0.5600,-2.8000,0.7700
61932445,sitting,-1.0077,0.0063,0.0468,0.5600,-2.7300,0.7700
61932464,sitting,-1.0087,0.0049,0.0468,0.5600,-2.7300,0.8050
61932483,sitting,-1.0092,0.0056,0.0468,0.5600,-2.7300,0.7700
61932503,sitting,-1.0085,0.0066,0.0459,0.5600,-2.7300,0.7700
61932522,sitting,-1.0077,0.0054,0.0466,0.5600,-2.7300,0.8050
61932541,sitting,-1.0085,0.0059,0.0464,0.5600,-2.8000,0.7700
61932560,sitting,-1.0082,0.0059,0.0471,0.5600,-2.7650,0.7350
61932579,sitting,-1.0080,0.0054,0.0456,0.5600,-2.7300,0.7700
61932599,sitting,-1.0077,0.0056,0.0461,0.5600,-2.7300,0.7700
61932618,sitting,-1.0080,0.0063,0.0471,0.5600,-2.7300,0.7700
61932637,sitting,-1.0082,0.0054,0.0461,0.5600,-2.8000,0.7700
61932656,sitting,-1.0087,0.0054,0.0454,0.5250,-2.8000,0.7700
61932676,sitting,-1.0089,0.0051,0.0459,0.5250,-2.7300,0.8400
61932695,sitting,-1.0087,0.0054,0.0461,0.5250,-2.7300,0.7700
61932714,sitting,-1.0092,0.0056,0.0461,0.4900,-2.7300,0.7700
61932733,sitting,-1.0080,0.0049,0.0456,0.5600,-2.7300,0.8050
61932753,sitting,-1.0085,0.0059,0.0456,0.5250,-2.7650,0.7700
61932772,sitting,-1.0080,0.0049,0.0451,0.5250,-2.7300,0.7700
61932791,sitting,-1.0087,0.0049,0.0466,0.5600,-2.7650,0.7700
61932810,sitting,-1.0082,0.0051,0.0473,0.5600,-2.7650,0.7700
61932829,sitting,-1.0080,0.0059,0.0464,0.5600,-2.7300,0.8050
61932849,sitting,-1.0085,0.0056,0.0468,0.5600,-2.7300,0.7700
61932868,sitting,-1.0099,0.0054,0.0464,0.5250,-2.8000,0.7700
61932887,sitting,-1.0089,0.0044,0.0468,0.5600,-2.7300,0.7700
61932906,sitting,-1.0097,0.0054,0.0468,0.5600,-2.7300,0.7700
61932926,sitting,-1.0092,0.0059,0.0459,0.5600,-2.7300,0.7700
61932945,sitting,-1.0085,0.0051,0.0461,0.5600,-2.7300,0.7350
61932964,sitting,-1.0087,0.0061,0.0471,0.5600,-2.7300,0.7700
61932983,sitting,-1.0087,0.0051,0.0476,0.5600,-2.7300,0.7700
61933003,sitting,-1.0087,0.0046,0.0476,0.5250,-2.7300,0.7700
61933022,sitting,-1.0089,0.0056,0.0451,0.5600,-2.7650,0.7700
61933041,sitting,-1.0089,0.0044,0.0459,0.5600,-2.7300,0.7700
61933060,sitting,-1.0089,0.0056,0.0473,0.5600,-2.7650,0.7700
61933079,sitting,-1.0092,0.0056,0.0476,0.5600,-2.7300,0.7700
61933099,sitting,-1.0077,0.0054,0.0459,0.5250,-2.8000,0.7700
61933118,sitting,-1.0080,0.0049,0.0456,0.5250,-2.7300,0.7700
61933137,sitting,-1.0080,0.0061,0.0461,0.5600,-2.7300,0.7700
61933156,sitting,-1.0104,0.0056,0.0456,0.5600,-2.7650,0.7700
61933176,sitting,-1.0085,0.0051,0.0461,0.5600,-2.8000,0.7700
61933195,sitting,-1.0094,0.0056,0.0468,0.5600,-2.7300,0.7700
61933214,sitting,-1.0092,0.0059,0.0471,0.5600,-2.7300,0.7700
61933233,sitting,-1.0085,0.0054,0.0473,0.5250,-2.7300,0.7700
61933253,sitting,-1.0085,0.0054,0.0464,0.4900,-2.7650,0.7700
61933272,sitting,-1.0087,0.0056,0.0454,0.5600,-2.7300,0.7700
61933291,sitting,-1.0092,0.0046,0.0459,0.5250,-2.7300,0.7700
61933310,sitting,-1.0080,0.0054,0.0461,0.5600,-2.7650,0.7700
61933329,sitting,-1.0089,0.0059,0.0473,0.5250,-2.7300,0.7700
61933349,sitting,-1.0087,0.0046,0.0456,0.5600,-2.7300,0.7700
61933368,sitting,-1.0087,0.0054,0.0466,0.5600,-2.7300,0.7700
61933387,sitting,-1.0085,0.0061,0.0464,0.5600,-2.7300,0.7700
61933406,sitting,-1.0080,0.0049,0.0466,0.5600,-2.7300,0.7700
61933426,sitting,-1.0085,0.0059,0.0473,0.5950,-2.7650,0.7350
61933445,sitting,-1.0075,0.0059,0.0471,0.5600,-2.7300,0.7700
61933464,sitting,-1.0089,0.0061,0.0461,0.5600,-2.7300,0.7700
61933483,sitting,-1.0089,0.0066,0.0459,0.5600,-2.7300,0.7350
61933503,sitting,-1.0089,0.0041,0.0466,0.5250,-2.7300,0.7700
61933522,sitting,-1.0089,0.0054,0.0459,0.5600,-2.7300,0.7700
61933541,sitting,-1.0089,0.0051,0.0476,0.5600,-2.7300,0.7700
61933560,sitting,-1.0087,0.0051,0.0461,0.5600,-2.7650,0.7350
61933579,sitting,-1.0080,0.0061,0.0464,0.6300,-2.7300,0.7350
61933599,sitting,-1.0082,0.0051,0.0464,0.5600,-2.7650,0.7700
61933618,sitting,-1.0085,0.0049,0.0466,0.5600,-2.7650,0.7700
61933637,sitting,-1.0085,0.0056,0.0468,0.5250,-2.7650,0.8050
61933656,sitting,-1.0087,0.0061,0.0468,0.4900,-2.7300,0.7700
61933676,sitting,-1.0085,0.0056,0.0471,0.5600,-2.7650,0.7700
61933695,sitting,-1.0085,0.0056,0.0464,0.5600,-2.7300,0.7700
61933714,sitting,-1.0085,0.0056,0.0461,0.5600,-2.8000,0.7700
61933733,sitting,-1.0087,0.0054,0.0466,0.5250,-2.7300,0.8050
61933753,sitting,-1.0077,0.0054,0.0466,0.5250,-2.7650,0.8050
61933772,sitting,-1.0082,0.0063,0.0466,0.5600,-2.7300,0.7700
61933791,sitting,-1.0087,0.0061,0.0473,0.5600,-2.7650,0.8050
61933810,sitting,-1.0087,0.0044,0.0478,0.5600,-2.7300,0.8050
61933829,sitting,-1.0085,0.0051,0.0468,0.5600,-2.8000,0.7700
61933849,sitting,-1.0092,0.0054,0.0476,0.5600,-2.7300,0.7700
61933868,sitting,-1.0094,0.0046,0.0466,0.5250,-2.7650,0.7700
61933887,sitting,-1.0089,0.0059,0.0464,0.5600,-2.7300,0.7700
61933906,sitting,-1.0092,0.0061,0.0466,0.5600,-2.7300,0.7350
61933926,sitting,-1.0089,0.0054,0.0461,0.5600,-2.7300,0.7700
61933945,sitting,-1.0082,0.0046,0.0466,0.5600,-2.7300,0.7700
61933964,sitting,-1.0080,0.0049,0.0468,0.5600,-2.7300,0.7700
61933983,sitting,-1.0087,0.0059,0.0459,0.5600,-2.7650,0.7700
61934003,sitting,-1.0087,0.0063,0.0464,0.5250,-2.7300,0.7350
61934022,sitting,-1.0089,0.0054,0.0461,0.5600,-2.7650,0.7350
61934041,sitting,-1.0085,0.0046,0.0466,0.5250,-2.7650,0.7700
61934060,sitting,-1.0085,0.0056,0.0459,0.5600,-2.8000,0.7700
61934079,sitting,-1.0085,0.0051,0.0459,0.5600,-2.7300,0.7700
61934099,sitting,-1.0085,0.0051,0.0464,0.5600,-2.7650,0.7700
61934118,sitting,-1.0087,0.0051,0.0466,0.5600,-2.7650,0.7700
61934137,sitting,-1.0085,0.0056,0.0464,0.5600,-2.7650,0.7700
61934156,sitting,-1.0077,0.0049,0.0471,0.5600,-2.7650,0.7700
61934176,sitting,-1.0087,0.0051,0.0478,0.5250,-2.7650,0.8400
61934195,sitting,-1.0089,0.0066,0.0464,0.5600,-2.7650,0.7700
61934214,sitting,-1.0077,0.0054,0.0461,0.5600,-2.7300,0.7700
61934233,sitting,-1.0080,0.0049,0.0464,0.5250,-2.8000,0.7700
61934253,sitting,-1.0085,0.0049,0.0466,0.5600,-2.7300,0.7700
61934272,sitting,-1.0080,0.0049,0.0464,0.5250,-2.7650,0.7700
61934291,sitting,-1.0089,0.0051,0.0459,0.5600,-2.7650,0.7700
61934310,sitting,-1.0087,0.0056,0.0464,0.5600,-2.8000,0.7700
61934329,sitting,-1.0075,0.0051,0.0468,0.5600,-2.7300,0.7700
61934349,sitting,-1.0085,0.0056,0.0468,0.5600,-2.7300,0.7700
61934368,sitting,-1.0070,0.0051,0.0466,0.5950,-2.7300,0.7700
61934387,sitting,-1.0077,0.0056,0.0451,0.5250,-2.7650,0.7700
61934406,sitting,-1.0080,0.0056,0.0459,0.5600,-2.7650,0.7700
61934426,sitting,-1.0080,0.0056,0.0464,0.5250,-2.7300,0.7700
61934445,sitting,-1.0072,0.0051,0.0454,0.5950,-2.7650,0.7350
61934464,sitting,-1.0085,0.0049,0.0471,0.5600,-2.7300,0.7700
61934483,sitting,-1.0080,0.0054,0.0468,0.5600,-2.8000,0.7700
61934503,sitting,-1.0080,0.0044,0.0468,0.5600,-2.7300,0.7700
61934522,sitting,-1.0089,0.0051,0.0468,0.5600,-2.7300,0.7700
61934541,sitting,-1.0082,0.0051,0.0464,0.5600,-2.7300,0.7350
61934560,sitting,-1.0080,0.0054,0.0451,0.5600,-2.7300,0.7700
61934579,sitting,-1.0085,0.0051,0.0459,0.5600,-2.7300,0.7700
61934599,sitting,-1.0072,0.0049,0.0473,0.5600,-2.8000,0.7700
61934618,sitting,-1.0075,0.0049,0.0461,0.5950,-2.7300,0.7700
61934637,sitting,-1.0089,0.0059,0.0459,0.5600,-2.7650,0.7700
61934656,sitting,-1.0087,0.0056,0.0466,0.5600,-2.7300,0.7700
61934676,sitting,-1.0085,0.0054,0.0466,0.5600,-2.7300,0.7700
61934695,sitting,-1.0092,0.0054,0.0461,0.5250,-2.7300,0.7700
61934714,sitting,-1.0092,0.0054,0.0473,0.5250,-2.7650,0.7700
61934733,sitting,-1.0092,0.0054,0.0476,0.5600,-2.7650,0.7700
61934753,sitting,-1.0087,0.0068,0.0468,0.5600,-2.8000,0.7700
61934772,sitting,-1.0085,0.0049,0.0476,0.5250,-2.7650,0.7700
61934791,sitting,-1.0080,0.0061,0.0466,0.5600,-2.7650,0.8050
61934810,sitting,-1.0080,0.0059,0.0471,0.5600,-2.7650,0.8400
61934829,sitting,-1.0082,0.0046,0.0456,0.5600,-2.7300,0.7700
61934849,sitting,-1.0080,0.0061,0.0468,0.5600,-2.7300,0.8050
61934868,sitting,-1.0085,0.0054,0.0464,0.5600,-2.7300,0.7700
61934887,sitting,-1.0092,0.0054,0.0466,0.5600,-2.7300,0.7700
61934906,sitting,-1.0080,0.0059,0.0468,0.5600,-2.7300,0.7700
61934926,sitting,-1.0080,0.0059,0.0456,0.5600,-2.7300,0.7700
61934945,sitting,-1.0087,0.0046,0.0464,0.5250,-2.7650,0.7350
61934964,sitting,-1.0080,0.0056,0.0471,0.5250,-2.7650,0.7700
61934983,sitting,-1.0085,0.0056,0.0476,0.5600,-2.7300,0.8050
61935003,sitting,-1.0085,0.0054,0.0468,0.5600,-2.7300,0.7700
61935022,sitting,-1.0087,0.0059,0.0466,0.5600,-2.7650,0.8050
61935041,sitting,-1.0089,0.0056,0.0473,0.5600,-2.7300,0.7700
61935060,sitting,-1.0080,0.0063,0.0464,0.5600,-2.7300,0.7350
61935079,sitting,-1.0082,0.0059,0.0461,0.5250,-2.7650,0.7000
61935099,sitting,-1.0087,0.0054,0.0466,0.5600,-2.7650,0.7700
61935118,sitting,-1.0075,0.0061,0.0466,0.5600,-2.7300,0.8050
61935137,sitting,-1.0080,0.0056,0.0468,0.5600,-2.7300,0.7350
61935156,sitting,-1.0080,0.0046,0.0459,0.5600,-2.7300,0.7700
61935176,sitting,-1.0087,0.0063,0.0478,0.5600,-2.7300,0.7350
61935195,sitting,-1.0085,0.0063,0.0468,0.5250,-2.7300,0.7700
61935214,sitting,-1.0080,0.0051,0.0466,0.5600,-2.7300,0.7700
61935233,sitting,-1.0080,0.0049,0.0461,0.5600,-2.7650,0.7700
61935253,sitting,-1.0085,0.0051,0.0464,0.5600,-2.7300,0.7700
61935272,sitting,-1.0099,0.0054,0.0456,0.5600,-2.7650,0.7700
61935291,sitting,-1.0080,0.0056,0.0466,0.5600,-2.7300,0.7700
61935310,sitting,-1.0075,0.0061,0.0461,0.5250,-2.7650,0.7350
61935329,sitting,-1.0080,0.0056,0.0454,0.5600,-2.8000,0.7700
61935349,sitting,-1.0087,0.0061,0.0466,0.5600,-2.7300,0.7700
61935368,sitting,-1.0085,0.0049,0.0461,0.5250,-2.7300,0.7700
61935387,sitting,-1.0094,0.0061,0.0464,0.5600,-2.7300,0.7350
61935406,sitting,-1.0092,0.0054,0.0473,0.5600,-2.7300,0.7700
61935426,sitting,-1.0087,0.0061,0.0468,0.5600,-2.7300,0.7700
61935445,sitting,-1.0087,0.0054,0.0471,0.5250,-2.7300,0.7350
61935464,sitting,-1.0085,0.0046,0.0473,0.5250,-2.7650,0.7700
61935483,sitting,-1.0097,0.0051,0.0468,0.5600,-2.7300,0.7700
61935503,sitting,-1.0087,0.0056,0.0473,0.5600,-2.7650,0.7700
61935522,sitting,-1.0085,0.0054,0.0466,0.5600,-2.7300,0.8050
61935541,sitting,-1.0089,0.0051,0.0454,0.5600,-2.7300,0.7700
61935560,sitting,-1.0082,0.0059,0.0471,0.5600,-2.7300,0.7700
61935579,sitting,-1.0082,0.0056,0.0464,0.5600,-2.7300,0.7700
61935599,sitting,-1.0089,0.0056,0.0461,0.5600,-2.7300,0.7700
61935618,sitting,-1.0087,0.0051,0.0466,0.5600,-2.7300,0.7700
61935637,sitting,-1.0092,0.0061,0.0478,0.5600,-2.8000,0.7700
61935656,sitting,-1.0089,0.0049,0.0471,0.5600,-2.7300,0.7700
61935676,sitting,-1.0089,0.0051,0.0468,0.5600,-2.7300,0.7350
61935695,sitting,-1.0085,0.0044,0.0481,0.5600,-2.7300,0.7000
61935714,sitting,-1.0070,0.0054,0.0468,0.5600,-2.7300,0.7700
61935733,sitting,-1.0082,0.0068,0.0468,0.5600,-2.7650,0.7700
61935753,sitting,-1.0089,0.0066,0.0473,0.5600,-2.7300,0.7700
61935772,sitting,-1.0087,0.0056,0.0466,0.5250,-2.7650,0.7700
61935791,sitting,-1.0085,0.0054,0.0466,0.5250,-2.7650,0.8050
61935810,sitting,-1.0089,0.0051,0.0471,0.5600,-2.7300,0.7700
61935829,sitting,-1.0085,0.0056,0.0468,0.5600,-2.7300,0.7700
61935849,sitting,-1.0080,0.0046,0.0471,0.5250,-2.7300,0.7700
61935868,sitting,-1.0085,0.0056,0.0464,0.5600,-2.7300,0.7700
61935887,sitting,-1.0085,0.0059,0.0461,0.5600,-2.7300,0.7700
61935906,sitting,-1.0085,0.0054,0.0466,0.5600,-2.7300,0.7700
61935926,sitting,-1.0075,0.0059,0.0471,0.5250,-2.7300,0.7700
61935945,sitting,-1.0092,0.0049,0.0468,0.5600,-2.7300,0.7700
61935964,sitting,-1.0092,0.0059,0.0456,0.5600,-2.7300,0.7350
61935983,sitting,-1.0085,0.0046,0.0468,0.5600,-2.7300,0.7700
61936003,sitting,-1.0082,0.0044,0.0471,0.5600,-2.7300,0.7700
61936022,sitting,-1.0082,0.0054,0.0466,0.5250,-2.7300,0.7700
61936041,sitting,-1.0082,0.0049,0.0468,0.5600,-2.7300,0.7350
61936060,sitting,-1.0080,0.0056,0.0471,0.5600,-2.7300,0.7700
61936079,sitting,-1.0082,0.0051,0.0473,0.4900,-2.7650,0.7700
61936099,sitting,-1.0075,0.0049,0.0481,0.5600,-2.7650,0.7700
61936118,sitting,-1.0082,0.0046,0.0468,0.5600,-2.7300,0.7350
61936137,sitting,-1.0085,0.0049,0.0473,0.5600,-2.7300,0.7700
61936156,sitting,-1.0085,0.0054,0.0478,0.5600,-2.7300,0.7700
61936176,sitting,-1.0087,0.0051,0.0466,0.5600,-2.7650,0.7700
61936195,sitting,-1.0077,0.0056,0.0468,0.5250,-2.7300,0.7700
61936214,sitting,-1.0087,0.0056,0.0461,0.5250,-2.7300,0.7700
61936233,sitting,-1.0087,0.0054,0.0466,0.5600,-2.8000,0.7700
61936253,sitting,-1.0082,0.0061,0.0459,0.5950,-2.7300,0.8050
61936272,sitting,-1.0082,0.0054,0.0464,0.5250,-2.7300,0.7700
61936291,sitting,-1.0085,0.0054,0.0473,0.5600,-2.7300,0.7700
61936310,sitting,-1.0082,0.0054,0.0464,0.5600,-2.7650,0.7700
61936329,sitting,-1.0077,0.0051,0.0461,0.4900,-2.7650,0.7700
61936349,sitting,-1.0077,0.0044,0.0471,0.5600,-2.7300,0.8050
61936368,sitting,-1.0087,0.0049,0.0456,0.5600,-2.7300,0.7700
61936387,sitting,-1.0080,0.0056,0.0454,0.5250,-2.7650,0.7700
61936406,sitting,-1.0089,0.0046,0.0464,0.5600,-2.7300,0.8050
61936426,sitting,-1.0080,0.0054,0.0456,0.5600,-2.7300,0.7700
61936445,sitting,-1.0089,0.0051,0.0464,0.5600,-2.7300,0.7700
61936464,sitting,-1.0087,0.0059,0.0464,0.5600,-2.7300,0.7700
61936483,sitting,-1.0092,0.0051,0.0461,0.5600,-2.7300,0.7350
61936503,sitting,-1.0085,0.0046,0.0461,0.5600,-2.7300,0.7700
61936522,sitting,-1.0080,0.0051,0.0473,0.5600,-2.7300,0.7350
61936541,sitting,-1.0082,0.0051,0.0466,0.5600,-2.7300,0.7350
61936560,sitting,-1.0075,0.0054,0.0468,0.5600,-2.7300,0.8050
61936579,sitting,-1.0077,0.0051,0.0468,0.5600,-2.7300,0.7700
61936599,sitting,-1.0089,0.0061,0.0471,0.5600,-2.7300,0.7700
61936618,sitting,-1.0077,0.0056,0.0466,0.5600,-2.7300,0.7700
61936637,sitting,-1.0082,0.0063,0.0471,0.5250,-2.7300,0.7700
61936656,sitting,-1.0072,0.0063,0.0459,0.5600,-2.8000,0.7700
61936676,sitting,-1.0082,0.0054,0.0464,0.5600,-2.8000,0.7700
61936695,sitting,-1.0070,0.0059,0.0466,0.5600,-2.7300,0.7700
61936714,sitting,-1.0080,0.0054,0.0466,0.5600,-2.8000,0.7350
61936733,sitting,-1.0085,0.0056,0.0459,0.5250,-2.7650,0.7700
61936753,sitting,-1.0075,0.0049,0.0461,0.5250,-2.7650,0.7700
61936772,sitting,-1.0087,0.0054,0.0456,0.5600,-2.7300,0.7700
61936791,sitting,-1.0089,0.0054,0.0464,0.5250,-2.7650,0.7700
61936810,sitting,-1.0082,0.0054,0.0464,0.5250,-2.7650,0.7700
61936829,sitting,-1.0085,0.0059,0.0466,0.4900,-2.8000,0.7700
61936849,sitting,-1.0092,0.0061,0.0466,0.5600,-2.7300,0.7700
61936868,sitting,-1.0085,0.0049,0.0468,0.4900,-2.7300,0.7700
61936887,sitting,-1.0085,0.0051,0.0471,0.5250,-2.7300,0.7000
61936906,sitting,-1.0087,0.0054,0.0471,0.5600,-2.7300,0.7700
61936926,sitting,-1.0087,0.0049,0.0481,0.5250,-2.7650,0.7700
61936945,sitting,-1.0077,0.0056,0.0466,0.5950,-2.7650,0.7700
61936964,sitting,-1.0087,0.0054,0.0473,0.4900,-2.7300,0.7700
61936983,sitting,-1.0094,0.0061,0.0468,0.5600,-2.7650,0.7700
61937003,sitting,-1.0089,0.0056,0.0466,0.5950,-2.7300,0.7700
61937022,sitting,-1.0085,0.0051,0.0461,0.5600,-2.7300,0.7350
61937041,sitting,-1.0085,0.0061,0.0459,0.5600,-2.7300,0.7700
61937060,sitting,-1.0070,0.0051,0.0464,0.5250,-2.7300,0.7350
61937079,sitting,-1.0065,0.0051,0.0464,0.5600,-2.7300,0.7700
61937099,sitting,-1.0085,0.0059,0.0466,0.5600,-2.7650,0.7700
61937118,sitting,-1.0080,0.0056,0.0466,0.5600,-2.7300,0.7700
61937137,sitting,-1.0080,0.0051,0.0481,0.5250,-2.7650,0.7700
61937156,sitting,-1.0077,0.0061,0.0464,0.4900,-2.7300,0.7350
61937176,sitting,-1.0085,0.0046,0.0473,0.5600,-2.7650,0.7700
61937195,sitting,-1.0082,0.0049,0.0466,0.5600,-2.7300,0.7700
61937214,sitting,-1.0065,0.0061,0.0468,0.5250,-2.7300,0.7700
61937233,sitting,-1.0085,0.0054,0.0468,0.5250,-2.7650,0.7700
61937253,sitting,-1.0087,0.0054,0.0456,0.5250,-2.7650,0.7700
61937272,sitting,-1.0085,0.0056,0.0459,0.5600,-2.7300,0.7700
61937291,sitting,-1.0085,0.0061,0.0464,0.5600,-2.7650,0.8050
61937310,sitting,-1.0085,0.0059,0.0464,0.4900,-2.7300,0.7700
61937329,sitting,-1.0082,0.0054,0.0468,0.5600,-2.7300,0.7700
61937349,sitting,-1.0080,0.0056,0.0456,0.5600,-2.7650,0.7700
61937368,sitting,-1.0070,0.0054,0.0476,0.5250,-2.7650,0.7700
61937387,sitting,-1.0085,0.0046,0.0466,0.5250,-2.7650,0.7700
61937406,sitting,-1.0092,0.0059,0.0466,0.5600,-2.7300,0.7700
61937426,sitting,-1.0089,0.0051,0.0466,0.5600,-2.7300,0.7700
61937445,sitting,-1.0085,0.0056,0.0459,0.5250,-2.7300,0.7350
61937464,sitting,-1.0089,0.0061,0.0468,0.5600,-2.7300,0.7700
61937483,sitting,-1.0082,0.0049,0.0476,0.5600,-2.7300,0.7700
61937503,sitting,-1.0085,0.0054,0.0473,0.5600,-2.7300,0.7700
61937522,sitting,-1.0082,0.0051,0.0459,0.5600,-2.7300,0.7350
61937541,sitting,-1.0087,0.0054,0.0466,0.5600,-2.7300,0.7700
61937560,sitting,-1.0087,0.0059,0.0464,0.5600,-2.7300,0.7700
61937579,sitting,-1.0080,0.0059,0.0464,0.5600,-2.7300,0.7700
61937599,sitting,-1.0082,0.0051,0.0459,0.5600,-2.7300,0.7700
61937618,sitting,-1.0087,0.0059,0.0468,0.5600,-2.7300,0.7700
61937637,sitting,-1.0097,0.0061,0.0466,0.5600,-2.7650,0.7350
61937656,sitting,-1.0080,0.0049,0.0471,0.5600,-2.7650,0.7700
61937676,sitting,-1.0075,0.0054,0.0466,0.5600,-2.8000,0.7700
61937695,sitting,-1.0080,0.0054,0.0464,0.5600,-2.7650,0.7700
61937714,sitting,-1.0089,0.0061,0.0468,0.5250,-2.7650,0.7700
61937733,sitting,-1.0087,0.0054,0.0471,0.5600,-2.8000,0.7350
61937753,sitting,-1.0080,0.0061,0.0471,0.5600,-2.7300,0.7700
61937772,sitting,-1.0094,0.0054,0.0466,0.5600,-2.7300,0.7700
61937791,sitting,-1.0092,0.0061,0.0461,0.5600,-2.7650,0.7700
61937810,sitting,-1.0085,0.0059,0.0471,0.5600,-2.7650,0.7700
61937829,sitting,-1.0092,0.0046,0.0468,0.5250,-2.7300,0.7700
61937849,sitting,-1.0082,0.0051,0.0476,0.5250,-2.7300,0.7700
61937868,sitting,-1.0080,0.0059,0.0476,0.5250,-2.7650,0.7350
61937887,sitting,-1.0080,0.0054,0.0466,0.5250,-2.8000,0.7700
61937906,sitting,-1.0082,0.0056,0.0471,0.5600,-2.7650,0.7350
61937926,sitting,-1.0082,0.0061,0.0459,0.5600,-2.7650,0.7700
61937945,sitting,-1.0087,0.0049,0.0466,0.5600,-2.7300,0.8050
61937964,sitting,-1.0080,0.0044,0.0461,0.5600,-2.7300,0.7700
61937983,sitting,-1.0087,0.0059,0.0468,0.5600,-2.7300,0.7700
61938003,sitting,-1.0085,0.0061,0.0466,0.5600,-2.7300,0.7700
61938022,sitting,-1.0092,0.0063,0.0464,0.5600,-2.7300,0.7700
61938041,sitting,-1.0094,0.0063,0.0466,0.5250,-2.7300,0.7700
61938060,sitting,-1.0085,0.0049,0.0468,0.5600,-2.7650,0.7700
61938079,sitting,-1.0087,0.0051,0.0468,0.5600,-2.7650,0.7700
61938099,sitting,-1.0092,0.0059,0.0456,0.5600,-2.7650,0.7700
61938118,sitting,-1.0082,0.0059,0.0456,0.5600,-2.7300,0.7350
61938137,sitting,-1.0077,0.0054,0.0478,0.5600,-2.7300,0.7700
61938156,sitting,-1.0080,0.0056,0.0473,0.5600,-2.7650,0.7350
61938176,sitting,-1.0082,0.0066,0.0461,0.5600,-2.7300,0.7700
61938195,sitting,-1.0087,0.0051,0.0468,0.5600,-2.7300,0.7700
61938214,sitting,-1.0097,0.0051,0.0471,0.5600,-2.7650,0.7700
61938233,sitting,-1.0087,0.0054,0.0451,0.5600,-2.8000,0.7700
61938253,sitting,-1.0080,0.0056,0.0464,0.5600,-2.7300,0.7700
61938272,sitting,-1.0077,0.0056,0.0464,0.5600,-2.7650,0.7700
61938291,sitting,-1.0077,0.0063,0.0456,0.5600,-2.7300,0.7700
61938310,sitting,-1.0082,0.0061,0.0464,0.5600,-2.7300,0.7700
61938329,sitting,-1.0082,0.0051,0.0464,0.5600,-2.7300,0.7700
61938349,sitting,-1.0094,0.0056,0.0464,0.5600,-2.7300,0.7700
61938368,sitting,-1.0080,0.0046,0.0471,0.5600,-2.7300,0.7700
61938387,sitting,-1.0085,0.0059,0.0464,0.5250,-2.7300,0.7700
61938406,sitting,-1.0085,0.0054,0.0464,0.5250,-2.7650,0.7700
61938426,sitting,-1.0089,0.0061,0.0461,0.5600,-2.7300,0.7700
61938445,sitting,-1.0082,0.0051,0.0473,0.5600,-2.7650,0.7700
61938464,sitting,-1.0075,0.0051,0.0476,0.5600,-2.7300,0.7700
61938483,sitting,-1.0080,0.0054,0.0473,0.5600,-2.7650,0.8050
61938503,sitting,-1.0085,0.0054,0.0471,0.5250,-2.7300,0.7700
61938522,sitting,-1.0089,0.0056,0.0451,0.5250,-2.7650,0.7350
61938541,sitting,-1.0094,0.0051,0.0461,0.5600,-2.7300,0.7700
61938560,sitting,-1.0092,0.0054,0.0468,0.5600,-2.7300,0.7700
61938579,sitting,-1.0080,0.0051,0.0466,0.5600,-2.7300,0.7700
61938599,sitting,-1.0077,0.0059,0.0464,0.5600,-2.8000,0.7350
61938618,sitting,-1.0087,0.0059,0.0476,0.5250,-2.7650,0.7700
61938637,sitting,-1.0082,0.0041,0.0471,0.5600,-2.8000,0.7700
61938656,sitting,-1.0085,0.0051,0.0473,0.5600,-2.7300,0.7700
61938676,sitting,-1.0104,0.0056,0.0471,0.5600,-2.7650,0.7700
61938695,sitting,-1.0085,0.0056,0.0466,0.5950,-2.7650,0.7350
61938714,sitting,-1.0082,0.0056,0.0473,0.5600,-2.7650,0.7350
61938733,sitting,-1.0085,0.0059,0.0476,0.5600,-2.8000,0.7700
61938753,sitting,-1.0092,0.0054,0.0471,0.5250,-2.7650,0.7700
61938772,sitting,-1.0080,0.0051,0.0461,0.5600,-2.7650,0.7700
61938791,sitting,-1.0082,0.0054,0.0454,0.4900,-2.7650,0.7700
61938810,sitting,-1.0092,0.0049,0.0466,0.5250,-2.8000,0.7700
61938829,sitting,-1.0087,0.0046,0.0464,0.5600,-2.7300,0.7700
61938849,sitting,-1.0085,0.0046,0.0466,0.4900,-2.8000,0.8050
61938868,sitting,-1.0075,0.0049,0.0476,0.5600,-2.7300,0.8050
61938887,sitting,-1.0080,0.0051,0.0456,0.5600,-2.7300,0.7700
61938906,sitting,-1.0087,0.0059,0.0471,0.5600,-2.7300,0.7700
61938926,sitting,-1.0092,0.0054,0.0459,0.5600,-2.7300,0.7700
61938945,sitting,-1.0082,0.0054,0.0461,0.5600,-2.7650,0.7700
61938964,sitting,-1.0087,0.0054,0.0468,0.5600,-2.7300,0.7700
61938983,sitting,-1.0082,0.0049,0.0473,0.5600,-2.7300,0.7700
61939003,sitting,-1.0089,0.0051,0.0483,0.5250,-2.7650,0.7700
61939022,sitting,-1.0087,0.0061,0.0468,0.5600,-2.7300,0.7700
61939041,sitting,-1.0080,0.0059,0.0468,0.5250,-2.7300,0.7350
61939060,sitting,-1.0087,0.0056,0.0471,0.5600,-2.7300,0.7350
61939079,sitting,-1.0087,0.0063,0.0461,0.5600,-2.7300,0.7700
61939099,sitting,-1.0087,0.0066,0.0466,0.5600,-2.7650,0.7700
61939118,sitting,-1.0089,0.0056,0.0464,0.4900,-2.6950,0.7700
61939137,sitting,-1.0085,0.0063,0.0459,0.5600,-2.7650,0.7350
61939156,sitting,-1.0094,0.0068,0.0471,0.5600,-2.7300,0.7700
61939176,sitting,-1.0094,0.0056,0.0464,0.5600,-2.7300,0.7700
61939195,sitting,-1.0085,0.0051,0.0466,0.5600,-2.7650,0.7350
61939214,sitting,-1.0075,0.0056,0.0461,0.5600,-2.7300,0.7700
61939233,sitting,-1.0087,0.0051,0.0461,0.5600,-2.7300,0.7350
61939253,sitting,-1.0087,0.0056,0.0466,0.5250,-2.7300,0.7700
61939272,sitting,-1.0077,0.0056,0.0454,0.5600,-2.7300,0.7700
61939291,sitting,-1.0077,0.0046,0.0471,0.5600,-2.7300,0.7700
61939310,sitting,-1.0080,0.0056,0.0468,0.5250,-2.7650,0.7700
61939329,sitting,-1.0072,0.0051,0.0466,0.5250,-2.7650,0.7700
61939349,sitting,-1.0082,0.0051,0.0471,0.5600,-2.7650,0.7700
61939368,sitting,-1.0085,0.0054,0.0471,0.5250,-2.7300,0.7700
61939387,sitting,-1.0080,0.0056,0.0468,0.4900,-2.7300,0.7700
61939406,sitting,-1.0085,0.0051,0.0459,0.5600,-2.7300,0.7700
61939426,sitting,-1.0077,0.0068,0.0459,0.5600,-2.7300,0.7700
61939445,sitting,-1.0082,0.0061,0.0473,0.5250,-2.7300,0.7700
61939464,sitting,-1.0099,0.0056,0.0473,0.5250,-2.7300,0.8050
61939483,sitting,-1.0092,0.0051,0.0464,0.5600,-2.7300,0.7700
61939503,sitting,-1.0089,0.0051,0.0476,0.5600,-2.7300,0.7700
61939522,sitting,-1.0085,0.0054,0.0471,0.5600,-2.7300,0.7700
61939541,sitting,-1.0080,0.0049,0.0464,0.5600,-2.7300,0.7350
61939560,sitting,-1.0075,0.0056,0.0473,0.5950,-2.7300,0.7350
61939579,sitting,-1.0082,0.0054,0.0468,0.5600,-2.7650,0.7700
61939599,sitting,-1.0077,0.0063,0.0468,0.5600,-2.7650,0.7700
61939618,sitting,-1.0077,0.0056,0.0464,0.5600,-2.7300,0.7350
61939637,sitting,-1.0082,0.0054,0.0468,0.5600,-2.7300,0.7700
61939656,sitting,-1.0085,0.0049,0.0454,0.5600,-2.7650,0.7700
61939676,sitting,-1.0080,0.0049,0.0468,0.5250,-2.7650,0.7700
61939695,sitting,-1.0082,0.0051,0.0471,0.5600,-2.7300,0.8050
61939714,sitting,-1.0082,0.0056,0.0459,0.5600,-2.7300,0.7700
61939733,sitting,-1.0080,0.0054,0.0466,0.5600,-2.7650,0.7700
61939753,sitting,-1.0085,0.0056,0.0471,0.5250,-2.7650,0.7700
61939772,sitting,-1.0085,0.0051,0.0464,0.5250,-2.7300,0.7700
61939791,sitting,-1.0087,0.0063,0.0476,0.5600,-2.7650,0.7700
61939810,sitting,-1.0087,0.0066,0.0464,0.5600,-2.7300,0.7700
61939829,sitting,-1.0077,0.0056,0.0468,0.5250,-2.7300,0.7700
61939849,sitting,-1.0080,0.0056,0.0464,0.5250,-2.7300,0.8050
61939868,sitting,-1.0085,0.0054,0.0461,0.5250,-2.7650,0.7700
61939887,sitting,-1.0082,0.0046,0.0466,0.5250,-2.7300,0.7700
61939906,sitting,-1.0092,0.0049,0.0466,0.5250,-2.7650,0.7700
61939926,sitting,-1.0085,0.0061,0.0468,0.5250,-2.7300,0.7700
61939945,sitting,-1.0082,0.0059,0.0464,0.5600,-2.7300,0.7700
61939964,sitting,-1.0082,0.0054,0.0466,0.5600,-2.7300,0.7700
61939983,sitting,-1.0097,0.0041,0.0466,0.5950,-2.7650,0.7700
61940003,sitting,-1.0082,0.0051,0.0473,0.5600,-2.7300,0.8050
61940022,sitting,-1.0082,0.0056,0.0466,0.5600,-2.7300,0.8050
61940041,sitting,-1.0075,0.0051,0.0461,0.5600,-2.7650,0.7700
61940060,sitting,-1.0087,0.0059,0.0466,0.5600,-2.7300,0.7700
61940079,sitting,-1.0087,0.0056,0.0466,0.5600,-2.7300,0.7700
61940099,sitting,-1.0085,0.0059,0.0468,0.5600,-2.7300,0.7700
61940118,sitting,-1.0085,0.0059,0.0466,0.5600,-2.7650,0.7700
61940137,sitting,-1.0077,0.0061,0.0468,0.5600,-2.7650,0.7700
61940156,sitting,-1.0087,0.0059,0.0466,0.5600,-2.8000,0.7700
61940176,sitting,-1.0089,0.0051,0.0471,0.5600,-2.8000,0.7350
61940195,sitting,-1.0085,0.0049,0.0464,0.5950,-2.7650,0.7350
61940214,sitting,-1.0082,0.0049,0.0461,0.5600,-2.7650,0.7700
61940233,sitting,-1.0085,0.0063,0.0461,0.5600,-2.7650,0.7700
61940253,sitting,-1.0087,0.0051,0.0473,0.5250,-2.8000,0.7700
61940272,sitting,-1.0087,0.0046,0.0471,0.5600,-2.7300,0.7700
61940291,sitting,-1.0080,0.0054,0.0468,0.5250,-2.8000,0.7700
61940310,sitting,-1.0085,0.0049,0.0468,0.5250,-2.7300,0.7700
61940329,sitting,-1.0077,0.0066,0.0468,0.5600,-2.7300,0.7700
61940349,sitting,-1.0082,0.0059,0.0466,0.5600,-2.7300,0.8050
61940368,sitting,-1.0085,0.0061,0.0466,0.5600,-2.7300,0.7700
61940387,sitting,-1.0085,0.0063,0.0464,0.5250,-2.7300,0.7700
61940406,sitting,-1.0097,0.0046,0.0468,0.5600,-2.7650,0.7700
61940426,sitting,-1.0085,0.0051,0.0466,0.5600,-2.7300,0.7700
61940445,sitting,-1.0080,0.0061,0.0464,0.5600,-2.7300,0.7700
61940464,sitting,-1.0085,0.0054,0.0461,0.5600,-2.7300,0.7700
61940483,sitting,-1.0077,0.0054,0.0473,0.5600,-2.7300,0.7700
61940503,sitting,-1.0080,0.0056,0.0471,0.5250,-2.7300,0.7700
61940522,sitting,-1.0085,0.0063,0.0476,0.5600,-2.7300,0.7700
61940541,sitting,-1.0082,0.0061,0.0464,0.6300,-2.7300,0.7700
61940560,sitting,-1.0097,0.0066,0.0459,0.5600,-2.7650,0.7700
61940579,sitting,-1.0080,0.0056,0.0464,0.5600,-2.7650,0.7700
61940599,sitting,-1.0082,0.0056,0.0464,0.5600,-2.7300,0.7700
61940618,sitting,-1.0085,0.0051,0.0466,0.5250,-2.7300,0.7350
61940637,sitting,-1.0080,0.0059,0.0473,0.5600,-2.8000,0.7350
61940656,sitting,-1.0072,0.0044,0.0471,0.5600,-2.7300,0.7700
61940676,sitting,-1.0075,0.0056,0.0471,0.5600,-2.7300,0.7000
61940695,sitting,-1.0077,0.0051,0.0471,0.5600,-2.7300,0.7700
61940714,sitting,-1.0089,0.0056,0.0459,0.5250,-2.7300,0.7350
61940733,sitting,-1.0092,0.0059,0.0454,0.5250,-2.7300,0.7700
61940753,sitting,-1.0082,0.0056,0.0476,0.5600,-2.7300,0.7700
61940772,sitting,-1.0082,0.0054,0.0466,0.5600,-2.7650,0.7700
61940791,sitting,-1.0082,0.0061,0.0461,0.5600,-2.7650,0.7700
61940810,sitting,-1.0092,0.0056,0.0461,0.5250,-2.8000,0.8050
61940829,sitting,-1.0097,0.0056,0.0466,0.5600,-2.7650,0.7700
61940849,sitting,-1.0092,0.0051,0.0459,0.5250,-2.7300,0.7700
61940868,sitting,-1.0087,0.0059,0.0466,0.5600,-2.7650,0.7700
61940887,sitting,-1.0082,0.0051,0.0461,0.5600,-2.7650,0.7700
61940906,sitting,-1.0087,0.0059,0.0466,0.5600,-2.7300,0.7700
61940926,sitting,-1.0087,0.0049,0.0478,0.4900,-2.7300,0.7700
61940945,sitting,-1.0077,0.0054,0.0466,0.4900,-2.7650,0.8050
61940964,sitting,-1.0082,0.0056,0.0468,0.5950,-2.7650,0.7700
61940983,sitting,-1.0092,0.0056,0.0466,0.5600,-2.7300,0.7700
61941003,sitting,-1.0087,0.0056,0.0464,0.5600,-2.7300,0.7700
61941022,sitting,-1.0085,0.0059,0.0468,0.5600,-2.7300,0.7350
61941041,sitting,-1.0085,0.0051,0.0461,0.5250,-2.7300,0.7700
61941060,sitting,-1.0087,0.0051,0.0461,0.5600,-2.7300,0.7700
61941079,sitting,-1.0087,0.0049,0.0473,0.5600,-2.7300,0.7700
61941099,sitting,-1.0085,0.0056,0.0473,0.5600,-2.7300,0.7700
61941118,sitting,-1.0087,0.0056,0.0459,0.5600,-2.7300,0.7700
61941137,sitting,-1.0082,0.0063,0.0456,0.5600,-2.7300,0.7700
61941156,sitting,-1.0089,0.0059,0.0473,0.5250,-2.7300,0.7350
61941176,sitting,-1.0089,0.0059,0.0478,0.5600,-2.7650,0.7700
61941195,sitting,-1.0082,0.0054,0.0459,0.5600,-2.7300,0.7700
61941214,sitting,-1.0082,0.0061,0.0471,0.5600,-2.8000,0.7700
61941233,sitting,-1.0072,0.0059,0.0466,0.5600,-2.7650,0.7700
61941253,sitting,-1.0082,0.0046,0.0459,0.5600,-2.8000,0.7700
61941272,sitting,-1.0080,0.0046,0.0464,0.5600,-2.7300,0.7700
61941291,sitting,-1.0087,0.0051,0.0461,0.5250,-2.7650,0.7700
61941310,sitting,-1.0082,0.0051,0.0461,0.5600,-2.7650,0.7700
61941329,sitting,-1.0082,0.0051,0.0466,0.5250,-2.7650,0.7700
61941349,sitting,-1.0089,0.0054,0.0466,0.5600,-2.7300,0.7700
61941368,sitting,-1.0087,0.0046,0.0466,0.5600,-2.7300,0.7700
61941387,sitting,-1.0085,0.0056,0.0471,0.5250,-2.7300,0.7700
61941406,sitting,-1.0089,0.0063,0.0471,0.5600,-2.7300,0.7700
61941426,sitting,-1.0089,0.0051,0.0461,0.5250,-2.7300,0.8050
61941445,sitting,-1.0087,0.0063,0.0466,0.5250,-2.7300,0.8050
61941464,sitting,-1.0080,0.0066,0.0471,0.5250,-2.7650,0.7700
61941483,sitting,-1.0082,0.0059,0.0466,0.5600,-2.7650,0.7700
61941503,sitting,-1.0082,0.0056,0.0476,0.5600,-2.7300,0.7700
61941522,sitting,-1.0085,0.0059,0.0461,0.5600,-2.7300,0.7700
61941541,sitting,-1.0080,0.0059,0.0471,0.5600,-2.7650,0.7700
61941560,sitting,-1.0085,0.0061,0.0471,0.5600,-2.7300,0.7700
61941579,sitting,-1.0085,0.0054,0.0461,0.5600,-2.7300,0.7700
61941599,sitting,-1.0077,0.0051,0.0468,0.5600,-2.7300,0.7700
61941618,sitting,-1.0085,0.0051,0.0473,0.5600,-2.8000,0.7700
61941637,sitting,-1.0085,0.0059,0.0461,0.5600,-2.7300,0.8050
61941656,sitting,-1.0092,0.0056,0.0454,0.5250,-2.6950,0.7350
61941676,sitting,-1.0089,0.0054,0.0473,0.5600,-2.7300,0.7000
61941695,sitting,-1.0087,0.0059,0.0456,0.5600,-2.7650,0.7350
61941714,sitting,-1.0082,0.0061,0.0456,0.5600,-2.7300,0.7700
61941733,sitting,-1.0077,0.0061,0.0456,0.5600,-2.7300,0.7350
61941753,sitting,-1.0089,0.0051,0.0468,0.5600,-2.7300,0.7700
61941772,sitting,-1.0082,0.0041,0.0464,0.5600,-2.7650,0.7700
61941791,sitting,-1.0089,0.0046,0.0464,0.5600,-2.7650,0.7350
61941810,sitting,-1.0075,0.0051,0.0468,0.5600,-2.7300,0.7700
61941829,sitting,-1.0082,0.0063,0.0478,0.5600,-2.7650,0.7700
61941849,sitting,-1.0087,0.0046,0.0464,0.5250,-2.8000,0.7700
61941868,sitting,-1.0092,0.0044,0.0486,0.5600,-2.7300,0.7700
61941887,sitting,-1.0094,0.0046,0.0471,0.5600,-2.8000,0.7700
61941906,sitting,-1.0085,0.0049,0.0468,0.5600,-2.8000,0.7700
61941926,sitting,-1.0085,0.0051,0.0468,0.5600,-2.7300,0.7700
61941945,sitting,-1.0092,0.0051,0.0464,0.5250,-2.7300,0.7700
61941964,sitting,-1.0092,0.0051,0.0464,0.5250,-2.7300,0.7700
61941983,sitting,-1.0089,0.0046,0.0459,0.5600,-2.7300,0.8050
61942003,sitting,-1.0089,0.0059,0.0468,0.5600,-2.7300,0.7700
61942022,sitting,-1.0085,0.0056,0.0466,0.5600,-2.7300,0.7700
61942041,sitting,-1.0085,0.0054,0.0464,0.5250,-2.8000,0.7700
61942060,sitting,-1.0085,0.0056,0.0468,0.5600,-2.7300,0.7700
61942079,sitting,-1.0075,0.0059,0.0464,0.5600,-2.7300,0.7700
61942099,sitting,-1.0077,0.0056,0.0461,0.5250,-2.7300,0.7700
61942118,sitting,-1.0067,0.0054,0.0464,0.5250,-2.7650,0.7700
61942137,sitting,-1.0089,0.0051,0.0464,0.5600,-2.7300,0.7700
61942156,sitting,-1.0085,0.0051,0.0461,0.5600,-2.7300,0.7350
61942176,sitting,-1.0087,0.0063,0.0473,0.5950,-2.7300,0.7350
61942195,sitting,-1.0085,0.0061,0.0468,0.5600,-2.7300,0.7700
61942214,sitting,-1.0085,0.0054,0.0461,0.5600,-2.7300,0.7700
61942233,sitting,-1.0089,0.0063,0.0471,0.5600,-2.7300,0.7700
61942253,sitting,-1.0087,0.0063,0.0466,0.5600,-2.7300,0.7700
61942272,sitting,-1.0082,0.0061,0.0464,0.5600,-2.7300,0.7700
61942291,sitting,-1.0087,0.0061,0.0468,0.5600,-2.7650,0.7700
61942310,sitting,-1.0085,0.0056,0.0466,0.5600,-2.7300,0.7350
61942329,sitting,-1.0082,0.0063,0.0466,0.5250,-2.7650,0.7350
61942349,sitting,-1.0087,0.0056,0.0461,0.4900,-2.7300,0.7700
61942368,sitting,-1.0085,0.0063,0.0466,0.5600,-2.7300,0.7700
61942387,sitting,-1.0080,0.0054,0.0461,0.5600,-2.7300,0.7700
61942406,sitting,-1.0085,0.0061,0.0466,0.5600,-2.7650,0.7700
61942426,sitting,-1.0085,0.0059,0.0476,0.5600,-2.7650,0.7700
61942445,sitting,-1.0082,0.0056,0.0471,0.5250,-2.7300,0.7700
61942464,sitting,-1.0080,0.0056,0.0468,0.5600,-2.7300,0.7700
61942483,sitting,-1.0082,0.0059,0.0468,0.5600,-2.7300,0.8050
61942503,sitting,-1.0080,0.0051,0.0464,0.4900,-2.7650,0.7700
61942522,sitting,-1.0080,0.0054,0.0476,0.5600,-2.7300,0.7700
61942541,sitting,-1.0082,0.0051,0.0464,0.5600,-2.7300,0.7700
61942560,sitting,-1.0082,0.0061,0.0466,0.5600,-2.7300,0.7700
61942579,sitting,-1.0085,0.0054,0.0464,0.5600,-2.7300,0.7350
61942599,sitting,-1.0085,0.0054,0.0471,0.5250,-2.7300,0.7700
61942618,sitting,-1.0087,0.0051,0.0476,0.5600,-2.7300,0.7700
61942637,sitting,-1.0089,0.0051,0.0459,0.5600,-2.7300,0.7700
61942656,sitting,-1.0082,0.0059,0.0466,0.5600,-2.7300,0.7350
61942676,sitting,-1.0082,0.0051,0.0468,0.5600,-2.7650,0.7700
61942695,sitting,-1.0094,0.0059,0.0459,0.5600,-2.7300,0.7700
61942714,sitting,-1.0077,0.0059,0.0454,0.5600,-2.7300,0.7350
61942733,sitting,-1.0077,0.0054,0.0468,0.5600,-2.7300,0.7700
61942753,sitting,-1.0087,0.0059,0.0459,0.5600,-2.7650,0.7350
61942772,sitting,-1.0082,0.0059,0.0466,0.5600,-2.7300,0.7700
61942791,sitting,-1.0080,0.0066,0.0473,0.5950,-2.7300,0.7700
61942810,sitting,-1.0092,0.0061,0.0466,0.5600,-2.8000,0.7700
61942829,sitting,-1.0080,0.0056,0.0461,0.5600,-2.7300,0.7700
61942849,sitting,-1.0085,0.0054,0.0459,0.5600,-2.7650,0.7700
61942868,sitting,-1.0085,0.0056,0.0473,0.5600,-2.7300,0.7350
61942887,sitting,-1.0077,0.0054,0.0473,0.5600,-2.7650,0.7700
61942906,sitting,-1.0085,0.0059,0.0466,0.5250,-2.7650,0.7700
61942926,sitting,-1.0094,0.0059,0.0466,0.4900,-2.7300,0.7700
61942945,sitting,-1.0089,0.0059,0.0454,0.5250,-2.7300,0.7700
61942964,sitting,-1.0082,0.0044,0.0454,0.5600,-2.7300,0.7700
61942983,sitting,-1.0082,0.0049,0.0466,0.5600,-2.7300,0.7700
61943003,sitting,-1.0087,0.0046,0.0471,0.5600,-2.7300,0.7700
61943022,sitting,-1.0092,0.0056,0.0461,0.5600,-2.7650,0.7700
61943041,sitting,-1.0094,0.0046,0.0468,0.5600,-2.7300,0.8050
61943060,sitting,-1.0089,0.0056,0.0466,0.5250,-2.7300,0.7700
61943079,sitting,-1.0080,0.0061,0.0461,0.4900,-2.7300,0.7700
61943099,sitting,-1.0080,0.0059,0.0468,0.5250,-2.7300,0.7700
61943118,sitting,-1.0080,0.0051,0.0481,0.5600,-2.8000,0.7700
61943137,sitting,-1.0082,0.0056,0.0466,0.4900,-2.7300,0.7700
61943156,sitting,-1.0082,0.0049,0.0466,0.5600,-2.7300,0.7700
61943176,sitting,-1.0080,0.0051,0.0481,0.5600,-2.7650,0.7700
61943195,sitting,-1.0082,0.0059,0.0466,0.5950,-2.7300,0.7350
61943214,sitting,-1.0089,0.0061,0.0468,0.5600,-2.7300,0.7350
61943233,sitting,-1.0080,0.0049,0.0476,0.5600,-2.7300,0.7350
61943253,sitting,-1.0067,0.0054,0.0466,0.5600,-2.7300,0.7700
61943272,sitting,-1.0080,0.0046,0.0468,0.5600,-2.7300,0.7700
61943291,sitting,-1.0075,0.0051,0.0464,0.5600,-2.7650,0.7700
61943310,sitting,-1.0085,0.0049,0.0464,0.5600,-2.7650,0.8050
61943329,sitting,-1.0082,0.0059,0.0464,0.5600,-2.7300,0.7700
61943349,sitting,-1.0077,0.0056,0.0464,0.5600,-2.7650,0.7350
61943368,sitting,-1.0087,0.0046,0.0459,0.5600,-2.7300,0.7700
61943387,sitting,-1.0089,0.0044,0.0456,0.5250,-2.7300,0.7700
61943406,sitting,-1.0089,0.0056,0.0464,0.5250,-2.7650,0.7700
61943426,sitting,-1.0082,0.0054,0.0461,0.5600,-2.7300,0.7700
61943445,sitting,-1.0089,0.0049,0.0468,0.5250,-2.7300,0.7700
61943464,sitting,-1.0077,0.0066,0.0468,0.5250,-2.7300,0.7700
61943483,sitting,-1.0077,0.0059,0.0461,0.5250,-2.7650,0.7700
61943503,sitting,-1.0087,0.0061,0.0459,0.5600,-2.8000,0.7700
61943522,sitting,-1.0080,0.0056,0.0459,0.5600,-2.7300,0.7700
61943541,sitting,-1.0082,0.0063,0.0464,0.5600,-2.7650,0.7700
61943560,sitting,-1.0092,0.0051,0.0468,0.5250,-2.7300,0.7700
61943579,sitting,-1.0082,0.0054,0.0461,0.5250,-2.7300,0.7700
61943599,sitting,-1.0082,0.0059,0.0459,0.4900,-2.7300,0.7700
61943618,sitting,-1.0087,0.0056,0.0461,0.5600,-2.7300,0.7700
61943637,sitting,-1.0087,0.0059,0.0461,0.5600,-2.7300,0.7700
61943656,sitting,-1.0082,0.0056,0.0468,0.5600,-2.7300,0.7700
61943676,sitting,-1.0092,0.0063,0.0466,0.5600,-2.7300,0.7350
61943695,sitting,-1.0087,0.0059,0.0464,0.5600,-2.7650,0.7700
61943714,sitting,-1.0092,0.0056,0.0471,0.5600,-2.7300,0.7700
61943733,sitting,-1.0094,0.0049,0.0464,0.5600,-2.7300,0.7350
61943753,sitting,-1.0085,0.0059,0.0464,0.5600,-2.7650,0.7700
61943772,sitting,-1.0080,0.0056,0.0473,0.5600,-2.7300,0.7700
61943791,sitting,-1.0085,0.0056,0.0466,0.5600,-2.8000,0.8050
61943810,sitting,-1.0089,0.0063,0.0461,0.5600,-2.7300,0.8050
61943829,sitting,-1.0072,0.0051,0.0461,0.5950,-2.7650,0.8050
61943849,sitting,-1.0087,0.0056,0.0466,0.5600,-2.7300,0.7700
61943868,sitting,-1.0082,0.0059,0.0464,0.5250,-2.8000,0.7700
61943887,sitting,-1.0089,0.0059,0.0464,0.5250,-2.7300,0.7700
61943906,sitting,-1.0085,0.0054,0.0456,0.5600,-2.7300,0.7700
61943926,sitting,-1.0085,0.0041,0.0471,0.5600,-2.7300,0.7700
61943945,sitting,-1.0072,0.0054,0.0461,0.5600,-2.8000,0.8050
61943964,sitting,-1.0087,0.0056,0.0464,0.5600,-2.7650,0.7700
61943983,sitting,-1.0087,0.0046,0.0473,0.5600,-2.7300,0.7700
61944003,sitting,-1.0080,0.0061,0.0476,0.5600,-2.7300,0.7700
61944022,sitting,-1.0087,0.0056,0.0459,0.5600,-2.7300,0.7700
61944041,sitting,-1.0094,0.0061,0.0466,0.5600,-2.7650,0.7700
61944060,sitting,-1.0085,0.0049,0.0471,0.5600,-2.7300,0.7700
61944079,sitting,-1.0080,0.0049,0.0478,0.5600,-2.7650,0.7350
61944099,sitting,-1.0089,0.0056,0.0461,0.5600,-2.8000,0.7700
61944118,sitting,-1.0089,0.0059,0.0464,0.5600,-2.7300,0.7700
61944137,sitting,-1.0087,0.0059,0.0456,0.5600,-2.7300,0.7700
61944156,sitting,-1.0085,0.0056,0.0456,0.5600,-2.7300,0.7700
61944176,sitting,-1.0087,0.0056,0.0461,0.5950,-2.7300,0.7350
61944195,sitting,-1.0085,0.0059,0.0468,0.5600,-2.7300,0.7700
61944214,sitting,-1.0085,0.0056,0.0459,0.5600,-2.7300,0.7000
61944233,sitting,-1.0087,0.0066,0.0466,0.5600,-2.7650,0.7700
61944253,sitting,-1.0085,0.0051,0.0466,0.5600,-2.7300,0.7700
61944272,sitting,-1.0082,0.0061,0.0476,0.5600,-2.7650,0.7700
61944291,sitting,-1.0089,0.0054,0.0459,0.5600,-2.7300,0.7700
61944310,sitting,-1.0080,0.0059,0.0464,0.5950,-2.7650,0.7700
61944329,sitting,-1.0082,0.0066,0.0471,0.5250,-2.7650,0.7700
61944349,sitting,-1.0080,0.0059,0.0471,0.5600,-2.7300,0.7700
61944368,sitting,-1.0080,0.0054,0.0471,0.5600,-2.7300,0.7700
61944387,sitting,-1.0087,0.0061,0.0466,0.5600,-2.7650,0.7700
61944406,sitting,-1.0087,0.0054,0.0456,0.5600,-2.7300,0.7700
61944426,sitting,-1.0097,0.0059,0.0461,0.5250,-2.7650,0.7700
61944445,sitting,-1.0087,0.0061,0.0464,0.5600,-2.7300,0.7700
61944464,sitting,-1.0080,0.0056,0.0476,0.5600,-2.7300,0.7700
61944483,sitting,-1.0082,0.0054,0.0464,0.5600,-2.7300,0.7700
61944503,sitting,-1.0099,0.0051,0.0466,0.5600,-2.7650,0.7700
61944522,sitting,-1.0102,0.0046,0.0468,0.5600,-2.7300,0.7700
61944541,sitting,-1.0089,0.0054,0.0459,0.5600,-2.7300,0.7700
61944560,sitting,-1.0094,0.0059,0.0466,0.5600,-2.7300,0.7700
61944579,sitting,-1.0080,0.0054,0.0471,0.5600,-2.7300,0.7700
61944599,sitting,-1.0082,0.0049,0.0466,0.5600,-2.7650,0.7700
61944618,sitting,-1.0087,0.0051,0.0473,0.5600,-2.7300,0.7700
61944637,sitting,-1.0080,0.0063,0.0459,0.5950,-2.7650,0.7700
61944656,sitting,-1.0080,0.0049,0.0468,0.5600,-2.7650,0.7700
61944676,sitting,-1.0082,0.0051,0.0466,0.5600,-2.7650,0.7350
61944695,sitting,-1.0089,0.0056,0.0464,0.5250,-2.7300,0.7700
61944714,sitting,-1.0082,0.0056,0.0454,0.5250,-2.7650,0.7700
61944733,sitting,-1.0085,0.0054,0.0461,0.5950,-2.7650,0.7350
61944753,sitting,-1.0080,0.0049,0.0461,0.5600,-2.7300,0.7350
61944772,sitting,-1.0085,0.0051,0.0466,0.5600,-2.7300,0.7000
61944791,sitting,-1.0085,0.0059,0.0461,0.5250,-2.7650,0.7350
61944810,sitting,-1.0089,0.0054,0.0461,0.5600,-2.7300,0.7700
61944829,sitting,-1.0082,0.0061,0.0471,0.5250,-2.7650,0.7700
61944849,sitting,-1.0085,0.0059,0.0471,0.5250,-2.8000,0.7700
61944868,sitting,-1.0087,0.0063,0.0461,0.5600,-2.7650,0.7700
61944887,sitting,-1.0087,0.0061,0.0464,0.5600,-2.7300,0.7350
61944906,sitting,-1.0089,0.0051,0.0466,0.5250,-2.7300,0.7700
61944926,sitting,-1.0089,0.0056,0.0471,0.5600,-2.7300,0.7700
61944945,sitting,-1.0077,0.0051,0.0454,0.5600,-2.7300,0.7350
61944964,sitting,-1.0087,0.0044,0.0459,0.5250,-2.7650,0.7700
61944983,sitting,-1.0082,0.0054,0.0461,0.5600,-2.7650,0.7700
61945003,sitting,-1.0075,0.0051,0.0464,0.5600,-2.7650,0.7700
61945022,sitting,-1.0085,0.0054,0.0468,0.5600,-2.7650,0.7700
61945041,sitting,-1.0085,0.0054,0.0464,0.5250,-2.7300,0.7700
61945060,sitting,-1.0080,0.0046,0.0466,0.5600,-2.7300,0.7350
61945079,sitting,-1.0085,0.0059,0.0476,0.5600,-2.7300,0.7700
61945099,sitting,-1.0077,0.0049,0.0459,0.5250,-2.7300,0.7700
61945118,sitting,-1.0089,0.0054,0.0471,0.5600,-2.7300,0.7700
61945137,sitting,-1.0080,0.0056,0.0466,0.5600,-2.7300,0.7700
61945156,sitting,-1.0077,0.0066,0.0468,0.5600,-2.7650,0.7700
61945176,sitting,-1.0080,0.0056,0.0471,0.5250,-2.7650,0.7700
61945195,sitting,-1.0089,0.0059,0.0473,0.5600,-2.8000,0.7700
61945214,sitting,-1.0087,0.0061,0.0468,0.5600,-2.7650,0.7700
61945233,sitting,-1.0094,0.0059,0.0461,0.5600,-2.7300,0.7700
61945253,sitting,-1.0092,0.0061,0.0468,0.5600,-2.7300,0.7700
61945272,sitting,-1.0089,0.0068,0.0466,0.5600,-2.7300,0.7700
61945291,sitting,-1.0077,0.0054,0.0464,0.5600,-2.7300,0.7000
61945310,sitting,-1.0075,0.0046,0.0464,0.5600,-2.7300,0.7700
61945329,sitting,-1.0085,0.0051,0.0466,0.5600,-2.7300,0.7700
61945349,sitting,-1.0080,0.0059,0.0466,0.5600,-2.7300,0.7700
61945368,sitting,-1.0087,0.0054,0.0464,0.5250,-2.7650,0.7700
61945387,sitting,-1.0075,0.0054,0.0461,0.5600,-2.7300,0.7700
61945406,sitting,-1.0070,0.0054,0.0461,0.5600,-2.7300,0.7700
61945426,sitting,-1.0080,0.0054,0.0459,0.5600,-2.7650,0.7700
61945445,sitting,-1.0087,0.0066,0.0466,0.5600,-2.7300,0.7700
61945464,sitting,-1.0082,0.0054,0.0461,0.4900,-2.7300,0.7700
61945483,sitting,-1.0082,0.0051,0.0468,0.5250,-2.8000,0.7700
61945503,sitting,-1.0077,0.0049,0.0464,0.5600,-2.7650,0.7700
61945522,sitting,-1.0077,0.0051,0.0466,0.5250,-2.7300,0.7700
61945541,sitting,-1.0085,0.0049,0.0464,0.5600,-2.7300,0.7700
61945560,sitting,-1.0085,0.0061,0.0473,0.5600,-2.7300,0.7700
61945579,sitting,-1.0075,0.0054,0.0473,0.5600,-2.7300,0.7700
61945599,sitting,-1.0085,0.0056,0.0464,0.5250,-2.7650,0.7700
61945618,sitting,-1.0089,0.0049,0.0459,0.5250,-2.7300,0.7700
61945637,sitting,-1.0077,0.0054,0.0468,0.5600,-2.7300,0.7700
61945656,sitting,-1.0080,0.0046,0.0461,0.5600,-2.7300,0.7700
61945676,sitting,-1.0085,0.0056,0.0461,0.4900,-2.7300,0.7700
61945695,sitting,-1.0085,0.0061,0.0476,0.5600,-2.7300,0.7700
61945714,sitting,-1.0080,0.0054,0.0466,0.5600,-2.7300,0.7700
61945733,sitting,-1.0087,0.0049,0.0468,0.5600,-2.7300,0.7000
61945753,sitting,-1.0087,0.0063,0.0473,0.5250,-2.7300,0.7700
61945772,sitting,-1.0085,0.0056,0.0471,0.5250,-2.7300,0.7700
61945791,sitting,-1.0085,0.0059,0.0464,0.5250,-2.7300,0.7700
61945810,sitting,-1.0085,0.0054,0.0464,0.5600,-2.7300,0.7700
61945829,sitting,-1.0087,0.0061,0.0468,0.5600,-2.7650,0.7700
61945849,sitting,-1.0085,0.0056,0.0471,0.5600,-2.7300,0.7700
61945868,sitting,-1.0082,0.0056,0.0471,0.5600,-2.7650,0.7700
61945887,sitting,-1.0089,0.0051,0.0466,0.5600,-2.7650,0.7700
61945906,sitting,-1.0085,0.0054,0.0459,0.5950,-2.7650,0.7700
61945926,sitting,-1.0092,0.0049,0.0464,0.5600,-2.8000,0.7700
61945945,sitting,-1.0087,0.0054,0.0476,0.5600,-2.7650,0.7700
61945964,sitting,-1.0089,0.0056,0.0471,0.5250,-2.7300,0.8050
61945983,sitting,-1.0094,0.0059,0.0466,0.4900,-2.7300,0.7350
61946003,sitting,-1.0080,0.0051,0.0476,0.5250,-2.8000,0.7700
61946022,sitting,-1.0077,0.0049,0.0473,0.5600,-2.7300,0.7700
61946041,sitting,-1.0077,0.0061,0.0468,0.5600,-2.7650,0.7700
61946060,sitting,-1.0087,0.0056,0.0461,0.5600,-2.7300,0.7700
61946079,sitting,-1.0082,0.0054,0.0464,0.5600,-2.7300,0.7700
61946099,sitting,-1.0075,0.0051,0.0464,0.5250,-2.7650,0.8050
61946118,sitting,-1.0087,0.0049,0.0468,0.5250,-2.7300,0.7700
61946137,sitting,-1.0082,0.0056,0.0461,0.5600,-2.7650,0.7700
61946156,sitting,-1.0077,0.0054,0.0464,0.5600,-2.7300,0.7700
61946176,sitting,-1.0085,0.0044,0.0464,0.5600,-2.7300,0.7700
61946195,sitting,-1.0089,0.0041,0.0466,0.5250,-2.7300,0.7700
61946214,sitting,-1.0085,0.0039,0.0473,0.5250,-2.7300,0.7700
61946233,sitting,-1.0092,0.0044,0.0476,0.5600,-2.7650,0.7350
61946253,sitting,-1.0077,0.0044,0.0464,0.5250,-2.7300,0.7350
61946272,sitting,-1.0085,0.0059,0.0464,0.5600,-2.8000,0.7700
61946291,sitting,-1.0087,0.0061,0.0466,0.5600,-2.7650,0.7700
61946310,sitting,-1.0087,0.0061,0.0454,0.5250,-2.7300,0.7700
61946329,sitting,-1.0085,0.0051,0.0459,0.5600,-2.7650,0.7000
61946349,sitting,-1.0080,0.0063,0.0466,0.5600,-2.7300,0.7700
61946368,sitting,-1.0085,0.0061,0.0468,0.5250,-2.7650,0.7350
61946387,sitting,-1.0085,0.0056,0.0464,0.5600,-2.7300,0.8400
61946406,sitting,-1.0087,0.0056,0.0468,0.5600,-2.7300,0.7700
61946426,sitting,-1.0092,0.0046,0.0466,0.5250,-2.7300,0.7700
61946445,sitting,-1.0080,0.0054,0.0456,0.5600,-2.7300,0.7700
61946464,sitting,-1.0089,0.0056,0.0476,0.5250,-2.7650,0.7700
61946483,sitting,-1.0087,0.0051,0.0476,0.5600,-2.7300,0.7700
61946503,sitting,-1.0085,0.0059,0.0473,0.5600,-2.8000,0.7700
61946522,sitting,-1.0085,0.0059,0.0464,0.5250,-2.8000,0.7700
61946541,sitting,-1.0087,0.0056,0.0461,0.5250,-2.8000,0.7700
61946560,sitting,-1.0082,0.0059,0.0461,0.5600,-2.7300,0.7700
61946579,sitting,-1.0075,0.0049,0.0461,0.5250,-2.7300,0.7700
61946599,sitting,-1.0092,0.0059,0.0468,0.5600,-2.7300,0.7700
61946618,sitting,-1.0077,0.0046,0.0473,0.5600,-2.7300,0.8400
61946637,sitting,-1.0082,0.0063,0.0471,0.5600,-2.7300,0.7700
61946656,sitting,-1.0087,0.0061,0.0464,0.5600,-2.7300,0.7700
61946676,sitting,-1.0077,0.0056,0.0468,0.5600,-2.7300,0.7700
61946695,sitting,-1.0087,0.0056,0.0459,0.5600,-2.7300,0.7700
61946714,sitting,-1.0082,0.0051,0.0468,0.5600,-2.7300,0.7700
61946733,sitting,-1.0070,0.0051,0.0466,0.5600,-2.7300,0.8050
61946753,sitting,-1.0089,0.0061,0.0456,0.5600,-2.8000,0.7700
61946772,sitting,-1.0082,0.0054,0.0468,0.5600,-2.7650,0.8050
61946791,sitting,-1.0089,0.0049,0.0461,0.5600,-2.7300,0.7700
61946810,sitting,-1.0094,0.0046,0.0461,0.5600,-2.7650,0.7700
61946829,sitting,-1.0085,0.0061,0.0461,0.5600,-2.7300,0.7700
61946849,sitting,-1.0089,0.0056,0.0456,0.5600,-2.7650,0.7700
61946868,sitting,-1.0077,0.0061,0.0464,0.5250,-2.7300,0.7700
61946887,sitting,-1.0085,0.0054,0.0464,0.5250,-2.7300,0.7700
61946906,sitting,-1.0097,0.0056,0.0468,0.5600,-2.7300,0.7700
61946926,sitting,-1.0085,0.0054,0.0466,0.5250,-2.7650,0.7700
61946945,sitting,-1.0085,0.0046,0.0466,0.4900,-2.7650,0.7700
61946964,sitting,-1.0089,0.0041,0.0461,0.5600,-2.7650,0.7700
61946983,sitting,-1.0080,0.0049,0.0459,0.5250,-2.7650,0.8050
61947003,sitting,-1.0077,0.0056,0.0466,0.5250,-2.7300,0.7700
61947022,sitting,-1.0089,0.0049,0.0466,0.5600,-2.7650,0.7700
61947041,sitting,-1.0087,0.0054,0.0461,0.5600,-2.7300,0.7700
61947060,sitting,-1.0085,0.0051,0.0464,0.5600,-2.7300,0.7700
61947079,sitting,-1.0085,0.0041,0.0464,0.5600,-2.7650,0.7700
61947099,sitting,-1.0077,0.0059,0.0473,0.5600,-2.7300,0.7700
61947118,sitting,-1.0082,0.0054,0.0466,0.5600,-2.7300,0.7700
61947137,sitting,-1.0089,0.0056,0.0461,0.5600,-2.7300,0.7700
61947156,sitting,-1.0085,0.0061,0.0468,0.5600,-2.7300,0.7700
61947176,sitting,-1.0075,0.0054,0.0473,0.5600,-2.7650,0.7700
61947195,sitting,-1.0085,0.0046,0.0464,0.5600,-2.7300,0.7700
61947214,sitting,-1.0075,0.0049,0.0459,0.5250,-2.8000,0.7700
61947233,sitting,-1.0082,0.0054,0.0464,0.5600,-2.7650,0.7700
61947253,sitting,-1.0087,0.0041,0.0481,0.5950,-2.7300,0.7350
61947272,sitting,-1.0082,0.0056,0.0456,0.5600,-2.7300,0.7700
61947291,sitting,-1.0087,0.0068,0.0461,0.5600,-2.7300,0.7700
61947310,sitting,-1.0089,0.0061,0.0459,0.5600,-2.7300,0.7000
61947329,sitting,-1.0092,0.0054,0.0461,0.5600,-2.7300,0.7700
61947349,sitting,-1.0082,0.0051,0.0471,0.5600,-2.7300,0.7700
61947368,sitting,-1.0085,0.0051,0.0473,0.5600,-2.7300,0.7700
61947387,sitting,-1.0085,0.0054,0.0476,0.5600,-2.7300,0.7700
61947406,sitting,-1.0075,0.0056,0.0468,0.5600,-2.7300,0.7350
61947426,sitting,-1.0085,0.0056,0.0471,0.5600,-2.7300,0.7700
61947445,sitting,-1.0077,0.0059,0.0471,0.5250,-2.7650,0.7000
61947464,sitting,-1.0087,0.0051,0.0461,0.5600,-2.7300,0.7700
61947483,sitting,-1.0087,0.0056,0.0473,0.5600,-2.8000,0.7700
61947503,sitting,-1.0082,0.0049,0.0468,0.4900,-2.7650,0.7700
61947522,sitting,-1.0080,0.0046,0.0468,0.5250,-2.7650,0.7700
61947541,sitting,-1.0080,0.0054,0.0468,0.5250,-2.7300,0.7700
61947560,sitting,-1.0077,0.0056,0.0466,0.5600,-2.8000,0.8050
61947579,sitting,-1.0085,0.0054,0.0471,0.5600,-2.7650,0.7700
61947599,sitting,-1.0092,0.0059,0.0473,0.5600,-2.7300,0.7700
61947618,sitting,-1.0085,0.0051,0.0473,0.5600,-2.7300,0.7700
61947637,sitting,-1.0085,0.0059,0.0468,0.5600,-2.7300,0.7700
61947656,sitting,-1.0077,0.0049,0.0466,0.5600,-2.7300,0.7700
61947676,sitting,-1.0080,0.0046,0.0471,0.5250,-2.7300,0.7700
61947695,sitting,-1.0082,0.0061,0.0464,0.5950,-2.7300,0.7700
61947714,sitting,-1.0087,0.0049,0.0466,0.5250,-2.8000,0.8050
61947733,sitting,-1.0087,0.0054,0.0456,0.5600,-2.7300,0.7350
61947753,sitting,-1.0077,0.0059,0.0468,0.5600,-2.7300,0.7700
61947772,sitting,-1.0085,0.0054,0.0466,0.5600,-2.7300,0.7700
61947791,sitting,-1.0087,0.0059,0.0461,0.5600,-2.7300,0.7700
61947810,sitting,-1.0089,0.0054,0.0461,0.5250,-2.7650,0.7700
61947829,sitting,-1.0092,0.0059,0.0471,0.5600,-2.7300,0.7700
61947849,sitting,-1.0082,0.0049,0.0468,0.5600,-2.7300,0.7700
61947868,sitting,-1.0075,0.0051,0.0466,0.5600,-2.7650,0.7700
61947887,sitting,-1.0089,0.0049,0.0461,0.5600,-2.7300,0.7700
61947906,sitting,-1.0082,0.0056,0.0473,0.5250,-2.7300,0.7700
61947926,sitting,-1.0080,0.0061,0.0464,0.5600,-2.7650,0.7700
61947945,sitting,-1.0094,0.0056,0.0461,0.5600,-2.7300,0.7700
61947964,sitting,-1.0080,0.0056,0.0468,0.5600,-2.7650,0.7700
61947983,sitting,-1.0080,0.0054,0.0466,0.5600,-2.7650,0.7700
61948003,sitting,-1.0087,0.0056,0.0471,0.4900,-2.8000,0.7700
61948022,sitting,-1.0082,0.0056,0.0459,0.5250,-2.7650,0.7700
61948041,sitting,-1.0082,0.0051,0.0466,0.5600,-2.7650,0.7700
61948060,sitting,-1.0082,0.0046,0.0468,0.5600,-2.7300,0.7700
61948079,sitting,-1.0080,0.0051,0.0468,0.5250,-2.7650,0.7700
61948099,sitting,-1.0089,0.0051,0.0471,0.5600,-2.7300,0.8050
61948118,sitting,-1.0077,0.0056,0.0461,0.5600,-2.7300,0.7700
61948137,sitting,-1.0080,0.0056,0.0464,0.5600,-2.7300,0.7700
61948156,sitting,-1.0082,0.0061,0.0459,0.5600,-2.7300,0.7700
61948176,sitting,-1.0072,0.0049,0.0466,0.5600,-2.7300,0.7700
61948195,sitting,-1.0089,0.0056,0.0473,0.5950,-2.7300,0.7700
61948214,sitting,-1.0085,0.0054,0.0461,0.5600,-2.7300,0.7700
61948233,sitting,-1.0082,0.0056,0.0471,0.5600,-2.7300,0.7700
61948253,sitting,-1.0077,0.0056,0.0468,0.5600,-2.7300,0.7700
61948272,sitting,-1.0077,0.0059,0.0466,0.5250,-2.7650,0.7700
61948291,sitting,-1.0085,0.0061,0.0461,0.5600,-2.7300,0.7700
61948310,sitting,-1.0089,0.0054,0.0464,0.5600,-2.7650,0.7700
61948329,sitting,-1.0092,0.0049,0.0464,0.5600,-2.7300,0.7700
61948349,sitting,-1.0082,0.0061,0.0459,0.4900,-2.7300,0.7700
61948368,sitting,-1.0085,0.0049,0.0468,0.5600,-2.7650,0.7700
61948387,sitting,-1.0082,0.0051,0.0468,0.5600,-2.7300,0.7700
61948406,sitting,-1.0087,0.0049,0.0468,0.5600,-2.7300,0.7350
61948426,sitting,-1.0087,0.0051,0.0468,0.5250,-2.7650,0.7700
61948445,sitting,-1.0065,0.0051,0.0473,0.5600,-2.7650,0.7700
61948464,sitting,-1.0087,0.0056,0.0464,0.5600,-2.7650,0.7700
61948483,sitting,-1.0087,0.0046,0.0468,0.5250,-2.7650,0.7700
61948503,sitting,-1.0085,0.0056,0.0468,0.5600,-2.7300,0.7700
61948522,sitting,-1.0092,0.0054,0.0454,0.5600,-2.7300,0.7700
61948541,sitting,-1.0099,0.0059,0.0466,0.5600,-2.8000,0.7700
61948560,sitting,-1.0087,0.0049,0.0464,0.5250,-2.7300,0.8050
61948579,sitting,-1.0087,0.0054,0.0478,0.5600,-2.7300,0.7700
61948599,sitting,-1.0087,0.0059,0.0478,0.5600,-2.7300,0.7700
61948618,sitting,-1.0087,0.0051,0.0468,0.5250,-2.8000,0.8050
61948637,sitting,-1.0077,0.0049,0.0466,0.5600,-2.7300,0.7700
61948656,sitting,-1.0089,0.0049,0.0468,0.5250,-2.7300,0.8050
61948676,sitting,-1.0082,0.0056,0.0471,0.5950,-2.7650,0.7700
61948695,sitting,-1.0094,0.0054,0.0468,0.5600,-2.7300,0.7700
61948714,sitting,-1.0097,0.0051,0.0464,0.5600,-2.7300,0.7700
61948733,sitting,-1.0089,0.0051,0.0459,0.5250,-2.7300,0.7700
61948753,sitting,-1.0085,0.0054,0.0461,0.5600,-2.6950,0.7700
61948772,sitting,-1.0082,0.0061,0.0464,0.5600,-2.7300,0.7700
61948791,sitting,-1.0075,0.0046,0.0461,0.5250,-2.7650,0.7350
61948810,sitting,-1.0080,0.0044,0.0461,0.5250,-2.8000,0.7700
61948829,sitting,-1.0075,0.0054,0.0464,0.5250,-2.7650,0.7700
61948849,sitting,-1.0082,0.0063,0.0461,0.5250,-2.7650,0.7700
61948868,sitting,-1.0082,0.0054,0.0468,0.5600,-2.7300,0.7350
61948887,sitting,-1.0075,0.0056,0.0451,0.5250,-2.7300,0.7700
61948906,sitting,-1.0087,0.0049,0.0456,0.4900,-2.7300,0.7700
61948926,sitting,-1.0085,0.0054,0.0468,0.5600,-2.8000,0.7700
61948945,sitting,-1.0080,0.0051,0.0456,0.5600,-2.7650,0.7700
61948964,sitting,-1.0080,0.0054,0.0456,0.5600,-2.7300,0.7700
61948983,sitting,-1.0082,0.0059,0.0451,0.5250,-2.7300,0.7700
61949003,sitting,-1.0085,0.0054,0.0468,0.5600,-2.7300,0.7350
61949022,sitting,-1.0087,0.0051,0.0466,0.5600,-2.7300,0.7700
61949041,sitting,-1.0080,0.0056,0.0473,0.5250,-2.7300,0.7700
61949060,sitting,-1.0092,0.0063,0.0461,0.5600,-2.7300,0.7700
61949079,sitting,-1.0089,0.0066,0.0471,0.5600,-2.7650,0.7350
61949099,sitting,-1.0077,0.0056,0.0454,0.5600,-2.7300,0.7700
61949118,sitting,-1.0077,0.0056,0.0468,0.5250,-2.7300,0.7700
61949137,sitting,-1.0072,0.0061,0.0471,0.5600,-2.7300,0.7700
61949156,sitting,-1.0085,0.0051,0.0454,0.5600,-2.7650,0.7350
61949176,sitting,-1.0085,0.0056,0.0471,0.5600,-2.7650,0.7700
61949195,sitting,-1.0082,0.0049,0.0464,0.5600,-2.7300,0.7700
61949214,sitting,-1.0085,0.0056,0.0468,0.5600,-2.7300,0.7700
61949233,sitting,-1.0087,0.0054,0.0471,0.4900,-2.7650,0.7700
61949253,sitting,-1.0087,0.0051,0.0471,0.5600,-2.7300,0.7700
61949272,sitting,-1.0082,0.0054,0.0466,0.5600,-2.7300,0.7700
61949291,sitting,-1.0072,0.0051,0.0466,0.5250,-2.7300,0.7700
61949310,sitting,-1.0094,0.0049,0.0476,0.5250,-2.7650,0.7700
61949329,sitting,-1.0089,0.0044,0.0464,0.5600,-2.7300,0.7700
61949349,sitting,-1.0085,0.0054,0.0461,0.5600,-2.7650,0.7350
61949368,sitting,-1.0080,0.0061,0.0471,0.5250,-2.7300,0.7000
61949387,sitting,-1.0082,0.0061,0.0466,0.5600,-2.7650,0.7700
61949406,sitting,-1.0085,0.0049,0.0461,0.5250,-2.8000,0.7700
61949426,sitting,-1.0077,0.0063,0.0456,0.5250,-2.7650,0.7700
61949445,sitting,-1.0080,0.0051,0.0459,0.5250,-2.7300,0.7700
61949464,sitting,-1.0085,0.0056,0.0468,0.5600,-2.7300,0.7700
61949483,sitting,-1.0092,0.0051,0.0456,0.5600,-2.7650,0.7700
61949503,sitting,-1.0092,0.0056,0.0471,0.5250,-2.7650,0.7700
61949522,sitting,-1.0080,0.0056,0.0461,0.5250,-2.7650,0.7700
61949541,sitting,-1.0080,0.0046,0.0468,0.4900,-2.7650,0.7700
61949560,sitting,-1.0085,0.0061,0.0468,0.5250,-2.7650,0.8050
61949579,sitting,-1.0092,0.0056,0.0471,0.5600,-2.7300,0.8050
61949599,sitting,-1.0085,0.0056,0.0456,0.5250,-2.7300,0.7700
61949618,sitting,-1.0085,0.0056,0.0456,0.5600,-2.7650,0.7700
61949637,sitting,-1.0077,0.0061,0.0459,0.5250,-2.7650,0.7700
61949656,sitting,-1.0089,0.0046,0.0464,0.5250,-2.7300,0.7700
61949676,sitting,-1.0077,0.0051,0.0459,0.4900,-2.7300,0.7700
61949695,sitting,-1.0082,0.0059,0.0476,0.5600,-2.7650,0.7700
61949714,sitting,-1.0087,0.0063,0.0468,0.5600,-2.7300,0.7700
61949733,sitting,-1.0080,0.0054,0.0471,0.5600,-2.7300,0.7700
61949753,sitting,-1.0082,0.0051,0.0459,0.5600,-2.7300,0.7350
61949772,sitting,-1.0080,0.0059,0.0471,0.5600,-2.7300,0.7700
61949791,sitting,-1.0092,0.0056,0.0461,0.5600,-2.7300,0.7350
61949810,sitting,-1.0087,0.0049,0.0464,0.5600,-2.7300,0.7700
61949829,sitting,-1.0072,0.0049,0.0466,0.5600,-2.7300,0.7350
61949849,sitting,-1.0072,0.0054,0.0471,0.5250,-2.7650,0.7700
61949868,sitting,-1.0077,0.0056,0.0468,0.5600,-2.7300,0.7350
61949887,sitting,-1.0085,0.0063,0.0476,0.5600,-2.7650,0.7700
61949906,sitting,-1.0099,0.0054,0.0454,0.5950,-2.7650,0.7350
61949926,sitting,-1.0082,0.0061,0.0464,0.5600,-2.7650,0.7700
61949945,sitting,-1.0075,0.0056,0.0473,0.5600,-2.7300,0.7700
61949964,sitting,-1.0087,0.0059,0.0468,0.5600,-2.7650,0.7350
61949983,sitting,-1.0080,0.0056,0.0471,0.5600,-2.7650,0.7700
61950003,sitting,-1.0082,0.0054,0.0473,0.5250,-2.7650,0.7700
61950022,sitting,-1.0087,0.0054,0.0471,0.5600,-2.7300,0.8050
61950041,sitting,-1.0080,0.0061,0.0464,0.5600,-2.7650,0.7700
61950060,sitting,-1.0087,0.0056,0.0468,0.5600,-2.7650,0.7700
61950079,sitting,-1.0092,0.0056,0.0471,0.5600,-2.7650,0.7700
61950099,sitting,-1.0085,0.0054,0.0468,0.5250,-2.7300,0.8050
61950118,sitting,-1.0087,0.0041,0.0466,0.5250,-2.7300,0.7700
61950137,sitting,-1.0082,0.0046,0.0476,0.5600,-2.7300,0.7700
61950156,sitting,-1.0082,0.0044,0.0466,0.5250,-2.7650,0.8050
61950176,sitting,-1.0082,0.0056,0.0464,0.5600,-2.7300,0.7700
61950195,sitting,-1.0087,0.0056,0.0464,0.5600,-2.7650,0.7700
61950214,sitting,-1.0087,0.0063,0.0459,0.5600,-2.7650,0.7700
61950233,sitting,-1.0082,0.0061,0.0464,0.5600,-2.7300,0.7700
61950253,sitting,-1.0087,0.0051,0.0473,0.5950,-2.7300,0.7700
61950272,sitting,-1.0077,0.0051,0.0464,0.5950,-2.6950,0.7350
61950291,sitting,-1.0087,0.0061,0.0471,0.5600,-2.7300,0.7700
61950310,sitting,-1.0092,0.0059,0.0471,0.5250,-2.7650,0.7350
61950329,sitting,-1.0087,0.0059,0.0466,0.5600,-2.7650,0.7350
61950349,sitting,-1.0085,0.0051,0.0466,0.5600,-2.7300,0.7000
61950368,sitting,-1.0085,0.0056,0.0461,0.5600,-2.7300,0.7700
61950387,sitting,-1.0085,0.0056,0.0464,0.5600,-2.7300,0.7700
61950406,sitting,-1.0085,0.0054,0.0461,0.5250,-2.8000,0.7700
61950426,sitting,-1.0085,0.0056,0.0461,0.5250,-2.7650,0.7700
61950445,sitting,-1.0085,0.0054,0.0464,0.5250,-2.7300,0.7700
61950464,sitting,-1.0087,0.0061,0.0476,0.5250,-2.7650,0.7700
61950483,sitting,-1.0085,0.0049,0.0468,0.4900,-2.7300,0.7700
61950503,sitting,-1.0085,0.0044,0.0468,0.5600,-2.7300,0.7700
61950522,sitting,-1.0085,0.0061,0.0478,0.4900,-2.8000,0.7700
61950541,sitting,-1.0082,0.0061,0.0481,0.5250,-2.7300,0.8050
61950560,sitting,-1.0092,0.0051,0.0464,0.5250,-2.8000,0.7700
61950579,sitting,-1.0082,0.0046,0.0471,0.5600,-2.7300,0.7700
61950599,sitting,-1.0087,0.0061,0.0468,0.5600,-2.7300,0.7350
61950618,sitting,-1.0072,0.0061,0.0471,0.5250,-2.8000,0.7700
61950637,sitting,-1.0077,0.0051,0.0466,0.5600,-2.8000,0.7700
61950656,sitting,-1.0082,0.0049,0.0459,0.5250,-2.8000,0.7700
61950676,sitting,-1.0089,0.0054,0.0456,0.5600,-2.7300,0.8050
61950695,sitting,-1.0082,0.0054,0.0464,0.5600,-2.7300,0.7700
61950714,sitting,-1.0092,0.0059,0.0461,0.5950,-2.7300,0.7700
61950733,sitting,-1.0092,0.0051,0.0459,0.5950,-2.7300,0.7700
61950753,sitting,-1.0082,0.0054,0.0468,0.5600,-2.7300,0.7700
61950772,sitting,-1.0092,0.0061,0.0464,0.5600,-2.7650,0.7700
61950791,sitting,-1.0089,0.0051,0.0456,0.5600,-2.7300,0.7700
61950810,sitting,-1.0085,0.0056,0.0466,0.5600,-2.7650,0.7700
61950829,sitting,-1.0085,0.0049,0.0471,0.5600,-2.7300,0.7700
61950849,sitting,-1.0087,0.0059,0.0466,0.5600,-2.7650,0.7350
61950868,sitting,-1.0085,0.0044,0.0473,0.5950,-2.7300,0.7700
61950887,sitting,-1.0089,0.0059,0.0471,0.5600,-2.7300,0.7700
61950906,sitting,-1.0085,0.0044,0.0459,0.5600,-2.7300,0.7700
61950926,sitting,-1.0085,0.0054,0.0461,0.5600,-2.7300,0.7700
61950945,sitting,-1.0080,0.0051,0.0468,0.5250,-2.7300,0.7700
61950964,sitting,-1.0087,0.0061,0.0461,0.5600,-2.7300,0.8050
61950983,sitting,-1.0085,0.0054,0.0464,0.5600,-2.7300,0.7700
61951003,sitting,-1.0087,0.0054,0.0461,0.5250,-2.7300,0.7700
61951022,sitting,-1.0087,0.0051,0.0468,0.5600,-2.7650,0.7700
61951041,sitting,-1.0092,0.0056,0.0466,0.5250,-2.7300,0.7700
61951060,sitting,-1.0087,0.0056,0.0464,0.5250,-2.7300,0.7700
61951079,sitting,-1.0085,0.0059,0.0461,0.5950,-2.7300,0.7700
61951099,sitting,-1.0085,0.0066,0.0461,0.5250,-2.7650,0.7700
61951118,sitting,-1.0087,0.0051,0.0468,0.4900,-2.7650,0.7700
61951137,sitting,-1.0092,0.0059,0.0473,0.5250,-2.7300,0.7700
61951156,sitting,-1.0077,0.0056,0.0466,0.5600,-2.7300,0.8050
61951176,sitting,-1.0087,0.0049,0.0471,0.5600,-2.7650,0.7700
61951195,sitting,-1.0092,0.0049,0.0473,0.5600,-2.7300,0.7700
61951214,sitting,-1.0087,0.0051,0.0464,0.5600,-2.7300,0.7700
61951233,sitting,-1.0085,0.0049,0.0459,0.5600,-2.7300,0.7700
61951253,sitting,-1.0082,0.0044,0.0456,0.5600,-2.7650,0.7000
61951272,sitting,-1.0087,0.0054,0.0471,0.5600,-2.7300,0.7000
61951291,sitting,-1.0077,0.0061,0.0466,0.5600,-2.7300,0.7350
61951310,sitting,-1.0087,0.0063,0.0468,0.5600,-2.7650,0.7700
61951329,sitting,-1.0087,0.0063,0.0456,0.5600,-2.7300,0.7700
61951349,sitting,-1.0092,0.0051,0.0471,0.5600,-2.7300,0.7700
61951368,sitting,-1.0077,0.0051,0.0466,0.5950,-2.7300,0.7350
61951387,sitting,-1.0094,0.0054,0.0468,0.5600,-2.7300,0.7700
61951406,sitting,-1.0089,0.0054,0.0473,0.5600,-2.7650,0.7700
61951426,sitting,-1.0085,0.0054,0.0461,0.4900,-2.7300,0.7700
61951445,sitting,-1.0087,0.0054,0.0461,0.5600,-2.7300,0.7700
61951464,sitting,-1.0080,0.0056,0.0478,0.5250,-2.7650,0.7700
61951483,sitting,-1.0080,0.0063,0.0476,0.5600,-2.7300,0.7350
61951503,sitting,-1.0089,0.0056,0.0468,0.5600,-2.7650,0.7700
61951522,sitting,-1.0080,0.0054,0.0461,0.5600,-2.8000,0.7700
61951541,sitting,-1.0087,0.0049,0.0466,0.5600,-2.7650,0.8050
61951560,sitting,-1.0072,0.0044,0.0461,0.5250,-2.7300,0.8050
61951579,sitting,-1.0085,0.0056,0.0464,0.5600,-2.6950,0.7700
61951599,sitting,-1.0094,0.0059,0.0473,0.5250,-2.7300,0.7700
61951618,sitting,-1.0092,0.0051,0.0471,0.5250,-2.7300,0.7700
61951637,sitting,-1.0082,0.0059,0.0464,0.5600,-2.7300,0.7700
61951656,sitting,-1.0080,0.0054,0.0471,0.5600,-2.7300,0.7700
61951676,sitting,-1.0080,0.0061,0.0468,0.5250,-2.7300,0.7700
61951695,sitting,-1.0080,0.0051,0.0461,0.5600,-2.7650,0.7700
61951714,sitting,-1.0082,0.0044,0.0468,0.5600,-2.7300,0.7700
61951733,sitting,-1.0085,0.0054,0.0471,0.5600,-2.7300,0.8050
61951753,sitting,-1.0080,0.0061,0.0473,0.5250,-2.7300,0.7700
61951772,sitting,-1.0092,0.0066,0.0468,0.5600,-2.7650,0.7700
61951791,sitting,-1.0085,0.0054,0.0461,0.5600,-2.7300,0.7700
61951810,sitting,-1.0087,0.0054,0.0468,0.5600,-2.7300,0.8050
61951829,sitting,-1.0087,0.0051,0.0471,0.5600,-2.7300,0.7700
61951849,sitting,-1.0077,0.0066,0.0461,0.5600,-2.7300,0.7700
61951868,sitting,-1.0072,0.0049,0.0464,0.4900,-2.7300,0.7350
61951887,sitting,-1.0087,0.0059,0.0464,0.5600,-2.7300,0.7700
61951906,sitting,-1.0089,0.0056,0.0456,0.5600,-2.7300,0.7700
61951926,sitting,-1.0080,0.0049,0.0464,0.5600,-2.7300,0.7350
61951945,sitting,-1.0077,0.0056,0.0473,0.5250,-2.7300,0.7700
61951964,sitting,-1.0077,0.0051,0.0468,0.5600,-2.7650,0.7700
61951983,sitting,-1.0082,0.0059,0.0461,0.5250,-2.7300,0.7700
61952003,sitting,-1.0080,0.0056,0.0459,0.5600,-2.7650,0.7700
61952022,sitting,-1.0085,0.0044,0.0466,0.5250,-2.7650,0.7700
61952041,sitting,-1.0075,0.0049,0.0471,0.5600,-2.7300,0.7700
61952060,sitting,-1.0080,0.0056,0.0468,0.5600,-2.7650,0.7700
61952079,sitting,-1.0082,0.0046,0.0476,0.5600,-2.8000,0.7700
61952099,sitting,-1.0092,0.0056,0.0464,0.5600,-2.7300,0.7700
61952118,sitting,-1.0077,0.0054,0.0454,0.5250,-2.7300,0.8400
61952137,sitting,-1.0080,0.0039,0.0464,0.5600,-2.7300,0.8050
61952156,sitting,-1.0082,0.0054,0.0461,0.5600,-2.7300,0.7700
61952176,sitting,-1.0082,0.0056,0.0468,0.5600,-2.7300,0.7700
61952195,sitting,-1.0087,0.0046,0.0464,0.5250,-2.7300,0.8050
61952214,sitting,-1.0080,0.0049,0.0471,0.5250,-2.7650,0.7700
61952233,sitting,-1.0082,0.0046,0.0471,0.5600,-2.7650,0.7350
61952253,sitting,-1.0075,0.0046,0.0468,0.5600,-2.7300,0.7700
61952272,sitting,-1.0080,0.0051,0.0468,0.5600,-2.7300,0.7700
61952291,sitting,-1.0085,0.0046,0.0464,0.5600,-2.7300,0.7700
61952310,sitting,-1.0089,0.0054,0.0464,0.5600,-2.7300,0.7700
61952329,sitting,-1.0089,0.0051,0.0473,0.5600,-2.7300,0.7700
61952349,sitting,-1.0082,0.0059,0.0473,0.5600,-2.7300,0.7700
61952368,sitting,-1.0085,0.0051,0.0471,0.5600,-2.7300,0.7350
61952387,sitting,-1.0085,0.0056,0.0464,0.5600,-2.7300,0.7350
61952406,sitting,-1.0080,0.0054,0.0461,0.5600,-2.7650,0.7350
61952426,sitting,-1.0077,0.0063,0.0471,0.5600,-2.7300,0.7700
61952445,sitting,-1.0094,0.0054,0.0461,0.5600,-2.7300,0.7700
61952464,sitting,-1.0087,0.0044,0.0468,0.5600,-2.7650,0.7700
61952483,sitting,-1.0082,0.0059,0.0466,0.5250,-2.7300,0.7700
61952503,sitting,-1.0082,0.0056,0.0478,0.4900,-2.7650,0.7700
61952522,sitting,-1.0085,0.0061,0.0473,0.5600,-2.7300,0.7700
61952541,sitting,-1.0092,0.0059,0.0466,0.5600,-2.7650,0.7700
61952560,sitting,-1.0077,0.0059,0.0459,0.5600,-2.8000,0.7700
61952579,sitting,-1.0085,0.0054,0.0473,0.5250,-2.7300,0.7700
61952599,sitting,-1.0085,0.0056,0.0466,0.5600,-2.7650,0.7700
61952618,sitting,-1.0089,0.0056,0.0466,0.5600,-2.7300,0.7700
61952637,sitting,-1.0094,0.0056,0.0468,0.4900,-2.7300,0.7700
61952656,sitting,-1.0089,0.0046,0.0468,0.5250,-2.7300,0.7700
61952676,sitting,-1.0082,0.0054,0.0466,0.5250,-2.7300,0.7700
61952695,sitting,-1.0082,0.0051,0.0481,0.5600,-2.7300,0.7700
61952714,sitting,-1.0089,0.0051,0.0468,0.5600,-2.7300,0.7700
61952733,sitting,-1.0092,0.0051,0.0478,0.5250,-2.7300,0.7700
61952753,sitting,-1.0089,0.0056,0.0468,0.5600,-2.7300,0.7700
61952772,sitting,-1.0087,0.0059,0.0461,0.5250,-2.7650,0.7700
61952791,sitting,-1.0082,0.0066,0.0471,0.5250,-2.7300,0.7700
61952810,sitting,-1.0082,0.0056,0.0468,0.5250,-2.7300,0.7350
61952829,sitting,-1.0082,0.0054,0.0461,0.5600,-2.7300,0.7700
61952849,sitting,-1.0085,0.0049,0.0466,0.5600,-2.7300,0.7350
61952868,sitting,-1.0082,0.0051,0.0473,0.5600,-2.7650,0.7700
61952887,sitting,-1.0080,0.0056,0.0451,0.5600,-2.7300,0.7350
61952906,sitting,-1.0082,0.0061,0.0471,0.5600,-2.7300,0.7350
61952926,sitting,-1.0085,0.0056,0.0466,0.5600,-2.7300,0.7700
61952945,sitting,-1.0099,0.0054,0.0466,0.5600,-2.7650,0.7700
61952964,sitting,-1.0089,0.0059,0.0461,0.5600,-2.7650,0.7700
61952983,sitting,-1.0080,0.0056,0.0459,0.5250,-2.7650,0.7000
61953003,sitting,-1.0082,0.0051,0.0466,0.5600,-2.8000,0.7700
61953022,sitting,-1.0082,0.0051,0.0456,0.4900,-2.7300,0.7700
61953041,sitting,-1.0087,0.0059,0.0461,0.5600,-2.7650,0.7700
61953060,sitting,-1.0080,0.0059,0.0456,0.5600,-2.7650,0.7700
61953079,sitting,-1.0082,0.0063,0.0461,0.5600,-2.7300,0.7700
61953099,sitting,-1.0087,0.0056,0.0468,0.5600,-2.7300,0.8050
61953118,sitting,-1.0082,0.0051,0.0461,0.5600,-2.7300,0.7700
61953137,sitting,-1.0087,0.0051,0.0466,0.5950,-2.7300,0.8400
61953156,sitting,-1.0089,0.0056,0.0459,0.5600,-2.7650,0.7700
61953176,sitting,-1.0082,0.0054,0.0464,0.5250,-2.7650,0.7700
61953195,sitting,-1.0082,0.0068,0.0468,0.4900,-2.7650,0.7700
61953214,sitting,-1.0089,0.0061,0.0471,0.5600,-2.7300,0.7700
61953233,sitting,-1.0082,0.0054,0.0464,0.5600,-2.7650,0.7700
61953253,sitting,-1.0080,0.0061,0.0471,0.5600,-2.6950,0.7700
61953272,sitting,-1.0085,0.0061,0.0466,0.5600,-2.7300,0.7700
61953291,sitting,-1.0085,0.0054,0.0461,0.5600,-2.7300,0.7700
61953310,sitting,-1.0089,0.0054,0.0471,0.5600,-2.7300,0.7350
61953329,sitting,-1.0082,0.0049,0.0461,0.5600,-2.7300,0.7350
61953349,sitting,-1.0077,0.0051,0.0461,0.5600,-2.8000,0.7700
61953368,sitting,-1.0085,0.0063,0.0466,0.5600,-2.7300,0.7700
61953387,sitting,-1.0072,0.0051,0.0456,0.5600,-2.6950,0.7350
61953406,sitting,-1.0077,0.0059,0.0466,0.5600,-2.7650,0.7350
61953426,sitting,-1.0087,0.0061,0.0459,0.5950,-2.7300,0.7700
61953445,sitting,-1.0087,0.0046,0.0464,0.5600,-2.7650,0.7700
61953464,sitting,-1.0085,0.0051,0.0456,0.5600,-2.8000,0.7700
61953483,sitting,-1.0089,0.0056,0.0464,0.5600,-2.7300,0.7350
61953503,sitting,-1.0089,0.0054,0.0464,0.5600,-2.7650,0.7700
61953522,sitting,-1.0075,0.0054,0.0468,0.5250,-2.8000,0.7700
61953541,sitting,-1.0077,0.0051,0.0468,0.5600,-2.7300,0.7700
61953560,sitting,-1.0089,0.0056,0.0468,0.5600,-2.7300,0.7700
61953579,sitting,-1.0092,0.0056,0.0464,0.5250,-2.7300,0.7700
61953599,sitting,-1.0085,0.0051,0.0459,0.5600,-2.7300,0.7700
61953618,sitting,-1.0087,0.0054,0.0459,0.4900,-2.7650,0.7700
61953637,sitting,-1.0092,0.0051,0.0461,0.5250,-2.7300,0.7700
61953656,sitting,-1.0082,0.0044,0.0466,0.5950,-2.7300,0.7700
61953676,sitting,-1.0080,0.0054,0.0468,0.5250,-2.7650,0.7700
61953695,sitting,-1.0082,0.0054,0.0476,0.5250,-2.7650,0.8050
61953714,sitting,-1.0085,0.0051,0.0466,0.5600,-2.8000,0.7700
61953733,sitting,-1.0085,0.0061,0.0468,0.5250,-2.7300,0.7350
61953753,sitting,-1.0080,0.0056,0.0471,0.5600,-2.7300,0.7700
61953772,sitting,-1.0094,0.0051,0.0461,0.5600,-2.7300,0.7700
61953791,sitting,-1.0077,0.0051,0.0476,0.5250,-2.7300,0.7350
61953810,sitting,-1.0080,0.0056,0.0476,0.5600,-2.7300,0.7700
61953829,sitting,-1.0077,0.0061,0.0466,0.5600,-2.7300,0.7700
61953849,sitting,-1.0092,0.0054,0.0473,0.5250,-2.7650,0.7700
61953868,sitting,-1.0089,0.0054,0.0461,0.5600,-2.7650,0.7700
61953887,sitting,-1.0094,0.0051,0.0471,0.5600,-2.7650,0.7700
61953906,sitting,-1.0085,0.0051,0.0473,0.5600,-2.7650,0.7350
61953926,sitting,-1.0082,0.0051,0.0459,0.5600,-2.7300,0.7350
61953945,sitting,-1.0087,0.0049,0.0466,0.5600,-2.7300,0.7700
61953964,sitting,-1.0089,0.0049,0.0466,0.5600,-2.7650,0.7700
61953983,sitting,-1.0080,0.0046,0.0459,0.5950,-2.7300,0.7700
61954003,sitting,-1.0089,0.0054,0.0473,0.5250,-2.7650,0.7700
61954022,sitting,-1.0085,0.0049,0.0476,0.5600,-2.7300,0.7700
61954041,sitting,-1.0089,0.0054,0.0464,0.5250,-2.7650,0.7700
61954060,sitting,-1.0087,0.0056,0.0476,0.5600,-2.7300,0.7700
61954079,sitting,-1.0082,0.0051,0.0473,0.5600,-2.7300,0.7700
61954099,sitting,-1.0085,0.0059,0.0468,0.5250,-2.7650,0.7350
61954118,sitting,-1.0080,0.0059,0.0466,0.5250,-2.7650,0.7700
61954137,sitting,-1.0092,0.0059,0.0459,0.5250,-2.7300,0.7700
61954156,sitting,-1.0087,0.0054,0.0459,0.5250,-2.7300,0.7700
61954176,sitting,-1.0080,0.0046,0.0456,0.5600,-2.7300,0.7700
61954195,sitting,-1.0085,0.0046,0.0459,0.5600,-2.7650,0.7700
61954214,sitting,-1.0082,0.0051,0.0476,0.5600,-2.7650,0.7700
61954233,sitting,-1.0085,0.0054,0.0466,0.5600,-2.7300,0.7700
61954253,sitting,-1.0082,0.0044,0.0471,0.5600,-2.7300,0.7700
61954272,sitting,-1.0087,0.0059,0.0466,0.5600,-2.7650,0.8050
61954291,sitting,-1.0080,0.0054,0.0459,0.5600,-2.7300,0.7700
61954310,sitting,-1.0075,0.0061,0.0464,0.5600,-2.7300,0.7350
61954329,sitting,-1.0092,0.0054,0.0466,0.5600,-2.7300,0.7700
61954349,sitting,-1.0085,0.0056,0.0473,0.5600,-2.7300,0.7700
61954368,sitting,-1.0089,0.0054,0.0464,0.5600,-2.7300,0.7700
61954387,sitting,-1.0087,0.0059,0.0456,0.5600,-2.7300,0.7350
61954406,sitting,-1.0075,0.0066,0.0456,0.5600,-2.7300,0.7350
61954426,sitting,-1.0082,0.0056,0.0476,0.5600,-2.7300,0.7700
61954445,sitting,-1.0097,0.0059,0.0461,0.5600,-2.7300,0.7700
61954464,sitting,-1.0087,0.0063,0.0466,0.5600,-2.7300,0.7700
61954483,sitting,-1.0077,0.0056,0.0468,0.5600,-2.7300,0.7350
61954503,sitting,-1.0094,0.0056,0.0468,0.5600,-2.7300,0.7350
61954522,sitting,-1.0082,0.0061,0.0468,0.5600,-2.8000,0.7000
61954541,sitting,-1.0087,0.0061,0.0466,0.5250,-2.8000,0.7700
61954560,sitting,-1.0082,0.0049,0.0466,0.5600,-2.7300,0.7700
61954579,sitting,-1.0080,0.0049,0.0468,0.5600,-2.7300,0.7700
61954599,sitting,-1.0082,0.0051,0.0464,0.5600,-2.7650,0.7700
61954618,sitting,-1.0087,0.0051,0.0468,0.5250,-2.7300,0.7700
61954637,sitting,-1.0097,0.0059,0.0464,0.5600,-2.7300,0.7700
61954656,sitting,-1.0085,0.0046,0.0468,0.5600,-2.7300,0.7700
61954676,sitting,-1.0094,0.0049,0.0459,0.5600,-2.7650,0.7700
61954695,sitting,-1.0080,0.0054,0.0464,0.4900,-2.7650,0.7700
61954714,sitting,-1.0085,0.0054,0.0468,0.5600,-2.7650,0.8050
61954733,sitting,-1.0082,0.0054,0.0456,0.5600,-2.7300,0.7350
61954753,sitting,-1.0075,0.0059,0.0461,0.5600,-2.7650,0.7350
61954772,sitting,-1.0087,0.0054,0.0464,0.5600,-2.7650,0.7700
61954791,sitting,-1.0089,0.0049,0.0466,0.5600,-2.7300,0.7700
61954810,sitting,-1.0087,0.0056,0.0461,0.5600,-2.7300,0.8050
61954829,sitting,-1.0070,0.0051,0.0461,0.5600,-2.7650,0.7350
61954849,sitting,-1.0075,0.0046,0.0461,0.5950,-2.7300,0.7700
61954868,sitting,-1.0092,0.0049,0.0461,0.5600,-2.7300,0.7350
61954887,sitting,-1.0082,0.0056,0.0471,0.5600,-2.7300,0.7700
61954906,sitting,-1.0077,0.0041,0.0461,0.5950,-2.7300,0.7700
61954926,sitting,-1.0080,0.0056,0.0481,0.5950,-2.7300,0.7700
61954945,sitting,-1.0082,0.0056,0.0468,0.5600,-2.7300,0.7700
61954964,sitting,-1.0085,0.0059,0.0464,0.5600,-2.7650,0.7700
61954983,sitting,-1.0082,0.0056,0.0471,0.5600,-2.7300,0.7700
61955003,sitting,-1.0085,0.0051,0.0464,0.5600,-2.7650,0.7700
61955022,sitting,-1.0082,0.0049,0.0481,0.5600,-2.8000,0.7700
61955041,sitting,-1.0082,0.0049,0.0473,0.5600,-2.8000,0.7700
61955060,sitting,-1.0087,0.0046,0.0468,0.5250,-2.7300,0.7700
61955079,sitting,-1.0102,0.0054,0.0466,0.5600,-2.7650,0.7700
61955099,sitting,-1.0082,0.0054,0.0476,0.5250,-2.7650,0.7700
61955118,sitting,-1.0070,0.0046,0.0471,0.5600,-2.7300,0.7700
61955137,sitting,-1.0075,0.0059,0.0466,0.5250,-2.7650,0.7700
61955156,sitting,-1.0085,0.0059,0.0454,0.5250,-2.7650,0.7700
61955176,sitting,-1.0085,0.0049,0.0464,0.5250,-2.7650,0.7350
61955195,sitting,-1.0082,0.0059,0.0471,0.5600,-2.7300,0.7700
61955214,sitting,-1.0080,0.0063,0.0466,0.5250,-2.7650,0.7700
61955233,sitting,-1.0080,0.0056,0.0468,0.5600,-2.7300,0.7700
61955253,sitting,-1.0089,0.0056,0.0478,0.5600,-2.7650,0.7700
61955272,sitting,-1.0085,0.0063,0.0473,0.5600,-2.7300,0.7700
61955291,sitting,-1.0077,0.0054,0.0466,0.5600,-2.7300,0.7700
61955310,sitting,-1.0077,0.0044,0.0468,0.5600,-2.7650,0.7700
61955329,sitting,-1.0077,0.0051,0.0468,0.5250,-2.7300,0.7700
61955349,sitting,-1.0080,0.0049,0.0466,0.5600,-2.7650,0.7700
61955368,sitting,-1.0082,0.0056,0.0466,0.5250,-2.7300,0.7350
61955387,sitting,-1.0087,0.0056,0.0471,0.5600,-2.7300,0.7700
61955406,sitting,-1.0092,0.0046,0.0466,0.5250,-2.8000,0.7700
61955426,sitting,-1.0087,0.0049,0.0471,0.5600,-2.7300,0.7700
61955445,sitting,-1.0087,0.0056,0.0466,0.5600,-2.8000,0.7350
61955464,sitting,-1.0087,0.0054,0.0468,0.5250,-2.7300,0.7700
61955483,sitting,-1.0085,0.0063,0.0464,0.5600,-2.7300,0.7700
61955503,sitting,-1.0080,0.0059,0.0461,0.5600,-2.7300,0.7350
61955522,sitting,-1.0089,0.0066,0.0466,0.5600,-2.7300,0.7700
61955541,sitting,-1.0089,0.0059,0.0466,0.5600,-2.8000,0.7700
