timestamp_ms,label,acc_x_g,acc_y_g,acc_z_g,gyro_x_dps,gyro_y_dps,gyro_z_dps
2688672,sitting,0.0044,0.0115,-1.0055,0.5250,-2.7300,0.7700
2688691,sitting,0.0051,0.0115,-1.0055,0.4900,-2.7300,0.7700
2688710,sitting,0.0039,0.0105,-1.0055,0.4900,-2.7300,0.7700
2688729,sitting,0.0046,0.0112,-1.0055,0.4900,-2.6950,0.7700
2688749,sitting,0.0041,0.0105,-1.0058,0.4900,-2.7300,0.7700
2688768,sitting,0.0039,0.0107,-1.0053,0.4900,-2.7300,0.8050
2688787,sitting,0.0044,0.0105,-1.0041,0.4900,-2.7300,0.7700
2688806,sitting,0.0041,0.0107,-1.0060,0.4900,-2.7300,0.8050
2688826,sitting,0.0034,0.0105,-1.0055,0.4900,-2.7300,0.8400
2688845,sitting,0.0032,0.0117,-1.0058,0.4900,-2.7300,0.8050
2688864,sitting,0.0041,0.0107,-1.0060,0.4900,-2.7300,0.7700
2688883,sitting,0.0039,0.0115,-1.0050,0.4900,-2.7300,0.7700
2688903,sitting,0.0041,0.0115,-1.0058,0.4550,-2.6950,0.8050
2688922,sitting,0.0039,0.0110,-1.0060,0.4550,-2.7300,0.7700
2688941,sitting,0.0034,0.0110,-1.0058,0.4900,-2.6950,0.8400
2688960,sitting,0.0041,0.0107,-1.0050,0.4200,-2.7300,0.8400
2688979,sitting,0.0039,0.0107,-1.0043,0.4550,-2.7300,0.8050
2688999,sitting,0.0041,0.0107,-1.0050,0.4900,-2.7300,0.8050
2689018,sitting,0.0039,0.0112,-1.0053,0.4900,-2.7300,0.8050
2689037,sitting,0.0044,0.0102,-1.0048,0.4900,-2.7300,0.8050
2689056,sitting,0.0044,0.0112,-1.0053,0.4900,-2.7300,0.8050
2689076,sitting,0.0041,0.0105,-1.0050,0.4900,-2.7300,0.7700
2689095,sitting,0.0041,0.0105,-1.0067,0.4900,-2.7300,0.8400
2689114,sitting,0.0044,0.0112,-1.0055,0.4900,-2.7300,0.8050
2689133,sitting,0.0039,0.0102,-1.0063,0.4900,-2.7300,0.8050
2689153,sitting,0.0027,0.0107,-1.0050,0.4900,-2.7300,0.8400
2689172,sitting,0.0039,0.0112,-1.0065,0.4900,-2.7300,0.7700
2689191,sitting,0.0037,0.0112,-1.0065,0.4900,-2.6950,0.8050
2689210,sitting,0.0027,0.0115,-1.0053,0.4900,-2.7300,0.8050
2689229,sitting,0.0037,0.0117,-1.0053,0.5250,-2.7300,0.7700
2689249,sitting,0.0037,0.0110,-1.0055,0.4900,-2.7300,0.8050
2689268,sitting,0.0027,0.0115,-1.0050,0.4900,-2.7300,0.7700
2689287,sitting,0.0037,0.0107,-1.0045,0.4900,-2.7300,0.8400
2689306,sitting,0.0034,0.0107,-1.0063,0.5250,-2.7300,0.7700
2689326,sitting,0.0037,0.0117,-1.0060,0.4900,-2.6950,0.7700
2689345,sitting,0.0034,0.0110,-1.0055,0.4900,-2.7300,0.8050
2689364,sitting,0.0034,0.0112,-1.0053,0.4900,-2.7300,0.7700
2689383,sitting,0.0037,0.0107,-1.0048,0.4550,-2.7300,0.7700
2689403,sitting,0.0041,0.0105,-1.0053,0.4900,-2.7300,0.7700
2689422,sitting,0.0039,0.0115,-1.0058,0.4900,-2.7300,0.7700
2689441,sitting,0.0039,0.0100,-1.0053,0.5250,-2.7300,0.7700
2689460,sitting,0.0034,0.0102,-1.0050,0.4900,-2.7300,0.7700
2689479,sitting,0.0041,0.0105,-1.0045,0.5250,-2.7300,0.7700
2689499,sitting,0.0039,0.0107,-1.0055,0.4900,-2.7300,0.7700
2689518,sitting,0.0034,0.0105,-1.0058,0.4550,-2.7300,0.7700
2689537,sitting,0.0039,0.0112,-1.0065,0.4900,-2.7300,0.7700
2689556,sitting,0.0032,0.0107,-1.0070,0.4900,-2.7300,0.8050
2689576,sitting,0.0037,0.0105,-1.0053,0.4900,-2.7300,0.8050
2689595,sitting,0.0034,0.0115,-1.0045,0.4900,-2.7300,0.7700
2689614,sitting,0.0041,0.0110,-1.0050,0.5250,-2.7300,0.8400
2689633,sitting,0.0041,0.0112,-1.0053,0.5250,-2.7300,0.8400
2689653,sitting,0.0039,0.0110,-1.0050,0.4900,-2.7300,0.8400
2689672,sitting,0.0037,0.0100,-1.0050,0.4900,-2.7300,0.7700
2689691,sitting,0.0039,0.0107,-1.0055,0.4900,-2.7300,0.7700
2689710,sitting,0.0034,0.0115,-1.0058,0.4900,-2.7300,0.8050
2689729,sitting,0.0046,0.0115,-1.0058,0.4900,-2.7650,0.8400
2689749,sitting,0.0041,0.0115,-1.0053,0.4900,-2.7300,0.7700
2689768,sitting,0.0037,0.0110,-1.0058,0.4900,-2.7650,0.7700
2689787,sitting,0.0044,0.0100,-1.0058,0.4900,-2.7300,0.8400
2689806,sitting,0.0041,0.0115,-1.0055,0.4900,-2.7300,0.8050
2689826,sitting,0.0039,0.0110,-1.0050,0.4900,-2.7300,0.8050
2689845,sitting,0.0037,0.0110,-1.0048,0.4900,-2.7300,0.8400
2689864,sitting,0.0037,0.0107,-1.0055,0.4550,-2.7300,0.8400
2689883,sitting,0.0037,0.0110,-1.0063,0.4900,-2.7300,0.7700
2689903,sitting,0.0041,0.0105,-1.0065,0.4900,-2.7300,0.8400
2689922,sitting,0.0034,0.0117,-1.0053,0.4550,-2.7300,0.7700
2689941,sitting,0.0044,0.0115,-1.0050,0.4900,-2.7300,0.8400
2689960,sitting,0.0037,0.0117,-1.0058,0.4900,-2.7300,0.8050
2689979,sitting,0.0029,0.0110,-1.0053,0.5250,-2.7300,0.8050
2689999,sitting,0.0044,0.0112,-1.0055,0.4900,-2.7300,0.8050
2690018,sitting,0.0034,0.0107,-1.0063,0.4900,-2.7300,0.8400
2690037,sitting,0.0041,0.0110,-1.0055,0.5250,-2.7300,0.8400
2690056,sitting,0.0041,0.0107,-1.0053,0.4900,-2.7300,0.8050
2690076,sitting,0.0029,0.0110,-1.0060,0.4900,-2.7300,0.7700
2690095,sitting,0.0039,0.0117,-1.0055,0.4550,-2.7300,0.8050
2690114,sitting,0.0034,0.0110,-1.0050,0.4900,-2.7300,0.8050
2690133,sitting,0.0029,0.0110,-1.0048,0.4900,-2.7300,0.7700
2690153,sitting,0.0034,0.0112,-1.0058,0.4900,-2.7300,0.7700
2690172,sitting,0.0034,0.0110,-1.0053,0.4900,-2.6950,0.8400
2690191,sitting,0.0034,0.0110,-1.0048,0.4900,-2.7300,0.8050
2690210,sitting,0.0037,0.0110,-1.0063,0.5250,-2.6950,0.8400
2690229,sitting,0.0032,0.0105,-1.0053,0.5250,-2.7300,0.8400
2690249,sitting,0.0046,0.0107,-1.0050,0.4900,-2.7300,0.7700
2690268,sitting,0.0037,0.0107,-1.0058,0.4900,-2.7300,0.7700
2690287,sitting,0.0037,0.0110,-1.0053,0.4900,-2.7300,0.8050
2690306,sitting,0.0032,0.0120,-1.0050,0.4900,-2.6950,0.7700
2690326,sitting,0.0046,0.0124,-1.0053,0.4900,-2.7300,0.7700
2690345,sitting,0.0037,0.0122,-1.0041,0.4900,-2.7300,0.7700
2690364,sitting,0.0029,0.0115,-1.0058,0.4900,-2.7300,0.8050
2690383,sitting,0.0041,0.0105,-1.0058,0.4900,-2.7300,0.7700
2690403,sitting,0.0034,0.0117,-1.0050,0.4900,-2.7300,0.7350
2690422,sitting,0.0034,0.0112,-1.0058,0.4900,-2.6600,0.7700
2690441,sitting,0.0039,0.0117,-1.0058,0.4900,-2.7300,0.7700
2690460,sitting,0.0041,0.0120,-1.0048,0.4900,-2.7300,0.7700
2690479,sitting,0.0044,0.0120,-1.0045,0.4900,-2.7650,0.7700
2690499,sitting,0.0037,0.0117,-1.0058,0.4900,-2.7300,0.7700
2690518,sitting,0.0039,0.0107,-1.0048,0.4900,-2.7300,0.7700
2690537,sitting,0.0039,0.0117,-1.0058,0.4900,-2.7300,0.8050
2690556,sitting,0.0037,0.0110,-1.0048,0.4900,-2.7300,0.8050
2690576,sitting,0.0041,0.0100,-1.0053,0.4900,-2.7300,0.8050
2690595,sitting,0.0041,0.0115,-1.0067,0.4900,-2.7300,0.8050
2690614,sitting,0.0039,0.0112,-1.0060,0.4900,-2.7300,0.8400
2690633,sitting,0.0041,0.0110,-1.0067,0.4550,-2.7300,0.8400
2690653,sitting,0.0032,0.0110,-1.0063,0.4900,-2.7300,0.8400
2690672,sitting,0.0034,0.0115,-1.0058,0.4550,-2.7300,0.8050
2690691,sitting,0.0046,0.0117,-1.0055,0.4900,-2.6950,0.7700
2690710,sitting,0.0046,0.0112,-1.0055,0.4900,-2.7650,0.7700
2690729,sitting,0.0039,0.0102,-1.0063,0.4900,-2.7300,0.8050
2690749,sitting,0.0037,0.0122,-1.0058,0.4200,-2.6950,0.7700
2690768,sitting,0.0029,0.0112,-1.0053,0.4900,-2.7300,0.8400
2690787,sitting,0.0037,0.0112,-1.0055,0.4900,-2.7650,0.8050
2690806,sitting,0.0041,0.0107,-1.0058,0.4900,-2.7300,0.8050
2690826,sitting,0.0037,0.0115,-1.0058,0.4550,-2.7300,0.7700
2690845,sitting,0.0029,0.0117,-1.0058,0.4900,-2.7300,0.7700
2690864,sitting,0.0039,0.0110,-1.0050,0.4900,-2.7300,0.7700
2690883,sitting,0.0046,0.0107,-1.0050,0.4900,-2.7300,0.7700
2690903,sitting,0.0032,0.0107,-1.0053,0.4550,-2.7300,0.8050
2690922,sitting,0.0029,0.0115,-1.0058,0.4200,-2.7300,0.8050
2690941,sitting,0.0037,0.0105,-1.0060,0.5250,-2.7300,0.8050
2690960,sitting,0.0029,0.0105,-1.0055,0.4900,-2.7300,0.8050
2690979,sitting,0.0022,0.0107,-1.0058,0.4900,-2.7650,0.8050
2690999,sitting,0.0039,0.0107,-1.0055,0.4900,-2.7300,0.8050
2691018,sitting,0.0044,0.0115,-1.0055,0.4900,-2.7300,0.8050
2691037,sitting,0.0037,0.0117,-1.0058,0.4900,-2.7300,0.7700
2691056,sitting,0.0039,0.0112,-1.0053,0.4900,-2.7300,0.8050
2691076,sitting,0.0039,0.0107,-1.0050,0.4900,-2.7300,0.8050
2691095,sitting,0.0037,0.0107,-1.0053,0.4900,-2.7650,0.8050
2691114,sitting,0.0041,0.0110,-1.0050,0.4900,-2.7300,0.8050
2691133,sitting,0.0039,0.0115,-1.0060,0.4900,-2.7300,0.7700
2691153,sitting,0.0037,0.0117,-1.0053,0.4900,-2.7300,0.7700
2691172,sitting,0.0029,0.0110,-1.0048,0.4900,-2.6950,0.8050
2691191,sitting,0.0032,0.0112,-1.0055,0.4900,-2.6950,0.7700
2691210,sitting,0.0037,0.0110,-1.0060,0.4900,-2.7300,0.7700
2691229,sitting,0.0044,0.0107,-1.0053,0.4900,-2.7300,0.8400
2691249,sitting,0.0041,0.0105,-1.0053,0.4900,-2.7300,0.7700
2691268,sitting,0.0039,0.0112,-1.0041,0.4900,-2.7300,0.8050
2691287,sitting,0.0046,0.0115,-1.0053,0.4900,-2.7300,0.7700
2691306,sitting,0.0032,0.0105,-1.0045,0.4900,-2.7300,0.7700
2691326,sitting,0.0034,0.0110,-1.0041,0.4900,-2.7300,0.8050
2691345,sitting,0.0024,0.0112,-1.0055,0.4900,-2.7300,0.7700
2691364,sitting,0.0039,0.0110,-1.0058,0.4900,-2.7300,0.7700
2691383,sitting,0.0049,0.0105,-1.0060,0.4550,-2.7300,0.8050
2691403,sitting,0.0039,0.0105,-1.0060,0.4900,-2.7300,0.7700
2691422,sitting,0.0044,0.0110,-1.0055,0.4900,-2.7300,0.7700
2691441,sitting,0.0044,0.0107,-1.0060,0.4900,-2.7300,0.8050
2691460,sitting,0.0044,0.0112,-1.0058,0.4900,-2.7300,0.7700
2691479,sitting,0.0037,0.0117,-1.0067,0.4900,-2.7300,0.7700
2691499,sitting,0.0044,0.0102,-1.0050,0.4900,-2.6950,0.8050
2691518,sitting,0.0039,0.0110,-1.0055,0.4900,-2.7300,0.7700
2691537,sitting,0.0037,0.0112,-1.0050,0.4900,-2.7300,0.8400
2691556,sitting,0.0037,0.0102,-1.0060,0.4900,-2.7300,0.8050
2691576,sitting,0.0044,0.0112,-1.0060,0.4550,-2.7300,0.8400
2691595,sitting,0.0034,0.0107,-1.0060,0.4550,-2.7300,0.7700
2691614,sitting,0.0034,0.0115,-1.0063,0.4900,-2.7300,0.8400
2691633,sitting,0.0037,0.0117,-1.0058,0.4550,-2.7300,0.8050
2691653,sitting,0.0037,0.0110,-1.0055,0.4900,-2.7300,0.8050
2691672,sitting,0.0032,0.0110,-1.0055,0.4550,-2.7300,0.8050
2691691,sitting,0.0049,0.0120,-1.0060,0.4550,-2.7300,0.8400
2691710,sitting,0.0049,0.0115,-1.0053,0.4550,-2.7300,0.8050
2691729,sitting,0.0037,0.0105,-1.0053,0.4900,-2.7300,0.7700
2691749,sitting,0.0039,0.0110,-1.0055,0.4900,-2.7300,0.8400
2691768,sitting,0.0034,0.0115,-1.0053,0.4900,-2.7300,0.7700
2691787,sitting,0.0041,0.0112,-1.0048,0.4900,-2.7300,0.8400
2691806,sitting,0.0044,0.0115,-1.0053,0.4900,-2.7300,0.7700
2691826,sitting,0.0032,0.0105,-1.0053,0.4550,-2.7650,0.7700
2691845,sitting,0.0029,0.0115,-1.0048,0.4900,-2.7300,0.8050
2691864,sitting,0.0037,0.0110,-1.0053,0.4900,-2.7300,0.8050
2691883,sitting,0.0032,0.0105,-1.0043,0.4900,-2.6950,0.8050
2691903,sitting,0.0041,0.0110,-1.0063,0.4900,-2.7300,0.7700
2691922,sitting,0.0029,0.0115,-1.0055,0.4900,-2.7300,0.8050
2691941,sitting,0.0037,0.0117,-1.0055,0.4900,-2.7300,0.8400
2691960,sitting,0.0044,0.0115,-1.0055,0.4900,-2.7300,0.8050
2691979,sitting,0.0029,0.0110,-1.0055,0.4900,-2.7300,0.7700
2691999,sitting,0.0034,0.0112,-1.0058,0.4900,-2.7300,0.8050
2692018,sitting,0.0037,0.0105,-1.0053,0.4900,-2.7300,0.8050
2692037,sitting,0.0039,0.0107,-1.0050,0.4900,-2.7300,0.8050
2692056,sitting,0.0041,0.0117,-1.0050,0.4900,-2.7300,0.8050
2692076,sitting,0.0051,0.0110,-1.0058,0.4900,-2.7300,0.7700
2692095,sitting,0.0041,0.0112,-1.0055,0.4900,-2.7300,0.7700
2692114,sitting,0.0037,0.0115,-1.0055,0.4550,-2.7300,0.8400
2692133,sitting,0.0032,0.0110,-1.0050,0.4550,-2.7300,0.7700
2692153,sitting,0.0041,0.0117,-1.0053,0.4900,-2.7300,0.7700
2692172,sitting,0.0039,0.0112,-1.0045,0.4900,-2.7300,0.8050
2692191,sitting,0.0034,0.0112,-1.0055,0.5600,-2.7300,0.7700
2692210,sitting,0.0039,0.0107,-1.0043,0.4900,-2.7300,0.7700
2692229,sitting,0.0034,0.0102,-1.0063,0.4900,-2.7300,0.7700
2692249,sitting,0.0041,0.0105,-1.0060,0.4900,-2.7300,0.8050
2692268,sitting,0.0037,0.0102,-1.0050,0.4900,-2.7300,0.7700
2692287,sitting,0.0032,0.0110,-1.0053,0.4900,-2.7300,0.8400
2692306,sitting,0.0024,0.0107,-1.0043,0.4900,-2.7300,0.8050
2692326,sitting,0.0039,0.0115,-1.0048,0.4900,-2.7300,0.8050
2692345,sitting,0.0032,0.0115,-1.0048,0.4900,-2.6950,0.8050
2692364,sitting,0.0034,0.0112,-1.0060,0.4900,-2.7300,0.7700
2692383,sitting,0.0034,0.0122,-1.0058,0.4900,-2.7300,0.7700
2692403,sitting,0.0039,0.0122,-1.0058,0.4900,-2.7300,0.7700
2692422,sitting,0.0041,0.0112,-1.0058,0.4900,-2.7300,0.7700
2692441,sitting,0.0029,0.0105,-1.0060,0.4900,-2.7300,0.7700
2692460,sitting,0.0037,0.0102,-1.0053,0.4900,-2.7300,0.8050
2692479,sitting,0.0041,0.0107,-1.0053,0.4200,-2.7300,0.8050
2692499,sitting,0.0044,0.0110,-1.0055,0.4900,-2.7300,0.7700
2692518,sitting,0.0041,0.0105,-1.0050,0.4900,-2.7300,0.8050
2692537,sitting,0.0041,0.0112,-1.0050,0.4900,-2.7300,0.8400
2692556,sitting,0.0037,0.0117,-1.0055,0.5250,-2.7650,0.8400
2692576,sitting,0.0039,0.0112,-1.0053,0.4900,-2.7300,0.8050
2692595,sitting,0.0041,0.0110,-1.0050,0.4550,-2.7300,0.7700
2692614,sitting,0.0032,0.0115,-1.0058,0.4200,-2.7650,0.7700
2692633,sitting,0.0037,0.0110,-1.0055,0.4900,-2.7300,0.8400
2692653,sitting,0.0044,0.0110,-1.0055,0.4550,-2.7300,0.8400
2692672,sitting,0.0034,0.0122,-1.0055,0.4550,-2.7300,0.8400
2692691,sitting,0.0044,0.0107,-1.0050,0.4550,-2.7300,0.8050
2692710,sitting,0.0037,0.0122,-1.0050,0.4200,-2.7300,0.8050
2692729,sitting,0.0034,0.0117,-1.0058,0.4900,-2.7300,0.8400
2692749,sitting,0.0034,0.0107,-1.0055,0.4550,-2.7650,0.8400
2692768,sitting,0.0046,0.0107,-1.0060,0.4900,-2.6950,0.8400
2692787,sitting,0.0041,0.0117,-1.0060,0.4900,-2.7650,0.8050
2692806,sitting,0.0051,0.0107,-1.0048,0.4900,-2.7300,0.7700
2692826,sitting,0.0039,0.0115,-1.0050,0.4900,-2.7300,0.8050
2692845,sitting,0.0041,0.0105,-1.0045,0.4900,-2.7300,0.8050
2692864,sitting,0.0029,0.0112,-1.0050,0.4900,-2.7300,0.7700
2692883,sitting,0.0034,0.0107,-1.0050,0.4550,-2.7300,0.7700
2692903,sitting,0.0029,0.0107,-1.0058,0.5250,-2.7300,0.8400
2692922,sitting,0.0041,0.0112,-1.0050,0.4550,-2.7300,0.8400
2692941,sitting,0.0039,0.0110,-1.0050,0.4900,-2.7300,0.8050
2692960,sitting,0.0044,0.0107,-1.0048,0.5250,-2.6950,0.7700
2692979,sitting,0.0044,0.0110,-1.0050,0.4900,-2.7300,0.8050
2692999,sitting,0.0039,0.0112,-1.0048,0.4900,-2.6950,0.8400
2693018,sitting,0.0041,0.0110,-1.0058,0.4900,-2.7300,0.7700
2693037,sitting,0.0037,0.0110,-1.0058,0.4900,-2.7300,0.8050
2693056,sitting,0.0039,0.0110,-1.0058,0.4900,-2.7300,0.7700
2693076,sitting,0.0034,0.0110,-1.0058,0.4900,-2.7300,0.8050
2693095,sitting,0.0039,0.0115,-1.0053,0.4900,-2.7300,0.7350
2693114,sitting,0.0039,0.0115,-1.0055,0.4900,-2.7300,0.7700
2693133,sitting,0.0044,0.0112,-1.0053,0.4900,-2.7300,0.7700
2693153,sitting,0.0037,0.0110,-1.0063,0.4900,-2.7300,0.7700
2693172,sitting,0.0044,0.0112,-1.0065,0.4900,-2.7300,0.7700
2693191,sitting,0.0044,0.0110,-1.0058,0.4900,-2.7300,0.7700
2693210,sitting,0.0039,0.0107,-1.0058,0.4900,-2.7300,0.7700
2693229,sitting,0.0044,0.0117,-1.0055,0.5250,-2.7300,0.7700
2693249,sitting,0.0054,0.0110,-1.0058,0.4550,-2.7300,0.8050
2693268,sitting,0.0039,0.0122,-1.0060,0.4900,-2.7300,0.7700
2693287,sitting,0.0029,0.0120,-1.0053,0.4900,-2.6950,0.7700
2693306,sitting,0.0037,0.0110,-1.0055,0.5250,-2.7300,0.7700
2693326,sitting,0.0041,0.0120,-1.0050,0.4900,-2.7300,0.7700
2693345,sitting,0.0049,0.0107,-1.0060,0.4900,-2.7300,0.7700
2693364,sitting,0.0041,0.0100,-1.0055,0.4900,-2.7300,0.7700
2693383,sitting,0.0046,0.0110,-1.0048,0.4900,-2.7300,0.8050
2693403,sitting,0.0037,0.0110,-1.0055,0.4550,-2.7300,0.7700
2693422,sitting,0.0029,0.0107,-1.0065,0.4900,-2.7300,0.7700
2693441,sitting,0.0044,0.0105,-1.0063,0.4900,-2.7300,0.7700
2693460,sitting,0.0039,0.0102,-1.0063,0.4550,-2.7300,0.8400
2693479,sitting,0.0039,0.0105,-1.0050,0.4550,-2.7300,0.8050
2693499,sitting,0.0032,0.0110,-1.0050,0.4900,-2.7300,0.8050
2693518,sitting,0.0041,0.0112,-1.0060,0.4550,-2.7300,0.8400
2693537,sitting,0.0037,0.0110,-1.0045,0.4900,-2.7300,0.7700
2693556,sitting,0.0039,0.0117,-1.0050,0.4900,-2.7300,0.8050
2693576,sitting,0.0039,0.0112,-1.0058,0.4900,-2.7300,0.8400
2693595,sitting,0.0039,0.0107,-1.0065,0.4900,-2.7300,0.7700
2693614,sitting,0.0046,0.0115,-1.0050,0.4900,-2.7300,0.7700
2693633,sitting,0.0029,0.0115,-1.0050,0.4900,-2.7300,0.7700
2693653,sitting,0.0032,0.0112,-1.0055,0.4550,-2.7300,0.8050
2693672,sitting,0.0037,0.0120,-1.0050,0.4900,-2.7300,0.8400
2693691,sitting,0.0037,0.0107,-1.0060,0.4550,-2.6950,0.7700
2693710,sitting,0.0044,0.0110,-1.0058,0.4900,-2.7300,0.8050
2693729,sitting,0.0044,0.0110,-1.0050,0.4900,-2.7300,0.7700
2693749,sitting,0.0039,0.0110,-1.0063,0.4550,-2.7300,0.7700
2693768,sitting,0.0041,0.0105,-1.0058,0.4900,-2.7300,0.8050
2693787,sitting,0.0041,0.0107,-1.0053,0.4900,-2.7300,0.8400
2693806,sitting,0.0032,0.0110,-1.0058,0.4200,-2.7300,0.7700
2693826,sitting,0.0039,0.0107,-1.0053,0.4900,-2.7650,0.8050
2693845,sitting,0.0034,0.0100,-1.0048,0.4900,-2.7300,0.8400
2693864,sitting,0.0032,0.0117,-1.0053,0.4900,-2.7300,0.8050
2693883,sitting,0.0034,0.0115,-1.0053,0.4900,-2.6950,0.8400
2693903,sitting,0.0037,0.0112,-1.0058,0.4900,-2.7300,0.8050
2693922,sitting,0.0037,0.0110,-1.0060,0.4900,-2.7300,0.8050
2693941,sitting,0.0046,0.0117,-1.0053,0.4900,-2.7300,0.7700
2693960,sitting,0.0046,0.0112,-1.0055,0.4900,-2.7300,0.8400
2693979,sitting,0.0032,0.0105,-1.0055,0.4900,-2.7300,0.8050
2693999,sitting,0.0037,0.0110,-1.0053,0.4900,-2.7300,0.7700
2694018,sitting,0.0032,0.0107,-1.0053,0.4550,-2.7300,0.8050
2694037,sitting,0.0044,0.0110,-1.0058,0.4550,-2.6950,0.7700
2694056,sitting,0.0046,0.0112,-1.0053,0.4900,-2.7300,0.7700
2694076,sitting,0.0039,0.0110,-1.0045,0.4900,-2.7300,0.7700
2694095,sitting,0.0034,0.0115,-1.0055,0.4900,-2.7300,0.7700
2694114,sitting,0.0041,0.0107,-1.0058,0.4900,-2.7300,0.8050
2694133,sitting,0.0039,0.0105,-1.0053,0.4900,-2.6950,0.7700
2694153,sitting,0.0032,0.0110,-1.0045,0.4900,-2.7300,0.7700
2694172,sitting,0.0029,0.0107,-1.0050,0.5250,-2.7300,0.7700
2694191,sitting,0.0039,0.0107,-1.0053,0.5250,-2.7300,0.7700
2694210,sitting,0.0029,0.0110,-1.0048,0.4550,-2.7300,0.8050
2694229,sitting,0.0039,0.0120,-1.0045,0.4900,-2.7300,0.7700
2694249,sitting,0.0032,0.0120,-1.0050,0.4900,-2.7300,0.8400
2694268,sitting,0.0041,0.0110,-1.0055,0.4900,-2.7300,0.7700
2694287,sitting,0.0032,0.0105,-1.0053,0.4900,-2.7300,0.8050
2694306,sitting,0.0037,0.0112,-1.0050,0.4900,-2.7300,0.7700
2694326,sitting,0.0037,0.0110,-1.0063,0.4900,-2.7650,0.7700
2694345,sitting,0.0039,0.0112,-1.0058,0.4900,-2.7300,0.8050
2694364,sitting,0.0034,0.0107,-1.0055,0.4550,-2.7300,0.8050
2694383,sitting,0.0034,0.0102,-1.0060,0.4900,-2.7300,0.7700
2694403,sitting,0.0046,0.0117,-1.0055,0.4550,-2.7300,0.8050
2694422,sitting,0.0041,0.0105,-1.0045,0.4550,-2.7650,0.7700
2694441,sitting,0.0039,0.0105,-1.0048,0.4900,-2.7300,0.8050
2694460,sitting,0.0037,0.0100,-1.0055,0.4900,-2.7300,0.7700
2694479,sitting,0.0037,0.0093,-1.0043,0.5250,-2.7300,0.8400
2694499,sitting,0.0029,0.0112,-1.0045,0.4900,-2.6950,0.8400
2694518,sitting,0.0041,0.0107,-1.0053,0.4900,-2.7300,0.7700
2694537,sitting,0.0044,0.0115,-1.0053,0.4200,-2.7300,0.8400
2694556,sitting,0.0041,0.0107,-1.0045,0.4900,-2.7300,0.8400
2694576,sitting,0.0044,0.0105,-1.0055,0.4900,-2.7300,0.8050
2694595,sitting,0.0039,0.0105,-1.0060,0.4550,-2.7300,0.8050
2694614,sitting,0.0054,0.0120,-1.0055,0.4900,-2.6950,0.8400
2694633,sitting,0.0044,0.0122,-1.0058,0.4550,-2.7300,0.8050
2694653,sitting,0.0049,0.0117,-1.0043,0.4550,-2.7300,0.8400
2694672,sitting,0.0041,0.0115,-1.0048,0.4900,-2.7300,0.8400
2694691,sitting,0.0039,0.0117,-1.0060,0.4900,-2.7300,0.7700
2694710,sitting,0.0034,0.0110,-1.0048,0.4900,-2.7300,0.7700
2694729,sitting,0.0039,0.0117,-1.0050,0.4900,-2.7300,0.7700
2694749,sitting,0.0049,0.0107,-1.0058,0.4900,-2.7650,0.8050
2694768,sitting,0.0039,0.0117,-1.0063,0.4900,-2.7300,0.7700
2694787,sitting,0.0037,0.0112,-1.0055,0.4900,-2.7300,0.8400
2694806,sitting,0.0027,0.0115,-1.0060,0.4900,-2.7300,0.8400
2694826,sitting,0.0032,0.0112,-1.0055,0.4900,-2.7300,0.7700
2694845,sitting,0.0032,0.0115,-1.0058,0.4900,-2.7300,0.7700
2694864,sitting,0.0049,0.0115,-1.0050,0.4900,-2.7300,0.8050
2694883,sitting,0.0034,0.0107,-1.0058,0.4900,-2.7300,0.7700
2694903,sitting,0.0039,0.0105,-1.0060,0.4900,-2.7650,0.7700
2694922,sitting,0.0039,0.0112,-1.0058,0.4900,-2.7300,0.7700
2694941,sitting,0.0039,0.0112,-1.0055,0.4900,-2.7300,0.8050
2694960,sitting,0.0049,0.0110,-1.0058,0.4900,-2.7300,0.8050
2694979,sitting,0.0041,0.0102,-1.0053,0.4900,-2.7300,0.8050
2694999,sitting,0.0044,0.0107,-1.0055,0.5250,-2.7300,0.8050
2695018,sitting,0.0039,0.0117,-1.0053,0.4900,-2.7300,0.7700
2695037,sitting,0.0034,0.0107,-1.0050,0.4900,-2.7300,0.8050
2695056,sitting,0.0032,0.0112,-1.0053,0.4900,-2.7300,0.7700
2695076,sitting,0.0039,0.0102,-1.0053,0.4900,-2.7300,0.7700
2695095,sitting,0.0039,0.0102,-1.0050,0.4550,-2.7300,0.7700
2695114,sitting,0.0039,0.0107,-1.0055,0.4900,-2.7650,0.7700
2695133,sitting,0.0034,0.0117,-1.0048,0.4900,-2.7300,0.7700
2695153,sitting,0.0041,0.0112,-1.0048,0.4900,-2.7300,0.8050
2695172,sitting,0.0029,0.0112,-1.0053,0.4550,-2.7300,0.8400
2695191,sitting,0.0039,0.0105,-1.0048,0.4900,-2.7300,0.8050
2695210,sitting,0.0041,0.0107,-1.0048,0.4900,-2.7300,0.7700
2695229,sitting,0.0044,0.0107,-1.0048,0.4900,-2.7300,0.7700
2695249,sitting,0.0044,0.0112,-1.0048,0.4900,-2.7300,0.8050
2695268,sitting,0.0029,0.0102,-1.0053,0.4900,-2.7300,0.7700
2695287,sitting,0.0034,0.0105,-1.0053,0.4900,-2.7650,0.7700
2695306,sitting,0.0034,0.0110,-1.0060,0.4900,-2.7300,0.8050
2695326,sitting,0.0039,0.0107,-1.0058,0.4900,-2.7300,0.8400
2695345,sitting,0.0046,0.0115,-1.0058,0.4900,-2.7300,0.8050
2695364,sitting,0.0034,0.0102,-1.0060,0.4900,-2.7300,0.8050
2695383,sitting,0.0039,0.0098,-1.0048,0.4900,-2.7300,0.8400
2695403,sitting,0.0034,0.0107,-1.0058,0.4550,-2.7300,0.7700
2695422,sitting,0.0037,0.0110,-1.0050,0.4900,-2.7650,0.8050
2695441,sitting,0.0037,0.0115,-1.0058,0.5250,-2.7300,0.8400
2695460,sitting,0.0044,0.0112,-1.0060,0.4900,-2.7300,0.7700
2695479,sitting,0.0037,0.0112,-1.0043,0.4550,-2.7300,0.7700
2695499,sitting,0.0032,0.0120,-1.0050,0.4900,-2.7650,0.7700
2695518,sitting,0.0037,0.0107,-1.0058,0.4900,-2.7650,0.8050
2695537,sitting,0.0024,0.0107,-1.0060,0.4550,-2.7300,0.8400
2695556,sitting,0.0049,0.0112,-1.0050,0.4900,-2.7300,0.7700
2695576,sitting,0.0049,0.0112,-1.0043,0.4550,-2.7300,0.8050
2695595,sitting,0.0041,0.0115,-1.0050,0.4900,-2.7300,0.8050
2695614,sitting,0.0037,0.0107,-1.0050,0.4900,-2.7300,0.8050
2695633,sitting,0.0049,0.0107,-1.0053,0.4550,-2.7300,0.7700
2695653,sitting,0.0044,0.0122,-1.0048,0.4900,-2.7300,0.7700
2695672,sitting,0.0039,0.0115,-1.0053,0.4900,-2.7300,0.8050
2695691,sitting,0.0034,0.0105,-1.0050,0.5250,-2.7300,0.8050
2695710,sitting,0.0020,0.0112,-1.0050,0.4900,-2.7300,0.7700
2695729,sitting,0.0024,0.0117,-1.0055,0.4900,-2.7300,0.7700
2695749,sitting,0.0032,0.0105,-1.0050,0.5600,-2.7300,0.7700
2695768,sitting,0.0039,0.0105,-1.0045,0.4550,-2.7300,0.8050
2695787,sitting,0.0034,0.0110,-1.0050,0.4900,-2.7300,0.8050
2695806,sitting,0.0049,0.0110,-1.0053,0.4900,-2.7300,0.8050
2695826,sitting,0.0037,0.0117,-1.0045,0.4900,-2.7300,0.7700
2695845,sitting,0.0049,0.0102,-1.0058,0.4900,-2.7300,0.7700
2695864,sitting,0.0046,0.0102,-1.0045,0.4900,-2.6950,0.7700
2695883,sitting,0.0041,0.0115,-1.0048,0.4900,-2.7300,0.7700
2695903,sitting,0.0032,0.0112,-1.0048,0.5250,-2.7300,0.7700
2695922,sitting,0.0044,0.0117,-1.0045,0.4900,-2.7300,0.7700
2695941,sitting,0.0046,0.0112,-1.0055,0.5250,-2.7300,0.7700
2695960,sitting,0.0041,0.0115,-1.0045,0.4900,-2.7300,0.7700
2695979,sitting,0.0032,0.0117,-1.0045,0.4900,-2.7300,0.7700
2695999,sitting,0.0044,0.0117,-1.0058,0.4900,-2.7300,0.7700
2696018,sitting,0.0044,0.0107,-1.0060,0.4900,-2.7300,0.7700
2696037,sitting,0.0034,0.0124,-1.0043,0.4550,-2.7300,0.8050
2696056,sitting,0.0039,0.0102,-1.0048,0.4900,-2.7300,0.7700
2696076,sitting,0.0046,0.0112,-1.0050,0.4550,-2.7300,0.8400
2696095,sitting,0.0037,0.0117,-1.0053,0.4900,-2.7300,0.8050
2696114,sitting,0.0029,0.0117,-1.0063,0.4900,-2.7300,0.8050
2696133,sitting,0.0034,0.0110,-1.0065,0.4900,-2.7300,0.8050
2696153,sitting,0.0049,0.0107,-1.0060,0.4550,-2.7300,0.7700
2696172,sitting,0.0037,0.0117,-1.0050,0.4900,-2.7300,0.7700
2696191,sitting,0.0041,0.0112,-1.0053,0.5250,-2.7300,0.7700
2696210,sitting,0.0037,0.0115,-1.0055,0.4900,-2.7300,0.8050
2696229,sitting,0.0027,0.0115,-1.0065,0.4900,-2.7300,0.8050
2696249,sitting,0.0034,0.0117,-1.0058,0.4900,-2.7300,0.7700
2696268,sitting,0.0029,0.0115,-1.0050,0.4900,-2.7300,0.7700
2696287,sitting,0.0034,0.0115,-1.0058,0.4900,-2.7300,0.8400
2696306,sitting,0.0037,0.0100,-1.0055,0.4550,-2.6950,0.7700
2696326,sitting,0.0032,0.0117,-1.0053,0.4900,-2.7300,0.8050
2696345,sitting,0.0032,0.0112,-1.0053,0.4900,-2.7300,0.8400
2696364,sitting,0.0037,0.0110,-1.0050,0.4900,-2.7300,0.7700
2696383,sitting,0.0046,0.0117,-1.0048,0.4900,-2.7300,0.8050
2696403,sitting,0.0044,0.0115,-1.0050,0.4200,-2.7300,0.8050
2696422,sitting,0.0037,0.0112,-1.0050,0.4900,-2.7300,0.8400
2696441,sitting,0.0041,0.0122,-1.0058,0.4550,-2.7300,0.8400
2696460,sitting,0.0054,0.0110,-1.0050,0.4550,-2.7300,0.8050
2696479,sitting,0.0041,0.0107,-1.0055,0.4900,-2.7300,0.8050
2696499,sitting,0.0044,0.0112,-1.0065,0.4900,-2.7300,0.8400
2696518,sitting,0.0032,0.0112,-1.0053,0.4900,-2.7300,0.8400
2696537,sitting,0.0054,0.0110,-1.0058,0.4550,-2.7300,0.8400
2696556,sitting,0.0037,0.0105,-1.0063,0.4550,-2.7300,0.8400
2696576,sitting,0.0034,0.0105,-1.0055,0.4550,-2.7300,0.8400
2696595,sitting,0.0032,0.0107,-1.0067,0.4900,-2.6950,0.8400
2696614,sitting,0.0034,0.0112,-1.0058,0.4900,-2.7300,0.7700
2696633,sitting,0.0039,0.0112,-1.0055,0.4900,-2.7300,0.8400
2696653,sitting,0.0037,0.0112,-1.0050,0.4900,-2.7300,0.8050
2696672,sitting,0.0034,0.0110,-1.0045,0.4900,-2.7300,0.7700
2696691,sitting,0.0037,0.0102,-1.0053,0.4550,-2.7300,0.7700
2696710,sitting,0.0044,0.0110,-1.0053,0.4900,-2.7300,0.8050
2696729,sitting,0.0039,0.0117,-1.0055,0.4900,-2.7300,0.7700
2696749,sitting,0.0039,0.0112,-1.0050,0.4550,-2.7300,0.7700
2696768,sitting,0.0041,0.0110,-1.0048,0.4900,-2.7300,0.8400
2696787,sitting,0.0039,0.0117,-1.0050,0.4900,-2.7300,0.8050
2696806,sitting,0.0039,0.0122,-1.0060,0.4900,-2.6950,0.7700
2696826,sitting,0.0027,0.0124,-1.0045,0.4900,-2.7300,0.7700
2696845,sitting,0.0034,0.0107,-1.0045,0.4900,-2.7300,0.7700
2696864,sitting,0.0044,0.0110,-1.0050,0.4900,-2.7300,0.7700
2696883,sitting,0.0037,0.0105,-1.0048,0.4900,-2.6950,0.7700
2696903,sitting,0.0032,0.0110,-1.0043,0.5250,-2.7300,0.8400
2696922,sitting,0.0039,0.0110,-1.0050,0.5250,-2.7300,0.8050
2696941,sitting,0.0034,0.0124,-1.0058,0.4550,-2.7300,0.7700
2696960,sitting,0.0032,0.0112,-1.0050,0.4900,-2.7300,0.8050
2696979,sitting,0.0034,0.0115,-1.0063,0.4900,-2.7300,0.7700
2696999,sitting,0.0044,0.0117,-1.0060,0.4900,-2.7300,0.7350
2697018,sitting,0.0039,0.0115,-1.0050,0.5250,-2.7300,0.7700
2697037,sitting,0.0037,0.0117,-1.0063,0.4900,-2.6950,0.7700
2697056,sitting,0.0032,0.0107,-1.0048,0.4900,-2.7300,0.7700
2697076,sitting,0.0034,0.0115,-1.0048,0.4900,-2.7300,0.8050
2697095,sitting,0.0044,0.0110,-1.0055,0.4900,-2.7300,0.7700
2697114,sitting,0.0034,0.0102,-1.0063,0.4900,-2.7300,0.8050
2697133,sitting,0.0039,0.0112,-1.0055,0.4550,-2.7300,0.7700
2697153,sitting,0.0041,0.0112,-1.0055,0.4900,-2.7300,0.7700
2697172,sitting,0.0041,0.0117,-1.0048,0.4550,-2.7300,0.7700
2697191,sitting,0.0037,0.0115,-1.0045,0.4900,-2.7300,0.8050
2697210,sitting,0.0034,0.0105,-1.0043,0.4900,-2.7300,0.8050
2697229,sitting,0.0037,0.0122,-1.0050,0.4900,-2.7300,0.8400
2697249,sitting,0.0041,0.0105,-1.0060,0.4900,-2.7300,0.8050
2697268,sitting,0.0037,0.0107,-1.0045,0.4900,-2.7300,0.8050
2697287,sitting,0.0044,0.0105,-1.0050,0.4900,-2.7300,0.7700
2697306,sitting,0.0037,0.0110,-1.0053,0.4200,-2.7300,0.8400
2697326,sitting,0.0037,0.0120,-1.0053,0.4900,-2.7300,0.7700
2697345,sitting,0.0029,0.0122,-1.0053,0.4900,-2.7650,0.8050
2697364,sitting,0.0041,0.0107,-1.0053,0.4900,-2.7300,0.8050
2697383,sitting,0.0037,0.0110,-1.0053,0.4900,-2.6950,0.8400
2697403,sitting,0.0034,0.0105,-1.0055,0.4900,-2.7300,0.7700
2697422,sitting,0.0029,0.0112,-1.0050,0.4900,-2.7300,0.7700
2697441,sitting,0.0041,0.0110,-1.0060,0.4900,-2.7300,0.8050
2697460,sitting,0.0034,0.0110,-1.0053,0.4550,-2.7300,0.7700
2697479,sitting,0.0037,0.0112,-1.0055,0.4900,-2.7650,0.8400
2697499,sitting,0.0044,0.0112,-1.0050,0.4900,-2.6950,0.8050
2697518,sitting,0.0039,0.0102,-1.0050,0.4900,-2.7300,0.8400
2697537,sitting,0.0041,0.0102,-1.0053,0.4900,-2.7300,0.7700
2697556,sitting,0.0034,0.0102,-1.0053,0.4900,-2.7300,0.8400
2697576,sitting,0.0044,0.0110,-1.0048,0.4900,-2.7300,0.8050
2697595,sitting,0.0046,0.0110,-1.0053,0.4900,-2.7300,0.8050
2697614,sitting,0.0041,0.0115,-1.0058,0.4900,-2.7300,0.8050
2697633,sitting,0.0039,0.0120,-1.0048,0.4900,-2.7300,0.7700
2697653,sitting,0.0041,0.0117,-1.0045,0.4900,-2.7300,0.7700
2697672,sitting,0.0044,0.0105,-1.0048,0.4900,-2.7300,0.8050
2697691,sitting,0.0034,0.0110,-1.0050,0.4900,-2.7300,0.7700
2697710,sitting,0.0034,0.0115,-1.0048,0.4900,-2.7300,0.8050
2697729,sitting,0.0044,0.0112,-1.0048,0.5250,-2.7300,0.7700
2697749,sitting,0.0046,0.0115,-1.0053,0.4550,-2.7300,0.7700
2697768,sitting,0.0034,0.0107,-1.0058,0.4900,-2.7300,0.7700
2697787,sitting,0.0037,0.0112,-1.0043,0.4900,-2.7300,0.7700
2697806,sitting,0.0039,0.0120,-1.0055,0.5250,-2.6600,0.7700
2697826,sitting,0.0029,0.0112,-1.0045,0.5250,-2.7300,0.8050
2697845,sitting,0.0039,0.0105,-1.0048,0.5250,-2.7300,0.7700
2697864,sitting,0.0034,0.0112,-1.0053,0.4900,-2.7300,0.7700
2697883,sitting,0.0032,0.0110,-1.0045,0.4900,-2.7300,0.7700
2697903,sitting,0.0027,0.0117,-1.0058,0.4900,-2.7300,0.8050
2697922,sitting,0.0044,0.0117,-1.0055,0.4900,-2.7300,0.7700
2697941,sitting,0.0037,0.0120,-1.0058,0.4900,-2.7300,0.8050
2697960,sitting,0.0027,0.0107,-1.0055,0.4900,-2.7650,0.7700
2697979,sitting,0.0032,0.0115,-1.0063,0.4900,-2.7300,0.7700
2697999,sitting,0.0039,0.0122,-1.0050,0.4900,-2.7300,0.8050
2698018,sitting,0.0039,0.0127,-1.0055,0.5250,-2.7650,0.7700
2698037,sitting,0.0037,0.0112,-1.0048,0.4900,-2.7300,0.8050
2698056,sitting,0.0039,0.0115,-1.0045,0.4900,-2.7300,0.8050
2698076,sitting,0.0039,0.0117,-1.0055,0.4900,-2.6950,0.8050
2698095,sitting,0.0027,0.0112,-1.0050,0.4900,-2.7300,0.8400
2698114,sitting,0.0041,0.0117,-1.0055,0.4900,-2.7300,0.8050
2698133,sitting,0.0041,0.0102,-1.0058,0.4900,-2.7300,0.8050
2698153,sitting,0.0039,0.0112,-1.0053,0.4900,-2.7300,0.7700
2698172,sitting,0.0037,0.0115,-1.0048,0.4900,-2.7300,0.7700
2698191,sitting,0.0041,0.0112,-1.0045,0.4900,-2.7300,0.7700
2698210,sitting,0.0029,0.0115,-1.0043,0.4550,-2.7300,0.8050
2698229,sitting,0.0037,0.0117,-1.0058,0.4900,-2.7300,0.7700
2698249,sitting,0.0037,0.0112,-1.0055,0.4900,-2.7300,0.8050
2698268,sitting,0.0034,0.0107,-1.0055,0.4900,-2.7300,0.7700
2698287,sitting,0.0046,0.0107,-1.0045,0.4900,-2.7300,0.8400
2698306,sitting,0.0029,0.0107,-1.0048,0.4200,-2.7300,0.8400
2698326,sitting,0.0027,0.0102,-1.0063,0.4550,-2.7300,0.7700
2698345,sitting,0.0041,0.0117,-1.0058,0.4900,-2.7300,0.7700
2698364,sitting,0.0044,0.0115,-1.0055,0.4200,-2.7300,0.8400
2698383,sitting,0.0037,0.0112,-1.0063,0.4900,-2.7300,0.8400
2698403,sitting,0.0029,0.0124,-1.0055,0.4900,-2.7650,0.8050
2698422,sitting,0.0032,0.0107,-1.0050,0.5250,-2.7300,0.8050
2698441,sitting,0.0039,0.0120,-1.0045,0.4900,-2.7300,0.7700
2698460,sitting,0.0032,0.0117,-1.0045,0.5250,-2.7300,0.8400
2698479,sitting,0.0034,0.0117,-1.0055,0.4900,-2.6950,0.8400
2698499,sitting,0.0029,0.0110,-1.0053,0.4900,-2.7650,0.8400
2698518,sitting,0.0034,0.0110,-1.0053,0.5250,-2.7300,0.8400
2698537,sitting,0.0037,0.0107,-1.0060,0.4900,-2.7300,0.8050
2698556,sitting,0.0029,0.0117,-1.0053,0.4900,-2.7300,0.7700
2698576,sitting,0.0039,0.0117,-1.0050,0.4900,-2.7300,0.8400
2698595,sitting,0.0041,0.0115,-1.0055,0.4900,-2.6950,0.8050
2698614,sitting,0.0044,0.0115,-1.0058,0.4900,-2.7300,0.8400
2698633,sitting,0.0041,0.0102,-1.0045,0.4900,-2.7650,0.8050
2698653,sitting,0.0029,0.0098,-1.0058,0.4900,-2.7300,0.8400
2698672,sitting,0.0024,0.0112,-1.0055,0.4900,-2.7300,0.8400
2698691,sitting,0.0034,0.0102,-1.0055,0.4900,-2.7300,0.8050
2698710,sitting,0.0037,0.0120,-1.0050,0.4900,-2.7300,0.7700
2698729,sitting,0.0041,0.0110,-1.0050,0.4550,-2.7300,0.7700
2698749,sitting,0.0041,0.0115,-1.0045,0.4900,-2.6950,0.7700
2698768,sitting,0.0034,0.0115,-1.0048,0.4550,-2.7300,0.8050
2698787,sitting,0.0041,0.0115,-1.0055,0.4900,-2.7300,0.7700
2698806,sitting,0.0032,0.0112,-1.0058,0.5250,-2.7300,0.7700
2698826,sitting,0.0041,0.0105,-1.0055,0.4900,-2.7300,0.7700
2698845,sitting,0.0037,0.0112,-1.0055,0.4900,-2.7300,0.7700
2698864,sitting,0.0032,0.0105,-1.0053,0.4900,-2.7300,0.7700
2698883,sitting,0.0039,0.0102,-1.0065,0.4900,-2.7300,0.7700
2698903,sitting,0.0041,0.0107,-1.0060,0.4900,-2.7300,0.7700
2698922,sitting,0.0039,0.0117,-1.0053,0.4900,-2.7300,0.7700
2698941,sitting,0.0029,0.0120,-1.0053,0.4900,-2.7300,0.7700
2698960,sitting,0.0029,0.0117,-1.0060,0.4900,-2.7300,0.7700
2698979,sitting,0.0041,0.0105,-1.0055,0.4900,-2.7300,0.7350
2698999,sitting,0.0039,0.0117,-1.0050,0.4900,-2.7300,0.7700
2699018,sitting,0.0041,0.0115,-1.0053,0.4900,-2.7300,0.8050
2699037,sitting,0.0044,0.0110,-1.0060,0.4900,-2.7650,0.7700
2699056,sitting,0.0046,0.0102,-1.0053,0.4900,-2.7300,0.7700
2699076,sitting,0.0037,0.0100,-1.0050,0.4900,-2.7650,0.7700
2699095,sitting,0.0034,0.0107,-1.0058,0.4900,-2.7300,0.8050
2699114,sitting,0.0032,0.0112,-1.0060,0.4900,-2.7300,0.8050
2699133,sitting,0.0027,0.0112,-1.0053,0.4550,-2.7300,0.7700
2699153,sitting,0.0039,0.0115,-1.0060,0.4550,-2.7300,0.7700
2699172,sitting,0.0049,0.0110,-1.0058,0.4550,-2.7300,0.7700
2699191,sitting,0.0039,0.0110,-1.0045,0.4550,-2.7300,0.7700
2699210,sitting,0.0041,0.0117,-1.0055,0.5250,-2.7300,0.8050
2699229,sitting,0.0051,0.0110,-1.0050,0.4900,-2.7300,0.8400
2699249,sitting,0.0039,0.0115,-1.0058,0.4550,-2.7300,0.7700
2699268,sitting,0.0037,0.0110,-1.0060,0.4900,-2.7300,0.7700
2699287,sitting,0.0041,0.0110,-1.0050,0.4550,-2.7300,0.8050
2699306,sitting,0.0032,0.0117,-1.0053,0.4900,-2.7300,0.8050
2699326,sitting,0.0037,0.0112,-1.0053,0.4900,-2.6950,0.7700
2699345,sitting,0.0032,0.0107,-1.0055,0.4900,-2.7300,0.7700
2699364,sitting,0.0037,0.0105,-1.0058,0.4900,-2.6950,0.7700
2699383,sitting,0.0041,0.0115,-1.0053,0.4550,-2.7300,0.8050
2699403,sitting,0.0034,0.0112,-1.0053,0.4900,-2.6950,0.8400
2699422,sitting,0.0039,0.0115,-1.0055,0.4200,-2.7300,0.7700
2699441,sitting,0.0032,0.0124,-1.0053,0.4550,-2.7300,0.8050
2699460,sitting,0.0039,0.0120,-1.0048,0.4550,-2.7300,0.8050
2699479,sitting,0.0046,0.0115,-1.0055,0.4900,-2.7300,0.8400
2699499,sitting,0.0034,0.0110,-1.0048,0.4900,-2.7300,0.7700
2699518,sitting,0.0034,0.0115,-1.0043,0.4900,-2.7300,0.7700
2699537,sitting,0.0046,0.0110,-1.0055,0.4900,-2.7300,0.7700
2699556,sitting,0.0039,0.0115,-1.0058,0.4900,-2.7300,0.8050
2699576,sitting,0.0037,0.0110,-1.0058,0.4900,-2.6600,0.8050
2699595,sitting,0.0037,0.0110,-1.0065,0.4900,-2.6950,0.7700
2699614,sitting,0.0037,0.0105,-1.0058,0.4900,-2.7300,0.7700
2699633,sitting,0.0037,0.0110,-1.0053,0.4900,-2.7300,0.7700
2699653,sitting,0.0039,0.0120,-1.0058,0.4900,-2.6950,0.8050
2699672,sitting,0.0039,0.0120,-1.0041,0.4900,-2.7300,0.7700
2699691,sitting,0.0039,0.0105,-1.0045,0.4550,-2.7300,0.7700
2699710,sitting,0.0041,0.0110,-1.0050,0.4900,-2.7300,0.7700
2699729,sitting,0.0049,0.0120,-1.0048,0.4900,-2.7300,0.8050
2699749,sitting,0.0041,0.0117,-1.0053,0.4900,-2.7300,0.7700
2699768,sitting,0.0037,0.0112,-1.0055,0.4900,-2.7300,0.8050
2699787,sitting,0.0037,0.0112,-1.0053,0.4900,-2.7300,0.7700
2699806,sitting,0.0044,0.0112,-1.0053,0.5250,-2.7300,0.8400
2699826,sitting,0.0037,0.0117,-1.0058,0.4900,-2.7300,0.7700
2699845,sitting,0.0041,0.0100,-1.0048,0.4900,-2.7300,0.8050
2699864,sitting,0.0049,0.0112,-1.0050,0.5250,-2.7300,0.8050
2699883,sitting,0.0032,0.0120,-1.0050,0.4900,-2.7300,0.8050
2699903,sitting,0.0034,0.0112,-1.0060,0.4900,-2.7300,0.8400
2699922,sitting,0.0034,0.0105,-1.0063,0.5250,-2.6600,0.8050
2699941,sitting,0.0032,0.0102,-1.0058,0.4900,-2.7300,0.7700
2699960,sitting,0.0049,0.0122,-1.0048,0.4900,-2.7300,0.7700
2699979,sitting,0.0034,0.0115,-1.0058,0.4900,-2.7300,0.7700
2699999,sitting,0.0037,0.0102,-1.0058,0.4900,-2.7300,0.8050
2700018,sitting,0.0032,0.0107,-1.0063,0.4900,-2.7300,0.8050
2700037,sitting,0.0034,0.0120,-1.0050,0.4550,-2.7300,0.7700
2700056,sitting,0.0037,0.0117,-1.0045,0.4550,-2.7300,0.8050
2700076,sitting,0.0037,0.0117,-1.0048,0.4900,-2.7300,0.8050
2700095,sitting,0.0041,0.0115,-1.0058,0.5250,-2.7300,0.7700
2700114,sitting,0.0041,0.0107,-1.0060,0.4900,-2.7300,0.8050
2700133,sitting,0.0039,0.0120,-1.0045,0.4550,-2.7300,0.7700
2700153,sitting,0.0037,0.0122,-1.0055,0.4550,-2.7300,0.8050
2700172,sitting,0.0032,0.0120,-1.0058,0.4550,-2.7300,0.8050
2700191,sitting,0.0037,0.0115,-1.0055,0.4550,-2.7650,0.8400
2700210,sitting,0.0037,0.0110,-1.0058,0.4900,-2.7300,0.8050
2700229,sitting,0.0034,0.0112,-1.0063,0.4550,-2.7300,0.7700
2700249,sitting,0.0039,0.0107,-1.0048,0.4900,-2.6950,0.8050
2700268,sitting,0.0029,0.0100,-1.0050,0.4900,-2.7300,0.8050
2700287,sitting,0.0037,0.0100,-1.0063,0.4550,-2.6950,0.7700
2700306,sitting,0.0032,0.0107,-1.0045,0.4900,-2.7300,0.8050
2700326,sitting,0.0037,0.0107,-1.0060,0.4900,-2.7300,0.7700
2700345,sitting,0.0037,0.0117,-1.0045,0.4550,-2.7300,0.8050
2700364,sitting,0.0051,0.0115,-1.0053,0.4900,-2.7300,0.7700
2700383,sitting,0.0037,0.0112,-1.0048,0.4900,-2.7300,0.8400
2700403,sitting,0.0034,0.0112,-1.0067,0.4900,-2.7300,0.7700
2700422,sitting,0.0034,0.0107,-1.0063,0.4900,-2.7300,0.7700
2700441,sitting,0.0024,0.0112,-1.0060,0.4900,-2.7300,0.7700
2700460,sitting,0.0032,0.0120,-1.0058,0.4900,-2.7300,0.8400
2700479,sitting,0.0039,0.0110,-1.0043,0.5250,-2.7300,0.8400
2700499,sitting,0.0037,0.0110,-1.0048,0.5250,-2.6950,0.8050
2700518,sitting,0.0041,0.0117,-1.0055,0.4900,-2.7300,0.7700
2700537,sitting,0.0039,0.0107,-1.0050,0.5250,-2.6950,0.8050
2700556,sitting,0.0044,0.0102,-1.0050,0.4550,-2.6950,0.8050
2700576,sitting,0.0032,0.0112,-1.0055,0.4900,-2.6950,0.7700
2700595,sitting,0.0044,0.0115,-1.0048,0.5250,-2.7300,0.7700
2700614,sitting,0.0051,0.0105,-1.0053,0.4900,-2.7300,0.8400
2700633,sitting,0.0044,0.0112,-1.0058,0.4900,-2.6950,0.8050
2700653,sitting,0.0041,0.0112,-1.0053,0.4900,-2.7300,0.7700
2700672,sitting,0.0039,0.0107,-1.0050,0.4900,-2.7300,0.8050
2700691,sitting,0.0037,0.0107,-1.0053,0.4900,-2.7300,0.7700
2700710,sitting,0.0039,0.0112,-1.0048,0.5250,-2.7300,0.7700
2700729,sitting,0.0024,0.0110,-1.0053,0.4900,-2.7300,0.7700
2700749,sitting,0.0027,0.0112,-1.0055,0.4900,-2.6950,0.7700
2700768,sitting,0.0039,0.0110,-1.0055,0.4900,-2.7650,0.7350
2700787,sitting,0.0049,0.0110,-1.0055,0.4900,-2.7300,0.7700
2700806,sitting,0.0041,0.0115,-1.0055,0.4900,-2.6950,0.7700
2700826,sitting,0.0034,0.0120,-1.0058,0.4900,-2.7300,0.7700
2700845,sitting,0.0034,0.0115,-1.0063,0.4900,-2.7300,0.7700
2700864,sitting,0.0027,0.0110,-1.0053,0.4900,-2.6950,0.7700
2700883,sitting,0.0034,0.0102,-1.0050,0.4900,-2.7650,0.7700
2700903,sitting,0.0039,0.0112,-1.0060,0.4900,-2.7300,0.7700
2700922,sitting,0.0041,0.0120,-1.0045,0.5250,-2.6950,0.8400
2700941,sitting,0.0037,0.0120,-1.0043,0.4900,-2.7300,0.8050
2700960,sitting,0.0037,0.0115,-1.0058,0.4550,-2.7300,0.7700
2700979,sitting,0.0039,0.0107,-1.0053,0.4900,-2.7300,0.8050
2700999,sitting,0.0027,0.0112,-1.0058,0.4900,-2.7300,0.7700
2701018,sitting,0.0027,0.0112,-1.0058,0.4900,-2.7300,0.8050
2701037,sitting,0.0041,0.0102,-1.0045,0.4900,-2.7300,0.7700
2701056,sitting,0.0039,0.0105,-1.0048,0.4900,-2.7300,0.7700
2701076,sitting,0.0032,0.0102,-1.0055,0.4550,-2.7300,0.8400
2701095,sitting,0.0041,0.0110,-1.0063,0.4900,-2.7300,0.7700
2701114,sitting,0.0041,0.0105,-1.0055,0.4550,-2.6950,0.8050
2701133,sitting,0.0024,0.0110,-1.0058,0.4550,-2.7300,0.7700
2701153,sitting,0.0037,0.0110,-1.0058,0.4900,-2.7300,0.8050
2701172,sitting,0.0029,0.0105,-1.0060,0.4200,-2.7300,0.8050
2701191,sitting,0.0022,0.0110,-1.0045,0.4550,-2.7300,0.8050
2701210,sitting,0.0037,0.0117,-1.0053,0.4900,-2.7300,0.8050
2701229,sitting,0.0044,0.0107,-1.0053,0.4900,-2.7300,0.8400
2701249,sitting,0.0039,0.0117,-1.0060,0.4550,-2.7300,0.7700
2701268,sitting,0.0032,0.0115,-1.0050,0.4900,-2.7300,0.8050
2701287,sitting,0.0037,0.0112,-1.0058,0.4900,-2.7300,0.7700
2701306,sitting,0.0034,0.0112,-1.0060,0.4900,-2.7650,0.8050
2701326,sitting,0.0037,0.0112,-1.0063,0.4900,-2.7300,0.8400
2701345,sitting,0.0049,0.0112,-1.0058,0.4550,-2.7300,0.7700
2701364,sitting,0.0034,0.0117,-1.0053,0.4550,-2.7300,0.8050
2701383,sitting,0.0034,0.0107,-1.0053,0.4900,-2.7300,0.8050
2701403,sitting,0.0034,0.0112,-1.0055,0.4550,-2.7300,0.8050
2701422,sitting,0.0041,0.0122,-1.0055,0.5250,-2.7300,0.8400
2701441,sitting,0.0037,0.0110,-1.0055,0.4900,-2.7300,0.7700
2701460,sitting,0.0037,0.0115,-1.0045,0.4900,-2.7300,0.8050
2701479,sitting,0.0037,0.0112,-1.0065,0.4900,-2.7300,0.7700
2701499,sitting,0.0034,0.0112,-1.0058,0.4900,-2.7300,0.8050
2701518,sitting,0.0027,0.0100,-1.0055,0.4550,-2.6950,0.7700
2701537,sitting,0.0041,0.0110,-1.0065,0.4900,-2.7300,0.7700
2701556,sitting,0.0039,0.0107,-1.0063,0.4900,-2.7300,0.7700
2701576,sitting,0.0041,0.0120,-1.0055,0.4900,-2.7300,0.8050
2701595,sitting,0.0049,0.0107,-1.0048,0.4900,-2.7300,0.8050
2701614,sitting,0.0046,0.0122,-1.0048,0.4900,-2.7300,0.8400
2701633,sitting,0.0037,0.0110,-1.0058,0.4900,-2.7300,0.8050
2701653,sitting,0.0034,0.0102,-1.0050,0.4900,-2.7300,0.7700
2701672,sitting,0.0039,0.0107,-1.0063,0.4900,-2.7300,0.8050
2701691,sitting,0.0037,0.0110,-1.0055,0.5250,-2.7300,0.7700
2701710,sitting,0.0024,0.0110,-1.0055,0.4900,-2.7300,0.7700
2701729,sitting,0.0034,0.0110,-1.0048,0.4550,-2.6950,0.7700
2701749,sitting,0.0032,0.0115,-1.0050,0.4900,-2.7300,0.7700
2701768,sitting,0.0032,0.0110,-1.0055,0.4900,-2.7300,0.7700
2701787,sitting,0.0037,0.0112,-1.0058,0.4900,-2.7300,0.7700
2701806,sitting,0.0039,0.0110,-1.0058,0.4900,-2.7650,0.7700
2701826,sitting,0.0039,0.0110,-1.0053,0.4900,-2.7300,0.7700
2701845,sitting,0.0037,0.0105,-1.0050,0.4900,-2.7300,0.7700
2701864,sitting,0.0037,0.0117,-1.0050,0.4550,-2.7300,0.7700
2701883,sitting,0.0032,0.0112,-1.0065,0.4900,-2.7650,0.7700
2701903,sitting,0.0037,0.0115,-1.0063,0.5250,-2.7300,0.7700
2701922,sitting,0.0037,0.0110,-1.0058,0.5250,-2.7650,0.8050
2701941,sitting,0.0037,0.0112,-1.0050,0.4900,-2.7300,0.7700
2701960,sitting,0.0039,0.0110,-1.0050,0.4900,-2.7300,0.7700
2701979,sitting,0.0044,0.0102,-1.0050,0.4550,-2.7300,0.7700
2701999,sitting,0.0034,0.0107,-1.0050,0.4200,-2.7300,0.7700
2702018,sitting,0.0034,0.0115,-1.0058,0.4900,-2.7300,0.7700
2702037,sitting,0.0039,0.0110,-1.0050,0.4900,-2.7300,0.8050
2702056,sitting,0.0046,0.0107,-1.0045,0.4900,-2.7300,0.8050
2702076,sitting,0.0027,0.0110,-1.0055,0.4550,-2.7300,0.7700
2702095,sitting,0.0034,0.0105,-1.0055,0.4900,-2.7300,0.7700
2702114,sitting,0.0032,0.0110,-1.0055,0.4200,-2.7300,0.8050
2702133,sitting,0.0037,0.0105,-1.0050,0.4550,-2.7300,0.7700
2702153,sitting,0.0041,0.0102,-1.0050,0.4200,-2.7300,0.8050
2702172,sitting,0.0037,0.0120,-1.0058,0.4550,-2.7650,0.7700
2702191,sitting,0.0037,0.0107,-1.0053,0.4900,-2.6950,0.7700
2702210,sitting,0.0044,0.0110,-1.0055,0.4900,-2.7300,0.8050
2702229,sitting,0.0037,0.0110,-1.0055,0.4900,-2.7300,0.8050
2702249,sitting,0.0041,0.0117,-1.0058,0.4900,-2.7300,0.7700
2702268,sitting,0.0032,0.0107,-1.0048,0.4900,-2.7300,0.7700
2702287,sitting,0.0034,0.0112,-1.0058,0.4900,-2.7300,0.8050
2702306,sitting,0.0034,0.0115,-1.0058,0.4550,-2.7300,0.7700
2702326,sitting,0.0032,0.0112,-1.0053,0.4550,-2.7300,0.8400
2702345,sitting,0.0027,0.0110,-1.0050,0.4900,-2.7650,0.7700
2702364,sitting,0.0032,0.0105,-1.0055,0.4900,-2.7300,0.8050
2702383,sitting,0.0037,0.0107,-1.0050,0.4900,-2.7300,0.8050
2702403,sitting,0.0044,0.0115,-1.0053,0.4900,-2.7300,0.7700
2702422,sitting,0.0039,0.0112,-1.0048,0.4900,-2.7650,0.7700
2702441,sitting,0.0041,0.0107,-1.0053,0.4900,-2.7300,0.8400
2702460,sitting,0.0039,0.0107,-1.0053,0.4900,-2.7300,0.8050
2702479,sitting,0.0032,0.0117,-1.0060,0.4900,-2.7300,0.7700
2702499,sitting,0.0032,0.0112,-1.0053,0.4900,-2.7300,0.8050
2702518,sitting,0.0041,0.0115,-1.0055,0.4900,-2.7300,0.8400
2702537,sitting,0.0029,0.0112,-1.0060,0.4900,-2.7300,0.7700
2702556,sitting,0.0037,0.0110,-1.0055,0.5250,-2.7300,0.7700
2702576,sitting,0.0039,0.0110,-1.0053,0.4900,-2.7300,0.7700
2702595,sitting,0.0037,0.0110,-1.0048,0.4900,-2.7300,0.7700
2702614,sitting,0.0029,0.0112,-1.0053,0.4900,-2.7300,0.7700
2702633,sitting,0.0027,0.0112,-1.0060,0.4900,-2.7300,0.8050
2702653,sitting,0.0032,0.0120,-1.0053,0.4900,-2.7300,0.7700
2702672,sitting,0.0027,0.0120,-1.0060,0.4900,-2.7300,0.7700
2702691,sitting,0.0032,0.0107,-1.0063,0.5250,-2.7300,0.7700
2702710,sitting,0.0046,0.0105,-1.0060,0.5250,-2.7300,0.8050
2702729,sitting,0.0027,0.0107,-1.0048,0.4900,-2.7300,0.7700
2702749,sitting,0.0032,0.0107,-1.0053,0.4900,-2.7300,0.7700
2702768,sitting,0.0032,0.0112,-1.0058,0.4900,-2.7300,0.8050
2702787,sitting,0.0039,0.0115,-1.0058,0.4900,-2.7650,0.7700
2702806,sitting,0.0034,0.0112,-1.0043,0.4900,-2.6950,0.8050
2702826,sitting,0.0041,0.0107,-1.0038,0.4900,-2.6950,0.8050
2702845,sitting,0.0039,0.0112,-1.0055,0.4900,-2.7300,0.7700
2702864,sitting,0.0039,0.0110,-1.0055,0.4900,-2.7300,0.7700
2702883,sitting,0.0046,0.0117,-1.0048,0.4550,-2.7300,0.8050
2702903,sitting,0.0029,0.0107,-1.0055,0.4900,-2.7650,0.8050
2702922,sitting,0.0034,0.0107,-1.0060,0.4900,-2.7300,0.8050
2702941,sitting,0.0049,0.0110,-1.0060,0.4900,-2.7300,0.7700
2702960,sitting,0.0034,0.0117,-1.0048,0.4900,-2.6950,0.8400
2702979,sitting,0.0037,0.0110,-1.0053,0.4900,-2.7650,0.7700
2702999,sitting,0.0039,0.0115,-1.0058,0.4900,-2.7300,0.8050
2703018,sitting,0.0041,0.0107,-1.0060,0.4900,-2.7300,0.7700
2703037,sitting,0.0034,0.0115,-1.0055,0.4900,-2.6950,0.7700
2703056,sitting,0.0034,0.0115,-1.0055,0.4900,-2.7300,0.8050
2703076,sitting,0.0037,0.0112,-1.0058,0.4900,-2.7300,0.8400
2703095,sitting,0.0039,0.0115,-1.0048,0.4900,-2.7300,0.7700
2703114,sitting,0.0029,0.0110,-1.0048,0.4900,-2.7300,0.8050
2703133,sitting,0.0034,0.0112,-1.0050,0.4900,-2.7300,0.7700
2703153,sitting,0.0037,0.0112,-1.0058,0.4550,-2.7300,0.8400
2703172,sitting,0.0044,0.0110,-1.0050,0.4900,-2.7300,0.8400
2703191,sitting,0.0039,0.0107,-1.0050,0.4900,-2.7300,0.7700
2703210,sitting,0.0041,0.0107,-1.0063,0.4900,-2.7300,0.8050
2703229,sitting,0.0037,0.0115,-1.0055,0.4550,-2.7300,0.8050
2703249,sitting,0.0029,0.0107,-1.0060,0.4900,-2.7300,0.8050
2703268,sitting,0.0037,0.0107,-1.0060,0.4900,-2.7300,0.7700
2703287,sitting,0.0039,0.0115,-1.0055,0.4900,-2.7300,0.8050
2703306,sitting,0.0037,0.0102,-1.0050,0.4900,-2.7650,0.8050
2703326,sitting,0.0039,0.0110,-1.0050,0.4900,-2.7300,0.7700
2703345,sitting,0.0034,0.0115,-1.0065,0.4900,-2.7300,0.7700
2703364,sitting,0.0032,0.0110,-1.0065,0.4900,-2.6950,0.7700
2703383,sitting,0.0024,0.0098,-1.0060,0.4900,-2.7300,0.8050
2703403,sitting,0.0039,0.0115,-1.0045,0.4900,-2.7300,0.8400
2703422,sitting,0.0037,0.0110,-1.0053,0.4900,-2.7300,0.8050
2703441,sitting,0.0039,0.0107,-1.0067,0.4900,-2.7300,0.7700
2703460,sitting,0.0037,0.0112,-1.0053,0.4900,-2.6950,0.7700
2703479,sitting,0.0044,0.0112,-1.0055,0.4900,-2.7300,0.8400
2703499,sitting,0.0041,0.0105,-1.0050,0.4900,-2.7300,0.7700
2703518,sitting,0.0034,0.0117,-1.0053,0.4550,-2.7300,0.7700
2703537,sitting,0.0037,0.0115,-1.0053,0.4900,-2.7300,0.8050
2703556,sitting,0.0029,0.0110,-1.0063,0.4900,-2.7300,0.7700
2703576,sitting,0.0032,0.0107,-1.0053,0.5250,-2.7300,0.7700
2703595,sitting,0.0039,0.0112,-1.0053,0.5250,-2.7300,0.7700
2703614,sitting,0.0037,0.0107,-1.0063,0.4900,-2.6950,0.8050
2703633,sitting,0.0027,0.0107,-1.0053,0.4900,-2.7300,0.7700
2703653,sitting,0.0037,0.0115,-1.0058,0.4900,-2.6950,0.7700
2703672,sitting,0.0041,0.0112,-1.0048,0.4900,-2.7300,0.7700
2703691,sitting,0.0037,0.0115,-1.0050,0.4900,-2.7300,0.8400
2703710,sitting,0.0037,0.0115,-1.0050,0.4900,-2.7300,0.8400
2703729,sitting,0.0039,0.0110,-1.0053,0.4900,-2.7300,0.7700
2703749,sitting,0.0039,0.0102,-1.0058,0.4900,-2.7300,0.8050
2703768,sitting,0.0027,0.0110,-1.0058,0.5250,-2.7300,0.7700
2703787,sitting,0.0027,0.0105,-1.0055,0.4900,-2.7300,0.8050
2703806,sitting,0.0037,0.0110,-1.0055,0.4900,-2.7650,0.8050
2703826,sitting,0.0039,0.0112,-1.0063,0.5250,-2.7300,0.7700
2703845,sitting,0.0037,0.0115,-1.0060,0.4550,-2.7300,0.7700
2703864,sitting,0.0034,0.0117,-1.0053,0.4550,-2.7300,0.8050
2703883,sitting,0.0041,0.0117,-1.0055,0.4900,-2.7300,0.7700
2703903,sitting,0.0046,0.0112,-1.0048,0.4900,-2.7300,0.7700
2703922,sitting,0.0039,0.0112,-1.0048,0.4550,-2.7300,0.8050
2703941,sitting,0.0032,0.0112,-1.0053,0.4900,-2.7300,0.7700
2703960,sitting,0.0041,0.0112,-1.0053,0.4550,-2.7300,0.8050
2703979,sitting,0.0034,0.0107,-1.0048,0.4550,-2.7300,0.8050
2703999,sitting,0.0034,0.0115,-1.0050,0.4550,-2.7300,0.8050
2704018,sitting,0.0029,0.0115,-1.0055,0.4550,-2.7300,0.8050
2704037,sitting,0.0044,0.0110,-1.0050,0.4900,-2.7300,0.7700
2704056,sitting,0.0034,0.0107,-1.0050,0.4550,-2.7300,0.8050
2704076,sitting,0.0029,0.0110,-1.0058,0.4550,-2.7300,0.7700
2704095,sitting,0.0039,0.0115,-1.0058,0.4900,-2.7300,0.8400
2704114,sitting,0.0044,0.0127,-1.0060,0.4550,-2.6950,0.8400
2704133,sitting,0.0029,0.0115,-1.0058,0.4900,-2.7300,0.7700
2704153,sitting,0.0029,0.0115,-1.0045,0.4900,-2.6600,0.8400
2704172,sitting,0.0039,0.0110,-1.0060,0.4900,-2.7300,0.8050
2704191,sitting,0.0037,0.0107,-1.0058,0.4900,-2.7300,0.7700
2704210,sitting,0.0024,0.0112,-1.0055,0.4900,-2.7300,0.8400
2704229,sitting,0.0024,0.0107,-1.0058,0.4900,-2.7300,0.8050
2704249,sitting,0.0029,0.0117,-1.0053,0.4900,-2.7300,0.7700
2704268,sitting,0.0032,0.0112,-1.0060,0.4900,-2.7300,0.8050
2704287,sitting,0.0024,0.0110,-1.0048,0.4900,-2.7300,0.8400
2704306,sitting,0.0032,0.0127,-1.0050,0.4900,-2.7300,0.8050
2704326,sitting,0.0034,0.0124,-1.0060,0.4900,-2.7300,0.7700
2704345,sitting,0.0041,0.0117,-1.0055,0.4900,-2.6950,0.8050
2704364,sitting,0.0029,0.0107,-1.0045,0.4900,-2.6600,0.8050
2704383,sitting,0.0034,0.0107,-1.0053,0.4900,-2.6950,0.8050
2704403,sitting,0.0037,0.0117,-1.0058,0.4900,-2.7300,0.7700
2704422,sitting,0.0034,0.0110,-1.0055,0.4900,-2.7300,0.8050
2704441,sitting,0.0027,0.0120,-1.0053,0.4900,-2.7300,0.7700
2704460,sitting,0.0032,0.0110,-1.0058,0.4900,-2.7300,0.8050
2704479,sitting,0.0034,0.0112,-1.0045,0.5250,-2.7300,0.8400
2704499,sitting,0.0029,0.0105,-1.0050,0.4550,-2.7300,0.8400
2704518,sitting,0.0029,0.0122,-1.0058,0.4900,-2.7650,0.8050
2704537,sitting,0.0046,0.0112,-1.0058,0.4900,-2.7300,0.7700
2704556,sitting,0.0041,0.0110,-1.0058,0.4900,-2.6950,0.7700
2704576,sitting,0.0039,0.0115,-1.0050,0.4900,-2.7650,0.7700
2704595,sitting,0.0037,0.0102,-1.0053,0.4900,-2.7300,0.8050
2704614,sitting,0.0034,0.0105,-1.0043,0.4550,-2.7300,0.8050
2704633,sitting,0.0034,0.0102,-1.0058,0.4900,-2.7300,0.7700
2704653,sitting,0.0041,0.0115,-1.0063,0.4550,-2.7300,0.8050
2704672,sitting,0.0029,0.0112,-1.0050,0.4900,-2.7300,0.7700
2704691,sitting,0.0037,0.0115,-1.0045,0.4900,-2.7300,0.7700
2704710,sitting,0.0037,0.0122,-1.0065,0.4900,-2.7300,0.8050
2704729,sitting,0.0037,0.0120,-1.0055,0.5250,-2.7300,0.7700
2704749,sitting,0.0041,0.0112,-1.0063,0.4900,-2.7300,0.8400
2704768,sitting,0.0039,0.0112,-1.0063,0.4900,-2.7300,0.8050
2704787,sitting,0.0034,0.0112,-1.0067,0.4900,-2.7300,0.7700
2704806,sitting,0.0029,0.0110,-1.0070,0.4900,-2.7300,0.8050
2704826,sitting,0.0039,0.0107,-1.0060,0.4550,-2.7300,0.7700
2704845,sitting,0.0032,0.0112,-1.0048,0.4900,-2.7300,0.7700
2704864,sitting,0.0034,0.0115,-1.0060,0.4900,-2.6950,0.7700
2704883,sitting,0.0044,0.0115,-1.0053,0.4900,-2.7300,0.7700
2704903,sitting,0.0049,0.0110,-1.0055,0.4900,-2.7300,0.8400
2704922,sitting,0.0044,0.0115,-1.0050,0.4550,-2.7300,0.8050
2704941,sitting,0.0049,0.0107,-1.0050,0.4550,-2.7300,0.8400
2704960,sitting,0.0032,0.0110,-1.0055,0.4550,-2.7300,0.7700
2704979,sitting,0.0029,0.0120,-1.0058,0.4550,-2.7300,0.7700
2704999,sitting,0.0044,0.0107,-1.0048,0.4200,-2.7300,0.8400
2705018,sitting,0.0044,0.0107,-1.0060,0.4550,-2.7300,0.7700
2705037,sitting,0.0044,0.0110,-1.0048,0.4900,-2.7300,0.8400
2705056,sitting,0.0041,0.0122,-1.0055,0.4900,-2.7300,0.8400
2705076,sitting,0.0027,0.0110,-1.0060,0.4900,-2.7300,0.8050
2705095,sitting,0.0032,0.0107,-1.0045,0.4900,-2.7300,0.8050
2705114,sitting,0.0032,0.0107,-1.0058,0.4900,-2.7300,0.8400
2705133,sitting,0.0041,0.0107,-1.0055,0.4900,-2.7300,0.8400
2705153,sitting,0.0041,0.0115,-1.0063,0.4900,-2.7650,0.7700
2705172,sitting,0.0037,0.0110,-1.0058,0.4900,-2.7300,0.8050
2705191,sitting,0.0032,0.0117,-1.0045,0.4900,-2.7300,0.8050
2705210,sitting,0.0039,0.0117,-1.0050,0.4550,-2.7300,0.8050
2705229,sitting,0.0044,0.0112,-1.0050,0.4900,-2.7300,0.7700
2705249,sitting,0.0041,0.0117,-1.0048,0.4900,-2.7300,0.8050
2705268,sitting,0.0032,0.0117,-1.0060,0.4900,-2.7300,0.7700
2705287,sitting,0.0034,0.0105,-1.0063,0.4900,-2.7300,0.7700
2705306,sitting,0.0032,0.0115,-1.0055,0.4900,-2.7300,0.8050
2705326,sitting,0.0034,0.0117,-1.0045,0.4900,-2.7300,0.7700
2705345,sitting,0.0032,0.0117,-1.0041,0.4900,-2.7300,0.7700
2705364,sitting,0.0032,0.0115,-1.0063,0.4900,-2.7300,0.7700
2705383,sitting,0.0032,0.0102,-1.0063,0.4900,-2.6950,0.8050
2705403,sitting,0.0039,0.0112,-1.0048,0.4900,-2.7300,0.8050
2705422,sitting,0.0037,0.0110,-1.0065,0.4900,-2.7300,0.8050
2705441,sitting,0.0037,0.0112,-1.0053,0.4550,-2.7300,0.7700
2705460,sitting,0.0039,0.0110,-1.0048,0.4900,-2.7300,0.7700
2705479,sitting,0.0034,0.0112,-1.0058,0.4550,-2.7300,0.8050
2705499,sitting,0.0034,0.0115,-1.0058,0.4900,-2.7300,0.8050
2705518,sitting,0.0027,0.0112,-1.0060,0.5250,-2.7300,0.8400
2705537,sitting,0.0037,0.0105,-1.0053,0.4900,-2.7300,0.8050
2705556,sitting,0.0044,0.0107,-1.0050,0.4900,-2.7300,0.7700
2705576,sitting,0.0034,0.0112,-1.0048,0.4900,-2.7300,0.7700
2705595,sitting,0.0044,0.0115,-1.0050,0.4900,-2.7300,0.8050
2705614,sitting,0.0029,0.0107,-1.0060,0.4900,-2.7300,0.8050
2705633,sitting,0.0046,0.0105,-1.0055,0.4900,-2.7300,0.8050
2705653,sitting,0.0034,0.0112,-1.0058,0.4550,-2.7300,0.7700
2705672,sitting,0.0037,0.0122,-1.0058,0.4900,-2.7300,0.7700
2705691,sitting,0.0027,0.0117,-1.0060,0.4900,-2.7300,0.7700
2705710,sitting,0.0037,0.0117,-1.0053,0.4900,-2.7650,0.8050
2705729,sitting,0.0027,0.0112,-1.0055,0.4900,-2.7300,0.7700
2705749,sitting,0.0024,0.0112,-1.0060,0.4900,-2.7300,0.8050
2705768,sitting,0.0037,0.0117,-1.0053,0.4550,-2.7300,0.7700
2705787,sitting,0.0041,0.0117,-1.0050,0.4900,-2.7300,0.8050
2705806,sitting,0.0032,0.0122,-1.0058,0.4900,-2.7300,0.8400
2705826,sitting,0.0041,0.0122,-1.0063,0.4900,-2.7300,0.8400
2705845,sitting,0.0037,0.0105,-1.0060,0.4900,-2.7300,0.8050
2705864,sitting,0.0022,0.0112,-1.0060,0.5250,-2.7300,0.7700
2705883,sitting,0.0032,0.0107,-1.0058,0.4900,-2.7300,0.8400
2705903,sitting,0.0032,0.0110,-1.0045,0.4900,-2.7300,0.7700
2705922,sitting,0.0029,0.0115,-1.0058,0.4900,-2.7300,0.8050
2705941,sitting,0.0032,0.0107,-1.0050,0.4900,-2.7300,0.8050
2705960,sitting,0.0041,0.0105,-1.0058,0.4900,-2.7300,0.8050
2705979,sitting,0.0041,0.0122,-1.0055,0.4900,-2.7300,0.7700
2705999,sitting,0.0032,0.0120,-1.0048,0.4900,-2.7300,0.8050
2706018,sitting,0.0046,0.0115,-1.0060,0.4200,-2.7300,0.8050
2706037,sitting,0.0039,0.0115,-1.0055,0.4900,-2.7300,0.7700
2706056,sitting,0.0044,0.0117,-1.0058,0.4900,-2.7300,0.7700
2706076,sitting,0.0041,0.0112,-1.0058,0.5250,-2.7300,0.8050
2706095,sitting,0.0034,0.0112,-1.0053,0.4900,-2.7300,0.8050
2706114,sitting,0.0037,0.0107,-1.0055,0.4900,-2.6950,0.7700
2706133,sitting,0.0029,0.0110,-1.0058,0.4200,-2.6950,0.7700
2706153,sitting,0.0037,0.0117,-1.0060,0.4900,-2.6950,0.8050
2706172,sitting,0.0039,0.0110,-1.0053,0.4900,-2.7300,0.7700
2706191,sitting,0.0041,0.0115,-1.0050,0.4900,-2.7300,0.8400
2706210,sitting,0.0037,0.0112,-1.0053,0.4200,-2.7300,0.8400
2706229,sitting,0.0039,0.0107,-1.0053,0.4900,-2.7300,0.8050
2706249,sitting,0.0029,0.0102,-1.0055,0.4900,-2.7300,0.8050
2706268,sitting,0.0029,0.0112,-1.0043,0.4900,-2.7300,0.8400
2706287,sitting,0.0032,0.0102,-1.0053,0.4900,-2.7300,0.8050
2706306,sitting,0.0037,0.0110,-1.0055,0.4900,-2.7300,0.7700
2706326,sitting,0.0034,0.0117,-1.0048,0.4900,-2.6950,0.7700
2706345,sitting,0.0039,0.0107,-1.0050,0.4900,-2.7300,0.7700
2706364,sitting,0.0032,0.0120,-1.0055,0.4900,-2.7300,0.7700
2706383,sitting,0.0029,0.0110,-1.0053,0.4900,-2.7300,0.7700
2706403,sitting,0.0027,0.0115,-1.0055,0.4900,-2.7300,0.8050
2706422,sitting,0.0032,0.0117,-1.0060,0.4900,-2.7300,0.7700
2706441,sitting,0.0032,0.0115,-1.0050,0.4900,-2.7300,0.7700
2706460,sitting,0.0039,0.0107,-1.0055,0.4550,-2.7300,0.7700
2706479,sitting,0.0041,0.0110,-1.0045,0.4900,-2.7300,0.7700
2706499,sitting,0.0037,0.0117,-1.0055,0.4900,-2.7300,0.7700
2706518,sitting,0.0041,0.0112,-1.0058,0.4900,-2.7650,0.7700
2706537,sitting,0.0049,0.0105,-1.0050,0.4900,-2.7300,0.8050
2706556,sitting,0.0039,0.0102,-1.0055,0.4900,-2.7300,0.7700
2706576,sitting,0.0039,0.0107,-1.0063,0.4900,-2.6950,0.8400
2706595,sitting,0.0041,0.0110,-1.0058,0.4900,-2.7300,0.7700
2706614,sitting,0.0039,0.0117,-1.0050,0.4900,-2.6950,0.7700
2706633,sitting,0.0039,0.0122,-1.0050,0.4900,-2.7300,0.8050
2706653,sitting,0.0037,0.0122,-1.0048,0.4900,-2.7300,0.8050
2706672,sitting,0.0037,0.0110,-1.0058,0.4900,-2.7300,0.7700
2706691,sitting,0.0039,0.0112,-1.0053,0.4900,-2.7300,0.8400
2706710,sitting,0.0034,0.0102,-1.0063,0.4550,-2.7300,0.7700
2706729,sitting,0.0029,0.0110,-1.0053,0.4550,-2.7300,0.8050
2706749,sitting,0.0034,0.0120,-1.0058,0.4900,-2.7300,0.7700
2706768,sitting,0.0034,0.0120,-1.0053,0.4900,-2.7300,0.8400
2706787,sitting,0.0041,0.0115,-1.0050,0.4900,-2.7300,0.8050
2706806,sitting,0.0037,0.0107,-1.0055,0.4200,-2.7300,0.8400
2706826,sitting,0.0024,0.0105,-1.0053,0.4550,-2.7300,0.7700
2706845,sitting,0.0032,0.0107,-1.0053,0.4900,-2.6950,0.7700
2706864,sitting,0.0037,0.0107,-1.0055,0.4550,-2.7300,0.8050
2706883,sitting,0.0029,0.0117,-1.0055,0.4900,-2.7300,0.8050
2706903,sitting,0.0041,0.0107,-1.0053,0.4900,-2.7300,0.7700
2706922,sitting,0.0034,0.0112,-1.0055,0.4900,-2.7300,0.7700
2706941,sitting,0.0034,0.0115,-1.0055,0.4900,-2.7300,0.8050
2706960,sitting,0.0032,0.0117,-1.0050,0.4900,-2.7300,0.8050
2706979,sitting,0.0037,0.0120,-1.0055,0.4900,-2.7300,0.8050
2706999,sitting,0.0044,0.0117,-1.0058,0.4550,-2.7300,0.8400
2707018,sitting,0.0039,0.0112,-1.0053,0.4550,-2.7300,0.8400
2707037,sitting,0.0037,0.0122,-1.0060,0.4900,-2.7300,0.7700
2707056,sitting,0.0049,0.0107,-1.0050,0.4900,-2.7300,0.7700
2707076,sitting,0.0039,0.0115,-1.0063,0.4900,-2.7300,0.7700
2707095,sitting,0.0027,0.0107,-1.0058,0.4900,-2.7300,0.8050
2707114,sitting,0.0037,0.0107,-1.0048,0.5250,-2.7300,0.8050
2707133,sitting,0.0037,0.0110,-1.0055,0.4900,-2.7300,0.7700
2707153,sitting,0.0034,0.0117,-1.0043,0.5250,-2.7300,0.8050
2707172,sitting,0.0044,0.0110,-1.0048,0.4900,-2.7300,0.8400
2707191,sitting,0.0034,0.0112,-1.0048,0.4900,-2.6950,0.7700
2707210,sitting,0.0029,0.0107,-1.0058,0.5600,-2.6600,0.7700
2707229,sitting,0.0034,0.0122,-1.0060,0.4900,-2.7300,0.8400
2707249,sitting,0.0039,0.0117,-1.0065,0.4900,-2.7300,0.8050
2707268,sitting,0.0039,0.0117,-1.0050,0.4900,-2.7300,0.7700
2707287,sitting,0.0041,0.0105,-1.0055,0.4550,-2.7300,0.8050
2707306,sitting,0.0039,0.0110,-1.0058,0.4900,-2.7300,0.8050
2707326,sitting,0.0037,0.0112,-1.0053,0.4900,-2.7300,0.8400
2707345,sitting,0.0024,0.0100,-1.0058,0.5250,-2.7300,0.7700
2707364,sitting,0.0041,0.0110,-1.0060,0.5250,-2.7300,0.7700
2707383,sitting,0.0044,0.0117,-1.0048,0.5250,-2.7300,0.7700
2707403,sitting,0.0044,0.0115,-1.0055,0.4900,-2.7300,0.8050
2707422,sitting,0.0046,0.0110,-1.0053,0.4900,-2.7300,0.8050
2707441,sitting,0.0034,0.0107,-1.0055,0.4900,-2.7300,0.7700
2707460,sitting,0.0039,0.0110,-1.0053,0.5250,-2.7300,0.7700
2707479,sitting,0.0034,0.0112,-1.0055,0.4900,-2.7300,0.7700
2707499,sitting,0.0037,0.0112,-1.0053,0.4900,-2.7300,0.7700
2707518,sitting,0.0039,0.0107,-1.0050,0.4900,-2.7300,0.8050
2707537,sitting,0.0037,0.0110,-1.0053,0.4900,-2.7300,0.8050
2707556,sitting,0.0034,0.0110,-1.0048,0.5250,-2.7300,0.7350
2707576,sitting,0.0039,0.0107,-1.0041,0.4900,-2.7300,0.8400
2707595,sitting,0.0029,0.0115,-1.0048,0.4900,-2.7300,0.7700
2707614,sitting,0.0039,0.0105,-1.0055,0.4900,-2.7300,0.8050
2707633,sitting,0.0032,0.0105,-1.0050,0.4900,-2.7300,0.8400
2707653,sitting,0.0027,0.0115,-1.0053,0.5250,-2.7300,0.8050
2707672,sitting,0.0041,0.0120,-1.0045,0.4550,-2.7300,0.8400
2707691,sitting,0.0039,0.0107,-1.0053,0.4550,-2.7650,0.7700
2707710,sitting,0.0034,0.0107,-1.0058,0.4900,-2.7300,0.7700
2707729,sitting,0.0029,0.0112,-1.0060,0.4900,-2.7300,0.8400
2707749,sitting,0.0044,0.0110,-1.0053,0.4900,-2.7300,0.8400
2707768,sitting,0.0037,0.0115,-1.0055,0.4900,-2.7300,0.8050
2707787,sitting,0.0029,0.0107,-1.0055,0.4900,-2.7300,0.8400
2707806,sitting,0.0032,0.0105,-1.0060,0.4550,-2.7300,0.8050
2707826,sitting,0.0029,0.0115,-1.0048,0.4900,-2.7300,0.8050
2707845,sitting,0.0029,0.0115,-1.0058,0.5250,-2.7300,0.8400
2707864,sitting,0.0039,0.0120,-1.0053,0.4550,-2.7300,0.7700
2707883,sitting,0.0039,0.0115,-1.0058,0.4550,-2.7300,0.7700
2707903,sitting,0.0037,0.0102,-1.0067,0.4200,-2.7300,0.8050
2707922,sitting,0.0039,0.0110,-1.0050,0.4550,-2.7300,0.8400
2707941,sitting,0.0034,0.0117,-1.0055,0.4550,-2.7300,0.8400
2707960,sitting,0.0046,0.0120,-1.0050,0.4900,-2.7300,0.8400
2707979,sitting,0.0027,0.0107,-1.0055,0.4550,-2.7300,0.7700
2707999,sitting,0.0034,0.0110,-1.0055,0.4900,-2.7300,0.7700
2708018,sitting,0.0037,0.0112,-1.0055,0.4900,-2.7300,0.7700
2708037,sitting,0.0041,0.0124,-1.0058,0.4550,-2.7300,0.7700
2708056,sitting,0.0032,0.0107,-1.0050,0.4900,-2.6950,0.8050
2708076,sitting,0.0037,0.0122,-1.0060,0.4900,-2.7300,0.8050
2708095,sitting,0.0039,0.0112,-1.0043,0.4550,-2.7300,0.8050
2708114,sitting,0.0041,0.0102,-1.0053,0.4900,-2.7300,0.7700
2708133,sitting,0.0032,0.0117,-1.0055,0.4900,-2.7300,0.7700
2708153,sitting,0.0037,0.0117,-1.0058,0.5250,-2.7300,0.8050
2708172,sitting,0.0039,0.0112,-1.0055,0.4900,-2.7300,0.7700
2708191,sitting,0.0037,0.0120,-1.0058,0.4900,-2.7300,0.7700
2708210,sitting,0.0037,0.0110,-1.0050,0.4900,-2.6950,0.8050
2708229,sitting,0.0032,0.0117,-1.0048,0.4900,-2.7650,0.8050
2708249,sitting,0.0032,0.0105,-1.0043,0.5600,-2.7300,0.8400
2708268,sitting,0.0032,0.0100,-1.0058,0.4900,-2.7650,0.7700
2708287,sitting,0.0034,0.0107,-1.0055,0.5250,-2.7300,0.8050
2708306,sitting,0.0022,0.0120,-1.0055,0.4900,-2.6950,0.8050
2708326,sitting,0.0027,0.0098,-1.0050,0.5250,-2.7300,0.7700
2708345,sitting,0.0034,0.0112,-1.0063,0.5250,-2.7300,0.7700
2708364,sitting,0.0032,0.0112,-1.0067,0.5250,-2.7300,0.7700
2708383,sitting,0.0032,0.0110,-1.0055,0.4900,-2.7300,0.7700
2708403,sitting,0.0037,0.0107,-1.0048,0.4900,-2.6600,0.7700
2708422,sitting,0.0041,0.0115,-1.0055,0.4900,-2.7300,0.7700
2708441,sitting,0.0044,0.0115,-1.0053,0.4900,-2.7300,0.7700
2708460,sitting,0.0034,0.0115,-1.0055,0.4900,-2.7300,0.7700
2708479,sitting,0.0027,0.0117,-1.0058,0.4900,-2.7300,0.7700
2708499,sitting,0.0034,0.0110,-1.0055,0.4900,-2.7300,0.7700
2708518,sitting,0.0041,0.0102,-1.0055,0.4900,-2.7300,0.7700
2708537,sitting,0.0039,0.0105,-1.0055,0.4900,-2.7650,0.7700
2708556,sitting,0.0027,0.0122,-1.0053,0.4900,-2.7300,0.8050
2708576,sitting,0.0029,0.0115,-1.0055,0.4900,-2.7300,0.8400
2708595,sitting,0.0032,0.0115,-1.0055,0.4900,-2.7300,0.7700
2708614,sitting,0.0039,0.0120,-1.0050,0.4900,-2.7650,0.8050
2708633,sitting,0.0037,0.0112,-1.0060,0.4900,-2.7300,0.8400
2708653,sitting,0.0039,0.0112,-1.0053,0.4900,-2.7300,0.8050
2708672,sitting,0.0039,0.0115,-1.0053,0.4550,-2.7300,0.8050
2708691,sitting,0.0039,0.0115,-1.0060,0.4550,-2.7300,0.7700
2708710,sitting,0.0037,0.0110,-1.0055,0.4900,-2.7300,0.7700
2708729,sitting,0.0029,0.0107,-1.0048,0.4550,-2.7300,0.8050
2708749,sitting,0.0037,0.0110,-1.0060,0.4900,-2.7300,0.8050
2708768,sitting,0.0046,0.0117,-1.0065,0.4900,-2.7300,0.7700
2708787,sitting,0.0029,0.0112,-1.0055,0.4550,-2.6950,0.7700
2708806,sitting,0.0041,0.0107,-1.0053,0.4550,-2.6950,0.7700
2708826,sitting,0.0034,0.0120,-1.0058,0.4550,-2.7300,0.8050
2708845,sitting,0.0041,0.0117,-1.0058,0.4550,-2.7300,0.7700
2708864,sitting,0.0041,0.0115,-1.0048,0.4550,-2.7300,0.8050
2708883,sitting,0.0029,0.0117,-1.0053,0.4900,-2.7300,0.7700
2708903,sitting,0.0041,0.0110,-1.0058,0.5250,-2.7300,0.7700
2708922,sitting,0.0039,0.0115,-1.0053,0.4550,-2.7300,0.7700
2708941,sitting,0.0034,0.0110,-1.0045,0.4900,-2.7650,0.7700
2708960,sitting,0.0037,0.0115,-1.0045,0.4550,-2.7300,0.8400
2708979,sitting,0.0037,0.0112,-1.0058,0.4900,-2.7300,0.8050
2708999,sitting,0.0039,0.0107,-1.0060,0.4900,-2.7300,0.8050
2709018,sitting,0.0032,0.0105,-1.0048,0.4900,-2.7300,0.8050
2709037,sitting,0.0032,0.0112,-1.0055,0.4900,-2.7300,0.8050
2709056,sitting,0.0032,0.0117,-1.0055,0.4900,-2.7300,0.7700
2709076,sitting,0.0032,0.0107,-1.0053,0.4900,-2.7300,0.7700
2709095,sitting,0.0037,0.0110,-1.0060,0.4550,-2.7300,0.7700
2709114,sitting,0.0037,0.0117,-1.0055,0.4900,-2.7300,0.7700
2709133,sitting,0.0027,0.0112,-1.0055,0.4900,-2.7300,0.8050
2709153,sitting,0.0029,0.0107,-1.0067,0.4900,-2.6950,0.8050
2709172,sitting,0.0032,0.0117,-1.0060,0.4900,-2.6950,0.8400
2709191,sitting,0.0032,0.0117,-1.0053,0.4900,-2.7300,0.7700
2709210,sitting,0.0032,0.0117,-1.0063,0.4900,-2.7300,0.7700
2709229,sitting,0.0034,0.0117,-1.0060,0.5250,-2.7300,0.7700
2709249,sitting,0.0046,0.0115,-1.0063,0.4900,-2.7300,0.7700
2709268,sitting,0.0041,0.0110,-1.0060,0.4900,-2.6950,0.8400
2709287,sitting,0.0034,0.0105,-1.0053,0.4900,-2.7300,0.8050
2709306,sitting,0.0032,0.0120,-1.0055,0.4900,-2.7300,0.7700
2709326,sitting,0.0041,0.0120,-1.0065,0.4900,-2.6950,0.7700
2709345,sitting,0.0037,0.0120,-1.0065,0.4900,-2.7300,0.7700
2709364,sitting,0.0037,0.0115,-1.0055,0.4900,-2.7300,0.7700
2709383,sitting,0.0041,0.0117,-1.0053,0.4900,-2.7300,0.7700
2709403,sitting,0.0034,0.0117,-1.0055,0.4900,-2.7300,0.7700
2709422,sitting,0.0037,0.0120,-1.0058,0.4900,-2.7300,0.7700
2709441,sitting,0.0034,0.0107,-1.0067,0.4550,-2.7300,0.7700
2709460,sitting,0.0044,0.0105,-1.0060,0.4550,-2.6950,0.7700
2709479,sitting,0.0051,0.0110,-1.0058,0.4900,-2.7300,0.8050
2709499,sitting,0.0046,0.0107,-1.0055,0.4550,-2.7300,0.7700
2709518,sitting,0.0039,0.0110,-1.0050,0.4900,-2.7300,0.7700
2709537,sitting,0.0027,0.0112,-1.0050,0.4900,-2.7300,0.8050
2709556,sitting,0.0046,0.0110,-1.0058,0.4900,-2.7300,0.7700
2709576,sitting,0.0041,0.0107,-1.0055,0.4900,-2.7300,0.7700
2709595,sitting,0.0044,0.0115,-1.0055,0.4900,-2.7300,0.7700
2709614,sitting,0.0037,0.0107,-1.0058,0.4900,-2.7300,0.8400
2709633,sitting,0.0029,0.0105,-1.0053,0.4900,-2.6950,0.7700
2709653,sitting,0.0029,0.0105,-1.0065,0.4900,-2.7300,0.7700
2709672,sitting,0.0032,0.0107,-1.0053,0.4900,-2.6950,0.7700
2709691,sitting,0.0027,0.0117,-1.0063,0.4550,-2.7300,0.8050
2709710,sitting,0.0029,0.0120,-1.0053,0.4900,-2.7300,0.7700
2709729,sitting,0.0032,0.0105,-1.0045,0.4900,-2.7300,0.7700
2709749,sitting,0.0037,0.0112,-1.0050,0.4550,-2.6950,0.8050
2709768,sitting,0.0034,0.0107,-1.0053,0.4550,-2.7300,0.8050
2709787,sitting,0.0039,0.0112,-1.0045,0.4900,-2.7300,0.8050
2709806,sitting,0.0039,0.0117,-1.0058,0.4900,-2.7300,0.7700
2709826,sitting,0.0039,0.0120,-1.0060,0.4200,-2.7650,0.8050
2709845,sitting,0.0034,0.0107,-1.0055,0.4550,-2.7300,0.8400
2709864,sitting,0.0037,0.0105,-1.0058,0.5250,-2.7300,0.8050
2709883,sitting,0.0032,0.0112,-1.0055,0.4550,-2.7300,0.7700
2709903,sitting,0.0034,0.0107,-1.0067,0.4550,-2.7300,0.7700
2709922,sitting,0.0037,0.0105,-1.0060,0.4550,-2.7300,0.8050
2709941,sitting,0.0037,0.0110,-1.0048,0.4900,-2.7300,0.8400
2709960,sitting,0.0039,0.0112,-1.0050,0.4900,-2.7300,0.8400
2709979,sitting,0.0044,0.0117,-1.0053,0.4900,-2.7300,0.7700
2709999,sitting,0.0041,0.0110,-1.0058,0.4900,-2.7300,0.8050
2710018,sitting,0.0037,0.0112,-1.0045,0.4900,-2.6950,0.7700
2710037,sitting,0.0029,0.0107,-1.0048,0.4900,-2.7300,0.7700
2710056,sitting,0.0032,0.0110,-1.0055,0.4900,-2.7300,0.8050
2710076,sitting,0.0044,0.0117,-1.0060,0.4900,-2.7650,0.8050
2710095,sitting,0.0041,0.0117,-1.0053,0.4900,-2.7300,0.8400
2710114,sitting,0.0032,0.0122,-1.0053,0.4900,-2.7300,0.8400
2710133,sitting,0.0039,0.0112,-1.0053,0.5250,-2.7300,0.8050
2710153,sitting,0.0039,0.0112,-1.0060,0.4900,-2.7300,0.7700
2710172,sitting,0.0037,0.0107,-1.0048,0.4900,-2.7300,0.8400
2710191,sitting,0.0039,0.0105,-1.0050,0.4900,-2.7300,0.7700
2710210,sitting,0.0041,0.0105,-1.0058,0.4900,-2.7300,0.8050
2710229,sitting,0.0046,0.0105,-1.0055,0.4900,-2.7300,0.7700
2710249,sitting,0.0037,0.0102,-1.0050,0.4900,-2.7300,0.8050
2710268,sitting,0.0032,0.0110,-1.0053,0.5250,-2.7300,0.8050
2710287,sitting,0.0039,0.0102,-1.0060,0.4900,-2.7300,0.7700
2710306,sitting,0.0037,0.0115,-1.0060,0.4900,-2.7300,0.7700
2710326,sitting,0.0034,0.0117,-1.0048,0.4900,-2.6950,0.7700
2710345,sitting,0.0039,0.0127,-1.0041,0.4900,-2.7300,0.7700
2710364,sitting,0.0034,0.0110,-1.0053,0.4900,-2.7300,0.7700
2710383,sitting,0.0039,0.0120,-1.0045,0.4900,-2.7300,0.8400
2710403,sitting,0.0044,0.0120,-1.0053,0.4900,-2.7300,0.8050
2710422,sitting,0.0037,0.0107,-1.0050,0.4900,-2.7300,0.7700
2710441,sitting,0.0037,0.0110,-1.0043,0.4900,-2.7300,0.7700
2710460,sitting,0.0039,0.0115,-1.0050,0.4550,-2.7300,0.7700
2710479,sitting,0.0037,0.0107,-1.0058,0.4550,-2.7300,0.7700
2710499,sitting,0.0037,0.0110,-1.0060,0.4200,-2.6950,0.8400
2710518,sitting,0.0037,0.0117,-1.0053,0.4900,-2.7300,0.7700
2710537,sitting,0.0032,0.0112,-1.0058,0.5250,-2.7300,0.8400
2710556,sitting,0.0044,0.0107,-1.0063,0.4900,-2.7300,0.7700
2710576,sitting,0.0032,0.0122,-1.0050,0.4900,-2.7300,0.7700
2710595,sitting,0.0032,0.0115,-1.0058,0.4900,-2.7300,0.7700
2710614,sitting,0.0034,0.0115,-1.0053,0.4900,-2.7300,0.7700
2710633,sitting,0.0034,0.0122,-1.0053,0.4900,-2.7300,0.7700
2710653,sitting,0.0032,0.0105,-1.0050,0.4550,-2.7300,0.7700
2710672,sitting,0.0027,0.0115,-1.0060,0.4550,-2.7300,0.8050
2710691,sitting,0.0034,0.0115,-1.0060,0.4900,-2.7300,0.7700
2710710,sitting,0.0029,0.0110,-1.0060,0.4900,-2.7300,0.8050
2710729,sitting,0.0032,0.0112,-1.0048,0.4550,-2.7300,0.8400
2710749,sitting,0.0041,0.0110,-1.0055,0.4900,-2.7300,0.7700
2710768,sitting,0.0044,0.0127,-1.0055,0.4550,-2.7300,0.8400
2710787,sitting,0.0037,0.0115,-1.0065,0.4550,-2.7300,0.8400
2710806,sitting,0.0034,0.0117,-1.0065,0.4900,-2.7300,0.8050
2710826,sitting,0.0032,0.0120,-1.0060,0.4900,-2.7300,0.8050
2710845,sitting,0.0037,0.0112,-1.0060,0.4900,-2.7300,0.7700
2710864,sitting,0.0034,0.0115,-1.0050,0.4900,-2.7300,0.8050
2710883,sitting,0.0044,0.0107,-1.0050,0.4550,-2.7300,0.7700
2710903,sitting,0.0032,0.0105,-1.0050,0.4900,-2.7300,0.7700
2710922,sitting,0.0032,0.0115,-1.0050,0.4900,-2.6950,0.8050
2710941,sitting,0.0032,0.0110,-1.0055,0.4900,-2.6950,0.7700
2710960,sitting,0.0039,0.0107,-1.0065,0.4900,-2.7300,0.7700
2710979,sitting,0.0037,0.0112,-1.0048,0.4900,-2.7300,0.7700
2710999,sitting,0.0039,0.0117,-1.0053,0.4900,-2.6950,0.8050
2711018,sitting,0.0034,0.0107,-1.0045,0.4900,-2.7300,0.8050
2711037,sitting,0.0039,0.0100,-1.0055,0.4900,-2.7300,0.8050
2711056,sitting,0.0037,0.0100,-1.0058,0.4900,-2.6950,0.7700
2711076,sitting,0.0044,0.0122,-1.0045,0.4900,-2.6950,0.7700
2711095,sitting,0.0039,0.0115,-1.0043,0.4900,-2.7300,0.7700
2711114,sitting,0.0039,0.0112,-1.0058,0.4900,-2.7300,0.8400
2711133,sitting,0.0037,0.0107,-1.0055,0.4900,-2.6600,0.7700
2711153,sitting,0.0034,0.0110,-1.0060,0.4900,-2.7300,0.7700
2711172,sitting,0.0039,0.0120,-1.0050,0.4900,-2.7300,0.8050
2711191,sitting,0.0046,0.0107,-1.0048,0.5250,-2.7300,0.7700
2711210,sitting,0.0032,0.0105,-1.0050,0.4900,-2.7300,0.8050
2711229,sitting,0.0032,0.0115,-1.0053,0.4900,-2.7300,0.7700
2711249,sitting,0.0037,0.0115,-1.0050,0.4900,-2.6950,0.7700
2711268,sitting,0.0029,0.0115,-1.0067,0.5250,-2.7300,0.7700
2711287,sitting,0.0046,0.0112,-1.0055,0.4550,-2.7300,0.8050
2711306,sitting,0.0037,0.0115,-1.0058,0.4200,-2.7300,0.8050
2711326,sitting,0.0044,0.0124,-1.0058,0.4900,-2.7300,0.8050
2711345,sitting,0.0034,0.0115,-1.0050,0.4900,-2.7300,0.7700
2711364,sitting,0.0037,0.0107,-1.0053,0.4900,-2.7300,0.8050
2711383,sitting,0.0044,0.0110,-1.0060,0.4900,-2.7300,0.7700
2711403,sitting,0.0037,0.0115,-1.0053,0.4900,-2.7300,0.7700
2711422,sitting,0.0029,0.0107,-1.0045,0.4900,-2.7300,0.8050
2711441,sitting,0.0037,0.0110,-1.0050,0.4900,-2.7300,0.7700
2711460,sitting,0.0041,0.0115,-1.0067,0.4550,-2.7300,0.7700
2711479,sitting,0.0034,0.0110,-1.0058,0.4900,-2.7300,0.7700
2711499,sitting,0.0032,0.0112,-1.0048,0.5250,-2.7300,0.8400
2711518,sitting,0.0039,0.0102,-1.0055,0.4900,-2.7300,0.8050
2711537,sitting,0.0024,0.0102,-1.0058,0.4900,-2.7300,0.7700
2711556,sitting,0.0032,0.0115,-1.0055,0.4900,-2.7300,0.8400
2711576,sitting,0.0044,0.0112,-1.0063,0.4900,-2.7300,0.7700
2711595,sitting,0.0032,0.0115,-1.0060,0.4550,-2.7300,0.8050
2711614,sitting,0.0037,0.0112,-1.0053,0.4900,-2.7300,0.7700
2711633,sitting,0.0041,0.0112,-1.0048,0.4900,-2.7300,0.8400
2711653,sitting,0.0044,0.0107,-1.0055,0.4550,-2.7300,0.8400
2711672,sitting,0.0034,0.0112,-1.0053,0.4550,-2.7300,0.8050
2711691,sitting,0.0037,0.0117,-1.0043,0.4900,-2.7300,0.8400
2711710,sitting,0.0032,0.0112,-1.0048,0.4900,-2.7300,0.8400
2711729,sitting,0.0037,0.0115,-1.0045,0.4900,-2.7300,0.7700
2711749,sitting,0.0037,0.0115,-1.0055,0.4900,-2.7650,0.7700
2711768,sitting,0.0032,0.0112,-1.0053,0.4550,-2.7650,0.7700
2711787,sitting,0.0039,0.0120,-1.0048,0.4900,-2.7300,0.8050
2711806,sitting,0.0037,0.0107,-1.0043,0.4900,-2.7300,0.8400
2711826,sitting,0.0041,0.0120,-1.0053,0.4900,-2.7300,0.8050
2711845,sitting,0.0037,0.0107,-1.0045,0.4900,-2.7300,0.7700
2711864,sitting,0.0032,0.0112,-1.0048,0.4900,-2.6950,0.7700
2711883,sitting,0.0037,0.0117,-1.0058,0.4900,-2.7300,0.8050
2711903,sitting,0.0039,0.0117,-1.0060,0.4900,-2.7300,0.8050
2711922,sitting,0.0032,0.0120,-1.0065,0.4900,-2.7300,0.8400
2711941,sitting,0.0044,0.0117,-1.0050,0.4900,-2.7300,0.8050
2711960,sitting,0.0027,0.0112,-1.0045,0.4550,-2.7300,0.7700
2711979,sitting,0.0024,0.0110,-1.0055,0.4900,-2.6950,0.7700
2711999,sitting,0.0044,0.0112,-1.0058,0.4900,-2.7300,0.8050
2712018,sitting,0.0041,0.0105,-1.0055,0.4900,-2.7300,0.8050
2712037,sitting,0.0041,0.0115,-1.0055,0.4550,-2.7300,0.8400
2712056,sitting,0.0039,0.0117,-1.0055,0.4900,-2.6950,0.8400
2712076,sitting,0.0041,0.0120,-1.0055,0.4550,-2.6950,0.7700
2712095,sitting,0.0034,0.0110,-1.0053,0.4900,-2.7300,0.7700
2712114,sitting,0.0024,0.0107,-1.0058,0.4550,-2.7300,0.7700
2712133,sitting,0.0049,0.0117,-1.0053,0.4900,-2.7300,0.7700
2712153,sitting,0.0027,0.0112,-1.0055,0.4900,-2.7300,0.7700
2712172,sitting,0.0039,0.0102,-1.0058,0.4900,-2.7300,0.7700
2712191,sitting,0.0027,0.0100,-1.0055,0.5250,-2.7300,0.7700
2712210,sitting,0.0039,0.0102,-1.0067,0.4900,-2.6950,0.7700
2712229,sitting,0.0034,0.0122,-1.0067,0.5250,-2.7300,0.7700
2712249,sitting,0.0034,0.0110,-1.0050,0.5250,-2.7300,0.7700
2712268,sitting,0.0041,0.0107,-1.0058,0.4900,-2.7300,0.7700
2712287,sitting,0.0041,0.0107,-1.0050,0.4900,-2.7300,0.7700
2712306,sitting,0.0034,0.0107,-1.0058,0.4900,-2.7300,0.7700
2712326,sitting,0.0032,0.0110,-1.0060,0.4900,-2.7300,0.7700
2712345,sitting,0.0029,0.0107,-1.0055,0.4900,-2.6950,0.8050
2712364,sitting,0.0029,0.0107,-1.0058,0.4550,-2.7300,0.8050
2712383,sitting,0.0029,0.0117,-1.0058,0.5250,-2.7300,0.7700
2712403,sitting,0.0037,0.0107,-1.0058,0.4900,-2.7300,0.7700
2712422,sitting,0.0034,0.0112,-1.0055,0.4900,-2.7300,0.8400
2712441,sitting,0.0034,0.0112,-1.0053,0.4550,-2.7300,0.7700
2712460,sitting,0.0034,0.0102,-1.0065,0.4550,-2.7300,0.7700
2712479,sitting,0.0041,0.0107,-1.0058,0.4900,-2.7300,0.8050
2712499,sitting,0.0037,0.0107,-1.0055,0.4900,-2.7300,0.8400
2712518,sitting,0.0024,0.0107,-1.0058,0.4550,-2.7300,0.7700
2712537,sitting,0.0024,0.0098,-1.0058,0.4900,-2.7300,0.8400
2712556,sitting,0.0027,0.0112,-1.0060,0.4550,-2.7300,0.8400
2712576,sitting,0.0032,0.0117,-1.0053,0.4550,-2.7300,0.8050
2712595,sitting,0.0029,0.0107,-1.0050,0.5250,-2.7300,0.7700
2712614,sitting,0.0029,0.0115,-1.0048,0.4900,-2.7300,0.8400
2712633,sitting,0.0034,0.0110,-1.0060,0.4550,-2.7300,0.7700
2712653,sitting,0.0029,0.0090,-1.0050,0.4550,-2.7650,0.7700
2712672,sitting,0.0034,0.0105,-1.0058,0.4900,-2.7300,0.8400
2712691,sitting,0.0044,0.0120,-1.0050,0.4550,-2.7300,0.8050
2712710,sitting,0.0041,0.0110,-1.0055,0.4900,-2.7300,0.7700
2712729,sitting,0.0034,0.0107,-1.0058,0.4550,-2.7300,0.8050
2712749,sitting,0.0041,0.0098,-1.0063,0.4550,-2.7300,0.8050
2712768,sitting,0.0044,0.0105,-1.0055,0.4900,-2.7300,0.8400
2712787,sitting,0.0041,0.0110,-1.0053,0.4900,-2.7300,0.8050
2712806,sitting,0.0032,0.0117,-1.0048,0.4900,-2.7300,0.7700
2712826,sitting,0.0039,0.0105,-1.0045,0.4900,-2.7650,0.7700
2712845,sitting,0.0044,0.0112,-1.0053,0.4900,-2.7300,0.8050
2712864,sitting,0.0041,0.0105,-1.0053,0.4900,-2.7300,0.8050
2712883,sitting,0.0034,0.0112,-1.0050,0.4900,-2.7300,0.8050
2712903,sitting,0.0034,0.0117,-1.0050,0.4900,-2.7300,0.8400
2712922,sitting,0.0041,0.0117,-1.0043,0.5250,-2.7300,0.8400
2712941,sitting,0.0034,0.0110,-1.0053,0.4900,-2.7300,0.7700
2712960,sitting,0.0032,0.0110,-1.0053,0.4900,-2.7300,0.8050
2712979,sitting,0.0044,0.0110,-1.0053,0.4900,-2.6950,0.7700
2712999,sitting,0.0041,0.0117,-1.0045,0.4900,-2.7300,0.7700
2713018,sitting,0.0041,0.0117,-1.0063,0.4900,-2.7300,0.8050
2713037,sitting,0.0029,0.0102,-1.0045,0.4900,-2.7300,0.8050
2713056,sitting,0.0034,0.0115,-1.0041,0.5250,-2.7300,0.7700
2713076,sitting,0.0037,0.0112,-1.0043,0.4200,-2.7300,0.7700
2713095,sitting,0.0039,0.0110,-1.0050,0.4900,-2.7650,0.7700
2713114,sitting,0.0046,0.0107,-1.0050,0.4550,-2.7650,0.7700
2713133,sitting,0.0044,0.0110,-1.0065,0.4900,-2.7300,0.7700
2713153,sitting,0.0034,0.0107,-1.0050,0.4900,-2.7300,0.8050
2713172,sitting,0.0032,0.0107,-1.0050,0.4900,-2.7300,0.7700
2713191,sitting,0.0034,0.0115,-1.0053,0.4550,-2.7300,0.8050
2713210,sitting,0.0029,0.0110,-1.0060,0.4900,-2.7300,0.7700
2713229,sitting,0.0029,0.0107,-1.0045,0.4900,-2.7300,0.8400
2713249,sitting,0.0039,0.0110,-1.0048,0.4900,-2.7300,0.8050
2713268,sitting,0.0037,0.0115,-1.0041,0.4900,-2.6950,0.7700
2713287,sitting,0.0039,0.0112,-1.0058,0.4900,-2.7300,0.7700
2713306,sitting,0.0037,0.0117,-1.0055,0.4550,-2.7300,0.8050
2713326,sitting,0.0039,0.0117,-1.0067,0.4900,-2.7300,0.8050
2713345,sitting,0.0041,0.0107,-1.0058,0.4900,-2.7300,0.7700
2713364,sitting,0.0034,0.0105,-1.0055,0.5250,-2.7300,0.8050
2713383,sitting,0.0037,0.0110,-1.0048,0.4900,-2.7300,0.7700
2713403,sitting,0.0034,0.0117,-1.0058,0.4900,-2.7300,0.7700
2713422,sitting,0.0024,0.0120,-1.0058,0.4550,-2.7300,0.7700
2713441,sitting,0.0032,0.0117,-1.0050,0.4900,-2.7300,0.7700
2713460,sitting,0.0032,0.0110,-1.0050,0.4900,-2.7300,0.8400
2713479,sitting,0.0027,0.0112,-1.0053,0.4900,-2.7300,0.7700
2713499,sitting,0.0041,0.0112,-1.0053,0.4900,-2.7300,0.8050
2713518,sitting,0.0034,0.0117,-1.0045,0.4900,-2.7300,0.7700
2713537,sitting,0.0044,0.0110,-1.0053,0.4550,-2.7300,0.8050
2713556,sitting,0.0039,0.0105,-1.0060,0.4200,-2.7300,0.7700
2713576,sitting,0.0039,0.0110,-1.0053,0.4900,-2.7300,0.8050
2713595,sitting,0.0039,0.0105,-1.0053,0.4550,-2.7650,0.8050
2713614,sitting,0.0029,0.0117,-1.0063,0.4550,-2.7300,0.8400
2713633,sitting,0.0037,0.0105,-1.0058,0.4900,-2.7300,0.7700
2713653,sitting,0.0037,0.0105,-1.0063,0.4900,-2.7300,0.7700
2713672,sitting,0.0034,0.0117,-1.0055,0.4200,-2.7300,0.8400
2713691,sitting,0.0027,0.0115,-1.0060,0.4550,-2.7300,0.8400
2713710,sitting,0.0044,0.0110,-1.0050,0.4900,-2.7300,0.8400
2713729,sitting,0.0037,0.0122,-1.0060,0.4550,-2.7650,0.8400
2713749,sitting,0.0041,0.0107,-1.0055,0.4900,-2.7300,0.7700
2713768,sitting,0.0039,0.0110,-1.0050,0.4900,-2.7300,0.7700
2713787,sitting,0.0034,0.0112,-1.0058,0.5250,-2.7300,0.8050
2713806,sitting,0.0037,0.0112,-1.0063,0.4900,-2.7300,0.7700
2713826,sitting,0.0044,0.0112,-1.0053,0.4900,-2.7300,0.7700
2713845,sitting,0.0044,0.0112,-1.0048,0.4900,-2.7300,0.8400
2713864,sitting,0.0037,0.0105,-1.0055,0.5250,-2.7300,0.8050
2713883,sitting,0.0029,0.0110,-1.0045,0.4900,-2.7300,0.8400
2713903,sitting,0.0034,0.0112,-1.0055,0.4900,-2.7300,0.8050
2713922,sitting,0.0041,0.0115,-1.0053,0.4900,-2.7300,0.8400
2713941,sitting,0.0044,0.0110,-1.0050,0.4900,-2.7300,0.8050
2713960,sitting,0.0039,0.0110,-1.0058,0.4900,-2.7300,0.8400
2713979,sitting,0.0037,0.0107,-1.0058,0.5250,-2.7300,0.8050
2713999,sitting,0.0037,0.0117,-1.0050,0.4900,-2.7300,0.8050
2714018,sitting,0.0034,0.0107,-1.0050,0.4900,-2.7300,0.8050
2714037,sitting,0.0029,0.0112,-1.0053,0.4900,-2.7300,0.7700
2714056,sitting,0.0032,0.0117,-1.0058,0.4900,-2.7300,0.7700
2714076,sitting,0.0044,0.0105,-1.0060,0.4900,-2.7300,0.7700
2714095,sitting,0.0039,0.0110,-1.0055,0.4900,-2.7300,0.8050
2714114,sitting,0.0034,0.0107,-1.0053,0.4900,-2.7300,0.7700
2714133,sitting,0.0037,0.0115,-1.0055,0.4900,-2.7300,0.7700
2714153,sitting,0.0039,0.0112,-1.0058,0.4900,-2.7300,0.8400
2714172,sitting,0.0041,0.0112,-1.0055,0.4900,-2.7300,0.7700
2714191,sitting,0.0032,0.0102,-1.0053,0.4550,-2.6950,0.8050
2714210,sitting,0.0044,0.0107,-1.0063,0.5250,-2.7300,0.8050
2714229,sitting,0.0046,0.0112,-1.0045,0.4550,-2.7300,0.8050
2714249,sitting,0.0032,0.0115,-1.0048,0.4900,-2.7300,0.7700
2714268,sitting,0.0039,0.0112,-1.0063,0.5250,-2.7300,0.8050
2714287,sitting,0.0032,0.0112,-1.0043,0.4900,-2.7300,0.7700
2714306,sitting,0.0034,0.0120,-1.0050,0.4900,-2.7300,0.8050
2714326,sitting,0.0029,0.0112,-1.0058,0.4550,-2.7300,0.8050
2714345,sitting,0.0032,0.0110,-1.0053,0.4900,-2.7300,0.8050
2714364,sitting,0.0020,0.0115,-1.0067,0.4550,-2.7300,0.7700
2714383,sitting,0.0037,0.0107,-1.0063,0.4900,-2.7300,0.7700
2714403,sitting,0.0041,0.0112,-1.0055,0.4550,-2.7300,0.7700
2714422,sitting,0.0037,0.0112,-1.0060,0.4900,-2.7300,0.8400
2714441,sitting,0.0034,0.0112,-1.0060,0.4550,-2.7650,0.8400
2714460,sitting,0.0034,0.0112,-1.0058,0.4900,-2.7300,0.7700
2714479,sitting,0.0039,0.0110,-1.0055,0.4900,-2.7300,0.8050
2714499,sitting,0.0039,0.0110,-1.0053,0.4900,-2.7300,0.7700
2714518,sitting,0.0037,0.0110,-1.0053,0.4900,-2.7300,0.8400
2714537,sitting,0.0032,0.0102,-1.0060,0.4900,-2.7300,0.7700
2714556,sitting,0.0022,0.0110,-1.0050,0.4900,-2.6950,0.8400
2714576,sitting,0.0034,0.0117,-1.0060,0.4900,-2.7300,0.8400
2714595,sitting,0.0034,0.0112,-1.0055,0.4900,-2.7300,0.8400
2714614,sitting,0.0041,0.0122,-1.0053,0.4900,-2.7300,0.8050
2714633,sitting,0.0041,0.0120,-1.0055,0.4900,-2.7300,0.7700
2714653,sitting,0.0027,0.0105,-1.0058,0.4900,-2.7300,0.8050
2714672,sitting,0.0027,0.0100,-1.0058,0.4900,-2.7300,0.8400
2714691,sitting,0.0029,0.0110,-1.0050,0.4900,-2.7300,0.7700
2714710,sitting,0.0032,0.0117,-1.0053,0.4550,-2.7300,0.7700
2714729,sitting,0.0039,0.0120,-1.0053,0.4900,-2.7300,0.8050
2714749,sitting,0.0032,0.0117,-1.0053,0.4900,-2.7300,0.8050
2714768,sitting,0.0039,0.0110,-1.0053,0.4900,-2.7300,0.8400
2714787,sitting,0.0032,0.0110,-1.0053,0.4900,-2.7300,0.8050
2714806,sitting,0.0032,0.0112,-1.0050,0.4900,-2.7300,0.8050
2714826,sitting,0.0044,0.0112,-1.0050,0.4900,-2.7300,0.8050
2714845,sitting,0.0037,0.0110,-1.0058,0.4900,-2.7300,0.8050
2714864,sitting,0.0029,0.0107,-1.0041,0.4900,-2.7300,0.7700
2714883,sitting,0.0029,0.0110,-1.0045,0.4900,-2.7300,0.8050
2714903,sitting,0.0022,0.0098,-1.0050,0.4900,-2.6950,0.8050
2714922,sitting,0.0032,0.0107,-1.0058,0.4550,-2.7300,0.7700
2714941,sitting,0.0041,0.0112,-1.0050,0.4900,-2.7300,0.7700
2714960,sitting,0.0039,0.0115,-1.0067,0.4900,-2.6950,0.7700
2714979,sitting,0.0039,0.0117,-1.0053,0.4900,-2.7300,0.8050
2714999,sitting,0.0039,0.0107,-1.0050,0.4900,-2.7300,0.7700
2715018,sitting,0.0039,0.0112,-1.0055,0.4900,-2.7300,0.7700
2715037,sitting,0.0041,0.0107,-1.0058,0.4900,-2.7300,0.7700
2715056,sitting,0.0039,0.0110,-1.0060,0.4900,-2.7300,0.7350
2715076,sitting,0.0041,0.0110,-1.0053,0.4900,-2.6950,0.8050
2715095,sitting,0.0032,0.0110,-1.0048,0.4900,-2.7300,0.7700
2715114,sitting,0.0032,0.0107,-1.0045,0.4900,-2.7300,0.8050
2715133,sitting,0.0034,0.0107,-1.0058,0.4900,-2.6950,0.7700
2715153,sitting,0.0044,0.0105,-1.0060,0.4900,-2.7300,0.7700
2715172,sitting,0.0037,0.0115,-1.0055,0.4550,-2.7300,0.8400
2715191,sitting,0.0027,0.0117,-1.0055,0.4550,-2.7300,0.7700
2715210,sitting,0.0034,0.0117,-1.0048,0.4900,-2.7300,0.8050
2715229,sitting,0.0032,0.0105,-1.0045,0.4900,-2.7300,0.8050
2715249,sitting,0.0032,0.0107,-1.0055,0.4900,-2.7300,0.7700
2715268,sitting,0.0044,0.0117,-1.0053,0.4550,-2.7300,0.7700
2715287,sitting,0.0034,0.0115,-1.0055,0.4900,-2.7300,0.8050
2715306,sitting,0.0037,0.0117,-1.0055,0.4900,-2.7300,0.8050
2715326,sitting,0.0039,0.0112,-1.0058,0.4550,-2.7300,0.7700
2715345,sitting,0.0037,0.0110,-1.0045,0.4900,-2.7300,0.7700
2715364,sitting,0.0034,0.0110,-1.0050,0.4900,-2.7300,0.7700
2715383,sitting,0.0034,0.0107,-1.0050,0.4550,-2.7300,0.8050
2715403,sitting,0.0039,0.0112,-1.0063,0.4900,-2.6950,0.8400
2715422,sitting,0.0029,0.0110,-1.0063,0.4550,-2.7300,0.7700
2715441,sitting,0.0024,0.0117,-1.0053,0.4900,-2.7300,0.8050
2715460,sitting,0.0029,0.0122,-1.0055,0.4900,-2.7300,0.8050
2715479,sitting,0.0039,0.0110,-1.0053,0.4900,-2.7300,0.8400
2715499,sitting,0.0037,0.0100,-1.0050,0.4550,-2.7300,0.8400
2715518,sitting,0.0032,0.0100,-1.0050,0.4550,-2.7300,0.8400
2715537,sitting,0.0024,0.0112,-1.0050,0.4200,-2.7300,0.8400
2715556,sitting,0.0034,0.0110,-1.0060,0.4550,-2.7300,0.7700
2715576,sitting,0.0032,0.0105,-1.0053,0.4900,-2.7300,0.8050
2715595,sitting,0.0039,0.0105,-1.0048,0.4900,-2.6950,0.8050
2715614,sitting,0.0029,0.0115,-1.0045,0.4900,-2.7300,0.8050
2715633,sitting,0.0027,0.0117,-1.0055,0.4900,-2.7300,0.8400
2715653,sitting,0.0037,0.0112,-1.0060,0.4900,-2.7300,0.8050
2715672,sitting,0.0039,0.0102,-1.0063,0.4900,-2.7300,0.8050
2715691,sitting,0.0034,0.0115,-1.0055,0.4900,-2.6950,0.8050
2715710,sitting,0.0032,0.0110,-1.0058,0.4900,-2.7300,0.8050
2715729,sitting,0.0034,0.0110,-1.0050,0.4900,-2.7650,0.8400
2715749,sitting,0.0032,0.0115,-1.0050,0.4900,-2.7300,0.7700
2715768,sitting,0.0039,0.0115,-1.0043,0.4550,-2.7300,0.7700
2715787,sitting,0.0037,0.0115,-1.0058,0.4900,-2.6950,0.8050
2715806,sitting,0.0027,0.0112,-1.0053,0.4900,-2.7300,0.8050
2715826,sitting,0.0027,0.0115,-1.0045,0.4900,-2.7300,0.8050
2715845,sitting,0.0037,0.0120,-1.0048,0.4900,-2.7300,0.7700
2715864,sitting,0.0032,0.0117,-1.0050,0.4900,-2.6950,0.7700
2715883,sitting,0.0034,0.0112,-1.0063,0.4900,-2.7300,0.7700
2715903,sitting,0.0034,0.0107,-1.0053,0.4900,-2.7300,0.8400
2715922,sitting,0.0034,0.0105,-1.0050,0.4900,-2.7650,0.7700
2715941,sitting,0.0029,0.0100,-1.0055,0.4900,-2.7300,0.7700
2715960,sitting,0.0029,0.0105,-1.0055,0.5250,-2.7300,0.7700
2715979,sitting,0.0027,0.0115,-1.0048,0.4550,-2.7300,0.7700
2715999,sitting,0.0039,0.0115,-1.0045,0.5250,-2.7300,0.8050
2716018,sitting,0.0041,0.0117,-1.0055,0.4900,-2.7300,0.7700
2716037,sitting,0.0034,0.0107,-1.0063,0.4900,-2.7300,0.8050
2716056,sitting,0.0029,0.0120,-1.0045,0.5250,-2.7300,0.8050
2716076,sitting,0.0041,0.0110,-1.0048,0.4900,-2.7300,0.7700
2716095,sitting,0.0041,0.0115,-1.0050,0.4900,-2.7300,0.7700
2716114,sitting,0.0039,0.0107,-1.0053,0.4900,-2.7300,0.7700
2716133,sitting,0.0029,0.0102,-1.0053,0.4900,-2.7300,0.7700
2716153,sitting,0.0029,0.0115,-1.0067,0.4900,-2.7300,0.8050
2716172,sitting,0.0034,0.0110,-1.0060,0.4900,-2.7300,0.8050
2716191,sitting,0.0034,0.0117,-1.0053,0.4550,-2.7300,0.7700
2716210,sitting,0.0037,0.0120,-1.0053,0.4900,-2.7300,0.7700
2716229,sitting,0.0034,0.0105,-1.0050,0.4900,-2.7300,0.7700
2716249,sitting,0.0032,0.0117,-1.0043,0.4900,-2.7300,0.7700
2716268,sitting,0.0034,0.0120,-1.0050,0.4900,-2.7300,0.7700
2716287,sitting,0.0037,0.0112,-1.0050,0.4550,-2.7300,0.7700
2716306,sitting,0.0029,0.0107,-1.0058,0.4900,-2.7300,0.8050
2716326,sitting,0.0041,0.0105,-1.0063,0.4900,-2.7300,0.8050
2716345,sitting,0.0034,0.0110,-1.0053,0.5250,-2.7300,0.8050
2716364,sitting,0.0029,0.0105,-1.0053,0.4900,-2.6950,0.8050
2716383,sitting,0.0027,0.0107,-1.0050,0.4550,-2.7300,0.8050
2716403,sitting,0.0039,0.0110,-1.0055,0.4900,-2.7300,0.8050
2716422,sitting,0.0044,0.0120,-1.0053,0.4200,-2.7650,0.7700
2716441,sitting,0.0037,0.0115,-1.0043,0.4900,-2.7300,0.8400
2716460,sitting,0.0041,0.0110,-1.0050,0.4900,-2.7300,0.8400
2716479,sitting,0.0044,0.0115,-1.0050,0.4900,-2.6600,0.8400
2716499,sitting,0.0049,0.0117,-1.0050,0.4900,-2.7300,0.8050
2716518,sitting,0.0044,0.0112,-1.0048,0.4900,-2.7300,0.7700
2716537,sitting,0.0029,0.0117,-1.0048,0.4900,-2.7300,0.8050
2716556,sitting,0.0039,0.0117,-1.0060,0.4900,-2.7300,0.7700
2716576,sitting,0.0029,0.0107,-1.0058,0.4900,-2.7300,0.8050
2716595,sitting,0.0032,0.0107,-1.0060,0.4900,-2.7300,0.8050
2716614,sitting,0.0034,0.0117,-1.0048,0.4900,-2.7300,0.8400
2716633,sitting,0.0046,0.0112,-1.0053,0.4550,-2.7300,0.8050
2716653,sitting,0.0037,0.0107,-1.0058,0.4900,-2.7300,0.8400
2716672,sitting,0.0034,0.0112,-1.0055,0.4900,-2.7300,0.7700
2716691,sitting,0.0044,0.0117,-1.0050,0.4900,-2.7300,0.8400
2716710,sitting,0.0037,0.0115,-1.0060,0.4900,-2.7300,0.8050
2716729,sitting,0.0034,0.0112,-1.0060,0.4900,-2.6950,0.8050
2716749,sitting,0.0034,0.0120,-1.0055,0.4900,-2.6600,0.8400
2716768,sitting,0.0029,0.0110,-1.0048,0.5250,-2.6950,0.8400
2716787,sitting,0.0037,0.0115,-1.0053,0.4900,-2.7300,0.8050
2716806,sitting,0.0039,0.0115,-1.0053,0.5250,-2.7300,0.7700
2716826,sitting,0.0037,0.0110,-1.0058,0.5250,-2.7300,0.7700
2716845,sitting,0.0037,0.0112,-1.0050,0.4900,-2.7300,0.7700
2716864,sitting,0.0051,0.0115,-1.0067,0.5250,-2.6950,0.7700
2716883,sitting,0.0037,0.0112,-1.0058,0.4900,-2.7300,0.7700
2716903,sitting,0.0039,0.0117,-1.0041,0.5250,-2.7300,0.7700
2716922,sitting,0.0037,0.0115,-1.0045,0.4900,-2.6950,0.8050
2716941,sitting,0.0027,0.0112,-1.0045,0.4900,-2.6950,0.7700
2716960,sitting,0.0027,0.0107,-1.0050,0.5250,-2.7300,0.7700
2716979,sitting,0.0032,0.0112,-1.0053,0.4900,-2.7300,0.7700
2716999,sitting,0.0032,0.0107,-1.0050,0.4900,-2.7300,0.7700
2717018,sitting,0.0041,0.0115,-1.0048,0.4900,-2.7300,0.7700
2717037,sitting,0.0029,0.0115,-1.0055,0.4900,-2.7300,0.8400
2717056,sitting,0.0032,0.0110,-1.0058,0.4900,-2.7300,0.7700
2717076,sitting,0.0029,0.0112,-1.0053,0.4900,-2.7300,0.7700
2717095,sitting,0.0039,0.0115,-1.0050,0.4900,-2.7300,0.7700
2717114,sitting,0.0032,0.0107,-1.0048,0.5250,-2.7300,0.7700
2717133,sitting,0.0032,0.0110,-1.0050,0.5250,-2.7300,0.7700
2717153,sitting,0.0034,0.0107,-1.0053,0.4900,-2.7300,0.8050
2717172,sitting,0.0041,0.0105,-1.0053,0.4900,-2.7300,0.7700
2717191,sitting,0.0027,0.0105,-1.0053,0.4900,-2.7300,0.7700
2717210,sitting,0.0034,0.0112,-1.0050,0.4900,-2.7300,0.8050
2717229,sitting,0.0034,0.0122,-1.0058,0.4900,-2.7300,0.7700
2717249,sitting,0.0032,0.0117,-1.0048,0.4900,-2.7300,0.7700
2717268,sitting,0.0039,0.0110,-1.0055,0.5250,-2.7650,0.8050
2717287,sitting,0.0037,0.0117,-1.0053,0.4900,-2.7300,0.8050
2717306,sitting,0.0037,0.0120,-1.0050,0.4900,-2.7300,0.7700
2717326,sitting,0.0037,0.0112,-1.0048,0.4900,-2.7300,0.8050
2717345,sitting,0.0027,0.0112,-1.0060,0.4550,-2.7300,0.8050
2717364,sitting,0.0029,0.0120,-1.0053,0.4550,-2.7300,0.8050
2717383,sitting,0.0037,0.0117,-1.0045,0.4900,-2.7300,0.8050
2717403,sitting,0.0041,0.0105,-1.0048,0.4900,-2.7300,0.8050
2717422,sitting,0.0037,0.0107,-1.0055,0.4900,-2.7300,0.8050
2717441,sitting,0.0032,0.0112,-1.0048,0.4900,-2.7300,0.7700
2717460,sitting,0.0032,0.0105,-1.0048,0.4550,-2.7300,0.7700
2717479,sitting,0.0037,0.0110,-1.0048,0.4900,-2.7300,0.8050
2717499,sitting,0.0044,0.0122,-1.0048,0.4900,-2.7300,0.7700
2717518,sitting,0.0046,0.0112,-1.0058,0.4550,-2.7300,0.7700
2717537,sitting,0.0049,0.0115,-1.0050,0.4550,-2.7300,0.8050
2717556,sitting,0.0044,0.0105,-1.0048,0.4900,-2.7300,0.7700
2717576,sitting,0.0032,0.0110,-1.0050,0.4900,-2.7300,0.8050
2717595,sitting,0.0037,0.0112,-1.0055,0.4900,-2.6950,0.8050
2717614,sitting,0.0039,0.0107,-1.0058,0.4550,-2.7650,0.8400
2717633,sitting,0.0032,0.0120,-1.0053,0.4900,-2.7300,0.8050
2717653,sitting,0.0034,0.0115,-1.0063,0.4900,-2.7300,0.8050
2717672,sitting,0.0044,0.0105,-1.0050,0.4900,-2.7300,0.8400
2717691,sitting,0.0051,0.0098,-1.0050,0.4550,-2.7300,0.7700
2717710,sitting,0.0037,0.0112,-1.0067,0.5250,-2.7300,0.7700
2717729,sitting,0.0044,0.0110,-1.0058,0.4900,-2.7300,0.8050
2717749,sitting,0.0041,0.0105,-1.0060,0.4900,-2.6950,0.8050
2717768,sitting,0.0041,0.0110,-1.0063,0.4900,-2.7300,0.8400
2717787,sitting,0.0037,0.0117,-1.0060,0.4900,-2.7300,0.7700
2717806,sitting,0.0029,0.0110,-1.0063,0.4900,-2.7300,0.7700
2717826,sitting,0.0039,0.0117,-1.0050,0.4900,-2.7300,0.8050
2717845,sitting,0.0037,0.0120,-1.0055,0.4900,-2.7300,0.7700
2717864,sitting,0.0029,0.0110,-1.0058,0.5250,-2.6950,0.8050
2717883,sitting,0.0039,0.0112,-1.0053,0.5250,-2.7300,0.7700
2717903,sitting,0.0039,0.0107,-1.0058,0.5250,-2.7300,0.7700
2717922,sitting,0.0027,0.0115,-1.0050,0.4900,-2.7300,0.7700
2717941,sitting,0.0029,0.0115,-1.0048,0.4900,-2.7300,0.7700
2717960,sitting,0.0029,0.0115,-1.0060,0.4900,-2.7300,0.8050
2717979,sitting,0.0037,0.0107,-1.0053,0.4900,-2.7300,0.8050
2717999,sitting,0.0032,0.0110,-1.0050,0.4900,-2.6950,0.8400
2718018,sitting,0.0037,0.0105,-1.0053,0.4900,-2.7300,0.7700
2718037,sitting,0.0039,0.0115,-1.0063,0.4900,-2.7300,0.8050
2718056,sitting,0.0024,0.0112,-1.0053,0.4900,-2.6950,0.7700
2718076,sitting,0.0037,0.0105,-1.0050,0.4900,-2.7300,0.7700
2718095,sitting,0.0037,0.0110,-1.0058,0.4900,-2.7300,0.7700
2718114,sitting,0.0032,0.0120,-1.0058,0.4900,-2.7300,0.7700
2718133,sitting,0.0027,0.0110,-1.0058,0.4900,-2.7300,0.7700
2718153,sitting,0.0032,0.0105,-1.0048,0.4900,-2.7300,0.7700
2718172,sitting,0.0029,0.0112,-1.0055,0.4900,-2.7300,0.7700
2718191,sitting,0.0022,0.0110,-1.0060,0.5600,-2.7300,0.7700
2718210,sitting,0.0024,0.0107,-1.0060,0.4900,-2.7300,0.7700
2718229,sitting,0.0034,0.0117,-1.0045,0.4900,-2.7300,0.8050
2718249,sitting,0.0032,0.0110,-1.0050,0.4900,-2.7300,0.8400
2718268,sitting,0.0024,0.0107,-1.0055,0.4900,-2.7300,0.7700
2718287,sitting,0.0049,0.0117,-1.0058,0.4900,-2.7300,0.8050
2718306,sitting,0.0051,0.0120,-1.0055,0.4900,-2.7300,0.7700
2718326,sitting,0.0037,0.0112,-1.0055,0.4900,-2.7300,0.7700
2718345,sitting,0.0032,0.0115,-1.0053,0.4550,-2.7300,0.7700
2718364,sitting,0.0039,0.0107,-1.0053,0.4550,-2.7300,0.8050
2718383,sitting,0.0034,0.0107,-1.0050,0.4550,-2.6950,0.7700
2718403,sitting,0.0022,0.0100,-1.0058,0.4900,-2.7300,0.8050
2718422,sitting,0.0032,0.0100,-1.0060,0.4900,-2.7300,0.7700
2718441,sitting,0.0034,0.0107,-1.0048,0.4200,-2.7300,0.7700
2718460,sitting,0.0039,0.0110,-1.0053,0.4900,-2.7300,0.8400
2718479,sitting,0.0032,0.0110,-1.0058,0.4900,-2.7300,0.7700
2718499,sitting,0.0029,0.0115,-1.0055,0.4900,-2.7300,0.8400
2718518,sitting,0.0032,0.0105,-1.0065,0.4900,-2.7300,0.8400
2718537,sitting,0.0032,0.0107,-1.0045,0.4900,-2.7300,0.7700
2718556,sitting,0.0037,0.0102,-1.0055,0.4550,-2.7300,0.8050
2718576,sitting,0.0032,0.0117,-1.0053,0.4900,-2.7300,0.7700
2718595,sitting,0.0029,0.0105,-1.0055,0.4200,-2.6600,0.8050
2718614,sitting,0.0034,0.0112,-1.0050,0.4900,-2.7300,0.8050
2718633,sitting,0.0037,0.0107,-1.0045,0.4900,-2.7300,0.8400
2718653,sitting,0.0034,0.0112,-1.0058,0.4550,-2.7300,0.8050
2718672,sitting,0.0039,0.0100,-1.0048,0.4900,-2.7300,0.8050
2718691,sitting,0.0037,0.0110,-1.0063,0.4900,-2.7300,0.8050
2718710,sitting,0.0032,0.0117,-1.0053,0.4900,-2.7300,0.8400
2718729,sitting,0.0034,0.0115,-1.0060,0.4900,-2.7300,0.8400
2718749,sitting,0.0032,0.0107,-1.0060,0.5250,-2.7300,0.8400
2718768,sitting,0.0034,0.0110,-1.0065,0.4900,-2.6950,0.8050
2718787,sitting,0.0037,0.0112,-1.0053,0.4900,-2.7300,0.7700
2718806,sitting,0.0029,0.0115,-1.0048,0.4900,-2.7300,0.8050
2718826,sitting,0.0027,0.0107,-1.0045,0.5250,-2.6950,0.8050
2718845,sitting,0.0034,0.0115,-1.0053,0.4900,-2.7300,0.8050
2718864,sitting,0.0039,0.0120,-1.0045,0.4900,-2.7300,0.7700
2718883,sitting,0.0041,0.0105,-1.0045,0.4900,-2.7300,0.7700
2718903,sitting,0.0034,0.0107,-1.0050,0.4900,-2.7300,0.8050
2718922,sitting,0.0034,0.0115,-1.0053,0.4900,-2.7300,0.7700
2718941,sitting,0.0032,0.0110,-1.0058,0.4900,-2.7300,0.7700
2718960,sitting,0.0034,0.0117,-1.0063,0.5250,-2.7300,0.7700
2718979,sitting,0.0029,0.0122,-1.0048,0.4900,-2.7300,0.8050
2718999,sitting,0.0037,0.0110,-1.0055,0.4900,-2.7300,0.7700
2719018,sitting,0.0041,0.0115,-1.0065,0.4550,-2.7300,0.7700
2719037,sitting,0.0054,0.0110,-1.0050,0.4900,-2.7650,0.8050
2719056,sitting,0.0037,0.0110,-1.0043,0.4900,-2.7300,0.7700
2719076,sitting,0.0037,0.0112,-1.0050,0.4900,-2.7300,0.7700
2719095,sitting,0.0039,0.0112,-1.0050,0.4900,-2.7300,0.7700
2719114,sitting,0.0034,0.0112,-1.0053,0.4900,-2.7300,0.7700
2719133,sitting,0.0046,0.0117,-1.0048,0.4900,-2.7300,0.7700
2719153,sitting,0.0041,0.0112,-1.0048,0.4900,-2.7300,0.8400
2719172,sitting,0.0032,0.0110,-1.0053,0.4900,-2.7650,0.8050
2719191,sitting,0.0022,0.0110,-1.0050,0.4900,-2.7300,0.8050
2719210,sitting,0.0049,0.0115,-1.0055,0.4900,-2.6950,0.8050
2719229,sitting,0.0044,0.0107,-1.0055,0.4900,-2.6950,0.8050
2719249,sitting,0.0039,0.0112,-1.0048,0.4900,-2.7300,0.8050
2719268,sitting,0.0029,0.0117,-1.0055,0.4900,-2.7300,0.7700
2719287,sitting,0.0037,0.0107,-1.0055,0.4550,-2.7300,0.8050
2719306,sitting,0.0029,0.0115,-1.0055,0.4550,-2.7300,0.8400
2719326,sitting,0.0027,0.0117,-1.0048,0.4900,-2.7300,0.8050
2719345,sitting,0.0022,0.0112,-1.0053,0.4550,-2.7300,0.8050
2719364,sitting,0.0029,0.0110,-1.0048,0.4900,-2.7300,0.7700
2719383,sitting,0.0041,0.0115,-1.0058,0.4900,-2.7300,0.7700
2719403,sitting,0.0039,0.0110,-1.0060,0.4900,-2.7300,0.7700
2719422,sitting,0.0032,0.0117,-1.0050,0.4900,-2.7300,0.7700
2719441,sitting,0.0029,0.0112,-1.0055,0.4200,-2.7300,0.8400
2719460,sitting,0.0032,0.0120,-1.0053,0.4900,-2.7300,0.8400
2719479,sitting,0.0032,0.0115,-1.0045,0.4900,-2.7300,0.8050
2719499,sitting,0.0039,0.0112,-1.0058,0.4550,-2.7300,0.8050
2719518,sitting,0.0029,0.0110,-1.0055,0.4900,-2.7300,0.8050
2719537,sitting,0.0032,0.0110,-1.0050,0.4550,-2.7300,0.8400
2719556,sitting,0.0029,0.0102,-1.0050,0.4900,-2.6600,0.8050
2719576,sitting,0.0027,0.0100,-1.0055,0.4900,-2.7300,0.8400
2719595,sitting,0.0029,0.0110,-1.0050,0.4900,-2.7300,0.8050
2719614,sitting,0.0037,0.0120,-1.0060,0.4900,-2.7300,0.8050
2719633,sitting,0.0041,0.0127,-1.0060,0.4900,-2.6950,0.7700
2719653,sitting,0.0037,0.0102,-1.0058,0.4900,-2.7300,0.8050
2719672,sitting,0.0032,0.0120,-1.0063,0.5250,-2.7300,0.7700
2719691,sitting,0.0039,0.0112,-1.0063,0.5600,-2.7300,0.7700
2719710,sitting,0.0039,0.0120,-1.0050,0.4900,-2.7300,0.7700
2719729,sitting,0.0034,0.0112,-1.0053,0.4900,-2.7300,0.7700
2719749,sitting,0.0041,0.0110,-1.0053,0.4900,-2.7650,0.7700
2719768,sitting,0.0032,0.0102,-1.0063,0.4900,-2.7300,0.8400
2719787,sitting,0.0032,0.0107,-1.0067,0.4550,-2.6950,0.8400
2719806,sitting,0.0032,0.0117,-1.0045,0.4900,-2.7300,0.7700
2719826,sitting,0.0041,0.0112,-1.0063,0.5250,-2.7300,0.7350
2719845,sitting,0.0039,0.0107,-1.0055,0.5250,-2.7300,0.7700
2719864,sitting,0.0032,0.0115,-1.0067,0.4900,-2.7300,0.7700
2719883,sitting,0.0046,0.0105,-1.0055,0.4900,-2.7300,0.8050
2719903,sitting,0.0041,0.0112,-1.0055,0.4900,-2.7300,0.8400
2719922,sitting,0.0037,0.0115,-1.0043,0.4900,-2.7300,0.7700
2719941,sitting,0.0046,0.0115,-1.0048,0.4900,-2.7300,0.7700
2719960,sitting,0.0046,0.0107,-1.0050,0.4900,-2.6950,0.8050
2719979,sitting,0.0032,0.0107,-1.0055,0.4900,-2.7300,0.7700
2719999,sitting,0.0032,0.0117,-1.0070,0.4900,-2.7300,0.7700
2720018,sitting,0.0037,0.0117,-1.0058,0.4900,-2.7300,0.8050
2720037,sitting,0.0037,0.0107,-1.0055,0.4550,-2.7300,0.7700
2720056,sitting,0.0037,0.0107,-1.0058,0.4900,-2.7300,0.7700
2720076,sitting,0.0039,0.0112,-1.0053,0.4900,-2.7300,0.7700
2720095,sitting,0.0039,0.0110,-1.0053,0.4550,-2.7300,0.7700
2720114,sitting,0.0039,0.0110,-1.0055,0.4900,-2.7300,0.7700
2720133,sitting,0.0044,0.0120,-1.0053,0.4900,-2.6950,0.7700
2720153,sitting,0.0046,0.0117,-1.0053,0.4900,-2.7300,0.7700
2720172,sitting,0.0032,0.0112,-1.0050,0.4900,-2.7300,0.7700
2720191,sitting,0.0032,0.0117,-1.0065,0.4550,-2.7300,0.7700
2720210,sitting,0.0029,0.0110,-1.0058,0.4900,-2.7300,0.8050
2720229,sitting,0.0041,0.0115,-1.0045,0.4200,-2.7300,0.7700
2720249,sitting,0.0034,0.0115,-1.0063,0.4900,-2.7300,0.7700
2720268,sitting,0.0037,0.0117,-1.0058,0.4900,-2.7300,0.8400
2720287,sitting,0.0034,0.0105,-1.0063,0.4900,-2.7300,0.7700
2720306,sitting,0.0029,0.0112,-1.0045,0.4200,-2.7300,0.8400
2720326,sitting,0.0046,0.0107,-1.0045,0.4200,-2.7300,0.8050
2720345,sitting,0.0037,0.0095,-1.0053,0.4900,-2.6600,0.7700
2720364,sitting,0.0041,0.0102,-1.0060,0.4550,-2.7300,0.7700
2720383,sitting,0.0039,0.0115,-1.0048,0.4200,-2.7300,0.8050
2720403,sitting,0.0034,0.0110,-1.0055,0.4550,-2.7300,0.8400
2720422,sitting,0.0041,0.0120,-1.0053,0.4900,-2.7300,0.8400
2720441,sitting,0.0041,0.0110,-1.0050,0.4900,-2.6950,0.8400
2720460,sitting,0.0032,0.0117,-1.0045,0.4900,-2.7300,0.8050
2720479,sitting,0.0032,0.0122,-1.0060,0.4900,-2.6950,0.8050
2720499,sitting,0.0032,0.0117,-1.0055,0.4550,-2.7300,0.8400
2720518,sitting,0.0029,0.0117,-1.0048,0.4900,-2.7300,0.8400
2720537,sitting,0.0032,0.0105,-1.0053,0.4900,-2.7300,0.8400
2720556,sitting,0.0041,0.0115,-1.0048,0.4550,-2.7300,0.8400
2720576,sitting,0.0041,0.0110,-1.0053,0.4550,-2.7300,0.8050
2720595,sitting,0.0029,0.0105,-1.0053,0.4550,-2.7300,0.7700
2720614,sitting,0.0029,0.0102,-1.0048,0.4900,-2.6950,0.7700
2720633,sitting,0.0044,0.0098,-1.0060,0.4900,-2.7300,0.8050
2720653,sitting,0.0037,0.0110,-1.0050,0.4900,-2.6950,0.7700
2720672,sitting,0.0029,0.0122,-1.0055,0.4900,-2.6950,0.8050
2720691,sitting,0.0032,0.0117,-1.0053,0.4900,-2.7300,0.7700
2720710,sitting,0.0037,0.0110,-1.0053,0.4900,-2.7300,0.8050
2720729,sitting,0.0049,0.0117,-1.0053,0.4200,-2.7300,0.8050
2720749,sitting,0.0039,0.0115,-1.0060,0.5250,-2.6950,0.7700
2720768,sitting,0.0032,0.0117,-1.0053,0.5250,-2.6600,0.7700
2720787,sitting,0.0024,0.0102,-1.0053,0.5250,-2.7300,0.7700
2720806,sitting,0.0037,0.0117,-1.0055,0.4900,-2.7300,0.7700
2720826,sitting,0.0029,0.0107,-1.0058,0.4900,-2.7300,0.7700
2720845,sitting,0.0024,0.0107,-1.0055,0.4900,-2.7300,0.7700
2720864,sitting,0.0032,0.0115,-1.0065,0.4900,-2.6950,0.7700
2720883,sitting,0.0034,0.0110,-1.0053,0.4900,-2.7300,0.7700
2720903,sitting,0.0034,0.0105,-1.0058,0.4900,-2.7300,0.7700
2720922,sitting,0.0029,0.0110,-1.0055,0.4900,-2.6950,0.7700
2720941,sitting,0.0037,0.0110,-1.0058,0.4900,-2.7300,0.7700
2720960,sitting,0.0034,0.0122,-1.0050,0.4900,-2.7300,0.7700
2720979,sitting,0.0034,0.0112,-1.0048,0.4900,-2.7650,0.7700
2720999,sitting,0.0041,0.0110,-1.0050,0.4900,-2.7300,0.7700
2721018,sitting,0.0027,0.0105,-1.0055,0.4550,-2.7300,0.7700
2721037,sitting,0.0029,0.0102,-1.0058,0.4900,-2.7300,0.8050
2721056,sitting,0.0037,0.0107,-1.0055,0.4900,-2.7300,0.7700
2721076,sitting,0.0039,0.0110,-1.0058,0.4550,-2.7300,0.7700
2721095,sitting,0.0029,0.0102,-1.0055,0.4900,-2.7650,0.7700
2721114,sitting,0.0039,0.0122,-1.0053,0.4900,-2.7300,0.8050
2721133,sitting,0.0046,0.0115,-1.0058,0.4900,-2.7300,0.8400
2721153,sitting,0.0034,0.0117,-1.0058,0.4900,-2.7300,0.8400
2721172,sitting,0.0032,0.0107,-1.0050,0.4900,-2.7300,0.8050
2721191,sitting,0.0032,0.0112,-1.0053,0.4900,-2.7300,0.7700
2721210,sitting,0.0032,0.0117,-1.0048,0.4900,-2.7300,0.7700
2721229,sitting,0.0034,0.0120,-1.0055,0.4550,-2.7300,0.7700
2721249,sitting,0.0037,0.0115,-1.0050,0.4900,-2.7300,0.8050
2721268,sitting,0.0037,0.0105,-1.0050,0.4900,-2.7300,0.8050
2721287,sitting,0.0037,0.0112,-1.0048,0.4900,-2.7300,0.8050
2721306,sitting,0.0032,0.0110,-1.0048,0.4900,-2.7300,0.8050
2721326,sitting,0.0034,0.0112,-1.0063,0.4200,-2.7300,0.8050
2721345,sitting,0.0027,0.0117,-1.0063,0.4200,-2.7300,0.7700
2721364,sitting,0.0037,0.0110,-1.0048,0.4550,-2.7300,0.7700
2721383,sitting,0.0029,0.0112,-1.0058,0.4900,-2.7300,0.8050
2721403,sitting,0.0034,0.0120,-1.0053,0.4900,-2.7300,0.8050
2721422,sitting,0.0039,0.0107,-1.0048,0.4200,-2.7300,0.8050
2721441,sitting,0.0041,0.0102,-1.0058,0.4550,-2.7300,0.7700
2721460,sitting,0.0037,0.0112,-1.0060,0.4900,-2.6950,0.7700
2721479,sitting,0.0024,0.0112,-1.0053,0.4900,-2.7300,0.7700
2721499,sitting,0.0039,0.0110,-1.0050,0.4200,-2.7300,0.8050
2721518,sitting,0.0037,0.0117,-1.0058,0.4900,-2.6950,0.7700
2721537,sitting,0.0027,0.0112,-1.0053,0.4550,-2.7300,0.8400
2721556,sitting,0.0034,0.0110,-1.0053,0.4900,-2.7300,0.8050
2721576,sitting,0.0041,0.0110,-1.0055,0.4900,-2.6950,0.7700
2721595,sitting,0.0029,0.0115,-1.0055,0.4900,-2.7300,0.8050
2721614,sitting,0.0029,0.0122,-1.0045,0.4900,-2.7300,0.7700
2721633,sitting,0.0037,0.0110,-1.0058,0.4550,-2.7300,0.8050
2721653,sitting,0.0037,0.0112,-1.0045,0.4550,-2.6950,0.7700
2721672,sitting,0.0044,0.0107,-1.0043,0.4550,-2.7300,0.8050
2721691,sitting,0.0034,0.0115,-1.0045,0.4900,-2.7300,0.7700
2721710,sitting,0.0032,0.0102,-1.0048,0.4900,-2.7300,0.7700
2721729,sitting,0.0034,0.0112,-1.0050,0.4900,-2.7300,0.7700
2721749,sitting,0.0029,0.0107,-1.0050,0.4900,-2.7300,0.8400
2721768,sitting,0.0034,0.0120,-1.0055,0.4900,-2.7300,0.8050
2721787,sitting,0.0037,0.0110,-1.0050,0.4900,-2.7300,0.8050
2721806,sitting,0.0034,0.0105,-1.0050,0.4900,-2.7300,0.7700
2721826,sitting,0.0034,0.0115,-1.0045,0.4900,-2.7300,0.7700
2721845,sitting,0.0032,0.0127,-1.0050,0.4900,-2.7300,0.7700
2721864,sitting,0.0029,0.0117,-1.0058,0.4550,-2.7300,0.7700
2721883,sitting,0.0044,0.0110,-1.0045,0.4900,-2.7300,0.7700
2721903,sitting,0.0039,0.0117,-1.0043,0.4900,-2.7300,0.7700
2721922,sitting,0.0037,0.0112,-1.0041,0.4900,-2.7300,0.7700
2721941,sitting,0.0029,0.0110,-1.0048,0.4900,-2.7300,0.8400
2721960,sitting,0.0037,0.0105,-1.0050,0.4900,-2.7300,0.7700
2721979,sitting,0.0041,0.0117,-1.0060,0.4900,-2.7300,0.7700
2721999,sitting,0.0029,0.0112,-1.0060,0.4900,-2.7300,0.7700
2722018,sitting,0.0037,0.0112,-1.0058,0.4900,-2.7650,0.7700
2722037,sitting,0.0034,0.0117,-1.0055,0.4900,-2.7300,0.7700
2722056,sitting,0.0032,0.0115,-1.0055,0.4900,-2.7300,0.7700
2722076,sitting,0.0027,0.0112,-1.0060,0.4550,-2.7300,0.8050
2722095,sitting,0.0034,0.0110,-1.0048,0.4900,-2.7300,0.8050
2722114,sitting,0.0034,0.0112,-1.0058,0.4900,-2.7300,0.8050
2722133,sitting,0.0039,0.0107,-1.0043,0.4900,-2.7300,0.7700
2722153,sitting,0.0032,0.0110,-1.0045,0.4900,-2.7300,0.8050
2722172,sitting,0.0024,0.0112,-1.0050,0.4550,-2.7300,0.7700
2722191,sitting,0.0034,0.0110,-1.0048,0.4900,-2.7300,0.7700
2722210,sitting,0.0022,0.0110,-1.0053,0.4900,-2.7300,0.8050
2722229,sitting,0.0034,0.0110,-1.0053,0.4550,-2.7300,0.7700
2722249,sitting,0.0039,0.0115,-1.0053,0.4550,-2.6950,0.7700
2722268,sitting,0.0037,0.0122,-1.0058,0.4900,-2.6950,0.7700
2722287,sitting,0.0032,0.0120,-1.0060,0.4900,-2.7300,0.8050
2722306,sitting,0.0032,0.0115,-1.0050,0.4900,-2.6950,0.8050
2722326,sitting,0.0039,0.0112,-1.0060,0.4550,-2.7300,0.7700
2722345,sitting,0.0034,0.0117,-1.0055,0.4550,-2.7650,0.7700
2722364,sitting,0.0029,0.0107,-1.0050,0.4550,-2.7300,0.7700
2722383,sitting,0.0041,0.0110,-1.0053,0.4550,-2.7300,0.8400
2722403,sitting,0.0037,0.0107,-1.0055,0.4900,-2.7300,0.7700
2722422,sitting,0.0029,0.0107,-1.0055,0.4550,-2.7300,0.7700
2722441,sitting,0.0037,0.0110,-1.0045,0.4900,-2.7300,0.8400
2722460,sitting,0.0034,0.0112,-1.0058,0.4900,-2.7650,0.8050
2722479,sitting,0.0039,0.0105,-1.0050,0.4550,-2.7300,0.8050
2722499,sitting,0.0044,0.0117,-1.0053,0.4900,-2.7300,0.8400
2722518,sitting,0.0029,0.0110,-1.0055,0.4900,-2.7300,0.8400
2722537,sitting,0.0032,0.0105,-1.0053,0.4900,-2.7300,0.7700
2722556,sitting,0.0034,0.0115,-1.0050,0.4550,-2.7300,0.8050
2722576,sitting,0.0034,0.0112,-1.0043,0.4900,-2.7300,0.8050
2722595,sitting,0.0037,0.0112,-1.0053,0.4900,-2.7300,0.8050
2722614,sitting,0.0037,0.0122,-1.0045,0.4900,-2.7300,0.8050
2722633,sitting,0.0034,0.0115,-1.0043,0.4900,-2.7300,0.8050
2722653,sitting,0.0024,0.0115,-1.0058,0.4900,-2.7300,0.7700
2722672,sitting,0.0029,0.0100,-1.0063,0.4900,-2.7300,0.7700
2722691,sitting,0.0039,0.0120,-1.0063,0.4550,-2.7300,0.8050
2722710,sitting,0.0039,0.0129,-1.0058,0.4900,-2.7300,0.8400
2722729,sitting,0.0044,0.0112,-1.0053,0.4900,-2.7300,0.8400
2722749,sitting,0.0024,0.0105,-1.0058,0.4900,-2.7300,0.8400
2722768,sitting,0.0034,0.0102,-1.0050,0.4900,-2.7300,0.8400
2722787,sitting,0.0029,0.0112,-1.0050,0.4900,-2.7650,0.7700
2722806,sitting,0.0034,0.0115,-1.0048,0.4900,-2.7300,0.7700
2722826,sitting,0.0049,0.0107,-1.0055,0.4900,-2.7300,0.7700
2722845,sitting,0.0037,0.0107,-1.0050,0.4900,-2.7300,0.7700
2722864,sitting,0.0034,0.0107,-1.0045,0.4900,-2.7300,0.8050
2722883,sitting,0.0032,0.0122,-1.0058,0.4900,-2.7300,0.8050
2722903,sitting,0.0024,0.0112,-1.0055,0.4900,-2.7300,0.7700
2722922,sitting,0.0029,0.0115,-1.0055,0.4900,-2.7300,0.7700
2722941,sitting,0.0027,0.0115,-1.0055,0.4550,-2.7300,0.8050
2722960,sitting,0.0032,0.0105,-1.0050,0.4900,-2.7300,0.8050
2722979,sitting,0.0032,0.0115,-1.0050,0.4900,-2.7300,0.8050
2722999,sitting,0.0024,0.0127,-1.0048,0.4900,-2.7300,0.7700
2723018,sitting,0.0034,0.0107,-1.0043,0.4550,-2.7300,0.7700
2723037,sitting,0.0027,0.0105,-1.0058,0.4900,-2.7300,0.8400
2723056,sitting,0.0032,0.0117,-1.0060,0.4900,-2.7300,0.7700
2723076,sitting,0.0032,0.0120,-1.0058,0.5250,-2.7300,0.8400
2723095,sitting,0.0037,0.0120,-1.0050,0.4550,-2.7300,0.7700
2723114,sitting,0.0032,0.0112,-1.0063,0.4900,-2.6950,0.7700
2723133,sitting,0.0029,0.0115,-1.0048,0.4550,-2.7300,0.7700
2723153,sitting,0.0034,0.0115,-1.0058,0.4900,-2.7300,0.8400
2723172,sitting,0.0034,0.0115,-1.0065,0.4900,-2.7300,0.7700
2723191,sitting,0.0034,0.0107,-1.0063,0.4550,-2.7300,0.7700
2723210,sitting,0.0041,0.0105,-1.0055,0.4900,-2.7300,0.8400
2723229,sitting,0.0037,0.0110,-1.0048,0.4900,-2.7300,0.8400
2723249,sitting,0.0027,0.0105,-1.0050,0.4900,-2.7300,0.7700
2723268,sitting,0.0037,0.0115,-1.0063,0.4550,-2.7300,0.7700
2723287,sitting,0.0029,0.0124,-1.0053,0.4550,-2.7300,0.7700
2723306,sitting,0.0039,0.0120,-1.0058,0.4900,-2.7300,0.8400
2723326,sitting,0.0037,0.0107,-1.0048,0.4900,-2.7300,0.8050
2723345,sitting,0.0029,0.0120,-1.0050,0.4550,-2.7300,0.8050
2723364,sitting,0.0039,0.0115,-1.0050,0.4900,-2.7300,0.7700
2723383,sitting,0.0037,0.0107,-1.0045,0.4550,-2.7300,0.8050
2723403,sitting,0.0029,0.0107,-1.0050,0.4550,-2.7300,0.8050
2723422,sitting,0.0039,0.0112,-1.0050,0.4900,-2.7300,0.7700
2723441,sitting,0.0032,0.0112,-1.0048,0.4900,-2.7300,0.8400
2723460,sitting,0.0037,0.0117,-1.0055,0.4900,-2.7300,0.8400
2723479,sitting,0.0034,0.0120,-1.0063,0.4550,-2.7300,0.8050
2723499,sitting,0.0037,0.0112,-1.0053,0.4900,-2.7300,0.7700
2723518,sitting,0.0034,0.0110,-1.0055,0.4900,-2.7300,0.8050
2723537,sitting,0.0029,0.0110,-1.0058,0.4900,-2.7300,0.8050
2723556,sitting,0.0037,0.0107,-1.0053,0.4900,-2.7300,0.8050
2723576,sitting,0.0032,0.0105,-1.0058,0.4900,-2.7300,0.7700
2723595,sitting,0.0039,0.0112,-1.0058,0.4900,-2.6950,0.8050
2723614,sitting,0.0034,0.0122,-1.0048,0.4900,-2.7300,0.7700
2723633,sitting,0.0027,0.0110,-1.0055,0.4900,-2.6950,0.7700
2723653,sitting,0.0037,0.0115,-1.0065,0.4550,-2.7300,0.8750
2723672,sitting,0.0034,0.0115,-1.0050,0.4900,-2.7300,0.7700
2723691,sitting,0.0037,0.0124,-1.0058,0.4900,-2.7300,0.8050
2723710,sitting,0.0034,0.0115,-1.0050,0.4900,-2.7300,0.7700
2723729,sitting,0.0041,0.0117,-1.0053,0.4900,-2.7300,0.8050
2723749,sitting,0.0037,0.0115,-1.0053,0.4900,-2.7300,0.7700
2723768,sitting,0.0039,0.0112,-1.0053,0.4900,-2.7300,0.7700
2723787,sitting,0.0034,0.0115,-1.0058,0.4900,-2.7300,0.8050
2723806,sitting,0.0039,0.0110,-1.0058,0.5250,-2.7300,0.7700
2723826,sitting,0.0037,0.0110,-1.0053,0.4900,-2.7300,0.7700
2723845,sitting,0.0029,0.0115,-1.0065,0.4550,-2.6950,0.7700
2723864,sitting,0.0039,0.0102,-1.0058,0.4900,-2.7300,0.7700
2723883,sitting,0.0037,0.0102,-1.0058,0.5250,-2.7300,0.7700
2723903,sitting,0.0034,0.0105,-1.0055,0.4900,-2.7300,0.7700
2723922,sitting,0.0032,0.0115,-1.0045,0.4900,-2.7650,0.7700
2723941,sitting,0.0039,0.0112,-1.0050,0.5250,-2.7300,0.7700
2723960,sitting,0.0029,0.0117,-1.0053,0.4900,-2.7300,0.7700
2723979,sitting,0.0032,0.0115,-1.0050,0.4550,-2.7300,0.7700
2723999,sitting,0.0032,0.0110,-1.0058,0.4900,-2.7300,0.7700
2724018,sitting,0.0039,0.0100,-1.0055,0.4900,-2.6950,0.8050
2724037,sitting,0.0037,0.0107,-1.0058,0.4550,-2.7300,0.8400
2724056,sitting,0.0034,0.0117,-1.0055,0.4550,-2.7300,0.8050
2724076,sitting,0.0041,0.0115,-1.0063,0.4550,-2.7300,0.7700
2724095,sitting,0.0046,0.0112,-1.0048,0.4900,-2.7650,0.7700
2724114,sitting,0.0051,0.0115,-1.0055,0.4900,-2.7650,0.7700
2724133,sitting,0.0029,0.0115,-1.0058,0.4900,-2.7300,0.7700
2724153,sitting,0.0037,0.0117,-1.0045,0.4900,-2.7300,0.7700
2724172,sitting,0.0029,0.0122,-1.0055,0.4550,-2.7300,0.8400
2724191,sitting,0.0029,0.0110,-1.0053,0.4550,-2.7300,0.7700
2724210,sitting,0.0041,0.0115,-1.0058,0.4900,-2.7300,0.7700
2724229,sitting,0.0027,0.0120,-1.0053,0.4550,-2.7300,0.7700
2724249,sitting,0.0041,0.0115,-1.0050,0.4900,-2.7300,0.8050
2724268,sitting,0.0024,0.0110,-1.0050,0.4550,-2.7300,0.7700
2724287,sitting,0.0032,0.0112,-1.0048,0.4900,-2.7300,0.7700
2724306,sitting,0.0041,0.0120,-1.0048,0.4900,-2.6950,0.8050
2724326,sitting,0.0032,0.0112,-1.0050,0.4900,-2.7300,0.8050
2724345,sitting,0.0029,0.0110,-1.0053,0.4550,-2.7300,0.7700
2724364,sitting,0.0039,0.0115,-1.0048,0.4550,-2.7300,0.8400
2724383,sitting,0.0037,0.0117,-1.0053,0.4550,-2.7300,0.8050
2724403,sitting,0.0029,0.0122,-1.0050,0.4550,-2.7300,0.7700
2724422,sitting,0.0034,0.0124,-1.0045,0.4900,-2.7300,0.8050
2724441,sitting,0.0029,0.0110,-1.0055,0.4900,-2.7300,0.8400
2724460,sitting,0.0041,0.0105,-1.0060,0.5250,-2.7300,0.8050
2724479,sitting,0.0032,0.0117,-1.0053,0.4900,-2.6950,0.7700
2724499,sitting,0.0032,0.0117,-1.0050,0.5250,-2.7300,0.8400
2724518,sitting,0.0037,0.0110,-1.0055,0.4900,-2.7300,0.8050
2724537,sitting,0.0032,0.0107,-1.0043,0.4900,-2.7300,0.8400
2724556,sitting,0.0039,0.0120,-1.0043,0.4900,-2.7300,0.7700
2724576,sitting,0.0029,0.0105,-1.0053,0.4900,-2.7300,0.7700
2724595,sitting,0.0037,0.0110,-1.0058,0.4900,-2.7300,0.7700
2724614,sitting,0.0044,0.0117,-1.0048,0.5250,-2.7300,0.8050
2724633,sitting,0.0024,0.0110,-1.0043,0.4900,-2.7300,0.8050
2724653,sitting,0.0022,0.0117,-1.0058,0.4900,-2.6950,0.7700
2724672,sitting,0.0024,0.0124,-1.0055,0.4900,-2.7300,0.8050
2724691,sitting,0.0024,0.0115,-1.0060,0.4900,-2.7300,0.7700
2724710,sitting,0.0041,0.0115,-1.0055,0.4900,-2.7300,0.7700
2724729,sitting,0.0044,0.0115,-1.0055,0.4900,-2.7300,0.8050
2724749,sitting,0.0034,0.0107,-1.0050,0.5250,-2.7300,0.7700
2724768,sitting,0.0044,0.0112,-1.0045,0.4900,-2.7300,0.8050
2724787,sitting,0.0032,0.0112,-1.0055,0.4900,-2.7300,0.7700
2724806,sitting,0.0024,0.0115,-1.0050,0.4900,-2.7300,0.7700
2724826,sitting,0.0034,0.0107,-1.0053,0.4900,-2.7300,0.8050
2724845,sitting,0.0032,0.0110,-1.0053,0.4900,-2.7300,0.7700
2724864,sitting,0.0037,0.0107,-1.0048,0.4900,-2.7300,0.8050
2724883,sitting,0.0037,0.0117,-1.0053,0.5250,-2.7300,0.7700
2724903,sitting,0.0039,0.0120,-1.0055,0.4900,-2.7300,0.7700
2724922,sitting,0.0037,0.0110,-1.0053,0.4900,-2.7300,0.7700
2724941,sitting,0.0032,0.0117,-1.0065,0.4550,-2.6950,0.7700
2724960,sitting,0.0041,0.0102,-1.0048,0.4900,-2.7300,0.8050
2724979,sitting,0.0041,0.0115,-1.0058,0.4900,-2.7300,0.7700
2724999,sitting,0.0037,0.0105,-1.0060,0.4200,-2.7300,0.7700
2725018,sitting,0.0032,0.0122,-1.0050,0.4900,-2.6950,0.7700
2725037,sitting,0.0041,0.0120,-1.0053,0.4900,-2.7300,0.8050
2725056,sitting,0.0032,0.0117,-1.0048,0.4900,-2.7300,0.8050
2725076,sitting,0.0029,0.0115,-1.0055,0.4900,-2.7650,0.7700
2725095,sitting,0.0037,0.0117,-1.0048,0.4900,-2.7300,0.7700
2725114,sitting,0.0034,0.0112,-1.0060,0.4550,-2.7300,0.7700
2725133,sitting,0.0039,0.0110,-1.0053,0.4900,-2.6950,0.7700
2725153,sitting,0.0037,0.0107,-1.0055,0.4550,-2.7300,0.7700
2725172,sitting,0.0037,0.0105,-1.0065,0.4900,-2.7300,0.7700
2725191,sitting,0.0032,0.0107,-1.0060,0.4900,-2.7300,0.7700
2725210,sitting,0.0027,0.0100,-1.0053,0.4900,-2.7300,0.8050
2725229,sitting,0.0039,0.0110,-1.0060,0.4900,-2.7300,0.7700
2725249,sitting,0.0037,0.0115,-1.0058,0.4200,-2.7300,0.7700
2725268,sitting,0.0039,0.0102,-1.0065,0.4900,-2.7300,0.7700
2725287,sitting,0.0034,0.0110,-1.0048,0.4550,-2.7300,0.8400
2725306,sitting,0.0037,0.0115,-1.0060,0.4550,-2.7300,0.8050
2725326,sitting,0.0034,0.0102,-1.0050,0.4550,-2.7650,0.8050
2725345,sitting,0.0032,0.0105,-1.0043,0.4900,-2.6950,0.7700
2725364,sitting,0.0037,0.0112,-1.0060,0.4900,-2.7300,0.7700
2725383,sitting,0.0039,0.0122,-1.0055,0.4900,-2.7300,0.8050
2725403,sitting,0.0032,0.0115,-1.0050,0.4900,-2.7300,0.8050
2725422,sitting,0.0041,0.0110,-1.0058,0.4900,-2.7300,0.7700
2725441,sitting,0.0034,0.0115,-1.0050,0.4200,-2.7300,0.8050
2725460,sitting,0.0037,0.0107,-1.0055,0.4900,-2.7300,0.7700
2725479,sitting,0.0032,0.0102,-1.0053,0.4900,-2.7300,0.7700
2725499,sitting,0.0041,0.0112,-1.0058,0.4900,-2.7300,0.7700
2725518,sitting,0.0034,0.0110,-1.0055,0.4900,-2.7300,0.7700
2725537,sitting,0.0032,0.0115,-1.0050,0.4900,-2.7300,0.8050
2725556,sitting,0.0029,0.0115,-1.0050,0.4900,-2.7300,0.8050
2725576,sitting,0.0029,0.0117,-1.0060,0.4900,-2.7300,0.8050
2725595,sitting,0.0034,0.0112,-1.0060,0.4900,-2.7300,0.7700
2725614,sitting,0.0032,0.0115,-1.0045,0.4900,-2.7300,0.8050
2725633,sitting,0.0034,0.0117,-1.0053,0.4900,-2.7300,0.7700
2725653,sitting,0.0032,0.0115,-1.0048,0.4900,-2.7300,0.7700
2725672,sitting,0.0041,0.0122,-1.0053,0.5250,-2.7300,0.8050
2725691,sitting,0.0034,0.0120,-1.0067,0.4900,-2.7300,0.7700
2725710,sitting,0.0034,0.0122,-1.0055,0.4900,-2.7300,0.8050
2725729,sitting,0.0039,0.0110,-1.0050,0.4900,-2.7300,0.7700
2725749,sitting,0.0037,0.0112,-1.0053,0.4550,-2.7300,0.8050
2725768,sitting,0.0032,0.0115,-1.0063,0.4900,-2.7300,0.8050
2725787,sitting,0.0027,0.0110,-1.0053,0.4900,-2.7300,0.7700
2725806,sitting,0.0039,0.0120,-1.0060,0.5250,-2.7300,0.7700
2725826,sitting,0.0027,0.0115,-1.0058,0.4900,-2.7300,0.7700
2725845,sitting,0.0034,0.0117,-1.0053,0.4900,-2.7300,0.7700
2725864,sitting,0.0039,0.0117,-1.0050,0.4900,-2.7300,0.8400
2725883,sitting,0.0029,0.0110,-1.0065,0.4200,-2.7300,0.7700
2725903,sitting,0.0034,0.0120,-1.0067,0.4900,-2.7300,0.8050
2725922,sitting,0.0029,0.0110,-1.0045,0.4900,-2.7300,0.7700
2725941,sitting,0.0032,0.0112,-1.0050,0.4900,-2.7300,0.8050
2725960,sitting,0.0027,0.0120,-1.0053,0.5250,-2.7300,0.7700
2725979,sitting,0.0039,0.0112,-1.0058,0.4550,-2.7300,0.7700
2725999,sitting,0.0032,0.0117,-1.0055,0.4900,-2.7300,0.8050
2726018,sitting,0.0029,0.0122,-1.0055,0.5250,-2.7300,0.8050
2726037,sitting,0.0046,0.0112,-1.0058,0.4900,-2.7300,0.8050
2726056,sitting,0.0037,0.0107,-1.0055,0.4900,-2.6950,0.7700
2726076,sitting,0.0037,0.0120,-1.0060,0.4550,-2.7300,0.7700
2726095,sitting,0.0020,0.0115,-1.0053,0.4200,-2.7650,0.8050
2726114,sitting,0.0044,0.0115,-1.0048,0.4900,-2.7300,0.8050
2726133,sitting,0.0029,0.0117,-1.0055,0.4200,-2.7650,0.8050
2726153,sitting,0.0032,0.0100,-1.0060,0.4900,-2.7300,0.7700
2726172,sitting,0.0032,0.0107,-1.0048,0.4900,-2.7300,0.7700
2726191,sitting,0.0032,0.0117,-1.0050,0.4550,-2.7300,0.8050
2726210,sitting,0.0034,0.0115,-1.0055,0.4550,-2.7300,0.7700
2726229,sitting,0.0029,0.0110,-1.0050,0.4900,-2.7650,0.7700
2726249,sitting,0.0032,0.0105,-1.0053,0.4550,-2.7300,0.7700
2726268,sitting,0.0032,0.0117,-1.0060,0.4900,-2.7300,0.7700
2726287,sitting,0.0029,0.0120,-1.0050,0.4550,-2.7300,0.7700
2726306,sitting,0.0037,0.0105,-1.0063,0.4900,-2.7300,0.8050
2726326,sitting,0.0039,0.0112,-1.0063,0.4900,-2.7300,0.7700
2726345,sitting,0.0034,0.0112,-1.0060,0.4900,-2.7300,0.8050
2726364,sitting,0.0029,0.0117,-1.0050,0.4900,-2.6950,0.8050
2726383,sitting,0.0020,0.0112,-1.0058,0.4550,-2.7300,0.7700
2726403,sitting,0.0029,0.0115,-1.0063,0.4200,-2.7300,0.7700
2726422,sitting,0.0037,0.0117,-1.0058,0.4550,-2.7300,0.8400
2726441,sitting,0.0032,0.0105,-1.0063,0.4900,-2.7300,0.7700
2726460,sitting,0.0037,0.0112,-1.0053,0.4900,-2.7300,0.8050
2726479,sitting,0.0039,0.0110,-1.0050,0.4900,-2.6950,0.7700
2726499,sitting,0.0039,0.0117,-1.0053,0.4900,-2.7300,0.7700
2726518,sitting,0.0034,0.0124,-1.0058,0.4900,-2.7650,0.8050
2726537,sitting,0.0041,0.0120,-1.0053,0.4900,-2.7300,0.8400
2726556,sitting,0.0029,0.0115,-1.0055,0.4900,-2.7300,0.7700
2726576,sitting,0.0037,0.0115,-1.0050,0.4900,-2.6950,0.8050
2726595,sitting,0.0041,0.0098,-1.0053,0.5250,-2.7300,0.7700
2726614,sitting,0.0039,0.0122,-1.0048,0.4900,-2.7650,0.8050
2726633,sitting,0.0039,0.0120,-1.0043,0.4900,-2.7300,0.8050
2726653,sitting,0.0039,0.0107,-1.0060,0.4900,-2.6600,0.7700
2726672,sitting,0.0034,0.0115,-1.0060,0.4900,-2.7300,0.7700
2726691,sitting,0.0039,0.0105,-1.0045,0.5250,-2.7300,0.7700
2726710,sitting,0.0041,0.0107,-1.0053,0.5250,-2.7650,0.8050
2726729,sitting,0.0037,0.0112,-1.0050,0.4900,-2.7300,0.7700
2726749,sitting,0.0037,0.0112,-1.0050,0.4900,-2.7300,0.7700
2726768,sitting,0.0029,0.0115,-1.0050,0.4900,-2.7300,0.7700
2726787,sitting,0.0027,0.0107,-1.0053,0.4900,-2.6950,0.7700
2726806,sitting,0.0032,0.0102,-1.0043,0.5600,-2.7300,0.7700
2726826,sitting,0.0027,0.0110,-1.0055,0.5250,-2.7300,0.7700
2726845,sitting,0.0037,0.0117,-1.0060,0.4900,-2.6950,0.7700
2726864,sitting,0.0029,0.0110,-1.0053,0.4900,-2.7300,0.8050
2726883,sitting,0.0032,0.0110,-1.0055,0.4900,-2.7300,0.8400
2726903,sitting,0.0027,0.0110,-1.0058,0.5250,-2.7300,0.8050
2726922,sitting,0.0037,0.0117,-1.0060,0.4900,-2.7300,0.7700
2726941,sitting,0.0041,0.0115,-1.0055,0.4550,-2.7300,0.8050
2726960,sitting,0.0034,0.0105,-1.0055,0.4900,-2.7300,0.7700
2726979,sitting,0.0022,0.0120,-1.0065,0.4900,-2.7300,0.7700
2726999,sitting,0.0024,0.0120,-1.0055,0.4900,-2.7300,0.8050
2727018,sitting,0.0034,0.0110,-1.0058,0.4900,-2.7300,0.8050
2727037,sitting,0.0034,0.0110,-1.0055,0.4900,-2.7300,0.8050
2727056,sitting,0.0034,0.0115,-1.0050,0.4900,-2.7300,0.8400
2727076,sitting,0.0029,0.0115,-1.0053,0.4900,-2.7650,0.8400
2727095,sitting,0.0034,0.0110,-1.0060,0.4900,-2.7300,0.7700
2727114,sitting,0.0032,0.0110,-1.0063,0.4900,-2.7300,0.7700
2727133,sitting,0.0037,0.0110,-1.0058,0.4900,-2.7300,0.7700
2727153,sitting,0.0041,0.0112,-1.0048,0.4900,-2.7300,0.7700
2727172,sitting,0.0039,0.0117,-1.0041,0.4200,-2.7300,0.7700
2727191,sitting,0.0037,0.0112,-1.0055,0.4900,-2.7300,0.7700
2727210,sitting,0.0039,0.0117,-1.0070,0.4900,-2.7300,0.7700
2727229,sitting,0.0027,0.0115,-1.0055,0.4900,-2.7300,0.7700
2727249,sitting,0.0034,0.0112,-1.0053,0.4550,-2.7300,0.7700
2727268,sitting,0.0027,0.0122,-1.0058,0.4900,-2.7300,0.7700
2727287,sitting,0.0032,0.0117,-1.0058,0.4900,-2.7300,0.7700
2727306,sitting,0.0034,0.0100,-1.0060,0.5250,-2.7300,0.8050
2727326,sitting,0.0041,0.0110,-1.0048,0.4550,-2.7300,0.8400
2727345,sitting,0.0034,0.0112,-1.0060,0.4900,-2.7300,0.7700
2727364,sitting,0.0032,0.0115,-1.0067,0.4900,-2.7300,0.7700
2727383,sitting,0.0041,0.0105,-1.0053,0.4900,-2.7300,0.8050
2727403,sitting,0.0034,0.0102,-1.0060,0.4900,-2.6600,0.7700
2727422,sitting,0.0046,0.0117,-1.0055,0.4900,-2.7300,0.8050
2727441,sitting,0.0027,0.0105,-1.0048,0.4900,-2.7300,0.8050
2727460,sitting,0.0024,0.0110,-1.0055,0.4900,-2.6950,0.7700
2727479,sitting,0.0034,0.0110,-1.0043,0.4900,-2.7300,0.7700
2727499,sitting,0.0041,0.0115,-1.0058,0.4900,-2.7300,0.7700
2727518,sitting,0.0034,0.0110,-1.0060,0.4900,-2.7300,0.7700
2727537,sitting,0.0020,0.0110,-1.0060,0.4900,-2.7650,0.7700
2727556,sitting,0.0024,0.0110,-1.0060,0.4900,-2.6950,0.7700
2727576,sitting,0.0037,0.0112,-1.0045,0.4200,-2.7300,0.7700
2727595,sitting,0.0037,0.0107,-1.0043,0.4900,-2.7300,0.7700
2727614,sitting,0.0039,0.0117,-1.0048,0.4900,-2.7300,0.7700
2727633,sitting,0.0032,0.0098,-1.0067,0.4900,-2.6950,0.7700
2727653,sitting,0.0044,0.0105,-1.0067,0.4550,-2.7300,0.7700
2727672,sitting,0.0037,0.0105,-1.0058,0.5250,-2.7300,0.7700
2727691,sitting,0.0029,0.0110,-1.0058,0.4900,-2.7300,0.8050
2727710,sitting,0.0037,0.0115,-1.0053,0.4900,-2.7300,0.8050
2727729,sitting,0.0039,0.0127,-1.0053,0.4900,-2.7650,0.7350
2727749,sitting,0.0039,0.0115,-1.0053,0.4900,-2.7300,0.7700
2727768,sitting,0.0027,0.0117,-1.0060,0.4900,-2.7300,0.8050
2727787,sitting,0.0027,0.0110,-1.0053,0.5250,-2.7300,0.8400
2727806,sitting,0.0037,0.0112,-1.0048,0.4550,-2.7300,0.7700
2727826,sitting,0.0044,0.0117,-1.0050,0.4900,-2.7300,0.7700
2727845,sitting,0.0037,0.0107,-1.0053,0.4900,-2.7300,0.7700
2727864,sitting,0.0039,0.0122,-1.0053,0.4900,-2.7300,0.7700
2727883,sitting,0.0032,0.0117,-1.0043,0.4900,-2.7300,0.7700
2727903,sitting,0.0032,0.0110,-1.0055,0.4900,-2.7300,0.7700
2727922,sitting,0.0032,0.0112,-1.0053,0.4900,-2.7300,0.7700
2727941,sitting,0.0027,0.0115,-1.0053,0.4900,-2.6950,0.7700
2727960,sitting,0.0037,0.0112,-1.0058,0.4900,-2.7300,0.7700
2727979,sitting,0.0039,0.0112,-1.0055,0.4900,-2.7650,0.8400
2727999,sitting,0.0041,0.0107,-1.0058,0.4900,-2.7300,0.8050
2728018,sitting,0.0027,0.0112,-1.0055,0.4900,-2.7300,0.7700
2728037,sitting,0.0029,0.0112,-1.0050,0.4900,-2.7300,0.7700
2728056,sitting,0.0029,0.0115,-1.0053,0.4900,-2.7300,0.8050
2728076,sitting,0.0032,0.0124,-1.0055,0.4900,-2.6950,0.8050
2728095,sitting,0.0029,0.0117,-1.0050,0.4550,-2.7300,0.8050
2728114,sitting,0.0032,0.0110,-1.0053,0.4550,-2.7300,0.7700
2728133,sitting,0.0022,0.0110,-1.0050,0.4900,-2.7300,0.7700
2728153,sitting,0.0037,0.0115,-1.0058,0.4900,-2.7300,0.8050
2728172,sitting,0.0037,0.0117,-1.0050,0.4900,-2.7300,0.8050
2728191,sitting,0.0032,0.0115,-1.0060,0.4900,-2.7300,0.8400
2728210,sitting,0.0039,0.0110,-1.0058,0.4900,-2.7300,0.8050
2728229,sitting,0.0039,0.0115,-1.0055,0.4900,-2.7300,0.8050
2728249,sitting,0.0044,0.0110,-1.0050,0.4900,-2.7300,0.8050
2728268,sitting,0.0027,0.0115,-1.0055,0.4900,-2.7300,0.7700
2728287,sitting,0.0044,0.0112,-1.0050,0.4900,-2.7300,0.8400
2728306,sitting,0.0037,0.0105,-1.0053,0.4900,-2.7650,0.8050
2728326,sitting,0.0027,0.0122,-1.0058,0.4900,-2.7300,0.8400
2728345,sitting,0.0029,0.0115,-1.0060,0.4200,-2.7300,0.7700
2728364,sitting,0.0037,0.0112,-1.0058,0.4900,-2.7300,0.8050
2728383,sitting,0.0044,0.0115,-1.0058,0.4900,-2.7300,0.8050
2728403,sitting,0.0034,0.0112,-1.0055,0.4900,-2.6950,0.7700
2728422,sitting,0.0032,0.0112,-1.0055,0.4900,-2.7300,0.8050
2728441,sitting,0.0029,0.0115,-1.0058,0.4900,-2.7300,0.7700
2728460,sitting,0.0032,0.0117,-1.0055,0.4900,-2.7300,0.8400
2728479,sitting,0.0044,0.0107,-1.0053,0.5250,-2.7300,0.8400
2728499,sitting,0.0041,0.0120,-1.0045,0.4900,-2.6950,0.8050
2728518,sitting,0.0034,0.0102,-1.0058,0.5250,-2.7300,0.7700
2728537,sitting,0.0039,0.0115,-1.0053,0.5600,-2.6600,0.7700
2728556,sitting,0.0037,0.0117,-1.0041,0.4900,-2.7300,0.8050
2728576,sitting,0.0029,0.0115,-1.0055,0.4900,-2.6950,0.7700
2728595,sitting,0.0034,0.0122,-1.0050,0.4900,-2.7300,0.7700
2728614,sitting,0.0034,0.0110,-1.0048,0.4900,-2.6950,0.7700
2728633,sitting,0.0024,0.0112,-1.0058,0.5250,-2.7300,0.7700
2728653,sitting,0.0024,0.0107,-1.0058,0.4900,-2.7300,0.7700
2728672,sitting,0.0024,0.0112,-1.0053,0.4900,-2.7300,0.7700
2728691,sitting,0.0034,0.0117,-1.0050,0.4900,-2.7300,0.7700
2728710,sitting,0.0034,0.0115,-1.0048,0.4900,-2.7300,0.7700
2728729,sitting,0.0032,0.0115,-1.0053,0.4900,-2.7300,0.7700
2728749,sitting,0.0032,0.0112,-1.0055,0.4550,-2.7300,0.7700
2728768,sitting,0.0027,0.0117,-1.0050,0.4900,-2.7300,0.7700
2728787,sitting,0.0029,0.0117,-1.0045,0.4550,-2.7300,0.8050
2728806,sitting,0.0029,0.0117,-1.0053,0.4900,-2.6950,0.7700
2728826,sitting,0.0037,0.0122,-1.0058,0.4900,-2.7300,0.7700
2728845,sitting,0.0034,0.0110,-1.0063,0.4900,-2.7300,0.8050
2728864,sitting,0.0029,0.0105,-1.0067,0.4900,-2.7300,0.7700
2728883,sitting,0.0037,0.0112,-1.0058,0.4900,-2.7300,0.7700
2728903,sitting,0.0037,0.0120,-1.0050,0.4900,-2.7650,0.8050
2728922,sitting,0.0027,0.0107,-1.0058,0.4900,-2.7300,0.7700
2728941,sitting,0.0029,0.0105,-1.0058,0.4900,-2.7300,0.8400
2728960,sitting,0.0039,0.0102,-1.0058,0.4550,-2.7300,0.8050
2728979,sitting,0.0039,0.0117,-1.0053,0.4900,-2.7300,0.8400
2728999,sitting,0.0029,0.0112,-1.0050,0.4900,-2.7300,0.8400
2729018,sitting,0.0024,0.0105,-1.0053,0.4900,-2.7300,0.7700
2729037,sitting,0.0022,0.0110,-1.0060,0.4900,-2.7300,0.7700
2729056,sitting,0.0032,0.0120,-1.0055,0.4200,-2.7300,0.8400
2729076,sitting,0.0029,0.0110,-1.0050,0.4900,-2.7300,0.7700
2729095,sitting,0.0039,0.0115,-1.0055,0.4900,-2.7300,0.8400
2729114,sitting,0.0039,0.0120,-1.0050,0.4550,-2.7300,0.8400
2729133,sitting,0.0039,0.0110,-1.0045,0.4550,-2.7300,0.7700
2729153,sitting,0.0037,0.0115,-1.0048,0.4900,-2.7300,0.8050
2729172,sitting,0.0041,0.0107,-1.0058,0.4900,-2.7300,0.7700
2729191,sitting,0.0032,0.0122,-1.0060,0.4900,-2.7300,0.7700
2729210,sitting,0.0034,0.0115,-1.0060,0.4550,-2.7300,0.7700
2729229,sitting,0.0029,0.0110,-1.0055,0.4550,-2.7300,0.8050
2729249,sitting,0.0032,0.0115,-1.0060,0.4900,-2.7300,0.7700
2729268,sitting,0.0039,0.0112,-1.0058,0.4900,-2.7300,0.7700
2729287,sitting,0.0034,0.0120,-1.0043,0.4900,-2.7300,0.8050
2729306,sitting,0.0029,0.0112,-1.0050,0.4550,-2.7300,0.8400
2729326,sitting,0.0029,0.0122,-1.0053,0.4550,-2.7300,0.7700
2729345,sitting,0.0037,0.0110,-1.0050,0.4900,-2.7300,0.8050
2729364,sitting,0.0027,0.0112,-1.0050,0.4900,-2.7300,0.7700
2729383,sitting,0.0039,0.0117,-1.0058,0.4900,-2.7300,0.8050
2729403,sitting,0.0049,0.0105,-1.0045,0.4900,-2.7300,0.8400
2729422,sitting,0.0032,0.0117,-1.0058,0.4900,-2.7300,0.8050
2729441,sitting,0.0027,0.0110,-1.0050,0.4900,-2.7300,0.7700
2729460,sitting,0.0039,0.0112,-1.0053,0.4900,-2.6950,0.7700
2729479,sitting,0.0032,0.0107,-1.0058,0.4900,-2.7300,0.7700
2729499,sitting,0.0032,0.0115,-1.0053,0.4900,-2.7300,0.8400
2729518,sitting,0.0039,0.0117,-1.0050,0.4550,-2.7300,0.7700
2729537,sitting,0.0037,0.0115,-1.0048,0.4900,-2.7650,0.7700
2729556,sitting,0.0029,0.0117,-1.0050,0.4900,-2.7300,0.7700
2729576,sitting,0.0032,0.0115,-1.0045,0.5250,-2.7300,0.7700
2729595,sitting,0.0032,0.0110,-1.0058,0.4900,-2.6950,0.8050
2729614,sitting,0.0032,0.0115,-1.0050,0.4900,-2.7300,0.7700
2729633,sitting,0.0037,0.0117,-1.0050,0.5250,-2.7300,0.8050
2729653,sitting,0.0034,0.0110,-1.0053,0.4900,-2.7300,0.7700
2729672,sitting,0.0032,0.0120,-1.0045,0.5250,-2.7300,0.8050
2729691,sitting,0.0034,0.0112,-1.0045,0.4900,-2.7300,0.8050
2729710,sitting,0.0029,0.0112,-1.0048,0.4900,-2.7300,0.7700
2729729,sitting,0.0029,0.0117,-1.0050,0.4550,-2.6950,0.7700
2729749,sitting,0.0037,0.0110,-1.0050,0.4900,-2.7300,0.7700
2729768,sitting,0.0037,0.0117,-1.0055,0.4900,-2.6950,0.7700
2729787,sitting,0.0032,0.0117,-1.0055,0.4900,-2.7300,0.7700
2729806,sitting,0.0027,0.0105,-1.0060,0.4900,-2.7300,0.7700
2729826,sitting,0.0041,0.0117,-1.0050,0.4900,-2.7300,0.7700
2729845,sitting,0.0039,0.0122,-1.0048,0.5250,-2.7300,0.8400
2729864,sitting,0.0032,0.0112,-1.0053,0.4900,-2.6950,0.7700
2729883,sitting,0.0037,0.0110,-1.0050,0.4900,-2.7300,0.8050
2729903,sitting,0.0032,0.0122,-1.0043,0.4900,-2.7650,0.7350
2729922,sitting,0.0034,0.0112,-1.0038,0.4900,-2.7300,0.7700
2729941,sitting,0.0032,0.0112,-1.0060,0.4900,-2.7300,0.7700
2729960,sitting,0.0037,0.0115,-1.0055,0.4900,-2.7300,0.7700
2729979,sitting,0.0037,0.0107,-1.0055,0.4550,-2.7300,0.8050
2729999,sitting,0.0037,0.0107,-1.0058,0.4900,-2.7300,0.8400
2730018,sitting,0.0032,0.0112,-1.0053,0.4900,-2.7300,0.7700
2730037,sitting,0.0029,0.0115,-1.0048,0.4900,-2.7300,0.8050
2730056,sitting,0.0027,0.0110,-1.0050,0.4550,-2.6950,0.8050
2730076,sitting,0.0037,0.0107,-1.0055,0.4900,-2.7300,0.8050
2730095,sitting,0.0037,0.0112,-1.0055,0.4550,-2.7300,0.7700
2730114,sitting,0.0041,0.0107,-1.0055,0.4900,-2.7300,0.7700
2730133,sitting,0.0037,0.0120,-1.0053,0.4900,-2.7300,0.8400
2730153,sitting,0.0034,0.0112,-1.0048,0.4200,-2.7300,0.7700
2730172,sitting,0.0037,0.0124,-1.0055,0.4550,-2.7300,0.8050
2730191,sitting,0.0037,0.0112,-1.0060,0.4550,-2.7300,0.7700
2730210,sitting,0.0029,0.0117,-1.0053,0.4900,-2.6950,0.8050
2730229,sitting,0.0044,0.0110,-1.0048,0.4900,-2.7300,0.7700
2730249,sitting,0.0037,0.0107,-1.0053,0.4900,-2.7300,0.7700
2730268,sitting,0.0037,0.0107,-1.0053,0.4550,-2.7300,0.8400
2730287,sitting,0.0037,0.0110,-1.0055,0.4900,-2.7300,0.8400
2730306,sitting,0.0032,0.0112,-1.0043,0.4550,-2.7300,0.8050
2730326,sitting,0.0037,0.0117,-1.0058,0.4900,-2.6950,0.7700
2730345,sitting,0.0039,0.0112,-1.0060,0.4900,-2.6600,0.8050
2730364,sitting,0.0044,0.0110,-1.0048,0.4900,-2.7300,0.8400
2730383,sitting,0.0027,0.0120,-1.0045,0.4900,-2.7300,0.8050
2730403,sitting,0.0027,0.0115,-1.0055,0.4900,-2.7300,0.7700
2730422,sitting,0.0032,0.0115,-1.0055,0.4900,-2.7300,0.8050
2730441,sitting,0.0037,0.0115,-1.0053,0.4900,-2.7300,0.8400
2730460,sitting,0.0037,0.0110,-1.0055,0.4900,-2.6950,0.8050
2730479,sitting,0.0037,0.0112,-1.0050,0.4900,-2.7300,0.8050
2730499,sitting,0.0039,0.0115,-1.0050,0.4900,-2.7300,0.8050
2730518,sitting,0.0029,0.0107,-1.0045,0.5250,-2.6950,0.8050
2730537,sitting,0.0027,0.0112,-1.0058,0.4900,-2.7300,0.7700
2730556,sitting,0.0029,0.0112,-1.0055,0.4900,-2.7300,0.7700
2730576,sitting,0.0034,0.0115,-1.0058,0.4900,-2.7300,0.7700
2730595,sitting,0.0041,0.0107,-1.0058,0.4900,-2.7300,0.7700
2730614,sitting,0.0032,0.0105,-1.0053,0.4900,-2.7300,0.7700
2730633,sitting,0.0024,0.0120,-1.0050,0.4900,-2.6950,0.7700
2730653,sitting,0.0029,0.0105,-1.0050,0.4900,-2.7300,0.7700
2730672,sitting,0.0027,0.0112,-1.0055,0.4550,-2.7300,0.7700
2730691,sitting,0.0027,0.0112,-1.0063,0.4900,-2.7300,0.8050
2730710,sitting,0.0032,0.0110,-1.0058,0.4900,-2.7650,0.8050
2730729,sitting,0.0022,0.0110,-1.0060,0.4900,-2.7300,0.8050
2730749,sitting,0.0029,0.0117,-1.0060,0.4900,-2.7650,0.7700
2730768,sitting,0.0024,0.0110,-1.0048,0.4900,-2.7300,0.7700
2730787,sitting,0.0041,0.0110,-1.0050,0.4900,-2.7300,0.7700
2730806,sitting,0.0032,0.0115,-1.0055,0.4550,-2.6950,0.7700
2730826,sitting,0.0027,0.0120,-1.0053,0.4900,-2.7300,0.8050
2730845,sitting,0.0037,0.0102,-1.0058,0.4900,-2.7300,0.8050
2730864,sitting,0.0034,0.0102,-1.0043,0.5250,-2.7300,0.7700
2730883,sitting,0.0034,0.0110,-1.0058,0.4900,-2.7650,0.7700
2730903,sitting,0.0029,0.0110,-1.0055,0.4900,-2.7300,0.7700
2730922,sitting,0.0037,0.0110,-1.0055,0.4900,-2.7300,0.7700
2730941,sitting,0.0034,0.0112,-1.0050,0.4900,-2.7300,0.7700
2730960,sitting,0.0041,0.0122,-1.0060,0.4900,-2.7300,0.7350
2730979,sitting,0.0037,0.0120,-1.0058,0.4900,-2.7300,0.7700
2730999,sitting,0.0032,0.0120,-1.0060,0.4550,-2.7300,0.8050
2731018,sitting,0.0027,0.0102,-1.0055,0.4900,-2.7300,0.8050
2731037,sitting,0.0027,0.0112,-1.0045,0.4550,-2.7300,0.7700
2731056,sitting,0.0032,0.0124,-1.0053,0.4550,-2.7300,0.8400
2731076,sitting,0.0034,0.0112,-1.0053,0.4900,-2.7300,0.8050
2731095,sitting,0.0039,0.0112,-1.0053,0.4900,-2.7300,0.7700
2731114,sitting,0.0039,0.0105,-1.0063,0.4900,-2.7300,0.7700
2731133,sitting,0.0034,0.0105,-1.0053,0.4200,-2.7300,0.7700
2731153,sitting,0.0044,0.0110,-1.0050,0.4550,-2.7300,0.8050
2731172,sitting,0.0037,0.0105,-1.0048,0.4900,-2.7300,0.7700
2731191,sitting,0.0020,0.0115,-1.0048,0.4550,-2.7300,0.8050
2731210,sitting,0.0029,0.0112,-1.0055,0.4900,-2.7300,0.8050
2731229,sitting,0.0029,0.0110,-1.0055,0.4550,-2.7300,0.7700
2731249,sitting,0.0034,0.0112,-1.0048,0.4550,-2.7300,0.7700
2731268,sitting,0.0027,0.0105,-1.0053,0.4900,-2.6950,0.7700
2731287,sitting,0.0022,0.0110,-1.0055,0.4900,-2.7300,0.7700
2731306,sitting,0.0027,0.0110,-1.0060,0.4200,-2.7300,0.7700
2731326,sitting,0.0034,0.0107,-1.0050,0.4900,-2.7300,0.7700
2731345,sitting,0.0046,0.0117,-1.0050,0.4900,-2.7300,0.8050
2731364,sitting,0.0039,0.0117,-1.0048,0.4900,-2.7300,0.8050
2731383,sitting,0.0037,0.0112,-1.0053,0.4900,-2.7300,0.8050
2731403,sitting,0.0037,0.0110,-1.0050,0.4900,-2.7300,0.8050
2731422,sitting,0.0029,0.0122,-1.0045,0.4900,-2.6950,0.7700
2731441,sitting,0.0037,0.0110,-1.0055,0.4900,-2.7300,0.8050
2731460,sitting,0.0037,0.0112,-1.0055,0.4900,-2.7300,0.8050
2731479,sitting,0.0029,0.0110,-1.0053,0.4900,-2.7300,0.7700
2731499,sitting,0.0029,0.0110,-1.0060,0.4550,-2.7300,0.7700
2731518,sitting,0.0039,0.0110,-1.0050,0.4900,-2.7300,0.8050
2731537,sitting,0.0034,0.0105,-1.0058,0.4550,-2.7300,0.7700
2731556,sitting,0.0024,0.0112,-1.0055,0.4900,-2.7300,0.7700
2731576,sitting,0.0032,0.0110,-1.0041,0.4900,-2.7300,0.7700
2731595,sitting,0.0039,0.0110,-1.0055,0.4900,-2.7300,0.7700
2731614,sitting,0.0049,0.0112,-1.0050,0.4900,-2.7300,0.8050
2731633,sitting,0.0032,0.0117,-1.0050,0.4900,-2.7300,0.7700
2731653,sitting,0.0039,0.0112,-1.0058,0.4550,-2.7300,0.7700
2731672,sitting,0.0027,0.0117,-1.0063,0.5250,-2.7300,0.8050
2731691,sitting,0.0022,0.0112,-1.0070,0.4900,-2.7300,0.7700
2731710,sitting,0.0037,0.0105,-1.0053,0.4900,-2.6950,0.7700
2731729,sitting,0.0039,0.0115,-1.0050,0.5250,-2.7650,0.8050
2731749,sitting,0.0029,0.0120,-1.0058,0.4900,-2.7300,0.7700
2731768,sitting,0.0039,0.0107,-1.0050,0.4900,-2.6950,0.7700
2731787,sitting,0.0034,0.0112,-1.0058,0.4550,-2.7300,0.7700
2731806,sitting,0.0039,0.0107,-1.0055,0.4900,-2.7300,0.8400
2731826,sitting,0.0037,0.0112,-1.0048,0.4900,-2.7300,0.7700
2731845,sitting,0.0034,0.0110,-1.0045,0.4550,-2.7300,0.8050
2731864,sitting,0.0032,0.0110,-1.0045,0.4900,-2.7300,0.8050
2731883,sitting,0.0034,0.0115,-1.0050,0.4550,-2.7300,0.8400
2731903,sitting,0.0034,0.0115,-1.0038,0.4900,-2.7300,0.7700
2731922,sitting,0.0032,0.0117,-1.0045,0.4900,-2.6600,0.8050
2731941,sitting,0.0037,0.0102,-1.0058,0.4900,-2.7650,0.7700
2731960,sitting,0.0039,0.0102,-1.0058,0.4900,-2.7300,0.7700
2731979,sitting,0.0037,0.0115,-1.0045,0.4900,-2.7650,0.7700
2731999,sitting,0.0039,0.0112,-1.0055,0.4900,-2.7300,0.8400
2732018,sitting,0.0039,0.0115,-1.0050,0.4550,-2.7300,0.7700
2732037,sitting,0.0039,0.0110,-1.0043,0.4900,-2.7300,0.7700
2732056,sitting,0.0039,0.0107,-1.0053,0.4900,-2.7300,0.7700
2732076,sitting,0.0032,0.0110,-1.0060,0.4550,-2.7300,0.7700
2732095,sitting,0.0034,0.0115,-1.0053,0.4550,-2.7300,0.8050
2732114,sitting,0.0029,0.0117,-1.0043,0.4550,-2.7300,0.7700
2732133,sitting,0.0032,0.0110,-1.0063,0.4550,-2.7300,0.8050
2732153,sitting,0.0034,0.0107,-1.0060,0.4900,-2.7300,0.8050
2732172,sitting,0.0039,0.0115,-1.0048,0.4900,-2.7300,0.8050
2732191,sitting,0.0029,0.0105,-1.0055,0.4550,-2.6950,0.8400
2732210,sitting,0.0039,0.0115,-1.0053,0.4550,-2.6950,0.7700
2732229,sitting,0.0032,0.0120,-1.0060,0.4550,-2.6950,0.7700
2732249,sitting,0.0037,0.0115,-1.0065,0.4550,-2.7300,0.7700
2732268,sitting,0.0027,0.0102,-1.0055,0.4900,-2.7300,0.7700
2732287,sitting,0.0029,0.0110,-1.0053,0.4900,-2.7300,0.8050
2732306,sitting,0.0027,0.0107,-1.0050,0.4900,-2.7300,0.7700
2732326,sitting,0.0027,0.0117,-1.0043,0.4900,-2.7300,0.8400
2732345,sitting,0.0027,0.0112,-1.0055,0.4900,-2.7300,0.8050
2732364,sitting,0.0037,0.0115,-1.0050,0.4900,-2.7300,0.8050
2732383,sitting,0.0041,0.0115,-1.0048,0.4900,-2.7300,0.8050
2732403,sitting,0.0032,0.0117,-1.0055,0.4900,-2.7300,0.8050
2732422,sitting,0.0032,0.0115,-1.0060,0.4900,-2.7300,0.7700
2732441,sitting,0.0034,0.0105,-1.0048,0.4900,-2.7300,0.7700
2732460,sitting,0.0032,0.0107,-1.0053,0.4900,-2.7300,0.8400
2732479,sitting,0.0032,0.0110,-1.0060,0.4900,-2.7300,0.8400
2732499,sitting,0.0032,0.0117,-1.0065,0.4900,-2.7300,0.7700
2732518,sitting,0.0029,0.0117,-1.0060,0.4900,-2.7300,0.7700
2732537,sitting,0.0032,0.0112,-1.0065,0.4900,-2.7300,0.7700
2732556,sitting,0.0034,0.0110,-1.0055,0.4900,-2.7300,0.8050
2732576,sitting,0.0027,0.0110,-1.0050,0.4900,-2.7300,0.7700
2732595,sitting,0.0034,0.0110,-1.0055,0.4900,-2.6950,0.7700
2732614,sitting,0.0039,0.0115,-1.0048,0.4900,-2.6950,0.8050
2732633,sitting,0.0024,0.0112,-1.0060,0.4900,-2.7300,0.7700
2732653,sitting,0.0034,0.0110,-1.0058,0.4900,-2.7300,0.7700
2732672,sitting,0.0037,0.0105,-1.0055,0.4900,-2.7300,0.7700
2732691,sitting,0.0029,0.0107,-1.0058,0.4900,-2.7300,0.8050
2732710,sitting,0.0024,0.0115,-1.0053,0.4900,-2.7300,0.7700
2732729,sitting,0.0034,0.0115,-1.0050,0.4900,-2.7300,0.7700
2732749,sitting,0.0041,0.0110,-1.0060,0.4200,-2.7300,0.8400
2732768,sitting,0.0037,0.0110,-1.0053,0.4550,-2.7300,0.8050
2732787,sitting,0.0041,0.0107,-1.0045,0.4900,-2.7300,0.8050
2732806,sitting,0.0037,0.0105,-1.0045,0.4900,-2.7300,0.7700
2732826,sitting,0.0029,0.0102,-1.0055,0.4550,-2.7300,0.8050
2732845,sitting,0.0022,0.0098,-1.0053,0.4550,-2.7300,0.7700
2732864,sitting,0.0029,0.0110,-1.0055,0.4900,-2.7300,0.7700
2732883,sitting,0.0020,0.0107,-1.0053,0.4550,-2.7300,0.8050
2732903,sitting,0.0034,0.0105,-1.0053,0.4900,-2.7300,0.7700
2732922,sitting,0.0039,0.0115,-1.0048,0.4900,-2.7300,0.8050
2732941,sitting,0.0032,0.0112,-1.0048,0.4900,-2.7300,0.8400
2732960,sitting,0.0039,0.0112,-1.0050,0.4900,-2.7300,0.7700
2732979,sitting,0.0024,0.0112,-1.0060,0.4900,-2.7300,0.7700
2732999,sitting,0.0032,0.0112,-1.0055,0.4900,-2.7300,0.8050
2733018,sitting,0.0037,0.0115,-1.0053,0.4900,-2.7300,0.7700
2733037,sitting,0.0032,0.0110,-1.0048,0.5250,-2.7300,0.8050
2733056,sitting,0.0024,0.0115,-1.0036,0.4550,-2.7300,0.7700
2733076,sitting,0.0029,0.0120,-1.0058,0.4900,-2.7300,0.8050
2733095,sitting,0.0034,0.0105,-1.0058,0.4550,-2.7300,0.8050
2733114,sitting,0.0027,0.0120,-1.0065,0.4900,-2.7300,0.7700
2733133,sitting,0.0032,0.0112,-1.0050,0.4900,-2.7300,0.7700
2733153,sitting,0.0034,0.0107,-1.0055,0.4550,-2.7300,0.8400
2733172,sitting,0.0032,0.0112,-1.0050,0.4900,-2.6950,0.8050
2733191,sitting,0.0027,0.0112,-1.0043,0.4900,-2.7300,0.8050
2733210,sitting,0.0037,0.0107,-1.0048,0.4200,-2.7300,0.8050
2733229,sitting,0.0037,0.0115,-1.0043,0.4900,-2.7300,0.8400
2733249,sitting,0.0029,0.0122,-1.0055,0.4550,-2.7300,0.8050
2733268,sitting,0.0027,0.0117,-1.0058,0.4900,-2.7650,0.7700
2733287,sitting,0.0029,0.0112,-1.0055,0.4900,-2.7650,0.7700
2733306,sitting,0.0034,0.0117,-1.0053,0.4900,-2.7300,0.8050
2733326,sitting,0.0029,0.0124,-1.0053,0.4550,-2.6950,0.8400
2733345,sitting,0.0034,0.0110,-1.0043,0.4900,-2.7300,0.8050
2733364,sitting,0.0027,0.0110,-1.0048,0.4900,-2.7300,0.8400
2733383,sitting,0.0029,0.0112,-1.0060,0.4900,-2.7300,0.8050
2733403,sitting,0.0027,0.0102,-1.0058,0.4900,-2.6950,0.7700
2733422,sitting,0.0024,0.0105,-1.0043,0.4900,-2.7300,0.8400
2733441,sitting,0.0032,0.0107,-1.0050,0.4900,-2.7300,0.8050
2733460,sitting,0.0032,0.0120,-1.0050,0.5250,-2.7300,0.7700
2733479,sitting,0.0029,0.0122,-1.0050,0.5250,-2.7300,0.7700
2733499,sitting,0.0039,0.0120,-1.0055,0.4900,-2.7300,0.8050
2733518,sitting,0.0044,0.0115,-1.0058,0.4900,-2.7300,0.8050
2733537,sitting,0.0041,0.0107,-1.0060,0.4900,-2.7300,0.8400
2733556,sitting,0.0044,0.0120,-1.0060,0.4900,-2.7300,0.8050
2733576,sitting,0.0029,0.0112,-1.0053,0.4900,-2.7300,0.8050
2733595,sitting,0.0034,0.0102,-1.0045,0.4900,-2.7300,0.8050
2733614,sitting,0.0029,0.0115,-1.0053,0.4900,-2.7300,0.7700
2733633,sitting,0.0029,0.0107,-1.0055,0.4900,-2.7300,0.7700
2733653,sitting,0.0024,0.0110,-1.0048,0.4550,-2.7300,0.8050
2733672,sitting,0.0034,0.0117,-1.0041,0.4900,-2.7300,0.7700
2733691,sitting,0.0029,0.0115,-1.0050,0.4900,-2.7300,0.7700
2733710,sitting,0.0029,0.0112,-1.0058,0.4550,-2.7300,0.7700
2733729,sitting,0.0039,0.0107,-1.0053,0.5250,-2.7300,0.8050
2733749,sitting,0.0039,0.0095,-1.0055,0.4900,-2.7300,0.8050
2733768,sitting,0.0032,0.0105,-1.0050,0.4900,-2.7300,0.7700
2733787,sitting,0.0027,0.0115,-1.0053,0.4900,-2.7300,0.8050
2733806,sitting,0.0034,0.0112,-1.0048,0.4900,-2.7300,0.7700
2733826,sitting,0.0032,0.0107,-1.0045,0.4900,-2.7300,0.7700
2733845,sitting,0.0027,0.0110,-1.0055,0.4900,-2.7300,0.8050
2733864,sitting,0.0034,0.0115,-1.0053,0.4900,-2.7300,0.7700
2733883,sitting,0.0034,0.0120,-1.0063,0.4900,-2.6950,0.8400
2733903,sitting,0.0032,0.0115,-1.0048,0.4900,-2.7300,0.7700
2733922,sitting,0.0029,0.0112,-1.0053,0.4900,-2.7300,0.8400
2733941,sitting,0.0029,0.0112,-1.0050,0.4550,-2.7300,0.8400
2733960,sitting,0.0032,0.0122,-1.0043,0.4900,-2.7650,0.8050
2733979,sitting,0.0039,0.0127,-1.0043,0.4900,-2.7300,0.7700
2733999,sitting,0.0034,0.0115,-1.0048,0.4900,-2.7300,0.7700
2734018,sitting,0.0037,0.0110,-1.0058,0.4200,-2.7300,0.7700
2734037,sitting,0.0039,0.0115,-1.0055,0.4900,-2.7300,0.7700
2734056,sitting,0.0034,0.0112,-1.0063,0.4900,-2.7650,0.7700
2734076,sitting,0.0024,0.0105,-1.0048,0.4900,-2.7300,0.7700
2734095,sitting,0.0029,0.0110,-1.0048,0.4550,-2.7300,0.7700
2734114,sitting,0.0027,0.0115,-1.0053,0.4900,-2.7300,0.7700
2734133,sitting,0.0027,0.0105,-1.0048,0.4900,-2.7650,0.8050
2734153,sitting,0.0037,0.0105,-1.0048,0.4900,-2.7300,0.8400
2734172,sitting,0.0024,0.0100,-1.0055,0.4900,-2.7300,0.8050
2734191,sitting,0.0027,0.0110,-1.0053,0.4900,-2.7300,0.7700
2734210,sitting,0.0029,0.0107,-1.0058,0.4900,-2.7300,0.8050
2734229,sitting,0.0044,0.0110,-1.0060,0.4900,-2.7300,0.8050
2734249,sitting,0.0044,0.0112,-1.0058,0.4900,-2.7300,0.7700
2734268,sitting,0.0029,0.0112,-1.0055,0.4550,-2.6600,0.8400
2734287,sitting,0.0039,0.0112,-1.0058,0.4900,-2.6950,0.8050
2734306,sitting,0.0027,0.0110,-1.0060,0.4900,-2.7300,0.7700
2734326,sitting,0.0029,0.0112,-1.0048,0.4900,-2.7300,0.8050
2734345,sitting,0.0029,0.0107,-1.0058,0.4900,-2.7300,0.7700
2734364,sitting,0.0022,0.0105,-1.0053,0.4900,-2.7300,0.7700
2734383,sitting,0.0041,0.0110,-1.0055,0.4900,-2.7300,0.7700
2734403,sitting,0.0032,0.0107,-1.0055,0.4900,-2.7300,0.8400
2734422,sitting,0.0032,0.0110,-1.0043,0.4900,-2.7300,0.7700
2734441,sitting,0.0044,0.0112,-1.0050,0.4550,-2.7300,0.8050
2734460,sitting,0.0024,0.0117,-1.0053,0.5250,-2.7300,0.8050
2734479,sitting,0.0029,0.0112,-1.0060,0.5250,-2.7300,0.8050
2734499,sitting,0.0029,0.0110,-1.0053,0.4900,-2.7300,0.8050
2734518,sitting,0.0037,0.0107,-1.0048,0.5250,-2.6950,0.8050
2734537,sitting,0.0041,0.0115,-1.0045,0.4900,-2.7300,0.7700
2734556,sitting,0.0029,0.0112,-1.0065,0.4550,-2.7300,0.8050
2734576,sitting,0.0044,0.0117,-1.0050,0.4900,-2.7300,0.7700
2734595,sitting,0.0032,0.0117,-1.0053,0.4550,-2.7300,0.7700
2734614,sitting,0.0039,0.0115,-1.0050,0.5250,-2.7300,0.8050
2734633,sitting,0.0034,0.0110,-1.0048,0.4900,-2.7300,0.7700
2734653,sitting,0.0022,0.0117,-1.0050,0.4900,-2.7300,0.7700
2734672,sitting,0.0024,0.0105,-1.0053,0.4900,-2.7300,0.7700
2734691,sitting,0.0034,0.0110,-1.0045,0.4900,-2.7300,0.7700
2734710,sitting,0.0032,0.0120,-1.0063,0.4900,-2.7650,0.7700
2734729,sitting,0.0029,0.0112,-1.0053,0.4900,-2.7300,0.8050
2734749,sitting,0.0024,0.0110,-1.0058,0.4900,-2.7300,0.8050
2734768,sitting,0.0039,0.0100,-1.0053,0.5250,-2.7300,0.7700
2734787,sitting,0.0039,0.0105,-1.0058,0.4550,-2.7300,0.7700
2734806,sitting,0.0037,0.0100,-1.0058,0.4900,-2.7300,0.7700
2734826,sitting,0.0039,0.0112,-1.0053,0.4900,-2.7300,0.8050
2734845,sitting,0.0029,0.0107,-1.0055,0.4900,-2.7300,0.8050
2734864,sitting,0.0027,0.0100,-1.0055,0.4900,-2.7300,0.7700
2734883,sitting,0.0024,0.0120,-1.0053,0.4550,-2.7300,0.8050
2734903,sitting,0.0039,0.0110,-1.0053,0.4900,-2.7300,0.8050
2734922,sitting,0.0034,0.0107,-1.0053,0.4900,-2.6950,0.8050
2734941,sitting,0.0034,0.0112,-1.0041,0.4900,-2.7300,0.8050
2734960,sitting,0.0039,0.0110,-1.0045,0.4200,-2.7300,0.8050
2734979,sitting,0.0029,0.0110,-1.0048,0.4550,-2.7300,0.7700
2734999,sitting,0.0037,0.0115,-1.0043,0.4550,-2.7300,0.8050
2735018,sitting,0.0034,0.0107,-1.0048,0.4550,-2.7300,0.7700
2735037,sitting,0.0037,0.0112,-1.0053,0.4900,-2.7300,0.7700
2735056,sitting,0.0037,0.0122,-1.0058,0.4550,-2.7650,0.7700
2735076,sitting,0.0034,0.0115,-1.0048,0.4550,-2.7300,0.8050
2735095,sitting,0.0032,0.0107,-1.0053,0.4900,-2.7300,0.7700
2735114,sitting,0.0034,0.0117,-1.0058,0.4900,-2.7300,0.7700
2735133,sitting,0.0027,0.0107,-1.0053,0.4900,-2.7300,0.7700
2735153,sitting,0.0032,0.0107,-1.0048,0.4900,-2.7300,0.7700
2735172,sitting,0.0029,0.0112,-1.0043,0.4550,-2.7300,0.8050
2735191,sitting,0.0032,0.0107,-1.0055,0.4900,-2.7300,0.8050
2735210,sitting,0.0032,0.0107,-1.0055,0.4900,-2.7300,0.8050
2735229,sitting,0.0032,0.0107,-1.0055,0.4900,-2.7300,0.8050
2735249,sitting,0.0027,0.0105,-1.0053,0.4200,-2.7300,0.7700
2735268,sitting,0.0032,0.0112,-1.0045,0.4900,-2.7300,0.8050
2735287,sitting,0.0032,0.0110,-1.0055,0.4550,-2.7300,0.8400
2735306,sitting,0.0032,0.0112,-1.0060,0.4900,-2.6950,0.8050
2735326,sitting,0.0027,0.0112,-1.0050,0.4900,-2.7300,0.8050
2735345,sitting,0.0027,0.0107,-1.0048,0.4900,-2.7300,0.7700
2735364,sitting,0.0029,0.0112,-1.0055,0.4900,-2.7300,0.8050
2735383,sitting,0.0029,0.0112,-1.0048,0.4900,-2.7300,0.8050
2735403,sitting,0.0029,0.0115,-1.0045,0.4550,-2.7300,0.8050
2735422,sitting,0.0039,0.0120,-1.0053,0.5250,-2.7300,0.7700
2735441,sitting,0.0037,0.0110,-1.0045,0.4900,-2.7300,0.8050
2735460,sitting,0.0039,0.0117,-1.0063,0.4900,-2.7300,0.7700
2735479,sitting,0.0034,0.0105,-1.0063,0.5250,-2.7300,0.8050
2735499,sitting,0.0041,0.0102,-1.0053,0.4900,-2.7300,0.7700
2735518,sitting,0.0039,0.0115,-1.0060,0.4900,-2.7300,0.7700
2735537,sitting,0.0034,0.0115,-1.0058,0.4900,-2.7300,0.7700
2735556,sitting,0.0027,0.0107,-1.0053,0.4550,-2.7300,0.7700
2735576,sitting,0.0041,0.0112,-1.0060,0.4900,-2.7300,0.7700
2735595,sitting,0.0032,0.0117,-1.0058,0.4900,-2.6950,0.7700
2735614,sitting,0.0039,0.0115,-1.0058,0.4900,-2.7300,0.7700
2735633,sitting,0.0037,0.0117,-1.0053,0.4900,-2.6950,0.7700
2735653,sitting,0.0024,0.0115,-1.0055,0.5250,-2.7300,0.8050
2735672,sitting,0.0032,0.0124,-1.0060,0.4900,-2.7300,0.7700
2735691,sitting,0.0029,0.0124,-1.0053,0.4900,-2.7300,0.7700
2735710,sitting,0.0029,0.0115,-1.0055,0.4900,-2.7300,0.7700
2735729,sitting,0.0037,0.0120,-1.0055,0.4900,-2.7300,0.7700
2735749,sitting,0.0027,0.0112,-1.0055,0.5250,-2.7300,0.8400
2735768,sitting,0.0022,0.0105,-1.0050,0.4900,-2.7300,0.7700
2735787,sitting,0.0024,0.0105,-1.0045,0.4550,-2.7300,0.7700
2735806,sitting,0.0027,0.0112,-1.0045,0.4550,-2.7300,0.8050
2735826,sitting,0.0029,0.0117,-1.0053,0.4900,-2.7300,0.8400
2735845,sitting,0.0029,0.0115,-1.0060,0.4900,-2.7300,0.8050
2735864,sitting,0.0041,0.0117,-1.0050,0.4900,-2.7300,0.7700
2735883,sitting,0.0032,0.0115,-1.0041,0.4900,-2.7300,0.7700
2735903,sitting,0.0037,0.0120,-1.0048,0.4900,-2.6950,0.7700
2735922,sitting,0.0034,0.0107,-1.0050,0.4900,-2.7300,0.8400
2735941,sitting,0.0037,0.0112,-1.0043,0.4900,-2.7300,0.7700
2735960,sitting,0.0037,0.0112,-1.0055,0.4900,-2.7300,0.8400
2735979,sitting,0.0034,0.0117,-1.0060,0.4900,-2.7300,0.7700
2735999,sitting,0.0029,0.0117,-1.0050,0.4550,-2.7300,0.7700
2736018,sitting,0.0032,0.0105,-1.0058,0.4200,-2.7300,0.8050
2736037,sitting,0.0032,0.0105,-1.0055,0.4900,-2.7300,0.7700
2736056,sitting,0.0034,0.0115,-1.0055,0.4550,-2.7300,0.7700
2736076,sitting,0.0027,0.0124,-1.0058,0.4550,-2.7300,0.8050
2736095,sitting,0.0029,0.0117,-1.0055,0.4550,-2.7300,0.7700
2736114,sitting,0.0027,0.0127,-1.0058,0.4900,-2.7300,0.8400
2736133,sitting,0.0034,0.0120,-1.0060,0.4550,-2.7300,0.8050
2736153,sitting,0.0039,0.0122,-1.0055,0.4900,-2.6950,0.7700
2736172,sitting,0.0034,0.0110,-1.0060,0.4550,-2.7300,0.7700
2736191,sitting,0.0034,0.0100,-1.0055,0.4200,-2.7300,0.7700
2736210,sitting,0.0027,0.0112,-1.0060,0.4200,-2.7300,0.8400
2736229,sitting,0.0029,0.0115,-1.0055,0.4900,-2.7300,0.8050
2736249,sitting,0.0032,0.0112,-1.0055,0.4900,-2.7300,0.8050
2736268,sitting,0.0024,0.0110,-1.0058,0.4900,-2.7300,0.8400
2736287,sitting,0.0032,0.0105,-1.0060,0.4900,-2.7300,0.8400
2736306,sitting,0.0024,0.0105,-1.0053,0.4900,-2.6950,0.8050
2736326,sitting,0.0027,0.0107,-1.0048,0.4900,-2.7300,0.8050
2736345,sitting,0.0029,0.0112,-1.0045,0.4550,-2.7300,0.8050
2736364,sitting,0.0034,0.0115,-1.0048,0.4900,-2.7300,0.7700
2736383,sitting,0.0032,0.0107,-1.0065,0.4900,-2.7300,0.7700
2736403,sitting,0.0029,0.0112,-1.0053,0.4900,-2.6950,0.7700
2736422,sitting,0.0024,0.0115,-1.0053,0.4900,-2.7300,0.7700
2736441,sitting,0.0032,0.0115,-1.0055,0.4550,-2.7300,0.8400
2736460,sitting,0.0032,0.0115,-1.0048,0.4900,-2.7300,0.8400
2736479,sitting,0.0037,0.0110,-1.0045,0.4900,-2.7300,0.8050
2736499,sitting,0.0032,0.0110,-1.0055,0.4900,-2.7300,0.8050
2736518,sitting,0.0029,0.0122,-1.0053,0.4900,-2.7300,0.7700
2736537,sitting,0.0037,0.0112,-1.0048,0.4900,-2.7300,0.8050
2736556,sitting,0.0032,0.0117,-1.0055,0.4550,-2.7300,0.7700
2736576,sitting,0.0034,0.0115,-1.0053,0.4900,-2.7650,0.7700
2736595,sitting,0.0032,0.0110,-1.0058,0.4900,-2.7300,0.7700
2736614,sitting,0.0032,0.0117,-1.0050,0.4900,-2.7300,0.8050
2736633,sitting,0.0024,0.0124,-1.0058,0.5250,-2.7300,0.7700
2736653,sitting,0.0034,0.0117,-1.0055,0.4550,-2.6950,0.7700
2736672,sitting,0.0029,0.0115,-1.0055,0.4900,-2.7300,0.7700
2736691,sitting,0.0029,0.0117,-1.0050,0.4900,-2.7300,0.7700
2736710,sitting,0.0041,0.0117,-1.0050,0.4900,-2.7300,0.7700
2736729,sitting,0.0041,0.0110,-1.0050,0.4900,-2.6950,0.8050
2736749,sitting,0.0037,0.0115,-1.0050,0.4900,-2.7300,0.7700
2736768,sitting,0.0032,0.0112,-1.0063,0.4900,-2.7300,0.7700
2736787,sitting,0.0034,0.0115,-1.0060,0.4900,-2.7300,0.8050
2736806,sitting,0.0027,0.0115,-1.0060,0.4900,-2.7300,0.7700
2736826,sitting,0.0037,0.0115,-1.0058,0.4900,-2.7300,0.7700
2736845,sitting,0.0034,0.0107,-1.0050,0.4900,-2.7300,0.7700
2736864,sitting,0.0044,0.0110,-1.0048,0.4900,-2.7300,0.7700
2736883,sitting,0.0027,0.0117,-1.0053,0.4550,-2.7650,0.8050
2736903,sitting,0.0034,0.0132,-1.0055,0.4900,-2.7650,0.8400
2736922,sitting,0.0024,0.0124,-1.0065,0.4900,-2.7300,0.8050
2736941,sitting,0.0032,0.0110,-1.0055,0.4900,-2.7300,0.8050
2736960,sitting,0.0027,0.0105,-1.0053,0.4900,-2.7300,0.7700
2736979,sitting,0.0032,0.0107,-1.0067,0.4900,-2.7300,0.7700
2736999,sitting,0.0034,0.0107,-1.0063,0.4550,-2.7300,0.7700
2737018,sitting,0.0032,0.0112,-1.0053,0.4200,-2.7300,0.8050
2737037,sitting,0.0034,0.0112,-1.0060,0.4550,-2.7300,0.8050
2737056,sitting,0.0024,0.0107,-1.0067,0.4550,-2.7300,0.8050
2737076,sitting,0.0022,0.0110,-1.0058,0.4550,-2.7300,0.8050
2737095,sitting,0.0037,0.0122,-1.0053,0.4900,-2.7300,0.7700
2737114,sitting,0.0034,0.0117,-1.0067,0.4900,-2.7300,0.8050
2737133,sitting,0.0032,0.0112,-1.0065,0.4900,-2.7300,0.7700
2737153,sitting,0.0029,0.0115,-1.0036,0.4900,-2.7300,0.8050
2737172,sitting,0.0020,0.0115,-1.0053,0.4900,-2.7300,0.8400
2737191,sitting,0.0034,0.0115,-1.0053,0.4900,-2.7300,0.8050
2737210,sitting,0.0037,0.0102,-1.0060,0.5250,-2.7300,0.7700
2737229,sitting,0.0041,0.0112,-1.0053,0.4550,-2.7300,0.8050
2737249,sitting,0.0032,0.0110,-1.0058,0.4900,-2.7300,0.8050
2737268,sitting,0.0034,0.0107,-1.0065,0.4900,-2.7300,0.8050
2737287,sitting,0.0034,0.0102,-1.0050,0.4900,-2.7300,0.8400
2737306,sitting,0.0032,0.0110,-1.0050,0.4900,-2.7300,0.8050
2737326,sitting,0.0027,0.0120,-1.0045,0.4900,-2.6950,0.8050
2737345,sitting,0.0037,0.0112,-1.0050,0.4900,-2.7300,0.8050
2737364,sitting,0.0029,0.0110,-1.0045,0.4900,-2.7300,0.7700
2737383,sitting,0.0032,0.0115,-1.0050,0.4900,-2.7300,0.7700
2737403,sitting,0.0029,0.0110,-1.0048,0.4900,-2.6950,0.7700
2737422,sitting,0.0022,0.0105,-1.0045,0.4900,-2.7300,0.7700
2737441,sitting,0.0029,0.0110,-1.0045,0.4900,-2.7300,0.7700
2737460,sitting,0.0022,0.0117,-1.0048,0.4900,-2.7300,0.7700
2737479,sitting,0.0024,0.0112,-1.0053,0.4900,-2.6950,0.7700
2737499,sitting,0.0037,0.0115,-1.0055,0.4900,-2.6950,0.7700
2737518,sitting,0.0034,0.0105,-1.0053,0.4900,-2.7300,0.7700
2737537,sitting,0.0027,0.0115,-1.0048,0.4200,-2.7300,0.8050
2737556,sitting,0.0037,0.0107,-1.0065,0.4900,-2.7300,0.8050
2737576,sitting,0.0034,0.0110,-1.0053,0.4900,-2.7300,0.7700
2737595,sitting,0.0037,0.0105,-1.0055,0.4900,-2.7300,0.7700
2737614,sitting,0.0032,0.0110,-1.0041,0.4900,-2.7300,0.7700
2737633,sitting,0.0034,0.0112,-1.0050,0.5250,-2.7300,0.7700
2737653,sitting,0.0034,0.0117,-1.0055,0.4900,-2.7300,0.8050
2737672,sitting,0.0037,0.0115,-1.0055,0.4900,-2.7300,0.7350
2737691,sitting,0.0034,0.0110,-1.0063,0.4900,-2.7300,0.7700
2737710,sitting,0.0032,0.0112,-1.0067,0.5250,-2.7300,0.7700
2737729,sitting,0.0029,0.0115,-1.0060,0.4900,-2.7300,0.7700
2737749,sitting,0.0024,0.0107,-1.0060,0.4550,-2.7300,0.8050
2737768,sitting,0.0039,0.0107,-1.0053,0.4900,-2.7300,0.8050
2737787,sitting,0.0037,0.0107,-1.0050,0.4900,-2.7300,0.7700
2737806,sitting,0.0029,0.0117,-1.0053,0.4900,-2.7300,0.7700
2737826,sitting,0.0029,0.0110,-1.0058,0.4900,-2.7300,0.7700
2737845,sitting,0.0027,0.0110,-1.0053,0.5250,-2.7300,0.7700
2737864,sitting,0.0032,0.0124,-1.0050,0.4900,-2.7300,0.7700
2737883,sitting,0.0029,0.0122,-1.0048,0.4900,-2.7300,0.7700
2737903,sitting,0.0029,0.0110,-1.0045,0.4900,-2.7300,0.8050
2737922,sitting,0.0017,0.0110,-1.0053,0.4900,-2.7300,0.7700
2737941,sitting,0.0024,0.0112,-1.0063,0.4900,-2.7300,0.7700
2737960,sitting,0.0024,0.0120,-1.0053,0.4900,-2.7300,0.8400
2737979,sitting,0.0032,0.0115,-1.0045,0.4550,-2.7300,0.8050
2737999,sitting,0.0027,0.0110,-1.0050,0.4200,-2.7300,0.7700
2738018,sitting,0.0037,0.0115,-1.0050,0.4550,-2.7300,0.8050
2738037,sitting,0.0037,0.0115,-1.0050,0.4900,-2.7650,0.7700
2738056,sitting,0.0024,0.0122,-1.0053,0.4900,-2.7650,0.7700
2738076,sitting,0.0032,0.0112,-1.0050,0.4550,-2.6950,0.8400
2738095,sitting,0.0032,0.0115,-1.0058,0.4900,-2.7300,0.7700
2738114,sitting,0.0032,0.0112,-1.0050,0.4900,-2.7650,0.8400
2738133,sitting,0.0022,0.0115,-1.0045,0.4900,-2.7300,0.8400
2738153,sitting,0.0022,0.0117,-1.0048,0.4550,-2.7300,0.8050
2738172,sitting,0.0029,0.0110,-1.0045,0.4900,-2.7300,0.8050
2738191,sitting,0.0034,0.0107,-1.0053,0.4900,-2.7650,0.7700
2738210,sitting,0.0041,0.0112,-1.0053,0.4900,-2.7300,0.8050
2738229,sitting,0.0032,0.0105,-1.0058,0.4550,-2.7300,0.8050
2738249,sitting,0.0032,0.0117,-1.0055,0.4550,-2.7300,0.8050
2738268,sitting,0.0017,0.0115,-1.0058,0.4900,-2.7300,0.8050
2738287,sitting,0.0032,0.0112,-1.0055,0.4900,-2.7300,0.7700
2738306,sitting,0.0032,0.0107,-1.0050,0.4900,-2.7300,0.8400
2738326,sitting,0.0034,0.0120,-1.0045,0.4900,-2.7300,0.7350
2738345,sitting,0.0024,0.0115,-1.0055,0.4900,-2.7300,0.8050
2738364,sitting,0.0032,0.0120,-1.0058,0.4900,-2.7300,0.7700
2738383,sitting,0.0027,0.0122,-1.0058,0.4900,-2.7300,0.7700
2738403,sitting,0.0032,0.0112,-1.0053,0.4900,-2.7300,0.8050
2738422,sitting,0.0039,0.0110,-1.0055,0.5250,-2.7300,0.8400
2738441,sitting,0.0034,0.0115,-1.0053,0.4900,-2.7300,0.7700
2738460,sitting,0.0032,0.0105,-1.0055,0.4900,-2.6950,0.7700
2738479,sitting,0.0039,0.0107,-1.0063,0.4900,-2.6950,0.7700
2738499,sitting,0.0034,0.0112,-1.0063,0.4900,-2.7300,0.8050
2738518,sitting,0.0034,0.0112,-1.0048,0.4900,-2.7300,0.7700
2738537,sitting,0.0044,0.0107,-1.0053,0.4900,-2.7300,0.7700
2738556,sitting,0.0034,0.0117,-1.0055,0.4900,-2.7300,0.7700
2738576,sitting,0.0039,0.0107,-1.0053,0.4900,-2.7300,0.8050
2738595,sitting,0.0027,0.0107,-1.0072,0.4900,-2.7650,0.8050
2738614,sitting,0.0034,0.0115,-1.0065,0.4900,-2.7300,0.8050
2738633,sitting,0.0039,0.0105,-1.0048,0.4900,-2.6950,0.7700
2738653,sitting,0.0037,0.0112,-1.0048,0.4900,-2.6600,0.7700
2738672,sitting,0.0027,0.0110,-1.0058,0.4900,-2.7300,0.7700
2738691,sitting,0.0032,0.0117,-1.0055,0.4550,-2.7300,0.7350
2738710,sitting,0.0034,0.0112,-1.0045,0.4900,-2.7300,0.8050
2738729,sitting,0.0034,0.0105,-1.0055,0.4900,-2.7300,0.8050
2738749,sitting,0.0034,0.0107,-1.0048,0.4900,-2.7300,0.7700
2738768,sitting,0.0029,0.0112,-1.0060,0.4550,-2.7300,0.7700
2738787,sitting,0.0027,0.0115,-1.0058,0.5250,-2.7300,0.7700
2738806,sitting,0.0039,0.0115,-1.0041,0.4900,-2.7300,0.8050
2738826,sitting,0.0027,0.0105,-1.0045,0.4900,-2.7300,0.7700
2738845,sitting,0.0029,0.0107,-1.0050,0.4550,-2.7300,0.7700
2738864,sitting,0.0029,0.0107,-1.0045,0.4900,-2.7300,0.8050
2738883,sitting,0.0034,0.0117,-1.0058,0.4900,-2.7650,0.7700
2738903,sitting,0.0029,0.0112,-1.0055,0.4900,-2.7300,0.8050
2738922,sitting,0.0037,0.0112,-1.0063,0.4550,-2.7300,0.8400
2738941,sitting,0.0029,0.0112,-1.0048,0.4900,-2.7300,0.7700
2738960,sitting,0.0037,0.0115,-1.0050,0.4900,-2.7300,0.7700
2738979,sitting,0.0044,0.0115,-1.0050,0.4200,-2.7300,0.8400
2738999,sitting,0.0022,0.0107,-1.0053,0.4200,-2.7300,0.8400
2739018,sitting,0.0027,0.0107,-1.0055,0.4200,-2.7300,0.8400
2739037,sitting,0.0032,0.0115,-1.0050,0.4900,-2.7650,0.8050
2739056,sitting,0.0032,0.0107,-1.0060,0.4900,-2.7300,0.8050
2739076,sitting,0.0029,0.0105,-1.0055,0.4900,-2.7300,0.8400
2739095,sitting,0.0032,0.0107,-1.0060,0.4900,-2.7300,0.7700
2739114,sitting,0.0024,0.0110,-1.0065,0.4550,-2.7300,0.7700
2739133,sitting,0.0029,0.0120,-1.0058,0.4550,-2.7300,0.7700
2739153,sitting,0.0029,0.0117,-1.0053,0.4900,-2.7300,0.7700
2739172,sitting,0.0037,0.0105,-1.0055,0.4900,-2.7300,0.8050
2739191,sitting,0.0037,0.0112,-1.0053,0.4550,-2.7650,0.7700
2739210,sitting,0.0039,0.0110,-1.0055,0.4900,-2.7300,0.8050
2739229,sitting,0.0034,0.0112,-1.0043,0.4550,-2.7300,0.8400
2739249,sitting,0.0032,0.0117,-1.0053,0.4900,-2.7300,0.8050
2739268,sitting,0.0027,0.0120,-1.0055,0.4900,-2.7300,0.7700
2739287,sitting,0.0032,0.0115,-1.0055,0.4900,-2.7300,0.7700
2739306,sitting,0.0029,0.0112,-1.0053,0.4900,-2.7300,0.7700
2739326,sitting,0.0034,0.0112,-1.0058,0.4900,-2.7300,0.8400
2739345,sitting,0.0034,0.0102,-1.0055,0.4900,-2.6950,0.7700
2739364,sitting,0.0027,0.0110,-1.0053,0.4900,-2.7300,0.7350
2739383,sitting,0.0032,0.0107,-1.0050,0.4900,-2.6950,0.7700
2739403,sitting,0.0044,0.0112,-1.0050,0.4900,-2.7300,0.7700
2739422,sitting,0.0034,0.0112,-1.0053,0.4900,-2.7300,0.7700
2739441,sitting,0.0041,0.0120,-1.0055,0.4900,-2.7300,0.7700
2739460,sitting,0.0037,0.0102,-1.0055,0.4900,-2.6950,0.7700
2739479,sitting,0.0027,0.0110,-1.0058,0.4550,-2.7300,0.7700
2739499,sitting,0.0039,0.0110,-1.0055,0.4900,-2.7300,0.7700
2739518,sitting,0.0034,0.0122,-1.0045,0.4900,-2.7300,0.7700
2739537,sitting,0.0032,0.0110,-1.0043,0.4900,-2.7300,0.7700
2739556,sitting,0.0032,0.0112,-1.0055,0.5250,-2.7300,0.8050
2739576,sitting,0.0034,0.0107,-1.0055,0.5600,-2.7300,0.7700
2739595,sitting,0.0034,0.0117,-1.0065,0.4900,-2.7300,0.7700
2739614,sitting,0.0034,0.0120,-1.0055,0.4900,-2.7300,0.7700
2739633,sitting,0.0037,0.0120,-1.0053,0.4900,-2.7300,0.8050
2739653,sitting,0.0037,0.0117,-1.0055,0.4900,-2.7300,0.7700
2739672,sitting,0.0029,0.0124,-1.0048,0.4900,-2.7300,0.7700
2739691,sitting,0.0029,0.0105,-1.0058,0.4900,-2.7300,0.7700
2739710,sitting,0.0029,0.0107,-1.0055,0.4900,-2.7300,0.7700
2739729,sitting,0.0029,0.0120,-1.0055,0.4550,-2.7300,0.7700
2739749,sitting,0.0032,0.0117,-1.0053,0.4900,-2.7300,0.8050
2739768,sitting,0.0029,0.0110,-1.0053,0.4900,-2.7300,0.8400
2739787,sitting,0.0032,0.0107,-1.0058,0.4550,-2.7300,0.7700
2739806,sitting,0.0041,0.0112,-1.0048,0.4900,-2.7300,0.7700
2739826,sitting,0.0027,0.0112,-1.0050,0.4900,-2.7300,0.7700
2739845,sitting,0.0022,0.0107,-1.0055,0.4900,-2.7300,0.8050
2739864,sitting,0.0024,0.0112,-1.0055,0.4900,-2.7300,0.8050
2739883,sitting,0.0027,0.0110,-1.0065,0.4900,-2.7300,0.8400
2739903,sitting,0.0034,0.0112,-1.0060,0.4900,-2.7300,0.8400
2739922,sitting,0.0034,0.0107,-1.0055,0.4900,-2.7300,0.8050
2739941,sitting,0.0029,0.0110,-1.0053,0.4900,-2.7300,0.7700
2739960,sitting,0.0024,0.0110,-1.0058,0.4550,-2.7300,0.8050
2739979,sitting,0.0027,0.0115,-1.0067,0.4550,-2.6950,0.7700
2739999,sitting,0.0029,0.0107,-1.0053,0.4550,-2.7300,0.8400
2740018,sitting,0.0041,0.0107,-1.0050,0.4550,-2.7300,0.8050
2740037,sitting,0.0041,0.0105,-1.0055,0.4900,-2.7300,0.8050
2740056,sitting,0.0039,0.0120,-1.0055,0.4900,-2.7300,0.7700
2740076,sitting,0.0037,0.0115,-1.0055,0.4900,-2.7300,0.7700
2740095,sitting,0.0024,0.0107,-1.0055,0.4900,-2.7300,0.8400
2740114,sitting,0.0029,0.0102,-1.0060,0.4900,-2.6950,0.7700
2740133,sitting,0.0037,0.0117,-1.0055,0.4900,-2.7650,0.8400
2740153,sitting,0.0022,0.0115,-1.0063,0.4550,-2.7300,0.7700
2740172,sitting,0.0034,0.0120,-1.0050,0.4550,-2.7300,0.7700
2740191,sitting,0.0039,0.0115,-1.0045,0.4900,-2.7300,0.7700
2740210,sitting,0.0032,0.0105,-1.0060,0.4900,-2.7300,0.8400
2740229,sitting,0.0034,0.0115,-1.0060,0.4900,-2.7300,0.8050
2740249,sitting,0.0037,0.0112,-1.0058,0.5250,-2.7300,0.8050
2740268,sitting,0.0027,0.0112,-1.0055,0.4900,-2.7300,0.7700
2740287,sitting,0.0037,0.0110,-1.0048,0.4900,-2.7300,0.8050
2740306,sitting,0.0034,0.0115,-1.0058,0.4900,-2.7300,0.8400
2740326,sitting,0.0037,0.0115,-1.0067,0.4900,-2.7300,0.7700
2740345,sitting,0.0032,0.0115,-1.0060,0.4900,-2.7300,0.7700
2740364,sitting,0.0024,0.0120,-1.0045,0.4900,-2.7300,0.8050
2740383,sitting,0.0041,0.0105,-1.0048,0.4900,-2.7300,0.8050
2740403,sitting,0.0037,0.0105,-1.0053,0.4900,-2.7300,0.8400
2740422,sitting,0.0039,0.0115,-1.0063,0.4900,-2.7300,0.8400
2740441,sitting,0.0027,0.0112,-1.0058,0.4900,-2.7300,0.8050
2740460,sitting,0.0022,0.0117,-1.0060,0.4900,-2.6950,0.7700
2740479,sitting,0.0037,0.0110,-1.0050,0.4900,-2.7300,0.8050
2740499,sitting,0.0032,0.0110,-1.0050,0.4900,-2.7300,0.7700
2740518,sitting,0.0039,0.0107,-1.0067,0.4900,-2.7300,0.7700
2740537,sitting,0.0037,0.0107,-1.0055,0.4900,-2.7300,0.8050
2740556,sitting,0.0037,0.0107,-1.0053,0.4900,-2.7300,0.7700
2740576,sitting,0.0041,0.0115,-1.0050,0.5250,-2.7300,0.8050
2740595,sitting,0.0039,0.0102,-1.0058,0.5600,-2.7300,0.8400
2740614,sitting,0.0041,0.0110,-1.0055,0.4900,-2.7300,0.7700
2740633,sitting,0.0032,0.0117,-1.0058,0.4900,-2.7300,0.7700
2740653,sitting,0.0034,0.0117,-1.0065,0.4900,-2.6950,0.7700
2740672,sitting,0.0029,0.0110,-1.0065,0.5250,-2.7300,0.7700
2740691,sitting,0.0024,0.0112,-1.0058,0.4900,-2.7300,0.8400
2740710,sitting,0.0037,0.0110,-1.0060,0.4900,-2.7300,0.8050
2740729,sitting,0.0034,0.0102,-1.0050,0.4900,-2.7300,0.8050
2740749,sitting,0.0041,0.0112,-1.0050,0.4900,-2.7300,0.7700
2740768,sitting,0.0029,0.0120,-1.0060,0.4900,-2.7300,0.8050
2740787,sitting,0.0024,0.0115,-1.0053,0.5250,-2.7300,0.7700
2740806,sitting,0.0032,0.0107,-1.0058,0.4200,-2.7300,0.7700
2740826,sitting,0.0037,0.0112,-1.0060,0.4550,-2.7300,0.8050
2740845,sitting,0.0032,0.0110,-1.0050,0.4900,-2.7300,0.7700
2740864,sitting,0.0032,0.0110,-1.0063,0.4900,-2.7300,0.8050
2740883,sitting,0.0034,0.0110,-1.0053,0.4900,-2.7300,0.8050
2740903,sitting,0.0029,0.0110,-1.0055,0.4900,-2.7650,0.8050
2740922,sitting,0.0034,0.0117,-1.0053,0.4900,-2.7650,0.8050
2740941,sitting,0.0039,0.0112,-1.0050,0.4900,-2.7300,0.7700
2740960,sitting,0.0027,0.0110,-1.0050,0.4900,-2.7300,0.8050
2740979,sitting,0.0032,0.0117,-1.0055,0.4550,-2.7300,0.8050
2740999,sitting,0.0034,0.0117,-1.0048,0.4900,-2.7300,0.8050
2741018,sitting,0.0041,0.0110,-1.0045,0.4550,-2.7300,0.8050
2741037,sitting,0.0032,0.0110,-1.0055,0.4550,-2.7300,0.7700
2741056,sitting,0.0037,0.0110,-1.0065,0.4900,-2.6950,0.7700
2741076,sitting,0.0039,0.0120,-1.0053,0.4900,-2.7300,0.8050
2741095,sitting,0.0041,0.0112,-1.0058,0.4900,-2.7650,0.8400
2741114,sitting,0.0039,0.0115,-1.0053,0.4900,-2.7300,0.8400
2741133,sitting,0.0032,0.0115,-1.0048,0.4900,-2.6950,0.8050
2741153,sitting,0.0027,0.0117,-1.0050,0.4900,-2.7300,0.8400
2741172,sitting,0.0027,0.0112,-1.0053,0.4550,-2.7300,0.8050
2741191,sitting,0.0034,0.0117,-1.0053,0.4900,-2.7300,0.8400
2741210,sitting,0.0027,0.0115,-1.0053,0.4900,-2.7300,0.8050
2741229,sitting,0.0020,0.0124,-1.0045,0.4900,-2.7300,0.8050
2741249,sitting,0.0027,0.0115,-1.0048,0.4900,-2.7300,0.8400
2741268,sitting,0.0032,0.0120,-1.0053,0.4550,-2.7300,0.8400
2741287,sitting,0.0027,0.0122,-1.0053,0.4900,-2.7300,0.8400
2741306,sitting,0.0029,0.0115,-1.0060,0.4900,-2.7300,0.8050
2741326,sitting,0.0029,0.0122,-1.0048,0.4900,-2.7300,0.8400
2741345,sitting,0.0032,0.0115,-1.0063,0.5250,-2.7300,0.7700
2741364,sitting,0.0037,0.0120,-1.0060,0.4900,-2.7300,0.7700
2741383,sitting,0.0037,0.0120,-1.0065,0.4900,-2.7300,0.7700
2741403,sitting,0.0020,0.0115,-1.0048,0.4900,-2.7300,0.7700
2741422,sitting,0.0022,0.0102,-1.0055,0.4900,-2.7300,0.8050
2741441,sitting,0.0027,0.0105,-1.0055,0.4900,-2.7300,0.7700
2741460,sitting,0.0041,0.0112,-1.0055,0.4900,-2.7300,0.7700
2741479,sitting,0.0034,0.0110,-1.0050,0.4900,-2.7300,0.7700
2741499,sitting,0.0032,0.0105,-1.0055,0.5250,-2.7300,0.7700
2741518,sitting,0.0037,0.0107,-1.0055,0.5250,-2.7300,0.7700
2741537,sitting,0.0032,0.0117,-1.0053,0.4900,-2.7300,0.8050
2741556,sitting,0.0032,0.0110,-1.0058,0.4900,-2.7300,0.7700
2741576,sitting,0.0041,0.0110,-1.0058,0.4900,-2.7300,0.7700
2741595,sitting,0.0034,0.0110,-1.0058,0.4900,-2.7300,0.8050
2741614,sitting,0.0041,0.0115,-1.0053,0.5600,-2.7300,0.8050
2741633,sitting,0.0027,0.0112,-1.0041,0.4900,-2.7300,0.8050
2741653,sitting,0.0029,0.0115,-1.0053,0.4900,-2.7300,0.8050
2741672,sitting,0.0027,0.0120,-1.0055,0.4900,-2.7300,0.7700
2741691,sitting,0.0032,0.0115,-1.0050,0.4900,-2.7300,0.7700
2741710,sitting,0.0041,0.0102,-1.0055,0.4900,-2.7300,0.7700
2741729,sitting,0.0037,0.0100,-1.0048,0.4900,-2.7300,0.7700
2741749,sitting,0.0032,0.0102,-1.0055,0.4900,-2.7650,0.7700
2741768,sitting,0.0029,0.0110,-1.0053,0.4550,-2.7300,0.7700
2741787,sitting,0.0027,0.0117,-1.0065,0.4900,-2.7300,0.7700
2741806,sitting,0.0024,0.0117,-1.0060,0.4900,-2.7300,0.8050
2741826,sitting,0.0027,0.0115,-1.0058,0.4550,-2.7300,0.7700
2741845,sitting,0.0027,0.0110,-1.0055,0.4550,-2.7300,0.7700
2741864,sitting,0.0037,0.0110,-1.0050,0.4550,-2.7300,0.8050
2741883,sitting,0.0037,0.0112,-1.0060,0.4550,-2.7300,0.7700
2741903,sitting,0.0034,0.0110,-1.0060,0.4900,-2.7300,0.7700
2741922,sitting,0.0037,0.0120,-1.0065,0.4550,-2.7300,0.7700
2741941,sitting,0.0034,0.0102,-1.0058,0.4900,-2.7300,0.7700
2741960,sitting,0.0032,0.0107,-1.0058,0.4900,-2.7300,0.7700
2741979,sitting,0.0029,0.0112,-1.0053,0.4900,-2.6950,0.7700
2741999,sitting,0.0032,0.0110,-1.0050,0.4200,-2.7300,0.7700
2742018,sitting,0.0022,0.0115,-1.0055,0.4550,-2.7300,0.8050
2742037,sitting,0.0037,0.0115,-1.0055,0.4550,-2.7300,0.7700
2742056,sitting,0.0032,0.0115,-1.0050,0.4900,-2.7300,0.8050
2742076,sitting,0.0034,0.0117,-1.0058,0.4900,-2.7300,0.8050
2742095,sitting,0.0027,0.0115,-1.0055,0.4550,-2.7300,0.8400
2742114,sitting,0.0034,0.0110,-1.0058,0.4900,-2.7300,0.8400
2742133,sitting,0.0039,0.0112,-1.0055,0.4900,-2.6950,0.7700
2742153,sitting,0.0037,0.0117,-1.0065,0.4900,-2.7300,0.7700
2742172,sitting,0.0029,0.0110,-1.0048,0.4200,-2.7650,0.7700
2742191,sitting,0.0039,0.0107,-1.0050,0.4900,-2.7300,0.8050
2742210,sitting,0.0032,0.0107,-1.0043,0.4900,-2.6950,0.8400
2742229,sitting,0.0029,0.0107,-1.0055,0.4900,-2.7300,0.8400
2742249,sitting,0.0029,0.0112,-1.0053,0.4900,-2.6950,0.8050
2742268,sitting,0.0029,0.0107,-1.0053,0.4900,-2.7300,0.8400
2742287,sitting,0.0034,0.0117,-1.0050,0.4900,-2.6950,0.7700
2742306,sitting,0.0029,0.0110,-1.0050,0.4900,-2.7300,0.8050
2742326,sitting,0.0032,0.0110,-1.0050,0.5250,-2.7300,0.8400
2742345,sitting,0.0037,0.0098,-1.0063,0.4900,-2.7300,0.8050
2742364,sitting,0.0029,0.0117,-1.0058,0.4900,-2.7300,0.7700
2742383,sitting,0.0039,0.0115,-1.0048,0.4900,-2.7300,0.7700
2742403,sitting,0.0037,0.0115,-1.0055,0.4900,-2.7300,0.8050
2742422,sitting,0.0034,0.0115,-1.0053,0.4900,-2.7300,0.7700
2742441,sitting,0.0027,0.0117,-1.0058,0.4900,-2.7300,0.8050
2742460,sitting,0.0027,0.0117,-1.0050,0.4550,-2.7300,0.7700
2742479,sitting,0.0032,0.0129,-1.0060,0.4900,-2.7300,0.7700
2742499,sitting,0.0027,0.0120,-1.0058,0.5250,-2.7300,0.8050
2742518,sitting,0.0041,0.0110,-1.0050,0.4900,-2.7300,0.7700
2742537,sitting,0.0037,0.0117,-1.0050,0.4900,-2.7300,0.8050
2742556,sitting,0.0027,0.0112,-1.0048,0.4900,-2.7300,0.7700
2742576,sitting,0.0024,0.0117,-1.0048,0.4900,-2.6950,0.7700
2742595,sitting,0.0029,0.0112,-1.0045,0.4550,-2.6950,0.7700
2742614,sitting,0.0032,0.0120,-1.0060,0.5250,-2.6950,0.7700
2742633,sitting,0.0034,0.0112,-1.0060,0.4900,-2.7300,0.7700
2742653,sitting,0.0041,0.0112,-1.0050,0.4900,-2.7300,0.8050
2742672,sitting,0.0039,0.0102,-1.0050,0.4550,-2.7300,0.7700
2742691,sitting,0.0027,0.0115,-1.0055,0.5250,-2.7650,0.7700
2742710,sitting,0.0029,0.0115,-1.0063,0.4900,-2.7300,0.8400
2742729,sitting,0.0027,0.0110,-1.0058,0.4900,-2.7300,0.8400
2742749,sitting,0.0027,0.0115,-1.0048,0.4900,-2.7300,0.7700
2742768,sitting,0.0027,0.0120,-1.0048,0.5250,-2.7300,0.7700
2742787,sitting,0.0037,0.0112,-1.0053,0.4900,-2.7300,0.7700
2742806,sitting,0.0032,0.0105,-1.0043,0.4900,-2.7300,0.8050
2742826,sitting,0.0024,0.0107,-1.0055,0.4900,-2.7300,0.8050
2742845,sitting,0.0034,0.0105,-1.0048,0.4900,-2.7300,0.7700
2742864,sitting,0.0034,0.0107,-1.0048,0.4900,-2.7300,0.7700
2742883,sitting,0.0024,0.0115,-1.0063,0.5250,-2.7300,0.8050
2742903,sitting,0.0039,0.0112,-1.0050,0.4900,-2.7300,0.7700
2742922,sitting,0.0037,0.0107,-1.0055,0.4900,-2.7650,0.7700
2742941,sitting,0.0039,0.0107,-1.0053,0.4550,-2.7300,0.8050
2742960,sitting,0.0027,0.0110,-1.0045,0.4900,-2.6950,0.8050
2742979,sitting,0.0044,0.0115,-1.0050,0.4550,-2.7300,0.7700
2742999,sitting,0.0037,0.0115,-1.0058,0.4550,-2.7300,0.8050
2743018,sitting,0.0032,0.0112,-1.0048,0.4900,-2.7300,0.8400
2743037,sitting,0.0039,0.0112,-1.0048,0.4900,-2.7300,0.8050
2743056,sitting,0.0029,0.0110,-1.0043,0.4900,-2.6950,0.8400
2743076,sitting,0.0034,0.0110,-1.0045,0.4900,-2.7300,0.7700
2743095,sitting,0.0039,0.0117,-1.0048,0.4550,-2.7300,0.7700
2743114,sitting,0.0037,0.0110,-1.0060,0.4900,-2.7300,0.8400
2743133,sitting,0.0029,0.0117,-1.0053,0.4550,-2.7300,0.8050
2743153,sitting,0.0029,0.0117,-1.0048,0.4900,-2.7300,0.8400
2743172,sitting,0.0022,0.0110,-1.0050,0.4900,-2.7300,0.8050
2743191,sitting,0.0032,0.0105,-1.0063,0.4900,-2.7300,0.8050
2743210,sitting,0.0029,0.0107,-1.0050,0.4900,-2.7300,0.8050
2743229,sitting,0.0027,0.0112,-1.0050,0.4900,-2.6950,0.8050
2743249,sitting,0.0039,0.0112,-1.0053,0.4900,-2.6600,0.7700
2743268,sitting,0.0037,0.0117,-1.0053,0.4900,-2.7300,0.8050
2743287,sitting,0.0037,0.0122,-1.0050,0.4900,-2.6950,0.7700
2743306,sitting,0.0034,0.0105,-1.0050,0.4900,-2.7300,0.7700
2743326,sitting,0.0034,0.0110,-1.0055,0.4900,-2.7300,0.7700
2743345,sitting,0.0039,0.0107,-1.0063,0.5250,-2.7300,0.8050
2743364,sitting,0.0029,0.0102,-1.0050,0.5600,-2.7300,0.7700
2743383,sitting,0.0029,0.0117,-1.0050,0.5250,-2.7300,0.7700
2743403,sitting,0.0037,0.0110,-1.0060,0.5250,-2.7300,0.7700
2743422,sitting,0.0024,0.0102,-1.0055,0.4900,-2.7300,0.7700
2743441,sitting,0.0037,0.0110,-1.0053,0.4900,-2.7300,0.7700
2743460,sitting,0.0034,0.0107,-1.0055,0.4900,-2.7300,0.8050
2743479,sitting,0.0039,0.0107,-1.0048,0.4900,-2.6950,0.7350
2743499,sitting,0.0027,0.0100,-1.0048,0.4900,-2.7300,0.7700
2743518,sitting,0.0037,0.0102,-1.0050,0.4900,-2.7300,0.7700
2743537,sitting,0.0029,0.0107,-1.0048,0.4200,-2.7300,0.7700
2743556,sitting,0.0037,0.0112,-1.0045,0.4900,-2.7300,0.7700
2743576,sitting,0.0027,0.0107,-1.0050,0.4900,-2.7300,0.7700
2743595,sitting,0.0034,0.0110,-1.0055,0.4900,-2.7300,0.7700
2743614,sitting,0.0029,0.0115,-1.0048,0.4900,-2.7300,0.8400
2743633,sitting,0.0041,0.0112,-1.0048,0.4900,-2.7300,0.8050
2743653,sitting,0.0029,0.0110,-1.0050,0.4900,-2.7300,0.8050
2743672,sitting,0.0037,0.0112,-1.0045,0.4900,-2.7300,0.7700
2743691,sitting,0.0034,0.0112,-1.0050,0.4900,-2.7300,0.7700
2743710,sitting,0.0037,0.0110,-1.0045,0.4900,-2.7300,0.7700
2743729,sitting,0.0027,0.0115,-1.0050,0.4900,-2.7300,0.7700
2743749,sitting,0.0027,0.0120,-1.0053,0.4900,-2.7300,0.7700
2743768,sitting,0.0024,0.0115,-1.0050,0.4900,-2.7300,0.8050
2743787,sitting,0.0022,0.0120,-1.0053,0.4900,-2.7300,0.8400
2743806,sitting,0.0027,0.0117,-1.0050,0.4900,-2.7300,0.7700
2743826,sitting,0.0037,0.0110,-1.0053,0.4900,-2.7300,0.7700
2743845,sitting,0.0034,0.0107,-1.0053,0.4550,-2.7300,0.7700
2743864,sitting,0.0039,0.0102,-1.0050,0.4900,-2.7300,0.8400
2743883,sitting,0.0032,0.0112,-1.0053,0.4550,-2.7300,0.7700
2743903,sitting,0.0034,0.0110,-1.0053,0.5250,-2.7300,0.7700
2743922,sitting,0.0034,0.0115,-1.0048,0.4900,-2.7300,0.7700
2743941,sitting,0.0029,0.0117,-1.0058,0.4200,-2.7300,0.7700
2743960,sitting,0.0037,0.0115,-1.0055,0.4900,-2.7300,0.7700
2743979,sitting,0.0027,0.0115,-1.0058,0.4900,-2.7300,0.8050
2743999,sitting,0.0027,0.0120,-1.0055,0.4550,-2.7650,0.8400
2744018,sitting,0.0034,0.0115,-1.0055,0.4900,-2.7300,0.7700
2744037,sitting,0.0027,0.0112,-1.0053,0.4900,-2.7300,0.8050
2744056,sitting,0.0034,0.0112,-1.0048,0.4900,-2.7300,0.8400
2744076,sitting,0.0024,0.0110,-1.0055,0.4900,-2.7300,0.8400
2744095,sitting,0.0037,0.0115,-1.0050,0.4200,-2.7650,0.7700
2744114,sitting,0.0032,0.0107,-1.0060,0.4900,-2.7300,0.8400
2744133,sitting,0.0029,0.0112,-1.0060,0.4900,-2.6950,0.7700
2744153,sitting,0.0024,0.0110,-1.0050,0.4900,-2.7300,0.7700
2744172,sitting,0.0039,0.0115,-1.0043,0.4550,-2.7300,0.8050
2744191,sitting,0.0032,0.0112,-1.0041,0.4900,-2.7300,0.8050
2744210,sitting,0.0020,0.0107,-1.0050,0.4900,-2.7300,0.8050
2744229,sitting,0.0029,0.0110,-1.0055,0.4900,-2.6600,0.7700
2744249,sitting,0.0041,0.0112,-1.0053,0.4900,-2.7300,0.7700
2744268,sitting,0.0020,0.0112,-1.0053,0.4900,-2.7300,0.8400
2744287,sitting,0.0037,0.0110,-1.0060,0.4900,-2.7300,0.8050
2744306,sitting,0.0044,0.0105,-1.0055,0.4900,-2.7300,0.7700
2744326,sitting,0.0032,0.0110,-1.0060,0.4900,-2.7300,0.7700
2744345,sitting,0.0039,0.0110,-1.0053,0.4900,-2.7300,0.8050
2744364,sitting,0.0032,0.0120,-1.0058,0.5250,-2.6950,0.8050
2744383,sitting,0.0039,0.0110,-1.0053,0.4900,-2.6950,0.8050
2744403,sitting,0.0037,0.0110,-1.0053,0.4900,-2.7300,0.7700
2744422,sitting,0.0029,0.0110,-1.0055,0.4900,-2.6950,0.8050
2744441,sitting,0.0029,0.0110,-1.0050,0.4900,-2.6950,0.8050
2744460,sitting,0.0037,0.0120,-1.0053,0.5250,-2.7300,0.7700
2744479,sitting,0.0037,0.0120,-1.0055,0.4900,-2.7300,0.7700
2744499,sitting,0.0037,0.0122,-1.0045,0.4900,-2.7300,0.7700
2744518,sitting,0.0032,0.0115,-1.0053,0.4900,-2.7300,0.7700
2744537,sitting,0.0034,0.0124,-1.0050,0.4900,-2.6950,0.7700
2744556,sitting,0.0029,0.0120,-1.0058,0.4900,-2.6600,0.8050
2744576,sitting,0.0037,0.0107,-1.0048,0.4900,-2.7300,0.8050
2744595,sitting,0.0034,0.0115,-1.0058,0.4900,-2.7300,0.7700
2744614,sitting,0.0027,0.0115,-1.0063,0.4900,-2.7300,0.8050
2744633,sitting,0.0029,0.0117,-1.0053,0.4550,-2.7300,0.7700
2744653,sitting,0.0027,0.0117,-1.0055,0.4900,-2.7300,0.8050
2744672,sitting,0.0024,0.0112,-1.0048,0.4900,-2.7300,0.7700
2744691,sitting,0.0034,0.0112,-1.0048,0.4900,-2.7300,0.7700
2744710,sitting,0.0037,0.0110,-1.0053,0.4550,-2.6950,0.7700
2744729,sitting,0.0022,0.0112,-1.0055,0.4900,-2.7300,0.7700
2744749,sitting,0.0027,0.0107,-1.0050,0.4900,-2.7300,0.7700
2744768,sitting,0.0022,0.0115,-1.0043,0.4900,-2.7300,0.8050
2744787,sitting,0.0027,0.0110,-1.0048,0.4900,-2.7300,0.7700
2744806,sitting,0.0029,0.0117,-1.0055,0.4900,-2.6950,0.7700
2744826,sitting,0.0029,0.0107,-1.0050,0.4550,-2.7300,0.7700
2744845,sitting,0.0027,0.0107,-1.0050,0.4900,-2.7300,0.8400
2744864,sitting,0.0032,0.0110,-1.0053,0.4900,-2.7300,0.7700
2744883,sitting,0.0032,0.0110,-1.0058,0.4900,-2.6950,0.7700
2744903,sitting,0.0037,0.0112,-1.0048,0.4900,-2.7300,0.7700
2744922,sitting,0.0027,0.0107,-1.0058,0.4900,-2.7300,0.8050
2744941,sitting,0.0032,0.0115,-1.0053,0.4900,-2.7300,0.7700
2744960,sitting,0.0037,0.0117,-1.0058,0.4900,-2.7300,0.8050
2744979,sitting,0.0024,0.0112,-1.0063,0.4900,-2.7300,0.8050
2744999,sitting,0.0032,0.0117,-1.0048,0.4900,-2.7300,0.8400
2745018,sitting,0.0029,0.0115,-1.0050,0.4900,-2.7650,0.8050
2745037,sitting,0.0037,0.0110,-1.0048,0.4900,-2.6950,0.7700
2745056,sitting,0.0029,0.0107,-1.0060,0.4550,-2.7300,0.7700
2745076,sitting,0.0029,0.0107,-1.0038,0.4550,-2.7650,0.8050
2745095,sitting,0.0034,0.0117,-1.0050,0.4550,-2.7300,0.7700
2745114,sitting,0.0032,0.0112,-1.0048,0.4200,-2.6950,0.7700
2745133,sitting,0.0037,0.0120,-1.0050,0.4550,-2.6950,0.8400
2745153,sitting,0.0027,0.0105,-1.0055,0.4550,-2.7300,0.7700
2745172,sitting,0.0029,0.0117,-1.0050,0.4900,-2.7300,0.7700
2745191,sitting,0.0024,0.0120,-1.0053,0.4900,-2.6950,0.7700
2745210,sitting,0.0034,0.0112,-1.0060,0.4900,-2.6950,0.7700
2745229,sitting,0.0029,0.0112,-1.0053,0.4900,-2.7300,0.7700
2745249,sitting,0.0037,0.0115,-1.0041,0.4550,-2.7300,0.8050
2745268,sitting,0.0037,0.0115,-1.0043,0.4900,-2.7300,0.7700
2745287,sitting,0.0032,0.0107,-1.0060,0.4900,-2.7300,0.8400
2745306,sitting,0.0037,0.0110,-1.0048,0.4900,-2.7300,0.7700
2745326,sitting,0.0034,0.0112,-1.0050,0.4900,-2.6950,0.7700
2745345,sitting,0.0044,0.0122,-1.0045,0.4900,-2.6950,0.7700
2745364,sitting,0.0037,0.0117,-1.0055,0.4900,-2.7300,0.7700
2745383,sitting,0.0029,0.0112,-1.0048,0.4550,-2.7300,0.7700
2745403,sitting,0.0027,0.0110,-1.0053,0.4900,-2.7300,0.7700
2745422,sitting,0.0017,0.0117,-1.0045,0.4900,-2.7300,0.8400
2745441,sitting,0.0020,0.0115,-1.0058,0.4900,-2.7300,0.7700
2745460,sitting,0.0029,0.0117,-1.0048,0.4900,-2.7300,0.7700
2745479,sitting,0.0032,0.0115,-1.0058,0.5250,-2.7300,0.7700
2745499,sitting,0.0022,0.0110,-1.0048,0.4900,-2.7300,0.7700
2745518,sitting,0.0024,0.0110,-1.0048,0.4900,-2.6950,0.7700
2745537,sitting,0.0041,0.0122,-1.0058,0.4550,-2.6950,0.7700
2745556,sitting,0.0034,0.0112,-1.0053,0.4900,-2.7300,0.7700
2745576,sitting,0.0027,0.0110,-1.0053,0.4900,-2.7300,0.7700
2745595,sitting,0.0034,0.0107,-1.0045,0.4900,-2.7300,0.7700
2745614,sitting,0.0037,0.0110,-1.0058,0.5250,-2.7300,0.8050
2745633,sitting,0.0027,0.0107,-1.0050,0.4900,-2.7650,0.7700
2745653,sitting,0.0027,0.0105,-1.0045,0.4900,-2.7300,0.8400
2745672,sitting,0.0034,0.0115,-1.0050,0.4900,-2.7300,0.7700
2745691,sitting,0.0027,0.0112,-1.0053,0.4900,-2.7300,0.8050
2745710,sitting,0.0029,0.0112,-1.0055,0.4900,-2.7300,0.7700
2745729,sitting,0.0029,0.0112,-1.0058,0.4900,-2.7300,0.8050
2745749,sitting,0.0027,0.0110,-1.0050,0.4900,-2.7300,0.7700
2745768,sitting,0.0034,0.0115,-1.0053,0.4900,-2.7300,0.8050
2745787,sitting,0.0039,0.0112,-1.0045,0.4900,-2.6600,0.8050
2745806,sitting,0.0032,0.0107,-1.0050,0.4900,-2.7300,0.7700
2745826,sitting,0.0034,0.0110,-1.0055,0.4900,-2.7300,0.7700
2745845,sitting,0.0034,0.0115,-1.0050,0.4900,-2.7300,0.7700
2745864,sitting,0.0032,0.0120,-1.0050,0.4900,-2.7300,0.8050
2745883,sitting,0.0029,0.0110,-1.0065,0.4550,-2.7300,0.8050
2745903,sitting,0.0034,0.0105,-1.0058,0.4550,-2.7300,0.8400
2745922,sitting,0.0039,0.0110,-1.0053,0.4900,-2.7300,0.8400
2745941,sitting,0.0032,0.0105,-1.0053,0.4900,-2.7300,0.8400
2745960,sitting,0.0027,0.0105,-1.0055,0.4900,-2.7650,0.8400
2745979,sitting,0.0039,0.0112,-1.0050,0.4900,-2.7300,0.8400
2745999,sitting,0.0034,0.0110,-1.0048,0.4900,-2.7300,0.8050
2746018,sitting,0.0027,0.0110,-1.0045,0.4900,-2.7300,0.7700
2746037,sitting,0.0041,0.0112,-1.0053,0.4550,-2.7300,0.7700
2746056,sitting,0.0034,0.0107,-1.0063,0.4550,-2.7300,0.7700
2746076,sitting,0.0039,0.0110,-1.0060,0.4900,-2.7300,0.8400
2746095,sitting,0.0034,0.0102,-1.0048,0.4900,-2.7300,0.8050
2746114,sitting,0.0022,0.0110,-1.0055,0.4900,-2.7300,0.8050
2746133,sitting,0.0022,0.0115,-1.0055,0.4900,-2.7300,0.7700
2746153,sitting,0.0027,0.0115,-1.0053,0.5250,-2.7300,0.7700
2746172,sitting,0.0034,0.0117,-1.0060,0.4900,-2.7300,0.7700
2746191,sitting,0.0029,0.0110,-1.0050,0.4550,-2.7300,0.7700
2746210,sitting,0.0034,0.0110,-1.0050,0.4900,-2.6950,0.8400
2746229,sitting,0.0029,0.0112,-1.0055,0.4900,-2.7300,0.8400
2746249,sitting,0.0024,0.0117,-1.0048,0.4900,-2.7300,0.8050
2746268,sitting,0.0022,0.0107,-1.0053,0.4900,-2.7300,0.8050
2746287,sitting,0.0034,0.0110,-1.0053,0.4900,-2.7300,0.8400
2746306,sitting,0.0032,0.0112,-1.0048,0.4900,-2.7300,0.7700
2746326,sitting,0.0041,0.0112,-1.0050,0.4900,-2.7300,0.8050
2746345,sitting,0.0037,0.0112,-1.0055,0.4900,-2.7300,0.8050
2746364,sitting,0.0034,0.0110,-1.0060,0.4900,-2.7300,0.8050
2746383,sitting,0.0022,0.0124,-1.0055,0.4900,-2.7300,0.7700
2746403,sitting,0.0027,0.0127,-1.0053,0.4900,-2.6950,0.7700
2746422,sitting,0.0024,0.0115,-1.0058,0.4900,-2.7300,0.7700
2746441,sitting,0.0022,0.0110,-1.0045,0.4900,-2.7300,0.8050
2746460,sitting,0.0024,0.0117,-1.0060,0.4900,-2.7300,0.7700
2746479,sitting,0.0027,0.0110,-1.0053,0.4550,-2.7300,0.7700
2746499,sitting,0.0029,0.0105,-1.0050,0.4900,-2.7300,0.7700
2746518,sitting,0.0022,0.0105,-1.0041,0.4900,-2.7300,0.8400
2746537,sitting,0.0024,0.0105,-1.0043,0.4900,-2.7300,0.8050
2746556,sitting,0.0022,0.0115,-1.0053,0.4900,-2.7300,0.7700
2746576,sitting,0.0034,0.0110,-1.0048,0.4900,-2.7300,0.8050
2746595,sitting,0.0032,0.0117,-1.0050,0.5250,-2.7300,0.8050
2746614,sitting,0.0037,0.0120,-1.0050,0.4900,-2.7300,0.7350
2746633,sitting,0.0029,0.0110,-1.0058,0.4900,-2.7300,0.7700
2746653,sitting,0.0044,0.0115,-1.0050,0.4900,-2.7300,0.7700
2746672,sitting,0.0034,0.0112,-1.0053,0.4900,-2.7650,0.7700
2746691,sitting,0.0027,0.0117,-1.0058,0.4900,-2.7300,0.7700
2746710,sitting,0.0020,0.0117,-1.0058,0.4900,-2.7300,0.8400
2746729,sitting,0.0029,0.0105,-1.0041,0.5250,-2.7300,0.7700
2746749,sitting,0.0024,0.0110,-1.0050,0.4900,-2.7300,0.8400
2746768,sitting,0.0027,0.0102,-1.0058,0.5250,-2.7300,0.8050
2746787,sitting,0.0041,0.0112,-1.0055,0.4900,-2.7300,0.8050
2746806,sitting,0.0029,0.0112,-1.0058,0.4900,-2.7300,0.7700
2746826,sitting,0.0029,0.0107,-1.0055,0.4900,-2.7650,0.8400
2746845,sitting,0.0041,0.0112,-1.0055,0.4900,-2.7300,0.8400
2746864,sitting,0.0029,0.0107,-1.0055,0.4900,-2.7300,0.8050
2746883,sitting,0.0034,0.0115,-1.0053,0.4900,-2.7300,0.7700
2746903,sitting,0.0032,0.0110,-1.0048,0.4550,-2.7300,0.7700
2746922,sitting,0.0027,0.0098,-1.0045,0.4900,-2.7300,0.8400
2746941,sitting,0.0032,0.0098,-1.0048,0.4550,-2.7300,0.7700
2746960,sitting,0.0027,0.0100,-1.0058,0.4900,-2.7300,0.7700
2746979,sitting,0.0034,0.0105,-1.0063,0.4900,-2.7300,0.8400
2746999,sitting,0.0032,0.0110,-1.0060,0.4900,-2.7300,0.8400
2747018,sitting,0.0029,0.0115,-1.0053,0.4900,-2.7300,0.8400
2747037,sitting,0.0022,0.0112,-1.0050,0.4900,-2.7300,0.7700
2747056,sitting,0.0037,0.0105,-1.0053,0.4900,-2.7300,0.7700
2747076,sitting,0.0039,0.0105,-1.0050,0.4550,-2.7300,0.8050
2747095,sitting,0.0034,0.0107,-1.0053,0.4900,-2.7300,0.8050
2747114,sitting,0.0024,0.0105,-1.0050,0.4900,-2.7300,0.7700
2747133,sitting,0.0029,0.0117,-1.0048,0.4900,-2.7300,0.7700
2747153,sitting,0.0032,0.0115,-1.0055,0.4900,-2.7300,0.8400
2747172,sitting,0.0032,0.0112,-1.0058,0.4900,-2.7300,0.7700
2747191,sitting,0.0029,0.0100,-1.0045,0.4900,-2.7300,0.8400
2747210,sitting,0.0037,0.0115,-1.0043,0.4900,-2.7300,0.7700
2747229,sitting,0.0037,0.0112,-1.0050,0.4900,-2.7300,0.7700
2747249,sitting,0.0034,0.0117,-1.0045,0.4900,-2.7300,0.8050
2747268,sitting,0.0034,0.0117,-1.0048,0.4900,-2.7300,0.8050
2747287,sitting,0.0034,0.0107,-1.0053,0.4900,-2.7300,0.8050
2747306,sitting,0.0027,0.0107,-1.0058,0.4900,-2.7300,0.8050
2747326,sitting,0.0034,0.0112,-1.0053,0.4900,-2.7300,0.7700
2747345,sitting,0.0037,0.0102,-1.0053,0.4900,-2.7650,0.7700
2747364,sitting,0.0029,0.0110,-1.0060,0.4900,-2.7300,0.7700
2747383,sitting,0.0032,0.0115,-1.0048,0.4550,-2.7300,0.7700
2747403,sitting,0.0024,0.0110,-1.0053,0.4900,-2.7300,0.8050
2747422,sitting,0.0024,0.0117,-1.0048,0.4550,-2.7300,0.8050
2747441,sitting,0.0032,0.0107,-1.0050,0.4900,-2.7300,0.7700
2747460,sitting,0.0037,0.0112,-1.0043,0.4900,-2.6600,0.7700
2747479,sitting,0.0034,0.0120,-1.0053,0.4900,-2.7300,0.8050
2747499,sitting,0.0037,0.0110,-1.0053,0.4900,-2.7300,0.7700
2747518,sitting,0.0029,0.0112,-1.0058,0.4900,-2.7300,0.7700
2747537,sitting,0.0032,0.0117,-1.0058,0.4550,-2.6950,0.8050
2747556,sitting,0.0029,0.0112,-1.0053,0.4900,-2.6950,0.7700
2747576,sitting,0.0020,0.0112,-1.0048,0.4900,-2.6950,0.7700
2747595,sitting,0.0039,0.0107,-1.0050,0.4900,-2.6950,0.7700
2747614,sitting,0.0044,0.0120,-1.0060,0.4900,-2.7300,0.7700
2747633,sitting,0.0029,0.0112,-1.0048,0.4900,-2.7300,0.7700
2747653,sitting,0.0024,0.0107,-1.0058,0.4900,-2.7300,0.7700
2747672,sitting,0.0027,0.0117,-1.0045,0.4900,-2.7300,0.7700
2747691,sitting,0.0027,0.0107,-1.0053,0.4900,-2.7300,0.8400
2747710,sitting,0.0034,0.0115,-1.0048,0.4900,-2.7300,0.8400
2747729,sitting,0.0034,0.0120,-1.0055,0.4900,-2.6950,0.8050
2747749,sitting,0.0029,0.0102,-1.0055,0.4900,-2.6950,0.8050
2747768,sitting,0.0032,0.0115,-1.0063,0.4900,-2.7300,0.8050
2747787,sitting,0.0037,0.0107,-1.0053,0.4550,-2.7300,0.8050
2747806,sitting,0.0039,0.0117,-1.0043,0.4550,-2.7300,0.8400
2747826,sitting,0.0022,0.0120,-1.0050,0.4900,-2.7300,0.8050
2747845,sitting,0.0029,0.0115,-1.0053,0.4900,-2.7300,0.8050
2747864,sitting,0.0024,0.0107,-1.0045,0.4550,-2.7300,0.8400
2747883,sitting,0.0029,0.0115,-1.0036,0.4900,-2.7300,0.8050
2747903,sitting,0.0037,0.0117,-1.0038,0.4900,-2.7300,0.8400
2747922,sitting,0.0034,0.0115,-1.0053,0.4550,-2.7300,0.8400
2747941,sitting,0.0034,0.0102,-1.0050,0.4550,-2.7300,0.7700
2747960,sitting,0.0039,0.0117,-1.0050,0.4550,-2.7300,0.8050
2747979,sitting,0.0034,0.0122,-1.0055,0.4550,-2.7300,0.7700
2747999,sitting,0.0022,0.0115,-1.0058,0.4900,-2.7300,0.8400
2748018,sitting,0.0029,0.0110,-1.0050,0.4550,-2.7300,0.8050
2748037,sitting,0.0024,0.0110,-1.0048,0.4900,-2.7300,0.7700
2748056,sitting,0.0024,0.0098,-1.0058,0.4900,-2.7300,0.8050
2748076,sitting,0.0024,0.0107,-1.0045,0.4900,-2.7300,0.8400
2748095,sitting,0.0034,0.0115,-1.0053,0.4200,-2.7300,0.7700
2748114,sitting,0.0032,0.0112,-1.0050,0.4900,-2.7300,0.8050
2748133,sitting,0.0020,0.0115,-1.0058,0.4900,-2.7300,0.8050
2748153,sitting,0.0029,0.0098,-1.0058,0.4900,-2.7300,0.7700
2748172,sitting,0.0032,0.0110,-1.0058,0.4900,-2.7300,0.8400
2748191,sitting,0.0032,0.0120,-1.0055,0.4900,-2.7300,0.7700
2748210,sitting,0.0032,0.0107,-1.0043,0.4900,-2.6600,0.8050
2748229,sitting,0.0024,0.0112,-1.0060,0.4900,-2.7300,0.7700
2748249,sitting,0.0022,0.0107,-1.0063,0.5250,-2.7300,0.7700
2748268,sitting,0.0027,0.0110,-1.0050,0.5250,-2.7300,0.7700
2748287,sitting,0.0032,0.0110,-1.0045,0.4900,-2.7300,0.8050
2748306,sitting,0.0041,0.0115,-1.0065,0.5250,-2.7300,0.7700
2748326,sitting,0.0037,0.0112,-1.0048,0.4900,-2.7300,0.7700
2748345,sitting,0.0032,0.0120,-1.0055,0.4900,-2.7300,0.8400
2748364,sitting,0.0037,0.0112,-1.0055,0.4900,-2.7300,0.8400
2748383,sitting,0.0037,0.0112,-1.0050,0.4900,-2.7300,0.7700
2748403,sitting,0.0034,0.0122,-1.0058,0.5250,-2.7300,0.7700
2748422,sitting,0.0027,0.0110,-1.0055,0.4550,-2.7300,0.8050
2748441,sitting,0.0029,0.0117,-1.0045,0.4900,-2.7300,0.7700
2748460,sitting,0.0029,0.0115,-1.0055,0.4900,-2.7300,0.8400
2748479,sitting,0.0029,0.0115,-1.0055,0.4900,-2.7300,0.7700
2748499,sitting,0.0041,0.0127,-1.0050,0.4900,-2.7300,0.7700
2748518,sitting,0.0039,0.0115,-1.0058,0.4900,-2.7300,0.7700
2748537,sitting,0.0037,0.0112,-1.0053,0.5250,-2.7300,0.7700
2748556,sitting,0.0034,0.0120,-1.0055,0.4900,-2.7300,0.7700
2748576,sitting,0.0037,0.0110,-1.0060,0.4900,-2.7300,0.8050
2748595,sitting,0.0032,0.0107,-1.0060,0.4900,-2.7300,0.7700
2748614,sitting,0.0034,0.0117,-1.0060,0.4900,-2.7300,0.7700
2748633,sitting,0.0037,0.0107,-1.0050,0.4900,-2.6950,0.7700
2748653,sitting,0.0032,0.0100,-1.0045,0.4900,-2.7300,0.8050
2748672,sitting,0.0034,0.0115,-1.0060,0.4900,-2.7300,0.8050
2748691,sitting,0.0029,0.0122,-1.0050,0.4900,-2.7300,0.8050
2748710,sitting,0.0027,0.0107,-1.0055,0.4550,-2.7300,0.7700
2748729,sitting,0.0027,0.0120,-1.0053,0.4900,-2.7300,0.7700
2748749,sitting,0.0024,0.0105,-1.0053,0.4900,-2.7300,0.8400
2748768,sitting,0.0024,0.0107,-1.0058,0.4900,-2.7300,0.7700
2748787,sitting,0.0034,0.0110,-1.0058,0.4900,-2.7300,0.7700
2748806,sitting,0.0029,0.0120,-1.0053,0.4900,-2.7300,0.8050
2748826,sitting,0.0024,0.0112,-1.0055,0.4900,-2.7300,0.8400
2748845,sitting,0.0029,0.0107,-1.0060,0.4900,-2.7300,0.8050
2748864,sitting,0.0037,0.0112,-1.0055,0.4900,-2.7650,0.8050
2748883,sitting,0.0027,0.0107,-1.0053,0.4900,-2.7300,0.8050
2748903,sitting,0.0027,0.0110,-1.0053,0.4550,-2.7300,0.8400
2748922,sitting,0.0029,0.0112,-1.0058,0.4550,-2.7300,0.8050
2748941,sitting,0.0027,0.0117,-1.0055,0.4900,-2.7300,0.8050
2748960,sitting,0.0037,0.0110,-1.0048,0.4200,-2.7300,0.8050
2748979,sitting,0.0029,0.0107,-1.0050,0.4900,-2.7300,0.8400
2748999,sitting,0.0034,0.0098,-1.0048,0.4900,-2.7300,0.8400
2749018,sitting,0.0032,0.0100,-1.0048,0.4900,-2.7300,0.8400
2749037,sitting,0.0032,0.0117,-1.0065,0.4550,-2.7300,0.7700
2749056,sitting,0.0034,0.0110,-1.0060,0.4900,-2.7300,0.7700
2749076,sitting,0.0029,0.0115,-1.0055,0.4900,-2.7300,0.7700
2749095,sitting,0.0024,0.0112,-1.0063,0.4900,-2.7300,0.8400
2749114,sitting,0.0039,0.0110,-1.0060,0.4900,-2.7300,0.8400
2749133,sitting,0.0032,0.0112,-1.0058,0.4900,-2.6950,0.8050
2749153,sitting,0.0024,0.0110,-1.0055,0.4900,-2.7300,0.8050
2749172,sitting,0.0034,0.0117,-1.0055,0.5250,-2.7650,0.8050
2749191,sitting,0.0029,0.0115,-1.0048,0.4900,-2.7300,0.8050
2749210,sitting,0.0039,0.0110,-1.0053,0.4900,-2.7300,0.7700
2749229,sitting,0.0029,0.0117,-1.0048,0.4900,-2.7300,0.7700
2749249,sitting,0.0034,0.0105,-1.0053,0.4900,-2.7300,0.8050
2749268,sitting,0.0032,0.0107,-1.0055,0.5250,-2.7300,0.7700
2749287,sitting,0.0027,0.0120,-1.0053,0.5250,-2.6950,0.8400
2749306,sitting,0.0022,0.0110,-1.0048,0.4900,-2.7300,0.7700
2749326,sitting,0.0032,0.0115,-1.0053,0.4900,-2.7300,0.7700
2749345,sitting,0.0032,0.0107,-1.0055,0.4900,-2.7300,0.7700
2749364,sitting,0.0032,0.0115,-1.0050,0.4900,-2.7300,0.7700
2749383,sitting,0.0027,0.0115,-1.0043,0.4900,-2.7300,0.8050
2749403,sitting,0.0032,0.0107,-1.0050,0.4900,-2.7300,0.7700
2749422,sitting,0.0027,0.0115,-1.0065,0.4900,-2.7300,0.8400
2749441,sitting,0.0029,0.0115,-1.0055,0.5250,-2.7300,0.7700
2749460,sitting,0.0029,0.0115,-1.0055,0.4900,-2.7300,0.7700
2749479,sitting,0.0027,0.0112,-1.0053,0.4900,-2.7300,0.7700
2749499,sitting,0.0029,0.0117,-1.0041,0.4900,-2.7300,0.7700
2749518,sitting,0.0029,0.0117,-1.0048,0.4900,-2.7300,0.7700
2749537,sitting,0.0032,0.0110,-1.0055,0.4900,-2.7300,0.8050
2749556,sitting,0.0044,0.0107,-1.0050,0.5250,-2.7300,0.7700
2749576,sitting,0.0032,0.0112,-1.0043,0.5250,-2.7300,0.7700
2749595,sitting,0.0034,0.0112,-1.0048,0.4900,-2.7300,0.8400
2749614,sitting,0.0027,0.0117,-1.0048,0.4900,-2.7300,0.7700
2749633,sitting,0.0027,0.0117,-1.0050,0.4900,-2.7300,0.8050
2749653,sitting,0.0027,0.0120,-1.0048,0.4900,-2.7300,0.7700
2749672,sitting,0.0032,0.0117,-1.0050,0.4550,-2.8000,0.8050
2749691,sitting,0.0029,0.0117,-1.0053,0.4900,-2.7300,0.7700
2749710,sitting,0.0024,0.0112,-1.0058,0.4550,-2.7300,0.7700
2749729,sitting,0.0027,0.0117,-1.0048,0.4900,-2.7300,0.7700
2749749,sitting,0.0029,0.0110,-1.0060,0.4550,-2.7300,0.7700
2749768,sitting,0.0017,0.0110,-1.0058,0.4900,-2.7300,0.7700
2749787,sitting,0.0029,0.0115,-1.0050,0.4900,-2.7300,0.8050
2749806,sitting,0.0024,0.0112,-1.0050,0.4900,-2.7300,0.7700
2749826,sitting,0.0032,0.0112,-1.0053,0.4900,-2.7300,0.7700
2749845,sitting,0.0029,0.0105,-1.0050,0.4200,-2.7300,0.8050
2749864,sitting,0.0029,0.0115,-1.0053,0.4900,-2.7300,0.8050
2749883,sitting,0.0034,0.0107,-1.0048,0.4900,-2.6950,0.7700
2749903,sitting,0.0020,0.0120,-1.0055,0.4900,-2.7300,0.8400
2749922,sitting,0.0034,0.0110,-1.0058,0.4900,-2.7300,0.8050
2749941,sitting,0.0022,0.0107,-1.0053,0.4900,-2.7300,0.8050
2749960,sitting,0.0032,0.0120,-1.0050,0.4900,-2.7300,0.7700
2749979,sitting,0.0037,0.0102,-1.0053,0.4900,-2.7650,0.7700
2749999,sitting,0.0041,0.0107,-1.0058,0.4900,-2.7300,0.7700
2750018,sitting,0.0041,0.0112,-1.0055,0.4550,-2.7300,0.8400
2750037,sitting,0.0039,0.0122,-1.0053,0.4900,-2.7300,0.8400
2750056,sitting,0.0037,0.0112,-1.0050,0.4900,-2.7300,0.8050
2750076,sitting,0.0027,0.0105,-1.0053,0.4900,-2.7300,0.8050
2750095,sitting,0.0034,0.0117,-1.0058,0.4900,-2.7300,0.7700
2750114,sitting,0.0029,0.0110,-1.0055,0.4900,-2.7300,0.7700
2750133,sitting,0.0029,0.0102,-1.0053,0.4550,-2.7300,0.7700
2750153,sitting,0.0029,0.0117,-1.0048,0.4900,-2.7300,0.8050
2750172,sitting,0.0037,0.0112,-1.0048,0.4900,-2.7300,0.8050
2750191,sitting,0.0032,0.0115,-1.0041,0.4900,-2.7300,0.8400
2750210,sitting,0.0034,0.0107,-1.0048,0.4900,-2.7300,0.8050
2750229,sitting,0.0027,0.0110,-1.0060,0.4900,-2.6950,0.7700
2750249,sitting,0.0041,0.0112,-1.0055,0.4900,-2.7300,0.7700
2750268,sitting,0.0024,0.0110,-1.0060,0.4900,-2.7300,0.7700
2750287,sitting,0.0027,0.0122,-1.0058,0.4900,-2.7300,0.8400
2750306,sitting,0.0027,0.0105,-1.0060,0.4900,-2.6950,0.8400
2750326,sitting,0.0020,0.0120,-1.0053,0.4900,-2.7300,0.8050
2750345,sitting,0.0039,0.0112,-1.0055,0.4900,-2.7300,0.7700
2750364,sitting,0.0029,0.0112,-1.0058,0.4900,-2.7300,0.7700
2750383,sitting,0.0032,0.0110,-1.0045,0.4900,-2.7300,0.7700
2750403,sitting,0.0032,0.0120,-1.0055,0.4900,-2.7650,0.8400
2750422,sitting,0.0017,0.0107,-1.0043,0.4900,-2.7300,0.8400
2750441,sitting,0.0037,0.0112,-1.0036,0.5250,-2.7300,0.7700
2750460,sitting,0.0032,0.0110,-1.0058,0.4900,-2.7300,0.8050
2750479,sitting,0.0024,0.0105,-1.0045,0.5250,-2.6600,0.7700
2750499,sitting,0.0024,0.0120,-1.0053,0.5250,-2.7300,0.7700
2750518,sitting,0.0029,0.0110,-1.0055,0.4900,-2.7300,0.7700
2750537,sitting,0.0024,0.0112,-1.0050,0.4900,-2.6950,0.7700
2750556,sitting,0.0027,0.0115,-1.0055,0.5250,-2.7300,0.7700
2750576,sitting,0.0020,0.0112,-1.0048,0.4900,-2.7300,0.7700
2750595,sitting,0.0022,0.0117,-1.0063,0.4900,-2.7300,0.8050
2750614,sitting,0.0027,0.0112,-1.0063,0.4900,-2.7300,0.7700
2750633,sitting,0.0024,0.0098,-1.0058,0.4900,-2.7300,0.8050
2750653,sitting,0.0032,0.0107,-1.0043,0.4900,-2.7300,0.7700
2750672,sitting,0.0034,0.0112,-1.0045,0.4900,-2.7300,0.7700
2750691,sitting,0.0032,0.0115,-1.0038,0.4900,-2.7650,0.8050
2750710,sitting,0.0032,0.0117,-1.0048,0.4900,-2.7300,0.7700
2750729,sitting,0.0032,0.0115,-1.0048,0.4900,-2.7300,0.7700
2750749,sitting,0.0029,0.0115,-1.0043,0.4900,-2.7300,0.8400
2750768,sitting,0.0032,0.0112,-1.0060,0.4900,-2.7300,0.7700
2750787,sitting,0.0032,0.0100,-1.0048,0.4900,-2.7300,0.8400
2750806,sitting,0.0027,0.0115,-1.0041,0.4900,-2.6950,0.8400
2750826,sitting,0.0027,0.0115,-1.0053,0.4900,-2.7300,0.8400
2750845,sitting,0.0024,0.0117,-1.0053,0.4900,-2.7300,0.8050
2750864,sitting,0.0032,0.0115,-1.0050,0.4900,-2.7300,0.7700
2750883,sitting,0.0032,0.0107,-1.0045,0.4900,-2.7300,0.8050
2750903,sitting,0.0024,0.0105,-1.0058,0.4900,-2.7300,0.7700
2750922,sitting,0.0024,0.0102,-1.0055,0.4550,-2.7300,0.8050
2750941,sitting,0.0020,0.0107,-1.0053,0.4900,-2.7300,0.7700
2750960,sitting,0.0027,0.0112,-1.0050,0.4900,-2.7300,0.8050
2750979,sitting,0.0027,0.0112,-1.0050,0.4900,-2.7300,0.7700
2750999,sitting,0.0032,0.0110,-1.0058,0.4900,-2.7300,0.8400
2751018,sitting,0.0027,0.0098,-1.0045,0.4900,-2.7300,0.8050
2751037,sitting,0.0034,0.0117,-1.0055,0.4900,-2.7300,0.8400
2751056,sitting,0.0027,0.0127,-1.0058,0.4550,-2.7300,0.8400
2751076,sitting,0.0029,0.0112,-1.0055,0.4900,-2.7300,0.8400
2751095,sitting,0.0024,0.0107,-1.0053,0.4900,-2.7300,0.8400
2751114,sitting,0.0029,0.0115,-1.0050,0.4900,-2.7300,0.8400
2751133,sitting,0.0022,0.0112,-1.0055,0.5250,-2.7300,0.8400
2751153,sitting,0.0027,0.0115,-1.0055,0.5250,-2.7300,0.8400
2751172,sitting,0.0037,0.0110,-1.0053,0.4900,-2.7300,0.8400
2751191,sitting,0.0032,0.0110,-1.0050,0.4900,-2.7300,0.7700
2751210,sitting,0.0029,0.0112,-1.0053,0.4900,-2.7300,0.7700
2751229,sitting,0.0024,0.0110,-1.0050,0.4900,-2.7300,0.7700
2751249,sitting,0.0032,0.0117,-1.0060,0.4550,-2.6950,0.7700
2751268,sitting,0.0041,0.0120,-1.0063,0.4900,-2.7300,0.8400
2751287,sitting,0.0046,0.0115,-1.0043,0.4900,-2.7300,0.7700
2751306,sitting,0.0024,0.0117,-1.0050,0.4900,-2.7300,0.7700
2751326,sitting,0.0022,0.0107,-1.0053,0.4900,-2.7300,0.8050
2751345,sitting,0.0039,0.0112,-1.0050,0.4550,-2.7300,0.8050
2751364,sitting,0.0034,0.0117,-1.0048,0.4550,-2.7300,0.8400
2751383,sitting,0.0044,0.0110,-1.0048,0.4900,-2.7300,0.8050
2751403,sitting,0.0029,0.0102,-1.0060,0.5250,-2.7300,0.8050
2751422,sitting,0.0029,0.0115,-1.0053,0.4900,-2.7300,0.8400
2751441,sitting,0.0027,0.0112,-1.0053,0.4900,-2.7300,0.7700
2751460,sitting,0.0029,0.0112,-1.0055,0.4550,-2.7300,0.8050
2751479,sitting,0.0017,0.0112,-1.0050,0.4900,-2.7300,0.7700
2751499,sitting,0.0027,0.0117,-1.0043,0.5250,-2.7300,0.8050
2751518,sitting,0.0022,0.0115,-1.0055,0.4900,-2.7300,0.8050
2751537,sitting,0.0012,0.0100,-1.0055,0.4900,-2.7300,0.8050
2751556,sitting,0.0020,0.0112,-1.0063,0.4900,-2.7300,0.7700
2751576,sitting,0.0027,0.0117,-1.0053,0.4900,-2.7300,0.8050
2751595,sitting,0.0037,0.0107,-1.0050,0.4900,-2.7300,0.7700
2751614,sitting,0.0039,0.0117,-1.0053,0.4900,-2.7300,0.8050
2751633,sitting,0.0034,0.0115,-1.0058,0.4900,-2.7300,0.7700
2751653,sitting,0.0039,0.0120,-1.0060,0.4900,-2.7300,0.7700
2751672,sitting,0.0022,0.0120,-1.0058,0.5250,-2.7300,0.7700
2751691,sitting,0.0022,0.0117,-1.0053,0.4900,-2.7650,0.8400
2751710,sitting,0.0044,0.0107,-1.0060,0.4900,-2.7300,0.8050
2751729,sitting,0.0039,0.0107,-1.0055,0.4900,-2.7300,0.8400
2751749,sitting,0.0041,0.0112,-1.0058,0.4900,-2.7300,0.8050
2751768,sitting,0.0041,0.0110,-1.0053,0.4900,-2.7300,0.7700
2751787,sitting,0.0024,0.0115,-1.0053,0.4550,-2.7300,0.7700
2751806,sitting,0.0034,0.0112,-1.0058,0.4900,-2.7300,0.8050
2751826,sitting,0.0032,0.0105,-1.0045,0.4900,-2.7300,0.8400
2751845,sitting,0.0037,0.0110,-1.0050,0.4900,-2.7300,0.8400
2751864,sitting,0.0020,0.0117,-1.0055,0.4900,-2.7300,0.8050
2751883,sitting,0.0029,0.0110,-1.0058,0.4900,-2.7300,0.7700
2751903,sitting,0.0039,0.0110,-1.0048,0.4550,-2.7300,0.8050
2751922,sitting,0.0039,0.0115,-1.0055,0.4900,-2.7300,0.8050
2751941,sitting,0.0027,0.0110,-1.0050,0.4550,-2.7300,0.7700
