timestamp_ms,label,acc_x_g,acc_y_g,acc_z_g,gyro_x_dps,gyro_y_dps,gyro_z_dps
3050877,sitting,1.0016,0.0120,0.0073,0.5250,-2.7300,0.7700
3050896,sitting,1.0014,0.0122,0.0076,0.4900,-2.6950,0.7700
3050915,sitting,1.0019,0.0120,0.0071,0.4900,-2.7300,0.7700
3050934,sitting,1.0021,0.0127,0.0063,0.4900,-2.7300,0.7700
3050954,sitting,1.0021,0.0122,0.0076,0.5250,-2.7300,0.7700
3050973,sitting,1.0016,0.0115,0.0073,0.4900,-2.6950,0.8050
3050992,sitting,1.0011,0.0115,0.0078,0.4900,-2.7300,0.8050
3051011,sitting,1.0011,0.0117,0.0073,0.4900,-2.7300,0.7700
3051031,sitting,1.0016,0.0124,0.0078,0.4900,-2.7300,0.7700
3051050,sitting,1.0014,0.0117,0.0078,0.4900,-2.7300,0.8050
3051069,sitting,1.0019,0.0122,0.0078,0.4900,-2.7300,0.7700
3051088,sitting,1.0011,0.0120,0.0081,0.4900,-2.7300,0.7700
3051108,sitting,1.0009,0.0129,0.0076,0.4900,-2.7300,0.8400
3051127,sitting,1.0024,0.0122,0.0066,0.4900,-2.7300,0.7700
3051146,sitting,1.0026,0.0127,0.0078,0.4900,-2.7300,0.8050
3051165,sitting,1.0014,0.0120,0.0076,0.4900,-2.7300,0.7700
3051184,sitting,1.0016,0.0124,0.0061,0.4550,-2.7300,0.8050
3051204,sitting,1.0028,0.0124,0.0071,0.4550,-2.7300,0.7700
3051223,sitting,1.0011,0.0120,0.0071,0.4900,-2.7300,0.8400
3051242,sitting,1.0016,0.0122,0.0078,0.4900,-2.7300,0.7700
3051261,sitting,1.0019,0.0124,0.0068,0.4900,-2.7300,0.8050
3051281,sitting,1.0016,0.0117,0.0073,0.4900,-2.7300,0.8400
3051300,sitting,1.0019,0.0117,0.0073,0.4900,-2.7300,0.8050
3051319,sitting,1.0024,0.0117,0.0078,0.4900,-2.7300,0.8400
3051338,sitting,1.0019,0.0105,0.0081,0.4900,-2.7300,0.7700
3051358,sitting,1.0014,0.0120,0.0076,0.4550,-2.7300,0.8050
3051377,sitting,1.0021,0.0110,0.0068,0.5250,-2.6950,0.8050
3051396,sitting,1.0024,0.0120,0.0071,0.4900,-2.7300,0.7700
3051415,sitting,1.0016,0.0117,0.0073,0.4900,-2.7300,0.8400
3051434,sitting,1.0014,0.0120,0.0068,0.4900,-2.7300,0.8400
3051454,sitting,1.0021,0.0122,0.0076,0.4900,-2.7300,0.7700
3051473,sitting,1.0024,0.0124,0.0068,0.4550,-2.7300,0.8400
3051492,sitting,1.0019,0.0122,0.0073,0.4900,-2.7300,0.8050
3051511,sitting,1.0016,0.0120,0.0073,0.4900,-2.7300,0.8400
3051531,sitting,1.0014,0.0112,0.0068,0.4900,-2.7300,0.8400
3051550,sitting,1.0021,0.0105,0.0063,0.4900,-2.7300,0.7700
3051569,sitting,1.0019,0.0110,0.0068,0.4900,-2.7300,0.8050
3051588,sitting,1.0002,0.0124,0.0076,0.5250,-2.6950,0.8400
3051608,sitting,1.0011,0.0112,0.0078,0.4900,-2.6950,0.7700
3051627,sitting,1.0004,0.0117,0.0068,0.4900,-2.7300,0.7700
3051646,sitting,1.0014,0.0117,0.0076,0.4900,-2.7300,0.7700
3051665,sitting,1.0021,0.0117,0.0078,0.4900,-2.6950,0.7700
3051684,sitting,1.0021,0.0122,0.0073,0.5600,-2.7300,0.7700
3051704,sitting,1.0014,0.0115,0.0078,0.5600,-2.7300,0.7700
3051723,sitting,1.0021,0.0120,0.0078,0.4900,-2.7300,0.8050
3051742,sitting,1.0021,0.0115,0.0066,0.4900,-2.7300,0.7700
3051761,sitting,1.0024,0.0117,0.0083,0.4550,-2.7300,0.8050
3051781,sitting,1.0028,0.0117,0.0071,0.4900,-2.7300,0.8050
3051800,sitting,1.0014,0.0124,0.0066,0.4900,-2.7300,0.8050
3051819,sitting,1.0006,0.0120,0.0066,0.4900,-2.7300,0.7700
3051838,sitting,1.0009,0.0112,0.0059,0.4900,-2.7300,0.8400
3051858,sitting,0.9997,0.0129,0.0071,0.5250,-2.6950,0.8050
3051877,sitting,1.0009,0.0129,0.0073,0.4900,-2.7300,0.7700
3051896,sitting,1.0019,0.0120,0.0081,0.4900,-2.7300,0.7700
3051915,sitting,1.0016,0.0124,0.0076,0.4900,-2.7300,0.8050
3051934,sitting,1.0016,0.0122,0.0066,0.4550,-2.7300,0.8400
3051954,sitting,1.0019,0.0112,0.0063,0.4900,-2.7300,0.8400
3051973,sitting,1.0014,0.0117,0.0081,0.4900,-2.7300,0.7700
3051992,sitting,1.0016,0.0115,0.0073,0.4900,-2.7300,0.8400
3052011,sitting,1.0024,0.0112,0.0073,0.4900,-2.7300,0.8400
3052031,sitting,1.0016,0.0120,0.0059,0.4900,-2.7300,0.8400
3052050,sitting,1.0016,0.0110,0.0071,0.4900,-2.7300,0.7700
3052069,sitting,1.0002,0.0117,0.0085,0.4900,-2.7650,0.8050
3052088,sitting,1.0011,0.0122,0.0078,0.4550,-2.7650,0.8050
3052108,sitting,1.0011,0.0117,0.0078,0.4900,-2.7300,0.7700
3052127,sitting,1.0016,0.0124,0.0066,0.4900,-2.7300,0.8050
3052146,sitting,1.0014,0.0122,0.0073,0.5250,-2.7300,0.8400
3052165,sitting,1.0014,0.0127,0.0081,0.4900,-2.7300,0.8050
3052184,sitting,1.0014,0.0112,0.0076,0.4900,-2.7300,0.8050
3052204,sitting,1.0009,0.0122,0.0081,0.4900,-2.7300,0.8400
3052223,sitting,1.0019,0.0120,0.0071,0.4900,-2.6950,0.8400
3052242,sitting,1.0011,0.0115,0.0073,0.4900,-2.7300,0.8050
3052261,sitting,1.0024,0.0112,0.0076,0.5250,-2.7300,0.7700
3052281,sitting,1.0019,0.0112,0.0076,0.5250,-2.7300,0.8050
3052300,sitting,1.0011,0.0112,0.0076,0.5250,-2.7300,0.8050
3052319,sitting,1.0021,0.0120,0.0076,0.5250,-2.7300,0.8400
3052338,sitting,1.0019,0.0127,0.0068,0.4900,-2.7300,0.7700
3052358,sitting,1.0026,0.0115,0.0073,0.4900,-2.7300,0.8050
3052377,sitting,1.0016,0.0129,0.0068,0.4900,-2.7300,0.8050
3052396,sitting,1.0021,0.0117,0.0076,0.4900,-2.7300,0.8400
3052415,sitting,1.0026,0.0127,0.0073,0.4900,-2.7300,0.7700
3052434,sitting,1.0019,0.0127,0.0066,0.5600,-2.7300,0.8400
3052454,sitting,1.0009,0.0127,0.0068,0.5250,-2.7300,0.7700
3052473,sitting,1.0009,0.0120,0.0073,0.4900,-2.7300,0.8050
3052492,sitting,1.0011,0.0115,0.0063,0.4900,-2.7300,0.7700
3052511,sitting,1.0009,0.0120,0.0078,0.4900,-2.6950,0.7700
3052531,sitting,1.0019,0.0122,0.0081,0.4900,-2.7300,0.7700
3052550,sitting,1.0016,0.0117,0.0073,0.4900,-2.7300,0.8050
3052569,sitting,1.0021,0.0117,0.0073,0.4900,-2.7300,0.7700
3052588,sitting,1.0016,0.0117,0.0066,0.4900,-2.7300,0.7700
3052608,sitting,1.0016,0.0122,0.0068,0.4900,-2.7300,0.8050
3052627,sitting,1.0016,0.0127,0.0061,0.4900,-2.7300,0.8050
3052646,sitting,1.0006,0.0120,0.0073,0.4550,-2.7300,0.8050
3052665,sitting,1.0021,0.0124,0.0073,0.5250,-2.7300,0.8050
3052684,sitting,1.0024,0.0117,0.0081,0.4900,-2.7300,0.8050
3052704,sitting,1.0016,0.0117,0.0076,0.4900,-2.7300,0.8050
3052723,sitting,1.0016,0.0115,0.0073,0.4900,-2.7300,0.7700
3052742,sitting,1.0014,0.0122,0.0081,0.5250,-2.7300,0.8050
3052761,sitting,1.0019,0.0117,0.0081,0.4550,-2.7300,0.8400
3052781,sitting,1.0019,0.0122,0.0073,0.4900,-2.7300,0.8050
3052800,sitting,1.0021,0.0120,0.0076,0.4900,-2.6950,0.8050
3052819,sitting,1.0019,0.0122,0.0073,0.4900,-2.7300,0.8050
3052838,sitting,1.0016,0.0124,0.0078,0.4900,-2.7300,0.8400
3052858,sitting,1.0006,0.0120,0.0068,0.4900,-2.7300,0.8400
3052877,sitting,1.0019,0.0127,0.0081,0.4900,-2.7300,0.8400
3052896,sitting,1.0019,0.0120,0.0073,0.4900,-2.7300,0.7700
3052915,sitting,1.0019,0.0124,0.0078,0.4900,-2.7300,0.8050
3052934,sitting,1.0016,0.0117,0.0071,0.4550,-2.7300,0.8400
3052954,sitting,1.0019,0.0120,0.0068,0.4900,-2.7300,0.8050
3052973,sitting,1.0019,0.0124,0.0071,0.4900,-2.7300,0.8400
3052992,sitting,1.0019,0.0115,0.0076,0.4900,-2.7300,0.8400
3053011,sitting,1.0011,0.0122,0.0071,0.4900,-2.7300,0.8400
3053031,sitting,1.0024,0.0115,0.0073,0.4900,-2.7300,0.7700
3053050,sitting,1.0026,0.0112,0.0071,0.4900,-2.7300,0.7700
3053069,sitting,1.0024,0.0124,0.0068,0.4900,-2.7300,0.7700
3053088,sitting,1.0026,0.0115,0.0066,0.4900,-2.7300,0.8050
3053108,sitting,1.0026,0.0115,0.0071,0.4900,-2.7300,0.8050
3053127,sitting,1.0016,0.0117,0.0061,0.5250,-2.7300,0.8400
3053146,sitting,1.0004,0.0124,0.0061,0.5250,-2.7300,0.8050
3053165,sitting,1.0016,0.0129,0.0071,0.5250,-2.7300,0.8050
3053184,sitting,1.0016,0.0129,0.0071,0.5250,-2.6950,0.8400
3053204,sitting,1.0019,0.0117,0.0078,0.4900,-2.7300,0.7700
3053223,sitting,1.0011,0.0127,0.0071,0.4900,-2.7300,0.8050
3053242,sitting,1.0019,0.0124,0.0083,0.4900,-2.7300,0.8050
3053261,sitting,1.0026,0.0117,0.0073,0.5600,-2.7300,0.7700
3053281,sitting,1.0019,0.0120,0.0068,0.4900,-2.7650,0.8050
3053300,sitting,1.0024,0.0120,0.0066,0.4900,-2.7300,0.8400
3053319,sitting,1.0026,0.0115,0.0081,0.4900,-2.7300,0.8400
3053338,sitting,1.0026,0.0127,0.0068,0.4900,-2.7300,0.8050
3053358,sitting,1.0031,0.0120,0.0063,0.4900,-2.7300,0.7700
3053377,sitting,1.0024,0.0117,0.0073,0.4900,-2.7300,0.7700
3053396,sitting,1.0006,0.0120,0.0066,0.5250,-2.7300,0.8050
3053415,sitting,1.0006,0.0112,0.0076,0.4900,-2.7300,0.8400
3053434,sitting,1.0021,0.0122,0.0073,0.4900,-2.7300,0.8050
3053454,sitting,1.0011,0.0124,0.0073,0.4550,-2.7300,0.8050
3053473,sitting,1.0021,0.0120,0.0076,0.4900,-2.7300,0.8050
3053492,sitting,1.0016,0.0117,0.0066,0.5250,-2.7300,0.7700
3053511,sitting,1.0019,0.0117,0.0076,0.4900,-2.7300,0.8400
3053531,sitting,1.0024,0.0124,0.0073,0.4900,-2.7300,0.8050
3053550,sitting,1.0019,0.0117,0.0068,0.5250,-2.7650,0.7700
3053569,sitting,1.0019,0.0117,0.0071,0.4900,-2.7300,0.8050
3053588,sitting,1.0024,0.0120,0.0073,0.4900,-2.7650,0.8400
3053608,sitting,1.0021,0.0124,0.0066,0.4900,-2.7300,0.8050
3053627,sitting,1.0019,0.0124,0.0068,0.4900,-2.7300,0.8050
3053646,sitting,1.0019,0.0122,0.0076,0.4900,-2.6950,0.8050
3053665,sitting,1.0016,0.0124,0.0068,0.5250,-2.7300,0.8400
3053684,sitting,1.0024,0.0129,0.0066,0.4900,-2.7300,0.7700
3053704,sitting,1.0016,0.0124,0.0078,0.4900,-2.7300,0.8400
3053723,sitting,1.0014,0.0112,0.0083,0.4900,-2.7650,0.8400
3053742,sitting,1.0014,0.0124,0.0073,0.4900,-2.7300,0.8400
3053761,sitting,1.0019,0.0117,0.0071,0.4900,-2.7300,0.7700
3053781,sitting,1.0014,0.0112,0.0071,0.4900,-2.7300,0.8400
3053800,sitting,1.0014,0.0120,0.0066,0.4900,-2.7650,0.8050
3053819,sitting,1.0019,0.0120,0.0063,0.5250,-2.7300,0.7700
3053838,sitting,1.0009,0.0117,0.0071,0.4900,-2.7300,0.8400
3053858,sitting,1.0014,0.0110,0.0061,0.4900,-2.7300,0.8050
3053877,sitting,1.0021,0.0117,0.0061,0.4900,-2.7300,0.8050
3053896,sitting,1.0009,0.0115,0.0071,0.4900,-2.7300,0.8400
3053915,sitting,1.0009,0.0115,0.0073,0.4900,-2.7300,0.8050
3053934,sitting,1.0024,0.0120,0.0071,0.5250,-2.7300,0.8400
3053954,sitting,1.0019,0.0112,0.0071,0.4900,-2.7300,0.8050
3053973,sitting,1.0006,0.0107,0.0063,0.4900,-2.7300,0.8050
3053992,sitting,1.0019,0.0110,0.0066,0.4900,-2.7300,0.8400
3054011,sitting,1.0009,0.0117,0.0071,0.5250,-2.7300,0.8400
3054031,sitting,1.0009,0.0115,0.0078,0.4900,-2.7300,0.7700
3054050,sitting,1.0016,0.0115,0.0066,0.4900,-2.7300,0.7700
3054069,sitting,1.0016,0.0115,0.0056,0.4900,-2.7650,0.8400
3054088,sitting,1.0021,0.0112,0.0068,0.4900,-2.6950,0.8400
3054108,sitting,1.0014,0.0124,0.0071,0.5250,-2.7300,0.7700
3054127,sitting,1.0019,0.0124,0.0073,0.5250,-2.7300,0.8400
3054146,sitting,1.0019,0.0112,0.0061,0.4900,-2.7300,0.8400
3054165,sitting,1.0026,0.0122,0.0078,0.5250,-2.7300,0.8400
3054184,sitting,1.0026,0.0110,0.0073,0.4900,-2.7300,0.8050
3054204,sitting,1.0016,0.0117,0.0066,0.4900,-2.7300,0.7700
3054223,sitting,1.0016,0.0124,0.0068,0.4900,-2.7300,0.8050
3054242,sitting,1.0021,0.0120,0.0073,0.4900,-2.7650,0.7700
3054261,sitting,1.0014,0.0120,0.0078,0.5250,-2.6950,0.8050
3054281,sitting,1.0024,0.0122,0.0071,0.4900,-2.7300,0.7700
3054300,sitting,1.0021,0.0122,0.0066,0.4900,-2.7300,0.8050
3054319,sitting,1.0019,0.0115,0.0078,0.4900,-2.7300,0.8400
3054338,sitting,1.0016,0.0122,0.0068,0.4900,-2.7300,0.8050
3054358,sitting,1.0019,0.0120,0.0071,0.4900,-2.7300,0.7700
3054377,sitting,1.0024,0.0112,0.0073,0.5250,-2.7300,0.8050
3054396,sitting,1.0019,0.0105,0.0071,0.4900,-2.7650,0.8050
3054415,sitting,1.0019,0.0127,0.0081,0.4900,-2.7300,0.7700
3054434,sitting,1.0021,0.0129,0.0071,0.4900,-2.7300,0.8050
3054454,sitting,1.0014,0.0115,0.0068,0.4900,-2.7300,0.7700
3054473,sitting,1.0014,0.0122,0.0081,0.4550,-2.7650,0.8400
3054492,sitting,1.0014,0.0122,0.0073,0.4900,-2.7300,0.8050
3054511,sitting,1.0014,0.0120,0.0076,0.5250,-2.7300,0.7700
3054531,sitting,1.0024,0.0120,0.0066,0.4900,-2.7300,0.8400
3054550,sitting,1.0014,0.0137,0.0076,0.4900,-2.6950,0.8400
3054569,sitting,1.0024,0.0132,0.0066,0.4900,-2.7300,0.7700
3054588,sitting,1.0014,0.0127,0.0073,0.4550,-2.7300,0.8050
3054608,sitting,1.0019,0.0124,0.0076,0.4200,-2.7300,0.7700
3054627,sitting,1.0016,0.0120,0.0083,0.4550,-2.7300,0.8400
3054646,sitting,1.0014,0.0124,0.0076,0.4900,-2.7300,0.8400
3054665,sitting,1.0016,0.0115,0.0071,0.5600,-2.6600,0.8050
3054684,sitting,1.0011,0.0115,0.0068,0.4900,-2.6950,0.7700
3054704,sitting,1.0009,0.0127,0.0063,0.4900,-2.7300,0.8050
3054723,sitting,1.0009,0.0124,0.0068,0.5250,-2.7300,0.8400
3054742,sitting,1.0014,0.0120,0.0068,0.4900,-2.6950,0.7700
3054761,sitting,1.0011,0.0117,0.0063,0.4900,-2.7300,0.8400
3054781,sitting,1.0002,0.0124,0.0078,0.4900,-2.6950,0.8050
3054800,sitting,1.0014,0.0115,0.0076,0.4900,-2.7300,0.8400
3054819,sitting,1.0016,0.0115,0.0088,0.5250,-2.7300,0.7700
3054838,sitting,1.0016,0.0115,0.0081,0.4900,-2.6950,0.7700
3054858,sitting,1.0016,0.0127,0.0071,0.5250,-2.7300,0.7700
3054877,sitting,1.0014,0.0110,0.0068,0.4900,-2.6950,0.7700
3054896,sitting,1.0019,0.0115,0.0078,0.4900,-2.7300,0.8050
3054915,sitting,1.0011,0.0122,0.0073,0.4900,-2.7650,0.8050
3054934,sitting,1.0016,0.0120,0.0066,0.5250,-2.7300,0.8400
3054954,sitting,1.0014,0.0120,0.0061,0.5250,-2.7300,0.8050
3054973,sitting,1.0019,0.0120,0.0078,0.4900,-2.7300,0.7700
3054992,sitting,1.0016,0.0129,0.0081,0.4900,-2.7300,0.8050
3055011,sitting,1.0021,0.0120,0.0078,0.4900,-2.7650,0.7700
3055031,sitting,1.0016,0.0115,0.0081,0.4900,-2.7300,0.7700
3055050,sitting,1.0016,0.0134,0.0076,0.4900,-2.7300,0.8050
3055069,sitting,1.0016,0.0120,0.0081,0.4900,-2.6950,0.7700
3055088,sitting,1.0014,0.0122,0.0066,0.4900,-2.7650,0.8050
3055108,sitting,1.0024,0.0129,0.0066,0.5250,-2.7300,0.8050
3055127,sitting,1.0024,0.0124,0.0073,0.4900,-2.7300,0.8050
3055146,sitting,1.0014,0.0122,0.0066,0.4900,-2.6950,0.7700
3055165,sitting,1.0024,0.0120,0.0071,0.5250,-2.7300,0.7700
3055184,sitting,1.0009,0.0117,0.0068,0.4900,-2.7650,0.7700
3055204,sitting,1.0019,0.0117,0.0061,0.4900,-2.7300,0.8050
3055223,sitting,1.0021,0.0112,0.0071,0.4900,-2.7300,0.8400
3055242,sitting,1.0021,0.0117,0.0078,0.4550,-2.7300,0.7700
3055261,sitting,1.0019,0.0117,0.0071,0.4900,-2.7300,0.8050
3055281,sitting,1.0021,0.0120,0.0066,0.4550,-2.7650,0.8400
3055300,sitting,1.0016,0.0120,0.0059,0.4900,-2.7650,0.7700
3055319,sitting,1.0019,0.0120,0.0068,0.4550,-2.7650,0.8050
3055338,sitting,1.0016,0.0115,0.0071,0.4900,-2.7300,0.8050
3055358,sitting,1.0016,0.0127,0.0066,0.4900,-2.7300,0.7700
3055377,sitting,1.0009,0.0120,0.0071,0.4550,-2.7300,0.8400
3055396,sitting,1.0019,0.0122,0.0073,0.5250,-2.7300,0.8050
3055415,sitting,1.0016,0.0127,0.0078,0.4900,-2.7300,0.8400
3055434,sitting,1.0011,0.0122,0.0083,0.4900,-2.6950,0.8050
3055454,sitting,1.0014,0.0124,0.0068,0.4900,-2.7300,0.8400
3055473,sitting,1.0011,0.0117,0.0066,0.4900,-2.7300,0.8400
3055492,sitting,1.0004,0.0120,0.0073,0.4900,-2.7300,0.8400
3055511,sitting,1.0026,0.0120,0.0066,0.4900,-2.6950,0.8400
3055531,sitting,1.0016,0.0122,0.0068,0.4900,-2.7300,0.8400
3055550,sitting,1.0028,0.0124,0.0068,0.4900,-2.7300,0.8400
3055569,sitting,1.0019,0.0117,0.0063,0.4550,-2.7300,0.7700
3055588,sitting,1.0026,0.0122,0.0071,0.5250,-2.7300,0.8400
3055608,sitting,1.0021,0.0122,0.0083,0.4900,-2.7300,0.8050
3055627,sitting,1.0014,0.0127,0.0068,0.4900,-2.7300,0.7700
3055646,sitting,1.0006,0.0124,0.0066,0.5250,-2.7300,0.8400
3055665,sitting,1.0014,0.0122,0.0076,0.5250,-2.7300,0.8400
3055684,sitting,1.0009,0.0120,0.0071,0.5250,-2.7300,0.8050
3055704,sitting,1.0026,0.0124,0.0073,0.4900,-2.7300,0.8400
3055723,sitting,1.0014,0.0124,0.0083,0.5250,-2.7300,0.7700
3055742,sitting,1.0011,0.0110,0.0073,0.4900,-2.7300,0.8050
3055761,sitting,1.0019,0.0115,0.0071,0.4900,-2.7300,0.8050
3055781,sitting,1.0006,0.0117,0.0068,0.4900,-2.7300,0.8050
3055800,sitting,1.0014,0.0117,0.0071,0.5250,-2.7300,0.7700
3055819,sitting,1.0024,0.0127,0.0068,0.4900,-2.7650,0.7700
3055838,sitting,1.0019,0.0122,0.0078,0.4900,-2.7650,0.7700
3055858,sitting,1.0021,0.0122,0.0083,0.4900,-2.7300,0.8050
3055877,sitting,1.0021,0.0129,0.0078,0.4900,-2.7300,0.8050
3055896,sitting,1.0021,0.0117,0.0081,0.5250,-2.7300,0.8400
3055915,sitting,1.0021,0.0120,0.0078,0.5250,-2.7300,0.8050
3055934,sitting,1.0011,0.0120,0.0078,0.5250,-2.7300,0.7700
3055954,sitting,1.0016,0.0122,0.0083,0.4900,-2.7300,0.7700
3055973,sitting,1.0021,0.0117,0.0076,0.4900,-2.7300,0.8400
3055992,sitting,1.0011,0.0127,0.0071,0.4900,-2.7300,0.8050
3056011,sitting,1.0021,0.0129,0.0083,0.5600,-2.7300,0.7700
3056031,sitting,1.0011,0.0120,0.0088,0.5250,-2.7300,0.8400
3056050,sitting,1.0019,0.0115,0.0085,0.4900,-2.7300,0.8050
3056069,sitting,1.0009,0.0110,0.0085,0.4900,-2.7650,0.8050
3056088,sitting,1.0016,0.0115,0.0066,0.5250,-2.7300,0.8050
3056108,sitting,1.0021,0.0120,0.0071,0.4900,-2.7300,0.8050
3056127,sitting,1.0024,0.0115,0.0081,0.4900,-2.7300,0.8400
3056146,sitting,1.0019,0.0110,0.0076,0.4900,-2.7300,0.8050
3056165,sitting,1.0016,0.0122,0.0078,0.4900,-2.7300,0.8050
3056184,sitting,1.0024,0.0117,0.0076,0.4900,-2.7300,0.8400
3056204,sitting,1.0021,0.0122,0.0073,0.4900,-2.7300,0.8400
3056223,sitting,1.0014,0.0117,0.0073,0.5250,-2.7300,0.8400
3056242,sitting,1.0006,0.0117,0.0081,0.5250,-2.7300,0.8400
3056261,sitting,1.0011,0.0120,0.0078,0.4900,-2.7300,0.8400
3056281,sitting,1.0011,0.0122,0.0076,0.4550,-2.7300,0.8400
3056300,sitting,1.0011,0.0127,0.0076,0.4900,-2.7300,0.8400
3056319,sitting,1.0019,0.0115,0.0068,0.4900,-2.6950,0.8400
3056338,sitting,1.0016,0.0120,0.0066,0.4550,-2.7300,0.7700
3056358,sitting,1.0006,0.0127,0.0081,0.4900,-2.7300,0.8050
3056377,sitting,1.0021,0.0127,0.0071,0.4900,-2.7300,0.8400
3056396,sitting,1.0016,0.0122,0.0068,0.4900,-2.7300,0.8400
3056415,sitting,1.0011,0.0120,0.0068,0.4900,-2.7300,0.8050
3056434,sitting,1.0014,0.0124,0.0066,0.4900,-2.7300,0.7700
3056454,sitting,1.0019,0.0124,0.0078,0.4900,-2.7300,0.8050
3056473,sitting,1.0016,0.0117,0.0073,0.4900,-2.7300,0.7700
3056492,sitting,1.0024,0.0120,0.0068,0.4900,-2.6950,0.8050
3056511,sitting,1.0011,0.0115,0.0068,0.4900,-2.7300,0.8400
3056531,sitting,1.0021,0.0127,0.0068,0.4900,-2.7300,0.8400
3056550,sitting,1.0014,0.0122,0.0078,0.4900,-2.7300,0.8050
3056569,sitting,1.0014,0.0110,0.0073,0.4900,-2.7300,0.8400
3056588,sitting,1.0011,0.0122,0.0076,0.4900,-2.7300,0.8400
3056608,sitting,1.0016,0.0115,0.0076,0.5250,-2.7300,0.8050
3056627,sitting,1.0019,0.0120,0.0063,0.4900,-2.7300,0.8050
3056646,sitting,1.0014,0.0117,0.0076,0.4900,-2.7300,0.7700
3056665,sitting,1.0014,0.0110,0.0073,0.4900,-2.7300,0.8050
3056684,sitting,1.0028,0.0120,0.0068,0.4900,-2.7300,0.8050
3056704,sitting,1.0019,0.0127,0.0068,0.4900,-2.7300,0.8050
3056723,sitting,1.0011,0.0122,0.0068,0.4900,-2.7300,0.8400
3056742,sitting,1.0011,0.0115,0.0063,0.4900,-2.7300,0.8400
3056761,sitting,1.0009,0.0122,0.0068,0.4900,-2.7300,0.8050
3056781,sitting,1.0009,0.0115,0.0071,0.4900,-2.7300,0.8050
3056800,sitting,1.0014,0.0117,0.0081,0.4900,-2.7300,0.7700
3056819,sitting,1.0014,0.0120,0.0073,0.4900,-2.7650,0.7700
3056838,sitting,1.0016,0.0117,0.0081,0.4900,-2.7300,0.7700
3056858,sitting,1.0016,0.0120,0.0063,0.4900,-2.7300,0.8050
3056877,sitting,1.0021,0.0127,0.0076,0.4900,-2.7300,0.7700
3056896,sitting,1.0009,0.0122,0.0081,0.4900,-2.7300,0.8050
3056915,sitting,1.0016,0.0124,0.0076,0.4900,-2.7650,0.8050
3056934,sitting,1.0014,0.0117,0.0078,0.4550,-2.7650,0.8050
3056954,sitting,1.0004,0.0132,0.0073,0.4900,-2.8000,0.8050
3056973,sitting,1.0011,0.0127,0.0068,0.4900,-2.7300,0.7700
3056992,sitting,1.0019,0.0120,0.0068,0.4550,-2.7300,0.8400
3057011,sitting,1.0011,0.0122,0.0063,0.4550,-2.7300,0.8050
3057031,sitting,1.0016,0.0112,0.0076,0.4900,-2.7300,0.8050
3057050,sitting,1.0011,0.0120,0.0078,0.4900,-2.7300,0.8400
3057069,sitting,1.0026,0.0120,0.0076,0.4900,-2.7300,0.8050
3057088,sitting,1.0024,0.0120,0.0068,0.4900,-2.7300,0.7700
3057108,sitting,1.0011,0.0112,0.0063,0.4900,-2.6950,0.8050
3057127,sitting,1.0011,0.0117,0.0056,0.4900,-2.7300,0.8050
3057146,sitting,1.0021,0.0120,0.0078,0.4900,-2.7300,0.8400
3057165,sitting,1.0016,0.0117,0.0078,0.4900,-2.7300,0.8050
3057184,sitting,1.0026,0.0117,0.0081,0.4900,-2.7300,0.8400
3057204,sitting,1.0021,0.0117,0.0076,0.4900,-2.7300,0.8050
3057223,sitting,1.0009,0.0117,0.0076,0.4900,-2.7300,0.7700
3057242,sitting,1.0014,0.0132,0.0073,0.4900,-2.7300,0.8400
3057261,sitting,1.0014,0.0120,0.0066,0.4900,-2.7300,0.8400
3057281,sitting,1.0016,0.0132,0.0073,0.4900,-2.6950,0.8400
3057300,sitting,1.0021,0.0117,0.0073,0.4900,-2.7300,0.8050
3057319,sitting,1.0014,0.0122,0.0078,0.4900,-2.7300,0.8050
3057338,sitting,1.0019,0.0117,0.0073,0.5250,-2.7300,0.7700
3057358,sitting,1.0024,0.0115,0.0073,0.4900,-2.7300,0.7700
3057377,sitting,1.0014,0.0117,0.0068,0.5250,-2.7300,0.7700
3057396,sitting,1.0014,0.0122,0.0078,0.4900,-2.7300,0.7700
3057415,sitting,1.0009,0.0129,0.0083,0.4900,-2.7300,0.7700
3057434,sitting,1.0009,0.0132,0.0078,0.5250,-2.7300,0.8050
3057454,sitting,1.0016,0.0120,0.0066,0.5250,-2.7300,0.8050
3057473,sitting,1.0011,0.0115,0.0073,0.4900,-2.7300,0.7700
3057492,sitting,1.0009,0.0112,0.0071,0.4900,-2.7300,0.7700
3057511,sitting,1.0014,0.0120,0.0081,0.4900,-2.7300,0.8050
3057531,sitting,1.0014,0.0127,0.0073,0.4900,-2.7650,0.8050
3057550,sitting,1.0016,0.0112,0.0076,0.4900,-2.7300,0.8050
3057569,sitting,1.0026,0.0102,0.0078,0.4900,-2.6950,0.8050
3057588,sitting,1.0024,0.0117,0.0066,0.4900,-2.7300,0.8050
3057608,sitting,1.0024,0.0127,0.0076,0.4900,-2.7300,0.8400
3057627,sitting,1.0019,0.0117,0.0068,0.4900,-2.7300,0.8050
3057646,sitting,1.0019,0.0117,0.0059,0.4900,-2.7300,0.8050
3057665,sitting,1.0011,0.0120,0.0076,0.4900,-2.7300,0.8400
3057684,sitting,1.0009,0.0117,0.0068,0.4900,-2.7650,0.8050
3057704,sitting,1.0019,0.0127,0.0083,0.4900,-2.7650,0.8400
3057723,sitting,1.0019,0.0117,0.0078,0.4900,-2.7300,0.8050
3057742,sitting,1.0014,0.0122,0.0078,0.4900,-2.7300,0.7700
3057761,sitting,1.0011,0.0115,0.0076,0.4900,-2.7300,0.8050
3057781,sitting,1.0014,0.0122,0.0068,0.5250,-2.7650,0.8050
3057800,sitting,1.0011,0.0122,0.0066,0.4900,-2.7300,0.8050
3057819,sitting,1.0026,0.0124,0.0083,0.4900,-2.7650,0.8400
3057838,sitting,1.0014,0.0117,0.0085,0.4900,-2.7650,0.8050
3057858,sitting,1.0016,0.0115,0.0071,0.4900,-2.7300,0.8050
3057877,sitting,1.0021,0.0120,0.0068,0.4900,-2.7650,0.8050
3057896,sitting,1.0019,0.0122,0.0076,0.4900,-2.7300,0.8050
3057915,sitting,1.0019,0.0110,0.0063,0.4900,-2.7300,0.8050
3057934,sitting,1.0016,0.0122,0.0071,0.4900,-2.7300,0.8400
3057954,sitting,1.0019,0.0117,0.0063,0.4900,-2.7300,0.8400
3057973,sitting,1.0014,0.0120,0.0068,0.4900,-2.7650,0.8400
3057992,sitting,1.0011,0.0122,0.0068,0.4900,-2.7300,0.8400
3058011,sitting,1.0019,0.0124,0.0073,0.4900,-2.7300,0.8400
3058031,sitting,1.0019,0.0120,0.0076,0.4900,-2.7300,0.8050
3058050,sitting,1.0016,0.0122,0.0068,0.4900,-2.6950,0.8050
3058069,sitting,1.0019,0.0122,0.0073,0.4900,-2.7300,0.8050
3058088,sitting,1.0014,0.0124,0.0071,0.4900,-2.6950,0.7700
3058108,sitting,1.0006,0.0127,0.0078,0.4900,-2.7300,0.7700
3058127,sitting,1.0009,0.0115,0.0073,0.5250,-2.7300,0.8050
3058146,sitting,1.0011,0.0120,0.0076,0.5600,-2.7300,0.8400
3058165,sitting,1.0019,0.0117,0.0081,0.4900,-2.7300,0.8050
3058184,sitting,1.0016,0.0117,0.0073,0.5250,-2.6950,0.8050
3058204,sitting,1.0014,0.0127,0.0073,0.4900,-2.7300,0.8050
3058223,sitting,1.0014,0.0115,0.0085,0.4900,-2.7300,0.8050
3058242,sitting,1.0014,0.0117,0.0083,0.5250,-2.6950,0.7700
3058261,sitting,1.0011,0.0117,0.0076,0.4900,-2.7300,0.8050
3058281,sitting,1.0009,0.0122,0.0068,0.4900,-2.7300,0.7700
3058300,sitting,1.0014,0.0122,0.0073,0.5250,-2.7300,0.7700
3058319,sitting,1.0021,0.0120,0.0083,0.4900,-2.7300,0.8400
3058338,sitting,1.0011,0.0117,0.0073,0.4900,-2.7300,0.8050
3058358,sitting,1.0016,0.0129,0.0073,0.4900,-2.7300,0.8400
3058377,sitting,1.0019,0.0115,0.0066,0.4550,-2.7300,0.7700
3058396,sitting,1.0024,0.0122,0.0073,0.5250,-2.7300,0.7700
3058415,sitting,1.0019,0.0129,0.0063,0.4900,-2.7300,0.7700
3058434,sitting,1.0016,0.0124,0.0073,0.4900,-2.7300,0.8050
3058454,sitting,1.0011,0.0117,0.0076,0.4900,-2.7300,0.7700
3058473,sitting,1.0019,0.0112,0.0071,0.4550,-2.7300,0.8050
3058492,sitting,1.0014,0.0127,0.0061,0.4900,-2.7300,0.8050
3058511,sitting,1.0006,0.0120,0.0068,0.4900,-2.7300,0.7700
3058531,sitting,1.0009,0.0124,0.0078,0.5250,-2.7300,0.8400
3058550,sitting,1.0016,0.0117,0.0076,0.4900,-2.7300,0.8400
3058569,sitting,1.0011,0.0127,0.0076,0.4900,-2.7300,0.8050
3058588,sitting,1.0002,0.0127,0.0073,0.4900,-2.7300,0.8050
3058608,sitting,1.0011,0.0115,0.0073,0.4900,-2.7300,0.8400
3058627,sitting,1.0016,0.0124,0.0066,0.4550,-2.7300,0.8050
3058646,sitting,1.0014,0.0120,0.0063,0.4900,-2.7650,0.8400
3058665,sitting,1.0014,0.0117,0.0083,0.4900,-2.7300,0.8400
3058684,sitting,1.0019,0.0129,0.0066,0.4550,-2.7300,0.8050
3058704,sitting,1.0014,0.0115,0.0068,0.5250,-2.7300,0.8050
3058723,sitting,1.0021,0.0117,0.0071,0.4900,-2.7300,0.8050
3058742,sitting,1.0019,0.0124,0.0073,0.4900,-2.7300,0.8400
3058761,sitting,1.0002,0.0122,0.0076,0.4550,-2.7300,0.8400
3058781,sitting,1.0016,0.0120,0.0063,0.4900,-2.7300,0.8400
3058800,sitting,1.0011,0.0120,0.0071,0.5250,-2.7300,0.7700
3058819,sitting,1.0019,0.0122,0.0066,0.4900,-2.7300,0.8050
3058838,sitting,1.0019,0.0127,0.0073,0.4900,-2.7300,0.8400
3058858,sitting,1.0019,0.0124,0.0078,0.5600,-2.7300,0.8400
3058877,sitting,1.0021,0.0117,0.0081,0.4900,-2.7300,0.8400
3058896,sitting,1.0019,0.0122,0.0076,0.4900,-2.7300,0.8400
3058915,sitting,1.0019,0.0120,0.0063,0.4900,-2.6950,0.7700
3058934,sitting,1.0016,0.0122,0.0063,0.4900,-2.7300,0.8400
3058954,sitting,1.0014,0.0134,0.0068,0.4900,-2.7300,0.8050
3058973,sitting,1.0016,0.0117,0.0076,0.4900,-2.7300,0.8050
3058992,sitting,1.0021,0.0117,0.0068,0.5250,-2.6950,0.8400
3059011,sitting,1.0016,0.0112,0.0073,0.4900,-2.6950,0.8400
3059031,sitting,1.0016,0.0122,0.0076,0.5250,-2.7300,0.8400
3059050,sitting,1.0016,0.0124,0.0066,0.4900,-2.7300,0.8400
3059069,sitting,1.0021,0.0120,0.0076,0.5250,-2.7300,0.7700
3059088,sitting,1.0019,0.0115,0.0066,0.4900,-2.7300,0.7700
3059108,sitting,1.0019,0.0115,0.0073,0.4900,-2.7300,0.8400
3059127,sitting,1.0016,0.0120,0.0073,0.4900,-2.6950,0.7700
3059146,sitting,1.0019,0.0117,0.0078,0.4900,-2.7300,0.7700
3059165,sitting,1.0019,0.0122,0.0071,0.4900,-2.7300,0.7700
3059184,sitting,1.0021,0.0115,0.0073,0.4900,-2.7300,0.7700
3059204,sitting,1.0011,0.0124,0.0078,0.4900,-2.7300,0.8050
3059223,sitting,1.0021,0.0122,0.0059,0.4900,-2.7300,0.8050
3059242,sitting,1.0024,0.0120,0.0066,0.4900,-2.7300,0.7700
3059261,sitting,1.0024,0.0134,0.0061,0.4900,-2.7300,0.8050
3059281,sitting,1.0019,0.0117,0.0068,0.4900,-2.7300,0.7700
3059300,sitting,1.0016,0.0129,0.0068,0.4900,-2.7300,0.8050
3059319,sitting,1.0014,0.0124,0.0066,0.5250,-2.7300,0.7700
3059338,sitting,1.0016,0.0117,0.0081,0.4900,-2.7300,0.8050
3059358,sitting,1.0019,0.0122,0.0081,0.4900,-2.7300,0.7700
3059377,sitting,1.0011,0.0120,0.0068,0.4900,-2.7300,0.8050
3059396,sitting,1.0011,0.0112,0.0076,0.4900,-2.7300,0.8400
3059415,sitting,1.0019,0.0120,0.0068,0.4900,-2.7300,0.7700
3059434,sitting,1.0016,0.0120,0.0068,0.4900,-2.7650,0.7700
3059454,sitting,1.0021,0.0112,0.0063,0.4900,-2.7300,0.8400
3059473,sitting,1.0021,0.0117,0.0071,0.4900,-2.7300,0.8400
3059492,sitting,1.0014,0.0122,0.0076,0.4900,-2.7300,0.8400
3059511,sitting,1.0011,0.0129,0.0063,0.4550,-2.7300,0.8050
3059531,sitting,1.0016,0.0124,0.0073,0.4550,-2.7300,0.8050
3059550,sitting,1.0024,0.0115,0.0078,0.4900,-2.7300,0.8400
3059569,sitting,1.0019,0.0115,0.0068,0.4900,-2.7300,0.8400
3059588,sitting,1.0009,0.0120,0.0056,0.4900,-2.7650,0.8050
3059608,sitting,1.0019,0.0124,0.0068,0.4900,-2.7300,0.8050
3059627,sitting,1.0021,0.0117,0.0076,0.4900,-2.7300,0.8050
3059646,sitting,1.0014,0.0120,0.0076,0.4900,-2.7300,0.7700
3059665,sitting,1.0011,0.0122,0.0081,0.4900,-2.7300,0.8050
3059684,sitting,1.0014,0.0124,0.0078,0.4200,-2.7650,0.7700
3059704,sitting,1.0011,0.0122,0.0081,0.4900,-2.7300,0.8400
3059723,sitting,1.0019,0.0124,0.0068,0.4900,-2.7300,0.7700
3059742,sitting,1.0016,0.0124,0.0066,0.4900,-2.7300,0.8050
3059761,sitting,1.0019,0.0115,0.0073,0.4900,-2.7300,0.8400
3059781,sitting,1.0014,0.0129,0.0068,0.4900,-2.7300,0.7700
3059800,sitting,1.0021,0.0124,0.0076,0.4900,-2.7300,0.8050
3059819,sitting,1.0014,0.0124,0.0078,0.4900,-2.7300,0.7700
3059838,sitting,1.0014,0.0127,0.0066,0.4900,-2.7300,0.8050
3059858,sitting,1.0011,0.0120,0.0071,0.5250,-2.7300,0.8400
3059877,sitting,1.0006,0.0124,0.0071,0.4900,-2.6950,0.8050
3059896,sitting,1.0019,0.0120,0.0068,0.4900,-2.7300,0.8050
3059915,sitting,1.0014,0.0120,0.0073,0.5250,-2.7300,0.7700
3059934,sitting,1.0016,0.0110,0.0071,0.5250,-2.7300,0.8400
3059954,sitting,1.0011,0.0117,0.0076,0.4900,-2.7300,0.8400
3059973,sitting,1.0011,0.0117,0.0071,0.4550,-2.7300,0.7700
3059992,sitting,1.0016,0.0120,0.0073,0.4900,-2.7300,0.8050
3060011,sitting,1.0009,0.0122,0.0071,0.5250,-2.7300,0.7700
3060031,sitting,1.0004,0.0115,0.0059,0.4900,-2.7300,0.7700
3060050,sitting,1.0024,0.0115,0.0061,0.4900,-2.7300,0.7700
3060069,sitting,1.0019,0.0117,0.0071,0.5250,-2.7650,0.7700
3060088,sitting,1.0016,0.0117,0.0071,0.4900,-2.7300,0.8400
3060108,sitting,1.0016,0.0117,0.0063,0.4900,-2.7300,0.8050
3060127,sitting,1.0019,0.0115,0.0066,0.4900,-2.7300,0.8400
3060146,sitting,1.0021,0.0120,0.0054,0.4900,-2.7300,0.7700
3060165,sitting,1.0026,0.0122,0.0061,0.5250,-2.7300,0.7700
3060184,sitting,1.0019,0.0124,0.0068,0.4900,-2.7300,0.7700
3060204,sitting,1.0019,0.0110,0.0066,0.4900,-2.7300,0.7700
3060223,sitting,1.0016,0.0120,0.0068,0.4900,-2.7650,0.8050
3060242,sitting,1.0014,0.0124,0.0073,0.4900,-2.7650,0.8050
3060261,sitting,1.0011,0.0117,0.0073,0.4900,-2.6950,0.8050
3060281,sitting,1.0011,0.0112,0.0073,0.4550,-2.7300,0.8400
3060300,sitting,1.0014,0.0122,0.0078,0.4900,-2.7300,0.8400
3060319,sitting,1.0024,0.0120,0.0076,0.4550,-2.7300,0.8400
3060338,sitting,1.0019,0.0117,0.0068,0.4900,-2.7300,0.8400
3060358,sitting,1.0019,0.0132,0.0081,0.4900,-2.7300,0.8050
3060377,sitting,1.0028,0.0129,0.0073,0.4900,-2.7300,0.8400
3060396,sitting,1.0021,0.0129,0.0073,0.4900,-2.7300,0.8400
3060415,sitting,1.0011,0.0127,0.0068,0.4900,-2.6950,0.8050
3060434,sitting,1.0011,0.0129,0.0066,0.4550,-2.7300,0.8050
3060454,sitting,1.0016,0.0124,0.0071,0.4900,-2.7300,0.8400
3060473,sitting,1.0021,0.0124,0.0071,0.4900,-2.7300,0.8400
3060492,sitting,1.0019,0.0129,0.0073,0.4900,-2.7300,0.8050
3060511,sitting,1.0014,0.0124,0.0068,0.4900,-2.7300,0.8400
3060531,sitting,1.0011,0.0127,0.0076,0.4900,-2.7300,0.8400
3060550,sitting,1.0021,0.0122,0.0078,0.4900,-2.6950,0.8050
3060569,sitting,1.0011,0.0122,0.0066,0.4900,-2.7300,0.8400
3060588,sitting,1.0021,0.0115,0.0073,0.4550,-2.7300,0.8400
3060608,sitting,1.0019,0.0117,0.0076,0.4900,-2.7300,0.8400
3060627,sitting,1.0021,0.0127,0.0071,0.4900,-2.7300,0.8050
3060646,sitting,1.0021,0.0117,0.0076,0.4900,-2.7300,0.8400
3060665,sitting,1.0019,0.0122,0.0071,0.4900,-2.7300,0.8050
3060684,sitting,1.0026,0.0117,0.0068,0.4900,-2.7300,0.8050
3060704,sitting,1.0016,0.0122,0.0063,0.5250,-2.7300,0.8050
3060723,sitting,1.0016,0.0115,0.0056,0.5250,-2.7300,0.8400
3060742,sitting,1.0011,0.0112,0.0061,0.5250,-2.7300,0.7700
3060761,sitting,1.0009,0.0122,0.0063,0.4900,-2.7300,0.8050
3060781,sitting,1.0016,0.0132,0.0081,0.4900,-2.7300,0.7700
3060800,sitting,1.0016,0.0132,0.0076,0.5250,-2.7300,0.8400
3060819,sitting,1.0011,0.0120,0.0071,0.5600,-2.6950,0.7700
3060838,sitting,1.0016,0.0124,0.0076,0.4900,-2.7300,0.8050
3060858,sitting,1.0019,0.0117,0.0056,0.5250,-2.7300,0.8050
3060877,sitting,1.0016,0.0122,0.0071,0.4900,-2.7300,0.8050
3060896,sitting,1.0014,0.0122,0.0076,0.4900,-2.7300,0.8050
3060915,sitting,1.0016,0.0107,0.0066,0.5250,-2.7300,0.7700
3060934,sitting,1.0024,0.0100,0.0078,0.4900,-2.7300,0.8050
3060954,sitting,1.0019,0.0115,0.0073,0.4900,-2.7300,0.8400
3060973,sitting,1.0014,0.0124,0.0071,0.4900,-2.7300,0.8050
3060992,sitting,1.0016,0.0120,0.0076,0.4900,-2.7650,0.7700
3061011,sitting,1.0021,0.0117,0.0078,0.4900,-2.7300,0.8050
3061031,sitting,1.0009,0.0122,0.0081,0.4550,-2.7300,0.8050
3061050,sitting,1.0016,0.0117,0.0081,0.5250,-2.7300,0.7700
3061069,sitting,1.0016,0.0122,0.0071,0.4900,-2.7300,0.8050
3061088,sitting,1.0011,0.0122,0.0085,0.5250,-2.7300,0.8050
3061108,sitting,1.0009,0.0120,0.0061,0.5250,-2.7300,0.8400
3061127,sitting,1.0009,0.0112,0.0073,0.4900,-2.7300,0.7700
3061146,sitting,1.0019,0.0115,0.0071,0.4900,-2.7300,0.7700
3061165,sitting,1.0016,0.0117,0.0071,0.4900,-2.6950,0.7700
3061184,sitting,1.0011,0.0115,0.0066,0.4550,-2.7300,0.8050
3061204,sitting,1.0026,0.0120,0.0063,0.4900,-2.7300,0.8050
3061223,sitting,1.0011,0.0120,0.0063,0.4900,-2.7650,0.8050
3061242,sitting,1.0004,0.0122,0.0066,0.4900,-2.7300,0.7700
3061261,sitting,1.0011,0.0127,0.0066,0.4900,-2.7300,0.7700
3061281,sitting,1.0011,0.0124,0.0068,0.4900,-2.7300,0.8050
3061300,sitting,1.0014,0.0120,0.0068,0.4900,-2.7300,0.8050
3061319,sitting,1.0019,0.0122,0.0071,0.4900,-2.7300,0.8400
3061338,sitting,1.0019,0.0110,0.0061,0.4550,-2.7300,0.8050
3061358,sitting,1.0016,0.0115,0.0063,0.4900,-2.7300,0.8400
3061377,sitting,1.0016,0.0117,0.0068,0.4900,-2.7300,0.7700
3061396,sitting,1.0011,0.0110,0.0061,0.4900,-2.6950,0.7700
3061415,sitting,1.0021,0.0120,0.0073,0.4550,-2.7300,0.8050
3061434,sitting,1.0014,0.0122,0.0073,0.4900,-2.7300,0.8400
3061454,sitting,1.0014,0.0120,0.0076,0.5250,-2.7300,0.8400
3061473,sitting,1.0011,0.0115,0.0071,0.4900,-2.7300,0.8400
3061492,sitting,1.0011,0.0120,0.0071,0.4900,-2.7300,0.7700
3061511,sitting,1.0024,0.0124,0.0066,0.5250,-2.7300,0.8050
3061531,sitting,1.0004,0.0127,0.0073,0.4900,-2.7300,0.8050
3061550,sitting,1.0016,0.0122,0.0081,0.4900,-2.7300,0.8050
3061569,sitting,1.0014,0.0122,0.0076,0.4900,-2.7650,0.8400
3061588,sitting,1.0011,0.0117,0.0066,0.4900,-2.7300,0.8400
3061608,sitting,0.9999,0.0132,0.0073,0.5250,-2.7300,0.8400
3061627,sitting,1.0006,0.0127,0.0073,0.4900,-2.7300,0.8400
3061646,sitting,1.0016,0.0117,0.0068,0.5250,-2.6950,0.8050
3061665,sitting,1.0021,0.0124,0.0073,0.4900,-2.7300,0.8050
3061684,sitting,1.0014,0.0122,0.0073,0.4900,-2.7300,0.8050
3061704,sitting,1.0021,0.0122,0.0078,0.4900,-2.7300,0.8050
3061723,sitting,1.0021,0.0127,0.0061,0.4900,-2.7650,0.7700
3061742,sitting,1.0019,0.0112,0.0063,0.4900,-2.7300,0.8400
3061761,sitting,1.0026,0.0115,0.0076,0.4900,-2.7300,0.7700
3061781,sitting,1.0016,0.0122,0.0068,0.4900,-2.7300,0.7700
3061800,sitting,1.0011,0.0124,0.0073,0.4900,-2.7300,0.8050
3061819,sitting,1.0024,0.0120,0.0073,0.4900,-2.7300,0.7700
3061838,sitting,1.0011,0.0122,0.0066,0.4900,-2.7300,0.7700
3061858,sitting,1.0024,0.0120,0.0066,0.4900,-2.7300,0.8050
3061877,sitting,1.0009,0.0127,0.0066,0.4900,-2.7300,0.8050
3061896,sitting,1.0009,0.0124,0.0063,0.4900,-2.7300,0.8050
3061915,sitting,1.0009,0.0122,0.0073,0.4900,-2.7300,0.8400
3061934,sitting,1.0014,0.0122,0.0063,0.4550,-2.7650,0.7700
3061954,sitting,1.0024,0.0112,0.0066,0.4900,-2.7300,0.8050
3061973,sitting,1.0014,0.0112,0.0076,0.4900,-2.6950,0.8050
3061992,sitting,1.0006,0.0124,0.0083,0.4900,-2.7300,0.8400
3062011,sitting,1.0011,0.0120,0.0076,0.4550,-2.7300,0.8050
3062031,sitting,1.0019,0.0112,0.0083,0.4900,-2.7300,0.8050
3062050,sitting,1.0004,0.0120,0.0078,0.4900,-2.7650,0.8400
3062069,sitting,1.0004,0.0112,0.0066,0.4900,-2.7300,0.8400
3062088,sitting,1.0014,0.0115,0.0071,0.4900,-2.7300,0.8400
3062108,sitting,1.0004,0.0110,0.0071,0.4550,-2.6950,0.7700
3062127,sitting,1.0011,0.0115,0.0076,0.4900,-2.7300,0.8050
3062146,sitting,1.0011,0.0115,0.0068,0.4550,-2.7300,0.8400
3062165,sitting,1.0009,0.0129,0.0076,0.4550,-2.7300,0.8050
3062184,sitting,1.0014,0.0124,0.0078,0.4900,-2.7300,0.7700
3062204,sitting,1.0019,0.0122,0.0081,0.4900,-2.7300,0.8050
3062223,sitting,1.0024,0.0115,0.0071,0.4900,-2.7300,0.8400
3062242,sitting,1.0016,0.0122,0.0073,0.4900,-2.7300,0.8400
3062261,sitting,1.0026,0.0117,0.0071,0.4900,-2.7300,0.8050
3062281,sitting,1.0021,0.0117,0.0066,0.4900,-2.7300,0.8400
3062300,sitting,1.0009,0.0117,0.0068,0.4900,-2.7300,0.7700
3062319,sitting,1.0011,0.0117,0.0071,0.4900,-2.7300,0.8050
3062338,sitting,1.0011,0.0112,0.0076,0.5250,-2.7300,0.8400
3062358,sitting,1.0024,0.0124,0.0076,0.4900,-2.6950,0.8050
3062377,sitting,1.0016,0.0120,0.0071,0.4900,-2.6600,0.8400
3062396,sitting,1.0021,0.0127,0.0076,0.5250,-2.7300,0.8050
3062415,sitting,1.0026,0.0115,0.0078,0.5250,-2.7300,0.8050
3062434,sitting,1.0026,0.0115,0.0071,0.5250,-2.7300,0.8050
3062454,sitting,1.0016,0.0115,0.0071,0.5250,-2.7300,0.8050
3062473,sitting,1.0024,0.0115,0.0073,0.4900,-2.7300,0.8400
3062492,sitting,1.0016,0.0115,0.0068,0.4900,-2.7300,0.8050
3062511,sitting,1.0021,0.0122,0.0076,0.4900,-2.7300,0.8400
3062531,sitting,1.0011,0.0127,0.0078,0.5250,-2.7300,0.7700
3062550,sitting,1.0011,0.0127,0.0078,0.4900,-2.7300,0.7700
3062569,sitting,1.0016,0.0110,0.0063,0.4900,-2.7300,0.8400
3062588,sitting,1.0016,0.0120,0.0066,0.4900,-2.7300,0.8400
3062608,sitting,1.0016,0.0117,0.0068,0.4900,-2.7300,0.8400
3062627,sitting,1.0016,0.0117,0.0073,0.4900,-2.7300,0.8050
3062646,sitting,1.0014,0.0129,0.0066,0.4900,-2.7300,0.7700
3062665,sitting,1.0019,0.0120,0.0071,0.4550,-2.7300,0.7700
3062684,sitting,1.0006,0.0120,0.0085,0.4900,-2.7650,0.7700
3062704,sitting,1.0002,0.0112,0.0068,0.4900,-2.7300,0.7700
3062723,sitting,1.0006,0.0115,0.0076,0.5250,-2.7300,0.8400
3062742,sitting,1.0009,0.0122,0.0076,0.4900,-2.7300,0.8050
3062761,sitting,1.0019,0.0117,0.0068,0.4900,-2.7300,0.8050
3062781,sitting,1.0016,0.0110,0.0073,0.4550,-2.7300,0.8400
3062800,sitting,1.0026,0.0117,0.0078,0.4900,-2.7300,0.8400
3062819,sitting,1.0016,0.0110,0.0063,0.4900,-2.7300,0.8400
3062838,sitting,1.0014,0.0122,0.0073,0.4550,-2.7300,0.8400
3062858,sitting,1.0011,0.0120,0.0073,0.5600,-2.7300,0.8050
3062877,sitting,1.0014,0.0122,0.0071,0.4900,-2.7300,0.7700
3062896,sitting,1.0021,0.0129,0.0073,0.4900,-2.7300,0.8400
3062915,sitting,1.0024,0.0117,0.0068,0.4900,-2.7300,0.8050
3062934,sitting,1.0014,0.0124,0.0076,0.4900,-2.7300,0.8400
3062954,sitting,1.0014,0.0115,0.0083,0.4900,-2.7300,0.8050
3062973,sitting,1.0006,0.0112,0.0073,0.4900,-2.7300,0.7700
3062992,sitting,1.0016,0.0117,0.0063,0.4900,-2.7300,0.7700
3063011,sitting,1.0009,0.0112,0.0073,0.4900,-2.7300,0.8050
3063031,sitting,1.0014,0.0107,0.0068,0.4900,-2.7300,0.8050
3063050,sitting,1.0014,0.0115,0.0076,0.4550,-2.7300,0.7700
3063069,sitting,1.0016,0.0115,0.0066,0.4550,-2.7300,0.8400
3063088,sitting,1.0016,0.0110,0.0068,0.4900,-2.7650,0.8400
3063108,sitting,1.0014,0.0124,0.0063,0.4900,-2.7300,0.8400
3063127,sitting,1.0016,0.0115,0.0076,0.4900,-2.7300,0.8400
3063146,sitting,1.0006,0.0117,0.0078,0.4900,-2.7300,0.8400
3063165,sitting,1.0009,0.0122,0.0073,0.4900,-2.7300,0.8400
3063184,sitting,1.0021,0.0129,0.0071,0.5250,-2.7650,0.8400
3063204,sitting,1.0021,0.0124,0.0059,0.4900,-2.7300,0.8400
3063223,sitting,1.0019,0.0117,0.0066,0.5600,-2.7300,0.8400
3063242,sitting,1.0024,0.0110,0.0073,0.5250,-2.6950,0.8050
3063261,sitting,1.0011,0.0124,0.0063,0.4900,-2.7300,0.8050
3063281,sitting,1.0021,0.0120,0.0073,0.4900,-2.7300,0.8400
3063300,sitting,1.0014,0.0115,0.0076,0.4900,-2.7300,0.7700
3063319,sitting,1.0014,0.0124,0.0066,0.4900,-2.7300,0.8050
3063338,sitting,1.0014,0.0117,0.0066,0.5250,-2.7300,0.8400
3063358,sitting,1.0021,0.0110,0.0073,0.4900,-2.7300,0.8050
3063377,sitting,1.0021,0.0120,0.0063,0.5250,-2.7300,0.8400
3063396,sitting,1.0006,0.0115,0.0063,0.5600,-2.7300,0.7700
3063415,sitting,1.0011,0.0117,0.0093,0.5250,-2.7300,0.7350
3063434,sitting,1.0014,0.0115,0.0090,0.4900,-2.7300,0.8050
3063454,sitting,1.0019,0.0120,0.0071,0.4900,-2.7300,0.8400
3063473,sitting,1.0009,0.0117,0.0076,0.5250,-2.7300,0.7700
3063492,sitting,1.0002,0.0112,0.0076,0.4900,-2.7300,0.8050
3063511,sitting,1.0026,0.0112,0.0066,0.4900,-2.7300,0.8050
3063531,sitting,1.0004,0.0124,0.0073,0.4900,-2.7300,0.8400
3063550,sitting,1.0009,0.0117,0.0076,0.4550,-2.7300,0.8050
3063569,sitting,1.0006,0.0120,0.0083,0.4900,-2.7650,0.8400
3063588,sitting,1.0024,0.0117,0.0076,0.4900,-2.7300,0.8050
3063608,sitting,1.0024,0.0120,0.0071,0.4900,-2.7300,0.8050
3063627,sitting,1.0016,0.0129,0.0061,0.4900,-2.6950,0.8050
3063646,sitting,1.0011,0.0120,0.0073,0.4900,-2.7300,0.8050
3063665,sitting,1.0016,0.0120,0.0076,0.4900,-2.7300,0.8400
3063684,sitting,1.0006,0.0120,0.0078,0.4900,-2.7300,0.8050
3063704,sitting,1.0016,0.0122,0.0063,0.4900,-2.7300,0.7700
3063723,sitting,1.0016,0.0112,0.0071,0.4550,-2.7300,0.8050
3063742,sitting,1.0019,0.0115,0.0076,0.4550,-2.7300,0.7700
3063761,sitting,1.0019,0.0115,0.0073,0.4900,-2.7300,0.8400
3063781,sitting,1.0021,0.0117,0.0068,0.4550,-2.7300,0.8050
3063800,sitting,1.0019,0.0107,0.0073,0.4900,-2.6950,0.8400
3063819,sitting,1.0019,0.0112,0.0071,0.4900,-2.7300,0.8050
3063838,sitting,1.0019,0.0122,0.0068,0.4900,-2.7300,0.8050
3063858,sitting,1.0021,0.0124,0.0061,0.4900,-2.7300,0.8050
3063877,sitting,1.0016,0.0110,0.0076,0.4900,-2.7300,0.8400
3063896,sitting,1.0019,0.0117,0.0073,0.4900,-2.7300,0.7700
3063915,sitting,1.0016,0.0115,0.0071,0.4900,-2.7300,0.8400
3063934,sitting,1.0006,0.0120,0.0076,0.4900,-2.7300,0.7700
3063954,sitting,1.0019,0.0110,0.0076,0.4900,-2.6950,0.8400
3063973,sitting,1.0014,0.0120,0.0063,0.5250,-2.7300,0.8050
3063992,sitting,1.0014,0.0122,0.0073,0.4900,-2.7650,0.8050
3064011,sitting,1.0016,0.0120,0.0071,0.4900,-2.7300,0.7700
3064031,sitting,1.0019,0.0115,0.0068,0.5250,-2.7300,0.8400
3064050,sitting,1.0026,0.0122,0.0063,0.5250,-2.7650,0.7700
3064069,sitting,1.0009,0.0122,0.0066,0.5250,-2.7300,0.7700
3064088,sitting,1.0014,0.0117,0.0081,0.4900,-2.7300,0.7700
3064108,sitting,1.0011,0.0124,0.0063,0.4900,-2.6950,0.8400
3064127,sitting,1.0021,0.0117,0.0061,0.4900,-2.7300,0.8050
3064146,sitting,1.0011,0.0112,0.0081,0.4900,-2.7300,0.8050
3064165,sitting,1.0006,0.0132,0.0076,0.5600,-2.7300,0.8400
3064184,sitting,1.0019,0.0122,0.0081,0.4900,-2.6950,0.8050
3064204,sitting,1.0011,0.0120,0.0076,0.5250,-2.7300,0.8050
3064223,sitting,1.0019,0.0117,0.0068,0.5250,-2.7300,0.8400
3064242,sitting,1.0024,0.0117,0.0076,0.5250,-2.7300,0.7700
3064261,sitting,1.0009,0.0127,0.0083,0.5250,-2.7300,0.7700
3064281,sitting,1.0024,0.0112,0.0076,0.4900,-2.7300,0.7700
3064300,sitting,1.0019,0.0122,0.0056,0.4900,-2.7300,0.7700
3064319,sitting,1.0021,0.0122,0.0071,0.4900,-2.7300,0.7700
3064338,sitting,1.0019,0.0127,0.0073,0.4900,-2.7300,0.7700
3064358,sitting,1.0014,0.0124,0.0078,0.4550,-2.7300,0.8050
3064377,sitting,1.0006,0.0117,0.0066,0.4200,-2.7300,0.8400
3064396,sitting,1.0016,0.0120,0.0068,0.4900,-2.7300,0.8400
3064415,sitting,1.0016,0.0120,0.0073,0.4900,-2.7300,0.8050
3064434,sitting,1.0014,0.0112,0.0066,0.4900,-2.7300,0.8400
3064454,sitting,1.0021,0.0117,0.0061,0.4900,-2.7650,0.7700
3064473,sitting,1.0016,0.0124,0.0076,0.4900,-2.7300,0.7700
3064492,sitting,1.0014,0.0120,0.0076,0.4550,-2.7300,0.8050
3064511,sitting,1.0011,0.0122,0.0071,0.4900,-2.7300,0.8050
3064531,sitting,1.0011,0.0115,0.0066,0.4900,-2.7300,0.7700
3064550,sitting,1.0014,0.0117,0.0068,0.4900,-2.7300,0.8050
3064569,sitting,1.0009,0.0122,0.0076,0.4550,-2.7300,0.7700
3064588,sitting,1.0006,0.0122,0.0076,0.4900,-2.7300,0.8400
3064608,sitting,1.0019,0.0124,0.0071,0.4900,-2.7300,0.7700
3064627,sitting,1.0014,0.0115,0.0063,0.4550,-2.7300,0.8400
3064646,sitting,1.0011,0.0112,0.0066,0.4900,-2.7300,0.8050
3064665,sitting,1.0004,0.0117,0.0073,0.4900,-2.7650,0.8400
3064684,sitting,1.0016,0.0105,0.0071,0.4900,-2.7300,0.8050
3064704,sitting,1.0011,0.0115,0.0061,0.4900,-2.7300,0.8400
3064723,sitting,1.0024,0.0120,0.0071,0.5250,-2.7300,0.8050
3064742,sitting,1.0014,0.0122,0.0078,0.4900,-2.7300,0.8400
3064761,sitting,1.0026,0.0117,0.0071,0.4900,-2.7300,0.7700
3064781,sitting,1.0004,0.0122,0.0076,0.4900,-2.7300,0.8400
3064800,sitting,1.0021,0.0115,0.0085,0.5250,-2.7300,0.8400
3064819,sitting,1.0019,0.0115,0.0073,0.4900,-2.7300,0.8050
3064838,sitting,1.0019,0.0115,0.0066,0.4900,-2.7300,0.8050
3064858,sitting,1.0026,0.0115,0.0059,0.4900,-2.7300,0.8400
3064877,sitting,1.0019,0.0127,0.0073,0.4900,-2.7300,0.7700
3064896,sitting,1.0011,0.0124,0.0071,0.4900,-2.7650,0.8050
3064915,sitting,1.0014,0.0122,0.0066,0.5250,-2.7300,0.7700
3064934,sitting,1.0031,0.0120,0.0073,0.4900,-2.6950,0.7700
3064954,sitting,1.0031,0.0117,0.0066,0.4900,-2.7300,0.8050
3064973,sitting,1.0021,0.0120,0.0073,0.4900,-2.7300,0.7700
3064992,sitting,1.0021,0.0117,0.0073,0.5250,-2.7300,0.7700
3065011,sitting,1.0009,0.0124,0.0085,0.4900,-2.7300,0.7700
3065031,sitting,1.0014,0.0122,0.0081,0.4900,-2.7300,0.7700
3065050,sitting,1.0014,0.0112,0.0068,0.4900,-2.7300,0.8050
3065069,sitting,1.0011,0.0122,0.0063,0.4900,-2.7300,0.8050
3065088,sitting,1.0021,0.0117,0.0066,0.4900,-2.6950,0.7700
3065108,sitting,1.0024,0.0122,0.0073,0.4900,-2.7300,0.7700
3065127,sitting,1.0014,0.0115,0.0073,0.5250,-2.7650,0.8400
3065146,sitting,1.0016,0.0120,0.0076,0.4900,-2.7300,0.8050
3065165,sitting,1.0011,0.0117,0.0073,0.4900,-2.7300,0.8050
3065184,sitting,1.0014,0.0122,0.0076,0.4900,-2.7300,0.7700
3065204,sitting,1.0006,0.0127,0.0073,0.4900,-2.7300,0.8050
3065223,sitting,1.0024,0.0122,0.0063,0.4200,-2.7300,0.8400
3065242,sitting,1.0019,0.0132,0.0076,0.4900,-2.7300,0.8050
3065261,sitting,1.0009,0.0117,0.0071,0.5250,-2.7300,0.7700
3065281,sitting,1.0014,0.0112,0.0071,0.4900,-2.7300,0.7700
3065300,sitting,1.0016,0.0115,0.0068,0.4900,-2.7300,0.8400
3065319,sitting,1.0004,0.0112,0.0071,0.5250,-2.7300,0.8050
3065338,sitting,1.0026,0.0115,0.0073,0.4900,-2.7300,0.7700
3065358,sitting,1.0026,0.0124,0.0066,0.4900,-2.7300,0.8400
3065377,sitting,1.0014,0.0124,0.0076,0.4900,-2.7300,0.8050
3065396,sitting,1.0014,0.0124,0.0078,0.4550,-2.7300,0.8400
3065415,sitting,1.0016,0.0127,0.0056,0.5600,-2.7300,0.7700
3065434,sitting,1.0016,0.0124,0.0073,0.5600,-2.7300,0.8050
3065454,sitting,1.0019,0.0117,0.0078,0.4900,-2.6950,0.7700
3065473,sitting,1.0016,0.0117,0.0078,0.4900,-2.7300,0.8400
3065492,sitting,1.0024,0.0122,0.0071,0.4900,-2.7300,0.8050
3065511,sitting,1.0014,0.0110,0.0078,0.4550,-2.7300,0.8050
3065531,sitting,1.0006,0.0115,0.0076,0.4900,-2.7300,0.8400
3065550,sitting,1.0004,0.0117,0.0071,0.4900,-2.6950,0.8400
3065569,sitting,1.0011,0.0117,0.0073,0.4900,-2.6950,0.8050
3065588,sitting,1.0019,0.0117,0.0068,0.4900,-2.7300,0.8050
3065608,sitting,1.0011,0.0112,0.0071,0.4900,-2.7300,0.8400
3065627,sitting,1.0014,0.0120,0.0066,0.4900,-2.7300,0.8050
3065646,sitting,1.0016,0.0124,0.0061,0.4900,-2.7300,0.8050
3065665,sitting,1.0026,0.0115,0.0063,0.4900,-2.7300,0.8050
3065684,sitting,1.0004,0.0120,0.0073,0.5250,-2.7300,0.8050
3065704,sitting,1.0019,0.0120,0.0076,0.4900,-2.7650,0.8050
3065723,sitting,1.0006,0.0117,0.0071,0.4900,-2.7300,0.8400
3065742,sitting,1.0019,0.0115,0.0061,0.4900,-2.7300,0.8400
3065761,sitting,1.0019,0.0122,0.0073,0.5250,-2.7300,0.8400
3065781,sitting,1.0011,0.0127,0.0078,0.4900,-2.7300,0.7700
3065800,sitting,1.0016,0.0110,0.0081,0.4900,-2.7300,0.8050
3065819,sitting,1.0016,0.0110,0.0068,0.5250,-2.7300,0.8050
3065838,sitting,1.0021,0.0120,0.0063,0.4900,-2.7300,0.8050
3065858,sitting,1.0011,0.0124,0.0076,0.5250,-2.7300,0.7700
3065877,sitting,1.0011,0.0129,0.0068,0.5250,-2.7300,0.7700
3065896,sitting,1.0019,0.0122,0.0066,0.4550,-2.7300,0.8400
3065915,sitting,1.0019,0.0124,0.0076,0.4900,-2.7300,0.8400
3065934,sitting,1.0011,0.0127,0.0078,0.4900,-2.7300,0.7700
3065954,sitting,1.0011,0.0117,0.0066,0.4900,-2.7300,0.7700
3065973,sitting,1.0024,0.0112,0.0073,0.4900,-2.7300,0.7700
3065992,sitting,1.0006,0.0117,0.0063,0.4900,-2.7300,0.8050
3066011,sitting,1.0021,0.0117,0.0059,0.4900,-2.7300,0.7700
3066031,sitting,1.0016,0.0124,0.0061,0.4550,-2.7650,0.7700
3066050,sitting,1.0021,0.0117,0.0071,0.4900,-2.7300,0.7700
3066069,sitting,1.0006,0.0112,0.0071,0.5250,-2.7300,0.7700
3066088,sitting,1.0019,0.0115,0.0076,0.4900,-2.7300,0.7700
3066108,sitting,1.0014,0.0120,0.0073,0.4900,-2.7300,0.8050
3066127,sitting,1.0014,0.0117,0.0059,0.4550,-2.7300,0.8400
3066146,sitting,1.0011,0.0117,0.0073,0.4900,-2.7300,0.8050
3066165,sitting,1.0016,0.0124,0.0061,0.4900,-2.6950,0.7700
3066184,sitting,1.0011,0.0124,0.0068,0.4900,-2.7300,0.8050
3066204,sitting,1.0019,0.0120,0.0063,0.4550,-2.7300,0.8050
3066223,sitting,1.0026,0.0124,0.0068,0.4900,-2.7300,0.8400
3066242,sitting,1.0019,0.0115,0.0066,0.4900,-2.7300,0.8050
3066261,sitting,1.0026,0.0122,0.0071,0.4900,-2.7300,0.8400
3066281,sitting,1.0028,0.0117,0.0078,0.4550,-2.7300,0.8050
3066300,sitting,1.0011,0.0117,0.0071,0.4900,-2.7300,0.8400
3066319,sitting,1.0006,0.0112,0.0076,0.5250,-2.7300,0.8400
3066338,sitting,1.0009,0.0115,0.0071,0.4900,-2.7300,0.7700
3066358,sitting,1.0019,0.0120,0.0071,0.4900,-2.7300,0.8050
3066377,sitting,1.0016,0.0122,0.0071,0.4900,-2.7300,0.8400
3066396,sitting,1.0024,0.0112,0.0081,0.4550,-2.7300,0.8050
3066415,sitting,1.0011,0.0117,0.0071,0.4900,-2.7300,0.8050
3066434,sitting,1.0014,0.0122,0.0076,0.4900,-2.7300,0.8050
3066454,sitting,1.0014,0.0120,0.0073,0.4550,-2.7300,0.8050
3066473,sitting,1.0011,0.0117,0.0068,0.4900,-2.7300,0.8050
3066492,sitting,1.0004,0.0117,0.0068,0.4900,-2.7300,0.7700
3066511,sitting,1.0016,0.0124,0.0068,0.4900,-2.7300,0.8400
3066531,sitting,1.0014,0.0117,0.0076,0.5600,-2.7300,0.8400
3066550,sitting,1.0014,0.0110,0.0068,0.4900,-2.7650,0.8050
3066569,sitting,1.0011,0.0115,0.0076,0.5600,-2.7300,0.7700
3066588,sitting,1.0014,0.0122,0.0076,0.4900,-2.7300,0.8400
3066608,sitting,1.0024,0.0122,0.0063,0.5250,-2.7300,0.8050
3066627,sitting,1.0016,0.0124,0.0066,0.4900,-2.7300,0.7700
3066646,sitting,1.0021,0.0122,0.0066,0.4900,-2.7300,0.8400
3066665,sitting,1.0024,0.0120,0.0076,0.4900,-2.7300,0.7700
3066684,sitting,1.0021,0.0107,0.0071,0.5250,-2.7300,0.7700
3066704,sitting,1.0011,0.0124,0.0071,0.4900,-2.7300,0.7700
3066723,sitting,1.0019,0.0117,0.0068,0.4900,-2.7300,0.7700
3066742,sitting,1.0014,0.0120,0.0068,0.4900,-2.7300,0.7700
3066761,sitting,1.0019,0.0124,0.0073,0.4900,-2.7300,0.7700
3066781,sitting,1.0011,0.0120,0.0076,0.4900,-2.7300,0.7700
3066800,sitting,1.0019,0.0117,0.0078,0.4900,-2.7300,0.8400
3066819,sitting,1.0031,0.0110,0.0081,0.4550,-2.7300,0.7700
3066838,sitting,1.0019,0.0122,0.0078,0.4900,-2.7650,0.8050
3066858,sitting,1.0014,0.0129,0.0071,0.5250,-2.7300,0.8400
3066877,sitting,1.0014,0.0124,0.0063,0.4900,-2.7300,0.8050
3066896,sitting,1.0014,0.0132,0.0056,0.4900,-2.7300,0.7700
3066915,sitting,1.0019,0.0129,0.0076,0.4900,-2.7300,0.7700
3066934,sitting,1.0024,0.0122,0.0083,0.4550,-2.7300,0.8050
3066954,sitting,1.0021,0.0117,0.0076,0.4200,-2.7300,0.7700
3066973,sitting,1.0019,0.0115,0.0066,0.4900,-2.7300,0.8400
3066992,sitting,1.0024,0.0110,0.0063,0.4900,-2.7650,0.8400
3067011,sitting,1.0016,0.0129,0.0071,0.4900,-2.7300,0.8050
3067031,sitting,1.0009,0.0120,0.0068,0.5250,-2.7300,0.8400
3067050,sitting,1.0016,0.0120,0.0071,0.4900,-2.7300,0.8050
3067069,sitting,1.0014,0.0115,0.0076,0.5250,-2.7300,0.8400
3067088,sitting,1.0019,0.0115,0.0071,0.4900,-2.7300,0.8400
3067108,sitting,1.0019,0.0122,0.0059,0.4900,-2.7300,0.8050
3067127,sitting,1.0019,0.0120,0.0073,0.4900,-2.7300,0.8400
3067146,sitting,1.0009,0.0112,0.0073,0.4900,-2.7300,0.8050
3067165,sitting,1.0016,0.0112,0.0076,0.4900,-2.7300,0.8050
3067184,sitting,1.0011,0.0127,0.0073,0.4200,-2.7300,0.8400
3067204,sitting,1.0009,0.0117,0.0071,0.4550,-2.7300,0.8400
3067223,sitting,1.0019,0.0115,0.0066,0.4550,-2.7300,0.8050
3067242,sitting,1.0016,0.0129,0.0071,0.4900,-2.7300,0.8400
3067261,sitting,1.0016,0.0132,0.0078,0.4550,-2.7300,0.8400
3067281,sitting,1.0014,0.0120,0.0076,0.4900,-2.7300,0.8050
3067300,sitting,1.0019,0.0115,0.0066,0.4900,-2.6950,0.8400
3067319,sitting,1.0014,0.0115,0.0071,0.4900,-2.7300,0.8400
3067338,sitting,1.0021,0.0117,0.0061,0.4900,-2.7300,0.7700
3067358,sitting,1.0019,0.0124,0.0071,0.4900,-2.7300,0.7700
3067377,sitting,1.0016,0.0117,0.0071,0.4550,-2.6950,0.7700
3067396,sitting,1.0021,0.0117,0.0073,0.5250,-2.6950,0.7700
3067415,sitting,1.0016,0.0127,0.0073,0.5250,-2.7300,0.8050
3067434,sitting,1.0021,0.0127,0.0068,0.4900,-2.7300,0.7700
3067454,sitting,1.0016,0.0122,0.0066,0.4900,-2.7300,0.8050
3067473,sitting,1.0019,0.0110,0.0078,0.5250,-2.7300,0.8050
3067492,sitting,1.0019,0.0120,0.0066,0.4900,-2.7300,0.8050
3067511,sitting,1.0019,0.0120,0.0085,0.5250,-2.7300,0.8400
3067531,sitting,1.0021,0.0120,0.0063,0.4900,-2.7300,0.7700
3067550,sitting,1.0019,0.0122,0.0078,0.4900,-2.7300,0.8050
3067569,sitting,1.0016,0.0120,0.0076,0.4900,-2.7300,0.7700
3067588,sitting,1.0011,0.0112,0.0081,0.4900,-2.7300,0.8050
3067608,sitting,1.0006,0.0115,0.0066,0.4900,-2.6950,0.8050
3067627,sitting,1.0021,0.0115,0.0073,0.4900,-2.7300,0.8050
3067646,sitting,1.0016,0.0122,0.0078,0.5250,-2.7300,0.8050
3067665,sitting,1.0004,0.0129,0.0076,0.4900,-2.7300,0.8050
3067684,sitting,1.0019,0.0112,0.0071,0.5250,-2.7300,0.7700
3067704,sitting,1.0016,0.0110,0.0071,0.4900,-2.6950,0.8050
3067723,sitting,1.0016,0.0117,0.0076,0.4900,-2.7300,0.8050
3067742,sitting,1.0019,0.0120,0.0078,0.5250,-2.7650,0.7700
3067761,sitting,1.0014,0.0124,0.0073,0.5250,-2.7300,0.8050
3067781,sitting,1.0011,0.0117,0.0071,0.4900,-2.7300,0.8050
3067800,sitting,1.0011,0.0115,0.0071,0.4900,-2.7300,0.8050
3067819,sitting,1.0011,0.0122,0.0071,0.4900,-2.7300,0.7700
3067838,sitting,1.0014,0.0110,0.0056,0.4550,-2.7300,0.8400
3067858,sitting,1.0021,0.0117,0.0063,0.5250,-2.7300,0.8400
3067877,sitting,1.0019,0.0117,0.0068,0.4900,-2.7300,0.8400
3067896,sitting,1.0016,0.0129,0.0078,0.4550,-2.7300,0.8400
3067915,sitting,1.0019,0.0117,0.0083,0.4900,-2.7300,0.8400
3067934,sitting,1.0009,0.0115,0.0071,0.4550,-2.7300,0.8050
3067954,sitting,1.0009,0.0117,0.0068,0.4900,-2.7300,0.8050
3067973,sitting,1.0014,0.0124,0.0063,0.4900,-2.6950,0.8050
3067992,sitting,1.0016,0.0120,0.0081,0.5250,-2.7300,0.8050
3068011,sitting,1.0014,0.0124,0.0073,0.4900,-2.7300,0.8400
3068031,sitting,1.0016,0.0122,0.0071,0.4900,-2.7300,0.7700
3068050,sitting,1.0016,0.0122,0.0073,0.4900,-2.7300,0.8400
3068069,sitting,1.0024,0.0115,0.0071,0.4900,-2.7300,0.8400
3068088,sitting,1.0016,0.0122,0.0066,0.4900,-2.7300,0.8050
3068108,sitting,1.0014,0.0120,0.0068,0.4900,-2.7300,0.8400
3068127,sitting,1.0026,0.0120,0.0066,0.4550,-2.7300,0.8050
3068146,sitting,1.0014,0.0120,0.0068,0.4900,-2.7300,0.8050
3068165,sitting,1.0014,0.0117,0.0073,0.4900,-2.7300,0.7700
3068184,sitting,1.0021,0.0124,0.0085,0.5250,-2.7300,0.8050
3068204,sitting,1.0014,0.0120,0.0071,0.4900,-2.7300,0.8050
3068223,sitting,1.0014,0.0117,0.0073,0.4900,-2.7300,0.8400
3068242,sitting,1.0024,0.0112,0.0090,0.4900,-2.7300,0.8050
3068261,sitting,1.0016,0.0117,0.0063,0.4900,-2.7300,0.8400
3068281,sitting,1.0019,0.0124,0.0063,0.4900,-2.7300,0.8400
3068300,sitting,1.0021,0.0115,0.0081,0.4900,-2.7300,0.7700
3068319,sitting,1.0016,0.0115,0.0083,0.4900,-2.6950,0.7700
3068338,sitting,1.0014,0.0110,0.0076,0.5250,-2.7300,0.8400
3068358,sitting,1.0009,0.0112,0.0076,0.4900,-2.7300,0.7700
3068377,sitting,1.0006,0.0124,0.0073,0.4900,-2.7300,0.7700
3068396,sitting,1.0014,0.0124,0.0073,0.4900,-2.7300,0.8050
3068415,sitting,1.0014,0.0124,0.0068,0.5250,-2.7300,0.8050
3068434,sitting,1.0016,0.0120,0.0063,0.4900,-2.7300,0.8050
3068454,sitting,1.0011,0.0115,0.0068,0.4900,-2.7300,0.7700
3068473,sitting,1.0019,0.0120,0.0056,0.5250,-2.7300,0.8400
3068492,sitting,1.0011,0.0122,0.0063,0.4900,-2.7300,0.7700
3068511,sitting,1.0009,0.0127,0.0078,0.5250,-2.7300,0.8050
3068531,sitting,1.0021,0.0124,0.0076,0.4900,-2.7300,0.7700
3068550,sitting,1.0014,0.0110,0.0081,0.4900,-2.7300,0.8050
3068569,sitting,1.0011,0.0112,0.0068,0.4900,-2.7300,0.8050
3068588,sitting,1.0016,0.0117,0.0071,0.4900,-2.7300,0.8050
3068608,sitting,1.0019,0.0110,0.0071,0.4900,-2.7300,0.8050
3068627,sitting,1.0016,0.0112,0.0076,0.4900,-2.7300,0.7700
3068646,sitting,1.0009,0.0110,0.0063,0.5250,-2.7300,0.8400
3068665,sitting,1.0014,0.0115,0.0076,0.4900,-2.7300,0.8050
3068684,sitting,1.0014,0.0110,0.0071,0.4900,-2.7300,0.8050
3068704,sitting,1.0014,0.0115,0.0076,0.4900,-2.7300,0.8400
3068723,sitting,1.0014,0.0115,0.0066,0.4900,-2.7300,0.8050
3068742,sitting,1.0024,0.0115,0.0071,0.4900,-2.7300,0.8050
3068761,sitting,1.0024,0.0132,0.0066,0.4900,-2.7300,0.8050
3068781,sitting,1.0016,0.0124,0.0078,0.4900,-2.7300,0.8400
3068800,sitting,1.0019,0.0107,0.0073,0.4550,-2.7300,0.8400
3068819,sitting,1.0011,0.0120,0.0078,0.4550,-2.7300,0.7700
3068838,sitting,1.0011,0.0117,0.0078,0.4900,-2.7300,0.8400
3068858,sitting,1.0009,0.0112,0.0071,0.4900,-2.7300,0.8050
3068877,sitting,1.0016,0.0117,0.0078,0.4900,-2.7300,0.8050
3068896,sitting,1.0019,0.0117,0.0066,0.4900,-2.7300,0.8050
3068915,sitting,1.0016,0.0122,0.0063,0.4900,-2.7650,0.8050
3068934,sitting,1.0009,0.0110,0.0061,0.4550,-2.7300,0.7700
3068954,sitting,1.0014,0.0117,0.0063,0.4900,-2.7300,0.8400
3068973,sitting,1.0011,0.0122,0.0073,0.4900,-2.7300,0.8400
3068992,sitting,1.0019,0.0124,0.0081,0.4900,-2.7300,0.7700
3069011,sitting,1.0014,0.0120,0.0073,0.4900,-2.6950,0.8400
3069031,sitting,1.0021,0.0122,0.0078,0.4900,-2.7300,0.8050
3069050,sitting,1.0014,0.0122,0.0088,0.4900,-2.7300,0.8050
3069069,sitting,1.0016,0.0110,0.0081,0.4900,-2.6950,0.8050
3069088,sitting,1.0014,0.0107,0.0066,0.4900,-2.7300,0.8400
3069108,sitting,1.0016,0.0122,0.0066,0.4900,-2.6950,0.8050
3069127,sitting,1.0011,0.0120,0.0076,0.5250,-2.7300,0.8050
3069146,sitting,1.0016,0.0122,0.0068,0.4900,-2.7300,0.8050
3069165,sitting,1.0016,0.0122,0.0076,0.5250,-2.7300,0.8400
3069184,sitting,1.0006,0.0120,0.0085,0.5250,-2.7300,0.8050
3069204,sitting,1.0016,0.0124,0.0076,0.4900,-2.7300,0.8050
3069223,sitting,1.0016,0.0129,0.0078,0.4900,-2.7300,0.8050
3069242,sitting,1.0021,0.0117,0.0076,0.4900,-2.6950,0.8050
3069261,sitting,1.0019,0.0115,0.0073,0.5250,-2.7300,0.8050
3069281,sitting,1.0016,0.0112,0.0078,0.4900,-2.7300,0.7700
3069300,sitting,1.0019,0.0124,0.0076,0.4900,-2.7300,0.7700
3069319,sitting,1.0021,0.0122,0.0063,0.4900,-2.7650,0.7700
3069338,sitting,1.0019,0.0129,0.0073,0.4900,-2.7300,0.8050
3069358,sitting,1.0024,0.0122,0.0068,0.4900,-2.7300,0.8050
3069377,sitting,1.0016,0.0115,0.0066,0.5250,-2.7300,0.7700
3069396,sitting,1.0011,0.0120,0.0066,0.5250,-2.7300,0.8050
3069415,sitting,1.0021,0.0122,0.0068,0.5250,-2.7300,0.7700
3069434,sitting,1.0009,0.0124,0.0066,0.4900,-2.7300,0.8400
3069454,sitting,1.0016,0.0129,0.0071,0.5250,-2.7300,0.7700
3069473,sitting,1.0021,0.0124,0.0076,0.4900,-2.7300,0.8050
3069492,sitting,1.0016,0.0127,0.0066,0.4900,-2.7300,0.8050
3069511,sitting,1.0009,0.0117,0.0073,0.4900,-2.7300,0.8050
3069531,sitting,1.0009,0.0122,0.0073,0.4900,-2.7650,0.8400
3069550,sitting,1.0016,0.0122,0.0073,0.4900,-2.7300,0.8400
3069569,sitting,1.0016,0.0110,0.0071,0.4900,-2.7300,0.8050
3069588,sitting,1.0019,0.0122,0.0068,0.4900,-2.7300,0.8400
3069608,sitting,1.0009,0.0115,0.0071,0.4900,-2.7300,0.8400
3069627,sitting,1.0016,0.0120,0.0073,0.4900,-2.7300,0.8400
3069646,sitting,1.0021,0.0117,0.0063,0.4900,-2.6950,0.8400
3069665,sitting,1.0014,0.0120,0.0059,0.4900,-2.7300,0.8400
3069684,sitting,1.0019,0.0127,0.0061,0.4900,-2.7300,0.8400
3069704,sitting,1.0021,0.0115,0.0076,0.4900,-2.7300,0.7700
3069723,sitting,1.0006,0.0127,0.0078,0.4550,-2.7300,0.7700
3069742,sitting,1.0009,0.0112,0.0071,0.4550,-2.7650,0.8050
3069761,sitting,1.0014,0.0115,0.0073,0.4900,-2.7300,0.8400
3069781,sitting,1.0014,0.0112,0.0066,0.4900,-2.7300,0.7700
3069800,sitting,1.0016,0.0107,0.0068,0.4900,-2.7300,0.8400
3069819,sitting,1.0026,0.0124,0.0071,0.4900,-2.7300,0.8400
3069838,sitting,1.0019,0.0117,0.0090,0.5250,-2.7300,0.7700
3069858,sitting,1.0014,0.0122,0.0071,0.4900,-2.7300,0.8400
3069877,sitting,1.0021,0.0112,0.0078,0.4900,-2.7300,0.8050
3069896,sitting,1.0019,0.0117,0.0066,0.4900,-2.7300,0.8400
3069915,sitting,1.0019,0.0112,0.0073,0.4550,-2.6950,0.8050
3069934,sitting,1.0016,0.0122,0.0073,0.4900,-2.7300,0.8050
3069954,sitting,1.0014,0.0117,0.0073,0.4900,-2.7300,0.8400
3069973,sitting,1.0021,0.0122,0.0066,0.4900,-2.7300,0.8400
3069992,sitting,1.0009,0.0120,0.0076,0.4900,-2.7300,0.8050
3070011,sitting,1.0009,0.0127,0.0068,0.4900,-2.7300,0.8050
3070031,sitting,1.0011,0.0120,0.0071,0.4900,-2.7300,0.8400
3070050,sitting,1.0024,0.0124,0.0076,0.4900,-2.7300,0.8400
3070069,sitting,1.0024,0.0117,0.0063,0.4900,-2.7300,0.8400
3070088,sitting,1.0021,0.0122,0.0073,0.4900,-2.7300,0.8050
3070108,sitting,1.0019,0.0122,0.0068,0.5250,-2.7300,0.8050
3070127,sitting,1.0019,0.0120,0.0068,0.4900,-2.7300,0.8050
3070146,sitting,1.0016,0.0115,0.0071,0.4900,-2.7300,0.7700
3070165,sitting,1.0014,0.0115,0.0073,0.4900,-2.7300,0.7700
3070184,sitting,1.0011,0.0124,0.0076,0.4900,-2.7300,0.7700
3070204,sitting,1.0021,0.0117,0.0076,0.5250,-2.7300,0.8050
3070223,sitting,1.0019,0.0112,0.0081,0.5250,-2.7300,0.8050
3070242,sitting,1.0031,0.0120,0.0063,0.5250,-2.7300,0.7700
3070261,sitting,1.0011,0.0122,0.0081,0.4900,-2.7300,0.8050
3070281,sitting,1.0016,0.0117,0.0071,0.4900,-2.7300,0.7700
3070300,sitting,1.0021,0.0115,0.0068,0.4900,-2.7300,0.8050
3070319,sitting,1.0014,0.0124,0.0073,0.4900,-2.7300,0.8400
3070338,sitting,1.0016,0.0127,0.0068,0.4900,-2.7300,0.8050
3070358,sitting,1.0031,0.0105,0.0063,0.4550,-2.7300,0.7700
3070377,sitting,1.0016,0.0120,0.0066,0.4900,-2.7300,0.8400
3070396,sitting,1.0016,0.0132,0.0071,0.4900,-2.7300,0.8400
3070415,sitting,1.0011,0.0112,0.0076,0.4900,-2.6950,0.8400
3070434,sitting,1.0024,0.0117,0.0068,0.4900,-2.7650,0.8050
3070454,sitting,1.0016,0.0120,0.0071,0.4900,-2.7650,0.8400
3070473,sitting,1.0014,0.0117,0.0068,0.4900,-2.7300,0.8050
3070492,sitting,1.0011,0.0127,0.0078,0.4900,-2.7300,0.8050
3070511,sitting,1.0011,0.0122,0.0071,0.4900,-2.7300,0.8050
3070531,sitting,1.0016,0.0117,0.0076,0.4900,-2.7300,0.8400
3070550,sitting,1.0021,0.0112,0.0081,0.4550,-2.7300,0.8400
3070569,sitting,1.0021,0.0120,0.0066,0.4900,-2.7300,0.8050
3070588,sitting,1.0006,0.0105,0.0066,0.4550,-2.7300,0.8050
3070608,sitting,1.0031,0.0122,0.0068,0.4550,-2.7300,0.7700
3070627,sitting,1.0024,0.0115,0.0071,0.4900,-2.7300,0.7700
3070646,sitting,1.0016,0.0122,0.0061,0.4550,-2.7300,0.7700
3070665,sitting,1.0021,0.0122,0.0071,0.4900,-2.7300,0.8050
3070684,sitting,1.0016,0.0120,0.0076,0.4550,-2.7300,0.8400
3070704,sitting,1.0016,0.0117,0.0073,0.4900,-2.7300,0.8050
3070723,sitting,1.0019,0.0117,0.0085,0.5250,-2.7300,0.7700
3070742,sitting,1.0014,0.0117,0.0071,0.4550,-2.7300,0.8400
3070761,sitting,1.0016,0.0107,0.0073,0.4900,-2.7300,0.8400
3070781,sitting,1.0019,0.0112,0.0076,0.4900,-2.7300,0.7700
3070800,sitting,1.0011,0.0110,0.0063,0.4900,-2.7300,0.8400
3070819,sitting,1.0014,0.0107,0.0071,0.4900,-2.6950,0.8050
3070838,sitting,1.0014,0.0120,0.0073,0.4900,-2.7300,0.8400
3070858,sitting,1.0021,0.0124,0.0071,0.4900,-2.7300,0.7700
3070877,sitting,1.0016,0.0117,0.0073,0.4900,-2.7300,0.8400
3070896,sitting,1.0014,0.0117,0.0073,0.4900,-2.7650,0.7700
3070915,sitting,1.0026,0.0112,0.0085,0.5250,-2.7300,0.7700
3070934,sitting,1.0021,0.0117,0.0068,0.4900,-2.7300,0.8050
3070954,sitting,1.0019,0.0122,0.0071,0.4900,-2.7300,0.8050
3070973,sitting,1.0026,0.0122,0.0071,0.4900,-2.7300,0.7700
3070992,sitting,1.0019,0.0124,0.0066,0.4550,-2.6950,0.8050
3071011,sitting,1.0014,0.0122,0.0068,0.4900,-2.7300,0.8050
3071031,sitting,1.0009,0.0120,0.0066,0.4900,-2.7300,0.8050
3071050,sitting,1.0014,0.0122,0.0061,0.4900,-2.6950,0.7700
3071069,sitting,1.0028,0.0124,0.0073,0.4900,-2.7300,0.7700
3071088,sitting,1.0021,0.0124,0.0063,0.4550,-2.7300,0.7700
3071108,sitting,1.0019,0.0127,0.0073,0.4900,-2.7300,0.8050
3071127,sitting,1.0016,0.0122,0.0076,0.4900,-2.7300,0.8050
3071146,sitting,1.0019,0.0127,0.0071,0.4900,-2.7300,0.8050
3071165,sitting,1.0026,0.0122,0.0073,0.4900,-2.7300,0.7700
3071184,sitting,1.0021,0.0124,0.0068,0.4900,-2.7300,0.7700
3071204,sitting,1.0019,0.0117,0.0071,0.4900,-2.7300,0.8400
3071223,sitting,1.0016,0.0117,0.0071,0.4900,-2.7300,0.8400
3071242,sitting,1.0016,0.0124,0.0066,0.4900,-2.7300,0.8400
3071261,sitting,1.0016,0.0117,0.0061,0.4550,-2.7300,0.7700
3071281,sitting,1.0011,0.0120,0.0078,0.4900,-2.7300,0.8050
3071300,sitting,1.0006,0.0115,0.0071,0.4900,-2.7300,0.7700
3071319,sitting,1.0011,0.0120,0.0063,0.4900,-2.7300,0.7700
3071338,sitting,1.0006,0.0115,0.0071,0.4900,-2.7300,0.8400
3071358,sitting,1.0014,0.0120,0.0076,0.4900,-2.7300,0.8050
3071377,sitting,1.0009,0.0127,0.0073,0.4900,-2.6950,0.8400
3071396,sitting,1.0006,0.0127,0.0076,0.4900,-2.7300,0.8050
3071415,sitting,1.0016,0.0117,0.0066,0.4550,-2.7300,0.8050
3071434,sitting,1.0011,0.0117,0.0073,0.4900,-2.7300,0.8050
3071454,sitting,1.0011,0.0115,0.0076,0.4900,-2.7300,0.8050
3071473,sitting,1.0021,0.0117,0.0076,0.5250,-2.7300,0.8400
3071492,sitting,1.0016,0.0115,0.0083,0.4900,-2.7300,0.8400
3071511,sitting,1.0019,0.0107,0.0078,0.4900,-2.7300,0.8050
3071531,sitting,1.0011,0.0115,0.0056,0.4900,-2.7300,0.8050
3071550,sitting,1.0019,0.0122,0.0073,0.4900,-2.7300,0.8050
3071569,sitting,1.0024,0.0117,0.0081,0.4900,-2.7300,0.8050
3071588,sitting,1.0021,0.0122,0.0076,0.4900,-2.7300,0.8400
3071608,sitting,1.0006,0.0122,0.0076,0.4900,-2.7300,0.7700
3071627,sitting,1.0019,0.0117,0.0076,0.4900,-2.7300,0.8050
3071646,sitting,1.0019,0.0115,0.0073,0.4550,-2.7300,0.8400
3071665,sitting,1.0019,0.0112,0.0073,0.4550,-2.7650,0.8400
3071684,sitting,1.0019,0.0112,0.0076,0.4900,-2.7300,0.8050
3071704,sitting,1.0016,0.0110,0.0068,0.4900,-2.7300,0.8050
3071723,sitting,1.0014,0.0124,0.0061,0.5250,-2.6950,0.8050
3071742,sitting,1.0024,0.0117,0.0083,0.5250,-2.6600,0.8050
3071761,sitting,1.0021,0.0117,0.0071,0.4900,-2.7300,0.7700
3071781,sitting,1.0019,0.0120,0.0073,0.4900,-2.7300,0.7700
3071800,sitting,1.0021,0.0115,0.0071,0.4900,-2.7300,0.8400
3071819,sitting,1.0011,0.0115,0.0073,0.4900,-2.7300,0.7700
3071838,sitting,1.0016,0.0127,0.0071,0.4900,-2.7300,0.7700
3071858,sitting,1.0028,0.0120,0.0076,0.4900,-2.7300,0.8050
3071877,sitting,1.0016,0.0122,0.0076,0.4900,-2.7300,0.7700
3071896,sitting,1.0009,0.0120,0.0073,0.4900,-2.7300,0.7700
3071915,sitting,1.0014,0.0129,0.0081,0.4900,-2.7300,0.7700
3071934,sitting,1.0011,0.0115,0.0081,0.4900,-2.7300,0.7700
3071954,sitting,1.0011,0.0124,0.0083,0.4900,-2.7300,0.8050
3071973,sitting,1.0006,0.0120,0.0066,0.4900,-2.7650,0.8050
3071992,sitting,1.0011,0.0124,0.0059,0.4900,-2.7300,0.7700
3072011,sitting,1.0006,0.0117,0.0066,0.4900,-2.7300,0.7700
3072031,sitting,1.0009,0.0122,0.0068,0.5250,-2.7300,0.8400
3072050,sitting,1.0016,0.0124,0.0068,0.4900,-2.7300,0.8050
3072069,sitting,1.0009,0.0112,0.0061,0.4550,-2.7300,0.7700
3072088,sitting,1.0011,0.0110,0.0061,0.5250,-2.7300,0.8050
3072108,sitting,1.0009,0.0120,0.0076,0.4900,-2.7300,0.8050
3072127,sitting,1.0019,0.0117,0.0076,0.4900,-2.7650,0.8050
3072146,sitting,1.0021,0.0117,0.0068,0.4900,-2.7300,0.8400
3072165,sitting,1.0009,0.0122,0.0071,0.4900,-2.7300,0.8400
3072184,sitting,1.0006,0.0115,0.0071,0.4900,-2.7300,0.8050
3072204,sitting,1.0004,0.0115,0.0073,0.4900,-2.7300,0.8050
3072223,sitting,1.0016,0.0120,0.0068,0.4900,-2.7300,0.8050
3072242,sitting,1.0024,0.0122,0.0071,0.4550,-2.7300,0.8050
3072261,sitting,1.0011,0.0120,0.0068,0.4900,-2.7300,0.8400
3072281,sitting,1.0014,0.0124,0.0071,0.4900,-2.7300,0.8050
3072300,sitting,1.0009,0.0120,0.0078,0.4900,-2.7300,0.8050
3072319,sitting,1.0011,0.0127,0.0081,0.4200,-2.6950,0.8400
3072338,sitting,1.0011,0.0115,0.0068,0.4900,-2.7300,0.8400
3072358,sitting,1.0019,0.0110,0.0076,0.4900,-2.7300,0.7700
3072377,sitting,1.0014,0.0120,0.0073,0.4900,-2.7300,0.8050
3072396,sitting,1.0016,0.0117,0.0063,0.5250,-2.7300,0.8400
3072415,sitting,1.0026,0.0122,0.0061,0.4900,-2.7300,0.8400
3072434,sitting,1.0028,0.0117,0.0063,0.4550,-2.7300,0.8050
3072454,sitting,1.0024,0.0124,0.0071,0.4900,-2.7300,0.8050
3072473,sitting,1.0019,0.0124,0.0063,0.4900,-2.7300,0.7700
3072492,sitting,1.0019,0.0115,0.0076,0.4900,-2.7300,0.8400
3072511,sitting,1.0011,0.0122,0.0073,0.5250,-2.7300,0.8050
3072531,sitting,1.0011,0.0122,0.0063,0.5250,-2.7650,0.7700
3072550,sitting,1.0014,0.0122,0.0078,0.4900,-2.7300,0.7700
3072569,sitting,1.0016,0.0124,0.0068,0.4900,-2.7300,0.8050
3072588,sitting,1.0019,0.0117,0.0066,0.5250,-2.7300,0.8050
3072608,sitting,1.0019,0.0115,0.0076,0.4900,-2.7650,0.8400
3072627,sitting,1.0016,0.0120,0.0076,0.4900,-2.7300,0.7700
3072646,sitting,1.0021,0.0112,0.0071,0.4900,-2.7300,0.8050
3072665,sitting,1.0024,0.0120,0.0061,0.4900,-2.7300,0.7700
3072684,sitting,1.0021,0.0117,0.0068,0.5250,-2.6950,0.7700
3072704,sitting,1.0026,0.0129,0.0066,0.4900,-2.7300,0.7700
3072723,sitting,1.0016,0.0124,0.0078,0.4900,-2.7300,0.8050
3072742,sitting,1.0024,0.0117,0.0068,0.4900,-2.7300,0.8400
3072761,sitting,1.0026,0.0117,0.0068,0.4900,-2.7300,0.7700
3072781,sitting,1.0019,0.0120,0.0068,0.4900,-2.7300,0.7700
3072800,sitting,1.0011,0.0120,0.0068,0.4900,-2.7300,0.7700
3072819,sitting,1.0009,0.0122,0.0078,0.5250,-2.7300,0.8050
3072838,sitting,1.0009,0.0112,0.0076,0.4900,-2.7300,0.7700
3072858,sitting,1.0011,0.0120,0.0073,0.4550,-2.7300,0.8050
3072877,sitting,1.0011,0.0117,0.0073,0.4900,-2.7300,0.7700
3072896,sitting,1.0014,0.0124,0.0071,0.5250,-2.7300,0.8400
3072915,sitting,1.0014,0.0122,0.0068,0.4900,-2.7300,0.8050
3072934,sitting,1.0009,0.0117,0.0068,0.4900,-2.7300,0.8400
3072954,sitting,1.0004,0.0120,0.0071,0.4900,-2.7300,0.8050
3072973,sitting,1.0009,0.0127,0.0063,0.4900,-2.7300,0.7700
3072992,sitting,1.0024,0.0122,0.0073,0.4900,-2.7300,0.8050
3073011,sitting,1.0021,0.0117,0.0071,0.4900,-2.6950,0.8050
3073031,sitting,1.0014,0.0117,0.0068,0.4900,-2.7300,0.8400
3073050,sitting,1.0016,0.0127,0.0066,0.4550,-2.7300,0.8400
3073069,sitting,1.0021,0.0117,0.0073,0.4550,-2.7300,0.8050
3073088,sitting,1.0009,0.0117,0.0066,0.5600,-2.7300,0.8400
3073108,sitting,1.0011,0.0120,0.0081,0.5600,-2.7300,0.8400
3073127,sitting,1.0019,0.0117,0.0061,0.5250,-2.7300,0.8050
3073146,sitting,1.0009,0.0124,0.0073,0.4900,-2.7300,0.8050
3073165,sitting,1.0014,0.0112,0.0073,0.4900,-2.7300,0.7700
3073184,sitting,1.0014,0.0122,0.0063,0.4900,-2.7300,0.8400
3073204,sitting,1.0024,0.0122,0.0056,0.4900,-2.7300,0.8400
3073223,sitting,1.0006,0.0120,0.0061,0.4900,-2.7300,0.8750
3073242,sitting,1.0019,0.0129,0.0063,0.4900,-2.7300,0.8050
3073261,sitting,1.0021,0.0120,0.0076,0.5250,-2.7300,0.8050
3073281,sitting,1.0011,0.0122,0.0073,0.4900,-2.7300,0.7700
3073300,sitting,1.0021,0.0120,0.0073,0.4900,-2.7300,0.8050
3073319,sitting,1.0024,0.0124,0.0073,0.4900,-2.7300,0.8050
3073338,sitting,1.0016,0.0127,0.0061,0.4900,-2.7300,0.7700
3073358,sitting,1.0014,0.0115,0.0061,0.4550,-2.7300,0.8050
3073377,sitting,1.0016,0.0117,0.0066,0.4900,-2.7300,0.7700
3073396,sitting,1.0021,0.0112,0.0076,0.4900,-2.7300,0.8400
3073415,sitting,1.0011,0.0117,0.0066,0.4900,-2.6950,0.8050
3073434,sitting,1.0011,0.0117,0.0071,0.4900,-2.7300,0.8400
3073454,sitting,1.0019,0.0127,0.0071,0.4900,-2.7300,0.8400
3073473,sitting,1.0009,0.0122,0.0073,0.5250,-2.7300,0.8050
3073492,sitting,1.0014,0.0120,0.0071,0.4900,-2.7300,0.8050
3073511,sitting,1.0019,0.0115,0.0071,0.5250,-2.7300,0.7700
3073531,sitting,1.0011,0.0117,0.0071,0.4900,-2.7300,0.7700
3073550,sitting,1.0024,0.0110,0.0073,0.4900,-2.7300,0.8050
3073569,sitting,1.0024,0.0124,0.0063,0.4900,-2.7300,0.7700
3073588,sitting,1.0016,0.0122,0.0056,0.4900,-2.7300,0.8050
3073608,sitting,1.0006,0.0122,0.0066,0.4900,-2.7300,0.7700
3073627,sitting,1.0011,0.0132,0.0066,0.4550,-2.7300,0.7700
3073646,sitting,1.0016,0.0124,0.0068,0.4900,-2.7300,0.7700
3073665,sitting,1.0014,0.0124,0.0068,0.4900,-2.7300,0.8050
3073684,sitting,1.0016,0.0115,0.0068,0.4900,-2.7300,0.8050
3073704,sitting,1.0009,0.0127,0.0056,0.4900,-2.7300,0.8050
3073723,sitting,1.0019,0.0120,0.0068,0.4900,-2.7300,0.8050
3073742,sitting,1.0004,0.0124,0.0073,0.4900,-2.7300,0.8400
3073761,sitting,1.0016,0.0115,0.0066,0.4900,-2.7300,0.7700
3073781,sitting,1.0009,0.0124,0.0068,0.4550,-2.7300,0.7700
3073800,sitting,1.0014,0.0122,0.0076,0.4900,-2.7300,0.7700
3073819,sitting,1.0016,0.0117,0.0081,0.4900,-2.7300,0.8050
3073838,sitting,1.0011,0.0120,0.0068,0.4200,-2.7300,0.7700
3073858,sitting,1.0019,0.0110,0.0073,0.4900,-2.7300,0.8400
3073877,sitting,1.0024,0.0105,0.0063,0.4900,-2.7300,0.8050
3073896,sitting,1.0016,0.0120,0.0076,0.4900,-2.7300,0.8050
3073915,sitting,1.0019,0.0122,0.0066,0.4900,-2.6950,0.8050
3073934,sitting,1.0009,0.0124,0.0071,0.4900,-2.7300,0.7700
3073954,sitting,1.0016,0.0122,0.0061,0.4900,-2.7300,0.8400
3073973,sitting,1.0019,0.0124,0.0061,0.4550,-2.7300,0.8400
3073992,sitting,1.0019,0.0122,0.0095,0.4550,-2.7300,0.8050
3074011,sitting,1.0024,0.0129,0.0088,0.4900,-2.7300,0.8050
3074031,sitting,1.0016,0.0120,0.0078,0.4900,-2.7300,0.8400
3074050,sitting,1.0021,0.0127,0.0073,0.5250,-2.7300,0.8400
3074069,sitting,1.0019,0.0117,0.0076,0.4900,-2.7300,0.8050
3074088,sitting,1.0019,0.0117,0.0073,0.4900,-2.7300,0.8050
3074108,sitting,1.0019,0.0117,0.0056,0.4900,-2.7300,0.7700
3074127,sitting,1.0014,0.0117,0.0068,0.4900,-2.7300,0.8400
3074146,sitting,1.0016,0.0120,0.0071,0.4550,-2.7300,0.8050
3074165,sitting,1.0021,0.0124,0.0066,0.4900,-2.7300,0.8400
3074184,sitting,1.0026,0.0117,0.0071,0.5250,-2.7300,0.8050
3074204,sitting,1.0019,0.0115,0.0073,0.4900,-2.7300,0.8050
3074223,sitting,1.0021,0.0120,0.0073,0.4900,-2.7300,0.8050
3074242,sitting,1.0011,0.0129,0.0061,0.4900,-2.7300,0.8400
3074261,sitting,1.0009,0.0120,0.0068,0.4900,-2.7300,0.8050
3074281,sitting,1.0014,0.0117,0.0066,0.4900,-2.7300,0.8050
3074300,sitting,1.0026,0.0115,0.0076,0.5250,-2.7300,0.8050
3074319,sitting,1.0014,0.0117,0.0066,0.5250,-2.7300,0.7700
3074338,sitting,1.0009,0.0129,0.0078,0.5250,-2.6950,0.8400
3074358,sitting,1.0011,0.0124,0.0066,0.4900,-2.7300,0.8050
3074377,sitting,1.0024,0.0120,0.0073,0.4900,-2.7300,0.7700
3074396,sitting,1.0021,0.0124,0.0063,0.4900,-2.6950,0.8400
3074415,sitting,1.0019,0.0112,0.0071,0.4550,-2.6950,0.8400
3074434,sitting,1.0024,0.0115,0.0066,0.4900,-2.6950,0.7700
3074454,sitting,1.0009,0.0122,0.0066,0.5250,-2.7300,0.8050
3074473,sitting,1.0006,0.0110,0.0068,0.4900,-2.7300,0.7700
3074492,sitting,1.0021,0.0115,0.0078,0.4900,-2.7300,0.8050
3074511,sitting,1.0019,0.0120,0.0073,0.4900,-2.7300,0.8050
3074531,sitting,1.0019,0.0120,0.0066,0.4550,-2.7300,0.7700
3074550,sitting,1.0021,0.0124,0.0073,0.5250,-2.7300,0.8400
3074569,sitting,1.0019,0.0120,0.0078,0.4900,-2.7300,0.7700
3074588,sitting,1.0011,0.0124,0.0071,0.4550,-2.7300,0.8050
3074608,sitting,1.0011,0.0115,0.0078,0.4900,-2.7300,0.8050
3074627,sitting,1.0016,0.0122,0.0073,0.4900,-2.7650,0.8050
3074646,sitting,1.0016,0.0117,0.0071,0.4900,-2.6950,0.8050
3074665,sitting,1.0019,0.0120,0.0061,0.5250,-2.7300,0.8050
3074684,sitting,1.0024,0.0129,0.0068,0.4900,-2.7300,0.8050
3074704,sitting,1.0019,0.0122,0.0071,0.5250,-2.7300,0.7700
3074723,sitting,1.0009,0.0124,0.0078,0.4900,-2.7300,0.8050
3074742,sitting,1.0019,0.0122,0.0073,0.4900,-2.7300,0.8050
3074761,sitting,1.0014,0.0105,0.0073,0.4900,-2.7300,0.8400
3074781,sitting,1.0016,0.0117,0.0078,0.4900,-2.7300,0.8050
3074800,sitting,1.0011,0.0122,0.0078,0.4900,-2.7300,0.8400
3074819,sitting,1.0019,0.0115,0.0073,0.4900,-2.7300,0.8400
3074838,sitting,1.0026,0.0110,0.0081,0.4900,-2.7300,0.7700
3074858,sitting,1.0014,0.0122,0.0068,0.4900,-2.7300,0.8400
3074877,sitting,1.0016,0.0117,0.0076,0.4900,-2.7300,0.8400
3074896,sitting,1.0014,0.0120,0.0083,0.4900,-2.7300,0.8400
3074915,sitting,1.0016,0.0115,0.0073,0.5600,-2.7300,0.8400
3074934,sitting,1.0009,0.0124,0.0076,0.4900,-2.7300,0.7700
3074954,sitting,1.0016,0.0122,0.0071,0.4900,-2.7300,0.7700
3074973,sitting,1.0021,0.0127,0.0071,0.4900,-2.6950,0.8400
3074992,sitting,1.0006,0.0120,0.0061,0.4900,-2.7300,0.8400
3075011,sitting,1.0011,0.0127,0.0066,0.5250,-2.7300,0.8400
3075031,sitting,1.0011,0.0120,0.0078,0.4900,-2.7300,0.8050
3075050,sitting,1.0021,0.0124,0.0073,0.4900,-2.7300,0.7700
3075069,sitting,1.0028,0.0127,0.0076,0.4900,-2.7300,0.8050
3075088,sitting,1.0006,0.0124,0.0078,0.5250,-2.7300,0.8050
3075108,sitting,1.0016,0.0127,0.0066,0.4900,-2.7300,0.7700
3075127,sitting,1.0011,0.0124,0.0063,0.4900,-2.7300,0.8050
3075146,sitting,1.0021,0.0132,0.0063,0.4900,-2.7300,0.8050
3075165,sitting,1.0021,0.0117,0.0066,0.4900,-2.7300,0.7700
3075184,sitting,1.0009,0.0117,0.0059,0.4900,-2.7300,0.8400
3075204,sitting,1.0014,0.0107,0.0063,0.4900,-2.7300,0.8050
3075223,sitting,1.0024,0.0120,0.0073,0.4900,-2.7300,0.7700
3075242,sitting,1.0019,0.0124,0.0068,0.4900,-2.7300,0.8050
3075261,sitting,1.0021,0.0127,0.0068,0.4900,-2.7300,0.8050
3075281,sitting,1.0011,0.0122,0.0073,0.4900,-2.7300,0.8050
3075300,sitting,1.0019,0.0122,0.0068,0.4900,-2.7300,0.7700
3075319,sitting,1.0024,0.0122,0.0068,0.4900,-2.7300,0.7700
3075338,sitting,1.0026,0.0127,0.0066,0.5250,-2.6950,0.8050
3075358,sitting,1.0026,0.0117,0.0073,0.4900,-2.7300,0.7700
3075377,sitting,1.0016,0.0122,0.0083,0.4900,-2.7300,0.7700
3075396,sitting,1.0014,0.0122,0.0073,0.4900,-2.7300,0.7700
3075415,sitting,1.0011,0.0120,0.0071,0.4900,-2.7300,0.7700
3075434,sitting,1.0014,0.0120,0.0054,0.4900,-2.7300,0.7700
3075454,sitting,1.0014,0.0112,0.0068,0.4900,-2.7300,0.7700
3075473,sitting,1.0021,0.0112,0.0068,0.5250,-2.7300,0.8050
3075492,sitting,1.0016,0.0117,0.0066,0.4900,-2.7300,0.8050
3075511,sitting,1.0026,0.0120,0.0076,0.4900,-2.7650,0.8400
3075531,sitting,1.0014,0.0124,0.0066,0.4900,-2.7650,0.8400
3075550,sitting,1.0019,0.0129,0.0073,0.4900,-2.7300,0.8050
3075569,sitting,1.0019,0.0127,0.0073,0.4550,-2.7300,0.7700
3075588,sitting,1.0019,0.0115,0.0076,0.4900,-2.7300,0.8050
3075608,sitting,1.0026,0.0122,0.0068,0.4900,-2.7300,0.8050
3075627,sitting,1.0011,0.0132,0.0066,0.4550,-2.7650,0.8050
3075646,sitting,1.0011,0.0122,0.0068,0.4550,-2.7300,0.8050
3075665,sitting,1.0016,0.0120,0.0068,0.4550,-2.7300,0.8050
3075684,sitting,1.0021,0.0117,0.0081,0.4550,-2.7300,0.7700
3075704,sitting,1.0024,0.0120,0.0083,0.4200,-2.7300,0.8050
3075723,sitting,1.0021,0.0122,0.0076,0.4900,-2.7300,0.8050
3075742,sitting,1.0019,0.0112,0.0063,0.4900,-2.7300,0.8400
3075761,sitting,1.0016,0.0107,0.0076,0.4900,-2.7300,0.8050
3075781,sitting,1.0011,0.0117,0.0071,0.4900,-2.7300,0.8400
3075800,sitting,1.0024,0.0112,0.0073,0.4550,-2.7300,0.7700
3075819,sitting,1.0011,0.0124,0.0081,0.4900,-2.7300,0.8050
3075838,sitting,1.0011,0.0134,0.0083,0.4900,-2.7300,0.8050
3075858,sitting,1.0016,0.0129,0.0073,0.4900,-2.7300,0.7700
3075877,sitting,1.0016,0.0129,0.0073,0.4900,-2.7300,0.8050
3075896,sitting,1.0009,0.0120,0.0066,0.4900,-2.7300,0.8400
3075915,sitting,1.0002,0.0120,0.0066,0.4900,-2.7300,0.8400
3075934,sitting,1.0014,0.0115,0.0059,0.4900,-2.6950,0.7700
3075954,sitting,1.0026,0.0122,0.0061,0.4900,-2.7300,0.7700
3075973,sitting,1.0009,0.0117,0.0071,0.4900,-2.7300,0.7700
3075992,sitting,1.0014,0.0117,0.0071,0.4900,-2.7300,0.8400
3076011,sitting,1.0006,0.0112,0.0076,0.5250,-2.7300,0.7700
3076031,sitting,1.0014,0.0120,0.0071,0.4900,-2.6950,0.8400
3076050,sitting,1.0016,0.0124,0.0071,0.4900,-2.7300,0.8050
3076069,sitting,1.0019,0.0112,0.0076,0.4900,-2.7300,0.8050
3076088,sitting,1.0006,0.0117,0.0071,0.4900,-2.7300,0.8400
3076108,sitting,1.0021,0.0122,0.0081,0.4900,-2.7300,0.8400
3076127,sitting,1.0026,0.0117,0.0068,0.4900,-2.7300,0.7700
3076146,sitting,1.0021,0.0124,0.0076,0.4900,-2.7300,0.7700
3076165,sitting,1.0019,0.0122,0.0071,0.4900,-2.7300,0.7700
3076184,sitting,1.0028,0.0127,0.0076,0.5250,-2.7300,0.8400
3076204,sitting,1.0019,0.0124,0.0071,0.4900,-2.7300,0.7700
3076223,sitting,1.0024,0.0122,0.0059,0.4900,-2.7300,0.8400
3076242,sitting,1.0016,0.0122,0.0068,0.4900,-2.7300,0.7700
3076261,sitting,1.0002,0.0124,0.0073,0.4900,-2.7300,0.7700
3076281,sitting,1.0019,0.0124,0.0073,0.4900,-2.7300,0.8400
3076300,sitting,1.0019,0.0120,0.0071,0.4900,-2.7300,0.7700
3076319,sitting,1.0011,0.0117,0.0073,0.4900,-2.7300,0.7700
3076338,sitting,1.0021,0.0122,0.0076,0.4550,-2.7300,0.7700
3076358,sitting,1.0006,0.0127,0.0071,0.4900,-2.7300,0.8050
3076377,sitting,1.0019,0.0124,0.0071,0.4900,-2.7300,0.8050
3076396,sitting,1.0016,0.0129,0.0066,0.4900,-2.7300,0.7700
3076415,sitting,1.0021,0.0115,0.0076,0.4200,-2.7300,0.7700
3076434,sitting,1.0006,0.0115,0.0076,0.4900,-2.7300,0.8050
3076454,sitting,1.0014,0.0122,0.0078,0.4900,-2.7300,0.8050
3076473,sitting,1.0024,0.0124,0.0073,0.4900,-2.6950,0.8400
3076492,sitting,1.0016,0.0122,0.0061,0.4900,-2.7300,0.7700
3076511,sitting,1.0019,0.0120,0.0076,0.4900,-2.7300,0.8400
3076531,sitting,1.0019,0.0115,0.0066,0.4900,-2.7300,0.8400
3076550,sitting,1.0021,0.0124,0.0068,0.4900,-2.7300,0.8050
3076569,sitting,1.0014,0.0120,0.0076,0.4550,-2.7650,0.8400
3076588,sitting,1.0021,0.0120,0.0071,0.4900,-2.7300,0.8050
3076608,sitting,1.0026,0.0120,0.0071,0.4900,-2.7300,0.8400
3076627,sitting,1.0016,0.0122,0.0068,0.4550,-2.7300,0.8050
3076646,sitting,1.0011,0.0117,0.0066,0.4550,-2.7300,0.8050
3076665,sitting,1.0016,0.0110,0.0071,0.4900,-2.7300,0.7700
3076684,sitting,1.0021,0.0122,0.0068,0.4900,-2.7300,0.8050
3076704,sitting,1.0024,0.0117,0.0076,0.4900,-2.7300,0.8050
3076723,sitting,1.0024,0.0122,0.0071,0.4900,-2.7300,0.7700
3076742,sitting,1.0019,0.0112,0.0073,0.4900,-2.7300,0.8050
3076761,sitting,1.0021,0.0117,0.0076,0.4900,-2.7300,0.8050
3076781,sitting,1.0026,0.0124,0.0061,0.4900,-2.7300,0.7700
3076800,sitting,1.0016,0.0122,0.0063,0.4900,-2.7300,0.8050
3076819,sitting,1.0016,0.0115,0.0073,0.4900,-2.6950,0.7700
3076838,sitting,1.0009,0.0120,0.0071,0.4900,-2.7300,0.7700
3076858,sitting,1.0014,0.0120,0.0068,0.4900,-2.6950,0.8400
3076877,sitting,1.0016,0.0115,0.0068,0.5250,-2.7300,0.8050
3076896,sitting,1.0014,0.0129,0.0083,0.5250,-2.6950,0.8400
3076915,sitting,1.0016,0.0110,0.0071,0.4900,-2.7650,0.7700
3076934,sitting,1.0016,0.0124,0.0078,0.5250,-2.7300,0.7700
3076954,sitting,1.0024,0.0122,0.0076,0.5250,-2.7300,0.7700
3076973,sitting,1.0019,0.0134,0.0071,0.4900,-2.8000,0.8050
3076992,sitting,1.0019,0.0129,0.0073,0.4900,-2.7300,0.8400
3077011,sitting,1.0014,0.0122,0.0068,0.4900,-2.7300,0.7700
3077031,sitting,1.0011,0.0120,0.0068,0.4900,-2.7650,0.7700
3077050,sitting,1.0016,0.0117,0.0063,0.4900,-2.7300,0.7700
3077069,sitting,1.0011,0.0110,0.0071,0.4900,-2.7300,0.8400
3077088,sitting,1.0004,0.0124,0.0076,0.4900,-2.7650,0.8050
3077108,sitting,1.0016,0.0120,0.0061,0.5600,-2.7300,0.8050
3077127,sitting,1.0026,0.0120,0.0076,0.4900,-2.7650,0.8050
3077146,sitting,1.0026,0.0120,0.0061,0.4900,-2.7300,0.7700
3077165,sitting,1.0021,0.0122,0.0066,0.4900,-2.7300,0.7700
3077184,sitting,1.0014,0.0115,0.0078,0.4900,-2.7300,0.8050
3077204,sitting,1.0021,0.0117,0.0076,0.4900,-2.6950,0.8050
3077223,sitting,1.0021,0.0127,0.0076,0.5250,-2.7300,0.8050
3077242,sitting,1.0021,0.0117,0.0068,0.4900,-2.7300,0.7700
3077261,sitting,1.0021,0.0110,0.0063,0.4900,-2.7300,0.7700
3077281,sitting,1.0011,0.0117,0.0073,0.4900,-2.7300,0.7700
3077300,sitting,1.0006,0.0122,0.0068,0.4550,-2.7300,0.8050
3077319,sitting,1.0011,0.0112,0.0061,0.4550,-2.7300,0.8050
3077338,sitting,1.0009,0.0120,0.0076,0.4900,-2.7300,0.8400
3077358,sitting,1.0009,0.0122,0.0078,0.4900,-2.7300,0.8050
3077377,sitting,1.0011,0.0120,0.0078,0.4900,-2.7300,0.7700
3077396,sitting,1.0019,0.0115,0.0073,0.4900,-2.7300,0.8400
3077415,sitting,1.0002,0.0124,0.0066,0.4900,-2.7300,0.8400
3077434,sitting,1.0004,0.0122,0.0071,0.4900,-2.7300,0.8400
3077454,sitting,1.0011,0.0120,0.0068,0.4900,-2.7300,0.7700
3077473,sitting,1.0026,0.0127,0.0063,0.4900,-2.7300,0.8050
3077492,sitting,1.0028,0.0122,0.0066,0.4550,-2.7300,0.7700
3077511,sitting,1.0019,0.0117,0.0068,0.4550,-2.7300,0.7700
3077531,sitting,1.0021,0.0120,0.0073,0.4900,-2.7300,0.8050
3077550,sitting,1.0014,0.0122,0.0073,0.4900,-2.7300,0.7700
3077569,sitting,1.0026,0.0115,0.0076,0.4900,-2.7300,0.8050
3077588,sitting,1.0024,0.0122,0.0066,0.4900,-2.7300,0.8050
3077608,sitting,1.0014,0.0120,0.0073,0.4900,-2.7300,0.7700
3077627,sitting,1.0016,0.0124,0.0056,0.4900,-2.7300,0.7700
3077646,sitting,1.0016,0.0115,0.0063,0.4900,-2.7300,0.8400
3077665,sitting,1.0004,0.0122,0.0068,0.4900,-2.7300,0.8050
3077684,sitting,1.0016,0.0120,0.0066,0.4550,-2.7300,0.7700
3077704,sitting,1.0019,0.0122,0.0066,0.5250,-2.7300,0.8400
3077723,sitting,1.0021,0.0122,0.0063,0.5250,-2.7300,0.8050
3077742,sitting,1.0026,0.0124,0.0068,0.4900,-2.7300,0.7700
3077761,sitting,1.0019,0.0122,0.0066,0.4900,-2.7300,0.8400
3077781,sitting,1.0016,0.0120,0.0071,0.4900,-2.7300,0.8400
3077800,sitting,1.0014,0.0124,0.0078,0.4900,-2.7300,0.7700
3077819,sitting,1.0009,0.0124,0.0078,0.4900,-2.6950,0.7700
3077838,sitting,1.0019,0.0124,0.0066,0.4900,-2.7300,0.7700
3077858,sitting,1.0031,0.0122,0.0071,0.4900,-2.7650,0.8050
3077877,sitting,1.0021,0.0117,0.0073,0.5250,-2.7300,0.8050
3077896,sitting,1.0011,0.0117,0.0085,0.4900,-2.7300,0.8050
3077915,sitting,1.0011,0.0134,0.0078,0.4900,-2.7650,0.8050
3077934,sitting,1.0021,0.0117,0.0081,0.5250,-2.7300,0.8050
3077954,sitting,1.0016,0.0117,0.0071,0.4900,-2.7300,0.8050
3077973,sitting,1.0011,0.0112,0.0073,0.4900,-2.7300,0.8050
3077992,sitting,1.0016,0.0115,0.0063,0.4900,-2.7300,0.8050
3078011,sitting,1.0019,0.0122,0.0073,0.4900,-2.7300,0.8050
3078031,sitting,1.0021,0.0110,0.0066,0.4900,-2.7300,0.7700
3078050,sitting,1.0016,0.0122,0.0071,0.4900,-2.7300,0.8050
3078069,sitting,1.0021,0.0124,0.0073,0.4900,-2.7300,0.8050
3078088,sitting,1.0014,0.0115,0.0081,0.4900,-2.7300,0.8050
3078108,sitting,1.0019,0.0110,0.0068,0.4900,-2.7300,0.8050
3078127,sitting,1.0011,0.0112,0.0076,0.4900,-2.7300,0.8050
3078146,sitting,1.0019,0.0124,0.0078,0.4900,-2.7300,0.7700
3078165,sitting,1.0016,0.0127,0.0068,0.4550,-2.7300,0.8050
3078184,sitting,1.0009,0.0127,0.0068,0.4900,-2.7300,0.8400
3078204,sitting,1.0021,0.0112,0.0081,0.4550,-2.7300,0.8400
3078223,sitting,1.0011,0.0127,0.0076,0.4550,-2.7300,0.7700
3078242,sitting,1.0014,0.0132,0.0076,0.4900,-2.7650,0.8050
3078261,sitting,1.0026,0.0124,0.0076,0.4900,-2.7300,0.8050
3078281,sitting,1.0016,0.0122,0.0071,0.4900,-2.7300,0.8400
3078300,sitting,1.0019,0.0120,0.0066,0.4900,-2.7300,0.8050
3078319,sitting,1.0014,0.0122,0.0071,0.4900,-2.7300,0.8400
3078338,sitting,1.0026,0.0120,0.0078,0.4900,-2.7300,0.8400
3078358,sitting,1.0011,0.0120,0.0081,0.4200,-2.6950,0.7700
3078377,sitting,1.0011,0.0122,0.0076,0.4900,-2.7300,0.8400
3078396,sitting,1.0021,0.0122,0.0083,0.4900,-2.7300,0.8400
3078415,sitting,1.0024,0.0117,0.0063,0.4900,-2.7300,0.8400
3078434,sitting,1.0014,0.0124,0.0076,0.4900,-2.7300,0.8400
3078454,sitting,1.0019,0.0129,0.0068,0.4900,-2.7300,0.8050
3078473,sitting,1.0014,0.0115,0.0068,0.4900,-2.6600,0.8050
3078492,sitting,1.0006,0.0117,0.0068,0.4900,-2.7650,0.8050
3078511,sitting,1.0014,0.0112,0.0066,0.4900,-2.7300,0.8050
3078531,sitting,1.0016,0.0115,0.0071,0.4900,-2.7300,0.8050
3078550,sitting,1.0014,0.0127,0.0081,0.4900,-2.7300,0.8400
3078569,sitting,1.0021,0.0115,0.0081,0.4900,-2.7300,0.8400
3078588,sitting,1.0009,0.0115,0.0076,0.5250,-2.7300,0.8400
3078608,sitting,1.0014,0.0120,0.0078,0.5250,-2.7300,0.7700
3078627,sitting,1.0014,0.0110,0.0063,0.4900,-2.7300,0.7700
3078646,sitting,1.0016,0.0112,0.0061,0.4900,-2.7300,0.8050
3078665,sitting,1.0024,0.0120,0.0078,0.4550,-2.7650,0.7700
3078684,sitting,1.0019,0.0129,0.0066,0.4900,-2.7300,0.8400
3078704,sitting,1.0014,0.0124,0.0071,0.4900,-2.7300,0.8400
3078723,sitting,1.0016,0.0117,0.0063,0.4900,-2.7300,0.8050
3078742,sitting,1.0016,0.0115,0.0071,0.5250,-2.7300,0.8050
3078761,sitting,1.0014,0.0124,0.0068,0.4900,-2.7300,0.7700
3078781,sitting,1.0019,0.0120,0.0063,0.4550,-2.7300,0.7700
3078800,sitting,1.0024,0.0124,0.0066,0.4900,-2.7300,0.7700
3078819,sitting,1.0014,0.0122,0.0073,0.4550,-2.7650,0.8400
3078838,sitting,1.0021,0.0129,0.0071,0.4900,-2.7650,0.7700
3078858,sitting,1.0021,0.0122,0.0066,0.4550,-2.7300,0.8050
3078877,sitting,1.0021,0.0120,0.0076,0.4900,-2.7300,0.8050
3078896,sitting,1.0024,0.0120,0.0068,0.4900,-2.7300,0.8050
3078915,sitting,1.0024,0.0120,0.0068,0.4900,-2.7300,0.7700
3078934,sitting,1.0019,0.0122,0.0078,0.4550,-2.7650,0.8050
3078954,sitting,1.0024,0.0122,0.0076,0.4900,-2.7300,0.8050
3078973,sitting,1.0016,0.0127,0.0073,0.4900,-2.7300,0.8400
3078992,sitting,1.0014,0.0117,0.0068,0.4900,-2.7650,0.8050
3079011,sitting,1.0014,0.0117,0.0071,0.4900,-2.7300,0.7700
3079031,sitting,1.0014,0.0117,0.0068,0.4900,-2.7300,0.8400
3079050,sitting,1.0016,0.0127,0.0071,0.4550,-2.7300,0.7700
3079069,sitting,1.0026,0.0117,0.0068,0.4200,-2.7300,0.8050
3079088,sitting,1.0019,0.0120,0.0061,0.4900,-2.7300,0.8050
3079108,sitting,1.0016,0.0124,0.0066,0.4900,-2.7300,0.8050
3079127,sitting,1.0016,0.0124,0.0073,0.4900,-2.7300,0.8400
3079146,sitting,1.0016,0.0127,0.0063,0.4900,-2.7300,0.8400
3079165,sitting,1.0016,0.0117,0.0063,0.4900,-2.7300,0.8400
3079184,sitting,1.0016,0.0107,0.0066,0.4550,-2.7300,0.8050
3079204,sitting,1.0014,0.0117,0.0078,0.5250,-2.7300,0.8050
3079223,sitting,1.0016,0.0120,0.0068,0.4900,-2.6950,0.8400
3079242,sitting,1.0014,0.0122,0.0073,0.4900,-2.7300,0.8050
3079261,sitting,1.0014,0.0120,0.0068,0.4550,-2.7300,0.8400
3079281,sitting,1.0016,0.0112,0.0063,0.5250,-2.7300,0.8400
3079300,sitting,1.0011,0.0120,0.0071,0.4900,-2.7300,0.8400
3079319,sitting,1.0021,0.0122,0.0078,0.4900,-2.7300,0.8050
3079338,sitting,1.0024,0.0124,0.0073,0.4900,-2.7300,0.7700
3079358,sitting,1.0014,0.0122,0.0068,0.4900,-2.7300,0.7700
3079377,sitting,1.0014,0.0117,0.0071,0.4900,-2.7300,0.7700
3079396,sitting,1.0014,0.0132,0.0068,0.5250,-2.6950,0.8050
3079415,sitting,1.0011,0.0112,0.0076,0.4900,-2.7300,0.8050
3079434,sitting,1.0009,0.0117,0.0063,0.5250,-2.7300,0.7700
3079454,sitting,1.0009,0.0115,0.0076,0.4900,-2.7300,0.8050
3079473,sitting,1.0021,0.0117,0.0076,0.4900,-2.6950,0.8050
3079492,sitting,1.0019,0.0120,0.0068,0.4900,-2.6950,0.8050
3079511,sitting,1.0019,0.0124,0.0068,0.4900,-2.7300,0.7700
3079531,sitting,1.0016,0.0122,0.0066,0.4900,-2.7300,0.7700
3079550,sitting,1.0014,0.0122,0.0068,0.5250,-2.7300,0.8050
3079569,sitting,1.0011,0.0117,0.0059,0.5250,-2.7300,0.7700
3079588,sitting,1.0006,0.0120,0.0063,0.4900,-2.7300,0.7700
3079608,sitting,1.0019,0.0129,0.0066,0.4900,-2.7300,0.8050
3079627,sitting,1.0014,0.0112,0.0078,0.4900,-2.7300,0.8050
3079646,sitting,1.0021,0.0120,0.0068,0.4900,-2.6950,0.7700
3079665,sitting,1.0016,0.0122,0.0068,0.4900,-2.7650,0.8400
3079684,sitting,1.0021,0.0112,0.0083,0.4900,-2.7650,0.8400
3079704,sitting,1.0021,0.0117,0.0068,0.4900,-2.7650,0.8050
3079723,sitting,1.0019,0.0115,0.0066,0.4900,-2.7300,0.8050
3079742,sitting,1.0019,0.0117,0.0066,0.4900,-2.7650,0.8400
3079761,sitting,1.0016,0.0120,0.0078,0.4900,-2.7300,0.8400
3079781,sitting,1.0006,0.0122,0.0066,0.4900,-2.7300,0.8050
3079800,sitting,1.0014,0.0122,0.0066,0.4900,-2.6950,0.7700
3079819,sitting,1.0014,0.0124,0.0076,0.4900,-2.7300,0.7700
3079838,sitting,1.0016,0.0120,0.0068,0.4900,-2.7650,0.8050
3079858,sitting,1.0016,0.0124,0.0081,0.4900,-2.7650,0.7700
3079877,sitting,1.0019,0.0132,0.0076,0.4550,-2.7300,0.8400
3079896,sitting,1.0016,0.0115,0.0068,0.4900,-2.7300,0.8050
3079915,sitting,1.0016,0.0122,0.0068,0.4900,-2.7300,0.7700
3079934,sitting,1.0019,0.0124,0.0073,0.4550,-2.7300,0.7700
3079954,sitting,1.0021,0.0117,0.0068,0.4900,-2.7650,0.7700
3079973,sitting,1.0026,0.0115,0.0068,0.4900,-2.7300,0.8050
3079992,sitting,1.0009,0.0122,0.0066,0.4550,-2.7300,0.8400
3080011,sitting,1.0014,0.0115,0.0076,0.4550,-2.7300,0.7700
3080031,sitting,1.0019,0.0122,0.0071,0.4900,-2.7300,0.8400
3080050,sitting,1.0014,0.0115,0.0066,0.4900,-2.7300,0.8050
3080069,sitting,1.0014,0.0124,0.0085,0.4900,-2.7300,0.8400
3080088,sitting,1.0021,0.0120,0.0081,0.4900,-2.7650,0.8400
3080108,sitting,1.0024,0.0120,0.0068,0.4900,-2.7300,0.8050
3080127,sitting,1.0026,0.0115,0.0068,0.4550,-2.7300,0.8050
3080146,sitting,1.0016,0.0120,0.0071,0.4900,-2.7300,0.8400
3080165,sitting,1.0014,0.0120,0.0078,0.4900,-2.7300,0.8400
3080184,sitting,1.0009,0.0115,0.0078,0.4900,-2.7300,0.8050
3080204,sitting,1.0019,0.0127,0.0068,0.4900,-2.7300,0.8400
3080223,sitting,1.0021,0.0117,0.0068,0.4550,-2.6950,0.8050
3080242,sitting,1.0016,0.0117,0.0066,0.4900,-2.6950,0.8050
3080261,sitting,1.0014,0.0117,0.0068,0.4900,-2.7300,0.8050
3080281,sitting,1.0028,0.0115,0.0081,0.4900,-2.7300,0.8050
3080300,sitting,1.0016,0.0120,0.0076,0.4900,-2.6950,0.8050
3080319,sitting,1.0009,0.0117,0.0059,0.4900,-2.7300,0.8400
3080338,sitting,1.0004,0.0122,0.0071,0.4900,-2.7300,0.7700
3080358,sitting,1.0026,0.0120,0.0066,0.4900,-2.7300,0.8050
3080377,sitting,1.0016,0.0122,0.0076,0.4900,-2.7300,0.7700
3080396,sitting,1.0016,0.0127,0.0073,0.4900,-2.7300,0.7700
3080415,sitting,1.0026,0.0129,0.0071,0.5600,-2.6950,0.7700
3080434,sitting,1.0019,0.0120,0.0076,0.4900,-2.7300,0.7700
3080454,sitting,1.0009,0.0112,0.0071,0.4900,-2.7300,0.8050
3080473,sitting,1.0014,0.0122,0.0066,0.4900,-2.7300,0.8400
3080492,sitting,1.0014,0.0117,0.0063,0.4900,-2.7300,0.8050
3080511,sitting,1.0019,0.0127,0.0071,0.4900,-2.7300,0.7700
3080531,sitting,1.0016,0.0127,0.0068,0.5250,-2.7300,0.8400
3080550,sitting,1.0019,0.0127,0.0068,0.4900,-2.7300,0.8400
3080569,sitting,1.0021,0.0124,0.0076,0.4900,-2.8000,0.8400
3080588,sitting,1.0014,0.0129,0.0063,0.4900,-2.7300,0.8050
3080608,sitting,1.0009,0.0124,0.0068,0.4900,-2.7300,0.7700
3080627,sitting,1.0009,0.0120,0.0066,0.4900,-2.7300,0.8050
3080646,sitting,1.0014,0.0117,0.0066,0.4900,-2.7300,0.8050
3080665,sitting,1.0016,0.0115,0.0059,0.4900,-2.7300,0.8050
3080684,sitting,1.0019,0.0117,0.0071,0.4900,-2.7300,0.7700
3080704,sitting,1.0016,0.0117,0.0068,0.4900,-2.7650,0.7700
3080723,sitting,1.0021,0.0120,0.0068,0.5250,-2.7300,0.8050
3080742,sitting,1.0019,0.0124,0.0071,0.4900,-2.7300,0.8400
3080761,sitting,1.0028,0.0124,0.0066,0.4900,-2.7300,0.8400
3080781,sitting,1.0021,0.0124,0.0071,0.4550,-2.7300,0.8050
3080800,sitting,1.0019,0.0115,0.0063,0.4550,-2.7300,0.8400
3080819,sitting,1.0019,0.0124,0.0063,0.4550,-2.7300,0.8050
3080838,sitting,1.0019,0.0115,0.0081,0.4900,-2.7300,0.8050
3080858,sitting,1.0021,0.0117,0.0078,0.4900,-2.7300,0.8400
3080877,sitting,1.0019,0.0127,0.0076,0.4900,-2.7300,0.8050
3080896,sitting,1.0024,0.0122,0.0061,0.4900,-2.7300,0.7700
3080915,sitting,1.0016,0.0120,0.0066,0.4900,-2.7650,0.7700
3080934,sitting,1.0016,0.0124,0.0066,0.4900,-2.8000,0.8050
3080954,sitting,1.0009,0.0124,0.0063,0.4900,-2.7300,0.8050
3080973,sitting,1.0006,0.0117,0.0078,0.4900,-2.7300,0.8050
3080992,sitting,1.0019,0.0122,0.0068,0.4900,-2.7300,0.8050
3081011,sitting,1.0006,0.0122,0.0066,0.4900,-2.7300,0.8050
3081031,sitting,1.0009,0.0120,0.0071,0.4900,-2.7300,0.8050
3081050,sitting,1.0009,0.0127,0.0068,0.4550,-2.7300,0.7700
3081069,sitting,1.0021,0.0127,0.0068,0.4900,-2.7300,0.8400
3081088,sitting,1.0014,0.0124,0.0076,0.5250,-2.7300,0.8400
3081108,sitting,1.0024,0.0132,0.0073,0.4900,-2.7300,0.8050
3081127,sitting,1.0019,0.0122,0.0071,0.4900,-2.7300,0.8400
3081146,sitting,1.0014,0.0115,0.0071,0.4900,-2.6950,0.7700
3081165,sitting,1.0016,0.0127,0.0063,0.4900,-2.7300,0.7700
3081184,sitting,1.0026,0.0122,0.0071,0.4900,-2.7300,0.8050
3081204,sitting,1.0021,0.0117,0.0076,0.4900,-2.7300,0.8050
3081223,sitting,1.0016,0.0120,0.0068,0.4900,-2.7300,0.7700
3081242,sitting,1.0006,0.0120,0.0061,0.4900,-2.7300,0.7700
3081261,sitting,1.0016,0.0127,0.0073,0.4900,-2.7300,0.8050
3081281,sitting,1.0024,0.0122,0.0073,0.5250,-2.7300,0.8050
3081300,sitting,1.0014,0.0127,0.0078,0.4900,-2.7300,0.7700
3081319,sitting,1.0004,0.0122,0.0061,0.5250,-2.7300,0.7700
3081338,sitting,1.0019,0.0115,0.0078,0.4900,-2.7300,0.7700
3081358,sitting,1.0031,0.0124,0.0063,0.4900,-2.7300,0.7700
3081377,sitting,1.0019,0.0127,0.0076,0.4900,-2.6950,0.7700
3081396,sitting,1.0024,0.0117,0.0076,0.4900,-2.7300,0.8050
3081415,sitting,1.0014,0.0124,0.0071,0.5250,-2.7650,0.8050
3081434,sitting,1.0014,0.0117,0.0071,0.4900,-2.7300,0.7700
3081454,sitting,1.0016,0.0110,0.0068,0.4900,-2.7300,0.7700
3081473,sitting,1.0019,0.0115,0.0076,0.4900,-2.7300,0.7700
3081492,sitting,1.0011,0.0112,0.0066,0.4900,-2.7300,0.8400
3081511,sitting,1.0014,0.0120,0.0066,0.4200,-2.7300,0.8050
3081531,sitting,1.0028,0.0115,0.0056,0.4900,-2.7300,0.7700
3081550,sitting,1.0026,0.0112,0.0066,0.4550,-2.7300,0.7700
3081569,sitting,1.0006,0.0117,0.0078,0.4900,-2.7300,0.7700
3081588,sitting,1.0004,0.0117,0.0066,0.4900,-2.7300,0.7700
3081608,sitting,1.0016,0.0127,0.0068,0.4900,-2.7300,0.7700
3081627,sitting,1.0019,0.0127,0.0059,0.4900,-2.7300,0.8400
3081646,sitting,1.0019,0.0115,0.0068,0.4550,-2.7300,0.8400
3081665,sitting,1.0019,0.0110,0.0061,0.4900,-2.7300,0.7700
3081684,sitting,1.0024,0.0112,0.0059,0.4550,-2.7300,0.7700
3081704,sitting,1.0016,0.0124,0.0063,0.4900,-2.7300,0.8400
3081723,sitting,1.0009,0.0115,0.0073,0.4900,-2.7300,0.8050
3081742,sitting,1.0016,0.0115,0.0068,0.4900,-2.7300,0.7700
3081761,sitting,1.0014,0.0120,0.0066,0.4900,-2.7300,0.8050
3081781,sitting,1.0026,0.0122,0.0071,0.4900,-2.7300,0.8400
3081800,sitting,1.0024,0.0129,0.0068,0.4900,-2.7300,0.8050
3081819,sitting,1.0026,0.0127,0.0076,0.5250,-2.7300,0.8400
3081838,sitting,1.0019,0.0115,0.0081,0.4900,-2.7300,0.8400
3081858,sitting,1.0031,0.0124,0.0085,0.4900,-2.6950,0.7700
3081877,sitting,1.0016,0.0127,0.0068,0.5250,-2.7300,0.8050
3081896,sitting,1.0014,0.0122,0.0071,0.5250,-2.7300,0.7700
3081915,sitting,1.0011,0.0122,0.0071,0.4900,-2.7300,0.8050
3081934,sitting,1.0021,0.0124,0.0071,0.4900,-2.7300,0.7700
3081954,sitting,1.0024,0.0120,0.0078,0.4900,-2.7300,0.7700
3081973,sitting,1.0019,0.0124,0.0063,0.5250,-2.6950,0.8050
3081992,sitting,1.0021,0.0117,0.0073,0.5250,-2.7300,0.8400
3082011,sitting,1.0026,0.0127,0.0076,0.4900,-2.7300,0.8400
3082031,sitting,1.0019,0.0124,0.0073,0.4900,-2.7300,0.8400
3082050,sitting,1.0011,0.0122,0.0081,0.5250,-2.7300,0.7700
3082069,sitting,1.0014,0.0115,0.0066,0.4900,-2.7300,0.7700
3082088,sitting,1.0019,0.0110,0.0061,0.4900,-2.7300,0.7700
3082108,sitting,1.0024,0.0115,0.0063,0.4900,-2.7300,0.8400
3082127,sitting,1.0016,0.0122,0.0063,0.4900,-2.7300,0.7700
3082146,sitting,1.0014,0.0122,0.0071,0.4900,-2.7300,0.7700
3082165,sitting,1.0011,0.0117,0.0068,0.4900,-2.6600,0.8400
3082184,sitting,1.0014,0.0124,0.0085,0.4900,-2.7300,0.7700
3082204,sitting,1.0006,0.0127,0.0066,0.5600,-2.7300,0.7700
3082223,sitting,1.0009,0.0117,0.0063,0.4900,-2.7300,0.8400
3082242,sitting,1.0006,0.0120,0.0061,0.4900,-2.7300,0.7700
3082261,sitting,1.0011,0.0120,0.0063,0.5250,-2.7300,0.8400
3082281,sitting,1.0016,0.0112,0.0068,0.4900,-2.7300,0.8400
3082300,sitting,1.0019,0.0120,0.0076,0.4900,-2.6950,0.7700
3082319,sitting,1.0021,0.0117,0.0061,0.4900,-2.7300,0.8050
3082338,sitting,1.0019,0.0127,0.0068,0.4900,-2.7300,0.7700
3082358,sitting,1.0014,0.0120,0.0076,0.4900,-2.7300,0.7700
3082377,sitting,1.0021,0.0132,0.0076,0.4550,-2.7300,0.8400
3082396,sitting,1.0024,0.0127,0.0063,0.4900,-2.7300,0.8050
3082415,sitting,1.0016,0.0134,0.0063,0.4550,-2.6950,0.8400
3082434,sitting,1.0011,0.0120,0.0063,0.4900,-2.7300,0.8400
3082454,sitting,1.0011,0.0120,0.0066,0.4900,-2.7300,0.8050
3082473,sitting,1.0009,0.0117,0.0071,0.4900,-2.7300,0.8400
3082492,sitting,1.0009,0.0115,0.0063,0.4900,-2.7300,0.8400
3082511,sitting,1.0016,0.0120,0.0063,0.4900,-2.7300,0.8400
3082531,sitting,1.0009,0.0115,0.0066,0.4900,-2.7300,0.8050
3082550,sitting,1.0026,0.0122,0.0068,0.4900,-2.7300,0.8050
3082569,sitting,1.0016,0.0124,0.0066,0.4900,-2.7300,0.8400
3082588,sitting,1.0014,0.0127,0.0063,0.4550,-2.7300,0.8050
3082608,sitting,1.0014,0.0129,0.0068,0.4550,-2.7300,0.8400
3082627,sitting,1.0024,0.0120,0.0068,0.4900,-2.7300,0.8050
3082646,sitting,1.0019,0.0127,0.0068,0.4550,-2.7300,0.8400
3082665,sitting,1.0009,0.0120,0.0073,0.4900,-2.7300,0.8400
3082684,sitting,1.0009,0.0124,0.0073,0.4900,-2.7300,0.8400
3082704,sitting,1.0006,0.0127,0.0066,0.5250,-2.7300,0.8400
3082723,sitting,1.0014,0.0122,0.0059,0.4900,-2.7300,0.8050
3082742,sitting,1.0021,0.0120,0.0073,0.4900,-2.6950,0.8400
3082761,sitting,1.0009,0.0127,0.0068,0.4900,-2.7300,0.8400
3082781,sitting,1.0016,0.0112,0.0083,0.4900,-2.7300,0.7700
3082800,sitting,1.0021,0.0112,0.0073,0.4900,-2.7300,0.7700
3082819,sitting,1.0014,0.0124,0.0078,0.4900,-2.7300,0.8400
3082838,sitting,1.0011,0.0117,0.0073,0.4900,-2.7650,0.8400
3082858,sitting,1.0004,0.0117,0.0073,0.4900,-2.7300,0.8050
3082877,sitting,1.0016,0.0124,0.0063,0.4900,-2.7300,0.8400
3082896,sitting,1.0024,0.0110,0.0061,0.4900,-2.7650,0.7700
3082915,sitting,1.0014,0.0124,0.0071,0.5250,-2.7300,0.7700
3082934,sitting,1.0014,0.0122,0.0076,0.5250,-2.7300,0.8050
3082954,sitting,1.0014,0.0120,0.0071,0.4900,-2.7300,0.8050
3082973,sitting,1.0024,0.0117,0.0071,0.4900,-2.6600,0.7700
3082992,sitting,1.0016,0.0122,0.0066,0.4550,-2.7650,0.8400
3083011,sitting,1.0019,0.0117,0.0076,0.4900,-2.7300,0.7700
3083031,sitting,1.0028,0.0122,0.0073,0.4900,-2.6950,0.7700
3083050,sitting,1.0019,0.0122,0.0073,0.4900,-2.7300,0.7700
3083069,sitting,1.0019,0.0129,0.0076,0.4900,-2.7300,0.7700
3083088,sitting,1.0009,0.0124,0.0073,0.5250,-2.7300,0.8400
3083108,sitting,1.0011,0.0127,0.0076,0.4900,-2.7300,0.7700
3083127,sitting,1.0021,0.0127,0.0068,0.4900,-2.7300,0.8050
3083146,sitting,1.0016,0.0120,0.0071,0.4900,-2.7300,0.8400
3083165,sitting,1.0026,0.0117,0.0071,0.4900,-2.7300,0.8400
3083184,sitting,1.0024,0.0107,0.0061,0.4550,-2.7300,0.7700
3083204,sitting,1.0016,0.0117,0.0068,0.5250,-2.7300,0.8050
3083223,sitting,1.0002,0.0122,0.0061,0.4900,-2.7300,0.8050
3083242,sitting,1.0006,0.0117,0.0061,0.5250,-2.7300,0.7700
3083261,sitting,1.0011,0.0124,0.0063,0.5250,-2.7300,0.8400
3083281,sitting,1.0031,0.0122,0.0073,0.4900,-2.7300,0.8050
3083300,sitting,1.0024,0.0115,0.0083,0.4900,-2.7300,0.7700
3083319,sitting,1.0014,0.0115,0.0076,0.4550,-2.7300,0.8050
3083338,sitting,1.0021,0.0112,0.0076,0.4900,-2.7300,0.8400
3083358,sitting,1.0009,0.0110,0.0073,0.4900,-2.7300,0.7700
3083377,sitting,1.0011,0.0124,0.0071,0.4900,-2.7300,0.7700
3083396,sitting,1.0009,0.0127,0.0063,0.4900,-2.7300,0.8050
3083415,sitting,1.0019,0.0124,0.0061,0.4200,-2.7300,0.7700
3083434,sitting,1.0019,0.0117,0.0071,0.5250,-2.7300,0.8050
3083454,sitting,1.0016,0.0120,0.0063,0.4900,-2.7300,0.8400
3083473,sitting,1.0011,0.0122,0.0073,0.4550,-2.7300,0.8050
3083492,sitting,1.0011,0.0120,0.0076,0.4900,-2.7300,0.8400
3083511,sitting,1.0011,0.0117,0.0071,0.4900,-2.7300,0.8400
3083531,sitting,1.0014,0.0112,0.0071,0.4900,-2.7300,0.8400
3083550,sitting,1.0011,0.0115,0.0076,0.4900,-2.7300,0.8050
3083569,sitting,1.0019,0.0117,0.0076,0.5250,-2.7300,0.8050
3083588,sitting,1.0016,0.0124,0.0078,0.4900,-2.7650,0.8400
3083608,sitting,1.0019,0.0117,0.0066,0.4900,-2.7300,0.8400
3083627,sitting,1.0011,0.0122,0.0081,0.5250,-2.7300,0.8400
3083646,sitting,1.0021,0.0120,0.0063,0.5250,-2.7300,0.8400
3083665,sitting,1.0019,0.0115,0.0066,0.4900,-2.7300,0.8050
3083684,sitting,1.0019,0.0122,0.0063,0.5600,-2.7300,0.7700
3083704,sitting,1.0014,0.0122,0.0068,0.4900,-2.6950,0.8400
3083723,sitting,1.0011,0.0120,0.0071,0.4550,-2.6950,0.7700
3083742,sitting,1.0019,0.0115,0.0073,0.5250,-2.7300,0.7700
3083761,sitting,1.0011,0.0115,0.0073,0.5250,-2.7300,0.8050
3083781,sitting,1.0021,0.0122,0.0059,0.4900,-2.7300,0.7700
3083800,sitting,1.0021,0.0115,0.0068,0.4900,-2.7300,0.7700
3083819,sitting,1.0016,0.0115,0.0066,0.4900,-2.7300,0.7700
3083838,sitting,1.0019,0.0124,0.0073,0.4900,-2.7300,0.7700
3083858,sitting,1.0021,0.0115,0.0066,0.4900,-2.7300,0.7700
3083877,sitting,1.0021,0.0120,0.0073,0.4900,-2.7300,0.8050
3083896,sitting,1.0016,0.0129,0.0083,0.4550,-2.7300,0.8050
3083915,sitting,1.0021,0.0122,0.0073,0.4900,-2.7300,0.7700
3083934,sitting,1.0026,0.0117,0.0066,0.4900,-2.7300,0.7700
3083954,sitting,1.0021,0.0127,0.0078,0.4900,-2.7300,0.7700
3083973,sitting,1.0021,0.0122,0.0068,0.4900,-2.7300,0.7700
3083992,sitting,1.0014,0.0124,0.0068,0.5250,-2.7300,0.7700
3084011,sitting,1.0021,0.0122,0.0063,0.4900,-2.7650,0.7700
3084031,sitting,1.0009,0.0117,0.0071,0.4900,-2.7300,0.8050
3084050,sitting,1.0011,0.0120,0.0066,0.4900,-2.7300,0.8050
3084069,sitting,1.0016,0.0120,0.0076,0.4900,-2.7300,0.8050
3084088,sitting,1.0026,0.0129,0.0073,0.4900,-2.7300,0.8400
3084108,sitting,1.0016,0.0124,0.0068,0.4900,-2.7300,0.8050
3084127,sitting,1.0011,0.0122,0.0061,0.4900,-2.7300,0.8400
3084146,sitting,1.0019,0.0122,0.0068,0.4900,-2.7300,0.8050
3084165,sitting,1.0019,0.0117,0.0061,0.4550,-2.7300,0.8050
3084184,sitting,1.0021,0.0124,0.0063,0.4900,-2.7300,0.8050
3084204,sitting,1.0024,0.0120,0.0071,0.4900,-2.7650,0.8400
3084223,sitting,1.0019,0.0120,0.0059,0.4900,-2.7300,0.8050
3084242,sitting,1.0006,0.0124,0.0061,0.4900,-2.7300,0.8050
3084261,sitting,1.0016,0.0129,0.0059,0.4900,-2.7300,0.8400
3084281,sitting,1.0014,0.0120,0.0076,0.5250,-2.7300,0.7700
3084300,sitting,1.0011,0.0117,0.0073,0.4550,-2.6950,0.8050
3084319,sitting,1.0011,0.0117,0.0078,0.4900,-2.7300,0.8400
3084338,sitting,1.0011,0.0124,0.0063,0.4550,-2.7300,0.8050
3084358,sitting,1.0024,0.0117,0.0059,0.4900,-2.7300,0.8050
3084377,sitting,1.0021,0.0122,0.0063,0.4550,-2.7300,0.8050
3084396,sitting,1.0019,0.0117,0.0071,0.4200,-2.7300,0.8050
3084415,sitting,1.0019,0.0120,0.0071,0.4900,-2.7300,0.8050
3084434,sitting,1.0014,0.0122,0.0071,0.4900,-2.7300,0.7700
3084454,sitting,1.0016,0.0115,0.0066,0.5250,-2.7300,0.7700
3084473,sitting,1.0021,0.0112,0.0066,0.4900,-2.7300,0.8050
3084492,sitting,1.0019,0.0117,0.0068,0.4900,-2.7650,0.8400
3084511,sitting,1.0019,0.0122,0.0073,0.4550,-2.7300,0.8400
3084531,sitting,1.0016,0.0120,0.0076,0.4900,-2.7300,0.8050
3084550,sitting,1.0019,0.0122,0.0066,0.4900,-2.7300,0.7700
3084569,sitting,1.0019,0.0110,0.0081,0.5600,-2.7300,0.7700
3084588,sitting,1.0016,0.0115,0.0073,0.4900,-2.7650,0.8050
3084608,sitting,1.0021,0.0129,0.0068,0.5250,-2.7300,0.7700
3084627,sitting,1.0024,0.0127,0.0068,0.4900,-2.7300,0.7700
3084646,sitting,1.0021,0.0120,0.0071,0.4900,-2.7300,0.8050
3084665,sitting,1.0014,0.0124,0.0068,0.4900,-2.7300,0.7700
3084684,sitting,1.0021,0.0112,0.0073,0.5250,-2.7300,0.7700
3084704,sitting,1.0024,0.0115,0.0073,0.4900,-2.7300,0.8050
3084723,sitting,1.0021,0.0120,0.0068,0.4900,-2.7300,0.7700
3084742,sitting,1.0014,0.0120,0.0076,0.4900,-2.7300,0.8400
3084761,sitting,1.0014,0.0110,0.0081,0.4900,-2.7300,0.7700
3084781,sitting,1.0016,0.0115,0.0078,0.4900,-2.7300,0.7700
3084800,sitting,1.0016,0.0117,0.0076,0.4900,-2.7300,0.7700
3084819,sitting,1.0014,0.0120,0.0071,0.4550,-2.7300,0.8400
3084838,sitting,1.0009,0.0120,0.0063,0.4900,-2.7300,0.7700
3084858,sitting,1.0006,0.0122,0.0063,0.4900,-2.7300,0.7700
3084877,sitting,1.0009,0.0120,0.0071,0.5250,-2.7300,0.7700
3084896,sitting,1.0014,0.0112,0.0078,0.5250,-2.7300,0.8400
3084915,sitting,1.0011,0.0117,0.0076,0.4900,-2.7650,0.7700
3084934,sitting,1.0026,0.0117,0.0068,0.4900,-2.7300,0.7700
3084954,sitting,1.0026,0.0115,0.0066,0.4900,-2.7300,0.7700
3084973,sitting,1.0016,0.0127,0.0066,0.4900,-2.7300,0.8050
3084992,sitting,1.0019,0.0122,0.0073,0.4900,-2.8000,0.7700
3085011,sitting,1.0021,0.0120,0.0081,0.4900,-2.7300,0.8400
3085031,sitting,1.0019,0.0115,0.0083,0.4900,-2.7300,0.8400
3085050,sitting,1.0021,0.0110,0.0073,0.4900,-2.7300,0.8400
3085069,sitting,1.0014,0.0122,0.0063,0.4550,-2.7300,0.8400
3085088,sitting,1.0009,0.0117,0.0056,0.4550,-2.7300,0.8400
3085108,sitting,1.0014,0.0117,0.0063,0.4200,-2.7300,0.8050
3085127,sitting,1.0019,0.0117,0.0073,0.4550,-2.7300,0.8050
3085146,sitting,1.0026,0.0117,0.0073,0.4200,-2.7300,0.7700
3085165,sitting,1.0024,0.0122,0.0071,0.4900,-2.7300,0.7700
3085184,sitting,1.0024,0.0122,0.0076,0.4900,-2.7300,0.7700
3085204,sitting,1.0021,0.0115,0.0068,0.4550,-2.7300,0.8050
3085223,sitting,1.0011,0.0117,0.0071,0.4900,-2.7300,0.8050
3085242,sitting,1.0011,0.0127,0.0063,0.4550,-2.7300,0.8400
3085261,sitting,1.0009,0.0124,0.0071,0.4550,-2.7300,0.7700
3085281,sitting,1.0009,0.0117,0.0071,0.4550,-2.7300,0.8050
3085300,sitting,1.0026,0.0110,0.0066,0.4900,-2.7300,0.8400
3085319,sitting,1.0019,0.0115,0.0063,0.5250,-2.7300,0.8050
3085338,sitting,1.0016,0.0120,0.0071,0.5600,-2.7300,0.8050
3085358,sitting,1.0016,0.0129,0.0071,0.4550,-2.7300,0.8400
3085377,sitting,1.0026,0.0112,0.0076,0.4900,-2.7300,0.7700
3085396,sitting,1.0019,0.0115,0.0068,0.4900,-2.7300,0.8050
3085415,sitting,1.0009,0.0115,0.0059,0.4900,-2.7300,0.8400
3085434,sitting,1.0019,0.0112,0.0068,0.4900,-2.7300,0.8400
3085454,sitting,1.0014,0.0120,0.0078,0.4900,-2.7300,0.8050
3085473,sitting,1.0021,0.0112,0.0056,0.5600,-2.7300,0.8050
3085492,sitting,1.0009,0.0117,0.0073,0.5250,-2.7300,0.7700
3085511,sitting,1.0014,0.0122,0.0063,0.4900,-2.6950,0.7700
3085531,sitting,1.0016,0.0117,0.0066,0.4900,-2.7300,0.7700
3085550,sitting,1.0014,0.0127,0.0071,0.4900,-2.7300,0.7700
3085569,sitting,1.0011,0.0117,0.0063,0.4900,-2.7300,0.7700
3085588,sitting,1.0019,0.0120,0.0063,0.4900,-2.7300,0.7700
3085608,sitting,1.0016,0.0117,0.0071,0.4900,-2.7300,0.7700
3085627,sitting,1.0019,0.0112,0.0071,0.4550,-2.7300,0.7700
3085646,sitting,1.0016,0.0107,0.0063,0.5250,-2.7300,0.8050
3085665,sitting,1.0016,0.0122,0.0063,0.4900,-2.7300,0.8050
3085684,sitting,1.0021,0.0132,0.0066,0.4900,-2.7300,0.7700
3085704,sitting,1.0011,0.0120,0.0066,0.4550,-2.7300,0.8400
3085723,sitting,1.0024,0.0110,0.0071,0.4900,-2.7650,0.8050
3085742,sitting,1.0014,0.0115,0.0066,0.4900,-2.7300,0.8050
3085761,sitting,1.0016,0.0122,0.0076,0.5250,-2.7300,0.8400
3085781,sitting,1.0016,0.0115,0.0068,0.4900,-2.7300,0.8050
3085800,sitting,1.0011,0.0127,0.0076,0.4900,-2.7300,0.8400
3085819,sitting,1.0009,0.0129,0.0066,0.4900,-2.7300,0.8050
3085838,sitting,1.0016,0.0122,0.0071,0.4900,-2.7300,0.8400
3085858,sitting,1.0009,0.0124,0.0073,0.4900,-2.7300,0.8050
3085877,sitting,1.0014,0.0127,0.0076,0.4900,-2.7300,0.8050
3085896,sitting,1.0019,0.0127,0.0073,0.4900,-2.7300,0.8400
3085915,sitting,1.0011,0.0112,0.0071,0.4900,-2.7300,0.8400
3085934,sitting,1.0014,0.0112,0.0071,0.4550,-2.7300,0.8050
3085954,sitting,1.0019,0.0112,0.0066,0.4550,-2.7300,0.8050
3085973,sitting,1.0016,0.0115,0.0061,0.4550,-2.7300,0.8050
3085992,sitting,1.0009,0.0124,0.0078,0.4900,-2.7300,0.8050
3086011,sitting,1.0019,0.0122,0.0068,0.4550,-2.6950,0.8050
3086031,sitting,1.0026,0.0127,0.0061,0.4550,-2.7300,0.8050
3086050,sitting,1.0021,0.0115,0.0068,0.4550,-2.7300,0.8400
3086069,sitting,1.0014,0.0122,0.0066,0.4900,-2.7300,0.8050
3086088,sitting,1.0016,0.0127,0.0076,0.4900,-2.7300,0.8050
3086108,sitting,1.0026,0.0127,0.0071,0.4900,-2.7300,0.8400
3086127,sitting,1.0021,0.0127,0.0071,0.4900,-2.7300,0.8400
3086146,sitting,1.0021,0.0120,0.0081,0.4900,-2.7300,0.8400
3086165,sitting,1.0002,0.0120,0.0076,0.4550,-2.7300,0.7700
3086184,sitting,1.0024,0.0122,0.0068,0.4900,-2.7300,0.8050
3086204,sitting,1.0021,0.0122,0.0073,0.4900,-2.7300,0.8400
3086223,sitting,1.0011,0.0124,0.0066,0.4900,-2.7300,0.7700
3086242,sitting,1.0014,0.0115,0.0083,0.4900,-2.7300,0.8050
3086261,sitting,1.0011,0.0115,0.0076,0.5600,-2.7300,0.7700
3086281,sitting,1.0014,0.0122,0.0063,0.4900,-2.7300,0.8400
3086300,sitting,1.0014,0.0127,0.0071,0.4900,-2.7300,0.8050
3086319,sitting,1.0019,0.0127,0.0073,0.5250,-2.7300,0.8050
3086338,sitting,1.0014,0.0127,0.0068,0.4900,-2.7300,0.7700
3086358,sitting,1.0014,0.0127,0.0059,0.4900,-2.7300,0.8050
3086377,sitting,1.0019,0.0122,0.0081,0.5250,-2.6950,0.8400
3086396,sitting,1.0016,0.0117,0.0066,0.5250,-2.7300,0.8050
3086415,sitting,1.0006,0.0120,0.0076,0.4900,-2.7300,0.7700
3086434,sitting,1.0009,0.0120,0.0066,0.4550,-2.6950,0.8400
3086454,sitting,1.0016,0.0117,0.0071,0.4900,-2.7300,0.8400
3086473,sitting,1.0014,0.0115,0.0063,0.4900,-2.6950,0.8050
3086492,sitting,1.0019,0.0120,0.0076,0.4900,-2.7300,0.8400
3086511,sitting,1.0014,0.0115,0.0081,0.4900,-2.7300,0.7700
3086531,sitting,1.0011,0.0120,0.0068,0.4900,-2.7650,0.7700
3086550,sitting,1.0009,0.0117,0.0066,0.4900,-2.7300,0.8050
3086569,sitting,1.0016,0.0115,0.0071,0.5250,-2.7300,0.8050
3086588,sitting,1.0019,0.0127,0.0073,0.4900,-2.7300,0.8050
3086608,sitting,1.0016,0.0124,0.0073,0.5250,-2.7300,0.7700
3086627,sitting,1.0016,0.0122,0.0073,0.4900,-2.7300,0.8050
3086646,sitting,1.0009,0.0129,0.0076,0.4900,-2.7300,0.8050
3086665,sitting,1.0014,0.0127,0.0073,0.5250,-2.7300,0.8050
3086684,sitting,1.0016,0.0122,0.0078,0.4900,-2.7300,0.7700
3086704,sitting,1.0006,0.0122,0.0063,0.4900,-2.7300,0.7700
3086723,sitting,1.0011,0.0117,0.0056,0.4900,-2.7300,0.8400
3086742,sitting,1.0016,0.0122,0.0073,0.4900,-2.7650,0.8400
3086761,sitting,1.0011,0.0120,0.0076,0.4900,-2.7300,0.8050
3086781,sitting,1.0011,0.0122,0.0071,0.4900,-2.7300,0.8400
3086800,sitting,1.0024,0.0112,0.0081,0.4900,-2.7300,0.7700
3086819,sitting,1.0016,0.0122,0.0071,0.4900,-2.7300,0.7700
3086838,sitting,1.0014,0.0120,0.0076,0.4900,-2.7300,0.8050
3086858,sitting,1.0019,0.0122,0.0078,0.4900,-2.7300,0.7700
3086877,sitting,1.0014,0.0117,0.0088,0.5250,-2.7300,0.8050
3086896,sitting,1.0016,0.0120,0.0078,0.4900,-2.7300,0.8050
3086915,sitting,1.0019,0.0117,0.0081,0.4900,-2.7300,0.7700
3086934,sitting,1.0019,0.0122,0.0073,0.4900,-2.7300,0.8050
3086954,sitting,1.0011,0.0115,0.0083,0.4900,-2.7300,0.8400
3086973,sitting,1.0011,0.0124,0.0071,0.5250,-2.7300,0.8050
3086992,sitting,1.0016,0.0122,0.0068,0.5250,-2.7300,0.8400
3087011,sitting,1.0016,0.0117,0.0081,0.4900,-2.7300,0.8050
3087031,sitting,1.0014,0.0115,0.0076,0.4900,-2.7300,0.8050
3087050,sitting,1.0009,0.0124,0.0071,0.4900,-2.7300,0.8400
3087069,sitting,1.0019,0.0117,0.0078,0.4900,-2.7300,0.8400
3087088,sitting,1.0026,0.0115,0.0073,0.4900,-2.7300,0.8400
3087108,sitting,1.0014,0.0115,0.0071,0.5250,-2.6950,0.8050
3087127,sitting,1.0014,0.0112,0.0073,0.5250,-2.7300,0.8050
3087146,sitting,1.0024,0.0122,0.0083,0.4900,-2.7300,0.8400
3087165,sitting,1.0016,0.0120,0.0073,0.5250,-2.7300,0.8400
3087184,sitting,1.0021,0.0122,0.0073,0.4900,-2.6950,0.8400
3087204,sitting,1.0014,0.0112,0.0073,0.4900,-2.7300,0.8400
3087223,sitting,1.0019,0.0120,0.0061,0.5250,-2.7300,0.8400
3087242,sitting,1.0021,0.0115,0.0076,0.5250,-2.7300,0.8050
3087261,sitting,1.0014,0.0127,0.0068,0.4900,-2.7300,0.7700
3087281,sitting,1.0011,0.0122,0.0063,0.4900,-2.7300,0.8400
3087300,sitting,1.0021,0.0124,0.0071,0.4900,-2.6950,0.8050
3087319,sitting,1.0021,0.0110,0.0073,0.4900,-2.6950,0.7700
3087338,sitting,1.0024,0.0124,0.0061,0.4900,-2.7300,0.8400
3087358,sitting,1.0014,0.0117,0.0068,0.4900,-2.7300,0.8050
3087377,sitting,1.0021,0.0129,0.0081,0.4900,-2.7300,0.7700
3087396,sitting,1.0028,0.0117,0.0081,0.4900,-2.7300,0.8050
3087415,sitting,1.0016,0.0120,0.0073,0.4900,-2.7300,0.7700
3087434,sitting,1.0009,0.0122,0.0078,0.4900,-2.7300,0.7700
3087454,sitting,1.0014,0.0122,0.0068,0.4900,-2.7300,0.8400
3087473,sitting,1.0009,0.0117,0.0061,0.4900,-2.7300,0.7700
3087492,sitting,1.0009,0.0122,0.0066,0.4900,-2.7300,0.7700
3087511,sitting,1.0011,0.0122,0.0063,0.4900,-2.7300,0.7700
3087531,sitting,1.0014,0.0127,0.0078,0.4900,-2.7300,0.7700
3087550,sitting,1.0016,0.0134,0.0066,0.4900,-2.7300,0.8050
3087569,sitting,1.0016,0.0129,0.0059,0.4900,-2.7300,0.7700
3087588,sitting,1.0009,0.0122,0.0061,0.4900,-2.7300,0.8050
3087608,sitting,1.0019,0.0122,0.0071,0.4550,-2.7300,0.8050
3087627,sitting,1.0021,0.0117,0.0071,0.4900,-2.7300,0.8050
3087646,sitting,1.0014,0.0115,0.0066,0.4900,-2.7300,0.8050
3087665,sitting,1.0019,0.0120,0.0076,0.4900,-2.7300,0.8050
3087684,sitting,1.0021,0.0120,0.0073,0.4550,-2.7300,0.7700
3087704,sitting,1.0006,0.0112,0.0078,0.4900,-2.7300,0.8400
3087723,sitting,1.0011,0.0112,0.0068,0.4900,-2.7300,0.8050
3087742,sitting,1.0016,0.0124,0.0071,0.4900,-2.7300,0.8050
3087761,sitting,1.0019,0.0107,0.0078,0.4550,-2.7300,0.8400
3087781,sitting,1.0016,0.0122,0.0073,0.4900,-2.7300,0.8400
3087800,sitting,1.0019,0.0122,0.0071,0.4900,-2.7300,0.8400
3087819,sitting,1.0019,0.0127,0.0078,0.4900,-2.7300,0.7700
3087838,sitting,1.0019,0.0122,0.0063,0.4900,-2.7300,0.8050
3087858,sitting,1.0021,0.0120,0.0063,0.4900,-2.7300,0.8050
3087877,sitting,1.0021,0.0132,0.0061,0.4900,-2.7300,0.8050
3087896,sitting,1.0019,0.0112,0.0066,0.4900,-2.7300,0.7700
3087915,sitting,1.0011,0.0124,0.0076,0.4550,-2.7300,0.8400
3087934,sitting,1.0019,0.0122,0.0066,0.4900,-2.7300,0.8050
3087954,sitting,1.0016,0.0120,0.0076,0.4900,-2.7300,0.8400
3087973,sitting,1.0011,0.0122,0.0068,0.5250,-2.7300,0.8400
3087992,sitting,1.0019,0.0122,0.0068,0.4900,-2.7300,0.8050
3088011,sitting,1.0026,0.0117,0.0056,0.4900,-2.6950,0.7700
3088031,sitting,1.0024,0.0120,0.0073,0.4900,-2.7300,0.7700
3088050,sitting,1.0011,0.0115,0.0071,0.4900,-2.7300,0.7700
3088069,sitting,1.0016,0.0127,0.0059,0.4900,-2.7300,0.8400
3088088,sitting,1.0021,0.0137,0.0068,0.5600,-2.7300,0.8050
3088108,sitting,1.0016,0.0117,0.0061,0.4900,-2.7300,0.8400
3088127,sitting,1.0016,0.0122,0.0081,0.4900,-2.7300,0.8050
3088146,sitting,1.0021,0.0122,0.0073,0.4900,-2.6600,0.8050
3088165,sitting,1.0016,0.0120,0.0071,0.4900,-2.7300,0.7700
3088184,sitting,1.0009,0.0110,0.0071,0.4900,-2.7300,0.8400
3088204,sitting,1.0019,0.0110,0.0066,0.5600,-2.7300,0.8400
3088223,sitting,1.0011,0.0112,0.0063,0.4900,-2.7300,0.7700
3088242,sitting,1.0016,0.0120,0.0071,0.4900,-2.7300,0.8400
3088261,sitting,1.0019,0.0120,0.0078,0.4900,-2.7300,0.8050
3088281,sitting,1.0019,0.0120,0.0071,0.5250,-2.7300,0.7700
3088300,sitting,1.0019,0.0115,0.0063,0.4900,-2.7300,0.8400
3088319,sitting,1.0011,0.0117,0.0078,0.4900,-2.7300,0.8050
3088338,sitting,1.0021,0.0124,0.0073,0.4900,-2.7650,0.8050
3088358,sitting,1.0021,0.0124,0.0068,0.4900,-2.7300,0.8050
3088377,sitting,1.0021,0.0117,0.0076,0.4900,-2.7650,0.8400
3088396,sitting,1.0019,0.0117,0.0073,0.4900,-2.7300,0.8400
3088415,sitting,1.0019,0.0120,0.0066,0.4900,-2.7300,0.8050
3088434,sitting,1.0014,0.0117,0.0071,0.4550,-2.7300,0.8050
3088454,sitting,1.0014,0.0124,0.0061,0.4900,-2.7300,0.7700
3088473,sitting,1.0016,0.0122,0.0071,0.4900,-2.7300,0.8050
3088492,sitting,1.0014,0.0124,0.0071,0.5250,-2.7300,0.8050
3088511,sitting,1.0011,0.0122,0.0066,0.4900,-2.7650,0.8400
3088531,sitting,1.0021,0.0127,0.0073,0.4550,-2.7300,0.7700
3088550,sitting,1.0024,0.0117,0.0068,0.4550,-2.7300,0.8400
3088569,sitting,1.0021,0.0122,0.0066,0.4900,-2.7300,0.8050
3088588,sitting,1.0016,0.0122,0.0076,0.4550,-2.7300,0.8400
3088608,sitting,1.0021,0.0122,0.0066,0.4200,-2.7300,0.8050
3088627,sitting,1.0014,0.0117,0.0068,0.4900,-2.7300,0.7700
3088646,sitting,1.0014,0.0117,0.0073,0.4550,-2.7300,0.8400
3088665,sitting,1.0016,0.0120,0.0078,0.4900,-2.7300,0.8050
3088684,sitting,1.0026,0.0124,0.0063,0.4900,-2.7300,0.7700
3088704,sitting,1.0026,0.0120,0.0061,0.4900,-2.7300,0.8400
3088723,sitting,1.0016,0.0115,0.0078,0.4900,-2.7300,0.8400
3088742,sitting,1.0021,0.0120,0.0071,0.4900,-2.6950,0.8050
3088761,sitting,1.0016,0.0122,0.0071,0.4550,-2.7300,0.8050
3088781,sitting,1.0024,0.0120,0.0068,0.4900,-2.7300,0.8050
3088800,sitting,1.0026,0.0120,0.0073,0.4900,-2.7300,0.7700
3088819,sitting,1.0019,0.0120,0.0071,0.5250,-2.7300,0.8400
3088838,sitting,1.0024,0.0120,0.0066,0.4900,-2.7300,0.8050
3088858,sitting,1.0006,0.0122,0.0085,0.4900,-2.7300,0.8050
3088877,sitting,1.0011,0.0120,0.0071,0.5250,-2.7300,0.8400
3088896,sitting,1.0014,0.0112,0.0066,0.5600,-2.7300,0.8400
3088915,sitting,1.0016,0.0112,0.0078,0.4900,-2.7300,0.7700
3088934,sitting,1.0014,0.0122,0.0083,0.4900,-2.7300,0.8050
3088954,sitting,1.0021,0.0117,0.0081,0.4900,-2.7300,0.7700
3088973,sitting,1.0016,0.0117,0.0063,0.5250,-2.7300,0.7700
3088992,sitting,1.0014,0.0127,0.0066,0.4900,-2.7300,0.7700
3089011,sitting,1.0016,0.0120,0.0066,0.4900,-2.7300,0.7350
3089031,sitting,1.0021,0.0112,0.0061,0.4900,-2.7300,0.7700
3089050,sitting,1.0024,0.0112,0.0066,0.4900,-2.7300,0.7700
3089069,sitting,1.0014,0.0120,0.0063,0.5250,-2.7300,0.8050
3089088,sitting,1.0021,0.0117,0.0073,0.5250,-2.7300,0.8050
3089108,sitting,1.0021,0.0122,0.0068,0.4900,-2.7300,0.8050
3089127,sitting,1.0016,0.0122,0.0068,0.4900,-2.7300,0.7700
3089146,sitting,1.0014,0.0120,0.0078,0.4900,-2.7300,0.8400
3089165,sitting,1.0014,0.0122,0.0071,0.4550,-2.7300,0.8050
3089184,sitting,1.0021,0.0117,0.0071,0.4900,-2.7300,0.8050
3089204,sitting,1.0014,0.0115,0.0066,0.4900,-2.7300,0.8050
3089223,sitting,1.0011,0.0137,0.0073,0.4900,-2.7300,0.7700
3089242,sitting,1.0006,0.0120,0.0063,0.4900,-2.7300,0.7700
3089261,sitting,1.0006,0.0122,0.0078,0.4550,-2.7650,0.7700
3089281,sitting,1.0019,0.0124,0.0068,0.4900,-2.7300,0.8050
3089300,sitting,1.0024,0.0117,0.0071,0.4900,-2.7300,0.8400
3089319,sitting,1.0016,0.0120,0.0071,0.4900,-2.7300,0.8400
3089338,sitting,1.0016,0.0122,0.0073,0.4900,-2.7300,0.8400
3089358,sitting,1.0016,0.0120,0.0068,0.4900,-2.7300,0.8400
3089377,sitting,1.0011,0.0117,0.0066,0.4900,-2.7300,0.8050
3089396,sitting,1.0004,0.0117,0.0066,0.4900,-2.7300,0.8400
3089415,sitting,1.0026,0.0127,0.0066,0.4550,-2.7300,0.8050
3089434,sitting,1.0021,0.0117,0.0063,0.4900,-2.7300,0.8400
3089454,sitting,1.0014,0.0117,0.0061,0.4900,-2.7300,0.7700
3089473,sitting,1.0019,0.0122,0.0073,0.4900,-2.7300,0.7700
3089492,sitting,1.0014,0.0120,0.0073,0.4900,-2.7300,0.8050
3089511,sitting,1.0019,0.0120,0.0076,0.4550,-2.6950,0.7700
3089531,sitting,1.0019,0.0115,0.0061,0.4900,-2.7300,0.8400
3089550,sitting,1.0011,0.0115,0.0073,0.4900,-2.7300,0.8050
3089569,sitting,1.0014,0.0112,0.0076,0.4550,-2.7300,0.7700
3089588,sitting,1.0016,0.0117,0.0068,0.4900,-2.7300,0.8400
3089608,sitting,1.0016,0.0115,0.0059,0.4900,-2.7300,0.8050
3089627,sitting,1.0009,0.0129,0.0071,0.4900,-2.7300,0.8050
3089646,sitting,1.0021,0.0122,0.0071,0.4900,-2.7300,0.7700
3089665,sitting,1.0014,0.0124,0.0076,0.4900,-2.7650,0.8050
3089684,sitting,1.0021,0.0127,0.0078,0.4900,-2.7300,0.8050
3089704,sitting,1.0011,0.0120,0.0073,0.5250,-2.7300,0.8400
3089723,sitting,1.0021,0.0115,0.0066,0.4900,-2.7300,0.8400
3089742,sitting,1.0016,0.0127,0.0066,0.5250,-2.7300,0.8400
3089761,sitting,1.0016,0.0124,0.0071,0.5250,-2.7300,0.8400
3089781,sitting,1.0019,0.0124,0.0068,0.5250,-2.7300,0.7700
3089800,sitting,1.0024,0.0129,0.0063,0.4900,-2.7300,0.7700
3089819,sitting,1.0019,0.0124,0.0066,0.5250,-2.7300,0.8400
3089838,sitting,1.0009,0.0120,0.0066,0.4900,-2.7300,0.7700
3089858,sitting,1.0016,0.0120,0.0066,0.4900,-2.7300,0.8050
3089877,sitting,1.0024,0.0129,0.0073,0.4900,-2.7300,0.8050
3089896,sitting,1.0028,0.0127,0.0061,0.4900,-2.6950,0.7700
3089915,sitting,1.0019,0.0117,0.0066,0.4900,-2.7300,0.8050
3089934,sitting,1.0016,0.0120,0.0068,0.4900,-2.7300,0.7700
3089954,sitting,1.0021,0.0122,0.0076,0.4900,-2.7300,0.8050
3089973,sitting,1.0016,0.0129,0.0076,0.4900,-2.7300,0.7700
3089992,sitting,1.0016,0.0124,0.0076,0.4900,-2.6950,0.8050
3090011,sitting,1.0016,0.0120,0.0066,0.4900,-2.7300,0.8050
3090031,sitting,1.0026,0.0120,0.0061,0.4900,-2.7300,0.7700
3090050,sitting,1.0016,0.0117,0.0078,0.5600,-2.7300,0.8050
3090069,sitting,1.0016,0.0112,0.0076,0.5250,-2.7300,0.8400
3090088,sitting,1.0014,0.0124,0.0085,0.4550,-2.7300,0.8400
3090108,sitting,1.0011,0.0122,0.0068,0.4900,-2.7300,0.8050
3090127,sitting,1.0002,0.0115,0.0066,0.4550,-2.6950,0.8400
3090146,sitting,1.0019,0.0120,0.0066,0.4900,-2.6950,0.8050
3090165,sitting,1.0016,0.0115,0.0073,0.4900,-2.7300,0.7700
3090184,sitting,1.0024,0.0107,0.0068,0.4900,-2.7300,0.8400
3090204,sitting,1.0024,0.0107,0.0068,0.4900,-2.7300,0.8050
3090223,sitting,1.0016,0.0115,0.0071,0.4900,-2.7300,0.7700
3090242,sitting,1.0019,0.0112,0.0063,0.4900,-2.7300,0.8050
3090261,sitting,1.0019,0.0110,0.0073,0.4550,-2.7300,0.8400
3090281,sitting,1.0019,0.0122,0.0068,0.4900,-2.7300,0.8050
3090300,sitting,1.0009,0.0129,0.0073,0.4900,-2.7300,0.8050
3090319,sitting,1.0016,0.0124,0.0081,0.4900,-2.6950,0.8050
3090338,sitting,1.0021,0.0117,0.0081,0.4550,-2.7300,0.8400
3090358,sitting,1.0016,0.0122,0.0071,0.4900,-2.6950,0.7700
3090377,sitting,1.0019,0.0117,0.0066,0.4900,-2.7300,0.7700
3090396,sitting,1.0021,0.0117,0.0083,0.4900,-2.7300,0.7700
3090415,sitting,1.0019,0.0117,0.0076,0.4900,-2.7300,0.8400
3090434,sitting,1.0011,0.0115,0.0081,0.4900,-2.7300,0.8400
3090454,sitting,1.0019,0.0117,0.0071,0.4900,-2.7300,0.7700
3090473,sitting,1.0019,0.0122,0.0073,0.4900,-2.7300,0.7700
3090492,sitting,1.0011,0.0115,0.0078,0.4900,-2.6950,0.8400
3090511,sitting,1.0016,0.0122,0.0081,0.5250,-2.6950,0.8400
3090531,sitting,1.0014,0.0120,0.0081,0.4900,-2.7300,0.8400
3090550,sitting,1.0016,0.0112,0.0066,0.5600,-2.7300,0.8050
3090569,sitting,1.0016,0.0120,0.0066,0.4900,-2.7300,0.8400
3090588,sitting,1.0014,0.0129,0.0066,0.4900,-2.6950,0.7700
3090608,sitting,1.0011,0.0124,0.0078,0.4900,-2.7300,0.8050
3090627,sitting,1.0021,0.0115,0.0066,0.5250,-2.6950,0.7700
3090646,sitting,1.0021,0.0120,0.0063,0.4900,-2.7300,0.8400
3090665,sitting,1.0028,0.0124,0.0061,0.4900,-2.6950,0.8050
3090684,sitting,1.0016,0.0124,0.0066,0.4900,-2.6950,0.7700
3090704,sitting,1.0011,0.0127,0.0063,0.5250,-2.6950,0.7700
3090723,sitting,1.0011,0.0124,0.0073,0.4900,-2.7300,0.7700
3090742,sitting,1.0024,0.0117,0.0068,0.4900,-2.7300,0.8050
3090761,sitting,1.0014,0.0120,0.0068,0.4900,-2.7300,0.8050
3090781,sitting,1.0019,0.0115,0.0068,0.4900,-2.7300,0.8050
3090800,sitting,1.0016,0.0112,0.0061,0.4900,-2.7300,0.8050
3090819,sitting,1.0009,0.0122,0.0073,0.4900,-2.7300,0.7700
3090838,sitting,1.0028,0.0122,0.0071,0.4900,-2.7300,0.7700
3090858,sitting,1.0011,0.0120,0.0068,0.4900,-2.7650,0.7700
3090877,sitting,1.0011,0.0120,0.0056,0.4900,-2.7300,0.8400
3090896,sitting,1.0009,0.0120,0.0071,0.4550,-2.7300,0.8050
3090915,sitting,1.0006,0.0117,0.0063,0.4900,-2.7650,0.8050
3090934,sitting,1.0026,0.0120,0.0061,0.4900,-2.7300,0.7700
3090954,sitting,1.0011,0.0127,0.0063,0.4900,-2.7300,0.8050
3090973,sitting,1.0011,0.0129,0.0083,0.4900,-2.7300,0.8400
3090992,sitting,1.0014,0.0127,0.0071,0.4900,-2.7300,0.8050
3091011,sitting,1.0019,0.0120,0.0076,0.4900,-2.7300,0.7700
3091031,sitting,1.0024,0.0124,0.0068,0.4550,-2.7300,0.8050
3091050,sitting,1.0019,0.0122,0.0071,0.4900,-2.7300,0.8400
3091069,sitting,1.0011,0.0117,0.0071,0.4900,-2.7300,0.7700
3091088,sitting,1.0011,0.0117,0.0063,0.4900,-2.8000,0.8050
3091108,sitting,1.0021,0.0110,0.0073,0.4900,-2.7300,0.8050
3091127,sitting,1.0024,0.0127,0.0073,0.4900,-2.7300,0.8400
3091146,sitting,1.0016,0.0129,0.0071,0.4900,-2.7300,0.8050
3091165,sitting,1.0014,0.0120,0.0063,0.4900,-2.7300,0.8050
3091184,sitting,1.0021,0.0120,0.0066,0.4900,-2.7300,0.8050
3091204,sitting,1.0019,0.0120,0.0068,0.4900,-2.7300,0.8400
3091223,sitting,1.0026,0.0112,0.0078,0.4200,-2.7300,0.8050
3091242,sitting,1.0016,0.0120,0.0071,0.4550,-2.7300,0.8400
3091261,sitting,1.0019,0.0107,0.0063,0.4550,-2.6950,0.8050
3091281,sitting,1.0024,0.0129,0.0068,0.4900,-2.7300,0.8400
3091300,sitting,1.0019,0.0127,0.0071,0.4900,-2.7300,0.8400
3091319,sitting,1.0014,0.0112,0.0066,0.4200,-2.7300,0.8400
3091338,sitting,1.0011,0.0112,0.0071,0.4900,-2.7300,0.8400
3091358,sitting,1.0021,0.0117,0.0068,0.4900,-2.7300,0.8400
3091377,sitting,1.0016,0.0120,0.0068,0.4900,-2.7300,0.8050
3091396,sitting,1.0011,0.0120,0.0061,0.4900,-2.7300,0.8050
3091415,sitting,1.0009,0.0117,0.0071,0.4900,-2.7300,0.8050
3091434,sitting,1.0019,0.0117,0.0068,0.4900,-2.7300,0.8400
3091454,sitting,1.0016,0.0117,0.0063,0.4900,-2.6950,0.7700
3091473,sitting,1.0021,0.0122,0.0078,0.4900,-2.7300,0.8050
3091492,sitting,1.0006,0.0122,0.0063,0.4900,-2.7300,0.7700
3091511,sitting,1.0006,0.0110,0.0068,0.4900,-2.7300,0.8050
3091531,sitting,1.0016,0.0120,0.0073,0.4900,-2.6950,0.8050
3091550,sitting,1.0024,0.0120,0.0073,0.4900,-2.7300,0.8400
3091569,sitting,1.0016,0.0127,0.0076,0.4900,-2.7300,0.8050
3091588,sitting,1.0009,0.0129,0.0073,0.5250,-2.6950,0.7700
3091608,sitting,1.0021,0.0122,0.0076,0.4900,-2.6950,0.7700
3091627,sitting,1.0014,0.0122,0.0073,0.4900,-2.7300,0.8400
3091646,sitting,1.0011,0.0124,0.0061,0.5250,-2.7300,0.7700
3091665,sitting,1.0014,0.0120,0.0076,0.4900,-2.7300,0.7700
3091684,sitting,1.0011,0.0115,0.0066,0.4900,-2.7300,0.8050
3091704,sitting,1.0011,0.0117,0.0063,0.4900,-2.6950,0.8400
3091723,sitting,1.0021,0.0112,0.0066,0.4900,-2.7300,0.8050
3091742,sitting,1.0014,0.0122,0.0066,0.4900,-2.7300,0.7700
3091761,sitting,1.0019,0.0115,0.0066,0.4900,-2.7650,0.7700
3091781,sitting,1.0028,0.0120,0.0068,0.4900,-2.7300,0.8050
3091800,sitting,1.0019,0.0117,0.0076,0.4900,-2.7300,0.7700
3091819,sitting,1.0009,0.0112,0.0066,0.4900,-2.7300,0.7700
3091838,sitting,1.0016,0.0122,0.0063,0.4900,-2.7300,0.7700
3091858,sitting,1.0019,0.0120,0.0071,0.5250,-2.7300,0.7700
3091877,sitting,1.0024,0.0120,0.0068,0.5250,-2.7300,0.8050
3091896,sitting,1.0014,0.0115,0.0076,0.4900,-2.7300,0.8050
3091915,sitting,1.0021,0.0127,0.0066,0.4900,-2.6950,0.8050
3091934,sitting,1.0006,0.0110,0.0061,0.4550,-2.6950,0.7700
3091954,sitting,1.0009,0.0122,0.0056,0.4550,-2.7300,0.7700
3091973,sitting,1.0016,0.0112,0.0068,0.4900,-2.7300,0.8050
3091992,sitting,1.0021,0.0122,0.0066,0.4900,-2.7300,0.8050
3092011,sitting,1.0014,0.0120,0.0076,0.4900,-2.7300,0.8050
3092031,sitting,1.0016,0.0122,0.0071,0.4900,-2.7300,0.7700
3092050,sitting,1.0021,0.0112,0.0076,0.4900,-2.7300,0.7700
3092069,sitting,1.0021,0.0122,0.0076,0.4900,-2.7300,0.8050
3092088,sitting,1.0021,0.0120,0.0063,0.4900,-2.7300,0.8050
3092108,sitting,1.0011,0.0112,0.0063,0.4900,-2.7300,0.8400
3092127,sitting,1.0006,0.0110,0.0073,0.4900,-2.7300,0.8050
3092146,sitting,1.0014,0.0117,0.0076,0.4900,-2.7300,0.8400
3092165,sitting,1.0021,0.0132,0.0078,0.4550,-2.7300,0.8050
3092184,sitting,1.0016,0.0112,0.0078,0.4900,-2.7300,0.8050
3092204,sitting,1.0014,0.0122,0.0063,0.4900,-2.7300,0.8050
3092223,sitting,1.0019,0.0117,0.0071,0.4900,-2.6950,0.8050
3092242,sitting,1.0021,0.0129,0.0076,0.4900,-2.7300,0.8400
3092261,sitting,1.0021,0.0124,0.0076,0.4900,-2.7300,0.8400
3092281,sitting,1.0021,0.0120,0.0066,0.4900,-2.7300,0.8400
3092300,sitting,1.0011,0.0120,0.0083,0.4900,-2.7650,0.8400
3092319,sitting,1.0006,0.0112,0.0078,0.4900,-2.7300,0.8400
3092338,sitting,1.0011,0.0117,0.0073,0.4900,-2.7300,0.8400
3092358,sitting,1.0009,0.0115,0.0083,0.4900,-2.7300,0.7700
3092377,sitting,1.0014,0.0117,0.0068,0.4900,-2.7300,0.7700
3092396,sitting,1.0021,0.0117,0.0073,0.4900,-2.7300,0.7700
3092415,sitting,1.0021,0.0122,0.0066,0.5250,-2.7300,0.8050
3092434,sitting,1.0021,0.0120,0.0068,0.4900,-2.7300,0.7700
3092454,sitting,1.0019,0.0112,0.0066,0.4900,-2.7300,0.8050
3092473,sitting,1.0021,0.0124,0.0073,0.4900,-2.6950,0.7700
3092492,sitting,1.0016,0.0124,0.0078,0.4900,-2.7300,0.7700
3092511,sitting,1.0019,0.0129,0.0073,0.5250,-2.6950,0.8050
3092531,sitting,1.0014,0.0129,0.0073,0.4900,-2.7650,0.7700
3092550,sitting,1.0021,0.0120,0.0063,0.4900,-2.7300,0.7700
3092569,sitting,1.0014,0.0120,0.0061,0.4900,-2.7650,0.8050
3092588,sitting,1.0026,0.0120,0.0076,0.4900,-2.7300,0.8400
3092608,sitting,1.0019,0.0117,0.0078,0.4900,-2.7300,0.7700
3092627,sitting,1.0009,0.0117,0.0066,0.4900,-2.7300,0.8400
3092646,sitting,1.0016,0.0117,0.0066,0.4900,-2.7300,0.8050
3092665,sitting,1.0019,0.0117,0.0059,0.4900,-2.7300,0.7700
3092684,sitting,1.0021,0.0115,0.0061,0.4200,-2.7300,0.8400
3092704,sitting,1.0016,0.0124,0.0063,0.4900,-2.7300,0.8400
3092723,sitting,1.0016,0.0129,0.0063,0.4900,-2.7300,0.8050
3092742,sitting,1.0021,0.0122,0.0056,0.4900,-2.7300,0.8400
3092761,sitting,1.0009,0.0115,0.0063,0.4900,-2.7300,0.8050
3092781,sitting,1.0016,0.0127,0.0076,0.5250,-2.7300,0.8400
3092800,sitting,1.0024,0.0127,0.0066,0.4550,-2.7650,0.8050
3092819,sitting,1.0019,0.0124,0.0059,0.4900,-2.7300,0.8400
3092838,sitting,1.0016,0.0127,0.0071,0.4900,-2.7300,0.8050
3092858,sitting,1.0011,0.0107,0.0071,0.4900,-2.7650,0.7700
3092877,sitting,1.0011,0.0117,0.0071,0.4900,-2.7300,0.8400
3092896,sitting,1.0011,0.0124,0.0059,0.4900,-2.7300,0.8400
3092915,sitting,1.0019,0.0110,0.0056,0.4900,-2.7300,0.8400
3092934,sitting,1.0021,0.0124,0.0071,0.4900,-2.7300,0.7700
3092954,sitting,1.0016,0.0120,0.0063,0.4900,-2.7300,0.7700
3092973,sitting,1.0016,0.0127,0.0061,0.4900,-2.7300,0.8400
3092992,sitting,1.0011,0.0124,0.0073,0.4900,-2.7300,0.8050
3093011,sitting,1.0028,0.0117,0.0066,0.4900,-2.7300,0.7700
3093031,sitting,1.0014,0.0112,0.0081,0.4550,-2.7300,0.8050
3093050,sitting,1.0006,0.0117,0.0076,0.4900,-2.7300,0.8050
3093069,sitting,1.0009,0.0124,0.0078,0.4900,-2.6950,0.7700
3093088,sitting,1.0011,0.0127,0.0078,0.4550,-2.7300,0.8050
3093108,sitting,1.0014,0.0112,0.0066,0.4900,-2.7300,0.8400
3093127,sitting,1.0019,0.0127,0.0059,0.5250,-2.7300,0.8400
3093146,sitting,1.0021,0.0107,0.0066,0.4900,-2.7300,0.7700
3093165,sitting,1.0021,0.0120,0.0073,0.5250,-2.7300,0.8050
3093184,sitting,1.0011,0.0120,0.0071,0.4900,-2.7300,0.8400
3093204,sitting,1.0011,0.0120,0.0083,0.4900,-2.6950,0.7700
3093223,sitting,1.0014,0.0120,0.0076,0.4900,-2.6950,0.8400
3093242,sitting,1.0009,0.0122,0.0056,0.4900,-2.6950,0.7700
3093261,sitting,1.0014,0.0112,0.0066,0.4900,-2.7300,0.8050
3093281,sitting,1.0011,0.0124,0.0073,0.4550,-2.7300,0.8400
3093300,sitting,1.0011,0.0120,0.0073,0.4900,-2.7300,0.8050
3093319,sitting,1.0006,0.0122,0.0068,0.5250,-2.7300,0.8400
3093338,sitting,1.0014,0.0129,0.0063,0.5250,-2.7300,0.7700
3093358,sitting,1.0021,0.0122,0.0071,0.4900,-2.7300,0.7700
3093377,sitting,1.0026,0.0134,0.0078,0.4900,-2.6950,0.8400
3093396,sitting,1.0019,0.0122,0.0068,0.5250,-2.7300,0.7700
3093415,sitting,1.0019,0.0112,0.0073,0.4900,-2.7300,0.7700
3093434,sitting,1.0021,0.0122,0.0056,0.4900,-2.7300,0.7700
3093454,sitting,1.0016,0.0124,0.0066,0.4900,-2.7300,0.7700
3093473,sitting,1.0006,0.0122,0.0073,0.4900,-2.7300,0.8050
3093492,sitting,1.0011,0.0115,0.0071,0.5600,-2.7650,0.8050
3093511,sitting,1.0014,0.0117,0.0066,0.4900,-2.7300,0.7700
3093531,sitting,1.0024,0.0124,0.0063,0.4900,-2.7300,0.8050
3093550,sitting,1.0021,0.0117,0.0059,0.4900,-2.7300,0.7700
3093569,sitting,1.0016,0.0129,0.0071,0.4900,-2.7300,0.8050
3093588,sitting,1.0016,0.0122,0.0073,0.4550,-2.7650,0.8050
3093608,sitting,1.0016,0.0122,0.0068,0.4900,-2.7650,0.8050
3093627,sitting,1.0019,0.0132,0.0063,0.4900,-2.7300,0.8400
3093646,sitting,1.0019,0.0129,0.0071,0.4900,-2.7300,0.8400
3093665,sitting,1.0019,0.0120,0.0071,0.4900,-2.7300,0.8050
3093684,sitting,1.0021,0.0120,0.0071,0.4900,-2.7300,0.8400
3093704,sitting,1.0006,0.0117,0.0068,0.4550,-2.7300,0.7700
3093723,sitting,1.0014,0.0115,0.0068,0.4900,-2.7300,0.8400
3093742,sitting,1.0006,0.0112,0.0076,0.4900,-2.7300,0.7700
3093761,sitting,1.0009,0.0122,0.0078,0.4900,-2.7300,0.7700
3093781,sitting,1.0019,0.0110,0.0066,0.4900,-2.7300,0.8400
3093800,sitting,1.0026,0.0122,0.0056,0.4550,-2.7300,0.8050
3093819,sitting,1.0024,0.0127,0.0068,0.4900,-2.7300,0.8400
3093838,sitting,1.0016,0.0115,0.0073,0.5250,-2.7300,0.8050
3093858,sitting,1.0014,0.0122,0.0068,0.4900,-2.7300,0.8050
3093877,sitting,1.0016,0.0122,0.0059,0.4900,-2.7300,0.8050
3093896,sitting,1.0009,0.0120,0.0063,0.4900,-2.7300,0.8050
3093915,sitting,1.0014,0.0124,0.0066,0.4900,-2.7300,0.8050
3093934,sitting,1.0011,0.0117,0.0076,0.4900,-2.6950,0.8400
3093954,sitting,1.0019,0.0120,0.0066,0.4900,-2.7300,0.7700
3093973,sitting,1.0019,0.0120,0.0073,0.4900,-2.7300,0.8050
3093992,sitting,1.0011,0.0120,0.0083,0.4900,-2.7300,0.8400
3094011,sitting,1.0014,0.0120,0.0071,0.5250,-2.7300,0.8050
3094031,sitting,1.0014,0.0115,0.0068,0.4900,-2.7300,0.8050
3094050,sitting,1.0021,0.0122,0.0066,0.4900,-2.7300,0.7700
3094069,sitting,1.0021,0.0120,0.0071,0.5250,-2.7300,0.8050
3094088,sitting,1.0024,0.0112,0.0071,0.4900,-2.7300,0.7700
3094108,sitting,1.0026,0.0117,0.0073,0.5250,-2.7300,0.7700
3094127,sitting,1.0019,0.0112,0.0066,0.4900,-2.7300,0.7700
3094146,sitting,1.0011,0.0112,0.0063,0.4900,-2.7300,0.8050
3094165,sitting,1.0004,0.0117,0.0066,0.4900,-2.7300,0.8050
3094184,sitting,1.0011,0.0120,0.0073,0.4900,-2.7300,0.8400
3094204,sitting,1.0009,0.0124,0.0076,0.4900,-2.7300,0.8050
3094223,sitting,1.0011,0.0117,0.0081,0.4900,-2.7650,0.7700
3094242,sitting,1.0009,0.0124,0.0061,0.4900,-2.7300,0.8050
3094261,sitting,1.0014,0.0117,0.0076,0.4900,-2.7300,0.7700
3094281,sitting,1.0016,0.0122,0.0066,0.4900,-2.7300,0.7700
3094300,sitting,1.0014,0.0124,0.0063,0.4900,-2.7300,0.7700
3094319,sitting,1.0031,0.0122,0.0068,0.4900,-2.6950,0.7700
3094338,sitting,1.0021,0.0122,0.0083,0.4900,-2.7300,0.7700
3094358,sitting,1.0021,0.0112,0.0073,0.4900,-2.7300,0.7700
3094377,sitting,1.0024,0.0117,0.0073,0.4900,-2.7300,0.7700
3094396,sitting,1.0016,0.0112,0.0059,0.5250,-2.7300,0.8400
3094415,sitting,1.0016,0.0122,0.0076,0.4900,-2.7300,0.8050
3094434,sitting,1.0009,0.0117,0.0061,0.4900,-2.7300,0.7700
3094454,sitting,1.0019,0.0122,0.0073,0.4550,-2.7300,0.8050
3094473,sitting,1.0019,0.0112,0.0066,0.4900,-2.7300,0.8050
3094492,sitting,1.0006,0.0115,0.0063,0.4900,-2.7300,0.8400
3094511,sitting,1.0014,0.0117,0.0071,0.4900,-2.7300,0.8050
3094531,sitting,1.0006,0.0112,0.0071,0.4900,-2.7300,0.8050
3094550,sitting,1.0024,0.0110,0.0073,0.4900,-2.7300,0.8400
3094569,sitting,1.0021,0.0107,0.0073,0.4900,-2.7300,0.8050
3094588,sitting,1.0031,0.0120,0.0071,0.4900,-2.7300,0.7700
3094608,sitting,1.0019,0.0117,0.0063,0.4900,-2.7300,0.8050
3094627,sitting,1.0021,0.0124,0.0054,0.4550,-2.7300,0.8400
3094646,sitting,1.0014,0.0120,0.0056,0.4900,-2.7300,0.8050
3094665,sitting,1.0026,0.0124,0.0066,0.4200,-2.7300,0.8050
3094684,sitting,1.0016,0.0120,0.0073,0.4900,-2.7300,0.8400
3094704,sitting,1.0014,0.0122,0.0071,0.4900,-2.7300,0.8400
3094723,sitting,1.0014,0.0127,0.0078,0.4900,-2.7300,0.8050
3094742,sitting,1.0016,0.0122,0.0071,0.4900,-2.7300,0.8050
3094761,sitting,1.0019,0.0115,0.0068,0.4900,-2.7300,0.8400
3094781,sitting,1.0019,0.0120,0.0078,0.4900,-2.7300,0.8050
3094800,sitting,1.0016,0.0120,0.0063,0.4900,-2.7300,0.8050
3094819,sitting,1.0009,0.0120,0.0066,0.4900,-2.7300,0.7700
3094838,sitting,1.0014,0.0115,0.0071,0.4900,-2.7300,0.8050
3094858,sitting,1.0016,0.0117,0.0068,0.4550,-2.7300,0.8400
3094877,sitting,1.0024,0.0117,0.0061,0.4900,-2.7300,0.8400
3094896,sitting,1.0021,0.0122,0.0076,0.4900,-2.7300,0.8400
3094915,sitting,1.0021,0.0120,0.0068,0.4900,-2.7300,0.8050
3094934,sitting,1.0024,0.0122,0.0061,0.4900,-2.7300,0.7700
3094954,sitting,1.0006,0.0122,0.0068,0.4900,-2.7300,0.7700
3094973,sitting,1.0004,0.0124,0.0068,0.5250,-2.7300,0.7700
3094992,sitting,1.0019,0.0124,0.0066,0.4900,-2.7300,0.8400
3095011,sitting,1.0021,0.0129,0.0063,0.4900,-2.7300,0.8400
3095031,sitting,1.0026,0.0122,0.0071,0.5250,-2.7300,0.8050
3095050,sitting,1.0026,0.0120,0.0078,0.4900,-2.7300,0.7700
3095069,sitting,1.0014,0.0124,0.0071,0.4900,-2.7650,0.7700
3095088,sitting,1.0021,0.0117,0.0073,0.4900,-2.7300,0.8050
3095108,sitting,1.0014,0.0122,0.0066,0.4900,-2.7300,0.8400
3095127,sitting,1.0019,0.0122,0.0063,0.4900,-2.7300,0.8050
3095146,sitting,1.0019,0.0127,0.0061,0.4900,-2.7300,0.7700
3095165,sitting,1.0028,0.0115,0.0071,0.4900,-2.7300,0.7700
3095184,sitting,1.0021,0.0117,0.0066,0.5250,-2.7300,0.8400
3095204,sitting,1.0021,0.0120,0.0066,0.4900,-2.7300,0.8050
3095223,sitting,1.0019,0.0122,0.0076,0.4900,-2.7300,0.7700
3095242,sitting,1.0016,0.0129,0.0081,0.4900,-2.7300,0.8400
3095261,sitting,1.0011,0.0122,0.0071,0.4900,-2.7300,0.7700
3095281,sitting,1.0021,0.0112,0.0068,0.4900,-2.7300,0.8050
3095300,sitting,1.0021,0.0100,0.0078,0.4900,-2.7300,0.8400
3095319,sitting,1.0021,0.0129,0.0059,0.4900,-2.7300,0.8050
3095338,sitting,1.0021,0.0120,0.0071,0.5250,-2.7650,0.7700
3095358,sitting,1.0016,0.0110,0.0071,0.4900,-2.7300,0.8050
3095377,sitting,1.0019,0.0112,0.0068,0.4900,-2.7300,0.8400
3095396,sitting,1.0024,0.0122,0.0054,0.4900,-2.7300,0.7700
3095415,sitting,1.0021,0.0115,0.0063,0.4900,-2.7300,0.7700
3095434,sitting,1.0006,0.0122,0.0066,0.4900,-2.7300,0.8050
3095454,sitting,1.0016,0.0127,0.0066,0.4900,-2.7300,0.7700
3095473,sitting,1.0024,0.0124,0.0056,0.4900,-2.7300,0.8050
3095492,sitting,1.0016,0.0124,0.0059,0.4900,-2.7300,0.8400
3095511,sitting,1.0009,0.0110,0.0071,0.5250,-2.7300,0.8050
3095531,sitting,1.0019,0.0127,0.0068,0.4900,-2.7650,0.7700
3095550,sitting,1.0021,0.0134,0.0078,0.4200,-2.7300,0.7700
3095569,sitting,1.0014,0.0120,0.0068,0.4550,-2.7300,0.8400
3095588,sitting,1.0021,0.0124,0.0073,0.4900,-2.7300,0.8050
3095608,sitting,1.0016,0.0129,0.0049,0.4900,-2.7300,0.8050
3095627,sitting,1.0004,0.0122,0.0059,0.4550,-2.7300,0.8400
3095646,sitting,1.0016,0.0122,0.0078,0.4900,-2.7300,0.8400
3095665,sitting,1.0011,0.0132,0.0071,0.4900,-2.7300,0.7700
3095684,sitting,1.0026,0.0127,0.0063,0.4900,-2.7300,0.8400
3095704,sitting,1.0016,0.0117,0.0066,0.4900,-2.7300,0.8400
3095723,sitting,1.0009,0.0117,0.0063,0.4900,-2.7300,0.8050
3095742,sitting,1.0011,0.0127,0.0063,0.5250,-2.6950,0.8400
3095761,sitting,1.0002,0.0120,0.0063,0.4900,-2.7300,0.8050
3095781,sitting,1.0014,0.0110,0.0068,0.4900,-2.7300,0.8400
3095800,sitting,1.0028,0.0127,0.0073,0.4900,-2.7300,0.8050
3095819,sitting,1.0026,0.0132,0.0078,0.4900,-2.7300,0.8400
3095838,sitting,1.0019,0.0124,0.0063,0.4900,-2.7300,0.8400
3095858,sitting,1.0026,0.0122,0.0061,0.4900,-2.7300,0.7700
3095877,sitting,1.0014,0.0124,0.0071,0.4900,-2.7300,0.8050
3095896,sitting,1.0014,0.0107,0.0071,0.5250,-2.7300,0.8050
3095915,sitting,1.0016,0.0117,0.0068,0.4900,-2.7300,0.8400
3095934,sitting,1.0019,0.0124,0.0068,0.4900,-2.7300,0.7700
3095954,sitting,1.0006,0.0120,0.0076,0.4900,-2.7300,0.8050
3095973,sitting,1.0021,0.0115,0.0068,0.4900,-2.7300,0.8050
3095992,sitting,1.0016,0.0105,0.0073,0.4900,-2.7300,0.8050
3096011,sitting,1.0011,0.0124,0.0068,0.5250,-2.7300,0.8050
3096031,sitting,1.0014,0.0122,0.0066,0.4900,-2.6950,0.8400
3096050,sitting,1.0014,0.0127,0.0068,0.4900,-2.7300,0.7700
3096069,sitting,1.0009,0.0115,0.0071,0.4900,-2.7300,0.8050
3096088,sitting,1.0016,0.0115,0.0056,0.4900,-2.7300,0.8400
3096108,sitting,1.0019,0.0122,0.0066,0.4900,-2.7300,0.7700
3096127,sitting,1.0016,0.0122,0.0081,0.4900,-2.7300,0.8050
3096146,sitting,1.0024,0.0132,0.0085,0.4900,-2.7300,0.8050
3096165,sitting,1.0011,0.0129,0.0076,0.4900,-2.7300,0.8400
3096184,sitting,1.0019,0.0110,0.0063,0.4900,-2.7300,0.8400
3096204,sitting,1.0011,0.0115,0.0068,0.4900,-2.7300,0.8400
3096223,sitting,1.0009,0.0112,0.0071,0.4900,-2.7300,0.7700
3096242,sitting,1.0019,0.0122,0.0068,0.5250,-2.7300,0.8400
3096261,sitting,1.0028,0.0124,0.0063,0.4900,-2.7300,0.8050
3096281,sitting,1.0009,0.0120,0.0066,0.4550,-2.8000,0.8050
3096300,sitting,1.0019,0.0120,0.0071,0.4900,-2.7300,0.8050
3096319,sitting,1.0011,0.0117,0.0073,0.4900,-2.7300,0.8400
3096338,sitting,1.0016,0.0120,0.0068,0.4900,-2.7300,0.8400
3096358,sitting,1.0014,0.0122,0.0063,0.4900,-2.7300,0.8050
3096377,sitting,1.0004,0.0117,0.0071,0.4550,-2.7300,0.8050
3096396,sitting,1.0016,0.0115,0.0063,0.4900,-2.7300,0.8050
3096415,sitting,1.0021,0.0124,0.0073,0.4900,-2.7300,0.8400
3096434,sitting,1.0021,0.0120,0.0068,0.4550,-2.7300,0.8400
3096454,sitting,1.0024,0.0117,0.0088,0.4900,-2.7650,0.7700
3096473,sitting,1.0021,0.0117,0.0078,0.4900,-2.7300,0.8400
3096492,sitting,1.0011,0.0127,0.0068,0.4900,-2.7300,0.8050
3096511,sitting,1.0014,0.0120,0.0076,0.4900,-2.7300,0.8050
3096531,sitting,1.0014,0.0124,0.0071,0.5250,-2.7300,0.8050
3096550,sitting,1.0019,0.0120,0.0071,0.4900,-2.7300,0.8400
3096569,sitting,1.0011,0.0115,0.0071,0.5250,-2.7300,0.7700
3096588,sitting,1.0011,0.0120,0.0066,0.4900,-2.7300,0.7700
3096608,sitting,1.0011,0.0124,0.0073,0.5250,-2.7300,0.7700
3096627,sitting,1.0014,0.0124,0.0076,0.4900,-2.7300,0.8050
3096646,sitting,1.0004,0.0122,0.0068,0.4900,-2.7300,0.8400
3096665,sitting,1.0021,0.0120,0.0076,0.4550,-2.7300,0.8050
3096684,sitting,1.0024,0.0129,0.0068,0.4900,-2.7300,0.8050
3096704,sitting,1.0026,0.0124,0.0071,0.4900,-2.7300,0.8050
3096723,sitting,1.0014,0.0110,0.0076,0.4900,-2.7300,0.8400
3096742,sitting,1.0024,0.0112,0.0071,0.5250,-2.7300,0.7700
3096761,sitting,1.0019,0.0120,0.0063,0.5250,-2.7300,0.7700
3096781,sitting,1.0016,0.0120,0.0061,0.5600,-2.7300,0.7700
3096800,sitting,1.0019,0.0120,0.0059,0.5250,-2.7300,0.7700
3096819,sitting,1.0009,0.0124,0.0066,0.5250,-2.7300,0.8050
3096838,sitting,1.0016,0.0120,0.0071,0.4900,-2.7300,0.8050
3096858,sitting,1.0019,0.0129,0.0066,0.4900,-2.7300,0.8400
3096877,sitting,1.0019,0.0124,0.0059,0.4900,-2.7650,0.8050
3096896,sitting,1.0014,0.0124,0.0071,0.4900,-2.7650,0.7700
3096915,sitting,1.0019,0.0115,0.0071,0.5600,-2.7300,0.7700
3096934,sitting,1.0021,0.0117,0.0076,0.4900,-2.7300,0.8050
3096954,sitting,1.0019,0.0124,0.0081,0.4900,-2.6950,0.7700
3096973,sitting,1.0016,0.0112,0.0071,0.5250,-2.7300,0.7700
3096992,sitting,1.0006,0.0120,0.0068,0.4900,-2.7300,0.8400
3097011,sitting,1.0016,0.0117,0.0071,0.4900,-2.7300,0.8050
3097031,sitting,1.0006,0.0122,0.0076,0.4900,-2.7300,0.8050
3097050,sitting,1.0019,0.0124,0.0063,0.4900,-2.7300,0.8050
3097069,sitting,1.0021,0.0120,0.0066,0.4900,-2.7300,0.7700
3097088,sitting,1.0021,0.0112,0.0066,0.4900,-2.7300,0.8400
3097108,sitting,1.0021,0.0124,0.0068,0.4900,-2.7300,0.8400
3097127,sitting,1.0019,0.0120,0.0068,0.4900,-2.7300,0.8050
3097146,sitting,1.0016,0.0120,0.0071,0.4550,-2.7300,0.8400
3097165,sitting,1.0019,0.0124,0.0068,0.4900,-2.7300,0.8050
3097184,sitting,1.0019,0.0127,0.0076,0.4900,-2.7300,0.8050
3097204,sitting,1.0014,0.0122,0.0068,0.4900,-2.7300,0.8050
3097223,sitting,1.0021,0.0115,0.0073,0.4900,-2.7300,0.7700
3097242,sitting,1.0009,0.0120,0.0066,0.4900,-2.7300,0.7700
3097261,sitting,1.0011,0.0110,0.0071,0.4900,-2.7650,0.8400
3097281,sitting,1.0016,0.0110,0.0071,0.4900,-2.7300,0.7700
3097300,sitting,1.0011,0.0120,0.0068,0.4900,-2.7300,0.8400
3097319,sitting,1.0024,0.0122,0.0076,0.4900,-2.7300,0.8400
3097338,sitting,1.0014,0.0129,0.0078,0.4900,-2.7650,0.8050
3097358,sitting,1.0014,0.0117,0.0076,0.4200,-2.7300,0.8400
3097377,sitting,1.0004,0.0120,0.0071,0.4550,-2.7300,0.8400
3097396,sitting,1.0019,0.0127,0.0066,0.5250,-2.6950,0.8050
3097415,sitting,1.0009,0.0122,0.0078,0.4550,-2.7300,0.8050
3097434,sitting,1.0021,0.0117,0.0078,0.4550,-2.7300,0.8400
3097454,sitting,1.0021,0.0122,0.0068,0.4900,-2.6950,0.7700
3097473,sitting,1.0026,0.0122,0.0066,0.4900,-2.6950,0.8400
3097492,sitting,1.0014,0.0124,0.0071,0.4900,-2.6950,0.8400
3097511,sitting,1.0014,0.0129,0.0071,0.4900,-2.7300,0.8400
3097531,sitting,1.0009,0.0127,0.0071,0.4900,-2.7300,0.8400
3097550,sitting,1.0014,0.0117,0.0068,0.4900,-2.7300,0.8050
3097569,sitting,1.0024,0.0120,0.0076,0.5250,-2.7300,0.8400
3097588,sitting,1.0019,0.0129,0.0076,0.4900,-2.7300,0.8050
3097608,sitting,1.0021,0.0115,0.0068,0.5250,-2.7300,0.8050
3097627,sitting,1.0026,0.0122,0.0063,0.4900,-2.7300,0.8050
3097646,sitting,1.0016,0.0129,0.0078,0.4900,-2.7300,0.8050
3097665,sitting,1.0014,0.0120,0.0073,0.4900,-2.7300,0.7700
3097684,sitting,1.0009,0.0120,0.0081,0.4900,-2.7300,0.8050
3097704,sitting,1.0019,0.0120,0.0061,0.5250,-2.7300,0.8400
3097723,sitting,1.0014,0.0115,0.0071,0.5600,-2.7300,0.7700
3097742,sitting,1.0011,0.0120,0.0063,0.4900,-2.7300,0.7700
3097761,sitting,1.0019,0.0120,0.0073,0.5250,-2.6950,0.7700
3097781,sitting,1.0016,0.0110,0.0085,0.4900,-2.7300,0.8050
3097800,sitting,1.0021,0.0115,0.0078,0.4900,-2.7300,0.7700
3097819,sitting,1.0019,0.0129,0.0066,0.4900,-2.7300,0.8050
3097838,sitting,1.0014,0.0120,0.0063,0.5250,-2.7300,0.7700
3097858,sitting,1.0014,0.0129,0.0071,0.4900,-2.6950,0.8400
3097877,sitting,1.0014,0.0129,0.0068,0.4900,-2.7300,0.7700
3097896,sitting,1.0006,0.0120,0.0066,0.4900,-2.7300,0.8050
3097915,sitting,1.0016,0.0120,0.0068,0.4900,-2.7300,0.7700
3097934,sitting,1.0014,0.0129,0.0066,0.4900,-2.7300,0.8050
3097954,sitting,1.0016,0.0115,0.0068,0.5250,-2.7300,0.8050
3097973,sitting,1.0024,0.0120,0.0063,0.4900,-2.7300,0.8050
3097992,sitting,1.0024,0.0117,0.0066,0.4900,-2.7300,0.8400
3098011,sitting,1.0016,0.0129,0.0068,0.4900,-2.7300,0.8400
3098031,sitting,1.0014,0.0127,0.0071,0.4900,-2.7300,0.7700
3098050,sitting,1.0019,0.0122,0.0068,0.4900,-2.7300,0.8400
3098069,sitting,1.0011,0.0124,0.0066,0.4550,-2.6950,0.8400
3098088,sitting,1.0019,0.0117,0.0073,0.4900,-2.7300,0.8400
3098108,sitting,1.0009,0.0115,0.0076,0.4900,-2.7300,0.8400
3098127,sitting,1.0021,0.0120,0.0073,0.4900,-2.7300,0.7700
3098146,sitting,1.0021,0.0124,0.0073,0.5250,-2.7300,0.8050
3098165,sitting,1.0016,0.0117,0.0073,0.5600,-2.7300,0.8050
3098184,sitting,1.0014,0.0120,0.0068,0.4550,-2.7300,0.8050
3098204,sitting,1.0021,0.0124,0.0066,0.4900,-2.7300,0.8400
3098223,sitting,1.0019,0.0122,0.0071,0.4900,-2.7300,0.8050
3098242,sitting,1.0014,0.0115,0.0063,0.4900,-2.7300,0.7700
3098261,sitting,1.0019,0.0124,0.0063,0.4900,-2.7300,0.8050
3098281,sitting,1.0026,0.0117,0.0061,0.4900,-2.7300,0.7700
3098300,sitting,1.0019,0.0120,0.0063,0.4900,-2.7300,0.8400
3098319,sitting,1.0014,0.0115,0.0073,0.4900,-2.7300,0.8400
3098338,sitting,1.0024,0.0124,0.0066,0.4900,-2.7300,0.7700
3098358,sitting,1.0016,0.0117,0.0063,0.4900,-2.7300,0.8400
3098377,sitting,1.0026,0.0122,0.0071,0.4900,-2.7300,0.8050
3098396,sitting,1.0021,0.0117,0.0085,0.5250,-2.7300,0.8400
3098415,sitting,1.0021,0.0117,0.0088,0.5250,-2.7300,0.8400
3098434,sitting,1.0021,0.0115,0.0066,0.5250,-2.7300,0.7700
3098454,sitting,1.0011,0.0122,0.0081,0.4900,-2.7300,0.8400
3098473,sitting,1.0009,0.0110,0.0081,0.5250,-2.7300,0.7700
3098492,sitting,1.0016,0.0117,0.0078,0.5600,-2.7300,0.7700
3098511,sitting,1.0014,0.0112,0.0061,0.4900,-2.7300,0.7700
3098531,sitting,1.0016,0.0117,0.0061,0.4900,-2.7300,0.7700
3098550,sitting,1.0016,0.0115,0.0073,0.5250,-2.7300,0.8050
3098569,sitting,1.0021,0.0132,0.0056,0.4900,-2.7300,0.7700
3098588,sitting,1.0024,0.0122,0.0073,0.5600,-2.7300,0.8050
3098608,sitting,1.0028,0.0117,0.0066,0.4900,-2.7300,0.7700
3098627,sitting,1.0024,0.0115,0.0078,0.4900,-2.7300,0.7700
3098646,sitting,1.0021,0.0124,0.0076,0.4900,-2.7300,0.8050
3098665,sitting,1.0016,0.0120,0.0076,0.4900,-2.7650,0.8050
3098684,sitting,1.0021,0.0124,0.0063,0.4900,-2.7300,0.8050
3098704,sitting,1.0024,0.0124,0.0068,0.4900,-2.7300,0.8400
3098723,sitting,1.0014,0.0132,0.0076,0.4900,-2.7300,0.8050
3098742,sitting,1.0019,0.0122,0.0076,0.4900,-2.6950,0.8050
3098761,sitting,1.0011,0.0117,0.0066,0.4900,-2.7300,0.8050
3098781,sitting,1.0016,0.0124,0.0071,0.4900,-2.7300,0.7700
3098800,sitting,1.0026,0.0117,0.0056,0.4550,-2.7300,0.7700
3098819,sitting,1.0028,0.0129,0.0059,0.4900,-2.7300,0.7700
3098838,sitting,1.0016,0.0127,0.0073,0.4900,-2.7300,0.8400
3098858,sitting,1.0016,0.0117,0.0066,0.4900,-2.7300,0.8050
3098877,sitting,1.0019,0.0117,0.0066,0.4900,-2.7300,0.8400
3098896,sitting,1.0011,0.0120,0.0076,0.4550,-2.7300,0.8050
3098915,sitting,1.0016,0.0112,0.0068,0.4900,-2.7650,0.7700
3098934,sitting,1.0019,0.0115,0.0073,0.4550,-2.7650,0.8050
3098954,sitting,1.0014,0.0122,0.0066,0.4900,-2.6950,0.7700
3098973,sitting,1.0019,0.0117,0.0076,0.4200,-2.7300,0.8050
3098992,sitting,1.0011,0.0124,0.0071,0.4900,-2.7650,0.8400
3099011,sitting,1.0016,0.0137,0.0071,0.4550,-2.7300,0.8400
3099031,sitting,1.0011,0.0117,0.0054,0.4900,-2.7300,0.8050
3099050,sitting,1.0016,0.0117,0.0056,0.4900,-2.7300,0.8400
3099069,sitting,1.0016,0.0129,0.0068,0.4900,-2.7300,0.8400
3099088,sitting,1.0024,0.0122,0.0073,0.4900,-2.7300,0.8400
3099108,sitting,1.0021,0.0127,0.0071,0.4900,-2.7300,0.7700
3099127,sitting,1.0011,0.0117,0.0073,0.4900,-2.7300,0.7700
3099146,sitting,1.0011,0.0122,0.0071,0.4550,-2.7300,0.7700
3099165,sitting,1.0024,0.0117,0.0063,0.4900,-2.7300,0.8050
3099184,sitting,1.0019,0.0122,0.0063,0.4900,-2.7300,0.8050
3099204,sitting,1.0019,0.0115,0.0068,0.5250,-2.7300,0.7700
3099223,sitting,1.0014,0.0129,0.0071,0.5250,-2.7300,0.7700
3099242,sitting,1.0019,0.0120,0.0068,0.5250,-2.7300,0.7700
3099261,sitting,1.0021,0.0122,0.0073,0.4900,-2.7300,0.8050
3099281,sitting,1.0019,0.0117,0.0071,0.4900,-2.7300,0.8400
3099300,sitting,1.0011,0.0112,0.0071,0.4900,-2.6950,0.7700
3099319,sitting,1.0009,0.0115,0.0071,0.5250,-2.7300,0.8400
3099338,sitting,1.0019,0.0122,0.0073,0.4900,-2.6950,0.8050
3099358,sitting,1.0021,0.0115,0.0059,0.4900,-2.7300,0.8400
3099377,sitting,1.0019,0.0127,0.0059,0.4900,-2.6950,0.8400
3099396,sitting,1.0021,0.0115,0.0059,0.4900,-2.6950,0.8050
3099415,sitting,1.0011,0.0117,0.0073,0.4900,-2.7300,0.8400
3099434,sitting,1.0011,0.0115,0.0063,0.4900,-2.7300,0.8400
3099454,sitting,1.0021,0.0122,0.0061,0.4900,-2.6600,0.7700
3099473,sitting,1.0014,0.0115,0.0068,0.4550,-2.6950,0.7700
3099492,sitting,1.0014,0.0129,0.0073,0.4900,-2.7300,0.8050
3099511,sitting,1.0021,0.0124,0.0061,0.4900,-2.7300,0.7700
3099531,sitting,1.0019,0.0124,0.0071,0.4900,-2.6950,0.8050
3099550,sitting,1.0028,0.0127,0.0061,0.4900,-2.7300,0.8050
3099569,sitting,1.0019,0.0122,0.0066,0.4900,-2.7300,0.7700
3099588,sitting,1.0014,0.0117,0.0068,0.4900,-2.7300,0.8400
3099608,sitting,1.0014,0.0117,0.0068,0.4900,-2.7300,0.8050
3099627,sitting,1.0021,0.0120,0.0071,0.4900,-2.7300,0.8050
3099646,sitting,1.0033,0.0122,0.0068,0.4900,-2.7300,0.7700
3099665,sitting,1.0026,0.0122,0.0066,0.4900,-2.7300,0.8400
3099684,sitting,1.0006,0.0124,0.0078,0.5250,-2.7300,0.8400
3099704,sitting,1.0014,0.0117,0.0085,0.4900,-2.7650,0.8400
3099723,sitting,1.0021,0.0124,0.0056,0.4550,-2.7300,0.8050
3099742,sitting,1.0019,0.0115,0.0059,0.4550,-2.7300,0.8400
3099761,sitting,1.0009,0.0115,0.0073,0.4900,-2.7300,0.8050
3099781,sitting,1.0019,0.0124,0.0073,0.4900,-2.7300,0.8400
3099800,sitting,1.0014,0.0124,0.0066,0.5250,-2.7300,0.7700
3099819,sitting,1.0024,0.0117,0.0066,0.4900,-2.7300,0.8050
3099838,sitting,1.0014,0.0120,0.0063,0.4900,-2.7300,0.7700
3099858,sitting,1.0019,0.0117,0.0061,0.4900,-2.7300,0.8400
3099877,sitting,1.0021,0.0120,0.0066,0.4550,-2.7650,0.8050
3099896,sitting,1.0009,0.0122,0.0063,0.4900,-2.7300,0.8050
3099915,sitting,1.0016,0.0127,0.0059,0.4900,-2.7300,0.8400
3099934,sitting,1.0016,0.0120,0.0066,0.4900,-2.7300,0.8400
3099954,sitting,1.0021,0.0122,0.0068,0.4900,-2.7300,0.8050
3099973,sitting,1.0009,0.0124,0.0054,0.4900,-2.7300,0.8050
3099992,sitting,1.0011,0.0122,0.0059,0.4900,-2.7300,0.7700
3100011,sitting,1.0011,0.0115,0.0063,0.4900,-2.7300,0.8050
3100031,sitting,1.0004,0.0117,0.0076,0.4900,-2.7300,0.8400
3100050,sitting,1.0011,0.0117,0.0078,0.4550,-2.7300,0.8400
3100069,sitting,1.0016,0.0120,0.0081,0.4900,-2.6950,0.7700
3100088,sitting,1.0011,0.0120,0.0081,0.4900,-2.7300,0.8400
3100108,sitting,1.0014,0.0122,0.0071,0.5250,-2.7650,0.8400
3100127,sitting,1.0014,0.0122,0.0073,0.4900,-2.7300,0.8050
3100146,sitting,1.0026,0.0112,0.0073,0.4900,-2.7300,0.8050
3100165,sitting,1.0019,0.0127,0.0076,0.4900,-2.7300,0.7700
3100184,sitting,1.0019,0.0127,0.0071,0.4900,-2.6950,0.8050
3100204,sitting,1.0014,0.0127,0.0068,0.4550,-2.7650,0.7700
3100223,sitting,1.0021,0.0117,0.0073,0.5250,-2.6950,0.8050
3100242,sitting,1.0016,0.0132,0.0066,0.4900,-2.7300,0.7700
3100261,sitting,1.0019,0.0117,0.0066,0.4900,-2.7300,0.8050
3100281,sitting,1.0021,0.0120,0.0066,0.5600,-2.7300,0.8050
3100300,sitting,1.0021,0.0117,0.0071,0.4900,-2.6600,0.7700
3100319,sitting,1.0021,0.0117,0.0076,0.4900,-2.6950,0.8050
3100338,sitting,1.0014,0.0120,0.0073,0.5250,-2.7300,0.7700
3100358,sitting,1.0014,0.0115,0.0071,0.4900,-2.7300,0.8400
3100377,sitting,1.0019,0.0112,0.0068,0.4900,-2.7300,0.8400
3100396,sitting,1.0014,0.0117,0.0068,0.5250,-2.7300,0.7700
3100415,sitting,1.0021,0.0122,0.0066,0.4900,-2.7300,0.8400
3100434,sitting,1.0004,0.0120,0.0059,0.4900,-2.7300,0.8050
3100454,sitting,1.0019,0.0129,0.0076,0.4900,-2.7300,0.7700
3100473,sitting,1.0024,0.0117,0.0073,0.4900,-2.7300,0.7700
3100492,sitting,1.0019,0.0122,0.0066,0.4900,-2.7650,0.8050
3100511,sitting,1.0016,0.0122,0.0073,0.4900,-2.7300,0.8400
3100531,sitting,1.0011,0.0117,0.0068,0.4900,-2.7300,0.8400
3100550,sitting,1.0006,0.0117,0.0071,0.5250,-2.7300,0.7700
3100569,sitting,1.0006,0.0124,0.0068,0.5250,-2.7300,0.8400
3100588,sitting,1.0016,0.0120,0.0066,0.4900,-2.7300,0.8400
3100608,sitting,1.0014,0.0120,0.0071,0.4900,-2.7650,0.8050
3100627,sitting,1.0021,0.0120,0.0073,0.4900,-2.7300,0.8400
3100646,sitting,1.0024,0.0115,0.0071,0.4900,-2.7300,0.8400
3100665,sitting,1.0016,0.0115,0.0071,0.4900,-2.7300,0.8050
3100684,sitting,1.0019,0.0112,0.0066,0.4900,-2.7300,0.8400
3100704,sitting,1.0014,0.0117,0.0054,0.4900,-2.7300,0.8400
3100723,sitting,1.0021,0.0127,0.0076,0.4900,-2.7300,0.8400
3100742,sitting,1.0014,0.0120,0.0078,0.4900,-2.7300,0.8050
3100761,sitting,1.0014,0.0122,0.0061,0.4900,-2.7300,0.7700
3100781,sitting,1.0011,0.0120,0.0056,0.4550,-2.7300,0.8400
3100800,sitting,1.0014,0.0120,0.0071,0.4550,-2.7300,0.8050
3100819,sitting,1.0011,0.0115,0.0068,0.4900,-2.7300,0.8400
3100838,sitting,1.0014,0.0124,0.0078,0.4900,-2.7300,0.8050
3100858,sitting,1.0009,0.0112,0.0071,0.4900,-2.7650,0.8400
3100877,sitting,1.0014,0.0120,0.0061,0.4900,-2.7300,0.8050
3100896,sitting,1.0016,0.0129,0.0076,0.4900,-2.7300,0.8050
3100915,sitting,1.0014,0.0122,0.0078,0.4900,-2.7300,0.8400
3100934,sitting,1.0009,0.0122,0.0081,0.4900,-2.7300,0.8400
3100954,sitting,1.0021,0.0129,0.0071,0.4900,-2.7300,0.8050
3100973,sitting,1.0011,0.0132,0.0078,0.4900,-2.7300,0.8400
3100992,sitting,1.0021,0.0127,0.0073,0.5250,-2.7300,0.8050
3101011,sitting,1.0024,0.0122,0.0071,0.4900,-2.7300,0.8050
3101031,sitting,1.0014,0.0117,0.0073,0.4900,-2.7300,0.7700
3101050,sitting,1.0009,0.0124,0.0073,0.5250,-2.7300,0.8050
3101069,sitting,1.0009,0.0120,0.0059,0.5250,-2.7300,0.7700
3101088,sitting,1.0011,0.0122,0.0066,0.4900,-2.7300,0.8400
3101108,sitting,1.0024,0.0122,0.0068,0.4900,-2.7300,0.8400
3101127,sitting,1.0014,0.0122,0.0068,0.5250,-2.7300,0.8050
3101146,sitting,1.0024,0.0124,0.0068,0.4900,-2.7300,0.7700
3101165,sitting,1.0009,0.0124,0.0063,0.4900,-2.7300,0.7700
3101184,sitting,1.0014,0.0120,0.0071,0.4900,-2.7300,0.8050
3101204,sitting,1.0014,0.0120,0.0066,0.4900,-2.7300,0.7700
3101223,sitting,1.0014,0.0122,0.0071,0.4900,-2.7300,0.8050
3101242,sitting,1.0026,0.0117,0.0081,0.4900,-2.7300,0.7700
3101261,sitting,1.0019,0.0120,0.0066,0.4900,-2.7300,0.7700
3101281,sitting,1.0019,0.0122,0.0063,0.4900,-2.7300,0.8050
3101300,sitting,1.0026,0.0122,0.0073,0.4550,-2.7650,0.7700
3101319,sitting,1.0024,0.0122,0.0068,0.4900,-2.7300,0.7700
3101338,sitting,1.0016,0.0112,0.0076,0.4900,-2.7300,0.8050
3101358,sitting,1.0021,0.0120,0.0061,0.4900,-2.7300,0.8050
3101377,sitting,1.0028,0.0127,0.0059,0.4900,-2.7300,0.8050
3101396,sitting,1.0016,0.0124,0.0068,0.4900,-2.7300,0.8050
3101415,sitting,1.0014,0.0120,0.0068,0.4550,-2.7650,0.8400
3101434,sitting,1.0024,0.0120,0.0073,0.4900,-2.7300,0.7700
3101454,sitting,1.0021,0.0120,0.0061,0.4900,-2.7300,0.8400
3101473,sitting,1.0021,0.0120,0.0056,0.4900,-2.7300,0.7700
3101492,sitting,1.0024,0.0127,0.0083,0.4900,-2.7300,0.8400
3101511,sitting,1.0016,0.0122,0.0066,0.4550,-2.7300,0.8050
3101531,sitting,1.0006,0.0120,0.0073,0.4550,-2.7300,0.8400
3101550,sitting,1.0014,0.0124,0.0076,0.4550,-2.7300,0.8400
3101569,sitting,1.0009,0.0124,0.0063,0.4900,-2.7300,0.8400
3101588,sitting,1.0014,0.0122,0.0071,0.4550,-2.7300,0.8400
3101608,sitting,1.0011,0.0112,0.0061,0.4900,-2.7300,0.8050
3101627,sitting,1.0014,0.0120,0.0076,0.4900,-2.7300,0.8400
3101646,sitting,1.0016,0.0112,0.0063,0.4900,-2.7300,0.8050
3101665,sitting,1.0019,0.0122,0.0068,0.4550,-2.7300,0.8400
3101684,sitting,1.0011,0.0107,0.0061,0.4900,-2.7300,0.8400
3101704,sitting,1.0024,0.0122,0.0063,0.4900,-2.7300,0.8400
3101723,sitting,1.0016,0.0127,0.0068,0.4900,-2.7300,0.8400
3101742,sitting,1.0019,0.0117,0.0066,0.4900,-2.7300,0.8050
3101761,sitting,1.0021,0.0115,0.0076,0.4900,-2.7300,0.7700
3101781,sitting,1.0021,0.0117,0.0073,0.5250,-2.7300,0.8050
3101800,sitting,1.0019,0.0112,0.0068,0.5250,-2.7300,0.7700
3101819,sitting,1.0016,0.0112,0.0059,0.4900,-2.7300,0.8050
3101838,sitting,1.0014,0.0117,0.0063,0.4900,-2.7300,0.8400
3101858,sitting,1.0009,0.0117,0.0073,0.4900,-2.7300,0.7700
3101877,sitting,1.0021,0.0115,0.0063,0.4900,-2.7300,0.8050
3101896,sitting,1.0014,0.0122,0.0066,0.4900,-2.7300,0.7700
3101915,sitting,1.0014,0.0117,0.0068,0.5250,-2.7300,0.8050
3101934,sitting,1.0024,0.0132,0.0071,0.4900,-2.7650,0.7700
3101954,sitting,1.0014,0.0120,0.0066,0.4900,-2.7300,0.7700
3101973,sitting,1.0014,0.0112,0.0068,0.4900,-2.7300,0.8400
3101992,sitting,1.0021,0.0132,0.0061,0.4900,-2.7300,0.8050
3102011,sitting,1.0014,0.0110,0.0066,0.4900,-2.7300,0.8050
3102031,sitting,1.0016,0.0115,0.0068,0.5250,-2.7300,0.8050
3102050,sitting,1.0004,0.0124,0.0073,0.4900,-2.7300,0.7700
3102069,sitting,1.0019,0.0127,0.0063,0.5600,-2.7300,0.7700
3102088,sitting,1.0019,0.0120,0.0071,0.4900,-2.7300,0.7350
3102108,sitting,1.0006,0.0122,0.0066,0.4900,-2.7300,0.7700
3102127,sitting,1.0011,0.0124,0.0068,0.4900,-2.7300,0.8050
3102146,sitting,1.0006,0.0122,0.0068,0.4900,-2.7300,0.8050
3102165,sitting,1.0011,0.0117,0.0066,0.4900,-2.7300,0.8050
3102184,sitting,1.0014,0.0115,0.0066,0.4900,-2.7300,0.8050
3102204,sitting,1.0009,0.0117,0.0071,0.4900,-2.6950,0.7700
3102223,sitting,1.0014,0.0120,0.0076,0.4900,-2.7300,0.7350
3102242,sitting,1.0024,0.0122,0.0073,0.5250,-2.7300,0.8050
3102261,sitting,1.0019,0.0117,0.0076,0.4900,-2.7300,0.7700
3102281,sitting,1.0011,0.0105,0.0066,0.4900,-2.7650,0.8050
3102300,sitting,1.0016,0.0120,0.0073,0.4900,-2.7300,0.8400
3102319,sitting,1.0009,0.0115,0.0061,0.4900,-2.7650,0.7700
3102338,sitting,1.0006,0.0117,0.0068,0.4900,-2.7300,0.8050
3102358,sitting,1.0026,0.0120,0.0061,0.4900,-2.7300,0.8050
3102377,sitting,1.0028,0.0120,0.0083,0.4900,-2.7300,0.8050
3102396,sitting,1.0021,0.0122,0.0071,0.4900,-2.7650,0.8400
3102415,sitting,1.0024,0.0124,0.0063,0.4900,-2.7300,0.7700
3102434,sitting,1.0024,0.0115,0.0071,0.4900,-2.7300,0.8050
3102454,sitting,1.0016,0.0120,0.0068,0.4900,-2.7300,0.8400
3102473,sitting,1.0014,0.0122,0.0066,0.4900,-2.7300,0.8050
3102492,sitting,1.0006,0.0115,0.0066,0.4900,-2.7300,0.8050
3102511,sitting,1.0006,0.0115,0.0073,0.4900,-2.7300,0.8050
3102531,sitting,1.0019,0.0120,0.0068,0.4900,-2.7300,0.8400
3102550,sitting,1.0021,0.0120,0.0061,0.4550,-2.7300,0.8400
3102569,sitting,1.0011,0.0124,0.0076,0.4900,-2.6950,0.8050
3102588,sitting,1.0016,0.0112,0.0063,0.4200,-2.7300,0.8400
3102608,sitting,1.0016,0.0115,0.0076,0.4900,-2.7300,0.8050
3102627,sitting,1.0019,0.0127,0.0073,0.4900,-2.7300,0.8050
3102646,sitting,1.0021,0.0122,0.0068,0.4900,-2.7300,0.7700
3102665,sitting,1.0021,0.0122,0.0066,0.4900,-2.7300,0.8400
3102684,sitting,1.0016,0.0132,0.0068,0.4550,-2.7300,0.8400
3102704,sitting,1.0019,0.0115,0.0071,0.4900,-2.7300,0.8400
3102723,sitting,1.0014,0.0115,0.0076,0.4900,-2.7300,0.8400
3102742,sitting,1.0024,0.0117,0.0078,0.4900,-2.7650,0.7700
3102761,sitting,1.0006,0.0117,0.0068,0.5250,-2.7300,0.8050
3102781,sitting,1.0009,0.0115,0.0063,0.5250,-2.6950,0.8050
3102800,sitting,1.0024,0.0122,0.0068,0.4900,-2.7300,0.7700
3102819,sitting,1.0014,0.0117,0.0071,0.4900,-2.7300,0.8050
3102838,sitting,1.0024,0.0115,0.0071,0.5600,-2.7300,0.8050
3102858,sitting,1.0021,0.0122,0.0061,0.4900,-2.7300,0.8050
3102877,sitting,1.0004,0.0127,0.0054,0.4900,-2.7300,0.7700
3102896,sitting,1.0014,0.0117,0.0066,0.4900,-2.7300,0.8400
3102915,sitting,1.0014,0.0120,0.0066,0.4900,-2.7300,0.8400
3102934,sitting,1.0019,0.0117,0.0076,0.4900,-2.7300,0.7700
3102954,sitting,1.0024,0.0132,0.0059,0.4900,-2.7300,0.8050
3102973,sitting,1.0016,0.0117,0.0076,0.4900,-2.7300,0.7350
3102992,sitting,1.0019,0.0110,0.0078,0.5250,-2.7300,0.7700
3103011,sitting,1.0016,0.0120,0.0068,0.4900,-2.7300,0.7700
3103031,sitting,1.0019,0.0120,0.0071,0.4900,-2.7650,0.7700
3103050,sitting,1.0011,0.0115,0.0068,0.4550,-2.7300,0.8050
3103069,sitting,1.0009,0.0115,0.0081,0.4900,-2.7300,0.8050
3103088,sitting,1.0011,0.0120,0.0083,0.4900,-2.7300,0.8050
3103108,sitting,1.0021,0.0122,0.0073,0.4900,-2.7300,0.7700
3103127,sitting,1.0026,0.0120,0.0068,0.5250,-2.7650,0.7700
3103146,sitting,1.0019,0.0122,0.0073,0.4900,-2.7300,0.8400
3103165,sitting,1.0019,0.0124,0.0063,0.4900,-2.7300,0.8050
3103184,sitting,1.0019,0.0127,0.0085,0.4900,-2.7300,0.8050
3103204,sitting,1.0019,0.0117,0.0073,0.4900,-2.7300,0.8050
3103223,sitting,1.0024,0.0115,0.0078,0.4900,-2.7300,0.7700
3103242,sitting,1.0011,0.0117,0.0066,0.4900,-2.7650,0.8400
3103261,sitting,1.0014,0.0117,0.0063,0.4900,-2.7650,0.7700
3103281,sitting,1.0006,0.0110,0.0076,0.5250,-2.7300,0.7700
3103300,sitting,1.0009,0.0115,0.0078,0.4900,-2.7300,0.8050
3103319,sitting,1.0009,0.0115,0.0059,0.4200,-2.7300,0.8400
3103338,sitting,1.0016,0.0124,0.0068,0.4900,-2.7300,0.7700
3103358,sitting,1.0016,0.0110,0.0063,0.4900,-2.7300,0.8400
3103377,sitting,1.0014,0.0112,0.0066,0.4900,-2.7300,0.8050
3103396,sitting,1.0014,0.0124,0.0078,0.4900,-2.7300,0.7700
3103415,sitting,1.0024,0.0120,0.0076,0.4900,-2.7300,0.8400
3103434,sitting,1.0014,0.0122,0.0068,0.4900,-2.7650,0.8400
3103454,sitting,1.0019,0.0115,0.0059,0.4900,-2.7300,0.8400
3103473,sitting,1.0016,0.0127,0.0076,0.4900,-2.6950,0.8400
3103492,sitting,1.0006,0.0122,0.0073,0.4900,-2.7300,0.8400
3103511,sitting,1.0019,0.0117,0.0085,0.4550,-2.7300,0.8400
3103531,sitting,1.0026,0.0124,0.0068,0.4900,-2.7300,0.8400
3103550,sitting,1.0021,0.0117,0.0073,0.4900,-2.7300,0.8050
3103569,sitting,1.0019,0.0117,0.0071,0.4900,-2.7300,0.8400
3103588,sitting,1.0021,0.0117,0.0054,0.5250,-2.7300,0.8050
3103608,sitting,1.0019,0.0117,0.0071,0.4900,-2.7300,0.8050
3103627,sitting,1.0019,0.0120,0.0066,0.4900,-2.7300,0.7700
3103646,sitting,1.0014,0.0117,0.0073,0.4900,-2.7300,0.8400
3103665,sitting,1.0014,0.0117,0.0076,0.5250,-2.7300,0.8400
3103684,sitting,1.0006,0.0120,0.0066,0.4900,-2.7300,0.8400
3103704,sitting,1.0011,0.0122,0.0066,0.5250,-2.7300,0.8400
3103723,sitting,1.0016,0.0117,0.0071,0.4900,-2.7300,0.8050
3103742,sitting,1.0019,0.0120,0.0066,0.5250,-2.7300,0.8400
3103761,sitting,1.0014,0.0122,0.0066,0.4900,-2.7300,0.8400
3103781,sitting,1.0009,0.0127,0.0066,0.4900,-2.7300,0.8050
3103800,sitting,1.0009,0.0129,0.0059,0.4900,-2.7300,0.7700
3103819,sitting,1.0014,0.0124,0.0066,0.4900,-2.7300,0.8050
3103838,sitting,1.0026,0.0127,0.0063,0.4900,-2.7300,0.7700
3103858,sitting,1.0011,0.0120,0.0076,0.4900,-2.7300,0.8400
3103877,sitting,1.0016,0.0110,0.0071,0.4900,-2.7300,0.7700
3103896,sitting,1.0019,0.0110,0.0071,0.4900,-2.7300,0.7700
3103915,sitting,1.0011,0.0117,0.0066,0.4900,-2.7300,0.8050
3103934,sitting,1.0024,0.0115,0.0066,0.4900,-2.7300,0.7700
3103954,sitting,1.0014,0.0129,0.0071,0.4900,-2.7300,0.8050
3103973,sitting,1.0014,0.0117,0.0066,0.4900,-2.7300,0.7700
3103992,sitting,1.0026,0.0117,0.0066,0.4900,-2.7300,0.8400
3104011,sitting,1.0026,0.0117,0.0061,0.4900,-2.7300,0.7700
3104031,sitting,1.0021,0.0124,0.0066,0.4900,-2.7300,0.7700
3104050,sitting,1.0009,0.0122,0.0071,0.4900,-2.7300,0.7700
3104069,sitting,1.0019,0.0117,0.0063,0.4900,-2.7300,0.8050
3104088,sitting,1.0026,0.0120,0.0066,0.5250,-2.7300,0.8400
3104108,sitting,1.0014,0.0110,0.0066,0.4900,-2.7300,0.8050
3104127,sitting,1.0021,0.0127,0.0073,0.4900,-2.7650,0.8050
3104146,sitting,1.0016,0.0120,0.0073,0.4900,-2.7300,0.8050
3104165,sitting,1.0014,0.0115,0.0076,0.4550,-2.7300,0.7700
3104184,sitting,1.0006,0.0117,0.0071,0.4900,-2.6950,0.8050
3104204,sitting,1.0014,0.0129,0.0068,0.4550,-2.7300,0.8050
3104223,sitting,1.0016,0.0122,0.0073,0.4900,-2.7300,0.8050
3104242,sitting,1.0011,0.0115,0.0066,0.4900,-2.6950,0.8400
3104261,sitting,1.0016,0.0115,0.0063,0.4900,-2.6950,0.8400
3104281,sitting,1.0014,0.0115,0.0076,0.4900,-2.7300,0.8400
3104300,sitting,1.0014,0.0117,0.0066,0.4550,-2.7300,0.7700
3104319,sitting,1.0019,0.0115,0.0071,0.4900,-2.7300,0.8050
3104338,sitting,1.0014,0.0115,0.0081,0.4900,-2.7300,0.8050
3104358,sitting,1.0011,0.0117,0.0076,0.4900,-2.7300,0.8050
3104377,sitting,1.0021,0.0122,0.0073,0.4900,-2.7300,0.8400
3104396,sitting,1.0009,0.0115,0.0066,0.4900,-2.7300,0.8400
3104415,sitting,1.0016,0.0127,0.0071,0.4900,-2.7300,0.8400
3104434,sitting,1.0024,0.0124,0.0073,0.4900,-2.7300,0.8400
3104454,sitting,1.0009,0.0122,0.0073,0.4900,-2.7300,0.8400
3104473,sitting,1.0026,0.0120,0.0076,0.5250,-2.7300,0.8050
3104492,sitting,1.0021,0.0120,0.0059,0.4900,-2.7300,0.8050
3104511,sitting,1.0021,0.0124,0.0076,0.4550,-2.7300,0.8400
3104531,sitting,1.0016,0.0129,0.0073,0.5250,-2.7300,0.8050
3104550,sitting,1.0011,0.0115,0.0066,0.5250,-2.7300,0.8050
3104569,sitting,1.0009,0.0117,0.0076,0.4900,-2.7300,0.8400
3104588,sitting,1.0016,0.0115,0.0081,0.4900,-2.7300,0.8050
3104608,sitting,1.0021,0.0122,0.0073,0.4900,-2.7300,0.8050
3104627,sitting,1.0016,0.0122,0.0076,0.5250,-2.7300,0.7700
3104646,sitting,1.0019,0.0112,0.0083,0.4900,-2.7300,0.8050
3104665,sitting,1.0009,0.0112,0.0081,0.4900,-2.7300,0.7700
3104684,sitting,1.0004,0.0112,0.0066,0.5250,-2.7300,0.8050
3104704,sitting,1.0006,0.0117,0.0066,0.4900,-2.7300,0.8050
3104723,sitting,1.0006,0.0112,0.0076,0.4900,-2.7300,0.8400
3104742,sitting,1.0019,0.0115,0.0059,0.4900,-2.7300,0.8050
3104761,sitting,1.0014,0.0122,0.0061,0.4900,-2.7300,0.8400
3104781,sitting,1.0019,0.0115,0.0071,0.4900,-2.7300,0.7700
3104800,sitting,1.0016,0.0122,0.0063,0.4900,-2.7650,0.7700
3104819,sitting,1.0014,0.0115,0.0061,0.4900,-2.7300,0.7700
3104838,sitting,1.0011,0.0127,0.0066,0.4900,-2.6950,0.8400
3104858,sitting,1.0009,0.0124,0.0078,0.4900,-2.7300,0.8050
3104877,sitting,1.0024,0.0117,0.0073,0.4900,-2.7300,0.8050
3104896,sitting,1.0019,0.0124,0.0061,0.4900,-2.7300,0.7700
3104915,sitting,1.0016,0.0127,0.0056,0.4900,-2.7300,0.8050
3104934,sitting,1.0014,0.0120,0.0068,0.4900,-2.7300,0.8400
3104954,sitting,1.0019,0.0122,0.0066,0.5250,-2.7300,0.8400
3104973,sitting,1.0016,0.0115,0.0076,0.4900,-2.7300,0.8400
3104992,sitting,1.0019,0.0112,0.0068,0.4550,-2.7300,0.8050
3105011,sitting,1.0006,0.0110,0.0066,0.4550,-2.7300,0.7700
3105031,sitting,1.0014,0.0112,0.0061,0.4900,-2.7650,0.8400
3105050,sitting,1.0024,0.0124,0.0063,0.4900,-2.7300,0.8050
3105069,sitting,1.0024,0.0137,0.0066,0.4900,-2.7300,0.8400
3105088,sitting,1.0019,0.0112,0.0073,0.4550,-2.7300,0.8050
3105108,sitting,1.0016,0.0120,0.0068,0.4900,-2.7650,0.8400
3105127,sitting,1.0016,0.0122,0.0066,0.4900,-2.7300,0.8050
3105146,sitting,1.0021,0.0110,0.0078,0.4900,-2.7300,0.8050
3105165,sitting,1.0026,0.0112,0.0071,0.4550,-2.7300,0.8400
3105184,sitting,1.0019,0.0120,0.0061,0.4900,-2.7300,0.7700
3105204,sitting,1.0016,0.0127,0.0063,0.5250,-2.7300,0.8400
3105223,sitting,1.0019,0.0115,0.0066,0.4900,-2.7300,0.8050
3105242,sitting,1.0028,0.0124,0.0068,0.4900,-2.7300,0.8400
3105261,sitting,1.0016,0.0129,0.0078,0.4900,-2.7300,0.8400
3105281,sitting,1.0028,0.0129,0.0066,0.4550,-2.7300,0.8050
3105300,sitting,1.0011,0.0122,0.0063,0.4900,-2.7300,0.8400
3105319,sitting,1.0014,0.0120,0.0076,0.4900,-2.7650,0.8400
3105338,sitting,1.0021,0.0127,0.0068,0.4900,-2.7300,0.8050
3105358,sitting,1.0031,0.0115,0.0073,0.4900,-2.7300,0.8400
3105377,sitting,1.0028,0.0120,0.0071,0.4900,-2.6950,0.8050
3105396,sitting,1.0021,0.0129,0.0066,0.4900,-2.7300,0.8050
3105415,sitting,1.0009,0.0122,0.0063,0.4900,-2.7300,0.7700
3105434,sitting,1.0011,0.0117,0.0071,0.4900,-2.7300,0.8050
3105454,sitting,1.0014,0.0127,0.0063,0.5250,-2.7300,0.8400
3105473,sitting,1.0014,0.0129,0.0078,0.4900,-2.7300,0.7700
3105492,sitting,1.0016,0.0134,0.0068,0.4900,-2.7300,0.8400
3105511,sitting,1.0016,0.0127,0.0071,0.4900,-2.7300,0.8400
3105531,sitting,1.0014,0.0115,0.0078,0.4900,-2.7300,0.8400
3105550,sitting,1.0026,0.0122,0.0073,0.4900,-2.7650,0.7700
3105569,sitting,1.0011,0.0112,0.0078,0.4900,-2.7300,0.7700
3105588,sitting,1.0011,0.0122,0.0066,0.4900,-2.7300,0.7700
3105608,sitting,1.0021,0.0102,0.0063,0.4900,-2.7300,0.8050
3105627,sitting,1.0011,0.0117,0.0068,0.4900,-2.6950,0.7700
3105646,sitting,1.0024,0.0120,0.0066,0.4900,-2.6950,0.7700
3105665,sitting,1.0011,0.0122,0.0068,0.4550,-2.7300,0.7700
3105684,sitting,1.0006,0.0120,0.0071,0.4900,-2.7300,0.7700
3105704,sitting,1.0016,0.0124,0.0066,0.4900,-2.7300,0.7700
3105723,sitting,1.0011,0.0115,0.0073,0.4900,-2.7300,0.7700
3105742,sitting,1.0026,0.0122,0.0059,0.4900,-2.7300,0.7700
3105761,sitting,1.0019,0.0124,0.0071,0.5250,-2.7300,0.8050
3105781,sitting,1.0011,0.0124,0.0063,0.4900,-2.7300,0.7700
3105800,sitting,1.0019,0.0122,0.0066,0.4900,-2.7300,0.8050
3105819,sitting,1.0016,0.0127,0.0071,0.4900,-2.7300,0.8050
3105838,sitting,1.0021,0.0124,0.0078,0.4550,-2.7300,0.8400
3105858,sitting,1.0016,0.0122,0.0068,0.4900,-2.7300,0.8400
3105877,sitting,1.0021,0.0124,0.0066,0.4900,-2.7300,0.8050
3105896,sitting,1.0024,0.0120,0.0068,0.4900,-2.7300,0.8400
3105915,sitting,1.0011,0.0124,0.0073,0.4900,-2.7300,0.8400
3105934,sitting,1.0014,0.0122,0.0068,0.4900,-2.7300,0.8050
3105954,sitting,1.0014,0.0120,0.0078,0.4550,-2.7300,0.8400
3105973,sitting,1.0014,0.0115,0.0073,0.4550,-2.7300,0.7700
3105992,sitting,1.0019,0.0120,0.0071,0.4900,-2.7300,0.8400
3106011,sitting,1.0024,0.0122,0.0071,0.4900,-2.6950,0.8050
3106031,sitting,1.0016,0.0120,0.0073,0.4900,-2.6950,0.8400
3106050,sitting,1.0016,0.0129,0.0059,0.4900,-2.7300,0.8050
3106069,sitting,1.0016,0.0124,0.0068,0.4900,-2.6950,0.8050
3106088,sitting,1.0016,0.0124,0.0071,0.4900,-2.7300,0.8050
3106108,sitting,1.0019,0.0112,0.0063,0.4900,-2.7300,0.8050
3106127,sitting,1.0004,0.0122,0.0068,0.4900,-2.7300,0.8050
3106146,sitting,1.0021,0.0115,0.0073,0.4550,-2.6950,0.8050
3106165,sitting,1.0011,0.0122,0.0073,0.4900,-2.7300,0.8050
3106184,sitting,1.0011,0.0127,0.0068,0.4900,-2.7300,0.8400
3106204,sitting,1.0014,0.0120,0.0071,0.4900,-2.7300,0.8050
3106223,sitting,1.0021,0.0117,0.0083,0.5600,-2.7300,0.8050
3106242,sitting,1.0011,0.0120,0.0076,0.4900,-2.7300,0.7700
3106261,sitting,1.0021,0.0120,0.0063,0.4900,-2.7300,0.8400
3106281,sitting,1.0014,0.0124,0.0076,0.4900,-2.7300,0.8400
3106300,sitting,1.0021,0.0115,0.0068,0.4900,-2.7300,0.8050
3106319,sitting,1.0011,0.0115,0.0071,0.5250,-2.7300,0.7700
3106338,sitting,1.0024,0.0117,0.0083,0.4900,-2.7300,0.8050
3106358,sitting,1.0014,0.0107,0.0078,0.4900,-2.7300,0.8050
3106377,sitting,1.0011,0.0115,0.0081,0.5600,-2.7300,0.8050
3106396,sitting,1.0009,0.0124,0.0078,0.4900,-2.6950,0.7700
3106415,sitting,1.0019,0.0112,0.0076,0.5250,-2.7300,0.8050
3106434,sitting,1.0026,0.0105,0.0083,0.4900,-2.7300,0.8400
3106454,sitting,1.0009,0.0112,0.0073,0.4900,-2.7300,0.8050
3106473,sitting,1.0014,0.0117,0.0071,0.4900,-2.7300,0.8050
3106492,sitting,1.0021,0.0120,0.0081,0.4900,-2.7300,0.7700
3106511,sitting,1.0021,0.0120,0.0066,0.4900,-2.7300,0.7700
3106531,sitting,1.0016,0.0117,0.0068,0.5250,-2.7300,0.7700
3106550,sitting,1.0011,0.0117,0.0068,0.4900,-2.7300,0.8050
3106569,sitting,1.0019,0.0127,0.0061,0.4900,-2.7300,0.7700
3106588,sitting,1.0014,0.0115,0.0066,0.4900,-2.7300,0.8050
3106608,sitting,1.0019,0.0115,0.0068,0.4900,-2.7300,0.7700
3106627,sitting,1.0016,0.0110,0.0073,0.4900,-2.7300,0.8050
3106646,sitting,1.0019,0.0124,0.0083,0.4900,-2.7300,0.7700
3106665,sitting,1.0019,0.0132,0.0068,0.4900,-2.7650,0.8400
3106684,sitting,1.0014,0.0122,0.0066,0.4900,-2.7300,0.7700
3106704,sitting,1.0021,0.0120,0.0068,0.4900,-2.7300,0.8400
3106723,sitting,1.0016,0.0127,0.0068,0.4900,-2.7300,0.8050
3106742,sitting,1.0016,0.0115,0.0078,0.4900,-2.7300,0.8400
3106761,sitting,1.0019,0.0117,0.0078,0.4900,-2.7300,0.8050
3106781,sitting,1.0019,0.0120,0.0073,0.4900,-2.7300,0.8050
3106800,sitting,1.0019,0.0115,0.0068,0.4200,-2.7650,0.7700
3106819,sitting,1.0014,0.0115,0.0063,0.5250,-2.7300,0.7700
3106838,sitting,1.0021,0.0124,0.0063,0.4200,-2.7300,0.8050
3106858,sitting,1.0014,0.0120,0.0071,0.4900,-2.7300,0.8050
3106877,sitting,1.0021,0.0124,0.0063,0.4550,-2.7300,0.8050
3106896,sitting,1.0016,0.0117,0.0068,0.4200,-2.7650,0.8050
3106915,sitting,1.0016,0.0120,0.0068,0.4900,-2.7300,0.8400
3106934,sitting,1.0009,0.0122,0.0063,0.4900,-2.7300,0.8400
3106954,sitting,1.0019,0.0117,0.0068,0.4900,-2.7300,0.8400
3106973,sitting,1.0016,0.0115,0.0078,0.4900,-2.7300,0.7700
3106992,sitting,1.0014,0.0124,0.0071,0.4900,-2.7300,0.8050
3107011,sitting,1.0002,0.0120,0.0073,0.4550,-2.7300,0.8050
3107031,sitting,1.0009,0.0110,0.0068,0.4900,-2.7300,0.7700
3107050,sitting,1.0014,0.0117,0.0063,0.4900,-2.7300,0.8400
3107069,sitting,1.0011,0.0124,0.0063,0.4900,-2.7300,0.8050
3107088,sitting,1.0009,0.0124,0.0059,0.4900,-2.6950,0.8050
3107108,sitting,1.0021,0.0122,0.0063,0.4900,-2.6950,0.8050
3107127,sitting,1.0014,0.0120,0.0066,0.4900,-2.7300,0.7700
3107146,sitting,1.0014,0.0115,0.0081,0.4900,-2.7300,0.8400
3107165,sitting,1.0014,0.0117,0.0068,0.4900,-2.7300,0.8400
3107184,sitting,1.0016,0.0115,0.0061,0.4900,-2.7300,0.8050
3107204,sitting,1.0016,0.0120,0.0078,0.4900,-2.7300,0.8050
3107223,sitting,1.0026,0.0120,0.0068,0.4900,-2.7300,0.8400
3107242,sitting,1.0021,0.0122,0.0066,0.4900,-2.6600,0.8050
3107261,sitting,1.0016,0.0120,0.0068,0.4900,-2.6600,0.7700
3107281,sitting,1.0024,0.0127,0.0061,0.4900,-2.6950,0.7700
3107300,sitting,1.0019,0.0117,0.0063,0.5250,-2.6950,0.7700
3107319,sitting,1.0014,0.0110,0.0066,0.4900,-2.7300,0.8400
3107338,sitting,1.0014,0.0124,0.0071,0.4900,-2.6950,0.7700
3107358,sitting,1.0024,0.0122,0.0071,0.4900,-2.7300,0.7700
3107377,sitting,1.0011,0.0122,0.0066,0.4900,-2.7300,0.7700
3107396,sitting,1.0016,0.0124,0.0071,0.5250,-2.6950,0.7700
3107415,sitting,1.0019,0.0124,0.0063,0.4900,-2.7300,0.7700
3107434,sitting,1.0014,0.0115,0.0066,0.5250,-2.7300,0.8400
3107454,sitting,1.0021,0.0115,0.0068,0.4900,-2.7300,0.8400
3107473,sitting,1.0021,0.0117,0.0068,0.4900,-2.7300,0.8400
3107492,sitting,1.0024,0.0120,0.0063,0.4900,-2.7300,0.8050
3107511,sitting,1.0019,0.0127,0.0073,0.4550,-2.7300,0.7700
3107531,sitting,1.0016,0.0120,0.0073,0.4900,-2.7300,0.7700
3107550,sitting,1.0016,0.0129,0.0076,0.4900,-2.7300,0.7700
3107569,sitting,1.0021,0.0124,0.0068,0.5250,-2.7300,0.8400
3107588,sitting,1.0011,0.0105,0.0066,0.4900,-2.6950,0.7700
3107608,sitting,1.0009,0.0117,0.0066,0.4550,-2.7300,0.8050
3107627,sitting,1.0014,0.0115,0.0073,0.4900,-2.7650,0.8050
3107646,sitting,1.0016,0.0124,0.0076,0.4550,-2.7650,0.8050
3107665,sitting,1.0016,0.0120,0.0071,0.4900,-2.7300,0.7700
3107684,sitting,1.0016,0.0127,0.0071,0.4900,-2.7300,0.8050
3107704,sitting,1.0019,0.0124,0.0066,0.4900,-2.6950,0.7700
3107723,sitting,1.0014,0.0115,0.0066,0.4900,-2.7300,0.8400
3107742,sitting,1.0009,0.0127,0.0073,0.4900,-2.7300,0.8050
3107761,sitting,1.0019,0.0120,0.0071,0.4900,-2.7300,0.8050
3107781,sitting,1.0014,0.0122,0.0066,0.4900,-2.7300,0.8400
3107800,sitting,1.0016,0.0127,0.0056,0.4550,-2.7300,0.8050
3107819,sitting,1.0021,0.0117,0.0063,0.4550,-2.7300,0.7700
3107838,sitting,1.0014,0.0129,0.0066,0.4550,-2.6950,0.8050
3107858,sitting,1.0009,0.0112,0.0078,0.4550,-2.7300,0.7700
3107877,sitting,1.0016,0.0120,0.0078,0.4550,-2.7650,0.8400
3107896,sitting,1.0016,0.0122,0.0076,0.4900,-2.7300,0.8050
3107915,sitting,1.0014,0.0120,0.0063,0.4900,-2.7300,0.7700
3107934,sitting,1.0016,0.0115,0.0068,0.4900,-2.7300,0.8400
3107954,sitting,1.0014,0.0134,0.0073,0.4900,-2.7300,0.8050
3107973,sitting,1.0011,0.0117,0.0068,0.5250,-2.7300,0.8050
3107992,sitting,1.0019,0.0127,0.0066,0.4900,-2.7300,0.8400
3108011,sitting,1.0019,0.0127,0.0066,0.4900,-2.7300,0.7700
3108031,sitting,1.0016,0.0117,0.0073,0.4900,-2.7300,0.7700
3108050,sitting,1.0014,0.0124,0.0076,0.5250,-2.7300,0.8400
3108069,sitting,1.0031,0.0127,0.0076,0.4900,-2.7300,0.8050
3108088,sitting,1.0019,0.0124,0.0073,0.4900,-2.7300,0.7700
3108108,sitting,1.0021,0.0127,0.0071,0.4900,-2.7300,0.7700
3108127,sitting,1.0024,0.0120,0.0073,0.4900,-2.7300,0.7700
3108146,sitting,1.0019,0.0110,0.0073,0.4900,-2.7300,0.7700
3108165,sitting,1.0014,0.0122,0.0068,0.5250,-2.7300,0.7700
3108184,sitting,1.0014,0.0122,0.0071,0.5250,-2.7300,0.7700
3108204,sitting,1.0016,0.0127,0.0051,0.5250,-2.6950,0.7700
3108223,sitting,1.0011,0.0120,0.0068,0.4900,-2.7300,0.7700
3108242,sitting,1.0024,0.0115,0.0073,0.4900,-2.7300,0.8050
3108261,sitting,1.0024,0.0117,0.0078,0.5250,-2.7300,0.8050
3108281,sitting,1.0019,0.0124,0.0076,0.4550,-2.7300,0.8050
3108300,sitting,1.0019,0.0117,0.0076,0.4900,-2.7300,0.8050
3108319,sitting,1.0014,0.0115,0.0066,0.4900,-2.7300,0.7700
3108338,sitting,1.0016,0.0115,0.0068,0.4900,-2.7300,0.7700
3108358,sitting,1.0014,0.0122,0.0068,0.4900,-2.7300,0.7700
3108377,sitting,1.0002,0.0115,0.0078,0.4900,-2.7300,0.8050
3108396,sitting,1.0021,0.0117,0.0068,0.4900,-2.7300,0.8400
3108415,sitting,1.0006,0.0122,0.0066,0.4900,-2.7300,0.8050
3108434,sitting,1.0014,0.0124,0.0071,0.4900,-2.7300,0.8050
3108454,sitting,1.0016,0.0122,0.0073,0.4900,-2.7300,0.7700
3108473,sitting,1.0024,0.0117,0.0076,0.4900,-2.7300,0.7700
3108492,sitting,1.0016,0.0117,0.0068,0.4550,-2.7300,0.8050
3108511,sitting,1.0016,0.0120,0.0056,0.4900,-2.7300,0.8400
3108531,sitting,1.0014,0.0110,0.0071,0.4900,-2.7300,0.7700
3108550,sitting,1.0021,0.0124,0.0068,0.4900,-2.7300,0.7700
3108569,sitting,1.0021,0.0129,0.0061,0.4900,-2.6950,0.8400
3108588,sitting,1.0011,0.0124,0.0068,0.4550,-2.7300,0.8400
3108608,sitting,1.0006,0.0124,0.0071,0.4900,-2.7300,0.8400
3108627,sitting,1.0014,0.0105,0.0066,0.4900,-2.7300,0.8050
3108646,sitting,1.0016,0.0117,0.0068,0.4900,-2.7300,0.8400
3108665,sitting,1.0016,0.0120,0.0076,0.4900,-2.7300,0.7700
3108684,sitting,1.0031,0.0117,0.0078,0.4550,-2.7300,0.8400
3108704,sitting,1.0021,0.0120,0.0071,0.4900,-2.6950,0.8050
3108723,sitting,1.0016,0.0115,0.0071,0.4900,-2.6950,0.8400
3108742,sitting,1.0014,0.0127,0.0078,0.4200,-2.7300,0.8400
3108761,sitting,1.0014,0.0115,0.0068,0.4900,-2.6950,0.8400
3108781,sitting,1.0024,0.0115,0.0066,0.5250,-2.7300,0.8050
3108800,sitting,1.0019,0.0117,0.0071,0.4550,-2.7300,0.8050
3108819,sitting,1.0019,0.0122,0.0066,0.4900,-2.7300,0.8050
3108838,sitting,1.0016,0.0117,0.0066,0.4900,-2.7300,0.8050
3108858,sitting,1.0014,0.0120,0.0081,0.4900,-2.7300,0.7700
3108877,sitting,1.0016,0.0117,0.0076,0.4900,-2.7300,0.7700
3108896,sitting,1.0014,0.0112,0.0085,0.4900,-2.7300,0.7700
3108915,sitting,1.0009,0.0117,0.0066,0.4900,-2.7300,0.8400
3108934,sitting,1.0011,0.0117,0.0061,0.4900,-2.7300,0.7700
3108954,sitting,1.0021,0.0120,0.0073,0.5250,-2.7300,0.7700
3108973,sitting,1.0024,0.0127,0.0068,0.5250,-2.7300,0.7700
3108992,sitting,1.0021,0.0122,0.0073,0.4900,-2.7300,0.7700
3109011,sitting,1.0011,0.0120,0.0073,0.4900,-2.7300,0.8050
3109031,sitting,1.0016,0.0120,0.0068,0.4900,-2.7300,0.8400
3109050,sitting,1.0016,0.0127,0.0078,0.4900,-2.6950,0.8050
3109069,sitting,1.0011,0.0117,0.0076,0.4900,-2.7300,0.7700
3109088,sitting,1.0019,0.0127,0.0063,0.4900,-2.7300,0.8050
3109108,sitting,1.0021,0.0112,0.0068,0.4900,-2.7300,0.8400
3109127,sitting,1.0009,0.0112,0.0073,0.4900,-2.7300,0.7700
3109146,sitting,1.0009,0.0120,0.0078,0.4900,-2.7300,0.8400
3109165,sitting,1.0016,0.0112,0.0066,0.4900,-2.7300,0.8050
3109184,sitting,1.0019,0.0129,0.0066,0.5250,-2.7300,0.7700
3109204,sitting,1.0014,0.0124,0.0073,0.4900,-2.7300,0.8050
3109223,sitting,1.0019,0.0124,0.0083,0.4900,-2.7300,0.8050
3109242,sitting,1.0009,0.0127,0.0076,0.4900,-2.7300,0.7700
3109261,sitting,0.9999,0.0129,0.0071,0.4900,-2.7300,0.8050
3109281,sitting,1.0011,0.0120,0.0059,0.4900,-2.7300,0.7700
3109300,sitting,1.0021,0.0115,0.0063,0.4900,-2.7300,0.7700
3109319,sitting,1.0019,0.0117,0.0068,0.4900,-2.7300,0.8400
3109338,sitting,1.0024,0.0127,0.0068,0.4900,-2.7300,0.8050
3109358,sitting,1.0009,0.0117,0.0068,0.4900,-2.6950,0.7700
3109377,sitting,1.0014,0.0117,0.0068,0.4900,-2.7650,0.8050
3109396,sitting,1.0021,0.0115,0.0071,0.4900,-2.7650,0.8050
3109415,sitting,1.0019,0.0124,0.0071,0.4900,-2.7300,0.8050
3109434,sitting,1.0021,0.0124,0.0068,0.4900,-2.7300,0.8050
3109454,sitting,1.0019,0.0124,0.0068,0.4550,-2.6950,0.8050
3109473,sitting,1.0016,0.0112,0.0076,0.4900,-2.7300,0.7700
3109492,sitting,1.0021,0.0120,0.0071,0.4550,-2.7300,0.7700
3109511,sitting,1.0009,0.0117,0.0073,0.4900,-2.7650,0.8050
3109531,sitting,1.0014,0.0124,0.0073,0.4900,-2.7300,0.7700
3109550,sitting,1.0014,0.0112,0.0073,0.5600,-2.7300,0.7700
3109569,sitting,1.0011,0.0117,0.0068,0.4900,-2.7300,0.7700
3109588,sitting,1.0021,0.0127,0.0076,0.4900,-2.6950,0.8050
3109608,sitting,1.0024,0.0112,0.0078,0.4900,-2.7300,0.7700
3109627,sitting,1.0009,0.0124,0.0078,0.4550,-2.7300,0.8050
3109646,sitting,1.0014,0.0124,0.0071,0.4900,-2.7300,0.8400
3109665,sitting,1.0016,0.0122,0.0063,0.4900,-2.7300,0.8050
3109684,sitting,1.0014,0.0120,0.0071,0.4900,-2.7650,0.7700
3109704,sitting,1.0016,0.0120,0.0066,0.4900,-2.7650,0.8050
3109723,sitting,1.0011,0.0127,0.0066,0.4550,-2.7300,0.8050
3109742,sitting,1.0014,0.0115,0.0071,0.4900,-2.7300,0.8400
3109761,sitting,1.0014,0.0124,0.0063,0.4900,-2.7300,0.8400
3109781,sitting,1.0026,0.0117,0.0068,0.4900,-2.6950,0.8400
3109800,sitting,1.0009,0.0120,0.0073,0.4900,-2.7300,0.7700
3109819,sitting,1.0004,0.0120,0.0066,0.4900,-2.7300,0.8050
3109838,sitting,1.0016,0.0127,0.0076,0.4900,-2.7300,0.8050
3109858,sitting,1.0016,0.0124,0.0076,0.4900,-2.7300,0.7700
3109877,sitting,1.0014,0.0120,0.0068,0.4900,-2.7300,0.8050
3109896,sitting,1.0019,0.0129,0.0068,0.4900,-2.6950,0.8050
3109915,sitting,1.0014,0.0122,0.0076,0.4900,-2.7300,0.7700
3109934,sitting,1.0021,0.0115,0.0076,0.4900,-2.7300,0.8050
3109954,sitting,1.0014,0.0115,0.0071,0.4900,-2.7300,0.7700
3109973,sitting,1.0019,0.0120,0.0059,0.4900,-2.7300,0.8050
3109992,sitting,1.0016,0.0112,0.0073,0.5600,-2.7300,0.8400
3110011,sitting,1.0028,0.0129,0.0071,0.4900,-2.7300,0.7700
3110031,sitting,1.0024,0.0129,0.0068,0.4900,-2.7300,0.7700
3110050,sitting,1.0014,0.0115,0.0063,0.4900,-2.7300,0.8050
3110069,sitting,1.0019,0.0127,0.0071,0.4900,-2.7300,0.7700
3110088,sitting,1.0011,0.0117,0.0066,0.5250,-2.7300,0.8050
3110108,sitting,1.0019,0.0115,0.0063,0.4900,-2.7300,0.8050
3110127,sitting,1.0009,0.0117,0.0068,0.4550,-2.7300,0.8050
3110146,sitting,1.0019,0.0117,0.0073,0.4900,-2.7650,0.8050
3110165,sitting,1.0011,0.0122,0.0068,0.4900,-2.7300,0.7700
3110184,sitting,1.0016,0.0107,0.0071,0.4900,-2.7300,0.8050
3110204,sitting,1.0011,0.0112,0.0073,0.4900,-2.7300,0.8050
3110223,sitting,1.0016,0.0112,0.0073,0.4900,-2.7300,0.8050
3110242,sitting,1.0009,0.0115,0.0068,0.4900,-2.7300,0.8400
3110261,sitting,1.0011,0.0122,0.0071,0.4550,-2.7300,0.8050
3110281,sitting,1.0004,0.0120,0.0063,0.4550,-2.7300,0.8050
3110300,sitting,1.0004,0.0117,0.0078,0.4200,-2.7300,0.8400
3110319,sitting,1.0024,0.0117,0.0071,0.4900,-2.7300,0.8050
3110338,sitting,1.0021,0.0115,0.0063,0.4900,-2.7300,0.8400
3110358,sitting,1.0019,0.0122,0.0059,0.4900,-2.7300,0.7700
3110377,sitting,1.0021,0.0117,0.0063,0.4900,-2.7300,0.8400
3110396,sitting,1.0019,0.0124,0.0068,0.4900,-2.6950,0.8400
3110415,sitting,1.0014,0.0124,0.0061,0.4550,-2.7300,0.8050
3110434,sitting,1.0009,0.0122,0.0068,0.4550,-2.7300,0.7700
3110454,sitting,1.0014,0.0117,0.0066,0.4550,-2.7300,0.7700
3110473,sitting,1.0021,0.0124,0.0071,0.4200,-2.7300,0.8400
3110492,sitting,1.0016,0.0120,0.0076,0.4200,-2.7300,0.8050
3110511,sitting,1.0016,0.0120,0.0066,0.4900,-2.7300,0.8050
3110531,sitting,1.0011,0.0112,0.0059,0.4900,-2.7300,0.8050
3110550,sitting,1.0014,0.0120,0.0056,0.4900,-2.6950,0.8050
3110569,sitting,1.0021,0.0120,0.0068,0.4900,-2.7300,0.8050
3110588,sitting,1.0019,0.0124,0.0073,0.4550,-2.7300,0.8050
3110608,sitting,1.0016,0.0122,0.0066,0.4900,-2.7300,0.7700
3110627,sitting,1.0024,0.0110,0.0068,0.4900,-2.7300,0.7700
3110646,sitting,1.0021,0.0115,0.0068,0.4900,-2.7300,0.8400
3110665,sitting,1.0011,0.0115,0.0066,0.4900,-2.7300,0.8050
3110684,sitting,1.0011,0.0120,0.0063,0.5250,-2.7300,0.7700
3110704,sitting,1.0016,0.0110,0.0054,0.4900,-2.7300,0.8050
3110723,sitting,1.0011,0.0122,0.0068,0.4900,-2.7300,0.8050
3110742,sitting,1.0031,0.0117,0.0071,0.4900,-2.6950,0.8050
3110761,sitting,1.0024,0.0115,0.0066,0.5250,-2.6950,0.8050
3110781,sitting,1.0004,0.0107,0.0061,0.5250,-2.7300,0.7700
3110800,sitting,1.0014,0.0117,0.0061,0.5250,-2.7300,0.8050
3110819,sitting,1.0014,0.0122,0.0063,0.4900,-2.7300,0.8050
3110838,sitting,1.0011,0.0122,0.0063,0.4900,-2.7300,0.7700
3110858,sitting,1.0014,0.0112,0.0068,0.4900,-2.7300,0.7700
3110877,sitting,1.0016,0.0117,0.0071,0.5250,-2.7300,0.7700
3110896,sitting,1.0019,0.0120,0.0078,0.4900,-2.7300,0.7700
3110915,sitting,1.0009,0.0122,0.0076,0.4900,-2.7300,0.7700
3110934,sitting,1.0024,0.0117,0.0073,0.4550,-2.7300,0.8050
3110954,sitting,1.0019,0.0122,0.0078,0.4900,-2.7300,0.7700
3110973,sitting,1.0019,0.0120,0.0083,0.4900,-2.7300,0.8050
3110992,sitting,1.0021,0.0129,0.0076,0.4900,-2.7300,0.8400
3111011,sitting,1.0016,0.0124,0.0071,0.4900,-2.7300,0.7700
3111031,sitting,1.0014,0.0122,0.0063,0.4550,-2.7300,0.7700
3111050,sitting,1.0024,0.0120,0.0073,0.4900,-2.7300,0.8400
3111069,sitting,1.0026,0.0117,0.0073,0.5250,-2.7300,0.8400
3111088,sitting,1.0009,0.0127,0.0068,0.4900,-2.7300,0.8400
3111108,sitting,1.0011,0.0122,0.0071,0.4900,-2.7300,0.8400
3111127,sitting,1.0006,0.0112,0.0068,0.4900,-2.7300,0.7700
3111146,sitting,1.0016,0.0112,0.0076,0.4900,-2.7300,0.7700
3111165,sitting,1.0011,0.0117,0.0073,0.4900,-2.7300,0.7700
3111184,sitting,1.0009,0.0117,0.0063,0.4900,-2.7650,0.8400
3111204,sitting,1.0011,0.0127,0.0073,0.4550,-2.7300,0.7700
3111223,sitting,1.0014,0.0129,0.0059,0.4900,-2.7300,0.8050
3111242,sitting,1.0016,0.0120,0.0066,0.4900,-2.7300,0.8050
3111261,sitting,1.0021,0.0122,0.0073,0.4900,-2.7650,0.8400
3111281,sitting,1.0009,0.0117,0.0073,0.4900,-2.7300,0.8050
3111300,sitting,1.0019,0.0117,0.0054,0.4900,-2.7300,0.8400
3111319,sitting,1.0024,0.0124,0.0076,0.4550,-2.6950,0.8050
3111338,sitting,1.0019,0.0122,0.0073,0.4550,-2.7300,0.7700
3111358,sitting,1.0019,0.0117,0.0059,0.4550,-2.7300,0.7700
3111377,sitting,1.0016,0.0124,0.0071,0.4550,-2.7300,0.8400
3111396,sitting,1.0009,0.0120,0.0071,0.4900,-2.7300,0.8050
3111415,sitting,1.0016,0.0120,0.0061,0.4900,-2.6950,0.8050
3111434,sitting,1.0014,0.0120,0.0063,0.4900,-2.7650,0.8050
3111454,sitting,1.0011,0.0124,0.0068,0.4900,-2.7300,0.8400
3111473,sitting,1.0021,0.0120,0.0071,0.4900,-2.7300,0.8050
3111492,sitting,1.0016,0.0120,0.0085,0.4900,-2.7300,0.8050
3111511,sitting,1.0011,0.0124,0.0076,0.4900,-2.7300,0.8050
3111531,sitting,1.0011,0.0120,0.0073,0.4900,-2.7300,0.8050
3111550,sitting,1.0011,0.0120,0.0073,0.4900,-2.7300,0.8400
3111569,sitting,1.0019,0.0129,0.0071,0.4900,-2.7300,0.8050
3111588,sitting,1.0014,0.0129,0.0059,0.4900,-2.7300,0.7700
3111608,sitting,1.0011,0.0120,0.0049,0.4550,-2.7300,0.7700
3111627,sitting,1.0014,0.0122,0.0056,0.4900,-2.7650,0.8050
3111646,sitting,1.0024,0.0127,0.0063,0.4900,-2.7650,0.8400
3111665,sitting,1.0014,0.0124,0.0068,0.4900,-2.7300,0.8050
3111684,sitting,1.0016,0.0117,0.0066,0.4900,-2.7300,0.7700
3111704,sitting,1.0021,0.0120,0.0059,0.4550,-2.7300,0.7700
3111723,sitting,1.0016,0.0122,0.0073,0.4900,-2.7300,0.8050
3111742,sitting,1.0014,0.0117,0.0066,0.4900,-2.7300,0.8050
3111761,sitting,1.0011,0.0112,0.0066,0.5250,-2.7300,0.7700
3111781,sitting,1.0016,0.0124,0.0071,0.5250,-2.7300,0.7700
3111800,sitting,1.0014,0.0120,0.0081,0.5600,-2.7300,0.7700
3111819,sitting,1.0006,0.0122,0.0063,0.4900,-2.7300,0.7700
3111838,sitting,1.0014,0.0120,0.0073,0.4900,-2.7300,0.8050
3111858,sitting,1.0014,0.0124,0.0059,0.4900,-2.7300,0.7700
3111877,sitting,1.0024,0.0117,0.0068,0.4900,-2.7650,0.8050
3111896,sitting,1.0011,0.0112,0.0068,0.4900,-2.7300,0.7700
3111915,sitting,1.0011,0.0122,0.0066,0.4900,-2.7300,0.7700
3111934,sitting,1.0016,0.0132,0.0061,0.4900,-2.7300,0.7700
3111954,sitting,1.0016,0.0115,0.0076,0.4900,-2.7300,0.7700
3111973,sitting,1.0016,0.0117,0.0083,0.4900,-2.7300,0.8400
3111992,sitting,1.0011,0.0115,0.0078,0.4900,-2.7300,0.7700
3112011,sitting,1.0011,0.0120,0.0071,0.4900,-2.7300,0.8050
3112031,sitting,1.0006,0.0117,0.0073,0.5250,-2.7300,0.8050
3112050,sitting,1.0011,0.0112,0.0073,0.4900,-2.7300,0.8400
3112069,sitting,1.0019,0.0112,0.0076,0.4550,-2.7300,0.8050
3112088,sitting,1.0011,0.0117,0.0068,0.4900,-2.7300,0.7700
3112108,sitting,1.0011,0.0115,0.0068,0.4900,-2.7300,0.8400
3112127,sitting,1.0019,0.0115,0.0076,0.4550,-2.7300,0.8400
3112146,sitting,1.0016,0.0120,0.0071,0.4550,-2.7300,0.8400
3112165,sitting,1.0016,0.0132,0.0056,0.4200,-2.7300,0.8050
3112184,sitting,1.0011,0.0124,0.0071,0.4900,-2.7300,0.7700
3112204,sitting,1.0016,0.0122,0.0068,0.4900,-2.7300,0.7700
3112223,sitting,1.0019,0.0122,0.0078,0.4550,-2.7300,0.7700
3112242,sitting,1.0024,0.0115,0.0068,0.4550,-2.7300,0.7700
3112261,sitting,1.0016,0.0117,0.0059,0.4900,-2.7300,0.7700
3112281,sitting,1.0009,0.0122,0.0063,0.4900,-2.7300,0.8050
3112300,sitting,1.0016,0.0132,0.0078,0.4900,-2.7300,0.8400
3112319,sitting,1.0014,0.0117,0.0063,0.4900,-2.7300,0.8050
3112338,sitting,1.0014,0.0110,0.0066,0.4900,-2.7300,0.8400
3112358,sitting,1.0019,0.0117,0.0071,0.4900,-2.7300,0.8050
3112377,sitting,1.0014,0.0120,0.0066,0.4900,-2.7300,0.8050
3112396,sitting,1.0021,0.0127,0.0068,0.4900,-2.7300,0.8400
3112415,sitting,1.0009,0.0117,0.0073,0.4900,-2.7300,0.7700
3112434,sitting,1.0014,0.0117,0.0071,0.4900,-2.7300,0.8050
3112454,sitting,1.0019,0.0122,0.0071,0.4900,-2.7300,0.8050
3112473,sitting,1.0019,0.0117,0.0066,0.5250,-2.6950,0.8050
3112492,sitting,1.0011,0.0120,0.0071,0.5250,-2.6950,0.8050
3112511,sitting,1.0014,0.0117,0.0076,0.5250,-2.7300,0.7700
3112531,sitting,1.0006,0.0122,0.0071,0.4900,-2.7300,0.7700
3112550,sitting,1.0014,0.0122,0.0068,0.4900,-2.7300,0.7700
3112569,sitting,1.0016,0.0120,0.0061,0.4900,-2.7300,0.8050
3112588,sitting,1.0016,0.0127,0.0066,0.4900,-2.7300,0.8050
3112608,sitting,1.0011,0.0115,0.0059,0.4900,-2.7650,0.7700
3112627,sitting,1.0016,0.0124,0.0066,0.4900,-2.7300,0.7700
3112646,sitting,1.0024,0.0120,0.0059,0.4900,-2.7300,0.7700
3112665,sitting,1.0016,0.0115,0.0071,0.4900,-2.7300,0.7700
3112684,sitting,1.0019,0.0117,0.0063,0.4900,-2.7300,0.8050
3112704,sitting,1.0021,0.0127,0.0066,0.4900,-2.7650,0.7700
3112723,sitting,1.0016,0.0117,0.0063,0.4900,-2.7300,0.7700
3112742,sitting,1.0014,0.0132,0.0068,0.4900,-2.7300,0.8050
3112761,sitting,1.0011,0.0115,0.0071,0.4900,-2.6950,0.8050
3112781,sitting,1.0011,0.0122,0.0068,0.4900,-2.7300,0.8050
3112800,sitting,1.0014,0.0122,0.0076,0.4900,-2.7300,0.7700
3112819,sitting,1.0014,0.0124,0.0068,0.4900,-2.7300,0.8050
3112838,sitting,1.0009,0.0124,0.0081,0.4900,-2.7300,0.7700
3112858,sitting,1.0019,0.0117,0.0071,0.4900,-2.6950,0.8400
3112877,sitting,1.0028,0.0117,0.0066,0.5250,-2.7300,0.8400
3112896,sitting,1.0021,0.0122,0.0061,0.4900,-2.7300,0.8050
3112915,sitting,1.0011,0.0117,0.0076,0.4550,-2.7300,0.8050
3112934,sitting,1.0004,0.0127,0.0063,0.4900,-2.7300,0.7700
3112954,sitting,1.0019,0.0122,0.0071,0.4900,-2.7300,0.8400
3112973,sitting,1.0016,0.0122,0.0061,0.4900,-2.7300,0.8050
3112992,sitting,1.0011,0.0112,0.0059,0.4900,-2.7300,0.8400
3113011,sitting,1.0006,0.0110,0.0078,0.4900,-2.7300,0.8400
3113031,sitting,1.0011,0.0112,0.0068,0.4900,-2.6950,0.8400
3113050,sitting,1.0011,0.0107,0.0061,0.4900,-2.7300,0.8400
3113069,sitting,1.0019,0.0110,0.0071,0.4550,-2.7300,0.8050
3113088,sitting,1.0021,0.0115,0.0076,0.4900,-2.7300,0.8050
3113108,sitting,1.0009,0.0129,0.0073,0.4900,-2.7300,0.8050
3113127,sitting,1.0024,0.0112,0.0073,0.4900,-2.7300,0.8400
3113146,sitting,1.0014,0.0115,0.0066,0.4900,-2.6950,0.7700
3113165,sitting,1.0019,0.0110,0.0071,0.4900,-2.6950,0.8050
3113184,sitting,1.0014,0.0115,0.0068,0.4900,-2.7300,0.8050
3113204,sitting,1.0026,0.0115,0.0076,0.4900,-2.7300,0.8400
3113223,sitting,1.0024,0.0124,0.0066,0.4900,-2.7300,0.7700
3113242,sitting,1.0009,0.0112,0.0073,0.4900,-2.7300,0.8050
3113261,sitting,1.0014,0.0117,0.0059,0.4900,-2.6950,0.7700
3113281,sitting,1.0016,0.0127,0.0071,0.4900,-2.7300,0.8400
3113300,sitting,1.0019,0.0127,0.0061,0.4900,-2.7300,0.8050
3113319,sitting,1.0019,0.0122,0.0066,0.4900,-2.7300,0.8050
3113338,sitting,1.0021,0.0120,0.0059,0.4900,-2.7300,0.7700
3113358,sitting,1.0019,0.0124,0.0073,0.4900,-2.6950,0.8400
3113377,sitting,1.0019,0.0127,0.0068,0.5250,-2.6950,0.7700
3113396,sitting,1.0014,0.0124,0.0063,0.5250,-2.7300,0.7700
3113415,sitting,1.0016,0.0122,0.0073,0.4900,-2.7300,0.8050
3113434,sitting,1.0011,0.0127,0.0068,0.4900,-2.7300,0.7700
3113454,sitting,1.0014,0.0117,0.0068,0.5250,-2.7300,0.8400
3113473,sitting,1.0024,0.0120,0.0076,0.4900,-2.7300,0.7700
3113492,sitting,1.0014,0.0122,0.0078,0.4900,-2.7300,0.7700
3113511,sitting,1.0024,0.0120,0.0066,0.4900,-2.7300,0.7700
3113531,sitting,1.0009,0.0124,0.0066,0.4900,-2.7300,0.7700
3113550,sitting,1.0019,0.0117,0.0063,0.4900,-2.7300,0.7700
3113569,sitting,1.0024,0.0117,0.0071,0.4550,-2.7300,0.8050
3113588,sitting,1.0016,0.0120,0.0066,0.4550,-2.7300,0.7700
3113608,sitting,1.0004,0.0120,0.0076,0.5250,-2.7300,0.8050
3113627,sitting,1.0016,0.0120,0.0071,0.4900,-2.7300,0.7700
3113646,sitting,1.0011,0.0129,0.0068,0.4900,-2.7300,0.7700
3113665,sitting,1.0019,0.0115,0.0071,0.4900,-2.7300,0.8050
3113684,sitting,1.0016,0.0122,0.0068,0.4900,-2.7650,0.8050
3113704,sitting,1.0014,0.0122,0.0068,0.4550,-2.7300,0.8400
3113723,sitting,1.0019,0.0117,0.0071,0.4900,-2.7300,0.8050
3113742,sitting,1.0014,0.0122,0.0061,0.4900,-2.7300,0.8050
3113761,sitting,1.0016,0.0124,0.0066,0.4900,-2.7300,0.8400
3113781,sitting,1.0024,0.0124,0.0076,0.4900,-2.7300,0.8400
3113800,sitting,1.0011,0.0122,0.0068,0.4550,-2.7300,0.8050
3113819,sitting,1.0016,0.0122,0.0063,0.4900,-2.7300,0.8050
3113838,sitting,1.0011,0.0124,0.0071,0.4900,-2.7300,0.8050
3113858,sitting,1.0019,0.0120,0.0063,0.4900,-2.7300,0.8400
3113877,sitting,1.0026,0.0127,0.0063,0.4900,-2.7300,0.8400
3113896,sitting,1.0019,0.0117,0.0063,0.4900,-2.7650,0.8400
3113915,sitting,1.0004,0.0115,0.0059,0.4900,-2.7300,0.8400
3113934,sitting,1.0019,0.0107,0.0071,0.4550,-2.7300,0.8050
3113954,sitting,1.0024,0.0112,0.0071,0.4900,-2.7300,0.8050
3113973,sitting,1.0019,0.0122,0.0073,0.4900,-2.7300,0.8400
3113992,sitting,1.0009,0.0107,0.0068,0.4900,-2.7300,0.8050
3114011,sitting,1.0024,0.0117,0.0076,0.4900,-2.7300,0.8400
3114031,sitting,1.0009,0.0124,0.0078,0.4900,-2.6950,0.8400
3114050,sitting,1.0021,0.0122,0.0081,0.4900,-2.7300,0.8400
3114069,sitting,1.0016,0.0117,0.0081,0.4550,-2.6950,0.8400
3114088,sitting,1.0016,0.0122,0.0071,0.4550,-2.7300,0.8050
