timestamp_ms,label,acc_x_g,acc_y_g,acc_z_g,gyro_x_dps,gyro_y_dps,gyro_z_dps
3298436,sitting,-0.0259,0.9997,0.0351,0.5250,-2.7300,0.8050
3298455,sitting,-0.0259,1.0009,0.0344,0.5250,-2.7300,0.7700
3298474,sitting,-0.0256,0.9999,0.0351,0.5250,-2.7300,0.7700
3298493,sitting,-0.0251,1.0002,0.0342,0.4900,-2.7300,0.7700
3298513,sitting,-0.0254,1.0006,0.0344,0.4550,-2.7300,0.7700
3298532,sitting,-0.0261,1.0002,0.0351,0.4550,-2.6950,0.8050
3298551,sitting,-0.0254,0.9999,0.0356,0.4900,-2.7300,0.8050
3298570,sitting,-0.0254,0.9999,0.0344,0.4900,-2.6950,0.8050
3298590,sitting,-0.0254,1.0006,0.0339,0.4550,-2.7300,0.7700
3298609,sitting,-0.0266,1.0002,0.0349,0.4900,-2.7300,0.7700
3298628,sitting,-0.0254,1.0011,0.0346,0.5250,-2.7300,0.8050
3298647,sitting,-0.0256,1.0004,0.0339,0.5250,-2.7300,0.8400
3298667,sitting,-0.0256,1.0011,0.0344,0.5250,-2.7300,0.8400
3298686,sitting,-0.0251,1.0011,0.0346,0.5250,-2.7300,0.7700
3298705,sitting,-0.0254,1.0011,0.0356,0.4900,-2.7300,0.7700
3298724,sitting,-0.0249,1.0004,0.0342,0.4900,-2.6950,0.7700
3298743,sitting,-0.0261,1.0004,0.0344,0.4900,-2.7300,0.7700
3298763,sitting,-0.0256,0.9999,0.0342,0.5250,-2.7300,0.7700
3298782,sitting,-0.0254,1.0002,0.0344,0.4900,-2.7300,0.8050
3298801,sitting,-0.0256,1.0006,0.0339,0.5600,-2.7300,0.8050
3298820,sitting,-0.0273,1.0004,0.0346,0.5250,-2.6950,0.8050
3298840,sitting,-0.0254,1.0009,0.0344,0.4900,-2.7300,0.8400
3298859,sitting,-0.0246,1.0002,0.0346,0.5250,-2.7300,0.8050
3298878,sitting,-0.0244,1.0002,0.0346,0.4900,-2.7300,0.7700
3298897,sitting,-0.0251,1.0004,0.0334,0.4550,-2.7300,0.7700
3298917,sitting,-0.0246,1.0002,0.0337,0.4900,-2.7300,0.7700
3298936,sitting,-0.0251,1.0002,0.0339,0.4900,-2.6950,0.7700
3298955,sitting,-0.0256,1.0011,0.0339,0.4900,-2.7300,0.7700
3298974,sitting,-0.0259,1.0006,0.0349,0.4900,-2.7300,0.7700
3298993,sitting,-0.0254,0.9999,0.0351,0.4900,-2.7300,0.7700
3299013,sitting,-0.0256,0.9999,0.0344,0.4900,-2.7300,0.8050
3299032,sitting,-0.0256,0.9999,0.0344,0.4900,-2.7300,0.7700
3299051,sitting,-0.0254,1.0006,0.0334,0.4900,-2.7300,0.8050
3299070,sitting,-0.0254,1.0011,0.0342,0.4550,-2.7300,0.8400
3299090,sitting,-0.0251,1.0006,0.0342,0.5250,-2.7300,0.8050
3299109,sitting,-0.0254,1.0004,0.0344,0.4900,-2.6950,0.8050
3299128,sitting,-0.0251,1.0002,0.0349,0.4900,-2.7300,0.8050
3299147,sitting,-0.0246,0.9999,0.0349,0.4900,-2.7300,0.8050
3299167,sitting,-0.0251,1.0002,0.0344,0.4900,-2.7650,0.8400
3299186,sitting,-0.0264,1.0006,0.0342,0.4900,-2.7300,0.8400
3299205,sitting,-0.0249,1.0002,0.0339,0.4900,-2.7300,0.8400
3299224,sitting,-0.0256,1.0002,0.0344,0.4900,-2.7300,0.8050
3299243,sitting,-0.0261,1.0004,0.0342,0.4900,-2.7300,0.8050
3299263,sitting,-0.0264,1.0004,0.0349,0.4900,-2.7300,0.8050
3299282,sitting,-0.0256,1.0011,0.0349,0.5250,-2.7300,0.8400
3299301,sitting,-0.0254,1.0002,0.0339,0.5250,-2.6950,0.7700
3299320,sitting,-0.0251,0.9997,0.0349,0.5600,-2.7300,0.8400
3299340,sitting,-0.0261,1.0004,0.0349,0.5250,-2.6950,0.8400
3299359,sitting,-0.0256,1.0002,0.0344,0.5600,-2.6600,0.8400
3299378,sitting,-0.0259,1.0004,0.0334,0.4900,-2.7300,0.8050
3299397,sitting,-0.0256,1.0002,0.0344,0.5250,-2.7300,0.8050
3299417,sitting,-0.0254,1.0006,0.0344,0.5250,-2.7300,0.8400
3299436,sitting,-0.0251,0.9999,0.0342,0.4900,-2.7300,0.7700
3299455,sitting,-0.0264,0.9997,0.0334,0.4900,-2.6950,0.7700
3299474,sitting,-0.0259,0.9992,0.0337,0.5250,-2.7300,0.8050
3299493,sitting,-0.0266,1.0004,0.0349,0.4900,-2.7300,0.8050
3299513,sitting,-0.0264,1.0002,0.0339,0.4900,-2.7300,0.8050
3299532,sitting,-0.0266,1.0006,0.0344,0.4900,-2.7300,0.8050
3299551,sitting,-0.0251,0.9994,0.0339,0.4900,-2.6950,0.7700
3299570,sitting,-0.0256,0.9997,0.0346,0.5600,-2.6950,0.7700
3299590,sitting,-0.0251,0.9997,0.0337,0.4900,-2.7300,0.7700
3299609,sitting,-0.0249,1.0002,0.0334,0.5250,-2.7300,0.8050
3299628,sitting,-0.0251,0.9999,0.0342,0.4900,-2.7300,0.7700
3299647,sitting,-0.0251,1.0004,0.0342,0.5250,-2.7300,0.8050
3299667,sitting,-0.0254,1.0002,0.0344,0.4900,-2.7300,0.8050
3299686,sitting,-0.0249,1.0004,0.0346,0.4900,-2.6950,0.7700
3299705,sitting,-0.0249,1.0002,0.0346,0.4550,-2.7300,0.8050
3299724,sitting,-0.0254,0.9999,0.0339,0.4900,-2.7300,0.7700
3299743,sitting,-0.0264,1.0002,0.0342,0.4900,-2.7300,0.8400
3299763,sitting,-0.0254,0.9989,0.0339,0.5250,-2.6950,0.8400
3299782,sitting,-0.0249,0.9997,0.0332,0.4550,-2.7300,0.8400
3299801,sitting,-0.0256,0.9989,0.0349,0.4550,-2.7300,0.8400
3299820,sitting,-0.0256,1.0002,0.0342,0.4900,-2.7300,0.8050
3299840,sitting,-0.0259,1.0014,0.0346,0.4900,-2.7300,0.8050
3299859,sitting,-0.0261,0.9997,0.0346,0.4900,-2.6950,0.7700
3299878,sitting,-0.0261,0.9994,0.0351,0.4900,-2.7300,0.8050
3299897,sitting,-0.0264,0.9997,0.0356,0.4900,-2.7300,0.8400
3299917,sitting,-0.0259,0.9997,0.0346,0.4900,-2.6600,0.7700
3299936,sitting,-0.0254,1.0006,0.0349,0.4900,-2.7300,0.8400
3299955,sitting,-0.0259,1.0006,0.0342,0.4900,-2.6950,0.8050
3299974,sitting,-0.0256,1.0011,0.0354,0.5250,-2.7300,0.8400
3299993,sitting,-0.0249,1.0006,0.0334,0.5250,-2.7300,0.7700
3300013,sitting,-0.0246,0.9999,0.0344,0.4900,-2.6600,0.8050
3300032,sitting,-0.0259,1.0002,0.0334,0.5600,-2.6950,0.7700
3300051,sitting,-0.0266,0.9997,0.0337,0.4900,-2.7300,0.8050
3300070,sitting,-0.0261,0.9992,0.0337,0.5600,-2.7300,0.8050
3300090,sitting,-0.0254,0.9992,0.0344,0.4900,-2.7300,0.7700
3300109,sitting,-0.0256,0.9999,0.0346,0.4900,-2.6950,0.8050
3300128,sitting,-0.0244,0.9999,0.0351,0.4900,-2.6600,0.7700
3300147,sitting,-0.0251,1.0002,0.0346,0.5250,-2.6950,0.7700
3300167,sitting,-0.0271,1.0004,0.0346,0.5250,-2.7300,0.8050
3300186,sitting,-0.0259,1.0002,0.0344,0.4900,-2.7300,0.7700
3300205,sitting,-0.0264,0.9997,0.0344,0.4900,-2.7300,0.7700
3300224,sitting,-0.0261,1.0002,0.0346,0.5250,-2.7300,0.7700
3300243,sitting,-0.0254,1.0011,0.0346,0.4900,-2.7300,0.7700
3300263,sitting,-0.0259,0.9999,0.0346,0.4900,-2.7300,0.7700
3300282,sitting,-0.0256,1.0002,0.0344,0.4900,-2.7300,0.8050
3300301,sitting,-0.0259,1.0004,0.0337,0.4550,-2.7300,0.8050
3300320,sitting,-0.0249,1.0002,0.0349,0.5250,-2.7300,0.8400
3300340,sitting,-0.0259,1.0006,0.0342,0.5250,-2.6950,0.7700
3300359,sitting,-0.0259,1.0009,0.0337,0.4550,-2.6600,0.7700
3300378,sitting,-0.0266,1.0006,0.0349,0.4900,-2.7300,0.7700
3300397,sitting,-0.0261,1.0006,0.0351,0.4900,-2.7300,0.8050
3300417,sitting,-0.0251,0.9997,0.0346,0.4550,-2.7300,0.8400
3300436,sitting,-0.0259,0.9997,0.0344,0.4900,-2.7300,0.8400
3300455,sitting,-0.0254,0.9994,0.0346,0.4550,-2.7300,0.8050
3300474,sitting,-0.0256,0.9999,0.0342,0.4900,-2.7300,0.8050
3300493,sitting,-0.0249,0.9999,0.0349,0.4900,-2.7300,0.7700
3300513,sitting,-0.0251,1.0002,0.0351,0.4900,-2.7300,0.8050
3300532,sitting,-0.0268,1.0002,0.0344,0.5250,-2.6950,0.7350
3300551,sitting,-0.0254,1.0002,0.0351,0.4900,-2.7300,0.7700
3300570,sitting,-0.0254,0.9999,0.0342,0.4900,-2.7300,0.8400
3300590,sitting,-0.0256,1.0006,0.0351,0.4900,-2.6600,0.8050
3300609,sitting,-0.0251,1.0006,0.0344,0.5250,-2.7300,0.7700
3300628,sitting,-0.0256,0.9999,0.0349,0.4900,-2.7300,0.8050
3300647,sitting,-0.0251,1.0006,0.0349,0.4900,-2.7300,0.7700
3300667,sitting,-0.0256,1.0014,0.0346,0.4900,-2.7650,0.7700
3300686,sitting,-0.0249,1.0004,0.0332,0.4900,-2.7300,0.8050
3300705,sitting,-0.0251,0.9994,0.0334,0.4900,-2.6950,0.8050
3300724,sitting,-0.0256,0.9999,0.0334,0.4900,-2.7300,0.7700
3300743,sitting,-0.0254,0.9997,0.0339,0.4900,-2.7300,0.8050
3300763,sitting,-0.0254,1.0004,0.0349,0.5250,-2.7300,0.8050
3300782,sitting,-0.0256,1.0002,0.0346,0.4900,-2.7300,0.7700
3300801,sitting,-0.0259,1.0002,0.0349,0.4900,-2.7300,0.7700
3300820,sitting,-0.0259,1.0004,0.0349,0.4550,-2.7300,0.8400
3300840,sitting,-0.0251,0.9999,0.0346,0.4900,-2.7300,0.7700
3300859,sitting,-0.0259,1.0002,0.0346,0.4550,-2.7300,0.8050
3300878,sitting,-0.0251,1.0004,0.0351,0.4900,-2.7300,0.8400
3300897,sitting,-0.0251,0.9997,0.0337,0.4900,-2.7300,0.7700
3300917,sitting,-0.0251,0.9999,0.0344,0.4900,-2.7300,0.8050
3300936,sitting,-0.0251,0.9997,0.0344,0.4550,-2.6950,0.8050
3300955,sitting,-0.0256,0.9994,0.0334,0.5250,-2.7300,0.8050
3300974,sitting,-0.0268,0.9999,0.0332,0.4550,-2.7300,0.8050
3300993,sitting,-0.0259,1.0006,0.0346,0.4900,-2.6950,0.7700
3301013,sitting,-0.0256,1.0004,0.0356,0.4900,-2.7300,0.8400
3301032,sitting,-0.0251,0.9999,0.0342,0.4900,-2.7300,0.8400
3301051,sitting,-0.0256,0.9994,0.0339,0.5250,-2.7300,0.8400
3301070,sitting,-0.0256,0.9999,0.0339,0.4550,-2.6950,0.8050
3301090,sitting,-0.0246,1.0002,0.0346,0.4900,-2.7300,0.8050
3301109,sitting,-0.0261,1.0004,0.0339,0.5250,-2.7300,0.8050
3301128,sitting,-0.0259,1.0004,0.0346,0.4900,-2.7300,0.8400
3301147,sitting,-0.0261,1.0009,0.0349,0.5250,-2.6950,0.7700
3301167,sitting,-0.0261,1.0002,0.0339,0.5250,-2.6950,0.8050
3301186,sitting,-0.0259,1.0009,0.0346,0.4900,-2.7300,0.8050
3301205,sitting,-0.0249,1.0002,0.0344,0.5250,-2.7300,0.8400
3301224,sitting,-0.0256,1.0006,0.0337,0.5600,-2.7300,0.7700
3301243,sitting,-0.0261,0.9997,0.0344,0.4900,-2.7300,0.7700
3301263,sitting,-0.0254,0.9999,0.0342,0.4900,-2.7300,0.8400
3301282,sitting,-0.0251,1.0002,0.0337,0.5250,-2.6600,0.8050
3301301,sitting,-0.0254,1.0002,0.0337,0.5600,-2.7300,0.7700
3301320,sitting,-0.0256,1.0004,0.0354,0.4900,-2.6600,0.7700
3301340,sitting,-0.0256,1.0002,0.0346,0.5600,-2.7300,0.7700
3301359,sitting,-0.0249,1.0004,0.0354,0.5250,-2.7300,0.8050
3301378,sitting,-0.0259,1.0004,0.0337,0.5250,-2.7300,0.8050
3301397,sitting,-0.0264,1.0006,0.0337,0.4900,-2.7300,0.7700
3301417,sitting,-0.0268,0.9997,0.0337,0.5250,-2.7300,0.7700
3301436,sitting,-0.0268,1.0002,0.0344,0.4550,-2.6950,0.8050
3301455,sitting,-0.0264,0.9994,0.0351,0.5250,-2.7300,0.8400
3301474,sitting,-0.0251,0.9992,0.0339,0.4900,-2.7300,0.8050
3301493,sitting,-0.0249,0.9999,0.0346,0.5250,-2.7300,0.7700
3301513,sitting,-0.0251,0.9999,0.0332,0.4900,-2.6950,0.8400
3301532,sitting,-0.0261,0.9999,0.0344,0.4200,-2.7300,0.8050
3301551,sitting,-0.0259,0.9994,0.0346,0.4900,-2.7300,0.8400
3301570,sitting,-0.0256,1.0004,0.0344,0.4900,-2.7300,0.8050
3301590,sitting,-0.0259,0.9999,0.0344,0.5250,-2.7300,0.8050
3301609,sitting,-0.0264,1.0006,0.0346,0.4900,-2.7300,0.8400
3301628,sitting,-0.0254,1.0002,0.0351,0.4900,-2.7300,0.8400
3301647,sitting,-0.0246,1.0006,0.0349,0.4550,-2.8000,0.7700
3301667,sitting,-0.0244,1.0009,0.0344,0.4900,-2.7300,0.8400
3301686,sitting,-0.0259,1.0002,0.0337,0.4900,-2.7300,0.8400
3301705,sitting,-0.0246,1.0011,0.0342,0.4900,-2.7300,0.8400
3301724,sitting,-0.0249,1.0004,0.0337,0.4900,-2.6950,0.8050
3301743,sitting,-0.0254,1.0002,0.0346,0.4900,-2.7300,0.8050
3301763,sitting,-0.0261,1.0002,0.0349,0.4900,-2.7300,0.8050
3301782,sitting,-0.0266,1.0011,0.0349,0.4900,-2.6950,0.8400
3301801,sitting,-0.0254,1.0006,0.0342,0.4900,-2.7300,0.8400
3301820,sitting,-0.0259,0.9994,0.0332,0.4900,-2.7300,0.8050
3301840,sitting,-0.0264,1.0009,0.0344,0.4900,-2.7300,0.8050
3301859,sitting,-0.0254,1.0002,0.0346,0.4900,-2.6950,0.8050
3301878,sitting,-0.0256,1.0004,0.0349,0.5600,-2.7300,0.8050
3301897,sitting,-0.0259,0.9994,0.0349,0.4900,-2.7300,0.8400
3301917,sitting,-0.0259,0.9999,0.0337,0.4900,-2.7300,0.8050
3301936,sitting,-0.0256,0.9994,0.0334,0.4900,-2.6950,0.7700
3301955,sitting,-0.0259,0.9999,0.0344,0.4900,-2.7300,0.8050
3301974,sitting,-0.0261,0.9994,0.0344,0.4900,-2.7300,0.8050
3301993,sitting,-0.0254,1.0002,0.0346,0.5250,-2.6600,0.7700
3302013,sitting,-0.0259,1.0002,0.0339,0.4900,-2.7300,0.8050
3302032,sitting,-0.0256,0.9994,0.0342,0.4900,-2.7300,0.8050
3302051,sitting,-0.0249,0.9992,0.0346,0.4900,-2.7300,0.7700
3302070,sitting,-0.0266,0.9994,0.0359,0.4550,-2.7300,0.7700
3302090,sitting,-0.0254,0.9997,0.0342,0.4900,-2.7300,0.8050
3302109,sitting,-0.0251,0.9997,0.0349,0.4550,-2.7300,0.7700
3302128,sitting,-0.0254,0.9997,0.0344,0.5250,-2.7300,0.7700
3302147,sitting,-0.0256,1.0002,0.0351,0.4900,-2.7300,0.7700
3302167,sitting,-0.0249,1.0002,0.0337,0.5250,-2.7300,0.7700
3302186,sitting,-0.0261,1.0006,0.0339,0.4550,-2.7300,0.7700
3302205,sitting,-0.0264,1.0004,0.0349,0.4900,-2.7650,0.8400
3302224,sitting,-0.0259,1.0004,0.0346,0.4550,-2.7300,0.8400
3302243,sitting,-0.0261,1.0009,0.0351,0.4900,-2.7300,0.7700
3302263,sitting,-0.0256,0.9997,0.0346,0.5250,-2.7300,0.8050
3302282,sitting,-0.0251,1.0002,0.0349,0.4900,-2.7300,0.8400
3302301,sitting,-0.0261,0.9994,0.0342,0.4550,-2.7300,0.8400
3302320,sitting,-0.0259,0.9997,0.0337,0.4900,-2.7300,0.7700
3302340,sitting,-0.0266,0.9994,0.0354,0.4900,-2.7300,0.7700
3302359,sitting,-0.0261,1.0004,0.0346,0.4900,-2.7300,0.8400
3302378,sitting,-0.0254,1.0009,0.0356,0.4900,-2.7300,0.8400
3302397,sitting,-0.0259,1.0002,0.0346,0.4900,-2.7300,0.8400
3302417,sitting,-0.0254,1.0002,0.0349,0.5250,-2.7300,0.8400
3302436,sitting,-0.0251,0.9997,0.0344,0.5250,-2.7300,0.8050
3302455,sitting,-0.0259,1.0002,0.0339,0.4900,-2.7300,0.8050
3302474,sitting,-0.0251,1.0004,0.0334,0.5250,-2.6600,0.7700
3302493,sitting,-0.0256,1.0004,0.0339,0.5600,-2.7300,0.8050
3302513,sitting,-0.0261,1.0004,0.0344,0.5250,-2.7300,0.7700
3302532,sitting,-0.0254,0.9994,0.0342,0.4900,-2.7300,0.8050
3302551,sitting,-0.0256,0.9994,0.0349,0.4900,-2.7300,0.7700
3302570,sitting,-0.0254,1.0006,0.0342,0.4900,-2.7300,0.7700
3302590,sitting,-0.0256,0.9994,0.0344,0.4900,-2.7300,0.7700
3302609,sitting,-0.0251,0.9997,0.0339,0.4900,-2.7300,0.7700
3302628,sitting,-0.0256,0.9997,0.0342,0.4900,-2.7300,0.7700
3302647,sitting,-0.0251,0.9999,0.0344,0.4900,-2.7300,0.8050
3302667,sitting,-0.0259,0.9999,0.0337,0.5600,-2.7300,0.7700
3302686,sitting,-0.0251,0.9997,0.0337,0.4900,-2.7300,0.8050
3302705,sitting,-0.0256,1.0009,0.0334,0.5250,-2.7300,0.7700
3302724,sitting,-0.0256,1.0006,0.0339,0.4900,-2.7300,0.7700
3302743,sitting,-0.0251,1.0006,0.0339,0.5250,-2.7300,0.7700
3302763,sitting,-0.0254,1.0004,0.0349,0.4900,-2.6950,0.7700
3302782,sitting,-0.0256,1.0006,0.0346,0.4900,-2.7300,0.7700
3302801,sitting,-0.0268,1.0004,0.0342,0.4900,-2.7300,0.8400
3302820,sitting,-0.0259,1.0004,0.0339,0.4900,-2.7300,0.8050
3302840,sitting,-0.0251,0.9997,0.0354,0.5250,-2.7300,0.8050
3302859,sitting,-0.0251,1.0004,0.0342,0.5250,-2.7300,0.8400
3302878,sitting,-0.0251,1.0002,0.0342,0.5250,-2.6950,0.7700
3302897,sitting,-0.0256,0.9999,0.0334,0.4900,-2.7300,0.8400
3302917,sitting,-0.0259,1.0004,0.0344,0.4550,-2.7300,0.8050
3302936,sitting,-0.0261,1.0004,0.0346,0.4900,-2.7300,0.8400
3302955,sitting,-0.0251,0.9999,0.0349,0.4550,-2.7300,0.7700
3302974,sitting,-0.0256,0.9999,0.0351,0.4900,-2.7300,0.7700
3302993,sitting,-0.0249,0.9997,0.0346,0.4900,-2.7300,0.8400
3303013,sitting,-0.0251,0.9999,0.0344,0.5250,-2.7300,0.8050
3303032,sitting,-0.0251,1.0002,0.0344,0.4900,-2.7300,0.8050
3303051,sitting,-0.0259,0.9999,0.0349,0.4900,-2.7300,0.8050
3303070,sitting,-0.0266,1.0002,0.0344,0.4900,-2.7300,0.8050
3303090,sitting,-0.0259,0.9999,0.0337,0.4900,-2.7300,0.8050
3303109,sitting,-0.0259,1.0002,0.0342,0.4900,-2.6950,0.8050
3303128,sitting,-0.0249,0.9997,0.0356,0.5250,-2.7300,0.7700
3303147,sitting,-0.0244,0.9999,0.0346,0.5250,-2.7300,0.7700
3303167,sitting,-0.0256,1.0004,0.0346,0.4900,-2.7300,0.8050
3303186,sitting,-0.0264,0.9994,0.0346,0.4900,-2.6950,0.7700
3303205,sitting,-0.0261,1.0009,0.0346,0.4900,-2.7300,0.8050
3303224,sitting,-0.0259,0.9999,0.0344,0.4900,-2.7300,0.7700
3303243,sitting,-0.0266,1.0004,0.0342,0.4900,-2.7300,0.7700
3303263,sitting,-0.0256,1.0006,0.0342,0.4900,-2.6950,0.7700
3303282,sitting,-0.0249,0.9999,0.0342,0.5250,-2.7300,0.7700
3303301,sitting,-0.0242,1.0011,0.0342,0.5250,-2.7300,0.7700
3303320,sitting,-0.0259,1.0009,0.0351,0.5600,-2.7300,0.7700
3303340,sitting,-0.0254,0.9999,0.0342,0.4900,-2.7300,0.8050
3303359,sitting,-0.0251,1.0002,0.0339,0.4900,-2.6950,0.7700
3303378,sitting,-0.0246,1.0006,0.0334,0.4900,-2.7300,0.8050
3303397,sitting,-0.0246,1.0006,0.0344,0.4900,-2.7300,0.7700
3303417,sitting,-0.0244,1.0006,0.0342,0.4900,-2.7300,0.8050
3303436,sitting,-0.0254,0.9997,0.0346,0.4900,-2.7300,0.8050
3303455,sitting,-0.0259,1.0002,0.0339,0.4900,-2.7300,0.8050
3303474,sitting,-0.0259,1.0004,0.0356,0.4900,-2.7300,0.7700
3303493,sitting,-0.0261,0.9997,0.0354,0.4900,-2.6950,0.8050
3303513,sitting,-0.0239,0.9994,0.0346,0.4900,-2.7300,0.7700
3303532,sitting,-0.0251,1.0002,0.0349,0.4900,-2.7300,0.7700
3303551,sitting,-0.0259,1.0006,0.0344,0.4900,-2.7300,0.8050
3303570,sitting,-0.0254,0.9999,0.0344,0.4900,-2.7300,0.8400
3303590,sitting,-0.0254,0.9997,0.0337,0.4900,-2.7300,0.8400
3303609,sitting,-0.0254,1.0009,0.0349,0.4900,-2.6950,0.8050
3303628,sitting,-0.0256,1.0004,0.0344,0.4900,-2.7300,0.8050
3303647,sitting,-0.0254,0.9999,0.0344,0.4550,-2.6950,0.8400
3303667,sitting,-0.0254,0.9999,0.0346,0.4550,-2.7300,0.7700
3303686,sitting,-0.0249,1.0009,0.0344,0.4900,-2.7300,0.8400
3303705,sitting,-0.0251,1.0009,0.0344,0.5250,-2.7300,0.7700
3303724,sitting,-0.0256,1.0002,0.0342,0.4900,-2.7300,0.7700
3303743,sitting,-0.0256,1.0009,0.0346,0.4900,-2.7650,0.8050
3303763,sitting,-0.0249,1.0002,0.0354,0.5250,-2.7650,0.8050
3303782,sitting,-0.0249,1.0004,0.0349,0.4900,-2.7300,0.7700
3303801,sitting,-0.0246,0.9992,0.0354,0.4900,-2.6950,0.8050
3303820,sitting,-0.0254,0.9997,0.0346,0.4900,-2.7300,0.8050
3303840,sitting,-0.0256,1.0004,0.0342,0.4900,-2.7300,0.8400
3303859,sitting,-0.0261,0.9997,0.0356,0.5600,-2.6950,0.8050
3303878,sitting,-0.0246,1.0002,0.0351,0.4900,-2.7300,0.8400
3303897,sitting,-0.0244,1.0014,0.0349,0.4900,-2.7300,0.7350
3303917,sitting,-0.0251,1.0002,0.0351,0.5250,-2.7300,0.8400
3303936,sitting,-0.0254,0.9997,0.0349,0.4900,-2.7300,0.8400
3303955,sitting,-0.0259,0.9999,0.0349,0.5250,-2.7300,0.7700
3303974,sitting,-0.0256,1.0006,0.0334,0.5250,-2.7300,0.7700
3303993,sitting,-0.0261,1.0006,0.0351,0.4900,-2.7300,0.7700
3304013,sitting,-0.0246,0.9999,0.0346,0.4900,-2.7300,0.7700
3304032,sitting,-0.0254,1.0004,0.0354,0.4900,-2.7300,0.7700
3304051,sitting,-0.0251,1.0002,0.0346,0.5250,-2.7300,0.8050
3304070,sitting,-0.0254,1.0002,0.0344,0.4900,-2.7300,0.8050
3304090,sitting,-0.0261,1.0006,0.0337,0.4550,-2.7300,0.8400
3304109,sitting,-0.0254,1.0014,0.0342,0.4900,-2.7300,0.8050
3304128,sitting,-0.0256,1.0002,0.0349,0.4900,-2.7300,0.7700
3304147,sitting,-0.0256,1.0002,0.0349,0.4900,-2.7300,0.7700
3304167,sitting,-0.0251,1.0006,0.0344,0.4900,-2.7300,0.8050
3304186,sitting,-0.0251,1.0004,0.0342,0.4900,-2.7300,0.7700
3304205,sitting,-0.0251,1.0006,0.0339,0.4900,-2.7300,0.7700
3304224,sitting,-0.0251,1.0006,0.0346,0.4550,-2.6950,0.8050
3304243,sitting,-0.0254,1.0009,0.0349,0.4550,-2.7300,0.8050
3304263,sitting,-0.0249,1.0002,0.0349,0.4900,-2.7300,0.7700
3304282,sitting,-0.0244,0.9997,0.0346,0.4550,-2.7300,0.8050
3304301,sitting,-0.0244,1.0016,0.0344,0.5250,-2.7300,0.8400
3304320,sitting,-0.0254,1.0002,0.0334,0.4900,-2.7300,0.8050
3304340,sitting,-0.0246,1.0004,0.0349,0.4550,-2.7300,0.8050
3304359,sitting,-0.0261,0.9999,0.0346,0.5250,-2.6950,0.8400
3304378,sitting,-0.0256,1.0002,0.0342,0.4900,-2.7300,0.8400
3304397,sitting,-0.0256,1.0006,0.0349,0.4900,-2.7300,0.8050
3304417,sitting,-0.0249,1.0019,0.0346,0.4900,-2.6950,0.8400
3304436,sitting,-0.0256,1.0006,0.0351,0.4900,-2.7300,0.8050
3304455,sitting,-0.0254,0.9999,0.0337,0.5600,-2.7300,0.7700
3304474,sitting,-0.0259,0.9999,0.0339,0.4900,-2.7300,0.8400
3304493,sitting,-0.0251,1.0006,0.0349,0.5250,-2.7300,0.7700
3304513,sitting,-0.0259,0.9997,0.0339,0.4900,-2.7300,0.7700
3304532,sitting,-0.0256,0.9989,0.0346,0.4900,-2.7300,0.8050
3304551,sitting,-0.0256,0.9999,0.0344,0.5600,-2.7300,0.8050
3304570,sitting,-0.0259,1.0004,0.0344,0.4900,-2.7300,0.7700
3304590,sitting,-0.0246,1.0006,0.0344,0.5250,-2.7300,0.7700
3304609,sitting,-0.0259,1.0004,0.0351,0.4900,-2.6950,0.7700
3304628,sitting,-0.0246,1.0004,0.0356,0.4900,-2.7300,0.7700
3304647,sitting,-0.0254,0.9997,0.0346,0.5250,-2.7300,0.8050
3304667,sitting,-0.0264,1.0011,0.0346,0.4900,-2.7300,0.8050
3304686,sitting,-0.0273,1.0004,0.0344,0.4900,-2.7300,0.7700
3304705,sitting,-0.0261,0.9999,0.0337,0.4550,-2.7300,0.8050
3304724,sitting,-0.0251,0.9997,0.0332,0.4900,-2.7300,0.7700
3304743,sitting,-0.0254,1.0006,0.0339,0.4900,-2.7300,0.7700
3304763,sitting,-0.0261,1.0002,0.0349,0.4900,-2.7300,0.7700
3304782,sitting,-0.0256,0.9997,0.0346,0.5600,-2.7300,0.8400
3304801,sitting,-0.0266,1.0002,0.0342,0.4900,-2.7300,0.8400
3304820,sitting,-0.0261,1.0002,0.0349,0.5600,-2.6950,0.8050
3304840,sitting,-0.0251,0.9999,0.0349,0.4900,-2.7300,0.8400
3304859,sitting,-0.0256,0.9992,0.0349,0.5250,-2.7300,0.8400
3304878,sitting,-0.0246,0.9992,0.0337,0.5250,-2.7300,0.8400
3304897,sitting,-0.0259,1.0004,0.0351,0.4900,-2.6950,0.7700
3304917,sitting,-0.0259,1.0002,0.0346,0.5250,-2.7300,0.8050
3304936,sitting,-0.0256,1.0002,0.0342,0.4900,-2.7300,0.8400
3304955,sitting,-0.0256,1.0004,0.0346,0.5250,-2.7300,0.8400
3304974,sitting,-0.0261,1.0002,0.0354,0.4900,-2.7300,0.8400
3304993,sitting,-0.0256,1.0002,0.0354,0.5250,-2.6950,0.8400
3305013,sitting,-0.0251,1.0002,0.0346,0.4550,-2.6950,0.8050
3305032,sitting,-0.0254,0.9999,0.0342,0.5250,-2.6950,0.8400
3305051,sitting,-0.0249,1.0006,0.0344,0.4900,-2.7300,0.8050
3305070,sitting,-0.0251,0.9999,0.0346,0.5250,-2.6600,0.7700
3305090,sitting,-0.0259,1.0006,0.0344,0.4550,-2.6950,0.7700
3305109,sitting,-0.0261,0.9992,0.0344,0.5250,-2.6950,0.8050
3305128,sitting,-0.0256,1.0002,0.0344,0.4900,-2.6950,0.8400
3305147,sitting,-0.0261,1.0002,0.0346,0.5250,-2.7650,0.7700
3305167,sitting,-0.0256,1.0004,0.0334,0.4550,-2.7300,0.7700
3305186,sitting,-0.0264,1.0009,0.0346,0.5250,-2.7300,0.7700
3305205,sitting,-0.0256,1.0006,0.0329,0.4900,-2.6950,0.7700
3305224,sitting,-0.0254,1.0002,0.0344,0.5250,-2.6950,0.7700
3305243,sitting,-0.0254,1.0002,0.0339,0.5250,-2.7300,0.8400
3305263,sitting,-0.0256,1.0002,0.0356,0.5250,-2.7300,0.7700
3305282,sitting,-0.0256,1.0004,0.0346,0.4900,-2.7300,0.7700
3305301,sitting,-0.0251,1.0002,0.0354,0.4550,-2.6950,0.8050
3305320,sitting,-0.0261,0.9994,0.0344,0.4900,-2.6950,0.8400
3305340,sitting,-0.0261,0.9994,0.0351,0.4550,-2.7300,0.8050
3305359,sitting,-0.0261,1.0002,0.0351,0.4900,-2.7300,0.7700
3305378,sitting,-0.0261,1.0002,0.0342,0.5250,-2.7300,0.8400
3305397,sitting,-0.0259,0.9989,0.0351,0.4550,-2.7300,0.8050
3305417,sitting,-0.0254,0.9994,0.0351,0.5250,-2.7300,0.8050
3305436,sitting,-0.0256,1.0004,0.0337,0.4900,-2.7300,0.8400
3305455,sitting,-0.0261,1.0002,0.0339,0.4900,-2.7300,0.8050
3305474,sitting,-0.0261,1.0006,0.0339,0.4200,-2.7300,0.7700
3305493,sitting,-0.0254,1.0006,0.0351,0.4900,-2.6950,0.8400
3305513,sitting,-0.0261,0.9999,0.0349,0.5250,-2.7300,0.8400
3305532,sitting,-0.0249,0.9992,0.0346,0.4550,-2.7300,0.8050
3305551,sitting,-0.0259,0.9999,0.0346,0.5250,-2.7300,0.7700
3305570,sitting,-0.0261,0.9994,0.0337,0.4900,-2.6950,0.8050
3305590,sitting,-0.0256,0.9997,0.0337,0.4900,-2.7300,0.8400
3305609,sitting,-0.0261,0.9987,0.0351,0.4550,-2.7300,0.8050
3305628,sitting,-0.0259,0.9987,0.0346,0.4900,-2.7300,0.8400
3305647,sitting,-0.0256,1.0002,0.0346,0.4900,-2.6950,0.7700
3305667,sitting,-0.0251,0.9997,0.0349,0.5250,-2.7300,0.8400
3305686,sitting,-0.0254,1.0004,0.0337,0.5250,-2.6600,0.8400
3305705,sitting,-0.0256,1.0006,0.0334,0.5600,-2.7300,0.8400
3305724,sitting,-0.0259,0.9997,0.0334,0.4900,-2.7300,0.8050
3305743,sitting,-0.0259,1.0004,0.0342,0.5250,-2.6950,0.7700
3305763,sitting,-0.0251,0.9999,0.0339,0.4900,-2.7300,0.7700
3305782,sitting,-0.0264,1.0004,0.0342,0.5250,-2.7300,0.7700
3305801,sitting,-0.0256,0.9999,0.0346,0.4900,-2.7300,0.7350
3305820,sitting,-0.0261,1.0006,0.0344,0.5250,-2.7300,0.8050
3305840,sitting,-0.0259,1.0006,0.0346,0.4900,-2.6950,0.7700
3305859,sitting,-0.0261,0.9994,0.0339,0.5250,-2.7300,0.7700
3305878,sitting,-0.0254,0.9994,0.0342,0.4200,-2.7300,0.7700
3305897,sitting,-0.0249,1.0002,0.0351,0.5600,-2.7300,0.7700
3305917,sitting,-0.0259,0.9999,0.0344,0.4200,-2.7300,0.7350
3305936,sitting,-0.0259,1.0006,0.0337,0.5600,-2.7300,0.8400
3305955,sitting,-0.0254,1.0002,0.0334,0.4550,-2.7300,0.7700
3305974,sitting,-0.0261,1.0004,0.0339,0.5600,-2.7300,0.8050
3305993,sitting,-0.0266,1.0002,0.0346,0.4200,-2.6950,0.8400
3306013,sitting,-0.0259,0.9999,0.0354,0.4550,-2.7300,0.7700
3306032,sitting,-0.0254,1.0009,0.0337,0.4550,-2.7300,0.8050
3306051,sitting,-0.0261,1.0004,0.0339,0.5250,-2.7300,0.7700
3306070,sitting,-0.0251,1.0009,0.0346,0.4550,-2.7300,0.7700
3306090,sitting,-0.0251,1.0002,0.0344,0.5250,-2.7300,0.8400
3306109,sitting,-0.0246,0.9999,0.0342,0.4550,-2.7300,0.7700
3306128,sitting,-0.0259,1.0011,0.0344,0.5250,-2.7300,0.8050
3306147,sitting,-0.0254,1.0004,0.0344,0.4550,-2.7300,0.8050
3306167,sitting,-0.0259,0.9999,0.0344,0.5250,-2.7300,0.8050
3306186,sitting,-0.0264,1.0014,0.0344,0.4550,-2.7300,0.8400
3306205,sitting,-0.0261,1.0004,0.0346,0.5250,-2.7650,0.8050
3306224,sitting,-0.0264,0.9997,0.0349,0.4900,-2.6950,0.8050
3306243,sitting,-0.0264,1.0002,0.0339,0.4900,-2.7300,0.8050
3306263,sitting,-0.0254,0.9994,0.0346,0.5250,-2.7300,0.8050
3306282,sitting,-0.0254,0.9999,0.0344,0.4900,-2.7300,0.8050
3306301,sitting,-0.0251,1.0004,0.0332,0.5600,-2.7300,0.8050
3306320,sitting,-0.0254,0.9999,0.0351,0.4900,-2.7300,0.8400
3306340,sitting,-0.0254,1.0002,0.0349,0.5250,-2.7300,0.8400
3306359,sitting,-0.0254,1.0009,0.0339,0.4200,-2.6950,0.7700
3306378,sitting,-0.0266,1.0004,0.0332,0.5250,-2.6950,0.7700
3306397,sitting,-0.0261,1.0004,0.0339,0.4900,-2.6950,0.8400
3306417,sitting,-0.0259,1.0006,0.0337,0.5600,-2.7300,0.8050
3306436,sitting,-0.0254,1.0002,0.0344,0.4900,-2.7300,0.7700
3306455,sitting,-0.0254,0.9994,0.0344,0.5250,-2.6950,0.8400
3306474,sitting,-0.0251,0.9999,0.0339,0.4550,-2.7300,0.7700
3306493,sitting,-0.0254,1.0009,0.0349,0.4900,-2.6950,0.8400
3306513,sitting,-0.0261,1.0002,0.0342,0.4900,-2.6950,0.7700
3306532,sitting,-0.0256,0.9999,0.0344,0.4900,-2.6950,0.7700
3306551,sitting,-0.0251,1.0004,0.0351,0.4900,-2.7300,0.7700
3306570,sitting,-0.0256,0.9999,0.0334,0.5250,-2.6950,0.7700
3306590,sitting,-0.0251,1.0016,0.0356,0.5250,-2.7300,0.8050
3306609,sitting,-0.0254,0.9989,0.0349,0.5250,-2.7300,0.7700
3306628,sitting,-0.0256,1.0009,0.0342,0.4900,-2.7300,0.8050
3306647,sitting,-0.0256,1.0002,0.0346,0.5600,-2.6950,0.8050
3306667,sitting,-0.0249,0.9994,0.0344,0.4900,-2.7300,0.7700
3306686,sitting,-0.0249,1.0004,0.0354,0.5250,-2.7650,0.7700
3306705,sitting,-0.0259,1.0006,0.0337,0.4900,-2.7300,0.8050
3306724,sitting,-0.0259,0.9999,0.0334,0.5250,-2.7300,0.8050
3306743,sitting,-0.0254,1.0004,0.0354,0.4200,-2.7300,0.8400
3306763,sitting,-0.0251,0.9999,0.0349,0.5250,-2.7300,0.8400
3306782,sitting,-0.0246,0.9992,0.0334,0.4550,-2.7300,0.7700
3306801,sitting,-0.0249,0.9997,0.0349,0.5600,-2.7650,0.7700
3306820,sitting,-0.0254,0.9989,0.0344,0.4550,-2.6950,0.8050
3306840,sitting,-0.0251,1.0004,0.0349,0.4900,-2.7300,0.7700
3306859,sitting,-0.0261,0.9999,0.0337,0.4550,-2.7300,0.7700
3306878,sitting,-0.0261,0.9999,0.0354,0.5250,-2.7300,0.8400
3306897,sitting,-0.0251,0.9994,0.0342,0.5250,-2.7300,0.8400
3306917,sitting,-0.0261,0.9999,0.0351,0.4900,-2.7300,0.7700
3306936,sitting,-0.0261,1.0006,0.0351,0.5250,-2.7300,0.8400
3306955,sitting,-0.0251,0.9994,0.0346,0.4900,-2.7300,0.8050
3306974,sitting,-0.0254,0.9997,0.0342,0.5250,-2.7300,0.8050
3306993,sitting,-0.0244,1.0004,0.0349,0.4900,-2.6950,0.8050
3307013,sitting,-0.0254,1.0006,0.0349,0.4900,-2.7300,0.8050
3307032,sitting,-0.0249,0.9999,0.0344,0.4900,-2.7300,0.7700
3307051,sitting,-0.0256,0.9999,0.0342,0.5250,-2.7300,0.7700
3307070,sitting,-0.0249,1.0009,0.0339,0.5250,-2.6950,0.7700
3307090,sitting,-0.0259,1.0004,0.0344,0.4900,-2.7300,0.8050
3307109,sitting,-0.0254,0.9999,0.0351,0.5250,-2.7300,0.8050
3307128,sitting,-0.0254,1.0006,0.0329,0.4900,-2.7300,0.7700
3307147,sitting,-0.0259,1.0002,0.0346,0.4900,-2.7300,0.7700
3307167,sitting,-0.0276,0.9997,0.0346,0.4900,-2.7300,0.7700
3307186,sitting,-0.0259,0.9999,0.0342,0.4550,-2.7300,0.8050
3307205,sitting,-0.0261,0.9994,0.0329,0.5250,-2.7300,0.8050
3307224,sitting,-0.0256,1.0004,0.0339,0.4550,-2.6950,0.8050
3307243,sitting,-0.0256,1.0004,0.0342,0.5250,-2.7300,0.7700
3307263,sitting,-0.0249,1.0009,0.0356,0.4550,-2.7300,0.7700
3307282,sitting,-0.0251,1.0002,0.0349,0.4900,-2.7300,0.7700
3307301,sitting,-0.0249,0.9997,0.0349,0.4550,-2.6950,0.7700
3307320,sitting,-0.0261,0.9999,0.0342,0.4900,-2.6950,0.7700
3307340,sitting,-0.0254,1.0004,0.0344,0.4900,-2.7300,0.8400
3307359,sitting,-0.0249,1.0002,0.0337,0.5250,-2.6950,0.8050
3307378,sitting,-0.0259,1.0006,0.0342,0.4900,-2.7300,0.7700
3307397,sitting,-0.0254,1.0002,0.0346,0.4900,-2.7300,0.7700
3307417,sitting,-0.0246,1.0004,0.0334,0.4900,-2.7300,0.8400
3307436,sitting,-0.0242,1.0002,0.0346,0.4900,-2.7300,0.7700
3307455,sitting,-0.0256,1.0014,0.0354,0.4900,-2.7300,0.7700
3307474,sitting,-0.0254,1.0002,0.0346,0.4900,-2.7300,0.7700
3307493,sitting,-0.0254,1.0004,0.0346,0.4900,-2.7300,0.8050
3307513,sitting,-0.0261,0.9999,0.0344,0.4900,-2.6950,0.8050
3307532,sitting,-0.0246,0.9994,0.0351,0.4900,-2.7300,0.8050
3307551,sitting,-0.0254,1.0004,0.0349,0.5250,-2.7300,0.8050
3307570,sitting,-0.0246,1.0016,0.0346,0.5250,-2.7300,0.7700
3307590,sitting,-0.0261,0.9997,0.0342,0.4900,-2.6950,0.8400
3307609,sitting,-0.0249,1.0006,0.0351,0.4900,-2.7300,0.8050
3307628,sitting,-0.0254,1.0002,0.0344,0.4900,-2.7300,0.8050
3307647,sitting,-0.0259,1.0004,0.0346,0.4900,-2.7300,0.7700
3307667,sitting,-0.0256,0.9999,0.0356,0.5600,-2.6600,0.8050
3307686,sitting,-0.0261,1.0009,0.0346,0.5250,-2.7300,0.7700
3307705,sitting,-0.0261,1.0006,0.0344,0.5250,-2.7300,0.7700
3307724,sitting,-0.0259,1.0011,0.0339,0.4900,-2.6950,0.7700
3307743,sitting,-0.0259,0.9999,0.0342,0.5250,-2.7300,0.8400
3307763,sitting,-0.0251,1.0004,0.0351,0.4900,-2.7300,0.7700
3307782,sitting,-0.0261,0.9997,0.0349,0.4900,-2.7300,0.8050
3307801,sitting,-0.0251,0.9997,0.0342,0.5250,-2.7300,0.8050
3307820,sitting,-0.0249,0.9999,0.0346,0.5250,-2.7300,0.7700
3307840,sitting,-0.0256,1.0009,0.0349,0.4900,-2.7300,0.8050
3307859,sitting,-0.0256,1.0004,0.0334,0.4900,-2.7300,0.7700
3307878,sitting,-0.0249,1.0002,0.0346,0.5600,-2.7300,0.8050
3307897,sitting,-0.0251,1.0002,0.0344,0.5250,-2.7300,0.8050
3307917,sitting,-0.0251,1.0004,0.0342,0.4900,-2.7300,0.8400
3307936,sitting,-0.0256,1.0011,0.0334,0.4900,-2.7300,0.8400
3307955,sitting,-0.0251,0.9994,0.0344,0.5250,-2.7300,0.8050
3307974,sitting,-0.0251,1.0002,0.0342,0.4900,-2.7300,0.8400
3307993,sitting,-0.0259,1.0002,0.0346,0.4900,-2.7300,0.7700
3308013,sitting,-0.0254,0.9999,0.0342,0.4900,-2.7300,0.7700
3308032,sitting,-0.0246,0.9999,0.0344,0.5250,-2.7300,0.8050
3308051,sitting,-0.0256,1.0002,0.0339,0.4900,-2.7300,0.7700
3308070,sitting,-0.0261,1.0004,0.0346,0.4550,-2.6600,0.7700
3308090,sitting,-0.0261,1.0006,0.0349,0.4900,-2.7300,0.7700
3308109,sitting,-0.0256,1.0011,0.0337,0.4900,-2.7300,0.7700
3308128,sitting,-0.0246,1.0016,0.0346,0.4900,-2.6950,0.8400
3308147,sitting,-0.0259,0.9999,0.0346,0.4900,-2.7300,0.7700
3308167,sitting,-0.0259,1.0002,0.0344,0.4900,-2.6950,0.8050
3308186,sitting,-0.0259,1.0002,0.0346,0.4900,-2.7300,0.7700
3308205,sitting,-0.0251,0.9999,0.0354,0.4900,-2.7300,0.8050
3308224,sitting,-0.0244,0.9997,0.0342,0.4900,-2.7300,0.7700
3308243,sitting,-0.0251,0.9994,0.0337,0.4900,-2.6950,0.8400
3308263,sitting,-0.0246,0.9989,0.0332,0.5250,-2.6950,0.8400
3308282,sitting,-0.0259,0.9994,0.0346,0.5600,-2.7300,0.8400
3308301,sitting,-0.0254,1.0006,0.0344,0.5250,-2.6600,0.8050
3308320,sitting,-0.0256,1.0002,0.0344,0.5250,-2.7300,0.8050
3308340,sitting,-0.0244,1.0006,0.0334,0.5250,-2.6950,0.8050
3308359,sitting,-0.0251,0.9997,0.0344,0.4900,-2.7300,0.8050
3308378,sitting,-0.0256,1.0002,0.0344,0.4900,-2.6600,0.7700
3308397,sitting,-0.0256,1.0009,0.0339,0.4900,-2.6950,0.7700
3308417,sitting,-0.0261,1.0006,0.0342,0.5250,-2.7300,0.7700
3308436,sitting,-0.0251,0.9997,0.0339,0.4900,-2.7300,0.7700
3308455,sitting,-0.0254,1.0004,0.0356,0.4900,-2.7300,0.7700
3308474,sitting,-0.0259,1.0002,0.0339,0.4900,-2.6950,0.7700
3308493,sitting,-0.0259,0.9994,0.0349,0.5250,-2.6950,0.7700
3308513,sitting,-0.0266,1.0006,0.0361,0.5250,-2.7300,0.7700
3308532,sitting,-0.0256,0.9997,0.0349,0.5250,-2.7300,0.7700
3308551,sitting,-0.0249,0.9992,0.0351,0.4900,-2.7300,0.8050
3308570,sitting,-0.0249,1.0006,0.0342,0.4900,-2.7300,0.8050
3308590,sitting,-0.0254,0.9999,0.0342,0.4900,-2.7300,0.8400
3308609,sitting,-0.0254,0.9999,0.0351,0.4900,-2.7300,0.8050
3308628,sitting,-0.0261,1.0011,0.0349,0.5600,-2.7300,0.7700
3308647,sitting,-0.0259,0.9999,0.0346,0.4900,-2.7300,0.8050
3308667,sitting,-0.0264,1.0002,0.0344,0.5250,-2.7300,0.8050
3308686,sitting,-0.0254,1.0006,0.0349,0.4550,-2.7300,0.8050
3308705,sitting,-0.0254,0.9999,0.0356,0.4900,-2.7300,0.8400
3308724,sitting,-0.0251,1.0002,0.0349,0.4900,-2.7300,0.8050
3308743,sitting,-0.0251,1.0004,0.0346,0.4900,-2.7300,0.8400
3308763,sitting,-0.0251,1.0002,0.0349,0.4900,-2.6950,0.8050
3308782,sitting,-0.0251,1.0004,0.0342,0.4900,-2.7300,0.8050
3308801,sitting,-0.0251,0.9999,0.0349,0.4900,-2.7300,0.8400
3308820,sitting,-0.0264,0.9999,0.0339,0.4900,-2.7650,0.8050
3308840,sitting,-0.0266,0.9999,0.0351,0.4900,-2.6950,0.8400
3308859,sitting,-0.0259,1.0002,0.0344,0.4900,-2.7300,0.8050
3308878,sitting,-0.0256,1.0006,0.0344,0.5250,-2.7300,0.8400
3308897,sitting,-0.0256,0.9997,0.0349,0.4900,-2.7300,0.8050
3308917,sitting,-0.0259,0.9989,0.0346,0.4900,-2.6950,0.8050
3308936,sitting,-0.0244,0.9992,0.0344,0.5250,-2.6950,0.8400
3308955,sitting,-0.0249,0.9997,0.0349,0.4900,-2.7300,0.8400
3308974,sitting,-0.0251,1.0002,0.0346,0.4900,-2.7300,0.7700
3308993,sitting,-0.0256,0.9999,0.0344,0.5250,-2.7300,0.8050
3309013,sitting,-0.0246,1.0004,0.0344,0.4900,-2.7300,0.8400
3309032,sitting,-0.0249,1.0002,0.0346,0.4900,-2.7300,0.7700
3309051,sitting,-0.0251,1.0002,0.0346,0.4900,-2.6600,0.7700
3309070,sitting,-0.0259,1.0002,0.0346,0.5250,-2.7300,0.7700
3309090,sitting,-0.0254,1.0004,0.0349,0.4900,-2.7300,0.8050
3309109,sitting,-0.0254,1.0004,0.0349,0.4900,-2.7300,0.7700
3309128,sitting,-0.0256,0.9997,0.0346,0.4900,-2.7300,0.7700
3309147,sitting,-0.0264,0.9994,0.0344,0.4900,-2.6950,0.8400
3309167,sitting,-0.0249,0.9997,0.0339,0.4900,-2.7300,0.8400
3309186,sitting,-0.0246,0.9997,0.0349,0.4900,-2.7300,0.7700
3309205,sitting,-0.0254,0.9994,0.0349,0.4900,-2.7300,0.7700
3309224,sitting,-0.0249,0.9999,0.0337,0.4900,-2.7300,0.8050
3309243,sitting,-0.0261,1.0002,0.0349,0.4900,-2.7300,0.7700
3309263,sitting,-0.0256,0.9999,0.0342,0.5250,-2.7300,0.8050
3309282,sitting,-0.0261,1.0006,0.0342,0.4900,-2.7300,0.7700
3309301,sitting,-0.0259,1.0004,0.0346,0.4900,-2.7300,0.8050
3309320,sitting,-0.0256,0.9994,0.0342,0.4550,-2.7300,0.8050
3309340,sitting,-0.0261,0.9999,0.0342,0.4900,-2.7300,0.8050
3309359,sitting,-0.0251,1.0004,0.0346,0.4900,-2.7300,0.8400
3309378,sitting,-0.0254,1.0009,0.0344,0.4900,-2.7300,0.7700
3309397,sitting,-0.0256,1.0004,0.0334,0.4550,-2.7300,0.7700
3309417,sitting,-0.0259,1.0004,0.0344,0.4550,-2.7300,0.8050
3309436,sitting,-0.0264,1.0002,0.0344,0.4900,-2.7300,0.7700
3309455,sitting,-0.0254,1.0006,0.0342,0.4900,-2.7300,0.7700
3309474,sitting,-0.0256,1.0004,0.0349,0.5250,-2.7300,0.8400
3309493,sitting,-0.0259,1.0002,0.0344,0.4900,-2.6950,0.7700
3309513,sitting,-0.0259,0.9997,0.0339,0.4900,-2.7300,0.7700
3309532,sitting,-0.0256,0.9992,0.0334,0.4900,-2.6950,0.8050
3309551,sitting,-0.0259,0.9999,0.0349,0.4900,-2.7300,0.8400
3309570,sitting,-0.0271,1.0004,0.0346,0.5250,-2.7650,0.8050
3309590,sitting,-0.0268,0.9989,0.0342,0.4900,-2.6600,0.7700
3309609,sitting,-0.0254,1.0004,0.0342,0.4900,-2.7300,0.8050
3309628,sitting,-0.0249,0.9994,0.0342,0.4900,-2.7300,0.8050
3309647,sitting,-0.0261,0.9999,0.0349,0.4900,-2.7300,0.7700
3309667,sitting,-0.0259,1.0002,0.0354,0.4550,-2.7300,0.7700
3309686,sitting,-0.0249,1.0002,0.0349,0.5600,-2.6950,0.8050
3309705,sitting,-0.0256,1.0006,0.0342,0.4900,-2.7300,0.7700
3309724,sitting,-0.0264,1.0004,0.0344,0.5250,-2.7300,0.7700
3309743,sitting,-0.0256,1.0002,0.0334,0.4900,-2.6950,0.7700
3309763,sitting,-0.0251,1.0002,0.0342,0.5250,-2.7300,0.8050
3309782,sitting,-0.0261,1.0004,0.0354,0.5250,-2.7300,0.7700
3309801,sitting,-0.0256,1.0002,0.0346,0.5600,-2.7650,0.7700
3309820,sitting,-0.0254,1.0002,0.0344,0.4900,-2.7300,0.7700
3309840,sitting,-0.0249,0.9999,0.0351,0.4900,-2.7300,0.8050
3309859,sitting,-0.0246,1.0004,0.0351,0.5250,-2.7300,0.8400
3309878,sitting,-0.0251,0.9994,0.0359,0.4550,-2.7300,0.8400
3309897,sitting,-0.0256,1.0002,0.0346,0.4900,-2.7300,0.8050
3309917,sitting,-0.0251,1.0004,0.0346,0.4900,-2.7300,0.7700
3309936,sitting,-0.0254,1.0004,0.0344,0.5250,-2.7300,0.7700
3309955,sitting,-0.0254,1.0006,0.0346,0.4550,-2.7650,0.7700
3309974,sitting,-0.0246,0.9999,0.0346,0.4900,-2.7300,0.7700
3309993,sitting,-0.0256,1.0002,0.0356,0.4900,-2.7300,0.8050
3310013,sitting,-0.0251,0.9999,0.0346,0.4900,-2.7300,0.8050
3310032,sitting,-0.0254,0.9999,0.0342,0.4900,-2.7300,0.7700
3310051,sitting,-0.0259,1.0006,0.0344,0.4550,-2.7300,0.7700
3310070,sitting,-0.0256,1.0002,0.0359,0.4900,-2.7300,0.8050
3310090,sitting,-0.0256,1.0002,0.0339,0.4550,-2.7300,0.8050
3310109,sitting,-0.0256,1.0002,0.0344,0.4900,-2.7300,0.8050
3310128,sitting,-0.0254,0.9999,0.0346,0.5600,-2.7300,0.8050
3310147,sitting,-0.0254,0.9999,0.0354,0.4550,-2.7300,0.8400
3310167,sitting,-0.0259,1.0002,0.0351,0.5600,-2.7300,0.7700
3310186,sitting,-0.0256,1.0002,0.0349,0.4900,-2.6950,0.8050
3310205,sitting,-0.0254,0.9992,0.0349,0.5250,-2.6950,0.8400
3310224,sitting,-0.0256,0.9987,0.0342,0.4900,-2.7300,0.8400
3310243,sitting,-0.0259,1.0002,0.0351,0.4900,-2.7300,0.8400
3310263,sitting,-0.0246,1.0004,0.0344,0.4900,-2.7300,0.7700
3310282,sitting,-0.0256,1.0002,0.0334,0.4900,-2.7300,0.8050
3310301,sitting,-0.0261,0.9999,0.0334,0.4900,-2.7300,0.7700
3310320,sitting,-0.0254,1.0009,0.0339,0.5600,-2.6950,0.8050
3310340,sitting,-0.0249,1.0004,0.0342,0.4900,-2.7300,0.7700
3310359,sitting,-0.0256,0.9997,0.0342,0.4900,-2.7300,0.7700
3310378,sitting,-0.0259,1.0004,0.0342,0.4900,-2.7300,0.7700
3310397,sitting,-0.0254,1.0002,0.0342,0.5250,-2.7300,0.8050
3310417,sitting,-0.0259,1.0004,0.0344,0.4900,-2.7300,0.7700
3310436,sitting,-0.0254,1.0004,0.0349,0.5250,-2.7300,0.8050
3310455,sitting,-0.0256,1.0002,0.0346,0.4900,-2.7300,0.8050
3310474,sitting,-0.0256,1.0006,0.0346,0.4900,-2.7300,0.7700
3310493,sitting,-0.0259,0.9999,0.0339,0.4900,-2.7300,0.8050
3310513,sitting,-0.0259,0.9992,0.0346,0.4900,-2.7300,0.8050
3310532,sitting,-0.0251,1.0006,0.0337,0.4900,-2.7300,0.8050
3310551,sitting,-0.0251,1.0014,0.0344,0.4900,-2.7300,0.8400
3310570,sitting,-0.0251,1.0002,0.0346,0.4550,-2.7300,0.8050
3310590,sitting,-0.0259,1.0004,0.0339,0.4900,-2.6950,0.7700
3310609,sitting,-0.0254,1.0004,0.0344,0.4900,-2.7300,0.8050
3310628,sitting,-0.0246,1.0002,0.0349,0.4900,-2.7300,0.8050
3310647,sitting,-0.0266,1.0004,0.0344,0.4550,-2.7300,0.8400
3310667,sitting,-0.0256,0.9999,0.0344,0.4550,-2.7300,0.8400
3310686,sitting,-0.0254,1.0006,0.0351,0.4900,-2.7300,0.8400
3310705,sitting,-0.0256,1.0004,0.0342,0.4900,-2.7300,0.8400
3310724,sitting,-0.0242,0.9997,0.0346,0.4900,-2.7300,0.8050
3310743,sitting,-0.0246,0.9999,0.0339,0.4900,-2.7300,0.8400
3310763,sitting,-0.0254,1.0004,0.0351,0.4900,-2.6950,0.8400
3310782,sitting,-0.0251,0.9999,0.0344,0.4900,-2.7300,0.7700
3310801,sitting,-0.0259,0.9999,0.0346,0.4900,-2.7300,0.7700
3310820,sitting,-0.0256,1.0004,0.0346,0.4900,-2.7300,0.8050
3310840,sitting,-0.0256,0.9997,0.0349,0.4900,-2.7300,0.8400
3310859,sitting,-0.0259,0.9999,0.0346,0.4900,-2.6950,0.7700
3310878,sitting,-0.0246,1.0002,0.0354,0.5250,-2.6950,0.8050
3310897,sitting,-0.0251,1.0002,0.0351,0.4900,-2.7300,0.7700
3310917,sitting,-0.0264,0.9994,0.0356,0.5250,-2.7300,0.7700
3310936,sitting,-0.0256,1.0002,0.0349,0.5250,-2.7300,0.7700
3310955,sitting,-0.0256,1.0011,0.0351,0.4900,-2.6950,0.8050
3310974,sitting,-0.0261,1.0002,0.0337,0.4900,-2.7300,0.8050
3310993,sitting,-0.0254,1.0006,0.0344,0.4900,-2.6950,0.8050
3311013,sitting,-0.0268,1.0004,0.0329,0.4900,-2.6950,0.7700
3311032,sitting,-0.0261,1.0002,0.0339,0.4900,-2.7300,0.8050
3311051,sitting,-0.0256,1.0002,0.0344,0.4900,-2.7650,0.8050
3311070,sitting,-0.0251,0.9994,0.0342,0.5250,-2.7300,0.7700
3311090,sitting,-0.0264,0.9994,0.0354,0.4900,-2.7300,0.7700
3311109,sitting,-0.0254,1.0009,0.0351,0.5250,-2.6950,0.8050
3311128,sitting,-0.0259,1.0011,0.0349,0.5250,-2.7300,0.8400
3311147,sitting,-0.0251,1.0004,0.0344,0.5250,-2.7300,0.8050
3311167,sitting,-0.0254,0.9999,0.0346,0.4900,-2.6950,0.8050
3311186,sitting,-0.0259,0.9999,0.0344,0.4900,-2.7300,0.8050
3311205,sitting,-0.0249,0.9999,0.0342,0.4550,-2.7300,0.7700
3311224,sitting,-0.0244,1.0002,0.0344,0.4900,-2.7300,0.8050
3311243,sitting,-0.0254,0.9999,0.0346,0.4900,-2.7300,0.8050
3311263,sitting,-0.0254,0.9999,0.0356,0.4900,-2.7300,0.8400
3311282,sitting,-0.0256,0.9999,0.0351,0.4550,-2.7300,0.8400
3311301,sitting,-0.0256,1.0006,0.0344,0.4900,-2.7300,0.7700
3311320,sitting,-0.0259,0.9997,0.0342,0.5250,-2.7300,0.8400
3311340,sitting,-0.0259,0.9994,0.0349,0.4900,-2.7300,0.7700
3311359,sitting,-0.0256,1.0002,0.0349,0.4900,-2.7300,0.7700
3311378,sitting,-0.0261,0.9992,0.0342,0.5250,-2.7650,0.8050
3311397,sitting,-0.0266,0.9999,0.0344,0.4900,-2.7300,0.8400
3311417,sitting,-0.0266,1.0006,0.0356,0.4900,-2.6950,0.8400
3311436,sitting,-0.0256,0.9997,0.0346,0.4900,-2.7300,0.7700
3311455,sitting,-0.0259,1.0002,0.0342,0.4550,-2.7300,0.8050
3311474,sitting,-0.0256,1.0009,0.0349,0.4900,-2.6950,0.7700
3311493,sitting,-0.0251,1.0006,0.0351,0.5250,-2.7300,0.7700
3311513,sitting,-0.0251,1.0004,0.0346,0.4550,-2.7300,0.8050
3311532,sitting,-0.0246,1.0009,0.0349,0.4900,-2.6950,0.8050
3311551,sitting,-0.0256,1.0004,0.0339,0.5600,-2.7300,0.7700
3311570,sitting,-0.0256,1.0002,0.0337,0.4900,-2.7300,0.7700
3311590,sitting,-0.0264,1.0009,0.0354,0.5600,-2.7300,0.7700
3311609,sitting,-0.0246,1.0014,0.0339,0.5250,-2.7300,0.8050
3311628,sitting,-0.0242,0.9999,0.0332,0.4900,-2.7300,0.8050
3311647,sitting,-0.0254,1.0006,0.0344,0.4900,-2.7300,0.7700
3311667,sitting,-0.0261,0.9994,0.0337,0.5250,-2.7300,0.8050
3311686,sitting,-0.0256,1.0006,0.0339,0.4900,-2.7300,0.8400
3311705,sitting,-0.0251,0.9999,0.0344,0.4550,-2.7300,0.7700
3311724,sitting,-0.0259,0.9999,0.0344,0.4900,-2.7300,0.7700
3311743,sitting,-0.0249,1.0002,0.0351,0.4900,-2.6950,0.8050
3311763,sitting,-0.0246,1.0009,0.0346,0.4900,-2.7300,0.8400
3311782,sitting,-0.0251,0.9999,0.0342,0.4550,-2.7300,0.8400
3311801,sitting,-0.0249,0.9989,0.0337,0.4900,-2.7300,0.7700
3311820,sitting,-0.0246,1.0004,0.0342,0.4900,-2.7300,0.7700
3311840,sitting,-0.0259,1.0004,0.0339,0.4900,-2.7300,0.8050
3311859,sitting,-0.0261,0.9989,0.0364,0.4550,-2.7300,0.8400
3311878,sitting,-0.0264,0.9999,0.0354,0.4550,-2.7300,0.8050
3311897,sitting,-0.0254,0.9997,0.0346,0.4900,-2.7300,0.7700
3311917,sitting,-0.0249,0.9997,0.0346,0.4900,-2.6950,0.7700
3311936,sitting,-0.0246,1.0004,0.0351,0.4900,-2.7300,0.7700
3311955,sitting,-0.0256,1.0009,0.0351,0.4900,-2.7300,0.8050
3311974,sitting,-0.0264,0.9999,0.0346,0.4900,-2.6950,0.8050
3311993,sitting,-0.0251,1.0011,0.0351,0.4550,-2.7300,0.8050
3312013,sitting,-0.0246,1.0006,0.0349,0.4900,-2.7300,0.8400
3312032,sitting,-0.0256,0.9994,0.0342,0.4900,-2.7300,0.8400
3312051,sitting,-0.0259,0.9999,0.0351,0.4900,-2.7300,0.8400
3312070,sitting,-0.0251,0.9994,0.0354,0.5250,-2.7300,0.8400
3312090,sitting,-0.0256,0.9989,0.0351,0.4900,-2.6950,0.8050
3312109,sitting,-0.0249,1.0002,0.0344,0.4900,-2.6600,0.8050
3312128,sitting,-0.0251,0.9997,0.0351,0.4900,-2.7300,0.8050
3312147,sitting,-0.0256,0.9997,0.0337,0.5250,-2.7300,0.7700
3312167,sitting,-0.0254,1.0004,0.0344,0.5250,-2.6600,0.8050
3312186,sitting,-0.0249,1.0002,0.0356,0.5250,-2.7300,0.8050
3312205,sitting,-0.0264,0.9997,0.0346,0.4900,-2.7300,0.7700
3312224,sitting,-0.0244,1.0016,0.0339,0.4900,-2.7300,0.8400
3312243,sitting,-0.0256,0.9999,0.0346,0.4900,-2.7300,0.7700
3312263,sitting,-0.0251,0.9999,0.0339,0.4550,-2.7300,0.7700
3312282,sitting,-0.0259,1.0002,0.0342,0.5250,-2.7300,0.8050
3312301,sitting,-0.0251,0.9999,0.0339,0.5250,-2.7300,0.7700
3312320,sitting,-0.0261,1.0004,0.0346,0.5600,-2.7300,0.7700
3312340,sitting,-0.0254,1.0004,0.0354,0.4900,-2.7300,0.7700
3312359,sitting,-0.0261,1.0004,0.0342,0.4900,-2.7300,0.7700
3312378,sitting,-0.0259,1.0002,0.0332,0.4550,-2.7300,0.8050
3312397,sitting,-0.0259,1.0011,0.0339,0.5250,-2.7300,0.8400
3312417,sitting,-0.0261,0.9999,0.0351,0.5250,-2.7300,0.8050
3312436,sitting,-0.0251,1.0002,0.0351,0.4900,-2.7300,0.8400
3312455,sitting,-0.0249,1.0004,0.0342,0.4900,-2.7300,0.8400
3312474,sitting,-0.0259,1.0004,0.0339,0.4900,-2.7300,0.8050
3312493,sitting,-0.0256,1.0002,0.0354,0.4550,-2.7650,0.7700
3312513,sitting,-0.0246,1.0016,0.0346,0.4900,-2.7300,0.8400
3312532,sitting,-0.0264,1.0011,0.0334,0.4200,-2.7300,0.8050
3312551,sitting,-0.0256,1.0002,0.0332,0.4900,-2.7300,0.7700
3312570,sitting,-0.0256,1.0004,0.0342,0.4200,-2.6950,0.8400
3312590,sitting,-0.0249,1.0009,0.0354,0.5250,-2.7300,0.8400
3312609,sitting,-0.0261,0.9999,0.0349,0.4550,-2.7300,0.8400
3312628,sitting,-0.0261,1.0002,0.0346,0.4900,-2.7300,0.8050
3312647,sitting,-0.0259,1.0004,0.0342,0.4550,-2.7300,0.7700
3312667,sitting,-0.0256,0.9997,0.0342,0.4900,-2.7300,0.8400
3312686,sitting,-0.0249,1.0006,0.0349,0.4900,-2.7300,0.8050
3312705,sitting,-0.0249,0.9999,0.0349,0.4900,-2.7300,0.8400
3312724,sitting,-0.0251,0.9992,0.0344,0.4550,-2.7300,0.8400
3312743,sitting,-0.0259,1.0002,0.0339,0.4900,-2.6600,0.8050
3312763,sitting,-0.0249,0.9999,0.0342,0.4900,-2.7300,0.7700
3312782,sitting,-0.0251,1.0002,0.0327,0.5250,-2.7300,0.8050
3312801,sitting,-0.0256,1.0002,0.0339,0.4900,-2.6950,0.8050
3312820,sitting,-0.0251,0.9999,0.0339,0.5250,-2.7300,0.8400
3312840,sitting,-0.0249,0.9994,0.0359,0.4550,-2.7300,0.7700
3312859,sitting,-0.0273,1.0002,0.0344,0.5250,-2.6600,0.7700
3312878,sitting,-0.0256,0.9999,0.0349,0.4550,-2.7300,0.7700
3312897,sitting,-0.0251,1.0006,0.0346,0.5600,-2.6950,0.7700
3312917,sitting,-0.0259,0.9992,0.0351,0.4900,-2.7300,0.7700
3312936,sitting,-0.0259,0.9999,0.0351,0.5600,-2.6600,0.8050
3312955,sitting,-0.0259,1.0006,0.0351,0.4550,-2.7300,0.8050
3312974,sitting,-0.0242,1.0002,0.0346,0.5250,-2.7300,0.8050
3312993,sitting,-0.0254,0.9997,0.0346,0.4900,-2.6950,0.8050
3313013,sitting,-0.0251,0.9997,0.0346,0.5250,-2.7300,0.8050
3313032,sitting,-0.0254,1.0002,0.0344,0.4550,-2.7300,0.7700
3313051,sitting,-0.0254,0.9997,0.0334,0.4550,-2.7300,0.7700
3313070,sitting,-0.0264,1.0006,0.0351,0.5250,-2.7300,0.8400
3313090,sitting,-0.0268,1.0009,0.0344,0.4550,-2.7300,0.8400
3313109,sitting,-0.0264,1.0002,0.0346,0.4550,-2.7300,0.8050
3313128,sitting,-0.0246,0.9997,0.0339,0.4550,-2.7300,0.8050
3313147,sitting,-0.0251,1.0011,0.0351,0.5250,-2.7300,0.8050
3313167,sitting,-0.0254,1.0006,0.0342,0.4550,-2.7300,0.8400
3313186,sitting,-0.0261,1.0002,0.0342,0.4550,-2.7300,0.8400
3313205,sitting,-0.0251,0.9994,0.0344,0.4550,-2.7300,0.8050
3313224,sitting,-0.0254,0.9997,0.0354,0.4900,-2.7300,0.8400
3313243,sitting,-0.0256,1.0011,0.0346,0.4200,-2.6950,0.8400
3313263,sitting,-0.0259,0.9994,0.0339,0.4900,-2.6950,0.8400
3313282,sitting,-0.0256,0.9997,0.0346,0.4900,-2.7300,0.7700
3313301,sitting,-0.0254,0.9999,0.0346,0.4900,-2.7300,0.8400
3313320,sitting,-0.0268,1.0004,0.0344,0.4550,-2.7300,0.8400
3313340,sitting,-0.0259,1.0009,0.0351,0.4900,-2.7300,0.8400
3313359,sitting,-0.0249,1.0006,0.0344,0.4900,-2.7300,0.8400
3313378,sitting,-0.0261,1.0004,0.0337,0.4900,-2.6950,0.8050
3313397,sitting,-0.0256,1.0009,0.0349,0.4900,-2.7300,0.8050
3313417,sitting,-0.0251,1.0006,0.0344,0.5250,-2.7300,0.8400
3313436,sitting,-0.0261,1.0006,0.0346,0.5250,-2.7300,0.7700
3313455,sitting,-0.0259,0.9994,0.0342,0.4550,-2.7300,0.8050
3313474,sitting,-0.0251,1.0009,0.0334,0.5250,-2.7300,0.7700
3313493,sitting,-0.0254,0.9997,0.0337,0.5250,-2.6950,0.7700
3313513,sitting,-0.0261,1.0011,0.0346,0.4900,-2.7300,0.8050
3313532,sitting,-0.0259,0.9999,0.0337,0.5250,-2.7300,0.8050
3313551,sitting,-0.0249,1.0006,0.0342,0.4900,-2.7300,0.8050
3313570,sitting,-0.0251,1.0006,0.0351,0.4900,-2.7300,0.8050
3313590,sitting,-0.0261,1.0006,0.0346,0.4900,-2.7300,0.8050
3313609,sitting,-0.0246,1.0009,0.0342,0.4900,-2.7300,0.7700
3313628,sitting,-0.0251,0.9999,0.0334,0.4900,-2.7300,0.8050
3313647,sitting,-0.0251,1.0004,0.0346,0.4900,-2.7300,0.8050
3313667,sitting,-0.0259,1.0009,0.0351,0.4900,-2.7300,0.8400
3313686,sitting,-0.0254,1.0002,0.0359,0.4900,-2.7300,0.8400
3313705,sitting,-0.0251,0.9997,0.0344,0.4900,-2.7300,0.8400
3313724,sitting,-0.0254,0.9999,0.0344,0.5250,-2.7300,0.8050
3313743,sitting,-0.0249,0.9997,0.0346,0.5250,-2.7650,0.8050
3313763,sitting,-0.0244,1.0004,0.0349,0.4900,-2.7300,0.7700
3313782,sitting,-0.0264,1.0006,0.0351,0.4900,-2.7300,0.8400
3313801,sitting,-0.0264,1.0006,0.0346,0.4200,-2.7300,0.8050
3313820,sitting,-0.0249,0.9999,0.0361,0.4900,-2.6950,0.7700
3313840,sitting,-0.0251,0.9999,0.0354,0.4900,-2.7300,0.8050
3313859,sitting,-0.0249,1.0006,0.0342,0.4900,-2.6600,0.8050
3313878,sitting,-0.0254,1.0006,0.0346,0.4550,-2.7300,0.8050
3313897,sitting,-0.0259,1.0009,0.0349,0.5250,-2.7300,0.8400
3313917,sitting,-0.0251,1.0002,0.0346,0.4900,-2.6950,0.8050
3313936,sitting,-0.0254,1.0004,0.0349,0.5250,-2.7300,0.8050
3313955,sitting,-0.0259,0.9997,0.0351,0.4900,-2.7300,0.8400
3313974,sitting,-0.0249,1.0002,0.0346,0.5250,-2.7300,0.8400
3313993,sitting,-0.0254,1.0006,0.0346,0.5250,-2.7300,0.7700
3314013,sitting,-0.0249,1.0004,0.0342,0.4900,-2.6600,0.8400
3314032,sitting,-0.0251,1.0009,0.0351,0.4900,-2.6950,0.8050
3314051,sitting,-0.0264,1.0004,0.0342,0.4900,-2.6600,0.8050
3314070,sitting,-0.0261,1.0004,0.0349,0.4900,-2.7300,0.8050
3314090,sitting,-0.0256,0.9997,0.0349,0.5250,-2.6950,0.8050
3314109,sitting,-0.0259,0.9992,0.0342,0.5250,-2.6950,0.8050
3314128,sitting,-0.0259,0.9997,0.0344,0.4900,-2.7300,0.8050
3314147,sitting,-0.0254,0.9994,0.0351,0.4900,-2.7300,0.7700
3314167,sitting,-0.0251,0.9997,0.0346,0.4550,-2.7300,0.7700
3314186,sitting,-0.0249,1.0002,0.0349,0.4900,-2.7300,0.7700
3314205,sitting,-0.0259,1.0002,0.0346,0.5250,-2.7300,0.7700
3314224,sitting,-0.0259,0.9999,0.0351,0.4900,-2.7300,0.7700
3314243,sitting,-0.0259,1.0002,0.0351,0.4900,-2.7300,0.7700
3314263,sitting,-0.0259,0.9999,0.0349,0.4900,-2.6950,0.7700
3314282,sitting,-0.0254,0.9997,0.0334,0.4550,-2.6950,0.8050
3314301,sitting,-0.0256,1.0002,0.0344,0.5600,-2.7300,0.8050
3314320,sitting,-0.0259,0.9997,0.0339,0.4900,-2.7300,0.8050
3314340,sitting,-0.0256,1.0002,0.0349,0.4900,-2.7300,0.8050
3314359,sitting,-0.0256,0.9997,0.0346,0.4900,-2.7300,0.7700
3314378,sitting,-0.0256,0.9999,0.0354,0.4900,-2.7300,0.8050
3314397,sitting,-0.0254,0.9999,0.0351,0.4900,-2.7300,0.8050
3314417,sitting,-0.0261,1.0002,0.0351,0.4900,-2.7650,0.8400
3314436,sitting,-0.0256,1.0002,0.0344,0.4550,-2.7300,0.8400
3314455,sitting,-0.0259,0.9997,0.0346,0.5250,-2.7300,0.8400
3314474,sitting,-0.0268,1.0002,0.0344,0.4900,-2.7300,0.8050
3314493,sitting,-0.0256,1.0006,0.0344,0.4900,-2.7300,0.7700
3314513,sitting,-0.0251,1.0004,0.0349,0.4900,-2.6950,0.8400
3314532,sitting,-0.0251,0.9997,0.0351,0.4900,-2.7300,0.8400
3314551,sitting,-0.0246,1.0004,0.0351,0.4900,-2.7300,0.7700
3314570,sitting,-0.0256,1.0011,0.0346,0.4550,-2.7300,0.8050
3314590,sitting,-0.0259,0.9999,0.0339,0.4900,-2.6950,0.8050
3314609,sitting,-0.0254,1.0002,0.0332,0.4900,-2.6950,0.8400
3314628,sitting,-0.0254,0.9999,0.0339,0.4900,-2.7300,0.7700
3314647,sitting,-0.0254,0.9997,0.0346,0.4900,-2.7300,0.8050
3314667,sitting,-0.0261,1.0006,0.0339,0.5250,-2.6600,0.8400
3314686,sitting,-0.0246,1.0006,0.0342,0.5600,-2.7300,0.7700
3314705,sitting,-0.0251,0.9997,0.0346,0.5250,-2.7300,0.8050
3314724,sitting,-0.0259,1.0004,0.0344,0.5250,-2.7300,0.8050
3314743,sitting,-0.0254,1.0002,0.0342,0.5250,-2.6950,0.7700
3314763,sitting,-0.0254,0.9994,0.0344,0.5250,-2.7300,0.8050
3314782,sitting,-0.0259,1.0002,0.0344,0.4900,-2.7300,0.7700
3314801,sitting,-0.0266,0.9997,0.0349,0.4900,-2.6600,0.7700
3314820,sitting,-0.0268,0.9999,0.0351,0.4900,-2.6950,0.8050
3314840,sitting,-0.0261,0.9999,0.0349,0.4900,-2.7300,0.7700
3314859,sitting,-0.0266,1.0004,0.0359,0.4900,-2.6950,0.7700
3314878,sitting,-0.0256,1.0002,0.0342,0.4900,-2.6950,0.8050
3314897,sitting,-0.0256,1.0004,0.0344,0.4900,-2.6950,0.7700
3314917,sitting,-0.0254,0.9999,0.0349,0.4900,-2.7300,0.7700
3314936,sitting,-0.0251,1.0006,0.0354,0.4550,-2.7300,0.7700
3314955,sitting,-0.0256,1.0004,0.0344,0.4900,-2.7300,0.7700
3314974,sitting,-0.0256,1.0004,0.0354,0.4900,-2.6950,0.8400
3314993,sitting,-0.0254,1.0009,0.0351,0.5600,-2.7300,0.7700
3315013,sitting,-0.0256,0.9999,0.0361,0.5250,-2.7300,0.8050
3315032,sitting,-0.0256,1.0004,0.0344,0.4900,-2.7300,0.7700
3315051,sitting,-0.0261,1.0006,0.0342,0.4900,-2.7300,0.8400
3315070,sitting,-0.0264,1.0004,0.0351,0.4900,-2.7650,0.8050
3315090,sitting,-0.0271,0.9999,0.0344,0.4900,-2.7300,0.7700
3315109,sitting,-0.0261,0.9999,0.0346,0.4900,-2.6950,0.7700
3315128,sitting,-0.0254,1.0002,0.0344,0.4900,-2.6950,0.8050
3315147,sitting,-0.0264,0.9997,0.0356,0.4550,-2.7300,0.8050
3315167,sitting,-0.0264,1.0009,0.0346,0.4550,-2.7300,0.8400
3315186,sitting,-0.0261,0.9999,0.0351,0.4900,-2.7300,0.8400
3315205,sitting,-0.0254,0.9999,0.0359,0.4900,-2.7300,0.7700
3315224,sitting,-0.0261,0.9997,0.0346,0.4900,-2.7300,0.7700
3315243,sitting,-0.0261,0.9999,0.0344,0.4900,-2.6950,0.8050
3315263,sitting,-0.0249,1.0002,0.0337,0.4900,-2.7300,0.7700
3315282,sitting,-0.0259,1.0002,0.0342,0.4900,-2.7300,0.8050
3315301,sitting,-0.0261,1.0009,0.0346,0.4900,-2.7300,0.7700
3315320,sitting,-0.0256,1.0002,0.0344,0.4900,-2.7300,0.8050
3315340,sitting,-0.0251,1.0002,0.0339,0.4900,-2.7300,0.7700
3315359,sitting,-0.0259,1.0002,0.0344,0.5250,-2.7300,0.8050
3315378,sitting,-0.0268,1.0002,0.0346,0.5250,-2.7300,0.7700
3315397,sitting,-0.0261,1.0006,0.0346,0.5250,-2.7300,0.7700
3315417,sitting,-0.0259,1.0002,0.0356,0.5250,-2.7300,0.7700
3315436,sitting,-0.0256,0.9999,0.0351,0.5600,-2.7300,0.7700
3315455,sitting,-0.0249,0.9997,0.0344,0.5250,-2.7300,0.8050
3315474,sitting,-0.0259,0.9987,0.0351,0.4900,-2.7300,0.7700
3315493,sitting,-0.0264,1.0004,0.0339,0.4900,-2.7300,0.8400
3315513,sitting,-0.0266,0.9997,0.0344,0.4900,-2.7300,0.8050
3315532,sitting,-0.0242,0.9994,0.0351,0.4900,-2.7300,0.7700
3315551,sitting,-0.0246,1.0002,0.0349,0.4900,-2.7300,0.8050
3315570,sitting,-0.0251,0.9999,0.0354,0.4900,-2.7300,0.8050
3315590,sitting,-0.0256,0.9999,0.0342,0.4900,-2.7300,0.7700
3315609,sitting,-0.0259,0.9994,0.0339,0.4900,-2.6950,0.8050
3315628,sitting,-0.0254,1.0009,0.0344,0.4900,-2.7300,0.8400
3315647,sitting,-0.0259,0.9994,0.0346,0.4900,-2.7300,0.8050
3315667,sitting,-0.0256,1.0004,0.0342,0.4900,-2.7300,0.8050
3315686,sitting,-0.0259,1.0004,0.0359,0.5600,-2.7300,0.8400
3315705,sitting,-0.0251,1.0009,0.0344,0.4900,-2.7300,0.7700
3315724,sitting,-0.0256,0.9999,0.0339,0.4900,-2.7300,0.8050
3315743,sitting,-0.0261,1.0004,0.0349,0.4900,-2.7300,0.8400
3315763,sitting,-0.0259,1.0006,0.0349,0.4900,-2.7300,0.7700
3315782,sitting,-0.0254,1.0006,0.0342,0.5250,-2.7300,0.8400
3315801,sitting,-0.0259,0.9994,0.0349,0.4900,-2.7300,0.8400
3315820,sitting,-0.0251,1.0006,0.0346,0.4900,-2.7300,0.8050
3315840,sitting,-0.0261,1.0004,0.0344,0.4550,-2.6950,0.8050
3315859,sitting,-0.0261,1.0006,0.0346,0.4900,-2.7300,0.7700
3315878,sitting,-0.0256,1.0002,0.0337,0.4900,-2.7300,0.8400
3315897,sitting,-0.0254,0.9997,0.0354,0.4900,-2.7300,0.8050
3315917,sitting,-0.0254,0.9999,0.0339,0.5250,-2.7300,0.8050
3315936,sitting,-0.0251,1.0006,0.0349,0.4900,-2.7300,0.7700
3315955,sitting,-0.0251,1.0006,0.0356,0.4900,-2.7300,0.7700
3315974,sitting,-0.0246,1.0011,0.0346,0.5250,-2.7300,0.7700
3315993,sitting,-0.0249,1.0002,0.0346,0.5250,-2.7300,0.7700
3316013,sitting,-0.0249,0.9999,0.0346,0.5250,-2.7300,0.8050
3316032,sitting,-0.0246,1.0004,0.0337,0.4900,-2.6950,0.8050
3316051,sitting,-0.0256,1.0002,0.0339,0.5250,-2.6950,0.7700
3316070,sitting,-0.0256,1.0004,0.0342,0.4900,-2.7300,0.8050
3316090,sitting,-0.0251,1.0004,0.0344,0.4900,-2.7300,0.7700
3316109,sitting,-0.0249,1.0006,0.0337,0.4900,-2.7300,0.7700
3316128,sitting,-0.0261,1.0009,0.0346,0.5250,-2.7300,0.7700
3316147,sitting,-0.0254,1.0002,0.0349,0.4900,-2.7300,0.8400
3316167,sitting,-0.0254,1.0009,0.0351,0.5250,-2.7300,0.8050
3316186,sitting,-0.0251,1.0002,0.0337,0.4900,-2.7300,0.7700
3316205,sitting,-0.0261,0.9999,0.0359,0.5250,-2.7300,0.8400
3316224,sitting,-0.0249,1.0004,0.0346,0.4550,-2.7650,0.7700
3316243,sitting,-0.0251,0.9999,0.0346,0.4900,-2.7300,0.8400
3316263,sitting,-0.0256,0.9999,0.0339,0.4900,-2.7300,0.8050
3316282,sitting,-0.0259,0.9997,0.0349,0.4900,-2.7300,0.7700
3316301,sitting,-0.0254,1.0004,0.0342,0.4550,-2.7300,0.7700
3316320,sitting,-0.0254,1.0004,0.0344,0.4900,-2.7300,0.8050
3316340,sitting,-0.0249,1.0014,0.0351,0.4550,-2.7300,0.7700
3316359,sitting,-0.0244,1.0004,0.0354,0.5250,-2.7300,0.8400
3316378,sitting,-0.0246,1.0004,0.0339,0.4900,-2.7300,0.8050
3316397,sitting,-0.0249,1.0009,0.0354,0.4550,-2.6950,0.7700
3316417,sitting,-0.0256,1.0004,0.0351,0.4550,-2.7300,0.7700
3316436,sitting,-0.0254,1.0006,0.0354,0.4900,-2.7300,0.8400
3316455,sitting,-0.0271,1.0004,0.0359,0.4550,-2.7300,0.8050
3316474,sitting,-0.0264,1.0006,0.0346,0.4900,-2.7300,0.8050
3316493,sitting,-0.0261,0.9997,0.0349,0.4900,-2.6950,0.8400
3316513,sitting,-0.0259,0.9997,0.0351,0.4900,-2.6950,0.8400
3316532,sitting,-0.0254,0.9997,0.0349,0.5250,-2.7300,0.8050
3316551,sitting,-0.0254,0.9999,0.0351,0.5250,-2.7300,0.8050
3316570,sitting,-0.0254,0.9999,0.0346,0.5250,-2.7300,0.8400
3316590,sitting,-0.0259,0.9999,0.0354,0.4900,-2.7300,0.7700
3316609,sitting,-0.0256,0.9999,0.0349,0.5600,-2.6950,0.7700
3316628,sitting,-0.0249,1.0006,0.0356,0.5250,-2.6950,0.7700
3316647,sitting,-0.0254,1.0004,0.0349,0.5250,-2.7300,0.8050
3316667,sitting,-0.0254,1.0004,0.0346,0.4550,-2.7300,0.7700
3316686,sitting,-0.0251,0.9999,0.0351,0.5250,-2.7300,0.8400
3316705,sitting,-0.0264,1.0002,0.0346,0.4900,-2.7300,0.8050
3316724,sitting,-0.0256,0.9987,0.0344,0.5250,-2.7300,0.7700
3316743,sitting,-0.0251,0.9989,0.0339,0.4550,-2.6950,0.7700
3316763,sitting,-0.0254,1.0002,0.0334,0.4900,-2.7300,0.7700
3316782,sitting,-0.0249,1.0009,0.0337,0.4900,-2.7300,0.8050
3316801,sitting,-0.0266,1.0002,0.0349,0.4900,-2.6950,0.7700
3316820,sitting,-0.0259,1.0016,0.0349,0.4900,-2.7300,0.8050
3316840,sitting,-0.0259,0.9999,0.0351,0.4900,-2.7300,0.8050
3316859,sitting,-0.0268,0.9999,0.0354,0.5250,-2.7300,0.8050
3316878,sitting,-0.0259,1.0002,0.0351,0.5250,-2.7300,0.8400
3316897,sitting,-0.0259,0.9999,0.0339,0.4900,-2.6950,0.8050
3316917,sitting,-0.0249,0.9997,0.0351,0.4550,-2.7300,0.8400
3316936,sitting,-0.0251,1.0004,0.0351,0.4900,-2.6950,0.7700
3316955,sitting,-0.0254,1.0006,0.0354,0.5250,-2.7300,0.8400
3316974,sitting,-0.0264,1.0004,0.0346,0.4900,-2.7300,0.8400
3316993,sitting,-0.0266,1.0009,0.0351,0.4900,-2.7300,0.8050
3317013,sitting,-0.0256,0.9989,0.0346,0.4900,-2.7300,0.8400
3317032,sitting,-0.0261,0.9997,0.0342,0.4550,-2.7300,0.7700
3317051,sitting,-0.0256,1.0002,0.0339,0.4900,-2.7300,0.8050
3317070,sitting,-0.0256,1.0004,0.0342,0.4900,-2.7300,0.8050
3317090,sitting,-0.0259,1.0002,0.0346,0.4900,-2.7300,0.8050
3317109,sitting,-0.0264,1.0002,0.0349,0.4900,-2.6950,0.7700
3317128,sitting,-0.0246,1.0006,0.0351,0.4900,-2.7300,0.8050
3317147,sitting,-0.0246,1.0002,0.0346,0.4900,-2.6950,0.8050
3317167,sitting,-0.0261,1.0011,0.0344,0.4900,-2.7300,0.7700
3317186,sitting,-0.0261,1.0004,0.0346,0.4550,-2.6950,0.8050
3317205,sitting,-0.0246,1.0004,0.0339,0.4900,-2.7300,0.7700
3317224,sitting,-0.0256,1.0004,0.0342,0.4900,-2.7300,0.8400
3317243,sitting,-0.0256,0.9994,0.0342,0.5250,-2.7300,0.8400
3317263,sitting,-0.0251,1.0004,0.0351,0.4900,-2.6600,0.8400
3317282,sitting,-0.0251,0.9997,0.0339,0.4900,-2.7300,0.8400
3317301,sitting,-0.0266,0.9997,0.0342,0.4900,-2.7300,0.7700
3317320,sitting,-0.0251,1.0004,0.0332,0.4900,-2.7300,0.8050
3317340,sitting,-0.0259,1.0004,0.0342,0.4900,-2.7300,0.7700
3317359,sitting,-0.0268,0.9994,0.0346,0.4900,-2.7300,0.8400
3317378,sitting,-0.0261,0.9994,0.0349,0.4900,-2.6600,0.7700
3317397,sitting,-0.0264,1.0011,0.0342,0.4900,-2.7300,0.8050
3317417,sitting,-0.0254,1.0006,0.0351,0.5250,-2.7300,0.8050
3317436,sitting,-0.0254,1.0004,0.0349,0.5250,-2.6950,0.7700
3317455,sitting,-0.0254,0.9999,0.0337,0.4900,-2.7300,0.7700
3317474,sitting,-0.0254,1.0002,0.0339,0.4900,-2.7300,0.8400
3317493,sitting,-0.0254,0.9999,0.0344,0.4900,-2.7300,0.8050
3317513,sitting,-0.0249,1.0002,0.0332,0.5250,-2.7300,0.8400
3317532,sitting,-0.0251,0.9999,0.0339,0.4900,-2.7300,0.8050
3317551,sitting,-0.0259,0.9999,0.0361,0.4900,-2.7300,0.8050
3317570,sitting,-0.0264,0.9999,0.0351,0.4550,-2.7300,0.8050
3317590,sitting,-0.0256,0.9994,0.0344,0.4900,-2.7300,0.7700
3317609,sitting,-0.0251,0.9999,0.0342,0.4900,-2.7300,0.8400
3317628,sitting,-0.0261,1.0006,0.0349,0.5250,-2.7300,0.8050
3317647,sitting,-0.0251,1.0004,0.0346,0.4550,-2.6950,0.8400
3317667,sitting,-0.0249,1.0006,0.0344,0.4900,-2.6950,0.8400
3317686,sitting,-0.0251,0.9997,0.0351,0.4550,-2.7300,0.8050
3317705,sitting,-0.0259,1.0002,0.0334,0.4900,-2.7300,0.8400
3317724,sitting,-0.0261,0.9999,0.0342,0.5250,-2.7300,0.7700
3317743,sitting,-0.0264,1.0004,0.0346,0.4550,-2.7300,0.7700
3317763,sitting,-0.0264,0.9997,0.0349,0.4900,-2.7300,0.7700
3317782,sitting,-0.0254,0.9997,0.0349,0.4550,-2.7300,0.7700
3317801,sitting,-0.0249,1.0004,0.0346,0.4900,-2.6950,0.8400
3317820,sitting,-0.0256,0.9997,0.0342,0.4900,-2.7300,0.8050
3317840,sitting,-0.0261,0.9999,0.0344,0.5250,-2.7300,0.8050
3317859,sitting,-0.0249,0.9997,0.0354,0.4900,-2.7300,0.8050
3317878,sitting,-0.0251,1.0004,0.0346,0.4900,-2.7300,0.7700
3317897,sitting,-0.0254,0.9997,0.0346,0.4900,-2.7300,0.8400
3317917,sitting,-0.0261,0.9999,0.0351,0.5250,-2.7300,0.7700
3317936,sitting,-0.0264,0.9997,0.0344,0.4900,-2.6950,0.8400
3317955,sitting,-0.0256,1.0002,0.0344,0.4900,-2.6950,0.7700
3317974,sitting,-0.0246,0.9992,0.0346,0.4900,-2.7300,0.7700
3317993,sitting,-0.0256,0.9999,0.0346,0.4900,-2.7300,0.8050
3318013,sitting,-0.0254,1.0006,0.0349,0.4900,-2.7300,0.7700
3318032,sitting,-0.0251,1.0002,0.0339,0.4900,-2.7300,0.8400
3318051,sitting,-0.0246,1.0004,0.0339,0.4900,-2.7300,0.8050
3318070,sitting,-0.0246,0.9999,0.0354,0.4900,-2.7300,0.7700
3318090,sitting,-0.0246,0.9999,0.0349,0.4900,-2.7300,0.8050
3318109,sitting,-0.0251,0.9997,0.0344,0.4900,-2.7650,0.7700
3318128,sitting,-0.0256,0.9994,0.0339,0.4900,-2.6950,0.7700
3318147,sitting,-0.0256,0.9999,0.0346,0.4900,-2.7650,0.8050
3318167,sitting,-0.0259,1.0006,0.0349,0.4900,-2.7300,0.8400
3318186,sitting,-0.0259,1.0004,0.0332,0.5250,-2.7650,0.7700
3318205,sitting,-0.0256,0.9992,0.0334,0.4900,-2.7300,0.8050
3318224,sitting,-0.0256,0.9997,0.0342,0.5250,-2.7300,0.8050
3318243,sitting,-0.0259,1.0004,0.0342,0.4900,-2.7300,0.7700
3318263,sitting,-0.0259,1.0004,0.0342,0.4900,-2.7300,0.8050
3318282,sitting,-0.0251,0.9999,0.0346,0.4900,-2.7300,0.8050
3318301,sitting,-0.0256,1.0006,0.0339,0.4550,-2.7300,0.7700
3318320,sitting,-0.0254,1.0006,0.0332,0.4550,-2.7300,0.8400
3318340,sitting,-0.0256,1.0009,0.0342,0.4550,-2.7300,0.7700
3318359,sitting,-0.0256,1.0009,0.0346,0.5250,-2.7300,0.7700
3318378,sitting,-0.0261,1.0006,0.0344,0.4550,-2.7300,0.8400
3318397,sitting,-0.0256,1.0002,0.0342,0.4900,-2.7300,0.8400
3318417,sitting,-0.0251,1.0009,0.0349,0.4900,-2.7300,0.8400
3318436,sitting,-0.0254,1.0002,0.0349,0.5250,-2.7300,0.7700
3318455,sitting,-0.0259,1.0009,0.0349,0.4900,-2.7300,0.7700
3318474,sitting,-0.0256,1.0002,0.0334,0.5250,-2.7300,0.8050
3318493,sitting,-0.0249,0.9999,0.0337,0.5250,-2.7300,0.7700
3318513,sitting,-0.0268,1.0002,0.0339,0.4900,-2.7300,0.8400
3318532,sitting,-0.0256,0.9999,0.0346,0.4900,-2.7300,0.7700
3318551,sitting,-0.0256,1.0002,0.0346,0.4900,-2.7300,0.7700
3318570,sitting,-0.0251,0.9999,0.0344,0.4900,-2.7300,0.7700
3318590,sitting,-0.0249,1.0002,0.0349,0.4900,-2.7300,0.7700
3318609,sitting,-0.0254,0.9997,0.0356,0.4900,-2.7300,0.7700
3318628,sitting,-0.0264,1.0004,0.0354,0.4900,-2.7300,0.7700
3318647,sitting,-0.0256,1.0004,0.0354,0.4900,-2.7300,0.7700
3318667,sitting,-0.0254,0.9994,0.0349,0.4900,-2.7300,0.7700
3318686,sitting,-0.0251,0.9999,0.0346,0.4550,-2.7300,0.8050
3318705,sitting,-0.0254,1.0006,0.0349,0.4200,-2.6950,0.8400
3318724,sitting,-0.0251,0.9994,0.0339,0.4900,-2.7300,0.8400
3318743,sitting,-0.0251,0.9994,0.0346,0.5250,-2.6950,0.7700
3318763,sitting,-0.0259,1.0011,0.0339,0.4900,-2.7300,0.7700
3318782,sitting,-0.0251,1.0004,0.0354,0.4550,-2.7300,0.7700
3318801,sitting,-0.0256,1.0002,0.0351,0.5250,-2.7300,0.8050
3318820,sitting,-0.0264,1.0004,0.0354,0.4550,-2.7300,0.7700
3318840,sitting,-0.0259,1.0009,0.0346,0.4900,-2.7650,0.8050
3318859,sitting,-0.0256,0.9994,0.0342,0.4550,-2.7300,0.7700
3318878,sitting,-0.0259,1.0009,0.0344,0.4900,-2.7300,0.8400
3318897,sitting,-0.0261,1.0002,0.0337,0.5250,-2.7300,0.8050
3318917,sitting,-0.0259,1.0002,0.0342,0.5250,-2.6950,0.8400
3318936,sitting,-0.0254,0.9999,0.0354,0.4900,-2.7300,0.8050
3318955,sitting,-0.0254,0.9994,0.0359,0.4900,-2.7300,0.8050
3318974,sitting,-0.0251,0.9999,0.0349,0.4900,-2.7300,0.7700
3318993,sitting,-0.0261,1.0002,0.0349,0.4900,-2.7300,0.7700
3319013,sitting,-0.0251,1.0002,0.0346,0.4550,-2.7300,0.8050
3319032,sitting,-0.0261,1.0006,0.0346,0.4900,-2.6950,0.8400
3319051,sitting,-0.0261,0.9999,0.0339,0.4900,-2.7300,0.8050
3319070,sitting,-0.0254,1.0004,0.0346,0.5250,-2.7300,0.8050
3319090,sitting,-0.0246,1.0016,0.0339,0.4550,-2.7300,0.8050
3319109,sitting,-0.0249,1.0004,0.0342,0.5250,-2.7300,0.8050
3319128,sitting,-0.0254,0.9994,0.0346,0.4550,-2.7300,0.8400
3319147,sitting,-0.0254,0.9999,0.0339,0.5600,-2.6950,0.8400
3319167,sitting,-0.0256,0.9999,0.0346,0.4900,-2.6950,0.7700
3319186,sitting,-0.0246,1.0006,0.0342,0.5600,-2.6950,0.8400
3319205,sitting,-0.0246,0.9997,0.0351,0.4900,-2.7300,0.7700
3319224,sitting,-0.0254,0.9992,0.0346,0.5250,-2.7300,0.8050
3319243,sitting,-0.0251,0.9997,0.0349,0.4550,-2.7300,0.8050
3319263,sitting,-0.0251,0.9997,0.0346,0.4900,-2.6600,0.7700
3319282,sitting,-0.0254,0.9997,0.0339,0.4900,-2.7300,0.7700
3319301,sitting,-0.0256,1.0004,0.0337,0.4900,-2.7300,0.7700
3319320,sitting,-0.0254,1.0006,0.0337,0.5600,-2.7300,0.7700
3319340,sitting,-0.0254,1.0006,0.0339,0.4900,-2.7300,0.8050
3319359,sitting,-0.0264,0.9997,0.0349,0.4900,-2.7300,0.7700
3319378,sitting,-0.0251,1.0014,0.0344,0.4900,-2.7300,0.8050
3319397,sitting,-0.0254,0.9994,0.0359,0.5600,-2.7650,0.7700
3319417,sitting,-0.0251,0.9994,0.0344,0.5250,-2.6950,0.8050
3319436,sitting,-0.0254,1.0002,0.0344,0.4550,-2.7300,0.7700
3319455,sitting,-0.0251,0.9999,0.0349,0.4900,-2.7300,0.8050
3319474,sitting,-0.0259,0.9994,0.0351,0.4900,-2.7300,0.8050
3319493,sitting,-0.0254,0.9994,0.0346,0.4900,-2.7300,0.7700
3319513,sitting,-0.0256,1.0002,0.0344,0.4900,-2.6600,0.7700
3319532,sitting,-0.0251,0.9994,0.0349,0.4900,-2.7300,0.7700
3319551,sitting,-0.0256,1.0009,0.0346,0.4200,-2.7650,0.8400
3319570,sitting,-0.0254,1.0002,0.0342,0.4900,-2.7300,0.8050
3319590,sitting,-0.0246,0.9992,0.0339,0.4900,-2.7300,0.7700
3319609,sitting,-0.0254,1.0002,0.0344,0.4900,-2.7300,0.8050
3319628,sitting,-0.0256,1.0004,0.0351,0.4900,-2.7300,0.8050
3319647,sitting,-0.0261,0.9999,0.0346,0.4900,-2.7300,0.8050
3319667,sitting,-0.0261,1.0009,0.0354,0.4900,-2.7300,0.8050
3319686,sitting,-0.0259,1.0009,0.0354,0.4900,-2.6950,0.7700
3319705,sitting,-0.0249,1.0006,0.0349,0.4900,-2.7300,0.7700
3319724,sitting,-0.0259,0.9999,0.0349,0.4900,-2.7300,0.8400
3319743,sitting,-0.0256,0.9999,0.0349,0.4900,-2.7300,0.8050
3319763,sitting,-0.0249,0.9999,0.0337,0.5250,-2.6950,0.7700
3319782,sitting,-0.0251,1.0002,0.0351,0.4900,-2.7300,0.8050
3319801,sitting,-0.0259,1.0004,0.0349,0.4900,-2.7300,0.8400
3319820,sitting,-0.0254,1.0002,0.0354,0.4900,-2.7300,0.7700
3319840,sitting,-0.0259,0.9999,0.0351,0.4900,-2.7300,0.7700
3319859,sitting,-0.0264,0.9999,0.0339,0.4900,-2.7300,0.7700
3319878,sitting,-0.0259,1.0002,0.0339,0.4900,-2.6950,0.7700
3319897,sitting,-0.0246,1.0016,0.0351,0.5250,-2.7300,0.8050
3319917,sitting,-0.0251,1.0009,0.0342,0.4900,-2.7300,0.8050
3319936,sitting,-0.0256,0.9997,0.0349,0.5250,-2.7300,0.8050
3319955,sitting,-0.0237,0.9992,0.0342,0.5250,-2.7300,0.7700
3319974,sitting,-0.0251,0.9999,0.0342,0.5250,-2.7300,0.7700
3319993,sitting,-0.0261,1.0002,0.0349,0.4900,-2.7300,0.7700
3320013,sitting,-0.0264,0.9999,0.0346,0.5250,-2.7300,0.7700
3320032,sitting,-0.0266,0.9992,0.0334,0.4900,-2.7300,0.7700
3320051,sitting,-0.0256,1.0002,0.0342,0.5600,-2.6950,0.8400
3320070,sitting,-0.0256,0.9999,0.0344,0.4900,-2.7300,0.7700
3320090,sitting,-0.0254,1.0006,0.0349,0.4900,-2.7300,0.7700
3320109,sitting,-0.0264,1.0006,0.0351,0.4550,-2.7300,0.8050
3320128,sitting,-0.0264,1.0006,0.0346,0.4900,-2.7300,0.8050
3320147,sitting,-0.0254,1.0006,0.0349,0.4550,-2.7300,0.8400
3320167,sitting,-0.0251,0.9997,0.0332,0.4900,-2.7300,0.8050
3320186,sitting,-0.0254,0.9999,0.0337,0.4550,-2.7300,0.8400
3320205,sitting,-0.0259,0.9997,0.0346,0.4900,-2.6950,0.8050
3320224,sitting,-0.0259,1.0006,0.0351,0.4900,-2.7300,0.8050
3320243,sitting,-0.0261,1.0004,0.0337,0.4900,-2.7300,0.8400
3320263,sitting,-0.0256,1.0011,0.0351,0.4550,-2.7300,0.8400
3320282,sitting,-0.0259,1.0002,0.0339,0.4900,-2.7300,0.7700
3320301,sitting,-0.0259,0.9997,0.0342,0.4900,-2.7300,0.8050
3320320,sitting,-0.0254,1.0004,0.0339,0.4900,-2.6950,0.8050
3320340,sitting,-0.0266,0.9999,0.0339,0.4900,-2.7300,0.8050
3320359,sitting,-0.0249,0.9992,0.0351,0.4900,-2.7300,0.8400
3320378,sitting,-0.0251,1.0006,0.0354,0.4900,-2.6950,0.8050
3320397,sitting,-0.0254,1.0004,0.0339,0.4900,-2.6950,0.8400
3320417,sitting,-0.0256,0.9997,0.0339,0.5250,-2.7300,0.7700
3320436,sitting,-0.0251,1.0002,0.0342,0.5250,-2.6950,0.7700
3320455,sitting,-0.0259,1.0006,0.0349,0.5600,-2.7300,0.8400
3320474,sitting,-0.0259,0.9997,0.0344,0.5250,-2.7300,0.8050
3320493,sitting,-0.0259,0.9999,0.0346,0.4900,-2.7300,0.8050
3320513,sitting,-0.0261,1.0004,0.0351,0.5250,-2.7300,0.7700
3320532,sitting,-0.0256,0.9999,0.0344,0.5250,-2.7300,0.7700
3320551,sitting,-0.0266,0.9999,0.0344,0.5250,-2.7300,0.7700
3320570,sitting,-0.0256,1.0002,0.0349,0.4900,-2.7300,0.7700
3320590,sitting,-0.0261,1.0004,0.0342,0.4900,-2.6950,0.8050
3320609,sitting,-0.0261,0.9997,0.0346,0.4900,-2.7300,0.7700
3320628,sitting,-0.0264,0.9989,0.0339,0.4900,-2.7300,0.7700
3320647,sitting,-0.0259,0.9997,0.0344,0.4900,-2.7300,0.8050
3320667,sitting,-0.0254,1.0002,0.0346,0.4550,-2.7300,0.7700
3320686,sitting,-0.0261,0.9997,0.0344,0.4900,-2.7300,0.7700
3320705,sitting,-0.0254,1.0014,0.0342,0.4900,-2.7300,0.8050
3320724,sitting,-0.0246,1.0006,0.0337,0.4900,-2.7300,0.8400
3320743,sitting,-0.0254,1.0004,0.0332,0.4900,-2.7300,0.8050
3320763,sitting,-0.0266,1.0004,0.0346,0.4900,-2.7300,0.8400
3320782,sitting,-0.0249,0.9989,0.0344,0.4900,-2.7300,0.8400
3320801,sitting,-0.0259,0.9994,0.0346,0.4900,-2.6950,0.8050
3320820,sitting,-0.0251,1.0004,0.0342,0.4900,-2.7300,0.7700
3320840,sitting,-0.0259,1.0006,0.0329,0.4900,-2.7300,0.8400
3320859,sitting,-0.0246,0.9999,0.0339,0.4900,-2.7300,0.8050
3320878,sitting,-0.0251,1.0002,0.0346,0.4900,-2.7300,0.8400
3320897,sitting,-0.0259,0.9994,0.0349,0.4900,-2.7300,0.8400
3320917,sitting,-0.0251,0.9994,0.0342,0.4900,-2.7300,0.7700
3320936,sitting,-0.0256,0.9999,0.0334,0.4900,-2.6950,0.7700
3320955,sitting,-0.0259,0.9999,0.0342,0.5250,-2.7300,0.8400
3320974,sitting,-0.0259,0.9997,0.0351,0.4900,-2.7300,0.7700
3320993,sitting,-0.0259,1.0004,0.0342,0.5250,-2.7300,0.8400
3321013,sitting,-0.0251,0.9997,0.0354,0.5250,-2.6950,0.8050
3321032,sitting,-0.0256,1.0009,0.0349,0.4900,-2.6600,0.7700
3321051,sitting,-0.0251,1.0002,0.0346,0.5250,-2.7300,0.7700
3321070,sitting,-0.0251,1.0004,0.0342,0.5250,-2.7300,0.8400
3321090,sitting,-0.0254,1.0004,0.0342,0.5250,-2.6950,0.8050
3321109,sitting,-0.0254,1.0002,0.0342,0.5250,-2.7300,0.7700
3321128,sitting,-0.0256,0.9999,0.0346,0.5250,-2.6950,0.7700
3321147,sitting,-0.0256,1.0002,0.0351,0.4900,-2.7300,0.7700
3321167,sitting,-0.0244,0.9997,0.0354,0.4550,-2.7300,0.7700
3321186,sitting,-0.0259,0.9999,0.0349,0.5250,-2.7300,0.7700
3321205,sitting,-0.0264,1.0006,0.0342,0.4900,-2.7300,0.7700
3321224,sitting,-0.0254,1.0002,0.0349,0.5250,-2.7300,0.8050
3321243,sitting,-0.0256,1.0006,0.0334,0.4900,-2.7300,0.8400
3321263,sitting,-0.0251,1.0002,0.0344,0.4900,-2.7300,0.7700
3321282,sitting,-0.0259,1.0004,0.0339,0.4900,-2.7300,0.7700
3321301,sitting,-0.0249,0.9997,0.0342,0.4900,-2.7300,0.7700
3321320,sitting,-0.0261,1.0002,0.0344,0.4900,-2.7300,0.8050
3321340,sitting,-0.0249,0.9999,0.0339,0.4900,-2.7300,0.8400
3321359,sitting,-0.0259,0.9992,0.0339,0.4900,-2.7300,0.8050
3321378,sitting,-0.0254,0.9997,0.0344,0.4900,-2.7300,0.8400
3321397,sitting,-0.0249,1.0004,0.0346,0.4900,-2.7300,0.7700
3321417,sitting,-0.0259,1.0006,0.0344,0.4900,-2.7300,0.7700
3321436,sitting,-0.0259,0.9999,0.0346,0.4550,-2.6950,0.8050
3321455,sitting,-0.0261,1.0009,0.0351,0.4900,-2.7300,0.8050
3321474,sitting,-0.0261,0.9997,0.0349,0.4550,-2.7300,0.7700
3321493,sitting,-0.0251,0.9999,0.0344,0.4900,-2.7300,0.8400
3321513,sitting,-0.0254,0.9989,0.0346,0.4900,-2.7300,0.8050
3321532,sitting,-0.0259,1.0006,0.0344,0.4900,-2.7300,0.7700
3321551,sitting,-0.0254,0.9992,0.0344,0.4900,-2.7300,0.7700
3321570,sitting,-0.0259,1.0006,0.0339,0.4900,-2.7300,0.8050
3321590,sitting,-0.0244,1.0002,0.0334,0.4900,-2.6950,0.8050
3321609,sitting,-0.0256,0.9994,0.0337,0.5250,-2.7300,0.8400
3321628,sitting,-0.0259,1.0004,0.0351,0.4900,-2.7300,0.7700
3321647,sitting,-0.0256,0.9992,0.0342,0.4900,-2.6950,0.7700
3321667,sitting,-0.0256,1.0006,0.0354,0.4900,-2.6950,0.8050
3321686,sitting,-0.0261,1.0006,0.0344,0.5250,-2.6950,0.8400
3321705,sitting,-0.0259,1.0002,0.0346,0.5250,-2.6950,0.8400
3321724,sitting,-0.0251,1.0006,0.0351,0.4900,-2.7300,0.8400
3321743,sitting,-0.0273,0.9994,0.0364,0.5250,-2.7300,0.8400
3321763,sitting,-0.0264,1.0002,0.0346,0.4900,-2.7300,0.8050
3321782,sitting,-0.0254,1.0006,0.0351,0.4900,-2.7300,0.8050
3321801,sitting,-0.0254,0.9997,0.0346,0.4200,-2.7300,0.7700
3321820,sitting,-0.0256,0.9999,0.0351,0.4900,-2.7650,0.7700
3321840,sitting,-0.0259,1.0011,0.0342,0.4550,-2.7300,0.7700
3321859,sitting,-0.0256,1.0004,0.0344,0.4900,-2.7300,0.7700
3321878,sitting,-0.0254,1.0002,0.0351,0.4900,-2.6950,0.7700
3321897,sitting,-0.0251,1.0006,0.0344,0.4900,-2.7300,0.7700
3321917,sitting,-0.0251,1.0011,0.0337,0.4900,-2.7300,0.7700
3321936,sitting,-0.0251,1.0006,0.0342,0.4900,-2.7300,0.8050
3321955,sitting,-0.0256,1.0004,0.0354,0.4900,-2.7300,0.8050
3321974,sitting,-0.0254,1.0002,0.0344,0.4900,-2.7300,0.7700
3321993,sitting,-0.0264,1.0006,0.0337,0.4900,-2.7300,0.7700
3322013,sitting,-0.0254,1.0002,0.0346,0.4900,-2.7300,0.8050
3322032,sitting,-0.0254,1.0004,0.0344,0.4900,-2.7300,0.7700
3322051,sitting,-0.0256,0.9999,0.0337,0.4900,-2.7300,0.7700
3322070,sitting,-0.0244,1.0009,0.0325,0.4900,-2.7650,0.7700
3322090,sitting,-0.0254,1.0006,0.0334,0.4900,-2.7300,0.8050
3322109,sitting,-0.0259,1.0009,0.0342,0.4900,-2.7300,0.7700
3322128,sitting,-0.0259,1.0009,0.0356,0.5250,-2.7300,0.8050
3322147,sitting,-0.0246,0.9997,0.0346,0.4900,-2.6950,0.8050
3322167,sitting,-0.0246,0.9999,0.0356,0.4900,-2.7300,0.8050
3322186,sitting,-0.0249,0.9997,0.0346,0.5250,-2.7300,0.8400
3322205,sitting,-0.0256,1.0004,0.0356,0.4900,-2.7300,0.7700
3322224,sitting,-0.0251,1.0002,0.0342,0.4900,-2.7300,0.8400
3322243,sitting,-0.0259,1.0002,0.0337,0.4900,-2.7300,0.8400
3322263,sitting,-0.0254,1.0009,0.0339,0.4900,-2.7300,0.8400
3322282,sitting,-0.0254,1.0002,0.0344,0.4550,-2.6950,0.7700
3322301,sitting,-0.0244,0.9999,0.0334,0.4900,-2.7300,0.8050
3322320,sitting,-0.0251,1.0014,0.0337,0.5250,-2.7300,0.7700
3322340,sitting,-0.0256,0.9997,0.0346,0.4900,-2.7300,0.8400
3322359,sitting,-0.0264,1.0002,0.0346,0.5600,-2.7300,0.7700
3322378,sitting,-0.0254,1.0006,0.0356,0.5600,-2.6950,0.7700
3322397,sitting,-0.0254,1.0004,0.0346,0.5250,-2.6950,0.7700
3322417,sitting,-0.0261,1.0006,0.0346,0.4900,-2.6950,0.7700
3322436,sitting,-0.0254,1.0002,0.0346,0.4550,-2.6950,0.8050
3322455,sitting,-0.0259,1.0006,0.0337,0.4900,-2.7300,0.8050
3322474,sitting,-0.0251,1.0009,0.0334,0.4900,-2.7300,0.7700
3322493,sitting,-0.0254,1.0006,0.0346,0.4900,-2.7300,0.8050
3322513,sitting,-0.0251,1.0002,0.0342,0.4900,-2.7300,0.7700
3322532,sitting,-0.0254,1.0014,0.0346,0.4900,-2.7300,0.8050
3322551,sitting,-0.0254,1.0006,0.0346,0.4900,-2.7300,0.7700
3322570,sitting,-0.0254,1.0006,0.0344,0.4900,-2.6950,0.8400
3322590,sitting,-0.0254,1.0002,0.0342,0.5250,-2.7300,0.7700
3322609,sitting,-0.0251,0.9999,0.0351,0.4900,-2.7300,0.8400
3322628,sitting,-0.0244,1.0009,0.0349,0.4900,-2.7300,0.8050
3322647,sitting,-0.0249,1.0004,0.0344,0.4550,-2.7300,0.8050
3322667,sitting,-0.0244,1.0006,0.0349,0.4900,-2.7300,0.7700
3322686,sitting,-0.0249,1.0004,0.0351,0.5250,-2.7300,0.7700
3322705,sitting,-0.0251,1.0002,0.0346,0.5250,-2.7300,0.7700
3322724,sitting,-0.0256,0.9992,0.0337,0.4900,-2.7300,0.8050
3322743,sitting,-0.0246,0.9994,0.0339,0.5250,-2.6950,0.8400
3322763,sitting,-0.0251,0.9994,0.0344,0.4900,-2.7300,0.7700
3322782,sitting,-0.0251,0.9999,0.0351,0.4900,-2.7300,0.7700
3322801,sitting,-0.0259,1.0006,0.0344,0.5250,-2.7300,0.8050
3322820,sitting,-0.0259,1.0002,0.0342,0.4550,-2.7300,0.7700
3322840,sitting,-0.0254,0.9989,0.0351,0.4900,-2.6600,0.8050
3322859,sitting,-0.0251,1.0004,0.0349,0.4550,-2.7300,0.7700
3322878,sitting,-0.0261,1.0002,0.0342,0.4900,-2.6600,0.7700
3322897,sitting,-0.0256,1.0006,0.0339,0.4900,-2.6950,0.8400
3322917,sitting,-0.0251,0.9997,0.0339,0.5250,-2.7300,0.8050
3322936,sitting,-0.0246,0.9999,0.0346,0.4900,-2.7300,0.7700
3322955,sitting,-0.0251,0.9997,0.0344,0.4900,-2.6950,0.7700
3322974,sitting,-0.0254,1.0011,0.0346,0.4900,-2.7300,0.8050
3322993,sitting,-0.0251,0.9997,0.0346,0.4900,-2.6950,0.8050
3323013,sitting,-0.0259,0.9994,0.0332,0.4900,-2.7300,0.7700
3323032,sitting,-0.0261,0.9997,0.0339,0.4900,-2.7300,0.7700
3323051,sitting,-0.0261,1.0002,0.0349,0.4900,-2.7300,0.8050
3323070,sitting,-0.0259,0.9997,0.0359,0.4900,-2.7300,0.8050
3323090,sitting,-0.0256,0.9999,0.0334,0.5250,-2.7300,0.7700
3323109,sitting,-0.0251,0.9992,0.0337,0.5250,-2.7300,0.8050
3323128,sitting,-0.0249,1.0004,0.0339,0.5250,-2.7300,0.7700
3323147,sitting,-0.0254,0.9997,0.0344,0.4900,-2.7300,0.7700
3323167,sitting,-0.0259,0.9992,0.0339,0.5600,-2.6950,0.7700
3323186,sitting,-0.0249,0.9999,0.0344,0.4550,-2.7300,0.8050
3323205,sitting,-0.0256,1.0011,0.0346,0.4900,-2.6950,0.8050
3323224,sitting,-0.0251,1.0002,0.0334,0.4900,-2.7300,0.8400
3323243,sitting,-0.0254,1.0002,0.0339,0.4550,-2.7300,0.8400
3323263,sitting,-0.0259,1.0004,0.0344,0.4900,-2.7300,0.8050
3323282,sitting,-0.0249,1.0004,0.0342,0.5250,-2.7300,0.8050
3323301,sitting,-0.0251,1.0006,0.0344,0.5250,-2.7300,0.7700
3323320,sitting,-0.0254,1.0004,0.0342,0.4900,-2.7300,0.7700
3323340,sitting,-0.0261,1.0002,0.0359,0.4550,-2.7300,0.8400
3323359,sitting,-0.0261,1.0009,0.0349,0.4900,-2.7300,0.8400
3323378,sitting,-0.0264,1.0002,0.0339,0.4900,-2.7300,0.8050
3323397,sitting,-0.0251,1.0014,0.0344,0.4900,-2.7300,0.8400
3323417,sitting,-0.0251,0.9999,0.0332,0.4550,-2.7300,0.8400
3323436,sitting,-0.0264,0.9997,0.0339,0.5250,-2.7300,0.8400
3323455,sitting,-0.0264,0.9992,0.0349,0.4900,-2.7300,0.7700
3323474,sitting,-0.0256,0.9997,0.0344,0.5250,-2.7300,0.8400
3323493,sitting,-0.0256,0.9992,0.0346,0.4900,-2.7300,0.7700
3323513,sitting,-0.0259,0.9999,0.0342,0.5600,-2.7300,0.8050
3323532,sitting,-0.0251,1.0006,0.0351,0.4900,-2.7300,0.8400
3323551,sitting,-0.0246,1.0006,0.0356,0.5250,-2.7300,0.8400
3323570,sitting,-0.0239,1.0002,0.0354,0.5250,-2.7300,0.7700
3323590,sitting,-0.0251,1.0006,0.0354,0.5600,-2.7300,0.8050
3323609,sitting,-0.0251,1.0009,0.0344,0.4900,-2.7300,0.8050
3323628,sitting,-0.0244,0.9999,0.0339,0.4900,-2.7300,0.7700
3323647,sitting,-0.0251,0.9999,0.0344,0.5250,-2.7300,0.8050
3323667,sitting,-0.0249,1.0014,0.0346,0.4900,-2.7300,0.7700
3323686,sitting,-0.0259,1.0004,0.0359,0.4900,-2.6950,0.8050
3323705,sitting,-0.0256,1.0002,0.0337,0.4900,-2.7300,0.7700
3323724,sitting,-0.0259,0.9999,0.0351,0.4900,-2.7300,0.7700
3323743,sitting,-0.0249,1.0004,0.0346,0.4900,-2.7300,0.7700
3323763,sitting,-0.0254,0.9989,0.0344,0.4900,-2.7300,0.7700
3323782,sitting,-0.0249,1.0009,0.0351,0.4900,-2.7300,0.8050
3323801,sitting,-0.0251,1.0009,0.0349,0.4900,-2.7300,0.8400
3323820,sitting,-0.0256,1.0002,0.0351,0.4900,-2.6950,0.8050
3323840,sitting,-0.0246,1.0002,0.0346,0.4900,-2.7300,0.7700
3323859,sitting,-0.0259,1.0006,0.0349,0.4900,-2.7300,0.7700
3323878,sitting,-0.0251,1.0002,0.0344,0.5250,-2.7300,0.8050
3323897,sitting,-0.0264,0.9999,0.0349,0.4900,-2.7300,0.7700
3323917,sitting,-0.0264,1.0004,0.0334,0.5250,-2.7300,0.8050
3323936,sitting,-0.0259,1.0004,0.0346,0.4550,-2.7300,0.8050
3323955,sitting,-0.0251,1.0002,0.0346,0.4900,-2.7300,0.8050
3323974,sitting,-0.0244,1.0004,0.0349,0.4900,-2.7300,0.8050
3323993,sitting,-0.0256,0.9999,0.0346,0.4900,-2.7300,0.8050
3324013,sitting,-0.0256,0.9999,0.0334,0.4900,-2.7300,0.8400
3324032,sitting,-0.0256,0.9999,0.0339,0.4900,-2.6950,0.7700
3324051,sitting,-0.0261,0.9997,0.0349,0.4900,-2.7300,0.8050
3324070,sitting,-0.0251,1.0006,0.0351,0.4900,-2.7300,0.8400
3324090,sitting,-0.0251,1.0002,0.0334,0.4900,-2.7300,0.8050
3324109,sitting,-0.0244,1.0002,0.0349,0.4900,-2.6950,0.8050
3324128,sitting,-0.0244,1.0009,0.0342,0.4900,-2.6950,0.8050
3324147,sitting,-0.0254,1.0011,0.0342,0.5250,-2.6950,0.8050
3324167,sitting,-0.0256,0.9999,0.0344,0.4900,-2.6950,0.8050
3324186,sitting,-0.0251,0.9999,0.0342,0.4900,-2.7300,0.7700
3324205,sitting,-0.0249,1.0002,0.0359,0.4900,-2.7300,0.8050
3324224,sitting,-0.0251,0.9999,0.0351,0.4900,-2.7300,0.8050
3324243,sitting,-0.0251,0.9999,0.0344,0.5250,-2.6950,0.8050
3324263,sitting,-0.0251,0.9994,0.0349,0.5250,-2.7300,0.7700
3324282,sitting,-0.0256,1.0004,0.0342,0.5250,-2.7300,0.8050
3324301,sitting,-0.0246,0.9999,0.0354,0.5250,-2.7300,0.8050
3324320,sitting,-0.0254,0.9997,0.0346,0.5250,-2.7300,0.8050
3324340,sitting,-0.0261,1.0004,0.0344,0.4900,-2.7300,0.8400
3324359,sitting,-0.0254,1.0006,0.0346,0.4900,-2.7300,0.8050
3324378,sitting,-0.0259,0.9994,0.0344,0.4900,-2.7300,0.8050
3324397,sitting,-0.0268,0.9994,0.0337,0.5600,-2.7300,0.8400
3324417,sitting,-0.0254,1.0002,0.0332,0.5250,-2.7300,0.7700
3324436,sitting,-0.0249,0.9999,0.0349,0.4900,-2.7300,0.7700
3324455,sitting,-0.0251,0.9999,0.0339,0.4900,-2.7300,0.7700
3324474,sitting,-0.0249,1.0002,0.0339,0.4900,-2.7300,0.7700
3324493,sitting,-0.0254,0.9999,0.0349,0.5250,-2.7300,0.8050
3324513,sitting,-0.0261,1.0002,0.0337,0.4900,-2.7300,0.8050
3324532,sitting,-0.0259,1.0004,0.0346,0.4900,-2.7300,0.7700
3324551,sitting,-0.0251,1.0009,0.0339,0.4900,-2.7300,0.8400
3324570,sitting,-0.0259,1.0011,0.0344,0.5250,-2.7300,0.7700
3324590,sitting,-0.0256,1.0006,0.0344,0.4900,-2.7300,0.7700
3324609,sitting,-0.0261,1.0009,0.0344,0.4550,-2.7300,0.8050
3324628,sitting,-0.0261,1.0004,0.0349,0.4900,-2.6950,0.8050
3324647,sitting,-0.0251,0.9987,0.0349,0.4200,-2.7300,0.7700
3324667,sitting,-0.0251,0.9999,0.0349,0.4900,-2.7300,0.7700
3324686,sitting,-0.0254,1.0006,0.0339,0.4550,-2.7300,0.7700
3324705,sitting,-0.0254,1.0004,0.0346,0.4900,-2.7300,0.8050
3324724,sitting,-0.0254,1.0002,0.0332,0.4900,-2.7300,0.7700
3324743,sitting,-0.0256,0.9992,0.0351,0.4900,-2.6950,0.8050
3324763,sitting,-0.0254,1.0004,0.0351,0.4900,-2.7300,0.8050
3324782,sitting,-0.0261,1.0002,0.0349,0.4900,-2.6950,0.8400
3324801,sitting,-0.0259,1.0004,0.0346,0.5250,-2.7300,0.8050
3324820,sitting,-0.0261,1.0004,0.0344,0.4900,-2.6950,0.8400
3324840,sitting,-0.0254,1.0004,0.0342,0.5600,-2.7300,0.8050
3324859,sitting,-0.0251,1.0002,0.0351,0.5250,-2.7300,0.8400
3324878,sitting,-0.0256,1.0009,0.0346,0.5250,-2.7300,0.8050
3324897,sitting,-0.0261,1.0004,0.0337,0.4550,-2.7300,0.8050
3324917,sitting,-0.0244,0.9999,0.0344,0.5250,-2.7300,0.8400
3324936,sitting,-0.0261,1.0002,0.0342,0.4900,-2.7300,0.8050
3324955,sitting,-0.0264,0.9994,0.0349,0.4900,-2.7300,0.8050
3324974,sitting,-0.0251,0.9994,0.0339,0.4900,-2.7300,0.7700
3324993,sitting,-0.0256,1.0006,0.0337,0.4900,-2.7300,0.7700
3325013,sitting,-0.0254,1.0004,0.0342,0.4900,-2.7300,0.7700
3325032,sitting,-0.0259,1.0002,0.0342,0.4900,-2.7300,0.8400
3325051,sitting,-0.0251,1.0009,0.0346,0.4900,-2.7300,0.7700
3325070,sitting,-0.0249,1.0004,0.0342,0.5250,-2.6950,0.8050
3325090,sitting,-0.0249,0.9999,0.0342,0.4900,-2.7300,0.7700
3325109,sitting,-0.0256,0.9997,0.0354,0.5250,-2.7300,0.8050
3325128,sitting,-0.0254,1.0002,0.0349,0.4900,-2.7300,0.8050
3325147,sitting,-0.0256,1.0006,0.0337,0.4900,-2.7300,0.8400
3325167,sitting,-0.0256,1.0002,0.0354,0.4900,-2.7300,0.8400
3325186,sitting,-0.0259,1.0004,0.0346,0.4550,-2.7300,0.8050
3325205,sitting,-0.0256,0.9997,0.0337,0.4900,-2.7300,0.7700
3325224,sitting,-0.0261,1.0002,0.0346,0.4900,-2.7300,0.7700
3325243,sitting,-0.0261,1.0011,0.0344,0.4900,-2.7300,0.8050
3325263,sitting,-0.0256,0.9999,0.0349,0.4550,-2.6950,0.8050
3325282,sitting,-0.0249,0.9999,0.0351,0.4900,-2.7300,0.8050
3325301,sitting,-0.0251,0.9997,0.0344,0.4900,-2.7300,0.7700
3325320,sitting,-0.0261,0.9987,0.0346,0.4900,-2.7300,0.8050
3325340,sitting,-0.0256,0.9992,0.0339,0.4900,-2.7300,0.8400
3325359,sitting,-0.0254,0.9999,0.0334,0.4900,-2.7300,0.8050
3325378,sitting,-0.0256,0.9997,0.0342,0.4900,-2.7300,0.8050
3325397,sitting,-0.0259,1.0002,0.0346,0.5250,-2.7300,0.8050
3325417,sitting,-0.0264,1.0004,0.0356,0.5250,-2.6950,0.8400
3325436,sitting,-0.0256,1.0006,0.0354,0.4900,-2.7300,0.8050
3325455,sitting,-0.0254,0.9997,0.0351,0.5250,-2.7300,0.8400
3325474,sitting,-0.0261,0.9997,0.0354,0.5250,-2.6950,0.8050
3325493,sitting,-0.0259,0.9999,0.0342,0.5250,-2.7300,0.8050
3325513,sitting,-0.0261,1.0002,0.0342,0.4900,-2.7300,0.7700
3325532,sitting,-0.0261,0.9997,0.0342,0.4900,-2.6950,0.7700
3325551,sitting,-0.0256,0.9999,0.0346,0.4550,-2.7300,0.8050
3325570,sitting,-0.0264,1.0004,0.0351,0.5250,-2.7300,0.7700
3325590,sitting,-0.0254,1.0002,0.0349,0.4900,-2.7300,0.7700
3325609,sitting,-0.0254,0.9997,0.0354,0.4900,-2.7300,0.8400
3325628,sitting,-0.0261,0.9999,0.0346,0.4900,-2.7300,0.8050
3325647,sitting,-0.0266,0.9997,0.0342,0.4900,-2.7300,0.8050
3325667,sitting,-0.0249,1.0002,0.0334,0.5250,-2.7300,0.7700
3325686,sitting,-0.0254,0.9997,0.0344,0.4900,-2.7300,0.7700
3325705,sitting,-0.0254,0.9997,0.0344,0.4900,-2.6950,0.7700
3325724,sitting,-0.0268,1.0004,0.0342,0.4900,-2.7300,0.8050
3325743,sitting,-0.0259,0.9999,0.0337,0.4900,-2.7300,0.7700
3325763,sitting,-0.0266,0.9997,0.0339,0.4900,-2.7300,0.8400
3325782,sitting,-0.0254,0.9999,0.0346,0.4900,-2.7300,0.8400
3325801,sitting,-0.0256,1.0009,0.0361,0.4900,-2.7300,0.8050
3325820,sitting,-0.0251,1.0004,0.0359,0.4900,-2.7300,0.8050
3325840,sitting,-0.0254,1.0002,0.0346,0.4900,-2.7300,0.8050
3325859,sitting,-0.0261,0.9997,0.0337,0.4550,-2.7300,0.7700
3325878,sitting,-0.0256,1.0002,0.0344,0.4900,-2.7300,0.8050
3325897,sitting,-0.0259,1.0002,0.0346,0.4900,-2.7300,0.8400
3325917,sitting,-0.0244,1.0004,0.0344,0.4900,-2.7300,0.8050
3325936,sitting,-0.0266,1.0014,0.0342,0.4900,-2.6950,0.8050
3325955,sitting,-0.0256,1.0006,0.0344,0.5250,-2.6950,0.8050
3325974,sitting,-0.0249,1.0002,0.0349,0.4900,-2.7300,0.8050
3325993,sitting,-0.0256,1.0002,0.0349,0.4900,-2.7300,0.7700
3326013,sitting,-0.0261,1.0002,0.0346,0.5250,-2.7300,0.8400
3326032,sitting,-0.0264,1.0002,0.0346,0.4550,-2.7300,0.8050
3326051,sitting,-0.0254,1.0002,0.0354,0.5250,-2.7300,0.8400
3326070,sitting,-0.0256,1.0002,0.0342,0.4900,-2.7300,0.7700
3326090,sitting,-0.0254,0.9999,0.0346,0.4900,-2.6950,0.8050
3326109,sitting,-0.0266,0.9997,0.0342,0.4900,-2.7300,0.8050
3326128,sitting,-0.0254,1.0004,0.0349,0.4900,-2.7300,0.7700
3326147,sitting,-0.0251,0.9997,0.0346,0.5250,-2.6950,0.7700
3326167,sitting,-0.0256,0.9994,0.0351,0.5250,-2.7300,0.7700
3326186,sitting,-0.0249,0.9997,0.0356,0.4900,-2.7300,0.8400
3326205,sitting,-0.0249,1.0004,0.0344,0.4900,-2.7300,0.7700
3326224,sitting,-0.0254,1.0011,0.0346,0.4900,-2.7300,0.8050
3326243,sitting,-0.0259,1.0014,0.0349,0.4900,-2.7300,0.7700
3326263,sitting,-0.0254,1.0004,0.0346,0.4200,-2.7300,0.7700
3326282,sitting,-0.0249,1.0002,0.0344,0.5250,-2.7300,0.7700
3326301,sitting,-0.0249,1.0002,0.0354,0.4900,-2.6950,0.8400
3326320,sitting,-0.0254,1.0009,0.0344,0.4900,-2.6950,0.8400
3326340,sitting,-0.0254,1.0004,0.0346,0.4900,-2.7300,0.8050
3326359,sitting,-0.0256,0.9999,0.0342,0.4900,-2.7300,0.8050
3326378,sitting,-0.0254,1.0006,0.0344,0.4900,-2.7300,0.7700
3326397,sitting,-0.0249,1.0006,0.0342,0.4900,-2.7300,0.7700
3326417,sitting,-0.0246,1.0009,0.0346,0.4550,-2.7300,0.8050
3326436,sitting,-0.0259,1.0006,0.0342,0.4900,-2.7300,0.7700
3326455,sitting,-0.0261,1.0002,0.0344,0.4900,-2.7300,0.7700
3326474,sitting,-0.0261,0.9989,0.0337,0.4900,-2.6950,0.8400
3326493,sitting,-0.0264,1.0002,0.0349,0.4900,-2.6950,0.8050
3326513,sitting,-0.0261,0.9999,0.0337,0.4900,-2.7300,0.7700
3326532,sitting,-0.0242,1.0006,0.0342,0.4900,-2.7300,0.8400
3326551,sitting,-0.0249,1.0002,0.0342,0.4900,-2.7300,0.7700
3326570,sitting,-0.0261,0.9999,0.0342,0.4550,-2.7300,0.8050
3326590,sitting,-0.0251,0.9999,0.0344,0.4900,-2.7300,0.8400
3326609,sitting,-0.0249,0.9997,0.0349,0.4900,-2.7300,0.8050
3326628,sitting,-0.0261,1.0019,0.0349,0.4900,-2.7300,0.8050
3326647,sitting,-0.0261,1.0002,0.0339,0.4900,-2.6950,0.8050
3326667,sitting,-0.0259,0.9994,0.0349,0.5250,-2.6950,0.7700
3326686,sitting,-0.0256,1.0011,0.0351,0.4900,-2.7300,0.7700
3326705,sitting,-0.0251,1.0011,0.0356,0.5250,-2.7300,0.8400
3326724,sitting,-0.0261,1.0006,0.0344,0.4900,-2.7300,0.8050
3326743,sitting,-0.0264,0.9994,0.0342,0.4900,-2.7300,0.8400
3326763,sitting,-0.0254,1.0009,0.0354,0.4900,-2.7300,0.7700
3326782,sitting,-0.0259,1.0006,0.0356,0.4900,-2.6950,0.7700
3326801,sitting,-0.0254,1.0006,0.0344,0.5250,-2.7300,0.7700
3326820,sitting,-0.0254,1.0002,0.0349,0.4900,-2.6950,0.7700
3326840,sitting,-0.0254,1.0009,0.0337,0.5250,-2.7300,0.7700
3326859,sitting,-0.0254,0.9999,0.0349,0.4900,-2.7300,0.8050
3326878,sitting,-0.0251,1.0009,0.0354,0.4900,-2.6950,0.8400
3326897,sitting,-0.0266,0.9997,0.0349,0.5250,-2.7300,0.7700
3326917,sitting,-0.0259,1.0006,0.0349,0.4900,-2.7300,0.8400
3326936,sitting,-0.0259,1.0002,0.0361,0.4900,-2.7300,0.8400
3326955,sitting,-0.0249,0.9997,0.0346,0.5250,-2.7300,0.8050
3326974,sitting,-0.0244,0.9999,0.0332,0.5250,-2.7300,0.8050
3326993,sitting,-0.0251,1.0006,0.0351,0.4900,-2.7300,0.8050
3327013,sitting,-0.0249,1.0004,0.0342,0.4550,-2.7300,0.8050
3327032,sitting,-0.0256,1.0002,0.0342,0.4550,-2.7300,0.7700
3327051,sitting,-0.0259,0.9992,0.0337,0.4900,-2.7300,0.7700
3327070,sitting,-0.0249,0.9999,0.0349,0.4900,-2.7300,0.8050
3327090,sitting,-0.0256,0.9994,0.0351,0.4900,-2.7300,0.8050
3327109,sitting,-0.0259,1.0009,0.0346,0.5250,-2.7300,0.8050
3327128,sitting,-0.0256,1.0002,0.0337,0.4900,-2.7300,0.8400
3327147,sitting,-0.0261,0.9999,0.0344,0.5600,-2.7300,0.8050
3327167,sitting,-0.0254,0.9992,0.0356,0.4900,-2.7300,0.8050
3327186,sitting,-0.0256,1.0006,0.0349,0.4900,-2.6950,0.8400
3327205,sitting,-0.0251,1.0002,0.0354,0.4550,-2.6950,0.7700
3327224,sitting,-0.0251,1.0009,0.0346,0.4900,-2.7300,0.7700
3327243,sitting,-0.0259,1.0004,0.0342,0.4900,-2.7300,0.8400
3327263,sitting,-0.0249,1.0002,0.0346,0.5250,-2.7650,0.8400
3327282,sitting,-0.0254,0.9994,0.0346,0.4900,-2.7300,0.7700
3327301,sitting,-0.0256,0.9994,0.0354,0.4900,-2.7300,0.7700
3327320,sitting,-0.0259,0.9997,0.0342,0.4900,-2.7300,0.8400
3327340,sitting,-0.0254,1.0006,0.0339,0.5250,-2.6950,0.7700
3327359,sitting,-0.0256,1.0002,0.0354,0.4900,-2.7300,0.7700
3327378,sitting,-0.0256,0.9999,0.0346,0.4900,-2.7300,0.8050
3327397,sitting,-0.0259,1.0009,0.0349,0.5250,-2.7300,0.7700
3327417,sitting,-0.0244,1.0006,0.0354,0.4900,-2.7300,0.7700
3327436,sitting,-0.0259,1.0006,0.0356,0.4900,-2.7300,0.7700
3327455,sitting,-0.0256,1.0002,0.0342,0.4900,-2.6950,0.7700
3327474,sitting,-0.0264,0.9992,0.0351,0.4900,-2.6950,0.7700
3327493,sitting,-0.0251,1.0004,0.0342,0.5250,-2.7300,0.7700
3327513,sitting,-0.0254,1.0002,0.0349,0.4550,-2.7300,0.8050
3327532,sitting,-0.0249,1.0009,0.0337,0.4900,-2.7300,0.7700
3327551,sitting,-0.0259,1.0002,0.0344,0.4900,-2.7300,0.7700
3327570,sitting,-0.0251,1.0006,0.0346,0.4900,-2.7300,0.7700
3327590,sitting,-0.0251,0.9999,0.0351,0.5250,-2.7300,0.7700
3327609,sitting,-0.0254,1.0002,0.0354,0.4900,-2.7300,0.7700
3327628,sitting,-0.0256,1.0006,0.0346,0.4900,-2.7300,0.8400
3327647,sitting,-0.0259,1.0004,0.0346,0.4900,-2.7300,0.8050
3327667,sitting,-0.0261,0.9999,0.0337,0.4900,-2.7300,0.7700
3327686,sitting,-0.0264,0.9999,0.0346,0.4900,-2.6950,0.8400
3327705,sitting,-0.0261,0.9999,0.0342,0.4900,-2.7300,0.8050
3327724,sitting,-0.0254,1.0009,0.0349,0.4900,-2.7300,0.8400
3327743,sitting,-0.0246,0.9999,0.0346,0.4900,-2.7300,0.8050
3327763,sitting,-0.0249,1.0011,0.0342,0.4200,-2.7300,0.7700
3327782,sitting,-0.0266,1.0004,0.0346,0.4900,-2.7300,0.7700
3327801,sitting,-0.0259,0.9999,0.0339,0.5250,-2.7300,0.8400
3327820,sitting,-0.0256,1.0004,0.0344,0.4900,-2.7300,0.7700
3327840,sitting,-0.0249,1.0006,0.0337,0.4900,-2.7300,0.8400
3327859,sitting,-0.0261,0.9994,0.0346,0.5250,-2.7300,0.8050
3327878,sitting,-0.0249,1.0002,0.0342,0.4900,-2.7300,0.8050
3327897,sitting,-0.0254,0.9999,0.0349,0.4900,-2.7300,0.7700
3327917,sitting,-0.0264,1.0006,0.0346,0.4900,-2.7300,0.8400
3327936,sitting,-0.0251,1.0004,0.0346,0.4900,-2.7300,0.8400
3327955,sitting,-0.0249,1.0002,0.0346,0.4900,-2.7300,0.8050
3327974,sitting,-0.0254,1.0009,0.0342,0.4900,-2.7300,0.7700
3327993,sitting,-0.0256,0.9997,0.0337,0.4900,-2.7300,0.8050
3328013,sitting,-0.0256,1.0004,0.0337,0.4900,-2.7300,0.7700
3328032,sitting,-0.0256,1.0004,0.0354,0.5600,-2.7300,0.7700
3328051,sitting,-0.0251,1.0004,0.0356,0.5250,-2.7300,0.8400
3328070,sitting,-0.0261,1.0002,0.0349,0.4900,-2.7300,0.7700
3328090,sitting,-0.0264,0.9997,0.0349,0.5250,-2.7300,0.7700
3328109,sitting,-0.0259,0.9999,0.0349,0.5250,-2.7300,0.7700
3328128,sitting,-0.0256,1.0004,0.0351,0.5600,-2.7300,0.7700
3328147,sitting,-0.0264,1.0004,0.0349,0.5250,-2.7300,0.7700
3328167,sitting,-0.0256,1.0011,0.0339,0.5250,-2.7300,0.7700
3328186,sitting,-0.0256,1.0002,0.0339,0.5250,-2.7300,0.7700
3328205,sitting,-0.0261,0.9992,0.0334,0.4900,-2.7300,0.7700
3328224,sitting,-0.0256,0.9994,0.0344,0.4900,-2.6950,0.7700
3328243,sitting,-0.0261,0.9999,0.0354,0.5250,-2.7300,0.8050
3328263,sitting,-0.0264,1.0011,0.0334,0.5250,-2.7300,0.7700
3328282,sitting,-0.0266,0.9997,0.0344,0.4900,-2.7300,0.7700
3328301,sitting,-0.0259,1.0006,0.0342,0.4900,-2.7300,0.8400
3328320,sitting,-0.0254,0.9997,0.0361,0.4900,-2.7300,0.8050
3328340,sitting,-0.0266,1.0004,0.0351,0.4900,-2.7300,0.8050
3328359,sitting,-0.0264,1.0004,0.0349,0.4900,-2.7300,0.8050
3328378,sitting,-0.0251,1.0004,0.0346,0.4550,-2.7650,0.7700
3328397,sitting,-0.0251,1.0002,0.0346,0.4550,-2.7650,0.7700
3328417,sitting,-0.0251,0.9994,0.0344,0.4550,-2.7300,0.8050
3328436,sitting,-0.0251,1.0002,0.0346,0.4900,-2.7300,0.8400
3328455,sitting,-0.0251,1.0002,0.0349,0.4900,-2.7300,0.7700
3328474,sitting,-0.0244,1.0006,0.0344,0.4900,-2.7300,0.7700
3328493,sitting,-0.0249,0.9999,0.0351,0.4900,-2.6950,0.8050
3328513,sitting,-0.0259,1.0002,0.0346,0.4550,-2.7300,0.7700
3328532,sitting,-0.0261,1.0002,0.0342,0.4900,-2.7300,0.7700
3328551,sitting,-0.0256,0.9992,0.0349,0.4900,-2.7300,0.8050
3328570,sitting,-0.0244,1.0006,0.0334,0.4900,-2.7300,0.8400
3328590,sitting,-0.0246,1.0002,0.0339,0.4900,-2.6950,0.8400
3328609,sitting,-0.0261,0.9999,0.0349,0.4900,-2.6950,0.7700
3328628,sitting,-0.0251,1.0004,0.0346,0.5250,-2.7300,0.7700
3328647,sitting,-0.0249,1.0002,0.0339,0.4900,-2.7300,0.7700
3328667,sitting,-0.0242,1.0002,0.0344,0.5250,-2.7300,0.7700
3328686,sitting,-0.0246,1.0002,0.0342,0.5250,-2.7300,0.7700
3328705,sitting,-0.0249,1.0002,0.0344,0.4900,-2.6950,0.7700
3328724,sitting,-0.0256,1.0002,0.0346,0.4900,-2.7300,0.7700
3328743,sitting,-0.0268,1.0006,0.0354,0.5250,-2.7300,0.7700
3328763,sitting,-0.0246,1.0002,0.0344,0.4900,-2.7300,0.8400
3328782,sitting,-0.0259,0.9999,0.0356,0.5250,-2.7300,0.7700
3328801,sitting,-0.0256,1.0004,0.0356,0.4900,-2.7300,0.8050
3328820,sitting,-0.0264,1.0006,0.0346,0.4900,-2.7300,0.8050
3328840,sitting,-0.0256,0.9992,0.0337,0.4550,-2.7300,0.8050
3328859,sitting,-0.0249,0.9994,0.0344,0.4900,-2.7300,0.8050
3328878,sitting,-0.0254,1.0006,0.0339,0.4900,-2.7300,0.8400
3328897,sitting,-0.0261,1.0004,0.0354,0.4900,-2.7300,0.8400
3328917,sitting,-0.0256,0.9999,0.0346,0.4900,-2.7650,0.7700
3328936,sitting,-0.0251,1.0002,0.0339,0.5250,-2.7300,0.7700
3328955,sitting,-0.0259,0.9994,0.0346,0.4900,-2.7300,0.8400
3328974,sitting,-0.0251,0.9999,0.0349,0.4900,-2.6950,0.7700
3328993,sitting,-0.0254,1.0014,0.0342,0.4900,-2.7300,0.8050
3329013,sitting,-0.0259,1.0009,0.0354,0.4900,-2.7300,0.8400
3329032,sitting,-0.0261,1.0009,0.0342,0.4550,-2.7300,0.8050
3329051,sitting,-0.0254,1.0002,0.0346,0.4900,-2.6950,0.8050
3329070,sitting,-0.0251,1.0009,0.0346,0.4900,-2.7300,0.8050
3329090,sitting,-0.0249,1.0002,0.0344,0.4900,-2.7650,0.8400
3329109,sitting,-0.0254,1.0009,0.0351,0.5600,-2.7300,0.8050
3329128,sitting,-0.0249,1.0006,0.0339,0.5250,-2.7300,0.8400
3329147,sitting,-0.0256,0.9992,0.0349,0.5250,-2.7300,0.8050
3329167,sitting,-0.0251,1.0004,0.0349,0.4900,-2.6950,0.7700
3329186,sitting,-0.0251,0.9999,0.0339,0.4900,-2.6600,0.8050
3329205,sitting,-0.0256,1.0004,0.0344,0.4900,-2.7300,0.8050
3329224,sitting,-0.0246,1.0004,0.0356,0.4900,-2.7300,0.7700
3329243,sitting,-0.0251,0.9999,0.0354,0.4900,-2.7300,0.8050
3329263,sitting,-0.0261,1.0009,0.0344,0.4550,-2.7300,0.8050
3329282,sitting,-0.0254,0.9999,0.0346,0.4900,-2.7300,0.7700
3329301,sitting,-0.0251,0.9992,0.0351,0.4900,-2.7300,0.8050
3329320,sitting,-0.0254,0.9994,0.0356,0.5600,-2.7300,0.8050
3329340,sitting,-0.0251,0.9992,0.0349,0.4900,-2.7300,0.7700
3329359,sitting,-0.0261,1.0006,0.0346,0.4900,-2.7300,0.7700
3329378,sitting,-0.0261,1.0009,0.0346,0.4900,-2.7300,0.7700
3329397,sitting,-0.0256,1.0004,0.0337,0.4900,-2.7300,0.8050
3329417,sitting,-0.0261,1.0002,0.0339,0.5600,-2.6950,0.8050
3329436,sitting,-0.0254,0.9999,0.0329,0.4900,-2.7300,0.7700
3329455,sitting,-0.0266,1.0002,0.0339,0.5250,-2.7300,0.8050
3329474,sitting,-0.0249,0.9999,0.0351,0.5250,-2.7300,0.7700
3329493,sitting,-0.0254,1.0002,0.0329,0.4900,-2.7300,0.8050
3329513,sitting,-0.0251,0.9999,0.0342,0.4900,-2.7300,0.7700
3329532,sitting,-0.0251,1.0004,0.0346,0.5250,-2.7300,0.7700
3329551,sitting,-0.0254,1.0004,0.0337,0.4900,-2.7650,0.7700
3329570,sitting,-0.0256,0.9992,0.0339,0.4900,-2.6950,0.7700
3329590,sitting,-0.0256,1.0004,0.0349,0.4900,-2.7300,0.8050
3329609,sitting,-0.0256,1.0006,0.0342,0.4900,-2.6950,0.7700
3329628,sitting,-0.0249,1.0002,0.0346,0.5250,-2.7300,0.8050
3329647,sitting,-0.0256,1.0004,0.0342,0.4900,-2.7300,0.8050
3329667,sitting,-0.0256,1.0004,0.0337,0.4900,-2.7300,0.8050
3329686,sitting,-0.0251,1.0004,0.0346,0.4550,-2.7300,0.8050
3329705,sitting,-0.0261,1.0004,0.0354,0.4900,-2.7300,0.8050
3329724,sitting,-0.0254,1.0009,0.0349,0.4900,-2.7300,0.8400
3329743,sitting,-0.0244,0.9999,0.0339,0.4900,-2.7300,0.8050
3329763,sitting,-0.0256,1.0002,0.0346,0.4900,-2.7300,0.8050
3329782,sitting,-0.0259,1.0004,0.0339,0.4900,-2.7300,0.8050
3329801,sitting,-0.0256,0.9999,0.0337,0.4900,-2.7300,0.7700
3329820,sitting,-0.0256,1.0009,0.0339,0.4900,-2.7300,0.8050
3329840,sitting,-0.0264,0.9999,0.0351,0.4900,-2.7300,0.8050
3329859,sitting,-0.0264,0.9997,0.0349,0.4900,-2.6950,0.8050
3329878,sitting,-0.0251,1.0009,0.0354,0.4900,-2.6950,0.8050
3329897,sitting,-0.0259,1.0006,0.0349,0.4900,-2.6950,0.8050
3329917,sitting,-0.0254,1.0006,0.0346,0.4900,-2.7300,0.8400
3329936,sitting,-0.0256,0.9992,0.0349,0.4900,-2.7300,0.7700
3329955,sitting,-0.0256,1.0006,0.0346,0.5250,-2.7300,0.8400
3329974,sitting,-0.0256,0.9999,0.0351,0.4900,-2.7300,0.7700
3329993,sitting,-0.0251,1.0002,0.0351,0.4900,-2.7300,0.7700
3330013,sitting,-0.0251,1.0002,0.0344,0.5250,-2.7300,0.7700
3330032,sitting,-0.0261,0.9997,0.0339,0.5250,-2.7300,0.8050
3330051,sitting,-0.0259,0.9997,0.0342,0.4900,-2.7300,0.7700
3330070,sitting,-0.0259,0.9994,0.0346,0.4900,-2.7300,0.7700
3330090,sitting,-0.0268,1.0006,0.0346,0.5250,-2.7300,0.7700
3330109,sitting,-0.0268,1.0002,0.0342,0.5250,-2.7300,0.7700
3330128,sitting,-0.0249,1.0011,0.0351,0.4900,-2.7300,0.8050
3330147,sitting,-0.0246,1.0011,0.0344,0.5250,-2.7300,0.8050
3330167,sitting,-0.0256,0.9999,0.0351,0.5250,-2.7300,0.8400
3330186,sitting,-0.0259,1.0002,0.0346,0.5250,-2.7300,0.8400
3330205,sitting,-0.0246,1.0002,0.0334,0.4550,-2.7300,0.7700
3330224,sitting,-0.0259,1.0011,0.0346,0.5250,-2.7300,0.7700
3330243,sitting,-0.0251,1.0004,0.0349,0.4900,-2.7650,0.8400
3330263,sitting,-0.0261,0.9999,0.0346,0.4900,-2.7300,0.8050
3330282,sitting,-0.0256,1.0004,0.0346,0.4550,-2.7300,0.8400
3330301,sitting,-0.0251,1.0004,0.0344,0.4900,-2.7300,0.8400
3330320,sitting,-0.0251,1.0011,0.0349,0.4900,-2.7300,0.8400
3330340,sitting,-0.0261,0.9997,0.0354,0.4550,-2.7300,0.8400
3330359,sitting,-0.0261,0.9999,0.0346,0.4900,-2.7300,0.8400
3330378,sitting,-0.0251,1.0002,0.0344,0.4900,-2.7300,0.7700
3330397,sitting,-0.0261,0.9997,0.0344,0.4550,-2.7300,0.7700
3330417,sitting,-0.0254,1.0002,0.0339,0.4200,-2.7300,0.8400
3330436,sitting,-0.0266,0.9999,0.0349,0.4900,-2.7300,0.8050
3330455,sitting,-0.0256,0.9999,0.0342,0.4900,-2.7300,0.8400
3330474,sitting,-0.0264,0.9992,0.0349,0.4900,-2.7300,0.8050
3330493,sitting,-0.0266,1.0006,0.0346,0.5250,-2.7300,0.8050
3330513,sitting,-0.0268,1.0006,0.0351,0.4900,-2.7300,0.8050
3330532,sitting,-0.0256,1.0011,0.0346,0.5250,-2.7300,0.7700
3330551,sitting,-0.0251,1.0004,0.0344,0.4900,-2.7300,0.7700
3330570,sitting,-0.0256,0.9997,0.0342,0.5250,-2.7300,0.8050
3330590,sitting,-0.0249,0.9997,0.0344,0.4900,-2.7300,0.8400
3330609,sitting,-0.0259,1.0004,0.0344,0.5250,-2.7300,0.8050
3330628,sitting,-0.0249,1.0004,0.0349,0.5250,-2.6950,0.8050
3330647,sitting,-0.0256,1.0006,0.0356,0.5250,-2.7300,0.7700
3330667,sitting,-0.0259,1.0009,0.0342,0.4900,-2.7300,0.8400
3330686,sitting,-0.0256,1.0006,0.0339,0.4900,-2.7300,0.7700
3330705,sitting,-0.0261,1.0006,0.0346,0.5250,-2.7300,0.8400
3330724,sitting,-0.0251,1.0011,0.0354,0.4900,-2.7300,0.8400
3330743,sitting,-0.0256,1.0004,0.0354,0.5600,-2.7300,0.7700
3330763,sitting,-0.0256,0.9987,0.0342,0.5250,-2.7300,0.8050
3330782,sitting,-0.0261,1.0002,0.0349,0.4900,-2.7300,0.8050
3330801,sitting,-0.0259,0.9997,0.0346,0.5250,-2.7300,0.8050
3330820,sitting,-0.0256,1.0009,0.0351,0.4900,-2.7300,0.8050
3330840,sitting,-0.0254,1.0002,0.0351,0.4900,-2.7650,0.8050
3330859,sitting,-0.0266,1.0002,0.0354,0.4900,-2.7300,0.8050
3330878,sitting,-0.0261,1.0006,0.0351,0.4900,-2.6950,0.8050
3330897,sitting,-0.0259,0.9997,0.0346,0.4900,-2.7300,0.7700
3330917,sitting,-0.0254,0.9999,0.0346,0.4900,-2.7300,0.8050
3330936,sitting,-0.0268,1.0002,0.0349,0.4900,-2.7300,0.8400
3330955,sitting,-0.0254,1.0009,0.0342,0.4900,-2.7300,0.8400
3330974,sitting,-0.0251,1.0004,0.0346,0.5250,-2.6950,0.8050
3330993,sitting,-0.0261,0.9999,0.0344,0.4900,-2.7300,0.8050
3331013,sitting,-0.0251,0.9994,0.0339,0.4550,-2.7300,0.7700
3331032,sitting,-0.0259,0.9997,0.0344,0.4900,-2.7300,0.8400
3331051,sitting,-0.0261,0.9992,0.0346,0.4900,-2.7300,0.7700
3331070,sitting,-0.0249,0.9999,0.0337,0.5250,-2.7300,0.7700
3331090,sitting,-0.0251,1.0006,0.0337,0.4900,-2.7300,0.7700
3331109,sitting,-0.0249,1.0011,0.0354,0.4900,-2.6950,0.8400
3331128,sitting,-0.0256,1.0002,0.0351,0.4900,-2.7300,0.8400
3331147,sitting,-0.0251,1.0004,0.0342,0.5250,-2.7300,0.7700
3331167,sitting,-0.0261,0.9997,0.0334,0.4900,-2.7300,0.7700
3331186,sitting,-0.0259,1.0002,0.0342,0.5250,-2.6950,0.7700
3331205,sitting,-0.0256,0.9997,0.0344,0.4900,-2.7300,0.7700
3331224,sitting,-0.0254,1.0002,0.0344,0.5250,-2.6950,0.8050
3331243,sitting,-0.0251,0.9994,0.0344,0.4900,-2.7300,0.8050
3331263,sitting,-0.0251,1.0002,0.0346,0.4900,-2.7300,0.7700
3331282,sitting,-0.0251,1.0006,0.0356,0.4900,-2.7300,0.7700
3331301,sitting,-0.0254,1.0004,0.0346,0.4900,-2.6950,0.7700
3331320,sitting,-0.0256,0.9999,0.0349,0.5250,-2.7300,0.7700
3331340,sitting,-0.0246,0.9992,0.0342,0.4900,-2.7300,0.7700
3331359,sitting,-0.0244,1.0002,0.0344,0.5250,-2.7300,0.7700
3331378,sitting,-0.0251,0.9999,0.0339,0.5250,-2.7300,0.8050
3331397,sitting,-0.0256,1.0002,0.0337,0.4900,-2.7300,0.8400
3331417,sitting,-0.0251,0.9997,0.0342,0.4900,-2.7300,0.8400
3331436,sitting,-0.0256,1.0006,0.0346,0.4900,-2.7300,0.8400
3331455,sitting,-0.0254,1.0011,0.0356,0.4550,-2.7300,0.8050
3331474,sitting,-0.0242,1.0004,0.0346,0.4900,-2.7300,0.7700
3331493,sitting,-0.0251,1.0004,0.0344,0.4900,-2.7300,0.7700
3331513,sitting,-0.0261,0.9999,0.0339,0.4900,-2.7300,0.8400
3331532,sitting,-0.0264,1.0002,0.0344,0.5250,-2.7300,0.8400
3331551,sitting,-0.0254,1.0016,0.0334,0.4900,-2.7300,0.8050
3331570,sitting,-0.0259,0.9992,0.0337,0.4900,-2.7300,0.8400
3331590,sitting,-0.0259,1.0014,0.0342,0.4900,-2.7300,0.8050
3331609,sitting,-0.0264,1.0002,0.0344,0.5250,-2.7300,0.8400
3331628,sitting,-0.0256,1.0011,0.0346,0.4900,-2.6950,0.8400
3331647,sitting,-0.0256,1.0006,0.0351,0.4900,-2.7300,0.8050
3331667,sitting,-0.0268,1.0009,0.0344,0.4900,-2.7300,0.8050
3331686,sitting,-0.0261,1.0014,0.0337,0.4900,-2.7300,0.8400
3331705,sitting,-0.0246,1.0004,0.0327,0.4900,-2.7300,0.8400
3331724,sitting,-0.0261,0.9989,0.0344,0.4900,-2.7300,0.8400
3331743,sitting,-0.0259,1.0006,0.0337,0.4900,-2.7300,0.8050
3331763,sitting,-0.0244,0.9999,0.0344,0.5250,-2.7300,0.8050
3331782,sitting,-0.0261,0.9997,0.0346,0.4900,-2.7300,0.7700
3331801,sitting,-0.0256,0.9999,0.0344,0.5250,-2.7300,0.8400
3331820,sitting,-0.0266,1.0006,0.0354,0.4900,-2.7300,0.7700
3331840,sitting,-0.0254,0.9999,0.0351,0.5600,-2.7300,0.7700
3331859,sitting,-0.0259,1.0006,0.0346,0.4900,-2.7300,0.8050
3331878,sitting,-0.0256,1.0011,0.0344,0.4900,-2.7300,0.7700
3331897,sitting,-0.0246,0.9989,0.0339,0.4900,-2.6600,0.7700
3331917,sitting,-0.0254,1.0002,0.0344,0.5250,-2.7300,0.7700
3331936,sitting,-0.0246,1.0009,0.0339,0.4900,-2.7300,0.8050
3331955,sitting,-0.0244,1.0002,0.0346,0.4900,-2.7300,0.8050
3331974,sitting,-0.0249,1.0004,0.0349,0.4900,-2.7300,0.8050
3331993,sitting,-0.0254,1.0006,0.0346,0.5250,-2.7300,0.7700
3332013,sitting,-0.0259,1.0006,0.0344,0.5250,-2.7300,0.7700
3332032,sitting,-0.0246,1.0009,0.0342,0.5250,-2.7300,0.7700
3332051,sitting,-0.0249,0.9999,0.0349,0.4900,-2.7300,0.7700
3332070,sitting,-0.0251,1.0004,0.0337,0.4550,-2.7300,0.7700
3332090,sitting,-0.0254,1.0006,0.0349,0.4900,-2.7300,0.7700
3332109,sitting,-0.0256,1.0002,0.0337,0.4550,-2.7300,0.8400
3332128,sitting,-0.0251,1.0002,0.0351,0.4900,-2.6950,0.8400
3332147,sitting,-0.0261,1.0006,0.0339,0.4900,-2.7300,0.7700
3332167,sitting,-0.0249,0.9999,0.0351,0.4900,-2.7300,0.7700
3332186,sitting,-0.0254,1.0006,0.0356,0.4900,-2.7300,0.8050
3332205,sitting,-0.0261,0.9999,0.0337,0.5250,-2.7300,0.7700
3332224,sitting,-0.0256,0.9997,0.0346,0.4900,-2.7300,0.7700
3332243,sitting,-0.0254,1.0002,0.0346,0.4900,-2.7300,0.7700
3332263,sitting,-0.0256,1.0004,0.0342,0.4900,-2.7300,0.7700
3332282,sitting,-0.0256,1.0004,0.0332,0.5250,-2.6950,0.8050
3332301,sitting,-0.0264,1.0009,0.0342,0.5250,-2.7300,0.8050
3332320,sitting,-0.0259,1.0006,0.0344,0.4900,-2.7300,0.7700
3332340,sitting,-0.0259,0.9994,0.0354,0.4900,-2.7300,0.8400
3332359,sitting,-0.0259,0.9999,0.0342,0.4900,-2.7300,0.8400
3332378,sitting,-0.0246,1.0002,0.0346,0.4900,-2.7300,0.8050
3332397,sitting,-0.0266,0.9989,0.0344,0.4900,-2.7300,0.7700
3332417,sitting,-0.0259,1.0011,0.0344,0.4900,-2.6950,0.7700
3332436,sitting,-0.0256,1.0009,0.0351,0.4900,-2.7300,0.8050
3332455,sitting,-0.0251,1.0011,0.0344,0.4900,-2.7300,0.8050
3332474,sitting,-0.0256,1.0004,0.0346,0.4900,-2.7300,0.8050
3332493,sitting,-0.0249,1.0004,0.0351,0.5250,-2.7300,0.7700
3332513,sitting,-0.0254,1.0004,0.0337,0.4900,-2.7300,0.8400
3332532,sitting,-0.0264,1.0006,0.0342,0.4900,-2.7300,0.8050
3332551,sitting,-0.0256,1.0004,0.0349,0.4900,-2.7300,0.8400
3332570,sitting,-0.0256,1.0002,0.0342,0.4900,-2.7300,0.7700
3332590,sitting,-0.0254,1.0006,0.0351,0.5250,-2.6950,0.7700
3332609,sitting,-0.0254,1.0011,0.0349,0.4900,-2.7300,0.8050
3332628,sitting,-0.0261,1.0009,0.0346,0.5600,-2.7300,0.7700
3332647,sitting,-0.0264,1.0002,0.0339,0.4900,-2.6950,0.8400
3332667,sitting,-0.0256,0.9997,0.0349,0.5250,-2.7300,0.7700
3332686,sitting,-0.0244,0.9997,0.0351,0.4550,-2.7300,0.7700
3332705,sitting,-0.0259,1.0006,0.0349,0.4900,-2.7300,0.7700
3332724,sitting,-0.0256,0.9997,0.0337,0.4900,-2.7300,0.8050
3332743,sitting,-0.0264,0.9999,0.0349,0.4900,-2.7300,0.8050
3332763,sitting,-0.0251,0.9992,0.0349,0.4900,-2.7300,0.8400
3332782,sitting,-0.0259,0.9997,0.0346,0.4900,-2.7300,0.7700
3332801,sitting,-0.0259,0.9992,0.0346,0.4900,-2.7300,0.7700
3332820,sitting,-0.0254,1.0002,0.0342,0.4900,-2.7300,0.7700
3332840,sitting,-0.0251,1.0011,0.0346,0.4900,-2.7300,0.7700
3332859,sitting,-0.0259,1.0006,0.0346,0.4900,-2.7300,0.8400
3332878,sitting,-0.0249,0.9999,0.0342,0.4900,-2.7300,0.8400
3332897,sitting,-0.0246,1.0006,0.0351,0.4900,-2.7300,0.8050
3332917,sitting,-0.0251,0.9994,0.0339,0.4900,-2.6950,0.8050
3332936,sitting,-0.0259,0.9999,0.0334,0.4900,-2.6600,0.7700
3332955,sitting,-0.0251,1.0004,0.0342,0.4900,-2.7300,0.8050
3332974,sitting,-0.0254,1.0004,0.0351,0.4900,-2.6950,0.8050
3332993,sitting,-0.0249,0.9997,0.0344,0.4550,-2.7300,0.8400
3333013,sitting,-0.0256,0.9989,0.0346,0.4900,-2.6950,0.8050
3333032,sitting,-0.0254,1.0002,0.0349,0.5250,-2.7300,0.8050
3333051,sitting,-0.0251,0.9999,0.0337,0.4900,-2.7300,0.8400
3333070,sitting,-0.0242,0.9999,0.0349,0.4900,-2.7300,0.7700
3333090,sitting,-0.0244,1.0002,0.0346,0.5250,-2.7300,0.8050
3333109,sitting,-0.0256,1.0002,0.0349,0.4900,-2.7300,0.7700
3333128,sitting,-0.0254,1.0009,0.0339,0.5250,-2.7300,0.7700
3333147,sitting,-0.0259,0.9994,0.0344,0.4900,-2.7300,0.7700
3333167,sitting,-0.0261,0.9999,0.0346,0.4900,-2.6950,0.8050
3333186,sitting,-0.0264,1.0004,0.0354,0.4900,-2.7300,0.7700
3333205,sitting,-0.0251,1.0004,0.0351,0.4900,-2.7300,0.7700
3333224,sitting,-0.0251,0.9999,0.0344,0.5250,-2.6950,0.7700
3333243,sitting,-0.0239,0.9999,0.0354,0.5250,-2.7300,0.8050
3333263,sitting,-0.0254,1.0009,0.0344,0.4550,-2.7300,0.7700
3333282,sitting,-0.0264,1.0002,0.0346,0.4900,-2.6950,0.7700
3333301,sitting,-0.0254,1.0004,0.0356,0.5250,-2.7300,0.7700
3333320,sitting,-0.0256,1.0006,0.0344,0.5250,-2.7300,0.7700
3333340,sitting,-0.0249,0.9989,0.0346,0.4900,-2.7300,0.7700
3333359,sitting,-0.0264,0.9997,0.0342,0.4900,-2.6950,0.8400
3333378,sitting,-0.0254,0.9997,0.0339,0.4550,-2.7300,0.8050
3333397,sitting,-0.0251,1.0006,0.0332,0.4900,-2.7300,0.8400
3333417,sitting,-0.0254,0.9997,0.0342,0.4900,-2.7300,0.8050
3333436,sitting,-0.0242,0.9999,0.0344,0.4900,-2.7300,0.7700
3333455,sitting,-0.0251,1.0011,0.0339,0.4900,-2.6950,0.8050
3333474,sitting,-0.0259,1.0009,0.0342,0.4550,-2.7300,0.7700
3333493,sitting,-0.0246,1.0002,0.0351,0.4900,-2.7300,0.8400
3333513,sitting,-0.0242,1.0009,0.0344,0.5250,-2.7300,0.8400
3333532,sitting,-0.0249,1.0011,0.0337,0.4900,-2.7300,0.8400
3333551,sitting,-0.0259,1.0004,0.0337,0.4550,-2.7300,0.8400
3333570,sitting,-0.0259,1.0006,0.0342,0.4900,-2.7300,0.7700
3333590,sitting,-0.0251,1.0011,0.0339,0.4900,-2.7300,0.7700
3333609,sitting,-0.0254,1.0011,0.0342,0.4900,-2.7300,0.7700
3333628,sitting,-0.0261,1.0006,0.0349,0.4900,-2.7300,0.7700
3333647,sitting,-0.0261,1.0006,0.0349,0.4900,-2.7300,0.7700
3333667,sitting,-0.0254,0.9992,0.0359,0.4900,-2.7300,0.8400
3333686,sitting,-0.0251,0.9997,0.0346,0.4900,-2.7300,0.7700
3333705,sitting,-0.0254,0.9997,0.0342,0.4900,-2.7300,0.8050
3333724,sitting,-0.0259,1.0009,0.0342,0.5250,-2.7300,0.7700
3333743,sitting,-0.0256,1.0009,0.0344,0.5600,-2.7300,0.7700
3333763,sitting,-0.0249,1.0002,0.0342,0.4900,-2.7300,0.7700
3333782,sitting,-0.0261,0.9999,0.0342,0.4900,-2.7300,0.8050
3333801,sitting,-0.0246,1.0004,0.0344,0.5250,-2.7300,0.7700
3333820,sitting,-0.0251,1.0004,0.0342,0.5250,-2.7300,0.8050
3333840,sitting,-0.0249,0.9999,0.0339,0.4900,-2.7300,0.8050
3333859,sitting,-0.0251,1.0011,0.0337,0.4900,-2.6950,0.8400
3333878,sitting,-0.0259,0.9994,0.0349,0.4900,-2.6950,0.7700
3333897,sitting,-0.0259,1.0009,0.0344,0.4900,-2.7300,0.7700
3333917,sitting,-0.0264,0.9997,0.0344,0.5250,-2.7300,0.7700
3333936,sitting,-0.0264,0.9997,0.0346,0.4900,-2.7300,0.7700
3333955,sitting,-0.0246,0.9997,0.0349,0.4900,-2.6950,0.7700
3333974,sitting,-0.0249,1.0002,0.0332,0.4900,-2.6950,0.8050
3333993,sitting,-0.0251,1.0004,0.0349,0.4900,-2.7300,0.7700
3334013,sitting,-0.0251,0.9999,0.0337,0.4900,-2.7300,0.8050
3334032,sitting,-0.0256,0.9999,0.0344,0.4900,-2.7300,0.7700
3334051,sitting,-0.0261,1.0006,0.0344,0.4900,-2.7300,0.8400
3334070,sitting,-0.0254,1.0006,0.0354,0.4550,-2.7300,0.8400
3334090,sitting,-0.0249,1.0014,0.0349,0.4900,-2.7300,0.8400
3334109,sitting,-0.0254,1.0004,0.0342,0.4900,-2.7300,0.8400
3334128,sitting,-0.0254,1.0009,0.0332,0.4900,-2.7300,0.8050
3334147,sitting,-0.0264,0.9994,0.0354,0.4550,-2.7300,0.8050
3334167,sitting,-0.0264,1.0002,0.0346,0.5250,-2.7300,0.7700
3334186,sitting,-0.0256,1.0004,0.0356,0.4550,-2.7300,0.8400
3334205,sitting,-0.0259,1.0011,0.0349,0.4900,-2.6950,0.8400
3334224,sitting,-0.0251,1.0002,0.0339,0.4900,-2.7300,0.7700
3334243,sitting,-0.0259,1.0002,0.0339,0.4900,-2.6950,0.7700
3334263,sitting,-0.0254,1.0004,0.0334,0.5250,-2.7300,0.8400
3334282,sitting,-0.0249,1.0004,0.0342,0.5250,-2.7300,0.8400
3334301,sitting,-0.0259,1.0011,0.0346,0.5250,-2.7300,0.7700
3334320,sitting,-0.0254,1.0006,0.0344,0.5250,-2.7300,0.8050
3334340,sitting,-0.0246,1.0002,0.0354,0.5250,-2.7300,0.8050
3334359,sitting,-0.0259,0.9997,0.0344,0.4900,-2.7300,0.8400
3334378,sitting,-0.0261,1.0006,0.0344,0.5600,-2.7300,0.8400
3334397,sitting,-0.0261,0.9999,0.0349,0.5250,-2.7300,0.7700
3334417,sitting,-0.0244,1.0002,0.0349,0.5250,-2.7300,0.8400
3334436,sitting,-0.0249,0.9999,0.0351,0.4900,-2.6600,0.8050
3334455,sitting,-0.0256,0.9992,0.0351,0.4900,-2.7300,0.7700
3334474,sitting,-0.0256,1.0002,0.0349,0.5250,-2.6950,0.8050
3334493,sitting,-0.0246,1.0004,0.0344,0.4900,-2.7300,0.8050
3334513,sitting,-0.0254,0.9992,0.0346,0.4900,-2.6600,0.8050
3334532,sitting,-0.0256,0.9999,0.0339,0.4900,-2.6950,0.7700
3334551,sitting,-0.0251,0.9999,0.0346,0.5250,-2.7300,0.7700
3334570,sitting,-0.0254,1.0004,0.0329,0.4900,-2.7300,0.7700
3334590,sitting,-0.0251,1.0009,0.0337,0.4900,-2.7300,0.7700
3334609,sitting,-0.0259,0.9999,0.0344,0.4900,-2.7300,0.8050
3334628,sitting,-0.0256,0.9999,0.0344,0.4900,-2.7300,0.7700
3334647,sitting,-0.0266,0.9999,0.0339,0.4900,-2.7300,0.7700
3334667,sitting,-0.0254,1.0006,0.0356,0.4900,-2.7300,0.8050
3334686,sitting,-0.0251,0.9999,0.0366,0.4900,-2.7300,0.8050
3334705,sitting,-0.0259,1.0011,0.0351,0.4900,-2.7300,0.8400
3334724,sitting,-0.0256,1.0002,0.0344,0.4900,-2.7300,0.8400
3334743,sitting,-0.0256,1.0002,0.0351,0.4900,-2.7300,0.8050
3334763,sitting,-0.0251,1.0004,0.0342,0.4900,-2.7300,0.7700
3334782,sitting,-0.0244,1.0006,0.0342,0.4550,-2.7300,0.8050
3334801,sitting,-0.0251,1.0011,0.0342,0.4900,-2.7300,0.8400
3334820,sitting,-0.0246,1.0006,0.0344,0.5250,-2.7300,0.7700
3334840,sitting,-0.0249,1.0009,0.0339,0.4900,-2.7300,0.7700
3334859,sitting,-0.0254,0.9994,0.0349,0.4900,-2.7300,0.7700
3334878,sitting,-0.0249,1.0002,0.0342,0.5250,-2.7300,0.8050
3334897,sitting,-0.0254,1.0004,0.0337,0.4900,-2.7300,0.8050
3334917,sitting,-0.0261,1.0002,0.0344,0.4900,-2.7300,0.8400
3334936,sitting,-0.0256,1.0004,0.0344,0.4900,-2.7300,0.7700
3334955,sitting,-0.0249,1.0004,0.0334,0.4900,-2.7300,0.7700
3334974,sitting,-0.0251,0.9994,0.0346,0.4900,-2.7300,0.8400
3334993,sitting,-0.0251,0.9992,0.0344,0.4900,-2.7300,0.7700
3335013,sitting,-0.0254,1.0002,0.0332,0.4900,-2.7300,0.8050
3335032,sitting,-0.0244,1.0006,0.0342,0.4900,-2.7300,0.8050
3335051,sitting,-0.0251,0.9999,0.0342,0.4900,-2.7300,0.7700
3335070,sitting,-0.0254,0.9997,0.0339,0.4900,-2.7300,0.8400
3335090,sitting,-0.0254,1.0004,0.0344,0.4900,-2.7300,0.7700
3335109,sitting,-0.0254,1.0004,0.0337,0.4550,-2.7300,0.7700
3335128,sitting,-0.0251,0.9999,0.0337,0.5250,-2.7300,0.7700
3335147,sitting,-0.0261,1.0002,0.0344,0.4900,-2.6950,0.7700
3335167,sitting,-0.0259,1.0006,0.0346,0.4900,-2.6950,0.7700
3335186,sitting,-0.0261,1.0004,0.0344,0.5250,-2.7300,0.8050
3335205,sitting,-0.0251,0.9997,0.0342,0.4900,-2.7300,0.7700
3335224,sitting,-0.0256,0.9999,0.0339,0.4900,-2.6950,0.7700
3335243,sitting,-0.0251,0.9999,0.0344,0.4900,-2.7300,0.7700
3335263,sitting,-0.0246,0.9999,0.0339,0.4900,-2.7300,0.7700
3335282,sitting,-0.0251,0.9997,0.0344,0.5600,-2.7300,0.8400
3335301,sitting,-0.0254,1.0004,0.0344,0.4900,-2.7300,0.7700
3335320,sitting,-0.0264,1.0002,0.0337,0.4900,-2.7300,0.8050
3335340,sitting,-0.0254,0.9994,0.0349,0.4900,-2.7650,0.7700
3335359,sitting,-0.0256,1.0002,0.0351,0.4900,-2.7300,0.8050
3335378,sitting,-0.0256,1.0002,0.0344,0.4900,-2.7300,0.8050
3335397,sitting,-0.0256,0.9999,0.0351,0.4550,-2.7300,0.7700
3335417,sitting,-0.0268,1.0002,0.0344,0.4900,-2.7300,0.8400
3335436,sitting,-0.0259,1.0002,0.0339,0.4900,-2.6950,0.8400
3335455,sitting,-0.0254,0.9999,0.0344,0.4900,-2.7300,0.8400
3335474,sitting,-0.0256,1.0002,0.0337,0.4200,-2.7300,0.8050
3335493,sitting,-0.0254,0.9997,0.0346,0.4900,-2.7300,0.7700
3335513,sitting,-0.0254,0.9997,0.0342,0.4900,-2.6600,0.8400
3335532,sitting,-0.0251,1.0011,0.0346,0.4900,-2.7300,0.7700
3335551,sitting,-0.0254,0.9994,0.0344,0.5250,-2.7650,0.8050
3335570,sitting,-0.0261,0.9994,0.0339,0.4900,-2.7300,0.8050
3335590,sitting,-0.0271,1.0004,0.0339,0.4900,-2.6600,0.8400
3335609,sitting,-0.0259,0.9997,0.0349,0.4900,-2.7300,0.7700
3335628,sitting,-0.0256,1.0002,0.0349,0.4900,-2.7300,0.7700
3335647,sitting,-0.0256,0.9994,0.0337,0.5250,-2.7300,0.8050
3335667,sitting,-0.0254,1.0002,0.0337,0.4900,-2.6950,0.7700
3335686,sitting,-0.0259,0.9999,0.0339,0.4900,-2.7300,0.7700
3335705,sitting,-0.0249,1.0004,0.0354,0.4900,-2.7300,0.8050
3335724,sitting,-0.0266,1.0006,0.0351,0.5600,-2.7300,0.8050
3335743,sitting,-0.0261,0.9999,0.0342,0.4900,-2.7300,0.7700
3335763,sitting,-0.0259,1.0006,0.0346,0.4900,-2.7300,0.8400
3335782,sitting,-0.0251,0.9997,0.0344,0.4900,-2.7300,0.8050
3335801,sitting,-0.0251,0.9999,0.0337,0.4900,-2.7300,0.8050
3335820,sitting,-0.0259,1.0006,0.0344,0.4900,-2.7300,0.7700
3335840,sitting,-0.0254,1.0006,0.0344,0.4900,-2.7300,0.7700
3335859,sitting,-0.0246,1.0002,0.0344,0.4900,-2.7300,0.7700
3335878,sitting,-0.0254,0.9999,0.0339,0.4900,-2.7300,0.8400
3335897,sitting,-0.0256,1.0002,0.0344,0.5250,-2.7300,0.8400
3335917,sitting,-0.0254,1.0009,0.0337,0.4550,-2.7300,0.8050
3335936,sitting,-0.0254,1.0011,0.0344,0.4900,-2.7300,0.7700
3335955,sitting,-0.0251,1.0004,0.0342,0.4900,-2.7300,0.8400
3335974,sitting,-0.0256,1.0002,0.0342,0.4900,-2.7300,0.7700
3335993,sitting,-0.0251,1.0006,0.0342,0.4900,-2.7300,0.8050
3336013,sitting,-0.0256,1.0004,0.0337,0.4200,-2.7650,0.8050
3336032,sitting,-0.0251,1.0004,0.0346,0.4900,-2.7300,0.7700
3336051,sitting,-0.0249,0.9999,0.0346,0.4900,-2.7300,0.8050
3336070,sitting,-0.0261,1.0004,0.0351,0.4900,-2.7300,0.8050
3336090,sitting,-0.0256,1.0006,0.0351,0.4900,-2.7300,0.8050
3336109,sitting,-0.0251,0.9997,0.0339,0.4900,-2.7300,0.7700
3336128,sitting,-0.0251,1.0002,0.0344,0.4900,-2.7300,0.7700
3336147,sitting,-0.0251,0.9994,0.0344,0.5250,-2.7300,0.7700
3336167,sitting,-0.0239,1.0002,0.0342,0.4550,-2.7650,0.8400
3336186,sitting,-0.0251,0.9999,0.0346,0.4900,-2.7300,0.8400
3336205,sitting,-0.0254,1.0006,0.0349,0.4900,-2.7300,0.8050
3336224,sitting,-0.0249,1.0014,0.0342,0.4900,-2.7300,0.7700
3336243,sitting,-0.0254,1.0014,0.0351,0.4900,-2.7300,0.8050
3336263,sitting,-0.0242,0.9999,0.0346,0.4900,-2.7300,0.7700
3336282,sitting,-0.0251,0.9992,0.0346,0.5250,-2.7300,0.7700
3336301,sitting,-0.0239,1.0002,0.0342,0.4900,-2.7300,0.8050
3336320,sitting,-0.0249,1.0004,0.0342,0.4900,-2.7300,0.8050
3336340,sitting,-0.0264,1.0006,0.0349,0.5250,-2.6950,0.7700
3336359,sitting,-0.0251,1.0004,0.0342,0.4900,-2.7300,0.7700
3336378,sitting,-0.0254,1.0004,0.0344,0.5250,-2.7300,0.7700
3336397,sitting,-0.0264,0.9994,0.0342,0.4900,-2.7300,0.7700
3336417,sitting,-0.0256,1.0011,0.0342,0.4900,-2.6950,0.7700
3336436,sitting,-0.0271,1.0009,0.0351,0.4900,-2.7300,0.7700
3336455,sitting,-0.0246,1.0006,0.0351,0.5250,-2.6950,0.8400
3336474,sitting,-0.0254,1.0009,0.0349,0.4200,-2.7300,0.7700
3336493,sitting,-0.0256,1.0006,0.0346,0.4900,-2.7300,0.7700
3336513,sitting,-0.0251,1.0002,0.0337,0.4900,-2.7300,0.8050
3336532,sitting,-0.0256,1.0002,0.0344,0.5250,-2.6950,0.8400
3336551,sitting,-0.0246,1.0006,0.0351,0.4900,-2.7300,0.7700
3336570,sitting,-0.0251,1.0004,0.0337,0.5250,-2.7300,0.8050
3336590,sitting,-0.0259,0.9994,0.0339,0.4550,-2.7300,0.7700
3336609,sitting,-0.0261,0.9992,0.0337,0.4550,-2.6950,0.8400
3336628,sitting,-0.0266,1.0002,0.0339,0.4200,-2.7300,0.8050
3336647,sitting,-0.0244,1.0002,0.0344,0.4900,-2.6950,0.8050
3336667,sitting,-0.0249,1.0002,0.0349,0.4900,-2.7300,0.8050
3336686,sitting,-0.0251,1.0002,0.0339,0.4900,-2.7300,0.7700
3336705,sitting,-0.0266,1.0009,0.0346,0.4900,-2.7300,0.7700
3336724,sitting,-0.0249,0.9994,0.0342,0.4550,-2.7300,0.8050
3336743,sitting,-0.0256,1.0002,0.0344,0.4900,-2.7300,0.8400
3336763,sitting,-0.0254,1.0006,0.0339,0.4900,-2.7300,0.8050
3336782,sitting,-0.0246,0.9997,0.0344,0.4900,-2.7300,0.7700
3336801,sitting,-0.0254,0.9997,0.0351,0.5250,-2.7300,0.8050
3336820,sitting,-0.0249,0.9994,0.0332,0.4900,-2.7300,0.8400
3336840,sitting,-0.0254,1.0004,0.0339,0.4900,-2.7300,0.7700
3336859,sitting,-0.0254,1.0002,0.0344,0.4900,-2.7300,0.7700
3336878,sitting,-0.0256,0.9999,0.0342,0.5250,-2.7300,0.8050
3336897,sitting,-0.0254,0.9994,0.0349,0.4900,-2.7300,0.7700
3336917,sitting,-0.0251,0.9997,0.0349,0.5250,-2.6950,0.7700
3336936,sitting,-0.0249,1.0004,0.0346,0.4900,-2.6950,0.8400
3336955,sitting,-0.0256,0.9997,0.0346,0.5250,-2.7300,0.8050
3336974,sitting,-0.0264,0.9999,0.0349,0.5250,-2.7300,0.8050
3336993,sitting,-0.0256,0.9999,0.0349,0.5250,-2.6950,0.8050
3337013,sitting,-0.0259,1.0004,0.0344,0.4900,-2.7300,0.7700
3337032,sitting,-0.0261,1.0006,0.0346,0.4900,-2.7300,0.7700
3337051,sitting,-0.0249,0.9999,0.0356,0.4900,-2.6600,0.8050
3337070,sitting,-0.0254,1.0004,0.0346,0.5250,-2.7300,0.7700
3337090,sitting,-0.0264,1.0004,0.0342,0.4900,-2.7300,0.8050
3337109,sitting,-0.0264,0.9994,0.0349,0.4900,-2.7300,0.7700
3337128,sitting,-0.0264,1.0004,0.0346,0.4900,-2.7300,0.8050
3337147,sitting,-0.0261,1.0002,0.0351,0.5250,-2.7300,0.7700
3337167,sitting,-0.0244,1.0011,0.0337,0.4900,-2.7300,0.8400
3337186,sitting,-0.0249,1.0002,0.0344,0.4900,-2.7300,0.8400
3337205,sitting,-0.0249,1.0009,0.0342,0.4900,-2.7300,0.8050
3337224,sitting,-0.0244,1.0002,0.0344,0.4900,-2.7300,0.8050
3337243,sitting,-0.0251,0.9997,0.0349,0.4900,-2.7300,0.8050
3337263,sitting,-0.0249,0.9989,0.0349,0.4900,-2.7300,0.7700
3337282,sitting,-0.0256,0.9997,0.0349,0.4900,-2.7300,0.8400
3337301,sitting,-0.0261,0.9997,0.0356,0.4900,-2.7300,0.7700
3337320,sitting,-0.0254,1.0006,0.0349,0.4900,-2.7300,0.8400
3337340,sitting,-0.0256,0.9999,0.0346,0.4900,-2.7300,0.8400
3337359,sitting,-0.0256,1.0004,0.0346,0.4900,-2.7300,0.8400
3337378,sitting,-0.0251,1.0014,0.0356,0.4900,-2.6950,0.7700
3337397,sitting,-0.0256,0.9999,0.0344,0.4900,-2.7300,0.8050
3337417,sitting,-0.0256,1.0004,0.0342,0.5250,-2.7300,0.8400
3337436,sitting,-0.0256,1.0004,0.0344,0.5250,-2.7300,0.7700
3337455,sitting,-0.0251,1.0004,0.0349,0.4900,-2.6950,0.7700
3337474,sitting,-0.0251,1.0004,0.0346,0.4900,-2.7300,0.7700
3337493,sitting,-0.0259,1.0006,0.0351,0.4900,-2.7300,0.7700
3337513,sitting,-0.0254,0.9992,0.0339,0.4900,-2.7300,0.8050
3337532,sitting,-0.0246,1.0002,0.0349,0.4900,-2.6950,0.7700
3337551,sitting,-0.0254,1.0009,0.0342,0.4900,-2.7300,0.8050
3337570,sitting,-0.0251,1.0004,0.0339,0.5250,-2.7300,0.7700
3337590,sitting,-0.0246,1.0004,0.0342,0.4900,-2.7300,0.8050
3337609,sitting,-0.0256,0.9997,0.0344,0.5250,-2.7300,0.7700
3337628,sitting,-0.0259,1.0002,0.0344,0.4900,-2.6950,0.7700
3337647,sitting,-0.0259,0.9997,0.0346,0.4900,-2.7300,0.7700
3337667,sitting,-0.0259,1.0004,0.0334,0.4900,-2.7300,0.7700
3337686,sitting,-0.0261,1.0002,0.0337,0.5250,-2.6950,0.7700
3337705,sitting,-0.0249,1.0006,0.0344,0.4900,-2.7300,0.7700
3337724,sitting,-0.0256,1.0002,0.0339,0.4900,-2.7300,0.7700
3337743,sitting,-0.0254,1.0006,0.0334,0.4200,-2.7300,0.7700
3337763,sitting,-0.0261,0.9997,0.0344,0.4900,-2.7300,0.8050
3337782,sitting,-0.0264,0.9999,0.0349,0.4900,-2.7300,0.8050
3337801,sitting,-0.0254,1.0002,0.0346,0.4550,-2.7300,0.7700
3337820,sitting,-0.0251,1.0011,0.0354,0.4900,-2.7300,0.8050
3337840,sitting,-0.0251,1.0014,0.0342,0.4900,-2.7300,0.8050
3337859,sitting,-0.0254,1.0009,0.0349,0.4900,-2.7300,0.8050
3337878,sitting,-0.0256,1.0006,0.0349,0.4900,-2.6950,0.8400
3337897,sitting,-0.0261,0.9999,0.0342,0.4550,-2.7300,0.8400
3337917,sitting,-0.0266,0.9999,0.0342,0.4900,-2.7300,0.8400
3337936,sitting,-0.0261,1.0009,0.0342,0.4900,-2.7300,0.8400
3337955,sitting,-0.0251,0.9992,0.0337,0.4900,-2.7300,0.8050
3337974,sitting,-0.0251,0.9994,0.0344,0.4900,-2.7300,0.7700
3337993,sitting,-0.0259,1.0002,0.0344,0.4900,-2.7300,0.8050
3338013,sitting,-0.0261,0.9997,0.0334,0.4900,-2.7300,0.8400
3338032,sitting,-0.0259,0.9997,0.0349,0.4900,-2.7300,0.8050
3338051,sitting,-0.0254,0.9997,0.0349,0.4550,-2.7300,0.8050
3338070,sitting,-0.0249,1.0002,0.0346,0.5250,-2.6950,0.8050
3338090,sitting,-0.0264,1.0002,0.0344,0.4900,-2.7300,0.8050
3338109,sitting,-0.0256,1.0002,0.0346,0.4900,-2.7300,0.8050
3338128,sitting,-0.0259,1.0004,0.0344,0.4900,-2.7300,0.8050
3338147,sitting,-0.0256,1.0009,0.0349,0.5250,-2.7300,0.7700
3338167,sitting,-0.0264,1.0006,0.0344,0.4900,-2.7300,0.7700
3338186,sitting,-0.0264,1.0004,0.0344,0.4900,-2.7300,0.7700
3338205,sitting,-0.0256,0.9997,0.0344,0.4900,-2.6950,0.7700
3338224,sitting,-0.0249,0.9994,0.0346,0.4900,-2.7300,0.7700
3338243,sitting,-0.0256,0.9999,0.0334,0.5250,-2.7300,0.7700
3338263,sitting,-0.0259,0.9997,0.0346,0.4550,-2.7300,0.7700
3338282,sitting,-0.0251,1.0002,0.0342,0.5250,-2.7300,0.7700
3338301,sitting,-0.0254,0.9997,0.0349,0.5250,-2.7300,0.7700
3338320,sitting,-0.0246,0.9999,0.0339,0.4900,-2.7300,0.8050
3338340,sitting,-0.0251,1.0009,0.0339,0.4550,-2.7300,0.8050
3338359,sitting,-0.0254,0.9999,0.0356,0.4900,-2.7300,0.8400
3338378,sitting,-0.0266,1.0009,0.0337,0.4900,-2.7300,0.8050
3338397,sitting,-0.0256,1.0006,0.0342,0.5250,-2.7300,0.8400
3338417,sitting,-0.0256,1.0002,0.0337,0.4900,-2.7300,0.8050
3338436,sitting,-0.0264,1.0009,0.0349,0.4900,-2.7300,0.8050
3338455,sitting,-0.0246,1.0011,0.0351,0.4900,-2.7300,0.7700
3338474,sitting,-0.0259,1.0009,0.0354,0.4900,-2.7300,0.7700
3338493,sitting,-0.0268,1.0004,0.0351,0.4550,-2.7300,0.8050
3338513,sitting,-0.0261,0.9994,0.0349,0.4900,-2.6950,0.7700
3338532,sitting,-0.0266,1.0002,0.0339,0.4550,-2.7300,0.7700
3338551,sitting,-0.0254,1.0004,0.0354,0.4900,-2.7650,0.7700
3338570,sitting,-0.0266,1.0004,0.0346,0.4900,-2.7300,0.8050
3338590,sitting,-0.0259,1.0014,0.0342,0.4550,-2.6950,0.8050
3338609,sitting,-0.0264,0.9999,0.0356,0.4900,-2.7300,0.7700
3338628,sitting,-0.0256,0.9999,0.0342,0.4900,-2.6950,0.7700
3338647,sitting,-0.0254,0.9999,0.0346,0.5250,-2.7300,0.8050
3338667,sitting,-0.0251,0.9997,0.0349,0.4900,-2.7300,0.7700
3338686,sitting,-0.0256,0.9997,0.0344,0.4900,-2.7300,0.7700
3338705,sitting,-0.0254,1.0004,0.0344,0.5600,-2.7300,0.7700
3338724,sitting,-0.0264,1.0004,0.0344,0.4900,-2.7300,0.8050
3338743,sitting,-0.0256,1.0004,0.0346,0.4900,-2.7300,0.8050
3338763,sitting,-0.0259,0.9994,0.0346,0.5600,-2.6950,0.8050
3338782,sitting,-0.0259,1.0004,0.0351,0.4900,-2.7300,0.8050
3338801,sitting,-0.0251,1.0006,0.0356,0.4900,-2.7300,0.7700
3338820,sitting,-0.0254,1.0011,0.0346,0.4900,-2.6950,0.8400
3338840,sitting,-0.0256,1.0014,0.0349,0.4900,-2.7300,0.7700
3338859,sitting,-0.0251,0.9994,0.0346,0.5250,-2.7300,0.8050
3338878,sitting,-0.0261,0.9997,0.0337,0.4900,-2.6950,0.7700
3338897,sitting,-0.0254,0.9999,0.0346,0.5250,-2.7300,0.7700
3338917,sitting,-0.0256,1.0004,0.0342,0.5250,-2.7300,0.7700
3338936,sitting,-0.0264,0.9997,0.0354,0.4550,-2.7300,0.7350
3338955,sitting,-0.0259,1.0004,0.0349,0.4900,-2.7300,0.7700
3338974,sitting,-0.0254,1.0002,0.0351,0.4900,-2.7300,0.7700
3338993,sitting,-0.0256,1.0004,0.0342,0.4900,-2.7300,0.8050
3339013,sitting,-0.0256,1.0002,0.0339,0.4550,-2.7300,0.8050
3339032,sitting,-0.0251,0.9999,0.0339,0.4900,-2.7300,0.7700
3339051,sitting,-0.0264,0.9997,0.0339,0.4900,-2.7300,0.8050
3339070,sitting,-0.0256,1.0006,0.0346,0.4550,-2.7300,0.7700
3339090,sitting,-0.0259,1.0006,0.0337,0.4900,-2.7300,0.8050
3339109,sitting,-0.0246,0.9999,0.0349,0.4550,-2.6950,0.7700
3339128,sitting,-0.0251,0.9999,0.0344,0.5250,-2.7300,0.8050
3339147,sitting,-0.0254,1.0002,0.0344,0.4550,-2.7300,0.8050
3339167,sitting,-0.0251,0.9994,0.0344,0.5600,-2.7300,0.8050
3339186,sitting,-0.0259,1.0006,0.0354,0.4900,-2.7300,0.8050
3339205,sitting,-0.0254,1.0002,0.0346,0.5600,-2.7300,0.8400
3339224,sitting,-0.0246,0.9999,0.0342,0.4900,-2.7300,0.7700
3339243,sitting,-0.0256,0.9999,0.0344,0.4900,-2.7300,0.7700
3339263,sitting,-0.0251,0.9999,0.0344,0.4900,-2.7650,0.8050
3339282,sitting,-0.0254,0.9997,0.0339,0.4900,-2.6950,0.7700
3339301,sitting,-0.0259,0.9997,0.0346,0.4550,-2.6950,0.8050
3339320,sitting,-0.0246,0.9992,0.0351,0.5250,-2.7300,0.7700
3339340,sitting,-0.0261,1.0009,0.0349,0.4900,-2.7300,0.7700
3339359,sitting,-0.0251,1.0004,0.0337,0.4900,-2.7300,0.7700
3339378,sitting,-0.0259,1.0002,0.0342,0.4900,-2.7300,0.7700
3339397,sitting,-0.0246,1.0002,0.0337,0.5250,-2.7650,0.8400
3339417,sitting,-0.0256,0.9999,0.0346,0.4900,-2.7300,0.8050
3339436,sitting,-0.0264,1.0002,0.0339,0.4900,-2.6950,0.7700
3339455,sitting,-0.0256,1.0011,0.0351,0.4900,-2.7300,0.8400
3339474,sitting,-0.0254,1.0002,0.0342,0.4900,-2.7300,0.7700
3339493,sitting,-0.0249,1.0009,0.0344,0.5250,-2.7300,0.8050
3339513,sitting,-0.0244,1.0004,0.0346,0.4900,-2.7300,0.7700
3339532,sitting,-0.0256,1.0009,0.0354,0.4900,-2.7300,0.8050
3339551,sitting,-0.0251,0.9999,0.0354,0.4900,-2.7300,0.7700
3339570,sitting,-0.0249,0.9994,0.0346,0.4900,-2.7300,0.8050
3339590,sitting,-0.0254,0.9997,0.0344,0.4900,-2.6950,0.7700
3339609,sitting,-0.0259,0.9992,0.0342,0.5250,-2.7300,0.8050
3339628,sitting,-0.0259,0.9999,0.0332,0.4900,-2.7300,0.8050
3339647,sitting,-0.0261,0.9994,0.0339,0.4900,-2.7300,0.8400
3339667,sitting,-0.0259,0.9984,0.0354,0.4900,-2.6950,0.8050
3339686,sitting,-0.0254,0.9999,0.0349,0.4900,-2.7300,0.8050
3339705,sitting,-0.0249,1.0006,0.0351,0.5250,-2.7300,0.8050
3339724,sitting,-0.0256,0.9999,0.0346,0.4550,-2.7300,0.8050
3339743,sitting,-0.0256,1.0002,0.0339,0.4900,-2.7300,0.7700
3339763,sitting,-0.0251,1.0002,0.0346,0.4900,-2.7300,0.8050
3339782,sitting,-0.0256,0.9999,0.0342,0.4900,-2.7300,0.7700
3339801,sitting,-0.0251,1.0006,0.0346,0.4900,-2.7300,0.8050
3339820,sitting,-0.0251,0.9997,0.0344,0.4550,-2.7300,0.8050
3339840,sitting,-0.0251,0.9999,0.0339,0.4900,-2.7300,0.8400
3339859,sitting,-0.0256,1.0004,0.0344,0.4550,-2.7300,0.8050
3339878,sitting,-0.0256,0.9999,0.0349,0.4900,-2.7300,0.8400
3339897,sitting,-0.0254,0.9994,0.0346,0.4900,-2.7300,0.8050
3339917,sitting,-0.0259,0.9999,0.0351,0.4900,-2.7300,0.8050
3339936,sitting,-0.0256,1.0004,0.0349,0.4900,-2.7300,0.8050
3339955,sitting,-0.0254,1.0004,0.0346,0.4900,-2.7300,0.7700
3339974,sitting,-0.0256,1.0006,0.0344,0.4900,-2.7300,0.8400
3339993,sitting,-0.0251,1.0014,0.0346,0.4900,-2.7300,0.8050
3340013,sitting,-0.0259,1.0002,0.0337,0.4900,-2.7300,0.8400
3340032,sitting,-0.0259,1.0002,0.0344,0.5250,-2.7300,0.8050
3340051,sitting,-0.0256,1.0002,0.0342,0.4900,-2.7300,0.7700
3340070,sitting,-0.0259,1.0006,0.0346,0.5250,-2.7300,0.7700
3340090,sitting,-0.0254,1.0004,0.0354,0.5250,-2.7300,0.7700
3340109,sitting,-0.0254,0.9997,0.0337,0.4900,-2.7300,0.7700
3340128,sitting,-0.0254,1.0004,0.0339,0.5250,-2.7300,0.7700
3340147,sitting,-0.0256,1.0006,0.0329,0.4900,-2.7300,0.7700
3340167,sitting,-0.0259,1.0006,0.0337,0.5250,-2.7300,0.7700
3340186,sitting,-0.0254,1.0004,0.0342,0.4550,-2.7300,0.8050
3340205,sitting,-0.0259,1.0002,0.0354,0.4900,-2.7300,0.8050
3340224,sitting,-0.0256,1.0002,0.0349,0.4200,-2.7300,0.7700
3340243,sitting,-0.0254,0.9997,0.0334,0.5250,-2.7300,0.7700
3340263,sitting,-0.0256,0.9999,0.0339,0.4900,-2.7300,0.7700
3340282,sitting,-0.0254,1.0004,0.0337,0.5250,-2.7300,0.8050
3340301,sitting,-0.0256,0.9994,0.0346,0.4900,-2.7300,0.8050
3340320,sitting,-0.0251,0.9997,0.0342,0.4900,-2.7300,0.7700
3340340,sitting,-0.0251,1.0016,0.0339,0.4900,-2.7300,0.7700
3340359,sitting,-0.0246,0.9994,0.0354,0.4900,-2.7300,0.8050
3340378,sitting,-0.0261,0.9997,0.0349,0.4550,-2.7300,0.8050
3340397,sitting,-0.0249,1.0009,0.0344,0.4900,-2.7300,0.8400
3340417,sitting,-0.0249,1.0006,0.0346,0.4900,-2.7300,0.8050
3340436,sitting,-0.0256,0.9999,0.0344,0.4550,-2.6600,0.8400
3340455,sitting,-0.0259,1.0004,0.0346,0.4900,-2.7300,0.8050
3340474,sitting,-0.0249,1.0002,0.0344,0.4900,-2.7300,0.8050
3340493,sitting,-0.0261,1.0002,0.0329,0.4900,-2.7300,0.7700
3340513,sitting,-0.0264,1.0009,0.0339,0.5250,-2.7300,0.8050
3340532,sitting,-0.0259,1.0014,0.0354,0.4900,-2.7300,0.8050
3340551,sitting,-0.0266,1.0006,0.0349,0.4900,-2.6950,0.8050
3340570,sitting,-0.0256,0.9999,0.0351,0.4550,-2.6950,0.7700
3340590,sitting,-0.0261,1.0002,0.0344,0.4900,-2.7300,0.8050
3340609,sitting,-0.0264,1.0009,0.0346,0.4900,-2.7300,0.7700
3340628,sitting,-0.0259,1.0002,0.0342,0.4900,-2.7300,0.7700
3340647,sitting,-0.0259,1.0004,0.0337,0.4900,-2.7300,0.7700
3340667,sitting,-0.0264,1.0004,0.0354,0.5250,-2.6600,0.7700
3340686,sitting,-0.0256,1.0002,0.0356,0.4900,-2.7300,0.7700
3340705,sitting,-0.0246,0.9992,0.0342,0.4900,-2.7300,0.7700
3340724,sitting,-0.0264,0.9997,0.0354,0.4900,-2.7300,0.7700
3340743,sitting,-0.0256,1.0004,0.0351,0.5250,-2.6950,0.7700
3340763,sitting,-0.0268,1.0004,0.0342,0.4900,-2.7300,0.7700
3340782,sitting,-0.0261,1.0006,0.0346,0.5250,-2.7300,0.7700
3340801,sitting,-0.0254,1.0006,0.0349,0.4550,-2.6950,0.8050
3340820,sitting,-0.0261,1.0006,0.0332,0.4900,-2.7300,0.8050
3340840,sitting,-0.0256,1.0002,0.0334,0.4900,-2.7300,0.8400
3340859,sitting,-0.0259,1.0002,0.0346,0.5250,-2.7300,0.8050
3340878,sitting,-0.0246,0.9997,0.0351,0.4900,-2.7300,0.7700
3340897,sitting,-0.0256,0.9994,0.0351,0.4900,-2.6950,0.7700
3340917,sitting,-0.0246,0.9999,0.0344,0.5250,-2.7300,0.7700
3340936,sitting,-0.0249,1.0002,0.0344,0.4900,-2.7300,0.7700
3340955,sitting,-0.0244,1.0002,0.0342,0.4900,-2.7300,0.7700
3340974,sitting,-0.0259,1.0004,0.0337,0.4550,-2.6950,0.7700
3340993,sitting,-0.0256,1.0004,0.0349,0.4900,-2.7300,0.8400
3341013,sitting,-0.0251,0.9997,0.0349,0.4900,-2.7300,0.7700
3341032,sitting,-0.0254,0.9989,0.0349,0.4900,-2.7300,0.8050
3341051,sitting,-0.0251,0.9999,0.0349,0.4900,-2.7300,0.7700
3341070,sitting,-0.0259,0.9997,0.0354,0.4900,-2.7300,0.8050
3341090,sitting,-0.0251,0.9997,0.0346,0.4900,-2.7300,0.8050
3341109,sitting,-0.0259,0.9994,0.0344,0.4900,-2.7300,0.7700
3341128,sitting,-0.0264,1.0002,0.0342,0.4200,-2.7300,0.7700
3341147,sitting,-0.0259,1.0009,0.0346,0.4900,-2.7650,0.7700
3341167,sitting,-0.0251,0.9999,0.0346,0.4900,-2.6950,0.8050
3341186,sitting,-0.0259,1.0006,0.0354,0.5250,-2.7300,0.8050
3341205,sitting,-0.0256,1.0006,0.0344,0.5250,-2.7300,0.8050
3341224,sitting,-0.0246,1.0002,0.0346,0.4900,-2.7300,0.7700
3341243,sitting,-0.0256,1.0006,0.0334,0.4550,-2.7300,0.8050
3341263,sitting,-0.0256,0.9994,0.0354,0.4900,-2.7300,0.8050
3341282,sitting,-0.0244,0.9999,0.0351,0.4900,-2.7300,0.7700
3341301,sitting,-0.0261,1.0002,0.0339,0.4900,-2.7300,0.8050
3341320,sitting,-0.0261,1.0002,0.0342,0.4900,-2.7300,0.8050
3341340,sitting,-0.0256,0.9999,0.0337,0.4900,-2.7300,0.8050
3341359,sitting,-0.0259,1.0002,0.0337,0.5250,-2.7300,0.7700
3341378,sitting,-0.0249,0.9989,0.0346,0.4550,-2.7300,0.8050
3341397,sitting,-0.0254,0.9992,0.0339,0.4900,-2.7300,0.7700
3341417,sitting,-0.0256,0.9997,0.0342,0.5250,-2.7300,0.7700
3341436,sitting,-0.0261,0.9994,0.0351,0.4900,-2.6600,0.7700
3341455,sitting,-0.0268,1.0002,0.0342,0.5250,-2.6950,0.7700
3341474,sitting,-0.0256,1.0004,0.0339,0.5250,-2.7300,0.8400
3341493,sitting,-0.0254,1.0006,0.0349,0.5250,-2.7300,0.8050
3341513,sitting,-0.0266,1.0009,0.0342,0.5250,-2.7300,0.7700
3341532,sitting,-0.0264,0.9994,0.0346,0.4900,-2.7300,0.8050
3341551,sitting,-0.0254,1.0004,0.0344,0.4550,-2.7300,0.8400
3341570,sitting,-0.0254,0.9999,0.0342,0.5250,-2.7300,0.7700
3341590,sitting,-0.0261,0.9992,0.0349,0.4550,-2.7650,0.8050
3341609,sitting,-0.0264,0.9999,0.0346,0.5250,-2.7300,0.8050
3341628,sitting,-0.0256,1.0004,0.0346,0.4550,-2.7300,0.8050
3341647,sitting,-0.0256,1.0006,0.0346,0.4900,-2.7650,0.8400
3341667,sitting,-0.0259,0.9997,0.0342,0.4550,-2.7300,0.8400
3341686,sitting,-0.0256,0.9997,0.0349,0.4900,-2.6950,0.7700
3341705,sitting,-0.0254,1.0004,0.0349,0.4900,-2.6950,0.8050
3341724,sitting,-0.0271,1.0006,0.0346,0.4900,-2.6950,0.8400
3341743,sitting,-0.0261,0.9999,0.0351,0.4900,-2.7300,0.8050
3341763,sitting,-0.0259,0.9999,0.0344,0.4900,-2.7300,0.8400
3341782,sitting,-0.0264,1.0009,0.0339,0.4900,-2.7300,0.8050
3341801,sitting,-0.0264,1.0011,0.0349,0.5250,-2.7300,0.8400
3341820,sitting,-0.0249,1.0006,0.0351,0.4900,-2.7300,0.8050
3341840,sitting,-0.0259,0.9997,0.0334,0.5250,-2.7300,0.7700
3341859,sitting,-0.0249,1.0004,0.0334,0.4900,-2.7300,0.7700
3341878,sitting,-0.0249,0.9999,0.0344,0.4900,-2.7300,0.8050
3341897,sitting,-0.0259,0.9999,0.0356,0.5600,-2.7300,0.8400
3341917,sitting,-0.0239,0.9999,0.0351,0.4900,-2.7300,0.8050
3341936,sitting,-0.0246,0.9997,0.0354,0.5250,-2.7300,0.8050
3341955,sitting,-0.0251,0.9994,0.0354,0.5250,-2.7300,0.8050
3341974,sitting,-0.0244,1.0006,0.0354,0.5250,-2.7300,0.8400
3341993,sitting,-0.0254,1.0002,0.0346,0.4900,-2.6950,0.7700
3342013,sitting,-0.0259,1.0002,0.0344,0.4900,-2.6950,0.7700
3342032,sitting,-0.0261,1.0009,0.0349,0.5250,-2.7300,0.7700
3342051,sitting,-0.0264,0.9999,0.0349,0.4900,-2.7300,0.7700
3342070,sitting,-0.0254,0.9999,0.0351,0.5250,-2.7300,0.7700
3342090,sitting,-0.0251,1.0002,0.0349,0.4900,-2.7300,0.8400
3342109,sitting,-0.0266,1.0004,0.0349,0.4900,-2.7300,0.7700
3342128,sitting,-0.0254,1.0006,0.0346,0.5250,-2.7300,0.8050
3342147,sitting,-0.0254,0.9999,0.0351,0.4900,-2.7300,0.8050
3342167,sitting,-0.0261,1.0009,0.0349,0.5250,-2.7300,0.8050
3342186,sitting,-0.0261,0.9999,0.0339,0.4900,-2.7300,0.7700
3342205,sitting,-0.0261,0.9997,0.0342,0.4900,-2.7300,0.8050
3342224,sitting,-0.0256,0.9994,0.0339,0.4550,-2.7300,0.8050
3342243,sitting,-0.0254,0.9997,0.0344,0.4900,-2.7300,0.8050
3342263,sitting,-0.0259,0.9999,0.0339,0.4900,-2.7300,0.8050
3342282,sitting,-0.0246,0.9997,0.0346,0.4900,-2.7300,0.8050
3342301,sitting,-0.0256,0.9994,0.0356,0.4900,-2.6950,0.8400
3342320,sitting,-0.0259,1.0004,0.0344,0.4900,-2.7300,0.7700
3342340,sitting,-0.0268,1.0002,0.0346,0.4550,-2.7300,0.7700
3342359,sitting,-0.0261,1.0004,0.0344,0.5250,-2.7300,0.8050
3342378,sitting,-0.0254,1.0006,0.0349,0.5250,-2.7300,0.7700
3342397,sitting,-0.0254,1.0004,0.0342,0.4900,-2.7300,0.8050
3342417,sitting,-0.0259,0.9999,0.0351,0.4900,-2.6600,0.8050
3342436,sitting,-0.0254,0.9999,0.0339,0.4900,-2.7300,0.7700
3342455,sitting,-0.0249,0.9999,0.0339,0.4900,-2.7300,0.8050
3342474,sitting,-0.0251,1.0004,0.0346,0.4900,-2.7300,0.8400
3342493,sitting,-0.0261,0.9999,0.0356,0.4900,-2.6600,0.8400
3342513,sitting,-0.0256,0.9997,0.0346,0.4550,-2.7300,0.8050
3342532,sitting,-0.0259,1.0002,0.0344,0.4900,-2.6950,0.7700
3342551,sitting,-0.0251,1.0006,0.0346,0.4900,-2.6950,0.8400
3342570,sitting,-0.0256,1.0006,0.0332,0.4900,-2.7300,0.7700
3342590,sitting,-0.0244,1.0006,0.0342,0.5250,-2.6950,0.7700
3342609,sitting,-0.0249,0.9997,0.0354,0.4900,-2.7300,0.7700
3342628,sitting,-0.0251,1.0004,0.0346,0.5600,-2.7300,0.8050
3342647,sitting,-0.0251,1.0009,0.0339,0.4900,-2.7300,0.7700
3342667,sitting,-0.0251,0.9999,0.0339,0.5250,-2.7300,0.7700
3342686,sitting,-0.0261,0.9989,0.0349,0.4900,-2.6950,0.7700
3342705,sitting,-0.0254,1.0002,0.0344,0.4900,-2.7300,0.8050
3342724,sitting,-0.0242,1.0004,0.0342,0.5250,-2.7300,0.8050
3342743,sitting,-0.0259,1.0011,0.0346,0.4900,-2.7300,0.7700
3342763,sitting,-0.0256,0.9999,0.0342,0.4900,-2.7300,0.8050
3342782,sitting,-0.0259,1.0002,0.0342,0.4900,-2.7300,0.8050
3342801,sitting,-0.0254,0.9992,0.0354,0.4900,-2.7300,0.7700
3342820,sitting,-0.0239,0.9999,0.0351,0.4900,-2.7300,0.8050
3342840,sitting,-0.0246,1.0004,0.0354,0.4900,-2.7300,0.7700
3342859,sitting,-0.0254,1.0009,0.0349,0.4900,-2.7300,0.8050
3342878,sitting,-0.0271,1.0002,0.0354,0.4900,-2.7300,0.8400
3342897,sitting,-0.0256,1.0009,0.0349,0.4550,-2.7300,0.7700
3342917,sitting,-0.0259,0.9997,0.0342,0.4550,-2.7300,0.8400
3342936,sitting,-0.0261,0.9999,0.0344,0.4900,-2.7300,0.7700
3342955,sitting,-0.0254,1.0004,0.0344,0.4900,-2.7300,0.8400
3342974,sitting,-0.0256,0.9999,0.0346,0.4550,-2.7300,0.8400
3342993,sitting,-0.0261,1.0002,0.0354,0.4900,-2.7300,0.8050
3343013,sitting,-0.0261,1.0004,0.0351,0.4900,-2.7300,0.8050
3343032,sitting,-0.0259,1.0006,0.0342,0.4900,-2.7300,0.8050
3343051,sitting,-0.0259,1.0004,0.0334,0.4900,-2.7300,0.8050
3343070,sitting,-0.0256,1.0002,0.0344,0.4900,-2.7300,0.8400
3343090,sitting,-0.0256,0.9999,0.0351,0.4900,-2.6950,0.8400
3343109,sitting,-0.0256,1.0006,0.0346,0.4900,-2.7300,0.8050
3343128,sitting,-0.0256,1.0006,0.0344,0.4900,-2.7300,0.7700
3343147,sitting,-0.0256,1.0004,0.0339,0.4900,-2.6950,0.8050
3343167,sitting,-0.0251,0.9994,0.0342,0.4900,-2.7300,0.8400
3343186,sitting,-0.0266,0.9992,0.0342,0.5250,-2.7300,0.7700
3343205,sitting,-0.0246,0.9992,0.0342,0.4550,-2.7300,0.7700
3343224,sitting,-0.0256,1.0014,0.0334,0.5600,-2.6950,0.7700
3343243,sitting,-0.0264,0.9994,0.0351,0.5250,-2.7300,0.7700
3343263,sitting,-0.0251,1.0004,0.0351,0.5250,-2.7300,0.8400
3343282,sitting,-0.0261,0.9997,0.0337,0.4900,-2.7300,0.7700
3343301,sitting,-0.0251,1.0002,0.0349,0.5250,-2.7300,0.7700
3343320,sitting,-0.0261,0.9997,0.0344,0.4900,-2.7300,0.7700
3343340,sitting,-0.0251,1.0004,0.0342,0.5250,-2.7300,0.8050
3343359,sitting,-0.0266,0.9999,0.0349,0.4900,-2.7300,0.7700
3343378,sitting,-0.0266,0.9999,0.0349,0.4900,-2.6950,0.7700
3343397,sitting,-0.0261,1.0006,0.0351,0.4900,-2.7300,0.8050
3343417,sitting,-0.0249,1.0002,0.0346,0.4900,-2.7300,0.8050
3343436,sitting,-0.0256,1.0006,0.0337,0.4900,-2.7300,0.8050
3343455,sitting,-0.0259,0.9994,0.0344,0.5250,-2.7300,0.7700
3343474,sitting,-0.0251,1.0002,0.0346,0.4900,-2.7300,0.7700
3343493,sitting,-0.0256,0.9997,0.0342,0.5250,-2.7300,0.8050
3343513,sitting,-0.0266,1.0002,0.0344,0.4900,-2.7300,0.8050
3343532,sitting,-0.0254,0.9997,0.0349,0.4900,-2.7300,0.7700
3343551,sitting,-0.0254,0.9999,0.0349,0.5250,-2.7300,0.8050
3343570,sitting,-0.0256,1.0004,0.0356,0.4900,-2.7300,0.7700
3343590,sitting,-0.0251,0.9994,0.0344,0.5250,-2.7300,0.8050
3343609,sitting,-0.0256,1.0009,0.0349,0.4900,-2.7650,0.8050
3343628,sitting,-0.0254,1.0004,0.0349,0.4900,-2.7300,0.8400
3343647,sitting,-0.0259,0.9999,0.0356,0.4200,-2.7300,0.8400
3343667,sitting,-0.0259,1.0002,0.0342,0.4900,-2.7300,0.8400
3343686,sitting,-0.0259,1.0006,0.0349,0.4550,-2.6950,0.8050
3343705,sitting,-0.0254,1.0006,0.0359,0.4900,-2.7300,0.8400
3343724,sitting,-0.0259,1.0009,0.0332,0.4200,-2.7300,0.8400
3343743,sitting,-0.0264,1.0016,0.0342,0.4900,-2.6950,0.8400
3343763,sitting,-0.0264,1.0011,0.0344,0.4900,-2.6950,0.8050
3343782,sitting,-0.0256,1.0004,0.0349,0.5250,-2.7300,0.7700
3343801,sitting,-0.0259,1.0004,0.0339,0.5250,-2.7300,0.7700
3343820,sitting,-0.0261,1.0004,0.0334,0.4900,-2.6600,0.8050
3343840,sitting,-0.0251,1.0011,0.0346,0.4900,-2.7300,0.7700
3343859,sitting,-0.0251,1.0006,0.0339,0.4900,-2.7300,0.7700
3343878,sitting,-0.0261,0.9999,0.0356,0.4900,-2.7300,0.8050
3343897,sitting,-0.0266,1.0002,0.0349,0.4900,-2.7300,0.8050
3343917,sitting,-0.0264,1.0002,0.0349,0.5250,-2.7300,0.7700
3343936,sitting,-0.0256,0.9994,0.0349,0.4900,-2.7300,0.8050
3343955,sitting,-0.0249,0.9992,0.0342,0.4900,-2.6950,0.7700
3343974,sitting,-0.0251,0.9997,0.0339,0.5250,-2.6950,0.8050
3343993,sitting,-0.0261,0.9999,0.0339,0.5250,-2.7300,0.7700
3344013,sitting,-0.0256,0.9997,0.0339,0.4900,-2.7300,0.7700
3344032,sitting,-0.0251,1.0006,0.0351,0.5600,-2.7300,0.8050
3344051,sitting,-0.0264,1.0009,0.0356,0.5250,-2.6950,0.7700
3344070,sitting,-0.0251,0.9992,0.0351,0.4900,-2.7300,0.8050
3344090,sitting,-0.0251,1.0004,0.0344,0.4550,-2.7300,0.7700
3344109,sitting,-0.0254,1.0004,0.0351,0.4900,-2.7300,0.7700
3344128,sitting,-0.0259,1.0002,0.0346,0.4900,-2.7650,0.7700
3344147,sitting,-0.0256,1.0002,0.0344,0.4550,-2.7300,0.8050
3344167,sitting,-0.0261,0.9994,0.0342,0.4900,-2.7300,0.7700
3344186,sitting,-0.0249,1.0009,0.0349,0.4900,-2.7300,0.8050
3344205,sitting,-0.0254,1.0002,0.0351,0.4900,-2.7300,0.7700
3344224,sitting,-0.0264,0.9987,0.0342,0.4900,-2.7300,0.8400
3344243,sitting,-0.0251,0.9999,0.0342,0.4900,-2.7300,0.8400
3344263,sitting,-0.0261,1.0004,0.0342,0.4550,-2.7300,0.8050
3344282,sitting,-0.0246,1.0016,0.0344,0.4900,-2.7650,0.8050
3344301,sitting,-0.0244,1.0011,0.0342,0.4900,-2.7300,0.7700
3344320,sitting,-0.0251,1.0002,0.0344,0.4550,-2.7300,0.8050
3344340,sitting,-0.0244,1.0006,0.0344,0.4900,-2.7300,0.7700
3344359,sitting,-0.0254,1.0002,0.0351,0.4900,-2.7300,0.8400
3344378,sitting,-0.0251,1.0004,0.0346,0.5250,-2.7650,0.8050
3344397,sitting,-0.0256,0.9992,0.0342,0.5250,-2.7300,0.7700
3344417,sitting,-0.0251,0.9999,0.0346,0.4900,-2.7300,0.8050
3344436,sitting,-0.0256,0.9997,0.0344,0.4900,-2.7300,0.7700
3344455,sitting,-0.0251,0.9994,0.0342,0.4900,-2.7300,0.8050
3344474,sitting,-0.0261,1.0002,0.0346,0.4900,-2.7300,0.8050
3344493,sitting,-0.0254,1.0002,0.0339,0.5600,-2.7300,0.8050
3344513,sitting,-0.0256,1.0006,0.0342,0.4900,-2.7300,0.8050
3344532,sitting,-0.0246,1.0002,0.0349,0.4900,-2.6950,0.7700
3344551,sitting,-0.0254,1.0004,0.0349,0.4900,-2.6600,0.8050
3344570,sitting,-0.0254,0.9999,0.0342,0.4900,-2.7300,0.8050
3344590,sitting,-0.0256,0.9992,0.0334,0.5250,-2.7300,0.8050
3344609,sitting,-0.0251,1.0002,0.0349,0.4900,-2.6950,0.8400
3344628,sitting,-0.0256,1.0004,0.0351,0.5250,-2.7300,0.7700
3344647,sitting,-0.0264,1.0011,0.0349,0.5250,-2.7300,0.7700
3344667,sitting,-0.0261,1.0009,0.0344,0.4900,-2.7300,0.7700
3344686,sitting,-0.0259,1.0011,0.0354,0.4900,-2.7300,0.7700
3344705,sitting,-0.0261,1.0002,0.0344,0.5250,-2.7300,0.7700
3344724,sitting,-0.0264,1.0006,0.0334,0.4900,-2.7300,0.8050
3344743,sitting,-0.0254,0.9999,0.0344,0.4550,-2.7300,0.8050
3344763,sitting,-0.0259,0.9999,0.0346,0.4900,-2.7300,0.8400
3344782,sitting,-0.0261,0.9992,0.0344,0.4900,-2.7300,0.7700
3344801,sitting,-0.0256,0.9994,0.0344,0.4900,-2.7300,0.7700
3344820,sitting,-0.0259,1.0009,0.0339,0.4550,-2.7300,0.8400
3344840,sitting,-0.0251,1.0002,0.0344,0.4900,-2.7300,0.7700
3344859,sitting,-0.0259,1.0006,0.0344,0.4900,-2.7300,0.7700
3344878,sitting,-0.0244,1.0004,0.0344,0.4900,-2.7300,0.8400
3344897,sitting,-0.0242,1.0004,0.0339,0.4550,-2.6950,0.7700
3344917,sitting,-0.0259,1.0004,0.0344,0.4900,-2.6950,0.8050
3344936,sitting,-0.0254,1.0004,0.0342,0.4900,-2.7300,0.8050
3344955,sitting,-0.0251,0.9999,0.0342,0.4900,-2.7300,0.7700
3344974,sitting,-0.0261,0.9999,0.0346,0.4900,-2.7300,0.8050
3344993,sitting,-0.0254,1.0009,0.0342,0.4900,-2.7300,0.8050
3345013,sitting,-0.0254,1.0002,0.0349,0.5250,-2.7300,0.8400
3345032,sitting,-0.0246,1.0002,0.0349,0.4900,-2.7300,0.8050
3345051,sitting,-0.0249,0.9999,0.0344,0.4900,-2.7300,0.8050
3345070,sitting,-0.0246,1.0002,0.0342,0.4200,-2.7300,0.8050
3345090,sitting,-0.0249,1.0002,0.0354,0.5250,-2.7300,0.7700
3345109,sitting,-0.0249,0.9994,0.0346,0.4900,-2.7300,0.8400
3345128,sitting,-0.0256,0.9999,0.0344,0.5250,-2.7300,0.8050
3345147,sitting,-0.0266,1.0004,0.0351,0.4900,-2.7300,0.8050
3345167,sitting,-0.0244,1.0004,0.0356,0.5600,-2.7300,0.8050
3345186,sitting,-0.0244,0.9999,0.0344,0.4900,-2.7300,0.7700
3345205,sitting,-0.0254,1.0002,0.0329,0.4900,-2.6600,0.8050
3345224,sitting,-0.0254,1.0009,0.0337,0.4900,-2.6950,0.8050
3345243,sitting,-0.0256,0.9997,0.0346,0.5250,-2.6950,0.7700
3345263,sitting,-0.0261,1.0006,0.0344,0.4900,-2.7300,0.7700
3345282,sitting,-0.0246,1.0006,0.0349,0.5250,-2.6950,0.7700
3345301,sitting,-0.0264,1.0004,0.0351,0.4900,-2.7300,0.7700
3345320,sitting,-0.0251,1.0002,0.0344,0.4900,-2.7300,0.8050
3345340,sitting,-0.0254,1.0002,0.0349,0.4900,-2.7300,0.8050
3345359,sitting,-0.0256,0.9999,0.0346,0.4900,-2.7300,0.8050
3345378,sitting,-0.0256,1.0009,0.0339,0.4900,-2.6950,0.7700
3345397,sitting,-0.0256,1.0002,0.0346,0.5250,-2.7300,0.8050
3345417,sitting,-0.0266,1.0009,0.0342,0.4550,-2.6950,0.8400
3345436,sitting,-0.0261,1.0002,0.0346,0.4900,-2.7300,0.8400
3345455,sitting,-0.0268,1.0004,0.0339,0.4900,-2.6950,0.8400
3345474,sitting,-0.0254,1.0002,0.0344,0.4900,-2.7300,0.7700
3345493,sitting,-0.0249,0.9999,0.0339,0.4550,-2.7650,0.7700
3345513,sitting,-0.0264,0.9997,0.0346,0.5250,-2.7300,0.8050
3345532,sitting,-0.0259,1.0004,0.0342,0.4900,-2.7300,0.7700
3345551,sitting,-0.0254,0.9999,0.0351,0.4900,-2.7300,0.8400
3345570,sitting,-0.0251,1.0002,0.0346,0.4900,-2.7300,0.7700
3345590,sitting,-0.0261,0.9999,0.0344,0.4900,-2.7300,0.8050
3345609,sitting,-0.0261,1.0004,0.0344,0.4550,-2.7300,0.8400
3345628,sitting,-0.0261,1.0002,0.0359,0.4900,-2.7300,0.8050
3345647,sitting,-0.0256,1.0011,0.0356,0.4900,-2.7300,0.8400
3345667,sitting,-0.0251,1.0002,0.0342,0.4900,-2.7300,0.8050
3345686,sitting,-0.0254,1.0002,0.0344,0.4900,-2.6950,0.8050
3345705,sitting,-0.0254,1.0002,0.0351,0.4900,-2.7300,0.8400
3345724,sitting,-0.0254,1.0014,0.0349,0.5250,-2.7300,0.8400
3345743,sitting,-0.0259,1.0011,0.0334,0.4900,-2.6950,0.7700
3345763,sitting,-0.0254,1.0006,0.0349,0.4900,-2.7300,0.7700
3345782,sitting,-0.0254,1.0009,0.0349,0.4900,-2.7300,0.8050
3345801,sitting,-0.0259,1.0002,0.0346,0.4900,-2.7300,0.7700
3345820,sitting,-0.0259,1.0014,0.0342,0.5250,-2.7300,0.7700
3345840,sitting,-0.0254,1.0004,0.0349,0.4550,-2.7300,0.7700
3345859,sitting,-0.0259,0.9997,0.0349,0.5600,-2.7300,0.8400
3345878,sitting,-0.0259,0.9994,0.0346,0.4900,-2.7300,0.8050
3345897,sitting,-0.0256,1.0004,0.0346,0.5250,-2.7300,0.8050
3345917,sitting,-0.0259,1.0004,0.0354,0.4900,-2.7300,0.7700
3345936,sitting,-0.0264,1.0004,0.0356,0.5250,-2.7300,0.7700
3345955,sitting,-0.0261,0.9999,0.0344,0.4900,-2.7300,0.8050
3345974,sitting,-0.0259,1.0002,0.0346,0.4900,-2.6950,0.8050
3345993,sitting,-0.0259,1.0011,0.0346,0.4900,-2.7300,0.8050
3346013,sitting,-0.0268,0.9992,0.0349,0.4900,-2.7300,0.8050
3346032,sitting,-0.0261,0.9989,0.0351,0.4900,-2.7300,0.7700
3346051,sitting,-0.0251,0.9999,0.0344,0.4900,-2.7300,0.8050
3346070,sitting,-0.0261,1.0004,0.0349,0.5250,-2.7300,0.8400
3346090,sitting,-0.0261,1.0004,0.0337,0.5250,-2.7300,0.8050
3346109,sitting,-0.0266,1.0006,0.0342,0.4900,-2.7300,0.7700
3346128,sitting,-0.0256,1.0002,0.0344,0.5250,-2.7300,0.7700
3346147,sitting,-0.0256,1.0006,0.0342,0.4900,-2.7300,0.8400
3346167,sitting,-0.0251,1.0006,0.0346,0.4550,-2.7300,0.8400
3346186,sitting,-0.0268,1.0009,0.0359,0.4900,-2.6950,0.8400
3346205,sitting,-0.0254,1.0006,0.0342,0.4900,-2.7300,0.8400
3346224,sitting,-0.0254,1.0011,0.0339,0.5250,-2.6950,0.7700
3346243,sitting,-0.0254,1.0002,0.0344,0.4900,-2.7650,0.8050
3346263,sitting,-0.0256,1.0011,0.0334,0.5250,-2.7300,0.8050
3346282,sitting,-0.0259,0.9994,0.0344,0.4900,-2.7300,0.8050
3346301,sitting,-0.0251,1.0009,0.0344,0.5250,-2.6950,0.8400
3346320,sitting,-0.0254,0.9999,0.0349,0.4900,-2.7300,0.8050
3346340,sitting,-0.0254,0.9992,0.0354,0.4900,-2.7300,0.8050
3346359,sitting,-0.0251,1.0006,0.0351,0.5250,-2.7300,0.8400
3346378,sitting,-0.0251,1.0002,0.0346,0.5250,-2.7300,0.8050
3346397,sitting,-0.0256,1.0004,0.0344,0.5250,-2.7300,0.8050
3346417,sitting,-0.0259,1.0009,0.0346,0.5250,-2.7300,0.7700
3346436,sitting,-0.0249,1.0009,0.0342,0.4900,-2.7300,0.7700
3346455,sitting,-0.0254,1.0004,0.0349,0.4900,-2.7300,0.8400
3346474,sitting,-0.0256,1.0009,0.0337,0.5250,-2.7300,0.7700
3346493,sitting,-0.0256,1.0002,0.0344,0.5600,-2.7300,0.7700
3346513,sitting,-0.0256,1.0002,0.0354,0.4900,-2.7300,0.7700
3346532,sitting,-0.0251,1.0004,0.0349,0.5250,-2.7300,0.7700
3346551,sitting,-0.0254,1.0004,0.0354,0.4900,-2.6950,0.8050
3346570,sitting,-0.0266,1.0002,0.0356,0.5600,-2.7300,0.8400
3346590,sitting,-0.0261,1.0004,0.0351,0.4900,-2.7300,0.7700
3346609,sitting,-0.0256,1.0006,0.0346,0.5250,-2.7300,0.8400
3346628,sitting,-0.0261,0.9997,0.0339,0.4900,-2.7300,0.8050
3346647,sitting,-0.0254,0.9992,0.0342,0.5600,-2.6950,0.8400
3346667,sitting,-0.0251,1.0004,0.0344,0.4900,-2.7300,0.8050
3346686,sitting,-0.0259,1.0009,0.0346,0.4900,-2.7300,0.8050
3346705,sitting,-0.0256,1.0004,0.0344,0.5250,-2.7300,0.7700
3346724,sitting,-0.0254,1.0002,0.0339,0.4900,-2.7650,0.8400
3346743,sitting,-0.0256,1.0006,0.0342,0.4900,-2.7300,0.8050
3346763,sitting,-0.0256,1.0004,0.0337,0.4900,-2.7300,0.8050
3346782,sitting,-0.0251,1.0004,0.0339,0.4550,-2.7300,0.8050
3346801,sitting,-0.0256,1.0006,0.0346,0.4900,-2.6950,0.7700
3346820,sitting,-0.0249,1.0002,0.0354,0.4900,-2.7300,0.8400
3346840,sitting,-0.0261,1.0004,0.0349,0.4900,-2.7300,0.8400
3346859,sitting,-0.0256,1.0004,0.0334,0.4900,-2.7300,0.8400
3346878,sitting,-0.0249,1.0006,0.0344,0.4900,-2.7300,0.8050
3346897,sitting,-0.0249,0.9994,0.0339,0.5250,-2.7300,0.8050
3346917,sitting,-0.0256,1.0009,0.0334,0.4900,-2.7300,0.8400
3346936,sitting,-0.0251,1.0014,0.0342,0.4900,-2.7300,0.8400
3346955,sitting,-0.0244,0.9999,0.0342,0.5250,-2.7300,0.8050
3346974,sitting,-0.0251,1.0006,0.0346,0.4900,-2.6950,0.8400
3346993,sitting,-0.0259,1.0002,0.0342,0.5250,-2.7300,0.8050
3347013,sitting,-0.0254,0.9999,0.0344,0.4900,-2.6950,0.7700
3347032,sitting,-0.0261,1.0004,0.0349,0.4900,-2.6950,0.8050
3347051,sitting,-0.0254,0.9999,0.0342,0.4550,-2.7300,0.8400
3347070,sitting,-0.0256,1.0002,0.0349,0.5600,-2.6950,0.7700
3347090,sitting,-0.0251,1.0004,0.0346,0.4900,-2.7300,0.8400
3347109,sitting,-0.0254,0.9999,0.0339,0.5250,-2.7300,0.7700
3347128,sitting,-0.0244,0.9999,0.0339,0.5600,-2.6950,0.8050
3347147,sitting,-0.0251,1.0009,0.0342,0.4900,-2.7300,0.7700
3347167,sitting,-0.0254,1.0009,0.0337,0.5250,-2.7300,0.7700
3347186,sitting,-0.0249,1.0002,0.0351,0.4900,-2.7300,0.7700
3347205,sitting,-0.0256,0.9997,0.0346,0.4900,-2.7300,0.8050
3347224,sitting,-0.0259,1.0002,0.0349,0.4900,-2.7300,0.8400
3347243,sitting,-0.0261,1.0002,0.0339,0.4900,-2.7300,0.7700
3347263,sitting,-0.0259,0.9997,0.0339,0.4900,-2.7300,0.8400
3347282,sitting,-0.0259,1.0009,0.0346,0.4900,-2.7300,0.8050
3347301,sitting,-0.0259,0.9999,0.0337,0.5250,-2.7300,0.7700
3347320,sitting,-0.0264,1.0002,0.0344,0.4900,-2.7300,0.8400
3347340,sitting,-0.0254,1.0011,0.0332,0.5250,-2.7300,0.7700
3347359,sitting,-0.0261,0.9999,0.0354,0.4900,-2.7300,0.7700
3347378,sitting,-0.0254,0.9994,0.0346,0.4900,-2.7300,0.8050
3347397,sitting,-0.0249,0.9999,0.0342,0.4550,-2.7300,0.8050
3347417,sitting,-0.0256,1.0004,0.0346,0.4900,-2.7300,0.7700
3347436,sitting,-0.0264,1.0004,0.0344,0.4550,-2.7300,0.8050
3347455,sitting,-0.0259,1.0006,0.0334,0.4900,-2.7300,0.8400
3347474,sitting,-0.0254,1.0006,0.0344,0.4900,-2.7300,0.8050
3347493,sitting,-0.0254,0.9989,0.0349,0.5250,-2.7300,0.8050
3347513,sitting,-0.0259,1.0002,0.0351,0.4900,-2.7300,0.7700
3347532,sitting,-0.0254,1.0006,0.0349,0.4900,-2.7300,0.8050
3347551,sitting,-0.0254,1.0009,0.0349,0.5250,-2.7300,0.8400
3347570,sitting,-0.0256,1.0004,0.0349,0.4900,-2.7300,0.8050
3347590,sitting,-0.0266,0.9999,0.0356,0.4550,-2.7300,0.7700
3347609,sitting,-0.0251,1.0002,0.0342,0.4900,-2.7650,0.7700
3347628,sitting,-0.0259,0.9999,0.0349,0.4900,-2.7300,0.8050
3347647,sitting,-0.0251,0.9997,0.0349,0.4900,-2.6950,0.7700
3347667,sitting,-0.0264,1.0002,0.0344,0.4900,-2.7300,0.7700
3347686,sitting,-0.0249,1.0011,0.0351,0.4900,-2.7300,0.7700
3347705,sitting,-0.0249,1.0006,0.0339,0.4900,-2.7300,0.8050
3347724,sitting,-0.0259,1.0004,0.0342,0.5250,-2.7300,0.8050
3347743,sitting,-0.0254,1.0009,0.0349,0.5600,-2.7300,0.7700
3347763,sitting,-0.0259,1.0002,0.0342,0.5250,-2.7300,0.7700
3347782,sitting,-0.0256,1.0002,0.0344,0.4900,-2.7650,0.7700
3347801,sitting,-0.0256,0.9992,0.0349,0.5250,-2.7300,0.7350
3347820,sitting,-0.0256,1.0006,0.0349,0.4900,-2.7300,0.8050
3347840,sitting,-0.0256,0.9994,0.0351,0.4900,-2.7300,0.7700
3347859,sitting,-0.0256,0.9999,0.0351,0.4900,-2.6600,0.8050
3347878,sitting,-0.0259,1.0004,0.0337,0.4900,-2.7300,0.8050
3347897,sitting,-0.0261,0.9997,0.0334,0.5250,-2.7300,0.7700
3347917,sitting,-0.0246,1.0002,0.0344,0.4900,-2.7300,0.7700
3347936,sitting,-0.0261,0.9997,0.0354,0.5250,-2.7300,0.8050
3347955,sitting,-0.0271,0.9992,0.0346,0.4900,-2.7300,0.8400
3347974,sitting,-0.0266,0.9999,0.0354,0.5250,-2.7650,0.7700
3347993,sitting,-0.0249,1.0002,0.0346,0.4900,-2.7300,0.7700
3348013,sitting,-0.0256,1.0006,0.0349,0.4900,-2.7300,0.8400
3348032,sitting,-0.0259,0.9999,0.0356,0.4900,-2.7300,0.7700
3348051,sitting,-0.0251,1.0002,0.0364,0.4900,-2.7300,0.7700
3348070,sitting,-0.0254,1.0002,0.0349,0.4900,-2.7300,0.8400
3348090,sitting,-0.0251,1.0002,0.0339,0.4900,-2.7300,0.7700
3348109,sitting,-0.0251,0.9999,0.0349,0.4550,-2.7300,0.8050
3348128,sitting,-0.0256,0.9997,0.0351,0.4900,-2.7300,0.8400
3348147,sitting,-0.0249,1.0006,0.0351,0.4900,-2.6950,0.8400
3348167,sitting,-0.0259,0.9999,0.0342,0.4900,-2.7300,0.8050
3348186,sitting,-0.0271,0.9999,0.0346,0.4900,-2.7300,0.8400
3348205,sitting,-0.0264,0.9997,0.0346,0.4900,-2.7300,0.8400
3348224,sitting,-0.0264,1.0002,0.0359,0.4900,-2.7300,0.7700
3348243,sitting,-0.0256,1.0014,0.0349,0.4900,-2.7300,0.7700
3348263,sitting,-0.0254,1.0011,0.0344,0.5250,-2.7300,0.7700
3348282,sitting,-0.0249,1.0002,0.0354,0.4900,-2.7300,0.7700
3348301,sitting,-0.0259,1.0006,0.0349,0.5250,-2.7300,0.8400
3348320,sitting,-0.0261,1.0002,0.0342,0.5250,-2.7300,0.8050
3348340,sitting,-0.0251,0.9999,0.0346,0.5250,-2.7300,0.8050
3348359,sitting,-0.0251,1.0002,0.0344,0.5250,-2.7300,0.8050
3348378,sitting,-0.0259,0.9999,0.0342,0.4900,-2.6950,0.7700
3348397,sitting,-0.0259,1.0006,0.0346,0.5250,-2.7300,0.7700
3348417,sitting,-0.0254,0.9997,0.0354,0.4900,-2.7300,0.7700
3348436,sitting,-0.0254,0.9989,0.0351,0.5250,-2.7300,0.8050
3348455,sitting,-0.0249,1.0004,0.0349,0.4900,-2.7300,0.7700
3348474,sitting,-0.0249,1.0004,0.0346,0.5250,-2.7300,0.7350
3348493,sitting,-0.0254,1.0002,0.0349,0.4900,-2.7300,0.8050
3348513,sitting,-0.0259,1.0011,0.0351,0.4900,-2.7300,0.8400
3348532,sitting,-0.0264,1.0006,0.0349,0.4550,-2.7300,0.7700
3348551,sitting,-0.0251,1.0006,0.0351,0.4900,-2.6950,0.8050
3348570,sitting,-0.0259,0.9997,0.0344,0.4900,-2.7300,0.8400
3348590,sitting,-0.0268,1.0002,0.0349,0.4900,-2.7300,0.7700
3348609,sitting,-0.0264,1.0002,0.0342,0.4900,-2.7300,0.7700
3348628,sitting,-0.0254,1.0009,0.0344,0.4900,-2.7300,0.8050
3348647,sitting,-0.0259,0.9997,0.0337,0.4900,-2.7300,0.8050
3348667,sitting,-0.0254,1.0004,0.0339,0.4900,-2.7300,0.8050
3348686,sitting,-0.0249,0.9999,0.0349,0.4900,-2.6950,0.8050
3348705,sitting,-0.0259,0.9999,0.0337,0.4900,-2.7300,0.8050
3348724,sitting,-0.0261,1.0006,0.0354,0.4900,-2.7300,0.8400
3348743,sitting,-0.0259,1.0006,0.0349,0.4900,-2.7300,0.8400
3348763,sitting,-0.0251,1.0016,0.0351,0.4550,-2.7300,0.8400
3348782,sitting,-0.0266,1.0004,0.0346,0.5250,-2.7300,0.8050
3348801,sitting,-0.0264,1.0002,0.0346,0.4900,-2.7300,0.7700
3348820,sitting,-0.0256,1.0011,0.0349,0.4900,-2.7300,0.8050
3348840,sitting,-0.0256,1.0006,0.0342,0.4900,-2.7300,0.8050
3348859,sitting,-0.0254,1.0002,0.0351,0.4900,-2.7300,0.7700
3348878,sitting,-0.0251,0.9984,0.0346,0.4900,-2.7300,0.8400
3348897,sitting,-0.0266,1.0002,0.0346,0.4900,-2.7300,0.8400
3348917,sitting,-0.0264,0.9994,0.0344,0.4900,-2.6950,0.8050
3348936,sitting,-0.0246,0.9992,0.0359,0.5600,-2.6950,0.8400
3348955,sitting,-0.0246,0.9992,0.0346,0.4900,-2.7300,0.7700
3348974,sitting,-0.0254,1.0004,0.0339,0.5250,-2.7300,0.7700
3348993,sitting,-0.0268,0.9999,0.0342,0.4900,-2.6950,0.8400
3349013,sitting,-0.0264,1.0006,0.0346,0.5250,-2.7300,0.7700
3349032,sitting,-0.0256,0.9992,0.0346,0.4550,-2.7300,0.7350
3349051,sitting,-0.0256,1.0002,0.0337,0.5600,-2.7300,0.7700
3349070,sitting,-0.0256,1.0011,0.0349,0.4550,-2.7300,0.8050
3349090,sitting,-0.0251,1.0004,0.0354,0.5250,-2.6600,0.7700
3349109,sitting,-0.0266,1.0004,0.0356,0.4900,-2.7300,0.7700
3349128,sitting,-0.0256,1.0002,0.0349,0.5250,-2.7300,0.7700
3349147,sitting,-0.0254,1.0002,0.0342,0.4900,-2.7300,0.8050
3349167,sitting,-0.0254,0.9997,0.0346,0.4900,-2.6950,0.8050
3349186,sitting,-0.0261,0.9994,0.0332,0.4900,-2.7300,0.8400
3349205,sitting,-0.0259,0.9997,0.0344,0.5250,-2.6950,0.8400
3349224,sitting,-0.0261,1.0002,0.0346,0.4900,-2.7300,0.7700
3349243,sitting,-0.0254,1.0014,0.0349,0.4900,-2.7300,0.8050
3349263,sitting,-0.0256,1.0009,0.0346,0.4900,-2.7300,0.7700
3349282,sitting,-0.0254,0.9997,0.0344,0.5250,-2.7300,0.7700
3349301,sitting,-0.0249,0.9997,0.0346,0.4550,-2.7300,0.8400
3349320,sitting,-0.0251,0.9997,0.0349,0.5250,-2.6600,0.8400
3349340,sitting,-0.0259,1.0004,0.0349,0.4900,-2.6950,0.8400
3349359,sitting,-0.0254,1.0009,0.0334,0.4900,-2.7300,0.8050
3349378,sitting,-0.0261,1.0009,0.0344,0.4900,-2.7300,0.8050
3349397,sitting,-0.0256,1.0004,0.0344,0.4900,-2.7300,0.8050
3349417,sitting,-0.0256,0.9999,0.0332,0.4900,-2.7300,0.8050
3349436,sitting,-0.0264,0.9997,0.0344,0.4550,-2.7300,0.8050
3349455,sitting,-0.0254,1.0004,0.0344,0.5250,-2.7300,0.7700
3349474,sitting,-0.0251,0.9999,0.0346,0.5250,-2.6950,0.8050
3349493,sitting,-0.0256,1.0002,0.0342,0.4900,-2.7300,0.8400
3349513,sitting,-0.0259,1.0004,0.0337,0.4900,-2.7300,0.8050
3349532,sitting,-0.0259,0.9999,0.0342,0.4900,-2.7300,0.8050
3349551,sitting,-0.0251,1.0002,0.0344,0.5250,-2.7300,0.8400
3349570,sitting,-0.0261,1.0002,0.0342,0.4900,-2.6950,0.8050
3349590,sitting,-0.0254,0.9997,0.0356,0.4900,-2.7300,0.8050
3349609,sitting,-0.0256,1.0006,0.0354,0.4900,-2.7300,0.7700
3349628,sitting,-0.0256,1.0002,0.0344,0.4900,-2.7300,0.8050
3349647,sitting,-0.0259,1.0009,0.0351,0.4900,-2.7300,0.7700
3349667,sitting,-0.0244,0.9999,0.0339,0.4900,-2.6950,0.7700
3349686,sitting,-0.0256,1.0004,0.0337,0.4900,-2.6950,0.7700
3349705,sitting,-0.0249,1.0006,0.0344,0.5250,-2.6950,0.7700
3349724,sitting,-0.0264,1.0002,0.0344,0.4900,-2.7300,0.8050
3349743,sitting,-0.0254,1.0002,0.0349,0.4900,-2.6950,0.8050
3349763,sitting,-0.0264,1.0002,0.0342,0.4900,-2.7300,0.7700
3349782,sitting,-0.0261,1.0002,0.0346,0.4900,-2.7300,0.7700
3349801,sitting,-0.0249,1.0006,0.0339,0.4900,-2.6950,0.8050
3349820,sitting,-0.0256,1.0002,0.0346,0.4900,-2.7300,0.8050
3349840,sitting,-0.0259,1.0002,0.0342,0.4900,-2.7300,0.8050
3349859,sitting,-0.0259,1.0002,0.0344,0.4900,-2.7300,0.7700
3349878,sitting,-0.0254,1.0011,0.0342,0.5250,-2.7300,0.8050
3349897,sitting,-0.0261,1.0011,0.0342,0.4900,-2.7300,0.8050
3349917,sitting,-0.0254,0.9997,0.0344,0.4900,-2.7300,0.7700
3349936,sitting,-0.0246,0.9999,0.0356,0.4900,-2.7650,0.7700
3349955,sitting,-0.0251,1.0004,0.0364,0.4900,-2.7300,0.8050
3349974,sitting,-0.0264,0.9997,0.0344,0.5250,-2.6950,0.8050
3349993,sitting,-0.0264,1.0004,0.0346,0.4900,-2.7300,0.8050
3350013,sitting,-0.0264,1.0009,0.0344,0.4900,-2.7300,0.8050
3350032,sitting,-0.0259,1.0006,0.0344,0.4900,-2.6950,0.8400
3350051,sitting,-0.0256,1.0002,0.0344,0.4900,-2.7300,0.7700
3350070,sitting,-0.0256,0.9997,0.0351,0.4900,-2.7300,0.8050
3350090,sitting,-0.0251,1.0004,0.0346,0.4900,-2.7300,0.8050
3350109,sitting,-0.0264,1.0004,0.0356,0.4900,-2.6950,0.7700
3350128,sitting,-0.0261,0.9997,0.0359,0.4900,-2.7300,0.8050
3350147,sitting,-0.0256,0.9997,0.0351,0.4550,-2.7300,0.8400
3350167,sitting,-0.0254,0.9994,0.0346,0.5250,-2.7300,0.7700
3350186,sitting,-0.0264,1.0006,0.0351,0.5600,-2.7300,0.8400
3350205,sitting,-0.0256,0.9999,0.0344,0.4550,-2.7300,0.7700
3350224,sitting,-0.0251,1.0004,0.0342,0.5250,-2.7300,0.8050
3350243,sitting,-0.0261,0.9997,0.0342,0.4900,-2.6950,0.8400
3350263,sitting,-0.0259,0.9997,0.0342,0.4900,-2.6950,0.7700
3350282,sitting,-0.0259,1.0002,0.0346,0.4900,-2.6950,0.8400
3350301,sitting,-0.0264,0.9987,0.0354,0.4900,-2.7300,0.7700
3350320,sitting,-0.0256,0.9994,0.0339,0.5600,-2.7300,0.8050
3350340,sitting,-0.0256,0.9999,0.0342,0.4900,-2.6950,0.7700
3350359,sitting,-0.0254,0.9999,0.0351,0.4900,-2.7300,0.7700
3350378,sitting,-0.0261,0.9997,0.0339,0.4900,-2.6950,0.7700
3350397,sitting,-0.0254,1.0006,0.0342,0.4900,-2.7300,0.7700
3350417,sitting,-0.0251,1.0011,0.0339,0.4900,-2.7300,0.8400
3350436,sitting,-0.0259,1.0004,0.0329,0.5250,-2.7300,0.7700
3350455,sitting,-0.0249,0.9997,0.0349,0.5250,-2.7300,0.8050
3350474,sitting,-0.0256,0.9997,0.0349,0.4550,-2.7300,0.7700
3350493,sitting,-0.0254,0.9999,0.0342,0.4900,-2.7300,0.7700
3350513,sitting,-0.0246,0.9999,0.0344,0.4900,-2.7300,0.7700
3350532,sitting,-0.0254,0.9989,0.0346,0.4900,-2.7300,0.8050
3350551,sitting,-0.0256,1.0006,0.0346,0.4900,-2.7300,0.7700
3350570,sitting,-0.0261,1.0004,0.0339,0.4900,-2.7300,0.8400
3350590,sitting,-0.0249,0.9997,0.0337,0.4900,-2.6950,0.8400
3350609,sitting,-0.0246,0.9999,0.0346,0.4900,-2.6950,0.7700
3350628,sitting,-0.0261,1.0002,0.0339,0.4550,-2.7650,0.8050
3350647,sitting,-0.0244,1.0002,0.0346,0.4900,-2.7300,0.8050
3350667,sitting,-0.0254,1.0006,0.0349,0.4900,-2.7300,0.8400
3350686,sitting,-0.0264,1.0004,0.0339,0.4900,-2.7300,0.8400
3350705,sitting,-0.0256,1.0014,0.0346,0.4550,-2.7300,0.8050
3350724,sitting,-0.0256,0.9999,0.0342,0.4900,-2.7300,0.8050
3350743,sitting,-0.0256,1.0004,0.0346,0.4900,-2.7300,0.8400
3350763,sitting,-0.0251,1.0011,0.0342,0.4900,-2.7300,0.8400
3350782,sitting,-0.0254,1.0004,0.0339,0.5250,-2.7300,0.7700
3350801,sitting,-0.0249,1.0004,0.0349,0.4900,-2.7300,0.8050
3350820,sitting,-0.0256,1.0004,0.0349,0.4900,-2.7300,0.8050
3350840,sitting,-0.0251,1.0002,0.0342,0.5250,-2.6950,0.8050
3350859,sitting,-0.0259,1.0002,0.0344,0.4900,-2.7300,0.7700
3350878,sitting,-0.0251,0.9997,0.0344,0.5250,-2.7300,0.8050
3350897,sitting,-0.0249,1.0002,0.0339,0.5250,-2.7300,0.7700
3350917,sitting,-0.0251,1.0006,0.0356,0.5250,-2.7300,0.8050
3350936,sitting,-0.0242,1.0002,0.0354,0.4900,-2.7300,0.7700
3350955,sitting,-0.0259,1.0004,0.0346,0.4900,-2.6950,0.7700
3350974,sitting,-0.0261,0.9997,0.0339,0.4900,-2.6950,0.8050
3350993,sitting,-0.0259,0.9992,0.0349,0.4900,-2.7300,0.7700
3351013,sitting,-0.0264,1.0002,0.0349,0.4900,-2.6950,0.8050
3351032,sitting,-0.0256,1.0006,0.0356,0.5250,-2.7300,0.7700
3351051,sitting,-0.0256,1.0006,0.0344,0.5250,-2.7300,0.8050
3351070,sitting,-0.0259,1.0004,0.0346,0.5250,-2.7650,0.8050
3351090,sitting,-0.0254,0.9999,0.0351,0.4900,-2.7300,0.8050
3351109,sitting,-0.0256,0.9999,0.0342,0.4900,-2.7300,0.8050
3351128,sitting,-0.0259,1.0009,0.0339,0.4900,-2.6950,0.8050
3351147,sitting,-0.0251,1.0004,0.0346,0.4900,-2.7300,0.8400
3351167,sitting,-0.0261,1.0004,0.0344,0.4900,-2.7300,0.8400
3351186,sitting,-0.0261,1.0004,0.0342,0.5250,-2.6950,0.8050
3351205,sitting,-0.0264,1.0002,0.0351,0.4900,-2.7300,0.8050
3351224,sitting,-0.0256,1.0004,0.0354,0.4900,-2.7300,0.7700
3351243,sitting,-0.0256,1.0009,0.0339,0.4900,-2.7300,0.8050
3351263,sitting,-0.0264,1.0006,0.0346,0.4900,-2.7300,0.8050
3351282,sitting,-0.0259,1.0002,0.0351,0.4900,-2.7300,0.8400
3351301,sitting,-0.0256,1.0004,0.0346,0.4900,-2.7300,0.8050
3351320,sitting,-0.0261,0.9994,0.0339,0.4900,-2.7300,0.8050
3351340,sitting,-0.0259,0.9999,0.0334,0.4900,-2.7300,0.8400
3351359,sitting,-0.0266,1.0002,0.0342,0.4900,-2.7300,0.8050
3351378,sitting,-0.0256,1.0006,0.0346,0.4550,-2.7300,0.8400
3351397,sitting,-0.0259,1.0004,0.0346,0.4900,-2.7300,0.8400
3351417,sitting,-0.0261,1.0009,0.0342,0.4900,-2.7300,0.8050
3351436,sitting,-0.0249,1.0004,0.0346,0.5250,-2.6950,0.8050
3351455,sitting,-0.0254,0.9999,0.0342,0.5250,-2.7300,0.7700
3351474,sitting,-0.0254,0.9997,0.0351,0.5250,-2.6600,0.7700
3351493,sitting,-0.0249,1.0004,0.0351,0.4900,-2.7300,0.8050
3351513,sitting,-0.0249,0.9999,0.0339,0.4900,-2.7300,0.8400
3351532,sitting,-0.0242,0.9999,0.0346,0.5250,-2.7300,0.8400
3351551,sitting,-0.0254,1.0009,0.0344,0.4900,-2.6950,0.8050
3351570,sitting,-0.0268,0.9999,0.0339,0.5250,-2.6950,0.7700
3351590,sitting,-0.0254,0.9999,0.0354,0.4900,-2.7300,0.7700
3351609,sitting,-0.0261,0.9997,0.0354,0.5250,-2.7300,0.7700
3351628,sitting,-0.0249,0.9997,0.0342,0.5250,-2.7300,0.8050
3351647,sitting,-0.0256,1.0004,0.0346,0.5250,-2.7300,0.8050
3351667,sitting,-0.0259,0.9999,0.0346,0.4900,-2.7300,0.7700
3351686,sitting,-0.0259,1.0009,0.0339,0.4900,-2.7300,0.8050
3351705,sitting,-0.0254,1.0002,0.0346,0.4900,-2.7300,0.7700
3351724,sitting,-0.0254,1.0002,0.0346,0.5250,-2.7300,0.7700
3351743,sitting,-0.0254,0.9997,0.0337,0.4900,-2.6950,0.7700
3351763,sitting,-0.0256,0.9997,0.0344,0.4900,-2.7650,0.8050
3351782,sitting,-0.0244,1.0002,0.0344,0.4550,-2.7650,0.8050
3351801,sitting,-0.0254,1.0002,0.0349,0.5250,-2.7300,0.7700
3351820,sitting,-0.0256,0.9999,0.0354,0.4550,-2.7300,0.7700
3351840,sitting,-0.0261,1.0004,0.0351,0.4900,-2.7300,0.8050
3351859,sitting,-0.0261,1.0016,0.0351,0.4900,-2.7300,0.8400
3351878,sitting,-0.0256,1.0009,0.0342,0.4900,-2.7300,0.8050
3351897,sitting,-0.0251,1.0002,0.0342,0.4550,-2.6950,0.8050
3351917,sitting,-0.0256,1.0002,0.0342,0.4900,-2.7300,0.8050
3351936,sitting,-0.0264,0.9997,0.0349,0.4900,-2.7300,0.8400
3351955,sitting,-0.0251,0.9997,0.0354,0.4900,-2.7300,0.8400
3351974,sitting,-0.0254,0.9989,0.0344,0.4900,-2.7300,0.8400
3351993,sitting,-0.0249,1.0006,0.0359,0.4900,-2.6950,0.8400
3352013,sitting,-0.0256,0.9997,0.0354,0.4900,-2.6950,0.8050
3352032,sitting,-0.0254,1.0004,0.0349,0.4900,-2.7300,0.8050
3352051,sitting,-0.0254,1.0014,0.0329,0.4900,-2.7300,0.8050
3352070,sitting,-0.0259,1.0006,0.0346,0.4900,-2.6950,0.8400
3352090,sitting,-0.0254,1.0006,0.0349,0.5600,-2.7300,0.7700
3352109,sitting,-0.0254,1.0004,0.0354,0.4900,-2.7300,0.7700
3352128,sitting,-0.0254,0.9997,0.0344,0.4900,-2.7300,0.8400
3352147,sitting,-0.0254,1.0002,0.0361,0.5250,-2.7300,0.7700
3352167,sitting,-0.0251,0.9997,0.0359,0.4900,-2.7300,0.7700
3352186,sitting,-0.0249,1.0004,0.0337,0.4900,-2.7300,0.7700
3352205,sitting,-0.0266,1.0002,0.0339,0.4900,-2.7300,0.7700
3352224,sitting,-0.0264,0.9997,0.0346,0.5600,-2.6950,0.7700
3352243,sitting,-0.0251,0.9999,0.0351,0.4900,-2.7300,0.8050
3352263,sitting,-0.0261,0.9999,0.0342,0.4900,-2.7300,0.7700
3352282,sitting,-0.0264,1.0002,0.0346,0.5250,-2.7300,0.8050
3352301,sitting,-0.0261,0.9999,0.0346,0.4900,-2.7300,0.7700
3352320,sitting,-0.0254,1.0004,0.0342,0.4900,-2.7300,0.7700
3352340,sitting,-0.0254,0.9999,0.0334,0.4900,-2.7300,0.7700
3352359,sitting,-0.0261,0.9994,0.0339,0.5250,-2.7300,0.7700
3352378,sitting,-0.0256,1.0002,0.0346,0.4900,-2.7300,0.8400
3352397,sitting,-0.0251,0.9994,0.0337,0.4550,-2.7300,0.8050
3352417,sitting,-0.0256,0.9997,0.0351,0.4900,-2.7300,0.8400
3352436,sitting,-0.0251,1.0009,0.0344,0.4900,-2.7650,0.8050
3352455,sitting,-0.0251,0.9997,0.0342,0.4900,-2.7300,0.7700
3352474,sitting,-0.0254,1.0009,0.0337,0.5250,-2.7300,0.7700
3352493,sitting,-0.0254,1.0002,0.0344,0.4900,-2.7300,0.7700
3352513,sitting,-0.0251,1.0002,0.0342,0.4900,-2.7300,0.8050
3352532,sitting,-0.0244,1.0002,0.0349,0.4550,-2.6950,0.8050
3352551,sitting,-0.0254,1.0011,0.0337,0.4900,-2.6950,0.8400
3352570,sitting,-0.0254,1.0009,0.0339,0.4900,-2.7300,0.8050
3352590,sitting,-0.0261,0.9999,0.0351,0.4900,-2.7300,0.8050
3352609,sitting,-0.0259,0.9999,0.0344,0.4900,-2.7300,0.8050
3352628,sitting,-0.0249,1.0006,0.0351,0.4900,-2.7300,0.8400
3352647,sitting,-0.0256,1.0021,0.0354,0.4900,-2.7300,0.7700
3352667,sitting,-0.0259,1.0006,0.0342,0.4900,-2.7300,0.8050
3352686,sitting,-0.0264,1.0004,0.0349,0.4900,-2.7300,0.8050
3352705,sitting,-0.0264,1.0006,0.0344,0.5250,-2.7300,0.7700
3352724,sitting,-0.0256,0.9994,0.0349,0.5250,-2.6950,0.7700
3352743,sitting,-0.0254,1.0009,0.0349,0.5250,-2.7300,0.7700
3352763,sitting,-0.0266,1.0006,0.0349,0.4900,-2.7300,0.7700
3352782,sitting,-0.0259,1.0002,0.0349,0.4550,-2.7300,0.8050
3352801,sitting,-0.0256,1.0009,0.0354,0.5250,-2.7300,0.8400
3352820,sitting,-0.0251,0.9997,0.0351,0.5250,-2.7300,0.7700
3352840,sitting,-0.0264,0.9997,0.0344,0.4900,-2.7300,0.8400
3352859,sitting,-0.0266,0.9999,0.0346,0.4900,-2.7300,0.7700
3352878,sitting,-0.0254,0.9997,0.0354,0.4900,-2.7300,0.8050
3352897,sitting,-0.0259,1.0006,0.0342,0.4900,-2.7300,0.8400
3352917,sitting,-0.0264,0.9999,0.0349,0.4900,-2.7300,0.7700
3352936,sitting,-0.0254,1.0006,0.0342,0.4550,-2.7300,0.8050
3352955,sitting,-0.0261,0.9994,0.0354,0.5250,-2.7300,0.8050
3352974,sitting,-0.0254,1.0002,0.0354,0.4550,-2.7300,0.7700
3352993,sitting,-0.0249,0.9999,0.0342,0.5250,-2.6600,0.7700
3353013,sitting,-0.0256,1.0011,0.0339,0.4900,-2.7300,0.7700
3353032,sitting,-0.0249,1.0004,0.0339,0.5600,-2.7300,0.7700
3353051,sitting,-0.0256,1.0009,0.0346,0.4550,-2.7300,0.8050
3353070,sitting,-0.0256,1.0004,0.0337,0.4900,-2.7300,0.8050
3353090,sitting,-0.0266,1.0009,0.0339,0.4900,-2.7300,0.8050
3353109,sitting,-0.0261,1.0006,0.0334,0.4900,-2.7300,0.8400
3353128,sitting,-0.0251,1.0002,0.0346,0.4900,-2.7300,0.8050
3353147,sitting,-0.0246,1.0002,0.0349,0.5250,-2.7300,0.8050
3353167,sitting,-0.0254,1.0004,0.0339,0.4550,-2.7300,0.8050
3353186,sitting,-0.0261,0.9994,0.0339,0.4900,-2.7650,0.8050
3353205,sitting,-0.0264,1.0002,0.0349,0.4900,-2.7300,0.8400
3353224,sitting,-0.0249,1.0002,0.0346,0.4900,-2.7300,0.8050
3353243,sitting,-0.0254,1.0006,0.0344,0.4900,-2.7300,0.8050
3353263,sitting,-0.0246,1.0002,0.0346,0.5250,-2.7300,0.8050
3353282,sitting,-0.0259,0.9997,0.0349,0.4900,-2.7300,0.8050
3353301,sitting,-0.0259,1.0002,0.0339,0.5250,-2.6950,0.8050
3353320,sitting,-0.0251,1.0006,0.0339,0.5250,-2.7300,0.8050
3353340,sitting,-0.0249,0.9997,0.0346,0.5250,-2.7300,0.8050
3353359,sitting,-0.0254,1.0002,0.0344,0.5250,-2.7300,0.8400
3353378,sitting,-0.0249,1.0004,0.0351,0.5250,-2.7300,0.8400
3353397,sitting,-0.0254,0.9992,0.0354,0.5250,-2.6950,0.8400
3353417,sitting,-0.0254,0.9999,0.0351,0.5250,-2.7300,0.7700
3353436,sitting,-0.0256,0.9997,0.0346,0.4900,-2.7300,0.7700
3353455,sitting,-0.0259,0.9994,0.0351,0.5250,-2.7300,0.7700
3353474,sitting,-0.0259,0.9999,0.0342,0.4900,-2.7300,0.7700
3353493,sitting,-0.0251,0.9989,0.0346,0.5600,-2.6600,0.8050
3353513,sitting,-0.0256,0.9999,0.0349,0.4900,-2.7300,0.7700
3353532,sitting,-0.0251,1.0002,0.0349,0.5600,-2.7300,0.7700
3353551,sitting,-0.0261,1.0002,0.0339,0.4900,-2.7300,0.7700
3353570,sitting,-0.0261,1.0002,0.0339,0.5250,-2.7300,0.7700
3353590,sitting,-0.0254,0.9992,0.0351,0.4900,-2.7300,0.8400
3353609,sitting,-0.0256,1.0006,0.0346,0.4900,-2.7300,0.8400
3353628,sitting,-0.0254,1.0006,0.0344,0.4900,-2.7300,0.8400
3353647,sitting,-0.0256,0.9999,0.0346,0.4900,-2.7300,0.8400
3353667,sitting,-0.0251,1.0009,0.0344,0.4900,-2.7300,0.8400
3353686,sitting,-0.0251,1.0006,0.0354,0.4900,-2.7300,0.7700
3353705,sitting,-0.0251,1.0004,0.0334,0.4900,-2.7300,0.8400
3353724,sitting,-0.0251,1.0004,0.0342,0.4900,-2.7300,0.8050
3353743,sitting,-0.0251,1.0004,0.0342,0.5250,-2.7300,0.8400
3353763,sitting,-0.0259,1.0002,0.0346,0.4550,-2.7300,0.8050
3353782,sitting,-0.0264,0.9997,0.0344,0.4900,-2.7300,0.7700
3353801,sitting,-0.0264,1.0014,0.0342,0.4900,-2.6950,0.8050
3353820,sitting,-0.0259,1.0009,0.0342,0.4900,-2.7300,0.8050
3353840,sitting,-0.0259,1.0006,0.0332,0.4900,-2.7300,0.8050
3353859,sitting,-0.0254,0.9992,0.0337,0.4900,-2.7300,0.8050
3353878,sitting,-0.0254,1.0009,0.0346,0.4900,-2.7300,0.8050
3353897,sitting,-0.0259,1.0011,0.0346,0.4900,-2.7300,0.8400
3353917,sitting,-0.0264,0.9999,0.0339,0.4900,-2.7300,0.8050
3353936,sitting,-0.0264,0.9997,0.0344,0.5250,-2.7300,0.8050
3353955,sitting,-0.0251,0.9999,0.0344,0.4900,-2.7300,0.8050
3353974,sitting,-0.0246,1.0009,0.0342,0.5250,-2.6600,0.8050
3353993,sitting,-0.0254,1.0004,0.0334,0.4900,-2.7300,0.8050
3354013,sitting,-0.0261,1.0006,0.0337,0.5250,-2.7300,0.8400
3354032,sitting,-0.0259,1.0002,0.0344,0.4900,-2.7300,0.7700
3354051,sitting,-0.0256,1.0002,0.0346,0.4900,-2.7300,0.8050
3354070,sitting,-0.0256,1.0002,0.0339,0.4900,-2.6950,0.7700
3354090,sitting,-0.0261,1.0011,0.0346,0.5250,-2.6950,0.7700
3354109,sitting,-0.0256,0.9999,0.0339,0.4900,-2.6950,0.7700
3354128,sitting,-0.0251,0.9992,0.0346,0.4900,-2.6950,0.7700
3354147,sitting,-0.0254,0.9997,0.0351,0.4900,-2.7300,0.7700
3354167,sitting,-0.0256,0.9987,0.0344,0.5250,-2.7300,0.8050
3354186,sitting,-0.0261,0.9994,0.0344,0.5250,-2.7300,0.8050
3354205,sitting,-0.0251,1.0004,0.0337,0.5600,-2.7300,0.7700
3354224,sitting,-0.0244,1.0004,0.0342,0.4900,-2.7300,0.8050
3354243,sitting,-0.0254,1.0009,0.0339,0.5600,-2.7300,0.8400
3354263,sitting,-0.0254,1.0004,0.0346,0.4900,-2.7300,0.8050
3354282,sitting,-0.0254,0.9994,0.0354,0.5250,-2.6950,0.8050
3354301,sitting,-0.0254,0.9999,0.0344,0.4550,-2.7300,0.8400
3354320,sitting,-0.0251,1.0002,0.0346,0.4900,-2.7300,0.8050
3354340,sitting,-0.0254,0.9999,0.0346,0.4550,-2.7300,0.8400
3354359,sitting,-0.0256,0.9994,0.0344,0.4900,-2.7300,0.7700
3354378,sitting,-0.0259,1.0004,0.0337,0.4550,-2.7300,0.8050
3354397,sitting,-0.0259,0.9997,0.0332,0.4900,-2.7300,0.7700
3354417,sitting,-0.0249,1.0011,0.0354,0.4900,-2.7300,0.7700
3354436,sitting,-0.0264,1.0016,0.0332,0.4200,-2.7300,0.8400
3354455,sitting,-0.0256,1.0004,0.0344,0.4900,-2.7300,0.8050
3354474,sitting,-0.0251,0.9999,0.0346,0.4550,-2.7300,0.7700
3354493,sitting,-0.0264,0.9994,0.0342,0.4900,-2.7300,0.7700
3354513,sitting,-0.0256,1.0002,0.0344,0.4900,-2.7300,0.8400
3354532,sitting,-0.0254,1.0002,0.0342,0.5600,-2.7650,0.8400
3354551,sitting,-0.0249,1.0002,0.0344,0.4900,-2.7650,0.8050
3354570,sitting,-0.0259,0.9994,0.0361,0.4900,-2.7300,0.8050
3354590,sitting,-0.0251,0.9994,0.0349,0.4900,-2.7300,0.8050
3354609,sitting,-0.0251,0.9992,0.0344,0.4900,-2.7300,0.8050
3354628,sitting,-0.0256,1.0002,0.0346,0.5250,-2.6950,0.8400
3354647,sitting,-0.0254,1.0016,0.0342,0.4550,-2.6950,0.8050
3354667,sitting,-0.0254,1.0004,0.0334,0.5250,-2.7300,0.8400
3354686,sitting,-0.0249,1.0004,0.0351,0.5250,-2.7300,0.8400
3354705,sitting,-0.0254,0.9997,0.0349,0.5250,-2.6950,0.8400
3354724,sitting,-0.0254,1.0004,0.0342,0.5250,-2.7300,0.7700
3354743,sitting,-0.0261,1.0006,0.0337,0.4900,-2.6950,0.7700
3354763,sitting,-0.0256,0.9989,0.0339,0.4900,-2.7300,0.8050
3354782,sitting,-0.0261,0.9999,0.0344,0.4900,-2.6950,0.8400
3354801,sitting,-0.0251,1.0009,0.0351,0.5250,-2.7300,0.7700
3354820,sitting,-0.0256,0.9992,0.0354,0.4900,-2.6600,0.7700
3354840,sitting,-0.0251,0.9994,0.0359,0.4900,-2.7300,0.7700
3354859,sitting,-0.0251,1.0006,0.0346,0.4900,-2.7300,0.8050
3354878,sitting,-0.0256,1.0009,0.0349,0.4900,-2.7300,0.7700
3354897,sitting,-0.0259,1.0014,0.0356,0.4900,-2.7300,0.7700
3354917,sitting,-0.0254,1.0002,0.0359,0.4900,-2.7300,0.8050
3354936,sitting,-0.0251,1.0006,0.0342,0.5250,-2.7300,0.8400
3354955,sitting,-0.0249,0.9999,0.0342,0.4900,-2.7650,0.8400
3354974,sitting,-0.0261,0.9997,0.0356,0.5250,-2.7300,0.8400
3354993,sitting,-0.0259,1.0011,0.0344,0.4900,-2.7300,0.8050
3355013,sitting,-0.0261,0.9997,0.0346,0.5250,-2.7300,0.8050
3355032,sitting,-0.0246,0.9999,0.0351,0.4900,-2.7300,0.8400
3355051,sitting,-0.0256,1.0002,0.0349,0.4900,-2.7300,0.7700
3355070,sitting,-0.0259,0.9999,0.0346,0.4900,-2.7650,0.8050
3355090,sitting,-0.0256,1.0004,0.0356,0.4900,-2.7300,0.8050
3355109,sitting,-0.0264,1.0002,0.0349,0.4900,-2.7300,0.8400
3355128,sitting,-0.0264,1.0004,0.0342,0.4550,-2.7300,0.8050
3355147,sitting,-0.0249,1.0004,0.0349,0.4900,-2.7300,0.8400
3355167,sitting,-0.0251,1.0009,0.0344,0.5250,-2.7300,0.7700
3355186,sitting,-0.0266,1.0006,0.0349,0.4900,-2.7300,0.7700
3355205,sitting,-0.0259,0.9999,0.0344,0.4900,-2.7300,0.7700
3355224,sitting,-0.0254,1.0006,0.0346,0.4900,-2.6950,0.8050
3355243,sitting,-0.0259,1.0004,0.0346,0.4900,-2.7300,0.8050
3355263,sitting,-0.0251,1.0004,0.0346,0.4900,-2.7300,0.8050
3355282,sitting,-0.0259,1.0009,0.0349,0.5250,-2.7300,0.8400
3355301,sitting,-0.0256,0.9997,0.0346,0.4900,-2.7300,0.8400
3355320,sitting,-0.0256,0.9992,0.0346,0.4900,-2.7300,0.8050
3355340,sitting,-0.0254,0.9994,0.0339,0.5250,-2.7300,0.7700
3355359,sitting,-0.0242,0.9989,0.0354,0.5250,-2.7300,0.8050
3355378,sitting,-0.0256,1.0004,0.0354,0.4900,-2.7300,0.7700
3355397,sitting,-0.0259,1.0014,0.0349,0.4900,-2.7300,0.7700
3355417,sitting,-0.0259,1.0006,0.0344,0.5250,-2.7300,0.8050
3355436,sitting,-0.0256,0.9997,0.0346,0.4900,-2.7300,0.7700
3355455,sitting,-0.0259,1.0002,0.0342,0.4900,-2.7300,0.8400
3355474,sitting,-0.0261,1.0002,0.0332,0.4900,-2.7300,0.8400
3355493,sitting,-0.0256,1.0002,0.0346,0.5250,-2.7300,0.8400
3355513,sitting,-0.0261,1.0004,0.0351,0.4900,-2.7300,0.8400
3355532,sitting,-0.0261,1.0011,0.0349,0.4550,-2.7300,0.8400
3355551,sitting,-0.0254,1.0004,0.0349,0.4900,-2.7300,0.8050
3355570,sitting,-0.0256,0.9999,0.0344,0.5250,-2.7300,0.8400
3355590,sitting,-0.0264,1.0002,0.0351,0.4550,-2.7300,0.7700
3355609,sitting,-0.0254,1.0002,0.0346,0.4900,-2.7300,0.7700
3355628,sitting,-0.0264,0.9992,0.0342,0.4900,-2.7300,0.8400
3355647,sitting,-0.0251,1.0002,0.0337,0.5600,-2.7300,0.8050
3355667,sitting,-0.0261,1.0006,0.0346,0.4550,-2.7300,0.7700
3355686,sitting,-0.0261,1.0011,0.0344,0.4900,-2.7300,0.8050
3355705,sitting,-0.0264,0.9999,0.0354,0.4900,-2.6950,0.8400
3355724,sitting,-0.0254,1.0011,0.0342,0.4900,-2.7300,0.8050
3355743,sitting,-0.0264,0.9999,0.0337,0.4550,-2.7300,0.7700
3355763,sitting,-0.0256,1.0019,0.0342,0.4550,-2.7300,0.8050
3355782,sitting,-0.0266,0.9997,0.0346,0.4550,-2.7300,0.8050
3355801,sitting,-0.0264,0.9999,0.0339,0.4900,-2.7300,0.8400
3355820,sitting,-0.0254,1.0014,0.0349,0.4900,-2.7300,0.8050
3355840,sitting,-0.0251,0.9997,0.0344,0.4900,-2.7300,0.8400
3355859,sitting,-0.0254,1.0004,0.0337,0.4900,-2.7300,0.8400
3355878,sitting,-0.0249,1.0009,0.0361,0.5250,-2.7300,0.8400
3355897,sitting,-0.0259,0.9999,0.0346,0.4900,-2.7300,0.8050
3355917,sitting,-0.0246,0.9994,0.0351,0.4900,-2.6950,0.8400
3355936,sitting,-0.0256,1.0011,0.0349,0.4550,-2.6950,0.8050
3355955,sitting,-0.0259,0.9984,0.0342,0.4900,-2.7300,0.7700
3355974,sitting,-0.0259,0.9999,0.0342,0.4900,-2.7300,0.7700
3355993,sitting,-0.0254,1.0006,0.0344,0.4900,-2.7300,0.7700
3356013,sitting,-0.0256,0.9997,0.0337,0.5250,-2.7300,0.7700
3356032,sitting,-0.0261,1.0006,0.0342,0.4900,-2.7300,0.8400
3356051,sitting,-0.0261,1.0006,0.0356,0.4900,-2.7300,0.7700
3356070,sitting,-0.0259,0.9999,0.0339,0.4900,-2.7300,0.8400
3356090,sitting,-0.0259,1.0002,0.0334,0.4900,-2.7300,0.7700
3356109,sitting,-0.0259,1.0006,0.0337,0.4900,-2.6950,0.7700
3356128,sitting,-0.0256,0.9997,0.0339,0.4900,-2.7300,0.8050
3356147,sitting,-0.0259,1.0002,0.0344,0.4550,-2.7300,0.8050
3356167,sitting,-0.0256,1.0004,0.0332,0.5250,-2.7300,0.8050
3356186,sitting,-0.0254,1.0006,0.0344,0.4900,-2.7650,0.7700
3356205,sitting,-0.0259,1.0006,0.0339,0.4900,-2.7300,0.8400
3356224,sitting,-0.0251,0.9999,0.0346,0.4900,-2.7300,0.7700
3356243,sitting,-0.0251,1.0009,0.0342,0.4550,-2.7300,0.8400
3356263,sitting,-0.0251,0.9994,0.0334,0.4900,-2.7300,0.8050
3356282,sitting,-0.0249,0.9997,0.0344,0.4550,-2.7300,0.7700
3356301,sitting,-0.0249,0.9999,0.0351,0.4900,-2.7300,0.8400
3356320,sitting,-0.0259,0.9999,0.0342,0.4550,-2.7300,0.8400
3356340,sitting,-0.0251,1.0002,0.0337,0.5250,-2.6950,0.8050
3356359,sitting,-0.0242,1.0009,0.0359,0.4900,-2.7300,0.8400
3356378,sitting,-0.0254,1.0002,0.0349,0.4550,-2.7300,0.8050
3356397,sitting,-0.0261,1.0004,0.0351,0.4900,-2.7300,0.7700
3356417,sitting,-0.0256,0.9997,0.0351,0.4900,-2.7300,0.7700
3356436,sitting,-0.0249,1.0002,0.0339,0.4550,-2.7300,0.7700
3356455,sitting,-0.0256,1.0002,0.0346,0.4900,-2.6950,0.8050
3356474,sitting,-0.0268,1.0002,0.0332,0.4900,-2.7300,0.7700
3356493,sitting,-0.0261,1.0002,0.0346,0.4900,-2.7300,0.8050
3356513,sitting,-0.0251,1.0002,0.0354,0.5250,-2.7300,0.8050
3356532,sitting,-0.0261,1.0004,0.0346,0.5250,-2.6950,0.7700
3356551,sitting,-0.0261,0.9992,0.0346,0.5600,-2.6950,0.8400
3356570,sitting,-0.0256,0.9997,0.0351,0.4900,-2.7300,0.8050
3356590,sitting,-0.0266,1.0002,0.0344,0.4900,-2.6950,0.8400
3356609,sitting,-0.0256,1.0002,0.0337,0.4550,-2.7300,0.8050
3356628,sitting,-0.0266,1.0004,0.0342,0.5250,-2.7300,0.8050
3356647,sitting,-0.0259,1.0004,0.0349,0.4900,-2.7300,0.7700
3356667,sitting,-0.0251,1.0006,0.0344,0.4900,-2.7300,0.8050
3356686,sitting,-0.0259,1.0006,0.0349,0.4900,-2.7300,0.8400
3356705,sitting,-0.0249,0.9999,0.0342,0.4900,-2.7300,0.7700
3356724,sitting,-0.0256,0.9992,0.0342,0.4550,-2.7300,0.8050
3356743,sitting,-0.0249,1.0014,0.0342,0.4900,-2.7300,0.8050
3356763,sitting,-0.0246,0.9994,0.0339,0.4900,-2.7300,0.8050
3356782,sitting,-0.0256,1.0002,0.0332,0.4900,-2.7300,0.8400
3356801,sitting,-0.0259,0.9999,0.0351,0.4900,-2.7300,0.7700
3356820,sitting,-0.0256,1.0002,0.0346,0.4900,-2.7300,0.7700
3356840,sitting,-0.0251,0.9999,0.0354,0.4900,-2.7300,0.8400
3356859,sitting,-0.0256,1.0002,0.0337,0.4550,-2.7300,0.7700
3356878,sitting,-0.0254,1.0006,0.0346,0.4900,-2.7300,0.7700
3356897,sitting,-0.0259,0.9999,0.0346,0.4900,-2.7300,0.8050
3356917,sitting,-0.0256,1.0002,0.0342,0.4900,-2.7300,0.7700
3356936,sitting,-0.0254,1.0002,0.0349,0.4900,-2.7300,0.8050
3356955,sitting,-0.0249,0.9997,0.0346,0.4900,-2.7300,0.8050
3356974,sitting,-0.0251,0.9999,0.0346,0.4900,-2.7300,0.7700
3356993,sitting,-0.0254,0.9999,0.0346,0.4900,-2.7300,0.8050
3357013,sitting,-0.0259,1.0006,0.0344,0.4900,-2.7300,0.8050
3357032,sitting,-0.0254,1.0014,0.0346,0.5250,-2.7300,0.7700
3357051,sitting,-0.0259,1.0002,0.0346,0.4900,-2.6950,0.8050
3357070,sitting,-0.0246,0.9997,0.0351,0.5250,-2.6950,0.8400
3357090,sitting,-0.0249,1.0004,0.0342,0.4900,-2.7300,0.7700
3357109,sitting,-0.0242,1.0011,0.0346,0.5600,-2.7300,0.8400
3357128,sitting,-0.0256,1.0004,0.0354,0.4900,-2.7300,0.8400
3357147,sitting,-0.0259,1.0002,0.0339,0.4900,-2.6950,0.7700
3357167,sitting,-0.0261,0.9999,0.0344,0.4550,-2.7300,0.7700
3357186,sitting,-0.0256,0.9997,0.0346,0.5250,-2.7300,0.7700
3357205,sitting,-0.0249,1.0002,0.0344,0.4900,-2.7300,0.7700
3357224,sitting,-0.0246,1.0006,0.0337,0.5250,-2.6950,0.8050
3357243,sitting,-0.0261,1.0004,0.0339,0.4900,-2.7300,0.7700
3357263,sitting,-0.0256,1.0002,0.0359,0.5250,-2.7300,0.7700
3357282,sitting,-0.0256,0.9999,0.0354,0.4900,-2.7300,0.7700
3357301,sitting,-0.0254,1.0002,0.0344,0.5250,-2.6950,0.7700
3357320,sitting,-0.0261,1.0004,0.0354,0.4900,-2.7300,0.8400
3357340,sitting,-0.0249,0.9994,0.0354,0.4900,-2.6950,0.7700
3357359,sitting,-0.0254,1.0002,0.0346,0.4900,-2.7300,0.7700
3357378,sitting,-0.0256,0.9999,0.0344,0.4900,-2.7300,0.8400
3357397,sitting,-0.0259,1.0002,0.0349,0.4900,-2.7300,0.8050
3357417,sitting,-0.0261,0.9997,0.0339,0.4900,-2.7300,0.7700
3357436,sitting,-0.0256,1.0002,0.0337,0.4550,-2.6950,0.8050
3357455,sitting,-0.0251,0.9997,0.0339,0.4900,-2.6950,0.8050
3357474,sitting,-0.0256,0.9999,0.0344,0.4900,-2.7300,0.7700
3357493,sitting,-0.0239,1.0004,0.0332,0.5250,-2.6950,0.8050
3357513,sitting,-0.0261,1.0004,0.0337,0.4550,-2.7300,0.7700
3357532,sitting,-0.0261,0.9992,0.0342,0.4900,-2.7300,0.8050
3357551,sitting,-0.0256,0.9997,0.0351,0.4900,-2.7300,0.7700
3357570,sitting,-0.0249,1.0011,0.0349,0.5600,-2.7300,0.8050
3357590,sitting,-0.0244,1.0009,0.0337,0.4550,-2.7300,0.8400
3357609,sitting,-0.0256,1.0006,0.0351,0.4900,-2.7300,0.8400
3357628,sitting,-0.0256,1.0006,0.0342,0.4900,-2.7300,0.7700
3357647,sitting,-0.0254,1.0002,0.0354,0.4900,-2.7300,0.7700
3357667,sitting,-0.0249,1.0009,0.0342,0.4900,-2.7300,0.7700
3357686,sitting,-0.0254,1.0004,0.0346,0.4900,-2.6950,0.7700
3357705,sitting,-0.0251,1.0002,0.0337,0.4900,-2.7300,0.8050
3357724,sitting,-0.0256,0.9999,0.0344,0.4900,-2.6950,0.8400
3357743,sitting,-0.0249,1.0016,0.0351,0.5250,-2.7300,0.7700
3357763,sitting,-0.0259,1.0004,0.0349,0.5600,-2.7300,0.8400
3357782,sitting,-0.0256,1.0006,0.0342,0.4900,-2.7300,0.8050
3357801,sitting,-0.0249,1.0021,0.0356,0.4900,-2.7300,0.7700
3357820,sitting,-0.0254,1.0002,0.0351,0.4900,-2.7300,0.7700
3357840,sitting,-0.0256,0.9994,0.0344,0.4900,-2.6950,0.8400
3357859,sitting,-0.0256,1.0009,0.0344,0.5250,-2.7300,0.7700
3357878,sitting,-0.0264,0.9992,0.0344,0.4900,-2.7300,0.8050
3357897,sitting,-0.0246,0.9999,0.0346,0.4900,-2.7300,0.7700
3357917,sitting,-0.0261,0.9999,0.0349,0.4900,-2.7300,0.7700
3357936,sitting,-0.0256,0.9997,0.0342,0.4900,-2.7300,0.7700
3357955,sitting,-0.0259,1.0002,0.0351,0.4900,-2.7300,0.7700
3357974,sitting,-0.0254,1.0006,0.0346,0.4550,-2.7300,0.7700
3357993,sitting,-0.0259,1.0002,0.0351,0.4900,-2.7300,0.7700
3358013,sitting,-0.0261,1.0006,0.0351,0.4900,-2.7300,0.7700
3358032,sitting,-0.0261,0.9997,0.0344,0.4900,-2.7650,0.7700
3358051,sitting,-0.0246,0.9999,0.0339,0.4900,-2.7300,0.7700
3358070,sitting,-0.0254,1.0004,0.0351,0.4900,-2.7300,0.7700
3358090,sitting,-0.0254,1.0004,0.0354,0.5600,-2.7300,0.8050
3358109,sitting,-0.0261,0.9997,0.0356,0.4900,-2.7300,0.7700
3358128,sitting,-0.0256,1.0004,0.0359,0.4900,-2.7300,0.8050
3358147,sitting,-0.0259,1.0002,0.0349,0.4900,-2.7300,0.7700
3358167,sitting,-0.0256,1.0002,0.0344,0.4900,-2.7300,0.8400
3358186,sitting,-0.0261,1.0004,0.0351,0.4550,-2.7300,0.8400
3358205,sitting,-0.0249,1.0004,0.0356,0.4900,-2.7300,0.8400
3358224,sitting,-0.0254,0.9994,0.0351,0.4900,-2.7300,0.7700
3358243,sitting,-0.0259,0.9997,0.0349,0.4900,-2.7300,0.8400
3358263,sitting,-0.0249,1.0006,0.0337,0.4550,-2.7300,0.8400
3358282,sitting,-0.0254,1.0014,0.0337,0.4900,-2.7300,0.7700
3358301,sitting,-0.0264,1.0004,0.0339,0.4900,-2.7300,0.7700
3358320,sitting,-0.0259,0.9999,0.0349,0.4900,-2.7300,0.7700
3358340,sitting,-0.0256,1.0002,0.0346,0.4900,-2.7300,0.8050
3358359,sitting,-0.0256,1.0002,0.0346,0.4550,-2.7300,0.8400
3358378,sitting,-0.0244,0.9999,0.0344,0.4550,-2.7300,0.8050
3358397,sitting,-0.0239,1.0002,0.0346,0.4900,-2.6950,0.8050
3358417,sitting,-0.0256,0.9994,0.0344,0.5250,-2.7300,0.8400
3358436,sitting,-0.0264,1.0006,0.0354,0.4900,-2.6950,0.8050
3358455,sitting,-0.0261,0.9999,0.0364,0.5250,-2.7300,0.7700
3358474,sitting,-0.0256,1.0014,0.0349,0.5250,-2.7300,0.8050
3358493,sitting,-0.0266,1.0014,0.0334,0.4900,-2.6950,0.8050
3358513,sitting,-0.0256,1.0011,0.0332,0.5250,-2.6950,0.7700
3358532,sitting,-0.0268,1.0002,0.0342,0.5250,-2.7300,0.8050
3358551,sitting,-0.0261,0.9999,0.0351,0.4900,-2.7300,0.8050
3358570,sitting,-0.0259,1.0004,0.0349,0.4900,-2.7300,0.8050
3358590,sitting,-0.0251,1.0014,0.0346,0.4900,-2.7300,0.7700
3358609,sitting,-0.0251,1.0006,0.0349,0.5250,-2.7300,0.7700
3358628,sitting,-0.0244,1.0002,0.0332,0.4900,-2.7300,0.8050
3358647,sitting,-0.0242,1.0004,0.0344,0.4900,-2.7300,0.7700
3358667,sitting,-0.0254,1.0004,0.0354,0.4550,-2.7300,0.7700
3358686,sitting,-0.0259,0.9992,0.0339,0.5600,-2.7300,0.8050
3358705,sitting,-0.0261,0.9999,0.0344,0.4900,-2.7300,0.8050
3358724,sitting,-0.0251,1.0004,0.0351,0.4900,-2.7300,0.8050
3358743,sitting,-0.0259,1.0004,0.0342,0.4900,-2.7300,0.8050
3358763,sitting,-0.0251,0.9997,0.0337,0.4900,-2.7300,0.7700
3358782,sitting,-0.0254,1.0004,0.0344,0.4900,-2.7300,0.8400
3358801,sitting,-0.0264,0.9994,0.0342,0.5250,-2.7300,0.7700
3358820,sitting,-0.0264,0.9999,0.0342,0.4550,-2.7300,0.8400
3358840,sitting,-0.0259,1.0002,0.0344,0.4900,-2.7300,0.8400
3358859,sitting,-0.0251,1.0009,0.0344,0.4900,-2.7300,0.8050
3358878,sitting,-0.0251,1.0009,0.0332,0.4900,-2.7300,0.8050
3358897,sitting,-0.0256,0.9997,0.0339,0.4550,-2.7300,0.8400
3358917,sitting,-0.0254,1.0002,0.0342,0.4900,-2.7300,0.8050
3358936,sitting,-0.0249,0.9999,0.0342,0.4900,-2.7300,0.8050
3358955,sitting,-0.0251,1.0002,0.0346,0.4900,-2.7300,0.8400
3358974,sitting,-0.0251,1.0006,0.0339,0.4900,-2.7300,0.8400
3358993,sitting,-0.0254,0.9999,0.0334,0.4900,-2.7300,0.8400
3359013,sitting,-0.0256,1.0004,0.0346,0.5250,-2.7300,0.8400
3359032,sitting,-0.0256,0.9997,0.0359,0.4900,-2.6600,0.8400
3359051,sitting,-0.0254,0.9999,0.0356,0.5250,-2.7300,0.8050
3359070,sitting,-0.0259,1.0009,0.0349,0.4900,-2.7300,0.8050
3359090,sitting,-0.0256,1.0002,0.0351,0.4550,-2.6950,0.8050
3359109,sitting,-0.0256,0.9997,0.0342,0.5250,-2.7300,0.8050
3359128,sitting,-0.0249,0.9999,0.0349,0.4900,-2.7300,0.8400
3359147,sitting,-0.0261,0.9999,0.0349,0.5250,-2.7300,0.7700
3359167,sitting,-0.0256,1.0004,0.0346,0.5600,-2.7300,0.7700
3359186,sitting,-0.0254,1.0004,0.0346,0.5250,-2.7300,0.8050
3359205,sitting,-0.0251,0.9999,0.0356,0.5600,-2.7300,0.7700
3359224,sitting,-0.0242,0.9999,0.0342,0.5250,-2.7300,0.7700
3359243,sitting,-0.0259,1.0006,0.0349,0.5250,-2.7300,0.8050
3359263,sitting,-0.0264,1.0009,0.0349,0.4900,-2.7300,0.7700
3359282,sitting,-0.0256,0.9999,0.0351,0.5250,-2.7300,0.7700
3359301,sitting,-0.0264,1.0006,0.0342,0.4900,-2.7300,0.8050
3359320,sitting,-0.0261,1.0009,0.0344,0.5250,-2.7300,0.7700
3359340,sitting,-0.0254,1.0009,0.0351,0.4550,-2.7300,0.7700
3359359,sitting,-0.0244,0.9999,0.0342,0.4900,-2.7650,0.7700
3359378,sitting,-0.0264,0.9999,0.0342,0.4550,-2.7300,0.7700
3359397,sitting,-0.0266,1.0004,0.0344,0.5250,-2.6950,0.8050
3359417,sitting,-0.0259,0.9994,0.0351,0.4550,-2.7300,0.7700
3359436,sitting,-0.0256,0.9989,0.0351,0.5250,-2.7300,0.7700
3359455,sitting,-0.0256,0.9997,0.0349,0.4550,-2.7300,0.7700
3359474,sitting,-0.0251,1.0002,0.0339,0.5250,-2.7300,0.7700
3359493,sitting,-0.0251,1.0002,0.0344,0.4900,-2.7300,0.7700
3359513,sitting,-0.0251,1.0009,0.0342,0.4900,-2.7300,0.8050
3359532,sitting,-0.0251,1.0004,0.0351,0.4550,-2.6600,0.7700
3359551,sitting,-0.0254,1.0002,0.0339,0.4900,-2.7300,0.8400
3359570,sitting,-0.0273,1.0006,0.0349,0.5250,-2.7300,0.8050
3359590,sitting,-0.0264,0.9999,0.0349,0.5250,-2.7300,0.8050
3359609,sitting,-0.0264,1.0002,0.0354,0.4900,-2.7300,0.8400
3359628,sitting,-0.0256,1.0002,0.0342,0.5250,-2.7300,0.8400
3359647,sitting,-0.0254,1.0002,0.0354,0.4900,-2.7300,0.8050
3359667,sitting,-0.0259,1.0004,0.0351,0.4900,-2.6950,0.8400
3359686,sitting,-0.0266,1.0004,0.0351,0.4900,-2.7300,0.8400
3359705,sitting,-0.0254,1.0004,0.0351,0.5250,-2.7300,0.8400
3359724,sitting,-0.0254,0.9999,0.0351,0.5600,-2.7300,0.8050
3359743,sitting,-0.0259,0.9997,0.0359,0.5250,-2.6950,0.8050
3359763,sitting,-0.0254,0.9994,0.0344,0.5250,-2.7300,0.7700
3359782,sitting,-0.0249,0.9997,0.0337,0.4900,-2.7300,0.8050
3359801,sitting,-0.0244,1.0004,0.0351,0.4900,-2.7300,0.8400
3359820,sitting,-0.0261,0.9999,0.0354,0.4900,-2.7300,0.8050
3359840,sitting,-0.0246,1.0004,0.0342,0.4900,-2.7300,0.8050
3359859,sitting,-0.0251,0.9999,0.0342,0.5250,-2.7300,0.7700
3359878,sitting,-0.0254,1.0004,0.0344,0.4900,-2.7300,0.8050
3359897,sitting,-0.0246,0.9999,0.0342,0.4900,-2.7300,0.7700
3359917,sitting,-0.0254,1.0006,0.0332,0.4900,-2.7300,0.7700
3359936,sitting,-0.0264,1.0004,0.0329,0.4900,-2.7300,0.7700
3359955,sitting,-0.0259,1.0002,0.0337,0.4900,-2.7300,0.7700
3359974,sitting,-0.0256,1.0004,0.0344,0.5250,-2.6950,0.8050
3359993,sitting,-0.0254,1.0009,0.0356,0.4200,-2.7300,0.8400
3360013,sitting,-0.0264,1.0011,0.0342,0.4900,-2.7300,0.7700
3360032,sitting,-0.0261,1.0009,0.0342,0.5250,-2.6950,0.8400
3360051,sitting,-0.0256,1.0006,0.0332,0.4550,-2.7300,0.8050
3360070,sitting,-0.0259,1.0004,0.0337,0.4900,-2.7300,0.8400
3360090,sitting,-0.0256,1.0006,0.0346,0.4900,-2.7300,0.7700
3360109,sitting,-0.0261,1.0009,0.0334,0.4900,-2.7300,0.8400
3360128,sitting,-0.0268,1.0002,0.0337,0.4550,-2.7300,0.8050
3360147,sitting,-0.0259,1.0004,0.0351,0.4550,-2.7300,0.7700
3360167,sitting,-0.0254,0.9999,0.0344,0.5250,-2.7300,0.7700
3360186,sitting,-0.0259,1.0006,0.0334,0.4900,-2.6950,0.8050
3360205,sitting,-0.0261,1.0006,0.0346,0.4900,-2.6950,0.7700
3360224,sitting,-0.0256,1.0004,0.0349,0.4900,-2.7300,0.7700
3360243,sitting,-0.0242,1.0002,0.0351,0.4900,-2.7300,0.8050
3360263,sitting,-0.0249,1.0004,0.0344,0.4900,-2.7300,0.8050
3360282,sitting,-0.0254,0.9999,0.0344,0.4900,-2.7300,0.8050
3360301,sitting,-0.0249,0.9999,0.0344,0.4900,-2.7300,0.8400
3360320,sitting,-0.0256,0.9997,0.0346,0.4550,-2.6950,0.7700
3360340,sitting,-0.0251,0.9992,0.0342,0.4900,-2.7300,0.7700
3360359,sitting,-0.0242,1.0004,0.0349,0.4900,-2.7300,0.8050
3360378,sitting,-0.0256,1.0002,0.0351,0.4900,-2.7300,0.8050
3360397,sitting,-0.0254,1.0011,0.0351,0.4900,-2.7300,0.8050
3360417,sitting,-0.0259,1.0011,0.0351,0.5600,-2.7300,0.7700
3360436,sitting,-0.0251,1.0004,0.0344,0.4900,-2.7300,0.7700
3360455,sitting,-0.0254,1.0006,0.0344,0.5250,-2.6950,0.7700
3360474,sitting,-0.0254,0.9994,0.0344,0.5250,-2.7300,0.7700
3360493,sitting,-0.0254,1.0002,0.0349,0.4900,-2.6950,0.7700
3360513,sitting,-0.0259,1.0004,0.0339,0.4550,-2.7300,0.8050
3360532,sitting,-0.0259,0.9999,0.0337,0.4900,-2.7650,0.8050
3360551,sitting,-0.0256,1.0004,0.0351,0.4900,-2.6950,0.8050
3360570,sitting,-0.0261,1.0006,0.0349,0.4900,-2.7300,0.7700
3360590,sitting,-0.0256,0.9997,0.0344,0.4900,-2.6950,0.7700
3360609,sitting,-0.0251,1.0004,0.0346,0.4900,-2.7300,0.7700
3360628,sitting,-0.0251,0.9999,0.0351,0.4900,-2.7300,0.7700
3360647,sitting,-0.0239,1.0006,0.0339,0.4550,-2.7300,0.7700
3360667,sitting,-0.0254,0.9999,0.0354,0.4900,-2.7300,0.8050
3360686,sitting,-0.0259,0.9997,0.0346,0.4900,-2.7300,0.7700
3360705,sitting,-0.0256,1.0004,0.0342,0.4900,-2.7300,0.8050
3360724,sitting,-0.0268,1.0004,0.0344,0.4550,-2.7300,0.8050
3360743,sitting,-0.0266,1.0004,0.0342,0.4900,-2.7300,0.7700
3360763,sitting,-0.0246,0.9999,0.0344,0.4900,-2.7300,0.7700
3360782,sitting,-0.0251,1.0014,0.0342,0.5250,-2.7300,0.8400
3360801,sitting,-0.0261,1.0006,0.0342,0.4550,-2.7300,0.8400
3360820,sitting,-0.0256,1.0009,0.0342,0.4900,-2.6950,0.8400
3360840,sitting,-0.0246,1.0002,0.0346,0.4900,-2.7300,0.7700
3360859,sitting,-0.0259,1.0002,0.0349,0.4900,-2.7300,0.7700
3360878,sitting,-0.0254,1.0004,0.0346,0.4900,-2.7300,0.7700
3360897,sitting,-0.0256,1.0002,0.0342,0.4900,-2.7300,0.7700
3360917,sitting,-0.0254,0.9997,0.0342,0.4900,-2.6600,0.7700
3360936,sitting,-0.0244,1.0009,0.0346,0.4900,-2.6950,0.8050
3360955,sitting,-0.0256,1.0006,0.0344,0.4900,-2.7300,0.8400
3360974,sitting,-0.0254,1.0006,0.0349,0.4900,-2.7300,0.8050
3360993,sitting,-0.0266,1.0006,0.0339,0.4900,-2.7300,0.8050
3361013,sitting,-0.0259,0.9994,0.0344,0.5250,-2.6950,0.8050
3361032,sitting,-0.0256,1.0014,0.0346,0.4900,-2.7300,0.7700
3361051,sitting,-0.0251,1.0006,0.0344,0.5250,-2.7300,0.8050
3361070,sitting,-0.0251,1.0014,0.0342,0.5250,-2.7300,0.7700
3361090,sitting,-0.0259,0.9994,0.0346,0.5250,-2.7300,0.7700
3361109,sitting,-0.0249,1.0004,0.0351,0.4900,-2.7300,0.7700
3361128,sitting,-0.0246,1.0004,0.0344,0.4900,-2.6950,0.8050
3361147,sitting,-0.0256,1.0009,0.0346,0.5250,-2.7300,0.8050
3361167,sitting,-0.0254,1.0002,0.0346,0.4900,-2.7300,0.7700
3361186,sitting,-0.0249,1.0002,0.0349,0.5250,-2.7300,0.7700
3361205,sitting,-0.0254,0.9997,0.0351,0.4900,-2.7300,0.7700
3361224,sitting,-0.0249,0.9997,0.0344,0.4900,-2.7300,0.7700
3361243,sitting,-0.0254,1.0002,0.0346,0.4550,-2.7300,0.8050
3361263,sitting,-0.0259,1.0004,0.0334,0.4900,-2.6950,0.7700
3361282,sitting,-0.0259,1.0002,0.0344,0.4550,-2.6950,0.7700
3361301,sitting,-0.0259,1.0002,0.0346,0.4900,-2.6950,0.7700
3361320,sitting,-0.0246,0.9999,0.0346,0.5250,-2.6950,0.8050
3361340,sitting,-0.0251,0.9994,0.0351,0.4550,-2.7300,0.8050
3361359,sitting,-0.0261,0.9999,0.0346,0.4550,-2.6950,0.8050
3361378,sitting,-0.0256,1.0011,0.0349,0.4900,-2.7300,0.8050
3361397,sitting,-0.0261,1.0016,0.0342,0.4200,-2.6950,0.8400
3361417,sitting,-0.0256,1.0009,0.0349,0.4900,-2.7650,0.8050
3361436,sitting,-0.0249,1.0009,0.0349,0.4900,-2.7300,0.8050
3361455,sitting,-0.0254,1.0009,0.0351,0.4900,-2.7300,0.7700
3361474,sitting,-0.0259,0.9999,0.0346,0.4900,-2.7300,0.7700
3361493,sitting,-0.0246,1.0006,0.0359,0.4550,-2.7300,0.8050
3361513,sitting,-0.0246,1.0006,0.0346,0.5250,-2.6950,0.8050
3361532,sitting,-0.0254,1.0011,0.0346,0.5250,-2.7300,0.7700
3361551,sitting,-0.0256,1.0011,0.0337,0.5600,-2.7300,0.8400
3361570,sitting,-0.0251,1.0002,0.0339,0.4900,-2.7300,0.8050
3361590,sitting,-0.0254,0.9994,0.0337,0.5600,-2.6950,0.7700
3361609,sitting,-0.0259,1.0004,0.0344,0.4900,-2.7300,0.7700
3361628,sitting,-0.0254,0.9994,0.0346,0.4900,-2.6950,0.8050
3361647,sitting,-0.0251,1.0002,0.0351,0.4900,-2.7300,0.8050
3361667,sitting,-0.0254,0.9997,0.0346,0.5250,-2.7300,0.7700
3361686,sitting,-0.0246,1.0004,0.0349,0.4900,-2.7300,0.7700
3361705,sitting,-0.0249,0.9997,0.0344,0.5600,-2.7300,0.7700
3361724,sitting,-0.0249,1.0009,0.0349,0.4900,-2.7300,0.7700
3361743,sitting,-0.0246,0.9999,0.0349,0.5250,-2.7300,0.7700
3361763,sitting,-0.0256,1.0004,0.0337,0.4550,-2.7300,0.7700
3361782,sitting,-0.0254,0.9994,0.0354,0.5250,-2.7300,0.8050
3361801,sitting,-0.0256,1.0004,0.0334,0.5250,-2.7300,0.8400
3361820,sitting,-0.0259,1.0002,0.0349,0.5250,-2.7300,0.7700
3361840,sitting,-0.0254,1.0004,0.0342,0.4900,-2.7300,0.7700
3361859,sitting,-0.0251,1.0011,0.0346,0.5250,-2.7300,0.7700
3361878,sitting,-0.0254,0.9999,0.0344,0.4900,-2.7300,0.8050
3361897,sitting,-0.0249,1.0002,0.0351,0.4900,-2.7300,0.7700
3361917,sitting,-0.0256,1.0002,0.0351,0.4900,-2.7300,0.7700
3361936,sitting,-0.0261,1.0002,0.0351,0.4900,-2.7300,0.8400
3361955,sitting,-0.0251,0.9999,0.0342,0.4900,-2.7300,0.7700
3361974,sitting,-0.0254,0.9999,0.0351,0.4550,-2.7300,0.8050
3361993,sitting,-0.0249,1.0004,0.0346,0.5250,-2.7300,0.8400
3362013,sitting,-0.0254,1.0004,0.0339,0.4550,-2.6950,0.8400
3362032,sitting,-0.0254,1.0011,0.0342,0.5250,-2.7300,0.8050
3362051,sitting,-0.0256,0.9997,0.0349,0.4900,-2.7300,0.7700
3362070,sitting,-0.0254,0.9997,0.0346,0.4900,-2.7300,0.7700
3362090,sitting,-0.0256,1.0004,0.0349,0.4550,-2.7300,0.8050
3362109,sitting,-0.0251,1.0004,0.0346,0.4900,-2.7650,0.8400
3362128,sitting,-0.0256,1.0002,0.0339,0.4900,-2.7300,0.7700
3362147,sitting,-0.0256,1.0004,0.0334,0.5250,-2.7300,0.8050
3362167,sitting,-0.0256,0.9997,0.0342,0.4900,-2.6950,0.7700
3362186,sitting,-0.0264,1.0002,0.0349,0.5600,-2.7300,0.8050
3362205,sitting,-0.0254,1.0006,0.0346,0.5250,-2.7300,0.8050
3362224,sitting,-0.0261,0.9997,0.0342,0.4900,-2.7300,0.8050
3362243,sitting,-0.0256,1.0011,0.0339,0.4900,-2.7300,0.8050
3362263,sitting,-0.0256,0.9997,0.0344,0.4900,-2.6950,0.8400
3362282,sitting,-0.0256,1.0006,0.0346,0.5250,-2.7300,0.8050
3362301,sitting,-0.0256,1.0011,0.0339,0.4900,-2.7300,0.7700
3362320,sitting,-0.0251,1.0009,0.0342,0.5250,-2.7300,0.8050
3362340,sitting,-0.0256,0.9999,0.0349,0.4200,-2.7300,0.7700
3362359,sitting,-0.0254,1.0011,0.0349,0.5250,-2.6950,0.8050
