timestamp_ms,label,acc_x_g,acc_y_g,acc_z_g,gyro_x_dps,gyro_y_dps,gyro_z_dps
3531531,sitting,0.0156,-0.9982,0.0076,0.4900,-2.7300,0.7700
3531550,sitting,0.0149,-0.9982,0.0081,0.4550,-2.7300,0.8400
3531569,sitting,0.0146,-0.9989,0.0061,0.4550,-2.7300,0.8050
3531588,sitting,0.0142,-0.9999,0.0051,0.4900,-2.7300,0.8400
3531608,sitting,0.0151,-0.9984,0.0063,0.4900,-2.7300,0.8400
3531627,sitting,0.0151,-0.9992,0.0068,0.4900,-2.7300,0.7700
3531646,sitting,0.0159,-0.9984,0.0068,0.4550,-2.7300,0.7700
3531665,sitting,0.0151,-0.9984,0.0059,0.4900,-2.7300,0.8400
3531685,sitting,0.0146,-0.9987,0.0066,0.4900,-2.6950,0.8400
3531704,sitting,0.0137,-0.9992,0.0063,0.4900,-2.7300,0.8050
3531723,sitting,0.0139,-0.9987,0.0066,0.4900,-2.7300,0.8400
3531742,sitting,0.0151,-0.9977,0.0068,0.4900,-2.7300,0.7700
3531762,sitting,0.0151,-0.9980,0.0081,0.5250,-2.6950,0.8050
3531781,sitting,0.0156,-0.9984,0.0078,0.4900,-2.7300,0.8050
3531800,sitting,0.0159,-0.9984,0.0066,0.4900,-2.7300,0.8400
3531819,sitting,0.0137,-0.9980,0.0061,0.4900,-2.7300,0.8050
3531838,sitting,0.0134,-0.9982,0.0056,0.4900,-2.7300,0.8400
3531858,sitting,0.0146,-0.9982,0.0063,0.4900,-2.7300,0.7700
3531877,sitting,0.0154,-0.9987,0.0071,0.4550,-2.7300,0.7700
3531896,sitting,0.0142,-0.9984,0.0063,0.4900,-2.7300,0.7700
3531915,sitting,0.0144,-0.9987,0.0056,0.4900,-2.7300,0.8050
3531935,sitting,0.0142,-0.9987,0.0071,0.4900,-2.7300,0.8050
3531954,sitting,0.0144,-0.9984,0.0066,0.4900,-2.7650,0.7700
3531973,sitting,0.0149,-0.9982,0.0066,0.5250,-2.6950,0.7700
3531992,sitting,0.0156,-0.9987,0.0066,0.5250,-2.7300,0.8050
3532012,sitting,0.0156,-0.9992,0.0063,0.4900,-2.7300,0.7700
3532031,sitting,0.0142,-0.9987,0.0059,0.4900,-2.7300,0.7700
3532050,sitting,0.0139,-0.9982,0.0059,0.4900,-2.7300,0.7700
3532069,sitting,0.0142,-0.9987,0.0051,0.4900,-2.7300,0.7700
3532088,sitting,0.0144,-0.9987,0.0063,0.4900,-2.7300,0.8050
3532108,sitting,0.0146,-0.9984,0.0076,0.4900,-2.7300,0.8050
3532127,sitting,0.0149,-0.9989,0.0078,0.4900,-2.7300,0.8050
3532146,sitting,0.0151,-0.9975,0.0068,0.4900,-2.7650,0.8050
3532165,sitting,0.0144,-0.9982,0.0066,0.4900,-2.7300,0.8050
3532185,sitting,0.0144,-0.9987,0.0059,0.4200,-2.7300,0.7700
3532204,sitting,0.0146,-0.9989,0.0068,0.4900,-2.7300,0.7700
3532223,sitting,0.0154,-0.9982,0.0063,0.4900,-2.7300,0.7700
3532242,sitting,0.0156,-0.9984,0.0066,0.5250,-2.7650,0.8400
3532262,sitting,0.0137,-0.9984,0.0071,0.4900,-2.7300,0.8400
3532281,sitting,0.0134,-0.9992,0.0068,0.4900,-2.7300,0.8050
3532300,sitting,0.0154,-0.9994,0.0063,0.4900,-2.7300,0.8050
3532319,sitting,0.0149,-0.9994,0.0059,0.4900,-2.7300,0.7700
3532338,sitting,0.0151,-0.9997,0.0068,0.4550,-2.6950,0.8050
3532358,sitting,0.0159,-0.9987,0.0068,0.4900,-2.7300,0.8050
3532377,sitting,0.0139,-0.9994,0.0063,0.4900,-2.6950,0.8050
3532396,sitting,0.0134,-0.9980,0.0063,0.4900,-2.6950,0.8050
3532415,sitting,0.0149,-0.9982,0.0056,0.4900,-2.7300,0.8400
3532435,sitting,0.0154,-0.9989,0.0059,0.4900,-2.7300,0.7700
3532454,sitting,0.0156,-0.9987,0.0063,0.4900,-2.7300,0.8050
3532473,sitting,0.0159,-0.9992,0.0056,0.5250,-2.6950,0.7700
3532492,sitting,0.0149,-0.9977,0.0063,0.4900,-2.7300,0.7700
3532512,sitting,0.0144,-0.9987,0.0066,0.4550,-2.7300,0.8050
3532531,sitting,0.0144,-0.9970,0.0071,0.4900,-2.6950,0.8050
3532550,sitting,0.0161,-0.9975,0.0073,0.4900,-2.7300,0.8050
3532569,sitting,0.0151,-0.9987,0.0068,0.4900,-2.6950,0.8050
3532588,sitting,0.0151,-0.9987,0.0071,0.4900,-2.7300,0.7700
3532608,sitting,0.0156,-0.9984,0.0061,0.4900,-2.7300,0.7700
3532627,sitting,0.0144,-0.9980,0.0059,0.4900,-2.7300,0.7700
3532646,sitting,0.0139,-0.9989,0.0066,0.4900,-2.7300,0.8050
3532665,sitting,0.0144,-0.9992,0.0071,0.5250,-2.7300,0.7700
3532685,sitting,0.0151,-0.9992,0.0066,0.4900,-2.7300,0.7700
3532704,sitting,0.0151,-0.9984,0.0066,0.4900,-2.7300,0.7700
3532723,sitting,0.0142,-0.9989,0.0063,0.4900,-2.7300,0.8050
3532742,sitting,0.0154,-0.9987,0.0066,0.4900,-2.7300,0.7700
3532762,sitting,0.0149,-0.9980,0.0073,0.4900,-2.7650,0.7700
3532781,sitting,0.0151,-0.9987,0.0073,0.4550,-2.7300,0.8400
3532800,sitting,0.0146,-0.9994,0.0066,0.4900,-2.7300,0.8050
3532819,sitting,0.0149,-0.9982,0.0063,0.4900,-2.7650,0.8400
3532838,sitting,0.0144,-0.9982,0.0068,0.4900,-2.7300,0.8400
3532858,sitting,0.0142,-0.9972,0.0071,0.4900,-2.7300,0.8050
3532877,sitting,0.0154,-0.9987,0.0081,0.4900,-2.7300,0.8400
3532896,sitting,0.0156,-0.9980,0.0068,0.4900,-2.7650,0.8050
3532915,sitting,0.0154,-0.9989,0.0066,0.4550,-2.7650,0.8050
3532935,sitting,0.0151,-0.9989,0.0066,0.4900,-2.7300,0.7700
3532954,sitting,0.0149,-0.9987,0.0063,0.4550,-2.7300,0.8400
3532973,sitting,0.0146,-0.9984,0.0061,0.4900,-2.7300,0.8050
3532992,sitting,0.0142,-0.9987,0.0071,0.4900,-2.7300,0.8400
3533012,sitting,0.0151,-0.9994,0.0068,0.4900,-2.7650,0.8050
3533031,sitting,0.0146,-0.9987,0.0061,0.4900,-2.7300,0.8050
3533050,sitting,0.0144,-0.9982,0.0061,0.4900,-2.7650,0.8050
3533069,sitting,0.0142,-0.9987,0.0061,0.4900,-2.7650,0.7700
3533088,sitting,0.0151,-0.9984,0.0054,0.4900,-2.7300,0.7700
3533108,sitting,0.0159,-0.9992,0.0061,0.5250,-2.7300,0.8050
3533127,sitting,0.0149,-0.9980,0.0063,0.4900,-2.7300,0.7700
3533146,sitting,0.0159,-0.9980,0.0066,0.5250,-2.7300,0.8050
3533165,sitting,0.0149,-0.9987,0.0066,0.4900,-2.7300,0.8050
3533185,sitting,0.0144,-0.9984,0.0066,0.5250,-2.7300,0.7700
3533204,sitting,0.0156,-0.9989,0.0063,0.5250,-2.6950,0.7700
3533223,sitting,0.0144,-0.9994,0.0071,0.5250,-2.7300,0.8400
3533242,sitting,0.0156,-0.9987,0.0076,0.4900,-2.7300,0.7350
3533262,sitting,0.0151,-0.9992,0.0066,0.4900,-2.7300,0.7700
3533281,sitting,0.0159,-0.9980,0.0061,0.5250,-2.7300,0.8050
3533300,sitting,0.0154,-0.9982,0.0068,0.4900,-2.7300,0.8050
3533319,sitting,0.0149,-0.9987,0.0068,0.4900,-2.7300,0.8050
3533338,sitting,0.0151,-0.9984,0.0068,0.5250,-2.7300,0.7700
3533358,sitting,0.0156,-0.9994,0.0066,0.4900,-2.7300,0.7700
3533377,sitting,0.0144,-0.9989,0.0081,0.4900,-2.7300,0.8050
3533396,sitting,0.0144,-0.9984,0.0066,0.4900,-2.7300,0.8050
3533415,sitting,0.0144,-0.9982,0.0071,0.4550,-2.7300,0.7700
3533435,sitting,0.0146,-0.9987,0.0066,0.4550,-2.7300,0.8050
3533454,sitting,0.0149,-0.9994,0.0063,0.4900,-2.7300,0.8400
3533473,sitting,0.0151,-1.0002,0.0066,0.4900,-2.7650,0.8050
3533492,sitting,0.0154,-0.9984,0.0059,0.4900,-2.7300,0.7700
3533512,sitting,0.0156,-0.9989,0.0054,0.4900,-2.7300,0.7700
3533531,sitting,0.0146,-0.9980,0.0068,0.4900,-2.7300,0.8400
3533550,sitting,0.0146,-0.9975,0.0066,0.4900,-2.7300,0.8400
3533569,sitting,0.0151,-0.9982,0.0071,0.4900,-2.7300,0.8050
3533588,sitting,0.0151,-0.9982,0.0061,0.4900,-2.7300,0.7700
3533608,sitting,0.0156,-0.9994,0.0071,0.4900,-2.6950,0.8400
3533627,sitting,0.0154,-0.9982,0.0068,0.4900,-2.7300,0.8400
3533646,sitting,0.0149,-0.9982,0.0061,0.4900,-2.7300,0.8050
3533665,sitting,0.0146,-0.9980,0.0066,0.4900,-2.7300,0.8400
3533685,sitting,0.0144,-0.9982,0.0056,0.4900,-2.7300,0.7700
3533704,sitting,0.0146,-0.9987,0.0066,0.4900,-2.7300,0.8050
3533723,sitting,0.0156,-0.9992,0.0066,0.5250,-2.7300,0.8400
3533742,sitting,0.0149,-0.9984,0.0068,0.4900,-2.7300,0.7700
3533762,sitting,0.0149,-0.9980,0.0066,0.4550,-2.7650,0.7700
3533781,sitting,0.0151,-0.9982,0.0056,0.4900,-2.7300,0.7700
3533800,sitting,0.0149,-0.9972,0.0063,0.5250,-2.7300,0.7700
3533819,sitting,0.0159,-0.9977,0.0061,0.5250,-2.7300,0.8400
3533838,sitting,0.0151,-0.9982,0.0066,0.4900,-2.7300,0.8050
3533858,sitting,0.0146,-0.9992,0.0068,0.4900,-2.7300,0.7700
3533877,sitting,0.0151,-0.9982,0.0061,0.4900,-2.7300,0.8400
3533896,sitting,0.0146,-0.9987,0.0071,0.4900,-2.7300,0.8050
3533915,sitting,0.0142,-0.9975,0.0073,0.4900,-2.7300,0.7700
3533935,sitting,0.0144,-0.9980,0.0063,0.4900,-2.7300,0.8400
3533954,sitting,0.0146,-0.9982,0.0068,0.4900,-2.7300,0.8050
3533973,sitting,0.0146,-0.9984,0.0068,0.4900,-2.7650,0.8050
3533992,sitting,0.0159,-0.9987,0.0056,0.5250,-2.7300,0.8050
3534012,sitting,0.0159,-0.9982,0.0059,0.4900,-2.7300,0.8050
3534031,sitting,0.0149,-0.9984,0.0068,0.4900,-2.7300,0.7700
3534050,sitting,0.0151,-0.9987,0.0073,0.4900,-2.7300,0.7700
3534069,sitting,0.0146,-0.9997,0.0076,0.4900,-2.7300,0.8400
3534088,sitting,0.0139,-0.9989,0.0068,0.4900,-2.7650,0.8050
3534108,sitting,0.0144,-0.9992,0.0068,0.4900,-2.7650,0.8050
3534127,sitting,0.0149,-0.9994,0.0073,0.4900,-2.7650,0.8050
3534146,sitting,0.0144,-0.9997,0.0068,0.4550,-2.7300,0.8400
3534165,sitting,0.0151,-0.9980,0.0071,0.4900,-2.7300,0.8050
3534185,sitting,0.0154,-0.9992,0.0066,0.4200,-2.7300,0.8400
3534204,sitting,0.0149,-0.9987,0.0068,0.4900,-2.7300,0.8400
3534223,sitting,0.0149,-0.9997,0.0063,0.4900,-2.7300,0.8050
3534242,sitting,0.0156,-0.9980,0.0073,0.4900,-2.7300,0.8050
3534262,sitting,0.0149,-0.9984,0.0071,0.5250,-2.7300,0.8400
3534281,sitting,0.0144,-0.9987,0.0061,0.4900,-2.7300,0.7700
3534300,sitting,0.0154,-0.9982,0.0066,0.4900,-2.7300,0.8050
3534319,sitting,0.0156,-0.9982,0.0066,0.5250,-2.7300,0.8400
3534338,sitting,0.0156,-0.9984,0.0059,0.4900,-2.7300,0.8050
3534358,sitting,0.0154,-0.9987,0.0073,0.5250,-2.7300,0.8050
3534377,sitting,0.0159,-0.9982,0.0068,0.4900,-2.7300,0.8050
3534396,sitting,0.0154,-0.9984,0.0066,0.4900,-2.7300,0.7700
3534415,sitting,0.0154,-0.9992,0.0066,0.5250,-2.7300,0.7700
3534435,sitting,0.0144,-0.9989,0.0066,0.4900,-2.7300,0.7700
3534454,sitting,0.0146,-0.9989,0.0066,0.4900,-2.7300,0.8400
3534473,sitting,0.0146,-0.9982,0.0059,0.5250,-2.7300,0.8050
3534492,sitting,0.0139,-0.9987,0.0061,0.4900,-2.7300,0.8400
3534512,sitting,0.0151,-0.9980,0.0066,0.5250,-2.7300,0.7700
3534531,sitting,0.0151,-0.9989,0.0056,0.5250,-2.7650,0.7700
3534550,sitting,0.0151,-0.9994,0.0068,0.5250,-2.7300,0.7700
3534569,sitting,0.0151,-0.9989,0.0066,0.4900,-2.7300,0.8050
3534588,sitting,0.0144,-0.9984,0.0063,0.5250,-2.7300,0.8050
3534608,sitting,0.0146,-0.9975,0.0061,0.4900,-2.7300,0.8050
3534627,sitting,0.0149,-0.9977,0.0068,0.4900,-2.7300,0.7700
3534646,sitting,0.0146,-0.9987,0.0078,0.4900,-2.7300,0.8050
3534665,sitting,0.0146,-0.9984,0.0071,0.4900,-2.7300,0.7700
3534685,sitting,0.0144,-0.9984,0.0059,0.4900,-2.7300,0.8400
3534704,sitting,0.0146,-0.9982,0.0068,0.4900,-2.7650,0.8050
3534723,sitting,0.0154,-0.9977,0.0068,0.4900,-2.7300,0.7700
3534742,sitting,0.0149,-0.9982,0.0068,0.4900,-2.7300,0.8400
3534762,sitting,0.0151,-0.9984,0.0059,0.4200,-2.7300,0.8400
3534781,sitting,0.0149,-0.9984,0.0061,0.4550,-2.7300,0.7700
3534800,sitting,0.0149,-0.9989,0.0066,0.4900,-2.7300,0.8400
3534819,sitting,0.0149,-0.9992,0.0066,0.4900,-2.7300,0.8050
3534838,sitting,0.0151,-0.9987,0.0063,0.4900,-2.7300,0.7700
3534858,sitting,0.0144,-0.9984,0.0066,0.4900,-2.7300,0.8050
3534877,sitting,0.0149,-0.9989,0.0061,0.4900,-2.7300,0.8050
3534896,sitting,0.0144,-0.9987,0.0059,0.4900,-2.7300,0.7700
3534915,sitting,0.0146,-0.9984,0.0056,0.4900,-2.7300,0.8050
3534935,sitting,0.0151,-0.9987,0.0063,0.4900,-2.6950,0.7700
3534954,sitting,0.0151,-0.9989,0.0066,0.4900,-2.6950,0.8400
3534973,sitting,0.0151,-0.9989,0.0066,0.4900,-2.7300,0.8050
3534992,sitting,0.0149,-0.9977,0.0073,0.4900,-2.7300,0.8050
3535012,sitting,0.0139,-0.9984,0.0066,0.4900,-2.7300,0.8400
3535031,sitting,0.0139,-0.9997,0.0059,0.5250,-2.7300,0.8050
3535050,sitting,0.0137,-0.9982,0.0066,0.4900,-2.7300,0.8050
3535069,sitting,0.0149,-0.9992,0.0068,0.4900,-2.7300,0.8050
3535088,sitting,0.0146,-0.9994,0.0063,0.4900,-2.7300,0.8050
3535108,sitting,0.0156,-0.9987,0.0061,0.4900,-2.7300,0.8050
3535127,sitting,0.0151,-0.9989,0.0068,0.4900,-2.7300,0.8400
3535146,sitting,0.0163,-0.9972,0.0063,0.5250,-2.7300,0.8050
3535165,sitting,0.0137,-0.9982,0.0066,0.4900,-2.7300,0.8050
3535185,sitting,0.0144,-0.9992,0.0066,0.4900,-2.7300,0.7700
3535204,sitting,0.0154,-0.9987,0.0061,0.4900,-2.7300,0.7700
3535223,sitting,0.0156,-0.9977,0.0066,0.4900,-2.7300,0.8050
3535242,sitting,0.0156,-0.9989,0.0061,0.4900,-2.7650,0.7700
3535262,sitting,0.0156,-0.9982,0.0068,0.4900,-2.7300,0.7700
3535281,sitting,0.0156,-0.9980,0.0071,0.4900,-2.7300,0.7700
3535300,sitting,0.0151,-0.9992,0.0061,0.4550,-2.7300,0.8400
3535319,sitting,0.0156,-0.9997,0.0066,0.4550,-2.7300,0.8050
3535338,sitting,0.0139,-0.9982,0.0061,0.4550,-2.7300,0.8050
3535358,sitting,0.0154,-0.9977,0.0063,0.4900,-2.7300,0.8050
3535377,sitting,0.0142,-0.9987,0.0061,0.4900,-2.7300,0.8050
3535396,sitting,0.0144,-0.9992,0.0063,0.4900,-2.7300,0.8400
3535415,sitting,0.0149,-0.9987,0.0068,0.4900,-2.7300,0.8400
3535435,sitting,0.0149,-0.9989,0.0066,0.4900,-2.7300,0.8050
3535454,sitting,0.0139,-0.9984,0.0066,0.4900,-2.7300,0.7700
3535473,sitting,0.0149,-0.9992,0.0073,0.4900,-2.7300,0.8050
3535492,sitting,0.0151,-0.9994,0.0063,0.4900,-2.7300,0.8400
3535512,sitting,0.0144,-0.9987,0.0073,0.4900,-2.7300,0.7700
3535531,sitting,0.0154,-0.9987,0.0063,0.4900,-2.7300,0.8050
3535550,sitting,0.0159,-0.9982,0.0066,0.4900,-2.7300,0.8400
3535569,sitting,0.0144,-0.9982,0.0071,0.4900,-2.7300,0.8050
3535588,sitting,0.0149,-0.9987,0.0054,0.4900,-2.7300,0.8050
3535608,sitting,0.0137,-0.9989,0.0059,0.4900,-2.7300,0.8050
3535627,sitting,0.0144,-0.9982,0.0071,0.5250,-2.7300,0.8050
3535646,sitting,0.0142,-0.9982,0.0061,0.4900,-2.7650,0.8050
3535665,sitting,0.0154,-0.9989,0.0068,0.5250,-2.7300,0.8050
3535685,sitting,0.0146,-0.9989,0.0068,0.5250,-2.7300,0.8050
3535704,sitting,0.0156,-0.9977,0.0063,0.5250,-2.7300,0.7700
3535723,sitting,0.0149,-0.9984,0.0073,0.4900,-2.7300,0.7700
3535742,sitting,0.0149,-0.9980,0.0063,0.4900,-2.7300,0.7700
3535762,sitting,0.0161,-0.9987,0.0059,0.4900,-2.7300,0.7700
3535781,sitting,0.0144,-0.9984,0.0061,0.4900,-2.7300,0.8050
3535800,sitting,0.0149,-0.9992,0.0068,0.4550,-2.7300,0.7700
3535819,sitting,0.0154,-0.9994,0.0081,0.4900,-2.7300,0.7700
3535838,sitting,0.0146,-0.9980,0.0073,0.4900,-2.7300,0.7700
3535858,sitting,0.0139,-0.9989,0.0063,0.4900,-2.7300,0.7700
3535877,sitting,0.0144,-0.9982,0.0071,0.4900,-2.7300,0.7700
3535896,sitting,0.0154,-0.9989,0.0068,0.4900,-2.7300,0.7700
3535915,sitting,0.0156,-0.9992,0.0059,0.4900,-2.7300,0.8050
3535935,sitting,0.0151,-0.9989,0.0063,0.4900,-2.7300,0.8050
3535954,sitting,0.0146,-0.9989,0.0068,0.4900,-2.7300,0.8400
3535973,sitting,0.0144,-0.9989,0.0063,0.4900,-2.7300,0.8050
3535992,sitting,0.0142,-0.9982,0.0054,0.4900,-2.7300,0.8050
3536012,sitting,0.0149,-0.9989,0.0068,0.4900,-2.7650,0.8050
3536031,sitting,0.0151,-0.9982,0.0061,0.4900,-2.7650,0.8050
3536050,sitting,0.0142,-0.9987,0.0076,0.4900,-2.7300,0.8050
3536069,sitting,0.0146,-0.9987,0.0068,0.4900,-2.7300,0.7700
3536088,sitting,0.0154,-0.9999,0.0061,0.4900,-2.7300,0.7700
3536108,sitting,0.0151,-0.9992,0.0054,0.4900,-2.7300,0.7700
3536127,sitting,0.0161,-0.9984,0.0066,0.5250,-2.7300,0.8400
3536146,sitting,0.0151,-0.9984,0.0059,0.4900,-2.7650,0.7700
3536165,sitting,0.0142,-0.9992,0.0068,0.4900,-2.7300,0.8050
3536185,sitting,0.0144,-0.9987,0.0066,0.4900,-2.6950,0.8050
3536204,sitting,0.0144,-0.9987,0.0059,0.4900,-2.7300,0.8050
3536223,sitting,0.0146,-0.9999,0.0066,0.4900,-2.7300,0.8050
3536242,sitting,0.0154,-0.9987,0.0083,0.4900,-2.7300,0.8400
3536262,sitting,0.0154,-0.9994,0.0071,0.4900,-2.7300,0.8050
3536281,sitting,0.0144,-0.9982,0.0066,0.5600,-2.7300,0.8050
3536300,sitting,0.0154,-0.9972,0.0068,0.4900,-2.7650,0.8050
3536319,sitting,0.0151,-0.9989,0.0059,0.4900,-2.7300,0.7700
3536338,sitting,0.0146,-0.9989,0.0056,0.5250,-2.7300,0.8050
3536358,sitting,0.0149,-0.9992,0.0068,0.4900,-2.7300,0.8400
3536377,sitting,0.0149,-0.9987,0.0068,0.4550,-2.7300,0.8050
3536396,sitting,0.0151,-0.9989,0.0078,0.4900,-2.7300,0.8400
3536415,sitting,0.0149,-0.9987,0.0078,0.5250,-2.7300,0.7700
3536435,sitting,0.0151,-0.9994,0.0066,0.4900,-2.7300,0.8400
3536454,sitting,0.0144,-0.9982,0.0063,0.4900,-2.7300,0.8050
3536473,sitting,0.0159,-0.9980,0.0061,0.4900,-2.7300,0.7700
3536492,sitting,0.0166,-0.9984,0.0071,0.4900,-2.7300,0.8050
3536512,sitting,0.0151,-0.9980,0.0071,0.4900,-2.7300,0.7700
3536531,sitting,0.0149,-0.9987,0.0063,0.4900,-2.7300,0.8050
3536550,sitting,0.0154,-0.9987,0.0056,0.4900,-2.7650,0.8400
3536569,sitting,0.0149,-0.9987,0.0056,0.4900,-2.7300,0.8400
3536588,sitting,0.0154,-0.9977,0.0076,0.4900,-2.6950,0.8400
3536608,sitting,0.0146,-0.9989,0.0068,0.4900,-2.7300,0.7700
3536627,sitting,0.0149,-0.9984,0.0066,0.5250,-2.7650,0.8050
3536646,sitting,0.0159,-0.9992,0.0066,0.4900,-2.7300,0.8400
3536665,sitting,0.0151,-0.9989,0.0056,0.4900,-2.7650,0.7700
3536685,sitting,0.0154,-0.9987,0.0059,0.4550,-2.7300,0.7700
3536704,sitting,0.0156,-0.9992,0.0063,0.4550,-2.7300,0.8050
3536723,sitting,0.0144,-0.9987,0.0061,0.4900,-2.7300,0.7700
3536742,sitting,0.0142,-0.9994,0.0071,0.4900,-2.7300,0.8400
3536762,sitting,0.0151,-0.9992,0.0059,0.4900,-2.7300,0.8050
3536781,sitting,0.0149,-0.9989,0.0068,0.4900,-2.7300,0.8050
3536800,sitting,0.0156,-0.9980,0.0068,0.5250,-2.7300,0.7700
3536819,sitting,0.0144,-0.9987,0.0061,0.4900,-2.7300,0.8400
3536838,sitting,0.0146,-0.9994,0.0066,0.4900,-2.7300,0.8050
3536858,sitting,0.0149,-0.9999,0.0066,0.4900,-2.7300,0.8050
3536877,sitting,0.0144,-0.9982,0.0054,0.4900,-2.7300,0.7700
3536896,sitting,0.0139,-0.9982,0.0059,0.5250,-2.7300,0.8050
3536915,sitting,0.0146,-0.9989,0.0066,0.4900,-2.7300,0.8050
3536935,sitting,0.0154,-0.9984,0.0063,0.5250,-2.7300,0.7700
3536954,sitting,0.0151,-0.9992,0.0073,0.4900,-2.7300,0.8050
3536973,sitting,0.0154,-0.9992,0.0061,0.4900,-2.7300,0.7700
3536992,sitting,0.0149,-0.9992,0.0066,0.4900,-2.7300,0.7700
3537012,sitting,0.0154,-0.9987,0.0071,0.5250,-2.7300,0.7700
3537031,sitting,0.0142,-0.9982,0.0066,0.4900,-2.7300,0.7700
3537050,sitting,0.0154,-0.9987,0.0066,0.4900,-2.7300,0.8050
3537069,sitting,0.0149,-0.9992,0.0073,0.4900,-2.7300,0.7700
3537088,sitting,0.0151,-0.9987,0.0071,0.4550,-2.7300,0.8050
3537108,sitting,0.0146,-0.9987,0.0063,0.4900,-2.7300,0.7700
3537127,sitting,0.0151,-0.9982,0.0068,0.4900,-2.7650,0.8400
3537146,sitting,0.0146,-0.9992,0.0063,0.4900,-2.7300,0.7700
3537165,sitting,0.0154,-0.9984,0.0063,0.4900,-2.7300,0.7700
3537185,sitting,0.0142,-0.9977,0.0066,0.5250,-2.7650,0.7700
3537204,sitting,0.0146,-0.9999,0.0068,0.4900,-2.7650,0.7700
3537223,sitting,0.0149,-0.9984,0.0056,0.4200,-2.7300,0.8400
3537242,sitting,0.0149,-0.9982,0.0066,0.4550,-2.7650,0.8400
3537262,sitting,0.0146,-0.9984,0.0068,0.4900,-2.7300,0.8050
3537281,sitting,0.0146,-0.9992,0.0066,0.4900,-2.7300,0.8400
3537300,sitting,0.0151,-0.9984,0.0063,0.4550,-2.7300,0.8400
3537319,sitting,0.0142,-0.9977,0.0081,0.4550,-2.7300,0.7700
3537338,sitting,0.0149,-0.9982,0.0068,0.4900,-2.7300,0.8050
3537358,sitting,0.0151,-0.9984,0.0066,0.4900,-2.7300,0.7700
3537377,sitting,0.0146,-0.9992,0.0076,0.4900,-2.7300,0.8050
3537396,sitting,0.0154,-0.9989,0.0061,0.4900,-2.7300,0.8050
3537415,sitting,0.0146,-0.9992,0.0059,0.4550,-2.7300,0.7700
3537435,sitting,0.0151,-0.9982,0.0066,0.4900,-2.7300,0.8050
3537454,sitting,0.0154,-0.9975,0.0066,0.4550,-2.7300,0.8400
3537473,sitting,0.0134,-0.9989,0.0061,0.4900,-2.7300,0.8400
3537492,sitting,0.0146,-0.9980,0.0066,0.4900,-2.7300,0.8050
3537512,sitting,0.0149,-0.9987,0.0059,0.5250,-2.7300,0.7700
3537531,sitting,0.0156,-0.9987,0.0059,0.4900,-2.7300,0.8050
3537550,sitting,0.0151,-0.9982,0.0061,0.4900,-2.7300,0.8400
3537569,sitting,0.0146,-0.9997,0.0061,0.4900,-2.7300,0.8400
3537588,sitting,0.0146,-0.9984,0.0068,0.4900,-2.7300,0.7700
3537608,sitting,0.0146,-0.9987,0.0081,0.5250,-2.7300,0.8050
3537627,sitting,0.0149,-0.9992,0.0068,0.4900,-2.7300,0.7700
3537646,sitting,0.0161,-0.9989,0.0063,0.4900,-2.7300,0.8050
3537665,sitting,0.0154,-0.9980,0.0066,0.4900,-2.7300,0.8050
3537685,sitting,0.0149,-0.9982,0.0066,0.4900,-2.7300,0.7700
3537704,sitting,0.0144,-0.9980,0.0071,0.4900,-2.7300,0.7700
3537723,sitting,0.0154,-0.9989,0.0073,0.4900,-2.6950,0.7700
3537742,sitting,0.0146,-0.9975,0.0061,0.5600,-2.6950,0.7700
3537762,sitting,0.0139,-0.9982,0.0066,0.5250,-2.7300,0.7700
3537781,sitting,0.0154,-0.9984,0.0061,0.4900,-2.7300,0.7700
3537800,sitting,0.0151,-0.9987,0.0061,0.4550,-2.7300,0.8400
3537819,sitting,0.0142,-0.9984,0.0066,0.4900,-2.7300,0.8050
3537838,sitting,0.0146,-0.9982,0.0068,0.4900,-2.7300,0.8400
3537858,sitting,0.0149,-0.9987,0.0066,0.4900,-2.7650,0.8050
3537877,sitting,0.0144,-0.9982,0.0076,0.4900,-2.7300,0.8400
3537896,sitting,0.0149,-0.9984,0.0056,0.4550,-2.7300,0.8400
3537915,sitting,0.0146,-0.9987,0.0061,0.4900,-2.7300,0.7700
3537935,sitting,0.0149,-0.9987,0.0073,0.5250,-2.7300,0.8050
3537954,sitting,0.0161,-0.9997,0.0063,0.4900,-2.7300,0.8400
3537973,sitting,0.0156,-0.9992,0.0063,0.4900,-2.7300,0.8400
3537992,sitting,0.0151,-0.9992,0.0066,0.4900,-2.7300,0.8050
3538012,sitting,0.0159,-0.9982,0.0066,0.4900,-2.7300,0.8400
3538031,sitting,0.0146,-0.9984,0.0071,0.4900,-2.7300,0.7700
3538050,sitting,0.0146,-0.9984,0.0081,0.4550,-2.7300,0.7700
3538069,sitting,0.0149,-0.9984,0.0063,0.4900,-2.7300,0.8050
3538088,sitting,0.0156,-0.9977,0.0068,0.4900,-2.7300,0.8050
3538108,sitting,0.0139,-0.9980,0.0061,0.4900,-2.7300,0.8400
3538127,sitting,0.0149,-0.9987,0.0051,0.4900,-2.7300,0.8050
3538146,sitting,0.0139,-0.9982,0.0051,0.5250,-2.7300,0.8050
3538165,sitting,0.0146,-0.9984,0.0056,0.4900,-2.7300,0.8050
3538185,sitting,0.0146,-0.9992,0.0068,0.5250,-2.7300,0.7700
3538204,sitting,0.0149,-0.9992,0.0068,0.4900,-2.7300,0.7700
3538223,sitting,0.0142,-0.9994,0.0073,0.5250,-2.7300,0.7700
3538242,sitting,0.0144,-0.9984,0.0073,0.4900,-2.7300,0.7700
3538262,sitting,0.0151,-0.9984,0.0071,0.4900,-2.7300,0.7700
3538281,sitting,0.0146,-0.9977,0.0066,0.4900,-2.7300,0.7700
3538300,sitting,0.0139,-0.9989,0.0073,0.4900,-2.7300,0.8050
3538319,sitting,0.0137,-0.9984,0.0076,0.4900,-2.7300,0.7700
3538338,sitting,0.0156,-0.9977,0.0073,0.4900,-2.7650,0.7700
3538358,sitting,0.0149,-0.9987,0.0059,0.4900,-2.7300,0.8050
3538377,sitting,0.0146,-0.9987,0.0061,0.4900,-2.7300,0.7700
3538396,sitting,0.0149,-0.9982,0.0059,0.4900,-2.7300,0.7700
3538415,sitting,0.0154,-0.9989,0.0076,0.4900,-2.7300,0.8400
3538435,sitting,0.0154,-0.9987,0.0073,0.5250,-2.7300,0.8050
3538454,sitting,0.0156,-0.9982,0.0071,0.4900,-2.7300,0.8050
3538473,sitting,0.0149,-0.9984,0.0063,0.4900,-2.7300,0.7700
3538492,sitting,0.0144,-0.9987,0.0059,0.4900,-2.7300,0.8050
3538512,sitting,0.0151,-0.9984,0.0066,0.4900,-2.7300,0.8400
3538531,sitting,0.0146,-0.9982,0.0071,0.4200,-2.7300,0.7700
3538550,sitting,0.0149,-0.9982,0.0061,0.4900,-2.7300,0.7700
3538569,sitting,0.0144,-0.9992,0.0073,0.4900,-2.7300,0.8400
3538588,sitting,0.0151,-0.9980,0.0059,0.5250,-2.7300,0.7700
3538608,sitting,0.0146,-0.9984,0.0071,0.5250,-2.7300,0.7700
3538627,sitting,0.0146,-0.9982,0.0076,0.4900,-2.7300,0.8400
3538646,sitting,0.0154,-0.9987,0.0078,0.4900,-2.7300,0.7700
3538665,sitting,0.0154,-0.9977,0.0073,0.4900,-2.6950,0.8050
3538685,sitting,0.0149,-0.9992,0.0073,0.4900,-2.7300,0.7700
3538704,sitting,0.0149,-0.9984,0.0076,0.5250,-2.7300,0.8050
3538723,sitting,0.0156,-0.9982,0.0071,0.5600,-2.7300,0.7700
3538742,sitting,0.0151,-0.9980,0.0063,0.5250,-2.6950,0.7700
3538762,sitting,0.0149,-0.9975,0.0059,0.4900,-2.7650,0.8050
3538781,sitting,0.0144,-0.9982,0.0071,0.4900,-2.7300,0.7700
3538800,sitting,0.0146,-0.9984,0.0081,0.4900,-2.7300,0.8050
3538819,sitting,0.0154,-0.9982,0.0066,0.5250,-2.7300,0.8400
3538838,sitting,0.0144,-0.9989,0.0061,0.5250,-2.7300,0.8050
3538858,sitting,0.0144,-0.9992,0.0063,0.4900,-2.7300,0.8050
3538877,sitting,0.0149,-0.9977,0.0066,0.4900,-2.7300,0.8050
3538896,sitting,0.0151,-0.9987,0.0071,0.4900,-2.7300,0.7350
3538915,sitting,0.0156,-0.9992,0.0076,0.4900,-2.7300,0.7700
3538935,sitting,0.0151,-0.9977,0.0071,0.4900,-2.7300,0.8050
3538954,sitting,0.0154,-0.9977,0.0081,0.4900,-2.7300,0.7700
3538973,sitting,0.0151,-0.9980,0.0071,0.4900,-2.7300,0.7700
3538992,sitting,0.0146,-0.9994,0.0076,0.5600,-2.7300,0.8050
3539012,sitting,0.0149,-0.9989,0.0066,0.4900,-2.7300,0.8400
3539031,sitting,0.0146,-0.9992,0.0066,0.4900,-2.7300,0.8400
3539050,sitting,0.0146,-0.9989,0.0066,0.4900,-2.7300,0.8050
3539069,sitting,0.0156,-0.9992,0.0059,0.4900,-2.7300,0.7700
3539088,sitting,0.0159,-0.9984,0.0049,0.4900,-2.7650,0.8050
3539108,sitting,0.0149,-0.9989,0.0061,0.4900,-2.7300,0.8050
3539127,sitting,0.0146,-0.9999,0.0061,0.4900,-2.7300,0.7700
3539146,sitting,0.0142,-0.9994,0.0073,0.4900,-2.7300,0.8400
3539165,sitting,0.0156,-0.9989,0.0071,0.4900,-2.7300,0.8400
3539185,sitting,0.0144,-0.9975,0.0066,0.4900,-2.7300,0.7700
3539204,sitting,0.0144,-0.9989,0.0068,0.4900,-2.7300,0.8050
3539223,sitting,0.0149,-0.9980,0.0059,0.4900,-2.7650,0.8400
3539242,sitting,0.0149,-0.9984,0.0066,0.4900,-2.7650,0.8400
3539262,sitting,0.0144,-0.9982,0.0068,0.4900,-2.6950,0.7700
3539281,sitting,0.0146,-0.9989,0.0059,0.4900,-2.7300,0.8050
3539300,sitting,0.0144,-1.0002,0.0051,0.4900,-2.7300,0.8050
3539319,sitting,0.0151,-0.9997,0.0061,0.4900,-2.7300,0.8050
3539338,sitting,0.0146,-0.9984,0.0056,0.4900,-2.7300,0.8050
3539358,sitting,0.0146,-0.9994,0.0066,0.4900,-2.7300,0.8400
3539377,sitting,0.0154,-0.9992,0.0056,0.4900,-2.7300,0.8050
3539396,sitting,0.0149,-0.9994,0.0068,0.4900,-2.7300,0.8050
3539415,sitting,0.0159,-0.9984,0.0073,0.4900,-2.7300,0.8400
3539435,sitting,0.0142,-0.9984,0.0066,0.4900,-2.7300,0.8050
3539454,sitting,0.0149,-0.9980,0.0068,0.4900,-2.7300,0.8050
3539473,sitting,0.0154,-0.9982,0.0054,0.4900,-2.7300,0.8050
3539492,sitting,0.0154,-0.9987,0.0063,0.4900,-2.7300,0.8400
3539512,sitting,0.0149,-0.9982,0.0068,0.5250,-2.7300,0.7700
3539531,sitting,0.0156,-0.9970,0.0063,0.4900,-2.7300,0.8400
3539550,sitting,0.0154,-0.9982,0.0061,0.5250,-2.7300,0.7700
3539569,sitting,0.0146,-0.9984,0.0066,0.4900,-2.7300,0.7700
3539588,sitting,0.0146,-0.9987,0.0071,0.4900,-2.6950,0.7700
3539608,sitting,0.0137,-0.9982,0.0071,0.4900,-2.7300,0.7700
3539627,sitting,0.0146,-0.9982,0.0076,0.5250,-2.7300,0.8050
3539646,sitting,0.0146,-0.9977,0.0071,0.4900,-2.7300,0.8050
3539665,sitting,0.0149,-0.9987,0.0061,0.4900,-2.7300,0.8400
3539685,sitting,0.0151,-0.9987,0.0068,0.4900,-2.7300,0.8400
3539704,sitting,0.0151,-0.9987,0.0068,0.4900,-2.7650,0.7700
3539723,sitting,0.0154,-0.9980,0.0066,0.4900,-2.7300,0.8050
3539742,sitting,0.0159,-0.9972,0.0063,0.4900,-2.7650,0.7700
3539762,sitting,0.0151,-0.9977,0.0066,0.5250,-2.7300,0.8400
3539781,sitting,0.0151,-0.9984,0.0068,0.4900,-2.7300,0.8400
3539800,sitting,0.0156,-0.9980,0.0071,0.4900,-2.7300,0.8400
3539819,sitting,0.0149,-0.9987,0.0056,0.4900,-2.7300,0.8050
3539838,sitting,0.0149,-0.9989,0.0078,0.4900,-2.7300,0.8050
3539858,sitting,0.0149,-0.9987,0.0078,0.4550,-2.7300,0.7700
3539877,sitting,0.0151,-0.9982,0.0066,0.4900,-2.7300,0.8050
3539896,sitting,0.0151,-0.9982,0.0071,0.4900,-2.7300,0.8050
3539915,sitting,0.0151,-0.9987,0.0061,0.4900,-2.7300,0.8050
3539935,sitting,0.0154,-0.9992,0.0063,0.4900,-2.7300,0.8400
3539954,sitting,0.0154,-0.9997,0.0068,0.5600,-2.7300,0.8050
3539973,sitting,0.0144,-0.9989,0.0068,0.4900,-2.6950,0.8400
3539992,sitting,0.0139,-0.9980,0.0071,0.5250,-2.7300,0.8400
3540012,sitting,0.0146,-0.9989,0.0066,0.5250,-2.7300,0.7700
3540031,sitting,0.0144,-0.9994,0.0071,0.5250,-2.7300,0.7700
3540050,sitting,0.0144,-0.9982,0.0063,0.4550,-2.7300,0.8050
3540069,sitting,0.0146,-0.9989,0.0076,0.4900,-2.7300,0.8400
3540088,sitting,0.0146,-0.9997,0.0066,0.4900,-2.7300,0.7700
3540108,sitting,0.0151,-0.9997,0.0061,0.4900,-2.7300,0.7700
3540127,sitting,0.0159,-0.9987,0.0061,0.4900,-2.7300,0.7700
3540146,sitting,0.0154,-0.9987,0.0068,0.4900,-2.7300,0.8400
3540165,sitting,0.0137,-0.9977,0.0066,0.5250,-2.6950,0.8050
3540185,sitting,0.0149,-0.9984,0.0073,0.4900,-2.7300,0.7700
3540204,sitting,0.0151,-0.9982,0.0066,0.4900,-2.7300,0.7700
3540223,sitting,0.0151,-0.9977,0.0073,0.4900,-2.7300,0.7700
3540242,sitting,0.0149,-0.9982,0.0059,0.4900,-2.7300,0.7700
3540262,sitting,0.0144,-0.9994,0.0071,0.4900,-2.7300,0.7700
3540281,sitting,0.0151,-0.9984,0.0081,0.5250,-2.7300,0.7700
3540300,sitting,0.0137,-0.9984,0.0068,0.4900,-2.7300,0.7700
3540319,sitting,0.0151,-0.9982,0.0066,0.5250,-2.7300,0.8050
3540338,sitting,0.0142,-0.9984,0.0068,0.4550,-2.6950,0.7700
3540358,sitting,0.0151,-0.9975,0.0061,0.4900,-2.7300,0.8050
3540377,sitting,0.0149,-0.9982,0.0063,0.4900,-2.7300,0.8400
3540396,sitting,0.0149,-0.9989,0.0066,0.4900,-2.7300,0.8050
3540415,sitting,0.0146,-0.9987,0.0061,0.4900,-2.7300,0.8050
3540435,sitting,0.0156,-0.9984,0.0059,0.4900,-2.7300,0.8050
3540454,sitting,0.0154,-0.9977,0.0063,0.4900,-2.7300,0.8400
3540473,sitting,0.0149,-0.9987,0.0066,0.4900,-2.6950,0.8050
3540492,sitting,0.0146,-0.9987,0.0063,0.4900,-2.7300,0.8050
3540512,sitting,0.0146,-0.9987,0.0068,0.4900,-2.7300,0.8400
3540531,sitting,0.0146,-0.9994,0.0059,0.4900,-2.7300,0.8400
3540550,sitting,0.0146,-0.9992,0.0061,0.4900,-2.7300,0.8400
3540569,sitting,0.0149,-0.9984,0.0061,0.5250,-2.6950,0.7700
3540588,sitting,0.0142,-0.9997,0.0071,0.4900,-2.7300,0.7700
3540608,sitting,0.0142,-0.9992,0.0059,0.4900,-2.7300,0.7700
3540627,sitting,0.0144,-0.9987,0.0061,0.4900,-2.7300,0.8050
3540646,sitting,0.0142,-0.9989,0.0068,0.4900,-2.7300,0.8400
3540665,sitting,0.0149,-0.9989,0.0068,0.5250,-2.7300,0.8050
3540685,sitting,0.0149,-0.9987,0.0066,0.4900,-2.7300,0.8400
3540704,sitting,0.0149,-0.9984,0.0066,0.4900,-2.7300,0.8050
3540723,sitting,0.0154,-0.9992,0.0068,0.5250,-2.7300,0.7700
3540742,sitting,0.0159,-0.9987,0.0076,0.5250,-2.7300,0.7700
3540762,sitting,0.0149,-0.9984,0.0063,0.4900,-2.7300,0.7700
3540781,sitting,0.0142,-0.9987,0.0046,0.4900,-2.7300,0.7700
3540800,sitting,0.0139,-0.9994,0.0061,0.4900,-2.7300,0.8400
3540819,sitting,0.0151,-0.9984,0.0061,0.4900,-2.7300,0.7700
3540838,sitting,0.0154,-0.9989,0.0071,0.5250,-2.7300,0.7700
3540858,sitting,0.0146,-0.9989,0.0071,0.4900,-2.7300,0.7700
3540877,sitting,0.0144,-0.9980,0.0061,0.4900,-2.6950,0.8050
3540896,sitting,0.0149,-0.9982,0.0076,0.4900,-2.7300,0.8050
3540915,sitting,0.0146,-0.9982,0.0063,0.5250,-2.7300,0.8050
3540935,sitting,0.0149,-0.9989,0.0073,0.4900,-2.7300,0.7700
3540954,sitting,0.0161,-0.9980,0.0071,0.5250,-2.7300,0.8050
3540973,sitting,0.0139,-0.9977,0.0068,0.4900,-2.7300,0.8050
3540992,sitting,0.0149,-0.9987,0.0061,0.4900,-2.7300,0.8400
3541012,sitting,0.0132,-0.9980,0.0066,0.4900,-2.7300,0.7700
3541031,sitting,0.0142,-0.9975,0.0076,0.4900,-2.7300,0.7700
3541050,sitting,0.0139,-0.9982,0.0076,0.4900,-2.7300,0.8050
3541069,sitting,0.0159,-0.9992,0.0063,0.4900,-2.7300,0.8400
3541088,sitting,0.0146,-0.9982,0.0071,0.4900,-2.7300,0.8400
3541108,sitting,0.0151,-0.9975,0.0066,0.4900,-2.7300,0.8400
3541127,sitting,0.0161,-0.9987,0.0063,0.5250,-2.7300,0.8050
3541146,sitting,0.0144,-0.9982,0.0061,0.4550,-2.7300,0.8400
3541165,sitting,0.0156,-0.9994,0.0063,0.5250,-2.7300,0.8050
3541185,sitting,0.0151,-0.9999,0.0076,0.5250,-2.7300,0.8050
3541204,sitting,0.0142,-0.9992,0.0063,0.5250,-2.7300,0.8400
3541223,sitting,0.0137,-0.9989,0.0078,0.4900,-2.7300,0.8400
3541242,sitting,0.0139,-0.9984,0.0063,0.4900,-2.7300,0.8400
3541262,sitting,0.0144,-0.9984,0.0063,0.4900,-2.7300,0.8050
3541281,sitting,0.0154,-0.9987,0.0071,0.5250,-2.7300,0.8050
3541300,sitting,0.0156,-0.9987,0.0078,0.4900,-2.7300,0.7700
3541319,sitting,0.0159,-0.9980,0.0066,0.5250,-2.7300,0.8050
3541338,sitting,0.0161,-0.9987,0.0071,0.4900,-2.7300,0.8050
3541358,sitting,0.0154,-0.9987,0.0068,0.5600,-2.7300,0.8400
3541377,sitting,0.0142,-0.9980,0.0063,0.4900,-2.7300,0.7700
3541396,sitting,0.0146,-0.9980,0.0068,0.5250,-2.7300,0.7700
3541415,sitting,0.0163,-0.9994,0.0063,0.5250,-2.7300,0.8400
3541435,sitting,0.0156,-0.9982,0.0071,0.5250,-2.7300,0.7700
3541454,sitting,0.0144,-0.9980,0.0063,0.4900,-2.7300,0.8050
3541473,sitting,0.0149,-0.9987,0.0063,0.5250,-2.7300,0.7700
3541492,sitting,0.0139,-0.9982,0.0049,0.5250,-2.7300,0.8050
3541512,sitting,0.0142,-0.9992,0.0063,0.5250,-2.7300,0.8050
3541531,sitting,0.0149,-0.9987,0.0066,0.4550,-2.7300,0.8050
3541550,sitting,0.0156,-0.9994,0.0068,0.5250,-2.6950,0.8050
3541569,sitting,0.0151,-0.9982,0.0076,0.4900,-2.7300,0.7700
3541588,sitting,0.0149,-0.9980,0.0059,0.5250,-2.7300,0.8050
3541608,sitting,0.0146,-0.9977,0.0061,0.4900,-2.7650,0.8050
3541627,sitting,0.0142,-0.9987,0.0063,0.4900,-2.7650,0.7350
3541646,sitting,0.0156,-0.9980,0.0063,0.5250,-2.7300,0.7700
3541665,sitting,0.0151,-0.9987,0.0073,0.5250,-2.7300,0.8400
3541685,sitting,0.0146,-0.9987,0.0054,0.4900,-2.7300,0.8400
3541704,sitting,0.0144,-0.9982,0.0063,0.4900,-2.7300,0.7700
3541723,sitting,0.0146,-0.9989,0.0071,0.4900,-2.7650,0.8400
3541742,sitting,0.0149,-0.9989,0.0051,0.4900,-2.7300,0.8050
3541762,sitting,0.0151,-0.9982,0.0068,0.4900,-2.7300,0.8050
3541781,sitting,0.0146,-0.9992,0.0076,0.4550,-2.8000,0.8400
3541800,sitting,0.0146,-0.9980,0.0066,0.4550,-2.7300,0.7700
3541819,sitting,0.0154,-0.9992,0.0083,0.4900,-2.7300,0.8050
3541838,sitting,0.0149,-0.9982,0.0056,0.4550,-2.7300,0.8050
3541858,sitting,0.0149,-0.9989,0.0056,0.5250,-2.7300,0.8050
3541877,sitting,0.0159,-0.9982,0.0071,0.5250,-2.6950,0.8050
3541896,sitting,0.0159,-0.9984,0.0054,0.5250,-2.7300,0.7700
3541915,sitting,0.0156,-0.9980,0.0066,0.5250,-2.7300,0.8400
3541935,sitting,0.0137,-0.9982,0.0054,0.4900,-2.7300,0.8050
3541954,sitting,0.0142,-0.9984,0.0056,0.5250,-2.7300,0.7700
3541973,sitting,0.0142,-0.9984,0.0078,0.5600,-2.7300,0.8050
3541992,sitting,0.0156,-0.9987,0.0076,0.4900,-2.7300,0.7700
3542012,sitting,0.0146,-0.9984,0.0059,0.5250,-2.7300,0.7700
3542031,sitting,0.0149,-0.9980,0.0056,0.5250,-2.7300,0.7700
3542050,sitting,0.0146,-0.9977,0.0071,0.4900,-2.6950,0.7700
3542069,sitting,0.0151,-0.9989,0.0063,0.5250,-2.7300,0.7700
3542088,sitting,0.0159,-0.9997,0.0061,0.5250,-2.7300,0.7700
3542108,sitting,0.0144,-0.9984,0.0056,0.5250,-2.7300,0.7700
3542127,sitting,0.0154,-0.9989,0.0081,0.5250,-2.6950,0.8050
3542146,sitting,0.0163,-0.9987,0.0063,0.4900,-2.7300,0.8050
3542165,sitting,0.0137,-0.9975,0.0068,0.4900,-2.8000,0.8400
3542185,sitting,0.0149,-0.9972,0.0049,0.4550,-2.7300,0.7700
3542204,sitting,0.0154,-0.9987,0.0071,0.5250,-2.7300,0.8050
3542223,sitting,0.0166,-0.9989,0.0076,0.4900,-2.7300,0.7700
3542242,sitting,0.0171,-0.9987,0.0066,0.5250,-2.7300,0.8400
3542262,sitting,0.0159,-0.9992,0.0059,0.4550,-2.7300,0.8400
3542281,sitting,0.0151,-0.9987,0.0056,0.4900,-2.7300,0.8050
3542300,sitting,0.0142,-0.9982,0.0059,0.4900,-2.7300,0.8050
3542319,sitting,0.0159,-0.9984,0.0061,0.4550,-2.7300,0.7700
3542338,sitting,0.0151,-0.9989,0.0063,0.4550,-2.7300,0.7700
3542358,sitting,0.0161,-0.9984,0.0071,0.4900,-2.7300,0.8400
3542377,sitting,0.0146,-0.9980,0.0076,0.4900,-2.7300,0.8400
3542396,sitting,0.0142,-0.9977,0.0054,0.4900,-2.7300,0.8050
3542415,sitting,0.0139,-0.9982,0.0066,0.5250,-2.7300,0.8400
3542435,sitting,0.0151,-0.9987,0.0056,0.4900,-2.7300,0.7700
3542454,sitting,0.0154,-0.9992,0.0068,0.5600,-2.7300,0.8400
3542473,sitting,0.0156,-1.0002,0.0078,0.4900,-2.7300,0.8400
3542492,sitting,0.0149,-0.9980,0.0068,0.4550,-2.7300,0.8400
3542512,sitting,0.0142,-0.9980,0.0063,0.4900,-2.7300,0.8400
3542531,sitting,0.0137,-0.9984,0.0059,0.5250,-2.7300,0.8050
3542550,sitting,0.0151,-0.9984,0.0061,0.5250,-2.7300,0.8050
3542569,sitting,0.0149,-0.9987,0.0061,0.5250,-2.7300,0.7700
3542588,sitting,0.0151,-0.9984,0.0066,0.5250,-2.7300,0.7700
3542608,sitting,0.0146,-0.9992,0.0068,0.4900,-2.7300,0.8400
3542627,sitting,0.0151,-0.9984,0.0063,0.5250,-2.7300,0.8050
3542646,sitting,0.0144,-0.9984,0.0066,0.5250,-2.7300,0.7700
3542665,sitting,0.0151,-0.9982,0.0063,0.4900,-2.7300,0.7700
3542685,sitting,0.0144,-0.9984,0.0071,0.5250,-2.7300,0.7700
3542704,sitting,0.0154,-0.9989,0.0071,0.5250,-2.7300,0.7700
3542723,sitting,0.0154,-0.9989,0.0071,0.4900,-2.7300,0.8050
3542742,sitting,0.0144,-0.9994,0.0059,0.4900,-2.7300,0.7700
3542762,sitting,0.0154,-0.9982,0.0056,0.5250,-2.7300,0.8400
3542781,sitting,0.0151,-0.9987,0.0056,0.4900,-2.7300,0.7700
3542800,sitting,0.0151,-0.9987,0.0066,0.4900,-2.7300,0.8050
3542819,sitting,0.0156,-0.9992,0.0071,0.4900,-2.7300,0.8050
3542838,sitting,0.0149,-0.9987,0.0063,0.4900,-2.7650,0.8050
3542858,sitting,0.0151,-0.9980,0.0063,0.4900,-2.7300,0.8050
3542877,sitting,0.0144,-0.9984,0.0049,0.4200,-2.7300,0.7350
3542896,sitting,0.0144,-0.9977,0.0061,0.4200,-2.7300,0.7700
3542915,sitting,0.0154,-0.9980,0.0063,0.4900,-2.6950,0.8400
3542935,sitting,0.0146,-0.9992,0.0056,0.4900,-2.6950,0.8050
3542954,sitting,0.0142,-0.9984,0.0078,0.5250,-2.7650,0.8050
3542973,sitting,0.0156,-0.9987,0.0059,0.4900,-2.7650,0.8050
3542992,sitting,0.0146,-0.9984,0.0049,0.4900,-2.7650,0.8400
3543012,sitting,0.0159,-0.9989,0.0063,0.5250,-2.7650,0.7700
3543031,sitting,0.0154,-0.9987,0.0078,0.5250,-2.7300,0.8050
3543050,sitting,0.0156,-0.9989,0.0073,0.4550,-2.7300,0.8400
3543069,sitting,0.0149,-0.9989,0.0068,0.4550,-2.7300,0.8400
3543088,sitting,0.0151,-0.9975,0.0056,0.5600,-2.7300,0.8050
3543108,sitting,0.0154,-0.9982,0.0066,0.4900,-2.7300,0.8050
3543127,sitting,0.0149,-0.9984,0.0068,0.4900,-2.7300,0.7700
3543146,sitting,0.0151,-0.9987,0.0061,0.4200,-2.7300,0.8050
3543165,sitting,0.0146,-0.9989,0.0061,0.5250,-2.7300,0.7700
3543185,sitting,0.0142,-0.9989,0.0068,0.5250,-2.7300,0.8050
3543204,sitting,0.0139,-0.9984,0.0066,0.5250,-2.7300,0.8050
3543223,sitting,0.0139,-0.9977,0.0068,0.4900,-2.7650,0.7700
3543242,sitting,0.0146,-0.9987,0.0066,0.5600,-2.7300,0.7700
3543262,sitting,0.0146,-0.9987,0.0068,0.4900,-2.7300,0.8050
3543281,sitting,0.0149,-0.9987,0.0059,0.5250,-2.7650,0.8050
3543300,sitting,0.0151,-0.9994,0.0054,0.4900,-2.7650,0.8050
3543319,sitting,0.0151,-0.9994,0.0063,0.5250,-2.7300,0.7700
3543338,sitting,0.0156,-0.9982,0.0071,0.5600,-2.7650,0.8050
3543358,sitting,0.0139,-0.9984,0.0078,0.4900,-2.7300,0.7350
3543377,sitting,0.0149,-0.9982,0.0049,0.5250,-2.7300,0.7700
3543396,sitting,0.0142,-0.9984,0.0056,0.5250,-2.7300,0.8050
3543415,sitting,0.0149,-0.9999,0.0056,0.5250,-2.7300,0.7700
3543435,sitting,0.0156,-0.9989,0.0078,0.4900,-2.7300,0.7700
3543454,sitting,0.0149,-0.9975,0.0061,0.4900,-2.7300,0.7700
3543473,sitting,0.0142,-0.9980,0.0054,0.4900,-2.7300,0.8050
3543492,sitting,0.0149,-0.9980,0.0068,0.5250,-2.6950,0.8050
3543512,sitting,0.0146,-0.9994,0.0088,0.4900,-2.6950,0.8050
3543531,sitting,0.0142,-0.9982,0.0063,0.4900,-2.7300,0.7700
3543550,sitting,0.0142,-0.9987,0.0059,0.4900,-2.7300,0.8400
3543569,sitting,0.0151,-0.9989,0.0071,0.4900,-2.7300,0.7700
3543588,sitting,0.0149,-0.9989,0.0056,0.4900,-2.7300,0.7700
3543608,sitting,0.0149,-0.9987,0.0073,0.4900,-2.7300,0.7700
3543627,sitting,0.0149,-0.9977,0.0056,0.4900,-2.7650,0.8050
3543646,sitting,0.0159,-0.9972,0.0054,0.4900,-2.7300,0.7700
3543665,sitting,0.0159,-0.9982,0.0073,0.4900,-2.7300,0.7700
3543685,sitting,0.0156,-0.9984,0.0059,0.4900,-2.7300,0.8050
3543704,sitting,0.0146,-0.9987,0.0054,0.4900,-2.7300,0.7700
3543723,sitting,0.0146,-0.9992,0.0059,0.4900,-2.7300,0.8050
3543742,sitting,0.0144,-0.9992,0.0066,0.5250,-2.7300,0.8050
3543762,sitting,0.0149,-0.9992,0.0066,0.4900,-2.7300,0.7700
3543781,sitting,0.0146,-0.9989,0.0056,0.5250,-2.7300,0.8050
3543800,sitting,0.0161,-0.9977,0.0049,0.4900,-2.7300,0.7700
3543819,sitting,0.0149,-0.9982,0.0073,0.4900,-2.7300,0.8050
3543838,sitting,0.0154,-0.9989,0.0073,0.4900,-2.7300,0.7700
3543858,sitting,0.0149,-0.9994,0.0066,0.4550,-2.7650,0.8400
3543877,sitting,0.0151,-0.9977,0.0046,0.4900,-2.7300,0.7700
3543896,sitting,0.0146,-0.9980,0.0071,0.5250,-2.7300,0.8050
3543915,sitting,0.0146,-0.9980,0.0068,0.4550,-2.7300,0.7350
3543935,sitting,0.0149,-0.9987,0.0076,0.4900,-2.7300,0.7700
3543954,sitting,0.0159,-0.9982,0.0059,0.4900,-2.7300,0.7700
3543973,sitting,0.0154,-0.9980,0.0061,0.4900,-2.7300,0.8050
3543992,sitting,0.0139,-0.9982,0.0071,0.5250,-2.7300,0.8050
3544012,sitting,0.0151,-0.9980,0.0059,0.4900,-2.7300,0.8050
3544031,sitting,0.0154,-0.9992,0.0059,0.5250,-2.7300,0.8050
3544050,sitting,0.0159,-0.9989,0.0059,0.5250,-2.7300,0.8050
3544069,sitting,0.0156,-0.9977,0.0061,0.4900,-2.7300,0.7700
3544088,sitting,0.0144,-0.9994,0.0081,0.5250,-2.7650,0.7700
3544108,sitting,0.0137,-0.9960,0.0051,0.4550,-2.7300,0.7700
3544127,sitting,0.0134,-0.9980,0.0059,0.4900,-2.7650,0.7700
3544146,sitting,0.0159,-0.9989,0.0068,0.4900,-2.7300,0.8050
3544165,sitting,0.0149,-0.9989,0.0076,0.5250,-2.7300,0.8400
3544185,sitting,0.0156,-0.9980,0.0056,0.4900,-2.7300,0.7700
3544204,sitting,0.0144,-0.9994,0.0081,0.5250,-2.7300,0.8400
3544223,sitting,0.0149,-0.9980,0.0071,0.5250,-2.7300,0.8050
3544242,sitting,0.0144,-0.9994,0.0073,0.4900,-2.7300,0.8050
3544262,sitting,0.0146,-0.9994,0.0073,0.4900,-2.7650,0.7700
3544281,sitting,0.0156,-0.9997,0.0066,0.4900,-2.7650,0.8050
3544300,sitting,0.0144,-0.9984,0.0063,0.5250,-2.7300,0.8050
3544319,sitting,0.0149,-0.9997,0.0068,0.4900,-2.7300,0.8400
3544338,sitting,0.0139,-0.9989,0.0066,0.4900,-2.7300,0.8050
3544358,sitting,0.0144,-0.9989,0.0068,0.4550,-2.7300,0.8050
3544377,sitting,0.0151,-0.9989,0.0063,0.4900,-2.7300,0.7700
3544396,sitting,0.0154,-0.9989,0.0076,0.5250,-2.7300,0.8050
3544415,sitting,0.0156,-0.9980,0.0066,0.4900,-2.7300,0.8050
3544435,sitting,0.0146,-0.9982,0.0061,0.4900,-2.7300,0.8050
3544454,sitting,0.0151,-0.9987,0.0071,0.4900,-2.7300,0.8400
3544473,sitting,0.0144,-0.9987,0.0063,0.5250,-2.7300,0.8050
3544492,sitting,0.0151,-0.9987,0.0056,0.5250,-2.7650,0.7700
3544512,sitting,0.0154,-0.9984,0.0076,0.4900,-2.6950,0.8050
3544531,sitting,0.0156,-0.9987,0.0073,0.4900,-2.7300,0.8400
3544550,sitting,0.0159,-0.9989,0.0066,0.4900,-2.7300,0.8050
3544569,sitting,0.0156,-0.9980,0.0078,0.4900,-2.7300,0.8050
3544588,sitting,0.0144,-0.9982,0.0073,0.4900,-2.7300,0.8050
3544608,sitting,0.0149,-0.9989,0.0071,0.5250,-2.7300,0.7700
3544627,sitting,0.0154,-0.9987,0.0066,0.4900,-2.7300,0.7700
3544646,sitting,0.0149,-0.9989,0.0059,0.4900,-2.7300,0.8050
3544665,sitting,0.0142,-0.9992,0.0066,0.4900,-2.7300,0.7700
3544685,sitting,0.0144,-0.9984,0.0063,0.4900,-2.7300,0.7700
3544704,sitting,0.0146,-0.9977,0.0061,0.5250,-2.7300,0.8050
3544723,sitting,0.0142,-0.9982,0.0061,0.5600,-2.7300,0.7700
3544742,sitting,0.0146,-0.9982,0.0066,0.4900,-2.7650,0.8050
3544762,sitting,0.0156,-0.9989,0.0068,0.4900,-2.7300,0.8050
3544781,sitting,0.0159,-0.9982,0.0059,0.5250,-2.7300,0.8050
3544800,sitting,0.0144,-0.9987,0.0066,0.4900,-2.7300,0.8050
3544819,sitting,0.0151,-0.9975,0.0066,0.4550,-2.7300,0.8400
3544838,sitting,0.0149,-0.9987,0.0063,0.4900,-2.7300,0.8400
3544858,sitting,0.0146,-0.9989,0.0071,0.4900,-2.7300,0.7700
3544877,sitting,0.0144,-0.9987,0.0059,0.4900,-2.7300,0.7700
3544896,sitting,0.0151,-0.9982,0.0063,0.4900,-2.7300,0.7700
3544915,sitting,0.0146,-0.9984,0.0063,0.4900,-2.6950,0.8050
3544935,sitting,0.0149,-0.9989,0.0068,0.4900,-2.7300,0.8050
3544954,sitting,0.0156,-0.9980,0.0068,0.5250,-2.7300,0.8400
3544973,sitting,0.0154,-0.9982,0.0068,0.5250,-2.7300,0.7700
3544992,sitting,0.0154,-0.9982,0.0063,0.4900,-2.7300,0.7700
3545012,sitting,0.0149,-0.9992,0.0063,0.4900,-2.7300,0.8050
3545031,sitting,0.0142,-0.9984,0.0059,0.4900,-2.7300,0.8400
3545050,sitting,0.0142,-0.9987,0.0066,0.4900,-2.7300,0.8050
3545069,sitting,0.0149,-0.9987,0.0071,0.4900,-2.7300,0.7700
3545088,sitting,0.0146,-0.9980,0.0071,0.5250,-2.7300,0.8050
3545108,sitting,0.0154,-0.9989,0.0066,0.4900,-2.7300,0.7700
3545127,sitting,0.0151,-0.9980,0.0066,0.4900,-2.7300,0.8050
3545146,sitting,0.0144,-0.9992,0.0063,0.4900,-2.7300,0.8050
3545165,sitting,0.0144,-0.9987,0.0071,0.5250,-2.7300,0.7700
3545185,sitting,0.0146,-0.9980,0.0063,0.5250,-2.7300,0.8050
3545204,sitting,0.0154,-0.9984,0.0063,0.4900,-2.7300,0.7700
3545223,sitting,0.0146,-0.9987,0.0059,0.4900,-2.7300,0.7700
3545242,sitting,0.0144,-0.9992,0.0071,0.5250,-2.7650,0.7700
3545262,sitting,0.0149,-0.9989,0.0071,0.4900,-2.7300,0.7700
3545281,sitting,0.0146,-0.9984,0.0066,0.5250,-2.7300,0.8050
3545300,sitting,0.0156,-0.9984,0.0061,0.4900,-2.7300,0.7700
3545319,sitting,0.0151,-0.9982,0.0081,0.4900,-2.7300,0.8050
3545338,sitting,0.0151,-0.9999,0.0073,0.5250,-2.7300,0.8050
3545358,sitting,0.0154,-0.9989,0.0073,0.4900,-2.7300,0.7700
3545377,sitting,0.0146,-0.9984,0.0071,0.4900,-2.7300,0.7700
3545396,sitting,0.0142,-0.9982,0.0066,0.4900,-2.7300,0.8400
3545415,sitting,0.0149,-0.9982,0.0063,0.4900,-2.7300,0.8050
3545435,sitting,0.0161,-0.9994,0.0054,0.4900,-2.7300,0.8400
3545454,sitting,0.0154,-0.9989,0.0056,0.4900,-2.7300,0.8400
3545473,sitting,0.0151,-0.9982,0.0063,0.4900,-2.7300,0.8050
3545492,sitting,0.0139,-0.9989,0.0063,0.4900,-2.7300,0.7700
3545512,sitting,0.0151,-0.9992,0.0061,0.4900,-2.7650,0.8050
3545531,sitting,0.0156,-0.9987,0.0066,0.4550,-2.7300,0.8050
3545550,sitting,0.0151,-0.9989,0.0068,0.4900,-2.7300,0.7700
3545569,sitting,0.0154,-0.9982,0.0071,0.4550,-2.7300,0.8050
3545588,sitting,0.0161,-0.9989,0.0066,0.4900,-2.7300,0.7700
3545608,sitting,0.0151,-0.9982,0.0061,0.4900,-2.7300,0.8400
3545627,sitting,0.0146,-0.9989,0.0054,0.5250,-2.7300,0.8050
3545646,sitting,0.0156,-0.9984,0.0061,0.4900,-2.7650,0.8400
3545665,sitting,0.0154,-0.9987,0.0061,0.4900,-2.7300,0.7700
3545685,sitting,0.0146,-0.9982,0.0059,0.4900,-2.6600,0.8050
3545704,sitting,0.0149,-0.9987,0.0061,0.5250,-2.7300,0.8400
3545723,sitting,0.0144,-0.9989,0.0063,0.4900,-2.7300,0.7700
3545742,sitting,0.0149,-0.9994,0.0066,0.4900,-2.7300,0.8050
3545762,sitting,0.0156,-0.9994,0.0066,0.5250,-2.7300,0.7700
3545781,sitting,0.0154,-0.9984,0.0073,0.4900,-2.7300,0.7350
3545800,sitting,0.0161,-0.9987,0.0068,0.4900,-2.6950,0.7700
3545819,sitting,0.0154,-0.9977,0.0059,0.5250,-2.7300,0.7700
3545838,sitting,0.0149,-0.9984,0.0066,0.4900,-2.7300,0.7700
3545858,sitting,0.0144,-0.9992,0.0085,0.4900,-2.6950,0.7700
3545877,sitting,0.0146,-0.9989,0.0063,0.4900,-2.7300,0.7700
3545896,sitting,0.0161,-0.9989,0.0071,0.4900,-2.7300,0.7700
3545915,sitting,0.0144,-0.9984,0.0068,0.5250,-2.7300,0.8400
3545935,sitting,0.0149,-0.9987,0.0061,0.5250,-2.7300,0.7700
3545954,sitting,0.0137,-0.9989,0.0071,0.4900,-2.7300,0.7700
3545973,sitting,0.0139,-0.9982,0.0066,0.4550,-2.7300,0.8050
3545992,sitting,0.0149,-0.9984,0.0059,0.4900,-2.7300,0.8050
3546012,sitting,0.0149,-0.9994,0.0063,0.4900,-2.7300,0.7700
3546031,sitting,0.0154,-0.9987,0.0068,0.4550,-2.7300,0.7700
3546050,sitting,0.0144,-0.9980,0.0073,0.4900,-2.7650,0.8050
3546069,sitting,0.0142,-0.9982,0.0068,0.5250,-2.7300,0.8050
3546088,sitting,0.0151,-0.9980,0.0071,0.5250,-2.7300,0.7700
3546108,sitting,0.0144,-0.9987,0.0059,0.4900,-2.7300,0.7700
3546127,sitting,0.0149,-0.9982,0.0061,0.4900,-2.7300,0.8050
3546146,sitting,0.0146,-0.9984,0.0063,0.4900,-2.7300,0.7700
3546165,sitting,0.0149,-0.9989,0.0066,0.4900,-2.7300,0.8050
3546185,sitting,0.0154,-0.9982,0.0073,0.5250,-2.7300,0.7700
3546204,sitting,0.0151,-0.9984,0.0063,0.4900,-2.7300,0.7700
3546223,sitting,0.0144,-0.9989,0.0063,0.4900,-2.7300,0.7700
3546242,sitting,0.0144,-0.9989,0.0068,0.4900,-2.7300,0.8050
3546262,sitting,0.0146,-0.9984,0.0066,0.5250,-2.7650,0.8400
3546281,sitting,0.0144,-0.9977,0.0054,0.4900,-2.7300,0.8050
3546300,sitting,0.0146,-0.9984,0.0051,0.5250,-2.7300,0.8050
3546319,sitting,0.0149,-0.9977,0.0054,0.4900,-2.7300,0.8050
3546338,sitting,0.0151,-0.9984,0.0071,0.5600,-2.7300,0.7700
3546358,sitting,0.0144,-0.9989,0.0063,0.4900,-2.7300,0.8050
3546377,sitting,0.0151,-0.9992,0.0066,0.4200,-2.7300,0.7700
3546396,sitting,0.0144,-0.9982,0.0073,0.4900,-2.7300,0.8050
3546415,sitting,0.0146,-0.9987,0.0066,0.4900,-2.7300,0.8050
3546435,sitting,0.0151,-0.9997,0.0073,0.4900,-2.7300,0.7700
3546454,sitting,0.0154,-0.9980,0.0071,0.4900,-2.7300,0.8050
3546473,sitting,0.0154,-0.9982,0.0061,0.4900,-2.7300,0.8050
3546492,sitting,0.0146,-0.9975,0.0059,0.4900,-2.7300,0.7700
3546512,sitting,0.0144,-0.9982,0.0076,0.5250,-2.7300,0.7700
3546531,sitting,0.0146,-0.9987,0.0068,0.4900,-2.7300,0.7700
3546550,sitting,0.0154,-0.9997,0.0063,0.4900,-2.7300,0.8050
3546569,sitting,0.0146,-0.9980,0.0063,0.5250,-2.7300,0.8050
3546588,sitting,0.0142,-0.9984,0.0059,0.4900,-2.7300,0.7700
3546608,sitting,0.0149,-0.9989,0.0063,0.4900,-2.7300,0.7700
3546627,sitting,0.0146,-0.9987,0.0071,0.4900,-2.7300,0.7700
3546646,sitting,0.0137,-0.9992,0.0061,0.4550,-2.7300,0.7700
3546665,sitting,0.0144,-0.9984,0.0071,0.4900,-2.7300,0.8400
3546685,sitting,0.0149,-0.9980,0.0059,0.4900,-2.7300,0.7700
3546704,sitting,0.0151,-0.9987,0.0054,0.4900,-2.7300,0.8050
3546723,sitting,0.0149,-0.9989,0.0066,0.4900,-2.7300,0.8400
3546742,sitting,0.0146,-0.9987,0.0063,0.4900,-2.7300,0.8400
3546762,sitting,0.0151,-0.9980,0.0061,0.4900,-2.7300,0.7700
3546781,sitting,0.0154,-0.9982,0.0068,0.4900,-2.7300,0.7700
3546800,sitting,0.0146,-0.9989,0.0068,0.4900,-2.7300,0.8400
3546819,sitting,0.0149,-0.9980,0.0059,0.4900,-2.7300,0.8050
3546838,sitting,0.0146,-0.9980,0.0068,0.4900,-2.7300,0.8050
3546858,sitting,0.0149,-0.9984,0.0059,0.4900,-2.7300,0.8050
3546877,sitting,0.0146,-0.9980,0.0063,0.4900,-2.7300,0.8400
3546896,sitting,0.0154,-0.9980,0.0073,0.4900,-2.7300,0.8050
3546915,sitting,0.0151,-0.9987,0.0063,0.4900,-2.7300,0.8050
3546935,sitting,0.0142,-0.9980,0.0073,0.4900,-2.6950,0.8050
3546954,sitting,0.0142,-0.9987,0.0063,0.4900,-2.7300,0.7700
3546973,sitting,0.0137,-0.9989,0.0061,0.4900,-2.7300,0.8400
3546992,sitting,0.0142,-0.9989,0.0059,0.4900,-2.7300,0.8050
3547012,sitting,0.0139,-0.9984,0.0068,0.4900,-2.7300,0.7700
3547031,sitting,0.0139,-0.9984,0.0061,0.5250,-2.7300,0.8050
3547050,sitting,0.0151,-0.9982,0.0066,0.4900,-2.7300,0.8050
3547069,sitting,0.0149,-0.9984,0.0063,0.5250,-2.7300,0.7700
3547088,sitting,0.0146,-0.9984,0.0056,0.4900,-2.7300,0.7700
3547108,sitting,0.0154,-0.9980,0.0083,0.4900,-2.7300,0.7700
3547127,sitting,0.0149,-0.9982,0.0063,0.4900,-2.7300,0.7700
3547146,sitting,0.0142,-0.9997,0.0054,0.4900,-2.7300,0.7700
3547165,sitting,0.0144,-0.9982,0.0071,0.4900,-2.7300,0.7700
3547185,sitting,0.0149,-0.9984,0.0063,0.5250,-2.7650,0.8050
3547204,sitting,0.0146,-0.9992,0.0061,0.4900,-2.7300,0.7700
3547223,sitting,0.0154,-0.9980,0.0071,0.4900,-2.7650,0.8400
3547242,sitting,0.0151,-0.9989,0.0061,0.4900,-2.8000,0.8050
3547262,sitting,0.0144,-0.9982,0.0059,0.5250,-2.7650,0.8050
3547281,sitting,0.0154,-0.9980,0.0076,0.4900,-2.7650,0.8400
3547300,sitting,0.0156,-0.9994,0.0066,0.4900,-2.7650,0.8050
3547319,sitting,0.0142,-0.9987,0.0066,0.4550,-2.7300,0.8400
3547338,sitting,0.0151,-0.9980,0.0061,0.4900,-2.7300,0.7700
3547358,sitting,0.0146,-0.9987,0.0056,0.4900,-2.7300,0.7700
3547377,sitting,0.0149,-0.9972,0.0066,0.4900,-2.7650,0.7700
3547396,sitting,0.0161,-0.9994,0.0061,0.4900,-2.7300,0.8400
3547415,sitting,0.0154,-0.9984,0.0068,0.4900,-2.7300,0.8400
3547435,sitting,0.0154,-0.9989,0.0063,0.4900,-2.7650,0.8050
3547454,sitting,0.0144,-0.9984,0.0066,0.5250,-2.7300,0.8050
3547473,sitting,0.0151,-0.9982,0.0071,0.4900,-2.7300,0.8050
3547492,sitting,0.0144,-0.9989,0.0066,0.4900,-2.7300,0.8050
3547512,sitting,0.0146,-0.9987,0.0068,0.4900,-2.7300,0.7700
3547531,sitting,0.0146,-0.9987,0.0068,0.4900,-2.7300,0.8050
3547550,sitting,0.0159,-0.9987,0.0071,0.4900,-2.7300,0.8400
3547569,sitting,0.0146,-0.9980,0.0061,0.4900,-2.7300,0.8050
3547588,sitting,0.0144,-0.9987,0.0059,0.5250,-2.7650,0.8050
3547608,sitting,0.0137,-0.9987,0.0071,0.5600,-2.7650,0.7700
3547627,sitting,0.0142,-0.9984,0.0063,0.5250,-2.7650,0.8050
3547646,sitting,0.0146,-0.9987,0.0056,0.4900,-2.6950,0.7700
3547665,sitting,0.0149,-0.9997,0.0068,0.4900,-2.6950,0.8050
3547685,sitting,0.0142,-0.9987,0.0063,0.5250,-2.7300,0.7700
3547704,sitting,0.0146,-0.9989,0.0054,0.4900,-2.7300,0.7700
3547723,sitting,0.0151,-0.9982,0.0073,0.4900,-2.7300,0.8400
3547742,sitting,0.0144,-0.9970,0.0066,0.4900,-2.7300,0.8050
3547762,sitting,0.0161,-0.9980,0.0066,0.4900,-2.7300,0.8050
3547781,sitting,0.0149,-0.9984,0.0066,0.4900,-2.7300,0.7700
3547800,sitting,0.0149,-0.9984,0.0061,0.4900,-2.7300,0.7700
3547819,sitting,0.0151,-0.9984,0.0073,0.4900,-2.7300,0.8050
3547838,sitting,0.0151,-0.9975,0.0059,0.4550,-2.7300,0.7700
3547858,sitting,0.0154,-0.9987,0.0066,0.5250,-2.7300,0.8050
3547877,sitting,0.0146,-0.9975,0.0051,0.5250,-2.7300,0.7700
3547896,sitting,0.0144,-0.9992,0.0063,0.4900,-2.7300,0.7700
3547915,sitting,0.0146,-0.9992,0.0056,0.4900,-2.7650,0.7700
3547935,sitting,0.0139,-0.9982,0.0063,0.4900,-2.7300,0.7700
3547954,sitting,0.0156,-0.9980,0.0061,0.4900,-2.7300,0.8050
3547973,sitting,0.0161,-0.9982,0.0063,0.4900,-2.7300,0.8400
3547992,sitting,0.0166,-0.9987,0.0066,0.4900,-2.7300,0.8400
3548012,sitting,0.0159,-0.9982,0.0073,0.4900,-2.7300,0.8050
3548031,sitting,0.0154,-0.9977,0.0071,0.5250,-2.7300,0.8050
3548050,sitting,0.0151,-0.9982,0.0063,0.4900,-2.7300,0.7700
3548069,sitting,0.0142,-0.9989,0.0068,0.4900,-2.7300,0.8050
3548088,sitting,0.0142,-0.9982,0.0063,0.4900,-2.7300,0.7700
3548108,sitting,0.0142,-0.9980,0.0068,0.5250,-2.7300,0.8400
3548127,sitting,0.0149,-0.9982,0.0068,0.4900,-2.7300,0.7700
3548146,sitting,0.0151,-0.9992,0.0066,0.4900,-2.7300,0.7700
3548165,sitting,0.0146,-0.9987,0.0068,0.4900,-2.7300,0.8050
3548185,sitting,0.0146,-0.9989,0.0063,0.4550,-2.7300,0.8050
3548204,sitting,0.0151,-0.9980,0.0061,0.4900,-2.7300,0.8400
3548223,sitting,0.0149,-0.9987,0.0066,0.4900,-2.7300,0.8400
3548242,sitting,0.0146,-0.9989,0.0063,0.4900,-2.7300,0.7700
3548262,sitting,0.0154,-0.9982,0.0059,0.4900,-2.7300,0.7700
3548281,sitting,0.0156,-0.9992,0.0066,0.5250,-2.7300,0.8050
3548300,sitting,0.0151,-0.9975,0.0063,0.4900,-2.7650,0.7700
3548319,sitting,0.0146,-0.9992,0.0071,0.5600,-2.7300,0.7700
3548338,sitting,0.0149,-0.9987,0.0078,0.5250,-2.7650,0.7700
3548358,sitting,0.0139,-0.9989,0.0066,0.4900,-2.7300,0.7700
3548377,sitting,0.0149,-0.9982,0.0063,0.4900,-2.7300,0.7700
3548396,sitting,0.0142,-0.9987,0.0066,0.5250,-2.7300,0.8050
3548415,sitting,0.0146,-0.9989,0.0066,0.4900,-2.7300,0.7700
3548435,sitting,0.0154,-0.9989,0.0061,0.4900,-2.6950,0.8050
3548454,sitting,0.0146,-0.9980,0.0059,0.4900,-2.7300,0.8050
3548473,sitting,0.0149,-0.9982,0.0081,0.4900,-2.7300,0.8050
3548492,sitting,0.0142,-0.9984,0.0068,0.4900,-2.7300,0.8400
3548512,sitting,0.0151,-0.9975,0.0056,0.4900,-2.7300,0.7700
3548531,sitting,0.0154,-0.9989,0.0063,0.4900,-2.7650,0.7700
3548550,sitting,0.0151,-0.9989,0.0071,0.4900,-2.8000,0.8050
3548569,sitting,0.0156,-0.9984,0.0063,0.4900,-2.7300,0.8400
3548588,sitting,0.0154,-0.9982,0.0066,0.4900,-2.6950,0.7700
3548608,sitting,0.0149,-0.9992,0.0061,0.4550,-2.7300,0.8400
3548627,sitting,0.0146,-0.9984,0.0063,0.4550,-2.7300,0.8050
3548646,sitting,0.0144,-0.9987,0.0054,0.4900,-2.7300,0.8050
3548665,sitting,0.0151,-0.9984,0.0056,0.4900,-2.7300,0.8400
3548685,sitting,0.0149,-0.9989,0.0068,0.4900,-2.7300,0.8400
3548704,sitting,0.0146,-0.9980,0.0068,0.4550,-2.7300,0.8400
3548723,sitting,0.0144,-0.9987,0.0059,0.4550,-2.7300,0.7700
3548742,sitting,0.0154,-0.9987,0.0063,0.4900,-2.7300,0.7700
3548762,sitting,0.0146,-0.9987,0.0068,0.4900,-2.7300,0.8050
3548781,sitting,0.0146,-0.9989,0.0063,0.4900,-2.7300,0.8400
3548800,sitting,0.0144,-0.9977,0.0059,0.5250,-2.7300,0.8050
3548819,sitting,0.0151,-0.9977,0.0063,0.4900,-2.7300,0.8050
3548838,sitting,0.0146,-0.9984,0.0059,0.4900,-2.7300,0.7700
3548858,sitting,0.0142,-0.9989,0.0054,0.4900,-2.7300,0.7700
3548877,sitting,0.0139,-0.9982,0.0061,0.5250,-2.7300,0.8050
3548896,sitting,0.0151,-0.9984,0.0061,0.5250,-2.7300,0.7700
3548915,sitting,0.0159,-0.9980,0.0068,0.5250,-2.7300,0.7700
3548935,sitting,0.0149,-0.9984,0.0061,0.5250,-2.7300,0.7700
3548954,sitting,0.0156,-0.9997,0.0066,0.4900,-2.7300,0.8400
3548973,sitting,0.0146,-0.9994,0.0066,0.4900,-2.7300,0.7700
3548992,sitting,0.0149,-0.9984,0.0066,0.4900,-2.7300,0.7700
3549012,sitting,0.0154,-0.9982,0.0066,0.4900,-2.7300,0.8050
3549031,sitting,0.0156,-0.9987,0.0061,0.5250,-2.7300,0.7700
3549050,sitting,0.0151,-0.9987,0.0066,0.4900,-2.7300,0.7700
3549069,sitting,0.0146,-0.9982,0.0068,0.5250,-2.7300,0.8050
3549088,sitting,0.0156,-0.9994,0.0071,0.4900,-2.7650,0.8050
3549108,sitting,0.0156,-0.9977,0.0054,0.4900,-2.7300,0.8400
3549127,sitting,0.0151,-0.9984,0.0063,0.4900,-2.7300,0.8050
3549146,sitting,0.0159,-0.9987,0.0061,0.4900,-2.7300,0.8050
3549165,sitting,0.0154,-0.9977,0.0063,0.5250,-2.7650,0.8050
3549185,sitting,0.0142,-0.9982,0.0061,0.5250,-2.7300,0.8050
3549204,sitting,0.0149,-0.9980,0.0063,0.4900,-2.7300,0.8050
3549223,sitting,0.0149,-0.9992,0.0073,0.4900,-2.7300,0.7700
3549242,sitting,0.0146,-0.9987,0.0078,0.4900,-2.7300,0.8400
3549262,sitting,0.0146,-0.9989,0.0066,0.5250,-2.6950,0.7700
3549281,sitting,0.0149,-0.9997,0.0059,0.4900,-2.7300,0.7700
3549300,sitting,0.0156,-0.9992,0.0066,0.4900,-2.7300,0.8050
3549319,sitting,0.0156,-0.9984,0.0061,0.4900,-2.7650,0.8400
3549338,sitting,0.0159,-0.9987,0.0063,0.4900,-2.7300,0.8400
3549358,sitting,0.0146,-0.9980,0.0063,0.4900,-2.6950,0.8400
3549377,sitting,0.0151,-0.9987,0.0063,0.4900,-2.7300,0.7700
3549396,sitting,0.0149,-0.9992,0.0063,0.5600,-2.7300,0.8050
3549415,sitting,0.0146,-0.9992,0.0066,0.4900,-2.7300,0.8050
3549435,sitting,0.0146,-0.9987,0.0056,0.4900,-2.7300,0.8050
3549454,sitting,0.0149,-0.9987,0.0059,0.4900,-2.7300,0.8050
3549473,sitting,0.0146,-1.0002,0.0056,0.5250,-2.7300,0.8400
3549492,sitting,0.0144,-0.9997,0.0056,0.4900,-2.7300,0.8050
3549512,sitting,0.0144,-0.9997,0.0068,0.4900,-2.7300,0.8400
3549531,sitting,0.0142,-0.9997,0.0078,0.4900,-2.7650,0.8050
3549550,sitting,0.0146,-0.9992,0.0083,0.5250,-2.7300,0.7700
3549569,sitting,0.0144,-0.9982,0.0066,0.4900,-2.7300,0.7700
3549588,sitting,0.0139,-0.9980,0.0063,0.5250,-2.7300,0.7700
3549608,sitting,0.0149,-0.9980,0.0071,0.4900,-2.7300,0.8050
3549627,sitting,0.0146,-0.9984,0.0061,0.4900,-2.7300,0.8050
3549646,sitting,0.0149,-0.9982,0.0054,0.4900,-2.7300,0.7700
3549665,sitting,0.0156,-0.9982,0.0061,0.4900,-2.7300,0.7700
3549685,sitting,0.0151,-0.9987,0.0054,0.4900,-2.7300,0.7700
3549704,sitting,0.0149,-0.9997,0.0056,0.4900,-2.7300,0.8050
3549723,sitting,0.0151,-0.9989,0.0076,0.4900,-2.6950,0.7700
3549742,sitting,0.0156,-0.9987,0.0073,0.5250,-2.7300,0.8050
3549762,sitting,0.0146,-0.9987,0.0061,0.4900,-2.7300,0.8400
3549781,sitting,0.0154,-0.9987,0.0056,0.5250,-2.7300,0.7700
3549800,sitting,0.0144,-0.9980,0.0073,0.4900,-2.7650,0.7700
3549819,sitting,0.0151,-0.9980,0.0063,0.4550,-2.7650,0.8400
3549838,sitting,0.0156,-0.9984,0.0054,0.4900,-2.7300,0.8050
3549858,sitting,0.0151,-0.9980,0.0063,0.4900,-2.7300,0.7700
3549877,sitting,0.0142,-0.9980,0.0063,0.4550,-2.7300,0.8400
3549896,sitting,0.0149,-0.9982,0.0061,0.4550,-2.7300,0.8050
3549915,sitting,0.0144,-0.9987,0.0061,0.4900,-2.7300,0.8400
3549935,sitting,0.0151,-0.9984,0.0056,0.4900,-2.7300,0.8050
3549954,sitting,0.0146,-0.9982,0.0061,0.4900,-2.7300,0.8050
3549973,sitting,0.0154,-0.9989,0.0059,0.4900,-2.7300,0.8400
3549992,sitting,0.0151,-0.9977,0.0068,0.5250,-2.7650,0.8050
3550012,sitting,0.0156,-0.9987,0.0073,0.5250,-2.7300,0.8400
3550031,sitting,0.0146,-0.9980,0.0066,0.4900,-2.7300,0.8400
3550050,sitting,0.0151,-0.9984,0.0073,0.4900,-2.7300,0.8400
3550069,sitting,0.0142,-0.9982,0.0063,0.4900,-2.7650,0.8050
3550088,sitting,0.0144,-0.9977,0.0056,0.4900,-2.7300,0.7700
3550108,sitting,0.0156,-0.9980,0.0068,0.4900,-2.7300,0.8050
3550127,sitting,0.0142,-0.9984,0.0063,0.4900,-2.7300,0.7700
3550146,sitting,0.0151,-0.9980,0.0066,0.5250,-2.7300,0.8050
3550165,sitting,0.0149,-0.9980,0.0068,0.4900,-2.7650,0.8400
3550185,sitting,0.0151,-0.9977,0.0066,0.5250,-2.7300,0.8050
3550204,sitting,0.0142,-0.9992,0.0066,0.5250,-2.7300,0.7350
3550223,sitting,0.0151,-0.9984,0.0061,0.4900,-2.7300,0.7700
3550242,sitting,0.0151,-0.9989,0.0051,0.4900,-2.7300,0.7700
3550262,sitting,0.0154,-0.9989,0.0066,0.4900,-2.7300,0.8050
3550281,sitting,0.0137,-0.9984,0.0068,0.4900,-2.7300,0.7700
3550300,sitting,0.0144,-0.9982,0.0076,0.4900,-2.7300,0.8050
3550319,sitting,0.0142,-0.9989,0.0061,0.4900,-2.7650,0.7700
3550338,sitting,0.0146,-0.9977,0.0076,0.4900,-2.7300,0.8400
3550358,sitting,0.0151,-0.9982,0.0066,0.4900,-2.7300,0.7700
3550377,sitting,0.0144,-0.9984,0.0056,0.4900,-2.7300,0.8050
3550396,sitting,0.0146,-0.9989,0.0071,0.4900,-2.7650,0.8050
3550415,sitting,0.0154,-0.9997,0.0068,0.4900,-2.7300,0.8050
3550435,sitting,0.0151,-0.9994,0.0066,0.5250,-2.7300,0.7700
3550454,sitting,0.0151,-0.9997,0.0063,0.4900,-2.7300,0.7700
3550473,sitting,0.0144,-0.9987,0.0056,0.4900,-2.7300,0.8050
3550492,sitting,0.0139,-0.9994,0.0066,0.4900,-2.7300,0.8050
3550512,sitting,0.0144,-0.9977,0.0056,0.4900,-2.7300,0.8400
3550531,sitting,0.0151,-0.9989,0.0071,0.5250,-2.7300,0.7700
3550550,sitting,0.0142,-0.9989,0.0066,0.4900,-2.7300,0.8400
3550569,sitting,0.0151,-0.9987,0.0059,0.4550,-2.7300,0.7700
3550588,sitting,0.0154,-0.9984,0.0063,0.4900,-2.7300,0.8050
3550608,sitting,0.0149,-0.9989,0.0068,0.4900,-2.7650,0.7700
3550627,sitting,0.0149,-0.9980,0.0071,0.4900,-2.6950,0.8050
3550646,sitting,0.0151,-0.9987,0.0066,0.4900,-2.7300,0.8400
3550665,sitting,0.0146,-0.9987,0.0066,0.5600,-2.7300,0.8400
3550685,sitting,0.0142,-0.9987,0.0071,0.4900,-2.7300,0.8400
3550704,sitting,0.0142,-0.9977,0.0059,0.4900,-2.7300,0.8400
3550723,sitting,0.0159,-0.9987,0.0066,0.4900,-2.7300,0.8050
3550742,sitting,0.0156,-0.9989,0.0078,0.5250,-2.7650,0.8050
3550762,sitting,0.0156,-0.9984,0.0061,0.5250,-2.7300,0.8400
3550781,sitting,0.0144,-0.9987,0.0061,0.4900,-2.7300,0.8400
3550800,sitting,0.0146,-0.9984,0.0068,0.4900,-2.7300,0.7700
3550819,sitting,0.0151,-0.9992,0.0063,0.5250,-2.7300,0.8050
3550838,sitting,0.0146,-0.9984,0.0059,0.4550,-2.7300,0.8050
3550858,sitting,0.0151,-0.9980,0.0071,0.4900,-2.7300,0.8050
3550877,sitting,0.0156,-0.9987,0.0071,0.4900,-2.7650,0.7700
3550896,sitting,0.0159,-0.9984,0.0071,0.4900,-2.7300,0.7700
3550915,sitting,0.0146,-0.9984,0.0061,0.4900,-2.7300,0.7700
3550935,sitting,0.0146,-0.9982,0.0066,0.4900,-2.7300,0.8050
3550954,sitting,0.0159,-0.9975,0.0076,0.4900,-2.7300,0.8050
3550973,sitting,0.0154,-0.9980,0.0068,0.4900,-2.7300,0.7700
3550992,sitting,0.0146,-0.9984,0.0068,0.4900,-2.7650,0.7700
3551012,sitting,0.0146,-0.9989,0.0073,0.4900,-2.7650,0.8050
3551031,sitting,0.0146,-0.9977,0.0061,0.5250,-2.7300,0.8050
3551050,sitting,0.0151,-0.9989,0.0059,0.4900,-2.7650,0.8400
3551069,sitting,0.0146,-0.9980,0.0059,0.4900,-2.7300,0.8400
3551088,sitting,0.0149,-0.9987,0.0063,0.4900,-2.7650,0.8050
3551108,sitting,0.0156,-0.9980,0.0059,0.4900,-2.7300,0.7700
3551127,sitting,0.0151,-0.9977,0.0061,0.4900,-2.7300,0.8050
3551146,sitting,0.0151,-0.9989,0.0073,0.4900,-2.7300,0.8400
3551165,sitting,0.0149,-0.9994,0.0066,0.4900,-2.7300,0.8400
3551185,sitting,0.0149,-0.9984,0.0068,0.4900,-2.7300,0.8400
3551204,sitting,0.0151,-0.9980,0.0061,0.4900,-2.7300,0.7700
3551223,sitting,0.0149,-0.9987,0.0061,0.4900,-2.6950,0.8400
3551242,sitting,0.0149,-0.9992,0.0063,0.5250,-2.7300,0.8050
3551262,sitting,0.0151,-0.9984,0.0051,0.4900,-2.7300,0.8050
3551281,sitting,0.0146,-0.9982,0.0068,0.5250,-2.7300,0.8400
3551300,sitting,0.0154,-0.9989,0.0059,0.4900,-2.7300,0.8050
3551319,sitting,0.0146,-0.9999,0.0059,0.4900,-2.7300,0.8050
3551338,sitting,0.0144,-0.9984,0.0063,0.4900,-2.7300,0.8050
3551358,sitting,0.0151,-0.9984,0.0066,0.4900,-2.7300,0.7700
3551377,sitting,0.0144,-0.9987,0.0063,0.5250,-2.7300,0.8050
3551396,sitting,0.0146,-0.9994,0.0066,0.5250,-2.7300,0.7700
3551415,sitting,0.0159,-0.9989,0.0076,0.4900,-2.7300,0.8050
3551435,sitting,0.0151,-0.9989,0.0073,0.4900,-2.7300,0.8400
3551454,sitting,0.0144,-0.9987,0.0066,0.4900,-2.7300,0.7700
3551473,sitting,0.0149,-0.9989,0.0056,0.4900,-2.7650,0.7700
3551492,sitting,0.0146,-0.9982,0.0066,0.4900,-2.7300,0.8050
3551512,sitting,0.0161,-0.9982,0.0071,0.5250,-2.7650,0.7700
3551531,sitting,0.0154,-0.9980,0.0063,0.4900,-2.7300,0.8050
3551550,sitting,0.0154,-0.9982,0.0059,0.4900,-2.7300,0.7700
3551569,sitting,0.0146,-0.9982,0.0073,0.4900,-2.7650,0.7700
3551588,sitting,0.0151,-0.9989,0.0061,0.4900,-2.7300,0.8400
3551608,sitting,0.0144,-0.9984,0.0071,0.4900,-2.7300,0.7700
3551627,sitting,0.0151,-0.9987,0.0059,0.4900,-2.7300,0.8400
3551646,sitting,0.0151,-0.9984,0.0063,0.4900,-2.7650,0.8050
3551665,sitting,0.0151,-0.9984,0.0061,0.4900,-2.6950,0.8050
3551685,sitting,0.0149,-0.9987,0.0063,0.4550,-2.7300,0.8050
3551704,sitting,0.0149,-0.9980,0.0066,0.4900,-2.7300,0.8400
3551723,sitting,0.0151,-0.9987,0.0066,0.4900,-2.7300,0.7700
3551742,sitting,0.0144,-0.9987,0.0068,0.4900,-2.7300,0.8400
3551762,sitting,0.0139,-0.9987,0.0063,0.4900,-2.7300,0.8400
3551781,sitting,0.0139,-0.9992,0.0054,0.4900,-2.7300,0.8050
3551800,sitting,0.0142,-0.9992,0.0068,0.4900,-2.7300,0.8050
3551819,sitting,0.0149,-0.9984,0.0063,0.4550,-2.7300,0.8050
3551838,sitting,0.0149,-0.9987,0.0054,0.4200,-2.7300,0.8050
3551858,sitting,0.0144,-0.9987,0.0061,0.4900,-2.7300,0.8050
3551877,sitting,0.0139,-0.9987,0.0063,0.4900,-2.7300,0.8400
3551896,sitting,0.0151,-0.9984,0.0061,0.4900,-2.7300,0.8050
3551915,sitting,0.0139,-0.9984,0.0063,0.4900,-2.7300,0.7700
3551935,sitting,0.0139,-0.9977,0.0071,0.4900,-2.7650,0.8050
3551954,sitting,0.0144,-0.9989,0.0071,0.4900,-2.7300,0.8050
3551973,sitting,0.0139,-0.9984,0.0071,0.5250,-2.7300,0.8050
3551992,sitting,0.0139,-0.9994,0.0076,0.4900,-2.7300,0.8050
3552012,sitting,0.0146,-0.9994,0.0068,0.4900,-2.7300,0.7700
3552031,sitting,0.0151,-0.9984,0.0066,0.4900,-2.7300,0.8400
3552050,sitting,0.0144,-0.9989,0.0049,0.5600,-2.7300,0.8400
3552069,sitting,0.0151,-0.9989,0.0063,0.4900,-2.7300,0.7700
3552088,sitting,0.0168,-0.9987,0.0078,0.5250,-2.7300,0.8050
3552108,sitting,0.0156,-0.9994,0.0066,0.5250,-2.7300,0.8400
3552127,sitting,0.0156,-0.9992,0.0061,0.4900,-2.7300,0.8050
3552146,sitting,0.0154,-0.9994,0.0066,0.4900,-2.7300,0.7700
3552165,sitting,0.0151,-0.9987,0.0063,0.4900,-2.7300,0.8050
3552185,sitting,0.0146,-0.9977,0.0071,0.4900,-2.7300,0.7700
3552204,sitting,0.0156,-0.9987,0.0063,0.4900,-2.7300,0.8050
3552223,sitting,0.0156,-0.9987,0.0059,0.5250,-2.7300,0.8400
3552242,sitting,0.0149,-0.9989,0.0061,0.4900,-2.7300,0.8400
3552262,sitting,0.0156,-0.9989,0.0073,0.5250,-2.7300,0.7700
3552281,sitting,0.0156,-0.9982,0.0066,0.4900,-2.7300,0.8050
3552300,sitting,0.0154,-0.9980,0.0071,0.4900,-2.7300,0.8050
3552319,sitting,0.0149,-0.9982,0.0068,0.4900,-2.7300,0.8050
3552338,sitting,0.0161,-0.9982,0.0066,0.4900,-2.7650,0.8400
3552358,sitting,0.0151,-0.9987,0.0066,0.4900,-2.7300,0.7700
3552377,sitting,0.0154,-0.9994,0.0068,0.4900,-2.7300,0.8050
3552396,sitting,0.0151,-0.9982,0.0066,0.4900,-2.7300,0.8050
3552415,sitting,0.0149,-0.9987,0.0059,0.4900,-2.7300,0.8400
3552435,sitting,0.0154,-0.9994,0.0066,0.4900,-2.7300,0.8050
3552454,sitting,0.0154,-0.9972,0.0076,0.4900,-2.7300,0.8050
3552473,sitting,0.0146,-0.9977,0.0054,0.4900,-2.7650,0.7700
3552492,sitting,0.0142,-0.9987,0.0063,0.4900,-2.7300,0.8400
3552512,sitting,0.0149,-0.9984,0.0061,0.4900,-2.7300,0.8050
3552531,sitting,0.0151,-0.9984,0.0063,0.4900,-2.7300,0.7700
3552550,sitting,0.0154,-0.9987,0.0063,0.5250,-2.7300,0.8050
3552569,sitting,0.0159,-0.9987,0.0073,0.4900,-2.6950,0.8400
3552588,sitting,0.0159,-0.9989,0.0063,0.4900,-2.7300,0.8050
3552608,sitting,0.0149,-0.9997,0.0059,0.4900,-2.7300,0.8400
3552627,sitting,0.0151,-0.9989,0.0061,0.4900,-2.7300,0.8050
3552646,sitting,0.0149,-0.9992,0.0061,0.5600,-2.7300,0.8050
3552665,sitting,0.0156,-0.9984,0.0061,0.4900,-2.7300,0.7700
3552685,sitting,0.0151,-0.9989,0.0061,0.4900,-2.7300,0.8050
3552704,sitting,0.0142,-0.9989,0.0059,0.4900,-2.7300,0.7700
3552723,sitting,0.0151,-0.9982,0.0061,0.4900,-2.7300,0.8400
3552742,sitting,0.0146,-0.9997,0.0071,0.4900,-2.7300,0.7700
3552762,sitting,0.0149,-0.9989,0.0061,0.5250,-2.7300,0.8050
3552781,sitting,0.0142,-0.9980,0.0066,0.5250,-2.7300,0.8400
3552800,sitting,0.0149,-0.9992,0.0063,0.4900,-2.7300,0.7700
3552819,sitting,0.0142,-0.9987,0.0056,0.4900,-2.6950,0.7700
3552838,sitting,0.0144,-0.9989,0.0063,0.4900,-2.8000,0.7700
3552858,sitting,0.0149,-0.9987,0.0068,0.4900,-2.6950,0.8050
3552877,sitting,0.0149,-0.9987,0.0061,0.4900,-2.7300,0.8050
3552896,sitting,0.0159,-0.9989,0.0061,0.4900,-2.7300,0.7700
3552915,sitting,0.0156,-0.9977,0.0073,0.4900,-2.7300,0.8400
3552935,sitting,0.0156,-0.9975,0.0068,0.4900,-2.7300,0.7700
3552954,sitting,0.0149,-0.9997,0.0063,0.4900,-2.7300,0.7700
3552973,sitting,0.0144,-0.9994,0.0066,0.4900,-2.7300,0.8050
3552992,sitting,0.0146,-0.9989,0.0063,0.4900,-2.7300,0.8050
3553012,sitting,0.0149,-0.9987,0.0068,0.4900,-2.7300,0.7700
3553031,sitting,0.0151,-0.9989,0.0066,0.4900,-2.7300,0.7700
3553050,sitting,0.0144,-0.9989,0.0066,0.4550,-2.7300,0.8400
3553069,sitting,0.0144,-0.9982,0.0066,0.4900,-2.7300,0.8400
3553088,sitting,0.0154,-0.9977,0.0063,0.5250,-2.7650,0.8050
3553108,sitting,0.0144,-0.9989,0.0066,0.4900,-2.7300,0.8400
3553127,sitting,0.0144,-0.9994,0.0063,0.5250,-2.7300,0.8400
3553146,sitting,0.0144,-0.9984,0.0061,0.5250,-2.7300,0.7700
3553165,sitting,0.0151,-0.9984,0.0071,0.4900,-2.7300,0.8050
3553185,sitting,0.0149,-0.9984,0.0056,0.4900,-2.7300,0.8400
3553204,sitting,0.0149,-0.9987,0.0061,0.4900,-2.7650,0.8400
3553223,sitting,0.0149,-0.9982,0.0071,0.5250,-2.6950,0.8050
3553242,sitting,0.0144,-0.9982,0.0066,0.5250,-2.6950,0.8400
3553262,sitting,0.0151,-0.9989,0.0061,0.4900,-2.6950,0.8050
3553281,sitting,0.0142,-0.9982,0.0066,0.4900,-2.7300,0.7700
3553300,sitting,0.0146,-0.9987,0.0071,0.4900,-2.6950,0.7700
3553319,sitting,0.0144,-0.9984,0.0063,0.5250,-2.7300,0.8050
3553338,sitting,0.0151,-0.9984,0.0071,0.5600,-2.7300,0.8400
3553358,sitting,0.0146,-0.9982,0.0061,0.4900,-2.7300,0.7700
3553377,sitting,0.0149,-0.9984,0.0061,0.5250,-2.7300,0.8050
3553396,sitting,0.0146,-0.9994,0.0066,0.5600,-2.7300,0.8050
3553415,sitting,0.0144,-0.9989,0.0073,0.4900,-2.7300,0.8050
3553435,sitting,0.0146,-0.9987,0.0059,0.4900,-2.7300,0.7700
3553454,sitting,0.0146,-0.9984,0.0066,0.4900,-2.7300,0.7700
3553473,sitting,0.0154,-0.9989,0.0071,0.5250,-2.7300,0.7700
3553492,sitting,0.0142,-0.9980,0.0081,0.4550,-2.7300,0.8400
3553512,sitting,0.0146,-0.9977,0.0076,0.4550,-2.7650,0.8050
3553531,sitting,0.0151,-0.9989,0.0068,0.4900,-2.7300,0.8400
3553550,sitting,0.0149,-0.9997,0.0073,0.4900,-2.7300,0.8400
3553569,sitting,0.0166,-0.9989,0.0056,0.4900,-2.7300,0.8050
3553588,sitting,0.0159,-0.9987,0.0078,0.5250,-2.7300,0.8050
3553608,sitting,0.0154,-0.9987,0.0071,0.4900,-2.7300,0.8400
3553627,sitting,0.0149,-0.9992,0.0068,0.4900,-2.7650,0.7700
3553646,sitting,0.0151,-0.9992,0.0059,0.4900,-2.7300,0.8050
3553665,sitting,0.0149,-0.9982,0.0059,0.4550,-2.7300,0.8400
3553685,sitting,0.0144,-0.9984,0.0063,0.4900,-2.7300,0.7700
3553704,sitting,0.0149,-0.9987,0.0068,0.4900,-2.7300,0.8400
3553723,sitting,0.0154,-0.9989,0.0068,0.4900,-2.7300,0.8050
3553742,sitting,0.0144,-0.9987,0.0054,0.4900,-2.7300,0.7700
3553762,sitting,0.0146,-0.9977,0.0066,0.4900,-2.7300,0.8050
3553781,sitting,0.0151,-0.9984,0.0068,0.4900,-2.7650,0.7700
3553800,sitting,0.0159,-0.9984,0.0073,0.5250,-2.7300,0.8050
3553819,sitting,0.0149,-0.9987,0.0063,0.4900,-2.7300,0.8050
3553838,sitting,0.0146,-0.9977,0.0068,0.4900,-2.7650,0.7700
3553858,sitting,0.0156,-0.9984,0.0066,0.4900,-2.7300,0.7700
3553877,sitting,0.0142,-0.9994,0.0063,0.4900,-2.7300,0.8050
3553896,sitting,0.0144,-0.9984,0.0071,0.4550,-2.7300,0.8050
3553915,sitting,0.0149,-0.9992,0.0076,0.4900,-2.7300,0.7700
3553935,sitting,0.0154,-0.9980,0.0078,0.4900,-2.7300,0.7700
3553954,sitting,0.0156,-0.9980,0.0076,0.5250,-2.7650,0.8050
3553973,sitting,0.0144,-0.9982,0.0068,0.4900,-2.7300,0.8050
3553992,sitting,0.0156,-0.9992,0.0071,0.4900,-2.7300,0.7700
3554012,sitting,0.0156,-0.9977,0.0071,0.4900,-2.7300,0.7700
3554031,sitting,0.0144,-0.9977,0.0063,0.4900,-2.6950,0.7700
3554050,sitting,0.0149,-0.9982,0.0049,0.5600,-2.7300,0.8050
3554069,sitting,0.0142,-0.9987,0.0068,0.5250,-2.7300,0.7700
3554088,sitting,0.0142,-0.9982,0.0059,0.4900,-2.7300,0.8400
3554108,sitting,0.0144,-0.9984,0.0071,0.4900,-2.7300,0.8400
3554127,sitting,0.0144,-0.9987,0.0063,0.4900,-2.7300,0.8050
3554146,sitting,0.0146,-0.9987,0.0068,0.4550,-2.7300,0.7700
3554165,sitting,0.0146,-0.9989,0.0056,0.4900,-2.7300,0.8050
3554185,sitting,0.0149,-0.9984,0.0066,0.4900,-2.7300,0.8400
3554204,sitting,0.0151,-0.9975,0.0059,0.4900,-2.7300,0.7700
3554223,sitting,0.0154,-0.9984,0.0051,0.4900,-2.7300,0.7700
3554242,sitting,0.0156,-0.9984,0.0056,0.4550,-2.8000,0.7700
3554262,sitting,0.0139,-0.9992,0.0066,0.4900,-2.7300,0.8400
3554281,sitting,0.0146,-0.9987,0.0076,0.4900,-2.7300,0.8400
3554300,sitting,0.0151,-0.9977,0.0063,0.5250,-2.7300,0.8400
3554319,sitting,0.0144,-0.9997,0.0081,0.4550,-2.7300,0.7700
3554338,sitting,0.0159,-0.9989,0.0073,0.4550,-2.7300,0.8050
3554358,sitting,0.0146,-0.9987,0.0073,0.4550,-2.7300,0.8050
3554377,sitting,0.0163,-0.9992,0.0054,0.4900,-2.7300,0.8050
3554396,sitting,0.0159,-0.9987,0.0059,0.4900,-2.7300,0.7700
3554415,sitting,0.0154,-0.9975,0.0059,0.5250,-2.7300,0.8400
3554435,sitting,0.0146,-0.9977,0.0071,0.4900,-2.7300,0.8050
3554454,sitting,0.0146,-0.9980,0.0059,0.4900,-2.7300,0.8400
3554473,sitting,0.0149,-0.9987,0.0068,0.5250,-2.7300,0.8400
3554492,sitting,0.0146,-0.9984,0.0076,0.4900,-2.7300,0.8050
3554512,sitting,0.0139,-0.9987,0.0076,0.5600,-2.7300,0.8050
3554531,sitting,0.0151,-0.9992,0.0071,0.4900,-2.7300,0.8050
3554550,sitting,0.0146,-0.9987,0.0073,0.5250,-2.7300,0.7700
3554569,sitting,0.0154,-0.9982,0.0061,0.5250,-2.7300,0.8050
3554588,sitting,0.0151,-0.9980,0.0068,0.4900,-2.7300,0.7700
3554608,sitting,0.0144,-0.9987,0.0059,0.4900,-2.7300,0.7700
3554627,sitting,0.0149,-0.9987,0.0063,0.4900,-2.7300,0.8050
3554646,sitting,0.0154,-0.9982,0.0061,0.5250,-2.7300,0.8050
3554665,sitting,0.0154,-0.9984,0.0059,0.4900,-2.7300,0.7700
3554685,sitting,0.0146,-0.9987,0.0054,0.4900,-2.7300,0.7700
3554704,sitting,0.0149,-0.9982,0.0054,0.4900,-2.7300,0.7700
3554723,sitting,0.0149,-0.9980,0.0071,0.4900,-2.7300,0.7700
3554742,sitting,0.0146,-0.9984,0.0063,0.5250,-2.6950,0.8400
3554762,sitting,0.0151,-0.9982,0.0059,0.5250,-2.7300,0.7700
3554781,sitting,0.0146,-0.9982,0.0063,0.4900,-2.7300,0.8400
3554800,sitting,0.0151,-0.9989,0.0068,0.4900,-2.7300,0.7700
3554819,sitting,0.0146,-0.9987,0.0073,0.4900,-2.7300,0.7700
3554838,sitting,0.0142,-0.9977,0.0076,0.5250,-2.7650,0.8400
3554858,sitting,0.0151,-0.9975,0.0071,0.4900,-2.7650,0.8400
3554877,sitting,0.0142,-0.9992,0.0071,0.4900,-2.7300,0.8050
3554896,sitting,0.0149,-0.9987,0.0061,0.4900,-2.7300,0.8400
3554915,sitting,0.0151,-0.9982,0.0063,0.4900,-2.6950,0.8400
3554935,sitting,0.0154,-0.9989,0.0071,0.4900,-2.7300,0.8400
3554954,sitting,0.0146,-0.9977,0.0068,0.4900,-2.7300,0.8400
3554973,sitting,0.0146,-0.9980,0.0066,0.4900,-2.7300,0.8400
3554992,sitting,0.0151,-0.9984,0.0059,0.5250,-2.7300,0.7700
3555012,sitting,0.0149,-0.9992,0.0068,0.5250,-2.7300,0.7700
3555031,sitting,0.0142,-0.9987,0.0068,0.4900,-2.7300,0.7700
3555050,sitting,0.0146,-0.9987,0.0068,0.4550,-2.7300,0.7700
3555069,sitting,0.0149,-0.9994,0.0073,0.4900,-2.7300,0.7700
3555088,sitting,0.0144,-0.9992,0.0061,0.4900,-2.7300,0.8050
3555108,sitting,0.0149,-0.9977,0.0063,0.4900,-2.7300,0.8050
3555127,sitting,0.0151,-0.9987,0.0066,0.5250,-2.7300,0.8050
3555146,sitting,0.0144,-0.9984,0.0066,0.5600,-2.7300,0.7700
3555165,sitting,0.0144,-0.9987,0.0061,0.4900,-2.7300,0.7700
3555185,sitting,0.0154,-0.9984,0.0063,0.4900,-2.7300,0.7700
3555204,sitting,0.0156,-0.9992,0.0066,0.5600,-2.7300,0.7700
3555223,sitting,0.0146,-0.9982,0.0066,0.5250,-2.7300,0.7700
3555242,sitting,0.0142,-0.9984,0.0076,0.4900,-2.7300,0.8050
3555262,sitting,0.0154,-0.9980,0.0078,0.4900,-2.7300,0.7700
3555281,sitting,0.0156,-0.9992,0.0059,0.4900,-2.7300,0.8050
3555300,sitting,0.0151,-0.9980,0.0059,0.4900,-2.7650,0.7700
3555319,sitting,0.0154,-0.9987,0.0063,0.4900,-2.7300,0.8400
3555338,sitting,0.0151,-0.9987,0.0063,0.4900,-2.7300,0.8400
3555358,sitting,0.0154,-0.9989,0.0063,0.4900,-2.7650,0.8400
3555377,sitting,0.0151,-0.9989,0.0056,0.4900,-2.6950,0.8050
3555396,sitting,0.0156,-0.9984,0.0073,0.4900,-2.7300,0.8400
3555415,sitting,0.0144,-0.9980,0.0056,0.5250,-2.7300,0.8400
3555435,sitting,0.0154,-0.9984,0.0071,0.4900,-2.7300,0.8400
3555454,sitting,0.0146,-0.9982,0.0063,0.4900,-2.7300,0.8400
3555473,sitting,0.0156,-0.9987,0.0063,0.5250,-2.7300,0.8050
3555492,sitting,0.0156,-0.9982,0.0068,0.4900,-2.7650,0.8050
3555512,sitting,0.0149,-0.9987,0.0051,0.4200,-2.7300,0.8050
3555531,sitting,0.0144,-0.9982,0.0068,0.4550,-2.7300,0.8400
3555550,sitting,0.0142,-0.9987,0.0066,0.4900,-2.7300,0.8400
3555569,sitting,0.0146,-0.9989,0.0066,0.4900,-2.6950,0.8400
3555588,sitting,0.0151,-0.9997,0.0068,0.5250,-2.7300,0.8050
3555608,sitting,0.0151,-0.9989,0.0063,0.4900,-2.7300,0.8400
3555627,sitting,0.0144,-0.9992,0.0073,0.4900,-2.7300,0.7700
3555646,sitting,0.0151,-0.9987,0.0066,0.4900,-2.7300,0.8400
3555665,sitting,0.0149,-0.9997,0.0066,0.4900,-2.7300,0.8400
3555685,sitting,0.0149,-0.9992,0.0066,0.4900,-2.7300,0.8050
3555704,sitting,0.0146,-0.9987,0.0068,0.4900,-2.7300,0.7700
3555723,sitting,0.0151,-0.9980,0.0054,0.4900,-2.6950,0.7700
3555742,sitting,0.0154,-0.9989,0.0059,0.5250,-2.7300,0.8400
3555762,sitting,0.0151,-0.9984,0.0054,0.4900,-2.6950,0.8050
3555781,sitting,0.0146,-0.9982,0.0063,0.4900,-2.7300,0.8050
3555800,sitting,0.0142,-0.9987,0.0066,0.4900,-2.7300,0.8400
3555819,sitting,0.0149,-0.9987,0.0066,0.4900,-2.7300,0.8400
3555838,sitting,0.0151,-0.9982,0.0059,0.4900,-2.7650,0.8400
3555858,sitting,0.0149,-0.9997,0.0059,0.5250,-2.7300,0.7700
3555877,sitting,0.0142,-0.9997,0.0056,0.4900,-2.7300,0.7700
3555896,sitting,0.0142,-0.9989,0.0063,0.5250,-2.7300,0.7700
3555915,sitting,0.0144,-0.9984,0.0056,0.5250,-2.8000,0.8050
3555935,sitting,0.0149,-0.9989,0.0056,0.5250,-2.7300,0.8050
3555954,sitting,0.0151,-0.9992,0.0066,0.4900,-2.7300,0.7700
3555973,sitting,0.0149,-0.9989,0.0068,0.5250,-2.7650,0.8050
3555992,sitting,0.0142,-0.9982,0.0051,0.5600,-2.7300,0.8400
3556012,sitting,0.0146,-0.9980,0.0068,0.4900,-2.7650,0.8400
3556031,sitting,0.0146,-0.9987,0.0068,0.4900,-2.7300,0.8050
3556050,sitting,0.0149,-0.9999,0.0071,0.4900,-2.7300,0.8400
3556069,sitting,0.0156,-0.9994,0.0066,0.4900,-2.7300,0.8400
3556088,sitting,0.0156,-0.9987,0.0059,0.4900,-2.7650,0.8050
3556108,sitting,0.0154,-0.9984,0.0066,0.4550,-2.7300,0.8050
3556127,sitting,0.0154,-0.9977,0.0054,0.4900,-2.7300,0.8050
3556146,sitting,0.0146,-0.9997,0.0063,0.4900,-2.7300,0.7700
3556165,sitting,0.0146,-0.9987,0.0061,0.4900,-2.7300,0.7700
3556185,sitting,0.0149,-0.9984,0.0059,0.4550,-2.7300,0.7700
3556204,sitting,0.0154,-0.9980,0.0068,0.4200,-2.7650,0.7700
3556223,sitting,0.0142,-0.9975,0.0071,0.4900,-2.7650,0.8050
3556242,sitting,0.0151,-0.9980,0.0071,0.4900,-2.7300,0.8050
3556262,sitting,0.0151,-0.9982,0.0068,0.4900,-2.6950,0.8400
3556281,sitting,0.0151,-0.9984,0.0073,0.4900,-2.7300,0.7700
3556300,sitting,0.0149,-0.9987,0.0066,0.4900,-2.7300,0.7700
3556319,sitting,0.0149,-0.9987,0.0063,0.4900,-2.7300,0.8050
3556338,sitting,0.0142,-0.9982,0.0071,0.5250,-2.7300,0.8400
3556358,sitting,0.0149,-0.9984,0.0066,0.5250,-2.7300,0.8050
3556377,sitting,0.0161,-0.9982,0.0063,0.5250,-2.7300,0.8050
3556396,sitting,0.0151,-0.9987,0.0066,0.4900,-2.7300,0.8400
3556415,sitting,0.0151,-0.9984,0.0063,0.4900,-2.6950,0.8050
3556435,sitting,0.0144,-0.9984,0.0068,0.4900,-2.6950,0.7700
3556454,sitting,0.0146,-0.9982,0.0073,0.4900,-2.7300,0.7700
3556473,sitting,0.0156,-0.9992,0.0061,0.4900,-2.7300,0.8050
3556492,sitting,0.0154,-0.9989,0.0059,0.4900,-2.7300,0.8400
3556512,sitting,0.0149,-0.9989,0.0059,0.4900,-2.7300,0.7700
3556531,sitting,0.0144,-0.9982,0.0051,0.4900,-2.7300,0.8050
3556550,sitting,0.0146,-0.9984,0.0068,0.4900,-2.7300,0.7700
3556569,sitting,0.0139,-0.9987,0.0063,0.4900,-2.7650,0.8050
3556588,sitting,0.0132,-0.9984,0.0063,0.4900,-2.7300,0.7700
3556608,sitting,0.0144,-0.9989,0.0063,0.4900,-2.7300,0.8050
3556627,sitting,0.0144,-0.9977,0.0059,0.4900,-2.7300,0.8400
3556646,sitting,0.0144,-0.9982,0.0063,0.4900,-2.7300,0.8400
3556665,sitting,0.0151,-0.9980,0.0059,0.4900,-2.7300,0.8050
3556685,sitting,0.0149,-0.9975,0.0063,0.4900,-2.7300,0.8050
3556704,sitting,0.0159,-0.9989,0.0071,0.4900,-2.7650,0.7700
3556723,sitting,0.0146,-0.9972,0.0066,0.4900,-2.7650,0.8050
3556742,sitting,0.0146,-0.9975,0.0073,0.4900,-2.7300,0.7700
3556762,sitting,0.0144,-0.9980,0.0063,0.4550,-2.7300,0.8050
3556781,sitting,0.0151,-0.9984,0.0071,0.4900,-2.7300,0.7700
3556800,sitting,0.0146,-0.9989,0.0073,0.4900,-2.7300,0.8050
3556819,sitting,0.0149,-0.9982,0.0068,0.4900,-2.7300,0.7700
3556838,sitting,0.0149,-0.9992,0.0066,0.4900,-2.7300,0.8050
3556858,sitting,0.0151,-0.9989,0.0063,0.4550,-2.7300,0.8400
3556877,sitting,0.0154,-0.9984,0.0063,0.4900,-2.7300,0.8400
3556896,sitting,0.0151,-0.9984,0.0066,0.4900,-2.7300,0.8400
3556915,sitting,0.0149,-0.9992,0.0063,0.4900,-2.7300,0.7700
3556935,sitting,0.0159,-0.9980,0.0063,0.4900,-2.7300,0.8400
3556954,sitting,0.0154,-0.9984,0.0056,0.4900,-2.7300,0.7700
3556973,sitting,0.0151,-0.9980,0.0063,0.4900,-2.6950,0.7700
3556992,sitting,0.0149,-0.9997,0.0071,0.4900,-2.7300,0.8400
3557012,sitting,0.0149,-0.9992,0.0061,0.4900,-2.7300,0.8400
3557031,sitting,0.0144,-0.9984,0.0059,0.4900,-2.7300,0.7700
3557050,sitting,0.0159,-0.9989,0.0066,0.4900,-2.7300,0.7700
3557069,sitting,0.0149,-0.9982,0.0068,0.4900,-2.7300,0.7700
3557088,sitting,0.0151,-0.9987,0.0066,0.5250,-2.7650,0.7700
3557108,sitting,0.0137,-0.9982,0.0063,0.4900,-2.7300,0.8050
3557127,sitting,0.0146,-0.9987,0.0066,0.4550,-2.7300,0.8050
3557146,sitting,0.0154,-0.9992,0.0063,0.4550,-2.7300,0.8050
3557165,sitting,0.0154,-0.9982,0.0066,0.4550,-2.7300,0.8050
3557185,sitting,0.0149,-0.9982,0.0061,0.4900,-2.7650,0.7700
3557204,sitting,0.0144,-0.9975,0.0066,0.4900,-2.7300,0.8050
3557223,sitting,0.0139,-0.9982,0.0063,0.4900,-2.7300,0.7700
3557242,sitting,0.0156,-0.9984,0.0063,0.4900,-2.7300,0.8050
3557262,sitting,0.0139,-0.9987,0.0068,0.4900,-2.7300,0.8400
3557281,sitting,0.0149,-0.9984,0.0056,0.4900,-2.7300,0.8050
3557300,sitting,0.0154,-0.9989,0.0059,0.4900,-2.7300,0.8400
3557319,sitting,0.0159,-0.9984,0.0076,0.4900,-2.7650,0.8050
3557338,sitting,0.0149,-0.9977,0.0068,0.4900,-2.7650,0.8400
3557358,sitting,0.0144,-0.9982,0.0073,0.4900,-2.7650,0.7700
3557377,sitting,0.0146,-0.9987,0.0073,0.5600,-2.7300,0.8050
3557396,sitting,0.0142,-0.9984,0.0071,0.4900,-2.7300,0.8400
3557415,sitting,0.0142,-0.9989,0.0068,0.4550,-2.7650,0.7700
3557435,sitting,0.0142,-0.9992,0.0068,0.4900,-2.7300,0.8050
3557454,sitting,0.0144,-0.9984,0.0061,0.4900,-2.7300,0.8400
3557473,sitting,0.0149,-0.9984,0.0051,0.4900,-2.7300,0.8400
3557492,sitting,0.0161,-0.9987,0.0056,0.4550,-2.7300,0.8400
3557512,sitting,0.0151,-0.9984,0.0066,0.5250,-2.7300,0.8050
3557531,sitting,0.0146,-0.9987,0.0073,0.4900,-2.7300,0.8400
3557550,sitting,0.0142,-0.9994,0.0056,0.4900,-2.7300,0.8050
3557569,sitting,0.0154,-0.9987,0.0061,0.5250,-2.7300,0.7700
3557588,sitting,0.0144,-0.9992,0.0061,0.5250,-2.7300,0.8050
3557608,sitting,0.0149,-0.9992,0.0071,0.4900,-2.7300,0.8400
3557627,sitting,0.0154,-0.9984,0.0063,0.5250,-2.7300,0.8050
3557646,sitting,0.0151,-0.9980,0.0071,0.5600,-2.7300,0.7700
3557665,sitting,0.0154,-0.9980,0.0061,0.5250,-2.7300,0.8050
3557685,sitting,0.0154,-0.9984,0.0059,0.5250,-2.7300,0.7700
3557704,sitting,0.0151,-0.9984,0.0066,0.4900,-2.7300,0.7700
3557723,sitting,0.0149,-0.9994,0.0059,0.4550,-2.7300,0.7700
3557742,sitting,0.0151,-0.9982,0.0061,0.5250,-2.7300,0.7700
3557762,sitting,0.0146,-0.9982,0.0056,0.4900,-2.7300,0.7700
3557781,sitting,0.0159,-0.9982,0.0073,0.4900,-2.7650,0.7700
3557800,sitting,0.0149,-0.9992,0.0076,0.4900,-2.7300,0.8050
3557819,sitting,0.0149,-0.9977,0.0063,0.4900,-2.7300,0.7700
3557838,sitting,0.0149,-0.9987,0.0063,0.5250,-2.7300,0.8050
3557858,sitting,0.0146,-0.9987,0.0063,0.4900,-2.7300,0.8050
3557877,sitting,0.0146,-0.9989,0.0063,0.4550,-2.7650,0.8050
3557896,sitting,0.0159,-0.9984,0.0061,0.5250,-2.7300,0.8400
3557915,sitting,0.0159,-0.9982,0.0066,0.4900,-2.7650,0.8400
3557935,sitting,0.0154,-0.9987,0.0066,0.4900,-2.7300,0.8400
3557954,sitting,0.0154,-0.9984,0.0056,0.4900,-2.7300,0.8050
3557973,sitting,0.0149,-0.9984,0.0068,0.4900,-2.7650,0.8050
3557992,sitting,0.0144,-0.9987,0.0068,0.4900,-2.7300,0.8050
3558012,sitting,0.0146,-0.9987,0.0076,0.4550,-2.7300,0.8050
3558031,sitting,0.0149,-0.9984,0.0066,0.4900,-2.7650,0.8400
3558050,sitting,0.0149,-0.9977,0.0059,0.4900,-2.7300,0.8050
3558069,sitting,0.0151,-0.9977,0.0071,0.5250,-2.7300,0.8400
3558088,sitting,0.0154,-0.9982,0.0071,0.5250,-2.7300,0.8050
3558108,sitting,0.0151,-0.9997,0.0054,0.4900,-2.7300,0.8400
3558127,sitting,0.0149,-0.9989,0.0063,0.5250,-2.7650,0.8050
3558146,sitting,0.0156,-0.9982,0.0076,0.4900,-2.7300,0.8400
3558165,sitting,0.0149,-0.9982,0.0073,0.5250,-2.7300,0.8400
3558185,sitting,0.0149,-0.9975,0.0066,0.5250,-2.7300,0.8400
3558204,sitting,0.0149,-0.9975,0.0056,0.4900,-2.7300,0.7700
3558223,sitting,0.0154,-0.9992,0.0059,0.4900,-2.7300,0.7700
3558242,sitting,0.0149,-0.9994,0.0066,0.4900,-2.7300,0.7700
3558262,sitting,0.0142,-0.9989,0.0068,0.4900,-2.7300,0.7700
3558281,sitting,0.0151,-0.9989,0.0059,0.5250,-2.7300,0.7700
3558300,sitting,0.0144,-0.9989,0.0061,0.4900,-2.7300,0.7700
3558319,sitting,0.0156,-0.9989,0.0061,0.4900,-2.7300,0.7700
3558338,sitting,0.0149,-0.9977,0.0066,0.4900,-2.7300,0.7700
3558358,sitting,0.0146,-0.9987,0.0061,0.5250,-2.7300,0.7700
3558377,sitting,0.0144,-0.9977,0.0056,0.4900,-2.7650,0.7700
3558396,sitting,0.0144,-0.9977,0.0068,0.4900,-2.6950,0.7700
3558415,sitting,0.0144,-0.9987,0.0068,0.4900,-2.7300,0.7700
3558435,sitting,0.0159,-0.9987,0.0059,0.4900,-2.7300,0.8050
3558454,sitting,0.0159,-0.9982,0.0061,0.5250,-2.7300,0.7700
3558473,sitting,0.0146,-0.9980,0.0066,0.4900,-2.7300,0.7700
3558492,sitting,0.0151,-0.9982,0.0076,0.5250,-2.7300,0.7700
3558512,sitting,0.0144,-0.9982,0.0061,0.5600,-2.7300,0.8050
3558531,sitting,0.0149,-0.9984,0.0063,0.5600,-2.7650,0.8400
3558550,sitting,0.0151,-0.9982,0.0066,0.4900,-2.7300,0.8050
3558569,sitting,0.0154,-0.9989,0.0061,0.4900,-2.7300,0.8400
3558588,sitting,0.0149,-0.9987,0.0061,0.4900,-2.7650,0.8050
3558608,sitting,0.0151,-0.9982,0.0061,0.4900,-2.7300,0.8400
3558627,sitting,0.0156,-0.9977,0.0063,0.4900,-2.7300,0.8050
3558646,sitting,0.0142,-0.9984,0.0063,0.4900,-2.7650,0.7700
3558665,sitting,0.0154,-0.9987,0.0066,0.4900,-2.7650,0.7700
3558685,sitting,0.0161,-0.9980,0.0073,0.5250,-2.7300,0.8400
3558704,sitting,0.0151,-0.9987,0.0056,0.4900,-2.7300,0.7700
3558723,sitting,0.0144,-0.9984,0.0054,0.4900,-2.7300,0.7700
3558742,sitting,0.0149,-0.9982,0.0068,0.4900,-2.7300,0.8050
3558762,sitting,0.0142,-0.9994,0.0061,0.4900,-2.7300,0.8050
3558781,sitting,0.0142,-0.9987,0.0059,0.4900,-2.7300,0.8400
3558800,sitting,0.0149,-0.9982,0.0059,0.5250,-2.7300,0.8400
3558819,sitting,0.0161,-0.9989,0.0059,0.4900,-2.7300,0.8400
3558838,sitting,0.0156,-0.9984,0.0078,0.4900,-2.7300,0.8400
3558858,sitting,0.0149,-0.9980,0.0063,0.5250,-2.7300,0.8400
3558877,sitting,0.0151,-0.9982,0.0063,0.5250,-2.7300,0.7700
3558896,sitting,0.0146,-0.9984,0.0054,0.4900,-2.7650,0.8400
3558915,sitting,0.0146,-0.9989,0.0068,0.4900,-2.7300,0.7700
3558935,sitting,0.0144,-0.9982,0.0059,0.4900,-2.7300,0.7700
3558954,sitting,0.0151,-0.9982,0.0061,0.5250,-2.7300,0.7700
3558973,sitting,0.0146,-0.9987,0.0081,0.4900,-2.7300,0.7700
3558992,sitting,0.0149,-0.9984,0.0073,0.4900,-2.7300,0.8050
3559012,sitting,0.0156,-0.9997,0.0061,0.4900,-2.7300,0.7700
3559031,sitting,0.0154,-0.9989,0.0059,0.4900,-2.7300,0.7700
3559050,sitting,0.0149,-0.9989,0.0071,0.5250,-2.7300,0.8050
3559069,sitting,0.0151,-0.9982,0.0073,0.4900,-2.7300,0.7700
3559088,sitting,0.0151,-0.9994,0.0059,0.4900,-2.7300,0.7700
3559108,sitting,0.0154,-0.9982,0.0063,0.4900,-2.7300,0.8400
3559127,sitting,0.0156,-0.9992,0.0076,0.4900,-2.7300,0.7700
3559146,sitting,0.0146,-0.9989,0.0063,0.4550,-2.7300,0.7700
3559165,sitting,0.0154,-0.9984,0.0056,0.4900,-2.7300,0.7700
3559185,sitting,0.0149,-0.9989,0.0056,0.5250,-2.7650,0.7700
3559204,sitting,0.0151,-0.9984,0.0063,0.4900,-2.7300,0.8050
3559223,sitting,0.0142,-0.9984,0.0068,0.4900,-2.7300,0.8400
3559242,sitting,0.0149,-0.9984,0.0059,0.4900,-2.7300,0.8400
3559262,sitting,0.0149,-0.9982,0.0066,0.4900,-2.7650,0.8400
3559281,sitting,0.0142,-0.9987,0.0061,0.4900,-2.7300,0.8400
3559300,sitting,0.0146,-0.9992,0.0066,0.4900,-2.6950,0.8400
3559319,sitting,0.0146,-0.9972,0.0073,0.4900,-2.7300,0.8050
3559338,sitting,0.0151,-0.9980,0.0066,0.4550,-2.7300,0.8400
3559358,sitting,0.0149,-0.9989,0.0056,0.4900,-2.7300,0.8400
3559377,sitting,0.0144,-0.9982,0.0068,0.4900,-2.7300,0.8050
3559396,sitting,0.0154,-0.9977,0.0071,0.4900,-2.7300,0.8400
3559415,sitting,0.0156,-0.9982,0.0066,0.5250,-2.7300,0.8400
3559435,sitting,0.0146,-0.9984,0.0071,0.4900,-2.7300,0.8400
3559454,sitting,0.0149,-0.9984,0.0071,0.4900,-2.7300,0.7700
3559473,sitting,0.0156,-0.9984,0.0071,0.4900,-2.7300,0.7700
3559492,sitting,0.0154,-0.9982,0.0056,0.5250,-2.7650,0.8050
3559512,sitting,0.0151,-0.9980,0.0054,0.5600,-2.6950,0.8050
3559531,sitting,0.0156,-0.9982,0.0066,0.4900,-2.7300,0.8400
3559550,sitting,0.0146,-0.9984,0.0063,0.4900,-2.7300,0.8400
3559569,sitting,0.0144,-0.9989,0.0066,0.4550,-2.7300,0.7700
3559588,sitting,0.0149,-0.9989,0.0059,0.5250,-2.7300,0.7700
3559608,sitting,0.0156,-0.9989,0.0059,0.5600,-2.7300,0.7700
3559627,sitting,0.0149,-0.9989,0.0073,0.4900,-2.7300,0.7700
3559646,sitting,0.0146,-0.9984,0.0063,0.4900,-2.7300,0.8050
3559665,sitting,0.0144,-0.9992,0.0059,0.4900,-2.7650,0.7700
3559685,sitting,0.0144,-0.9980,0.0051,0.4900,-2.7300,0.8400
3559704,sitting,0.0154,-0.9982,0.0066,0.4900,-2.7650,0.8400
3559723,sitting,0.0151,-0.9982,0.0068,0.5250,-2.7300,0.8400
3559742,sitting,0.0159,-0.9982,0.0063,0.4900,-2.7300,0.8050
3559762,sitting,0.0151,-0.9967,0.0066,0.4900,-2.7300,0.7700
3559781,sitting,0.0149,-0.9972,0.0059,0.4900,-2.7650,0.7700
3559800,sitting,0.0146,-0.9987,0.0068,0.4900,-2.7300,0.8050
3559819,sitting,0.0151,-0.9992,0.0063,0.4900,-2.7300,0.7700
3559838,sitting,0.0142,-0.9984,0.0068,0.5250,-2.7650,0.8050
3559858,sitting,0.0151,-0.9982,0.0063,0.4900,-2.7300,0.8400
3559877,sitting,0.0161,-0.9984,0.0063,0.4900,-2.7300,0.7700
3559896,sitting,0.0144,-0.9989,0.0068,0.4900,-2.7300,0.8400
3559915,sitting,0.0154,-0.9992,0.0063,0.4900,-2.7300,0.8050
3559935,sitting,0.0156,-0.9987,0.0066,0.4200,-2.7300,0.8400
3559954,sitting,0.0142,-0.9984,0.0063,0.4900,-2.7300,0.8050
3559973,sitting,0.0146,-0.9980,0.0078,0.4550,-2.7300,0.8400
3559992,sitting,0.0146,-0.9984,0.0068,0.4900,-2.7300,0.8050
3560012,sitting,0.0154,-0.9989,0.0071,0.4900,-2.7300,0.8400
3560031,sitting,0.0161,-0.9987,0.0073,0.5250,-2.7300,0.8400
3560050,sitting,0.0154,-0.9987,0.0068,0.5600,-2.7300,0.7700
3560069,sitting,0.0154,-0.9989,0.0056,0.4900,-2.7300,0.7700
3560088,sitting,0.0146,-0.9977,0.0059,0.5250,-2.7300,0.8050
3560108,sitting,0.0151,-0.9980,0.0063,0.4900,-2.7300,0.8050
3560127,sitting,0.0154,-0.9984,0.0054,0.4900,-2.6950,0.7700
3560146,sitting,0.0161,-0.9987,0.0068,0.4900,-2.7300,0.7700
3560165,sitting,0.0149,-0.9994,0.0066,0.5250,-2.7300,0.8050
3560185,sitting,0.0154,-0.9989,0.0071,0.4900,-2.7300,0.8400
3560204,sitting,0.0151,-0.9989,0.0056,0.4900,-2.7300,0.8050
3560223,sitting,0.0142,-0.9992,0.0059,0.4900,-2.7300,0.7700
3560242,sitting,0.0142,-0.9989,0.0061,0.4900,-2.7650,0.8050
3560262,sitting,0.0149,-0.9987,0.0078,0.4900,-2.7650,0.8050
3560281,sitting,0.0146,-0.9984,0.0063,0.4900,-2.7300,0.8400
3560300,sitting,0.0146,-0.9980,0.0061,0.5250,-2.6950,0.8050
3560319,sitting,0.0154,-0.9984,0.0056,0.4900,-2.7300,0.7700
3560338,sitting,0.0156,-0.9989,0.0061,0.5250,-2.7300,0.7700
3560358,sitting,0.0156,-0.9984,0.0066,0.4900,-2.7300,0.8050
3560377,sitting,0.0149,-0.9989,0.0066,0.4900,-2.7300,0.7700
3560396,sitting,0.0146,-0.9982,0.0051,0.4900,-2.7300,0.7700
3560415,sitting,0.0149,-0.9982,0.0059,0.4900,-2.8000,0.7700
3560435,sitting,0.0142,-0.9982,0.0056,0.4900,-2.7300,0.7700
3560454,sitting,0.0149,-0.9987,0.0056,0.4900,-2.7300,0.7700
3560473,sitting,0.0144,-0.9989,0.0056,0.4900,-2.7300,0.7700
3560492,sitting,0.0146,-0.9994,0.0066,0.4900,-2.7300,0.7700
3560512,sitting,0.0154,-0.9987,0.0063,0.4900,-2.7300,0.8050
3560531,sitting,0.0154,-0.9989,0.0056,0.4900,-2.7300,0.8400
3560550,sitting,0.0149,-0.9987,0.0063,0.4550,-2.7300,0.8050
3560569,sitting,0.0149,-0.9989,0.0066,0.4900,-2.7300,0.8400
3560588,sitting,0.0146,-0.9984,0.0063,0.4900,-2.7300,0.7700
3560608,sitting,0.0146,-0.9977,0.0063,0.4900,-2.7300,0.8400
3560627,sitting,0.0149,-0.9989,0.0061,0.4900,-2.7300,0.8400
3560646,sitting,0.0151,-0.9997,0.0066,0.4900,-2.7650,0.8050
3560665,sitting,0.0146,-0.9989,0.0051,0.4900,-2.7300,0.8050
3560685,sitting,0.0144,-0.9984,0.0061,0.4900,-2.7300,0.8400
3560704,sitting,0.0142,-0.9989,0.0063,0.4900,-2.7300,0.8050
3560723,sitting,0.0144,-0.9987,0.0066,0.5600,-2.7300,0.8050
3560742,sitting,0.0149,-0.9982,0.0068,0.4900,-2.7300,0.8050
3560762,sitting,0.0146,-0.9989,0.0066,0.4900,-2.7300,0.8400
3560781,sitting,0.0154,-0.9992,0.0068,0.5250,-2.7300,0.7700
3560800,sitting,0.0149,-0.9987,0.0078,0.4900,-2.7300,0.7700
3560819,sitting,0.0159,-0.9989,0.0063,0.4900,-2.7300,0.7700
3560838,sitting,0.0149,-0.9987,0.0061,0.5250,-2.7300,0.7700
3560858,sitting,0.0159,-0.9989,0.0059,0.4900,-2.7300,0.7700
3560877,sitting,0.0159,-0.9989,0.0061,0.5250,-2.7650,0.8050
3560896,sitting,0.0149,-0.9992,0.0071,0.4900,-2.7300,0.7700
3560915,sitting,0.0159,-0.9992,0.0076,0.4900,-2.7300,0.8050
3560935,sitting,0.0146,-0.9984,0.0068,0.4900,-2.7300,0.8400
3560954,sitting,0.0151,-0.9982,0.0059,0.5250,-2.7300,0.8050
3560973,sitting,0.0151,-0.9989,0.0059,0.4900,-2.7300,0.8400
3560992,sitting,0.0154,-0.9975,0.0063,0.4900,-2.7300,0.8050
3561012,sitting,0.0154,-0.9980,0.0066,0.5250,-2.7300,0.8050
3561031,sitting,0.0159,-0.9987,0.0068,0.5250,-2.7300,0.8400
3561050,sitting,0.0142,-0.9980,0.0073,0.4900,-2.7300,0.8400
3561069,sitting,0.0144,-0.9987,0.0073,0.4900,-2.7300,0.8050
3561088,sitting,0.0144,-0.9987,0.0073,0.4900,-2.7300,0.8400
3561108,sitting,0.0154,-0.9987,0.0071,0.4550,-2.6950,0.8050
3561127,sitting,0.0154,-0.9980,0.0068,0.4900,-2.7300,0.8400
3561146,sitting,0.0149,-0.9987,0.0068,0.4900,-2.7300,0.8400
3561165,sitting,0.0144,-0.9989,0.0063,0.5250,-2.7650,0.7700
3561185,sitting,0.0149,-0.9984,0.0061,0.4900,-2.7300,0.7700
3561204,sitting,0.0146,-0.9987,0.0066,0.5250,-2.7300,0.7700
3561223,sitting,0.0154,-0.9989,0.0063,0.4900,-2.7300,0.7700
3561242,sitting,0.0146,-0.9989,0.0073,0.4900,-2.7300,0.7700
3561262,sitting,0.0137,-0.9984,0.0068,0.5250,-2.7300,0.8400
3561281,sitting,0.0146,-0.9989,0.0059,0.5250,-2.7300,0.8400
3561300,sitting,0.0156,-0.9984,0.0066,0.4900,-2.7300,0.8400
3561319,sitting,0.0154,-0.9989,0.0068,0.4900,-2.7300,0.8400
3561338,sitting,0.0156,-0.9989,0.0073,0.5250,-2.7300,0.8050
3561358,sitting,0.0144,-0.9994,0.0068,0.4900,-2.7300,0.8050
3561377,sitting,0.0151,-0.9970,0.0063,0.4900,-2.7300,0.8400
3561396,sitting,0.0151,-0.9977,0.0066,0.4900,-2.7300,0.8400
3561415,sitting,0.0159,-0.9987,0.0073,0.5250,-2.7650,0.8050
3561435,sitting,0.0146,-0.9982,0.0061,0.4900,-2.7300,0.8400
3561454,sitting,0.0154,-0.9989,0.0056,0.4900,-2.6950,0.7700
3561473,sitting,0.0142,-0.9987,0.0061,0.4900,-2.7650,0.7700
3561492,sitting,0.0151,-0.9989,0.0063,0.4900,-2.7300,0.8400
3561512,sitting,0.0151,-0.9987,0.0061,0.4900,-2.7300,0.7700
3561531,sitting,0.0144,-0.9984,0.0068,0.4900,-2.7300,0.8050
3561550,sitting,0.0139,-0.9987,0.0071,0.4900,-2.7300,0.7700
3561569,sitting,0.0149,-0.9989,0.0063,0.4900,-2.7300,0.8050
3561588,sitting,0.0154,-0.9982,0.0056,0.5250,-2.7650,0.7700
3561608,sitting,0.0149,-0.9987,0.0063,0.4900,-2.7300,0.8050
3561627,sitting,0.0146,-0.9982,0.0068,0.4900,-2.7300,0.7700
3561646,sitting,0.0142,-0.9989,0.0061,0.4900,-2.7300,0.7700
3561665,sitting,0.0156,-0.9982,0.0054,0.4550,-2.7650,0.7700
3561685,sitting,0.0142,-0.9994,0.0068,0.4900,-2.7300,0.8050
3561704,sitting,0.0142,-0.9984,0.0063,0.4900,-2.7300,0.8050
3561723,sitting,0.0146,-0.9984,0.0071,0.5250,-2.7300,0.8050
3561742,sitting,0.0146,-0.9987,0.0071,0.4900,-2.7650,0.8050
3561762,sitting,0.0146,-0.9992,0.0068,0.4900,-2.7300,0.7700
3561781,sitting,0.0142,-0.9980,0.0068,0.4900,-2.7650,0.8050
3561800,sitting,0.0146,-0.9992,0.0061,0.4900,-2.7300,0.8400
3561819,sitting,0.0134,-0.9992,0.0063,0.4900,-2.6950,0.7700
3561838,sitting,0.0144,-0.9980,0.0068,0.4900,-2.6950,0.8050
3561858,sitting,0.0154,-0.9982,0.0073,0.4550,-2.7300,0.8050
3561877,sitting,0.0142,-0.9992,0.0063,0.4900,-2.7300,0.8050
3561896,sitting,0.0142,-0.9980,0.0071,0.4900,-2.7300,0.7700
3561915,sitting,0.0149,-0.9982,0.0063,0.4900,-2.7300,0.8050
3561935,sitting,0.0144,-0.9982,0.0066,0.4900,-2.7300,0.8400
3561954,sitting,0.0144,-0.9992,0.0073,0.4900,-2.7300,0.8050
3561973,sitting,0.0144,-0.9987,0.0076,0.4900,-2.7300,0.8050
3561992,sitting,0.0149,-0.9989,0.0056,0.5250,-2.7300,0.8050
3562012,sitting,0.0149,-0.9982,0.0063,0.4900,-2.7300,0.8050
3562031,sitting,0.0159,-0.9987,0.0063,0.5600,-2.7300,0.7700
3562050,sitting,0.0154,-0.9984,0.0066,0.5250,-2.7300,0.8050
3562069,sitting,0.0144,-0.9982,0.0061,0.4900,-2.7300,0.7700
3562088,sitting,0.0159,-0.9982,0.0054,0.4900,-2.7300,0.7700
3562108,sitting,0.0142,-0.9989,0.0063,0.5250,-2.7300,0.7700
3562127,sitting,0.0151,-0.9989,0.0071,0.4900,-2.7300,0.7700
3562146,sitting,0.0149,-0.9980,0.0066,0.5250,-2.7300,0.8050
3562165,sitting,0.0146,-0.9992,0.0068,0.4900,-2.7300,0.8050
3562185,sitting,0.0154,-0.9992,0.0063,0.4900,-2.7300,0.8050
3562204,sitting,0.0151,-0.9997,0.0063,0.4900,-2.7300,0.8050
3562223,sitting,0.0149,-0.9980,0.0066,0.4900,-2.7300,0.8050
3562242,sitting,0.0159,-0.9975,0.0061,0.4900,-2.7300,0.8050
3562262,sitting,0.0151,-0.9987,0.0059,0.4900,-2.7300,0.8400
3562281,sitting,0.0154,-0.9989,0.0066,0.4900,-2.7300,0.8050
3562300,sitting,0.0149,-0.9982,0.0056,0.4900,-2.7300,0.8400
3562319,sitting,0.0137,-0.9984,0.0063,0.4550,-2.6950,0.8050
3562338,sitting,0.0144,-0.9980,0.0061,0.4900,-2.7300,0.8050
3562358,sitting,0.0156,-0.9984,0.0063,0.4900,-2.7300,0.8400
3562377,sitting,0.0154,-0.9984,0.0061,0.4550,-2.7300,0.8050
3562396,sitting,0.0154,-0.9980,0.0063,0.4550,-2.7300,0.8050
3562415,sitting,0.0146,-0.9984,0.0071,0.4900,-2.6950,0.8400
3562435,sitting,0.0154,-0.9989,0.0063,0.4900,-2.7650,0.8050
3562454,sitting,0.0154,-0.9989,0.0066,0.4900,-2.7300,0.8050
3562473,sitting,0.0161,-0.9982,0.0061,0.4900,-2.7300,0.8400
3562492,sitting,0.0146,-0.9987,0.0061,0.4900,-2.7300,0.8400
3562512,sitting,0.0142,-0.9984,0.0068,0.4900,-2.6950,0.8400
3562531,sitting,0.0149,-0.9980,0.0066,0.4900,-2.7300,0.8050
3562550,sitting,0.0159,-0.9992,0.0059,0.4900,-2.7300,0.7700
3562569,sitting,0.0146,-0.9980,0.0063,0.4900,-2.7300,0.8050
3562588,sitting,0.0144,-0.9980,0.0066,0.4900,-2.7650,0.8050
3562608,sitting,0.0144,-0.9989,0.0063,0.4900,-2.7300,0.8050
3562627,sitting,0.0146,-0.9994,0.0063,0.4900,-2.7300,0.8050
3562646,sitting,0.0163,-0.9982,0.0066,0.4900,-2.7300,0.7700
3562665,sitting,0.0149,-0.9984,0.0061,0.5600,-2.7300,0.8400
3562685,sitting,0.0146,-0.9984,0.0073,0.4900,-2.6950,0.8400
3562704,sitting,0.0149,-0.9989,0.0068,0.4900,-2.7300,0.8050
3562723,sitting,0.0151,-0.9977,0.0061,0.4900,-2.7300,0.7700
3562742,sitting,0.0146,-0.9984,0.0061,0.4900,-2.7300,0.7700
3562762,sitting,0.0154,-0.9987,0.0063,0.4900,-2.7300,0.7700
3562781,sitting,0.0154,-0.9975,0.0061,0.5250,-2.7300,0.7700
3562800,sitting,0.0144,-0.9987,0.0066,0.5250,-2.7300,0.7700
3562819,sitting,0.0149,-0.9987,0.0063,0.4900,-2.7300,0.7700
3562838,sitting,0.0149,-0.9987,0.0059,0.4900,-2.7300,0.8050
3562858,sitting,0.0154,-0.9980,0.0059,0.4900,-2.7300,0.7700
3562877,sitting,0.0144,-0.9989,0.0071,0.4900,-2.6950,0.7700
3562896,sitting,0.0151,-0.9977,0.0063,0.4900,-2.7300,0.8050
3562915,sitting,0.0151,-0.9982,0.0066,0.5250,-2.7300,0.8050
3562935,sitting,0.0149,-0.9987,0.0071,0.5250,-2.7300,0.8400
3562954,sitting,0.0146,-0.9997,0.0073,0.4900,-2.7300,0.8400
3562973,sitting,0.0144,-0.9984,0.0071,0.4900,-2.7300,0.8050
3562992,sitting,0.0146,-0.9987,0.0066,0.4550,-2.7300,0.8050
3563012,sitting,0.0146,-0.9987,0.0071,0.4900,-2.7300,0.8050
3563031,sitting,0.0144,-0.9992,0.0076,0.4900,-2.7300,0.8400
3563050,sitting,0.0146,-0.9987,0.0071,0.4900,-2.6950,0.8400
3563069,sitting,0.0149,-0.9997,0.0068,0.4900,-2.7300,0.7700
3563088,sitting,0.0154,-0.9977,0.0066,0.4900,-2.7300,0.7700
3563108,sitting,0.0154,-0.9987,0.0066,0.4900,-2.7300,0.7700
3563127,sitting,0.0159,-0.9980,0.0059,0.4900,-2.7300,0.8400
3563146,sitting,0.0144,-0.9987,0.0061,0.4900,-2.7300,0.8400
3563165,sitting,0.0149,-0.9987,0.0059,0.4900,-2.7300,0.8050
3563185,sitting,0.0142,-0.9982,0.0066,0.5250,-2.7300,0.7700
3563204,sitting,0.0142,-0.9989,0.0056,0.4900,-2.7300,0.8400
3563223,sitting,0.0154,-0.9982,0.0054,0.4900,-2.7300,0.8400
3563242,sitting,0.0154,-0.9989,0.0056,0.4900,-2.7300,0.8400
3563262,sitting,0.0159,-0.9992,0.0054,0.4900,-2.7300,0.8400
3563281,sitting,0.0144,-1.0002,0.0066,0.4900,-2.7300,0.7700
3563300,sitting,0.0142,-0.9989,0.0068,0.4900,-2.7300,0.8050
3563319,sitting,0.0149,-0.9977,0.0061,0.5250,-2.7300,0.8050
3563338,sitting,0.0149,-0.9984,0.0059,0.5250,-2.7300,0.7700
3563358,sitting,0.0134,-0.9989,0.0056,0.5250,-2.7300,0.7700
3563377,sitting,0.0146,-0.9989,0.0066,0.4900,-2.7300,0.8400
3563396,sitting,0.0146,-0.9984,0.0061,0.5600,-2.7300,0.8050
3563415,sitting,0.0142,-0.9984,0.0061,0.4900,-2.7300,0.7700
3563435,sitting,0.0151,-0.9984,0.0066,0.4900,-2.7300,0.7700
3563454,sitting,0.0149,-0.9992,0.0068,0.4900,-2.7300,0.8050
3563473,sitting,0.0149,-0.9989,0.0071,0.4900,-2.7300,0.8050
3563492,sitting,0.0146,-0.9982,0.0059,0.4900,-2.7300,0.8400
3563512,sitting,0.0151,-0.9980,0.0068,0.5250,-2.7300,0.7700
3563531,sitting,0.0151,-0.9982,0.0068,0.4900,-2.7300,0.8050
3563550,sitting,0.0146,-0.9997,0.0063,0.4900,-2.7300,0.7700
3563569,sitting,0.0156,-0.9982,0.0066,0.4900,-2.7300,0.8400
3563588,sitting,0.0146,-0.9989,0.0061,0.4900,-2.7300,0.8050
3563608,sitting,0.0151,-0.9980,0.0071,0.4900,-2.7300,0.8400
3563627,sitting,0.0144,-0.9984,0.0066,0.4900,-2.7650,0.7700
3563646,sitting,0.0146,-0.9984,0.0066,0.4900,-2.7300,0.7700
3563665,sitting,0.0144,-0.9984,0.0068,0.4900,-2.7300,0.7700
3563685,sitting,0.0144,-0.9984,0.0063,0.4900,-2.7300,0.8050
3563704,sitting,0.0146,-0.9987,0.0066,0.4550,-2.7300,0.7700
3563723,sitting,0.0139,-0.9989,0.0059,0.4900,-2.7300,0.7700
3563742,sitting,0.0144,-0.9989,0.0076,0.4550,-2.7300,0.8400
3563762,sitting,0.0159,-0.9984,0.0061,0.4900,-2.7650,0.8400
3563781,sitting,0.0151,-0.9982,0.0071,0.4550,-2.7300,0.8400
3563800,sitting,0.0144,-0.9972,0.0063,0.4900,-2.7300,0.8050
3563819,sitting,0.0154,-0.9987,0.0073,0.5600,-2.6950,0.8400
3563838,sitting,0.0146,-0.9980,0.0068,0.5250,-2.7300,0.7700
3563858,sitting,0.0139,-0.9982,0.0063,0.5250,-2.7300,0.8050
3563877,sitting,0.0139,-0.9989,0.0056,0.4900,-2.7300,0.8400
3563896,sitting,0.0137,-0.9984,0.0063,0.4900,-2.7650,0.8400
3563915,sitting,0.0137,-0.9989,0.0068,0.4900,-2.7300,0.8050
3563935,sitting,0.0144,-0.9984,0.0076,0.5250,-2.7650,0.8400
3563954,sitting,0.0146,-0.9984,0.0066,0.4900,-2.7300,0.8050
3563973,sitting,0.0149,-0.9984,0.0073,0.5250,-2.7300,0.7700
3563992,sitting,0.0146,-0.9987,0.0061,0.4900,-2.7300,0.7700
3564012,sitting,0.0151,-0.9980,0.0059,0.4900,-2.7300,0.7700
3564031,sitting,0.0151,-0.9975,0.0059,0.5250,-2.7300,0.8400
3564050,sitting,0.0139,-0.9982,0.0061,0.4900,-2.7300,0.7700
3564069,sitting,0.0149,-0.9987,0.0059,0.5600,-2.7300,0.7700
3564088,sitting,0.0139,-0.9994,0.0061,0.4900,-2.6950,0.7700
3564108,sitting,0.0161,-0.9989,0.0076,0.5250,-2.7300,0.8050
3564127,sitting,0.0154,-0.9987,0.0063,0.4900,-2.7300,0.7700
3564146,sitting,0.0151,-0.9980,0.0063,0.4900,-2.7300,0.8050
3564165,sitting,0.0149,-0.9984,0.0068,0.4900,-2.7650,0.7700
3564185,sitting,0.0144,-0.9987,0.0063,0.4900,-2.7300,0.8400
3564204,sitting,0.0161,-0.9980,0.0063,0.4900,-2.7300,0.8050
3564223,sitting,0.0149,-0.9984,0.0073,0.4900,-2.7300,0.8400
3564242,sitting,0.0149,-0.9987,0.0071,0.4900,-2.7300,0.8050
3564262,sitting,0.0146,-0.9982,0.0059,0.4550,-2.7300,0.7700
3564281,sitting,0.0159,-0.9987,0.0068,0.4550,-2.7300,0.8050
3564300,sitting,0.0156,-0.9984,0.0071,0.4550,-2.7300,0.8400
3564319,sitting,0.0144,-0.9984,0.0076,0.4900,-2.7300,0.8400
3564338,sitting,0.0142,-0.9989,0.0056,0.4900,-2.7300,0.8400
3564358,sitting,0.0146,-0.9994,0.0061,0.4900,-2.7300,0.8400
3564377,sitting,0.0154,-0.9984,0.0066,0.4900,-2.7300,0.8400
3564396,sitting,0.0151,-0.9992,0.0066,0.4900,-2.7300,0.8050
3564415,sitting,0.0144,-0.9992,0.0059,0.4900,-2.7300,0.8400
3564435,sitting,0.0149,-0.9989,0.0056,0.4900,-2.7300,0.8050
3564454,sitting,0.0142,-0.9989,0.0073,0.4900,-2.7300,0.8050
3564473,sitting,0.0151,-0.9984,0.0063,0.5250,-2.7300,0.8400
3564492,sitting,0.0149,-0.9982,0.0068,0.4900,-2.7300,0.8400
3564512,sitting,0.0151,-0.9989,0.0066,0.5250,-2.7300,0.8050
3564531,sitting,0.0139,-0.9982,0.0059,0.4900,-2.7300,0.8050
3564550,sitting,0.0146,-0.9999,0.0056,0.4900,-2.6950,0.8050
3564569,sitting,0.0146,-0.9984,0.0068,0.4550,-2.7300,0.8050
3564588,sitting,0.0154,-0.9987,0.0063,0.5250,-2.7300,0.7700
3564608,sitting,0.0149,-0.9987,0.0076,0.4900,-2.7300,0.7700
3564627,sitting,0.0151,-0.9989,0.0059,0.4900,-2.7300,0.8400
3564646,sitting,0.0149,-0.9987,0.0068,0.4900,-2.7300,0.7700
3564665,sitting,0.0149,-0.9982,0.0066,0.5250,-2.7650,0.8050
3564685,sitting,0.0146,-0.9984,0.0061,0.4900,-2.7300,0.8050
3564704,sitting,0.0151,-0.9989,0.0068,0.4900,-2.7650,0.8400
3564723,sitting,0.0149,-0.9992,0.0063,0.4900,-2.7300,0.8050
3564742,sitting,0.0144,-0.9975,0.0066,0.4900,-2.7300,0.8400
3564762,sitting,0.0149,-0.9980,0.0063,0.4900,-2.7650,0.8400
3564781,sitting,0.0137,-0.9987,0.0073,0.4550,-2.7300,0.8050
3564800,sitting,0.0142,-0.9989,0.0061,0.4900,-2.7300,0.8050
3564819,sitting,0.0144,-0.9992,0.0056,0.4900,-2.7300,0.8050
3564838,sitting,0.0149,-0.9980,0.0066,0.5250,-2.7300,0.8400
3564858,sitting,0.0151,-0.9982,0.0066,0.4900,-2.7300,0.8050
3564877,sitting,0.0144,-0.9987,0.0066,0.4550,-2.7300,0.8400
3564896,sitting,0.0146,-0.9987,0.0066,0.4900,-2.7300,0.8050
3564915,sitting,0.0156,-0.9984,0.0066,0.4900,-2.7650,0.8050
3564935,sitting,0.0149,-0.9987,0.0059,0.4900,-2.7300,0.8050
3564954,sitting,0.0149,-0.9997,0.0061,0.4900,-2.7300,0.7700
3564973,sitting,0.0146,-0.9989,0.0056,0.4900,-2.7300,0.8400
3564992,sitting,0.0149,-0.9984,0.0059,0.4900,-2.7300,0.8050
3565012,sitting,0.0156,-0.9992,0.0068,0.4900,-2.7300,0.8400
3565031,sitting,0.0151,-0.9987,0.0073,0.5250,-2.7300,0.8050
3565050,sitting,0.0146,-0.9982,0.0063,0.4900,-2.7300,0.7700
3565069,sitting,0.0156,-0.9992,0.0063,0.4900,-2.7300,0.8400
3565088,sitting,0.0154,-0.9984,0.0073,0.4900,-2.7300,0.8400
3565108,sitting,0.0156,-0.9984,0.0066,0.5250,-2.7300,0.8050
3565127,sitting,0.0159,-0.9982,0.0066,0.4900,-2.7300,0.8050
3565146,sitting,0.0146,-0.9987,0.0066,0.5250,-2.7300,0.7700
3565165,sitting,0.0144,-0.9989,0.0066,0.4900,-2.7300,0.8050
3565185,sitting,0.0149,-0.9980,0.0076,0.5250,-2.7300,0.8050
3565204,sitting,0.0144,-0.9984,0.0076,0.4900,-2.7300,0.8400
3565223,sitting,0.0142,-0.9984,0.0063,0.5250,-2.7300,0.8400
3565242,sitting,0.0146,-0.9987,0.0066,0.4900,-2.7300,0.7700
3565262,sitting,0.0146,-0.9992,0.0068,0.4900,-2.7300,0.8050
3565281,sitting,0.0154,-0.9987,0.0068,0.4900,-2.8000,0.8050
3565300,sitting,0.0151,-0.9982,0.0068,0.4900,-2.7300,0.8050
3565319,sitting,0.0146,-0.9989,0.0076,0.4900,-2.7300,0.7700
3565338,sitting,0.0144,-0.9982,0.0071,0.4900,-2.7300,0.7700
3565358,sitting,0.0159,-0.9984,0.0063,0.4900,-2.7300,0.7700
3565377,sitting,0.0144,-0.9989,0.0056,0.5250,-2.7300,0.8050
3565396,sitting,0.0154,-0.9982,0.0071,0.4900,-2.7650,0.8400
3565415,sitting,0.0146,-0.9987,0.0068,0.4900,-2.7300,0.8050
3565435,sitting,0.0156,-0.9992,0.0063,0.4900,-2.7650,0.8050
3565454,sitting,0.0151,-0.9989,0.0061,0.4550,-2.7300,0.8400
3565473,sitting,0.0149,-0.9982,0.0059,0.4900,-2.7300,0.8050
3565492,sitting,0.0154,-0.9987,0.0063,0.4900,-2.7300,0.8050
3565512,sitting,0.0154,-0.9982,0.0073,0.4900,-2.7300,0.8400
3565531,sitting,0.0144,-0.9977,0.0068,0.4900,-2.7300,0.7700
3565550,sitting,0.0146,-0.9989,0.0063,0.4900,-2.7300,0.8050
3565569,sitting,0.0156,-0.9989,0.0066,0.4550,-2.7300,0.7700
3565588,sitting,0.0156,-0.9984,0.0068,0.4900,-2.7300,0.8050
3565608,sitting,0.0149,-0.9984,0.0066,0.4900,-2.7300,0.8050
3565627,sitting,0.0144,-0.9984,0.0059,0.5250,-2.7300,0.8400
3565646,sitting,0.0142,-0.9980,0.0068,0.5250,-2.7300,0.8050
3565665,sitting,0.0156,-0.9989,0.0061,0.4900,-2.7300,0.7700
3565685,sitting,0.0151,-0.9984,0.0059,0.4900,-2.7300,0.8400
3565704,sitting,0.0149,-0.9992,0.0066,0.5250,-2.7300,0.8400
3565723,sitting,0.0146,-0.9989,0.0066,0.4900,-2.7300,0.7700
3565742,sitting,0.0156,-0.9980,0.0059,0.4900,-2.7300,0.8400
3565762,sitting,0.0161,-0.9982,0.0068,0.5250,-2.7300,0.8050
3565781,sitting,0.0144,-0.9987,0.0076,0.4900,-2.7300,0.8400
3565800,sitting,0.0142,-0.9989,0.0068,0.5600,-2.7300,0.8400
3565819,sitting,0.0149,-0.9984,0.0066,0.4900,-2.7300,0.8050
3565838,sitting,0.0142,-0.9987,0.0061,0.4900,-2.7300,0.7700
3565858,sitting,0.0146,-0.9987,0.0054,0.4900,-2.7300,0.8050
3565877,sitting,0.0142,-0.9980,0.0061,0.5250,-2.7300,0.8050
3565896,sitting,0.0154,-0.9989,0.0071,0.4900,-2.7300,0.7700
3565915,sitting,0.0154,-0.9987,0.0076,0.4900,-2.7300,0.7700
3565935,sitting,0.0151,-0.9997,0.0068,0.5250,-2.7300,0.8400
3565954,sitting,0.0149,-0.9987,0.0063,0.4900,-2.7300,0.8050
3565973,sitting,0.0149,-0.9982,0.0066,0.4900,-2.7300,0.8050
3565992,sitting,0.0154,-0.9982,0.0068,0.4900,-2.7300,0.7700
3566012,sitting,0.0144,-0.9984,0.0076,0.4900,-2.7650,0.8050
3566031,sitting,0.0146,-0.9984,0.0076,0.5250,-2.7300,0.8050
3566050,sitting,0.0149,-0.9977,0.0061,0.4900,-2.7650,0.7700
3566069,sitting,0.0144,-0.9982,0.0061,0.4900,-2.7650,0.8050
3566088,sitting,0.0146,-0.9982,0.0063,0.4900,-2.7300,0.8050
3566108,sitting,0.0151,-0.9992,0.0059,0.4900,-2.7300,0.8400
3566127,sitting,0.0142,-0.9982,0.0051,0.4900,-2.7300,0.7700
3566146,sitting,0.0146,-0.9987,0.0073,0.4900,-2.7300,0.7700
3566165,sitting,0.0142,-0.9989,0.0063,0.4900,-2.7300,0.8400
3566185,sitting,0.0149,-0.9989,0.0071,0.4900,-2.7300,0.8050
3566204,sitting,0.0151,-0.9987,0.0061,0.4900,-2.7300,0.7700
3566223,sitting,0.0144,-0.9987,0.0073,0.4200,-2.7300,0.8050
3566242,sitting,0.0146,-0.9992,0.0073,0.5250,-2.7300,0.8050
3566262,sitting,0.0144,-0.9992,0.0073,0.5250,-2.7300,0.8050
3566281,sitting,0.0156,-0.9992,0.0066,0.4900,-2.7300,0.8050
3566300,sitting,0.0146,-0.9987,0.0059,0.4900,-2.7300,0.7700
3566319,sitting,0.0146,-0.9982,0.0066,0.4900,-2.7300,0.8050
3566338,sitting,0.0149,-0.9984,0.0066,0.5250,-2.7300,0.8400
3566358,sitting,0.0154,-0.9994,0.0071,0.5600,-2.7300,0.8400
3566377,sitting,0.0159,-0.9987,0.0068,0.4900,-2.7650,0.7700
3566396,sitting,0.0146,-0.9987,0.0078,0.4900,-2.7300,0.7700
3566415,sitting,0.0142,-0.9987,0.0059,0.5250,-2.7300,0.7700
3566435,sitting,0.0144,-0.9977,0.0063,0.4900,-2.7650,0.7700
3566454,sitting,0.0149,-0.9987,0.0061,0.5250,-2.7300,0.7700
3566473,sitting,0.0151,-0.9984,0.0076,0.4900,-2.7300,0.8050
3566492,sitting,0.0144,-0.9987,0.0076,0.4900,-2.7650,0.7700
3566512,sitting,0.0146,-0.9989,0.0063,0.4900,-2.7300,0.7700
3566531,sitting,0.0156,-0.9994,0.0063,0.4900,-2.7650,0.8050
3566550,sitting,0.0161,-0.9987,0.0056,0.4900,-2.7300,0.8050
3566569,sitting,0.0151,-0.9987,0.0068,0.4900,-2.7300,0.8050
3566588,sitting,0.0146,-0.9980,0.0063,0.4900,-2.8000,0.7700
3566608,sitting,0.0154,-0.9984,0.0068,0.4900,-2.7300,0.8050
3566627,sitting,0.0151,-0.9989,0.0051,0.4550,-2.7300,0.8050
3566646,sitting,0.0154,-0.9992,0.0071,0.4900,-2.7300,0.7700
3566665,sitting,0.0139,-0.9987,0.0059,0.4900,-2.7300,0.8050
3566685,sitting,0.0156,-0.9989,0.0068,0.4900,-2.7650,0.7700
3566704,sitting,0.0156,-0.9989,0.0056,0.4900,-2.7300,0.7700
3566723,sitting,0.0144,-0.9980,0.0061,0.4900,-2.7300,0.7700
3566742,sitting,0.0149,-0.9984,0.0063,0.4900,-2.7300,0.8400
3566762,sitting,0.0151,-0.9987,0.0061,0.4900,-2.7300,0.7700
3566781,sitting,0.0149,-0.9982,0.0063,0.4900,-2.7300,0.8050
3566800,sitting,0.0151,-0.9987,0.0076,0.4550,-2.7300,0.8050
3566819,sitting,0.0154,-0.9989,0.0066,0.4900,-2.7300,0.8400
3566838,sitting,0.0144,-0.9984,0.0063,0.4900,-2.7300,0.8050
3566858,sitting,0.0151,-0.9984,0.0066,0.4900,-2.7300,0.8400
3566877,sitting,0.0151,-0.9987,0.0071,0.4900,-2.7300,0.8400
3566896,sitting,0.0144,-0.9989,0.0076,0.5250,-2.7300,0.8050
3566915,sitting,0.0149,-0.9989,0.0063,0.5250,-2.7300,0.8050
3566935,sitting,0.0156,-0.9992,0.0068,0.4900,-2.7300,0.8400
3566954,sitting,0.0154,-0.9980,0.0059,0.4550,-2.7300,0.8400
3566973,sitting,0.0154,-0.9999,0.0061,0.4900,-2.7300,0.8400
3566992,sitting,0.0142,-0.9992,0.0059,0.4900,-2.6950,0.8050
3567012,sitting,0.0146,-0.9977,0.0066,0.4900,-2.6950,0.8050
3567031,sitting,0.0146,-0.9987,0.0071,0.4900,-2.7300,0.7700
3567050,sitting,0.0144,-0.9992,0.0068,0.4900,-2.7300,0.8050
3567069,sitting,0.0151,-0.9989,0.0068,0.4900,-2.7300,0.8050
3567088,sitting,0.0149,-0.9987,0.0056,0.5250,-2.7300,0.7700
3567108,sitting,0.0146,-0.9987,0.0071,0.5250,-2.7650,0.7700
3567127,sitting,0.0149,-0.9984,0.0071,0.5250,-2.7650,0.8400
3567146,sitting,0.0146,-0.9982,0.0068,0.4900,-2.7650,0.8050
3567165,sitting,0.0142,-0.9989,0.0073,0.4900,-2.7300,0.8050
3567185,sitting,0.0137,-0.9984,0.0071,0.5250,-2.7300,0.8400
3567204,sitting,0.0146,-0.9977,0.0071,0.5250,-2.7300,0.8050
3567223,sitting,0.0149,-0.9977,0.0071,0.4900,-2.6950,0.8400
3567242,sitting,0.0156,-0.9980,0.0061,0.4900,-2.7650,0.8050
3567262,sitting,0.0154,-0.9982,0.0066,0.4900,-2.7300,0.8400
3567281,sitting,0.0149,-0.9994,0.0056,0.4900,-2.7300,0.8050
3567300,sitting,0.0144,-0.9987,0.0059,0.5250,-2.7300,0.8050
3567319,sitting,0.0159,-0.9987,0.0071,0.4900,-2.7300,0.8050
3567338,sitting,0.0151,-0.9984,0.0066,0.4900,-2.7300,0.7700
3567358,sitting,0.0149,-0.9987,0.0061,0.4900,-2.7300,0.8050
3567377,sitting,0.0146,-0.9997,0.0063,0.4900,-2.7300,0.7700
3567396,sitting,0.0154,-0.9987,0.0066,0.5250,-2.7300,0.8050
3567415,sitting,0.0151,-0.9984,0.0066,0.4900,-2.7300,0.8050
3567435,sitting,0.0149,-0.9984,0.0063,0.4900,-2.7300,0.8400
3567454,sitting,0.0146,-0.9984,0.0073,0.4900,-2.6950,0.8050
3567473,sitting,0.0137,-0.9992,0.0068,0.5250,-2.7300,0.8050
3567492,sitting,0.0149,-0.9987,0.0068,0.4900,-2.7300,0.8050
3567512,sitting,0.0149,-0.9987,0.0061,0.4900,-2.7300,0.8400
3567531,sitting,0.0154,-0.9987,0.0066,0.4900,-2.7300,0.8400
3567550,sitting,0.0161,-0.9987,0.0063,0.4900,-2.7300,0.8400
3567569,sitting,0.0146,-0.9987,0.0056,0.4900,-2.7300,0.8050
3567588,sitting,0.0146,-0.9999,0.0054,0.4900,-2.7300,0.8050
3567608,sitting,0.0137,-0.9992,0.0056,0.5250,-2.7300,0.8050
3567627,sitting,0.0144,-0.9992,0.0066,0.5600,-2.7300,0.7700
3567646,sitting,0.0146,-0.9989,0.0063,0.5600,-2.7300,0.7700
3567665,sitting,0.0156,-0.9989,0.0066,0.5250,-2.7300,0.7700
3567685,sitting,0.0156,-0.9984,0.0066,0.5250,-2.7300,0.7700
3567704,sitting,0.0149,-0.9989,0.0068,0.5250,-2.7300,0.7700
3567723,sitting,0.0149,-0.9997,0.0068,0.4900,-2.7300,0.7700
3567742,sitting,0.0149,-0.9984,0.0066,0.5600,-2.7300,0.7700
3567762,sitting,0.0149,-0.9992,0.0066,0.4900,-2.7300,0.8050
3567781,sitting,0.0151,-0.9984,0.0066,0.4900,-2.7300,0.7700
3567800,sitting,0.0144,-0.9989,0.0063,0.4900,-2.7300,0.7700
3567819,sitting,0.0142,-0.9980,0.0063,0.4900,-2.7300,0.7700
3567838,sitting,0.0137,-0.9987,0.0066,0.4900,-2.8000,0.7700
3567858,sitting,0.0151,-0.9984,0.0071,0.4900,-2.6950,0.8050
3567877,sitting,0.0146,-0.9992,0.0068,0.5250,-2.7300,0.8400
3567896,sitting,0.0149,-0.9987,0.0068,0.4900,-2.7300,0.8400
3567915,sitting,0.0149,-0.9987,0.0063,0.4900,-2.7300,0.7700
3567935,sitting,0.0146,-0.9992,0.0066,0.4900,-2.7300,0.8050
3567954,sitting,0.0156,-0.9989,0.0068,0.4900,-2.7300,0.8400
3567973,sitting,0.0144,-0.9989,0.0071,0.4900,-2.7300,0.8050
3567992,sitting,0.0144,-0.9987,0.0066,0.4900,-2.7300,0.8400
3568012,sitting,0.0151,-0.9984,0.0059,0.4900,-2.7300,0.7700
3568031,sitting,0.0161,-0.9997,0.0063,0.4900,-2.7300,0.8400
3568050,sitting,0.0149,-0.9987,0.0063,0.4900,-2.7650,0.8050
3568069,sitting,0.0159,-0.9982,0.0063,0.4900,-2.7650,0.8050
3568088,sitting,0.0168,-0.9975,0.0068,0.4900,-2.7300,0.8050
3568108,sitting,0.0146,-0.9982,0.0059,0.4900,-2.7300,0.8400
3568127,sitting,0.0154,-0.9984,0.0061,0.4900,-2.7300,0.8050
3568146,sitting,0.0144,-0.9982,0.0061,0.4900,-2.7300,0.7700
3568165,sitting,0.0151,-0.9987,0.0066,0.4550,-2.7300,0.8400
3568185,sitting,0.0151,-0.9975,0.0068,0.5250,-2.7300,0.8400
3568204,sitting,0.0149,-0.9987,0.0071,0.5250,-2.7300,0.7700
3568223,sitting,0.0144,-0.9975,0.0073,0.4900,-2.7300,0.8050
3568242,sitting,0.0142,-0.9987,0.0073,0.4900,-2.7300,0.7700
3568262,sitting,0.0149,-0.9989,0.0063,0.5250,-2.6950,0.8050
3568281,sitting,0.0149,-0.9989,0.0073,0.4900,-2.7300,0.7700
3568300,sitting,0.0139,-0.9989,0.0059,0.4900,-2.7300,0.8050
3568319,sitting,0.0139,-0.9984,0.0059,0.5600,-2.7300,0.8050
3568338,sitting,0.0146,-0.9992,0.0071,0.4900,-2.7300,0.7700
3568358,sitting,0.0139,-0.9984,0.0068,0.4900,-2.7300,0.7700
3568377,sitting,0.0142,-0.9989,0.0066,0.4900,-2.7300,0.7700
3568396,sitting,0.0146,-0.9987,0.0056,0.4900,-2.7300,0.7700
3568415,sitting,0.0142,-0.9989,0.0063,0.4900,-2.7300,0.8050
3568435,sitting,0.0149,-0.9977,0.0073,0.4900,-2.7300,0.8050
3568454,sitting,0.0154,-0.9984,0.0063,0.4900,-2.7300,0.8050
3568473,sitting,0.0159,-0.9989,0.0068,0.4900,-2.7300,0.8050
3568492,sitting,0.0151,-0.9987,0.0066,0.5250,-2.7300,0.8050
3568512,sitting,0.0146,-0.9992,0.0063,0.5250,-2.7300,0.7700
3568531,sitting,0.0154,-0.9980,0.0059,0.4900,-2.7650,0.8400
3568550,sitting,0.0154,-0.9984,0.0063,0.4900,-2.7300,0.8400
3568569,sitting,0.0144,-0.9982,0.0073,0.4900,-2.7650,0.8050
3568588,sitting,0.0142,-0.9982,0.0066,0.4900,-2.7300,0.8050
3568608,sitting,0.0134,-0.9982,0.0061,0.4900,-2.7300,0.8050
3568627,sitting,0.0151,-0.9984,0.0061,0.4200,-2.7300,0.8050
3568646,sitting,0.0154,-0.9984,0.0059,0.4200,-2.7650,0.8400
3568665,sitting,0.0151,-0.9982,0.0066,0.4900,-2.7300,0.8400
3568685,sitting,0.0142,-0.9989,0.0066,0.4900,-2.7300,0.8050
3568704,sitting,0.0154,-0.9987,0.0063,0.4900,-2.7300,0.8400
3568723,sitting,0.0149,-0.9982,0.0054,0.4900,-2.7300,0.7700
3568742,sitting,0.0154,-0.9997,0.0063,0.4900,-2.7300,0.7700
3568762,sitting,0.0159,-0.9989,0.0056,0.5250,-2.7300,0.8400
3568781,sitting,0.0156,-0.9984,0.0061,0.5250,-2.7300,0.8400
3568800,sitting,0.0154,-0.9984,0.0071,0.4900,-2.7300,0.8050
3568819,sitting,0.0146,-0.9987,0.0061,0.4900,-2.7300,0.7700
3568838,sitting,0.0139,-0.9992,0.0063,0.5250,-2.7300,0.7700
3568858,sitting,0.0146,-0.9994,0.0061,0.5250,-2.7300,0.8050
3568877,sitting,0.0154,-0.9982,0.0068,0.5250,-2.7300,0.8050
3568896,sitting,0.0154,-0.9975,0.0066,0.5250,-2.7300,0.8400
3568915,sitting,0.0146,-0.9989,0.0056,0.4900,-2.7300,0.7700
3568935,sitting,0.0142,-0.9984,0.0063,0.5250,-2.7300,0.7700
3568954,sitting,0.0139,-0.9980,0.0059,0.4900,-2.7300,0.7700
3568973,sitting,0.0146,-0.9980,0.0056,0.4900,-2.7300,0.7700
3568992,sitting,0.0142,-0.9989,0.0063,0.5250,-2.7300,0.8050
3569012,sitting,0.0149,-0.9980,0.0061,0.4900,-2.7300,0.7700
3569031,sitting,0.0149,-0.9989,0.0066,0.4900,-2.7300,0.7700
3569050,sitting,0.0149,-0.9977,0.0063,0.4900,-2.7300,0.8050
3569069,sitting,0.0144,-0.9987,0.0054,0.5250,-2.7300,0.8050
3569088,sitting,0.0144,-0.9987,0.0073,0.4900,-2.7300,0.8400
3569108,sitting,0.0159,-0.9999,0.0068,0.5250,-2.7300,0.8050
3569127,sitting,0.0151,-0.9997,0.0061,0.5600,-2.7300,0.7700
3569146,sitting,0.0149,-0.9980,0.0071,0.4900,-2.7300,0.8050
3569165,sitting,0.0149,-0.9982,0.0068,0.4900,-2.7300,0.7700
3569185,sitting,0.0137,-0.9994,0.0063,0.4900,-2.7300,0.7700
3569204,sitting,0.0149,-0.9999,0.0054,0.4550,-2.7300,0.8050
3569223,sitting,0.0149,-0.9989,0.0068,0.4900,-2.7300,0.8400
3569242,sitting,0.0146,-0.9984,0.0076,0.4900,-2.6950,0.8400
3569262,sitting,0.0154,-0.9984,0.0068,0.4900,-2.7300,0.7700
3569281,sitting,0.0151,-0.9999,0.0068,0.4900,-2.7300,0.8400
3569300,sitting,0.0144,-0.9982,0.0063,0.4550,-2.7650,0.8400
3569319,sitting,0.0144,-0.9989,0.0059,0.5250,-2.7300,0.8050
3569338,sitting,0.0146,-0.9989,0.0073,0.4900,-2.7300,0.7700
3569358,sitting,0.0139,-0.9987,0.0068,0.4550,-2.7300,0.8050
3569377,sitting,0.0154,-0.9987,0.0066,0.4900,-2.7300,0.8050
3569396,sitting,0.0151,-0.9984,0.0061,0.4900,-2.7300,0.8400
3569415,sitting,0.0144,-0.9984,0.0061,0.4900,-2.7300,0.8050
3569435,sitting,0.0142,-0.9982,0.0056,0.4900,-2.7300,0.7700
3569454,sitting,0.0151,-0.9982,0.0051,0.5250,-2.7300,0.7700
3569473,sitting,0.0142,-0.9984,0.0066,0.5600,-2.7300,0.8400
3569492,sitting,0.0146,-0.9994,0.0063,0.4900,-2.7650,0.8050
3569512,sitting,0.0142,-0.9987,0.0071,0.4900,-2.7300,0.7700
3569531,sitting,0.0146,-0.9989,0.0063,0.4900,-2.7300,0.7700
3569550,sitting,0.0149,-0.9989,0.0071,0.4900,-2.7300,0.7700
3569569,sitting,0.0146,-0.9989,0.0068,0.4900,-2.7300,0.8400
3569588,sitting,0.0146,-0.9982,0.0056,0.4900,-2.7300,0.7700
3569608,sitting,0.0142,-0.9977,0.0054,0.4900,-2.7300,0.8400
3569627,sitting,0.0159,-0.9984,0.0066,0.4900,-2.7300,0.7700
3569646,sitting,0.0146,-0.9984,0.0066,0.4900,-2.7300,0.8050
3569665,sitting,0.0146,-0.9992,0.0063,0.4900,-2.7300,0.8050
3569685,sitting,0.0146,-0.9984,0.0063,0.4900,-2.7300,0.7700
3569704,sitting,0.0142,-0.9980,0.0063,0.5250,-2.7650,0.7700
3569723,sitting,0.0149,-0.9984,0.0063,0.5250,-2.7300,0.8050
3569742,sitting,0.0151,-0.9989,0.0061,0.4550,-2.7300,0.8050
3569762,sitting,0.0156,-0.9994,0.0068,0.4900,-2.7300,0.8050
3569781,sitting,0.0149,-0.9997,0.0066,0.4900,-2.7300,0.8050
3569800,sitting,0.0144,-0.9992,0.0061,0.4900,-2.8000,0.7700
3569819,sitting,0.0151,-0.9982,0.0073,0.4900,-2.7300,0.8050
3569838,sitting,0.0151,-0.9989,0.0068,0.5250,-2.7300,0.8050
3569858,sitting,0.0151,-0.9987,0.0059,0.4550,-2.7300,0.8050
3569877,sitting,0.0154,-0.9980,0.0066,0.4900,-2.7300,0.7700
3569896,sitting,0.0156,-0.9987,0.0076,0.4900,-2.7300,0.8050
3569915,sitting,0.0151,-0.9980,0.0063,0.4900,-2.7300,0.8050
3569935,sitting,0.0146,-0.9987,0.0063,0.4550,-2.7300,0.8050
3569954,sitting,0.0151,-0.9994,0.0078,0.5250,-2.7300,0.8400
3569973,sitting,0.0159,-0.9999,0.0068,0.4900,-2.7300,0.8400
3569992,sitting,0.0154,-0.9989,0.0073,0.5250,-2.7300,0.8400
3570012,sitting,0.0154,-0.9989,0.0059,0.4900,-2.7300,0.8400
3570031,sitting,0.0159,-0.9980,0.0063,0.5250,-2.6950,0.7700
3570050,sitting,0.0151,-0.9975,0.0066,0.5600,-2.7300,0.8050
3570069,sitting,0.0144,-0.9994,0.0073,0.5250,-2.7300,0.8400
3570088,sitting,0.0151,-0.9989,0.0066,0.5600,-2.7300,0.8400
3570108,sitting,0.0151,-0.9984,0.0056,0.4550,-2.7300,0.8400
3570127,sitting,0.0151,-0.9984,0.0061,0.4900,-2.7300,0.8050
3570146,sitting,0.0156,-0.9989,0.0073,0.4900,-2.7300,0.8050
3570165,sitting,0.0149,-0.9989,0.0063,0.4900,-2.7300,0.7700
3570185,sitting,0.0151,-0.9994,0.0061,0.4900,-2.7300,0.8050
3570204,sitting,0.0151,-0.9997,0.0066,0.5250,-2.6950,0.8050
3570223,sitting,0.0154,-0.9982,0.0066,0.4900,-2.7300,0.7700
3570242,sitting,0.0134,-0.9980,0.0063,0.5250,-2.7300,0.7700
3570262,sitting,0.0142,-0.9987,0.0059,0.4900,-2.7300,0.7700
3570281,sitting,0.0151,-0.9994,0.0061,0.4900,-2.7300,0.8050
3570300,sitting,0.0154,-0.9992,0.0071,0.4900,-2.7650,0.8050
3570319,sitting,0.0151,-0.9984,0.0073,0.4900,-2.7300,0.7700
3570338,sitting,0.0161,-0.9989,0.0063,0.4900,-2.7300,0.8400
3570358,sitting,0.0154,-0.9982,0.0063,0.4900,-2.7650,0.7700
3570377,sitting,0.0151,-0.9989,0.0071,0.4900,-2.7300,0.8050
3570396,sitting,0.0149,-0.9992,0.0073,0.4900,-2.7300,0.7700
3570415,sitting,0.0163,-0.9982,0.0061,0.4900,-2.7300,0.8400
3570435,sitting,0.0159,-0.9992,0.0059,0.4900,-2.7300,0.8050
3570454,sitting,0.0156,-0.9987,0.0071,0.4900,-2.7300,0.7700
3570473,sitting,0.0151,-0.9989,0.0076,0.4900,-2.7300,0.8400
3570492,sitting,0.0151,-0.9987,0.0059,0.4200,-2.7300,0.7700
3570512,sitting,0.0146,-0.9984,0.0061,0.4550,-2.7300,0.8050
3570531,sitting,0.0151,-0.9987,0.0063,0.4900,-2.7300,0.8050
3570550,sitting,0.0149,-0.9992,0.0061,0.5250,-2.7300,0.8050
3570569,sitting,0.0151,-0.9987,0.0059,0.4900,-2.7300,0.8400
3570588,sitting,0.0149,-0.9994,0.0071,0.4900,-2.7300,0.8050
3570608,sitting,0.0156,-0.9982,0.0066,0.4900,-2.7300,0.8400
3570627,sitting,0.0146,-0.9992,0.0061,0.4900,-2.7300,0.7700
3570646,sitting,0.0156,-0.9980,0.0066,0.4900,-2.7300,0.8400
3570665,sitting,0.0142,-0.9989,0.0066,0.4900,-2.7300,0.8400
3570685,sitting,0.0146,-0.9984,0.0063,0.5250,-2.6950,0.8050
3570704,sitting,0.0151,-0.9984,0.0073,0.5600,-2.7300,0.8400
3570723,sitting,0.0146,-0.9987,0.0068,0.5250,-2.7300,0.7700
3570742,sitting,0.0161,-0.9989,0.0063,0.4550,-2.7300,0.7700
3570762,sitting,0.0144,-0.9987,0.0071,0.4900,-2.7650,0.8400
3570781,sitting,0.0142,-0.9989,0.0071,0.5250,-2.7300,0.8050
3570800,sitting,0.0151,-0.9989,0.0066,0.4900,-2.7300,0.7700
3570819,sitting,0.0159,-0.9997,0.0059,0.5250,-2.7300,0.7700
3570838,sitting,0.0151,-0.9987,0.0066,0.4900,-2.7650,0.8050
3570858,sitting,0.0161,-0.9984,0.0066,0.5250,-2.7300,0.7700
3570877,sitting,0.0146,-0.9989,0.0063,0.4900,-2.7300,0.7700
3570896,sitting,0.0151,-0.9987,0.0066,0.4900,-2.7300,0.8050
3570915,sitting,0.0156,-0.9987,0.0076,0.4900,-2.7300,0.7700
3570935,sitting,0.0144,-0.9989,0.0066,0.4900,-2.7300,0.7700
3570954,sitting,0.0156,-0.9982,0.0063,0.4900,-2.7300,0.7700
3570973,sitting,0.0154,-0.9984,0.0068,0.4900,-2.7650,0.7700
3570992,sitting,0.0146,-0.9977,0.0066,0.4900,-2.7300,0.8050
3571012,sitting,0.0139,-0.9987,0.0063,0.4900,-2.7300,0.7700
3571031,sitting,0.0142,-0.9987,0.0076,0.4900,-2.7300,0.7700
3571050,sitting,0.0151,-0.9987,0.0066,0.4900,-2.7650,0.8050
3571069,sitting,0.0149,-0.9987,0.0059,0.4900,-2.7300,0.8050
3571088,sitting,0.0151,-0.9984,0.0073,0.4900,-2.7300,0.8400
3571108,sitting,0.0156,-0.9992,0.0081,0.4900,-2.7300,0.8050
3571127,sitting,0.0144,-0.9989,0.0061,0.4900,-2.7300,0.8400
3571146,sitting,0.0146,-0.9984,0.0066,0.4900,-2.7300,0.8400
3571165,sitting,0.0154,-0.9984,0.0049,0.4550,-2.7650,0.8400
3571185,sitting,0.0139,-0.9994,0.0071,0.4550,-2.7300,0.7700
3571204,sitting,0.0144,-0.9987,0.0073,0.4900,-2.7300,0.8400
3571223,sitting,0.0144,-0.9992,0.0068,0.4900,-2.7300,0.8050
3571242,sitting,0.0146,-0.9989,0.0059,0.4900,-2.7300,0.8050
3571262,sitting,0.0137,-0.9989,0.0059,0.4900,-2.7300,0.8400
3571281,sitting,0.0149,-0.9980,0.0063,0.5250,-2.7300,0.8050
3571300,sitting,0.0146,-0.9982,0.0068,0.4900,-2.7300,0.8400
3571319,sitting,0.0146,-0.9984,0.0073,0.4900,-2.7300,0.8050
3571338,sitting,0.0146,-0.9994,0.0056,0.4900,-2.6950,0.8400
3571358,sitting,0.0144,-0.9977,0.0059,0.5250,-2.7300,0.8050
3571377,sitting,0.0149,-0.9980,0.0063,0.4900,-2.7300,0.8050
3571396,sitting,0.0156,-0.9992,0.0056,0.5250,-2.7300,0.8050
3571415,sitting,0.0146,-0.9982,0.0063,0.4900,-2.7300,0.7700
3571435,sitting,0.0137,-0.9982,0.0071,0.4900,-2.7300,0.8050
3571454,sitting,0.0154,-0.9987,0.0071,0.4900,-2.7300,0.7700
3571473,sitting,0.0149,-0.9989,0.0071,0.4900,-2.7300,0.8050
3571492,sitting,0.0156,-0.9992,0.0073,0.4900,-2.7300,0.8400
3571512,sitting,0.0159,-0.9989,0.0063,0.5250,-2.7300,0.7700
3571531,sitting,0.0146,-0.9984,0.0061,0.4900,-2.7300,0.7700
3571550,sitting,0.0151,-0.9984,0.0073,0.4900,-2.7300,0.7700
3571569,sitting,0.0146,-0.9982,0.0071,0.5250,-2.7650,0.8050
3571588,sitting,0.0149,-0.9982,0.0059,0.4900,-2.7300,0.8050
3571608,sitting,0.0144,-0.9984,0.0073,0.4900,-2.7300,0.8400
3571627,sitting,0.0144,-0.9987,0.0063,0.5250,-2.7300,0.8050
3571646,sitting,0.0151,-0.9982,0.0066,0.4900,-2.7650,0.7700
3571665,sitting,0.0144,-0.9987,0.0066,0.4900,-2.7300,0.7700
3571685,sitting,0.0159,-0.9989,0.0073,0.4900,-2.8000,0.7700
3571704,sitting,0.0151,-0.9992,0.0073,0.4900,-2.7300,0.8050
3571723,sitting,0.0154,-0.9987,0.0063,0.4900,-2.7300,0.8400
3571742,sitting,0.0156,-0.9987,0.0066,0.4900,-2.6950,0.8050
3571762,sitting,0.0149,-0.9999,0.0059,0.4200,-2.7300,0.8050
3571781,sitting,0.0146,-0.9989,0.0068,0.4900,-2.7650,0.8400
3571800,sitting,0.0144,-0.9992,0.0063,0.4200,-2.7300,0.8050
3571819,sitting,0.0142,-0.9992,0.0066,0.5250,-2.7300,0.8050
3571838,sitting,0.0149,-0.9989,0.0063,0.4550,-2.7300,0.8400
3571858,sitting,0.0149,-0.9989,0.0073,0.4550,-2.7300,0.7700
3571877,sitting,0.0144,-0.9992,0.0073,0.5250,-2.7300,0.8400
3571896,sitting,0.0146,-0.9987,0.0076,0.4900,-2.7300,0.7700
3571915,sitting,0.0151,-0.9984,0.0071,0.5250,-2.7300,0.8050
3571935,sitting,0.0151,-0.9989,0.0054,0.4900,-2.6950,0.7700
3571954,sitting,0.0154,-0.9992,0.0063,0.4900,-2.7300,0.8400
3571973,sitting,0.0151,-0.9980,0.0068,0.4900,-2.7300,0.8400
3571992,sitting,0.0151,-0.9977,0.0066,0.5250,-2.7300,0.8050
3572012,sitting,0.0146,-0.9980,0.0063,0.4900,-2.7300,0.8400
3572031,sitting,0.0161,-0.9989,0.0063,0.4900,-2.7300,0.7700
3572050,sitting,0.0149,-0.9997,0.0066,0.4900,-2.7300,0.8050
3572069,sitting,0.0151,-0.9982,0.0061,0.5250,-2.7300,0.8400
3572088,sitting,0.0144,-0.9982,0.0063,0.4900,-2.7300,0.7700
3572108,sitting,0.0146,-0.9984,0.0059,0.4900,-2.7300,0.7700
3572127,sitting,0.0149,-0.9987,0.0066,0.4900,-2.7300,0.7700
3572146,sitting,0.0142,-0.9972,0.0059,0.4550,-2.7300,0.7700
3572165,sitting,0.0156,-0.9987,0.0071,0.4550,-2.7300,0.7700
3572185,sitting,0.0151,-0.9980,0.0071,0.4900,-2.7300,0.8050
3572204,sitting,0.0146,-0.9989,0.0066,0.4900,-2.7300,0.7700
3572223,sitting,0.0156,-0.9989,0.0068,0.4900,-2.7300,0.7700
3572242,sitting,0.0146,-0.9980,0.0063,0.5250,-2.7300,0.7700
3572262,sitting,0.0139,-0.9982,0.0071,0.5250,-2.7300,0.8050
3572281,sitting,0.0146,-0.9982,0.0063,0.4900,-2.7650,0.7700
3572300,sitting,0.0144,-0.9982,0.0071,0.4900,-2.7300,0.8050
3572319,sitting,0.0146,-0.9994,0.0073,0.4550,-2.7300,0.8400
3572338,sitting,0.0142,-0.9987,0.0063,0.5250,-2.7300,0.8050
3572358,sitting,0.0156,-0.9977,0.0076,0.4900,-2.7300,0.7700
3572377,sitting,0.0151,-0.9989,0.0071,0.4900,-2.7650,0.8400
3572396,sitting,0.0154,-0.9989,0.0063,0.4900,-2.7650,0.7700
3572415,sitting,0.0146,-0.9982,0.0071,0.4900,-2.7300,0.8400
3572435,sitting,0.0149,-0.9982,0.0063,0.4900,-2.7300,0.8400
3572454,sitting,0.0151,-0.9980,0.0073,0.4900,-2.7300,0.8400
3572473,sitting,0.0156,-0.9987,0.0061,0.4900,-2.7300,0.8400
3572492,sitting,0.0151,-1.0002,0.0066,0.4900,-2.7300,0.8400
3572512,sitting,0.0149,-0.9997,0.0056,0.4900,-2.7300,0.8050
3572531,sitting,0.0154,-0.9994,0.0059,0.5250,-2.7300,0.7700
3572550,sitting,0.0149,-0.9997,0.0076,0.5250,-2.7300,0.8050
3572569,sitting,0.0144,-0.9984,0.0061,0.4900,-2.7300,0.8400
3572588,sitting,0.0154,-0.9984,0.0056,0.4900,-2.7300,0.8050
3572608,sitting,0.0151,-0.9989,0.0071,0.5250,-2.7300,0.8400
3572627,sitting,0.0149,-0.9987,0.0066,0.4900,-2.7300,0.8400
3572646,sitting,0.0142,-0.9982,0.0054,0.5250,-2.7300,0.7700
3572665,sitting,0.0154,-0.9992,0.0066,0.4900,-2.7300,0.8400
3572685,sitting,0.0149,-0.9994,0.0061,0.4900,-2.7300,0.7700
3572704,sitting,0.0142,-0.9984,0.0061,0.4900,-2.7300,0.8050
3572723,sitting,0.0151,-0.9975,0.0068,0.5600,-2.7300,0.8050
3572742,sitting,0.0149,-0.9992,0.0078,0.5250,-2.7300,0.7700
3572762,sitting,0.0149,-0.9989,0.0059,0.5250,-2.7300,0.8050
3572781,sitting,0.0144,-0.9997,0.0073,0.5250,-2.7300,0.7700
3572800,sitting,0.0151,-0.9997,0.0068,0.4900,-2.7300,0.8050
3572819,sitting,0.0151,-0.9984,0.0068,0.4900,-2.7300,0.7700
3572838,sitting,0.0149,-0.9977,0.0066,0.4900,-2.7300,0.7700
3572858,sitting,0.0151,-0.9982,0.0063,0.4900,-2.7300,0.7700
3572877,sitting,0.0156,-0.9987,0.0068,0.4900,-2.8000,0.8400
3572896,sitting,0.0149,-0.9997,0.0063,0.5250,-2.7650,0.7700
3572915,sitting,0.0156,-0.9984,0.0073,0.4900,-2.7300,0.8050
3572935,sitting,0.0159,-0.9989,0.0063,0.4900,-2.7300,0.7700
3572954,sitting,0.0139,-0.9984,0.0071,0.4900,-2.7300,0.8050
3572973,sitting,0.0151,-0.9987,0.0076,0.4900,-2.7300,0.8050
3572992,sitting,0.0142,-0.9989,0.0068,0.4550,-2.7300,0.8400
3573012,sitting,0.0159,-0.9989,0.0061,0.4550,-2.7300,0.8050
3573031,sitting,0.0159,-0.9992,0.0068,0.4550,-2.7300,0.8050
3573050,sitting,0.0149,-0.9977,0.0076,0.4900,-2.7300,0.7700
3573069,sitting,0.0142,-0.9982,0.0063,0.4900,-2.6950,0.8050
3573088,sitting,0.0144,-0.9989,0.0066,0.4900,-2.7300,0.8050
3573108,sitting,0.0149,-0.9989,0.0061,0.4900,-2.7300,0.8050
3573127,sitting,0.0149,-0.9994,0.0076,0.4900,-2.8000,0.8050
3573146,sitting,0.0146,-0.9989,0.0059,0.4900,-2.7300,0.8400
3573165,sitting,0.0144,-0.9982,0.0071,0.4900,-2.7300,0.7700
3573185,sitting,0.0146,-0.9980,0.0061,0.4900,-2.7300,0.8050
3573204,sitting,0.0154,-0.9982,0.0061,0.5250,-2.7300,0.8400
3573223,sitting,0.0146,-0.9992,0.0073,0.5600,-2.7300,0.7700
3573242,sitting,0.0144,-0.9994,0.0083,0.4900,-2.7300,0.7700
3573262,sitting,0.0144,-0.9992,0.0063,0.4900,-2.7300,0.7700
3573281,sitting,0.0146,-0.9989,0.0066,0.4900,-2.7300,0.8400
3573300,sitting,0.0154,-0.9984,0.0078,0.4900,-2.7650,0.7700
3573319,sitting,0.0142,-0.9987,0.0063,0.4900,-2.7300,0.8050
3573338,sitting,0.0144,-0.9989,0.0063,0.4900,-2.7300,0.7700
3573358,sitting,0.0149,-0.9999,0.0061,0.5250,-2.7300,0.7700
3573377,sitting,0.0151,-0.9992,0.0068,0.5250,-2.7300,0.8050
3573396,sitting,0.0154,-0.9992,0.0073,0.5250,-2.7300,0.8050
3573415,sitting,0.0149,-0.9994,0.0066,0.4900,-2.7300,0.7700
3573435,sitting,0.0149,-0.9997,0.0063,0.4900,-2.7650,0.8400
3573454,sitting,0.0151,-0.9994,0.0061,0.5250,-2.7650,0.8050
3573473,sitting,0.0146,-0.9984,0.0071,0.5250,-2.7300,0.8050
3573492,sitting,0.0134,-0.9987,0.0061,0.4900,-2.7300,0.7700
3573512,sitting,0.0144,-0.9984,0.0063,0.4900,-2.7300,0.8050
3573531,sitting,0.0156,-0.9980,0.0073,0.4900,-2.7300,0.8050
3573550,sitting,0.0139,-0.9987,0.0061,0.4900,-2.7300,0.8050
3573569,sitting,0.0146,-0.9992,0.0056,0.4900,-2.7650,0.7700
3573588,sitting,0.0146,-0.9987,0.0071,0.4900,-2.7300,0.8050
3573608,sitting,0.0144,-0.9987,0.0073,0.4550,-2.7300,0.7700
3573627,sitting,0.0144,-0.9987,0.0063,0.4550,-2.7300,0.8400
3573646,sitting,0.0149,-0.9987,0.0066,0.4900,-2.7300,0.7700
3573665,sitting,0.0149,-0.9987,0.0073,0.4900,-2.7300,0.8050
3573685,sitting,0.0149,-0.9992,0.0071,0.4900,-2.7300,0.8400
3573704,sitting,0.0151,-0.9984,0.0068,0.4900,-2.7300,0.8050
3573723,sitting,0.0144,-0.9989,0.0073,0.4900,-2.7300,0.8400
3573742,sitting,0.0156,-0.9987,0.0071,0.4900,-2.7300,0.8400
3573762,sitting,0.0139,-0.9987,0.0071,0.4900,-2.7300,0.8050
3573781,sitting,0.0146,-0.9989,0.0063,0.4900,-2.7300,0.8050
3573800,sitting,0.0154,-0.9989,0.0073,0.4900,-2.7300,0.7700
3573819,sitting,0.0151,-0.9992,0.0076,0.4900,-2.7300,0.8050
3573838,sitting,0.0149,-0.9989,0.0059,0.4900,-2.7300,0.8400
3573858,sitting,0.0149,-0.9992,0.0056,0.4900,-2.7300,0.8050
3573877,sitting,0.0161,-0.9982,0.0061,0.5250,-2.7300,0.8400
3573896,sitting,0.0151,-0.9982,0.0059,0.4900,-2.7300,0.8400
3573915,sitting,0.0154,-0.9987,0.0073,0.4900,-2.7300,0.8050
3573935,sitting,0.0151,-0.9984,0.0068,0.5600,-2.7300,0.8050
3573954,sitting,0.0151,-0.9982,0.0068,0.5250,-2.7650,0.7700
3573973,sitting,0.0149,-0.9982,0.0073,0.4900,-2.7300,0.7700
3573992,sitting,0.0144,-0.9992,0.0068,0.5250,-2.7300,0.8050
3574012,sitting,0.0146,-0.9982,0.0054,0.4900,-2.7300,0.8050
3574031,sitting,0.0151,-0.9987,0.0054,0.4900,-2.7300,0.8050
3574050,sitting,0.0151,-0.9987,0.0068,0.4900,-2.7300,0.8400
3574069,sitting,0.0149,-0.9982,0.0061,0.5250,-2.7300,0.8050
3574088,sitting,0.0144,-0.9992,0.0066,0.4900,-2.7650,0.7700
3574108,sitting,0.0149,-0.9977,0.0066,0.5250,-2.7300,0.8050
3574127,sitting,0.0154,-0.9982,0.0068,0.5250,-2.7300,0.8050
3574146,sitting,0.0149,-0.9980,0.0063,0.4900,-2.7300,0.8050
3574165,sitting,0.0146,-0.9982,0.0059,0.4900,-2.7650,0.8050
3574185,sitting,0.0151,-0.9982,0.0063,0.5250,-2.7650,0.8050
3574204,sitting,0.0149,-0.9984,0.0071,0.5250,-2.7300,0.7700
3574223,sitting,0.0146,-0.9982,0.0076,0.4900,-2.7650,0.8400
3574242,sitting,0.0134,-0.9980,0.0066,0.4900,-2.7300,0.7700
3574262,sitting,0.0146,-0.9982,0.0063,0.4550,-2.8000,0.7700
3574281,sitting,0.0146,-0.9992,0.0059,0.4550,-2.7300,0.8050
3574300,sitting,0.0149,-0.9992,0.0061,0.4900,-2.7300,0.7700
3574319,sitting,0.0154,-0.9980,0.0066,0.4900,-2.7300,0.8050
3574338,sitting,0.0149,-0.9989,0.0063,0.4900,-2.7300,0.8400
3574358,sitting,0.0154,-0.9982,0.0068,0.4900,-2.7650,0.8050
3574377,sitting,0.0149,-0.9992,0.0063,0.4900,-2.7300,0.8400
3574396,sitting,0.0154,-0.9989,0.0059,0.4900,-2.7300,0.8400
3574415,sitting,0.0146,-0.9982,0.0068,0.5250,-2.7300,0.8050
3574435,sitting,0.0151,-0.9994,0.0073,0.4900,-2.7300,0.8050
3574454,sitting,0.0146,-0.9984,0.0068,0.4900,-2.7300,0.8400
3574473,sitting,0.0142,-0.9994,0.0059,0.5250,-2.7300,0.7700
3574492,sitting,0.0151,-0.9982,0.0063,0.5250,-2.7300,0.8400
3574512,sitting,0.0146,-0.9987,0.0059,0.5250,-2.7300,0.8050
3574531,sitting,0.0146,-0.9992,0.0061,0.4900,-2.7300,0.8050
3574550,sitting,0.0154,-0.9984,0.0061,0.4900,-2.7300,0.7700
3574569,sitting,0.0146,-0.9984,0.0076,0.4900,-2.7300,0.7700
3574588,sitting,0.0149,-0.9980,0.0061,0.5250,-2.6950,0.8400
3574608,sitting,0.0149,-0.9984,0.0068,0.4900,-2.7300,0.8050
3574627,sitting,0.0151,-0.9977,0.0066,0.4900,-2.7300,0.7700
3574646,sitting,0.0149,-0.9987,0.0071,0.5250,-2.7300,0.8050
3574665,sitting,0.0156,-0.9989,0.0068,0.4900,-2.7300,0.8050
3574685,sitting,0.0159,-0.9992,0.0068,0.5250,-2.7300,0.8400
3574704,sitting,0.0139,-0.9984,0.0076,0.5600,-2.7650,0.7700
3574723,sitting,0.0142,-0.9984,0.0056,0.4900,-2.7300,0.8050
3574742,sitting,0.0142,-0.9980,0.0061,0.4900,-2.7300,0.7700
3574762,sitting,0.0144,-0.9977,0.0068,0.4900,-2.7300,0.8400
3574781,sitting,0.0144,-0.9984,0.0071,0.4900,-2.7300,0.8400
3574800,sitting,0.0144,-0.9987,0.0066,0.4900,-2.7300,0.8050
3574819,sitting,0.0151,-0.9994,0.0059,0.4900,-2.7300,0.8400
3574838,sitting,0.0142,-0.9992,0.0061,0.4900,-2.7300,0.8050
3574858,sitting,0.0149,-0.9987,0.0061,0.4900,-2.7300,0.8400
3574877,sitting,0.0154,-0.9992,0.0061,0.4900,-2.7300,0.7700
3574896,sitting,0.0139,-0.9992,0.0068,0.4550,-2.7300,0.8400
3574915,sitting,0.0146,-0.9989,0.0061,0.4550,-2.7300,0.7700
3574935,sitting,0.0151,-0.9987,0.0071,0.4550,-2.7300,0.8400
3574954,sitting,0.0146,-0.9992,0.0068,0.5250,-2.7300,0.8400
3574973,sitting,0.0146,-0.9987,0.0056,0.4900,-2.7300,0.8050
3574992,sitting,0.0149,-0.9987,0.0056,0.4900,-2.7300,0.7700
3575012,sitting,0.0146,-0.9992,0.0056,0.4900,-2.7300,0.8400
3575031,sitting,0.0146,-0.9984,0.0068,0.5250,-2.7300,0.7700
3575050,sitting,0.0146,-0.9994,0.0066,0.4900,-2.6950,0.8050
3575069,sitting,0.0144,-0.9987,0.0059,0.4900,-2.7300,0.7700
3575088,sitting,0.0154,-0.9987,0.0061,0.4900,-2.7300,0.7700
3575108,sitting,0.0149,-0.9987,0.0056,0.5600,-2.7300,0.8400
3575127,sitting,0.0156,-0.9982,0.0063,0.5250,-2.7300,0.8400
3575146,sitting,0.0149,-0.9992,0.0068,0.5250,-2.7300,0.7700
3575165,sitting,0.0154,-0.9982,0.0068,0.4900,-2.7300,0.8050
3575185,sitting,0.0139,-0.9989,0.0059,0.5250,-2.7650,0.8050
3575204,sitting,0.0151,-0.9989,0.0078,0.4900,-2.7300,0.7700
3575223,sitting,0.0146,-0.9977,0.0071,0.5250,-2.7300,0.8050
3575242,sitting,0.0142,-0.9987,0.0073,0.5250,-2.7300,0.8050
3575262,sitting,0.0139,-0.9982,0.0066,0.4900,-2.7300,0.7700
3575281,sitting,0.0146,-0.9972,0.0081,0.4900,-2.7300,0.8400
3575300,sitting,0.0146,-0.9987,0.0061,0.5250,-2.7300,0.8050
3575319,sitting,0.0154,-0.9989,0.0068,0.4900,-2.7300,0.8400
3575338,sitting,0.0144,-0.9984,0.0059,0.4900,-2.7300,0.8400
3575358,sitting,0.0154,-0.9980,0.0068,0.5250,-2.7300,0.8050
3575377,sitting,0.0144,-0.9987,0.0071,0.5250,-2.7300,0.8050
3575396,sitting,0.0149,-0.9994,0.0073,0.4900,-2.7300,0.7700
3575415,sitting,0.0154,-0.9992,0.0066,0.4550,-2.7650,0.8050
3575435,sitting,0.0134,-0.9989,0.0081,0.4900,-2.7300,0.8050
3575454,sitting,0.0142,-0.9989,0.0068,0.4900,-2.7650,0.8050
3575473,sitting,0.0139,-0.9987,0.0061,0.4900,-2.7300,0.8400
3575492,sitting,0.0146,-0.9989,0.0054,0.4900,-2.7300,0.8400
3575512,sitting,0.0146,-0.9982,0.0063,0.4900,-2.7300,0.7700
3575531,sitting,0.0154,-0.9989,0.0063,0.4550,-2.7300,0.7700
3575550,sitting,0.0151,-0.9992,0.0066,0.4900,-2.7300,0.8050
3575569,sitting,0.0151,-0.9989,0.0066,0.4900,-2.8000,0.8400
3575588,sitting,0.0151,-0.9984,0.0073,0.4900,-2.7300,0.8050
3575608,sitting,0.0142,-0.9987,0.0068,0.5250,-2.7300,0.8050
3575627,sitting,0.0161,-0.9980,0.0063,0.4900,-2.7300,0.8400
3575646,sitting,0.0156,-0.9989,0.0063,0.4900,-2.7300,0.8050
3575665,sitting,0.0154,-0.9997,0.0066,0.5600,-2.7300,0.7700
3575685,sitting,0.0146,-0.9984,0.0073,0.5250,-2.6950,0.8050
3575704,sitting,0.0154,-0.9987,0.0059,0.5250,-2.7300,0.8050
3575723,sitting,0.0142,-0.9984,0.0054,0.4900,-2.7300,0.8400
3575742,sitting,0.0146,-0.9982,0.0071,0.4900,-2.7300,0.8050
3575762,sitting,0.0149,-0.9989,0.0071,0.5250,-2.7300,0.8050
3575781,sitting,0.0146,-0.9982,0.0061,0.5600,-2.7300,0.7700
3575800,sitting,0.0144,-0.9982,0.0059,0.5250,-2.7300,0.7700
3575819,sitting,0.0151,-0.9984,0.0063,0.4900,-2.7300,0.8050
3575838,sitting,0.0151,-0.9992,0.0063,0.4900,-2.7300,0.7700
3575858,sitting,0.0146,-0.9984,0.0066,0.5250,-2.7300,0.8050
3575877,sitting,0.0146,-0.9987,0.0061,0.4550,-2.7300,0.8050
3575896,sitting,0.0149,-0.9989,0.0068,0.4900,-2.7300,0.8050
3575915,sitting,0.0144,-0.9982,0.0056,0.4900,-2.7300,0.8050
3575935,sitting,0.0149,-0.9984,0.0059,0.4550,-2.7300,0.7700
3575954,sitting,0.0149,-0.9984,0.0066,0.4900,-2.7300,0.8050
3575973,sitting,0.0149,-0.9987,0.0066,0.4900,-2.7300,0.7700
3575992,sitting,0.0151,-0.9982,0.0059,0.5250,-2.7650,0.8050
3576012,sitting,0.0146,-0.9980,0.0066,0.4900,-2.7300,0.8050
3576031,sitting,0.0149,-0.9982,0.0066,0.4900,-2.7300,0.8400
3576050,sitting,0.0163,-0.9982,0.0071,0.4900,-2.7300,0.8050
3576069,sitting,0.0151,-0.9994,0.0063,0.4900,-2.7300,0.8400
3576088,sitting,0.0146,-0.9989,0.0068,0.4550,-2.6950,0.8050
3576108,sitting,0.0154,-0.9989,0.0061,0.4550,-2.7300,0.7700
3576127,sitting,0.0156,-0.9987,0.0066,0.4900,-2.7300,0.7700
3576146,sitting,0.0144,-0.9984,0.0066,0.4900,-2.7300,0.8050
3576165,sitting,0.0151,-0.9987,0.0063,0.4900,-2.7300,0.8050
3576185,sitting,0.0144,-0.9992,0.0063,0.4900,-2.7300,0.7700
3576204,sitting,0.0151,-0.9989,0.0066,0.4900,-2.7300,0.8050
3576223,sitting,0.0137,-0.9992,0.0061,0.4900,-2.7300,0.8750
3576242,sitting,0.0149,-0.9987,0.0066,0.4900,-2.7300,0.8050
3576262,sitting,0.0144,-0.9987,0.0063,0.4900,-2.7300,0.8400
3576281,sitting,0.0149,-0.9987,0.0068,0.5250,-2.7300,0.8050
3576300,sitting,0.0149,-0.9987,0.0076,0.4900,-2.7300,0.8050
3576319,sitting,0.0151,-0.9980,0.0066,0.5250,-2.7300,0.7700
3576338,sitting,0.0151,-0.9980,0.0066,0.4900,-2.7650,0.8400
3576358,sitting,0.0146,-0.9987,0.0076,0.4900,-2.7300,0.8400
3576377,sitting,0.0142,-0.9989,0.0071,0.4900,-2.7300,0.8400
3576396,sitting,0.0151,-0.9997,0.0073,0.4900,-2.7300,0.8050
3576415,sitting,0.0156,-0.9984,0.0071,0.4900,-2.7300,0.8400
3576435,sitting,0.0151,-0.9982,0.0066,0.4900,-2.7300,0.7700
3576454,sitting,0.0159,-0.9975,0.0061,0.4900,-2.7300,0.7700
3576473,sitting,0.0154,-0.9982,0.0061,0.4900,-2.7300,0.7700
3576492,sitting,0.0146,-0.9992,0.0061,0.4900,-2.7300,0.8050
3576512,sitting,0.0151,-0.9997,0.0054,0.4900,-2.7300,0.8050
3576531,sitting,0.0146,-0.9992,0.0059,0.4900,-2.7300,0.8400
3576550,sitting,0.0146,-0.9984,0.0068,0.5250,-2.7300,0.7700
3576569,sitting,0.0146,-0.9989,0.0059,0.4900,-2.7300,0.8050
3576588,sitting,0.0149,-0.9992,0.0063,0.4900,-2.7300,0.8400
3576608,sitting,0.0137,-0.9992,0.0056,0.5250,-2.7300,0.7700
3576627,sitting,0.0142,-0.9997,0.0066,0.4900,-2.7300,0.8050
3576646,sitting,0.0146,-0.9984,0.0063,0.4900,-2.7300,0.8400
3576665,sitting,0.0139,-0.9987,0.0076,0.4900,-2.7300,0.8050
3576685,sitting,0.0144,-0.9987,0.0061,0.4900,-2.7300,0.8050
3576704,sitting,0.0151,-0.9989,0.0054,0.4550,-2.7300,0.8400
3576723,sitting,0.0146,-0.9989,0.0068,0.4550,-2.7300,0.8050
3576742,sitting,0.0139,-0.9987,0.0066,0.4900,-2.7300,0.8050
3576762,sitting,0.0144,-0.9987,0.0066,0.4900,-2.7300,0.8050
3576781,sitting,0.0144,-0.9984,0.0068,0.4900,-2.7300,0.8400
3576800,sitting,0.0146,-0.9980,0.0071,0.4900,-2.7300,0.7700
3576819,sitting,0.0149,-0.9989,0.0066,0.4900,-2.7300,0.8050
3576838,sitting,0.0156,-0.9999,0.0066,0.4900,-2.7300,0.8400
3576858,sitting,0.0146,-0.9992,0.0066,0.4550,-2.7300,0.8050
3576877,sitting,0.0151,-0.9987,0.0068,0.4900,-2.7300,0.8050
3576896,sitting,0.0146,-0.9994,0.0073,0.4550,-2.7300,0.7700
3576915,sitting,0.0156,-0.9989,0.0063,0.5250,-2.7300,0.8050
3576935,sitting,0.0146,-0.9984,0.0066,0.5250,-2.7650,0.8400
3576954,sitting,0.0159,-0.9982,0.0063,0.4900,-2.7300,0.7700
3576973,sitting,0.0156,-0.9992,0.0076,0.5250,-2.7300,0.8400
3576992,sitting,0.0144,-0.9987,0.0068,0.4900,-2.7300,0.8050
3577012,sitting,0.0149,-0.9982,0.0068,0.4900,-2.7300,0.7700
3577031,sitting,0.0151,-0.9977,0.0066,0.4900,-2.6950,0.7700
3577050,sitting,0.0144,-0.9989,0.0059,0.4900,-2.6950,0.8050
3577069,sitting,0.0144,-0.9982,0.0076,0.4900,-2.7300,0.7700
3577088,sitting,0.0142,-0.9982,0.0063,0.4900,-2.7300,0.8050
3577108,sitting,0.0149,-0.9987,0.0063,0.4900,-2.7300,0.8050
3577127,sitting,0.0146,-0.9975,0.0059,0.4900,-2.7300,0.7700
3577146,sitting,0.0154,-0.9994,0.0071,0.4900,-2.7300,0.7700
3577165,sitting,0.0149,-0.9989,0.0061,0.4900,-2.7300,0.8050
3577185,sitting,0.0146,-0.9982,0.0061,0.4900,-2.7300,0.8050
3577204,sitting,0.0151,-0.9987,0.0054,0.4900,-2.7300,0.7700
3577223,sitting,0.0154,-0.9975,0.0059,0.5250,-2.7650,0.8400
3577242,sitting,0.0142,-0.9987,0.0068,0.4900,-2.8000,0.8400
3577262,sitting,0.0146,-0.9992,0.0066,0.5250,-2.7300,0.8050
3577281,sitting,0.0149,-0.9994,0.0076,0.4900,-2.7650,0.8400
3577300,sitting,0.0146,-0.9992,0.0056,0.4550,-2.7300,0.8400
3577319,sitting,0.0151,-0.9989,0.0059,0.4900,-2.7300,0.8050
3577338,sitting,0.0154,-0.9987,0.0071,0.4900,-2.7650,0.8050
3577358,sitting,0.0142,-0.9982,0.0063,0.4900,-2.7300,0.8400
3577377,sitting,0.0154,-0.9984,0.0063,0.4550,-2.7300,0.8400
3577396,sitting,0.0159,-0.9984,0.0061,0.4550,-2.7300,0.7700
3577415,sitting,0.0156,-0.9987,0.0068,0.4900,-2.7650,0.7700
3577435,sitting,0.0154,-0.9982,0.0056,0.4900,-2.7300,0.8050
3577454,sitting,0.0149,-0.9980,0.0054,0.4900,-2.7300,0.8400
3577473,sitting,0.0159,-0.9989,0.0071,0.4900,-2.7300,0.8400
3577492,sitting,0.0149,-0.9997,0.0059,0.4900,-2.7300,0.8400
3577512,sitting,0.0144,-0.9987,0.0066,0.4900,-2.7300,0.7700
3577531,sitting,0.0149,-0.9987,0.0066,0.4900,-2.6950,0.8050
3577550,sitting,0.0146,-0.9984,0.0073,0.4900,-2.7300,0.8400
3577569,sitting,0.0144,-0.9994,0.0061,0.4900,-2.7300,0.7700
3577588,sitting,0.0154,-0.9987,0.0063,0.5250,-2.7300,0.7700
3577608,sitting,0.0146,-0.9989,0.0061,0.5250,-2.7300,0.8400
3577627,sitting,0.0154,-0.9980,0.0068,0.4900,-2.7300,0.8400
3577646,sitting,0.0142,-0.9987,0.0071,0.4900,-2.7300,0.8400
3577665,sitting,0.0154,-0.9989,0.0063,0.4900,-2.7300,0.8050
3577685,sitting,0.0144,-0.9994,0.0061,0.5250,-2.7300,0.8050
3577704,sitting,0.0142,-0.9987,0.0059,0.4900,-2.7300,0.8400
3577723,sitting,0.0149,-0.9987,0.0063,0.4900,-2.7300,0.7700
3577742,sitting,0.0137,-0.9987,0.0054,0.4900,-2.7300,0.7700
3577762,sitting,0.0144,-0.9987,0.0073,0.4900,-2.7300,0.8050
3577781,sitting,0.0144,-0.9984,0.0076,0.4900,-2.7300,0.8400
3577800,sitting,0.0139,-0.9982,0.0068,0.4900,-2.7300,0.7700
3577819,sitting,0.0139,-0.9987,0.0068,0.5250,-2.7300,0.8400
3577838,sitting,0.0154,-0.9987,0.0061,0.4900,-2.7650,0.8050
3577858,sitting,0.0151,-0.9992,0.0073,0.5250,-2.7650,0.8050
3577877,sitting,0.0159,-0.9989,0.0056,0.4900,-2.7300,0.7700
3577896,sitting,0.0149,-0.9992,0.0063,0.5250,-2.7300,0.7700
3577915,sitting,0.0144,-0.9984,0.0068,0.4900,-2.7300,0.8400
3577935,sitting,0.0156,-0.9984,0.0066,0.4900,-2.7300,0.8400
3577954,sitting,0.0156,-0.9987,0.0063,0.4900,-2.7300,0.8050
3577973,sitting,0.0154,-0.9982,0.0068,0.4550,-2.7300,0.8400
3577992,sitting,0.0144,-0.9982,0.0063,0.4900,-2.6950,0.8050
3578012,sitting,0.0146,-0.9980,0.0071,0.4900,-2.7300,0.7700
3578031,sitting,0.0142,-0.9987,0.0066,0.4900,-2.7300,0.8050
3578050,sitting,0.0144,-0.9980,0.0063,0.4550,-2.7650,0.7700
3578069,sitting,0.0142,-0.9989,0.0071,0.4900,-2.7300,0.8050
3578088,sitting,0.0144,-0.9994,0.0073,0.4900,-2.7300,0.8400
3578108,sitting,0.0144,-0.9984,0.0073,0.4900,-2.7300,0.8050
3578127,sitting,0.0144,-0.9987,0.0061,0.5250,-2.7650,0.8400
3578146,sitting,0.0144,-0.9987,0.0063,0.5600,-2.7300,0.8050
3578165,sitting,0.0161,-0.9982,0.0061,0.4900,-2.6600,0.8050
3578185,sitting,0.0146,-0.9987,0.0066,0.4900,-2.7300,0.8050
3578204,sitting,0.0149,-0.9992,0.0073,0.4900,-2.7300,0.8400
3578223,sitting,0.0144,-0.9989,0.0063,0.5250,-2.7300,0.8050
3578242,sitting,0.0146,-0.9982,0.0066,0.5600,-2.7300,0.8050
3578262,sitting,0.0139,-0.9989,0.0061,0.5600,-2.7300,0.8050
3578281,sitting,0.0144,-0.9984,0.0066,0.4900,-2.7300,0.8050
3578300,sitting,0.0149,-0.9992,0.0066,0.5250,-2.7300,0.8400
3578319,sitting,0.0149,-0.9994,0.0061,0.5600,-2.7300,0.8050
3578338,sitting,0.0154,-0.9984,0.0061,0.4900,-2.7300,0.8050
3578358,sitting,0.0154,-0.9989,0.0066,0.5250,-2.6950,0.7700
3578377,sitting,0.0146,-0.9984,0.0071,0.5250,-2.7650,0.8050
3578396,sitting,0.0149,-0.9982,0.0078,0.5600,-2.7300,0.7700
3578415,sitting,0.0149,-0.9980,0.0071,0.4900,-2.7300,0.7700
3578435,sitting,0.0159,-0.9987,0.0076,0.4900,-2.7300,0.7700
3578454,sitting,0.0154,-0.9992,0.0071,0.4900,-2.7300,0.8050
3578473,sitting,0.0149,-0.9984,0.0068,0.4900,-2.7300,0.7700
3578492,sitting,0.0142,-0.9992,0.0068,0.4900,-2.7300,0.8400
3578512,sitting,0.0142,-0.9992,0.0063,0.4900,-2.7300,0.8050
3578531,sitting,0.0149,-0.9992,0.0059,0.4900,-2.7650,0.7700
3578550,sitting,0.0139,-0.9984,0.0063,0.4900,-2.7300,0.8050
3578569,sitting,0.0142,-0.9982,0.0063,0.4900,-2.7300,0.8050
3578588,sitting,0.0156,-0.9980,0.0061,0.5250,-2.7300,0.8400
3578608,sitting,0.0156,-0.9977,0.0059,0.4900,-2.7650,0.8050
3578627,sitting,0.0154,-0.9989,0.0063,0.4900,-2.7300,0.8050
3578646,sitting,0.0156,-0.9980,0.0066,0.4900,-2.7300,0.7700
3578665,sitting,0.0144,-0.9975,0.0066,0.4900,-2.6950,0.8400
3578685,sitting,0.0154,-0.9982,0.0068,0.4900,-2.7300,0.8050
3578704,sitting,0.0149,-0.9982,0.0063,0.4900,-2.7300,0.8050
3578723,sitting,0.0144,-0.9992,0.0056,0.4550,-2.7300,0.8050
3578742,sitting,0.0154,-0.9980,0.0071,0.4900,-2.7300,0.7700
3578762,sitting,0.0149,-0.9977,0.0071,0.4900,-2.7300,0.8050
3578781,sitting,0.0151,-0.9992,0.0068,0.4900,-2.7300,0.8400
3578800,sitting,0.0146,-0.9984,0.0068,0.4900,-2.7300,0.8050
3578819,sitting,0.0146,-0.9989,0.0071,0.4900,-2.6950,0.7700
3578838,sitting,0.0144,-0.9984,0.0076,0.4900,-2.7300,0.7700
3578858,sitting,0.0151,-0.9980,0.0059,0.5250,-2.7300,0.8400
3578877,sitting,0.0154,-0.9984,0.0059,0.5250,-2.7300,0.8050
3578896,sitting,0.0154,-0.9989,0.0066,0.5250,-2.7300,0.8400
3578915,sitting,0.0154,-0.9984,0.0061,0.5250,-2.7300,0.8050
3578935,sitting,0.0161,-0.9982,0.0068,0.5600,-2.7300,0.8050
3578954,sitting,0.0146,-0.9980,0.0066,0.5250,-2.7300,0.8050
3578973,sitting,0.0151,-0.9992,0.0081,0.5600,-2.7300,0.7700
3578992,sitting,0.0154,-0.9987,0.0063,0.5250,-2.7300,0.7700
3579012,sitting,0.0149,-0.9987,0.0063,0.4900,-2.7300,0.8050
3579031,sitting,0.0154,-0.9994,0.0066,0.4900,-2.7300,0.8050
3579050,sitting,0.0146,-0.9989,0.0071,0.4900,-2.7300,0.7700
3579069,sitting,0.0149,-0.9984,0.0071,0.4900,-2.7300,0.8400
3579088,sitting,0.0151,-0.9984,0.0061,0.4900,-2.7300,0.8050
3579108,sitting,0.0149,-0.9982,0.0061,0.4900,-2.7300,0.8400
3579127,sitting,0.0134,-0.9982,0.0059,0.4900,-2.7300,0.7700
3579146,sitting,0.0146,-0.9982,0.0076,0.4900,-2.7300,0.8400
3579165,sitting,0.0156,-0.9987,0.0071,0.4200,-2.7300,0.8050
3579185,sitting,0.0154,-0.9984,0.0076,0.4550,-2.7300,0.8050
3579204,sitting,0.0151,-0.9992,0.0063,0.4550,-2.7300,0.8400
3579223,sitting,0.0161,-0.9994,0.0063,0.4900,-2.7300,0.8050
3579242,sitting,0.0154,-0.9992,0.0066,0.4900,-2.7650,0.8050
3579262,sitting,0.0151,-0.9982,0.0063,0.4550,-2.7300,0.8400
3579281,sitting,0.0154,-0.9982,0.0068,0.4900,-2.7300,0.7700
3579300,sitting,0.0151,-0.9989,0.0063,0.4900,-2.7650,0.8400
3579319,sitting,0.0154,-0.9984,0.0068,0.4900,-2.7300,0.7700
3579338,sitting,0.0156,-0.9982,0.0054,0.4900,-2.7300,0.8050
3579358,sitting,0.0142,-0.9984,0.0071,0.5250,-2.7300,0.7700
3579377,sitting,0.0142,-0.9987,0.0078,0.5250,-2.7300,0.8400
3579396,sitting,0.0149,-0.9987,0.0071,0.4900,-2.7300,0.8400
3579415,sitting,0.0139,-0.9984,0.0066,0.4900,-2.7300,0.8050
3579435,sitting,0.0156,-0.9984,0.0076,0.4900,-2.7300,0.8050
3579454,sitting,0.0159,-0.9975,0.0061,0.4550,-2.7300,0.7700
3579473,sitting,0.0146,-0.9992,0.0068,0.4900,-2.7300,0.7700
3579492,sitting,0.0146,-0.9989,0.0056,0.5600,-2.6950,0.8400
3579512,sitting,0.0154,-0.9977,0.0063,0.5250,-2.7300,0.8400
3579531,sitting,0.0151,-0.9989,0.0056,0.4900,-2.7300,0.8400
3579550,sitting,0.0144,-0.9992,0.0068,0.4900,-2.7300,0.8050
3579569,sitting,0.0146,-0.9989,0.0073,0.4900,-2.7300,0.7700
3579588,sitting,0.0151,-0.9989,0.0068,0.4900,-2.7300,0.8050
3579608,sitting,0.0151,-0.9987,0.0068,0.4900,-2.7300,0.8050
3579627,sitting,0.0151,-0.9989,0.0054,0.4900,-2.7300,0.7700
3579646,sitting,0.0154,-0.9987,0.0068,0.4900,-2.7300,0.7700
3579665,sitting,0.0154,-0.9977,0.0049,0.4900,-2.7300,0.7700
3579685,sitting,0.0156,-0.9987,0.0063,0.5250,-2.7650,0.7700
3579704,sitting,0.0156,-0.9980,0.0066,0.4900,-2.7300,0.8050
3579723,sitting,0.0151,-0.9989,0.0071,0.4900,-2.7300,0.8050
3579742,sitting,0.0146,-0.9989,0.0068,0.4550,-2.7300,0.7700
3579762,sitting,0.0149,-0.9994,0.0061,0.5250,-2.7300,0.8400
3579781,sitting,0.0149,-0.9987,0.0061,0.5250,-2.7300,0.8050
3579800,sitting,0.0139,-0.9992,0.0066,0.4900,-2.7300,0.8400
3579819,sitting,0.0151,-0.9992,0.0066,0.4900,-2.7650,0.8050
3579838,sitting,0.0159,-0.9987,0.0056,0.4900,-2.7300,0.7700
3579858,sitting,0.0151,-0.9984,0.0066,0.4900,-2.7300,0.7700
3579877,sitting,0.0149,-0.9994,0.0063,0.4900,-2.7650,0.8050
3579896,sitting,0.0144,-1.0002,0.0061,0.4900,-2.6950,0.7700
3579915,sitting,0.0149,-0.9994,0.0059,0.4900,-2.7300,0.8400
3579935,sitting,0.0154,-0.9987,0.0071,0.4550,-2.7300,0.8400
3579954,sitting,0.0144,-0.9982,0.0059,0.5250,-2.7300,0.8050
3579973,sitting,0.0144,-0.9989,0.0059,0.4900,-2.7300,0.8050
3579992,sitting,0.0142,-0.9992,0.0054,0.4900,-2.6950,0.7700
3580012,sitting,0.0154,-0.9980,0.0063,0.4900,-2.7300,0.8050
3580031,sitting,0.0149,-0.9987,0.0066,0.4900,-2.7300,0.8050
3580050,sitting,0.0161,-0.9984,0.0061,0.4900,-2.7300,0.8050
3580069,sitting,0.0159,-0.9980,0.0061,0.4900,-2.7300,0.7700
3580088,sitting,0.0149,-0.9975,0.0066,0.5250,-2.6950,0.7700
3580108,sitting,0.0151,-0.9984,0.0059,0.5250,-2.7300,0.7700
3580127,sitting,0.0149,-0.9982,0.0068,0.5600,-2.7300,0.8400
3580146,sitting,0.0151,-0.9987,0.0063,0.5250,-2.7300,0.8050
3580165,sitting,0.0149,-0.9987,0.0068,0.4900,-2.7650,0.7700
3580185,sitting,0.0142,-0.9992,0.0063,0.4900,-2.7300,0.8050
3580204,sitting,0.0146,-0.9989,0.0066,0.5250,-2.6950,0.8050
3580223,sitting,0.0151,-0.9984,0.0073,0.5250,-2.7650,0.7700
3580242,sitting,0.0149,-0.9992,0.0061,0.5250,-2.7650,0.7700
3580262,sitting,0.0144,-0.9984,0.0071,0.4900,-2.7300,0.7700
3580281,sitting,0.0142,-0.9982,0.0076,0.5600,-2.7300,0.7700
3580300,sitting,0.0146,-0.9984,0.0061,0.4900,-2.7300,0.7700
3580319,sitting,0.0142,-0.9987,0.0061,0.4900,-2.7650,0.7700
3580338,sitting,0.0144,-0.9982,0.0059,0.4900,-2.7300,0.8050
3580358,sitting,0.0144,-0.9987,0.0068,0.4900,-2.7300,0.8400
3580377,sitting,0.0146,-0.9984,0.0073,0.4900,-2.7300,0.8050
3580396,sitting,0.0146,-0.9987,0.0063,0.4900,-2.7650,0.8050
3580415,sitting,0.0144,-0.9984,0.0068,0.5250,-2.8000,0.8050
3580435,sitting,0.0154,-0.9989,0.0056,0.4900,-2.7300,0.8400
3580454,sitting,0.0154,-0.9987,0.0063,0.4900,-2.7300,0.8400
3580473,sitting,0.0151,-0.9977,0.0063,0.4900,-2.7300,0.8050
3580492,sitting,0.0146,-0.9994,0.0059,0.4550,-2.7300,0.8400
3580512,sitting,0.0144,-0.9992,0.0066,0.4550,-2.7300,0.7700
3580531,sitting,0.0139,-0.9982,0.0071,0.4900,-2.7300,0.8050
3580550,sitting,0.0151,-0.9984,0.0061,0.4900,-2.7300,0.8050
3580569,sitting,0.0154,-0.9982,0.0066,0.4900,-2.6950,0.8050
3580588,sitting,0.0146,-0.9992,0.0073,0.4550,-2.7300,0.7700
3580608,sitting,0.0146,-0.9984,0.0068,0.4550,-2.7300,0.8050
3580627,sitting,0.0139,-0.9989,0.0066,0.4900,-2.7300,0.8400
3580646,sitting,0.0146,-0.9987,0.0061,0.4900,-2.7300,0.7700
3580665,sitting,0.0151,-0.9987,0.0061,0.5250,-2.7300,0.7700
3580685,sitting,0.0151,-0.9982,0.0061,0.4900,-2.7300,0.8050
3580704,sitting,0.0154,-0.9982,0.0063,0.4900,-2.7300,0.7700
3580723,sitting,0.0151,-0.9989,0.0071,0.4900,-2.7300,0.8050
3580742,sitting,0.0149,-0.9997,0.0059,0.5250,-2.7650,0.8400
3580762,sitting,0.0149,-0.9994,0.0063,0.4900,-2.7300,0.7700
3580781,sitting,0.0149,-0.9987,0.0073,0.5250,-2.7300,0.8400
3580800,sitting,0.0154,-0.9984,0.0073,0.4900,-2.7300,0.7700
3580819,sitting,0.0146,-0.9980,0.0063,0.5250,-2.7300,0.8050
3580838,sitting,0.0149,-0.9989,0.0063,0.4900,-2.7300,0.8050
3580858,sitting,0.0154,-0.9984,0.0063,0.4900,-2.7300,0.8050
3580877,sitting,0.0159,-0.9987,0.0056,0.4900,-2.7300,0.8050
3580896,sitting,0.0146,-0.9992,0.0061,0.5250,-2.7300,0.7700
3580915,sitting,0.0156,-0.9987,0.0068,0.4900,-2.7650,0.8050
3580935,sitting,0.0144,-0.9984,0.0061,0.5250,-2.7300,0.8400
3580954,sitting,0.0149,-0.9989,0.0068,0.5250,-2.7300,0.8050
3580973,sitting,0.0151,-0.9992,0.0056,0.4550,-2.7300,0.7700
3580992,sitting,0.0154,-0.9989,0.0061,0.4900,-2.7300,0.8050
3581012,sitting,0.0154,-0.9984,0.0063,0.4900,-2.7300,0.8400
3581031,sitting,0.0146,-0.9987,0.0076,0.4900,-2.7300,0.8400
3581050,sitting,0.0151,-0.9982,0.0068,0.4900,-2.7650,0.7700
3581069,sitting,0.0156,-0.9982,0.0056,0.4900,-2.7300,0.7700
3581088,sitting,0.0149,-0.9984,0.0061,0.4550,-2.7300,0.7700
3581108,sitting,0.0149,-0.9992,0.0063,0.4900,-2.7300,0.7700
3581127,sitting,0.0149,-0.9982,0.0059,0.4900,-2.7300,0.8400
3581146,sitting,0.0137,-0.9987,0.0056,0.4200,-2.7300,0.8400
3581165,sitting,0.0151,-0.9987,0.0063,0.4900,-2.7300,0.8050
3581185,sitting,0.0154,-0.9984,0.0059,0.4900,-2.6950,0.7700
3581204,sitting,0.0146,-0.9977,0.0063,0.4900,-2.7650,0.8050
3581223,sitting,0.0151,-0.9977,0.0056,0.4900,-2.7300,0.7700
3581242,sitting,0.0151,-0.9989,0.0076,0.4900,-2.7300,0.7700
3581262,sitting,0.0142,-0.9984,0.0071,0.4900,-2.7300,0.7700
3581281,sitting,0.0142,-0.9980,0.0071,0.4900,-2.7300,0.8050
3581300,sitting,0.0149,-0.9980,0.0071,0.5250,-2.6950,0.8050
3581319,sitting,0.0144,-0.9997,0.0066,0.4900,-2.7300,0.7700
3581338,sitting,0.0149,-0.9987,0.0068,0.4900,-2.7300,0.7700
3581358,sitting,0.0146,-0.9992,0.0061,0.4900,-2.7300,0.7700
3581377,sitting,0.0151,-0.9982,0.0061,0.4900,-2.7300,0.7700
3581396,sitting,0.0142,-0.9987,0.0061,0.4900,-2.7300,0.7700
3581415,sitting,0.0137,-0.9989,0.0066,0.5600,-2.7300,0.8050
3581435,sitting,0.0149,-0.9987,0.0071,0.5250,-2.7300,0.8400
3581454,sitting,0.0146,-0.9982,0.0068,0.4900,-2.7300,0.7700
3581473,sitting,0.0139,-0.9994,0.0071,0.4900,-2.7300,0.7700
3581492,sitting,0.0146,-0.9984,0.0073,0.5250,-2.7300,0.8050
3581512,sitting,0.0149,-0.9987,0.0061,0.4900,-2.7300,0.8400
3581531,sitting,0.0159,-0.9984,0.0063,0.5250,-2.7300,0.8050
3581550,sitting,0.0154,-0.9989,0.0061,0.4900,-2.7300,0.7700
3581569,sitting,0.0154,-0.9980,0.0063,0.4900,-2.7300,0.8050
3581588,sitting,0.0156,-0.9980,0.0073,0.4900,-2.7300,0.8050
3581608,sitting,0.0146,-0.9992,0.0068,0.4900,-2.7300,0.8050
3581627,sitting,0.0146,-0.9989,0.0073,0.4900,-2.7300,0.7700
3581646,sitting,0.0154,-0.9987,0.0068,0.4900,-2.7300,0.8400
3581665,sitting,0.0149,-0.9984,0.0073,0.4900,-2.7300,0.8400
3581685,sitting,0.0159,-0.9982,0.0061,0.4550,-2.7300,0.8050
3581704,sitting,0.0149,-0.9989,0.0063,0.4900,-2.7650,0.8050
3581723,sitting,0.0139,-0.9984,0.0066,0.4900,-2.7300,0.8400
3581742,sitting,0.0149,-0.9984,0.0063,0.4900,-2.7300,0.8050
3581762,sitting,0.0149,-0.9984,0.0066,0.4900,-2.7300,0.8050
3581781,sitting,0.0149,-0.9987,0.0066,0.5250,-2.7300,0.8050
3581800,sitting,0.0144,-0.9984,0.0061,0.4900,-2.7300,0.7700
3581819,sitting,0.0144,-0.9982,0.0068,0.4900,-2.7300,0.8050
3581838,sitting,0.0151,-0.9982,0.0066,0.4550,-2.7300,0.8050
3581858,sitting,0.0154,-0.9982,0.0066,0.4900,-2.7300,0.8400
3581877,sitting,0.0144,-0.9984,0.0061,0.5250,-2.7300,0.7700
3581896,sitting,0.0137,-0.9992,0.0066,0.5250,-2.7300,0.7700
3581915,sitting,0.0144,-0.9984,0.0063,0.4900,-2.7300,0.7700
3581935,sitting,0.0154,-0.9989,0.0059,0.4900,-2.6950,0.8050
3581954,sitting,0.0154,-0.9977,0.0071,0.4900,-2.7300,0.8050
3581973,sitting,0.0149,-0.9989,0.0054,0.4900,-2.7300,0.7700
3581992,sitting,0.0146,-0.9989,0.0066,0.4900,-2.7650,0.8050
3582012,sitting,0.0149,-0.9982,0.0063,0.5250,-2.7300,0.7700
3582031,sitting,0.0142,-0.9989,0.0073,0.4900,-2.7300,0.8050
3582050,sitting,0.0144,-0.9994,0.0068,0.4900,-2.7300,0.8050
3582069,sitting,0.0137,-0.9994,0.0071,0.4900,-2.8000,0.7700
3582088,sitting,0.0142,-0.9977,0.0063,0.4900,-2.7300,0.8050
3582108,sitting,0.0151,-0.9980,0.0063,0.5250,-2.7300,0.7700
3582127,sitting,0.0149,-0.9994,0.0066,0.4900,-2.7300,0.8050
3582146,sitting,0.0156,-0.9977,0.0059,0.4550,-2.7300,0.8050
3582165,sitting,0.0151,-0.9989,0.0056,0.4900,-2.6950,0.7700
3582185,sitting,0.0154,-0.9989,0.0061,0.4900,-2.7300,0.7700
3582204,sitting,0.0139,-0.9984,0.0059,0.4900,-2.7650,0.7700
3582223,sitting,0.0151,-0.9997,0.0054,0.4900,-2.7650,0.8400
3582242,sitting,0.0154,-0.9977,0.0063,0.4900,-2.7650,0.8050
3582262,sitting,0.0159,-0.9994,0.0061,0.4900,-2.7650,0.8050
3582281,sitting,0.0154,-0.9989,0.0068,0.4550,-2.7650,0.8050
3582300,sitting,0.0149,-0.9992,0.0061,0.4900,-2.7300,0.8050
3582319,sitting,0.0151,-0.9997,0.0071,0.4900,-2.7300,0.7700
3582338,sitting,0.0146,-0.9972,0.0063,0.4900,-2.7300,0.8050
3582358,sitting,0.0142,-0.9984,0.0071,0.4900,-2.7300,0.7700
3582377,sitting,0.0144,-0.9987,0.0061,0.4900,-2.7300,0.7700
3582396,sitting,0.0151,-0.9984,0.0059,0.4900,-2.7300,0.8400
3582415,sitting,0.0154,-0.9987,0.0066,0.4900,-2.8000,0.8400
3582435,sitting,0.0151,-0.9982,0.0061,0.5250,-2.7300,0.8400
3582454,sitting,0.0144,-0.9989,0.0071,0.4900,-2.7650,0.8400
3582473,sitting,0.0149,-0.9982,0.0071,0.4900,-2.7300,0.7700
3582492,sitting,0.0151,-0.9987,0.0059,0.4900,-2.7300,0.8050
3582512,sitting,0.0142,-0.9980,0.0066,0.4900,-2.7300,0.7700
3582531,sitting,0.0139,-0.9980,0.0081,0.4900,-2.7300,0.8400
3582550,sitting,0.0161,-0.9992,0.0068,0.4900,-2.7300,0.7700
3582569,sitting,0.0154,-0.9982,0.0076,0.4900,-2.7300,0.8050
3582588,sitting,0.0149,-0.9992,0.0073,0.4900,-2.7300,0.8400
3582608,sitting,0.0149,-0.9989,0.0061,0.4900,-2.7300,0.7700
3582627,sitting,0.0154,-0.9992,0.0061,0.4900,-2.7300,0.7700
3582646,sitting,0.0144,-0.9982,0.0061,0.4900,-2.7300,0.8400
3582665,sitting,0.0146,-0.9982,0.0061,0.4900,-2.7300,0.8050
3582685,sitting,0.0144,-0.9984,0.0066,0.5250,-2.7300,0.7700
3582704,sitting,0.0146,-0.9989,0.0073,0.4900,-2.7300,0.7700
3582723,sitting,0.0146,-0.9992,0.0071,0.4900,-2.7300,0.8050
3582742,sitting,0.0146,-0.9980,0.0063,0.4900,-2.7300,0.8400
3582762,sitting,0.0151,-0.9984,0.0068,0.5250,-2.7300,0.7700
3582781,sitting,0.0151,-0.9977,0.0063,0.4900,-2.7300,0.7700
3582800,sitting,0.0149,-0.9977,0.0066,0.4900,-2.7300,0.7700
3582819,sitting,0.0159,-0.9987,0.0063,0.4550,-2.7300,0.8050
3582838,sitting,0.0142,-0.9992,0.0061,0.4900,-2.7300,0.7700
3582858,sitting,0.0151,-0.9989,0.0061,0.4900,-2.7300,0.8050
3582877,sitting,0.0156,-0.9992,0.0061,0.4900,-2.7300,0.7700
3582896,sitting,0.0146,-0.9997,0.0078,0.4900,-2.7300,0.8400
3582915,sitting,0.0146,-0.9994,0.0071,0.4900,-2.7300,0.8400
3582935,sitting,0.0151,-0.9999,0.0066,0.4900,-2.7650,0.8050
3582954,sitting,0.0149,-0.9982,0.0059,0.5250,-2.7300,0.7700
3582973,sitting,0.0151,-0.9977,0.0059,0.4900,-2.7650,0.7700
3582992,sitting,0.0154,-0.9980,0.0068,0.4900,-2.7300,0.8050
3583012,sitting,0.0151,-0.9987,0.0056,0.4900,-2.7300,0.8400
3583031,sitting,0.0151,-0.9980,0.0068,0.4900,-2.7300,0.8400
3583050,sitting,0.0149,-0.9984,0.0076,0.4900,-2.7300,0.8400
3583069,sitting,0.0146,-0.9984,0.0068,0.4900,-2.7300,0.7700
3583088,sitting,0.0139,-0.9987,0.0068,0.4200,-2.7300,0.8050
3583108,sitting,0.0144,-0.9982,0.0063,0.5250,-2.7300,0.8400
3583127,sitting,0.0149,-0.9987,0.0059,0.4900,-2.7300,0.7700
3583146,sitting,0.0156,-0.9984,0.0071,0.4900,-2.7300,0.7700
3583165,sitting,0.0149,-0.9984,0.0071,0.4900,-2.7300,0.7700
3583185,sitting,0.0146,-0.9997,0.0068,0.4900,-2.7300,0.7700
3583204,sitting,0.0154,-0.9989,0.0068,0.4900,-2.7300,0.8050
3583223,sitting,0.0144,-0.9982,0.0068,0.4900,-2.7300,0.7700
3583242,sitting,0.0139,-0.9987,0.0066,0.4900,-2.7300,0.7700
3583262,sitting,0.0144,-0.9982,0.0076,0.4900,-2.7300,0.8050
3583281,sitting,0.0139,-0.9987,0.0066,0.5250,-2.6950,0.7700
3583300,sitting,0.0156,-0.9975,0.0066,0.4900,-2.7300,0.8050
3583319,sitting,0.0159,-0.9987,0.0063,0.4900,-2.7300,0.7700
3583338,sitting,0.0154,-0.9987,0.0061,0.5250,-2.7300,0.7700
3583358,sitting,0.0156,-0.9987,0.0063,0.4900,-2.7300,0.7700
3583377,sitting,0.0137,-0.9989,0.0059,0.5250,-2.7300,0.8050
3583396,sitting,0.0149,-0.9994,0.0073,0.5250,-2.7300,0.8050
3583415,sitting,0.0154,-0.9994,0.0051,0.4900,-2.7300,0.7700
3583435,sitting,0.0146,-0.9994,0.0061,0.4900,-2.7300,0.7700
3583454,sitting,0.0146,-0.9989,0.0068,0.4900,-2.7300,0.8050
3583473,sitting,0.0151,-0.9982,0.0063,0.4900,-2.7300,0.8400
3583492,sitting,0.0149,-0.9982,0.0071,0.4900,-2.7650,0.8400
3583512,sitting,0.0151,-0.9982,0.0061,0.4900,-2.7650,0.7700
3583531,sitting,0.0146,-0.9984,0.0071,0.4900,-2.7300,0.8050
3583550,sitting,0.0151,-0.9984,0.0059,0.4900,-2.7300,0.8050
3583569,sitting,0.0151,-0.9992,0.0063,0.4900,-2.7300,0.8400
3583588,sitting,0.0149,-0.9994,0.0063,0.4900,-2.7650,0.8050
3583608,sitting,0.0154,-0.9984,0.0076,0.4550,-2.7300,0.8050
3583627,sitting,0.0146,-0.9984,0.0066,0.4900,-2.7300,0.8050
3583646,sitting,0.0142,-0.9987,0.0078,0.4900,-2.7300,0.7700
3583665,sitting,0.0151,-0.9980,0.0071,0.4900,-2.7300,0.8400
3583685,sitting,0.0151,-0.9977,0.0059,0.4900,-2.7300,0.8400
3583704,sitting,0.0146,-0.9992,0.0056,0.4900,-2.7300,0.8400
3583723,sitting,0.0146,-0.9994,0.0068,0.4900,-2.7300,0.7700
3583742,sitting,0.0144,-0.9982,0.0066,0.4900,-2.7300,0.7700
3583762,sitting,0.0149,-0.9987,0.0059,0.4900,-2.7300,0.7700
3583781,sitting,0.0142,-0.9989,0.0063,0.5250,-2.7300,0.8400
3583800,sitting,0.0134,-0.9982,0.0073,0.4900,-2.7300,0.8050
3583819,sitting,0.0154,-0.9992,0.0059,0.5250,-2.7650,0.8400
3583838,sitting,0.0151,-0.9982,0.0063,0.5250,-2.7300,0.8400
3583858,sitting,0.0146,-0.9980,0.0068,0.5250,-2.7300,0.7700
3583877,sitting,0.0144,-0.9982,0.0066,0.5250,-2.7300,0.8050
3583896,sitting,0.0139,-0.9982,0.0061,0.4900,-2.7650,0.7700
3583915,sitting,0.0146,-0.9977,0.0066,0.5250,-2.7650,0.8050
3583935,sitting,0.0159,-0.9987,0.0063,0.5250,-2.7300,0.8050
3583954,sitting,0.0139,-0.9975,0.0059,0.5250,-2.7300,0.7700
3583973,sitting,0.0132,-0.9994,0.0066,0.4900,-2.7300,0.7700
3583992,sitting,0.0154,-0.9984,0.0068,0.4900,-2.7300,0.7700
3584012,sitting,0.0154,-0.9987,0.0071,0.5250,-2.7300,0.8050
3584031,sitting,0.0149,-0.9987,0.0066,0.4900,-2.7300,0.8050
3584050,sitting,0.0149,-0.9980,0.0061,0.4900,-2.7650,0.7700
3584069,sitting,0.0149,-0.9972,0.0054,0.4900,-2.7300,0.7700
3584088,sitting,0.0156,-0.9977,0.0066,0.4900,-2.7300,0.8400
3584108,sitting,0.0144,-0.9980,0.0059,0.4900,-2.7300,0.8400
3584127,sitting,0.0144,-0.9980,0.0066,0.4900,-2.7300,0.8400
3584146,sitting,0.0149,-0.9987,0.0068,0.4900,-2.7300,0.7700
3584165,sitting,0.0151,-0.9992,0.0066,0.4900,-2.7300,0.8400
3584185,sitting,0.0137,-0.9987,0.0063,0.4550,-2.7300,0.7700
3584204,sitting,0.0142,-0.9975,0.0073,0.4550,-2.7300,0.8050
3584223,sitting,0.0146,-0.9987,0.0061,0.4900,-2.7300,0.8400
3584242,sitting,0.0151,-0.9982,0.0056,0.4900,-2.6950,0.7700
3584262,sitting,0.0146,-0.9977,0.0068,0.4550,-2.7300,0.7700
3584281,sitting,0.0137,-0.9997,0.0061,0.4900,-2.7300,0.8400
3584300,sitting,0.0142,-0.9989,0.0071,0.4900,-2.7300,0.8400
3584319,sitting,0.0151,-0.9987,0.0068,0.4900,-2.7300,0.7700
3584338,sitting,0.0139,-0.9987,0.0066,0.4900,-2.7300,0.8400
3584358,sitting,0.0144,-0.9984,0.0066,0.5250,-2.7300,0.8400
3584377,sitting,0.0139,-0.9984,0.0076,0.4900,-2.7300,0.8400
3584396,sitting,0.0151,-0.9984,0.0071,0.5250,-2.7300,0.8050
3584415,sitting,0.0159,-0.9987,0.0061,0.5250,-2.7300,0.7700
3584435,sitting,0.0154,-0.9984,0.0066,0.5250,-2.7300,0.7700
3584454,sitting,0.0151,-0.9984,0.0071,0.4900,-2.7650,0.8050
3584473,sitting,0.0139,-0.9992,0.0066,0.4900,-2.7300,0.8400
3584492,sitting,0.0142,-0.9984,0.0063,0.4900,-2.6950,0.7700
3584512,sitting,0.0146,-0.9992,0.0068,0.5600,-2.7300,0.7700
3584531,sitting,0.0146,-0.9982,0.0061,0.5250,-2.7300,0.7700
3584550,sitting,0.0144,-0.9989,0.0063,0.4900,-2.7300,0.7700
3584569,sitting,0.0149,-0.9992,0.0068,0.4900,-2.7300,0.8050
3584588,sitting,0.0144,-0.9982,0.0073,0.5250,-2.7300,0.7700
3584608,sitting,0.0149,-0.9982,0.0068,0.4900,-2.7300,0.8400
3584627,sitting,0.0132,-0.9987,0.0068,0.4900,-2.7300,0.8400
3584646,sitting,0.0146,-0.9984,0.0066,0.5250,-2.7650,0.7700
3584665,sitting,0.0146,-0.9999,0.0063,0.4900,-2.7300,0.7700
3584685,sitting,0.0146,-0.9977,0.0068,0.4900,-2.7300,0.7700
3584704,sitting,0.0151,-0.9989,0.0063,0.4900,-2.7300,0.8050
3584723,sitting,0.0146,-0.9992,0.0063,0.4900,-2.7300,0.7700
3584742,sitting,0.0149,-0.9982,0.0071,0.4900,-2.7300,0.8050
3584762,sitting,0.0154,-0.9989,0.0061,0.4900,-2.7300,0.8400
3584781,sitting,0.0146,-0.9987,0.0071,0.4550,-2.7300,0.8050
3584800,sitting,0.0149,-0.9992,0.0068,0.4550,-2.7300,0.8050
3584819,sitting,0.0146,-0.9982,0.0063,0.4900,-2.7300,0.7700
3584838,sitting,0.0144,-0.9980,0.0061,0.4900,-2.7300,0.7700
3584858,sitting,0.0139,-0.9987,0.0061,0.4900,-2.7300,0.8050
3584877,sitting,0.0129,-0.9987,0.0071,0.4550,-2.7300,0.8050
3584896,sitting,0.0139,-0.9987,0.0063,0.4900,-2.7300,0.7700
3584915,sitting,0.0156,-0.9982,0.0063,0.4550,-2.7300,0.8050
3584935,sitting,0.0146,-0.9984,0.0063,0.4900,-2.7300,0.7700
3584954,sitting,0.0142,-0.9980,0.0061,0.4900,-2.7300,0.8050
3584973,sitting,0.0144,-0.9982,0.0061,0.5250,-2.7300,0.8400
3584992,sitting,0.0146,-0.9984,0.0063,0.4900,-2.7300,0.7700
3585012,sitting,0.0142,-0.9989,0.0073,0.4900,-2.7300,0.7700
3585031,sitting,0.0144,-0.9984,0.0071,0.4900,-2.7300,0.8400
3585050,sitting,0.0156,-0.9984,0.0073,0.4900,-2.7300,0.8400
3585069,sitting,0.0146,-0.9992,0.0068,0.5250,-2.7300,0.8050
3585088,sitting,0.0142,-0.9989,0.0061,0.5250,-2.7300,0.8400
3585108,sitting,0.0151,-0.9997,0.0056,0.5250,-2.7300,0.7700
3585127,sitting,0.0142,-0.9984,0.0061,0.4900,-2.7300,0.7700
3585146,sitting,0.0139,-0.9984,0.0063,0.5600,-2.7650,0.8400
3585165,sitting,0.0149,-0.9982,0.0071,0.4900,-2.7300,0.8050
3585185,sitting,0.0154,-0.9987,0.0078,0.4900,-2.7300,0.7700
3585204,sitting,0.0146,-0.9987,0.0071,0.5250,-2.7300,0.8050
3585223,sitting,0.0154,-0.9989,0.0068,0.5250,-2.7300,0.8050
3585242,sitting,0.0156,-0.9997,0.0066,0.4900,-2.7300,0.8400
3585262,sitting,0.0154,-0.9987,0.0059,0.4900,-2.7300,0.8050
3585281,sitting,0.0156,-0.9992,0.0061,0.5600,-2.7300,0.8050
3585300,sitting,0.0146,-0.9994,0.0068,0.5250,-2.7300,0.8050
3585319,sitting,0.0156,-0.9980,0.0073,0.4900,-2.7300,0.8400
3585338,sitting,0.0151,-0.9977,0.0063,0.4900,-2.7300,0.8050
3585358,sitting,0.0144,-0.9977,0.0071,0.4900,-2.7300,0.8050
3585377,sitting,0.0146,-0.9980,0.0073,0.4900,-2.7300,0.8400
3585396,sitting,0.0159,-0.9982,0.0063,0.4900,-2.7300,0.8050
3585415,sitting,0.0144,-0.9989,0.0071,0.4900,-2.7300,0.7700
3585435,sitting,0.0149,-0.9987,0.0068,0.4900,-2.7300,0.8050
3585454,sitting,0.0146,-0.9984,0.0068,0.4550,-2.7650,0.8400
3585473,sitting,0.0142,-0.9987,0.0078,0.4900,-2.7300,0.8050
3585492,sitting,0.0151,-0.9984,0.0073,0.4900,-2.7650,0.8400
3585512,sitting,0.0144,-0.9992,0.0059,0.4900,-2.7300,0.8050
3585531,sitting,0.0142,-0.9987,0.0059,0.4900,-2.7300,0.8050
3585550,sitting,0.0142,-0.9984,0.0068,0.4900,-2.7300,0.8050
3585569,sitting,0.0151,-0.9994,0.0078,0.4900,-2.7300,0.8400
3585588,sitting,0.0146,-0.9989,0.0061,0.4900,-2.7300,0.8400
3585608,sitting,0.0146,-0.9992,0.0068,0.4900,-2.7300,0.8050
3585627,sitting,0.0144,-0.9987,0.0063,0.4900,-2.7300,0.8050
3585646,sitting,0.0146,-0.9984,0.0066,0.5250,-2.7300,0.8050
3585665,sitting,0.0159,-0.9982,0.0076,0.4900,-2.7300,0.8050
3585685,sitting,0.0144,-0.9989,0.0068,0.4900,-2.7300,0.7700
3585704,sitting,0.0159,-0.9994,0.0063,0.5250,-2.7650,0.8400
3585723,sitting,0.0146,-0.9987,0.0061,0.5250,-2.7650,0.8050
3585742,sitting,0.0144,-0.9987,0.0066,0.4900,-2.7300,0.7700
3585762,sitting,0.0149,-0.9984,0.0068,0.5250,-2.7300,0.7700
3585781,sitting,0.0149,-0.9984,0.0071,0.5250,-2.7300,0.8400
3585800,sitting,0.0151,-0.9994,0.0066,0.5250,-2.7300,0.8050
3585819,sitting,0.0144,-0.9982,0.0066,0.4900,-2.7300,0.7700
3585838,sitting,0.0151,-0.9984,0.0061,0.5250,-2.7300,0.8050
3585858,sitting,0.0154,-0.9977,0.0066,0.5600,-2.7300,0.8050
3585877,sitting,0.0149,-0.9992,0.0076,0.4900,-2.7300,0.7700
3585896,sitting,0.0154,-0.9994,0.0071,0.4900,-2.7300,0.7700
3585915,sitting,0.0149,-1.0002,0.0066,0.4900,-2.7300,0.7700
3585935,sitting,0.0154,-0.9997,0.0056,0.4900,-2.7300,0.7700
3585954,sitting,0.0139,-0.9975,0.0073,0.5250,-2.7300,0.8050
3585973,sitting,0.0139,-0.9984,0.0066,0.4900,-2.8000,0.7700
3585992,sitting,0.0144,-0.9989,0.0061,0.4900,-2.7650,0.8050
3586012,sitting,0.0144,-0.9987,0.0063,0.4550,-2.7300,0.7700
3586031,sitting,0.0142,-0.9997,0.0071,0.4900,-2.7300,0.8400
3586050,sitting,0.0146,-0.9987,0.0059,0.4900,-2.7300,0.8400
3586069,sitting,0.0154,-0.9982,0.0071,0.4900,-2.7650,0.8400
3586088,sitting,0.0154,-0.9989,0.0066,0.4550,-2.7300,0.8400
3586108,sitting,0.0149,-0.9984,0.0063,0.4900,-2.7300,0.8050
3586127,sitting,0.0146,-0.9982,0.0066,0.4900,-2.7300,0.7700
3586146,sitting,0.0142,-0.9984,0.0063,0.4900,-2.7300,0.8400
3586165,sitting,0.0137,-0.9982,0.0071,0.4900,-2.7300,0.8400
3586185,sitting,0.0146,-0.9984,0.0056,0.5250,-2.7300,0.8050
3586204,sitting,0.0144,-0.9982,0.0059,0.4900,-2.7300,0.8400
3586223,sitting,0.0144,-0.9980,0.0059,0.4550,-2.7300,0.7700
3586242,sitting,0.0139,-0.9987,0.0063,0.4900,-2.7300,0.7700
3586262,sitting,0.0151,-0.9989,0.0073,0.4900,-2.7300,0.8050
3586281,sitting,0.0146,-0.9992,0.0068,0.4900,-2.7650,0.8400
3586300,sitting,0.0151,-0.9994,0.0059,0.4900,-2.7300,0.7700
3586319,sitting,0.0151,-0.9980,0.0068,0.5600,-2.7300,0.7700
3586338,sitting,0.0142,-0.9997,0.0059,0.4550,-2.7300,0.7700
3586358,sitting,0.0151,-0.9994,0.0061,0.4900,-2.7300,0.8050
3586377,sitting,0.0149,-0.9984,0.0059,0.5250,-2.7300,0.7700
3586396,sitting,0.0146,-0.9980,0.0061,0.4900,-2.7300,0.7700
3586415,sitting,0.0156,-0.9982,0.0068,0.4900,-2.7300,0.7700
3586435,sitting,0.0139,-0.9997,0.0063,0.5250,-2.7300,0.7700
3586454,sitting,0.0144,-0.9984,0.0059,0.4900,-2.7300,0.7700
3586473,sitting,0.0151,-0.9987,0.0054,0.5250,-2.7300,0.7700
3586492,sitting,0.0151,-0.9987,0.0068,0.5600,-2.7300,0.8050
3586512,sitting,0.0139,-0.9984,0.0073,0.4900,-2.7650,0.7700
3586531,sitting,0.0154,-0.9994,0.0068,0.5250,-2.7300,0.7700
3586550,sitting,0.0151,-0.9989,0.0061,0.4900,-2.7300,0.8050
3586569,sitting,0.0156,-0.9982,0.0066,0.5250,-2.7650,0.8050
3586588,sitting,0.0149,-0.9989,0.0063,0.4900,-2.7300,0.8050
3586608,sitting,0.0142,-0.9980,0.0056,0.4900,-2.7300,0.8400
3586627,sitting,0.0151,-0.9984,0.0059,0.4900,-2.7300,0.8050
3586646,sitting,0.0151,-0.9989,0.0071,0.4900,-2.7300,0.8050
3586665,sitting,0.0149,-0.9987,0.0066,0.4900,-2.7300,0.7700
3586685,sitting,0.0149,-0.9982,0.0068,0.5250,-2.7300,0.8050
3586704,sitting,0.0142,-0.9975,0.0066,0.4900,-2.7650,0.7700
3586723,sitting,0.0142,-0.9982,0.0063,0.4900,-2.7300,0.7700
3586742,sitting,0.0154,-0.9989,0.0063,0.4900,-2.7300,0.8050
3586762,sitting,0.0156,-0.9982,0.0066,0.4900,-2.7300,0.8400
3586781,sitting,0.0151,-0.9980,0.0071,0.4900,-2.7300,0.7700
3586800,sitting,0.0146,-0.9987,0.0066,0.4900,-2.7300,0.8050
3586819,sitting,0.0142,-0.9982,0.0071,0.4900,-2.7300,0.7700
3586838,sitting,0.0149,-0.9977,0.0061,0.4900,-2.7300,0.8050
3586858,sitting,0.0149,-0.9992,0.0066,0.4550,-2.7300,0.8400
3586877,sitting,0.0149,-0.9984,0.0068,0.4200,-2.7300,0.8050
3586896,sitting,0.0144,-0.9984,0.0068,0.4900,-2.7300,0.8050
3586915,sitting,0.0149,-0.9984,0.0066,0.4550,-2.7300,0.7700
3586935,sitting,0.0154,-0.9989,0.0068,0.4900,-2.7300,0.8050
3586954,sitting,0.0142,-0.9994,0.0071,0.4900,-2.7300,0.8400
3586973,sitting,0.0149,-0.9992,0.0071,0.5250,-2.7300,0.8050
3586992,sitting,0.0149,-0.9984,0.0059,0.4900,-2.7300,0.8050
3587012,sitting,0.0149,-0.9992,0.0059,0.4900,-2.7300,0.8050
3587031,sitting,0.0161,-0.9984,0.0066,0.4900,-2.7300,0.8400
3587050,sitting,0.0144,-0.9984,0.0063,0.5250,-2.7300,0.8050
3587069,sitting,0.0154,-0.9977,0.0059,0.4900,-2.6950,0.7700
3587088,sitting,0.0151,-0.9980,0.0059,0.4900,-2.7300,0.7700
3587108,sitting,0.0144,-0.9987,0.0066,0.4900,-2.7300,0.7700
3587127,sitting,0.0146,-0.9989,0.0063,0.4900,-2.7300,0.7700
3587146,sitting,0.0159,-0.9975,0.0071,0.4900,-2.7300,0.8050
3587165,sitting,0.0144,-0.9980,0.0061,0.4900,-2.7300,0.7700
3587185,sitting,0.0151,-0.9982,0.0056,0.5250,-2.7300,0.8050
3587204,sitting,0.0161,-0.9984,0.0056,0.5250,-2.7300,0.8050
3587223,sitting,0.0149,-0.9987,0.0073,0.5250,-2.7300,0.8050
3587242,sitting,0.0146,-0.9989,0.0066,0.4900,-2.7300,0.7700
3587262,sitting,0.0142,-0.9987,0.0068,0.4900,-2.7300,0.8400
3587281,sitting,0.0142,-0.9989,0.0061,0.4550,-2.7300,0.8050
3587300,sitting,0.0144,-0.9982,0.0061,0.4900,-2.7300,0.8400
3587319,sitting,0.0146,-0.9977,0.0078,0.4900,-2.7300,0.7700
3587338,sitting,0.0151,-0.9982,0.0066,0.4900,-2.7300,0.7700
3587358,sitting,0.0146,-0.9989,0.0056,0.4900,-2.7300,0.7700
3587377,sitting,0.0146,-0.9992,0.0059,0.4900,-2.7300,0.8050
3587396,sitting,0.0151,-0.9980,0.0071,0.4550,-2.7300,0.7700
3587415,sitting,0.0142,-0.9977,0.0056,0.4550,-2.7300,0.7700
3587435,sitting,0.0149,-0.9984,0.0059,0.4900,-2.7300,0.8050
3587454,sitting,0.0156,-0.9989,0.0071,0.4900,-2.7300,0.8050
3587473,sitting,0.0154,-0.9994,0.0061,0.4900,-2.7300,0.7700
3587492,sitting,0.0146,-0.9982,0.0059,0.4900,-2.7300,0.8050
3587512,sitting,0.0142,-0.9987,0.0061,0.5250,-2.7300,0.8050
3587531,sitting,0.0161,-0.9980,0.0059,0.4900,-2.7300,0.7700
3587550,sitting,0.0149,-0.9987,0.0063,0.5600,-2.7300,0.8050
3587569,sitting,0.0146,-0.9987,0.0066,0.4900,-2.7650,0.7700
3587588,sitting,0.0139,-0.9984,0.0063,0.5250,-2.7300,0.7700
3587608,sitting,0.0137,-0.9984,0.0061,0.4900,-2.7300,0.8050
3587627,sitting,0.0144,-0.9980,0.0063,0.4900,-2.7300,0.7700
3587646,sitting,0.0146,-0.9987,0.0073,0.4900,-2.7300,0.8050
3587665,sitting,0.0146,-0.9987,0.0068,0.4900,-2.7300,0.7700
3587685,sitting,0.0142,-0.9982,0.0071,0.5250,-2.7300,0.7700
3587704,sitting,0.0132,-0.9984,0.0066,0.4900,-2.7300,0.8050
3587723,sitting,0.0144,-1.0006,0.0061,0.4550,-2.7300,0.8050
3587742,sitting,0.0149,-0.9984,0.0063,0.4900,-2.7300,0.7700
3587762,sitting,0.0151,-0.9987,0.0061,0.4900,-2.7300,0.8050
3587781,sitting,0.0144,-0.9987,0.0056,0.4900,-2.7650,0.7700
3587800,sitting,0.0146,-0.9989,0.0066,0.5250,-2.7300,0.8400
3587819,sitting,0.0154,-0.9984,0.0061,0.4900,-2.7300,0.7700
3587838,sitting,0.0144,-0.9989,0.0063,0.4900,-2.7300,0.8400
3587858,sitting,0.0146,-0.9989,0.0068,0.4900,-2.7300,0.7700
3587877,sitting,0.0146,-0.9987,0.0068,0.4550,-2.7300,0.8400
3587896,sitting,0.0151,-0.9984,0.0068,0.4900,-2.7300,0.8400
3587915,sitting,0.0146,-0.9992,0.0061,0.4900,-2.7300,0.7700
3587935,sitting,0.0144,-0.9997,0.0081,0.4900,-2.7650,0.8050
3587954,sitting,0.0151,-0.9987,0.0078,0.4900,-2.7300,0.7700
3587973,sitting,0.0151,-0.9989,0.0073,0.5250,-2.7300,0.8050
3587992,sitting,0.0149,-0.9987,0.0066,0.4900,-2.7300,0.8050
3588012,sitting,0.0142,-0.9992,0.0081,0.4900,-2.7300,0.8050
3588031,sitting,0.0142,-0.9982,0.0071,0.4900,-2.7300,0.8050
3588050,sitting,0.0144,-0.9989,0.0073,0.4900,-2.6950,0.8400
3588069,sitting,0.0151,-0.9984,0.0071,0.5250,-2.7300,0.7700
3588088,sitting,0.0149,-0.9989,0.0063,0.4900,-2.7300,0.8050
3588108,sitting,0.0154,-0.9992,0.0066,0.4900,-2.7300,0.8050
3588127,sitting,0.0151,-0.9987,0.0063,0.4900,-2.7300,0.8400
3588146,sitting,0.0146,-0.9982,0.0061,0.4900,-2.7300,0.8400
3588165,sitting,0.0146,-0.9987,0.0076,0.4900,-2.7300,0.8400
3588185,sitting,0.0146,-0.9989,0.0068,0.5250,-2.7300,0.8050
3588204,sitting,0.0144,-0.9984,0.0063,0.4900,-2.7300,0.8050
3588223,sitting,0.0154,-0.9984,0.0063,0.5600,-2.7300,0.7700
3588242,sitting,0.0151,-0.9989,0.0061,0.4900,-2.7300,0.7700
3588262,sitting,0.0159,-0.9992,0.0059,0.4900,-2.7300,0.7700
3588281,sitting,0.0146,-0.9989,0.0073,0.4900,-2.7650,0.7700
3588300,sitting,0.0154,-0.9989,0.0071,0.4900,-2.7300,0.7700
3588319,sitting,0.0149,-0.9992,0.0068,0.4900,-2.7300,0.8050
3588338,sitting,0.0146,-0.9992,0.0073,0.4900,-2.7300,0.7700
3588358,sitting,0.0137,-0.9989,0.0068,0.4900,-2.6950,0.8400
3588377,sitting,0.0142,-0.9994,0.0073,0.4900,-2.7300,0.7700
3588396,sitting,0.0151,-0.9987,0.0063,0.4900,-2.7300,0.7700
3588415,sitting,0.0154,-0.9989,0.0066,0.4900,-2.7300,0.8050
3588435,sitting,0.0146,-0.9992,0.0068,0.4900,-2.7300,0.8050
3588454,sitting,0.0149,-0.9984,0.0066,0.4900,-2.7300,0.7700
3588473,sitting,0.0149,-0.9994,0.0063,0.4550,-2.7300,0.8400
3588492,sitting,0.0149,-0.9977,0.0073,0.4900,-2.7300,0.8400
3588512,sitting,0.0154,-0.9987,0.0066,0.4900,-2.7300,0.7700
3588531,sitting,0.0151,-0.9994,0.0068,0.4550,-2.7300,0.7700
3588550,sitting,0.0146,-0.9987,0.0076,0.4900,-2.7650,0.8400
3588569,sitting,0.0154,-0.9994,0.0068,0.4900,-2.7650,0.8400
3588588,sitting,0.0156,-0.9992,0.0059,0.4900,-2.7650,0.8400
3588608,sitting,0.0142,-0.9984,0.0063,0.4900,-2.7300,0.8400
3588627,sitting,0.0151,-0.9982,0.0073,0.4900,-2.7300,0.8400
3588646,sitting,0.0146,-0.9980,0.0063,0.4900,-2.7300,0.8050
3588665,sitting,0.0146,-0.9992,0.0056,0.4900,-2.7300,0.8400
3588685,sitting,0.0146,-0.9989,0.0068,0.4900,-2.7300,0.8400
3588704,sitting,0.0146,-0.9989,0.0061,0.4900,-2.7300,0.8400
3588723,sitting,0.0142,-0.9984,0.0078,0.4900,-2.7300,0.8050
3588742,sitting,0.0149,-0.9984,0.0071,0.5250,-2.7300,0.8050
3588762,sitting,0.0142,-0.9982,0.0071,0.4900,-2.7300,0.7700
3588781,sitting,0.0144,-0.9984,0.0059,0.5250,-2.7300,0.8050
3588800,sitting,0.0146,-0.9989,0.0068,0.5250,-2.7650,0.7700
3588819,sitting,0.0144,-0.9989,0.0061,0.4900,-2.7300,0.8050
3588838,sitting,0.0151,-0.9987,0.0068,0.4900,-2.7300,0.8050
3588858,sitting,0.0139,-0.9984,0.0059,0.5250,-2.7650,0.8050
3588877,sitting,0.0146,-0.9975,0.0063,0.4900,-2.7300,0.7700
3588896,sitting,0.0151,-0.9982,0.0063,0.5250,-2.7300,0.7700
3588915,sitting,0.0156,-0.9975,0.0063,0.4900,-2.7300,0.8400
3588935,sitting,0.0144,-0.9987,0.0063,0.5250,-2.7300,0.7700
3588954,sitting,0.0144,-0.9984,0.0061,0.4900,-2.7300,0.7700
3588973,sitting,0.0146,-0.9987,0.0076,0.4900,-2.7300,0.7700
3588992,sitting,0.0154,-0.9989,0.0068,0.4900,-2.7300,0.7700
3589012,sitting,0.0163,-0.9982,0.0071,0.4900,-2.7300,0.8050
3589031,sitting,0.0161,-0.9977,0.0068,0.4900,-2.7300,0.7700
3589050,sitting,0.0156,-0.9992,0.0068,0.5250,-2.7300,0.8050
3589069,sitting,0.0144,-0.9989,0.0059,0.4900,-2.7650,0.8050
3589088,sitting,0.0151,-0.9987,0.0066,0.4900,-2.7300,0.7700
3589108,sitting,0.0146,-0.9992,0.0071,0.4900,-2.7650,0.8050
3589127,sitting,0.0146,-0.9982,0.0056,0.4900,-2.7300,0.8050
3589146,sitting,0.0149,-0.9982,0.0059,0.4900,-2.7300,0.8050
3589165,sitting,0.0154,-0.9987,0.0061,0.4550,-2.7300,0.7700
3589185,sitting,0.0146,-0.9987,0.0066,0.4900,-2.7300,0.8050
3589204,sitting,0.0159,-0.9984,0.0056,0.4900,-2.7300,0.7700
3589223,sitting,0.0134,-0.9977,0.0068,0.5250,-2.7300,0.8050
3589242,sitting,0.0144,-0.9989,0.0066,0.4900,-2.7300,0.8400
3589262,sitting,0.0142,-0.9989,0.0068,0.4900,-2.7300,0.8050
3589281,sitting,0.0149,-0.9984,0.0059,0.4900,-2.7300,0.8400
3589300,sitting,0.0146,-0.9980,0.0061,0.4900,-2.7300,0.7700
3589319,sitting,0.0151,-0.9984,0.0078,0.4900,-2.7300,0.7700
3589338,sitting,0.0149,-0.9989,0.0076,0.4900,-2.7300,0.8050
3589358,sitting,0.0149,-0.9980,0.0071,0.4900,-2.7300,0.8050
3589377,sitting,0.0146,-0.9994,0.0076,0.5250,-2.7300,0.8400
3589396,sitting,0.0144,-0.9992,0.0061,0.4900,-2.7300,0.8400
3589415,sitting,0.0151,-0.9987,0.0061,0.4900,-2.7300,0.8400
3589435,sitting,0.0146,-0.9980,0.0066,0.5250,-2.7300,0.8400
3589454,sitting,0.0149,-0.9989,0.0066,0.5600,-2.6950,0.7700
3589473,sitting,0.0156,-0.9987,0.0066,0.5600,-2.7650,0.8050
3589492,sitting,0.0146,-0.9997,0.0059,0.5250,-2.7300,0.7700
3589512,sitting,0.0146,-0.9987,0.0059,0.4900,-2.7650,0.7700
3589531,sitting,0.0146,-0.9989,0.0068,0.4900,-2.7300,0.8050
3589550,sitting,0.0146,-0.9984,0.0056,0.4900,-2.7300,0.8400
3589569,sitting,0.0156,-0.9987,0.0061,0.4900,-2.7300,0.8050
3589588,sitting,0.0146,-0.9992,0.0059,0.4900,-2.7300,0.8050
3589608,sitting,0.0149,-0.9992,0.0066,0.5250,-2.6950,0.7700
3589627,sitting,0.0144,-0.9994,0.0071,0.4900,-2.7300,0.8400
3589646,sitting,0.0149,-0.9999,0.0066,0.5600,-2.7300,0.8050
3589665,sitting,0.0151,-0.9992,0.0073,0.5250,-2.7650,0.8050
3589685,sitting,0.0146,-0.9982,0.0068,0.4900,-2.7300,0.8400
3589704,sitting,0.0146,-0.9984,0.0068,0.4900,-2.7300,0.8400
3589723,sitting,0.0151,-0.9984,0.0066,0.4900,-2.7300,0.7700
3589742,sitting,0.0149,-0.9999,0.0066,0.4900,-2.7300,0.8050
3589762,sitting,0.0139,-0.9989,0.0071,0.4900,-2.7300,0.8050
3589781,sitting,0.0144,-0.9987,0.0073,0.4900,-2.7300,0.8050
3589800,sitting,0.0142,-0.9989,0.0066,0.4900,-2.7300,0.8400
3589819,sitting,0.0146,-0.9997,0.0068,0.5250,-2.7300,0.7700
3589838,sitting,0.0151,-1.0002,0.0068,0.5250,-2.7300,0.8050
3589858,sitting,0.0146,-0.9992,0.0061,0.5250,-2.7300,0.8400
3589877,sitting,0.0142,-0.9989,0.0059,0.4900,-2.7650,0.8400
3589896,sitting,0.0151,-0.9992,0.0068,0.5250,-2.7300,0.7700
3589915,sitting,0.0159,-0.9992,0.0061,0.5250,-2.7300,0.8400
3589935,sitting,0.0146,-0.9980,0.0061,0.4900,-2.7300,0.8400
3589954,sitting,0.0149,-0.9977,0.0054,0.4900,-2.7300,0.8050
3589973,sitting,0.0146,-0.9982,0.0071,0.4900,-2.7300,0.8050
3589992,sitting,0.0151,-0.9975,0.0073,0.5250,-2.7300,0.8400
3590012,sitting,0.0151,-0.9987,0.0076,0.4900,-2.7300,0.8400
3590031,sitting,0.0142,-0.9982,0.0068,0.4900,-2.7300,0.7700
3590050,sitting,0.0146,-0.9989,0.0066,0.4900,-2.7300,0.8050
3590069,sitting,0.0156,-0.9992,0.0071,0.4900,-2.7300,0.8050
3590088,sitting,0.0159,-0.9982,0.0071,0.4900,-2.7300,0.8050
3590108,sitting,0.0151,-0.9987,0.0068,0.5250,-2.7300,0.7700
3590127,sitting,0.0144,-0.9987,0.0051,0.4900,-2.7300,0.7700
3590146,sitting,0.0151,-0.9984,0.0073,0.4900,-2.7300,0.7700
3590165,sitting,0.0146,-0.9989,0.0066,0.4900,-2.7300,0.7700
3590185,sitting,0.0149,-0.9994,0.0071,0.5250,-2.7300,0.7700
3590204,sitting,0.0144,-0.9987,0.0063,0.5250,-2.7650,0.8050
3590223,sitting,0.0154,-0.9992,0.0063,0.4900,-2.7300,0.8400
3590242,sitting,0.0149,-0.9987,0.0063,0.4900,-2.7300,0.7700
3590262,sitting,0.0144,-0.9997,0.0063,0.4900,-2.7300,0.7700
3590281,sitting,0.0149,-0.9992,0.0054,0.4900,-2.7300,0.8050
3590300,sitting,0.0149,-0.9994,0.0068,0.4900,-2.7300,0.7700
3590319,sitting,0.0149,-0.9987,0.0073,0.4550,-2.7650,0.7350
3590338,sitting,0.0144,-0.9987,0.0071,0.4900,-2.7650,0.7700
3590358,sitting,0.0149,-0.9987,0.0066,0.4900,-2.7300,0.7700
3590377,sitting,0.0146,-0.9999,0.0071,0.4900,-2.7650,0.8050
3590396,sitting,0.0146,-0.9992,0.0068,0.4900,-2.7650,0.8400
3590415,sitting,0.0154,-0.9992,0.0063,0.4900,-2.7300,0.8400
3590435,sitting,0.0142,-0.9987,0.0071,0.4550,-2.7300,0.8050
3590454,sitting,0.0146,-0.9980,0.0078,0.4200,-2.7300,0.8400
3590473,sitting,0.0142,-0.9994,0.0066,0.4900,-2.7650,0.8050
3590492,sitting,0.0154,-0.9989,0.0059,0.5250,-2.7650,0.8050
3590512,sitting,0.0154,-0.9980,0.0071,0.4900,-2.7300,0.8400
3590531,sitting,0.0149,-0.9982,0.0063,0.4900,-2.7300,0.8050
3590550,sitting,0.0154,-0.9997,0.0051,0.5250,-2.7300,0.8050
3590569,sitting,0.0142,-0.9997,0.0068,0.5600,-2.7300,0.8400
3590588,sitting,0.0144,-0.9975,0.0066,0.4900,-2.7300,0.8400
3590608,sitting,0.0139,-0.9984,0.0061,0.4900,-2.7300,0.8050
3590627,sitting,0.0144,-0.9984,0.0063,0.4900,-2.7300,0.8400
3590646,sitting,0.0146,-0.9980,0.0056,0.4900,-2.7300,0.8400
3590665,sitting,0.0149,-0.9987,0.0063,0.4900,-2.6950,0.7700
3590685,sitting,0.0144,-0.9982,0.0071,0.4900,-2.7300,0.7700
3590704,sitting,0.0154,-0.9987,0.0073,0.5250,-2.7300,0.8050
3590723,sitting,0.0151,-0.9992,0.0066,0.4900,-2.7300,0.7700
3590742,sitting,0.0151,-0.9987,0.0068,0.4900,-2.7300,0.7700
3590762,sitting,0.0149,-0.9984,0.0066,0.4900,-2.7300,0.8050
3590781,sitting,0.0146,-0.9989,0.0073,0.4900,-2.7650,0.8400
3590800,sitting,0.0139,-0.9982,0.0066,0.4900,-2.7300,0.8050
3590819,sitting,0.0149,-0.9980,0.0063,0.4900,-2.7300,0.7700
3590838,sitting,0.0151,-0.9982,0.0063,0.5250,-2.7300,0.7700
3590858,sitting,0.0156,-0.9994,0.0061,0.5250,-2.7650,0.7700
3590877,sitting,0.0149,-0.9994,0.0081,0.4900,-2.7650,0.7700
3590896,sitting,0.0142,-0.9987,0.0073,0.4900,-2.7300,0.8050
3590915,sitting,0.0149,-0.9982,0.0073,0.5250,-2.7650,0.8050
3590935,sitting,0.0151,-0.9989,0.0059,0.4900,-2.7650,0.8400
3590954,sitting,0.0151,-0.9982,0.0061,0.4900,-2.7650,0.8050
3590973,sitting,0.0144,-0.9997,0.0066,0.4900,-2.7300,0.7700
3590992,sitting,0.0146,-0.9987,0.0068,0.4900,-2.7300,0.7700
3591012,sitting,0.0144,-0.9992,0.0071,0.4900,-2.7300,0.8050
3591031,sitting,0.0144,-0.9992,0.0068,0.4900,-2.7300,0.7700
3591050,sitting,0.0146,-0.9989,0.0063,0.4900,-2.7650,0.7700
3591069,sitting,0.0137,-0.9977,0.0063,0.4900,-2.7650,0.8050
3591088,sitting,0.0139,-0.9982,0.0066,0.4900,-2.7300,0.8050
3591108,sitting,0.0144,-0.9980,0.0066,0.4900,-2.7300,0.7700
3591127,sitting,0.0146,-0.9987,0.0068,0.4900,-2.7300,0.8050
3591146,sitting,0.0144,-0.9994,0.0066,0.4900,-2.7300,0.8050
3591165,sitting,0.0156,-0.9987,0.0066,0.4900,-2.7300,0.8050
3591185,sitting,0.0161,-0.9982,0.0059,0.4900,-2.7300,0.8050
3591204,sitting,0.0154,-0.9982,0.0061,0.4900,-2.7300,0.8400
3591223,sitting,0.0146,-0.9994,0.0059,0.4900,-2.7300,0.8400
3591242,sitting,0.0144,-0.9987,0.0066,0.4900,-2.7300,0.8050
3591262,sitting,0.0149,-0.9982,0.0076,0.5600,-2.7300,0.7700
3591281,sitting,0.0149,-0.9982,0.0066,0.4900,-2.7300,0.7700
3591300,sitting,0.0139,-0.9980,0.0073,0.4900,-2.7300,0.7700
3591319,sitting,0.0146,-0.9984,0.0071,0.5250,-2.6950,0.7700
3591338,sitting,0.0139,-0.9984,0.0068,0.4900,-2.7300,0.7700
3591358,sitting,0.0139,-0.9994,0.0066,0.4900,-2.7300,0.7700
3591377,sitting,0.0149,-0.9992,0.0063,0.5250,-2.7300,0.7700
3591396,sitting,0.0151,-0.9982,0.0056,0.4900,-2.7300,0.7700
3591415,sitting,0.0144,-0.9982,0.0059,0.4900,-2.7300,0.7700
3591435,sitting,0.0149,-0.9992,0.0061,0.5600,-2.7300,0.7700
3591454,sitting,0.0139,-0.9989,0.0054,0.5250,-2.7300,0.7700
3591473,sitting,0.0139,-0.9984,0.0056,0.4900,-2.7300,0.7700
3591492,sitting,0.0142,-0.9984,0.0066,0.4900,-2.7650,0.8050
3591512,sitting,0.0146,-0.9992,0.0071,0.4900,-2.7300,0.8050
3591531,sitting,0.0142,-0.9989,0.0071,0.4900,-2.7300,0.8050
3591550,sitting,0.0146,-0.9982,0.0076,0.4900,-2.7650,0.8400
3591569,sitting,0.0134,-0.9987,0.0059,0.5250,-2.7300,0.8050
3591588,sitting,0.0139,-0.9982,0.0068,0.4900,-2.7300,0.8050
3591608,sitting,0.0146,-0.9989,0.0066,0.4900,-2.7300,0.8400
3591627,sitting,0.0149,-0.9992,0.0066,0.4900,-2.7300,0.8400
3591646,sitting,0.0146,-0.9987,0.0068,0.4900,-2.7650,0.8050
3591665,sitting,0.0151,-0.9994,0.0071,0.4900,-2.7300,0.7700
3591685,sitting,0.0156,-1.0004,0.0056,0.4900,-2.7300,0.8050
3591704,sitting,0.0151,-0.9992,0.0066,0.5250,-2.7300,0.8050
3591723,sitting,0.0159,-0.9982,0.0061,0.4550,-2.7300,0.8050
3591742,sitting,0.0149,-0.9977,0.0068,0.4900,-2.7300,0.7700
3591762,sitting,0.0154,-0.9982,0.0061,0.4900,-2.7300,0.8050
3591781,sitting,0.0146,-0.9987,0.0061,0.4900,-2.7300,0.7700
3591800,sitting,0.0156,-0.9999,0.0063,0.4550,-2.7300,0.8050
3591819,sitting,0.0149,-0.9987,0.0076,0.4900,-2.7300,0.7700
3591838,sitting,0.0154,-0.9987,0.0076,0.4900,-2.7300,0.8050
3591858,sitting,0.0146,-0.9984,0.0076,0.5250,-2.7300,0.8050
3591877,sitting,0.0146,-0.9992,0.0071,0.4900,-2.7300,0.7700
3591896,sitting,0.0149,-0.9982,0.0076,0.4900,-2.7300,0.8400
3591915,sitting,0.0151,-0.9980,0.0068,0.5250,-2.8000,0.8400
3591935,sitting,0.0149,-0.9989,0.0068,0.4900,-2.7300,0.8050
3591954,sitting,0.0156,-0.9992,0.0073,0.5250,-2.7300,0.7700
3591973,sitting,0.0154,-0.9972,0.0071,0.5250,-2.7300,0.7700
3591992,sitting,0.0159,-0.9980,0.0083,0.5250,-2.7300,0.7700
3592012,sitting,0.0161,-0.9989,0.0068,0.4900,-2.7300,0.7700
3592031,sitting,0.0161,-0.9984,0.0068,0.5250,-2.7300,0.7700
3592050,sitting,0.0146,-0.9980,0.0063,0.4900,-2.6950,0.8050
3592069,sitting,0.0149,-0.9977,0.0076,0.5250,-2.7300,0.7700
3592088,sitting,0.0144,-0.9984,0.0071,0.4900,-2.7300,0.8050
3592108,sitting,0.0142,-0.9982,0.0073,0.4900,-2.7300,0.7700
3592127,sitting,0.0154,-0.9992,0.0068,0.4900,-2.7300,0.8400
3592146,sitting,0.0149,-0.9994,0.0061,0.4900,-2.7650,0.8050
3592165,sitting,0.0154,-0.9982,0.0061,0.4900,-2.7300,0.7700
3592185,sitting,0.0151,-0.9987,0.0066,0.4900,-2.7300,0.8050
3592204,sitting,0.0144,-0.9987,0.0061,0.4900,-2.7300,0.8050
3592223,sitting,0.0146,-0.9989,0.0066,0.4900,-2.7300,0.7700
3592242,sitting,0.0146,-0.9982,0.0066,0.4900,-2.7300,0.8050
3592262,sitting,0.0142,-0.9989,0.0071,0.4550,-2.7650,0.7700
3592281,sitting,0.0149,-0.9972,0.0073,0.4900,-2.7300,0.8400
3592300,sitting,0.0149,-0.9982,0.0061,0.4900,-2.7300,0.8400
3592319,sitting,0.0149,-0.9987,0.0073,0.4900,-2.7300,0.7700
3592338,sitting,0.0146,-0.9984,0.0073,0.4550,-2.7650,0.8400
3592358,sitting,0.0134,-0.9987,0.0063,0.4550,-2.7300,0.8400
3592377,sitting,0.0142,-0.9982,0.0061,0.4900,-2.7300,0.8050
3592396,sitting,0.0149,-0.9980,0.0071,0.4900,-2.7300,0.7700
3592415,sitting,0.0154,-0.9984,0.0061,0.4900,-2.7650,0.7700
3592435,sitting,0.0146,-0.9984,0.0061,0.4550,-2.7300,0.8050
3592454,sitting,0.0149,-0.9984,0.0063,0.4900,-2.6950,0.8050
3592473,sitting,0.0149,-0.9987,0.0066,0.5250,-2.7300,0.8400
3592492,sitting,0.0159,-0.9982,0.0076,0.5250,-2.7300,0.8400
3592512,sitting,0.0149,-0.9970,0.0063,0.4900,-2.7300,0.8050
3592531,sitting,0.0142,-0.9977,0.0061,0.4900,-2.7300,0.8050
3592550,sitting,0.0144,-0.9997,0.0059,0.5250,-2.7300,0.7700
3592569,sitting,0.0156,-0.9992,0.0068,0.4900,-2.7300,0.7700
3592588,sitting,0.0146,-0.9987,0.0068,0.4900,-2.7650,0.7700
3592608,sitting,0.0149,-0.9982,0.0066,0.4900,-2.7300,0.7700
3592627,sitting,0.0156,-0.9984,0.0063,0.5250,-2.7300,0.7700
3592646,sitting,0.0144,-0.9984,0.0059,0.4900,-2.7300,0.8050
3592665,sitting,0.0144,-0.9994,0.0066,0.4900,-2.7300,0.8050
3592685,sitting,0.0149,-0.9989,0.0063,0.4900,-2.7300,0.7700
3592704,sitting,0.0142,-0.9992,0.0066,0.5600,-2.7300,0.7700
3592723,sitting,0.0139,-0.9987,0.0066,0.5250,-2.7300,0.8050
3592742,sitting,0.0151,-0.9987,0.0061,0.4900,-2.7300,0.8050
3592762,sitting,0.0154,-0.9984,0.0061,0.4900,-2.7650,0.8400
3592781,sitting,0.0149,-0.9984,0.0068,0.5250,-2.7300,0.7700
3592800,sitting,0.0146,-0.9989,0.0068,0.4900,-2.7650,0.8050
3592819,sitting,0.0146,-0.9989,0.0063,0.4900,-2.7650,0.7700
3592838,sitting,0.0156,-0.9982,0.0063,0.5250,-2.7300,0.8050
3592858,sitting,0.0144,-0.9982,0.0073,0.4900,-2.7300,0.8400
3592877,sitting,0.0144,-0.9987,0.0071,0.4900,-2.7300,0.8050
3592896,sitting,0.0142,-0.9984,0.0056,0.4550,-2.7300,0.8400
3592915,sitting,0.0156,-0.9982,0.0063,0.4550,-2.7650,0.8050
3592935,sitting,0.0154,-0.9984,0.0066,0.4900,-2.7300,0.8050
3592954,sitting,0.0156,-0.9987,0.0063,0.4900,-2.7300,0.7700
3592973,sitting,0.0154,-0.9982,0.0066,0.4900,-2.7300,0.8400
3592992,sitting,0.0146,-0.9984,0.0071,0.4900,-2.7650,0.7700
3593012,sitting,0.0154,-0.9987,0.0061,0.4550,-2.7300,0.8050
3593031,sitting,0.0156,-0.9992,0.0063,0.4550,-2.7300,0.8050
3593050,sitting,0.0146,-0.9994,0.0059,0.4900,-2.7300,0.7700
3593069,sitting,0.0154,-0.9980,0.0078,0.4900,-2.7300,0.8050
3593088,sitting,0.0156,-0.9989,0.0066,0.5600,-2.7300,0.8400
3593108,sitting,0.0149,-0.9982,0.0076,0.4900,-2.7300,0.8400
3593127,sitting,0.0149,-0.9987,0.0076,0.4900,-2.7300,0.8050
3593146,sitting,0.0149,-0.9987,0.0059,0.4900,-2.7300,0.7700
3593165,sitting,0.0144,-0.9992,0.0051,0.4900,-2.7300,0.8050
3593185,sitting,0.0151,-0.9987,0.0068,0.4900,-2.7300,0.7700
3593204,sitting,0.0146,-0.9984,0.0061,0.4900,-2.7300,0.7700
3593223,sitting,0.0151,-0.9987,0.0068,0.4900,-2.7300,0.7700
3593242,sitting,0.0151,-0.9987,0.0068,0.4900,-2.7300,0.8050
3593262,sitting,0.0149,-0.9984,0.0068,0.4900,-2.7300,0.8050
3593281,sitting,0.0151,-0.9984,0.0073,0.4900,-2.7300,0.7700
3593300,sitting,0.0154,-0.9987,0.0071,0.4900,-2.7300,0.7700
3593319,sitting,0.0144,-0.9997,0.0063,0.4900,-2.7300,0.8050
3593338,sitting,0.0142,-0.9992,0.0076,0.4900,-2.7300,0.7700
3593358,sitting,0.0142,-0.9984,0.0071,0.4900,-2.7300,0.8050
3593377,sitting,0.0151,-0.9984,0.0068,0.4550,-2.7300,0.7700
3593396,sitting,0.0154,-0.9982,0.0066,0.4900,-2.7300,0.8050
3593415,sitting,0.0146,-0.9987,0.0054,0.5250,-2.7300,0.8400
3593435,sitting,0.0146,-0.9992,0.0066,0.4900,-2.7300,0.8050
3593454,sitting,0.0151,-0.9987,0.0059,0.4900,-2.7650,0.8050
3593473,sitting,0.0144,-0.9992,0.0061,0.4900,-2.7650,0.8050
3593492,sitting,0.0156,-0.9992,0.0054,0.4900,-2.7300,0.7700
3593512,sitting,0.0151,-0.9992,0.0059,0.5250,-2.7300,0.8050
3593531,sitting,0.0149,-0.9994,0.0061,0.4900,-2.7300,0.8400
3593550,sitting,0.0146,-0.9989,0.0063,0.4900,-2.7300,0.7700
3593569,sitting,0.0139,-0.9989,0.0078,0.4900,-2.7300,0.8050
3593588,sitting,0.0139,-0.9992,0.0066,0.5250,-2.7300,0.8050
3593608,sitting,0.0146,-0.9984,0.0071,0.4900,-2.7300,0.8050
3593627,sitting,0.0142,-0.9992,0.0059,0.4900,-2.7300,0.8400
3593646,sitting,0.0146,-0.9982,0.0061,0.5250,-2.6950,0.8400
3593665,sitting,0.0146,-0.9982,0.0073,0.4900,-2.7300,0.8400
3593685,sitting,0.0151,-0.9992,0.0061,0.4900,-2.6950,0.8050
3593704,sitting,0.0134,-0.9982,0.0066,0.4900,-2.7650,0.8050
3593723,sitting,0.0137,-0.9980,0.0066,0.4900,-2.6950,0.8050
3593742,sitting,0.0142,-0.9982,0.0061,0.4900,-2.7300,0.8400
3593762,sitting,0.0149,-0.9980,0.0068,0.4900,-2.7300,0.8050
3593781,sitting,0.0144,-0.9987,0.0071,0.5250,-2.7300,0.8400
3593800,sitting,0.0142,-0.9982,0.0068,0.4900,-2.7300,0.8400
3593819,sitting,0.0146,-0.9987,0.0059,0.4900,-2.7300,0.7700
3593838,sitting,0.0144,-0.9987,0.0061,0.5250,-2.7300,0.7700
3593858,sitting,0.0156,-0.9984,0.0071,0.4900,-2.7300,0.7700
3593877,sitting,0.0156,-0.9984,0.0081,0.4900,-2.7300,0.7700
3593896,sitting,0.0146,-0.9982,0.0061,0.4900,-2.7300,0.8050
3593915,sitting,0.0146,-0.9984,0.0071,0.5250,-2.7300,0.7700
3593935,sitting,0.0151,-0.9989,0.0063,0.5250,-2.7300,0.8050
3593954,sitting,0.0151,-0.9989,0.0061,0.5250,-2.7300,0.7700
3593973,sitting,0.0149,-0.9980,0.0061,0.5250,-2.7300,0.8050
3593992,sitting,0.0142,-0.9984,0.0068,0.4900,-2.7300,0.8400
3594012,sitting,0.0149,-1.0002,0.0068,0.4900,-2.7300,0.7700
3594031,sitting,0.0142,-0.9992,0.0073,0.5250,-2.7300,0.8050
3594050,sitting,0.0139,-0.9984,0.0066,0.4900,-2.7300,0.8050
3594069,sitting,0.0146,-0.9984,0.0063,0.4900,-2.7300,0.7700
3594088,sitting,0.0146,-0.9982,0.0071,0.4900,-2.7300,0.8400
3594108,sitting,0.0142,-0.9989,0.0068,0.4900,-2.7650,0.8050
3594127,sitting,0.0137,-0.9987,0.0061,0.4900,-2.7300,0.8400
3594146,sitting,0.0142,-0.9989,0.0061,0.4900,-2.8000,0.8050
3594165,sitting,0.0149,-0.9984,0.0063,0.5250,-2.7300,0.8400
3594185,sitting,0.0144,-0.9987,0.0063,0.4900,-2.7300,0.8050
3594204,sitting,0.0154,-0.9989,0.0063,0.4900,-2.7300,0.8400
3594223,sitting,0.0156,-0.9997,0.0059,0.4900,-2.7300,0.8400
3594242,sitting,0.0142,-0.9982,0.0061,0.4900,-2.7300,0.8050
3594262,sitting,0.0151,-0.9982,0.0061,0.5250,-2.7650,0.8400
3594281,sitting,0.0159,-0.9987,0.0059,0.4900,-2.7300,0.7700
3594300,sitting,0.0159,-0.9975,0.0059,0.4900,-2.7300,0.8050
3594319,sitting,0.0154,-0.9987,0.0063,0.4900,-2.7300,0.8050
3594338,sitting,0.0142,-0.9987,0.0061,0.5250,-2.7300,0.8050
3594358,sitting,0.0149,-0.9989,0.0056,0.4900,-2.7300,0.8050
3594377,sitting,0.0144,-0.9980,0.0061,0.4900,-2.6950,0.8400
3594396,sitting,0.0146,-0.9987,0.0071,0.5250,-2.7300,0.8400
3594415,sitting,0.0146,-0.9989,0.0066,0.4900,-2.7300,0.8400
3594435,sitting,0.0151,-0.9984,0.0061,0.4900,-2.7650,0.8050
3594454,sitting,0.0142,-0.9984,0.0071,0.5250,-2.7300,0.7700
3594473,sitting,0.0149,-0.9984,0.0059,0.5250,-2.7300,0.8400
3594492,sitting,0.0146,-0.9984,0.0066,0.5250,-2.7300,0.8050
3594512,sitting,0.0146,-0.9984,0.0066,0.5250,-2.7300,0.7700
3594531,sitting,0.0156,-0.9987,0.0061,0.4900,-2.7300,0.7700
3594550,sitting,0.0156,-0.9989,0.0071,0.4900,-2.7650,0.8050
3594569,sitting,0.0156,-0.9987,0.0073,0.4900,-2.7300,0.7700
3594588,sitting,0.0149,-0.9984,0.0061,0.4900,-2.7300,0.8050
3594608,sitting,0.0149,-0.9982,0.0059,0.5250,-2.7300,0.7700
3594627,sitting,0.0154,-0.9997,0.0063,0.4900,-2.7300,0.7700
3594646,sitting,0.0154,-0.9994,0.0061,0.4900,-2.8000,0.8050
3594665,sitting,0.0151,-0.9980,0.0061,0.4900,-2.7650,0.8400
3594685,sitting,0.0142,-0.9989,0.0061,0.4900,-2.7300,0.8050
3594704,sitting,0.0139,-0.9982,0.0071,0.4900,-2.7300,0.8050
3594723,sitting,0.0142,-0.9987,0.0063,0.4900,-2.7300,0.8050
3594742,sitting,0.0142,-0.9984,0.0066,0.4900,-2.7300,0.8400
3594762,sitting,0.0142,-0.9984,0.0071,0.4900,-2.7300,0.7700
3594781,sitting,0.0149,-0.9992,0.0061,0.4900,-2.7300,0.7700
3594800,sitting,0.0146,-0.9987,0.0068,0.4900,-2.7300,0.7700
3594819,sitting,0.0154,-0.9987,0.0073,0.4900,-2.7300,0.7700
3594838,sitting,0.0149,-0.9987,0.0063,0.5250,-2.7300,0.8050
3594858,sitting,0.0154,-0.9997,0.0066,0.4900,-2.8000,0.8400
3594877,sitting,0.0146,-0.9980,0.0068,0.4550,-2.7300,0.8050
3594896,sitting,0.0149,-0.9980,0.0063,0.4900,-2.7300,0.8050
3594915,sitting,0.0144,-0.9980,0.0056,0.4900,-2.7300,0.8400
3594935,sitting,0.0149,-0.9989,0.0061,0.4900,-2.7300,0.7700
3594954,sitting,0.0144,-0.9987,0.0059,0.4900,-2.7300,0.7700
3594973,sitting,0.0142,-0.9989,0.0068,0.4900,-2.7650,0.8400
3594992,sitting,0.0154,-0.9987,0.0061,0.5250,-2.7300,0.8050
3595012,sitting,0.0154,-0.9980,0.0059,0.4900,-2.7300,0.8400
3595031,sitting,0.0149,-0.9987,0.0068,0.4900,-2.7300,0.8050
3595050,sitting,0.0149,-0.9989,0.0061,0.4900,-2.7300,0.8050
3595069,sitting,0.0149,-0.9987,0.0066,0.5250,-2.7300,0.7700
3595088,sitting,0.0137,-0.9989,0.0059,0.5250,-2.7300,0.7700
3595108,sitting,0.0137,-0.9994,0.0063,0.5250,-2.7300,0.8050
3595127,sitting,0.0151,-0.9982,0.0068,0.4900,-2.7300,0.7700
3595146,sitting,0.0144,-0.9987,0.0073,0.4900,-2.7300,0.8050
3595165,sitting,0.0146,-0.9987,0.0081,0.5250,-2.7300,0.7700
3595185,sitting,0.0146,-0.9987,0.0071,0.5250,-2.7300,0.8400
3595204,sitting,0.0139,-0.9982,0.0066,0.4900,-2.7300,0.7700
3595223,sitting,0.0139,-0.9980,0.0071,0.4900,-2.7650,0.7700
3595242,sitting,0.0159,-0.9989,0.0066,0.4900,-2.7300,0.7700
3595262,sitting,0.0159,-0.9977,0.0068,0.4900,-2.7300,0.8050
3595281,sitting,0.0149,-0.9984,0.0068,0.4900,-2.7650,0.7700
3595300,sitting,0.0146,-0.9992,0.0063,0.4900,-2.7300,0.8050
3595319,sitting,0.0146,-0.9984,0.0068,0.4900,-2.7300,0.8400
3595338,sitting,0.0146,-0.9984,0.0061,0.4900,-2.7300,0.7700
3595358,sitting,0.0144,-0.9984,0.0071,0.4900,-2.7300,0.8050
3595377,sitting,0.0142,-0.9989,0.0061,0.4900,-2.7650,0.8050
3595396,sitting,0.0149,-0.9982,0.0066,0.4900,-2.7650,0.8050
3595415,sitting,0.0142,-0.9982,0.0061,0.4900,-2.7300,0.8400
3595435,sitting,0.0156,-0.9984,0.0061,0.4900,-2.7300,0.8050
3595454,sitting,0.0151,-0.9980,0.0066,0.4900,-2.7300,0.8050
3595473,sitting,0.0154,-0.9989,0.0061,0.4900,-2.7300,0.8400
3595492,sitting,0.0151,-0.9994,0.0073,0.4900,-2.7300,0.8050
3595512,sitting,0.0146,-0.9987,0.0061,0.4900,-2.7300,0.8400
3595531,sitting,0.0144,-0.9975,0.0066,0.4900,-2.7300,0.8050
3595550,sitting,0.0146,-0.9987,0.0066,0.4900,-2.7300,0.8050
3595569,sitting,0.0139,-0.9987,0.0063,0.4550,-2.7650,0.7700
3595588,sitting,0.0149,-0.9984,0.0071,0.4900,-2.7300,0.8400
