timestamp_ms,label,acc_x_g,acc_y_g,acc_z_g,gyro_x_dps,gyro_y_dps,gyro_z_dps
2063224,sitting,-0.0359,0.0044,1.0192,0.4900,-2.7300,0.7700
2063243,sitting,-0.0351,0.0054,1.0185,0.4900,-2.7300,0.7700
2063262,sitting,-0.0354,0.0039,1.0194,0.5600,-2.7300,0.8400
2063281,sitting,-0.0349,0.0044,1.0204,0.5600,-2.7650,0.7700
2063301,sitting,-0.0346,0.0044,1.0197,0.4900,-2.7300,0.8400
2063320,sitting,-0.0342,0.0046,1.0189,0.4900,-2.7300,0.8050
2063339,sitting,-0.0346,0.0049,1.0185,0.5600,-2.7650,0.8050
2063358,sitting,-0.0346,0.0049,1.0189,0.4900,-2.7300,0.8400
2063378,sitting,-0.0346,0.0046,1.0192,0.4900,-2.7650,0.7700
2063397,sitting,-0.0354,0.0041,1.0197,0.4900,-2.7650,0.8400
2063416,sitting,-0.0346,0.0049,1.0204,0.4900,-2.7300,0.8400
2063435,sitting,-0.0339,0.0039,1.0182,0.4900,-2.7300,0.8400
2063455,sitting,-0.0349,0.0039,1.0187,0.4900,-2.7300,0.8050
2063474,sitting,-0.0342,0.0037,1.0199,0.5250,-2.7650,0.8050
2063493,sitting,-0.0342,0.0041,1.0182,0.5250,-2.7300,0.8400
2063512,sitting,-0.0329,0.0041,1.0192,0.5250,-2.7650,0.8050
2063531,sitting,-0.0351,0.0046,1.0187,0.5250,-2.7300,0.8050
2063551,sitting,-0.0346,0.0056,1.0185,0.4900,-2.7300,0.8400
2063570,sitting,-0.0339,0.0046,1.0182,0.4900,-2.7650,0.8400
2063589,sitting,-0.0351,0.0046,1.0185,0.4900,-2.7300,0.7700
2063608,sitting,-0.0349,0.0041,1.0187,0.5600,-2.7300,0.7700
2063628,sitting,-0.0351,0.0049,1.0197,0.4900,-2.7650,0.8400
2063647,sitting,-0.0337,0.0041,1.0204,0.5250,-2.7650,0.8050
2063666,sitting,-0.0349,0.0051,1.0189,0.5600,-2.7650,0.8050
2063685,sitting,-0.0354,0.0049,1.0194,0.4900,-2.7300,0.8400
2063705,sitting,-0.0342,0.0044,1.0189,0.5250,-2.7650,0.8400
2063724,sitting,-0.0346,0.0039,1.0187,0.5250,-2.7300,0.8050
2063743,sitting,-0.0351,0.0041,1.0187,0.4900,-2.7300,0.7700
2063762,sitting,-0.0342,0.0046,1.0189,0.4900,-2.7300,0.8400
2063781,sitting,-0.0342,0.0046,1.0194,0.5250,-2.7300,0.8050
2063801,sitting,-0.0342,0.0046,1.0194,0.5250,-2.7300,0.8400
2063820,sitting,-0.0354,0.0037,1.0189,0.5250,-2.7300,0.8050
2063839,sitting,-0.0346,0.0044,1.0202,0.4900,-2.7300,0.7700
2063858,sitting,-0.0334,0.0056,1.0199,0.5250,-2.7300,0.8050
2063878,sitting,-0.0339,0.0049,1.0192,0.5250,-2.7300,0.7700
2063897,sitting,-0.0344,0.0046,1.0187,0.4900,-2.7300,0.8050
2063916,sitting,-0.0349,0.0034,1.0192,0.4900,-2.7300,0.7700
2063935,sitting,-0.0344,0.0039,1.0199,0.4900,-2.7300,0.8050
2063955,sitting,-0.0342,0.0039,1.0192,0.4900,-2.7300,0.8050
2063974,sitting,-0.0351,0.0051,1.0194,0.4900,-2.7300,0.8050
2063993,sitting,-0.0346,0.0049,1.0189,0.5600,-2.7300,0.7700
2064012,sitting,-0.0337,0.0054,1.0189,0.5250,-2.7300,0.8050
2064031,sitting,-0.0339,0.0054,1.0194,0.4900,-2.7650,0.8050
2064051,sitting,-0.0346,0.0044,1.0189,0.4900,-2.7300,0.8050
2064070,sitting,-0.0339,0.0041,1.0192,0.4900,-2.7300,0.8050
2064089,sitting,-0.0344,0.0044,1.0189,0.4900,-2.7650,0.8050
2064108,sitting,-0.0346,0.0039,1.0199,0.5250,-2.7300,0.7700
2064128,sitting,-0.0354,0.0039,1.0192,0.4900,-2.7300,0.8400
2064147,sitting,-0.0354,0.0046,1.0189,0.4900,-2.7300,0.8050
2064166,sitting,-0.0354,0.0049,1.0189,0.4900,-2.7300,0.7700
2064185,sitting,-0.0342,0.0049,1.0185,0.4900,-2.7650,0.8050
2064205,sitting,-0.0337,0.0046,1.0180,0.4900,-2.7300,0.8400
2064224,sitting,-0.0346,0.0037,1.0189,0.4900,-2.7300,0.8400
2064243,sitting,-0.0342,0.0046,1.0182,0.4900,-2.7300,0.8050
2064262,sitting,-0.0339,0.0032,1.0197,0.5250,-2.7300,0.8050
2064281,sitting,-0.0329,0.0037,1.0207,0.4900,-2.7300,0.8400
2064301,sitting,-0.0334,0.0039,1.0194,0.5250,-2.7300,0.8400
2064320,sitting,-0.0344,0.0041,1.0194,0.5250,-2.7300,0.8050
2064339,sitting,-0.0339,0.0041,1.0189,0.4900,-2.7300,0.8400
2064358,sitting,-0.0344,0.0049,1.0175,0.4900,-2.7300,0.7700
2064378,sitting,-0.0349,0.0039,1.0180,0.5250,-2.7300,0.8050
2064397,sitting,-0.0339,0.0037,1.0192,0.5250,-2.7300,0.7700
2064416,sitting,-0.0342,0.0039,1.0199,0.4900,-2.7300,0.8050
2064435,sitting,-0.0334,0.0049,1.0189,0.4900,-2.7300,0.8050
2064455,sitting,-0.0344,0.0039,1.0185,0.5250,-2.7300,0.8050
2064474,sitting,-0.0344,0.0041,1.0194,0.5600,-2.7300,0.8400
2064493,sitting,-0.0346,0.0054,1.0192,0.5250,-2.7300,0.7700
2064512,sitting,-0.0339,0.0049,1.0194,0.4900,-2.7300,0.8400
2064531,sitting,-0.0349,0.0034,1.0187,0.4900,-2.7300,0.8400
2064551,sitting,-0.0346,0.0041,1.0197,0.4900,-2.7300,0.8400
2064570,sitting,-0.0351,0.0037,1.0185,0.5250,-2.7300,0.8050
2064589,sitting,-0.0337,0.0044,1.0194,0.5250,-2.7300,0.8050
2064608,sitting,-0.0349,0.0037,1.0189,0.5250,-2.7300,0.8400
2064628,sitting,-0.0351,0.0037,1.0189,0.4900,-2.7300,0.7700
2064647,sitting,-0.0346,0.0046,1.0194,0.4900,-2.7300,0.8050
2064666,sitting,-0.0344,0.0044,1.0185,0.5250,-2.7300,0.8400
2064685,sitting,-0.0339,0.0044,1.0192,0.4900,-2.6950,0.8400
2064705,sitting,-0.0337,0.0039,1.0192,0.4900,-2.7300,0.7700
2064724,sitting,-0.0342,0.0041,1.0202,0.5600,-2.7300,0.8050
2064743,sitting,-0.0349,0.0041,1.0187,0.5250,-2.7300,0.7700
2064762,sitting,-0.0344,0.0039,1.0192,0.5250,-2.7300,0.8050
2064781,sitting,-0.0346,0.0044,1.0192,0.5250,-2.7650,0.8050
2064801,sitting,-0.0337,0.0044,1.0189,0.4900,-2.7300,0.8050
2064820,sitting,-0.0342,0.0046,1.0192,0.5250,-2.7300,0.8050
2064839,sitting,-0.0337,0.0041,1.0197,0.4900,-2.7300,0.7700
2064858,sitting,-0.0337,0.0037,1.0194,0.4900,-2.7300,0.8400
2064878,sitting,-0.0346,0.0044,1.0192,0.4900,-2.7300,0.8400
2064897,sitting,-0.0342,0.0046,1.0199,0.4900,-2.7300,0.8050
2064916,sitting,-0.0342,0.0046,1.0189,0.4900,-2.7300,0.7700
2064935,sitting,-0.0354,0.0049,1.0192,0.4900,-2.7300,0.8400
2064955,sitting,-0.0339,0.0046,1.0187,0.4900,-2.7300,0.8050
2064974,sitting,-0.0344,0.0039,1.0194,0.4900,-2.7300,0.8400
2064993,sitting,-0.0339,0.0054,1.0194,0.5250,-2.7300,0.8400
2065012,sitting,-0.0339,0.0054,1.0194,0.5600,-2.7300,0.8050
2065031,sitting,-0.0344,0.0044,1.0192,0.5250,-2.7300,0.8050
2065051,sitting,-0.0337,0.0039,1.0192,0.4900,-2.7300,0.8050
2065070,sitting,-0.0337,0.0029,1.0197,0.4900,-2.7300,0.8400
2065089,sitting,-0.0344,0.0032,1.0197,0.4900,-2.7300,0.8050
2065108,sitting,-0.0342,0.0039,1.0189,0.5250,-2.7300,0.8050
2065128,sitting,-0.0342,0.0037,1.0197,0.5250,-2.7300,0.7700
2065147,sitting,-0.0342,0.0046,1.0194,0.5600,-2.7650,0.7700
2065166,sitting,-0.0334,0.0044,1.0187,0.4900,-2.7650,0.8050
2065185,sitting,-0.0344,0.0039,1.0187,0.5600,-2.7300,0.8400
2065205,sitting,-0.0344,0.0044,1.0194,0.4900,-2.7300,0.8050
2065224,sitting,-0.0332,0.0039,1.0189,0.4900,-2.8000,0.8400
2065243,sitting,-0.0339,0.0049,1.0189,0.4900,-2.7300,0.7700
2065262,sitting,-0.0342,0.0037,1.0197,0.4900,-2.7300,0.8400
2065281,sitting,-0.0329,0.0044,1.0185,0.4900,-2.7300,0.7700
2065301,sitting,-0.0342,0.0046,1.0185,0.4900,-2.7300,0.8050
2065320,sitting,-0.0339,0.0041,1.0192,0.5600,-2.7300,0.8400
2065339,sitting,-0.0334,0.0041,1.0189,0.4900,-2.7300,0.8400
2065358,sitting,-0.0334,0.0044,1.0192,0.5600,-2.7300,0.8400
2065378,sitting,-0.0344,0.0046,1.0192,0.5250,-2.7300,0.8050
2065397,sitting,-0.0349,0.0044,1.0194,0.5600,-2.7650,0.8050
2065416,sitting,-0.0349,0.0044,1.0199,0.5600,-2.7300,0.8400
2065435,sitting,-0.0344,0.0046,1.0192,0.4900,-2.7300,0.8400
2065455,sitting,-0.0342,0.0044,1.0194,0.5600,-2.7300,0.7700
2065474,sitting,-0.0334,0.0044,1.0199,0.4900,-2.7300,0.8400
2065493,sitting,-0.0337,0.0039,1.0189,0.5250,-2.7300,0.7700
2065512,sitting,-0.0337,0.0039,1.0189,0.5250,-2.7300,0.8050
2065531,sitting,-0.0344,0.0041,1.0187,0.4900,-2.7650,0.8050
2065551,sitting,-0.0339,0.0032,1.0197,0.5250,-2.7300,0.8400
2065570,sitting,-0.0346,0.0041,1.0192,0.5600,-2.7300,0.8400
2065589,sitting,-0.0337,0.0034,1.0180,0.5250,-2.7300,0.8400
2065608,sitting,-0.0344,0.0037,1.0192,0.5250,-2.7650,0.8400
2065628,sitting,-0.0337,0.0039,1.0197,0.4900,-2.7300,0.8400
2065647,sitting,-0.0334,0.0041,1.0194,0.4900,-2.7300,0.7700
2065666,sitting,-0.0337,0.0039,1.0185,0.5250,-2.7300,0.8400
2065685,sitting,-0.0344,0.0032,1.0197,0.4900,-2.7300,0.8050
2065705,sitting,-0.0351,0.0037,1.0189,0.4900,-2.6950,0.8050
2065724,sitting,-0.0349,0.0034,1.0189,0.5250,-2.7300,0.8050
2065743,sitting,-0.0332,0.0039,1.0194,0.5600,-2.7300,0.8050
2065762,sitting,-0.0337,0.0039,1.0192,0.4900,-2.7300,0.7700
2065781,sitting,-0.0337,0.0041,1.0197,0.5250,-2.7300,0.8400
2065801,sitting,-0.0339,0.0034,1.0192,0.5600,-2.7300,0.7700
2065820,sitting,-0.0327,0.0039,1.0202,0.5600,-2.7300,0.8400
2065839,sitting,-0.0342,0.0046,1.0199,0.5250,-2.7300,0.8050
2065858,sitting,-0.0344,0.0046,1.0197,0.5250,-2.7650,0.8050
2065878,sitting,-0.0346,0.0029,1.0199,0.5600,-2.7300,0.7700
2065897,sitting,-0.0337,0.0039,1.0189,0.5250,-2.7300,0.8400
2065916,sitting,-0.0349,0.0037,1.0197,0.5600,-2.7300,0.7700
2065935,sitting,-0.0346,0.0037,1.0187,0.5250,-2.7300,0.8400
2065955,sitting,-0.0337,0.0046,1.0187,0.4900,-2.7300,0.8050
2065974,sitting,-0.0342,0.0039,1.0192,0.5250,-2.7300,0.8050
2065993,sitting,-0.0346,0.0041,1.0192,0.5600,-2.7300,0.8050
2066012,sitting,-0.0349,0.0046,1.0199,0.5250,-2.7300,0.8400
2066031,sitting,-0.0339,0.0046,1.0202,0.5250,-2.7300,0.8400
2066051,sitting,-0.0349,0.0044,1.0192,0.4900,-2.7300,0.8400
2066070,sitting,-0.0342,0.0041,1.0192,0.4900,-2.7300,0.8050
2066089,sitting,-0.0334,0.0044,1.0189,0.4900,-2.7300,0.8050
2066108,sitting,-0.0339,0.0039,1.0192,0.5250,-2.7300,0.7700
2066128,sitting,-0.0337,0.0041,1.0197,0.5250,-2.7300,0.8050
2066147,sitting,-0.0334,0.0037,1.0197,0.5250,-2.7300,0.8050
2066166,sitting,-0.0344,0.0037,1.0192,0.5250,-2.7300,0.8050
2066185,sitting,-0.0342,0.0046,1.0197,0.5250,-2.7300,0.8400
2066205,sitting,-0.0339,0.0037,1.0192,0.5250,-2.7300,0.8050
2066224,sitting,-0.0342,0.0041,1.0192,0.4900,-2.7300,0.7700
2066243,sitting,-0.0337,0.0049,1.0194,0.4900,-2.7300,0.8050
2066262,sitting,-0.0334,0.0037,1.0199,0.4900,-2.7650,0.8050
2066281,sitting,-0.0342,0.0032,1.0197,0.5250,-2.7650,0.7700
2066301,sitting,-0.0349,0.0041,1.0180,0.5250,-2.8000,0.8050
2066320,sitting,-0.0354,0.0037,1.0192,0.5250,-2.7300,0.7700
2066339,sitting,-0.0346,0.0039,1.0192,0.5250,-2.7300,0.7700
2066358,sitting,-0.0344,0.0037,1.0202,0.5250,-2.7300,0.8050
2066378,sitting,-0.0334,0.0049,1.0194,0.5250,-2.7650,0.8050
2066397,sitting,-0.0334,0.0049,1.0187,0.5250,-2.7300,0.8400
2066416,sitting,-0.0332,0.0034,1.0199,0.4900,-2.7300,0.8400
2066435,sitting,-0.0337,0.0037,1.0175,0.4550,-2.7300,0.8400
2066455,sitting,-0.0334,0.0046,1.0189,0.4550,-2.7300,0.7700
2066474,sitting,-0.0339,0.0041,1.0192,0.4900,-2.7300,0.8400
2066493,sitting,-0.0339,0.0039,1.0192,0.5250,-2.7300,0.7700
2066512,sitting,-0.0342,0.0051,1.0185,0.5250,-2.7300,0.8400
2066531,sitting,-0.0351,0.0037,1.0202,0.5600,-2.7300,0.8400
2066551,sitting,-0.0337,0.0037,1.0187,0.4900,-2.7300,0.8400
2066570,sitting,-0.0332,0.0037,1.0192,0.5250,-2.7300,0.8400
2066589,sitting,-0.0337,0.0039,1.0192,0.5250,-2.7300,0.8050
2066608,sitting,-0.0334,0.0046,1.0197,0.5250,-2.7300,0.8400
2066628,sitting,-0.0342,0.0039,1.0185,0.5600,-2.7300,0.8400
2066647,sitting,-0.0342,0.0046,1.0199,0.5250,-2.7300,0.8400
2066666,sitting,-0.0332,0.0039,1.0194,0.5250,-2.7300,0.7700
2066685,sitting,-0.0344,0.0029,1.0214,0.5250,-2.7300,0.8050
2066705,sitting,-0.0334,0.0049,1.0189,0.5600,-2.7300,0.8050
2066724,sitting,-0.0342,0.0039,1.0189,0.5250,-2.7300,0.7700
2066743,sitting,-0.0346,0.0039,1.0194,0.5600,-2.7300,0.7700
2066762,sitting,-0.0342,0.0041,1.0187,0.4900,-2.7300,0.7700
2066781,sitting,-0.0342,0.0046,1.0189,0.5250,-2.7300,0.8050
2066801,sitting,-0.0344,0.0041,1.0194,0.4900,-2.7300,0.8400
2066820,sitting,-0.0346,0.0037,1.0199,0.4900,-2.7300,0.8400
2066839,sitting,-0.0339,0.0044,1.0189,0.4900,-2.7650,0.8050
2066858,sitting,-0.0339,0.0041,1.0197,0.5250,-2.7300,0.7700
2066878,sitting,-0.0344,0.0039,1.0197,0.4900,-2.7300,0.8050
2066897,sitting,-0.0337,0.0037,1.0189,0.5250,-2.7300,0.8400
2066916,sitting,-0.0334,0.0037,1.0192,0.4900,-2.7300,0.8050
2066935,sitting,-0.0327,0.0037,1.0202,0.4900,-2.7300,0.8050
2066955,sitting,-0.0327,0.0037,1.0197,0.5250,-2.7300,0.8400
2066974,sitting,-0.0329,0.0039,1.0202,0.5600,-2.7650,0.7700
2066993,sitting,-0.0346,0.0039,1.0199,0.5250,-2.7300,0.8050
2067012,sitting,-0.0342,0.0034,1.0194,0.5250,-2.7300,0.7700
2067031,sitting,-0.0334,0.0039,1.0187,0.5600,-2.7300,0.7700
2067051,sitting,-0.0337,0.0037,1.0199,0.5600,-2.7300,0.8400
2067070,sitting,-0.0337,0.0041,1.0199,0.5250,-2.7300,0.8050
2067089,sitting,-0.0344,0.0044,1.0199,0.5250,-2.7300,0.8050
2067108,sitting,-0.0337,0.0037,1.0192,0.5600,-2.6950,0.8050
2067128,sitting,-0.0342,0.0056,1.0202,0.5600,-2.7300,0.8400
2067147,sitting,-0.0332,0.0041,1.0202,0.4900,-2.7300,0.7700
2067166,sitting,-0.0334,0.0041,1.0197,0.4900,-2.7650,0.8400
2067185,sitting,-0.0339,0.0041,1.0192,0.4900,-2.7650,0.8050
2067205,sitting,-0.0337,0.0032,1.0202,0.5250,-2.7650,0.7700
2067224,sitting,-0.0339,0.0039,1.0207,0.4900,-2.7300,0.8050
2067243,sitting,-0.0329,0.0044,1.0197,0.4900,-2.7300,0.8400
2067262,sitting,-0.0339,0.0037,1.0199,0.5250,-2.6950,0.8050
2067281,sitting,-0.0337,0.0041,1.0185,0.5250,-2.7300,0.8400
2067301,sitting,-0.0334,0.0039,1.0189,0.4900,-2.7300,0.8400
2067320,sitting,-0.0337,0.0034,1.0180,0.5250,-2.7650,0.8400
2067339,sitting,-0.0342,0.0039,1.0189,0.5250,-2.7300,0.8400
2067358,sitting,-0.0339,0.0027,1.0192,0.5250,-2.7300,0.8400
2067378,sitting,-0.0327,0.0041,1.0194,0.5600,-2.7300,0.8050
2067397,sitting,-0.0332,0.0044,1.0189,0.5600,-2.7300,0.7700
2067416,sitting,-0.0337,0.0032,1.0197,0.4900,-2.7300,0.8400
2067435,sitting,-0.0332,0.0044,1.0199,0.5250,-2.7300,0.8050
2067455,sitting,-0.0337,0.0034,1.0199,0.5250,-2.7300,0.8050
2067474,sitting,-0.0337,0.0039,1.0197,0.4900,-2.7300,0.7700
2067493,sitting,-0.0329,0.0041,1.0197,0.4900,-2.7300,0.8050
2067512,sitting,-0.0334,0.0037,1.0192,0.4900,-2.7300,0.7700
2067531,sitting,-0.0337,0.0039,1.0189,0.5600,-2.7300,0.8050
2067551,sitting,-0.0332,0.0034,1.0199,0.5250,-2.7300,0.8750
2067570,sitting,-0.0337,0.0032,1.0189,0.4900,-2.7300,0.8400
2067589,sitting,-0.0327,0.0041,1.0204,0.4900,-2.7300,0.8050
2067608,sitting,-0.0337,0.0041,1.0192,0.4900,-2.7300,0.8050
2067628,sitting,-0.0337,0.0039,1.0197,0.4900,-2.7300,0.8050
2067647,sitting,-0.0327,0.0037,1.0197,0.4900,-2.7300,0.8400
2067666,sitting,-0.0327,0.0039,1.0187,0.4900,-2.7300,0.8050
2067685,sitting,-0.0325,0.0034,1.0192,0.4900,-2.7300,0.8400
2067705,sitting,-0.0337,0.0037,1.0189,0.4900,-2.7300,0.8050
2067724,sitting,-0.0342,0.0041,1.0202,0.5250,-2.7300,0.8050
2067743,sitting,-0.0334,0.0046,1.0209,0.5250,-2.7300,0.8050
2067762,sitting,-0.0342,0.0044,1.0189,0.5600,-2.7300,0.8400
2067781,sitting,-0.0337,0.0034,1.0185,0.5600,-2.7300,0.8400
2067801,sitting,-0.0339,0.0037,1.0199,0.5250,-2.7300,0.8050
2067820,sitting,-0.0332,0.0046,1.0199,0.5250,-2.7650,0.8050
2067839,sitting,-0.0327,0.0041,1.0197,0.5600,-2.7300,0.8050
2067858,sitting,-0.0322,0.0041,1.0199,0.5600,-2.7650,0.8050
2067878,sitting,-0.0332,0.0039,1.0199,0.5250,-2.7300,0.8050
2067897,sitting,-0.0339,0.0039,1.0197,0.5250,-2.7300,0.8400
2067916,sitting,-0.0332,0.0037,1.0192,0.5600,-2.7300,0.7700
2067935,sitting,-0.0327,0.0037,1.0185,0.5250,-2.7650,0.8050
2067955,sitting,-0.0325,0.0037,1.0187,0.5250,-2.7300,0.8050
2067974,sitting,-0.0320,0.0027,1.0185,0.5250,-2.7300,0.7700
2067993,sitting,-0.0334,0.0034,1.0197,0.5250,-2.7300,0.8400
2068012,sitting,-0.0332,0.0037,1.0192,0.4900,-2.7300,0.8050
2068031,sitting,-0.0332,0.0041,1.0197,0.4900,-2.7300,0.8400
2068051,sitting,-0.0332,0.0041,1.0204,0.5250,-2.7300,0.8400
2068070,sitting,-0.0329,0.0041,1.0189,0.5250,-2.7300,0.8400
2068089,sitting,-0.0332,0.0044,1.0194,0.5250,-2.7300,0.8400
2068108,sitting,-0.0332,0.0037,1.0185,0.4900,-2.7300,0.8400
2068128,sitting,-0.0332,0.0037,1.0189,0.4900,-2.7300,0.8050
2068147,sitting,-0.0329,0.0029,1.0180,0.4900,-2.7300,0.8400
2068166,sitting,-0.0334,0.0039,1.0182,0.5250,-2.7300,0.8400
2068185,sitting,-0.0322,0.0041,1.0187,0.5600,-2.7300,0.8400
2068205,sitting,-0.0327,0.0037,1.0194,0.5600,-2.7300,0.8050
2068224,sitting,-0.0329,0.0039,1.0199,0.5600,-2.7650,0.8400
2068243,sitting,-0.0332,0.0041,1.0197,0.5250,-2.7300,0.7700
2068262,sitting,-0.0337,0.0034,1.0197,0.4900,-2.7300,0.8050
2068281,sitting,-0.0332,0.0032,1.0194,0.5250,-2.7300,0.8050
2068301,sitting,-0.0332,0.0041,1.0199,0.5600,-2.7300,0.8050
2068320,sitting,-0.0339,0.0039,1.0194,0.5600,-2.7300,0.8050
2068339,sitting,-0.0334,0.0034,1.0204,0.4900,-2.7650,0.8400
2068358,sitting,-0.0332,0.0032,1.0207,0.4900,-2.7650,0.7700
2068378,sitting,-0.0334,0.0046,1.0197,0.4900,-2.7300,0.8400
2068397,sitting,-0.0337,0.0024,1.0192,0.4900,-2.7300,0.8400
2068416,sitting,-0.0342,0.0029,1.0194,0.4900,-2.7300,0.8050
2068435,sitting,-0.0342,0.0032,1.0189,0.5250,-2.7300,0.8400
2068455,sitting,-0.0332,0.0041,1.0182,0.4900,-2.7300,0.7700
2068474,sitting,-0.0332,0.0034,1.0199,0.4900,-2.7300,0.7700
2068493,sitting,-0.0334,0.0037,1.0202,0.5250,-2.7300,0.8050
2068512,sitting,-0.0329,0.0039,1.0189,0.5600,-2.7300,0.8400
2068531,sitting,-0.0334,0.0029,1.0194,0.4900,-2.7300,0.8400
2068551,sitting,-0.0329,0.0041,1.0202,0.5250,-2.7300,0.8050
2068570,sitting,-0.0332,0.0027,1.0194,0.5250,-2.7300,0.8400
2068589,sitting,-0.0334,0.0041,1.0197,0.5600,-2.7300,0.7700
2068608,sitting,-0.0334,0.0034,1.0194,0.5600,-2.7300,0.8400
2068628,sitting,-0.0327,0.0034,1.0180,0.5600,-2.7300,0.8050
2068647,sitting,-0.0344,0.0037,1.0192,0.5250,-2.8000,0.7700
2068666,sitting,-0.0346,0.0034,1.0189,0.4900,-2.7300,0.8050
2068685,sitting,-0.0337,0.0037,1.0189,0.5250,-2.7300,0.7700
2068705,sitting,-0.0337,0.0029,1.0192,0.5250,-2.7650,0.7700
2068724,sitting,-0.0327,0.0034,1.0187,0.5250,-2.7300,0.7700
2068743,sitting,-0.0339,0.0037,1.0194,0.5250,-2.7300,0.8400
2068762,sitting,-0.0334,0.0041,1.0202,0.5250,-2.7650,0.7700
2068781,sitting,-0.0322,0.0039,1.0187,0.4900,-2.7300,0.8400
2068801,sitting,-0.0329,0.0049,1.0192,0.4900,-2.7300,0.8400
2068820,sitting,-0.0327,0.0037,1.0185,0.4900,-2.7300,0.8050
2068839,sitting,-0.0322,0.0032,1.0192,0.5250,-2.7300,0.8400
2068858,sitting,-0.0344,0.0032,1.0189,0.4900,-2.7300,0.8400
2068878,sitting,-0.0327,0.0044,1.0199,0.4900,-2.7300,0.8050
2068897,sitting,-0.0332,0.0046,1.0194,0.5250,-2.7300,0.8400
2068916,sitting,-0.0325,0.0032,1.0204,0.5250,-2.7300,0.8400
2068935,sitting,-0.0337,0.0037,1.0192,0.4900,-2.7300,0.8400
2068955,sitting,-0.0337,0.0046,1.0189,0.5600,-2.7300,0.8400
2068974,sitting,-0.0334,0.0029,1.0185,0.5600,-2.7300,0.8400
2068993,sitting,-0.0332,0.0032,1.0202,0.5250,-2.7300,0.8400
2069012,sitting,-0.0337,0.0039,1.0187,0.5600,-2.7300,0.8400
2069031,sitting,-0.0332,0.0044,1.0187,0.5250,-2.7300,0.8050
2069051,sitting,-0.0329,0.0041,1.0194,0.5250,-2.7300,0.7700
2069070,sitting,-0.0332,0.0037,1.0197,0.4900,-2.7300,0.8400
2069089,sitting,-0.0334,0.0032,1.0180,0.4900,-2.7300,0.8400
2069108,sitting,-0.0339,0.0037,1.0187,0.5250,-2.7300,0.7700
2069128,sitting,-0.0334,0.0041,1.0192,0.5600,-2.7300,0.8050
2069147,sitting,-0.0329,0.0037,1.0189,0.5250,-2.7300,0.8050
2069166,sitting,-0.0325,0.0037,1.0192,0.5600,-2.7300,0.8400
2069185,sitting,-0.0337,0.0029,1.0197,0.5250,-2.7300,0.8050
2069205,sitting,-0.0329,0.0037,1.0197,0.5250,-2.7300,0.8400
2069224,sitting,-0.0332,0.0039,1.0202,0.5250,-2.7300,0.8400
2069243,sitting,-0.0329,0.0034,1.0192,0.4900,-2.7300,0.8050
2069262,sitting,-0.0325,0.0049,1.0185,0.4900,-2.7300,0.8400
2069281,sitting,-0.0327,0.0037,1.0187,0.5250,-2.7300,0.8400
2069301,sitting,-0.0334,0.0046,1.0194,0.5250,-2.7300,0.8400
2069320,sitting,-0.0329,0.0022,1.0202,0.5250,-2.7300,0.8050
2069339,sitting,-0.0329,0.0034,1.0192,0.4900,-2.7300,0.8050
2069358,sitting,-0.0332,0.0046,1.0192,0.4900,-2.7300,0.8050
2069378,sitting,-0.0337,0.0034,1.0185,0.5250,-2.7300,0.7700
2069397,sitting,-0.0327,0.0039,1.0182,0.5250,-2.7300,0.7700
2069416,sitting,-0.0334,0.0044,1.0194,0.5250,-2.7650,0.8050
2069435,sitting,-0.0332,0.0032,1.0202,0.5250,-2.7300,0.8400
2069455,sitting,-0.0332,0.0032,1.0194,0.5600,-2.7300,0.8400
2069474,sitting,-0.0337,0.0037,1.0189,0.5250,-2.7300,0.8050
2069493,sitting,-0.0339,0.0046,1.0185,0.5250,-2.7650,0.8400
2069512,sitting,-0.0322,0.0046,1.0187,0.5250,-2.7300,0.7700
2069531,sitting,-0.0315,0.0034,1.0207,0.5600,-2.7300,0.8400
2069551,sitting,-0.0329,0.0027,1.0194,0.4900,-2.7300,0.8400
2069570,sitting,-0.0334,0.0034,1.0185,0.5250,-2.7300,0.8050
2069589,sitting,-0.0325,0.0034,1.0194,0.5600,-2.7300,0.8400
2069608,sitting,-0.0320,0.0041,1.0194,0.4900,-2.7300,0.8400
2069628,sitting,-0.0329,0.0044,1.0192,0.4900,-2.7300,0.8400
2069647,sitting,-0.0334,0.0037,1.0189,0.4900,-2.7650,0.8050
2069666,sitting,-0.0332,0.0037,1.0202,0.5250,-2.7300,0.8050
2069685,sitting,-0.0329,0.0039,1.0194,0.4900,-2.7300,0.7700
2069705,sitting,-0.0337,0.0027,1.0202,0.5600,-2.7300,0.8050
2069724,sitting,-0.0327,0.0027,1.0197,0.5600,-2.6950,0.8400
2069743,sitting,-0.0329,0.0046,1.0204,0.5600,-2.7300,0.8400
2069762,sitting,-0.0337,0.0039,1.0192,0.5600,-2.7300,0.8050
2069781,sitting,-0.0329,0.0034,1.0194,0.5600,-2.7300,0.8050
2069801,sitting,-0.0329,0.0034,1.0192,0.4900,-2.6950,0.8050
2069820,sitting,-0.0346,0.0037,1.0192,0.5250,-2.6950,0.8050
2069839,sitting,-0.0332,0.0037,1.0192,0.5250,-2.7650,0.7700
2069858,sitting,-0.0329,0.0037,1.0192,0.5250,-2.7300,0.7700
2069878,sitting,-0.0334,0.0039,1.0199,0.5250,-2.7300,0.7700
2069897,sitting,-0.0344,0.0037,1.0207,0.5600,-2.7650,0.8400
2069916,sitting,-0.0337,0.0037,1.0197,0.4900,-2.7300,0.7700
2069935,sitting,-0.0342,0.0037,1.0180,0.5250,-2.6950,0.8400
2069955,sitting,-0.0329,0.0034,1.0185,0.5600,-2.7300,0.8400
2069974,sitting,-0.0334,0.0039,1.0207,0.4900,-2.6950,0.8400
2069993,sitting,-0.0329,0.0032,1.0197,0.4900,-2.7650,0.8400
2070012,sitting,-0.0337,0.0037,1.0192,0.5600,-2.7300,0.8400
2070031,sitting,-0.0327,0.0041,1.0187,0.5250,-2.7300,0.8400
2070051,sitting,-0.0327,0.0037,1.0187,0.4900,-2.7300,0.8400
2070070,sitting,-0.0327,0.0032,1.0189,0.4900,-2.6950,0.8400
2070089,sitting,-0.0325,0.0034,1.0204,0.5600,-2.7650,0.8050
2070108,sitting,-0.0337,0.0039,1.0189,0.5250,-2.7650,0.7700
2070128,sitting,-0.0329,0.0032,1.0194,0.5600,-2.7300,0.8050
2070147,sitting,-0.0332,0.0039,1.0197,0.5250,-2.7300,0.8050
2070166,sitting,-0.0327,0.0037,1.0189,0.5250,-2.7300,0.8400
2070185,sitting,-0.0329,0.0034,1.0185,0.5600,-2.7300,0.8400
2070205,sitting,-0.0327,0.0034,1.0187,0.4900,-2.7300,0.8400
2070224,sitting,-0.0327,0.0037,1.0202,0.5250,-2.7300,0.8400
2070243,sitting,-0.0329,0.0037,1.0192,0.4900,-2.7300,0.8400
2070262,sitting,-0.0322,0.0044,1.0194,0.5250,-2.7300,0.7700
2070281,sitting,-0.0329,0.0034,1.0185,0.4900,-2.7650,0.7700
2070301,sitting,-0.0325,0.0037,1.0199,0.4900,-2.7300,0.7700
2070320,sitting,-0.0327,0.0034,1.0202,0.5600,-2.7300,0.8050
2070339,sitting,-0.0342,0.0039,1.0192,0.5250,-2.7300,0.8400
2070358,sitting,-0.0325,0.0041,1.0207,0.5250,-2.7300,0.8050
2070378,sitting,-0.0329,0.0044,1.0192,0.4900,-2.7650,0.7700
2070397,sitting,-0.0325,0.0032,1.0204,0.4900,-2.7300,0.7700
2070416,sitting,-0.0327,0.0024,1.0192,0.4900,-2.7300,0.8050
2070435,sitting,-0.0334,0.0027,1.0202,0.5250,-2.7300,0.8400
2070455,sitting,-0.0329,0.0037,1.0187,0.5600,-2.7300,0.8400
2070474,sitting,-0.0329,0.0034,1.0197,0.5250,-2.7300,0.8400
2070493,sitting,-0.0332,0.0024,1.0192,0.4900,-2.7300,0.8050
2070512,sitting,-0.0332,0.0034,1.0192,0.4900,-2.7300,0.8750
2070531,sitting,-0.0329,0.0037,1.0197,0.4900,-2.7300,0.8050
2070551,sitting,-0.0320,0.0037,1.0194,0.5250,-2.7300,0.8400
2070570,sitting,-0.0329,0.0041,1.0194,0.5600,-2.7300,0.8400
2070589,sitting,-0.0329,0.0037,1.0194,0.5600,-2.7300,0.7700
2070608,sitting,-0.0334,0.0039,1.0199,0.4900,-2.7300,0.8050
2070628,sitting,-0.0327,0.0034,1.0197,0.5250,-2.6950,0.8050
2070647,sitting,-0.0332,0.0039,1.0194,0.4900,-2.7300,0.8050
2070666,sitting,-0.0332,0.0049,1.0189,0.5600,-2.7300,0.8050
2070685,sitting,-0.0339,0.0041,1.0194,0.4900,-2.7300,0.7700
2070705,sitting,-0.0334,0.0037,1.0202,0.4900,-2.7300,0.8050
2070724,sitting,-0.0342,0.0034,1.0202,0.5250,-2.7300,0.8400
2070743,sitting,-0.0329,0.0027,1.0199,0.5250,-2.7300,0.7700
2070762,sitting,-0.0337,0.0039,1.0199,0.5600,-2.7300,0.8400
2070781,sitting,-0.0344,0.0032,1.0204,0.4900,-2.7300,0.8400
2070801,sitting,-0.0332,0.0037,1.0197,0.5250,-2.7300,0.8400
2070820,sitting,-0.0320,0.0027,1.0189,0.4900,-2.7300,0.8400
2070839,sitting,-0.0327,0.0037,1.0194,0.4900,-2.7300,0.8400
2070858,sitting,-0.0325,0.0049,1.0209,0.4900,-2.7300,0.8400
2070878,sitting,-0.0325,0.0041,1.0185,0.5250,-2.7650,0.8400
2070897,sitting,-0.0320,0.0032,1.0197,0.5600,-2.7300,0.8400
2070916,sitting,-0.0325,0.0032,1.0199,0.5600,-2.6950,0.8400
2070935,sitting,-0.0325,0.0041,1.0197,0.5600,-2.7300,0.8400
2070955,sitting,-0.0332,0.0041,1.0187,0.5600,-2.7300,0.8400
2070974,sitting,-0.0327,0.0034,1.0199,0.5600,-2.7300,0.7700
2070993,sitting,-0.0334,0.0037,1.0197,0.5600,-2.7650,0.8050
2071012,sitting,-0.0325,0.0044,1.0185,0.5250,-2.6950,0.8050
2071031,sitting,-0.0325,0.0041,1.0197,0.4900,-2.7650,0.8400
2071051,sitting,-0.0322,0.0032,1.0182,0.5600,-2.7300,0.7700
2071070,sitting,-0.0317,0.0044,1.0189,0.5250,-2.7300,0.7700
2071089,sitting,-0.0320,0.0037,1.0189,0.5600,-2.7300,0.8050
2071108,sitting,-0.0334,0.0029,1.0202,0.5250,-2.7300,0.8050
2071128,sitting,-0.0325,0.0032,1.0204,0.4900,-2.7300,0.8400
2071147,sitting,-0.0322,0.0024,1.0192,0.4900,-2.7300,0.8050
2071166,sitting,-0.0327,0.0032,1.0194,0.4900,-2.7300,0.8400
2071185,sitting,-0.0332,0.0039,1.0199,0.5250,-2.7650,0.8050
2071205,sitting,-0.0325,0.0032,1.0192,0.5250,-2.7300,0.8400
2071224,sitting,-0.0320,0.0039,1.0192,0.4900,-2.7300,0.8050
2071243,sitting,-0.0325,0.0032,1.0194,0.4900,-2.7300,0.8400
2071262,sitting,-0.0325,0.0029,1.0199,0.5600,-2.7300,0.8050
2071281,sitting,-0.0322,0.0034,1.0185,0.5250,-2.7300,0.8400
2071301,sitting,-0.0320,0.0037,1.0194,0.5250,-2.7300,0.8050
2071320,sitting,-0.0325,0.0037,1.0199,0.4900,-2.7300,0.8400
2071339,sitting,-0.0320,0.0037,1.0194,0.5600,-2.7300,0.8050
2071358,sitting,-0.0320,0.0044,1.0180,0.5250,-2.7300,0.8400
2071378,sitting,-0.0325,0.0039,1.0202,0.5600,-2.7300,0.8050
2071397,sitting,-0.0329,0.0041,1.0187,0.4900,-2.7300,0.8400
2071416,sitting,-0.0329,0.0041,1.0192,0.5600,-2.7300,0.8050
2071435,sitting,-0.0327,0.0041,1.0194,0.5600,-2.6950,0.8400
2071455,sitting,-0.0322,0.0039,1.0199,0.4900,-2.7300,0.8050
2071474,sitting,-0.0329,0.0032,1.0204,0.4900,-2.7300,0.7700
2071493,sitting,-0.0334,0.0032,1.0194,0.5250,-2.7650,0.8400
2071512,sitting,-0.0325,0.0034,1.0189,0.5250,-2.7300,0.8050
2071531,sitting,-0.0325,0.0037,1.0197,0.5250,-2.7300,0.8050
2071551,sitting,-0.0327,0.0039,1.0197,0.4550,-2.7300,0.8050
2071570,sitting,-0.0327,0.0037,1.0199,0.5250,-2.7300,0.8400
2071589,sitting,-0.0327,0.0034,1.0204,0.4900,-2.7300,0.8400
2071608,sitting,-0.0327,0.0032,1.0194,0.4900,-2.7300,0.7700
2071628,sitting,-0.0320,0.0044,1.0182,0.4900,-2.7300,0.8400
2071647,sitting,-0.0322,0.0029,1.0192,0.4900,-2.7300,0.8050
2071666,sitting,-0.0320,0.0032,1.0189,0.4900,-2.7300,0.8400
2071685,sitting,-0.0332,0.0032,1.0189,0.5250,-2.7300,0.8400
2071705,sitting,-0.0325,0.0032,1.0197,0.5600,-2.7300,0.8400
2071724,sitting,-0.0325,0.0037,1.0182,0.4900,-2.7300,0.8400
2071743,sitting,-0.0320,0.0032,1.0182,0.5600,-2.7300,0.8400
2071762,sitting,-0.0334,0.0034,1.0197,0.5250,-2.7300,0.8050
2071781,sitting,-0.0334,0.0037,1.0189,0.4900,-2.7300,0.8050
2071801,sitting,-0.0320,0.0034,1.0192,0.5600,-2.7300,0.8050
2071820,sitting,-0.0325,0.0032,1.0204,0.5600,-2.6950,0.7700
2071839,sitting,-0.0327,0.0029,1.0187,0.5600,-2.7300,0.8050
2071858,sitting,-0.0325,0.0022,1.0209,0.5250,-2.7300,0.7700
2071878,sitting,-0.0334,0.0032,1.0202,0.5250,-2.7300,0.8400
2071897,sitting,-0.0329,0.0039,1.0194,0.5250,-2.7300,0.7700
2071916,sitting,-0.0320,0.0034,1.0199,0.5250,-2.7650,0.8400
2071935,sitting,-0.0317,0.0034,1.0194,0.5600,-2.7300,0.8050
2071955,sitting,-0.0329,0.0034,1.0185,0.4900,-2.7300,0.8050
2071974,sitting,-0.0339,0.0032,1.0192,0.5250,-2.7650,0.7700
2071993,sitting,-0.0327,0.0034,1.0187,0.4900,-2.6950,0.8050
2072012,sitting,-0.0325,0.0037,1.0197,0.5250,-2.7300,0.8050
2072031,sitting,-0.0329,0.0044,1.0199,0.4900,-2.7300,0.8050
2072051,sitting,-0.0332,0.0044,1.0192,0.5250,-2.7300,0.8400
2072070,sitting,-0.0332,0.0032,1.0189,0.5250,-2.7300,0.8400
2072089,sitting,-0.0317,0.0034,1.0189,0.4900,-2.7300,0.8050
2072108,sitting,-0.0329,0.0034,1.0202,0.4900,-2.7300,0.8400
2072128,sitting,-0.0332,0.0032,1.0204,0.4900,-2.7300,0.8400
2072147,sitting,-0.0322,0.0034,1.0204,0.5250,-2.7300,0.8400
2072166,sitting,-0.0322,0.0039,1.0199,0.5600,-2.7300,0.8400
2072185,sitting,-0.0322,0.0039,1.0182,0.5600,-2.7650,0.7700
2072205,sitting,-0.0322,0.0039,1.0199,0.4900,-2.7300,0.8400
2072224,sitting,-0.0334,0.0029,1.0202,0.5250,-2.7300,0.8050
2072243,sitting,-0.0339,0.0041,1.0187,0.4900,-2.7300,0.8400
2072262,sitting,-0.0329,0.0044,1.0187,0.4900,-2.7650,0.8400
2072281,sitting,-0.0322,0.0027,1.0199,0.4900,-2.7300,0.7700
2072301,sitting,-0.0329,0.0027,1.0189,0.5600,-2.7300,0.8400
2072320,sitting,-0.0325,0.0034,1.0199,0.4900,-2.7300,0.8400
2072339,sitting,-0.0325,0.0032,1.0192,0.4900,-2.7300,0.8050
2072358,sitting,-0.0334,0.0027,1.0180,0.4900,-2.7300,0.8050
2072378,sitting,-0.0325,0.0034,1.0189,0.5250,-2.6950,0.8050
2072397,sitting,-0.0322,0.0034,1.0185,0.5250,-2.7650,0.7700
2072416,sitting,-0.0322,0.0027,1.0197,0.4900,-2.7300,0.8400
2072435,sitting,-0.0322,0.0041,1.0194,0.5250,-2.7300,0.7700
2072455,sitting,-0.0325,0.0034,1.0199,0.4900,-2.7300,0.8400
2072474,sitting,-0.0320,0.0039,1.0192,0.4900,-2.7300,0.7700
2072493,sitting,-0.0325,0.0027,1.0194,0.4900,-2.7300,0.8400
2072512,sitting,-0.0325,0.0027,1.0192,0.4900,-2.7300,0.8050
2072531,sitting,-0.0325,0.0037,1.0189,0.5600,-2.7300,0.8400
2072551,sitting,-0.0320,0.0037,1.0204,0.5600,-2.7300,0.8400
2072570,sitting,-0.0322,0.0039,1.0204,0.5250,-2.7300,0.8050
2072589,sitting,-0.0325,0.0039,1.0202,0.5250,-2.7300,0.7700
2072608,sitting,-0.0322,0.0029,1.0197,0.5250,-2.7300,0.8050
2072628,sitting,-0.0332,0.0032,1.0197,0.4900,-2.7300,0.7700
2072647,sitting,-0.0325,0.0041,1.0194,0.4900,-2.7300,0.8050
2072666,sitting,-0.0329,0.0044,1.0199,0.5600,-2.7300,0.8400
2072685,sitting,-0.0322,0.0032,1.0199,0.5250,-2.7650,0.8400
2072705,sitting,-0.0320,0.0029,1.0204,0.4900,-2.7300,0.8400
2072724,sitting,-0.0334,0.0032,1.0189,0.4900,-2.7300,0.8400
2072743,sitting,-0.0329,0.0022,1.0194,0.4900,-2.7300,0.8050
2072762,sitting,-0.0334,0.0027,1.0194,0.5250,-2.7300,0.8050
2072781,sitting,-0.0325,0.0032,1.0194,0.4900,-2.7650,0.8400
2072801,sitting,-0.0334,0.0029,1.0199,0.4900,-2.7300,0.8400
2072820,sitting,-0.0329,0.0037,1.0197,0.5250,-2.7300,0.8400
2072839,sitting,-0.0325,0.0041,1.0192,0.4900,-2.7300,0.8400
2072858,sitting,-0.0325,0.0039,1.0197,0.4900,-2.7300,0.8400
2072878,sitting,-0.0320,0.0034,1.0199,0.4900,-2.7300,0.8400
2072897,sitting,-0.0320,0.0034,1.0209,0.5600,-2.7300,0.8400
2072916,sitting,-0.0325,0.0039,1.0197,0.5250,-2.7300,0.8050
2072935,sitting,-0.0332,0.0044,1.0194,0.4900,-2.7300,0.8050
2072955,sitting,-0.0322,0.0039,1.0192,0.5250,-2.7300,0.8050
2072974,sitting,-0.0312,0.0032,1.0197,0.5600,-2.7300,0.8050
2072993,sitting,-0.0320,0.0027,1.0199,0.5250,-2.7650,0.7700
2073012,sitting,-0.0329,0.0029,1.0194,0.5600,-2.7300,0.8050
2073031,sitting,-0.0325,0.0029,1.0187,0.5250,-2.7300,0.8400
2073051,sitting,-0.0329,0.0039,1.0207,0.5250,-2.7300,0.8050
2073070,sitting,-0.0329,0.0029,1.0204,0.5600,-2.7300,0.8050
2073089,sitting,-0.0329,0.0037,1.0194,0.4900,-2.7300,0.8050
2073108,sitting,-0.0332,0.0027,1.0197,0.4900,-2.7300,0.8050
2073128,sitting,-0.0322,0.0034,1.0187,0.4900,-2.7300,0.8400
2073147,sitting,-0.0317,0.0034,1.0192,0.5600,-2.7300,0.7700
2073166,sitting,-0.0315,0.0034,1.0192,0.4900,-2.7300,0.8400
2073185,sitting,-0.0327,0.0034,1.0194,0.4900,-2.8000,0.8400
2073205,sitting,-0.0325,0.0027,1.0185,0.4900,-2.7300,0.7700
2073224,sitting,-0.0325,0.0024,1.0180,0.4900,-2.7300,0.8050
2073243,sitting,-0.0325,0.0032,1.0187,0.4900,-2.7300,0.8400
2073262,sitting,-0.0317,0.0024,1.0204,0.4900,-2.7300,0.8050
2073281,sitting,-0.0317,0.0029,1.0194,0.4550,-2.7300,0.8400
2073301,sitting,-0.0322,0.0034,1.0182,0.4900,-2.7650,0.8050
2073320,sitting,-0.0329,0.0034,1.0204,0.4550,-2.7300,0.8050
2073339,sitting,-0.0329,0.0034,1.0202,0.4900,-2.7300,0.8400
2073358,sitting,-0.0327,0.0029,1.0197,0.5600,-2.6950,0.8400
2073378,sitting,-0.0325,0.0024,1.0199,0.4900,-2.7300,0.8400
2073397,sitting,-0.0327,0.0034,1.0189,0.4900,-2.7300,0.8050
2073416,sitting,-0.0327,0.0029,1.0192,0.5600,-2.7300,0.7700
2073435,sitting,-0.0325,0.0034,1.0199,0.4900,-2.7650,0.8400
2073455,sitting,-0.0329,0.0034,1.0199,0.5250,-2.7300,0.7700
2073474,sitting,-0.0329,0.0037,1.0197,0.5250,-2.7300,0.8050
2073493,sitting,-0.0322,0.0037,1.0189,0.4900,-2.7300,0.8400
2073512,sitting,-0.0322,0.0032,1.0185,0.5250,-2.6950,0.8050
2073531,sitting,-0.0320,0.0046,1.0192,0.4900,-2.7300,0.8400
2073551,sitting,-0.0315,0.0027,1.0197,0.4900,-2.7650,0.8050
2073570,sitting,-0.0317,0.0034,1.0197,0.5250,-2.7300,0.8400
2073589,sitting,-0.0320,0.0044,1.0202,0.5250,-2.7300,0.8400
2073608,sitting,-0.0317,0.0027,1.0207,0.4900,-2.7300,0.8050
2073628,sitting,-0.0327,0.0037,1.0192,0.4900,-2.7300,0.8050
2073647,sitting,-0.0322,0.0037,1.0194,0.5250,-2.7300,0.7700
2073666,sitting,-0.0325,0.0027,1.0192,0.4900,-2.7650,0.8050
2073685,sitting,-0.0327,0.0029,1.0180,0.5250,-2.7300,0.8400
2073705,sitting,-0.0325,0.0032,1.0192,0.5250,-2.7300,0.8050
2073724,sitting,-0.0325,0.0027,1.0192,0.4900,-2.7650,0.8050
2073743,sitting,-0.0315,0.0034,1.0194,0.5250,-2.7300,0.8050
2073762,sitting,-0.0317,0.0027,1.0192,0.4900,-2.6600,0.7700
2073781,sitting,-0.0320,0.0037,1.0202,0.4900,-2.7300,0.8050
2073801,sitting,-0.0320,0.0044,1.0197,0.5250,-2.7300,0.8050
2073820,sitting,-0.0322,0.0034,1.0189,0.4900,-2.7300,0.8400
2073839,sitting,-0.0325,0.0032,1.0180,0.5250,-2.7300,0.8050
2073858,sitting,-0.0320,0.0029,1.0194,0.5600,-2.7300,0.7700
2073878,sitting,-0.0310,0.0029,1.0192,0.5250,-2.7300,0.7700
2073897,sitting,-0.0317,0.0029,1.0187,0.4900,-2.6950,0.7700
2073916,sitting,-0.0322,0.0029,1.0192,0.4900,-2.7300,0.8050
2073935,sitting,-0.0320,0.0034,1.0197,0.4900,-2.7300,0.8400
2073955,sitting,-0.0317,0.0022,1.0194,0.5250,-2.7650,0.8750
2073974,sitting,-0.0325,0.0037,1.0187,0.4900,-2.6950,0.8050
2073993,sitting,-0.0320,0.0029,1.0194,0.4900,-2.7300,0.8400
2074012,sitting,-0.0329,0.0039,1.0192,0.4900,-2.7300,0.8400
2074031,sitting,-0.0320,0.0020,1.0192,0.4900,-2.7300,0.8400
2074051,sitting,-0.0325,0.0022,1.0207,0.4900,-2.7300,0.8050
2074070,sitting,-0.0320,0.0029,1.0189,0.5600,-2.7300,0.8400
2074089,sitting,-0.0320,0.0027,1.0194,0.4900,-2.7300,0.8050
2074108,sitting,-0.0327,0.0032,1.0189,0.5250,-2.7300,0.8400
2074128,sitting,-0.0327,0.0041,1.0189,0.5600,-2.7300,0.8050
2074147,sitting,-0.0332,0.0027,1.0192,0.5250,-2.7300,0.8050
2074166,sitting,-0.0325,0.0027,1.0194,0.5250,-2.7300,0.8400
2074185,sitting,-0.0315,0.0034,1.0199,0.5250,-2.6950,0.8400
2074205,sitting,-0.0320,0.0029,1.0187,0.5250,-2.7300,0.8400
2074224,sitting,-0.0322,0.0022,1.0202,0.5250,-2.7300,0.7700
2074243,sitting,-0.0322,0.0029,1.0202,0.5600,-2.7300,0.8050
2074262,sitting,-0.0312,0.0032,1.0199,0.5250,-2.7300,0.7700
2074281,sitting,-0.0315,0.0029,1.0187,0.4900,-2.7300,0.8400
2074301,sitting,-0.0327,0.0039,1.0194,0.4900,-2.7300,0.8050
2074320,sitting,-0.0332,0.0024,1.0194,0.4900,-2.7300,0.8400
2074339,sitting,-0.0325,0.0034,1.0199,0.4900,-2.7300,0.8050
2074358,sitting,-0.0315,0.0027,1.0189,0.4900,-2.7300,0.7700
2074378,sitting,-0.0315,0.0039,1.0187,0.5600,-2.7300,0.8400
2074397,sitting,-0.0325,0.0039,1.0185,0.5250,-2.7650,0.8050
2074416,sitting,-0.0327,0.0032,1.0192,0.4900,-2.7300,0.8400
2074435,sitting,-0.0325,0.0027,1.0197,0.4900,-2.7300,0.8050
2074455,sitting,-0.0325,0.0039,1.0192,0.5250,-2.7300,0.8050
2074474,sitting,-0.0317,0.0037,1.0192,0.5600,-2.7300,0.8400
2074493,sitting,-0.0322,0.0032,1.0197,0.5250,-2.7300,0.8400
2074512,sitting,-0.0327,0.0027,1.0202,0.5600,-2.7300,0.8400
2074531,sitting,-0.0327,0.0032,1.0194,0.4900,-2.7300,0.8050
2074551,sitting,-0.0310,0.0027,1.0197,0.5250,-2.7300,0.8400
2074570,sitting,-0.0315,0.0027,1.0199,0.5600,-2.7300,0.8050
2074589,sitting,-0.0332,0.0034,1.0189,0.5600,-2.7300,0.8050
2074608,sitting,-0.0329,0.0041,1.0189,0.5600,-2.7300,0.8400
2074628,sitting,-0.0320,0.0037,1.0189,0.5600,-2.7300,0.8050
2074647,sitting,-0.0312,0.0029,1.0192,0.5600,-2.7300,0.8050
2074666,sitting,-0.0327,0.0024,1.0185,0.5250,-2.7300,0.7700
2074685,sitting,-0.0322,0.0029,1.0180,0.5250,-2.7300,0.7700
2074705,sitting,-0.0327,0.0029,1.0194,0.5250,-2.7300,0.8400
2074724,sitting,-0.0329,0.0022,1.0199,0.5600,-2.7300,0.8050
2074743,sitting,-0.0317,0.0032,1.0187,0.5600,-2.7300,0.8400
2074762,sitting,-0.0310,0.0037,1.0202,0.4550,-2.7300,0.8400
2074781,sitting,-0.0325,0.0041,1.0199,0.5250,-2.7300,0.8050
2074801,sitting,-0.0327,0.0032,1.0202,0.4900,-2.7300,0.8050
2074820,sitting,-0.0325,0.0034,1.0202,0.4900,-2.7300,0.8400
2074839,sitting,-0.0325,0.0032,1.0207,0.4900,-2.7300,0.8400
2074858,sitting,-0.0322,0.0027,1.0204,0.4900,-2.7300,0.8400
2074878,sitting,-0.0322,0.0024,1.0192,0.4900,-2.7300,0.8400
2074897,sitting,-0.0325,0.0034,1.0187,0.4900,-2.7300,0.8050
2074916,sitting,-0.0329,0.0037,1.0192,0.5250,-2.6950,0.8050
2074935,sitting,-0.0320,0.0034,1.0199,0.5600,-2.7650,0.8400
2074955,sitting,-0.0317,0.0027,1.0204,0.5600,-2.7650,0.8050
2074974,sitting,-0.0320,0.0039,1.0194,0.5250,-2.7300,0.8400
2074993,sitting,-0.0322,0.0034,1.0194,0.4900,-2.7300,0.8050
2075012,sitting,-0.0312,0.0032,1.0194,0.5600,-2.7300,0.8050
2075031,sitting,-0.0315,0.0032,1.0199,0.5600,-2.7300,0.7700
2075051,sitting,-0.0325,0.0022,1.0199,0.5600,-2.7300,0.8050
2075070,sitting,-0.0317,0.0029,1.0192,0.5600,-2.7300,0.7700
2075089,sitting,-0.0325,0.0032,1.0199,0.4900,-2.7300,0.7700
2075108,sitting,-0.0322,0.0027,1.0189,0.5250,-2.7300,0.8050
2075128,sitting,-0.0315,0.0032,1.0189,0.5250,-2.7300,0.8050
2075147,sitting,-0.0322,0.0034,1.0185,0.5600,-2.7300,0.8400
2075166,sitting,-0.0305,0.0027,1.0197,0.4900,-2.7300,0.8400
2075185,sitting,-0.0315,0.0029,1.0192,0.5250,-2.7300,0.8050
2075205,sitting,-0.0317,0.0017,1.0199,0.5250,-2.6950,0.8400
2075224,sitting,-0.0325,0.0017,1.0204,0.5250,-2.7300,0.8400
2075243,sitting,-0.0317,0.0027,1.0202,0.4900,-2.7650,0.8050
2075262,sitting,-0.0322,0.0039,1.0199,0.4900,-2.7300,0.7700
2075281,sitting,-0.0322,0.0034,1.0192,0.4900,-2.7300,0.8050
2075301,sitting,-0.0315,0.0032,1.0194,0.5600,-2.7300,0.8400
2075320,sitting,-0.0315,0.0034,1.0199,0.4900,-2.7300,0.8400
2075339,sitting,-0.0310,0.0037,1.0194,0.5250,-2.7300,0.8400
2075358,sitting,-0.0320,0.0029,1.0202,0.5250,-2.7300,0.8400
2075378,sitting,-0.0320,0.0034,1.0197,0.5250,-2.7300,0.8400
2075397,sitting,-0.0320,0.0039,1.0194,0.5250,-2.7300,0.7700
2075416,sitting,-0.0315,0.0024,1.0202,0.5250,-2.7650,0.8050
2075435,sitting,-0.0325,0.0034,1.0194,0.5250,-2.7300,0.8050
2075455,sitting,-0.0310,0.0032,1.0187,0.5250,-2.7300,0.8050
2075474,sitting,-0.0315,0.0037,1.0192,0.5250,-2.6950,0.7700
2075493,sitting,-0.0320,0.0037,1.0199,0.4900,-2.7300,0.8400
2075512,sitting,-0.0315,0.0029,1.0209,0.4900,-2.7300,0.7700
2075531,sitting,-0.0320,0.0027,1.0202,0.5250,-2.7300,0.8050
2075551,sitting,-0.0315,0.0034,1.0199,0.4900,-2.7300,0.7700
2075570,sitting,-0.0327,0.0029,1.0197,0.4900,-2.7300,0.8400
2075589,sitting,-0.0320,0.0034,1.0204,0.5250,-2.7300,0.8400
2075608,sitting,-0.0307,0.0037,1.0189,0.4900,-2.7300,0.8400
2075628,sitting,-0.0320,0.0037,1.0197,0.5250,-2.7300,0.7700
2075647,sitting,-0.0327,0.0032,1.0192,0.4900,-2.7650,0.8400
2075666,sitting,-0.0315,0.0032,1.0180,0.4900,-2.7300,0.8050
2075685,sitting,-0.0325,0.0034,1.0187,0.5250,-2.7300,0.8050
2075705,sitting,-0.0322,0.0024,1.0199,0.4900,-2.7300,0.8400
2075724,sitting,-0.0329,0.0027,1.0197,0.4900,-2.7300,0.8050
2075743,sitting,-0.0320,0.0032,1.0197,0.5250,-2.7650,0.8400
2075762,sitting,-0.0322,0.0029,1.0197,0.5250,-2.7300,0.8400
2075781,sitting,-0.0315,0.0027,1.0192,0.4900,-2.7300,0.8400
2075801,sitting,-0.0320,0.0024,1.0197,0.4900,-2.7300,0.8400
2075820,sitting,-0.0310,0.0022,1.0194,0.5600,-2.7300,0.7700
2075839,sitting,-0.0327,0.0029,1.0189,0.5600,-2.7300,0.7700
2075858,sitting,-0.0315,0.0027,1.0202,0.5250,-2.7300,0.7700
2075878,sitting,-0.0305,0.0037,1.0209,0.5600,-2.7300,0.7700
2075897,sitting,-0.0327,0.0041,1.0197,0.5250,-2.7300,0.8400
2075916,sitting,-0.0317,0.0032,1.0197,0.4900,-2.7300,0.7700
2075935,sitting,-0.0317,0.0044,1.0199,0.5250,-2.7300,0.8400
2075955,sitting,-0.0320,0.0041,1.0199,0.5600,-2.7650,0.8050
2075974,sitting,-0.0320,0.0037,1.0192,0.4900,-2.7650,0.8050
2075993,sitting,-0.0327,0.0032,1.0194,0.4900,-2.7300,0.8050
2076012,sitting,-0.0310,0.0022,1.0207,0.4900,-2.7300,0.8400
2076031,sitting,-0.0320,0.0024,1.0192,0.4900,-2.7300,0.8400
2076051,sitting,-0.0317,0.0032,1.0204,0.4900,-2.7300,0.8400
2076070,sitting,-0.0317,0.0024,1.0199,0.4900,-2.7650,0.8400
2076089,sitting,-0.0329,0.0032,1.0189,0.4900,-2.7300,0.8050
2076108,sitting,-0.0312,0.0032,1.0199,0.4900,-2.7300,0.8400
2076128,sitting,-0.0310,0.0029,1.0199,0.4900,-2.7300,0.8400
2076147,sitting,-0.0327,0.0029,1.0199,0.4900,-2.7300,0.8400
2076166,sitting,-0.0317,0.0024,1.0197,0.4900,-2.6950,0.8400
2076185,sitting,-0.0317,0.0032,1.0185,0.5250,-2.7300,0.8400
2076205,sitting,-0.0327,0.0024,1.0194,0.4900,-2.7300,0.8400
2076224,sitting,-0.0320,0.0027,1.0199,0.5250,-2.7300,0.8050
2076243,sitting,-0.0322,0.0034,1.0194,0.5600,-2.7300,0.7700
2076262,sitting,-0.0322,0.0029,1.0194,0.4900,-2.7300,0.7700
2076281,sitting,-0.0315,0.0034,1.0202,0.5250,-2.7300,0.8050
2076301,sitting,-0.0327,0.0027,1.0204,0.5250,-2.7300,0.7700
2076320,sitting,-0.0312,0.0027,1.0194,0.4900,-2.7300,0.8050
2076339,sitting,-0.0325,0.0032,1.0187,0.4900,-2.7300,0.8050
2076358,sitting,-0.0320,0.0034,1.0194,0.4900,-2.7300,0.8050
2076378,sitting,-0.0325,0.0029,1.0194,0.5250,-2.7300,0.8400
2076397,sitting,-0.0312,0.0037,1.0197,0.5250,-2.7300,0.8400
2076416,sitting,-0.0315,0.0022,1.0202,0.4900,-2.7300,0.8400
2076435,sitting,-0.0325,0.0029,1.0194,0.5250,-2.7300,0.8050
2076455,sitting,-0.0317,0.0034,1.0194,0.5250,-2.7300,0.8050
2076474,sitting,-0.0312,0.0020,1.0199,0.4900,-2.7300,0.8050
2076493,sitting,-0.0315,0.0024,1.0189,0.5250,-2.7300,0.7700
2076512,sitting,-0.0325,0.0024,1.0192,0.5600,-2.7300,0.7700
2076531,sitting,-0.0332,0.0032,1.0187,0.5250,-2.7300,0.8400
2076551,sitting,-0.0327,0.0029,1.0192,0.5250,-2.7300,0.8400
2076570,sitting,-0.0322,0.0032,1.0202,0.5250,-2.7300,0.8050
2076589,sitting,-0.0320,0.0024,1.0194,0.5600,-2.7300,0.8400
2076608,sitting,-0.0322,0.0022,1.0197,0.5600,-2.7300,0.8050
2076628,sitting,-0.0312,0.0034,1.0192,0.5600,-2.7300,0.7700
2076647,sitting,-0.0320,0.0022,1.0192,0.5250,-2.7650,0.8050
2076666,sitting,-0.0322,0.0032,1.0207,0.4900,-2.7650,0.8400
2076685,sitting,-0.0320,0.0024,1.0189,0.4900,-2.7300,0.8400
2076705,sitting,-0.0325,0.0032,1.0185,0.4900,-2.7300,0.8400
2076724,sitting,-0.0317,0.0032,1.0189,0.5250,-2.7300,0.8050
2076743,sitting,-0.0329,0.0029,1.0197,0.5250,-2.7300,0.8400
2076762,sitting,-0.0325,0.0017,1.0194,0.4900,-2.7300,0.8050
2076781,sitting,-0.0325,0.0032,1.0189,0.5250,-2.7300,0.8400
2076801,sitting,-0.0312,0.0027,1.0189,0.5250,-2.7300,0.8400
2076820,sitting,-0.0322,0.0034,1.0192,0.4900,-2.7300,0.8400
2076839,sitting,-0.0317,0.0027,1.0199,0.4900,-2.7300,0.8400
2076858,sitting,-0.0310,0.0027,1.0197,0.4900,-2.7300,0.8400
2076878,sitting,-0.0320,0.0024,1.0199,0.5250,-2.7300,0.8050
2076897,sitting,-0.0317,0.0020,1.0194,0.4900,-2.7300,0.8400
2076916,sitting,-0.0312,0.0024,1.0197,0.4900,-2.7300,0.8400
2076935,sitting,-0.0310,0.0037,1.0194,0.4900,-2.7300,0.8050
2076955,sitting,-0.0320,0.0022,1.0189,0.4900,-2.7300,0.8050
2076974,sitting,-0.0320,0.0032,1.0189,0.4900,-2.7300,0.8400
2076993,sitting,-0.0315,0.0034,1.0194,0.5250,-2.7300,0.8400
2077012,sitting,-0.0317,0.0034,1.0202,0.4900,-2.7300,0.8050
2077031,sitting,-0.0317,0.0027,1.0192,0.5250,-2.7300,0.8050
2077051,sitting,-0.0317,0.0027,1.0202,0.4900,-2.7300,0.8400
2077070,sitting,-0.0315,0.0039,1.0197,0.4900,-2.7300,0.7700
2077089,sitting,-0.0310,0.0034,1.0189,0.5250,-2.7300,0.7700
2077108,sitting,-0.0325,0.0032,1.0197,0.4900,-2.7300,0.8400
2077128,sitting,-0.0317,0.0024,1.0192,0.5250,-2.6950,0.7700
2077147,sitting,-0.0317,0.0027,1.0199,0.5250,-2.7300,0.8050
2077166,sitting,-0.0312,0.0022,1.0189,0.5250,-2.7300,0.8050
2077185,sitting,-0.0307,0.0029,1.0192,0.4900,-2.7300,0.8050
2077205,sitting,-0.0303,0.0032,1.0194,0.4900,-2.7300,0.8050
2077224,sitting,-0.0320,0.0034,1.0204,0.4900,-2.7300,0.8400
2077243,sitting,-0.0320,0.0027,1.0204,0.5250,-2.7300,0.8400
2077262,sitting,-0.0312,0.0029,1.0180,0.4900,-2.7300,0.8050
2077281,sitting,-0.0315,0.0024,1.0192,0.4900,-2.7300,0.8050
2077301,sitting,-0.0315,0.0027,1.0192,0.4900,-2.7300,0.8400
2077320,sitting,-0.0310,0.0024,1.0197,0.4900,-2.7300,0.8400
2077339,sitting,-0.0322,0.0041,1.0199,0.5600,-2.7300,0.8400
2077358,sitting,-0.0322,0.0032,1.0197,0.5250,-2.7300,0.8400
2077378,sitting,-0.0317,0.0034,1.0192,0.5250,-2.7300,0.8400
2077397,sitting,-0.0317,0.0020,1.0199,0.5250,-2.7300,0.8400
2077416,sitting,-0.0307,0.0027,1.0202,0.5600,-2.7300,0.7700
2077435,sitting,-0.0322,0.0027,1.0204,0.4900,-2.7300,0.8050
2077455,sitting,-0.0317,0.0032,1.0194,0.5600,-2.7300,0.8400
2077474,sitting,-0.0322,0.0032,1.0192,0.4900,-2.7300,0.8400
2077493,sitting,-0.0327,0.0029,1.0197,0.5250,-2.7300,0.8400
2077512,sitting,-0.0317,0.0024,1.0199,0.5250,-2.7300,0.8400
2077531,sitting,-0.0325,0.0022,1.0199,0.5250,-2.7300,0.7700
2077551,sitting,-0.0317,0.0032,1.0204,0.5600,-2.7300,0.8400
2077570,sitting,-0.0322,0.0024,1.0202,0.5250,-2.7300,0.8400
2077589,sitting,-0.0315,0.0024,1.0197,0.5600,-2.7300,0.8050
2077608,sitting,-0.0315,0.0039,1.0194,0.5600,-2.7300,0.8400
2077628,sitting,-0.0315,0.0024,1.0180,0.5250,-2.7300,0.8050
2077647,sitting,-0.0325,0.0024,1.0189,0.5250,-2.7300,0.8400
2077666,sitting,-0.0315,0.0039,1.0197,0.5250,-2.7300,0.8050
2077685,sitting,-0.0312,0.0029,1.0202,0.5250,-2.7300,0.8400
2077705,sitting,-0.0310,0.0027,1.0199,0.5250,-2.7300,0.8050
2077724,sitting,-0.0307,0.0024,1.0199,0.4900,-2.7300,0.8400
2077743,sitting,-0.0320,0.0017,1.0194,0.4900,-2.7300,0.8750
2077762,sitting,-0.0322,0.0032,1.0187,0.5250,-2.6950,0.8400
2077781,sitting,-0.0307,0.0027,1.0197,0.4900,-2.7300,0.8400
2077801,sitting,-0.0317,0.0024,1.0192,0.4900,-2.7300,0.8050
2077820,sitting,-0.0317,0.0024,1.0189,0.4900,-2.7300,0.8050
2077839,sitting,-0.0320,0.0029,1.0192,0.4900,-2.7300,0.8050
2077858,sitting,-0.0310,0.0029,1.0202,0.4900,-2.7300,0.7700
2077878,sitting,-0.0312,0.0024,1.0204,0.5250,-2.7300,0.8400
2077897,sitting,-0.0307,0.0027,1.0192,0.5250,-2.7300,0.7700
2077916,sitting,-0.0315,0.0022,1.0185,0.5250,-2.7300,0.8050
2077935,sitting,-0.0312,0.0037,1.0187,0.5600,-2.6950,0.8050
2077955,sitting,-0.0310,0.0024,1.0197,0.5250,-2.7300,0.8400
2077974,sitting,-0.0320,0.0029,1.0204,0.5600,-2.7300,0.8050
2077993,sitting,-0.0317,0.0032,1.0194,0.5600,-2.7300,0.7700
2078012,sitting,-0.0322,0.0032,1.0209,0.5600,-2.7300,0.8050
2078031,sitting,-0.0315,0.0037,1.0207,0.4900,-2.7300,0.7700
2078051,sitting,-0.0317,0.0032,1.0202,0.4900,-2.7300,0.8400
2078070,sitting,-0.0312,0.0027,1.0199,0.4900,-2.7300,0.8050
2078089,sitting,-0.0320,0.0032,1.0194,0.5250,-2.6950,0.8400
2078108,sitting,-0.0320,0.0034,1.0189,0.4900,-2.7300,0.8400
2078128,sitting,-0.0325,0.0022,1.0209,0.4900,-2.7300,0.8050
2078147,sitting,-0.0320,0.0029,1.0197,0.5250,-2.7300,0.8400
2078166,sitting,-0.0315,0.0024,1.0199,0.4900,-2.6950,0.8050
2078185,sitting,-0.0317,0.0027,1.0194,0.5250,-2.7300,0.8050
2078205,sitting,-0.0317,0.0034,1.0189,0.5600,-2.7300,0.8050
2078224,sitting,-0.0325,0.0034,1.0192,0.5250,-2.7650,0.8050
2078243,sitting,-0.0312,0.0034,1.0192,0.5250,-2.7300,0.8050
2078262,sitting,-0.0320,0.0024,1.0197,0.5600,-2.7300,0.7700
2078281,sitting,-0.0315,0.0034,1.0202,0.5600,-2.7300,0.7700
2078301,sitting,-0.0320,0.0032,1.0204,0.5600,-2.7300,0.7700
2078320,sitting,-0.0317,0.0032,1.0202,0.4900,-2.7300,0.8050
2078339,sitting,-0.0307,0.0024,1.0194,0.5600,-2.7300,0.8400
2078358,sitting,-0.0320,0.0032,1.0209,0.5250,-2.7300,0.8400
2078378,sitting,-0.0317,0.0037,1.0187,0.5600,-2.7300,0.8050
2078397,sitting,-0.0312,0.0032,1.0194,0.5250,-2.7300,0.8400
2078416,sitting,-0.0310,0.0029,1.0187,0.4900,-2.7300,0.8050
2078435,sitting,-0.0317,0.0034,1.0194,0.4900,-2.7300,0.8050
2078455,sitting,-0.0312,0.0037,1.0197,0.4900,-2.7300,0.8400
2078474,sitting,-0.0322,0.0024,1.0185,0.4900,-2.7300,0.8050
2078493,sitting,-0.0315,0.0029,1.0202,0.4900,-2.7300,0.8050
2078512,sitting,-0.0315,0.0029,1.0199,0.5250,-2.7300,0.8400
2078531,sitting,-0.0315,0.0024,1.0194,0.4900,-2.7300,0.8400
2078551,sitting,-0.0310,0.0027,1.0199,0.4900,-2.7300,0.8400
2078570,sitting,-0.0310,0.0022,1.0194,0.5250,-2.7300,0.8400
2078589,sitting,-0.0305,0.0024,1.0189,0.4900,-2.7300,0.8050
2078608,sitting,-0.0317,0.0032,1.0187,0.5250,-2.7300,0.8400
2078628,sitting,-0.0322,0.0034,1.0197,0.5250,-2.7300,0.8400
2078647,sitting,-0.0315,0.0037,1.0194,0.5600,-2.7300,0.8050
2078666,sitting,-0.0312,0.0034,1.0192,0.5250,-2.7650,0.7700
2078685,sitting,-0.0315,0.0029,1.0197,0.5600,-2.7300,0.8050
2078705,sitting,-0.0315,0.0024,1.0189,0.4900,-2.7300,0.8050
2078724,sitting,-0.0317,0.0022,1.0194,0.4900,-2.7300,0.8400
2078743,sitting,-0.0315,0.0032,1.0207,0.5250,-2.7300,0.8050
2078762,sitting,-0.0310,0.0027,1.0199,0.5600,-2.7300,0.7700
2078781,sitting,-0.0315,0.0034,1.0197,0.5250,-2.7300,0.8400
2078801,sitting,-0.0315,0.0029,1.0194,0.4900,-2.7300,0.8050
2078820,sitting,-0.0312,0.0027,1.0197,0.4900,-2.7300,0.8050
2078839,sitting,-0.0320,0.0017,1.0194,0.4900,-2.7300,0.8400
2078858,sitting,-0.0317,0.0015,1.0197,0.4900,-2.7300,0.8050
2078878,sitting,-0.0312,0.0022,1.0194,0.5250,-2.7300,0.7700
2078897,sitting,-0.0320,0.0029,1.0199,0.4900,-2.7300,0.8050
2078916,sitting,-0.0312,0.0022,1.0199,0.5250,-2.7300,0.8400
2078935,sitting,-0.0327,0.0039,1.0202,0.4900,-2.7300,0.8050
2078955,sitting,-0.0317,0.0027,1.0204,0.4900,-2.7300,0.8400
2078974,sitting,-0.0325,0.0032,1.0204,0.4900,-2.7300,0.8050
2078993,sitting,-0.0312,0.0024,1.0189,0.5600,-2.7300,0.8400
2079012,sitting,-0.0315,0.0027,1.0187,0.4900,-2.7300,0.8400
2079031,sitting,-0.0315,0.0032,1.0199,0.5600,-2.7300,0.8050
2079051,sitting,-0.0312,0.0027,1.0197,0.5600,-2.7300,0.8400
2079070,sitting,-0.0322,0.0024,1.0187,0.5250,-2.7300,0.8400
2079089,sitting,-0.0317,0.0027,1.0187,0.5600,-2.7300,0.8050
2079108,sitting,-0.0315,0.0029,1.0194,0.4900,-2.6950,0.8400
2079128,sitting,-0.0307,0.0024,1.0194,0.5600,-2.7300,0.8050
2079147,sitting,-0.0312,0.0029,1.0192,0.5600,-2.7300,0.7700
2079166,sitting,-0.0317,0.0027,1.0204,0.5250,-2.7650,0.8050
2079185,sitting,-0.0307,0.0022,1.0194,0.5250,-2.7300,0.7700
2079205,sitting,-0.0320,0.0020,1.0202,0.5600,-2.7300,0.8050
2079224,sitting,-0.0312,0.0029,1.0194,0.4900,-2.7300,0.8400
2079243,sitting,-0.0317,0.0032,1.0207,0.4900,-2.7300,0.8050
2079262,sitting,-0.0310,0.0020,1.0194,0.5250,-2.6950,0.8050
2079281,sitting,-0.0312,0.0037,1.0187,0.4900,-2.7300,0.8050
2079301,sitting,-0.0315,0.0022,1.0189,0.4900,-2.7300,0.8400
2079320,sitting,-0.0305,0.0020,1.0187,0.4900,-2.7300,0.7700
2079339,sitting,-0.0312,0.0022,1.0194,0.4900,-2.7650,0.8400
2079358,sitting,-0.0315,0.0037,1.0199,0.4900,-2.7300,0.8400
2079378,sitting,-0.0310,0.0027,1.0199,0.5600,-2.7300,0.7700
2079397,sitting,-0.0317,0.0032,1.0197,0.4900,-2.6950,0.8400
2079416,sitting,-0.0322,0.0029,1.0194,0.5250,-2.6950,0.8400
2079435,sitting,-0.0307,0.0022,1.0189,0.5250,-2.6950,0.8050
2079455,sitting,-0.0315,0.0027,1.0199,0.5250,-2.7300,0.8050
2079474,sitting,-0.0310,0.0032,1.0202,0.5250,-2.7300,0.8400
2079493,sitting,-0.0317,0.0032,1.0194,0.5250,-2.7300,0.8400
2079512,sitting,-0.0315,0.0022,1.0202,0.5600,-2.7300,0.8050
2079531,sitting,-0.0315,0.0020,1.0197,0.5600,-2.7300,0.7700
2079551,sitting,-0.0317,0.0024,1.0204,0.4900,-2.7300,0.8050
2079570,sitting,-0.0307,0.0022,1.0197,0.5600,-2.7300,0.8050
2079589,sitting,-0.0312,0.0029,1.0199,0.5600,-2.7300,0.8050
2079608,sitting,-0.0312,0.0022,1.0202,0.5250,-2.7300,0.7700
2079628,sitting,-0.0305,0.0017,1.0209,0.5250,-2.7300,0.8400
2079647,sitting,-0.0317,0.0017,1.0197,0.4900,-2.7650,0.7700
2079666,sitting,-0.0305,0.0037,1.0182,0.4900,-2.7650,0.7700
2079685,sitting,-0.0310,0.0032,1.0202,0.5250,-2.7300,0.8400
2079705,sitting,-0.0310,0.0032,1.0204,0.4900,-2.7650,0.8400
2079724,sitting,-0.0320,0.0027,1.0197,0.4900,-2.7300,0.8050
2079743,sitting,-0.0305,0.0027,1.0192,0.4900,-2.7300,0.7700
2079762,sitting,-0.0310,0.0032,1.0202,0.4900,-2.7300,0.8400
2079781,sitting,-0.0315,0.0024,1.0202,0.4900,-2.7300,0.8400
2079801,sitting,-0.0325,0.0029,1.0194,0.4900,-2.7300,0.7700
2079820,sitting,-0.0320,0.0032,1.0202,0.4900,-2.7300,0.8400
2079839,sitting,-0.0312,0.0037,1.0192,0.4900,-2.7300,0.8400
2079858,sitting,-0.0317,0.0024,1.0189,0.5600,-2.7300,0.8050
2079878,sitting,-0.0322,0.0027,1.0194,0.5600,-2.7300,0.8400
2079897,sitting,-0.0307,0.0027,1.0185,0.4900,-2.7300,0.8400
2079916,sitting,-0.0317,0.0024,1.0197,0.5250,-2.7300,0.8400
2079935,sitting,-0.0322,0.0027,1.0207,0.4900,-2.7300,0.8050
2079955,sitting,-0.0312,0.0022,1.0185,0.5250,-2.7300,0.8400
2079974,sitting,-0.0315,0.0029,1.0189,0.4900,-2.7300,0.8050
2079993,sitting,-0.0310,0.0027,1.0202,0.5250,-2.7300,0.8400
2080012,sitting,-0.0310,0.0027,1.0204,0.5250,-2.7300,0.8050
2080031,sitting,-0.0310,0.0024,1.0207,0.5250,-2.7300,0.8400
2080051,sitting,-0.0312,0.0020,1.0194,0.5250,-2.6950,0.8400
2080070,sitting,-0.0315,0.0029,1.0192,0.4900,-2.7300,0.7700
2080089,sitting,-0.0307,0.0032,1.0202,0.4900,-2.7300,0.8400
2080108,sitting,-0.0320,0.0034,1.0199,0.5250,-2.7300,0.8400
2080128,sitting,-0.0307,0.0032,1.0194,0.5250,-2.7300,0.8400
2080147,sitting,-0.0315,0.0037,1.0192,0.5250,-2.7300,0.8400
2080166,sitting,-0.0325,0.0032,1.0202,0.5250,-2.7300,0.8400
2080185,sitting,-0.0315,0.0027,1.0209,0.5250,-2.7300,0.8400
2080205,sitting,-0.0317,0.0027,1.0197,0.4900,-2.7300,0.8050
2080224,sitting,-0.0312,0.0032,1.0192,0.5600,-2.7300,0.8050
2080243,sitting,-0.0315,0.0029,1.0199,0.4900,-2.7300,0.8400
2080262,sitting,-0.0317,0.0034,1.0192,0.5600,-2.7300,0.8400
2080281,sitting,-0.0325,0.0024,1.0192,0.5250,-2.6950,0.8400
2080301,sitting,-0.0312,0.0022,1.0189,0.5600,-2.7300,0.8050
2080320,sitting,-0.0307,0.0029,1.0202,0.5600,-2.7300,0.8400
2080339,sitting,-0.0312,0.0024,1.0197,0.5600,-2.7300,0.8050
2080358,sitting,-0.0315,0.0027,1.0197,0.5250,-2.7300,0.8050
2080378,sitting,-0.0312,0.0022,1.0207,0.5600,-2.7300,0.7700
2080397,sitting,-0.0315,0.0029,1.0194,0.5250,-2.7300,0.8750
2080416,sitting,-0.0315,0.0032,1.0187,0.5250,-2.7300,0.7700
2080435,sitting,-0.0315,0.0020,1.0199,0.5250,-2.7300,0.7700
2080455,sitting,-0.0315,0.0024,1.0197,0.5250,-2.7300,0.8050
2080474,sitting,-0.0303,0.0024,1.0197,0.4900,-2.7300,0.7700
2080493,sitting,-0.0317,0.0029,1.0199,0.4900,-2.7300,0.8050
2080512,sitting,-0.0315,0.0027,1.0211,0.4900,-2.7300,0.8050
2080531,sitting,-0.0305,0.0024,1.0197,0.4900,-2.7300,0.8400
2080551,sitting,-0.0310,0.0020,1.0189,0.5250,-2.7650,0.7700
2080570,sitting,-0.0300,0.0020,1.0199,0.4900,-2.7300,0.8400
2080589,sitting,-0.0305,0.0022,1.0199,0.4900,-2.7300,0.8400
2080608,sitting,-0.0307,0.0024,1.0202,0.4900,-2.7300,0.8400
2080628,sitting,-0.0315,0.0017,1.0199,0.5250,-2.7300,0.8400
2080647,sitting,-0.0310,0.0020,1.0207,0.4900,-2.7300,0.8400
2080666,sitting,-0.0327,0.0027,1.0197,0.5250,-2.7300,0.7700
2080685,sitting,-0.0317,0.0032,1.0199,0.5600,-2.7650,0.8400
2080705,sitting,-0.0310,0.0020,1.0204,0.5600,-2.7300,0.8400
2080724,sitting,-0.0312,0.0034,1.0204,0.5250,-2.7300,0.8050
2080743,sitting,-0.0310,0.0024,1.0187,0.5600,-2.7300,0.8400
2080762,sitting,-0.0312,0.0027,1.0189,0.5250,-2.6950,0.7700
2080781,sitting,-0.0310,0.0024,1.0199,0.5250,-2.7300,0.8050
2080801,sitting,-0.0315,0.0024,1.0192,0.4900,-2.6950,0.8050
2080820,sitting,-0.0317,0.0029,1.0187,0.5250,-2.7300,0.8050
2080839,sitting,-0.0307,0.0017,1.0197,0.5250,-2.6950,0.8050
2080858,sitting,-0.0310,0.0022,1.0197,0.5250,-2.7300,0.8400
2080878,sitting,-0.0315,0.0022,1.0214,0.4900,-2.7300,0.8400
2080897,sitting,-0.0307,0.0034,1.0192,0.5250,-2.7300,0.8400
2080916,sitting,-0.0310,0.0034,1.0192,0.4900,-2.7300,0.8050
2080935,sitting,-0.0317,0.0029,1.0202,0.4900,-2.7300,0.8400
2080955,sitting,-0.0310,0.0024,1.0189,0.5250,-2.7300,0.8400
2080974,sitting,-0.0312,0.0027,1.0199,0.5250,-2.7300,0.8400
2080993,sitting,-0.0307,0.0027,1.0192,0.4900,-2.7300,0.8050
2081012,sitting,-0.0310,0.0032,1.0187,0.4900,-2.7300,0.8050
2081031,sitting,-0.0315,0.0024,1.0194,0.5600,-2.7300,0.7700
2081051,sitting,-0.0320,0.0024,1.0209,0.5600,-2.7300,0.8400
2081070,sitting,-0.0320,0.0027,1.0202,0.5250,-2.7300,0.8400
2081089,sitting,-0.0312,0.0029,1.0194,0.5250,-2.7300,0.8400
2081108,sitting,-0.0300,0.0024,1.0189,0.5250,-2.7300,0.8400
2081128,sitting,-0.0312,0.0027,1.0194,0.4900,-2.6950,0.8050
2081147,sitting,-0.0315,0.0024,1.0192,0.5600,-2.7300,0.7700
2081166,sitting,-0.0305,0.0024,1.0199,0.5600,-2.7300,0.8400
2081185,sitting,-0.0310,0.0022,1.0192,0.5600,-2.7300,0.7700
2081205,sitting,-0.0312,0.0024,1.0194,0.5600,-2.7300,0.8050
2081224,sitting,-0.0310,0.0029,1.0199,0.4900,-2.7300,0.8400
2081243,sitting,-0.0310,0.0029,1.0204,0.4900,-2.7300,0.8400
2081262,sitting,-0.0305,0.0032,1.0199,0.5250,-2.7300,0.7700
2081281,sitting,-0.0298,0.0024,1.0192,0.5250,-2.6950,0.8400
2081301,sitting,-0.0312,0.0029,1.0197,0.5600,-2.7300,0.8050
2081320,sitting,-0.0317,0.0017,1.0199,0.5600,-2.7300,0.8400
2081339,sitting,-0.0305,0.0020,1.0202,0.5250,-2.7300,0.8400
2081358,sitting,-0.0317,0.0022,1.0197,0.4900,-2.7300,0.8400
2081378,sitting,-0.0298,0.0032,1.0194,0.4900,-2.7300,0.8400
2081397,sitting,-0.0307,0.0032,1.0187,0.5250,-2.7300,0.8750
2081416,sitting,-0.0312,0.0024,1.0197,0.4900,-2.7300,0.8400
2081435,sitting,-0.0312,0.0027,1.0187,0.4900,-2.7300,0.8400
2081455,sitting,-0.0310,0.0029,1.0192,0.5250,-2.7300,0.8400
2081474,sitting,-0.0315,0.0032,1.0185,0.4900,-2.7300,0.8400
2081493,sitting,-0.0317,0.0032,1.0192,0.5250,-2.7300,0.8400
2081512,sitting,-0.0317,0.0024,1.0202,0.5600,-2.7300,0.8050
2081531,sitting,-0.0322,0.0027,1.0199,0.5250,-2.7300,0.8050
2081551,sitting,-0.0312,0.0024,1.0202,0.5600,-2.7300,0.8400
2081570,sitting,-0.0320,0.0032,1.0189,0.5600,-2.7300,0.8400
2081589,sitting,-0.0317,0.0027,1.0202,0.4900,-2.7300,0.8400
2081608,sitting,-0.0322,0.0022,1.0199,0.4900,-2.7300,0.7700
2081628,sitting,-0.0307,0.0029,1.0194,0.4900,-2.7300,0.8050
2081647,sitting,-0.0310,0.0024,1.0197,0.5250,-2.7300,0.8400
2081666,sitting,-0.0310,0.0024,1.0199,0.5600,-2.7300,0.7700
2081685,sitting,-0.0303,0.0024,1.0189,0.4900,-2.7300,0.8400
2081705,sitting,-0.0320,0.0022,1.0194,0.5600,-2.7300,0.8050
2081724,sitting,-0.0317,0.0024,1.0204,0.4900,-2.7300,0.8050
2081743,sitting,-0.0305,0.0024,1.0202,0.4900,-2.7300,0.8400
2081762,sitting,-0.0310,0.0020,1.0192,0.4900,-2.7300,0.8400
2081781,sitting,-0.0300,0.0024,1.0192,0.4900,-2.7300,0.8400
2081801,sitting,-0.0312,0.0017,1.0185,0.5600,-2.7300,0.8400
2081820,sitting,-0.0329,0.0027,1.0199,0.5250,-2.7300,0.8400
2081839,sitting,-0.0325,0.0022,1.0192,0.4900,-2.7300,0.8400
2081858,sitting,-0.0305,0.0027,1.0187,0.4900,-2.7300,0.8050
2081878,sitting,-0.0305,0.0022,1.0192,0.4550,-2.7300,0.8400
2081897,sitting,-0.0307,0.0022,1.0189,0.4900,-2.7650,0.8050
2081916,sitting,-0.0310,0.0020,1.0199,0.5250,-2.7300,0.8400
2081935,sitting,-0.0307,0.0017,1.0197,0.5250,-2.7300,0.8400
2081955,sitting,-0.0303,0.0029,1.0202,0.4900,-2.7300,0.8050
2081974,sitting,-0.0310,0.0029,1.0199,0.5600,-2.7300,0.8400
2081993,sitting,-0.0325,0.0024,1.0192,0.4900,-2.7300,0.8400
2082012,sitting,-0.0307,0.0027,1.0194,0.4900,-2.7300,0.7700
2082031,sitting,-0.0312,0.0029,1.0192,0.4900,-2.7300,0.8050
2082051,sitting,-0.0312,0.0017,1.0187,0.5600,-2.7300,0.8400
2082070,sitting,-0.0305,0.0029,1.0187,0.4900,-2.7300,0.7700
2082089,sitting,-0.0300,0.0039,1.0199,0.5600,-2.7300,0.8050
2082108,sitting,-0.0307,0.0024,1.0192,0.5250,-2.7300,0.8050
2082128,sitting,-0.0312,0.0024,1.0194,0.5250,-2.7300,0.8050
2082147,sitting,-0.0298,0.0029,1.0194,0.4900,-2.7300,0.8400
2082166,sitting,-0.0315,0.0020,1.0194,0.4900,-2.7300,0.7700
2082185,sitting,-0.0320,0.0027,1.0192,0.5250,-2.7300,0.8050
2082205,sitting,-0.0325,0.0022,1.0211,0.5250,-2.7300,0.8050
2082224,sitting,-0.0317,0.0020,1.0207,0.4550,-2.7300,0.8400
2082243,sitting,-0.0310,0.0022,1.0204,0.5250,-2.7300,0.8050
2082262,sitting,-0.0310,0.0027,1.0187,0.4550,-2.7300,0.8400
2082281,sitting,-0.0317,0.0022,1.0197,0.4900,-2.7300,0.8400
2082301,sitting,-0.0310,0.0027,1.0192,0.5250,-2.7300,0.8400
2082320,sitting,-0.0317,0.0017,1.0199,0.5250,-2.7300,0.7700
2082339,sitting,-0.0322,0.0022,1.0192,0.5600,-2.6950,0.8400
2082358,sitting,-0.0307,0.0017,1.0199,0.5600,-2.7300,0.8050
2082378,sitting,-0.0307,0.0024,1.0197,0.5250,-2.7300,0.7700
2082397,sitting,-0.0310,0.0027,1.0192,0.5250,-2.6950,0.8050
2082416,sitting,-0.0310,0.0024,1.0202,0.5250,-2.7300,0.8050
2082435,sitting,-0.0307,0.0024,1.0202,0.5600,-2.7300,0.8400
2082455,sitting,-0.0300,0.0022,1.0199,0.5600,-2.7300,0.8400
2082474,sitting,-0.0307,0.0017,1.0197,0.5600,-2.7300,0.7700
2082493,sitting,-0.0312,0.0012,1.0199,0.5600,-2.7300,0.8400
2082512,sitting,-0.0317,0.0015,1.0199,0.4900,-2.7650,0.7700
2082531,sitting,-0.0312,0.0015,1.0202,0.4900,-2.7300,0.8050
2082551,sitting,-0.0310,0.0022,1.0204,0.5250,-2.7300,0.7700
2082570,sitting,-0.0298,0.0024,1.0192,0.5250,-2.7300,0.8400
2082589,sitting,-0.0315,0.0029,1.0194,0.4900,-2.7300,0.8400
2082608,sitting,-0.0307,0.0022,1.0189,0.4900,-2.7300,0.8400
2082628,sitting,-0.0303,0.0020,1.0189,0.5250,-2.7300,0.8400
2082647,sitting,-0.0305,0.0020,1.0199,0.4900,-2.7300,0.8400
2082666,sitting,-0.0315,0.0027,1.0202,0.4900,-2.7300,0.8050
2082685,sitting,-0.0307,0.0029,1.0197,0.4900,-2.7300,0.8400
2082705,sitting,-0.0300,0.0029,1.0199,0.5250,-2.7300,0.8050
2082724,sitting,-0.0310,0.0020,1.0204,0.4900,-2.7300,0.8400
2082743,sitting,-0.0310,0.0027,1.0194,0.5600,-2.7300,0.8400
2082762,sitting,-0.0315,0.0017,1.0189,0.5250,-2.7300,0.8400
2082781,sitting,-0.0315,0.0020,1.0192,0.5600,-2.7300,0.8400
2082801,sitting,-0.0305,0.0017,1.0189,0.5600,-2.6950,0.7700
2082820,sitting,-0.0307,0.0027,1.0189,0.5600,-2.7300,0.8400
2082839,sitting,-0.0315,0.0029,1.0189,0.5250,-2.6950,0.8400
2082858,sitting,-0.0310,0.0024,1.0202,0.4900,-2.7300,0.8400
2082878,sitting,-0.0310,0.0015,1.0199,0.4900,-2.7300,0.8050
2082897,sitting,-0.0307,0.0024,1.0204,0.5250,-2.7300,0.8400
2082916,sitting,-0.0312,0.0029,1.0194,0.5250,-2.7300,0.8050
2082935,sitting,-0.0307,0.0027,1.0209,0.4900,-2.7300,0.7700
2082955,sitting,-0.0315,0.0024,1.0202,0.4900,-2.7300,0.7700
2082974,sitting,-0.0315,0.0034,1.0192,0.4900,-2.7300,0.8400
2082993,sitting,-0.0310,0.0032,1.0199,0.4900,-2.7300,0.8050
2083012,sitting,-0.0312,0.0020,1.0204,0.4900,-2.7300,0.8400
2083031,sitting,-0.0307,0.0032,1.0202,0.4900,-2.7300,0.8400
2083051,sitting,-0.0307,0.0024,1.0197,0.5250,-2.7300,0.8050
2083070,sitting,-0.0307,0.0022,1.0199,0.5250,-2.7300,0.8050
2083089,sitting,-0.0317,0.0020,1.0204,0.5250,-2.7300,0.8050
2083108,sitting,-0.0298,0.0022,1.0199,0.4900,-2.7300,0.8050
2083128,sitting,-0.0295,0.0022,1.0192,0.4900,-2.7300,0.8400
2083147,sitting,-0.0310,0.0020,1.0192,0.4900,-2.7650,0.8400
2083166,sitting,-0.0312,0.0027,1.0204,0.4900,-2.7300,0.8400
2083185,sitting,-0.0312,0.0015,1.0192,0.5250,-2.7300,0.8050
2083205,sitting,-0.0312,0.0017,1.0185,0.5250,-2.7300,0.8400
2083224,sitting,-0.0310,0.0022,1.0202,0.4900,-2.7300,0.8400
2083243,sitting,-0.0305,0.0037,1.0194,0.5250,-2.7300,0.8050
2083262,sitting,-0.0310,0.0022,1.0209,0.4900,-2.7300,0.8400
2083281,sitting,-0.0312,0.0022,1.0199,0.5600,-2.7650,0.8400
2083301,sitting,-0.0310,0.0022,1.0194,0.5250,-2.7300,0.8050
2083320,sitting,-0.0300,0.0022,1.0197,0.5600,-2.7300,0.8050
2083339,sitting,-0.0305,0.0022,1.0192,0.5250,-2.7300,0.8050
2083358,sitting,-0.0310,0.0020,1.0194,0.5600,-2.7300,0.8050
2083378,sitting,-0.0312,0.0020,1.0197,0.4900,-2.7300,0.8400
2083397,sitting,-0.0310,0.0022,1.0194,0.4900,-2.7300,0.8050
2083416,sitting,-0.0303,0.0027,1.0197,0.5250,-2.7300,0.8400
2083435,sitting,-0.0307,0.0027,1.0192,0.5250,-2.7300,0.8050
2083455,sitting,-0.0310,0.0020,1.0194,0.4900,-2.7300,0.8400
2083474,sitting,-0.0322,0.0027,1.0197,0.5250,-2.7300,0.8050
2083493,sitting,-0.0310,0.0039,1.0185,0.5250,-2.7300,0.8400
2083512,sitting,-0.0303,0.0039,1.0189,0.4900,-2.7300,0.8400
2083531,sitting,-0.0310,0.0032,1.0194,0.4900,-2.7300,0.8400
2083551,sitting,-0.0320,0.0032,1.0202,0.4900,-2.7300,0.8050
2083570,sitting,-0.0305,0.0020,1.0189,0.5600,-2.7300,0.8050
2083589,sitting,-0.0312,0.0022,1.0192,0.5250,-2.6950,0.7700
2083608,sitting,-0.0312,0.0024,1.0187,0.4900,-2.6950,0.7700
2083628,sitting,-0.0305,0.0022,1.0192,0.5250,-2.7300,0.8400
2083647,sitting,-0.0317,0.0027,1.0189,0.5250,-2.6950,0.8050
2083666,sitting,-0.0310,0.0024,1.0189,0.4900,-2.7300,0.8400
2083685,sitting,-0.0312,0.0024,1.0199,0.5250,-2.7300,0.7700
2083705,sitting,-0.0305,0.0032,1.0194,0.5600,-2.7300,0.7700
2083724,sitting,-0.0312,0.0012,1.0194,0.5250,-2.7300,0.7700
2083743,sitting,-0.0307,0.0020,1.0197,0.5250,-2.7300,0.8400
2083762,sitting,-0.0315,0.0020,1.0189,0.4900,-2.7300,0.8400
2083781,sitting,-0.0317,0.0029,1.0189,0.4900,-2.7300,0.8400
2083801,sitting,-0.0315,0.0027,1.0197,0.5600,-2.7300,0.8400
2083820,sitting,-0.0312,0.0022,1.0199,0.5250,-2.7300,0.8050
2083839,sitting,-0.0310,0.0020,1.0194,0.5250,-2.7300,0.8400
2083858,sitting,-0.0310,0.0027,1.0197,0.5250,-2.7300,0.8050
2083878,sitting,-0.0312,0.0020,1.0192,0.4900,-2.7300,0.8400
2083897,sitting,-0.0317,0.0020,1.0197,0.4900,-2.7300,0.8400
2083916,sitting,-0.0298,0.0024,1.0202,0.4900,-2.6950,0.8400
2083935,sitting,-0.0303,0.0029,1.0194,0.4900,-2.7300,0.7700
2083955,sitting,-0.0307,0.0037,1.0202,0.4900,-2.7300,0.8050
2083974,sitting,-0.0307,0.0027,1.0204,0.4900,-2.7300,0.7700
2083993,sitting,-0.0307,0.0022,1.0187,0.5600,-2.7300,0.8400
2084012,sitting,-0.0310,0.0022,1.0185,0.4900,-2.7300,0.8050
2084031,sitting,-0.0303,0.0022,1.0192,0.5250,-2.7300,0.8400
2084051,sitting,-0.0307,0.0022,1.0189,0.5600,-2.7300,0.8400
2084070,sitting,-0.0305,0.0015,1.0194,0.5250,-2.7300,0.8050
2084089,sitting,-0.0300,0.0029,1.0185,0.5600,-2.7300,0.8400
2084108,sitting,-0.0300,0.0022,1.0194,0.5250,-2.7300,0.8400
2084128,sitting,-0.0310,0.0017,1.0199,0.5250,-2.7300,0.8050
2084147,sitting,-0.0303,0.0024,1.0182,0.5250,-2.7300,0.8050
2084166,sitting,-0.0300,0.0027,1.0199,0.4900,-2.6950,0.8050
2084185,sitting,-0.0300,0.0020,1.0197,0.5250,-2.6950,0.8050
2084205,sitting,-0.0305,0.0027,1.0182,0.4900,-2.7300,0.8050
2084224,sitting,-0.0305,0.0022,1.0189,0.5600,-2.7300,0.8050
2084243,sitting,-0.0307,0.0022,1.0199,0.5250,-2.7650,0.7700
2084262,sitting,-0.0312,0.0017,1.0199,0.4900,-2.6950,0.8400
2084281,sitting,-0.0310,0.0027,1.0192,0.5250,-2.7300,0.8050
2084301,sitting,-0.0320,0.0022,1.0204,0.4900,-2.7300,0.8400
2084320,sitting,-0.0317,0.0029,1.0192,0.4900,-2.6950,0.8400
2084339,sitting,-0.0303,0.0020,1.0189,0.4900,-2.6950,0.8400
2084358,sitting,-0.0312,0.0015,1.0199,0.4900,-2.6950,0.8050
2084378,sitting,-0.0310,0.0022,1.0194,0.5250,-2.7300,0.8400
2084397,sitting,-0.0305,0.0022,1.0189,0.4900,-2.7300,0.8400
2084416,sitting,-0.0307,0.0017,1.0187,0.5250,-2.7300,0.8400
2084435,sitting,-0.0298,0.0020,1.0182,0.5250,-2.7300,0.8400
2084455,sitting,-0.0305,0.0022,1.0199,0.5250,-2.7300,0.8400
2084474,sitting,-0.0312,0.0024,1.0202,0.5250,-2.7300,0.8400
2084493,sitting,-0.0312,0.0022,1.0194,0.5250,-2.7300,0.7700
2084512,sitting,-0.0312,0.0020,1.0197,0.5600,-2.7300,0.8400
2084531,sitting,-0.0307,0.0012,1.0194,0.4900,-2.7300,0.8050
2084551,sitting,-0.0312,0.0017,1.0194,0.5600,-2.7300,0.8400
2084570,sitting,-0.0310,0.0024,1.0194,0.5250,-2.7300,0.8400
2084589,sitting,-0.0312,0.0022,1.0187,0.5600,-2.7650,0.8050
2084608,sitting,-0.0315,0.0034,1.0197,0.5250,-2.7300,0.7700
2084628,sitting,-0.0312,0.0029,1.0192,0.5250,-2.7300,0.8400
2084647,sitting,-0.0315,0.0020,1.0189,0.4900,-2.7300,0.8050
2084666,sitting,-0.0315,0.0022,1.0202,0.5600,-2.7300,0.8400
2084685,sitting,-0.0305,0.0037,1.0194,0.4900,-2.7300,0.8400
2084705,sitting,-0.0303,0.0029,1.0185,0.4900,-2.7300,0.8400
2084724,sitting,-0.0312,0.0029,1.0189,0.4900,-2.7300,0.8400
2084743,sitting,-0.0315,0.0017,1.0185,0.4900,-2.7300,0.8400
2084762,sitting,-0.0312,0.0027,1.0192,0.4900,-2.7300,0.7700
2084781,sitting,-0.0305,0.0024,1.0199,0.4900,-2.7300,0.8050
2084801,sitting,-0.0303,0.0029,1.0197,0.4900,-2.7300,0.8050
2084820,sitting,-0.0312,0.0017,1.0192,0.4900,-2.7300,0.8400
2084839,sitting,-0.0303,0.0020,1.0199,0.4900,-2.7300,0.8050
2084858,sitting,-0.0305,0.0027,1.0177,0.5600,-2.6950,0.7700
2084878,sitting,-0.0315,0.0022,1.0202,0.5250,-2.7300,0.8400
2084897,sitting,-0.0315,0.0020,1.0197,0.5250,-2.7300,0.8400
2084916,sitting,-0.0310,0.0024,1.0202,0.5600,-2.7300,0.7700
2084935,sitting,-0.0310,0.0022,1.0194,0.5250,-2.7300,0.7700
2084955,sitting,-0.0312,0.0024,1.0202,0.5600,-2.7300,0.8400
2084974,sitting,-0.0305,0.0027,1.0189,0.5250,-2.7300,0.8050
2084993,sitting,-0.0300,0.0024,1.0187,0.5600,-2.7300,0.8400
2085012,sitting,-0.0320,0.0024,1.0194,0.5600,-2.7300,0.7700
2085031,sitting,-0.0317,0.0022,1.0202,0.5600,-2.7300,0.8050
2085051,sitting,-0.0305,0.0022,1.0197,0.5250,-2.7300,0.8400
2085070,sitting,-0.0315,0.0024,1.0187,0.5250,-2.7300,0.8050
2085089,sitting,-0.0310,0.0029,1.0187,0.5600,-2.6950,0.8050
2085108,sitting,-0.0307,0.0012,1.0194,0.5600,-2.7300,0.8050
2085128,sitting,-0.0312,0.0015,1.0192,0.4900,-2.7300,0.8400
2085147,sitting,-0.0310,0.0020,1.0197,0.5250,-2.7300,0.8400
2085166,sitting,-0.0312,0.0034,1.0187,0.4900,-2.7300,0.8400
2085185,sitting,-0.0310,0.0029,1.0194,0.4900,-2.7300,0.8050
2085205,sitting,-0.0303,0.0027,1.0207,0.5250,-2.7300,0.8400
2085224,sitting,-0.0305,0.0020,1.0197,0.4900,-2.7300,0.8400
2085243,sitting,-0.0310,0.0022,1.0192,0.4900,-2.7300,0.8400
2085262,sitting,-0.0305,0.0032,1.0192,0.5250,-2.7300,0.8050
2085281,sitting,-0.0305,0.0017,1.0192,0.5250,-2.7300,0.8400
2085301,sitting,-0.0307,0.0017,1.0187,0.5600,-2.7300,0.8400
2085320,sitting,-0.0298,0.0012,1.0192,0.4900,-2.7300,0.8050
2085339,sitting,-0.0310,0.0020,1.0197,0.5600,-2.7300,0.7700
2085358,sitting,-0.0310,0.0029,1.0187,0.5250,-2.7300,0.8050
2085378,sitting,-0.0305,0.0039,1.0194,0.5250,-2.7300,0.8050
2085397,sitting,-0.0305,0.0034,1.0209,0.5600,-2.7300,0.8050
2085416,sitting,-0.0310,0.0024,1.0202,0.5250,-2.7650,0.7700
2085435,sitting,-0.0300,0.0029,1.0194,0.4900,-2.6950,0.8400
2085455,sitting,-0.0298,0.0020,1.0197,0.5250,-2.7300,0.8400
2085474,sitting,-0.0307,0.0027,1.0192,0.5600,-2.6950,0.7700
2085493,sitting,-0.0312,0.0039,1.0202,0.4900,-2.7300,0.8050
2085512,sitting,-0.0303,0.0027,1.0189,0.4900,-2.7300,0.8050
2085531,sitting,-0.0307,0.0029,1.0189,0.4900,-2.7300,0.8050
2085551,sitting,-0.0310,0.0027,1.0192,0.5600,-2.7300,0.8400
2085570,sitting,-0.0312,0.0022,1.0197,0.4900,-2.7300,0.8400
2085589,sitting,-0.0307,0.0022,1.0204,0.4900,-2.7650,0.8400
2085608,sitting,-0.0312,0.0017,1.0194,0.4900,-2.7300,0.8050
2085628,sitting,-0.0307,0.0027,1.0207,0.4900,-2.7300,0.8050
2085647,sitting,-0.0303,0.0027,1.0207,0.5250,-2.7300,0.8400
2085666,sitting,-0.0298,0.0022,1.0197,0.4900,-2.7300,0.8400
2085685,sitting,-0.0307,0.0020,1.0194,0.4900,-2.7300,0.8400
2085705,sitting,-0.0307,0.0017,1.0197,0.5600,-2.7300,0.8400
2085724,sitting,-0.0300,0.0032,1.0197,0.5600,-2.6600,0.8400
2085743,sitting,-0.0300,0.0032,1.0194,0.5250,-2.7300,0.8050
2085762,sitting,-0.0307,0.0029,1.0189,0.4900,-2.7300,0.8050
2085781,sitting,-0.0317,0.0024,1.0187,0.5250,-2.7300,0.8400
2085801,sitting,-0.0320,0.0027,1.0199,0.4900,-2.7300,0.8400
2085820,sitting,-0.0322,0.0020,1.0199,0.4900,-2.7300,0.8400
2085839,sitting,-0.0300,0.0017,1.0192,0.5250,-2.7300,0.7700
2085858,sitting,-0.0300,0.0029,1.0197,0.5600,-2.7300,0.8050
2085878,sitting,-0.0305,0.0020,1.0197,0.5600,-2.6950,0.8400
2085897,sitting,-0.0300,0.0020,1.0202,0.5250,-2.7300,0.8400
2085916,sitting,-0.0307,0.0020,1.0194,0.4900,-2.7300,0.8400
2085935,sitting,-0.0303,0.0012,1.0185,0.5250,-2.7300,0.7700
2085955,sitting,-0.0303,0.0022,1.0194,0.5250,-2.7300,0.8400
2085974,sitting,-0.0310,0.0024,1.0189,0.5250,-2.7300,0.8400
2085993,sitting,-0.0312,0.0024,1.0204,0.5250,-2.7650,0.8050
2086012,sitting,-0.0315,0.0020,1.0202,0.4900,-2.6950,0.8050
2086031,sitting,-0.0305,0.0024,1.0192,0.5250,-2.7300,0.8400
2086051,sitting,-0.0312,0.0029,1.0199,0.5250,-2.7300,0.8400
2086070,sitting,-0.0300,0.0024,1.0202,0.5250,-2.7300,0.8400
2086089,sitting,-0.0303,0.0024,1.0194,0.5250,-2.7300,0.8050
2086108,sitting,-0.0307,0.0027,1.0207,0.4900,-2.7300,0.8400
2086128,sitting,-0.0305,0.0024,1.0199,0.5600,-2.7300,0.8050
2086147,sitting,-0.0305,0.0017,1.0189,0.5600,-2.7300,0.8050
2086166,sitting,-0.0307,0.0012,1.0192,0.5600,-2.7300,0.8400
2086185,sitting,-0.0300,0.0027,1.0197,0.5600,-2.7300,0.8050
2086205,sitting,-0.0303,0.0022,1.0202,0.5250,-2.7300,0.7700
2086224,sitting,-0.0307,0.0029,1.0185,0.5600,-2.7300,0.8400
2086243,sitting,-0.0312,0.0027,1.0192,0.5250,-2.7300,0.7700
2086262,sitting,-0.0312,0.0020,1.0185,0.5600,-2.7300,0.8050
2086281,sitting,-0.0305,0.0024,1.0197,0.5250,-2.7300,0.8400
2086301,sitting,-0.0315,0.0012,1.0194,0.4900,-2.7300,0.8400
2086320,sitting,-0.0307,0.0020,1.0197,0.4900,-2.7300,0.8050
2086339,sitting,-0.0312,0.0032,1.0192,0.5250,-2.7300,0.8400
2086358,sitting,-0.0310,0.0022,1.0192,0.4900,-2.7300,0.8050
2086378,sitting,-0.0310,0.0032,1.0189,0.5600,-2.7300,0.8400
2086397,sitting,-0.0307,0.0022,1.0192,0.4900,-2.7300,0.8050
2086416,sitting,-0.0307,0.0032,1.0194,0.4900,-2.7300,0.8400
2086435,sitting,-0.0310,0.0027,1.0189,0.5250,-2.7300,0.8400
2086455,sitting,-0.0315,0.0022,1.0199,0.4900,-2.7300,0.8400
2086474,sitting,-0.0315,0.0022,1.0197,0.5250,-2.6950,0.8050
2086493,sitting,-0.0310,0.0027,1.0204,0.5600,-2.7300,0.8400
2086512,sitting,-0.0303,0.0027,1.0189,0.4900,-2.7300,0.8400
2086531,sitting,-0.0300,0.0037,1.0197,0.5600,-2.7300,0.8400
2086551,sitting,-0.0305,0.0020,1.0199,0.5250,-2.7300,0.8400
2086570,sitting,-0.0303,0.0015,1.0202,0.5600,-2.7300,0.7700
2086589,sitting,-0.0300,0.0024,1.0194,0.5250,-2.7300,0.8400
2086608,sitting,-0.0298,0.0032,1.0199,0.5600,-2.6950,0.8050
2086628,sitting,-0.0300,0.0027,1.0199,0.4900,-2.7300,0.8050
2086647,sitting,-0.0312,0.0017,1.0187,0.5600,-2.7300,0.8050
2086666,sitting,-0.0310,0.0020,1.0187,0.5600,-2.7300,0.8400
2086685,sitting,-0.0310,0.0022,1.0192,0.5250,-2.7300,0.8400
2086705,sitting,-0.0310,0.0022,1.0194,0.5250,-2.7300,0.8400
2086724,sitting,-0.0312,0.0024,1.0192,0.5600,-2.7300,0.8400
2086743,sitting,-0.0312,0.0024,1.0194,0.5250,-2.7300,0.7700
2086762,sitting,-0.0303,0.0020,1.0192,0.4900,-2.7650,0.8400
2086781,sitting,-0.0310,0.0024,1.0192,0.4900,-2.7300,0.8400
2086801,sitting,-0.0305,0.0034,1.0185,0.4900,-2.7300,0.8400
2086820,sitting,-0.0303,0.0024,1.0189,0.4900,-2.7300,0.8400
2086839,sitting,-0.0310,0.0024,1.0199,0.4900,-2.7300,0.8400
2086858,sitting,-0.0315,0.0015,1.0192,0.4900,-2.7300,0.7700
2086878,sitting,-0.0312,0.0020,1.0204,0.5250,-2.7300,0.8050
2086897,sitting,-0.0303,0.0024,1.0197,0.4900,-2.7300,0.8400
2086916,sitting,-0.0312,0.0020,1.0187,0.5250,-2.7300,0.8400
2086935,sitting,-0.0312,0.0034,1.0194,0.4900,-2.7300,0.8400
2086955,sitting,-0.0312,0.0017,1.0192,0.5600,-2.7300,0.7700
2086974,sitting,-0.0312,0.0020,1.0187,0.5250,-2.7300,0.8400
2086993,sitting,-0.0317,0.0022,1.0207,0.5250,-2.7650,0.8050
2087012,sitting,-0.0315,0.0020,1.0192,0.4900,-2.7300,0.7700
2087031,sitting,-0.0317,0.0017,1.0194,0.5250,-2.7300,0.8050
2087051,sitting,-0.0305,0.0020,1.0202,0.5250,-2.6950,0.7700
2087070,sitting,-0.0303,0.0024,1.0199,0.5250,-2.7300,0.8050
2087089,sitting,-0.0310,0.0022,1.0187,0.5600,-2.7300,0.8050
2087108,sitting,-0.0312,0.0022,1.0194,0.5250,-2.7300,0.8050
2087128,sitting,-0.0315,0.0020,1.0197,0.5600,-2.7300,0.7700
2087147,sitting,-0.0312,0.0022,1.0197,0.5250,-2.7300,0.8400
2087166,sitting,-0.0298,0.0020,1.0189,0.4900,-2.7300,0.8050
2087185,sitting,-0.0300,0.0022,1.0189,0.4900,-2.7650,0.8400
2087205,sitting,-0.0305,0.0027,1.0207,0.4900,-2.7300,0.8400
2087224,sitting,-0.0300,0.0024,1.0194,0.5250,-2.7300,0.8400
2087243,sitting,-0.0300,0.0017,1.0187,0.4550,-2.7300,0.7700
2087262,sitting,-0.0303,0.0017,1.0192,0.4550,-2.7300,0.8400
2087281,sitting,-0.0312,0.0024,1.0199,0.4900,-2.7300,0.8400
2087301,sitting,-0.0307,0.0022,1.0192,0.5250,-2.7300,0.7700
2087320,sitting,-0.0303,0.0020,1.0199,0.4900,-2.7300,0.8050
2087339,sitting,-0.0307,0.0027,1.0192,0.4900,-2.7300,0.8050
2087358,sitting,-0.0305,0.0017,1.0204,0.5600,-2.7300,0.8400
2087378,sitting,-0.0307,0.0022,1.0197,0.5250,-2.7300,0.8050
2087397,sitting,-0.0303,0.0022,1.0187,0.4900,-2.7300,0.8400
2087416,sitting,-0.0303,0.0029,1.0192,0.5250,-2.7300,0.8400
2087435,sitting,-0.0310,0.0024,1.0189,0.5600,-2.7300,0.8050
2087455,sitting,-0.0312,0.0020,1.0194,0.4900,-2.7300,0.7700
2087474,sitting,-0.0312,0.0017,1.0197,0.5250,-2.7300,0.7700
2087493,sitting,-0.0307,0.0024,1.0194,0.4900,-2.7300,0.7700
2087512,sitting,-0.0315,0.0022,1.0197,0.5250,-2.7300,0.8050
2087531,sitting,-0.0303,0.0024,1.0189,0.4900,-2.7300,0.7700
2087551,sitting,-0.0305,0.0027,1.0192,0.5600,-2.7300,0.8050
2087570,sitting,-0.0300,0.0022,1.0204,0.5600,-2.7300,0.8050
2087589,sitting,-0.0295,0.0015,1.0192,0.5600,-2.7300,0.8400
2087608,sitting,-0.0300,0.0015,1.0192,0.4900,-2.7300,0.8400
2087628,sitting,-0.0298,0.0022,1.0202,0.4900,-2.7300,0.8400
2087647,sitting,-0.0305,0.0027,1.0197,0.5250,-2.7300,0.8400
2087666,sitting,-0.0305,0.0022,1.0189,0.4900,-2.7300,0.8400
2087685,sitting,-0.0315,0.0029,1.0192,0.4900,-2.6950,0.8400
2087705,sitting,-0.0303,0.0024,1.0207,0.4900,-2.6600,0.8400
2087724,sitting,-0.0290,0.0027,1.0194,0.4900,-2.7300,0.7700
2087743,sitting,-0.0300,0.0034,1.0199,0.4900,-2.7300,0.8400
2087762,sitting,-0.0305,0.0020,1.0199,0.4900,-2.7300,0.8400
2087781,sitting,-0.0303,0.0017,1.0192,0.5600,-2.7300,0.8400
2087801,sitting,-0.0312,0.0015,1.0194,0.5600,-2.6600,0.8050
2087820,sitting,-0.0305,0.0027,1.0192,0.4900,-2.7300,0.8400
2087839,sitting,-0.0303,0.0029,1.0192,0.5250,-2.7300,0.7700
2087858,sitting,-0.0300,0.0027,1.0192,0.5250,-2.7300,0.8400
2087878,sitting,-0.0303,0.0034,1.0197,0.4900,-2.7300,0.8050
2087897,sitting,-0.0310,0.0029,1.0197,0.5250,-2.7300,0.8050
2087916,sitting,-0.0305,0.0022,1.0192,0.5600,-2.7300,0.8050
2087935,sitting,-0.0305,0.0015,1.0199,0.4900,-2.7300,0.8400
2087955,sitting,-0.0295,0.0017,1.0189,0.4900,-2.7300,0.8400
2087974,sitting,-0.0307,0.0024,1.0197,0.5600,-2.7300,0.8050
2087993,sitting,-0.0315,0.0024,1.0197,0.4900,-2.7300,0.8400
2088012,sitting,-0.0303,0.0022,1.0194,0.5600,-2.7300,0.8400
2088031,sitting,-0.0300,0.0029,1.0194,0.5600,-2.7300,0.8400
2088051,sitting,-0.0315,0.0022,1.0189,0.5250,-2.7300,0.8050
2088070,sitting,-0.0312,0.0024,1.0209,0.5250,-2.7650,0.8050
2088089,sitting,-0.0312,0.0017,1.0199,0.4900,-2.7300,0.8050
2088108,sitting,-0.0312,0.0027,1.0199,0.5250,-2.7300,0.8400
2088128,sitting,-0.0310,0.0022,1.0207,0.5250,-2.7300,0.8400
2088147,sitting,-0.0305,0.0020,1.0197,0.4900,-2.7300,0.8050
2088166,sitting,-0.0303,0.0022,1.0202,0.4900,-2.6950,0.8400
2088185,sitting,-0.0295,0.0017,1.0197,0.4900,-2.7300,0.8400
2088205,sitting,-0.0307,0.0020,1.0204,0.5250,-2.6950,0.8400
2088224,sitting,-0.0310,0.0024,1.0207,0.4900,-2.7300,0.8400
2088243,sitting,-0.0305,0.0027,1.0202,0.5250,-2.7300,0.8400
2088262,sitting,-0.0285,0.0022,1.0197,0.5250,-2.6950,0.8400
2088281,sitting,-0.0300,0.0015,1.0204,0.5250,-2.7300,0.8050
2088301,sitting,-0.0303,0.0015,1.0187,0.5250,-2.7300,0.8400
2088320,sitting,-0.0298,0.0024,1.0187,0.5600,-2.7300,0.7700
2088339,sitting,-0.0307,0.0024,1.0197,0.5250,-2.7300,0.8050
2088358,sitting,-0.0303,0.0022,1.0192,0.4900,-2.7300,0.8400
2088378,sitting,-0.0310,0.0022,1.0197,0.5250,-2.7300,0.8400
2088397,sitting,-0.0310,0.0022,1.0199,0.4900,-2.7300,0.7700
2088416,sitting,-0.0312,0.0022,1.0204,0.5600,-2.7300,0.7700
2088435,sitting,-0.0300,0.0012,1.0192,0.5600,-2.7300,0.8050
2088455,sitting,-0.0315,0.0015,1.0189,0.4900,-2.6950,0.8050
2088474,sitting,-0.0303,0.0020,1.0194,0.5600,-2.7300,0.8050
2088493,sitting,-0.0295,0.0015,1.0187,0.4900,-2.7300,0.8400
2088512,sitting,-0.0312,0.0022,1.0192,0.5600,-2.7300,0.8400
2088531,sitting,-0.0315,0.0022,1.0185,0.4900,-2.7300,0.8400
2088551,sitting,-0.0315,0.0024,1.0199,0.5250,-2.7300,0.8050
2088570,sitting,-0.0315,0.0032,1.0194,0.4900,-2.7300,0.8400
2088589,sitting,-0.0298,0.0027,1.0202,0.4900,-2.7300,0.8400
2088608,sitting,-0.0312,0.0020,1.0197,0.4900,-2.7300,0.8400
2088628,sitting,-0.0303,0.0024,1.0187,0.4900,-2.7300,0.8050
2088647,sitting,-0.0303,0.0024,1.0189,0.5250,-2.7300,0.8400
2088666,sitting,-0.0305,0.0020,1.0194,0.5600,-2.7300,0.8050
2088685,sitting,-0.0310,0.0020,1.0187,0.5600,-2.7300,0.8400
2088705,sitting,-0.0315,0.0024,1.0199,0.5250,-2.7300,0.8050
2088724,sitting,-0.0315,0.0015,1.0199,0.5250,-2.7300,0.8400
2088743,sitting,-0.0303,0.0015,1.0192,0.4900,-2.6950,0.8400
2088762,sitting,-0.0305,0.0024,1.0202,0.5600,-2.7300,0.8050
2088781,sitting,-0.0315,0.0022,1.0187,0.5600,-2.7300,0.8400
2088801,sitting,-0.0307,0.0020,1.0192,0.5250,-2.7300,0.8400
2088820,sitting,-0.0305,0.0020,1.0189,0.5600,-2.7300,0.7700
2088839,sitting,-0.0303,0.0024,1.0192,0.5250,-2.7300,0.8400
2088858,sitting,-0.0310,0.0032,1.0189,0.5250,-2.7300,0.8050
2088878,sitting,-0.0307,0.0017,1.0194,0.4900,-2.7300,0.8050
2088897,sitting,-0.0300,0.0015,1.0202,0.5250,-2.7300,0.8050
2088916,sitting,-0.0303,0.0022,1.0204,0.4900,-2.7300,0.7700
2088935,sitting,-0.0312,0.0017,1.0189,0.4900,-2.7300,0.8050
2088955,sitting,-0.0305,0.0020,1.0194,0.5250,-2.7300,0.7700
2088974,sitting,-0.0298,0.0024,1.0197,0.4900,-2.7300,0.8050
2088993,sitting,-0.0305,0.0029,1.0189,0.5250,-2.7300,0.8050
2089012,sitting,-0.0305,0.0027,1.0194,0.4900,-2.6950,0.8050
2089031,sitting,-0.0300,0.0029,1.0197,0.5600,-2.7300,0.8050
2089051,sitting,-0.0303,0.0022,1.0197,0.4900,-2.7300,0.8400
2089070,sitting,-0.0305,0.0022,1.0194,0.5600,-2.6950,0.7700
2089089,sitting,-0.0303,0.0015,1.0187,0.5600,-2.6950,0.8400
2089108,sitting,-0.0303,0.0024,1.0194,0.4900,-2.7300,0.8400
2089128,sitting,-0.0305,0.0022,1.0199,0.5250,-2.7300,0.7700
2089147,sitting,-0.0307,0.0022,1.0187,0.5250,-2.6950,0.8050
2089166,sitting,-0.0305,0.0020,1.0194,0.5600,-2.7300,0.8400
2089185,sitting,-0.0305,0.0024,1.0194,0.5600,-2.7300,0.8400
2089205,sitting,-0.0307,0.0029,1.0197,0.5250,-2.7300,0.7700
2089224,sitting,-0.0305,0.0024,1.0197,0.5600,-2.7300,0.8050
2089243,sitting,-0.0295,0.0022,1.0189,0.4900,-2.7300,0.8050
2089262,sitting,-0.0303,0.0012,1.0197,0.5600,-2.7300,0.8400
2089281,sitting,-0.0300,0.0027,1.0204,0.4900,-2.7300,0.8050
2089301,sitting,-0.0305,0.0017,1.0194,0.5250,-2.7300,0.8050
2089320,sitting,-0.0303,0.0017,1.0192,0.5250,-2.7300,0.8400
2089339,sitting,-0.0303,0.0017,1.0194,0.5250,-2.7300,0.8050
2089358,sitting,-0.0317,0.0020,1.0199,0.4900,-2.7300,0.8400
2089378,sitting,-0.0315,0.0027,1.0199,0.5250,-2.7300,0.8400
2089397,sitting,-0.0310,0.0027,1.0192,0.5600,-2.7300,0.8400
2089416,sitting,-0.0305,0.0024,1.0192,0.4900,-2.7300,0.8400
2089435,sitting,-0.0307,0.0024,1.0185,0.5250,-2.7300,0.8050
2089455,sitting,-0.0303,0.0029,1.0189,0.5250,-2.7300,0.8050
2089474,sitting,-0.0295,0.0024,1.0204,0.4900,-2.7300,0.8050
2089493,sitting,-0.0305,0.0020,1.0187,0.4900,-2.7300,0.8050
2089512,sitting,-0.0305,0.0029,1.0192,0.5250,-2.7300,0.8400
2089531,sitting,-0.0295,0.0037,1.0194,0.5600,-2.7300,0.8050
2089551,sitting,-0.0305,0.0034,1.0199,0.4900,-2.7300,0.8400
2089570,sitting,-0.0315,0.0022,1.0189,0.4900,-2.7300,0.8400
2089589,sitting,-0.0305,0.0024,1.0192,0.5250,-2.7300,0.8050
2089608,sitting,-0.0303,0.0032,1.0192,0.4900,-2.7300,0.8050
2089628,sitting,-0.0298,0.0020,1.0189,0.4900,-2.7650,0.7700
2089647,sitting,-0.0300,0.0032,1.0187,0.5250,-2.7300,0.8400
2089666,sitting,-0.0310,0.0029,1.0189,0.4900,-2.7300,0.8400
2089685,sitting,-0.0300,0.0027,1.0197,0.4900,-2.7300,0.8050
2089705,sitting,-0.0317,0.0022,1.0192,0.5250,-2.7650,0.8050
2089724,sitting,-0.0305,0.0020,1.0199,0.5600,-2.7300,0.8050
2089743,sitting,-0.0305,0.0017,1.0199,0.5250,-2.7300,0.8050
2089762,sitting,-0.0303,0.0032,1.0202,0.4900,-2.7300,0.8400
2089781,sitting,-0.0312,0.0024,1.0189,0.4900,-2.7300,0.8400
2089801,sitting,-0.0322,0.0024,1.0194,0.5600,-2.7300,0.8400
2089820,sitting,-0.0295,0.0017,1.0192,0.5600,-2.7300,0.8050
2089839,sitting,-0.0305,0.0015,1.0194,0.5250,-2.7300,0.7700
2089858,sitting,-0.0307,0.0024,1.0187,0.4900,-2.7300,0.8400
2089878,sitting,-0.0303,0.0027,1.0204,0.4900,-2.7300,0.8050
2089897,sitting,-0.0298,0.0020,1.0199,0.4900,-2.7300,0.8400
2089916,sitting,-0.0305,0.0012,1.0185,0.4900,-2.7300,0.8050
2089935,sitting,-0.0303,0.0024,1.0194,0.5600,-2.7300,0.8050
2089955,sitting,-0.0307,0.0027,1.0197,0.5600,-2.6950,0.8050
2089974,sitting,-0.0310,0.0022,1.0204,0.5600,-2.7300,0.7700
2089993,sitting,-0.0312,0.0029,1.0209,0.4900,-2.7300,0.8050
2090012,sitting,-0.0305,0.0027,1.0189,0.4900,-2.7300,0.8050
2090031,sitting,-0.0305,0.0022,1.0194,0.5250,-2.7300,0.8400
2090051,sitting,-0.0310,0.0022,1.0192,0.4900,-2.7300,0.8400
2090070,sitting,-0.0305,0.0022,1.0204,0.5600,-2.7300,0.8400
2090089,sitting,-0.0300,0.0032,1.0192,0.5600,-2.7300,0.7700
2090108,sitting,-0.0298,0.0022,1.0197,0.5250,-2.7300,0.8400
2090128,sitting,-0.0307,0.0027,1.0202,0.5250,-2.7300,0.8050
2090147,sitting,-0.0305,0.0024,1.0194,0.4900,-2.7300,0.8050
2090166,sitting,-0.0303,0.0022,1.0194,0.4900,-2.7300,0.8400
2090185,sitting,-0.0300,0.0024,1.0192,0.4900,-2.6950,0.7700
2090205,sitting,-0.0307,0.0027,1.0197,0.4900,-2.7300,0.8050
2090224,sitting,-0.0307,0.0024,1.0194,0.4900,-2.7300,0.8400
2090243,sitting,-0.0300,0.0020,1.0197,0.4900,-2.7300,0.8050
2090262,sitting,-0.0293,0.0029,1.0197,0.4900,-2.7650,0.8050
2090281,sitting,-0.0295,0.0020,1.0189,0.5250,-2.7300,0.8400
2090301,sitting,-0.0300,0.0015,1.0194,0.5250,-2.6950,0.8400
2090320,sitting,-0.0310,0.0029,1.0194,0.4900,-2.7300,0.8400
2090339,sitting,-0.0305,0.0029,1.0189,0.4900,-2.7300,0.8400
2090358,sitting,-0.0305,0.0020,1.0189,0.4900,-2.7300,0.8050
2090378,sitting,-0.0305,0.0024,1.0189,0.4900,-2.7300,0.8400
2090397,sitting,-0.0310,0.0027,1.0192,0.5250,-2.7300,0.8400
2090416,sitting,-0.0303,0.0022,1.0192,0.5600,-2.7300,0.8400
2090435,sitting,-0.0307,0.0020,1.0204,0.5250,-2.7300,0.8050
2090455,sitting,-0.0300,0.0015,1.0197,0.5600,-2.7300,0.8050
2090474,sitting,-0.0300,0.0015,1.0199,0.5250,-2.7650,0.8050
2090493,sitting,-0.0307,0.0027,1.0194,0.4900,-2.7650,0.8400
2090512,sitting,-0.0305,0.0017,1.0194,0.4900,-2.7300,0.7700
2090531,sitting,-0.0307,0.0022,1.0194,0.4900,-2.7300,0.8400
2090551,sitting,-0.0305,0.0024,1.0194,0.5250,-2.7300,0.8050
2090570,sitting,-0.0298,0.0022,1.0199,0.4900,-2.7300,0.8050
2090589,sitting,-0.0300,0.0022,1.0189,0.4900,-2.7300,0.8400
2090608,sitting,-0.0303,0.0024,1.0202,0.4900,-2.7650,0.8400
2090628,sitting,-0.0307,0.0012,1.0204,0.4900,-2.7300,0.8400
2090647,sitting,-0.0310,0.0017,1.0194,0.4900,-2.7650,0.8400
2090666,sitting,-0.0310,0.0022,1.0192,0.4900,-2.7300,0.8400
2090685,sitting,-0.0310,0.0022,1.0199,0.4900,-2.7300,0.8400
2090705,sitting,-0.0300,0.0027,1.0199,0.4900,-2.7300,0.8400
2090724,sitting,-0.0310,0.0020,1.0199,0.4900,-2.7300,0.8050
2090743,sitting,-0.0307,0.0020,1.0197,0.4900,-2.7300,0.8400
2090762,sitting,-0.0312,0.0017,1.0192,0.4900,-2.7300,0.8400
2090781,sitting,-0.0303,0.0022,1.0197,0.5600,-2.7300,0.8050
2090801,sitting,-0.0298,0.0012,1.0197,0.5600,-2.7300,0.8400
2090820,sitting,-0.0300,0.0015,1.0194,0.5250,-2.7300,0.8400
2090839,sitting,-0.0298,0.0024,1.0204,0.5250,-2.7300,0.8050
2090858,sitting,-0.0305,0.0032,1.0199,0.5250,-2.7300,0.8050
2090878,sitting,-0.0315,0.0022,1.0202,0.4900,-2.7650,0.8050
2090897,sitting,-0.0305,0.0024,1.0202,0.5250,-2.7300,0.7700
2090916,sitting,-0.0303,0.0022,1.0194,0.5600,-2.6950,0.7700
2090935,sitting,-0.0305,0.0020,1.0202,0.5600,-2.7300,0.8050
2090955,sitting,-0.0303,0.0020,1.0194,0.5600,-2.7300,0.8400
2090974,sitting,-0.0303,0.0024,1.0194,0.4900,-2.7300,0.8050
2090993,sitting,-0.0310,0.0029,1.0199,0.5600,-2.7650,0.8050
2091012,sitting,-0.0312,0.0027,1.0192,0.5250,-2.7300,0.8050
2091031,sitting,-0.0303,0.0024,1.0185,0.4900,-2.7300,0.8050
2091051,sitting,-0.0305,0.0024,1.0194,0.4900,-2.7300,0.8400
2091070,sitting,-0.0303,0.0022,1.0204,0.4900,-2.7300,0.8050
2091089,sitting,-0.0307,0.0024,1.0192,0.5250,-2.7300,0.8400
2091108,sitting,-0.0315,0.0022,1.0189,0.4900,-2.7300,0.8400
2091128,sitting,-0.0310,0.0024,1.0192,0.4900,-2.7300,0.8400
2091147,sitting,-0.0295,0.0020,1.0194,0.4900,-2.7300,0.8400
2091166,sitting,-0.0295,0.0017,1.0197,0.4900,-2.7300,0.8400
2091185,sitting,-0.0312,0.0020,1.0197,0.4900,-2.7300,0.8400
2091205,sitting,-0.0307,0.0024,1.0192,0.4900,-2.7300,0.8050
2091224,sitting,-0.0305,0.0015,1.0189,0.5600,-2.7300,0.8050
2091243,sitting,-0.0293,0.0024,1.0197,0.5600,-2.7650,0.8050
2091262,sitting,-0.0307,0.0017,1.0207,0.5600,-2.7300,0.7700
2091281,sitting,-0.0312,0.0020,1.0194,0.4900,-2.7300,0.8400
2091301,sitting,-0.0303,0.0017,1.0204,0.5250,-2.7300,0.8050
2091320,sitting,-0.0303,0.0029,1.0197,0.5250,-2.7300,0.8050
2091339,sitting,-0.0303,0.0034,1.0192,0.4900,-2.7300,0.7700
2091358,sitting,-0.0310,0.0020,1.0189,0.5250,-2.7300,0.8050
2091378,sitting,-0.0300,0.0032,1.0187,0.5250,-2.7300,0.7700
2091397,sitting,-0.0303,0.0032,1.0189,0.4900,-2.7300,0.7700
2091416,sitting,-0.0303,0.0022,1.0202,0.4900,-2.7300,0.8050
2091435,sitting,-0.0305,0.0034,1.0194,0.5600,-2.7300,0.8050
2091455,sitting,-0.0305,0.0022,1.0189,0.4900,-2.7300,0.8050
2091474,sitting,-0.0312,0.0020,1.0204,0.4900,-2.7300,0.7700
2091493,sitting,-0.0300,0.0020,1.0199,0.4900,-2.7300,0.8050
2091512,sitting,-0.0295,0.0032,1.0197,0.4900,-2.7300,0.8400
2091531,sitting,-0.0307,0.0020,1.0192,0.4900,-2.7300,0.8400
2091551,sitting,-0.0303,0.0020,1.0207,0.5600,-2.7300,0.8400
2091570,sitting,-0.0305,0.0022,1.0199,0.4900,-2.6950,0.8050
2091589,sitting,-0.0288,0.0029,1.0194,0.4900,-2.6950,0.8750
2091608,sitting,-0.0295,0.0015,1.0189,0.4900,-2.7300,0.8400
2091628,sitting,-0.0290,0.0015,1.0192,0.4900,-2.7300,0.8050
2091647,sitting,-0.0305,0.0017,1.0189,0.4900,-2.7300,0.8050
2091666,sitting,-0.0307,0.0017,1.0194,0.4900,-2.7300,0.7700
2091685,sitting,-0.0312,0.0029,1.0192,0.4900,-2.6950,0.8050
2091705,sitting,-0.0307,0.0020,1.0192,0.5250,-2.7300,0.8050
2091724,sitting,-0.0305,0.0015,1.0204,0.4900,-2.7300,0.8050
2091743,sitting,-0.0300,0.0020,1.0204,0.5250,-2.7300,0.8050
2091762,sitting,-0.0307,0.0022,1.0202,0.5600,-2.7300,0.7700
2091781,sitting,-0.0298,0.0027,1.0194,0.5250,-2.7300,0.8400
2091801,sitting,-0.0295,0.0022,1.0197,0.5600,-2.7300,0.8400
2091820,sitting,-0.0300,0.0022,1.0194,0.5600,-2.7300,0.8400
2091839,sitting,-0.0300,0.0015,1.0194,0.5250,-2.7300,0.8400
2091858,sitting,-0.0295,0.0024,1.0204,0.5250,-2.7300,0.8400
2091878,sitting,-0.0310,0.0020,1.0197,0.4900,-2.7300,0.8050
2091897,sitting,-0.0312,0.0022,1.0202,0.5600,-2.7300,0.8400
2091916,sitting,-0.0307,0.0024,1.0197,0.4900,-2.7300,0.8400
2091935,sitting,-0.0305,0.0024,1.0189,0.4900,-2.7300,0.8050
2091955,sitting,-0.0300,0.0027,1.0202,0.5250,-2.7650,0.8400
2091974,sitting,-0.0305,0.0022,1.0199,0.5600,-2.7300,0.8400
2091993,sitting,-0.0295,0.0020,1.0192,0.4900,-2.7300,0.7700
2092012,sitting,-0.0312,0.0029,1.0192,0.4900,-2.7300,0.7700
2092031,sitting,-0.0305,0.0024,1.0209,0.4900,-2.7300,0.8400
2092051,sitting,-0.0293,0.0024,1.0197,0.4900,-2.7300,0.8400
2092070,sitting,-0.0298,0.0029,1.0197,0.5250,-2.7300,0.8400
2092089,sitting,-0.0303,0.0024,1.0187,0.5600,-2.7300,0.7700
2092108,sitting,-0.0303,0.0015,1.0192,0.5250,-2.7300,0.8400
2092128,sitting,-0.0300,0.0020,1.0194,0.4900,-2.7300,0.8050
2092147,sitting,-0.0300,0.0017,1.0194,0.5250,-2.7650,0.7700
2092166,sitting,-0.0300,0.0012,1.0187,0.5250,-2.7300,0.8400
2092185,sitting,-0.0298,0.0022,1.0197,0.5250,-2.7300,0.8400
2092205,sitting,-0.0305,0.0022,1.0187,0.5600,-2.7300,0.8400
2092224,sitting,-0.0300,0.0022,1.0194,0.4900,-2.7300,0.8400
2092243,sitting,-0.0310,0.0029,1.0199,0.4900,-2.7300,0.7700
2092262,sitting,-0.0298,0.0022,1.0197,0.5250,-2.7300,0.8050
2092281,sitting,-0.0303,0.0024,1.0189,0.4900,-2.7300,0.7700
2092301,sitting,-0.0303,0.0017,1.0192,0.5250,-2.6950,0.8050
2092320,sitting,-0.0310,0.0027,1.0192,0.4900,-2.7300,0.8400
2092339,sitting,-0.0295,0.0024,1.0189,0.4900,-2.7300,0.8050
2092358,sitting,-0.0300,0.0027,1.0197,0.5600,-2.7300,0.7700
2092378,sitting,-0.0298,0.0024,1.0197,0.5600,-2.7300,0.8400
2092397,sitting,-0.0298,0.0017,1.0202,0.4900,-2.7300,0.8400
2092416,sitting,-0.0300,0.0022,1.0199,0.5250,-2.7300,0.8050
2092435,sitting,-0.0307,0.0024,1.0194,0.4900,-2.7300,0.8400
2092455,sitting,-0.0303,0.0027,1.0197,0.5250,-2.7650,0.8400
2092474,sitting,-0.0290,0.0020,1.0192,0.5250,-2.6950,0.8050
2092493,sitting,-0.0300,0.0020,1.0187,0.4900,-2.7300,0.8400
2092512,sitting,-0.0295,0.0022,1.0192,0.5600,-2.7300,0.7700
2092531,sitting,-0.0305,0.0032,1.0202,0.5250,-2.7300,0.7700
2092551,sitting,-0.0303,0.0027,1.0197,0.5250,-2.7300,0.8400
2092570,sitting,-0.0303,0.0022,1.0194,0.5250,-2.7300,0.8400
2092589,sitting,-0.0312,0.0020,1.0192,0.5250,-2.7300,0.7700
2092608,sitting,-0.0300,0.0012,1.0197,0.5250,-2.7300,0.8050
2092628,sitting,-0.0300,0.0010,1.0197,0.5250,-2.7300,0.8400
2092647,sitting,-0.0298,0.0027,1.0204,0.5600,-2.7300,0.8050
2092666,sitting,-0.0303,0.0015,1.0192,0.5250,-2.7300,0.8050
2092685,sitting,-0.0317,0.0022,1.0189,0.4900,-2.7300,0.8050
2092705,sitting,-0.0310,0.0020,1.0197,0.4900,-2.7300,0.8400
2092724,sitting,-0.0303,0.0012,1.0204,0.5600,-2.7650,0.8400
2092743,sitting,-0.0303,0.0015,1.0189,0.4900,-2.7650,0.8050
2092762,sitting,-0.0300,0.0029,1.0192,0.4900,-2.7300,0.8400
2092781,sitting,-0.0293,0.0024,1.0199,0.4900,-2.7650,0.8050
2092801,sitting,-0.0305,0.0027,1.0204,0.4900,-2.7650,0.8400
2092820,sitting,-0.0298,0.0017,1.0204,0.4900,-2.7300,0.8050
2092839,sitting,-0.0303,0.0012,1.0197,0.5250,-2.7300,0.8400
2092858,sitting,-0.0300,0.0022,1.0197,0.4900,-2.6950,0.8400
2092878,sitting,-0.0303,0.0029,1.0204,0.5250,-2.7300,0.8050
2092897,sitting,-0.0303,0.0024,1.0209,0.4900,-2.7300,0.8400
2092916,sitting,-0.0298,0.0020,1.0207,0.5250,-2.7300,0.8050
2092935,sitting,-0.0293,0.0027,1.0197,0.4900,-2.7300,0.8050
2092955,sitting,-0.0305,0.0027,1.0204,0.5600,-2.7300,0.8050
2092974,sitting,-0.0300,0.0017,1.0204,0.5250,-2.7300,0.7700
2092993,sitting,-0.0293,0.0024,1.0194,0.5250,-2.7300,0.8400
2093012,sitting,-0.0298,0.0020,1.0185,0.5250,-2.7300,0.7700
2093031,sitting,-0.0305,0.0022,1.0199,0.5600,-2.7300,0.8050
2093051,sitting,-0.0300,0.0027,1.0199,0.5250,-2.7300,0.8050
2093070,sitting,-0.0303,0.0024,1.0199,0.5250,-2.7300,0.8050
2093089,sitting,-0.0303,0.0027,1.0194,0.5600,-2.6950,0.8050
2093108,sitting,-0.0295,0.0022,1.0185,0.4900,-2.7300,0.7700
2093128,sitting,-0.0295,0.0017,1.0194,0.4900,-2.7300,0.7700
2093147,sitting,-0.0305,0.0020,1.0189,0.5600,-2.7300,0.8050
2093166,sitting,-0.0305,0.0024,1.0194,0.5250,-2.7300,0.8050
2093185,sitting,-0.0303,0.0024,1.0189,0.5250,-2.7300,0.8050
2093205,sitting,-0.0300,0.0012,1.0194,0.5250,-2.7300,0.8400
2093224,sitting,-0.0305,0.0012,1.0185,0.5250,-2.7300,0.8050
2093243,sitting,-0.0295,0.0022,1.0187,0.4900,-2.7300,0.8400
2093262,sitting,-0.0293,0.0015,1.0189,0.5250,-2.7300,0.8400
2093281,sitting,-0.0298,0.0015,1.0199,0.5250,-2.7300,0.8050
2093301,sitting,-0.0300,0.0015,1.0192,0.4900,-2.7300,0.8400
2093320,sitting,-0.0290,0.0027,1.0199,0.4900,-2.6950,0.8050
2093339,sitting,-0.0298,0.0029,1.0192,0.5250,-2.6950,0.8050
2093358,sitting,-0.0300,0.0020,1.0204,0.5250,-2.7300,0.8400
2093378,sitting,-0.0298,0.0027,1.0187,0.4900,-2.7300,0.8400
2093397,sitting,-0.0300,0.0032,1.0202,0.5600,-2.7300,0.8050
2093416,sitting,-0.0307,0.0029,1.0182,0.5600,-2.7300,0.7700
2093435,sitting,-0.0305,0.0027,1.0192,0.5250,-2.7300,0.7700
2093455,sitting,-0.0300,0.0020,1.0194,0.4900,-2.7650,0.8400
2093474,sitting,-0.0303,0.0017,1.0189,0.4900,-2.7300,0.8400
2093493,sitting,-0.0300,0.0020,1.0197,0.5600,-2.7300,0.8400
2093512,sitting,-0.0298,0.0022,1.0199,0.5250,-2.7300,0.8400
2093531,sitting,-0.0295,0.0017,1.0187,0.5250,-2.7650,0.8050
2093551,sitting,-0.0298,0.0029,1.0197,0.5250,-2.7650,0.7700
2093570,sitting,-0.0298,0.0029,1.0192,0.4900,-2.7650,0.8400
2093589,sitting,-0.0305,0.0010,1.0189,0.4900,-2.7300,0.7700
2093608,sitting,-0.0305,0.0027,1.0189,0.5250,-2.7300,0.7700
2093628,sitting,-0.0305,0.0017,1.0194,0.5250,-2.7300,0.8050
2093647,sitting,-0.0303,0.0022,1.0194,0.5250,-2.6950,0.8050
2093666,sitting,-0.0295,0.0020,1.0182,0.4900,-2.7300,0.8400
2093685,sitting,-0.0298,0.0024,1.0189,0.4900,-2.7300,0.8400
2093705,sitting,-0.0303,0.0029,1.0197,0.4900,-2.7300,0.8400
2093724,sitting,-0.0295,0.0022,1.0202,0.4900,-2.7300,0.8400
2093743,sitting,-0.0303,0.0027,1.0194,0.4900,-2.7300,0.8400
2093762,sitting,-0.0293,0.0020,1.0187,0.4900,-2.6950,0.8400
2093781,sitting,-0.0307,0.0032,1.0192,0.5600,-2.6950,0.8050
2093801,sitting,-0.0300,0.0024,1.0187,0.5250,-2.7300,0.8400
2093820,sitting,-0.0307,0.0029,1.0204,0.5250,-2.6950,0.8400
2093839,sitting,-0.0300,0.0034,1.0192,0.5250,-2.7300,0.8400
2093858,sitting,-0.0295,0.0022,1.0199,0.5250,-2.6950,0.8750
2093878,sitting,-0.0300,0.0024,1.0192,0.4900,-2.7300,0.8400
2093897,sitting,-0.0303,0.0029,1.0197,0.4900,-2.7300,0.8050
2093916,sitting,-0.0303,0.0029,1.0194,0.5250,-2.7300,0.8050
2093935,sitting,-0.0300,0.0024,1.0194,0.4900,-2.8000,0.8400
2093955,sitting,-0.0295,0.0015,1.0199,0.4900,-2.7300,0.8400
2093974,sitting,-0.0303,0.0020,1.0194,0.4900,-2.7300,0.8400
2093993,sitting,-0.0310,0.0017,1.0185,0.5250,-2.7300,0.8400
2094012,sitting,-0.0305,0.0022,1.0189,0.4900,-2.7300,0.8050
2094031,sitting,-0.0303,0.0027,1.0194,0.5250,-2.7300,0.8400
2094051,sitting,-0.0305,0.0027,1.0192,0.4900,-2.7300,0.8050
2094070,sitting,-0.0303,0.0024,1.0207,0.5250,-2.7300,0.8050
2094089,sitting,-0.0295,0.0017,1.0202,0.4900,-2.7650,0.7700
2094108,sitting,-0.0298,0.0020,1.0189,0.4900,-2.7300,0.8400
2094128,sitting,-0.0305,0.0020,1.0192,0.5250,-2.7300,0.8400
2094147,sitting,-0.0310,0.0015,1.0189,0.5250,-2.7300,0.8050
2094166,sitting,-0.0300,0.0024,1.0192,0.5250,-2.7300,0.8400
2094185,sitting,-0.0305,0.0020,1.0197,0.4900,-2.7300,0.8400
2094205,sitting,-0.0283,0.0017,1.0189,0.5600,-2.7300,0.8050
2094224,sitting,-0.0305,0.0027,1.0189,0.5250,-2.7300,0.8400
2094243,sitting,-0.0298,0.0027,1.0189,0.5250,-2.6950,0.7700
2094262,sitting,-0.0295,0.0027,1.0187,0.5250,-2.7300,0.8050
2094281,sitting,-0.0293,0.0017,1.0202,0.5600,-2.7300,0.8050
2094301,sitting,-0.0310,0.0020,1.0204,0.5250,-2.7300,0.8050
2094320,sitting,-0.0303,0.0027,1.0202,0.4900,-2.7300,0.8400
2094339,sitting,-0.0300,0.0020,1.0192,0.5250,-2.7300,0.7700
2094358,sitting,-0.0305,0.0020,1.0192,0.5250,-2.7300,0.8050
2094378,sitting,-0.0312,0.0027,1.0187,0.4900,-2.7300,0.8400
2094397,sitting,-0.0310,0.0024,1.0192,0.4900,-2.7300,0.8050
2094416,sitting,-0.0307,0.0015,1.0197,0.4900,-2.6950,0.7700
2094435,sitting,-0.0295,0.0022,1.0194,0.5250,-2.7300,0.8400
2094455,sitting,-0.0300,0.0029,1.0194,0.5600,-2.7300,0.8400
2094474,sitting,-0.0300,0.0034,1.0199,0.4900,-2.7650,0.8400
2094493,sitting,-0.0303,0.0027,1.0197,0.5250,-2.7300,0.8400
2094512,sitting,-0.0303,0.0020,1.0185,0.4900,-2.7300,0.8400
2094531,sitting,-0.0300,0.0032,1.0197,0.4900,-2.7300,0.8400
2094551,sitting,-0.0305,0.0024,1.0197,0.4900,-2.7300,0.8050
2094570,sitting,-0.0310,0.0015,1.0197,0.4900,-2.7300,0.8050
2094589,sitting,-0.0300,0.0022,1.0197,0.5250,-2.7300,0.8400
2094608,sitting,-0.0303,0.0024,1.0187,0.5250,-2.7300,0.8050
2094628,sitting,-0.0305,0.0017,1.0189,0.5600,-2.7300,0.8400
2094647,sitting,-0.0305,0.0022,1.0192,0.5600,-2.7300,0.8050
2094666,sitting,-0.0307,0.0022,1.0194,0.4900,-2.7300,0.8050
2094685,sitting,-0.0303,0.0027,1.0187,0.5250,-2.7300,0.8050
2094705,sitting,-0.0303,0.0024,1.0187,0.5600,-2.6950,0.8400
2094724,sitting,-0.0295,0.0029,1.0197,0.5250,-2.7300,0.8050
2094743,sitting,-0.0295,0.0029,1.0204,0.5250,-2.7300,0.8050
2094762,sitting,-0.0298,0.0022,1.0194,0.4900,-2.7300,0.8050
2094781,sitting,-0.0305,0.0022,1.0187,0.5600,-2.7300,0.8050
2094801,sitting,-0.0310,0.0024,1.0182,0.5250,-2.7300,0.8050
2094820,sitting,-0.0305,0.0022,1.0182,0.5600,-2.7300,0.8050
2094839,sitting,-0.0293,0.0020,1.0199,0.4900,-2.7300,0.8400
2094858,sitting,-0.0293,0.0020,1.0197,0.5600,-2.7300,0.7700
2094878,sitting,-0.0293,0.0027,1.0189,0.5250,-2.7300,0.8400
2094897,sitting,-0.0295,0.0029,1.0192,0.5250,-2.7300,0.8400
2094916,sitting,-0.0300,0.0020,1.0194,0.5250,-2.7300,0.8050
2094935,sitting,-0.0303,0.0022,1.0202,0.4900,-2.7300,0.8050
2094955,sitting,-0.0300,0.0020,1.0197,0.4900,-2.7300,0.8050
2094974,sitting,-0.0307,0.0012,1.0202,0.4900,-2.7300,0.8400
2094993,sitting,-0.0293,0.0017,1.0194,0.4900,-2.7300,0.7700
2095012,sitting,-0.0295,0.0027,1.0197,0.4900,-2.7300,0.8050
2095031,sitting,-0.0300,0.0024,1.0192,0.4900,-2.7300,0.8050
2095051,sitting,-0.0305,0.0015,1.0187,0.5250,-2.7300,0.7700
2095070,sitting,-0.0290,0.0020,1.0189,0.4900,-2.7300,0.8400
2095089,sitting,-0.0298,0.0017,1.0189,0.4900,-2.7300,0.8400
2095108,sitting,-0.0300,0.0024,1.0194,0.4900,-2.6950,0.8400
2095128,sitting,-0.0310,0.0027,1.0194,0.5250,-2.7300,0.7700
2095147,sitting,-0.0303,0.0027,1.0187,0.5250,-2.7300,0.8400
2095166,sitting,-0.0303,0.0024,1.0194,0.5600,-2.7300,0.8050
2095185,sitting,-0.0298,0.0022,1.0185,0.5250,-2.7300,0.8400
2095205,sitting,-0.0295,0.0015,1.0204,0.5250,-2.7300,0.7700
2095224,sitting,-0.0298,0.0020,1.0197,0.5250,-2.6950,0.8050
2095243,sitting,-0.0298,0.0017,1.0189,0.4900,-2.7300,0.8050
2095262,sitting,-0.0303,0.0017,1.0182,0.4900,-2.7300,0.7700
2095281,sitting,-0.0293,0.0034,1.0199,0.5250,-2.7300,0.8050
2095301,sitting,-0.0303,0.0024,1.0192,0.5250,-2.7300,0.8050
2095320,sitting,-0.0303,0.0027,1.0197,0.4900,-2.7300,0.8400
2095339,sitting,-0.0305,0.0017,1.0197,0.4900,-2.7300,0.8050
2095358,sitting,-0.0300,0.0022,1.0189,0.5250,-2.7300,0.7700
2095378,sitting,-0.0293,0.0034,1.0185,0.5250,-2.7300,0.8400
2095397,sitting,-0.0295,0.0029,1.0202,0.4900,-2.7300,0.8400
2095416,sitting,-0.0293,0.0017,1.0177,0.4900,-2.7300,0.8400
2095435,sitting,-0.0303,0.0022,1.0194,0.4900,-2.7650,0.8400
2095455,sitting,-0.0303,0.0029,1.0192,0.5250,-2.8000,0.8400
2095474,sitting,-0.0300,0.0022,1.0185,0.4900,-2.7300,0.8400
2095493,sitting,-0.0300,0.0022,1.0189,0.5250,-2.7650,0.8400
2095512,sitting,-0.0298,0.0029,1.0204,0.5600,-2.7300,0.8400
2095531,sitting,-0.0298,0.0024,1.0197,0.4900,-2.7300,0.8400
2095551,sitting,-0.0303,0.0020,1.0189,0.5600,-2.7300,0.8400
2095570,sitting,-0.0295,0.0024,1.0199,0.5600,-2.6950,0.8400
2095589,sitting,-0.0307,0.0024,1.0197,0.5250,-2.7300,0.7700
2095608,sitting,-0.0307,0.0017,1.0194,0.5250,-2.7300,0.8050
2095628,sitting,-0.0293,0.0020,1.0194,0.5600,-2.7300,0.8400
2095647,sitting,-0.0298,0.0017,1.0199,0.5250,-2.7300,0.8050
2095666,sitting,-0.0295,0.0024,1.0197,0.5600,-2.7300,0.8050
2095685,sitting,-0.0303,0.0024,1.0199,0.5600,-2.7300,0.7700
2095705,sitting,-0.0298,0.0017,1.0202,0.4900,-2.7300,0.7700
2095724,sitting,-0.0300,0.0017,1.0197,0.5600,-2.7300,0.8050
2095743,sitting,-0.0300,0.0024,1.0189,0.4900,-2.7300,0.8050
2095762,sitting,-0.0293,0.0024,1.0197,0.4900,-2.7300,0.8400
2095781,sitting,-0.0305,0.0017,1.0197,0.4900,-2.7300,0.8050
2095801,sitting,-0.0298,0.0029,1.0199,0.4900,-2.7300,0.8400
2095820,sitting,-0.0310,0.0024,1.0192,0.4900,-2.7300,0.8050
2095839,sitting,-0.0303,0.0027,1.0189,0.5250,-2.7650,0.8050
2095858,sitting,-0.0300,0.0032,1.0204,0.4900,-2.7650,0.8400
2095878,sitting,-0.0307,0.0015,1.0192,0.4900,-2.7300,0.8400
2095897,sitting,-0.0300,0.0020,1.0187,0.4900,-2.7300,0.8400
2095916,sitting,-0.0300,0.0020,1.0197,0.4900,-2.7300,0.8400
2095935,sitting,-0.0300,0.0020,1.0202,0.5600,-2.7650,0.8400
2095955,sitting,-0.0293,0.0027,1.0189,0.5250,-2.7300,0.8050
2095974,sitting,-0.0303,0.0012,1.0194,0.5250,-2.7300,0.8050
2095993,sitting,-0.0298,0.0022,1.0189,0.4900,-2.7300,0.8050
2096012,sitting,-0.0300,0.0020,1.0192,0.4900,-2.7650,0.8400
2096031,sitting,-0.0295,0.0020,1.0185,0.4900,-2.7300,0.8050
2096051,sitting,-0.0290,0.0024,1.0192,0.4900,-2.7300,0.8050
2096070,sitting,-0.0298,0.0015,1.0192,0.4900,-2.7300,0.7700
2096089,sitting,-0.0307,0.0024,1.0189,0.4900,-2.7300,0.7700
2096108,sitting,-0.0303,0.0024,1.0189,0.5250,-2.6950,0.8050
2096128,sitting,-0.0303,0.0020,1.0192,0.4900,-2.7300,0.8050
2096147,sitting,-0.0295,0.0022,1.0185,0.4900,-2.7300,0.8050
2096166,sitting,-0.0300,0.0020,1.0194,0.4900,-2.7300,0.8400
2096185,sitting,-0.0295,0.0022,1.0202,0.5600,-2.7300,0.8400
2096205,sitting,-0.0300,0.0022,1.0202,0.4900,-2.7300,0.8050
2096224,sitting,-0.0290,0.0027,1.0192,0.4900,-2.7300,0.8050
2096243,sitting,-0.0293,0.0020,1.0197,0.4900,-2.7300,0.8400
2096262,sitting,-0.0303,0.0017,1.0187,0.4900,-2.7300,0.8400
2096281,sitting,-0.0303,0.0015,1.0199,0.4900,-2.7300,0.8050
2096301,sitting,-0.0303,0.0017,1.0209,0.5250,-2.7300,0.8400
2096320,sitting,-0.0295,0.0022,1.0202,0.4900,-2.7300,0.8400
2096339,sitting,-0.0300,0.0017,1.0189,0.4900,-2.7300,0.8050
2096358,sitting,-0.0298,0.0017,1.0202,0.5600,-2.7300,0.8050
2096378,sitting,-0.0298,0.0024,1.0199,0.5600,-2.7300,0.8400
2096397,sitting,-0.0300,0.0022,1.0204,0.4900,-2.7300,0.7700
2096416,sitting,-0.0303,0.0010,1.0197,0.4900,-2.6950,0.8050
2096435,sitting,-0.0290,0.0020,1.0202,0.5250,-2.7300,0.8400
2096455,sitting,-0.0290,0.0022,1.0202,0.5600,-2.7300,0.8050
2096474,sitting,-0.0300,0.0015,1.0192,0.5600,-2.7300,0.8400
2096493,sitting,-0.0293,0.0022,1.0187,0.4900,-2.7300,0.7700
2096512,sitting,-0.0293,0.0029,1.0204,0.4900,-2.7300,0.7700
2096531,sitting,-0.0295,0.0024,1.0187,0.4900,-2.7300,0.8050
2096551,sitting,-0.0305,0.0022,1.0185,0.5250,-2.7300,0.8050
2096570,sitting,-0.0295,0.0024,1.0187,0.5250,-2.7300,0.7700
2096589,sitting,-0.0300,0.0022,1.0197,0.5600,-2.7300,0.8050
2096608,sitting,-0.0298,0.0022,1.0192,0.5600,-2.7300,0.8050
2096628,sitting,-0.0295,0.0012,1.0197,0.5250,-2.7300,0.8400
2096647,sitting,-0.0305,0.0024,1.0202,0.5250,-2.7300,0.8050
2096666,sitting,-0.0300,0.0027,1.0194,0.5600,-2.7300,0.8400
2096685,sitting,-0.0303,0.0017,1.0202,0.5600,-2.7300,0.8400
2096705,sitting,-0.0295,0.0020,1.0197,0.4900,-2.7300,0.8050
2096724,sitting,-0.0298,0.0027,1.0197,0.4900,-2.7300,0.8050
2096743,sitting,-0.0303,0.0024,1.0197,0.4900,-2.7300,0.7700
2096762,sitting,-0.0298,0.0020,1.0199,0.4900,-2.7300,0.8050
2096781,sitting,-0.0293,0.0022,1.0199,0.4900,-2.7300,0.8400
2096801,sitting,-0.0298,0.0020,1.0187,0.4900,-2.6950,0.8400
2096820,sitting,-0.0303,0.0015,1.0197,0.4900,-2.7300,0.8050
2096839,sitting,-0.0298,0.0022,1.0192,0.5250,-2.7300,0.8050
2096858,sitting,-0.0290,0.0022,1.0185,0.4900,-2.7300,0.8400
2096878,sitting,-0.0295,0.0024,1.0194,0.5600,-2.7300,0.8050
2096897,sitting,-0.0300,0.0029,1.0202,0.5250,-2.7300,0.7700
2096916,sitting,-0.0295,0.0029,1.0194,0.5250,-2.7300,0.7700
2096935,sitting,-0.0293,0.0020,1.0197,0.5250,-2.6600,0.8400
2096955,sitting,-0.0300,0.0024,1.0189,0.4900,-2.7300,0.8050
2096974,sitting,-0.0290,0.0017,1.0202,0.5600,-2.7300,0.8400
2096993,sitting,-0.0300,0.0027,1.0192,0.5250,-2.7300,0.7700
2097012,sitting,-0.0293,0.0017,1.0185,0.5600,-2.7300,0.7700
2097031,sitting,-0.0298,0.0015,1.0189,0.4900,-2.7300,0.8400
2097051,sitting,-0.0295,0.0027,1.0192,0.4900,-2.7300,0.8400
2097070,sitting,-0.0293,0.0012,1.0194,0.4900,-2.8000,0.8050
2097089,sitting,-0.0295,0.0015,1.0197,0.5250,-2.7650,0.8400
2097108,sitting,-0.0293,0.0017,1.0192,0.5250,-2.7300,0.8050
2097128,sitting,-0.0300,0.0022,1.0202,0.4900,-2.7300,0.7700
2097147,sitting,-0.0293,0.0022,1.0204,0.4900,-2.7300,0.8400
2097166,sitting,-0.0305,0.0015,1.0202,0.4900,-2.7300,0.8050
2097185,sitting,-0.0298,0.0024,1.0204,0.4550,-2.7300,0.8050
2097205,sitting,-0.0303,0.0032,1.0204,0.4900,-2.7300,0.8400
2097224,sitting,-0.0293,0.0027,1.0189,0.5600,-2.7300,0.8050
2097243,sitting,-0.0288,0.0022,1.0187,0.4900,-2.7300,0.8400
2097262,sitting,-0.0303,0.0017,1.0189,0.5250,-2.7300,0.8050
2097281,sitting,-0.0293,0.0020,1.0187,0.5600,-2.7300,0.8400
2097301,sitting,-0.0298,0.0024,1.0189,0.4900,-2.7300,0.7700
2097320,sitting,-0.0307,0.0027,1.0192,0.5250,-2.7300,0.7700
2097339,sitting,-0.0303,0.0027,1.0197,0.5250,-2.7300,0.8400
2097358,sitting,-0.0295,0.0020,1.0197,0.5250,-2.6950,0.8050
2097378,sitting,-0.0295,0.0027,1.0194,0.5250,-2.6600,0.7700
2097397,sitting,-0.0300,0.0027,1.0187,0.5600,-2.7300,0.8400
2097416,sitting,-0.0298,0.0022,1.0197,0.5600,-2.7300,0.8050
2097435,sitting,-0.0295,0.0022,1.0197,0.4900,-2.7300,0.8050
2097455,sitting,-0.0303,0.0024,1.0199,0.4900,-2.7650,0.8050
2097474,sitting,-0.0295,0.0017,1.0199,0.4900,-2.7300,0.8050
2097493,sitting,-0.0305,0.0022,1.0192,0.4900,-2.7650,0.8050
2097512,sitting,-0.0305,0.0015,1.0194,0.5600,-2.7300,0.8050
2097531,sitting,-0.0300,0.0022,1.0192,0.5250,-2.7300,0.8050
2097551,sitting,-0.0298,0.0015,1.0197,0.5600,-2.7300,0.8400
2097570,sitting,-0.0295,0.0017,1.0197,0.5250,-2.7300,0.7700
2097589,sitting,-0.0303,0.0012,1.0192,0.4900,-2.7300,0.7700
2097608,sitting,-0.0298,0.0024,1.0199,0.4900,-2.7300,0.7700
2097628,sitting,-0.0303,0.0022,1.0194,0.4900,-2.7300,0.8400
2097647,sitting,-0.0310,0.0022,1.0197,0.4900,-2.7300,0.8050
2097666,sitting,-0.0295,0.0029,1.0199,0.4900,-2.7300,0.8050
2097685,sitting,-0.0295,0.0022,1.0192,0.5250,-2.7300,0.8400
2097705,sitting,-0.0307,0.0027,1.0202,0.4900,-2.7650,0.8400
2097724,sitting,-0.0295,0.0020,1.0194,0.5250,-2.6950,0.8400
2097743,sitting,-0.0298,0.0022,1.0194,0.5600,-2.7300,0.7700
2097762,sitting,-0.0295,0.0024,1.0194,0.4900,-2.7300,0.8050
2097781,sitting,-0.0290,0.0015,1.0192,0.4900,-2.7300,0.8050
2097801,sitting,-0.0293,0.0024,1.0197,0.4900,-2.7300,0.8050
2097820,sitting,-0.0298,0.0022,1.0204,0.5250,-2.6950,0.7700
2097839,sitting,-0.0303,0.0024,1.0197,0.5250,-2.7300,0.8050
2097858,sitting,-0.0300,0.0024,1.0194,0.5250,-2.7300,0.8400
2097878,sitting,-0.0295,0.0015,1.0189,0.5600,-2.7300,0.8050
2097897,sitting,-0.0290,0.0020,1.0185,0.4900,-2.6600,0.8050
2097916,sitting,-0.0300,0.0029,1.0189,0.4900,-2.7650,0.8400
2097935,sitting,-0.0303,0.0015,1.0187,0.4900,-2.7300,0.8050
2097955,sitting,-0.0295,0.0022,1.0187,0.5600,-2.7650,0.8050
2097974,sitting,-0.0298,0.0024,1.0187,0.4900,-2.7300,0.8050
2097993,sitting,-0.0298,0.0020,1.0192,0.5250,-2.7650,0.8400
2098012,sitting,-0.0298,0.0020,1.0197,0.5250,-2.7300,0.8400
2098031,sitting,-0.0300,0.0017,1.0197,0.5250,-2.7300,0.8050
2098051,sitting,-0.0298,0.0015,1.0199,0.5250,-2.7300,0.8050
2098070,sitting,-0.0303,0.0020,1.0187,0.5250,-2.7300,0.8050
2098089,sitting,-0.0303,0.0017,1.0192,0.4900,-2.7300,0.8400
2098108,sitting,-0.0300,0.0024,1.0199,0.4900,-2.7300,0.8050
2098128,sitting,-0.0300,0.0015,1.0204,0.5600,-2.7300,0.8400
2098147,sitting,-0.0290,0.0027,1.0192,0.4900,-2.7300,0.8050
2098166,sitting,-0.0298,0.0020,1.0202,0.5250,-2.7300,0.8050
2098185,sitting,-0.0305,0.0022,1.0199,0.5250,-2.7300,0.8400
2098205,sitting,-0.0295,0.0027,1.0199,0.5250,-2.7300,0.8400
2098224,sitting,-0.0303,0.0032,1.0197,0.5250,-2.6950,0.8050
2098243,sitting,-0.0295,0.0032,1.0189,0.5250,-2.6950,0.8050
2098262,sitting,-0.0310,0.0020,1.0194,0.5600,-2.7300,0.8050
2098281,sitting,-0.0307,0.0024,1.0207,0.5250,-2.7300,0.8050
2098301,sitting,-0.0300,0.0024,1.0189,0.4900,-2.7300,0.8050
2098320,sitting,-0.0295,0.0029,1.0189,0.5250,-2.7300,0.7700
2098339,sitting,-0.0303,0.0024,1.0192,0.4900,-2.7300,0.8400
2098358,sitting,-0.0310,0.0020,1.0199,0.5600,-2.7300,0.8050
2098378,sitting,-0.0298,0.0020,1.0199,0.4900,-2.7300,0.8400
2098397,sitting,-0.0300,0.0012,1.0189,0.5600,-2.7300,0.8400
2098416,sitting,-0.0298,0.0017,1.0197,0.5250,-2.7300,0.8050
2098435,sitting,-0.0298,0.0029,1.0189,0.4900,-2.7300,0.8050
2098455,sitting,-0.0298,0.0020,1.0199,0.5600,-2.7300,0.8400
2098474,sitting,-0.0290,0.0022,1.0204,0.4900,-2.7300,0.8400
2098493,sitting,-0.0305,0.0015,1.0194,0.5250,-2.7300,0.8400
2098512,sitting,-0.0298,0.0010,1.0194,0.4900,-2.7300,0.8050
2098531,sitting,-0.0300,0.0015,1.0199,0.4900,-2.7300,0.8050
2098551,sitting,-0.0298,0.0022,1.0199,0.4900,-2.7300,0.8050
2098570,sitting,-0.0307,0.0027,1.0207,0.4900,-2.7300,0.7700
2098589,sitting,-0.0293,0.0015,1.0209,0.5600,-2.6950,0.8400
2098608,sitting,-0.0290,0.0020,1.0204,0.4900,-2.6600,0.8400
2098628,sitting,-0.0295,0.0017,1.0199,0.5250,-2.7300,0.8400
2098647,sitting,-0.0298,0.0022,1.0192,0.5250,-2.6950,0.8400
2098666,sitting,-0.0295,0.0020,1.0192,0.4900,-2.7300,0.7700
2098685,sitting,-0.0300,0.0024,1.0207,0.5250,-2.7300,0.7700
2098705,sitting,-0.0300,0.0020,1.0192,0.4900,-2.7300,0.8400
2098724,sitting,-0.0298,0.0022,1.0197,0.5250,-2.7300,0.8050
2098743,sitting,-0.0303,0.0022,1.0194,0.4900,-2.7300,0.8050
2098762,sitting,-0.0298,0.0017,1.0192,0.5250,-2.7300,0.8400
2098781,sitting,-0.0293,0.0024,1.0197,0.5250,-2.6950,0.8400
2098801,sitting,-0.0298,0.0029,1.0192,0.4900,-2.7300,0.7700
2098820,sitting,-0.0303,0.0020,1.0204,0.4900,-2.7300,0.7700
2098839,sitting,-0.0305,0.0017,1.0192,0.5250,-2.7300,0.8400
2098858,sitting,-0.0305,0.0024,1.0192,0.5250,-2.7300,0.8400
2098878,sitting,-0.0298,0.0017,1.0199,0.4900,-2.6950,0.8050
2098897,sitting,-0.0293,0.0027,1.0204,0.4900,-2.7300,0.8400
2098916,sitting,-0.0298,0.0027,1.0187,0.4550,-2.7300,0.8050
2098935,sitting,-0.0300,0.0029,1.0187,0.4900,-2.7300,0.8750
2098955,sitting,-0.0305,0.0017,1.0199,0.4900,-2.7300,0.8400
2098974,sitting,-0.0298,0.0024,1.0199,0.4550,-2.7300,0.8400
2098993,sitting,-0.0305,0.0029,1.0199,0.4900,-2.7300,0.8400
2099012,sitting,-0.0300,0.0027,1.0197,0.4900,-2.6950,0.8400
2099031,sitting,-0.0310,0.0024,1.0199,0.5600,-2.7300,0.8400
2099051,sitting,-0.0300,0.0022,1.0194,0.5250,-2.7300,0.8400
2099070,sitting,-0.0298,0.0017,1.0189,0.5600,-2.7300,0.7700
2099089,sitting,-0.0295,0.0015,1.0194,0.5600,-2.7300,0.8400
2099108,sitting,-0.0295,0.0022,1.0199,0.5600,-2.7300,0.7700
2099128,sitting,-0.0307,0.0020,1.0194,0.4900,-2.6950,0.8050
2099147,sitting,-0.0295,0.0017,1.0197,0.4900,-2.6950,0.7700
2099166,sitting,-0.0298,0.0010,1.0194,0.5600,-2.7300,0.7700
2099185,sitting,-0.0307,0.0020,1.0202,0.4900,-2.7300,0.7700
2099205,sitting,-0.0298,0.0020,1.0197,0.4900,-2.7300,0.8400
2099224,sitting,-0.0307,0.0024,1.0194,0.5250,-2.7300,0.7700
2099243,sitting,-0.0303,0.0015,1.0199,0.5600,-2.7300,0.8050
2099262,sitting,-0.0305,0.0022,1.0189,0.4900,-2.7300,0.7700
2099281,sitting,-0.0303,0.0027,1.0189,0.5250,-2.7650,0.8050
2099301,sitting,-0.0293,0.0020,1.0189,0.5600,-2.7300,0.7700
2099320,sitting,-0.0303,0.0020,1.0192,0.5600,-2.7650,0.8400
2099339,sitting,-0.0298,0.0034,1.0189,0.4900,-2.7300,0.8400
2099358,sitting,-0.0295,0.0027,1.0192,0.4900,-2.7300,0.8400
2099378,sitting,-0.0298,0.0024,1.0194,0.5250,-2.7300,0.8400
2099397,sitting,-0.0290,0.0022,1.0197,0.4900,-2.7300,0.8400
2099416,sitting,-0.0295,0.0022,1.0199,0.4900,-2.7300,0.8400
2099435,sitting,-0.0300,0.0024,1.0204,0.5250,-2.7300,0.8750
2099455,sitting,-0.0290,0.0017,1.0187,0.4900,-2.7300,0.8400
2099474,sitting,-0.0305,0.0022,1.0189,0.5250,-2.7300,0.8050
2099493,sitting,-0.0303,0.0020,1.0194,0.4900,-2.6950,0.8400
2099512,sitting,-0.0307,0.0029,1.0194,0.5250,-2.7300,0.8400
2099531,sitting,-0.0293,0.0015,1.0194,0.5250,-2.6950,0.8050
2099551,sitting,-0.0303,0.0017,1.0187,0.5600,-2.7300,0.7700
2099570,sitting,-0.0300,0.0020,1.0192,0.4900,-2.7300,0.7700
2099589,sitting,-0.0295,0.0020,1.0187,0.4900,-2.7300,0.8050
2099608,sitting,-0.0288,0.0007,1.0197,0.5600,-2.7300,0.8050
2099628,sitting,-0.0295,0.0022,1.0192,0.5250,-2.7300,0.8050
2099647,sitting,-0.0298,0.0024,1.0194,0.5250,-2.7300,0.7700
2099666,sitting,-0.0295,0.0017,1.0202,0.5250,-2.7300,0.8050
2099685,sitting,-0.0300,0.0024,1.0189,0.4900,-2.7300,0.8050
2099705,sitting,-0.0293,0.0020,1.0189,0.4900,-2.7300,0.8050
2099724,sitting,-0.0293,0.0032,1.0192,0.5250,-2.7300,0.8050
2099743,sitting,-0.0298,0.0012,1.0187,0.5250,-2.7300,0.8050
2099762,sitting,-0.0303,0.0017,1.0202,0.5250,-2.7300,0.8400
2099781,sitting,-0.0303,0.0017,1.0202,0.4900,-2.6950,0.8050
2099801,sitting,-0.0293,0.0022,1.0194,0.5250,-2.7300,0.8050
2099820,sitting,-0.0303,0.0022,1.0189,0.4900,-2.7300,0.8050
2099839,sitting,-0.0300,0.0029,1.0194,0.4900,-2.7300,0.7700
2099858,sitting,-0.0295,0.0024,1.0185,0.5250,-2.7300,0.7700
2099878,sitting,-0.0288,0.0027,1.0204,0.4900,-2.7300,0.8400
2099897,sitting,-0.0288,0.0029,1.0192,0.5250,-2.7300,0.8050
2099916,sitting,-0.0293,0.0020,1.0185,0.5600,-2.6950,0.8400
2099935,sitting,-0.0293,0.0020,1.0185,0.5250,-2.6950,0.8400
2099955,sitting,-0.0293,0.0022,1.0199,0.5600,-2.7300,0.7700
2099974,sitting,-0.0285,0.0032,1.0202,0.4900,-2.7300,0.8050
2099993,sitting,-0.0298,0.0015,1.0211,0.5600,-2.7300,0.7700
2100012,sitting,-0.0307,0.0024,1.0194,0.5600,-2.6950,0.8400
2100031,sitting,-0.0310,0.0015,1.0192,0.4900,-2.7300,0.8050
2100051,sitting,-0.0305,0.0022,1.0194,0.5600,-2.7300,0.7700
2100070,sitting,-0.0300,0.0020,1.0194,0.5600,-2.7300,0.7700
2100089,sitting,-0.0303,0.0029,1.0189,0.5600,-2.7300,0.8050
2100108,sitting,-0.0300,0.0015,1.0197,0.4900,-2.7300,0.8050
2100128,sitting,-0.0300,0.0022,1.0194,0.4900,-2.7300,0.8050
2100147,sitting,-0.0310,0.0020,1.0202,0.5250,-2.7300,0.8400
2100166,sitting,-0.0300,0.0027,1.0204,0.4900,-2.7300,0.8050
2100185,sitting,-0.0298,0.0027,1.0197,0.4900,-2.7300,0.8050
2100205,sitting,-0.0290,0.0032,1.0194,0.5250,-2.7300,0.8400
2100224,sitting,-0.0290,0.0017,1.0199,0.4900,-2.7300,0.7700
2100243,sitting,-0.0288,0.0027,1.0194,0.5250,-2.7300,0.7700
2100262,sitting,-0.0293,0.0022,1.0207,0.4900,-2.7300,0.8400
2100281,sitting,-0.0288,0.0017,1.0199,0.4900,-2.7300,0.8050
2100301,sitting,-0.0295,0.0015,1.0192,0.4900,-2.7300,0.8400
2100320,sitting,-0.0295,0.0027,1.0199,0.5600,-2.7300,0.8400
2100339,sitting,-0.0290,0.0027,1.0192,0.5600,-2.7300,0.8400
2100358,sitting,-0.0295,0.0027,1.0194,0.4900,-2.7300,0.8050
2100378,sitting,-0.0290,0.0024,1.0189,0.4900,-2.7300,0.7700
2100397,sitting,-0.0295,0.0032,1.0189,0.5250,-2.7300,0.8050
2100416,sitting,-0.0307,0.0027,1.0197,0.5250,-2.7300,0.8050
2100435,sitting,-0.0295,0.0024,1.0197,0.5250,-2.7300,0.7700
2100455,sitting,-0.0295,0.0027,1.0192,0.4900,-2.7300,0.8050
2100474,sitting,-0.0300,0.0022,1.0199,0.5600,-2.7300,0.8050
2100493,sitting,-0.0298,0.0017,1.0197,0.5600,-2.7300,0.7700
2100512,sitting,-0.0285,0.0020,1.0189,0.5250,-2.7300,0.8050
2100531,sitting,-0.0285,0.0029,1.0199,0.4900,-2.7300,0.8400
2100551,sitting,-0.0300,0.0022,1.0189,0.4900,-2.6950,0.8050
2100570,sitting,-0.0293,0.0020,1.0182,0.5600,-2.7300,0.8400
2100589,sitting,-0.0295,0.0017,1.0192,0.5250,-2.7300,0.8400
2100608,sitting,-0.0295,0.0022,1.0197,0.5250,-2.7300,0.8400
2100628,sitting,-0.0305,0.0032,1.0194,0.4900,-2.6950,0.8400
2100647,sitting,-0.0290,0.0015,1.0197,0.4900,-2.7300,0.8400
2100666,sitting,-0.0293,0.0022,1.0202,0.4900,-2.7300,0.8400
2100685,sitting,-0.0285,0.0027,1.0204,0.4900,-2.7300,0.8050
2100705,sitting,-0.0290,0.0017,1.0194,0.5250,-2.7300,0.8400
2100724,sitting,-0.0283,0.0022,1.0204,0.4900,-2.6950,0.8400
2100743,sitting,-0.0290,0.0020,1.0197,0.4900,-2.7300,0.8400
2100762,sitting,-0.0290,0.0027,1.0199,0.4900,-2.7300,0.8400
2100781,sitting,-0.0293,0.0022,1.0189,0.5250,-2.7300,0.8050
2100801,sitting,-0.0295,0.0024,1.0192,0.5600,-2.7300,0.8400
2100820,sitting,-0.0298,0.0020,1.0199,0.5600,-2.6600,0.8050
2100839,sitting,-0.0285,0.0020,1.0187,0.5250,-2.7300,0.8050
2100858,sitting,-0.0290,0.0015,1.0185,0.5600,-2.7300,0.7700
2100878,sitting,-0.0295,0.0027,1.0189,0.4900,-2.6600,0.8050
2100897,sitting,-0.0307,0.0012,1.0202,0.4900,-2.7300,0.7700
2100916,sitting,-0.0298,0.0012,1.0185,0.5250,-2.7650,0.8400
2100935,sitting,-0.0298,0.0022,1.0194,0.5600,-2.7300,0.7700
2100955,sitting,-0.0288,0.0020,1.0194,0.4900,-2.7300,0.7700
2100974,sitting,-0.0293,0.0022,1.0194,0.4900,-2.7650,0.8050
2100993,sitting,-0.0298,0.0020,1.0199,0.4900,-2.7650,0.8050
2101012,sitting,-0.0295,0.0017,1.0197,0.4900,-2.7300,0.7700
2101031,sitting,-0.0307,0.0022,1.0187,0.5600,-2.7300,0.8050
2101051,sitting,-0.0300,0.0022,1.0185,0.5250,-2.7300,0.8400
2101070,sitting,-0.0298,0.0024,1.0197,0.5600,-2.7300,0.8400
2101089,sitting,-0.0293,0.0017,1.0202,0.5250,-2.7300,0.8400
2101108,sitting,-0.0298,0.0017,1.0189,0.4900,-2.7300,0.8050
2101128,sitting,-0.0300,0.0020,1.0192,0.4900,-2.7300,0.8400
2101147,sitting,-0.0312,0.0029,1.0197,0.4900,-2.7300,0.8050
2101166,sitting,-0.0298,0.0024,1.0197,0.5250,-2.7300,0.8400
2101185,sitting,-0.0303,0.0017,1.0194,0.4900,-2.7300,0.8400
2101205,sitting,-0.0300,0.0022,1.0182,0.5250,-2.7300,0.8400
2101224,sitting,-0.0295,0.0027,1.0187,0.5250,-2.7650,0.8400
2101243,sitting,-0.0295,0.0020,1.0189,0.5250,-2.7300,0.8400
2101262,sitting,-0.0298,0.0012,1.0189,0.5250,-2.7300,0.8400
2101281,sitting,-0.0293,0.0020,1.0194,0.5600,-2.7300,0.8050
2101301,sitting,-0.0298,0.0015,1.0199,0.4900,-2.7300,0.8400
2101320,sitting,-0.0303,0.0022,1.0199,0.5250,-2.7300,0.8400
2101339,sitting,-0.0288,0.0024,1.0199,0.5250,-2.7300,0.8050
2101358,sitting,-0.0298,0.0022,1.0199,0.5600,-2.7300,0.7700
2101378,sitting,-0.0298,0.0022,1.0189,0.4900,-2.7300,0.8050
2101397,sitting,-0.0298,0.0024,1.0180,0.5250,-2.7300,0.8050
2101416,sitting,-0.0298,0.0034,1.0194,0.4900,-2.7300,0.8050
2101435,sitting,-0.0295,0.0022,1.0197,0.5600,-2.7300,0.8400
2101455,sitting,-0.0290,0.0024,1.0192,0.4900,-2.7300,0.8050
2101474,sitting,-0.0298,0.0022,1.0194,0.5250,-2.7300,0.8400
2101493,sitting,-0.0298,0.0027,1.0199,0.4900,-2.7300,0.8050
2101512,sitting,-0.0295,0.0020,1.0204,0.4900,-2.7300,0.7700
2101531,sitting,-0.0293,0.0017,1.0192,0.4900,-2.7300,0.8400
2101551,sitting,-0.0300,0.0020,1.0197,0.4900,-2.7300,0.8050
2101570,sitting,-0.0305,0.0010,1.0199,0.4900,-2.7300,0.7700
2101589,sitting,-0.0310,0.0024,1.0197,0.5250,-2.7300,0.8050
2101608,sitting,-0.0307,0.0012,1.0202,0.4900,-2.7300,0.8400
2101628,sitting,-0.0298,0.0017,1.0199,0.4900,-2.7300,0.8050
2101647,sitting,-0.0290,0.0029,1.0189,0.4900,-2.7300,0.8400
2101666,sitting,-0.0290,0.0017,1.0189,0.4900,-2.6950,0.8400
2101685,sitting,-0.0288,0.0017,1.0189,0.5250,-2.7300,0.8400
2101705,sitting,-0.0290,0.0022,1.0197,0.5600,-2.7300,0.8400
2101724,sitting,-0.0295,0.0024,1.0194,0.5250,-2.6950,0.8400
2101743,sitting,-0.0298,0.0024,1.0189,0.4900,-2.7300,0.8400
2101762,sitting,-0.0290,0.0017,1.0197,0.5250,-2.6950,0.7700
2101781,sitting,-0.0281,0.0022,1.0192,0.4900,-2.7300,0.8050
2101801,sitting,-0.0298,0.0020,1.0194,0.5250,-2.6950,0.7700
2101820,sitting,-0.0295,0.0024,1.0197,0.4900,-2.7300,0.8050
2101839,sitting,-0.0300,0.0024,1.0192,0.5250,-2.7300,0.8400
2101858,sitting,-0.0307,0.0012,1.0194,0.5250,-2.7300,0.7700
2101878,sitting,-0.0293,0.0024,1.0192,0.4900,-2.7300,0.8400
2101897,sitting,-0.0298,0.0012,1.0194,0.4900,-2.7300,0.8050
2101916,sitting,-0.0293,0.0020,1.0197,0.4900,-2.7300,0.8400
2101935,sitting,-0.0303,0.0012,1.0197,0.5600,-2.6950,0.8400
2101955,sitting,-0.0293,0.0007,1.0192,0.4900,-2.7300,0.8050
2101974,sitting,-0.0293,0.0017,1.0194,0.5250,-2.7300,0.8400
2101993,sitting,-0.0295,0.0017,1.0192,0.4900,-2.6950,0.8400
2102012,sitting,-0.0298,0.0017,1.0194,0.4900,-2.7300,0.8050
2102031,sitting,-0.0303,0.0017,1.0202,0.5250,-2.7300,0.8400
2102051,sitting,-0.0293,0.0017,1.0192,0.5250,-2.6950,0.8050
2102070,sitting,-0.0295,0.0017,1.0187,0.4900,-2.6950,0.8400
2102089,sitting,-0.0295,0.0022,1.0204,0.5250,-2.7300,0.8050
2102108,sitting,-0.0290,0.0024,1.0187,0.5250,-2.7300,0.8050
2102128,sitting,-0.0285,0.0024,1.0194,0.4900,-2.6950,0.8400
2102147,sitting,-0.0298,0.0017,1.0185,0.5600,-2.7300,0.8400
2102166,sitting,-0.0295,0.0017,1.0199,0.5250,-2.7300,0.8050
2102185,sitting,-0.0283,0.0027,1.0204,0.5250,-2.7300,0.7700
2102205,sitting,-0.0303,0.0022,1.0192,0.5250,-2.6950,0.8400
2102224,sitting,-0.0305,0.0015,1.0209,0.5600,-2.7300,0.8400
2102243,sitting,-0.0298,0.0022,1.0189,0.5250,-2.7300,0.7700
2102262,sitting,-0.0283,0.0022,1.0192,0.5250,-2.7300,0.8050
2102281,sitting,-0.0290,0.0020,1.0194,0.5250,-2.7300,0.8050
2102301,sitting,-0.0298,0.0027,1.0192,0.4900,-2.7300,0.8050
2102320,sitting,-0.0290,0.0027,1.0192,0.5600,-2.7300,0.8400
2102339,sitting,-0.0288,0.0027,1.0187,0.5250,-2.7300,0.8050
2102358,sitting,-0.0295,0.0017,1.0197,0.4900,-2.7300,0.8400
2102378,sitting,-0.0288,0.0017,1.0189,0.4900,-2.6950,0.8400
2102397,sitting,-0.0298,0.0020,1.0192,0.4900,-2.7300,0.8050
2102416,sitting,-0.0298,0.0017,1.0194,0.4900,-2.7300,0.7700
2102435,sitting,-0.0295,0.0022,1.0199,0.5250,-2.7300,0.8050
2102455,sitting,-0.0298,0.0024,1.0194,0.4900,-2.6950,0.8400
2102474,sitting,-0.0293,0.0024,1.0192,0.4900,-2.7300,0.8400
2102493,sitting,-0.0303,0.0024,1.0194,0.4900,-2.7300,0.8050
2102512,sitting,-0.0298,0.0007,1.0194,0.5250,-2.7300,0.8400
2102531,sitting,-0.0303,0.0020,1.0189,0.4900,-2.6950,0.8050
2102551,sitting,-0.0300,0.0027,1.0199,0.4900,-2.7300,0.8050
2102570,sitting,-0.0293,0.0012,1.0194,0.4900,-2.7300,0.8050
2102589,sitting,-0.0293,0.0029,1.0209,0.5250,-2.7300,0.8400
2102608,sitting,-0.0300,0.0024,1.0197,0.4900,-2.7300,0.7700
2102628,sitting,-0.0310,0.0020,1.0199,0.5600,-2.7300,0.8050
2102647,sitting,-0.0293,0.0024,1.0192,0.5250,-2.7300,0.8400
2102666,sitting,-0.0303,0.0024,1.0202,0.5250,-2.6950,0.7700
2102685,sitting,-0.0305,0.0024,1.0192,0.5600,-2.7300,0.8050
2102705,sitting,-0.0298,0.0022,1.0202,0.4900,-2.7300,0.7700
2102724,sitting,-0.0285,0.0032,1.0192,0.4900,-2.7300,0.7700
2102743,sitting,-0.0295,0.0022,1.0192,0.4900,-2.7300,0.8050
2102762,sitting,-0.0298,0.0017,1.0194,0.4900,-2.7300,0.7700
2102781,sitting,-0.0295,0.0022,1.0194,0.5250,-2.7300,0.7700
2102801,sitting,-0.0290,0.0024,1.0187,0.4900,-2.7300,0.8050
2102820,sitting,-0.0305,0.0020,1.0189,0.5250,-2.7300,0.8400
2102839,sitting,-0.0298,0.0020,1.0185,0.4900,-2.7300,0.8400
2102858,sitting,-0.0293,0.0029,1.0189,0.4900,-2.6950,0.8050
2102878,sitting,-0.0298,0.0022,1.0194,0.4900,-2.7300,0.7700
2102897,sitting,-0.0303,0.0037,1.0204,0.4900,-2.7300,0.8400
2102916,sitting,-0.0295,0.0012,1.0189,0.4900,-2.7300,0.8050
2102935,sitting,-0.0288,0.0027,1.0199,0.5250,-2.7650,0.8400
2102955,sitting,-0.0293,0.0029,1.0194,0.4900,-2.7300,0.8400
2102974,sitting,-0.0298,0.0015,1.0189,0.4900,-2.7300,0.8400
2102993,sitting,-0.0295,0.0022,1.0197,0.4900,-2.6950,0.8400
2103012,sitting,-0.0295,0.0020,1.0187,0.4900,-2.7300,0.8050
2103031,sitting,-0.0305,0.0020,1.0199,0.5600,-2.7300,0.8400
2103051,sitting,-0.0298,0.0032,1.0185,0.5250,-2.7300,0.7700
2103070,sitting,-0.0295,0.0020,1.0189,0.5250,-2.7300,0.7700
2103089,sitting,-0.0305,0.0024,1.0199,0.5250,-2.7300,0.7700
2103108,sitting,-0.0303,0.0020,1.0199,0.5600,-2.7300,0.7700
2103128,sitting,-0.0300,0.0027,1.0197,0.5600,-2.7300,0.8050
2103147,sitting,-0.0290,0.0020,1.0199,0.5250,-2.7300,0.8400
2103166,sitting,-0.0295,0.0017,1.0189,0.5600,-2.7300,0.8400
2103185,sitting,-0.0298,0.0024,1.0192,0.4900,-2.7300,0.7700
2103205,sitting,-0.0298,0.0027,1.0192,0.5250,-2.7300,0.8050
2103224,sitting,-0.0290,0.0022,1.0202,0.5250,-2.7300,0.8400
2103243,sitting,-0.0293,0.0015,1.0197,0.5250,-2.7300,0.7700
2103262,sitting,-0.0300,0.0027,1.0194,0.5250,-2.7300,0.8050
2103281,sitting,-0.0298,0.0027,1.0192,0.5600,-2.7300,0.8400
2103301,sitting,-0.0295,0.0022,1.0189,0.5250,-2.7300,0.8400
2103320,sitting,-0.0293,0.0022,1.0197,0.4900,-2.7300,0.8400
2103339,sitting,-0.0293,0.0022,1.0207,0.5250,-2.7300,0.8050
2103358,sitting,-0.0310,0.0017,1.0199,0.4900,-2.7300,0.8400
2103378,sitting,-0.0298,0.0020,1.0199,0.5600,-2.6600,0.8050
2103397,sitting,-0.0298,0.0020,1.0202,0.5250,-2.6950,0.8400
2103416,sitting,-0.0303,0.0017,1.0204,0.4900,-2.7300,0.8400
2103435,sitting,-0.0300,0.0022,1.0197,0.4900,-2.7300,0.8050
2103455,sitting,-0.0295,0.0020,1.0199,0.5600,-2.7300,0.8050
2103474,sitting,-0.0298,0.0027,1.0197,0.4900,-2.7300,0.8400
2103493,sitting,-0.0298,0.0022,1.0192,0.4900,-2.7300,0.8050
2103512,sitting,-0.0293,0.0022,1.0187,0.5250,-2.7300,0.7700
2103531,sitting,-0.0295,0.0034,1.0192,0.5250,-2.7300,0.8400
2103551,sitting,-0.0293,0.0017,1.0189,0.5250,-2.7300,0.8400
2103570,sitting,-0.0293,0.0020,1.0194,0.4900,-2.7300,0.8400
2103589,sitting,-0.0285,0.0020,1.0197,0.5250,-2.7300,0.7700
2103608,sitting,-0.0290,0.0029,1.0192,0.5250,-2.7300,0.8050
2103628,sitting,-0.0305,0.0020,1.0197,0.4900,-2.7300,0.8400
2103647,sitting,-0.0285,0.0029,1.0197,0.4900,-2.7300,0.8050
2103666,sitting,-0.0300,0.0020,1.0192,0.4900,-2.7300,0.8050
2103685,sitting,-0.0298,0.0029,1.0197,0.4900,-2.7300,0.8050
2103705,sitting,-0.0295,0.0020,1.0189,0.5250,-2.7300,0.8400
2103724,sitting,-0.0283,0.0015,1.0192,0.4900,-2.7300,0.8400
2103743,sitting,-0.0295,0.0024,1.0189,0.4900,-2.7300,0.8400
2103762,sitting,-0.0295,0.0024,1.0192,0.5250,-2.7300,0.7700
2103781,sitting,-0.0295,0.0022,1.0187,0.5250,-2.7300,0.7700
2103801,sitting,-0.0295,0.0022,1.0202,0.4900,-2.7300,0.8400
2103820,sitting,-0.0298,0.0024,1.0202,0.4900,-2.7300,0.8050
2103839,sitting,-0.0293,0.0022,1.0199,0.4900,-2.6950,0.8400
2103858,sitting,-0.0293,0.0020,1.0199,0.4900,-2.7300,0.8400
2103878,sitting,-0.0293,0.0017,1.0194,0.4900,-2.7300,0.8400
2103897,sitting,-0.0293,0.0020,1.0187,0.4900,-2.6600,0.8400
2103916,sitting,-0.0293,0.0020,1.0197,0.5250,-2.7300,0.8050
2103935,sitting,-0.0293,0.0020,1.0197,0.5250,-2.7300,0.8400
2103955,sitting,-0.0295,0.0024,1.0199,0.5250,-2.7300,0.8050
2103974,sitting,-0.0293,0.0020,1.0192,0.5600,-2.7300,0.8400
2103993,sitting,-0.0290,0.0015,1.0194,0.4900,-2.7300,0.8050
2104012,sitting,-0.0293,0.0034,1.0197,0.5250,-2.7300,0.8050
2104031,sitting,-0.0293,0.0024,1.0189,0.5600,-2.7300,0.8050
2104051,sitting,-0.0285,0.0017,1.0194,0.5600,-2.7300,0.8400
2104070,sitting,-0.0288,0.0020,1.0197,0.5250,-2.7300,0.8050
2104089,sitting,-0.0290,0.0022,1.0207,0.5600,-2.7300,0.8050
2104108,sitting,-0.0298,0.0032,1.0202,0.5250,-2.7300,0.8050
2104128,sitting,-0.0300,0.0020,1.0194,0.4900,-2.7300,0.8050
2104147,sitting,-0.0295,0.0027,1.0194,0.4900,-2.7300,0.7700
2104166,sitting,-0.0293,0.0024,1.0199,0.4900,-2.7300,0.8400
2104185,sitting,-0.0298,0.0020,1.0189,0.5250,-2.7300,0.8050
2104205,sitting,-0.0295,0.0022,1.0189,0.5250,-2.7650,0.7700
2104224,sitting,-0.0290,0.0015,1.0192,0.5600,-2.7300,0.8050
2104243,sitting,-0.0298,0.0020,1.0197,0.4900,-2.7300,0.8050
2104262,sitting,-0.0285,0.0017,1.0185,0.4900,-2.7300,0.8050
2104281,sitting,-0.0295,0.0024,1.0180,0.4900,-2.7300,0.8400
2104301,sitting,-0.0295,0.0020,1.0194,0.4900,-2.6600,0.8400
2104320,sitting,-0.0300,0.0020,1.0197,0.5250,-2.7300,0.8400
2104339,sitting,-0.0285,0.0027,1.0192,0.4900,-2.7300,0.8400
2104358,sitting,-0.0298,0.0020,1.0199,0.4900,-2.7300,0.7700
2104378,sitting,-0.0295,0.0015,1.0197,0.5250,-2.7300,0.8400
2104397,sitting,-0.0293,0.0022,1.0204,0.4900,-2.7300,0.8050
2104416,sitting,-0.0295,0.0022,1.0187,0.5250,-2.6950,0.8400
2104435,sitting,-0.0288,0.0024,1.0180,0.4900,-2.7300,0.8050
2104455,sitting,-0.0298,0.0032,1.0192,0.5250,-2.7300,0.8050
2104474,sitting,-0.0288,0.0012,1.0194,0.4900,-2.7300,0.8400
2104493,sitting,-0.0300,0.0020,1.0197,0.4900,-2.7300,0.8050
2104512,sitting,-0.0298,0.0022,1.0209,0.5600,-2.7300,0.8050
2104531,sitting,-0.0295,0.0020,1.0199,0.5250,-2.7300,0.8050
2104551,sitting,-0.0298,0.0029,1.0199,0.5250,-2.7300,0.8400
2104570,sitting,-0.0298,0.0024,1.0202,0.5250,-2.7300,0.8050
2104589,sitting,-0.0285,0.0022,1.0204,0.4900,-2.7300,0.8050
2104608,sitting,-0.0298,0.0024,1.0199,0.4900,-2.7300,0.7700
2104628,sitting,-0.0303,0.0015,1.0199,0.4900,-2.7300,0.8050
2104647,sitting,-0.0290,0.0027,1.0197,0.4900,-2.7300,0.8050
2104666,sitting,-0.0293,0.0024,1.0197,0.4900,-2.7300,0.8400
2104685,sitting,-0.0290,0.0024,1.0199,0.4550,-2.7300,0.8400
2104705,sitting,-0.0293,0.0024,1.0202,0.5250,-2.7300,0.7700
2104724,sitting,-0.0295,0.0022,1.0202,0.4900,-2.7300,0.8050
2104743,sitting,-0.0288,0.0015,1.0202,0.4900,-2.7300,0.7700
2104762,sitting,-0.0305,0.0012,1.0194,0.4900,-2.6950,0.8050
2104781,sitting,-0.0298,0.0022,1.0187,0.4900,-2.7300,0.8050
2104801,sitting,-0.0295,0.0017,1.0189,0.5250,-2.7300,0.8400
2104820,sitting,-0.0290,0.0020,1.0197,0.5600,-2.7300,0.8400
2104839,sitting,-0.0293,0.0024,1.0192,0.5600,-2.6600,0.8400
2104858,sitting,-0.0298,0.0024,1.0202,0.4900,-2.7300,0.8400
2104878,sitting,-0.0295,0.0029,1.0197,0.4900,-2.6950,0.8400
2104897,sitting,-0.0300,0.0017,1.0194,0.5250,-2.7300,0.7700
2104916,sitting,-0.0298,0.0017,1.0199,0.5250,-2.7300,0.8400
2104935,sitting,-0.0288,0.0022,1.0202,0.5250,-2.7300,0.8400
2104955,sitting,-0.0293,0.0027,1.0202,0.5250,-2.7300,0.7700
2104974,sitting,-0.0293,0.0032,1.0202,0.4900,-2.7300,0.7700
2104993,sitting,-0.0295,0.0020,1.0189,0.4900,-2.7300,0.7700
2105012,sitting,-0.0293,0.0022,1.0189,0.4900,-2.7300,0.8400
2105031,sitting,-0.0293,0.0029,1.0192,0.4900,-2.7300,0.8400
2105051,sitting,-0.0293,0.0029,1.0199,0.4900,-2.7300,0.8400
2105070,sitting,-0.0290,0.0020,1.0197,0.4900,-2.7300,0.8050
2105089,sitting,-0.0293,0.0022,1.0185,0.4900,-2.7300,0.8050
2105108,sitting,-0.0305,0.0027,1.0194,0.5250,-2.7300,0.8400
2105128,sitting,-0.0300,0.0012,1.0199,0.4900,-2.7300,0.8050
2105147,sitting,-0.0298,0.0022,1.0207,0.5250,-2.7300,0.8400
2105166,sitting,-0.0295,0.0024,1.0207,0.4900,-2.7300,0.8400
2105185,sitting,-0.0290,0.0029,1.0187,0.5250,-2.7300,0.8050
2105205,sitting,-0.0293,0.0017,1.0187,0.5250,-2.7300,0.8400
2105224,sitting,-0.0288,0.0022,1.0197,0.5250,-2.6950,0.8400
2105243,sitting,-0.0288,0.0032,1.0192,0.4900,-2.7300,0.8400
2105262,sitting,-0.0293,0.0024,1.0197,0.4900,-2.7300,0.8400
2105281,sitting,-0.0293,0.0024,1.0204,0.5600,-2.7300,0.8400
2105301,sitting,-0.0300,0.0029,1.0194,0.4900,-2.7300,0.8050
2105320,sitting,-0.0288,0.0032,1.0207,0.5600,-2.7300,0.8050
2105339,sitting,-0.0290,0.0029,1.0204,0.5250,-2.7300,0.8050
2105358,sitting,-0.0298,0.0024,1.0197,0.5250,-2.7300,0.7700
2105378,sitting,-0.0288,0.0015,1.0199,0.5600,-2.7300,0.8050
2105397,sitting,-0.0293,0.0024,1.0199,0.5250,-2.7300,0.8050
2105416,sitting,-0.0288,0.0017,1.0202,0.4900,-2.7300,0.8400
2105435,sitting,-0.0293,0.0020,1.0192,0.4900,-2.7300,0.8400
2105455,sitting,-0.0298,0.0032,1.0192,0.5250,-2.7300,0.8400
2105474,sitting,-0.0298,0.0017,1.0189,0.4900,-2.7300,0.8050
2105493,sitting,-0.0288,0.0017,1.0192,0.4900,-2.6950,0.8400
2105512,sitting,-0.0290,0.0012,1.0199,0.5250,-2.7300,0.8050
2105531,sitting,-0.0290,0.0020,1.0202,0.5250,-2.7300,0.8400
2105551,sitting,-0.0295,0.0017,1.0194,0.4900,-2.7300,0.8400
2105570,sitting,-0.0295,0.0015,1.0202,0.4900,-2.7300,0.8400
2105589,sitting,-0.0300,0.0020,1.0192,0.4900,-2.7300,0.8400
2105608,sitting,-0.0293,0.0032,1.0194,0.5250,-2.7300,0.8400
2105628,sitting,-0.0290,0.0020,1.0194,0.4900,-2.7300,0.8400
2105647,sitting,-0.0295,0.0020,1.0189,0.5250,-2.7300,0.8050
2105666,sitting,-0.0300,0.0015,1.0197,0.4900,-2.7300,0.8400
2105685,sitting,-0.0303,0.0024,1.0194,0.4900,-2.7300,0.8050
2105705,sitting,-0.0298,0.0022,1.0204,0.5250,-2.7300,0.8400
2105724,sitting,-0.0285,0.0015,1.0189,0.5250,-2.6950,0.8400
2105743,sitting,-0.0295,0.0027,1.0192,0.4900,-2.7300,0.8400
2105762,sitting,-0.0298,0.0024,1.0197,0.4900,-2.7300,0.8400
2105781,sitting,-0.0300,0.0020,1.0194,0.5600,-2.7300,0.8050
2105801,sitting,-0.0303,0.0027,1.0197,0.5600,-2.7300,0.7700
2105820,sitting,-0.0293,0.0022,1.0187,0.5250,-2.7300,0.8050
2105839,sitting,-0.0288,0.0022,1.0202,0.4900,-2.7300,0.8050
2105858,sitting,-0.0303,0.0027,1.0197,0.4900,-2.7300,0.8050
2105878,sitting,-0.0293,0.0015,1.0199,0.4900,-2.6600,0.7700
2105897,sitting,-0.0285,0.0015,1.0194,0.4900,-2.7300,0.7700
2105916,sitting,-0.0300,0.0017,1.0194,0.5250,-2.7650,0.8050
2105935,sitting,-0.0293,0.0024,1.0194,0.5250,-2.7300,0.8050
2105955,sitting,-0.0288,0.0032,1.0197,0.4900,-2.7300,0.8400
2105974,sitting,-0.0295,0.0032,1.0189,0.4900,-2.7300,0.8400
2105993,sitting,-0.0283,0.0024,1.0199,0.4900,-2.7300,0.7700
2106012,sitting,-0.0281,0.0010,1.0204,0.4900,-2.7300,0.8400
2106031,sitting,-0.0293,0.0022,1.0187,0.4900,-2.7300,0.8400
2106051,sitting,-0.0293,0.0017,1.0192,0.5250,-2.7300,0.8050
2106070,sitting,-0.0290,0.0020,1.0189,0.4550,-2.7300,0.8050
2106089,sitting,-0.0295,0.0027,1.0189,0.4900,-2.6950,0.8050
2106108,sitting,-0.0295,0.0024,1.0202,0.4550,-2.7300,0.8400
2106128,sitting,-0.0298,0.0020,1.0192,0.4900,-2.7300,0.8050
2106147,sitting,-0.0293,0.0020,1.0187,0.4900,-2.7300,0.7700
2106166,sitting,-0.0290,0.0020,1.0189,0.5250,-2.7300,0.8400
2106185,sitting,-0.0303,0.0024,1.0194,0.5250,-2.7300,0.8050
2106205,sitting,-0.0305,0.0020,1.0197,0.5250,-2.7300,0.7700
2106224,sitting,-0.0283,0.0015,1.0192,0.5250,-2.7300,0.8400
2106243,sitting,-0.0295,0.0015,1.0192,0.5250,-2.6950,0.8400
2106262,sitting,-0.0307,0.0012,1.0194,0.5250,-2.7300,0.8400
2106281,sitting,-0.0290,0.0034,1.0199,0.5250,-2.7300,0.8050
2106301,sitting,-0.0305,0.0024,1.0194,0.5250,-2.7300,0.8400
2106320,sitting,-0.0293,0.0012,1.0202,0.5600,-2.6950,0.7700
2106339,sitting,-0.0290,0.0020,1.0199,0.5600,-2.7300,0.8050
2106358,sitting,-0.0303,0.0024,1.0189,0.5600,-2.7300,0.8400
2106378,sitting,-0.0303,0.0022,1.0197,0.5250,-2.7300,0.8050
2106397,sitting,-0.0293,0.0017,1.0204,0.4900,-2.7300,0.7700
2106416,sitting,-0.0295,0.0022,1.0189,0.4900,-2.7300,0.8400
2106435,sitting,-0.0293,0.0022,1.0192,0.5250,-2.7300,0.8050
2106455,sitting,-0.0290,0.0017,1.0187,0.4900,-2.7300,0.8050
2106474,sitting,-0.0293,0.0020,1.0192,0.4900,-2.7300,0.8050
2106493,sitting,-0.0293,0.0024,1.0194,0.5250,-2.6950,0.8400
2106512,sitting,-0.0293,0.0022,1.0202,0.4900,-2.7300,0.8400
2106531,sitting,-0.0303,0.0027,1.0197,0.4900,-2.7300,0.8050
2106551,sitting,-0.0295,0.0020,1.0187,0.4900,-2.7300,0.8050
2106570,sitting,-0.0293,0.0024,1.0180,0.4900,-2.7300,0.8050
2106589,sitting,-0.0290,0.0017,1.0187,0.4900,-2.6950,0.8050
2106608,sitting,-0.0290,0.0017,1.0187,0.4900,-2.6600,0.8400
2106628,sitting,-0.0298,0.0027,1.0189,0.4900,-2.7300,0.8400
2106647,sitting,-0.0298,0.0029,1.0189,0.4900,-2.7300,0.8400
2106666,sitting,-0.0310,0.0027,1.0192,0.4900,-2.7300,0.8400
2106685,sitting,-0.0290,0.0015,1.0194,0.4900,-2.7300,0.7700
2106705,sitting,-0.0295,0.0015,1.0199,0.5250,-2.7300,0.8400
2106724,sitting,-0.0281,0.0022,1.0187,0.5250,-2.7300,0.8400
2106743,sitting,-0.0293,0.0032,1.0189,0.5250,-2.7300,0.8050
2106762,sitting,-0.0307,0.0024,1.0187,0.4900,-2.7300,0.8050
2106781,sitting,-0.0298,0.0022,1.0197,0.4900,-2.7300,0.7700
2106801,sitting,-0.0293,0.0029,1.0202,0.5250,-2.7300,0.8050
2106820,sitting,-0.0288,0.0012,1.0197,0.5250,-2.7300,0.8050
2106839,sitting,-0.0293,0.0017,1.0187,0.5250,-2.7300,0.8400
2106858,sitting,-0.0300,0.0022,1.0192,0.5250,-2.7300,0.8050
2106878,sitting,-0.0288,0.0020,1.0194,0.5250,-2.6950,0.8050
2106897,sitting,-0.0295,0.0020,1.0194,0.5250,-2.7300,0.8400
2106916,sitting,-0.0305,0.0022,1.0192,0.4900,-2.7300,0.8050
2106935,sitting,-0.0290,0.0020,1.0194,0.4900,-2.7300,0.8050
2106955,sitting,-0.0285,0.0029,1.0197,0.4550,-2.6950,0.8400
2106974,sitting,-0.0290,0.0017,1.0187,0.4900,-2.7300,0.8050
2106993,sitting,-0.0295,0.0022,1.0192,0.4900,-2.7300,0.8400
2107012,sitting,-0.0288,0.0020,1.0189,0.4900,-2.7300,0.8400
2107031,sitting,-0.0298,0.0024,1.0199,0.4900,-2.7300,0.8400
2107051,sitting,-0.0295,0.0024,1.0197,0.5250,-2.7300,0.8050
2107070,sitting,-0.0295,0.0017,1.0199,0.4900,-2.7300,0.8400
2107089,sitting,-0.0298,0.0029,1.0207,0.4900,-2.7300,0.8400
2107108,sitting,-0.0307,0.0015,1.0197,0.4900,-2.7300,0.8400
2107128,sitting,-0.0295,0.0022,1.0199,0.5600,-2.7300,0.8400
2107147,sitting,-0.0293,0.0017,1.0202,0.5600,-2.7300,0.8050
2107166,sitting,-0.0295,0.0024,1.0187,0.5600,-2.7300,0.7700
2107185,sitting,-0.0293,0.0020,1.0189,0.5250,-2.7300,0.8050
2107205,sitting,-0.0293,0.0022,1.0187,0.5250,-2.7300,0.8400
2107224,sitting,-0.0290,0.0022,1.0182,0.4900,-2.7300,0.7700
2107243,sitting,-0.0290,0.0020,1.0192,0.5250,-2.7300,0.8050
2107262,sitting,-0.0300,0.0012,1.0202,0.5600,-2.7300,0.8400
2107281,sitting,-0.0293,0.0020,1.0187,0.4900,-2.7300,0.8400
2107301,sitting,-0.0288,0.0015,1.0197,0.4900,-2.7300,0.8400
2107320,sitting,-0.0288,0.0020,1.0211,0.4900,-2.7300,0.8050
2107339,sitting,-0.0288,0.0029,1.0199,0.4900,-2.6950,0.8050
2107358,sitting,-0.0285,0.0017,1.0199,0.4900,-2.7300,0.8400
2107378,sitting,-0.0293,0.0020,1.0189,0.4900,-2.7300,0.8050
2107397,sitting,-0.0295,0.0022,1.0197,0.4900,-2.6950,0.8400
2107416,sitting,-0.0300,0.0029,1.0185,0.4900,-2.7300,0.8400
2107435,sitting,-0.0293,0.0020,1.0180,0.5600,-2.6950,0.8050
2107455,sitting,-0.0295,0.0020,1.0189,0.4900,-2.7650,0.8050
2107474,sitting,-0.0293,0.0022,1.0202,0.4900,-2.6950,0.8400
2107493,sitting,-0.0300,0.0027,1.0192,0.4900,-2.7300,0.8400
2107512,sitting,-0.0295,0.0022,1.0197,0.5250,-2.7300,0.8400
2107531,sitting,-0.0290,0.0017,1.0192,0.5250,-2.7300,0.8400
2107551,sitting,-0.0295,0.0024,1.0197,0.5600,-2.7300,0.8400
2107570,sitting,-0.0305,0.0024,1.0209,0.5250,-2.7300,0.8400
2107589,sitting,-0.0290,0.0027,1.0202,0.5250,-2.6950,0.7700
2107608,sitting,-0.0285,0.0017,1.0199,0.5250,-2.7300,0.7700
2107628,sitting,-0.0288,0.0015,1.0189,0.5250,-2.7300,0.8400
2107647,sitting,-0.0298,0.0017,1.0189,0.5600,-2.7300,0.8050
2107666,sitting,-0.0298,0.0010,1.0187,0.5250,-2.7300,0.8400
2107685,sitting,-0.0290,0.0017,1.0192,0.5250,-2.7300,0.8050
2107705,sitting,-0.0293,0.0015,1.0189,0.5250,-2.7650,0.7700
2107724,sitting,-0.0300,0.0022,1.0192,0.4900,-2.7300,0.8400
2107743,sitting,-0.0303,0.0022,1.0187,0.4900,-2.7300,0.8400
2107762,sitting,-0.0290,0.0015,1.0185,0.4900,-2.7300,0.8400
2107781,sitting,-0.0290,0.0017,1.0189,0.5250,-2.7300,0.8400
2107801,sitting,-0.0295,0.0020,1.0192,0.4900,-2.7300,0.8050
2107820,sitting,-0.0303,0.0027,1.0192,0.5600,-2.7300,0.8050
2107839,sitting,-0.0305,0.0027,1.0199,0.4900,-2.7300,0.8050
2107858,sitting,-0.0293,0.0017,1.0185,0.4900,-2.7300,0.8050
2107878,sitting,-0.0303,0.0017,1.0197,0.4900,-2.7300,0.8400
2107897,sitting,-0.0290,0.0020,1.0197,0.4900,-2.6950,0.8050
2107916,sitting,-0.0295,0.0022,1.0194,0.4900,-2.7300,0.8050
2107935,sitting,-0.0295,0.0024,1.0197,0.4900,-2.7300,0.8050
2107955,sitting,-0.0295,0.0024,1.0192,0.5250,-2.7300,0.8050
2107974,sitting,-0.0295,0.0020,1.0189,0.4900,-2.7300,0.8050
2107993,sitting,-0.0285,0.0020,1.0192,0.4900,-2.7300,0.8050
2108012,sitting,-0.0288,0.0027,1.0199,0.5250,-2.6950,0.8400
2108031,sitting,-0.0293,0.0020,1.0204,0.5250,-2.6950,0.8400
2108051,sitting,-0.0295,0.0020,1.0197,0.5250,-2.7300,0.8400
2108070,sitting,-0.0288,0.0024,1.0202,0.4900,-2.7300,0.8050
2108089,sitting,-0.0298,0.0027,1.0202,0.5250,-2.7300,0.8050
2108108,sitting,-0.0290,0.0029,1.0182,0.5250,-2.7300,0.8050
2108128,sitting,-0.0293,0.0024,1.0194,0.4900,-2.7300,0.7700
2108147,sitting,-0.0298,0.0020,1.0204,0.4900,-2.7300,0.8050
2108166,sitting,-0.0298,0.0024,1.0192,0.5250,-2.7300,0.8750
2108185,sitting,-0.0295,0.0024,1.0204,0.5250,-2.7300,0.8400
2108205,sitting,-0.0303,0.0027,1.0194,0.4900,-2.7300,0.8400
2108224,sitting,-0.0288,0.0020,1.0192,0.4900,-2.7300,0.8400
2108243,sitting,-0.0298,0.0024,1.0189,0.4900,-2.7650,0.8400
2108262,sitting,-0.0285,0.0022,1.0187,0.4900,-2.7300,0.8050
2108281,sitting,-0.0295,0.0017,1.0207,0.4900,-2.7300,0.8400
2108301,sitting,-0.0290,0.0017,1.0204,0.5250,-2.7300,0.8400
2108320,sitting,-0.0293,0.0024,1.0187,0.5250,-2.6950,0.8050
2108339,sitting,-0.0290,0.0015,1.0182,0.4900,-2.7300,0.8050
2108358,sitting,-0.0290,0.0012,1.0197,0.5250,-2.7300,0.8050
2108378,sitting,-0.0295,0.0020,1.0194,0.5250,-2.7300,0.8050
2108397,sitting,-0.0295,0.0029,1.0197,0.4900,-2.7300,0.8400
2108416,sitting,-0.0298,0.0024,1.0192,0.4900,-2.6950,0.8400
2108435,sitting,-0.0290,0.0024,1.0192,0.4900,-2.6950,0.8400
2108455,sitting,-0.0290,0.0015,1.0192,0.4900,-2.7300,0.8400
2108474,sitting,-0.0285,0.0015,1.0197,0.4900,-2.7300,0.8050
2108493,sitting,-0.0293,0.0024,1.0192,0.4900,-2.7300,0.8400
2108512,sitting,-0.0300,0.0024,1.0194,0.5250,-2.7300,0.8050
2108531,sitting,-0.0290,0.0032,1.0185,0.4900,-2.7300,0.8050
2108551,sitting,-0.0298,0.0032,1.0192,0.5250,-2.7300,0.8400
2108570,sitting,-0.0290,0.0024,1.0197,0.4900,-2.7300,0.8400
2108589,sitting,-0.0290,0.0015,1.0199,0.4900,-2.7300,0.8050
2108608,sitting,-0.0288,0.0020,1.0199,0.4900,-2.7300,0.8400
2108628,sitting,-0.0288,0.0020,1.0202,0.4900,-2.7300,0.8050
2108647,sitting,-0.0293,0.0017,1.0189,0.4900,-2.7300,0.7700
2108666,sitting,-0.0295,0.0029,1.0194,0.4900,-2.7300,0.7700
2108685,sitting,-0.0288,0.0015,1.0199,0.4550,-2.7300,0.8050
2108705,sitting,-0.0293,0.0022,1.0204,0.4900,-2.7300,0.8400
2108724,sitting,-0.0295,0.0022,1.0194,0.4900,-2.7300,0.8400
2108743,sitting,-0.0290,0.0022,1.0194,0.4900,-2.7300,0.8400
2108762,sitting,-0.0295,0.0020,1.0189,0.4900,-2.7300,0.8050
2108781,sitting,-0.0298,0.0017,1.0187,0.5600,-2.7300,0.7700
2108801,sitting,-0.0295,0.0015,1.0197,0.4900,-2.7650,0.8750
2108820,sitting,-0.0307,0.0027,1.0194,0.4900,-2.7300,0.8400
2108839,sitting,-0.0283,0.0020,1.0187,0.5250,-2.6600,0.8400
2108858,sitting,-0.0288,0.0020,1.0187,0.5250,-2.7300,0.8400
2108878,sitting,-0.0290,0.0024,1.0197,0.4900,-2.7300,0.8400
2108897,sitting,-0.0298,0.0015,1.0192,0.4900,-2.7300,0.8400
2108916,sitting,-0.0295,0.0027,1.0194,0.5250,-2.7300,0.8050
2108935,sitting,-0.0298,0.0027,1.0194,0.5600,-2.6950,0.8050
2108955,sitting,-0.0298,0.0032,1.0194,0.4900,-2.7300,0.8400
2108974,sitting,-0.0288,0.0034,1.0189,0.5250,-2.7300,0.7700
2108993,sitting,-0.0300,0.0022,1.0197,0.5600,-2.7300,0.8050
2109012,sitting,-0.0288,0.0024,1.0194,0.4900,-2.7300,0.7700
2109031,sitting,-0.0290,0.0027,1.0192,0.4900,-2.7300,0.7700
2109051,sitting,-0.0298,0.0027,1.0192,0.4900,-2.7300,0.8400
2109070,sitting,-0.0298,0.0010,1.0189,0.4900,-2.7300,0.8400
2109089,sitting,-0.0293,0.0015,1.0199,0.5250,-2.7300,0.8400
2109108,sitting,-0.0293,0.0015,1.0189,0.5250,-2.7300,0.8400
2109128,sitting,-0.0290,0.0017,1.0199,0.4900,-2.7300,0.8050
2109147,sitting,-0.0293,0.0017,1.0197,0.5250,-2.7300,0.8400
2109166,sitting,-0.0298,0.0020,1.0187,0.4900,-2.7300,0.8400
2109185,sitting,-0.0288,0.0020,1.0199,0.4900,-2.6950,0.7700
2109205,sitting,-0.0288,0.0022,1.0197,0.4900,-2.7300,0.8400
2109224,sitting,-0.0293,0.0015,1.0194,0.5250,-2.7300,0.8400
2109243,sitting,-0.0295,0.0022,1.0192,0.4900,-2.7300,0.8400
2109262,sitting,-0.0300,0.0020,1.0187,0.4900,-2.7300,0.8400
2109281,sitting,-0.0298,0.0024,1.0209,0.4900,-2.7300,0.8400
2109301,sitting,-0.0293,0.0022,1.0194,0.4900,-2.7300,0.8400
2109320,sitting,-0.0303,0.0020,1.0202,0.5250,-2.6950,0.8400
2109339,sitting,-0.0283,0.0020,1.0194,0.5600,-2.7300,0.8400
2109358,sitting,-0.0295,0.0010,1.0189,0.5250,-2.7300,0.8050
2109378,sitting,-0.0307,0.0015,1.0189,0.5600,-2.7300,0.7700
2109397,sitting,-0.0295,0.0020,1.0194,0.5250,-2.7300,0.8400
2109416,sitting,-0.0293,0.0027,1.0185,0.5250,-2.6950,0.8400
2109435,sitting,-0.0295,0.0017,1.0199,0.4900,-2.7300,0.8050
2109455,sitting,-0.0295,0.0020,1.0189,0.5250,-2.7300,0.8400
2109474,sitting,-0.0285,0.0015,1.0202,0.4900,-2.6950,0.7700
2109493,sitting,-0.0283,0.0010,1.0194,0.4900,-2.7300,0.7700
2109512,sitting,-0.0300,0.0015,1.0189,0.4900,-2.7300,0.8400
2109531,sitting,-0.0295,0.0017,1.0189,0.5600,-2.7300,0.8400
2109551,sitting,-0.0290,0.0020,1.0202,0.4900,-2.7300,0.8400
2109570,sitting,-0.0293,0.0029,1.0187,0.5250,-2.7300,0.8400
2109589,sitting,-0.0290,0.0020,1.0199,0.4900,-2.7300,0.8400
2109608,sitting,-0.0298,0.0012,1.0197,0.4900,-2.7300,0.8400
2109628,sitting,-0.0298,0.0015,1.0197,0.5250,-2.7300,0.7700
2109647,sitting,-0.0300,0.0024,1.0192,0.4900,-2.7650,0.7700
2109666,sitting,-0.0295,0.0022,1.0197,0.4900,-2.7300,0.8050
2109685,sitting,-0.0305,0.0020,1.0194,0.4900,-2.7300,0.8050
2109705,sitting,-0.0295,0.0017,1.0204,0.5250,-2.7300,0.8400
2109724,sitting,-0.0307,0.0017,1.0197,0.4900,-2.7300,0.8400
2109743,sitting,-0.0290,0.0017,1.0199,0.5600,-2.7300,0.8400
2109762,sitting,-0.0300,0.0017,1.0192,0.4900,-2.7300,0.8050
2109781,sitting,-0.0298,0.0022,1.0199,0.5250,-2.7300,0.8400
2109801,sitting,-0.0295,0.0027,1.0194,0.4900,-2.7300,0.8400
2109820,sitting,-0.0295,0.0027,1.0202,0.5250,-2.7300,0.8050
2109839,sitting,-0.0295,0.0012,1.0209,0.4900,-2.7300,0.8400
2109858,sitting,-0.0295,0.0024,1.0199,0.5250,-2.7300,0.8050
2109878,sitting,-0.0290,0.0032,1.0187,0.5600,-2.6600,0.8050
2109897,sitting,-0.0285,0.0020,1.0202,0.4900,-2.7300,0.8050
2109916,sitting,-0.0290,0.0020,1.0192,0.4900,-2.7300,0.7700
2109935,sitting,-0.0298,0.0020,1.0204,0.4900,-2.7300,0.8400
2109955,sitting,-0.0295,0.0012,1.0199,0.4900,-2.7300,0.8400
2109974,sitting,-0.0293,0.0020,1.0194,0.4900,-2.7300,0.8050
2109993,sitting,-0.0290,0.0027,1.0194,0.5250,-2.7300,0.8050
2110012,sitting,-0.0293,0.0022,1.0197,0.4900,-2.7300,0.8050
2110031,sitting,-0.0285,0.0024,1.0194,0.5250,-2.7300,0.8050
2110051,sitting,-0.0293,0.0012,1.0197,0.5250,-2.7300,0.8400
2110070,sitting,-0.0298,0.0020,1.0189,0.4900,-2.7300,0.8400
2110089,sitting,-0.0285,0.0020,1.0199,0.4900,-2.7300,0.8400
2110108,sitting,-0.0293,0.0020,1.0202,0.5250,-2.7300,0.8400
2110128,sitting,-0.0298,0.0029,1.0185,0.4900,-2.7300,0.8400
2110147,sitting,-0.0293,0.0022,1.0189,0.5250,-2.7650,0.8400
2110166,sitting,-0.0298,0.0010,1.0197,0.4900,-2.7300,0.8050
2110185,sitting,-0.0298,0.0022,1.0194,0.4900,-2.7300,0.8050
2110205,sitting,-0.0288,0.0022,1.0192,0.4900,-2.7300,0.8400
2110224,sitting,-0.0288,0.0022,1.0199,0.5250,-2.7300,0.8400
2110243,sitting,-0.0300,0.0024,1.0199,0.4900,-2.7300,0.8400
2110262,sitting,-0.0285,0.0017,1.0204,0.5600,-2.7300,0.8400
2110281,sitting,-0.0285,0.0020,1.0197,0.5600,-2.7300,0.8400
2110301,sitting,-0.0290,0.0010,1.0192,0.5250,-2.7300,0.8050
2110320,sitting,-0.0298,0.0022,1.0194,0.4900,-2.7300,0.8400
2110339,sitting,-0.0300,0.0012,1.0209,0.4900,-2.7300,0.8400
2110358,sitting,-0.0298,0.0010,1.0194,0.5250,-2.7300,0.8050
2110378,sitting,-0.0293,0.0022,1.0199,0.4900,-2.7300,0.8050
2110397,sitting,-0.0290,0.0024,1.0194,0.4900,-2.7300,0.8400
2110416,sitting,-0.0293,0.0020,1.0194,0.4900,-2.7650,0.8050
2110435,sitting,-0.0300,0.0024,1.0192,0.5600,-2.8000,0.8050
2110455,sitting,-0.0295,0.0027,1.0182,0.5600,-2.7300,0.8050
2110474,sitting,-0.0290,0.0032,1.0204,0.4900,-2.7300,0.8050
2110493,sitting,-0.0293,0.0029,1.0192,0.4900,-2.7300,0.8400
2110512,sitting,-0.0298,0.0017,1.0204,0.4900,-2.7300,0.8050
2110531,sitting,-0.0300,0.0024,1.0204,0.4900,-2.7300,0.8050
2110551,sitting,-0.0283,0.0012,1.0192,0.4900,-2.7300,0.7700
2110570,sitting,-0.0295,0.0017,1.0197,0.4900,-2.7300,0.8400
2110589,sitting,-0.0293,0.0022,1.0202,0.4900,-2.7300,0.8050
2110608,sitting,-0.0290,0.0024,1.0199,0.4900,-2.7300,0.8050
2110628,sitting,-0.0293,0.0022,1.0202,0.4900,-2.7300,0.8400
2110647,sitting,-0.0293,0.0022,1.0197,0.4900,-2.7300,0.8400
2110666,sitting,-0.0298,0.0024,1.0202,0.5600,-2.7300,0.8050
2110685,sitting,-0.0295,0.0017,1.0202,0.5250,-2.7300,0.8400
2110705,sitting,-0.0300,0.0022,1.0194,0.5600,-2.7300,0.8400
2110724,sitting,-0.0295,0.0027,1.0192,0.5250,-2.7300,0.8400
2110743,sitting,-0.0285,0.0024,1.0199,0.5250,-2.7300,0.8400
2110762,sitting,-0.0298,0.0015,1.0189,0.4900,-2.7300,0.8400
2110781,sitting,-0.0285,0.0020,1.0180,0.4900,-2.7300,0.8050
2110801,sitting,-0.0300,0.0022,1.0189,0.5250,-2.7300,0.7700
2110820,sitting,-0.0293,0.0027,1.0197,0.5250,-2.7300,0.7700
2110839,sitting,-0.0293,0.0024,1.0199,0.5600,-2.7300,0.7700
2110858,sitting,-0.0303,0.0017,1.0185,0.4900,-2.7300,0.8400
2110878,sitting,-0.0298,0.0024,1.0197,0.5250,-2.7300,0.8400
2110897,sitting,-0.0290,0.0015,1.0189,0.4900,-2.7300,0.8050
2110916,sitting,-0.0293,0.0020,1.0189,0.4900,-2.7300,0.8400
2110935,sitting,-0.0295,0.0015,1.0202,0.4900,-2.7300,0.8400
2110955,sitting,-0.0290,0.0017,1.0202,0.4900,-2.7300,0.7700
2110974,sitting,-0.0295,0.0027,1.0199,0.4900,-2.7300,0.8400
2110993,sitting,-0.0290,0.0027,1.0199,0.4900,-2.7300,0.8400
2111012,sitting,-0.0298,0.0015,1.0192,0.4900,-2.7300,0.8050
2111031,sitting,-0.0300,0.0020,1.0194,0.4900,-2.7300,0.8400
2111051,sitting,-0.0290,0.0024,1.0199,0.4900,-2.7300,0.7700
2111070,sitting,-0.0288,0.0015,1.0194,0.4900,-2.7300,0.7700
2111089,sitting,-0.0298,0.0022,1.0185,0.5250,-2.7300,0.7700
2111108,sitting,-0.0293,0.0020,1.0182,0.4900,-2.7300,0.8400
2111128,sitting,-0.0285,0.0027,1.0187,0.4900,-2.7300,0.8400
2111147,sitting,-0.0303,0.0020,1.0189,0.5250,-2.6950,0.8400
2111166,sitting,-0.0298,0.0010,1.0192,0.5600,-2.7300,0.8400
2111185,sitting,-0.0288,0.0010,1.0189,0.4900,-2.7300,0.8400
2111205,sitting,-0.0295,0.0010,1.0197,0.5600,-2.7300,0.8050
2111224,sitting,-0.0290,0.0015,1.0189,0.5250,-2.7650,0.7700
2111243,sitting,-0.0290,0.0017,1.0202,0.5250,-2.7300,0.7700
2111262,sitting,-0.0290,0.0020,1.0194,0.5600,-2.7300,0.7700
2111281,sitting,-0.0290,0.0029,1.0197,0.5250,-2.7300,0.8400
2111301,sitting,-0.0288,0.0034,1.0187,0.4900,-2.7300,0.8400
2111320,sitting,-0.0288,0.0015,1.0202,0.5250,-2.7300,0.8050
2111339,sitting,-0.0303,0.0024,1.0185,0.4900,-2.7300,0.8050
2111358,sitting,-0.0300,0.0022,1.0189,0.5250,-2.7300,0.8050
2111378,sitting,-0.0285,0.0015,1.0199,0.4900,-2.7300,0.8400
2111397,sitting,-0.0290,0.0020,1.0189,0.4900,-2.7300,0.8400
2111416,sitting,-0.0293,0.0007,1.0194,0.5250,-2.7650,0.8050
2111435,sitting,-0.0298,0.0022,1.0189,0.4900,-2.7300,0.8050
2111455,sitting,-0.0298,0.0024,1.0202,0.4900,-2.7300,0.8050
2111474,sitting,-0.0298,0.0015,1.0202,0.4900,-2.7300,0.8050
2111493,sitting,-0.0295,0.0022,1.0194,0.4900,-2.7300,0.8400
2111512,sitting,-0.0293,0.0022,1.0194,0.5250,-2.7300,0.8400
2111531,sitting,-0.0288,0.0027,1.0202,0.4900,-2.7300,0.8400
2111551,sitting,-0.0290,0.0024,1.0199,0.4900,-2.7300,0.8400
2111570,sitting,-0.0295,0.0020,1.0194,0.5250,-2.7300,0.8400
2111589,sitting,-0.0281,0.0024,1.0194,0.5250,-2.7300,0.8750
2111608,sitting,-0.0283,0.0024,1.0211,0.5600,-2.7300,0.8400
2111628,sitting,-0.0285,0.0020,1.0197,0.5250,-2.7300,0.8400
2111647,sitting,-0.0290,0.0012,1.0202,0.5250,-2.7300,0.8400
2111666,sitting,-0.0298,0.0020,1.0192,0.5250,-2.7300,0.8400
2111685,sitting,-0.0305,0.0017,1.0199,0.5250,-2.7300,0.8050
2111705,sitting,-0.0288,0.0020,1.0197,0.5250,-2.7300,0.8050
2111724,sitting,-0.0295,0.0015,1.0194,0.5250,-2.7300,0.8050
2111743,sitting,-0.0295,0.0012,1.0197,0.5250,-2.7300,0.8050
2111762,sitting,-0.0281,0.0015,1.0197,0.5600,-2.7300,0.8400
2111781,sitting,-0.0290,0.0024,1.0194,0.4900,-2.7650,0.8400
2111801,sitting,-0.0290,0.0032,1.0204,0.5250,-2.7300,0.8050
2111820,sitting,-0.0293,0.0024,1.0209,0.4900,-2.7300,0.8400
2111839,sitting,-0.0293,0.0029,1.0202,0.5250,-2.7300,0.8400
2111858,sitting,-0.0285,0.0027,1.0207,0.5250,-2.7300,0.8050
2111878,sitting,-0.0290,0.0029,1.0202,0.4900,-2.7300,0.8050
2111897,sitting,-0.0285,0.0020,1.0197,0.4900,-2.7300,0.8400
2111916,sitting,-0.0288,0.0024,1.0192,0.4900,-2.7300,0.8050
2111935,sitting,-0.0285,0.0022,1.0194,0.4550,-2.7300,0.8400
2111955,sitting,-0.0295,0.0024,1.0194,0.4900,-2.7300,0.8400
2111974,sitting,-0.0303,0.0027,1.0197,0.4900,-2.7300,0.8400
2111993,sitting,-0.0293,0.0020,1.0197,0.4900,-2.7300,0.8400
2112012,sitting,-0.0283,0.0020,1.0199,0.4900,-2.7300,0.8400
2112031,sitting,-0.0298,0.0024,1.0197,0.4900,-2.7300,0.7700
2112051,sitting,-0.0295,0.0020,1.0189,0.4900,-2.6950,0.8050
2112070,sitting,-0.0290,0.0027,1.0192,0.5250,-2.7300,0.8400
2112089,sitting,-0.0298,0.0024,1.0187,0.4900,-2.7300,0.8400
2112108,sitting,-0.0288,0.0022,1.0199,0.4900,-2.7300,0.7700
2112128,sitting,-0.0285,0.0027,1.0189,0.5250,-2.7300,0.7700
2112147,sitting,-0.0293,0.0020,1.0194,0.5250,-2.6950,0.8400
2112166,sitting,-0.0293,0.0012,1.0197,0.5250,-2.7300,0.8050
2112185,sitting,-0.0288,0.0027,1.0197,0.4900,-2.7300,0.8400
2112205,sitting,-0.0300,0.0029,1.0194,0.4900,-2.6950,0.8400
2112224,sitting,-0.0300,0.0015,1.0187,0.4900,-2.7300,0.8050
2112243,sitting,-0.0293,0.0017,1.0185,0.5250,-2.7300,0.8050
2112262,sitting,-0.0288,0.0022,1.0192,0.4900,-2.7300,0.8050
2112281,sitting,-0.0285,0.0020,1.0204,0.5250,-2.7300,0.8050
2112301,sitting,-0.0290,0.0022,1.0192,0.4900,-2.6950,0.8050
2112320,sitting,-0.0288,0.0022,1.0192,0.4900,-2.7300,0.8400
2112339,sitting,-0.0288,0.0022,1.0202,0.4900,-2.7300,0.8050
2112358,sitting,-0.0295,0.0024,1.0194,0.5600,-2.6950,0.8400
2112378,sitting,-0.0295,0.0022,1.0185,0.5250,-2.7300,0.8400
2112397,sitting,-0.0288,0.0022,1.0202,0.5250,-2.7300,0.7700
2112416,sitting,-0.0295,0.0034,1.0199,0.5250,-2.7300,0.8050
2112435,sitting,-0.0281,0.0017,1.0202,0.4900,-2.7300,0.8400
2112455,sitting,-0.0288,0.0022,1.0194,0.4900,-2.7300,0.8400
2112474,sitting,-0.0300,0.0034,1.0197,0.4900,-2.7300,0.8400
2112493,sitting,-0.0303,0.0024,1.0197,0.4900,-2.7300,0.8050
2112512,sitting,-0.0300,0.0020,1.0194,0.5250,-2.7300,0.8400
2112531,sitting,-0.0290,0.0012,1.0187,0.4900,-2.7300,0.8400
2112551,sitting,-0.0293,0.0027,1.0187,0.4900,-2.7300,0.8400
2112570,sitting,-0.0290,0.0037,1.0199,0.5250,-2.7300,0.8400
2112589,sitting,-0.0298,0.0017,1.0197,0.5250,-2.7300,0.8400
2112608,sitting,-0.0295,0.0017,1.0187,0.5600,-2.7300,0.8050
2112628,sitting,-0.0285,0.0032,1.0194,0.5600,-2.7300,0.8050
2112647,sitting,-0.0290,0.0020,1.0192,0.5250,-2.7300,0.7700
2112666,sitting,-0.0285,0.0017,1.0194,0.5250,-2.7300,0.8400
2112685,sitting,-0.0295,0.0020,1.0199,0.4900,-2.6600,0.8050
2112705,sitting,-0.0290,0.0010,1.0207,0.5250,-2.7300,0.8050
2112724,sitting,-0.0288,0.0012,1.0192,0.4900,-2.7300,0.7700
2112743,sitting,-0.0288,0.0024,1.0194,0.5250,-2.7300,0.8050
2112762,sitting,-0.0293,0.0010,1.0189,0.5250,-2.7300,0.8050
2112781,sitting,-0.0293,0.0017,1.0204,0.4900,-2.7300,0.8050
2112801,sitting,-0.0295,0.0027,1.0197,0.4900,-2.7300,0.8400
2112820,sitting,-0.0303,0.0015,1.0189,0.5250,-2.7300,0.8400
2112839,sitting,-0.0295,0.0015,1.0192,0.5250,-2.7300,0.8050
2112858,sitting,-0.0293,0.0024,1.0194,0.4900,-2.7300,0.8400
2112878,sitting,-0.0295,0.0022,1.0189,0.4900,-2.7300,0.8400
2112897,sitting,-0.0285,0.0027,1.0192,0.4900,-2.7300,0.8400
2112916,sitting,-0.0293,0.0017,1.0194,0.5600,-2.7300,0.8400
2112935,sitting,-0.0293,0.0015,1.0202,0.4900,-2.7300,0.7700
2112955,sitting,-0.0295,0.0029,1.0197,0.4900,-2.7300,0.8400
2112974,sitting,-0.0290,0.0024,1.0197,0.4900,-2.7300,0.8400
2112993,sitting,-0.0283,0.0015,1.0189,0.4900,-2.7300,0.8050
2113012,sitting,-0.0293,0.0024,1.0192,0.5250,-2.7300,0.8400
2113031,sitting,-0.0295,0.0020,1.0194,0.5600,-2.7300,0.8050
2113051,sitting,-0.0298,0.0017,1.0197,0.4900,-2.7300,0.8400
2113070,sitting,-0.0303,0.0020,1.0194,0.5600,-2.7300,0.8050
2113089,sitting,-0.0288,0.0024,1.0199,0.5600,-2.7300,0.8400
2113108,sitting,-0.0290,0.0020,1.0199,0.4900,-2.7300,0.8400
2113128,sitting,-0.0305,0.0020,1.0194,0.5250,-2.7300,0.8050
2113147,sitting,-0.0295,0.0015,1.0197,0.4900,-2.7650,0.7700
2113166,sitting,-0.0303,0.0010,1.0189,0.5600,-2.7300,0.8050
2113185,sitting,-0.0288,0.0020,1.0197,0.4900,-2.7650,0.7700
2113205,sitting,-0.0293,0.0017,1.0197,0.4900,-2.7300,0.8400
2113224,sitting,-0.0288,0.0022,1.0199,0.4900,-2.7300,0.8400
2113243,sitting,-0.0283,0.0024,1.0189,0.5250,-2.7300,0.8050
2113262,sitting,-0.0285,0.0029,1.0187,0.5250,-2.7300,0.8050
2113281,sitting,-0.0281,0.0022,1.0185,0.4900,-2.7300,0.7700
2113301,sitting,-0.0285,0.0022,1.0199,0.4900,-2.7300,0.7700
2113320,sitting,-0.0288,0.0022,1.0189,0.5250,-2.7300,0.8400
2113339,sitting,-0.0295,0.0020,1.0192,0.4900,-2.7300,0.8400
2113358,sitting,-0.0290,0.0022,1.0192,0.4900,-2.7300,0.8400
2113378,sitting,-0.0288,0.0029,1.0197,0.5600,-2.7300,0.8050
2113397,sitting,-0.0290,0.0022,1.0197,0.4900,-2.7300,0.8400
2113416,sitting,-0.0295,0.0022,1.0194,0.4900,-2.7300,0.8400
2113435,sitting,-0.0298,0.0020,1.0194,0.4900,-2.7300,0.8400
2113455,sitting,-0.0303,0.0017,1.0194,0.4900,-2.7300,0.8050
2113474,sitting,-0.0295,0.0024,1.0197,0.5250,-2.7300,0.8400
2113493,sitting,-0.0290,0.0027,1.0214,0.4900,-2.7300,0.8050
2113512,sitting,-0.0295,0.0022,1.0204,0.4900,-2.7650,0.7700
2113531,sitting,-0.0288,0.0020,1.0189,0.5600,-2.7300,0.8050
2113551,sitting,-0.0283,0.0022,1.0199,0.5250,-2.7300,0.7700
2113570,sitting,-0.0288,0.0020,1.0207,0.5250,-2.7650,0.8050
2113589,sitting,-0.0300,0.0020,1.0187,0.4900,-2.7300,0.8400
2113608,sitting,-0.0290,0.0024,1.0199,0.5600,-2.7300,0.7700
2113628,sitting,-0.0283,0.0020,1.0197,0.5250,-2.7300,0.8050
2113647,sitting,-0.0288,0.0020,1.0197,0.5600,-2.7650,0.8400
2113666,sitting,-0.0290,0.0024,1.0185,0.5250,-2.7300,0.8050
2113685,sitting,-0.0295,0.0017,1.0202,0.5250,-2.7300,0.8050
2113705,sitting,-0.0285,0.0012,1.0187,0.4900,-2.7300,0.8400
2113724,sitting,-0.0288,0.0012,1.0189,0.4900,-2.7300,0.8400
2113743,sitting,-0.0285,0.0007,1.0192,0.4900,-2.7300,0.8050
2113762,sitting,-0.0293,0.0012,1.0182,0.4900,-2.7300,0.8400
2113781,sitting,-0.0295,0.0020,1.0189,0.5250,-2.6950,0.7700
2113801,sitting,-0.0293,0.0015,1.0189,0.5250,-2.7300,0.8400
2113820,sitting,-0.0283,0.0015,1.0194,0.4900,-2.7300,0.8400
2113839,sitting,-0.0293,0.0010,1.0197,0.4900,-2.7300,0.8050
2113858,sitting,-0.0293,0.0017,1.0197,0.4900,-2.7300,0.8400
2113878,sitting,-0.0293,0.0017,1.0209,0.4900,-2.7300,0.8400
2113897,sitting,-0.0290,0.0024,1.0189,0.4900,-2.7300,0.8050
2113916,sitting,-0.0283,0.0022,1.0189,0.5600,-2.7300,0.8400
2113935,sitting,-0.0290,0.0027,1.0189,0.5600,-2.7300,0.8400
2113955,sitting,-0.0295,0.0015,1.0189,0.4900,-2.7300,0.8400
2113974,sitting,-0.0290,0.0012,1.0199,0.4900,-2.7300,0.8050
2113993,sitting,-0.0285,0.0012,1.0199,0.4900,-2.7300,0.8400
2114012,sitting,-0.0290,0.0020,1.0189,0.5250,-2.7650,0.8050
2114031,sitting,-0.0295,0.0022,1.0197,0.5250,-2.7300,0.8050
2114051,sitting,-0.0293,0.0012,1.0199,0.5250,-2.7300,0.8400
2114070,sitting,-0.0283,0.0015,1.0204,0.5250,-2.6600,0.8050
2114089,sitting,-0.0288,0.0015,1.0197,0.4900,-2.6600,0.8050
2114108,sitting,-0.0288,0.0022,1.0199,0.4900,-2.7300,0.8400
2114128,sitting,-0.0293,0.0022,1.0192,0.4900,-2.7650,0.8050
2114147,sitting,-0.0283,0.0012,1.0197,0.4900,-2.7300,0.8050
2114166,sitting,-0.0293,0.0007,1.0199,0.4900,-2.7300,0.8400
2114185,sitting,-0.0281,0.0012,1.0202,0.5250,-2.7300,0.8400
2114205,sitting,-0.0288,0.0020,1.0199,0.5250,-2.7300,0.8050
2114224,sitting,-0.0281,0.0020,1.0199,0.4550,-2.7300,0.8400
2114243,sitting,-0.0298,0.0022,1.0199,0.4900,-2.7300,0.8050
2114262,sitting,-0.0300,0.0017,1.0187,0.4900,-2.7300,0.8400
2114281,sitting,-0.0290,0.0020,1.0194,0.4900,-2.6950,0.8400
2114301,sitting,-0.0293,0.0024,1.0180,0.4900,-2.7300,0.8050
2114320,sitting,-0.0290,0.0022,1.0189,0.5600,-2.7300,0.8400
2114339,sitting,-0.0290,0.0024,1.0189,0.5250,-2.7650,0.8400
2114358,sitting,-0.0293,0.0007,1.0199,0.4900,-2.7300,0.8050
2114378,sitting,-0.0300,0.0020,1.0207,0.5600,-2.7300,0.8400
2114397,sitting,-0.0290,0.0029,1.0194,0.5250,-2.7300,0.8050
2114416,sitting,-0.0285,0.0017,1.0189,0.5600,-2.6950,0.8050
2114435,sitting,-0.0290,0.0022,1.0192,0.5250,-2.7300,0.8050
2114455,sitting,-0.0290,0.0015,1.0185,0.5250,-2.7300,0.8050
2114474,sitting,-0.0290,0.0024,1.0199,0.5600,-2.7300,0.7700
2114493,sitting,-0.0293,0.0024,1.0189,0.5250,-2.7300,0.8050
2114512,sitting,-0.0290,0.0010,1.0175,0.5250,-2.7650,0.8050
2114531,sitting,-0.0293,0.0022,1.0194,0.4900,-2.7300,0.7700
2114551,sitting,-0.0285,0.0020,1.0187,0.4900,-2.7300,0.7700
2114570,sitting,-0.0295,0.0020,1.0194,0.5250,-2.7300,0.7700
2114589,sitting,-0.0295,0.0017,1.0187,0.5600,-2.7300,0.7700
2114608,sitting,-0.0300,0.0022,1.0185,0.5250,-2.6950,0.8050
2114628,sitting,-0.0288,0.0022,1.0192,0.4900,-2.7300,0.8050
2114647,sitting,-0.0288,0.0015,1.0192,0.4900,-2.7300,0.8050
2114666,sitting,-0.0288,0.0017,1.0194,0.4900,-2.7300,0.8050
2114685,sitting,-0.0288,0.0022,1.0197,0.4900,-2.7300,0.8050
2114705,sitting,-0.0300,0.0027,1.0189,0.5250,-2.7300,0.8050
2114724,sitting,-0.0290,0.0017,1.0204,0.4900,-2.7300,0.8400
2114743,sitting,-0.0285,0.0015,1.0194,0.4900,-2.7300,0.8400
2114762,sitting,-0.0293,0.0020,1.0189,0.4900,-2.7300,0.8400
2114781,sitting,-0.0293,0.0024,1.0189,0.4900,-2.6950,0.8400
2114801,sitting,-0.0285,0.0027,1.0189,0.4900,-2.7300,0.8400
2114820,sitting,-0.0290,0.0017,1.0202,0.5600,-2.7300,0.8400
2114839,sitting,-0.0295,0.0017,1.0202,0.5250,-2.7300,0.8400
2114858,sitting,-0.0288,0.0020,1.0194,0.4900,-2.7300,0.8050
2114878,sitting,-0.0288,0.0024,1.0211,0.5250,-2.7300,0.8050
2114897,sitting,-0.0300,0.0024,1.0202,0.4900,-2.7300,0.8050
2114916,sitting,-0.0298,0.0020,1.0194,0.5250,-2.7300,0.8050
2114935,sitting,-0.0295,0.0022,1.0199,0.4900,-2.7300,0.8400
2114955,sitting,-0.0295,0.0029,1.0197,0.4900,-2.7300,0.8050
2114974,sitting,-0.0288,0.0015,1.0197,0.5250,-2.6950,0.8050
2114993,sitting,-0.0288,0.0017,1.0197,0.5600,-2.7300,0.8400
2115012,sitting,-0.0293,0.0024,1.0194,0.5600,-2.7300,0.8400
2115031,sitting,-0.0307,0.0029,1.0199,0.5250,-2.7300,0.8400
2115051,sitting,-0.0288,0.0024,1.0189,0.5250,-2.7300,0.8050
2115070,sitting,-0.0288,0.0012,1.0189,0.4900,-2.7300,0.8400
2115089,sitting,-0.0295,0.0015,1.0202,0.5250,-2.7300,0.8400
2115108,sitting,-0.0293,0.0020,1.0189,0.4900,-2.7300,0.8050
2115128,sitting,-0.0300,0.0022,1.0197,0.4900,-2.7300,0.8050
2115147,sitting,-0.0293,0.0024,1.0192,0.4900,-2.7300,0.8400
2115166,sitting,-0.0281,0.0020,1.0194,0.4900,-2.7300,0.8400
2115185,sitting,-0.0288,0.0020,1.0189,0.4900,-2.7300,0.8400
2115205,sitting,-0.0285,0.0022,1.0202,0.5250,-2.7300,0.7700
2115224,sitting,-0.0290,0.0022,1.0199,0.4900,-2.7300,0.8400
2115243,sitting,-0.0285,0.0022,1.0204,0.4900,-2.6950,0.8400
2115262,sitting,-0.0295,0.0015,1.0209,0.5250,-2.7300,0.8050
2115281,sitting,-0.0288,0.0022,1.0202,0.5250,-2.7300,0.8050
2115301,sitting,-0.0290,0.0027,1.0197,0.5250,-2.7300,0.8400
2115320,sitting,-0.0295,0.0024,1.0187,0.5600,-2.7300,0.8400
2115339,sitting,-0.0290,0.0027,1.0192,0.4900,-2.7300,0.8400
2115358,sitting,-0.0295,0.0020,1.0194,0.4900,-2.6950,0.8400
2115378,sitting,-0.0295,0.0024,1.0194,0.5250,-2.7300,0.8050
2115397,sitting,-0.0300,0.0022,1.0199,0.5250,-2.7300,0.8400
2115416,sitting,-0.0303,0.0020,1.0194,0.5250,-2.7650,0.8050
2115435,sitting,-0.0285,0.0029,1.0202,0.5250,-2.7300,0.8050
2115455,sitting,-0.0290,0.0022,1.0194,0.4900,-2.7300,0.7700
2115474,sitting,-0.0290,0.0024,1.0192,0.5250,-2.7300,0.8400
2115493,sitting,-0.0288,0.0032,1.0189,0.5600,-2.7300,0.8400
2115512,sitting,-0.0281,0.0015,1.0194,0.5250,-2.7300,0.8400
2115531,sitting,-0.0283,0.0015,1.0194,0.5250,-2.7300,0.8050
2115551,sitting,-0.0295,0.0029,1.0180,0.4900,-2.7300,0.8400
2115570,sitting,-0.0295,0.0032,1.0199,0.4900,-2.7300,0.8400
2115589,sitting,-0.0290,0.0022,1.0192,0.4900,-2.7300,0.8400
2115608,sitting,-0.0285,0.0007,1.0192,0.4900,-2.7300,0.8050
2115628,sitting,-0.0290,0.0020,1.0199,0.5250,-2.7300,0.8400
2115647,sitting,-0.0298,0.0020,1.0199,0.5250,-2.7300,0.8400
2115666,sitting,-0.0290,0.0012,1.0204,0.4900,-2.7300,0.8400
2115685,sitting,-0.0300,0.0020,1.0199,0.5250,-2.7300,0.8050
2115705,sitting,-0.0290,0.0015,1.0214,0.4900,-2.6950,0.8400
2115724,sitting,-0.0290,0.0017,1.0194,0.5250,-2.7300,0.8050
2115743,sitting,-0.0293,0.0015,1.0197,0.5250,-2.7300,0.8400
2115762,sitting,-0.0295,0.0022,1.0194,0.5600,-2.7300,0.8050
2115781,sitting,-0.0285,0.0024,1.0187,0.5600,-2.7300,0.8050
2115801,sitting,-0.0290,0.0024,1.0189,0.4900,-2.7300,0.8050
2115820,sitting,-0.0285,0.0012,1.0197,0.5250,-2.7300,0.8400
2115839,sitting,-0.0290,0.0022,1.0194,0.5250,-2.7300,0.7700
2115858,sitting,-0.0290,0.0015,1.0197,0.4900,-2.7300,0.8050
2115878,sitting,-0.0290,0.0022,1.0185,0.4900,-2.7300,0.8050
2115897,sitting,-0.0290,0.0024,1.0189,0.4900,-2.7300,0.8750
2115916,sitting,-0.0293,0.0017,1.0197,0.5250,-2.7300,0.7700
2115935,sitting,-0.0298,0.0027,1.0180,0.5250,-2.7300,0.7700
2115955,sitting,-0.0283,0.0029,1.0187,0.4900,-2.7300,0.8050
2115974,sitting,-0.0281,0.0022,1.0202,0.4900,-2.7300,0.7700
2115993,sitting,-0.0285,0.0024,1.0194,0.4900,-2.7300,0.8400
2116012,sitting,-0.0285,0.0017,1.0211,0.5250,-2.7300,0.8050
2116031,sitting,-0.0303,0.0015,1.0197,0.4900,-2.7300,0.7700
2116051,sitting,-0.0293,0.0017,1.0182,0.4900,-2.7300,0.8400
2116070,sitting,-0.0281,0.0020,1.0204,0.5250,-2.7300,0.8050
2116089,sitting,-0.0293,0.0029,1.0197,0.5250,-2.7300,0.8050
2116108,sitting,-0.0293,0.0020,1.0202,0.4900,-2.7300,0.8050
2116128,sitting,-0.0281,0.0022,1.0209,0.4900,-2.6950,0.8400
2116147,sitting,-0.0288,0.0022,1.0189,0.5250,-2.7650,0.8050
2116166,sitting,-0.0283,0.0027,1.0187,0.5250,-2.7300,0.8400
2116185,sitting,-0.0293,0.0015,1.0204,0.5250,-2.7300,0.8400
2116205,sitting,-0.0295,0.0012,1.0192,0.5600,-2.7300,0.8400
2116224,sitting,-0.0288,0.0027,1.0187,0.5250,-2.7300,0.8400
2116243,sitting,-0.0295,0.0032,1.0189,0.5600,-2.7300,0.8400
2116262,sitting,-0.0293,0.0017,1.0204,0.5250,-2.7300,0.8400
2116281,sitting,-0.0290,0.0027,1.0187,0.5600,-2.7300,0.8050
2116301,sitting,-0.0300,0.0024,1.0192,0.4900,-2.7300,0.8400
2116320,sitting,-0.0288,0.0022,1.0197,0.5250,-2.7300,0.8400
2116339,sitting,-0.0285,0.0022,1.0204,0.5600,-2.7300,0.8050
2116358,sitting,-0.0295,0.0022,1.0199,0.4900,-2.7300,0.8050
2116378,sitting,-0.0290,0.0024,1.0189,0.5250,-2.6950,0.7700
2116397,sitting,-0.0290,0.0017,1.0187,0.5250,-2.7300,0.8050
2116416,sitting,-0.0285,0.0020,1.0192,0.5600,-2.7300,0.7700
2116435,sitting,-0.0285,0.0027,1.0194,0.5250,-2.7300,0.8400
2116455,sitting,-0.0290,0.0020,1.0182,0.4900,-2.7300,0.7700
2116474,sitting,-0.0288,0.0024,1.0180,0.4900,-2.7300,0.7700
2116493,sitting,-0.0290,0.0029,1.0175,0.4900,-2.6950,0.8400
2116512,sitting,-0.0298,0.0020,1.0197,0.4900,-2.7300,0.8050
2116531,sitting,-0.0290,0.0022,1.0194,0.5250,-2.7300,0.8400
2116551,sitting,-0.0285,0.0022,1.0199,0.4900,-2.7300,0.8400
2116570,sitting,-0.0281,0.0022,1.0194,0.4900,-2.7650,0.8400
2116589,sitting,-0.0285,0.0024,1.0192,0.4900,-2.7300,0.8400
2116608,sitting,-0.0288,0.0017,1.0199,0.4900,-2.7300,0.8400
2116628,sitting,-0.0285,0.0022,1.0197,0.4900,-2.7300,0.8400
2116647,sitting,-0.0298,0.0027,1.0189,0.4900,-2.7300,0.7700
2116666,sitting,-0.0283,0.0027,1.0199,0.4900,-2.7300,0.8050
2116685,sitting,-0.0295,0.0024,1.0197,0.5250,-2.7300,0.8050
2116705,sitting,-0.0285,0.0012,1.0192,0.5250,-2.7300,0.8400
2116724,sitting,-0.0290,0.0017,1.0199,0.5250,-2.6950,0.8400
2116743,sitting,-0.0290,0.0012,1.0199,0.4900,-2.7300,0.8400
2116762,sitting,-0.0303,0.0015,1.0199,0.5250,-2.7300,0.8400
2116781,sitting,-0.0303,0.0017,1.0182,0.5250,-2.7300,0.8400
2116801,sitting,-0.0298,0.0020,1.0199,0.5600,-2.7650,0.7700
2116820,sitting,-0.0295,0.0024,1.0199,0.5600,-2.7300,0.7700
2116839,sitting,-0.0298,0.0020,1.0197,0.5600,-2.7300,0.8400
2116858,sitting,-0.0293,0.0020,1.0189,0.4900,-2.7300,0.7700
2116878,sitting,-0.0288,0.0017,1.0192,0.5250,-2.7300,0.8400
2116897,sitting,-0.0290,0.0020,1.0194,0.5250,-2.7650,0.8400
2116916,sitting,-0.0288,0.0015,1.0189,0.4900,-2.7300,0.8050
2116935,sitting,-0.0298,0.0020,1.0199,0.5250,-2.7300,0.8400
2116955,sitting,-0.0278,0.0027,1.0192,0.4900,-2.7300,0.8400
2116974,sitting,-0.0288,0.0022,1.0199,0.4900,-2.7300,0.8400
2116993,sitting,-0.0293,0.0017,1.0192,0.5250,-2.7300,0.8050
2117012,sitting,-0.0293,0.0017,1.0197,0.5600,-2.7300,0.8400
2117031,sitting,-0.0295,0.0015,1.0202,0.4900,-2.7300,0.8400
2117051,sitting,-0.0283,0.0022,1.0199,0.4900,-2.7300,0.8050
2117070,sitting,-0.0281,0.0022,1.0187,0.5250,-2.7300,0.8400
2117089,sitting,-0.0290,0.0022,1.0189,0.4900,-2.7300,0.8050
2117108,sitting,-0.0295,0.0015,1.0197,0.4900,-2.7300,0.8400
2117128,sitting,-0.0285,0.0024,1.0187,0.5250,-2.7300,0.8400
2117147,sitting,-0.0290,0.0015,1.0202,0.4900,-2.7300,0.8400
2117166,sitting,-0.0285,0.0017,1.0192,0.4900,-2.6950,0.8400
2117185,sitting,-0.0293,0.0017,1.0197,0.5250,-2.7300,0.8400
2117205,sitting,-0.0288,0.0017,1.0199,0.5250,-2.7300,0.8400
2117224,sitting,-0.0295,0.0020,1.0194,0.4900,-2.7300,0.8400
2117243,sitting,-0.0283,0.0022,1.0189,0.4900,-2.6950,0.7700
2117262,sitting,-0.0290,0.0017,1.0189,0.5600,-2.7300,0.8400
2117281,sitting,-0.0283,0.0020,1.0194,0.4900,-2.7300,0.7700
2117301,sitting,-0.0293,0.0007,1.0185,0.5250,-2.7300,0.8050
2117320,sitting,-0.0293,0.0024,1.0197,0.5250,-2.7300,0.7700
2117339,sitting,-0.0290,0.0022,1.0202,0.5250,-2.7300,0.7700
2117358,sitting,-0.0293,0.0020,1.0202,0.4900,-2.7300,0.7700
2117378,sitting,-0.0285,0.0020,1.0192,0.5600,-2.7300,0.8050
2117397,sitting,-0.0290,0.0017,1.0192,0.4900,-2.7300,0.8400
2117416,sitting,-0.0283,0.0027,1.0197,0.4900,-2.7300,0.8050
2117435,sitting,-0.0293,0.0029,1.0187,0.4900,-2.7650,0.8050
2117455,sitting,-0.0281,0.0020,1.0194,0.4900,-2.7300,0.8400
2117474,sitting,-0.0293,0.0017,1.0194,0.4900,-2.6950,0.8400
2117493,sitting,-0.0283,0.0020,1.0197,0.4900,-2.7300,0.8400
2117512,sitting,-0.0278,0.0020,1.0197,0.4900,-2.7300,0.8400
2117531,sitting,-0.0290,0.0029,1.0189,0.5250,-2.7300,0.8400
2117551,sitting,-0.0288,0.0020,1.0199,0.5250,-2.6950,0.8400
2117570,sitting,-0.0290,0.0010,1.0199,0.5250,-2.7300,0.8050
2117589,sitting,-0.0293,0.0022,1.0207,0.5250,-2.7300,0.8400
2117608,sitting,-0.0290,0.0020,1.0197,0.4900,-2.7300,0.8400
2117628,sitting,-0.0290,0.0017,1.0197,0.4900,-2.7300,0.8400
2117647,sitting,-0.0295,0.0015,1.0185,0.5600,-2.7300,0.8050
2117666,sitting,-0.0300,0.0022,1.0194,0.5250,-2.7300,0.8050
2117685,sitting,-0.0295,0.0015,1.0185,0.4900,-2.7300,0.8400
2117705,sitting,-0.0293,0.0017,1.0199,0.5600,-2.7300,0.8400
2117724,sitting,-0.0290,0.0022,1.0187,0.5250,-2.7300,0.8050
2117743,sitting,-0.0295,0.0020,1.0199,0.5250,-2.7300,0.7700
2117762,sitting,-0.0293,0.0015,1.0187,0.5250,-2.7300,0.8050
2117781,sitting,-0.0293,0.0020,1.0192,0.5250,-2.7300,0.8400
2117801,sitting,-0.0295,0.0029,1.0197,0.5600,-2.7300,0.8400
2117820,sitting,-0.0290,0.0020,1.0204,0.5600,-2.7300,0.7700
2117839,sitting,-0.0283,0.0017,1.0192,0.4900,-2.7300,0.7700
2117858,sitting,-0.0295,0.0029,1.0187,0.5250,-2.7300,0.8400
2117878,sitting,-0.0293,0.0022,1.0192,0.4900,-2.7300,0.8400
2117897,sitting,-0.0295,0.0022,1.0192,0.5250,-2.7300,0.8050
2117916,sitting,-0.0283,0.0020,1.0194,0.4900,-2.7300,0.8050
2117935,sitting,-0.0290,0.0017,1.0192,0.5250,-2.7300,0.7700
2117955,sitting,-0.0295,0.0020,1.0187,0.5250,-2.6950,0.8050
2117974,sitting,-0.0298,0.0017,1.0187,0.5250,-2.7300,0.8400
2117993,sitting,-0.0293,0.0015,1.0192,0.5600,-2.7300,0.8400
2118012,sitting,-0.0283,0.0020,1.0180,0.4900,-2.7300,0.8400
2118031,sitting,-0.0288,0.0015,1.0180,0.4900,-2.7300,0.8050
2118051,sitting,-0.0293,0.0024,1.0197,0.4900,-2.7300,0.7700
2118070,sitting,-0.0285,0.0032,1.0199,0.4900,-2.6950,0.7700
2118089,sitting,-0.0290,0.0017,1.0192,0.5600,-2.7300,0.8400
2118108,sitting,-0.0303,0.0027,1.0199,0.5600,-2.7300,0.8400
2118128,sitting,-0.0300,0.0017,1.0204,0.4900,-2.7300,0.7700
2118147,sitting,-0.0293,0.0017,1.0192,0.4900,-2.7300,0.8050
2118166,sitting,-0.0290,0.0012,1.0197,0.5600,-2.7300,0.8400
2118185,sitting,-0.0298,0.0032,1.0199,0.4900,-2.7300,0.7700
2118205,sitting,-0.0295,0.0027,1.0202,0.4900,-2.7300,0.8050
2118224,sitting,-0.0300,0.0020,1.0207,0.4900,-2.7300,0.8050
2118243,sitting,-0.0290,0.0020,1.0197,0.5250,-2.7650,0.8050
2118262,sitting,-0.0288,0.0017,1.0189,0.4900,-2.6950,0.7700
2118281,sitting,-0.0293,0.0020,1.0182,0.5250,-2.7300,0.8050
2118301,sitting,-0.0293,0.0022,1.0199,0.4900,-2.7300,0.8050
2118320,sitting,-0.0298,0.0024,1.0199,0.4900,-2.7300,0.7700
2118339,sitting,-0.0288,0.0024,1.0204,0.5600,-2.7300,0.8050
2118358,sitting,-0.0290,0.0027,1.0197,0.4900,-2.7300,0.7700
2118378,sitting,-0.0288,0.0017,1.0194,0.4900,-2.7300,0.8050
2118397,sitting,-0.0285,0.0015,1.0194,0.4900,-2.7300,0.8050
2118416,sitting,-0.0293,0.0024,1.0194,0.5250,-2.7300,0.8050
2118435,sitting,-0.0285,0.0020,1.0197,0.4900,-2.7300,0.8400
2118455,sitting,-0.0293,0.0027,1.0197,0.4900,-2.7300,0.8050
2118474,sitting,-0.0290,0.0015,1.0192,0.4900,-2.7300,0.8400
2118493,sitting,-0.0295,0.0012,1.0197,0.4550,-2.7300,0.8050
2118512,sitting,-0.0288,0.0027,1.0199,0.5250,-2.7300,0.8050
2118531,sitting,-0.0290,0.0022,1.0197,0.4900,-2.7300,0.8050
2118551,sitting,-0.0293,0.0022,1.0204,0.5250,-2.7300,0.8050
2118570,sitting,-0.0298,0.0017,1.0187,0.4900,-2.6950,0.8400
2118589,sitting,-0.0290,0.0020,1.0192,0.4900,-2.7300,0.8400
2118608,sitting,-0.0288,0.0015,1.0189,0.4900,-2.7300,0.7700
2118628,sitting,-0.0285,0.0022,1.0192,0.5250,-2.7300,0.8050
2118647,sitting,-0.0281,0.0020,1.0197,0.5600,-2.7300,0.7700
2118666,sitting,-0.0288,0.0022,1.0192,0.4900,-2.7300,0.8050
2118685,sitting,-0.0283,0.0017,1.0194,0.4900,-2.7300,0.8400
2118705,sitting,-0.0290,0.0017,1.0189,0.5250,-2.7300,0.8400
2118724,sitting,-0.0288,0.0022,1.0194,0.5250,-2.7300,0.8400
2118743,sitting,-0.0290,0.0020,1.0194,0.5250,-2.7300,0.8050
2118762,sitting,-0.0290,0.0020,1.0197,0.5250,-2.7300,0.8050
2118781,sitting,-0.0285,0.0015,1.0192,0.5600,-2.7300,0.8050
2118801,sitting,-0.0288,0.0012,1.0204,0.5250,-2.7300,0.8400
2118820,sitting,-0.0290,0.0017,1.0194,0.4900,-2.7300,0.8400
2118839,sitting,-0.0285,0.0015,1.0199,0.4900,-2.7300,0.8400
2118858,sitting,-0.0283,0.0022,1.0192,0.4900,-2.7300,0.8400
2118878,sitting,-0.0288,0.0015,1.0194,0.5250,-2.7300,0.8400
2118897,sitting,-0.0288,0.0022,1.0202,0.4900,-2.7300,0.8400
2118916,sitting,-0.0288,0.0024,1.0199,0.4900,-2.7300,0.8400
2118935,sitting,-0.0290,0.0027,1.0192,0.5600,-2.7300,0.8050
2118955,sitting,-0.0288,0.0020,1.0194,0.5250,-2.6950,0.8400
2118974,sitting,-0.0295,0.0010,1.0194,0.4900,-2.6950,0.8400
2118993,sitting,-0.0295,0.0017,1.0182,0.5250,-2.7300,0.8400
2119012,sitting,-0.0293,0.0015,1.0194,0.4900,-2.6950,0.8400
2119031,sitting,-0.0288,0.0027,1.0192,0.5250,-2.6950,0.8400
2119051,sitting,-0.0293,0.0017,1.0199,0.5600,-2.7300,0.8400
2119070,sitting,-0.0290,0.0020,1.0202,0.5250,-2.7300,0.8400
2119089,sitting,-0.0288,0.0024,1.0199,0.5250,-2.7300,0.8400
2119108,sitting,-0.0295,0.0017,1.0207,0.5250,-2.7300,0.8400
2119128,sitting,-0.0290,0.0027,1.0199,0.5250,-2.7300,0.8050
2119147,sitting,-0.0285,0.0017,1.0187,0.4900,-2.7300,0.8400
2119166,sitting,-0.0290,0.0010,1.0199,0.5250,-2.7300,0.8050
2119185,sitting,-0.0295,0.0022,1.0202,0.5250,-2.7300,0.8050
2119205,sitting,-0.0290,0.0015,1.0192,0.4900,-2.7300,0.8400
2119224,sitting,-0.0290,0.0024,1.0199,0.4900,-2.7300,0.8050
2119243,sitting,-0.0288,0.0017,1.0197,0.5250,-2.7300,0.8050
2119262,sitting,-0.0293,0.0024,1.0202,0.5250,-2.7300,0.8400
2119281,sitting,-0.0285,0.0022,1.0199,0.4900,-2.7300,0.8400
2119301,sitting,-0.0288,0.0010,1.0207,0.4900,-2.7300,0.8400
2119320,sitting,-0.0283,0.0020,1.0189,0.5600,-2.7300,0.8050
2119339,sitting,-0.0283,0.0015,1.0194,0.4900,-2.7300,0.7700
2119358,sitting,-0.0285,0.0020,1.0194,0.4900,-2.7300,0.8050
2119378,sitting,-0.0293,0.0029,1.0202,0.5600,-2.6950,0.8050
2119397,sitting,-0.0281,0.0017,1.0192,0.4900,-2.7300,0.8400
2119416,sitting,-0.0290,0.0022,1.0187,0.4900,-2.7300,0.8050
2119435,sitting,-0.0295,0.0015,1.0199,0.4900,-2.7300,0.8050
2119455,sitting,-0.0283,0.0022,1.0202,0.5250,-2.7300,0.8050
2119474,sitting,-0.0283,0.0020,1.0197,0.5600,-2.7300,0.8400
2119493,sitting,-0.0290,0.0027,1.0194,0.5250,-2.7300,0.8400
2119512,sitting,-0.0283,0.0022,1.0197,0.4900,-2.7300,0.8400
2119531,sitting,-0.0290,0.0022,1.0189,0.4900,-2.7300,0.8400
2119551,sitting,-0.0293,0.0027,1.0197,0.5600,-2.6950,0.8400
2119570,sitting,-0.0290,0.0024,1.0204,0.5600,-2.7300,0.7700
2119589,sitting,-0.0285,0.0022,1.0199,0.5600,-2.7300,0.8050
2119608,sitting,-0.0283,0.0022,1.0199,0.4900,-2.7300,0.8400
2119628,sitting,-0.0288,0.0022,1.0204,0.5250,-2.7300,0.8050
2119647,sitting,-0.0283,0.0020,1.0202,0.4900,-2.7300,0.8050
2119666,sitting,-0.0285,0.0017,1.0199,0.5600,-2.7300,0.8050
2119685,sitting,-0.0285,0.0015,1.0194,0.5250,-2.7300,0.8400
2119705,sitting,-0.0288,0.0020,1.0194,0.5600,-2.7300,0.8400
2119724,sitting,-0.0285,0.0032,1.0204,0.5250,-2.7300,0.8050
2119743,sitting,-0.0295,0.0015,1.0194,0.4900,-2.7300,0.8400
2119762,sitting,-0.0300,0.0020,1.0189,0.4900,-2.7300,0.7700
2119781,sitting,-0.0290,0.0020,1.0197,0.5250,-2.7300,0.8400
2119801,sitting,-0.0290,0.0012,1.0185,0.4900,-2.7300,0.8400
2119820,sitting,-0.0285,0.0012,1.0194,0.4900,-2.7300,0.8400
2119839,sitting,-0.0290,0.0017,1.0194,0.4900,-2.7300,0.8400
2119858,sitting,-0.0285,0.0010,1.0197,0.4900,-2.7300,0.8050
2119878,sitting,-0.0300,0.0015,1.0194,0.4900,-2.7300,0.8400
2119897,sitting,-0.0293,0.0012,1.0199,0.4900,-2.7300,0.8400
2119916,sitting,-0.0293,0.0020,1.0185,0.4900,-2.7300,0.8400
2119935,sitting,-0.0295,0.0027,1.0197,0.4900,-2.7300,0.8050
2119955,sitting,-0.0288,0.0027,1.0194,0.4900,-2.7300,0.7700
2119974,sitting,-0.0285,0.0020,1.0189,0.5600,-2.7300,0.8400
2119993,sitting,-0.0283,0.0017,1.0194,0.5250,-2.7300,0.8050
2120012,sitting,-0.0285,0.0017,1.0204,0.5600,-2.7300,0.8400
2120031,sitting,-0.0278,0.0020,1.0197,0.5600,-2.7300,0.8400
2120051,sitting,-0.0288,0.0020,1.0211,0.5600,-2.7300,0.8400
2120070,sitting,-0.0298,0.0027,1.0194,0.5600,-2.7300,0.7700
2120089,sitting,-0.0283,0.0024,1.0189,0.4900,-2.7300,0.8050
2120108,sitting,-0.0300,0.0020,1.0199,0.4900,-2.7300,0.8050
2120128,sitting,-0.0300,0.0017,1.0197,0.4900,-2.7300,0.8050
2120147,sitting,-0.0293,0.0027,1.0197,0.5250,-2.7300,0.8050
2120166,sitting,-0.0285,0.0017,1.0194,0.5250,-2.7300,0.7700
2120185,sitting,-0.0290,0.0022,1.0192,0.4900,-2.7300,0.7700
2120205,sitting,-0.0293,0.0022,1.0197,0.4900,-2.7300,0.8400
2120224,sitting,-0.0293,0.0010,1.0189,0.4900,-2.7300,0.8400
2120243,sitting,-0.0283,0.0020,1.0187,0.4900,-2.7300,0.8400
2120262,sitting,-0.0278,0.0015,1.0194,0.5250,-2.7300,0.8050
2120281,sitting,-0.0295,0.0007,1.0192,0.4900,-2.6950,0.8400
2120301,sitting,-0.0281,0.0017,1.0202,0.4900,-2.7650,0.8400
2120320,sitting,-0.0278,0.0015,1.0194,0.5250,-2.6950,0.8400
2120339,sitting,-0.0298,0.0027,1.0189,0.5250,-2.7300,0.8400
2120358,sitting,-0.0295,0.0024,1.0189,0.5250,-2.7300,0.8050
2120378,sitting,-0.0293,0.0022,1.0192,0.4900,-2.7300,0.7700
2120397,sitting,-0.0293,0.0034,1.0194,0.4900,-2.7300,0.8050
2120416,sitting,-0.0293,0.0027,1.0197,0.5250,-2.7300,0.8400
2120435,sitting,-0.0293,0.0020,1.0192,0.5250,-2.6950,0.7700
2120455,sitting,-0.0293,0.0020,1.0192,0.4900,-2.7300,0.7700
2120474,sitting,-0.0283,0.0024,1.0192,0.5250,-2.7300,0.8050
2120493,sitting,-0.0285,0.0020,1.0197,0.4900,-2.7300,0.7700
2120512,sitting,-0.0283,0.0015,1.0197,0.5600,-2.6950,0.7700
2120531,sitting,-0.0281,0.0020,1.0182,0.4900,-2.7300,0.8050
2120551,sitting,-0.0283,0.0020,1.0197,0.4900,-2.7300,0.8050
2120570,sitting,-0.0298,0.0022,1.0202,0.4900,-2.7300,0.8400
2120589,sitting,-0.0285,0.0024,1.0192,0.5250,-2.7300,0.8050
2120608,sitting,-0.0290,0.0024,1.0194,0.4900,-2.7300,0.7700
2120628,sitting,-0.0285,0.0020,1.0197,0.5250,-2.7300,0.8400
2120647,sitting,-0.0290,0.0027,1.0194,0.5600,-2.7300,0.8050
2120666,sitting,-0.0288,0.0015,1.0192,0.4900,-2.7300,0.7700
2120685,sitting,-0.0290,0.0017,1.0187,0.5250,-2.7300,0.7700
2120705,sitting,-0.0283,0.0022,1.0197,0.5250,-2.7300,0.8400
2120724,sitting,-0.0278,0.0020,1.0194,0.4900,-2.7300,0.8400
2120743,sitting,-0.0281,0.0015,1.0185,0.5250,-2.7300,0.8400
2120762,sitting,-0.0283,0.0010,1.0194,0.4900,-2.7300,0.8050
2120781,sitting,-0.0283,0.0012,1.0187,0.4900,-2.6950,0.7700
2120801,sitting,-0.0283,0.0022,1.0189,0.5250,-2.7300,0.8050
2120820,sitting,-0.0283,0.0022,1.0194,0.4900,-2.7300,0.8050
2120839,sitting,-0.0293,0.0024,1.0192,0.4900,-2.7300,0.8050
2120858,sitting,-0.0288,0.0024,1.0202,0.4900,-2.7300,0.8400
2120878,sitting,-0.0290,0.0029,1.0197,0.4900,-2.7300,0.8050
2120897,sitting,-0.0290,0.0020,1.0202,0.4900,-2.7300,0.8400
2120916,sitting,-0.0290,0.0017,1.0202,0.5250,-2.7300,0.8400
2120935,sitting,-0.0298,0.0017,1.0194,0.4900,-2.7300,0.8400
2120955,sitting,-0.0283,0.0012,1.0192,0.5250,-2.7300,0.8400
2120974,sitting,-0.0281,0.0020,1.0187,0.5600,-2.7300,0.8400
2120993,sitting,-0.0290,0.0012,1.0202,0.5600,-2.7300,0.8050
2121012,sitting,-0.0285,0.0020,1.0199,0.5600,-2.7300,0.8050
2121031,sitting,-0.0293,0.0022,1.0189,0.4900,-2.7300,0.8400
2121051,sitting,-0.0298,0.0020,1.0189,0.4900,-2.7300,0.8050
2121070,sitting,-0.0290,0.0024,1.0194,0.4900,-2.7300,0.8050
2121089,sitting,-0.0295,0.0027,1.0194,0.4900,-2.7300,0.8050
2121108,sitting,-0.0285,0.0020,1.0199,0.4900,-2.7300,0.8400
2121128,sitting,-0.0288,0.0022,1.0194,0.4900,-2.7300,0.8400
2121147,sitting,-0.0295,0.0017,1.0199,0.5250,-2.7300,0.7700
2121166,sitting,-0.0295,0.0017,1.0194,0.4900,-2.7300,0.8400
2121185,sitting,-0.0288,0.0027,1.0197,0.4900,-2.7650,0.8400
2121205,sitting,-0.0290,0.0024,1.0187,0.4900,-2.7300,0.8400
2121224,sitting,-0.0295,0.0022,1.0180,0.4900,-2.7300,0.8400
2121243,sitting,-0.0285,0.0020,1.0197,0.5250,-2.7300,0.8400
2121262,sitting,-0.0283,0.0012,1.0199,0.4900,-2.7300,0.8400
2121281,sitting,-0.0283,0.0020,1.0189,0.4900,-2.7300,0.8400
2121301,sitting,-0.0290,0.0017,1.0202,0.4900,-2.7300,0.8050
2121320,sitting,-0.0288,0.0022,1.0197,0.4900,-2.7650,0.8050
2121339,sitting,-0.0288,0.0020,1.0207,0.5250,-2.7300,0.8400
2121358,sitting,-0.0288,0.0027,1.0192,0.5250,-2.7300,0.8400
2121378,sitting,-0.0298,0.0024,1.0194,0.4900,-2.6950,0.8400
2121397,sitting,-0.0293,0.0022,1.0194,0.5250,-2.7300,0.8400
2121416,sitting,-0.0298,0.0012,1.0187,0.5600,-2.7300,0.7700
2121435,sitting,-0.0285,0.0012,1.0197,0.4900,-2.7300,0.7700
2121455,sitting,-0.0290,0.0020,1.0204,0.5250,-2.7300,0.7700
2121474,sitting,-0.0290,0.0024,1.0187,0.4900,-2.7300,0.8050
2121493,sitting,-0.0288,0.0029,1.0194,0.5250,-2.7300,0.7700
2121512,sitting,-0.0283,0.0020,1.0199,0.5600,-2.7300,0.7700
2121531,sitting,-0.0276,0.0017,1.0192,0.5600,-2.7300,0.8050
2121551,sitting,-0.0281,0.0017,1.0197,0.5250,-2.7300,0.7700
2121570,sitting,-0.0283,0.0024,1.0192,0.5250,-2.7300,0.8400
2121589,sitting,-0.0290,0.0022,1.0192,0.5250,-2.7300,0.8400
2121608,sitting,-0.0293,0.0020,1.0197,0.4900,-2.7300,0.8400
2121628,sitting,-0.0288,0.0020,1.0199,0.4900,-2.7300,0.8050
2121647,sitting,-0.0293,0.0027,1.0204,0.5250,-2.7300,0.8400
2121666,sitting,-0.0288,0.0020,1.0194,0.4900,-2.7300,0.8400
2121685,sitting,-0.0290,0.0012,1.0197,0.4900,-2.7300,0.8050
2121705,sitting,-0.0285,0.0024,1.0189,0.4900,-2.7300,0.8400
2121724,sitting,-0.0283,0.0017,1.0194,0.5250,-2.7300,0.8400
2121743,sitting,-0.0278,0.0022,1.0192,0.4900,-2.7300,0.8050
2121762,sitting,-0.0288,0.0017,1.0197,0.4900,-2.7300,0.8400
2121781,sitting,-0.0288,0.0027,1.0187,0.4900,-2.7300,0.8400
2121801,sitting,-0.0288,0.0029,1.0194,0.4900,-2.7300,0.8050
2121820,sitting,-0.0285,0.0022,1.0197,0.4900,-2.7300,0.8400
2121839,sitting,-0.0295,0.0022,1.0194,0.4900,-2.7300,0.7700
2121858,sitting,-0.0285,0.0015,1.0192,0.5250,-2.7300,0.8400
2121878,sitting,-0.0290,0.0022,1.0192,0.5250,-2.7300,0.8400
2121897,sitting,-0.0290,0.0020,1.0192,0.5250,-2.7300,0.8400
2121916,sitting,-0.0288,0.0022,1.0199,0.5600,-2.7300,0.8050
2121935,sitting,-0.0290,0.0024,1.0204,0.5600,-2.7300,0.8050
2121955,sitting,-0.0288,0.0017,1.0207,0.5250,-2.7300,0.8050
2121974,sitting,-0.0283,0.0027,1.0197,0.5250,-2.7300,0.7700
2121993,sitting,-0.0288,0.0017,1.0189,0.5250,-2.7300,0.8400
2122012,sitting,-0.0290,0.0022,1.0197,0.5250,-2.6950,0.8400
2122031,sitting,-0.0293,0.0015,1.0185,0.5600,-2.7300,0.8400
2122051,sitting,-0.0288,0.0022,1.0192,0.4900,-2.7650,0.8050
2122070,sitting,-0.0285,0.0022,1.0187,0.5600,-2.7300,0.8400
2122089,sitting,-0.0285,0.0034,1.0192,0.4900,-2.7300,0.7700
2122108,sitting,-0.0298,0.0029,1.0187,0.5250,-2.7300,0.8400
2122128,sitting,-0.0300,0.0017,1.0194,0.4900,-2.7300,0.8400
2122147,sitting,-0.0288,0.0022,1.0194,0.4900,-2.7300,0.8400
2122166,sitting,-0.0288,0.0022,1.0197,0.4900,-2.7300,0.8050
2122185,sitting,-0.0273,0.0010,1.0189,0.5250,-2.7300,0.8050
2122205,sitting,-0.0298,0.0015,1.0194,0.4900,-2.7300,0.8400
2122224,sitting,-0.0290,0.0022,1.0202,0.4900,-2.7300,0.8050
2122243,sitting,-0.0303,0.0022,1.0199,0.4900,-2.6950,0.8050
2122262,sitting,-0.0288,0.0022,1.0189,0.4550,-2.6950,0.8400
2122281,sitting,-0.0298,0.0015,1.0194,0.4900,-2.6950,0.8400
2122301,sitting,-0.0293,0.0024,1.0202,0.4900,-2.6950,0.8400
2122320,sitting,-0.0293,0.0012,1.0194,0.5250,-2.7300,0.8050
2122339,sitting,-0.0290,0.0015,1.0192,0.4900,-2.7300,0.7700
2122358,sitting,-0.0290,0.0012,1.0189,0.4900,-2.7300,0.8050
2122378,sitting,-0.0278,0.0017,1.0192,0.5250,-2.7300,0.8050
2122397,sitting,-0.0283,0.0012,1.0185,0.5250,-2.7300,0.8050
2122416,sitting,-0.0290,0.0020,1.0194,0.5250,-2.6950,0.8050
2122435,sitting,-0.0293,0.0012,1.0197,0.4900,-2.7300,0.7700
2122455,sitting,-0.0290,0.0024,1.0192,0.5250,-2.7300,0.8400
2122474,sitting,-0.0288,0.0017,1.0194,0.5600,-2.7300,0.8400
2122493,sitting,-0.0285,0.0022,1.0199,0.4900,-2.7300,0.8400
2122512,sitting,-0.0285,0.0017,1.0192,0.4900,-2.7650,0.7700
2122531,sitting,-0.0293,0.0012,1.0189,0.5250,-2.7300,0.8050
2122551,sitting,-0.0288,0.0010,1.0187,0.4900,-2.7300,0.8050
2122570,sitting,-0.0293,0.0020,1.0192,0.4900,-2.7300,0.8400
2122589,sitting,-0.0281,0.0027,1.0192,0.4900,-2.7300,0.8050
2122608,sitting,-0.0290,0.0017,1.0197,0.4900,-2.7300,0.8050
2122628,sitting,-0.0290,0.0022,1.0192,0.4900,-2.7650,0.8050
2122647,sitting,-0.0288,0.0017,1.0199,0.5250,-2.8000,0.8050
2122666,sitting,-0.0295,0.0007,1.0192,0.5250,-2.7300,0.8400
2122685,sitting,-0.0283,0.0020,1.0187,0.5250,-2.7300,0.8400
2122705,sitting,-0.0283,0.0017,1.0194,0.5600,-2.7300,0.8050
2122724,sitting,-0.0283,0.0010,1.0202,0.4900,-2.7300,0.8400
2122743,sitting,-0.0285,0.0012,1.0187,0.4900,-2.6950,0.8400
2122762,sitting,-0.0285,0.0017,1.0187,0.5250,-2.7300,0.8050
2122781,sitting,-0.0288,0.0017,1.0199,0.4900,-2.7300,0.8400
2122801,sitting,-0.0285,0.0020,1.0209,0.5250,-2.7300,0.8400
2122820,sitting,-0.0290,0.0017,1.0197,0.4900,-2.7300,0.8750
2122839,sitting,-0.0283,0.0012,1.0185,0.5600,-2.6950,0.8050
2122858,sitting,-0.0290,0.0020,1.0194,0.5250,-2.6950,0.8400
2122878,sitting,-0.0290,0.0012,1.0202,0.4900,-2.7300,0.8050
2122897,sitting,-0.0293,0.0015,1.0199,0.5250,-2.7300,0.8050
2122916,sitting,-0.0285,0.0024,1.0197,0.4900,-2.7300,0.7700
2122935,sitting,-0.0290,0.0027,1.0182,0.5600,-2.7300,0.8050
2122955,sitting,-0.0288,0.0020,1.0194,0.5600,-2.7300,0.8050
2122974,sitting,-0.0288,0.0005,1.0197,0.4900,-2.7300,0.8400
2122993,sitting,-0.0288,0.0020,1.0192,0.5600,-2.7300,0.7700
2123012,sitting,-0.0285,0.0022,1.0202,0.4900,-2.7300,0.8050
2123031,sitting,-0.0283,0.0022,1.0199,0.5600,-2.7300,0.8400
2123051,sitting,-0.0293,0.0032,1.0207,0.5250,-2.7300,0.8400
2123070,sitting,-0.0293,0.0022,1.0207,0.5250,-2.7300,0.8400
2123089,sitting,-0.0295,0.0024,1.0197,0.4900,-2.7300,0.8400
2123108,sitting,-0.0295,0.0020,1.0194,0.4900,-2.7300,0.8050
2123128,sitting,-0.0283,0.0015,1.0197,0.4900,-2.7300,0.8050
2123147,sitting,-0.0281,0.0017,1.0202,0.4900,-2.7300,0.8400
2123166,sitting,-0.0285,0.0012,1.0197,0.4900,-2.7300,0.8400
2123185,sitting,-0.0288,0.0029,1.0187,0.4900,-2.7300,0.8400
2123205,sitting,-0.0288,0.0024,1.0194,0.4900,-2.7300,0.8400
2123224,sitting,-0.0288,0.0029,1.0199,0.4900,-2.7300,0.8050
2123243,sitting,-0.0290,0.0017,1.0197,0.4900,-2.7300,0.8400
2123262,sitting,-0.0285,0.0022,1.0204,0.4900,-2.7300,0.8050
2123281,sitting,-0.0285,0.0032,1.0189,0.4900,-2.6950,0.7700
2123301,sitting,-0.0281,0.0022,1.0187,0.5250,-2.6950,0.8050
2123320,sitting,-0.0288,0.0029,1.0194,0.4900,-2.6950,0.8050
2123339,sitting,-0.0285,0.0024,1.0197,0.5600,-2.7300,0.8050
2123358,sitting,-0.0293,0.0015,1.0199,0.4900,-2.7300,0.8050
2123378,sitting,-0.0285,0.0022,1.0185,0.4900,-2.7300,0.8050
2123397,sitting,-0.0273,0.0020,1.0194,0.5250,-2.7300,0.7700
2123416,sitting,-0.0298,0.0024,1.0189,0.5600,-2.7300,0.7700
2123435,sitting,-0.0303,0.0007,1.0199,0.5600,-2.7300,0.7700
2123455,sitting,-0.0281,0.0020,1.0197,0.4900,-2.7300,0.8400
2123474,sitting,-0.0281,0.0015,1.0192,0.5250,-2.7300,0.7700
2123493,sitting,-0.0295,0.0015,1.0202,0.4900,-2.7300,0.8400
2123512,sitting,-0.0288,0.0022,1.0197,0.5600,-2.7300,0.8400
2123531,sitting,-0.0288,0.0020,1.0194,0.4900,-2.6950,0.8400
2123551,sitting,-0.0283,0.0024,1.0189,0.4900,-2.7300,0.8050
2123570,sitting,-0.0288,0.0015,1.0202,0.4900,-2.7300,0.8050
2123589,sitting,-0.0290,0.0017,1.0199,0.4900,-2.7300,0.8400
2123608,sitting,-0.0285,0.0015,1.0187,0.5250,-2.7300,0.8050
2123628,sitting,-0.0288,0.0017,1.0197,0.4900,-2.7300,0.7700
2123647,sitting,-0.0298,0.0022,1.0199,0.5600,-2.7300,0.8050
2123666,sitting,-0.0293,0.0015,1.0194,0.4900,-2.7300,0.8050
2123685,sitting,-0.0298,0.0022,1.0204,0.4900,-2.7300,0.8400
2123705,sitting,-0.0293,0.0032,1.0192,0.4900,-2.7300,0.8400
2123724,sitting,-0.0285,0.0017,1.0207,0.5250,-2.7300,0.8400
2123743,sitting,-0.0290,0.0010,1.0187,0.5250,-2.7300,0.8050
2123762,sitting,-0.0281,0.0017,1.0197,0.4900,-2.7300,0.8400
2123781,sitting,-0.0273,0.0029,1.0197,0.4900,-2.7300,0.8400
2123801,sitting,-0.0285,0.0015,1.0202,0.4900,-2.7300,0.8050
2123820,sitting,-0.0281,0.0020,1.0189,0.5250,-2.7300,0.8050
2123839,sitting,-0.0283,0.0029,1.0192,0.4900,-2.7300,0.8050
2123858,sitting,-0.0288,0.0022,1.0204,0.4900,-2.7300,0.8400
2123878,sitting,-0.0285,0.0022,1.0189,0.5250,-2.7300,0.8050
2123897,sitting,-0.0285,0.0022,1.0189,0.5250,-2.7300,0.8050
2123916,sitting,-0.0290,0.0012,1.0187,0.5250,-2.7300,0.7700
2123935,sitting,-0.0290,0.0015,1.0204,0.5250,-2.7300,0.8050
2123955,sitting,-0.0293,0.0024,1.0194,0.4900,-2.7650,0.8050
2123974,sitting,-0.0281,0.0017,1.0202,0.5250,-2.7300,0.8050
2123993,sitting,-0.0288,0.0024,1.0199,0.5250,-2.7300,0.8400
2124012,sitting,-0.0283,0.0020,1.0199,0.5250,-2.7300,0.8400
2124031,sitting,-0.0293,0.0020,1.0194,0.5250,-2.7300,0.8050
2124051,sitting,-0.0278,0.0020,1.0189,0.5250,-2.7300,0.8050
2124070,sitting,-0.0285,0.0027,1.0187,0.4900,-2.7300,0.7700
2124089,sitting,-0.0288,0.0015,1.0197,0.4900,-2.7300,0.8400
2124108,sitting,-0.0288,0.0017,1.0199,0.4900,-2.7300,0.8400
2124128,sitting,-0.0295,0.0012,1.0189,0.4900,-2.7300,0.7700
2124147,sitting,-0.0298,0.0017,1.0185,0.4900,-2.7300,0.8400
2124166,sitting,-0.0283,0.0015,1.0189,0.4900,-2.7300,0.8050
2124185,sitting,-0.0281,0.0017,1.0199,0.5250,-2.7300,0.8400
2124205,sitting,-0.0283,0.0017,1.0194,0.5250,-2.7300,0.8400
2124224,sitting,-0.0288,0.0015,1.0189,0.5250,-2.7300,0.8400
2124243,sitting,-0.0281,0.0017,1.0182,0.5250,-2.7300,0.8400
2124262,sitting,-0.0278,0.0024,1.0182,0.4900,-2.7300,0.8050
2124281,sitting,-0.0283,0.0024,1.0209,0.4900,-2.7300,0.8400
2124301,sitting,-0.0288,0.0024,1.0204,0.5250,-2.7300,0.8050
2124320,sitting,-0.0283,0.0034,1.0197,0.5600,-2.7300,0.8400
2124339,sitting,-0.0281,0.0022,1.0192,0.5250,-2.7300,0.8050
2124358,sitting,-0.0278,0.0024,1.0207,0.4900,-2.7300,0.8400
2124378,sitting,-0.0281,0.0024,1.0202,0.4900,-2.7300,0.8400
2124397,sitting,-0.0278,0.0017,1.0192,0.5250,-2.7300,0.8400
2124416,sitting,-0.0288,0.0020,1.0185,0.4900,-2.6950,0.8050
2124435,sitting,-0.0290,0.0027,1.0189,0.4900,-2.7300,0.8400
2124455,sitting,-0.0295,0.0015,1.0187,0.4900,-2.7300,0.8400
2124474,sitting,-0.0290,0.0020,1.0192,0.5250,-2.7300,0.8400
2124493,sitting,-0.0293,0.0017,1.0199,0.4900,-2.7300,0.8400
2124512,sitting,-0.0278,0.0027,1.0197,0.4900,-2.7300,0.8400
2124531,sitting,-0.0281,0.0017,1.0194,0.5250,-2.7300,0.8400
2124551,sitting,-0.0281,0.0020,1.0194,0.5250,-2.7300,0.8400
2124570,sitting,-0.0281,0.0017,1.0204,0.4900,-2.7300,0.8400
2124589,sitting,-0.0283,0.0022,1.0189,0.4900,-2.7300,0.8400
2124608,sitting,-0.0285,0.0017,1.0192,0.4900,-2.6600,0.8050
2124628,sitting,-0.0285,0.0022,1.0192,0.4900,-2.7300,0.8400
2124647,sitting,-0.0288,0.0024,1.0189,0.5600,-2.7300,0.8400
2124666,sitting,-0.0285,0.0027,1.0194,0.4900,-2.7300,0.8050
2124685,sitting,-0.0285,0.0020,1.0202,0.4900,-2.7300,0.8050
2124705,sitting,-0.0290,0.0015,1.0194,0.5600,-2.7300,0.8400
2124724,sitting,-0.0293,0.0012,1.0189,0.5250,-2.7300,0.8400
2124743,sitting,-0.0285,0.0017,1.0182,0.5250,-2.7300,0.8400
2124762,sitting,-0.0290,0.0015,1.0180,0.4900,-2.7300,0.8400
2124781,sitting,-0.0293,0.0015,1.0209,0.4900,-2.7300,0.7700
2124801,sitting,-0.0293,0.0012,1.0192,0.5250,-2.7300,0.7700
2124820,sitting,-0.0293,0.0027,1.0187,0.5250,-2.7300,0.7700
2124839,sitting,-0.0283,0.0017,1.0197,0.5600,-2.7300,0.8050
2124858,sitting,-0.0290,0.0012,1.0199,0.5250,-2.7300,0.8050
2124878,sitting,-0.0283,0.0012,1.0199,0.5250,-2.7650,0.8400
2124897,sitting,-0.0288,0.0012,1.0194,0.4900,-2.7300,0.8050
2124916,sitting,-0.0281,0.0017,1.0192,0.4900,-2.7300,0.7700
2124935,sitting,-0.0290,0.0022,1.0202,0.4900,-2.7300,0.8400
2124955,sitting,-0.0285,0.0012,1.0199,0.5250,-2.7300,0.7700
2124974,sitting,-0.0295,0.0020,1.0187,0.5600,-2.7300,0.8050
2124993,sitting,-0.0298,0.0037,1.0189,0.4900,-2.7300,0.8400
2125012,sitting,-0.0283,0.0032,1.0194,0.4900,-2.7300,0.8400
2125031,sitting,-0.0290,0.0020,1.0204,0.4900,-2.7300,0.8050
2125051,sitting,-0.0285,0.0020,1.0199,0.4900,-2.7300,0.8400
2125070,sitting,-0.0281,0.0015,1.0197,0.5250,-2.7300,0.8750
2125089,sitting,-0.0290,0.0020,1.0199,0.5250,-2.7300,0.8400
2125108,sitting,-0.0290,0.0015,1.0197,0.4900,-2.7300,0.8050
2125128,sitting,-0.0285,0.0024,1.0197,0.4900,-2.7300,0.8050
2125147,sitting,-0.0283,0.0027,1.0194,0.4900,-2.6950,0.8400
2125166,sitting,-0.0278,0.0020,1.0194,0.4900,-2.6950,0.8400
2125185,sitting,-0.0283,0.0024,1.0199,0.5250,-2.6950,0.8400
2125205,sitting,-0.0283,0.0012,1.0192,0.5250,-2.7300,0.8750
2125224,sitting,-0.0285,0.0015,1.0194,0.5250,-2.7300,0.8050
2125243,sitting,-0.0288,0.0020,1.0199,0.5600,-2.7300,0.8050
2125262,sitting,-0.0293,0.0015,1.0204,0.4900,-2.7300,0.8050
2125281,sitting,-0.0290,0.0007,1.0192,0.5600,-2.7300,0.8050
2125301,sitting,-0.0283,0.0020,1.0194,0.5250,-2.7300,0.8050
2125320,sitting,-0.0290,0.0022,1.0202,0.4900,-2.7300,0.8400
2125339,sitting,-0.0285,0.0017,1.0194,0.4900,-2.6950,0.8400
2125358,sitting,-0.0283,0.0007,1.0192,0.5250,-2.7300,0.8050
2125378,sitting,-0.0285,0.0020,1.0187,0.4900,-2.7300,0.7700
2125397,sitting,-0.0281,0.0022,1.0185,0.4900,-2.6950,0.8400
2125416,sitting,-0.0290,0.0022,1.0177,0.4900,-2.7300,0.8050
2125435,sitting,-0.0293,0.0020,1.0197,0.5250,-2.6950,0.8050
2125455,sitting,-0.0288,0.0012,1.0197,0.4900,-2.7300,0.7700
2125474,sitting,-0.0285,0.0015,1.0202,0.4900,-2.7300,0.8400
2125493,sitting,-0.0285,0.0015,1.0192,0.4900,-2.7300,0.8400
2125512,sitting,-0.0285,0.0020,1.0192,0.4900,-2.7300,0.8050
2125531,sitting,-0.0288,0.0020,1.0187,0.4900,-2.6950,0.8400
2125551,sitting,-0.0273,0.0022,1.0202,0.4900,-2.7300,0.8400
2125570,sitting,-0.0293,0.0020,1.0199,0.4900,-2.7300,0.8400
2125589,sitting,-0.0285,0.0022,1.0202,0.4900,-2.7300,0.8050
2125608,sitting,-0.0281,0.0022,1.0185,0.5250,-2.7300,0.8400
2125628,sitting,-0.0281,0.0022,1.0197,0.4900,-2.6950,0.8400
2125647,sitting,-0.0273,0.0020,1.0197,0.4900,-2.7300,0.8400
2125666,sitting,-0.0281,0.0024,1.0194,0.5250,-2.7300,0.8400
2125685,sitting,-0.0276,0.0020,1.0199,0.5250,-2.7300,0.8400
2125705,sitting,-0.0283,0.0020,1.0197,0.5600,-2.7300,0.8400
2125724,sitting,-0.0283,0.0022,1.0199,0.4900,-2.7300,0.7700
2125743,sitting,-0.0278,0.0015,1.0194,0.5250,-2.7300,0.8400
2125762,sitting,-0.0276,0.0015,1.0185,0.4900,-2.7300,0.8050
2125781,sitting,-0.0283,0.0022,1.0189,0.5250,-2.7300,0.7700
2125801,sitting,-0.0281,0.0020,1.0199,0.5250,-2.6950,0.7700
2125820,sitting,-0.0298,0.0020,1.0194,0.4900,-2.7300,0.8050
2125839,sitting,-0.0293,0.0017,1.0185,0.5250,-2.7300,0.8050
2125858,sitting,-0.0293,0.0020,1.0202,0.5250,-2.7300,0.8400
2125878,sitting,-0.0290,0.0022,1.0199,0.4900,-2.7300,0.8050
2125897,sitting,-0.0281,0.0027,1.0192,0.5250,-2.7300,0.7700
2125916,sitting,-0.0281,0.0024,1.0192,0.4900,-2.7300,0.8400
2125935,sitting,-0.0281,0.0027,1.0202,0.4900,-2.7300,0.8400
2125955,sitting,-0.0281,0.0027,1.0192,0.5250,-2.7300,0.7700
2125974,sitting,-0.0281,0.0022,1.0194,0.5600,-2.6950,0.8400
2125993,sitting,-0.0278,0.0022,1.0197,0.4900,-2.7300,0.8400
2126012,sitting,-0.0283,0.0020,1.0197,0.4900,-2.7300,0.8400
2126031,sitting,-0.0285,0.0020,1.0194,0.4900,-2.7300,0.8050
2126051,sitting,-0.0293,0.0024,1.0189,0.4900,-2.7300,0.8400
2126070,sitting,-0.0288,0.0024,1.0197,0.4900,-2.7300,0.7700
2126089,sitting,-0.0281,0.0024,1.0189,0.4900,-2.7300,0.8400
2126108,sitting,-0.0285,0.0020,1.0192,0.4900,-2.7300,0.7700
2126128,sitting,-0.0298,0.0024,1.0194,0.4900,-2.7650,0.8400
2126147,sitting,-0.0285,0.0017,1.0192,0.5600,-2.7300,0.8400
2126166,sitting,-0.0293,0.0020,1.0192,0.4900,-2.7300,0.8400
2126185,sitting,-0.0288,0.0022,1.0192,0.4900,-2.6950,0.8050
2126205,sitting,-0.0293,0.0017,1.0189,0.5250,-2.6950,0.8050
2126224,sitting,-0.0305,0.0017,1.0194,0.5250,-2.7300,0.8400
2126243,sitting,-0.0285,0.0017,1.0202,0.4900,-2.6950,0.8050
2126262,sitting,-0.0285,0.0007,1.0192,0.5250,-2.7300,0.8050
2126281,sitting,-0.0295,0.0015,1.0194,0.5250,-2.6950,0.7700
2126301,sitting,-0.0288,0.0022,1.0199,0.5600,-2.7650,0.7700
2126320,sitting,-0.0288,0.0015,1.0192,0.4900,-2.7300,0.8050
2126339,sitting,-0.0283,0.0012,1.0194,0.5250,-2.7300,0.7700
2126358,sitting,-0.0288,0.0012,1.0197,0.5250,-2.6950,0.8400
2126378,sitting,-0.0276,0.0022,1.0187,0.5250,-2.7300,0.8050
2126397,sitting,-0.0293,0.0017,1.0202,0.4900,-2.7300,0.8050
2126416,sitting,-0.0290,0.0020,1.0199,0.4900,-2.7300,0.8050
2126435,sitting,-0.0271,0.0020,1.0204,0.4900,-2.7300,0.8050
2126455,sitting,-0.0285,0.0022,1.0182,0.4900,-2.7300,0.8400
2126474,sitting,-0.0283,0.0020,1.0202,0.4900,-2.7300,0.8400
2126493,sitting,-0.0285,0.0020,1.0199,0.4900,-2.7300,0.8050
2126512,sitting,-0.0285,0.0017,1.0197,0.4900,-2.7300,0.8400
2126531,sitting,-0.0285,0.0010,1.0194,0.4900,-2.7300,0.7700
2126551,sitting,-0.0278,0.0010,1.0202,0.5250,-2.7300,0.8400
2126570,sitting,-0.0283,0.0015,1.0197,0.5600,-2.7300,0.8050
2126589,sitting,-0.0295,0.0017,1.0189,0.4900,-2.7300,0.8400
2126608,sitting,-0.0283,0.0029,1.0202,0.4900,-2.7300,0.8400
2126628,sitting,-0.0288,0.0012,1.0194,0.5250,-2.7650,0.8050
2126647,sitting,-0.0288,0.0022,1.0189,0.5600,-2.7300,0.7700
2126666,sitting,-0.0285,0.0027,1.0189,0.5250,-2.7300,0.7700
2126685,sitting,-0.0283,0.0024,1.0204,0.4900,-2.7300,0.8400
2126705,sitting,-0.0285,0.0022,1.0199,0.4900,-2.6950,0.7700
2126724,sitting,-0.0281,0.0020,1.0204,0.5250,-2.7300,0.7700
2126743,sitting,-0.0288,0.0020,1.0202,0.5250,-2.7300,0.8400
2126762,sitting,-0.0281,0.0020,1.0194,0.5250,-2.7300,0.8400
2126781,sitting,-0.0298,0.0017,1.0199,0.5250,-2.6950,0.8400
2126801,sitting,-0.0278,0.0020,1.0197,0.5250,-2.7300,0.8400
2126820,sitting,-0.0290,0.0017,1.0199,0.4900,-2.7650,0.8050
2126839,sitting,-0.0281,0.0017,1.0202,0.4900,-2.7650,0.8400
2126858,sitting,-0.0276,0.0024,1.0197,0.5250,-2.7300,0.8400
2126878,sitting,-0.0281,0.0034,1.0199,0.4900,-2.7300,0.8400
2126897,sitting,-0.0293,0.0020,1.0187,0.4900,-2.7300,0.8400
2126916,sitting,-0.0276,0.0022,1.0175,0.4900,-2.7300,0.8400
2126935,sitting,-0.0288,0.0017,1.0199,0.4900,-2.7300,0.8050
2126955,sitting,-0.0283,0.0012,1.0199,0.4900,-2.7300,0.8400
2126974,sitting,-0.0283,0.0012,1.0199,0.4900,-2.7300,0.8400
2126993,sitting,-0.0288,0.0022,1.0194,0.4900,-2.7300,0.8050
2127012,sitting,-0.0288,0.0012,1.0189,0.4900,-2.7300,0.8400
2127031,sitting,-0.0295,0.0012,1.0197,0.5250,-2.7300,0.8400
2127051,sitting,-0.0290,0.0012,1.0204,0.4900,-2.7300,0.8400
2127070,sitting,-0.0293,0.0024,1.0207,0.4900,-2.7300,0.8400
2127089,sitting,-0.0271,0.0017,1.0194,0.4900,-2.7300,0.8050
2127108,sitting,-0.0283,0.0017,1.0211,0.4900,-2.7300,0.8050
2127128,sitting,-0.0281,0.0012,1.0192,0.5250,-2.7300,0.7700
2127147,sitting,-0.0283,0.0017,1.0192,0.4900,-2.7300,0.8050
2127166,sitting,-0.0288,0.0015,1.0194,0.5250,-2.7300,0.8050
2127185,sitting,-0.0283,0.0027,1.0192,0.5600,-2.7300,0.8050
2127205,sitting,-0.0290,0.0020,1.0187,0.5600,-2.7300,0.7700
2127224,sitting,-0.0288,0.0020,1.0197,0.5250,-2.7300,0.8050
