timestamp_ms,label,acc_x_g,acc_y_g,acc_z_g,gyro_x_dps,gyro_y_dps,gyro_z_dps
2922310,sitting,-1.0116,-0.0112,-0.0102,0.4900,-2.6600,0.8400
2922329,sitting,-1.0102,-0.0117,-0.0107,0.4900,-2.6950,0.7700
2922348,sitting,-1.0097,-0.0115,-0.0102,0.5250,-2.6950,0.7700
2922367,sitting,-1.0102,-0.0117,-0.0115,0.4900,-2.7300,0.7700
2922387,sitting,-1.0099,-0.0117,-0.0098,0.4550,-2.6950,0.7700
2922406,sitting,-1.0102,-0.0120,-0.0102,0.4900,-2.7300,0.7700
2922425,sitting,-1.0097,-0.0122,-0.0107,0.4900,-2.7300,0.8400
2922444,sitting,-1.0097,-0.0122,-0.0100,0.4900,-2.7300,0.8400
2922464,sitting,-1.0097,-0.0112,-0.0107,0.5250,-2.7300,0.8400
2922483,sitting,-1.0099,-0.0112,-0.0105,0.4900,-2.7300,0.8050
2922502,sitting,-1.0102,-0.0110,-0.0110,0.4900,-2.7300,0.7700
2922521,sitting,-1.0104,-0.0117,-0.0100,0.4900,-2.7300,0.7700
2922541,sitting,-1.0106,-0.0112,-0.0095,0.4900,-2.7300,0.8400
2922560,sitting,-1.0111,-0.0112,-0.0105,0.4900,-2.7300,0.8400
2922579,sitting,-1.0106,-0.0115,-0.0102,0.4900,-2.7300,0.8050
2922598,sitting,-1.0104,-0.0112,-0.0115,0.4900,-2.7300,0.8400
2922617,sitting,-1.0109,-0.0127,-0.0102,0.4900,-2.7650,0.8050
2922637,sitting,-1.0094,-0.0117,-0.0105,0.4900,-2.6950,0.8400
2922656,sitting,-1.0111,-0.0112,-0.0105,0.4900,-2.6950,0.7700
2922675,sitting,-1.0111,-0.0120,-0.0100,0.4900,-2.7300,0.7700
2922694,sitting,-1.0099,-0.0122,-0.0098,0.4200,-2.7300,0.8400
2922714,sitting,-1.0099,-0.0112,-0.0095,0.4900,-2.7300,0.7700
2922733,sitting,-1.0104,-0.0117,-0.0105,0.4900,-2.7300,0.8400
2922752,sitting,-1.0092,-0.0122,-0.0110,0.4900,-2.7300,0.8050
2922771,sitting,-1.0097,-0.0124,-0.0107,0.4900,-2.7300,0.8050
2922791,sitting,-1.0102,-0.0122,-0.0100,0.4900,-2.7300,0.8400
2922810,sitting,-1.0097,-0.0117,-0.0107,0.4900,-2.7300,0.8050
2922829,sitting,-1.0104,-0.0120,-0.0100,0.4900,-2.7300,0.8050
2922848,sitting,-1.0106,-0.0120,-0.0102,0.4900,-2.7300,0.7700
2922867,sitting,-1.0089,-0.0107,-0.0102,0.5250,-2.7300,0.7700
2922887,sitting,-1.0094,-0.0110,-0.0107,0.4900,-2.7300,0.8050
2922906,sitting,-1.0102,-0.0120,-0.0102,0.4900,-2.7300,0.8400
2922925,sitting,-1.0106,-0.0110,-0.0102,0.4900,-2.7300,0.8400
2922944,sitting,-1.0104,-0.0124,-0.0098,0.5250,-2.7300,0.8050
2922964,sitting,-1.0104,-0.0112,-0.0105,0.5600,-2.7300,0.8050
2922983,sitting,-1.0102,-0.0107,-0.0105,0.4900,-2.7300,0.8400
2923002,sitting,-1.0097,-0.0127,-0.0107,0.4900,-2.7300,0.7700
2923021,sitting,-1.0106,-0.0122,-0.0105,0.4900,-2.7300,0.7700
2923041,sitting,-1.0109,-0.0120,-0.0095,0.4900,-2.7300,0.8050
2923060,sitting,-1.0109,-0.0124,-0.0100,0.4900,-2.6950,0.7700
2923079,sitting,-1.0094,-0.0117,-0.0100,0.4900,-2.7300,0.8050
2923098,sitting,-1.0106,-0.0117,-0.0098,0.4900,-2.7300,0.7700
2923117,sitting,-1.0106,-0.0124,-0.0102,0.4900,-2.7300,0.8050
2923137,sitting,-1.0099,-0.0124,-0.0107,0.4900,-2.7300,0.7700
2923156,sitting,-1.0102,-0.0124,-0.0095,0.4900,-2.6600,0.8050
2923175,sitting,-1.0094,-0.0120,-0.0107,0.4900,-2.7300,0.7700
2923194,sitting,-1.0094,-0.0120,-0.0098,0.4900,-2.6600,0.7700
2923214,sitting,-1.0099,-0.0117,-0.0100,0.4900,-2.7300,0.7700
2923233,sitting,-1.0106,-0.0110,-0.0105,0.4900,-2.7300,0.8400
2923252,sitting,-1.0116,-0.0107,-0.0105,0.4900,-2.6950,0.8400
2923271,sitting,-1.0102,-0.0117,-0.0100,0.4900,-2.6600,0.8400
2923291,sitting,-1.0097,-0.0110,-0.0117,0.4200,-2.7300,0.8400
2923310,sitting,-1.0102,-0.0120,-0.0110,0.4900,-2.7300,0.7700
2923329,sitting,-1.0106,-0.0124,-0.0098,0.4550,-2.7300,0.7700
2923348,sitting,-1.0099,-0.0129,-0.0110,0.4550,-2.7300,0.8400
2923367,sitting,-1.0092,-0.0120,-0.0098,0.4900,-2.7300,0.7700
2923387,sitting,-1.0106,-0.0132,-0.0105,0.4900,-2.7300,0.8050
2923406,sitting,-1.0097,-0.0129,-0.0100,0.4900,-2.6950,0.7700
2923425,sitting,-1.0106,-0.0127,-0.0105,0.4900,-2.6950,0.7700
2923444,sitting,-1.0104,-0.0115,-0.0112,0.5250,-2.7300,0.8050
2923464,sitting,-1.0116,-0.0122,-0.0110,0.4900,-2.7300,0.8050
2923483,sitting,-1.0104,-0.0110,-0.0102,0.4900,-2.7300,0.8050
2923502,sitting,-1.0097,-0.0105,-0.0102,0.4900,-2.7300,0.7700
2923521,sitting,-1.0102,-0.0117,-0.0100,0.4900,-2.7300,0.8400
2923541,sitting,-1.0094,-0.0120,-0.0093,0.4900,-2.7300,0.7700
2923560,sitting,-1.0102,-0.0124,-0.0100,0.4900,-2.7300,0.8050
2923579,sitting,-1.0099,-0.0117,-0.0105,0.4900,-2.7300,0.7700
2923598,sitting,-1.0099,-0.0117,-0.0110,0.4900,-2.7300,0.8050
2923617,sitting,-1.0109,-0.0110,-0.0098,0.5250,-2.7300,0.7700
2923637,sitting,-1.0102,-0.0124,-0.0105,0.4900,-2.7300,0.8400
2923656,sitting,-1.0102,-0.0122,-0.0107,0.4900,-2.7300,0.8400
2923675,sitting,-1.0097,-0.0115,-0.0107,0.5250,-2.6950,0.8050
2923694,sitting,-1.0109,-0.0110,-0.0105,0.4900,-2.7300,0.8050
2923714,sitting,-1.0102,-0.0122,-0.0102,0.4900,-2.7300,0.7700
2923733,sitting,-1.0097,-0.0124,-0.0107,0.4550,-2.7300,0.7700
2923752,sitting,-1.0097,-0.0122,-0.0102,0.4900,-2.6950,0.7700
2923771,sitting,-1.0097,-0.0124,-0.0095,0.4550,-2.6950,0.8050
2923791,sitting,-1.0102,-0.0117,-0.0105,0.4900,-2.7300,0.8050
2923810,sitting,-1.0106,-0.0115,-0.0112,0.5250,-2.7300,0.7700
2923829,sitting,-1.0104,-0.0120,-0.0107,0.4900,-2.7300,0.7700
2923848,sitting,-1.0104,-0.0122,-0.0112,0.4900,-2.7300,0.7700
2923867,sitting,-1.0102,-0.0112,-0.0112,0.4900,-2.7300,0.7700
2923887,sitting,-1.0104,-0.0117,-0.0112,0.5250,-2.7300,0.7700
2923906,sitting,-1.0111,-0.0124,-0.0102,0.4900,-2.7300,0.8050
2923925,sitting,-1.0104,-0.0115,-0.0107,0.4900,-2.6950,0.7700
2923944,sitting,-1.0104,-0.0117,-0.0110,0.4900,-2.7300,0.8050
2923964,sitting,-1.0099,-0.0115,-0.0110,0.4900,-2.7300,0.7700
2923983,sitting,-1.0102,-0.0124,-0.0107,0.4900,-2.6950,0.7700
2924002,sitting,-1.0094,-0.0120,-0.0098,0.4900,-2.6600,0.7700
2924021,sitting,-1.0106,-0.0115,-0.0105,0.4900,-2.7300,0.7700
2924041,sitting,-1.0114,-0.0117,-0.0098,0.4550,-2.7300,0.7700
2924060,sitting,-1.0102,-0.0115,-0.0102,0.4200,-2.6950,0.8050
2924079,sitting,-1.0097,-0.0120,-0.0100,0.4900,-2.7300,0.8400
2924098,sitting,-1.0106,-0.0112,-0.0100,0.4900,-2.7300,0.8050
2924117,sitting,-1.0104,-0.0115,-0.0107,0.4900,-2.7300,0.7700
2924137,sitting,-1.0099,-0.0120,-0.0110,0.4900,-2.7300,0.8400
2924156,sitting,-1.0109,-0.0112,-0.0115,0.4900,-2.7650,0.8400
2924175,sitting,-1.0094,-0.0117,-0.0110,0.4900,-2.7300,0.7700
2924194,sitting,-1.0102,-0.0122,-0.0102,0.4550,-2.7300,0.8050
2924214,sitting,-1.0104,-0.0120,-0.0098,0.4900,-2.7300,0.8400
2924233,sitting,-1.0106,-0.0122,-0.0100,0.4900,-2.7300,0.8050
2924252,sitting,-1.0094,-0.0117,-0.0110,0.5250,-2.6950,0.8050
2924271,sitting,-1.0099,-0.0115,-0.0110,0.4900,-2.7300,0.8050
2924291,sitting,-1.0111,-0.0120,-0.0107,0.4200,-2.6600,0.8050
2924310,sitting,-1.0099,-0.0117,-0.0107,0.4900,-2.7300,0.7700
2924329,sitting,-1.0106,-0.0122,-0.0090,0.4900,-2.6950,0.7700
2924348,sitting,-1.0104,-0.0122,-0.0105,0.4550,-2.7300,0.7700
2924367,sitting,-1.0104,-0.0117,-0.0095,0.4550,-2.7300,0.7700
2924387,sitting,-1.0102,-0.0122,-0.0093,0.4900,-2.7300,0.7700
2924406,sitting,-1.0097,-0.0122,-0.0095,0.4900,-2.6950,0.8050
2924425,sitting,-1.0109,-0.0117,-0.0100,0.4900,-2.7300,0.8400
2924444,sitting,-1.0102,-0.0120,-0.0100,0.5250,-2.6950,0.8400
2924464,sitting,-1.0104,-0.0112,-0.0105,0.4900,-2.6950,0.8050
2924483,sitting,-1.0109,-0.0120,-0.0107,0.4900,-2.6950,0.8050
2924502,sitting,-1.0102,-0.0124,-0.0110,0.4900,-2.7300,0.8400
2924521,sitting,-1.0099,-0.0120,-0.0100,0.5250,-2.7300,0.7700
2924541,sitting,-1.0099,-0.0110,-0.0110,0.4900,-2.7300,0.8050
2924560,sitting,-1.0106,-0.0115,-0.0098,0.4550,-2.6950,0.8050
2924579,sitting,-1.0094,-0.0107,-0.0100,0.5250,-2.6600,0.7700
2924598,sitting,-1.0102,-0.0112,-0.0090,0.5250,-2.6950,0.7700
2924617,sitting,-1.0097,-0.0110,-0.0102,0.5250,-2.7300,0.7700
2924637,sitting,-1.0111,-0.0112,-0.0100,0.5250,-2.7300,0.7700
2924656,sitting,-1.0102,-0.0124,-0.0102,0.4900,-2.7300,0.8050
2924675,sitting,-1.0099,-0.0129,-0.0107,0.4900,-2.7300,0.7700
2924694,sitting,-1.0109,-0.0115,-0.0098,0.4900,-2.7300,0.7700
2924714,sitting,-1.0106,-0.0120,-0.0107,0.4900,-2.7300,0.7700
2924733,sitting,-1.0104,-0.0122,-0.0107,0.4900,-2.7300,0.8050
2924752,sitting,-1.0092,-0.0122,-0.0102,0.4900,-2.7300,0.7700
2924771,sitting,-1.0104,-0.0124,-0.0105,0.5250,-2.7300,0.7700
2924791,sitting,-1.0111,-0.0122,-0.0098,0.4900,-2.7300,0.7700
2924810,sitting,-1.0116,-0.0124,-0.0102,0.4900,-2.7300,0.8050
2924829,sitting,-1.0109,-0.0117,-0.0107,0.4900,-2.6950,0.8050
2924848,sitting,-1.0109,-0.0115,-0.0110,0.4900,-2.7300,0.8050
2924867,sitting,-1.0106,-0.0112,-0.0100,0.4900,-2.7300,0.7700
2924887,sitting,-1.0114,-0.0115,-0.0105,0.4900,-2.7300,0.8050
2924906,sitting,-1.0106,-0.0122,-0.0098,0.4900,-2.7300,0.8050
2924925,sitting,-1.0102,-0.0120,-0.0098,0.4550,-2.7300,0.7700
2924944,sitting,-1.0109,-0.0117,-0.0110,0.4900,-2.7300,0.7700
2924964,sitting,-1.0102,-0.0120,-0.0093,0.4550,-2.7300,0.8050
2924983,sitting,-1.0109,-0.0124,-0.0105,0.4900,-2.7300,0.7700
2925002,sitting,-1.0111,-0.0132,-0.0105,0.4900,-2.7300,0.8400
2925021,sitting,-1.0102,-0.0110,-0.0102,0.4900,-2.7300,0.8400
2925041,sitting,-1.0106,-0.0115,-0.0098,0.4900,-2.7300,0.8050
2925060,sitting,-1.0102,-0.0110,-0.0105,0.4900,-2.7300,0.7700
2925079,sitting,-1.0109,-0.0110,-0.0112,0.4900,-2.7300,0.7700
2925098,sitting,-1.0099,-0.0112,-0.0110,0.4550,-2.7300,0.8050
2925117,sitting,-1.0104,-0.0112,-0.0105,0.4900,-2.6600,0.7700
2925137,sitting,-1.0099,-0.0122,-0.0110,0.4900,-2.7300,0.7700
2925156,sitting,-1.0106,-0.0117,-0.0105,0.4900,-2.6950,0.8050
2925175,sitting,-1.0102,-0.0120,-0.0095,0.4900,-2.6950,0.8400
2925194,sitting,-1.0089,-0.0112,-0.0100,0.5250,-2.7300,0.8050
2925214,sitting,-1.0104,-0.0117,-0.0105,0.4550,-2.7300,0.8050
2925233,sitting,-1.0106,-0.0122,-0.0107,0.5250,-2.7300,0.7700
2925252,sitting,-1.0109,-0.0129,-0.0105,0.4900,-2.7300,0.8400
2925271,sitting,-1.0106,-0.0112,-0.0112,0.4900,-2.6600,0.7700
2925291,sitting,-1.0097,-0.0120,-0.0098,0.5250,-2.7300,0.8400
2925310,sitting,-1.0102,-0.0124,-0.0095,0.4900,-2.7300,0.7700
2925329,sitting,-1.0104,-0.0124,-0.0100,0.4900,-2.6950,0.7700
2925348,sitting,-1.0094,-0.0117,-0.0100,0.4550,-2.7300,0.7700
2925367,sitting,-1.0097,-0.0127,-0.0100,0.4900,-2.6950,0.7700
2925387,sitting,-1.0106,-0.0117,-0.0107,0.4900,-2.6600,0.7700
2925406,sitting,-1.0102,-0.0120,-0.0102,0.4550,-2.7300,0.8050
2925425,sitting,-1.0109,-0.0120,-0.0105,0.4900,-2.7650,0.8400
2925444,sitting,-1.0097,-0.0117,-0.0100,0.4900,-2.7300,0.7700
2925464,sitting,-1.0102,-0.0124,-0.0093,0.4900,-2.7300,0.8050
2925483,sitting,-1.0102,-0.0120,-0.0107,0.4900,-2.7300,0.7700
2925502,sitting,-1.0116,-0.0127,-0.0105,0.4900,-2.7300,0.8050
2925521,sitting,-1.0099,-0.0115,-0.0110,0.4900,-2.6950,0.7700
2925541,sitting,-1.0097,-0.0115,-0.0102,0.4900,-2.7300,0.7700
2925560,sitting,-1.0102,-0.0112,-0.0105,0.4900,-2.6950,0.8050
2925579,sitting,-1.0097,-0.0124,-0.0095,0.4550,-2.6950,0.7700
2925598,sitting,-1.0094,-0.0115,-0.0105,0.5250,-2.7300,0.8050
2925617,sitting,-1.0099,-0.0115,-0.0095,0.4900,-2.6950,0.7700
2925637,sitting,-1.0106,-0.0120,-0.0100,0.4900,-2.6950,0.8050
2925656,sitting,-1.0106,-0.0115,-0.0090,0.4900,-2.6950,0.7700
2925675,sitting,-1.0111,-0.0122,-0.0115,0.4900,-2.7300,0.7700
2925694,sitting,-1.0106,-0.0120,-0.0102,0.4900,-2.7300,0.7700
2925714,sitting,-1.0102,-0.0117,-0.0095,0.4900,-2.7300,0.8050
2925733,sitting,-1.0114,-0.0124,-0.0105,0.4900,-2.7300,0.7700
2925752,sitting,-1.0106,-0.0122,-0.0100,0.4900,-2.6950,0.7700
2925771,sitting,-1.0099,-0.0112,-0.0098,0.4900,-2.7300,0.8400
2925791,sitting,-1.0094,-0.0112,-0.0098,0.4550,-2.6600,0.7700
2925810,sitting,-1.0106,-0.0117,-0.0107,0.4550,-2.7300,0.7700
2925829,sitting,-1.0099,-0.0115,-0.0102,0.4550,-2.6950,0.7700
2925848,sitting,-1.0102,-0.0117,-0.0093,0.4900,-2.6950,0.8050
2925867,sitting,-1.0094,-0.0112,-0.0105,0.4900,-2.7300,0.8050
2925887,sitting,-1.0097,-0.0117,-0.0115,0.4550,-2.7300,0.8050
2925906,sitting,-1.0102,-0.0115,-0.0110,0.4900,-2.7300,0.8400
2925925,sitting,-1.0099,-0.0122,-0.0105,0.5250,-2.7300,0.8050
2925944,sitting,-1.0104,-0.0127,-0.0105,0.4900,-2.7300,0.7700
2925964,sitting,-1.0097,-0.0105,-0.0105,0.4550,-2.7300,0.7700
2925983,sitting,-1.0119,-0.0115,-0.0105,0.4200,-2.7300,0.8050
2926002,sitting,-1.0109,-0.0120,-0.0107,0.4900,-2.8000,0.8400
2926021,sitting,-1.0099,-0.0124,-0.0107,0.4900,-2.7300,0.8400
2926041,sitting,-1.0114,-0.0124,-0.0105,0.4900,-2.6950,0.7700
2926060,sitting,-1.0097,-0.0117,-0.0105,0.4900,-2.6950,0.7700
2926079,sitting,-1.0102,-0.0115,-0.0102,0.4900,-2.7300,0.8050
2926098,sitting,-1.0106,-0.0122,-0.0107,0.4900,-2.6950,0.8050
2926117,sitting,-1.0099,-0.0120,-0.0100,0.4900,-2.6950,0.8400
2926137,sitting,-1.0106,-0.0112,-0.0102,0.4900,-2.6600,0.7700
2926156,sitting,-1.0104,-0.0120,-0.0098,0.4900,-2.6950,0.8400
2926175,sitting,-1.0097,-0.0122,-0.0105,0.4900,-2.6950,0.8400
2926194,sitting,-1.0104,-0.0120,-0.0090,0.5250,-2.7300,0.8400
2926214,sitting,-1.0109,-0.0122,-0.0102,0.4900,-2.7300,0.8400
2926233,sitting,-1.0102,-0.0122,-0.0110,0.4900,-2.6950,0.8050
2926252,sitting,-1.0102,-0.0124,-0.0102,0.4900,-2.7300,0.7700
2926271,sitting,-1.0106,-0.0122,-0.0098,0.4550,-2.7300,0.8050
2926291,sitting,-1.0102,-0.0120,-0.0110,0.4900,-2.6950,0.8400
2926310,sitting,-1.0094,-0.0110,-0.0107,0.4900,-2.6950,0.8050
2926329,sitting,-1.0104,-0.0120,-0.0107,0.4900,-2.7300,0.7700
2926348,sitting,-1.0102,-0.0120,-0.0105,0.5250,-2.7300,0.7700
2926367,sitting,-1.0111,-0.0122,-0.0102,0.4900,-2.7300,0.7700
2926387,sitting,-1.0106,-0.0120,-0.0115,0.5250,-2.7300,0.7700
2926406,sitting,-1.0092,-0.0117,-0.0110,0.5250,-2.7300,0.7700
2926425,sitting,-1.0097,-0.0115,-0.0105,0.4550,-2.7300,0.8050
2926444,sitting,-1.0109,-0.0117,-0.0105,0.4550,-2.7300,0.7700
2926464,sitting,-1.0106,-0.0117,-0.0098,0.4900,-2.7300,0.7700
2926483,sitting,-1.0097,-0.0115,-0.0095,0.4900,-2.7300,0.8050
2926502,sitting,-1.0102,-0.0115,-0.0102,0.4900,-2.7300,0.8400
2926521,sitting,-1.0102,-0.0115,-0.0110,0.4900,-2.6950,0.7700
2926541,sitting,-1.0104,-0.0127,-0.0100,0.4550,-2.6950,0.7700
2926560,sitting,-1.0102,-0.0127,-0.0107,0.4900,-2.6950,0.7700
2926579,sitting,-1.0104,-0.0117,-0.0093,0.4900,-2.7300,0.8400
2926598,sitting,-1.0111,-0.0107,-0.0102,0.4550,-2.7300,0.8050
2926617,sitting,-1.0097,-0.0117,-0.0107,0.4200,-2.7300,0.8050
2926637,sitting,-1.0099,-0.0120,-0.0100,0.4900,-2.7300,0.8050
2926656,sitting,-1.0106,-0.0122,-0.0100,0.4900,-2.6950,0.7700
2926675,sitting,-1.0104,-0.0120,-0.0095,0.4900,-2.7300,0.8050
2926694,sitting,-1.0099,-0.0122,-0.0102,0.4900,-2.6950,0.8050
2926714,sitting,-1.0109,-0.0120,-0.0093,0.4900,-2.7300,0.7700
2926733,sitting,-1.0094,-0.0115,-0.0102,0.4900,-2.7300,0.7700
2926752,sitting,-1.0099,-0.0120,-0.0095,0.4900,-2.7300,0.8050
2926771,sitting,-1.0104,-0.0110,-0.0098,0.4550,-2.7300,0.8050
2926791,sitting,-1.0104,-0.0112,-0.0098,0.4900,-2.7300,0.7700
2926810,sitting,-1.0104,-0.0107,-0.0102,0.4900,-2.6600,0.8050
2926829,sitting,-1.0106,-0.0122,-0.0102,0.4900,-2.7300,0.8050
2926848,sitting,-1.0099,-0.0127,-0.0102,0.4900,-2.7300,0.8050
2926867,sitting,-1.0097,-0.0117,-0.0100,0.5250,-2.7300,0.8050
2926887,sitting,-1.0109,-0.0117,-0.0095,0.4900,-2.7300,0.7700
2926906,sitting,-1.0102,-0.0120,-0.0102,0.4900,-2.7300,0.8400
2926925,sitting,-1.0106,-0.0100,-0.0100,0.4550,-2.7300,0.8050
2926944,sitting,-1.0102,-0.0120,-0.0100,0.4900,-2.7300,0.8050
2926964,sitting,-1.0106,-0.0117,-0.0110,0.5250,-2.7300,0.7700
2926983,sitting,-1.0109,-0.0117,-0.0107,0.4900,-2.7300,0.8050
2927002,sitting,-1.0104,-0.0122,-0.0093,0.4550,-2.7300,0.7700
2927021,sitting,-1.0099,-0.0110,-0.0102,0.4900,-2.6950,0.7700
2927041,sitting,-1.0102,-0.0117,-0.0100,0.4900,-2.7300,0.8400
2927060,sitting,-1.0097,-0.0124,-0.0100,0.5250,-2.7300,0.7700
2927079,sitting,-1.0102,-0.0120,-0.0105,0.4900,-2.7300,0.8050
2927098,sitting,-1.0104,-0.0124,-0.0105,0.5600,-2.7300,0.7700
2927117,sitting,-1.0104,-0.0132,-0.0105,0.5250,-2.7300,0.7700
2927137,sitting,-1.0099,-0.0117,-0.0098,0.4900,-2.6950,0.7700
2927156,sitting,-1.0109,-0.0117,-0.0095,0.5250,-2.7300,0.8050
2927175,sitting,-1.0104,-0.0127,-0.0098,0.4900,-2.7300,0.8050
2927194,sitting,-1.0106,-0.0122,-0.0095,0.4900,-2.7300,0.8400
2927214,sitting,-1.0104,-0.0122,-0.0110,0.4900,-2.7300,0.8050
2927233,sitting,-1.0104,-0.0117,-0.0105,0.4900,-2.7300,0.7700
2927252,sitting,-1.0099,-0.0117,-0.0105,0.4900,-2.7300,0.7700
2927271,sitting,-1.0102,-0.0117,-0.0102,0.4900,-2.7300,0.7700
2927291,sitting,-1.0099,-0.0122,-0.0107,0.4900,-2.6950,0.7700
2927310,sitting,-1.0097,-0.0120,-0.0095,0.4900,-2.7300,0.7700
2927329,sitting,-1.0109,-0.0124,-0.0095,0.4900,-2.7300,0.7700
2927348,sitting,-1.0102,-0.0115,-0.0102,0.4900,-2.7300,0.7700
2927367,sitting,-1.0097,-0.0115,-0.0100,0.4900,-2.6950,0.7700
2927387,sitting,-1.0109,-0.0117,-0.0102,0.4900,-2.7300,0.8400
2927406,sitting,-1.0109,-0.0107,-0.0107,0.4900,-2.7300,0.8050
2927425,sitting,-1.0104,-0.0122,-0.0107,0.4900,-2.7300,0.7700
2927444,sitting,-1.0094,-0.0107,-0.0105,0.4900,-2.7300,0.7700
2927464,sitting,-1.0097,-0.0115,-0.0095,0.4900,-2.7300,0.8050
2927483,sitting,-1.0102,-0.0127,-0.0107,0.4900,-2.7300,0.8050
2927502,sitting,-1.0106,-0.0117,-0.0107,0.4550,-2.6950,0.8050
2927521,sitting,-1.0111,-0.0124,-0.0102,0.4900,-2.7300,0.7700
2927541,sitting,-1.0102,-0.0115,-0.0112,0.4900,-2.7300,0.8050
2927560,sitting,-1.0092,-0.0112,-0.0112,0.4900,-2.7300,0.7700
2927579,sitting,-1.0102,-0.0107,-0.0107,0.4900,-2.7300,0.7700
2927598,sitting,-1.0102,-0.0127,-0.0102,0.4900,-2.6950,0.7700
2927617,sitting,-1.0104,-0.0122,-0.0095,0.4900,-2.7300,0.8050
2927637,sitting,-1.0099,-0.0115,-0.0102,0.4900,-2.7300,0.8400
2927656,sitting,-1.0102,-0.0120,-0.0107,0.4550,-2.7300,0.8400
2927675,sitting,-1.0102,-0.0117,-0.0098,0.4900,-2.7300,0.8050
2927694,sitting,-1.0106,-0.0105,-0.0102,0.5250,-2.6950,0.8050
2927714,sitting,-1.0097,-0.0117,-0.0093,0.5250,-2.7300,0.8400
2927733,sitting,-1.0114,-0.0110,-0.0100,0.4900,-2.7300,0.7700
2927752,sitting,-1.0102,-0.0122,-0.0105,0.4900,-2.7300,0.7700
2927771,sitting,-1.0111,-0.0120,-0.0105,0.4900,-2.7300,0.8050
2927791,sitting,-1.0106,-0.0110,-0.0110,0.4900,-2.7300,0.7700
2927810,sitting,-1.0102,-0.0122,-0.0102,0.4900,-2.6600,0.7700
2927829,sitting,-1.0102,-0.0115,-0.0102,0.4900,-2.6950,0.7700
2927848,sitting,-1.0097,-0.0120,-0.0102,0.5250,-2.7300,0.7700
2927867,sitting,-1.0102,-0.0115,-0.0107,0.5250,-2.6950,0.7700
2927887,sitting,-1.0104,-0.0115,-0.0107,0.4900,-2.6600,0.7700
2927906,sitting,-1.0092,-0.0120,-0.0100,0.5250,-2.6950,0.7700
2927925,sitting,-1.0102,-0.0112,-0.0105,0.4900,-2.6950,0.7700
2927944,sitting,-1.0106,-0.0115,-0.0095,0.4900,-2.7300,0.7700
2927964,sitting,-1.0111,-0.0122,-0.0093,0.4900,-2.7300,0.7700
2927983,sitting,-1.0104,-0.0115,-0.0107,0.5250,-2.6950,0.8050
2928002,sitting,-1.0102,-0.0117,-0.0115,0.4900,-2.7300,0.7700
2928021,sitting,-1.0104,-0.0110,-0.0095,0.4900,-2.6950,0.7700
2928041,sitting,-1.0106,-0.0110,-0.0095,0.4550,-2.7300,0.7700
2928060,sitting,-1.0094,-0.0115,-0.0100,0.4900,-2.6950,0.7700
2928079,sitting,-1.0094,-0.0115,-0.0110,0.4900,-2.7300,0.7700
2928098,sitting,-1.0102,-0.0110,-0.0105,0.4900,-2.6600,0.7700
2928117,sitting,-1.0104,-0.0112,-0.0095,0.5250,-2.7300,0.8050
2928137,sitting,-1.0094,-0.0120,-0.0100,0.4900,-2.7300,0.8050
2928156,sitting,-1.0099,-0.0115,-0.0098,0.4900,-2.7300,0.7700
2928175,sitting,-1.0102,-0.0115,-0.0095,0.5250,-2.6600,0.7700
2928194,sitting,-1.0097,-0.0115,-0.0093,0.4900,-2.7300,0.7700
2928214,sitting,-1.0109,-0.0124,-0.0095,0.4900,-2.7300,0.8050
2928233,sitting,-1.0099,-0.0122,-0.0098,0.4900,-2.7300,0.8400
2928252,sitting,-1.0102,-0.0117,-0.0100,0.4900,-2.7300,0.8400
2928271,sitting,-1.0094,-0.0117,-0.0102,0.4900,-2.6950,0.7700
2928291,sitting,-1.0094,-0.0127,-0.0090,0.4900,-2.7300,0.7700
2928310,sitting,-1.0099,-0.0122,-0.0100,0.4900,-2.6600,0.7700
2928329,sitting,-1.0106,-0.0124,-0.0102,0.4200,-2.6950,0.8400
2928348,sitting,-1.0104,-0.0112,-0.0105,0.4200,-2.7300,0.7700
2928367,sitting,-1.0109,-0.0115,-0.0105,0.4550,-2.7300,0.7700
2928387,sitting,-1.0102,-0.0122,-0.0098,0.4900,-2.7300,0.8050
2928406,sitting,-1.0097,-0.0115,-0.0102,0.4550,-2.7300,0.8400
2928425,sitting,-1.0099,-0.0110,-0.0105,0.4550,-2.7300,0.8050
2928444,sitting,-1.0102,-0.0127,-0.0093,0.4900,-2.7300,0.8050
2928464,sitting,-1.0099,-0.0124,-0.0098,0.4900,-2.7300,0.8050
2928483,sitting,-1.0104,-0.0115,-0.0112,0.4900,-2.7300,0.8050
2928502,sitting,-1.0097,-0.0122,-0.0107,0.4900,-2.7300,0.8050
2928521,sitting,-1.0102,-0.0124,-0.0102,0.4900,-2.7300,0.8400
2928541,sitting,-1.0099,-0.0115,-0.0093,0.4900,-2.6950,0.7700
2928560,sitting,-1.0097,-0.0122,-0.0117,0.4900,-2.7300,0.7700
2928579,sitting,-1.0097,-0.0112,-0.0100,0.4900,-2.7300,0.8400
2928598,sitting,-1.0094,-0.0115,-0.0110,0.4900,-2.6950,0.8400
2928617,sitting,-1.0102,-0.0117,-0.0102,0.4900,-2.7300,0.7700
2928637,sitting,-1.0104,-0.0120,-0.0102,0.4900,-2.7300,0.8050
2928656,sitting,-1.0097,-0.0110,-0.0107,0.5250,-2.7300,0.7700
2928675,sitting,-1.0099,-0.0122,-0.0112,0.4900,-2.7300,0.8050
2928694,sitting,-1.0092,-0.0122,-0.0110,0.5250,-2.7300,0.8050
2928714,sitting,-1.0109,-0.0127,-0.0098,0.5250,-2.6950,0.7700
2928733,sitting,-1.0099,-0.0122,-0.0107,0.5250,-2.7300,0.8050
2928752,sitting,-1.0102,-0.0122,-0.0110,0.4900,-2.6950,0.8050
2928771,sitting,-1.0104,-0.0124,-0.0100,0.5250,-2.7300,0.7700
2928791,sitting,-1.0104,-0.0120,-0.0110,0.4900,-2.7300,0.7700
2928810,sitting,-1.0099,-0.0124,-0.0098,0.4900,-2.7300,0.7700
2928829,sitting,-1.0104,-0.0115,-0.0107,0.4900,-2.7300,0.8050
2928848,sitting,-1.0104,-0.0124,-0.0115,0.4550,-2.6950,0.8050
2928867,sitting,-1.0102,-0.0107,-0.0112,0.4900,-2.6950,0.8400
2928887,sitting,-1.0094,-0.0127,-0.0110,0.4900,-2.6600,0.8050
2928906,sitting,-1.0102,-0.0127,-0.0102,0.5250,-2.6950,0.8050
2928925,sitting,-1.0102,-0.0117,-0.0105,0.4900,-2.7300,0.7700
2928944,sitting,-1.0104,-0.0120,-0.0098,0.5250,-2.6950,0.7700
2928964,sitting,-1.0104,-0.0110,-0.0102,0.4900,-2.7300,0.8050
2928983,sitting,-1.0097,-0.0115,-0.0095,0.4900,-2.7300,0.8050
2929002,sitting,-1.0097,-0.0117,-0.0090,0.4900,-2.7300,0.8050
2929021,sitting,-1.0109,-0.0120,-0.0105,0.5600,-2.6950,0.7700
2929041,sitting,-1.0099,-0.0120,-0.0098,0.4900,-2.7300,0.8050
2929060,sitting,-1.0097,-0.0115,-0.0102,0.4900,-2.7300,0.7700
2929079,sitting,-1.0104,-0.0115,-0.0093,0.4900,-2.7300,0.7700
2929098,sitting,-1.0089,-0.0110,-0.0090,0.4900,-2.7300,0.8050
2929117,sitting,-1.0106,-0.0120,-0.0090,0.4550,-2.7300,0.7700
2929137,sitting,-1.0104,-0.0129,-0.0100,0.4550,-2.7300,0.8400
2929156,sitting,-1.0106,-0.0127,-0.0102,0.4900,-2.7300,0.8050
2929175,sitting,-1.0111,-0.0122,-0.0098,0.5250,-2.7300,0.8050
2929194,sitting,-1.0099,-0.0115,-0.0100,0.4900,-2.6950,0.8400
2929214,sitting,-1.0097,-0.0117,-0.0107,0.4900,-2.6950,0.8050
2929233,sitting,-1.0097,-0.0127,-0.0098,0.4900,-2.7300,0.7700
2929252,sitting,-1.0104,-0.0124,-0.0085,0.4900,-2.7300,0.8050
2929271,sitting,-1.0104,-0.0115,-0.0095,0.4550,-2.7300,0.8400
2929291,sitting,-1.0097,-0.0117,-0.0105,0.4550,-2.7300,0.8050
2929310,sitting,-1.0109,-0.0120,-0.0098,0.4900,-2.6950,0.8400
2929329,sitting,-1.0102,-0.0120,-0.0107,0.4900,-2.7300,0.8050
2929348,sitting,-1.0094,-0.0120,-0.0107,0.4900,-2.7300,0.8050
2929367,sitting,-1.0106,-0.0120,-0.0098,0.4900,-2.6950,0.8050
2929387,sitting,-1.0102,-0.0115,-0.0093,0.4900,-2.7300,0.7700
2929406,sitting,-1.0102,-0.0120,-0.0100,0.4900,-2.6600,0.8050
2929425,sitting,-1.0104,-0.0117,-0.0100,0.4900,-2.7300,0.7700
2929444,sitting,-1.0106,-0.0120,-0.0105,0.5250,-2.6950,0.8050
2929464,sitting,-1.0106,-0.0122,-0.0105,0.4900,-2.7300,0.8400
2929483,sitting,-1.0094,-0.0112,-0.0102,0.4900,-2.7300,0.7700
2929502,sitting,-1.0102,-0.0120,-0.0102,0.5250,-2.6950,0.7700
2929521,sitting,-1.0109,-0.0117,-0.0100,0.5600,-2.6600,0.7700
2929541,sitting,-1.0109,-0.0122,-0.0093,0.5250,-2.7300,0.7700
2929560,sitting,-1.0102,-0.0117,-0.0095,0.4550,-2.7300,0.7700
2929579,sitting,-1.0097,-0.0105,-0.0100,0.4900,-2.7300,0.8050
2929598,sitting,-1.0104,-0.0107,-0.0102,0.4900,-2.7300,0.8050
2929617,sitting,-1.0097,-0.0110,-0.0095,0.4900,-2.7300,0.8050
2929637,sitting,-1.0097,-0.0120,-0.0093,0.4900,-2.7300,0.8050
2929656,sitting,-1.0099,-0.0117,-0.0102,0.5250,-2.6950,0.7700
2929675,sitting,-1.0097,-0.0117,-0.0105,0.4900,-2.6600,0.7700
2929694,sitting,-1.0099,-0.0124,-0.0105,0.4900,-2.7300,0.7700
2929714,sitting,-1.0094,-0.0110,-0.0102,0.4900,-2.7300,0.8050
2929733,sitting,-1.0102,-0.0112,-0.0105,0.4900,-2.7300,0.8050
2929752,sitting,-1.0106,-0.0127,-0.0095,0.4900,-2.6950,0.7700
2929771,sitting,-1.0109,-0.0117,-0.0090,0.4550,-2.7300,0.7700
2929791,sitting,-1.0102,-0.0127,-0.0100,0.4550,-2.7300,0.8050
2929810,sitting,-1.0104,-0.0124,-0.0110,0.4900,-2.7300,0.7700
2929829,sitting,-1.0111,-0.0124,-0.0098,0.4550,-2.7300,0.7700
2929848,sitting,-1.0099,-0.0122,-0.0102,0.4900,-2.6950,0.7700
2929867,sitting,-1.0097,-0.0110,-0.0093,0.4900,-2.7300,0.8400
2929887,sitting,-1.0097,-0.0117,-0.0102,0.4900,-2.7300,0.8050
2929906,sitting,-1.0104,-0.0112,-0.0100,0.4200,-2.7300,0.8400
2929925,sitting,-1.0104,-0.0120,-0.0095,0.4900,-2.7300,0.8050
2929944,sitting,-1.0102,-0.0110,-0.0107,0.4900,-2.6950,0.7700
2929964,sitting,-1.0097,-0.0117,-0.0105,0.4900,-2.7300,0.7700
2929983,sitting,-1.0097,-0.0127,-0.0117,0.4900,-2.7300,0.7700
2930002,sitting,-1.0106,-0.0120,-0.0105,0.4900,-2.7300,0.8400
2930021,sitting,-1.0102,-0.0134,-0.0105,0.4200,-2.7300,0.8050
2930041,sitting,-1.0097,-0.0122,-0.0095,0.4200,-2.7300,0.7700
2930060,sitting,-1.0097,-0.0122,-0.0102,0.4550,-2.7300,0.8050
2930079,sitting,-1.0111,-0.0124,-0.0095,0.4550,-2.7300,0.8400
2930098,sitting,-1.0109,-0.0127,-0.0102,0.4900,-2.7300,0.8400
2930117,sitting,-1.0116,-0.0117,-0.0110,0.4900,-2.6600,0.8050
2930137,sitting,-1.0106,-0.0120,-0.0100,0.4900,-2.7300,0.8050
2930156,sitting,-1.0104,-0.0115,-0.0100,0.4900,-2.7300,0.8050
2930175,sitting,-1.0102,-0.0117,-0.0102,0.4900,-2.6600,0.8400
2930194,sitting,-1.0097,-0.0120,-0.0105,0.4900,-2.6950,0.8050
2930214,sitting,-1.0099,-0.0127,-0.0102,0.4900,-2.7300,0.8050
2930233,sitting,-1.0102,-0.0124,-0.0098,0.4550,-2.7300,0.8400
2930252,sitting,-1.0104,-0.0117,-0.0102,0.4900,-2.7300,0.7700
2930271,sitting,-1.0102,-0.0124,-0.0102,0.4900,-2.7300,0.8050
2930291,sitting,-1.0106,-0.0115,-0.0102,0.4900,-2.7300,0.7700
2930310,sitting,-1.0102,-0.0120,-0.0102,0.4900,-2.7300,0.8050
2930329,sitting,-1.0111,-0.0120,-0.0095,0.4900,-2.7300,0.8400
2930348,sitting,-1.0099,-0.0117,-0.0100,0.4900,-2.7300,0.8050
2930367,sitting,-1.0092,-0.0112,-0.0105,0.4900,-2.6950,0.8400
2930387,sitting,-1.0094,-0.0110,-0.0093,0.4900,-2.6600,0.7700
2930406,sitting,-1.0097,-0.0117,-0.0095,0.5250,-2.6950,0.8050
2930425,sitting,-1.0099,-0.0117,-0.0090,0.4900,-2.7300,0.7700
2930444,sitting,-1.0102,-0.0120,-0.0098,0.4900,-2.6950,0.7700
2930464,sitting,-1.0104,-0.0115,-0.0105,0.4900,-2.7300,0.7700
2930483,sitting,-1.0104,-0.0112,-0.0102,0.4900,-2.7300,0.8050
2930502,sitting,-1.0104,-0.0117,-0.0107,0.4900,-2.6950,0.7700
2930521,sitting,-1.0099,-0.0115,-0.0105,0.5250,-2.7300,0.7700
2930541,sitting,-1.0104,-0.0117,-0.0098,0.4900,-2.7300,0.7700
2930560,sitting,-1.0099,-0.0115,-0.0100,0.4900,-2.6950,0.7700
2930579,sitting,-1.0099,-0.0117,-0.0100,0.4900,-2.7300,0.7700
2930598,sitting,-1.0106,-0.0120,-0.0102,0.4900,-2.7300,0.8050
2930617,sitting,-1.0097,-0.0120,-0.0102,0.4900,-2.7300,0.7700
2930637,sitting,-1.0102,-0.0117,-0.0102,0.4900,-2.7300,0.8050
2930656,sitting,-1.0104,-0.0124,-0.0105,0.4900,-2.7300,0.8050
2930675,sitting,-1.0099,-0.0120,-0.0093,0.4900,-2.7300,0.7700
2930694,sitting,-1.0094,-0.0122,-0.0112,0.5250,-2.7300,0.8050
2930714,sitting,-1.0097,-0.0120,-0.0102,0.4900,-2.7300,0.7700
2930733,sitting,-1.0099,-0.0117,-0.0107,0.5250,-2.7300,0.8050
2930752,sitting,-1.0102,-0.0124,-0.0107,0.4900,-2.7300,0.8400
2930771,sitting,-1.0104,-0.0117,-0.0102,0.4900,-2.7300,0.8050
2930791,sitting,-1.0099,-0.0124,-0.0093,0.4550,-2.7300,0.8050
2930810,sitting,-1.0097,-0.0127,-0.0098,0.4900,-2.7300,0.8050
2930829,sitting,-1.0104,-0.0115,-0.0107,0.4900,-2.6950,0.8050
2930848,sitting,-1.0106,-0.0115,-0.0107,0.4900,-2.7300,0.7700
2930867,sitting,-1.0102,-0.0122,-0.0107,0.4900,-2.7300,0.8400
2930887,sitting,-1.0102,-0.0117,-0.0107,0.4900,-2.7300,0.8050
2930906,sitting,-1.0099,-0.0122,-0.0110,0.4900,-2.7650,0.8050
2930925,sitting,-1.0097,-0.0112,-0.0098,0.4900,-2.7300,0.8050
2930944,sitting,-1.0097,-0.0112,-0.0098,0.4900,-2.7300,0.7700
2930964,sitting,-1.0102,-0.0120,-0.0095,0.4900,-2.7300,0.7700
2930983,sitting,-1.0102,-0.0115,-0.0110,0.4900,-2.7300,0.7700
2931002,sitting,-1.0092,-0.0117,-0.0100,0.5250,-2.7300,0.7700
2931021,sitting,-1.0094,-0.0122,-0.0100,0.4900,-2.6950,0.8050
2931041,sitting,-1.0097,-0.0127,-0.0090,0.4900,-2.7300,0.8050
2931060,sitting,-1.0104,-0.0115,-0.0105,0.5250,-2.7300,0.8050
2931079,sitting,-1.0106,-0.0122,-0.0098,0.4900,-2.7300,0.8400
2931098,sitting,-1.0099,-0.0115,-0.0107,0.4900,-2.6950,0.7700
2931117,sitting,-1.0106,-0.0112,-0.0098,0.4900,-2.7300,0.8400
2931137,sitting,-1.0102,-0.0120,-0.0095,0.4900,-2.7300,0.7700
2931156,sitting,-1.0099,-0.0127,-0.0110,0.4550,-2.7650,0.7700
2931175,sitting,-1.0099,-0.0124,-0.0115,0.4900,-2.7300,0.7700
2931194,sitting,-1.0104,-0.0122,-0.0098,0.4900,-2.7300,0.7700
2931214,sitting,-1.0104,-0.0120,-0.0105,0.4900,-2.6950,0.7700
2931233,sitting,-1.0109,-0.0117,-0.0105,0.5250,-2.7300,0.7700
2931252,sitting,-1.0109,-0.0127,-0.0105,0.5250,-2.6950,0.8050
2931271,sitting,-1.0092,-0.0120,-0.0102,0.4900,-2.6950,0.7700
2931291,sitting,-1.0106,-0.0117,-0.0107,0.4900,-2.7300,0.7700
2931310,sitting,-1.0102,-0.0115,-0.0100,0.5250,-2.7300,0.7700
2931329,sitting,-1.0102,-0.0122,-0.0107,0.4550,-2.7300,0.7700
2931348,sitting,-1.0097,-0.0110,-0.0100,0.4900,-2.7300,0.7350
2931367,sitting,-1.0109,-0.0115,-0.0102,0.4900,-2.7300,0.7700
2931387,sitting,-1.0104,-0.0115,-0.0098,0.4900,-2.7300,0.7700
2931406,sitting,-1.0106,-0.0117,-0.0093,0.4900,-2.7300,0.7700
2931425,sitting,-1.0099,-0.0120,-0.0100,0.4550,-2.7300,0.8400
2931444,sitting,-1.0102,-0.0117,-0.0090,0.4900,-2.7300,0.7700
2931464,sitting,-1.0106,-0.0124,-0.0090,0.4900,-2.6950,0.7700
2931483,sitting,-1.0102,-0.0115,-0.0102,0.4900,-2.6950,0.7700
2931502,sitting,-1.0099,-0.0124,-0.0098,0.4900,-2.7300,0.7700
2931521,sitting,-1.0114,-0.0117,-0.0098,0.4900,-2.7300,0.8400
2931541,sitting,-1.0106,-0.0115,-0.0102,0.4900,-2.7300,0.7700
2931560,sitting,-1.0102,-0.0127,-0.0100,0.5250,-2.7300,0.8050
2931579,sitting,-1.0106,-0.0124,-0.0100,0.4900,-2.7300,0.8050
2931598,sitting,-1.0104,-0.0122,-0.0098,0.4900,-2.7300,0.7700
2931617,sitting,-1.0106,-0.0124,-0.0102,0.4900,-2.6950,0.8050
2931637,sitting,-1.0097,-0.0120,-0.0105,0.4550,-2.7300,0.7700
2931656,sitting,-1.0102,-0.0115,-0.0100,0.4900,-2.6950,0.8050
2931675,sitting,-1.0109,-0.0117,-0.0093,0.4900,-2.7300,0.8400
2931694,sitting,-1.0106,-0.0117,-0.0100,0.4550,-2.7300,0.8050
2931714,sitting,-1.0099,-0.0112,-0.0107,0.4900,-2.7300,0.8050
2931733,sitting,-1.0106,-0.0117,-0.0102,0.4900,-2.6950,0.7700
2931752,sitting,-1.0106,-0.0120,-0.0098,0.4900,-2.7300,0.8400
2931771,sitting,-1.0106,-0.0115,-0.0098,0.4900,-2.7300,0.7700
2931791,sitting,-1.0106,-0.0117,-0.0105,0.4900,-2.7300,0.8400
2931810,sitting,-1.0094,-0.0122,-0.0110,0.4550,-2.7300,0.8400
2931829,sitting,-1.0104,-0.0115,-0.0105,0.4900,-2.6950,0.8400
2931848,sitting,-1.0111,-0.0112,-0.0102,0.4900,-2.6950,0.8050
2931867,sitting,-1.0106,-0.0124,-0.0102,0.4900,-2.7300,0.7700
2931887,sitting,-1.0102,-0.0129,-0.0100,0.4900,-2.6950,0.8050
2931906,sitting,-1.0106,-0.0134,-0.0098,0.4900,-2.7300,0.8050
2931925,sitting,-1.0102,-0.0115,-0.0105,0.4900,-2.6950,0.7700
2931944,sitting,-1.0106,-0.0117,-0.0098,0.4900,-2.7300,0.8050
2931964,sitting,-1.0099,-0.0122,-0.0100,0.4900,-2.6950,0.7700
2931983,sitting,-1.0097,-0.0117,-0.0115,0.5250,-2.7300,0.8050
2932002,sitting,-1.0109,-0.0122,-0.0098,0.4900,-2.7300,0.8400
2932021,sitting,-1.0102,-0.0129,-0.0102,0.4900,-2.7300,0.7700
2932041,sitting,-1.0109,-0.0117,-0.0095,0.5250,-2.7300,0.8050
2932060,sitting,-1.0114,-0.0129,-0.0090,0.4900,-2.7300,0.8050
2932079,sitting,-1.0109,-0.0124,-0.0100,0.4900,-2.7300,0.8400
2932098,sitting,-1.0102,-0.0117,-0.0095,0.4900,-2.7300,0.7700
2932117,sitting,-1.0104,-0.0120,-0.0095,0.4900,-2.7300,0.7700
2932137,sitting,-1.0104,-0.0117,-0.0102,0.5250,-2.6950,0.7700
2932156,sitting,-1.0106,-0.0122,-0.0117,0.4900,-2.6950,0.7700
2932175,sitting,-1.0097,-0.0115,-0.0105,0.5600,-2.7300,0.7700
2932194,sitting,-1.0109,-0.0124,-0.0095,0.4900,-2.7300,0.7700
2932214,sitting,-1.0109,-0.0122,-0.0102,0.5250,-2.7300,0.7700
2932233,sitting,-1.0097,-0.0129,-0.0105,0.4550,-2.6950,0.7700
2932252,sitting,-1.0099,-0.0120,-0.0107,0.4900,-2.7300,0.7700
2932271,sitting,-1.0104,-0.0120,-0.0102,0.4900,-2.7300,0.7700
2932291,sitting,-1.0109,-0.0122,-0.0098,0.4900,-2.7300,0.8050
2932310,sitting,-1.0109,-0.0120,-0.0102,0.4900,-2.7300,0.7700
2932329,sitting,-1.0099,-0.0122,-0.0100,0.4900,-2.7300,0.7700
2932348,sitting,-1.0109,-0.0124,-0.0107,0.4900,-2.6950,0.7700
2932367,sitting,-1.0109,-0.0120,-0.0110,0.4550,-2.7300,0.7700
2932387,sitting,-1.0106,-0.0120,-0.0107,0.4900,-2.7300,0.7700
2932406,sitting,-1.0109,-0.0122,-0.0090,0.4900,-2.7300,0.8050
2932425,sitting,-1.0109,-0.0124,-0.0105,0.4550,-2.7300,0.8050
2932444,sitting,-1.0102,-0.0122,-0.0105,0.4900,-2.7300,0.7700
2932464,sitting,-1.0104,-0.0112,-0.0105,0.4900,-2.7300,0.7700
2932483,sitting,-1.0109,-0.0117,-0.0105,0.4900,-2.6950,0.7700
2932502,sitting,-1.0102,-0.0120,-0.0102,0.5250,-2.7300,0.8050
2932521,sitting,-1.0099,-0.0120,-0.0112,0.4900,-2.7300,0.8050
2932541,sitting,-1.0104,-0.0110,-0.0098,0.4900,-2.7300,0.7700
2932560,sitting,-1.0104,-0.0107,-0.0105,0.4900,-2.7300,0.8400
2932579,sitting,-1.0102,-0.0112,-0.0105,0.4900,-2.6950,0.8400
2932598,sitting,-1.0094,-0.0107,-0.0105,0.4900,-2.7300,0.8050
2932617,sitting,-1.0104,-0.0102,-0.0107,0.4900,-2.6950,0.8050
2932637,sitting,-1.0102,-0.0120,-0.0098,0.4550,-2.6950,0.7700
2932656,sitting,-1.0102,-0.0120,-0.0102,0.4550,-2.7300,0.8050
2932675,sitting,-1.0094,-0.0107,-0.0095,0.4900,-2.7300,0.8400
2932694,sitting,-1.0099,-0.0117,-0.0100,0.4900,-2.7300,0.8400
2932714,sitting,-1.0104,-0.0112,-0.0105,0.4550,-2.7300,0.8050
2932733,sitting,-1.0097,-0.0112,-0.0105,0.4900,-2.6950,0.8050
2932752,sitting,-1.0104,-0.0120,-0.0100,0.4900,-2.7300,0.7700
2932771,sitting,-1.0104,-0.0120,-0.0088,0.4900,-2.7300,0.8050
2932791,sitting,-1.0106,-0.0117,-0.0105,0.4900,-2.7300,0.8400
2932810,sitting,-1.0099,-0.0112,-0.0088,0.5600,-2.7650,0.8050
2932829,sitting,-1.0099,-0.0120,-0.0105,0.4900,-2.7300,0.8400
2932848,sitting,-1.0104,-0.0112,-0.0100,0.4900,-2.6950,0.8050
2932867,sitting,-1.0111,-0.0120,-0.0090,0.4550,-2.7300,0.8050
2932887,sitting,-1.0109,-0.0122,-0.0100,0.5250,-2.6950,0.7700
2932906,sitting,-1.0104,-0.0127,-0.0093,0.5250,-2.6600,0.7700
2932925,sitting,-1.0104,-0.0117,-0.0095,0.5250,-2.7300,0.7700
2932944,sitting,-1.0099,-0.0115,-0.0105,0.4900,-2.6950,0.8050
2932964,sitting,-1.0099,-0.0117,-0.0095,0.4900,-2.7300,0.7700
2932983,sitting,-1.0094,-0.0117,-0.0107,0.4900,-2.7300,0.8050
2933002,sitting,-1.0102,-0.0112,-0.0102,0.4900,-2.6950,0.7700
2933021,sitting,-1.0106,-0.0122,-0.0102,0.4900,-2.6950,0.7700
2933041,sitting,-1.0102,-0.0122,-0.0102,0.4900,-2.6950,0.7700
2933060,sitting,-1.0104,-0.0117,-0.0098,0.5250,-2.7300,0.7700
2933079,sitting,-1.0104,-0.0117,-0.0105,0.4900,-2.7300,0.7700
2933098,sitting,-1.0097,-0.0120,-0.0110,0.4900,-2.7300,0.7700
2933117,sitting,-1.0092,-0.0124,-0.0105,0.4550,-2.7300,0.7700
2933137,sitting,-1.0106,-0.0117,-0.0098,0.4900,-2.7300,0.8050
2933156,sitting,-1.0099,-0.0122,-0.0095,0.4900,-2.7300,0.8050
2933175,sitting,-1.0104,-0.0120,-0.0105,0.4900,-2.7300,0.8400
2933194,sitting,-1.0106,-0.0127,-0.0107,0.4900,-2.6950,0.8050
2933214,sitting,-1.0092,-0.0105,-0.0100,0.4900,-2.7300,0.7700
2933233,sitting,-1.0092,-0.0117,-0.0098,0.4900,-2.7300,0.7700
2933252,sitting,-1.0097,-0.0105,-0.0100,0.4900,-2.6950,0.8050
2933271,sitting,-1.0099,-0.0117,-0.0100,0.4900,-2.7300,0.7700
2933291,sitting,-1.0104,-0.0122,-0.0090,0.4900,-2.6600,0.8050
2933310,sitting,-1.0099,-0.0115,-0.0100,0.4900,-2.7300,0.8400
2933329,sitting,-1.0109,-0.0117,-0.0090,0.4900,-2.7300,0.8050
2933348,sitting,-1.0104,-0.0122,-0.0100,0.4900,-2.6950,0.7700
2933367,sitting,-1.0104,-0.0117,-0.0102,0.4900,-2.6950,0.8050
2933387,sitting,-1.0111,-0.0112,-0.0107,0.4550,-2.6950,0.7700
2933406,sitting,-1.0104,-0.0115,-0.0102,0.4900,-2.7300,0.7700
2933425,sitting,-1.0106,-0.0127,-0.0102,0.4900,-2.7300,0.8050
2933444,sitting,-1.0089,-0.0120,-0.0100,0.4900,-2.6950,0.7700
2933464,sitting,-1.0102,-0.0124,-0.0098,0.4550,-2.7300,0.7700
2933483,sitting,-1.0099,-0.0115,-0.0105,0.4900,-2.6950,0.8050
2933502,sitting,-1.0102,-0.0115,-0.0095,0.4900,-2.7300,0.8050
2933521,sitting,-1.0099,-0.0117,-0.0100,0.4900,-2.7300,0.8400
2933541,sitting,-1.0089,-0.0117,-0.0100,0.4550,-2.7300,0.7700
2933560,sitting,-1.0104,-0.0120,-0.0102,0.4900,-2.6950,0.7700
2933579,sitting,-1.0099,-0.0117,-0.0105,0.4900,-2.7300,0.7700
2933598,sitting,-1.0099,-0.0117,-0.0107,0.4900,-2.7300,0.8400
2933617,sitting,-1.0109,-0.0120,-0.0095,0.4900,-2.7300,0.7700
2933637,sitting,-1.0097,-0.0127,-0.0093,0.5250,-2.7300,0.8400
2933656,sitting,-1.0099,-0.0124,-0.0093,0.4900,-2.7300,0.8400
2933675,sitting,-1.0099,-0.0117,-0.0090,0.4900,-2.6950,0.8050
2933694,sitting,-1.0106,-0.0122,-0.0095,0.5250,-2.6950,0.7700
2933714,sitting,-1.0109,-0.0122,-0.0100,0.4900,-2.7300,0.8050
2933733,sitting,-1.0114,-0.0117,-0.0100,0.4900,-2.7300,0.7700
2933752,sitting,-1.0109,-0.0115,-0.0102,0.4900,-2.6950,0.7700
2933771,sitting,-1.0106,-0.0120,-0.0105,0.4900,-2.7300,0.7700
2933791,sitting,-1.0106,-0.0117,-0.0102,0.4900,-2.6600,0.7700
2933810,sitting,-1.0106,-0.0120,-0.0107,0.4900,-2.7300,0.7700
2933829,sitting,-1.0092,-0.0115,-0.0100,0.4900,-2.7300,0.7700
2933848,sitting,-1.0102,-0.0124,-0.0098,0.4900,-2.7300,0.8050
2933867,sitting,-1.0097,-0.0122,-0.0095,0.4900,-2.6600,0.8050
2933887,sitting,-1.0104,-0.0122,-0.0100,0.4900,-2.7300,0.8050
2933906,sitting,-1.0102,-0.0120,-0.0107,0.4550,-2.7300,0.8400
2933925,sitting,-1.0099,-0.0122,-0.0110,0.4900,-2.6600,0.7700
2933944,sitting,-1.0109,-0.0122,-0.0110,0.4900,-2.7300,0.7700
2933964,sitting,-1.0106,-0.0112,-0.0100,0.4900,-2.7300,0.7700
2933983,sitting,-1.0099,-0.0120,-0.0093,0.5250,-2.7300,0.7700
2934002,sitting,-1.0102,-0.0112,-0.0098,0.4900,-2.7300,0.7700
2934021,sitting,-1.0102,-0.0117,-0.0095,0.4900,-2.6950,0.8050
2934041,sitting,-1.0104,-0.0120,-0.0098,0.4900,-2.7300,0.7700
2934060,sitting,-1.0116,-0.0120,-0.0102,0.4900,-2.7300,0.7700
2934079,sitting,-1.0111,-0.0127,-0.0107,0.5250,-2.7300,0.8050
2934098,sitting,-1.0097,-0.0112,-0.0107,0.4900,-2.6950,0.8050
2934117,sitting,-1.0099,-0.0112,-0.0105,0.4900,-2.7300,0.7700
2934137,sitting,-1.0106,-0.0110,-0.0093,0.4550,-2.6950,0.8050
2934156,sitting,-1.0109,-0.0115,-0.0107,0.4900,-2.7300,0.7700
2934175,sitting,-1.0109,-0.0120,-0.0093,0.4900,-2.7300,0.8050
2934194,sitting,-1.0099,-0.0124,-0.0098,0.4900,-2.7300,0.8400
2934214,sitting,-1.0102,-0.0122,-0.0102,0.4550,-2.8000,0.7700
2934233,sitting,-1.0102,-0.0120,-0.0098,0.4900,-2.7300,0.7700
2934252,sitting,-1.0099,-0.0107,-0.0102,0.4900,-2.7300,0.8400
2934271,sitting,-1.0097,-0.0120,-0.0098,0.4900,-2.7300,0.8400
2934291,sitting,-1.0106,-0.0115,-0.0100,0.4550,-2.7650,0.8400
2934310,sitting,-1.0099,-0.0120,-0.0112,0.4900,-2.6950,0.7700
2934329,sitting,-1.0102,-0.0124,-0.0117,0.4550,-2.7300,0.8400
2934348,sitting,-1.0111,-0.0122,-0.0098,0.4900,-2.7300,0.8400
2934367,sitting,-1.0097,-0.0117,-0.0107,0.4900,-2.7300,0.8050
2934387,sitting,-1.0102,-0.0122,-0.0095,0.4900,-2.6950,0.7700
2934406,sitting,-1.0104,-0.0117,-0.0105,0.4900,-2.7300,0.7700
2934425,sitting,-1.0106,-0.0127,-0.0102,0.4900,-2.6950,0.8050
2934444,sitting,-1.0094,-0.0117,-0.0093,0.4900,-2.6950,0.8050
2934464,sitting,-1.0104,-0.0120,-0.0085,0.4550,-2.7300,0.8400
2934483,sitting,-1.0111,-0.0117,-0.0095,0.4900,-2.7300,0.8050
2934502,sitting,-1.0104,-0.0127,-0.0102,0.4900,-2.6950,0.7700
2934521,sitting,-1.0102,-0.0120,-0.0098,0.4900,-2.7300,0.8400
2934541,sitting,-1.0104,-0.0120,-0.0102,0.5250,-2.7300,0.8050
2934560,sitting,-1.0109,-0.0120,-0.0098,0.4900,-2.7300,0.8050
2934579,sitting,-1.0102,-0.0112,-0.0095,0.5250,-2.7300,0.7700
2934598,sitting,-1.0102,-0.0127,-0.0100,0.4900,-2.7300,0.7700
2934617,sitting,-1.0109,-0.0127,-0.0105,0.4900,-2.7300,0.8050
2934637,sitting,-1.0111,-0.0115,-0.0093,0.4900,-2.7300,0.8050
2934656,sitting,-1.0104,-0.0124,-0.0093,0.4900,-2.7300,0.8050
2934675,sitting,-1.0099,-0.0127,-0.0098,0.4900,-2.6950,0.8050
2934694,sitting,-1.0099,-0.0115,-0.0100,0.4900,-2.7300,0.7700
2934714,sitting,-1.0104,-0.0117,-0.0110,0.5250,-2.7300,0.7700
2934733,sitting,-1.0102,-0.0129,-0.0107,0.4900,-2.6950,0.8050
2934752,sitting,-1.0102,-0.0124,-0.0100,0.4550,-2.7300,0.8050
2934771,sitting,-1.0092,-0.0112,-0.0095,0.4900,-2.7300,0.8050
2934791,sitting,-1.0094,-0.0115,-0.0100,0.5250,-2.6950,0.7700
2934810,sitting,-1.0106,-0.0117,-0.0105,0.4900,-2.7300,0.7700
2934829,sitting,-1.0104,-0.0120,-0.0105,0.4550,-2.6950,0.7700
2934848,sitting,-1.0111,-0.0122,-0.0107,0.4900,-2.7300,0.7700
2934867,sitting,-1.0104,-0.0115,-0.0102,0.4900,-2.7300,0.8050
2934887,sitting,-1.0099,-0.0120,-0.0093,0.4550,-2.7300,0.7700
2934906,sitting,-1.0104,-0.0129,-0.0100,0.4900,-2.6950,0.7700
2934925,sitting,-1.0102,-0.0122,-0.0095,0.4900,-2.7300,0.8050
2934944,sitting,-1.0097,-0.0117,-0.0100,0.4900,-2.7300,0.8400
2934964,sitting,-1.0097,-0.0120,-0.0107,0.4900,-2.7300,0.7700
2934983,sitting,-1.0102,-0.0117,-0.0100,0.5600,-2.6950,0.8050
2935002,sitting,-1.0097,-0.0117,-0.0098,0.4900,-2.7300,0.8050
2935021,sitting,-1.0094,-0.0110,-0.0100,0.4900,-2.7300,0.7700
2935041,sitting,-1.0104,-0.0115,-0.0098,0.4900,-2.7300,0.8400
2935060,sitting,-1.0109,-0.0112,-0.0105,0.4900,-2.7300,0.7700
2935079,sitting,-1.0097,-0.0122,-0.0107,0.4550,-2.6600,0.8050
2935098,sitting,-1.0104,-0.0120,-0.0107,0.4550,-2.7300,0.8050
2935117,sitting,-1.0104,-0.0120,-0.0098,0.4550,-2.7300,0.8050
2935137,sitting,-1.0111,-0.0115,-0.0093,0.4900,-2.7300,0.8400
2935156,sitting,-1.0097,-0.0115,-0.0100,0.4900,-2.6950,0.8400
2935175,sitting,-1.0109,-0.0122,-0.0098,0.4900,-2.7300,0.8400
2935194,sitting,-1.0109,-0.0122,-0.0102,0.4900,-2.7300,0.8400
2935214,sitting,-1.0099,-0.0124,-0.0093,0.4550,-2.7300,0.8050
2935233,sitting,-1.0109,-0.0137,-0.0098,0.4550,-2.7300,0.8050
2935252,sitting,-1.0104,-0.0120,-0.0095,0.4900,-2.7300,0.8400
2935271,sitting,-1.0106,-0.0120,-0.0105,0.4900,-2.6600,0.8050
2935291,sitting,-1.0099,-0.0117,-0.0090,0.4900,-2.7300,0.8050
2935310,sitting,-1.0111,-0.0117,-0.0098,0.4900,-2.6950,0.8050
2935329,sitting,-1.0109,-0.0105,-0.0098,0.4900,-2.6950,0.7700
2935348,sitting,-1.0097,-0.0115,-0.0100,0.4900,-2.7300,0.8050
2935367,sitting,-1.0102,-0.0107,-0.0095,0.5250,-2.6950,0.8400
2935387,sitting,-1.0099,-0.0110,-0.0098,0.4900,-2.6950,0.7700
2935406,sitting,-1.0099,-0.0112,-0.0100,0.5250,-2.7300,0.8050
2935425,sitting,-1.0106,-0.0127,-0.0088,0.5250,-2.7300,0.8400
2935444,sitting,-1.0099,-0.0117,-0.0112,0.4900,-2.7300,0.7700
2935464,sitting,-1.0094,-0.0124,-0.0095,0.5250,-2.7300,0.7700
2935483,sitting,-1.0097,-0.0120,-0.0105,0.4550,-2.7300,0.7700
2935502,sitting,-1.0102,-0.0112,-0.0102,0.4900,-2.7300,0.8400
2935521,sitting,-1.0102,-0.0124,-0.0098,0.4900,-2.7300,0.7700
2935541,sitting,-1.0097,-0.0124,-0.0110,0.4900,-2.7300,0.7700
2935560,sitting,-1.0104,-0.0127,-0.0100,0.5250,-2.6950,0.8050
2935579,sitting,-1.0102,-0.0120,-0.0098,0.4900,-2.7300,0.7700
2935598,sitting,-1.0099,-0.0129,-0.0100,0.4900,-2.7300,0.7700
2935617,sitting,-1.0104,-0.0117,-0.0093,0.4900,-2.6950,0.7700
2935637,sitting,-1.0099,-0.0117,-0.0090,0.4550,-2.7300,0.7700
2935656,sitting,-1.0104,-0.0124,-0.0095,0.4900,-2.6950,0.8050
2935675,sitting,-1.0102,-0.0127,-0.0093,0.4900,-2.7300,0.8400
2935694,sitting,-1.0094,-0.0117,-0.0102,0.4900,-2.7300,0.8400
2935714,sitting,-1.0099,-0.0112,-0.0102,0.4900,-2.7300,0.8050
2935733,sitting,-1.0099,-0.0120,-0.0090,0.4900,-2.6950,0.7700
2935752,sitting,-1.0089,-0.0117,-0.0107,0.4900,-2.6950,0.7700
2935771,sitting,-1.0094,-0.0120,-0.0110,0.4900,-2.7300,0.7700
2935791,sitting,-1.0099,-0.0107,-0.0110,0.4900,-2.7300,0.7700
2935810,sitting,-1.0114,-0.0124,-0.0107,0.4900,-2.7300,0.8050
2935829,sitting,-1.0099,-0.0122,-0.0100,0.4900,-2.7300,0.7700
2935848,sitting,-1.0099,-0.0127,-0.0110,0.5250,-2.7300,0.8400
2935867,sitting,-1.0106,-0.0115,-0.0105,0.4900,-2.7300,0.7700
2935887,sitting,-1.0102,-0.0117,-0.0102,0.4550,-2.7300,0.7700
2935906,sitting,-1.0099,-0.0120,-0.0098,0.4900,-2.7300,0.8050
2935925,sitting,-1.0099,-0.0117,-0.0102,0.4900,-2.7300,0.8050
2935944,sitting,-1.0102,-0.0124,-0.0105,0.4550,-2.7300,0.8400
2935964,sitting,-1.0109,-0.0117,-0.0102,0.4200,-2.7300,0.8050
2935983,sitting,-1.0104,-0.0120,-0.0093,0.4900,-2.7300,0.7700
2936002,sitting,-1.0102,-0.0122,-0.0095,0.4900,-2.7300,0.7700
2936021,sitting,-1.0104,-0.0124,-0.0100,0.4900,-2.6950,0.7700
2936041,sitting,-1.0104,-0.0120,-0.0105,0.4900,-2.7300,0.8050
2936060,sitting,-1.0102,-0.0120,-0.0105,0.4900,-2.6950,0.8400
2936079,sitting,-1.0102,-0.0122,-0.0105,0.4900,-2.7300,0.7700
2936098,sitting,-1.0102,-0.0122,-0.0107,0.4900,-2.7300,0.8050
2936117,sitting,-1.0099,-0.0120,-0.0107,0.4900,-2.6950,0.8400
2936137,sitting,-1.0097,-0.0110,-0.0107,0.4900,-2.6600,0.8050
2936156,sitting,-1.0094,-0.0112,-0.0093,0.4900,-2.7300,0.8050
2936175,sitting,-1.0102,-0.0107,-0.0095,0.5250,-2.7300,0.8050
2936194,sitting,-1.0099,-0.0110,-0.0098,0.4900,-2.7300,0.8050
2936214,sitting,-1.0102,-0.0122,-0.0090,0.4900,-2.7300,0.8050
2936233,sitting,-1.0104,-0.0120,-0.0098,0.5250,-2.7300,0.8050
2936252,sitting,-1.0104,-0.0120,-0.0098,0.4900,-2.7300,0.7700
2936271,sitting,-1.0104,-0.0122,-0.0102,0.4900,-2.6950,0.8050
2936291,sitting,-1.0106,-0.0112,-0.0095,0.5250,-2.7300,0.8050
2936310,sitting,-1.0102,-0.0112,-0.0095,0.4900,-2.7300,0.7700
2936329,sitting,-1.0102,-0.0122,-0.0098,0.4900,-2.6950,0.7700
2936348,sitting,-1.0087,-0.0124,-0.0110,0.4900,-2.6950,0.7700
2936367,sitting,-1.0099,-0.0122,-0.0100,0.4900,-2.6950,0.7700
2936387,sitting,-1.0104,-0.0120,-0.0098,0.4900,-2.7300,0.8050
2936406,sitting,-1.0099,-0.0120,-0.0100,0.4900,-2.6950,0.8050
2936425,sitting,-1.0104,-0.0122,-0.0095,0.4900,-2.7300,0.7700
2936444,sitting,-1.0106,-0.0122,-0.0100,0.4900,-2.7300,0.8050
2936464,sitting,-1.0106,-0.0120,-0.0105,0.5600,-2.7300,0.7700
2936483,sitting,-1.0102,-0.0120,-0.0100,0.4900,-2.7300,0.7700
2936502,sitting,-1.0104,-0.0124,-0.0095,0.4900,-2.6950,0.7700
2936521,sitting,-1.0099,-0.0127,-0.0093,0.4900,-2.7300,0.7700
2936541,sitting,-1.0104,-0.0122,-0.0095,0.4900,-2.7300,0.8050
2936560,sitting,-1.0111,-0.0117,-0.0100,0.4900,-2.6950,0.8050
2936579,sitting,-1.0111,-0.0110,-0.0107,0.4900,-2.7300,0.8050
2936598,sitting,-1.0106,-0.0117,-0.0098,0.4900,-2.7300,0.7700
2936617,sitting,-1.0109,-0.0115,-0.0102,0.5250,-2.7300,0.7700
2936637,sitting,-1.0092,-0.0115,-0.0095,0.4900,-2.7300,0.7700
2936656,sitting,-1.0102,-0.0120,-0.0093,0.4900,-2.7300,0.7700
2936675,sitting,-1.0106,-0.0120,-0.0112,0.4550,-2.7300,0.8050
2936694,sitting,-1.0097,-0.0120,-0.0102,0.4900,-2.7300,0.8400
2936714,sitting,-1.0097,-0.0120,-0.0102,0.4550,-2.7650,0.8050
2936733,sitting,-1.0104,-0.0120,-0.0105,0.4900,-2.7300,0.8400
2936752,sitting,-1.0109,-0.0122,-0.0095,0.4900,-2.7650,0.8050
2936771,sitting,-1.0102,-0.0120,-0.0093,0.4900,-2.6950,0.8050
2936791,sitting,-1.0111,-0.0115,-0.0085,0.4900,-2.6950,0.7700
2936810,sitting,-1.0102,-0.0120,-0.0102,0.4900,-2.7300,0.8400
2936829,sitting,-1.0102,-0.0112,-0.0100,0.4900,-2.7300,0.8400
2936848,sitting,-1.0104,-0.0120,-0.0098,0.4550,-2.7300,0.7700
2936867,sitting,-1.0106,-0.0115,-0.0098,0.4550,-2.7300,0.8400
2936887,sitting,-1.0099,-0.0120,-0.0095,0.4900,-2.7300,0.7350
2936906,sitting,-1.0106,-0.0122,-0.0095,0.4900,-2.6950,0.8050
2936925,sitting,-1.0106,-0.0124,-0.0105,0.4900,-2.7300,0.7700
2936944,sitting,-1.0092,-0.0120,-0.0102,0.5250,-2.7300,0.8050
2936964,sitting,-1.0106,-0.0122,-0.0100,0.4900,-2.7300,0.7700
2936983,sitting,-1.0104,-0.0122,-0.0095,0.5250,-2.7300,0.8050
2937002,sitting,-1.0104,-0.0117,-0.0105,0.4900,-2.7300,0.8050
2937021,sitting,-1.0092,-0.0117,-0.0100,0.4900,-2.7300,0.7700
2937041,sitting,-1.0094,-0.0115,-0.0098,0.4900,-2.7300,0.8050
2937060,sitting,-1.0102,-0.0120,-0.0098,0.5250,-2.6950,0.7700
2937079,sitting,-1.0104,-0.0115,-0.0102,0.4900,-2.6950,0.7700
2937098,sitting,-1.0104,-0.0117,-0.0102,0.5600,-2.6950,0.8050
2937117,sitting,-1.0099,-0.0122,-0.0110,0.4900,-2.6950,0.8050
2937137,sitting,-1.0102,-0.0124,-0.0105,0.5250,-2.7300,0.8050
2937156,sitting,-1.0104,-0.0124,-0.0100,0.5600,-2.7300,0.8050
2937175,sitting,-1.0097,-0.0122,-0.0105,0.4900,-2.7300,0.8050
2937194,sitting,-1.0099,-0.0112,-0.0098,0.4900,-2.7300,0.7700
2937214,sitting,-1.0099,-0.0120,-0.0100,0.4900,-2.7300,0.7700
2937233,sitting,-1.0104,-0.0117,-0.0105,0.4900,-2.7300,0.7700
2937252,sitting,-1.0102,-0.0112,-0.0098,0.4900,-2.6950,0.8400
2937271,sitting,-1.0109,-0.0115,-0.0098,0.4900,-2.6600,0.7700
2937291,sitting,-1.0094,-0.0110,-0.0090,0.4900,-2.7300,0.7700
2937310,sitting,-1.0099,-0.0122,-0.0100,0.4900,-2.6950,0.8050
2937329,sitting,-1.0099,-0.0120,-0.0100,0.4900,-2.6950,0.8050
2937348,sitting,-1.0111,-0.0112,-0.0105,0.4900,-2.7300,0.8400
2937367,sitting,-1.0104,-0.0127,-0.0112,0.4900,-2.7300,0.7700
2937387,sitting,-1.0104,-0.0122,-0.0105,0.4900,-2.7300,0.7700
2937406,sitting,-1.0094,-0.0124,-0.0107,0.4900,-2.7300,0.7700
2937425,sitting,-1.0094,-0.0122,-0.0098,0.4900,-2.6950,0.7700
2937444,sitting,-1.0094,-0.0124,-0.0105,0.4900,-2.7300,0.7700
2937464,sitting,-1.0104,-0.0124,-0.0102,0.4550,-2.7300,0.7700
2937483,sitting,-1.0097,-0.0120,-0.0098,0.4900,-2.7300,0.8050
2937502,sitting,-1.0094,-0.0117,-0.0110,0.4900,-2.7300,0.8050
2937521,sitting,-1.0104,-0.0122,-0.0102,0.4900,-2.7300,0.8050
2937541,sitting,-1.0104,-0.0117,-0.0098,0.4900,-2.7300,0.8050
2937560,sitting,-1.0104,-0.0117,-0.0098,0.4550,-2.6600,0.7700
2937579,sitting,-1.0114,-0.0115,-0.0100,0.4550,-2.6950,0.7700
2937598,sitting,-1.0104,-0.0127,-0.0090,0.4550,-2.7300,0.8050
2937617,sitting,-1.0114,-0.0120,-0.0098,0.4550,-2.7300,0.7700
2937637,sitting,-1.0104,-0.0127,-0.0098,0.4900,-2.7300,0.8400
2937656,sitting,-1.0109,-0.0120,-0.0098,0.4900,-2.6950,0.8050
2937675,sitting,-1.0106,-0.0117,-0.0100,0.4900,-2.7300,0.8050
2937694,sitting,-1.0106,-0.0124,-0.0105,0.4900,-2.7300,0.7700
2937714,sitting,-1.0109,-0.0124,-0.0093,0.4900,-2.6950,0.8400
2937733,sitting,-1.0094,-0.0117,-0.0095,0.4900,-2.7300,0.7700
2937752,sitting,-1.0102,-0.0132,-0.0105,0.4900,-2.7300,0.8400
2937771,sitting,-1.0102,-0.0115,-0.0090,0.4900,-2.7300,0.8050
2937791,sitting,-1.0116,-0.0132,-0.0090,0.4550,-2.7300,0.7700
2937810,sitting,-1.0116,-0.0120,-0.0098,0.4900,-2.7300,0.8050
2937829,sitting,-1.0109,-0.0129,-0.0100,0.4900,-2.7650,0.8050
2937848,sitting,-1.0099,-0.0124,-0.0088,0.4900,-2.6950,0.7700
2937867,sitting,-1.0102,-0.0112,-0.0085,0.4900,-2.7300,0.7700
2937887,sitting,-1.0092,-0.0122,-0.0093,0.4900,-2.6950,0.7700
2937906,sitting,-1.0099,-0.0124,-0.0100,0.4900,-2.6950,0.7700
2937925,sitting,-1.0102,-0.0120,-0.0102,0.4900,-2.6950,0.8050
2937944,sitting,-1.0104,-0.0120,-0.0100,0.4900,-2.7650,0.8050
2937964,sitting,-1.0106,-0.0122,-0.0098,0.4900,-2.7300,0.7700
2937983,sitting,-1.0102,-0.0122,-0.0100,0.5250,-2.7300,0.7700
2938002,sitting,-1.0097,-0.0127,-0.0093,0.4900,-2.6950,0.7700
2938021,sitting,-1.0099,-0.0115,-0.0095,0.4550,-2.7300,0.7700
2938041,sitting,-1.0102,-0.0117,-0.0098,0.4900,-2.7300,0.7700
2938060,sitting,-1.0104,-0.0115,-0.0102,0.4900,-2.6950,0.7700
2938079,sitting,-1.0119,-0.0122,-0.0100,0.4900,-2.7300,0.7700
2938098,sitting,-1.0109,-0.0122,-0.0100,0.4900,-2.7300,0.7700
2938117,sitting,-1.0097,-0.0110,-0.0100,0.4550,-2.7300,0.7700
2938137,sitting,-1.0094,-0.0112,-0.0105,0.4900,-2.7300,0.7700
2938156,sitting,-1.0109,-0.0120,-0.0098,0.4900,-2.7300,0.8050
2938175,sitting,-1.0102,-0.0127,-0.0095,0.4900,-2.7300,0.7700
2938194,sitting,-1.0102,-0.0127,-0.0102,0.4900,-2.7300,0.8050
2938214,sitting,-1.0102,-0.0124,-0.0095,0.4900,-2.7300,0.7700
2938233,sitting,-1.0102,-0.0122,-0.0098,0.4900,-2.7300,0.7700
2938252,sitting,-1.0102,-0.0115,-0.0098,0.4900,-2.7300,0.7700
2938271,sitting,-1.0097,-0.0112,-0.0107,0.4550,-2.7300,0.7700
2938291,sitting,-1.0097,-0.0129,-0.0107,0.4900,-2.6950,0.8050
2938310,sitting,-1.0099,-0.0122,-0.0102,0.4900,-2.7300,0.8400
2938329,sitting,-1.0099,-0.0115,-0.0095,0.4550,-2.7300,0.8050
2938348,sitting,-1.0104,-0.0127,-0.0105,0.4900,-2.7300,0.8050
2938367,sitting,-1.0102,-0.0122,-0.0105,0.4550,-2.7300,0.8050
2938387,sitting,-1.0106,-0.0120,-0.0112,0.4900,-2.7300,0.8050
2938406,sitting,-1.0104,-0.0110,-0.0093,0.4900,-2.6950,0.7700
2938425,sitting,-1.0104,-0.0110,-0.0102,0.4900,-2.7300,0.8050
2938444,sitting,-1.0102,-0.0122,-0.0098,0.4550,-2.7300,0.8050
2938464,sitting,-1.0099,-0.0117,-0.0098,0.4900,-2.6600,0.7700
2938483,sitting,-1.0106,-0.0124,-0.0102,0.4550,-2.7300,0.8050
2938502,sitting,-1.0094,-0.0117,-0.0100,0.4900,-2.7300,0.7700
2938521,sitting,-1.0094,-0.0127,-0.0095,0.4900,-2.7300,0.7700
2938541,sitting,-1.0097,-0.0117,-0.0102,0.5250,-2.7300,0.8050
2938560,sitting,-1.0102,-0.0122,-0.0100,0.4900,-2.6950,0.8050
2938579,sitting,-1.0092,-0.0127,-0.0098,0.4900,-2.7300,0.8050
2938598,sitting,-1.0111,-0.0122,-0.0098,0.4900,-2.7300,0.8400
2938617,sitting,-1.0106,-0.0120,-0.0102,0.4900,-2.7300,0.8400
2938637,sitting,-1.0102,-0.0127,-0.0100,0.4550,-2.7300,0.7700
2938656,sitting,-1.0104,-0.0120,-0.0117,0.4550,-2.7300,0.8050
2938675,sitting,-1.0102,-0.0115,-0.0098,0.4900,-2.7300,0.7700
2938694,sitting,-1.0102,-0.0117,-0.0098,0.5600,-2.7300,0.8050
2938714,sitting,-1.0104,-0.0107,-0.0107,0.5250,-2.7300,0.7700
2938733,sitting,-1.0104,-0.0117,-0.0100,0.4900,-2.7300,0.8050
2938752,sitting,-1.0099,-0.0117,-0.0100,0.4900,-2.7300,0.7700
2938771,sitting,-1.0094,-0.0112,-0.0093,0.4900,-2.7300,0.8400
2938791,sitting,-1.0104,-0.0117,-0.0090,0.4900,-2.7300,0.8050
2938810,sitting,-1.0102,-0.0122,-0.0093,0.4900,-2.7300,0.7700
2938829,sitting,-1.0106,-0.0127,-0.0093,0.4900,-2.7300,0.7700
2938848,sitting,-1.0099,-0.0117,-0.0095,0.4900,-2.7300,0.7700
2938867,sitting,-1.0099,-0.0112,-0.0095,0.4900,-2.7300,0.8050
2938887,sitting,-1.0106,-0.0127,-0.0098,0.5250,-2.6950,0.7700
2938906,sitting,-1.0104,-0.0117,-0.0095,0.4550,-2.7300,0.7700
2938925,sitting,-1.0099,-0.0115,-0.0093,0.4900,-2.7300,0.8050
2938944,sitting,-1.0094,-0.0120,-0.0098,0.4900,-2.6950,0.7700
2938964,sitting,-1.0092,-0.0120,-0.0102,0.4900,-2.7300,0.7700
2938983,sitting,-1.0097,-0.0112,-0.0100,0.4900,-2.7300,0.8050
2939002,sitting,-1.0119,-0.0120,-0.0100,0.5250,-2.7300,0.7700
2939021,sitting,-1.0104,-0.0112,-0.0100,0.4900,-2.7300,0.7700
2939041,sitting,-1.0099,-0.0129,-0.0100,0.4900,-2.7300,0.8400
2939060,sitting,-1.0109,-0.0124,-0.0090,0.4900,-2.7300,0.8400
2939079,sitting,-1.0094,-0.0120,-0.0095,0.5250,-2.6950,0.8050
2939098,sitting,-1.0099,-0.0122,-0.0090,0.4900,-2.7300,0.7700
2939117,sitting,-1.0102,-0.0122,-0.0095,0.4900,-2.6950,0.7700
2939137,sitting,-1.0109,-0.0127,-0.0102,0.4900,-2.6600,0.7700
2939156,sitting,-1.0106,-0.0122,-0.0110,0.4900,-2.7300,0.7700
2939175,sitting,-1.0099,-0.0112,-0.0100,0.4900,-2.7300,0.8050
2939194,sitting,-1.0089,-0.0115,-0.0110,0.4900,-2.7300,0.8050
2939214,sitting,-1.0106,-0.0124,-0.0093,0.5250,-2.7300,0.8050
2939233,sitting,-1.0106,-0.0115,-0.0095,0.4550,-2.6950,0.8050
2939252,sitting,-1.0092,-0.0127,-0.0095,0.4900,-2.7300,0.8050
2939271,sitting,-1.0114,-0.0124,-0.0090,0.4900,-2.7300,0.7700
2939291,sitting,-1.0102,-0.0112,-0.0098,0.4900,-2.6600,0.7700
2939310,sitting,-1.0097,-0.0115,-0.0098,0.4900,-2.7300,0.8050
2939329,sitting,-1.0097,-0.0122,-0.0088,0.4900,-2.7300,0.8400
2939348,sitting,-1.0102,-0.0122,-0.0088,0.4550,-2.7300,0.7700
2939367,sitting,-1.0106,-0.0122,-0.0102,0.4900,-2.7300,0.8050
2939387,sitting,-1.0092,-0.0129,-0.0100,0.4900,-2.7300,0.8400
2939406,sitting,-1.0097,-0.0117,-0.0107,0.4900,-2.7300,0.8050
2939425,sitting,-1.0099,-0.0117,-0.0110,0.4900,-2.6600,0.7700
2939444,sitting,-1.0111,-0.0115,-0.0102,0.4900,-2.7300,0.7700
2939464,sitting,-1.0114,-0.0110,-0.0105,0.4900,-2.7300,0.8050
2939483,sitting,-1.0104,-0.0120,-0.0100,0.4900,-2.6950,0.7700
2939502,sitting,-1.0099,-0.0120,-0.0102,0.4550,-2.6950,0.7700
2939521,sitting,-1.0104,-0.0120,-0.0093,0.4900,-2.7300,0.8400
2939541,sitting,-1.0104,-0.0124,-0.0098,0.4900,-2.7300,0.8400
2939560,sitting,-1.0097,-0.0129,-0.0095,0.4900,-2.7300,0.7700
2939579,sitting,-1.0104,-0.0122,-0.0093,0.4900,-2.7300,0.8050
2939598,sitting,-1.0106,-0.0124,-0.0102,0.4900,-2.7300,0.8050
2939617,sitting,-1.0099,-0.0124,-0.0095,0.4900,-2.6950,0.7700
2939637,sitting,-1.0106,-0.0124,-0.0107,0.4900,-2.7300,0.7700
2939656,sitting,-1.0099,-0.0124,-0.0093,0.4900,-2.7300,0.8050
2939675,sitting,-1.0111,-0.0124,-0.0110,0.4900,-2.7300,0.7700
2939694,sitting,-1.0102,-0.0122,-0.0100,0.4900,-2.6600,0.7350
2939714,sitting,-1.0099,-0.0127,-0.0102,0.5250,-2.7300,0.7700
2939733,sitting,-1.0102,-0.0120,-0.0105,0.5600,-2.7300,0.7700
2939752,sitting,-1.0102,-0.0117,-0.0110,0.4550,-2.7300,0.7700
2939771,sitting,-1.0106,-0.0115,-0.0098,0.4900,-2.6950,0.7700
2939791,sitting,-1.0106,-0.0117,-0.0102,0.5250,-2.6950,0.7700
2939810,sitting,-1.0089,-0.0112,-0.0105,0.4900,-2.7300,0.7700
2939829,sitting,-1.0104,-0.0122,-0.0102,0.5250,-2.7300,0.7700
2939848,sitting,-1.0104,-0.0124,-0.0100,0.5250,-2.7300,0.7700
2939867,sitting,-1.0106,-0.0120,-0.0093,0.4550,-2.7300,0.8050
2939887,sitting,-1.0106,-0.0124,-0.0095,0.4900,-2.7300,0.7700
2939906,sitting,-1.0104,-0.0122,-0.0100,0.4900,-2.7300,0.8050
2939925,sitting,-1.0106,-0.0132,-0.0095,0.4900,-2.6950,0.8400
2939944,sitting,-1.0106,-0.0112,-0.0102,0.4900,-2.7300,0.8050
2939964,sitting,-1.0102,-0.0120,-0.0098,0.4900,-2.7300,0.8050
2939983,sitting,-1.0094,-0.0110,-0.0105,0.4900,-2.7300,0.8050
2940002,sitting,-1.0094,-0.0120,-0.0107,0.4900,-2.7300,0.7700
2940021,sitting,-1.0094,-0.0120,-0.0102,0.4900,-2.7300,0.8400
2940041,sitting,-1.0104,-0.0124,-0.0105,0.4900,-2.7300,0.8050
2940060,sitting,-1.0106,-0.0122,-0.0105,0.4900,-2.7300,0.7700
2940079,sitting,-1.0102,-0.0122,-0.0102,0.4900,-2.7300,0.8050
2940098,sitting,-1.0099,-0.0127,-0.0102,0.4550,-2.7300,0.8400
2940117,sitting,-1.0102,-0.0120,-0.0107,0.4900,-2.7300,0.8400
2940137,sitting,-1.0109,-0.0115,-0.0115,0.4900,-2.7300,0.8400
2940156,sitting,-1.0111,-0.0112,-0.0102,0.4900,-2.6950,0.7700
2940175,sitting,-1.0104,-0.0115,-0.0105,0.4900,-2.6950,0.8050
2940194,sitting,-1.0104,-0.0120,-0.0100,0.5250,-2.7300,0.8050
2940214,sitting,-1.0094,-0.0120,-0.0105,0.4900,-2.7300,0.8050
2940233,sitting,-1.0106,-0.0127,-0.0083,0.4900,-2.7300,0.8050
2940252,sitting,-1.0102,-0.0117,-0.0093,0.4900,-2.6950,0.8400
2940271,sitting,-1.0092,-0.0110,-0.0105,0.4900,-2.7300,0.7700
2940291,sitting,-1.0089,-0.0117,-0.0100,0.4900,-2.6950,0.8050
2940310,sitting,-1.0097,-0.0120,-0.0100,0.4900,-2.6950,0.7700
2940329,sitting,-1.0111,-0.0117,-0.0105,0.4900,-2.7300,0.8050
2940348,sitting,-1.0104,-0.0120,-0.0105,0.4900,-2.7300,0.8050
2940367,sitting,-1.0097,-0.0112,-0.0098,0.5250,-2.6950,0.8050
2940387,sitting,-1.0104,-0.0120,-0.0107,0.4900,-2.7300,0.7700
2940406,sitting,-1.0102,-0.0110,-0.0107,0.4900,-2.7300,0.8050
2940425,sitting,-1.0099,-0.0122,-0.0100,0.4900,-2.7300,0.7700
2940444,sitting,-1.0094,-0.0122,-0.0095,0.5250,-2.7300,0.7700
2940464,sitting,-1.0097,-0.0115,-0.0095,0.4900,-2.7300,0.8050
2940483,sitting,-1.0092,-0.0124,-0.0105,0.4900,-2.7300,0.8050
2940502,sitting,-1.0102,-0.0127,-0.0100,0.5250,-2.6950,0.7700
2940521,sitting,-1.0099,-0.0115,-0.0098,0.5250,-2.6950,0.8050
2940541,sitting,-1.0099,-0.0117,-0.0098,0.4900,-2.7300,0.7700
2940560,sitting,-1.0102,-0.0122,-0.0100,0.4900,-2.7300,0.7700
2940579,sitting,-1.0106,-0.0110,-0.0095,0.4900,-2.6950,0.8050
2940598,sitting,-1.0097,-0.0122,-0.0098,0.4900,-2.7300,0.8400
2940617,sitting,-1.0102,-0.0120,-0.0105,0.4900,-2.7300,0.7700
2940637,sitting,-1.0102,-0.0124,-0.0105,0.4900,-2.6950,0.7700
2940656,sitting,-1.0109,-0.0124,-0.0100,0.4900,-2.7300,0.8400
2940675,sitting,-1.0097,-0.0117,-0.0105,0.4900,-2.7300,0.8400
2940694,sitting,-1.0106,-0.0112,-0.0100,0.4900,-2.7300,0.8050
2940714,sitting,-1.0102,-0.0112,-0.0102,0.4550,-2.7300,0.7700
2940733,sitting,-1.0102,-0.0107,-0.0090,0.4900,-2.6950,0.7700
2940752,sitting,-1.0106,-0.0117,-0.0090,0.5250,-2.6950,0.8050
2940771,sitting,-1.0097,-0.0117,-0.0098,0.4900,-2.7300,0.7700
2940791,sitting,-1.0106,-0.0112,-0.0100,0.4900,-2.7300,0.7700
2940810,sitting,-1.0099,-0.0117,-0.0095,0.4900,-2.7300,0.7700
2940829,sitting,-1.0104,-0.0112,-0.0093,0.4900,-2.7300,0.8050
2940848,sitting,-1.0097,-0.0120,-0.0102,0.4900,-2.7300,0.8400
2940867,sitting,-1.0099,-0.0120,-0.0093,0.4900,-2.7650,0.7700
2940887,sitting,-1.0099,-0.0122,-0.0102,0.4550,-2.7300,0.8050
2940906,sitting,-1.0104,-0.0115,-0.0110,0.4550,-2.7300,0.8050
2940925,sitting,-1.0109,-0.0117,-0.0093,0.4550,-2.7300,0.7700
2940944,sitting,-1.0106,-0.0122,-0.0090,0.5250,-2.7300,0.8400
2940964,sitting,-1.0106,-0.0122,-0.0098,0.4900,-2.6950,0.7700
2940983,sitting,-1.0114,-0.0124,-0.0100,0.4550,-2.7300,0.8050
2941002,sitting,-1.0099,-0.0127,-0.0105,0.4900,-2.7300,0.7700
2941021,sitting,-1.0106,-0.0129,-0.0102,0.4550,-2.6950,0.8050
2941041,sitting,-1.0099,-0.0120,-0.0098,0.4900,-2.7300,0.7700
2941060,sitting,-1.0099,-0.0117,-0.0095,0.4550,-2.7300,0.7700
2941079,sitting,-1.0114,-0.0122,-0.0095,0.4900,-2.7300,0.8050
2941098,sitting,-1.0099,-0.0117,-0.0095,0.4900,-2.6950,0.8400
2941117,sitting,-1.0087,-0.0122,-0.0098,0.4900,-2.7300,0.8050
2941137,sitting,-1.0109,-0.0124,-0.0102,0.4900,-2.7300,0.8050
2941156,sitting,-1.0106,-0.0120,-0.0100,0.4900,-2.7300,0.8050
2941175,sitting,-1.0102,-0.0122,-0.0102,0.4900,-2.6950,0.8400
2941194,sitting,-1.0102,-0.0122,-0.0095,0.4900,-2.7300,0.8050
2941214,sitting,-1.0104,-0.0115,-0.0120,0.4900,-2.6950,0.8400
2941233,sitting,-1.0102,-0.0117,-0.0102,0.4900,-2.7300,0.8400
2941252,sitting,-1.0111,-0.0120,-0.0107,0.4900,-2.6950,0.8400
2941271,sitting,-1.0109,-0.0124,-0.0098,0.5250,-2.7300,0.8400
2941291,sitting,-1.0106,-0.0120,-0.0105,0.4900,-2.7300,0.8400
2941310,sitting,-1.0097,-0.0122,-0.0098,0.4900,-2.7300,0.8050
2941329,sitting,-1.0114,-0.0122,-0.0100,0.4900,-2.7300,0.8050
2941348,sitting,-1.0099,-0.0115,-0.0098,0.4900,-2.7300,0.8050
2941367,sitting,-1.0109,-0.0112,-0.0102,0.4900,-2.7300,0.8050
2941387,sitting,-1.0106,-0.0115,-0.0093,0.4900,-2.6950,0.8400
2941406,sitting,-1.0104,-0.0110,-0.0093,0.4900,-2.6950,0.7700
2941425,sitting,-1.0106,-0.0117,-0.0098,0.4900,-2.7300,0.7700
2941444,sitting,-1.0104,-0.0110,-0.0100,0.4900,-2.7300,0.8400
2941464,sitting,-1.0119,-0.0120,-0.0102,0.5250,-2.7300,0.8050
2941483,sitting,-1.0104,-0.0112,-0.0095,0.4900,-2.7300,0.7700
2941502,sitting,-1.0089,-0.0115,-0.0102,0.4900,-2.7300,0.8400
2941521,sitting,-1.0102,-0.0112,-0.0100,0.4900,-2.7300,0.8050
2941541,sitting,-1.0099,-0.0122,-0.0090,0.4900,-2.7300,0.7700
2941560,sitting,-1.0106,-0.0122,-0.0107,0.4900,-2.7300,0.8050
2941579,sitting,-1.0104,-0.0120,-0.0102,0.4900,-2.7300,0.7700
2941598,sitting,-1.0099,-0.0122,-0.0098,0.4900,-2.7300,0.7700
2941617,sitting,-1.0102,-0.0120,-0.0100,0.4200,-2.7300,0.7700
2941637,sitting,-1.0102,-0.0120,-0.0100,0.4900,-2.7300,0.7700
2941656,sitting,-1.0092,-0.0120,-0.0095,0.4900,-2.7300,0.8050
2941675,sitting,-1.0111,-0.0120,-0.0100,0.4900,-2.7300,0.7700
2941694,sitting,-1.0106,-0.0110,-0.0105,0.4550,-2.7300,0.7700
2941714,sitting,-1.0104,-0.0120,-0.0093,0.4900,-2.7300,0.8050
2941733,sitting,-1.0102,-0.0117,-0.0093,0.4900,-2.7300,0.8400
2941752,sitting,-1.0106,-0.0124,-0.0102,0.4900,-2.7300,0.8400
2941771,sitting,-1.0094,-0.0117,-0.0107,0.4900,-2.7300,0.8400
2941791,sitting,-1.0104,-0.0120,-0.0102,0.4900,-2.6950,0.8050
2941810,sitting,-1.0111,-0.0127,-0.0100,0.4900,-2.7300,0.7700
2941829,sitting,-1.0106,-0.0129,-0.0093,0.4900,-2.6950,0.7700
2941848,sitting,-1.0102,-0.0112,-0.0098,0.4550,-2.7300,0.8050
2941867,sitting,-1.0097,-0.0120,-0.0093,0.4900,-2.7300,0.8050
2941887,sitting,-1.0094,-0.0122,-0.0098,0.4550,-2.7300,0.8400
2941906,sitting,-1.0097,-0.0122,-0.0105,0.4900,-2.7300,0.8400
2941925,sitting,-1.0111,-0.0124,-0.0098,0.5600,-2.7300,0.8400
2941944,sitting,-1.0104,-0.0117,-0.0090,0.4900,-2.6950,0.8400
2941964,sitting,-1.0102,-0.0129,-0.0090,0.4900,-2.6950,0.8050
2941983,sitting,-1.0099,-0.0129,-0.0098,0.4900,-2.6950,0.7700
2942002,sitting,-1.0099,-0.0124,-0.0095,0.4900,-2.7300,0.8050
2942021,sitting,-1.0092,-0.0105,-0.0100,0.4900,-2.7300,0.8050
2942041,sitting,-1.0097,-0.0117,-0.0107,0.5250,-2.6950,0.8400
2942060,sitting,-1.0104,-0.0110,-0.0093,0.4900,-2.7300,0.8400
2942079,sitting,-1.0109,-0.0124,-0.0088,0.4900,-2.6600,0.7700
2942098,sitting,-1.0104,-0.0112,-0.0100,0.4900,-2.6950,0.8050
2942117,sitting,-1.0102,-0.0124,-0.0095,0.4900,-2.7300,0.7700
2942137,sitting,-1.0104,-0.0137,-0.0098,0.4900,-2.6950,0.7700
2942156,sitting,-1.0102,-0.0122,-0.0102,0.4900,-2.7300,0.8050
2942175,sitting,-1.0104,-0.0124,-0.0105,0.4900,-2.7300,0.7700
2942194,sitting,-1.0106,-0.0127,-0.0102,0.5250,-2.7300,0.7700
2942214,sitting,-1.0104,-0.0122,-0.0098,0.4900,-2.7300,0.7700
2942233,sitting,-1.0104,-0.0117,-0.0100,0.4900,-2.7300,0.8050
2942252,sitting,-1.0106,-0.0112,-0.0098,0.4900,-2.7300,0.8400
2942271,sitting,-1.0114,-0.0122,-0.0102,0.4900,-2.7300,0.7700
2942291,sitting,-1.0109,-0.0117,-0.0098,0.4900,-2.6950,0.7700
2942310,sitting,-1.0111,-0.0129,-0.0102,0.4900,-2.7300,0.7700
2942329,sitting,-1.0109,-0.0117,-0.0102,0.4900,-2.7300,0.8050
2942348,sitting,-1.0106,-0.0124,-0.0095,0.4550,-2.7300,0.7700
2942367,sitting,-1.0111,-0.0127,-0.0095,0.5250,-2.7300,0.8050
2942387,sitting,-1.0094,-0.0124,-0.0100,0.4900,-2.7300,0.7700
2942406,sitting,-1.0102,-0.0120,-0.0107,0.4900,-2.6600,0.7700
2942425,sitting,-1.0106,-0.0110,-0.0102,0.4900,-2.7300,0.8050
2942444,sitting,-1.0099,-0.0112,-0.0100,0.4550,-2.7300,0.7700
2942464,sitting,-1.0097,-0.0120,-0.0100,0.4900,-2.7300,0.7700
2942483,sitting,-1.0097,-0.0120,-0.0105,0.4900,-2.7300,0.7700
2942502,sitting,-1.0094,-0.0117,-0.0093,0.4550,-2.6950,0.7700
2942521,sitting,-1.0109,-0.0110,-0.0100,0.4900,-2.7300,0.8050
2942541,sitting,-1.0106,-0.0112,-0.0095,0.4550,-2.6950,0.8050
2942560,sitting,-1.0102,-0.0120,-0.0093,0.4900,-2.6600,0.7700
2942579,sitting,-1.0099,-0.0124,-0.0098,0.4550,-2.6950,0.7700
2942598,sitting,-1.0099,-0.0122,-0.0098,0.4900,-2.7300,0.7700
2942617,sitting,-1.0099,-0.0122,-0.0102,0.4900,-2.7300,0.8050
2942637,sitting,-1.0102,-0.0120,-0.0095,0.4200,-2.6950,0.8400
2942656,sitting,-1.0099,-0.0127,-0.0095,0.4900,-2.7300,0.8050
2942675,sitting,-1.0099,-0.0117,-0.0098,0.4900,-2.7300,0.7700
2942694,sitting,-1.0106,-0.0120,-0.0105,0.4900,-2.7300,0.7700
2942714,sitting,-1.0109,-0.0124,-0.0105,0.4900,-2.7300,0.8400
2942733,sitting,-1.0104,-0.0112,-0.0090,0.4900,-2.7300,0.8050
2942752,sitting,-1.0102,-0.0122,-0.0095,0.4900,-2.6950,0.7700
2942771,sitting,-1.0102,-0.0120,-0.0100,0.4900,-2.7300,0.8400
2942791,sitting,-1.0099,-0.0115,-0.0105,0.4550,-2.7300,0.8050
2942810,sitting,-1.0106,-0.0115,-0.0098,0.4900,-2.7300,0.8400
2942829,sitting,-1.0102,-0.0120,-0.0102,0.4900,-2.7300,0.8050
2942848,sitting,-1.0097,-0.0122,-0.0095,0.4900,-2.7300,0.8050
2942867,sitting,-1.0099,-0.0124,-0.0093,0.5250,-2.7650,0.7700
2942887,sitting,-1.0097,-0.0124,-0.0100,0.4900,-2.7300,0.7700
2942906,sitting,-1.0099,-0.0122,-0.0100,0.4900,-2.7300,0.7700
2942925,sitting,-1.0097,-0.0115,-0.0098,0.5250,-2.7300,0.7700
2942944,sitting,-1.0102,-0.0117,-0.0102,0.4900,-2.7300,0.7700
2942964,sitting,-1.0099,-0.0112,-0.0110,0.5250,-2.7300,0.7700
2942983,sitting,-1.0106,-0.0122,-0.0095,0.5250,-2.6950,0.7700
2943002,sitting,-1.0109,-0.0124,-0.0093,0.4900,-2.7300,0.7700
2943021,sitting,-1.0104,-0.0117,-0.0100,0.5250,-2.6600,0.7700
2943041,sitting,-1.0109,-0.0124,-0.0095,0.5250,-2.7300,0.7700
2943060,sitting,-1.0106,-0.0115,-0.0100,0.5250,-2.7300,0.7700
2943079,sitting,-1.0106,-0.0115,-0.0093,0.4900,-2.7300,0.7700
2943098,sitting,-1.0102,-0.0127,-0.0107,0.4900,-2.7300,0.7700
2943117,sitting,-1.0099,-0.0117,-0.0095,0.4900,-2.7300,0.7700
2943137,sitting,-1.0106,-0.0120,-0.0095,0.5250,-2.7300,0.7700
2943156,sitting,-1.0102,-0.0112,-0.0098,0.4900,-2.7300,0.8050
2943175,sitting,-1.0104,-0.0112,-0.0095,0.4900,-2.6950,0.7700
2943194,sitting,-1.0102,-0.0115,-0.0098,0.5250,-2.7300,0.7700
2943214,sitting,-1.0109,-0.0115,-0.0098,0.4900,-2.6950,0.8400
2943233,sitting,-1.0102,-0.0122,-0.0095,0.4900,-2.6950,0.8400
2943252,sitting,-1.0097,-0.0115,-0.0100,0.4900,-2.7300,0.8050
2943271,sitting,-1.0106,-0.0115,-0.0115,0.4900,-2.7300,0.7700
2943291,sitting,-1.0104,-0.0127,-0.0098,0.4900,-2.7300,0.7700
2943310,sitting,-1.0102,-0.0122,-0.0098,0.5250,-2.7300,0.8050
2943329,sitting,-1.0106,-0.0105,-0.0095,0.4900,-2.7300,0.8050
2943348,sitting,-1.0104,-0.0110,-0.0098,0.4900,-2.7300,0.7700
2943367,sitting,-1.0104,-0.0120,-0.0112,0.4900,-2.7300,0.8400
2943387,sitting,-1.0099,-0.0112,-0.0095,0.4550,-2.7300,0.7700
2943406,sitting,-1.0106,-0.0110,-0.0093,0.4550,-2.7300,0.7700
2943425,sitting,-1.0102,-0.0120,-0.0090,0.4900,-2.7300,0.8050
2943444,sitting,-1.0111,-0.0110,-0.0095,0.4550,-2.7300,0.8050
2943464,sitting,-1.0097,-0.0117,-0.0098,0.4900,-2.7300,0.7700
2943483,sitting,-1.0097,-0.0117,-0.0093,0.5250,-2.6950,0.8400
2943502,sitting,-1.0102,-0.0127,-0.0102,0.4200,-2.7300,0.8400
2943521,sitting,-1.0089,-0.0122,-0.0098,0.4200,-2.7300,0.8050
2943541,sitting,-1.0104,-0.0124,-0.0093,0.4900,-2.6950,0.8400
2943560,sitting,-1.0099,-0.0117,-0.0110,0.4900,-2.6950,0.8400
2943579,sitting,-1.0099,-0.0117,-0.0095,0.4550,-2.7300,0.8400
2943598,sitting,-1.0104,-0.0124,-0.0100,0.4900,-2.7300,0.8400
2943617,sitting,-1.0104,-0.0122,-0.0100,0.4900,-2.6950,0.8050
2943637,sitting,-1.0111,-0.0120,-0.0107,0.5600,-2.7300,0.7700
2943656,sitting,-1.0106,-0.0117,-0.0093,0.5250,-2.7300,0.8400
2943675,sitting,-1.0104,-0.0112,-0.0095,0.4900,-2.6950,0.8050
2943694,sitting,-1.0097,-0.0127,-0.0098,0.4900,-2.6950,0.8400
2943714,sitting,-1.0104,-0.0115,-0.0098,0.5250,-2.6950,0.8050
2943733,sitting,-1.0111,-0.0115,-0.0100,0.4900,-2.7300,0.8050
2943752,sitting,-1.0109,-0.0120,-0.0102,0.4900,-2.7300,0.8050
2943771,sitting,-1.0119,-0.0117,-0.0095,0.5250,-2.6600,0.7700
2943791,sitting,-1.0102,-0.0122,-0.0102,0.5250,-2.6950,0.7700
2943810,sitting,-1.0102,-0.0122,-0.0095,0.4900,-2.7300,0.8050
2943829,sitting,-1.0102,-0.0124,-0.0102,0.5250,-2.6950,0.7700
2943848,sitting,-1.0109,-0.0122,-0.0107,0.4900,-2.6950,0.8400
2943867,sitting,-1.0104,-0.0122,-0.0100,0.4900,-2.7300,0.8400
2943887,sitting,-1.0114,-0.0112,-0.0102,0.4900,-2.7300,0.7700
2943906,sitting,-1.0114,-0.0120,-0.0100,0.5250,-2.7300,0.8050
2943925,sitting,-1.0104,-0.0120,-0.0090,0.4900,-2.6600,0.7700
2943944,sitting,-1.0097,-0.0117,-0.0093,0.4900,-2.6950,0.7700
2943964,sitting,-1.0097,-0.0122,-0.0098,0.4900,-2.7300,0.7700
2943983,sitting,-1.0104,-0.0122,-0.0100,0.4900,-2.6600,0.7700
2944002,sitting,-1.0104,-0.0117,-0.0098,0.4900,-2.7300,0.7700
2944021,sitting,-1.0102,-0.0122,-0.0090,0.4900,-2.7300,0.8050
2944041,sitting,-1.0104,-0.0127,-0.0100,0.4900,-2.7300,0.8050
2944060,sitting,-1.0106,-0.0127,-0.0083,0.5250,-2.7300,0.8050
2944079,sitting,-1.0102,-0.0120,-0.0088,0.4900,-2.6950,0.8050
2944098,sitting,-1.0106,-0.0115,-0.0102,0.4900,-2.7300,0.8050
2944117,sitting,-1.0102,-0.0120,-0.0098,0.4900,-2.7300,0.7700
2944137,sitting,-1.0102,-0.0117,-0.0098,0.4900,-2.6950,0.8050
2944156,sitting,-1.0104,-0.0122,-0.0098,0.4550,-2.7300,0.8050
2944175,sitting,-1.0104,-0.0122,-0.0102,0.4200,-2.7300,0.8050
2944194,sitting,-1.0102,-0.0120,-0.0105,0.4900,-2.7300,0.8400
2944214,sitting,-1.0104,-0.0117,-0.0098,0.4900,-2.7300,0.8400
2944233,sitting,-1.0109,-0.0127,-0.0100,0.4900,-2.6950,0.8050
2944252,sitting,-1.0102,-0.0115,-0.0102,0.4900,-2.7300,0.7700
2944271,sitting,-1.0102,-0.0120,-0.0095,0.4900,-2.7300,0.8050
2944291,sitting,-1.0099,-0.0127,-0.0100,0.4550,-2.7300,0.7700
2944310,sitting,-1.0109,-0.0124,-0.0105,0.4550,-2.7300,0.8050
2944329,sitting,-1.0102,-0.0117,-0.0090,0.4900,-2.7300,0.8400
2944348,sitting,-1.0104,-0.0122,-0.0098,0.4900,-2.7300,0.8050
2944367,sitting,-1.0094,-0.0117,-0.0105,0.4900,-2.6950,0.7700
2944387,sitting,-1.0104,-0.0112,-0.0095,0.4900,-2.6950,0.7700
2944406,sitting,-1.0109,-0.0120,-0.0105,0.5250,-2.7300,0.8400
2944425,sitting,-1.0106,-0.0122,-0.0102,0.4900,-2.6950,0.8400
2944444,sitting,-1.0099,-0.0112,-0.0098,0.4900,-2.7300,0.7700
2944464,sitting,-1.0111,-0.0122,-0.0112,0.4900,-2.7300,0.7700
2944483,sitting,-1.0106,-0.0115,-0.0105,0.4900,-2.6950,0.7700
2944502,sitting,-1.0109,-0.0112,-0.0100,0.4900,-2.6950,0.7700
2944521,sitting,-1.0092,-0.0120,-0.0110,0.5250,-2.7300,0.8400
2944541,sitting,-1.0102,-0.0120,-0.0098,0.4900,-2.6950,0.8400
2944560,sitting,-1.0104,-0.0120,-0.0098,0.4900,-2.6600,0.7700
2944579,sitting,-1.0092,-0.0115,-0.0095,0.4900,-2.7300,0.7700
2944598,sitting,-1.0102,-0.0115,-0.0093,0.4900,-2.7300,0.7700
2944617,sitting,-1.0106,-0.0120,-0.0098,0.4900,-2.7300,0.7700
2944637,sitting,-1.0102,-0.0124,-0.0090,0.5600,-2.6950,0.7700
2944656,sitting,-1.0111,-0.0132,-0.0100,0.4900,-2.6950,0.8050
2944675,sitting,-1.0094,-0.0117,-0.0093,0.4900,-2.7300,0.8050
2944694,sitting,-1.0097,-0.0120,-0.0107,0.4900,-2.7300,0.7700
2944714,sitting,-1.0102,-0.0115,-0.0098,0.4900,-2.7300,0.8050
2944733,sitting,-1.0106,-0.0124,-0.0090,0.4900,-2.6950,0.7700
2944752,sitting,-1.0109,-0.0117,-0.0120,0.4900,-2.7300,0.8050
2944771,sitting,-1.0106,-0.0117,-0.0105,0.5250,-2.6600,0.7700
2944791,sitting,-1.0104,-0.0115,-0.0090,0.4900,-2.7300,0.7700
2944810,sitting,-1.0109,-0.0120,-0.0100,0.4900,-2.7300,0.7700
2944829,sitting,-1.0097,-0.0120,-0.0093,0.4900,-2.7300,0.7700
2944848,sitting,-1.0104,-0.0115,-0.0098,0.4900,-2.7300,0.8050
2944867,sitting,-1.0109,-0.0122,-0.0095,0.4900,-2.7300,0.7700
2944887,sitting,-1.0102,-0.0115,-0.0102,0.4900,-2.7300,0.7700
2944906,sitting,-1.0102,-0.0117,-0.0093,0.4900,-2.7300,0.8050
2944925,sitting,-1.0104,-0.0120,-0.0095,0.4900,-2.7300,0.8400
2944944,sitting,-1.0104,-0.0120,-0.0098,0.4900,-2.7300,0.7700
2944964,sitting,-1.0102,-0.0120,-0.0107,0.5250,-2.7300,0.7700
2944983,sitting,-1.0104,-0.0117,-0.0098,0.4900,-2.7300,0.7700
2945002,sitting,-1.0102,-0.0117,-0.0090,0.4900,-2.7300,0.8050
2945021,sitting,-1.0097,-0.0122,-0.0095,0.4900,-2.7300,0.7700
2945041,sitting,-1.0104,-0.0120,-0.0100,0.4900,-2.7300,0.8050
2945060,sitting,-1.0111,-0.0120,-0.0093,0.4900,-2.6950,0.8050
2945079,sitting,-1.0109,-0.0117,-0.0102,0.4900,-2.6950,0.7700
2945098,sitting,-1.0106,-0.0124,-0.0093,0.4900,-2.6950,0.7700
2945117,sitting,-1.0104,-0.0129,-0.0105,0.4900,-2.7300,0.8050
2945137,sitting,-1.0104,-0.0127,-0.0090,0.4900,-2.7300,0.8050
2945156,sitting,-1.0106,-0.0115,-0.0107,0.4900,-2.7300,0.7700
2945175,sitting,-1.0104,-0.0127,-0.0093,0.4900,-2.7300,0.8050
2945194,sitting,-1.0106,-0.0120,-0.0090,0.4900,-2.7300,0.8400
2945214,sitting,-1.0104,-0.0115,-0.0085,0.4900,-2.7300,0.8050
2945233,sitting,-1.0106,-0.0112,-0.0102,0.4900,-2.7300,0.8050
2945252,sitting,-1.0106,-0.0122,-0.0100,0.4900,-2.7300,0.8400
2945271,sitting,-1.0111,-0.0120,-0.0098,0.4900,-2.6950,0.8050
2945291,sitting,-1.0102,-0.0124,-0.0102,0.4900,-2.6950,0.8050
2945310,sitting,-1.0094,-0.0120,-0.0088,0.4900,-2.7300,0.8050
2945329,sitting,-1.0102,-0.0115,-0.0095,0.4900,-2.7300,0.8400
2945348,sitting,-1.0102,-0.0117,-0.0100,0.5250,-2.7300,0.8050
2945367,sitting,-1.0102,-0.0115,-0.0105,0.5250,-2.7300,0.7700
2945387,sitting,-1.0094,-0.0120,-0.0105,0.4550,-2.7300,0.8050
2945406,sitting,-1.0102,-0.0120,-0.0100,0.4900,-2.7300,0.7700
2945425,sitting,-1.0104,-0.0120,-0.0098,0.4900,-2.6950,0.8050
2945444,sitting,-1.0094,-0.0112,-0.0107,0.5600,-2.6600,0.8050
2945464,sitting,-1.0102,-0.0107,-0.0093,0.5250,-2.6950,0.7700
2945483,sitting,-1.0111,-0.0117,-0.0107,0.4900,-2.7300,0.7700
2945502,sitting,-1.0094,-0.0124,-0.0105,0.4900,-2.7300,0.8050
2945521,sitting,-1.0102,-0.0120,-0.0105,0.4900,-2.7300,0.8050
2945541,sitting,-1.0102,-0.0115,-0.0095,0.5600,-2.6600,0.8050
2945560,sitting,-1.0102,-0.0115,-0.0100,0.4900,-2.6600,0.7700
2945579,sitting,-1.0099,-0.0110,-0.0105,0.4900,-2.7300,0.8050
2945598,sitting,-1.0104,-0.0127,-0.0100,0.4900,-2.7300,0.8050
2945617,sitting,-1.0099,-0.0120,-0.0095,0.4900,-2.7300,0.8050
2945637,sitting,-1.0099,-0.0110,-0.0102,0.4900,-2.6950,0.7700
2945656,sitting,-1.0106,-0.0115,-0.0093,0.4550,-2.7300,0.8050
2945675,sitting,-1.0102,-0.0120,-0.0088,0.4900,-2.7300,0.7700
2945694,sitting,-1.0102,-0.0115,-0.0102,0.4900,-2.6950,0.7700
2945714,sitting,-1.0097,-0.0124,-0.0102,0.5250,-2.6950,0.8050
2945733,sitting,-1.0102,-0.0115,-0.0107,0.4900,-2.6950,0.7700
2945752,sitting,-1.0109,-0.0115,-0.0098,0.5250,-2.7300,0.7700
2945771,sitting,-1.0099,-0.0115,-0.0093,0.4900,-2.7300,0.8400
2945791,sitting,-1.0102,-0.0122,-0.0098,0.5250,-2.7300,0.8400
2945810,sitting,-1.0106,-0.0124,-0.0105,0.4900,-2.7300,0.7700
2945829,sitting,-1.0097,-0.0129,-0.0107,0.4900,-2.7300,0.8400
2945848,sitting,-1.0097,-0.0122,-0.0105,0.4900,-2.7650,0.8400
2945867,sitting,-1.0104,-0.0127,-0.0105,0.4900,-2.7300,0.8050
2945887,sitting,-1.0092,-0.0124,-0.0098,0.4900,-2.7300,0.8050
2945906,sitting,-1.0094,-0.0120,-0.0102,0.4900,-2.7300,0.8050
2945925,sitting,-1.0104,-0.0120,-0.0100,0.4900,-2.7300,0.8050
2945944,sitting,-1.0097,-0.0122,-0.0093,0.4900,-2.6600,0.7700
2945964,sitting,-1.0099,-0.0127,-0.0107,0.4900,-2.6950,0.8400
2945983,sitting,-1.0099,-0.0120,-0.0098,0.4900,-2.7300,0.8050
2946002,sitting,-1.0094,-0.0120,-0.0100,0.4900,-2.7300,0.8050
2946021,sitting,-1.0102,-0.0117,-0.0093,0.4900,-2.7300,0.7700
2946041,sitting,-1.0109,-0.0117,-0.0102,0.4900,-2.7300,0.7700
2946060,sitting,-1.0109,-0.0124,-0.0102,0.4900,-2.7300,0.7700
2946079,sitting,-1.0109,-0.0115,-0.0100,0.4900,-2.7300,0.7700
2946098,sitting,-1.0106,-0.0115,-0.0088,0.4550,-2.6950,0.8050
2946117,sitting,-1.0102,-0.0120,-0.0090,0.4900,-2.6950,0.8050
2946137,sitting,-1.0111,-0.0127,-0.0098,0.4900,-2.7300,0.7700
2946156,sitting,-1.0106,-0.0127,-0.0100,0.4900,-2.6950,0.7700
2946175,sitting,-1.0114,-0.0117,-0.0107,0.4900,-2.7300,0.8400
2946194,sitting,-1.0102,-0.0127,-0.0095,0.5250,-2.7300,0.8050
2946214,sitting,-1.0109,-0.0117,-0.0098,0.4900,-2.6950,0.8050
2946233,sitting,-1.0102,-0.0124,-0.0098,0.4900,-2.7300,0.7700
2946252,sitting,-1.0104,-0.0120,-0.0098,0.4900,-2.7300,0.8050
2946271,sitting,-1.0111,-0.0117,-0.0098,0.4900,-2.7300,0.8050
2946291,sitting,-1.0102,-0.0120,-0.0102,0.4900,-2.6950,0.8050
2946310,sitting,-1.0102,-0.0124,-0.0102,0.4900,-2.6950,0.7700
2946329,sitting,-1.0092,-0.0127,-0.0095,0.4900,-2.7300,0.7700
2946348,sitting,-1.0099,-0.0112,-0.0100,0.4900,-2.7300,0.7700
2946367,sitting,-1.0102,-0.0117,-0.0098,0.4900,-2.6950,0.8400
2946387,sitting,-1.0104,-0.0117,-0.0107,0.4900,-2.6950,0.8050
2946406,sitting,-1.0099,-0.0115,-0.0107,0.5250,-2.6600,0.7700
2946425,sitting,-1.0102,-0.0124,-0.0112,0.5250,-2.7300,0.8050
2946444,sitting,-1.0104,-0.0120,-0.0095,0.4900,-2.7300,0.7700
2946464,sitting,-1.0106,-0.0115,-0.0088,0.4900,-2.7300,0.7700
2946483,sitting,-1.0102,-0.0117,-0.0102,0.4900,-2.7300,0.7700
2946502,sitting,-1.0104,-0.0120,-0.0100,0.4900,-2.7300,0.7700
2946521,sitting,-1.0106,-0.0127,-0.0098,0.4900,-2.7300,0.7700
2946541,sitting,-1.0097,-0.0115,-0.0107,0.4900,-2.7300,0.8050
2946560,sitting,-1.0106,-0.0117,-0.0110,0.4900,-2.6950,0.7700
2946579,sitting,-1.0099,-0.0124,-0.0095,0.4900,-2.7300,0.7700
2946598,sitting,-1.0092,-0.0124,-0.0093,0.4550,-2.7300,0.7700
2946617,sitting,-1.0111,-0.0120,-0.0100,0.4550,-2.7300,0.7700
2946637,sitting,-1.0099,-0.0120,-0.0102,0.5600,-2.7300,0.7700
2946656,sitting,-1.0106,-0.0117,-0.0107,0.4550,-2.6950,0.7700
2946675,sitting,-1.0104,-0.0120,-0.0107,0.4550,-2.6950,0.7700
2946694,sitting,-1.0106,-0.0120,-0.0105,0.4900,-2.7300,0.8050
2946714,sitting,-1.0094,-0.0120,-0.0095,0.4550,-2.7300,0.7700
2946733,sitting,-1.0097,-0.0122,-0.0095,0.4550,-2.6950,0.7700
2946752,sitting,-1.0119,-0.0115,-0.0095,0.4550,-2.6950,0.8400
2946771,sitting,-1.0102,-0.0120,-0.0093,0.5250,-2.7300,0.7700
2946791,sitting,-1.0102,-0.0117,-0.0095,0.4900,-2.7300,0.8400
2946810,sitting,-1.0102,-0.0122,-0.0102,0.4900,-2.7300,0.8050
2946829,sitting,-1.0109,-0.0117,-0.0102,0.5250,-2.7300,0.8400
2946848,sitting,-1.0109,-0.0117,-0.0107,0.4900,-2.7300,0.8050
2946867,sitting,-1.0099,-0.0122,-0.0093,0.4550,-2.7300,0.8400
2946887,sitting,-1.0094,-0.0105,-0.0085,0.4900,-2.7300,0.8400
2946906,sitting,-1.0097,-0.0124,-0.0098,0.4900,-2.6950,0.7700
2946925,sitting,-1.0106,-0.0120,-0.0093,0.4900,-2.7300,0.7700
2946944,sitting,-1.0104,-0.0120,-0.0102,0.4550,-2.7300,0.8400
2946964,sitting,-1.0106,-0.0120,-0.0100,0.4900,-2.7300,0.8050
2946983,sitting,-1.0097,-0.0112,-0.0102,0.4900,-2.6950,0.8400
2947002,sitting,-1.0092,-0.0117,-0.0095,0.4900,-2.6950,0.8050
2947021,sitting,-1.0109,-0.0112,-0.0102,0.5250,-2.7300,0.8050
2947041,sitting,-1.0106,-0.0117,-0.0100,0.4900,-2.7300,0.7700
2947060,sitting,-1.0111,-0.0117,-0.0093,0.5250,-2.7300,0.8050
2947079,sitting,-1.0111,-0.0110,-0.0093,0.4900,-2.6950,0.7700
2947098,sitting,-1.0109,-0.0124,-0.0093,0.4900,-2.7300,0.7700
2947117,sitting,-1.0104,-0.0120,-0.0100,0.4900,-2.7300,0.7700
2947137,sitting,-1.0102,-0.0122,-0.0105,0.4900,-2.7300,0.8400
2947156,sitting,-1.0099,-0.0122,-0.0100,0.4550,-2.7300,0.8050
2947175,sitting,-1.0111,-0.0124,-0.0095,0.4900,-2.6950,0.8050
2947194,sitting,-1.0104,-0.0122,-0.0098,0.4900,-2.7300,0.7700
2947214,sitting,-1.0099,-0.0120,-0.0093,0.4900,-2.7300,0.7700
2947233,sitting,-1.0094,-0.0124,-0.0095,0.4900,-2.7300,0.8400
2947252,sitting,-1.0104,-0.0117,-0.0102,0.4550,-2.6950,0.7700
2947271,sitting,-1.0106,-0.0120,-0.0100,0.4900,-2.7300,0.8050
2947291,sitting,-1.0102,-0.0124,-0.0088,0.4900,-2.6950,0.7700
2947310,sitting,-1.0099,-0.0115,-0.0088,0.5600,-2.7300,0.7700
2947329,sitting,-1.0102,-0.0122,-0.0093,0.4900,-2.6950,0.7700
2947348,sitting,-1.0104,-0.0120,-0.0102,0.4900,-2.7300,0.7700
2947367,sitting,-1.0099,-0.0117,-0.0098,0.4900,-2.7300,0.7700
2947387,sitting,-1.0109,-0.0117,-0.0095,0.4900,-2.6950,0.7700
2947406,sitting,-1.0106,-0.0124,-0.0095,0.4550,-2.6950,0.8050
2947425,sitting,-1.0111,-0.0117,-0.0093,0.4900,-2.7300,0.7700
2947444,sitting,-1.0104,-0.0120,-0.0102,0.5250,-2.7300,0.7700
2947464,sitting,-1.0102,-0.0117,-0.0105,0.4900,-2.7300,0.7700
2947483,sitting,-1.0111,-0.0124,-0.0093,0.4900,-2.6950,0.7700
2947502,sitting,-1.0102,-0.0122,-0.0088,0.4900,-2.7300,0.7700
2947521,sitting,-1.0094,-0.0124,-0.0100,0.4900,-2.6600,0.8400
2947541,sitting,-1.0109,-0.0117,-0.0098,0.4900,-2.7300,0.8050
2947560,sitting,-1.0111,-0.0127,-0.0098,0.4550,-2.7300,0.7700
2947579,sitting,-1.0106,-0.0129,-0.0093,0.4550,-2.6950,0.8050
2947598,sitting,-1.0104,-0.0120,-0.0098,0.4900,-2.7300,0.7700
2947617,sitting,-1.0097,-0.0110,-0.0100,0.4900,-2.7300,0.7700
2947637,sitting,-1.0109,-0.0120,-0.0100,0.4900,-2.7300,0.7700
2947656,sitting,-1.0104,-0.0115,-0.0105,0.4900,-2.7300,0.7700
2947675,sitting,-1.0104,-0.0120,-0.0102,0.4900,-2.7300,0.8400
2947694,sitting,-1.0104,-0.0120,-0.0100,0.4900,-2.7300,0.8050
2947714,sitting,-1.0102,-0.0117,-0.0100,0.4900,-2.7300,0.8050
2947733,sitting,-1.0099,-0.0115,-0.0105,0.4900,-2.6950,0.8050
2947752,sitting,-1.0111,-0.0122,-0.0107,0.4550,-2.7300,0.8400
2947771,sitting,-1.0104,-0.0117,-0.0100,0.4900,-2.7300,0.7700
2947791,sitting,-1.0104,-0.0122,-0.0102,0.4900,-2.7300,0.8050
2947810,sitting,-1.0102,-0.0120,-0.0100,0.4900,-2.7650,0.7700
2947829,sitting,-1.0104,-0.0124,-0.0105,0.4900,-2.7300,0.8400
2947848,sitting,-1.0099,-0.0122,-0.0105,0.4900,-2.7300,0.8400
2947867,sitting,-1.0089,-0.0117,-0.0098,0.4900,-2.7300,0.7700
2947887,sitting,-1.0104,-0.0120,-0.0098,0.4900,-2.7300,0.7700
2947906,sitting,-1.0106,-0.0120,-0.0095,0.4900,-2.7300,0.8400
2947925,sitting,-1.0097,-0.0120,-0.0098,0.4900,-2.6950,0.7700
2947944,sitting,-1.0099,-0.0115,-0.0095,0.4900,-2.6950,0.7700
2947964,sitting,-1.0097,-0.0127,-0.0095,0.4900,-2.6950,0.8400
2947983,sitting,-1.0102,-0.0117,-0.0095,0.4900,-2.7300,0.7700
2948002,sitting,-1.0102,-0.0117,-0.0102,0.4900,-2.7300,0.7700
2948021,sitting,-1.0102,-0.0112,-0.0095,0.4900,-2.7300,0.8050
2948041,sitting,-1.0099,-0.0112,-0.0105,0.4900,-2.7300,0.8400
2948060,sitting,-1.0106,-0.0115,-0.0100,0.4900,-2.6950,0.7700
2948079,sitting,-1.0102,-0.0122,-0.0102,0.4900,-2.6600,0.8050
2948098,sitting,-1.0109,-0.0115,-0.0090,0.4900,-2.7300,0.7700
2948117,sitting,-1.0099,-0.0120,-0.0093,0.4900,-2.7300,0.7700
2948137,sitting,-1.0102,-0.0124,-0.0093,0.4900,-2.7650,0.8050
2948156,sitting,-1.0099,-0.0117,-0.0100,0.4900,-2.7300,0.7700
2948175,sitting,-1.0106,-0.0122,-0.0100,0.4900,-2.7300,0.8050
2948194,sitting,-1.0102,-0.0120,-0.0098,0.5250,-2.7300,0.7700
2948214,sitting,-1.0097,-0.0117,-0.0102,0.4900,-2.7300,0.7700
2948233,sitting,-1.0094,-0.0129,-0.0102,0.4900,-2.7300,0.7700
2948252,sitting,-1.0111,-0.0120,-0.0100,0.4900,-2.7300,0.8050
2948271,sitting,-1.0102,-0.0117,-0.0098,0.4900,-2.7300,0.7700
2948291,sitting,-1.0099,-0.0129,-0.0100,0.4900,-2.7300,0.8050
2948310,sitting,-1.0111,-0.0120,-0.0098,0.4900,-2.7300,0.8050
2948329,sitting,-1.0102,-0.0127,-0.0093,0.4900,-2.7300,0.8050
2948348,sitting,-1.0104,-0.0129,-0.0105,0.4900,-2.7300,0.7700
2948367,sitting,-1.0099,-0.0120,-0.0100,0.4550,-2.7300,0.8050
2948387,sitting,-1.0097,-0.0117,-0.0095,0.4900,-2.7300,0.8050
2948406,sitting,-1.0104,-0.0117,-0.0105,0.4550,-2.7300,0.8050
2948425,sitting,-1.0094,-0.0115,-0.0100,0.4900,-2.7300,0.8050
2948444,sitting,-1.0092,-0.0120,-0.0102,0.4550,-2.7300,0.8050
2948464,sitting,-1.0097,-0.0117,-0.0102,0.4550,-2.7300,0.7700
2948483,sitting,-1.0102,-0.0122,-0.0102,0.4550,-2.6950,0.8050
2948502,sitting,-1.0106,-0.0120,-0.0105,0.4550,-2.7300,0.8400
2948521,sitting,-1.0106,-0.0115,-0.0105,0.4900,-2.7300,0.7700
2948541,sitting,-1.0102,-0.0129,-0.0102,0.4900,-2.6950,0.7700
2948560,sitting,-1.0099,-0.0127,-0.0098,0.4900,-2.7300,0.7700
2948579,sitting,-1.0102,-0.0120,-0.0102,0.4550,-2.7300,0.8400
2948598,sitting,-1.0099,-0.0122,-0.0102,0.4900,-2.7300,0.8400
2948617,sitting,-1.0099,-0.0117,-0.0098,0.4900,-2.7300,0.8050
2948637,sitting,-1.0099,-0.0115,-0.0105,0.4900,-2.6950,0.7700
2948656,sitting,-1.0106,-0.0120,-0.0105,0.4900,-2.7300,0.8050
2948675,sitting,-1.0109,-0.0117,-0.0100,0.4900,-2.7300,0.7700
2948694,sitting,-1.0094,-0.0115,-0.0095,0.4900,-2.7300,0.8050
2948714,sitting,-1.0099,-0.0124,-0.0105,0.4550,-2.7300,0.8050
2948733,sitting,-1.0099,-0.0122,-0.0105,0.4900,-2.6950,0.8050
2948752,sitting,-1.0104,-0.0110,-0.0105,0.4900,-2.6950,0.8400
2948771,sitting,-1.0094,-0.0124,-0.0100,0.4900,-2.7300,0.8400
2948791,sitting,-1.0104,-0.0122,-0.0093,0.4550,-2.7300,0.8050
2948810,sitting,-1.0104,-0.0112,-0.0102,0.4900,-2.6950,0.7700
2948829,sitting,-1.0102,-0.0115,-0.0090,0.4900,-2.7300,0.7700
2948848,sitting,-1.0099,-0.0127,-0.0088,0.4900,-2.7300,0.8050
2948867,sitting,-1.0109,-0.0124,-0.0102,0.4550,-2.6950,0.7700
2948887,sitting,-1.0111,-0.0115,-0.0090,0.4900,-2.7300,0.8050
2948906,sitting,-1.0102,-0.0107,-0.0090,0.4900,-2.7300,0.8050
2948925,sitting,-1.0104,-0.0127,-0.0100,0.4900,-2.7300,0.7700
2948944,sitting,-1.0099,-0.0117,-0.0102,0.5600,-2.7300,0.7700
2948964,sitting,-1.0094,-0.0117,-0.0098,0.4900,-2.6950,0.7350
2948983,sitting,-1.0102,-0.0122,-0.0100,0.4900,-2.6950,0.7700
2949002,sitting,-1.0099,-0.0127,-0.0093,0.5250,-2.7650,0.7700
2949021,sitting,-1.0102,-0.0127,-0.0093,0.5600,-2.7300,0.7700
2949041,sitting,-1.0097,-0.0117,-0.0093,0.4900,-2.7300,0.7700
2949060,sitting,-1.0099,-0.0115,-0.0095,0.4900,-2.7650,0.7700
2949079,sitting,-1.0109,-0.0110,-0.0095,0.5250,-2.7300,0.8400
2949098,sitting,-1.0102,-0.0122,-0.0102,0.4550,-2.7300,0.7700
2949117,sitting,-1.0109,-0.0117,-0.0105,0.4550,-2.7300,0.8050
2949137,sitting,-1.0102,-0.0120,-0.0095,0.5250,-2.6950,0.8050
2949156,sitting,-1.0116,-0.0122,-0.0093,0.4900,-2.6950,0.7700
2949175,sitting,-1.0102,-0.0122,-0.0095,0.4200,-2.7300,0.8050
2949194,sitting,-1.0104,-0.0127,-0.0098,0.4900,-2.6950,0.8400
2949214,sitting,-1.0106,-0.0124,-0.0102,0.4900,-2.7300,0.7700
2949233,sitting,-1.0102,-0.0124,-0.0098,0.4900,-2.6950,0.8050
2949252,sitting,-1.0102,-0.0127,-0.0100,0.4900,-2.6950,0.7700
2949271,sitting,-1.0094,-0.0117,-0.0105,0.4900,-2.6950,0.7700
2949291,sitting,-1.0102,-0.0117,-0.0100,0.4900,-2.7300,0.8050
2949310,sitting,-1.0106,-0.0120,-0.0102,0.4900,-2.7300,0.8050
2949329,sitting,-1.0099,-0.0120,-0.0102,0.4900,-2.7300,0.7700
2949348,sitting,-1.0092,-0.0112,-0.0095,0.4900,-2.7300,0.8050
2949367,sitting,-1.0104,-0.0120,-0.0107,0.4550,-2.7300,0.8050
2949387,sitting,-1.0102,-0.0129,-0.0105,0.4900,-2.7300,0.7700
2949406,sitting,-1.0097,-0.0127,-0.0100,0.5250,-2.7300,0.7700
2949425,sitting,-1.0097,-0.0127,-0.0093,0.4900,-2.6950,0.8400
2949444,sitting,-1.0102,-0.0112,-0.0107,0.4900,-2.6600,0.8050
2949464,sitting,-1.0102,-0.0117,-0.0100,0.4550,-2.7300,0.8050
2949483,sitting,-1.0099,-0.0124,-0.0090,0.4200,-2.7300,0.8400
2949502,sitting,-1.0097,-0.0107,-0.0100,0.4900,-2.6950,0.8400
2949521,sitting,-1.0099,-0.0117,-0.0100,0.4900,-2.7300,0.7700
2949541,sitting,-1.0097,-0.0117,-0.0105,0.4900,-2.7300,0.8400
2949560,sitting,-1.0104,-0.0124,-0.0098,0.4900,-2.7300,0.8050
2949579,sitting,-1.0104,-0.0124,-0.0098,0.4900,-2.7300,0.8050
2949598,sitting,-1.0099,-0.0124,-0.0102,0.4900,-2.7300,0.8050
2949617,sitting,-1.0106,-0.0112,-0.0095,0.4900,-2.7300,0.7700
2949637,sitting,-1.0106,-0.0117,-0.0102,0.4900,-2.7300,0.7700
2949656,sitting,-1.0102,-0.0122,-0.0093,0.4900,-2.6950,0.7700
2949675,sitting,-1.0099,-0.0117,-0.0102,0.5250,-2.6950,0.8050
2949694,sitting,-1.0104,-0.0120,-0.0093,0.5250,-2.7300,0.7700
2949714,sitting,-1.0102,-0.0117,-0.0098,0.4900,-2.7300,0.8050
2949733,sitting,-1.0099,-0.0115,-0.0093,0.5250,-2.7300,0.7700
2949752,sitting,-1.0097,-0.0120,-0.0102,0.4900,-2.7300,0.7700
2949771,sitting,-1.0106,-0.0117,-0.0095,0.5250,-2.7300,0.8050
2949791,sitting,-1.0094,-0.0115,-0.0105,0.4900,-2.7300,0.7700
2949810,sitting,-1.0094,-0.0122,-0.0093,0.4550,-2.7300,0.7700
2949829,sitting,-1.0106,-0.0120,-0.0093,0.4900,-2.7300,0.7700
2949848,sitting,-1.0102,-0.0120,-0.0098,0.4900,-2.7300,0.7700
2949867,sitting,-1.0102,-0.0112,-0.0098,0.5250,-2.6600,0.7700
2949887,sitting,-1.0106,-0.0117,-0.0098,0.4900,-2.6950,0.7700
2949906,sitting,-1.0114,-0.0127,-0.0093,0.5250,-2.7300,0.7700
2949925,sitting,-1.0094,-0.0137,-0.0098,0.4900,-2.7300,0.8400
2949944,sitting,-1.0102,-0.0120,-0.0105,0.4900,-2.7300,0.7700
2949964,sitting,-1.0106,-0.0122,-0.0088,0.4900,-2.7300,0.7700
2949983,sitting,-1.0106,-0.0122,-0.0098,0.4900,-2.7300,0.7700
2950002,sitting,-1.0111,-0.0120,-0.0102,0.5600,-2.6600,0.8400
2950021,sitting,-1.0097,-0.0120,-0.0102,0.4550,-2.7300,0.8050
2950041,sitting,-1.0102,-0.0122,-0.0100,0.4550,-2.7650,0.7700
2950060,sitting,-1.0111,-0.0115,-0.0100,0.4900,-2.7300,0.7700
2950079,sitting,-1.0097,-0.0117,-0.0100,0.4900,-2.7300,0.8050
2950098,sitting,-1.0099,-0.0127,-0.0100,0.4900,-2.6600,0.7700
2950117,sitting,-1.0106,-0.0120,-0.0102,0.4900,-2.7300,0.7700
2950137,sitting,-1.0102,-0.0117,-0.0110,0.4900,-2.6950,0.8400
2950156,sitting,-1.0104,-0.0120,-0.0098,0.4900,-2.7300,0.7700
2950175,sitting,-1.0114,-0.0117,-0.0105,0.4900,-2.7300,0.8400
2950194,sitting,-1.0104,-0.0122,-0.0102,0.4200,-2.7300,0.8050
2950214,sitting,-1.0109,-0.0120,-0.0095,0.4200,-2.7300,0.8050
2950233,sitting,-1.0102,-0.0115,-0.0095,0.4200,-2.7300,0.7700
2950252,sitting,-1.0099,-0.0124,-0.0090,0.4900,-2.7300,0.8400
2950271,sitting,-1.0102,-0.0127,-0.0093,0.4550,-2.6950,0.8050
2950291,sitting,-1.0097,-0.0122,-0.0093,0.4900,-2.7300,0.8400
2950310,sitting,-1.0102,-0.0112,-0.0100,0.4900,-2.7300,0.8050
2950329,sitting,-1.0104,-0.0127,-0.0095,0.4900,-2.7300,0.8050
2950348,sitting,-1.0109,-0.0124,-0.0100,0.4900,-2.6950,0.7700
2950367,sitting,-1.0102,-0.0122,-0.0098,0.4900,-2.6950,0.7700
2950387,sitting,-1.0092,-0.0120,-0.0098,0.4900,-2.7300,0.8400
2950406,sitting,-1.0102,-0.0122,-0.0098,0.4900,-2.7300,0.8050
2950425,sitting,-1.0102,-0.0117,-0.0088,0.4900,-2.7300,0.7700
2950444,sitting,-1.0097,-0.0115,-0.0095,0.4900,-2.6950,0.8050
2950464,sitting,-1.0106,-0.0124,-0.0090,0.4900,-2.7300,0.8400
2950483,sitting,-1.0099,-0.0127,-0.0105,0.4900,-2.7300,0.7700
2950502,sitting,-1.0092,-0.0120,-0.0098,0.4900,-2.7300,0.8050
2950521,sitting,-1.0106,-0.0120,-0.0110,0.4900,-2.7300,0.8050
2950541,sitting,-1.0104,-0.0110,-0.0102,0.4900,-2.7300,0.7700
2950560,sitting,-1.0104,-0.0122,-0.0112,0.4900,-2.7300,0.7700
2950579,sitting,-1.0094,-0.0117,-0.0110,0.5250,-2.7300,0.7700
2950598,sitting,-1.0092,-0.0124,-0.0100,0.4900,-2.6950,0.7700
2950617,sitting,-1.0104,-0.0124,-0.0095,0.4900,-2.7300,0.7700
2950637,sitting,-1.0109,-0.0115,-0.0100,0.4900,-2.7300,0.7700
2950656,sitting,-1.0099,-0.0115,-0.0093,0.4900,-2.6950,0.7700
2950675,sitting,-1.0106,-0.0127,-0.0100,0.4900,-2.7300,0.7700
2950694,sitting,-1.0104,-0.0120,-0.0100,0.5250,-2.7300,0.8050
2950714,sitting,-1.0106,-0.0117,-0.0100,0.4900,-2.7300,0.8050
2950733,sitting,-1.0106,-0.0117,-0.0090,0.5250,-2.7300,0.8050
2950752,sitting,-1.0109,-0.0120,-0.0102,0.4900,-2.7300,0.7700
2950771,sitting,-1.0104,-0.0120,-0.0095,0.4900,-2.7300,0.8050
2950791,sitting,-1.0111,-0.0120,-0.0100,0.4900,-2.7300,0.7700
2950810,sitting,-1.0104,-0.0115,-0.0098,0.4900,-2.7300,0.7700
2950829,sitting,-1.0102,-0.0115,-0.0095,0.4900,-2.7300,0.8050
2950848,sitting,-1.0106,-0.0112,-0.0102,0.4900,-2.7300,0.8050
2950867,sitting,-1.0097,-0.0117,-0.0112,0.4550,-2.7300,0.8400
2950887,sitting,-1.0102,-0.0120,-0.0100,0.4900,-2.6950,0.8050
2950906,sitting,-1.0109,-0.0117,-0.0100,0.4200,-2.7300,0.8050
2950925,sitting,-1.0104,-0.0122,-0.0100,0.4900,-2.7300,0.7700
2950944,sitting,-1.0094,-0.0115,-0.0098,0.4550,-2.7300,0.8050
2950964,sitting,-1.0092,-0.0115,-0.0107,0.4900,-2.7300,0.7700
2950983,sitting,-1.0094,-0.0127,-0.0098,0.4900,-2.7300,0.8400
2951002,sitting,-1.0097,-0.0122,-0.0100,0.4550,-2.7300,0.7700
2951021,sitting,-1.0104,-0.0110,-0.0093,0.4900,-2.7300,0.8050
2951041,sitting,-1.0104,-0.0122,-0.0095,0.5250,-2.7300,0.8400
2951060,sitting,-1.0114,-0.0124,-0.0100,0.4900,-2.6950,0.8050
2951079,sitting,-1.0104,-0.0117,-0.0098,0.4550,-2.7300,0.7700
2951098,sitting,-1.0099,-0.0117,-0.0100,0.4900,-2.7300,0.7700
2951117,sitting,-1.0097,-0.0127,-0.0105,0.4900,-2.6950,0.7700
2951137,sitting,-1.0102,-0.0122,-0.0107,0.4900,-2.7300,0.7700
2951156,sitting,-1.0099,-0.0117,-0.0093,0.4900,-2.6950,0.7700
2951175,sitting,-1.0097,-0.0117,-0.0095,0.4900,-2.6600,0.8050
2951194,sitting,-1.0094,-0.0112,-0.0102,0.4900,-2.7300,0.8400
2951214,sitting,-1.0104,-0.0127,-0.0098,0.4900,-2.6950,0.7700
2951233,sitting,-1.0104,-0.0127,-0.0105,0.5250,-2.7300,0.8050
2951252,sitting,-1.0085,-0.0117,-0.0093,0.5250,-2.7300,0.8050
2951271,sitting,-1.0092,-0.0122,-0.0090,0.4900,-2.6600,0.8050
2951291,sitting,-1.0097,-0.0115,-0.0093,0.4900,-2.6950,0.8050
2951310,sitting,-1.0094,-0.0122,-0.0107,0.4900,-2.7300,0.7700
2951329,sitting,-1.0099,-0.0122,-0.0098,0.4900,-2.7300,0.7700
2951348,sitting,-1.0099,-0.0122,-0.0100,0.4900,-2.6950,0.7700
2951367,sitting,-1.0094,-0.0120,-0.0100,0.4900,-2.7300,0.8050
2951387,sitting,-1.0106,-0.0117,-0.0100,0.5250,-2.7300,0.7700
2951406,sitting,-1.0109,-0.0110,-0.0100,0.4550,-2.7300,0.7700
2951425,sitting,-1.0106,-0.0122,-0.0110,0.4900,-2.7300,0.8050
2951444,sitting,-1.0094,-0.0124,-0.0095,0.4900,-2.7650,0.7700
2951464,sitting,-1.0109,-0.0122,-0.0102,0.4900,-2.6950,0.8050
2951483,sitting,-1.0106,-0.0115,-0.0100,0.4900,-2.7300,0.8400
2951502,sitting,-1.0102,-0.0122,-0.0102,0.4900,-2.7300,0.8050
2951521,sitting,-1.0106,-0.0124,-0.0100,0.4550,-2.7300,0.7700
2951541,sitting,-1.0106,-0.0117,-0.0102,0.4900,-2.7300,0.7700
2951560,sitting,-1.0104,-0.0117,-0.0095,0.4900,-2.6950,0.8050
2951579,sitting,-1.0094,-0.0117,-0.0100,0.4900,-2.7300,0.7350
2951598,sitting,-1.0104,-0.0124,-0.0095,0.4900,-2.7300,0.8050
2951617,sitting,-1.0099,-0.0120,-0.0093,0.4900,-2.7300,0.7700
2951637,sitting,-1.0111,-0.0124,-0.0100,0.4900,-2.7300,0.7700
2951656,sitting,-1.0102,-0.0115,-0.0088,0.4900,-2.7300,0.7700
2951675,sitting,-1.0102,-0.0115,-0.0088,0.4900,-2.6950,0.7700
2951694,sitting,-1.0099,-0.0124,-0.0088,0.4550,-2.7300,0.7700
2951714,sitting,-1.0099,-0.0120,-0.0081,0.4900,-2.7300,0.8050
2951733,sitting,-1.0109,-0.0122,-0.0100,0.4900,-2.7300,0.7700
2951752,sitting,-1.0109,-0.0110,-0.0088,0.4900,-2.7300,0.7700
2951771,sitting,-1.0104,-0.0117,-0.0102,0.4900,-2.7300,0.7700
2951791,sitting,-1.0097,-0.0117,-0.0093,0.4900,-2.7300,0.7700
2951810,sitting,-1.0102,-0.0124,-0.0098,0.4900,-2.7300,0.8400
2951829,sitting,-1.0099,-0.0122,-0.0095,0.4550,-2.7300,0.7700
2951848,sitting,-1.0104,-0.0122,-0.0105,0.4900,-2.7300,0.8400
2951867,sitting,-1.0089,-0.0124,-0.0100,0.4900,-2.6600,0.8050
2951887,sitting,-1.0104,-0.0117,-0.0093,0.4550,-2.6950,0.8400
2951906,sitting,-1.0102,-0.0110,-0.0095,0.4550,-2.7300,0.8400
2951925,sitting,-1.0104,-0.0122,-0.0100,0.4900,-2.7300,0.7700
2951944,sitting,-1.0097,-0.0115,-0.0093,0.4550,-2.6950,0.7700
2951964,sitting,-1.0099,-0.0122,-0.0102,0.4900,-2.7300,0.8050
2951983,sitting,-1.0099,-0.0117,-0.0095,0.4900,-2.7300,0.8050
2952002,sitting,-1.0104,-0.0110,-0.0095,0.4900,-2.7300,0.7700
2952021,sitting,-1.0106,-0.0129,-0.0100,0.4900,-2.7300,0.8050
2952041,sitting,-1.0099,-0.0117,-0.0100,0.4900,-2.6600,0.8400
2952060,sitting,-1.0104,-0.0117,-0.0102,0.4900,-2.7300,0.8050
2952079,sitting,-1.0099,-0.0117,-0.0102,0.4900,-2.7300,0.8050
2952098,sitting,-1.0109,-0.0117,-0.0098,0.4900,-2.7300,0.8050
2952117,sitting,-1.0097,-0.0117,-0.0095,0.4900,-2.7300,0.8050
2952137,sitting,-1.0104,-0.0117,-0.0090,0.4550,-2.7300,0.8050
2952156,sitting,-1.0109,-0.0124,-0.0100,0.4900,-2.7300,0.8400
2952175,sitting,-1.0102,-0.0120,-0.0098,0.4900,-2.7300,0.8400
2952194,sitting,-1.0099,-0.0124,-0.0100,0.5250,-2.6950,0.7700
2952214,sitting,-1.0104,-0.0110,-0.0093,0.5250,-2.6950,0.7700
2952233,sitting,-1.0092,-0.0117,-0.0088,0.4900,-2.6950,0.7700
2952252,sitting,-1.0099,-0.0127,-0.0100,0.4900,-2.7300,0.8400
2952271,sitting,-1.0097,-0.0127,-0.0093,0.4900,-2.7300,0.7700
2952291,sitting,-1.0099,-0.0120,-0.0093,0.5600,-2.7300,0.8050
2952310,sitting,-1.0109,-0.0122,-0.0093,0.5250,-2.7300,0.8050
2952329,sitting,-1.0094,-0.0124,-0.0083,0.4900,-2.6950,0.7700
2952348,sitting,-1.0099,-0.0117,-0.0093,0.4900,-2.6950,0.7700
2952367,sitting,-1.0106,-0.0124,-0.0098,0.4900,-2.6600,0.8050
2952387,sitting,-1.0104,-0.0137,-0.0093,0.5250,-2.6950,0.7700
2952406,sitting,-1.0111,-0.0124,-0.0100,0.4900,-2.7300,0.7700
2952425,sitting,-1.0099,-0.0122,-0.0098,0.4900,-2.7300,0.7700
2952444,sitting,-1.0106,-0.0120,-0.0095,0.4900,-2.7300,0.8050
2952464,sitting,-1.0102,-0.0120,-0.0102,0.4900,-2.6950,0.7700
2952483,sitting,-1.0102,-0.0120,-0.0093,0.5250,-2.7300,0.7700
2952502,sitting,-1.0102,-0.0122,-0.0105,0.4900,-2.6950,0.7700
2952521,sitting,-1.0102,-0.0124,-0.0090,0.4900,-2.6950,0.7700
2952541,sitting,-1.0111,-0.0122,-0.0100,0.4900,-2.7300,0.7700
2952560,sitting,-1.0097,-0.0117,-0.0102,0.4900,-2.7300,0.7700
2952579,sitting,-1.0106,-0.0117,-0.0090,0.4550,-2.7300,0.7700
2952598,sitting,-1.0102,-0.0122,-0.0098,0.4900,-2.7300,0.7700
2952617,sitting,-1.0109,-0.0117,-0.0095,0.4900,-2.7300,0.8400
2952637,sitting,-1.0099,-0.0117,-0.0093,0.5250,-2.7300,0.8400
2952656,sitting,-1.0092,-0.0115,-0.0112,0.4550,-2.7300,0.8050
2952675,sitting,-1.0094,-0.0124,-0.0095,0.4900,-2.7300,0.7700
2952694,sitting,-1.0106,-0.0120,-0.0095,0.4900,-2.7300,0.7700
2952714,sitting,-1.0102,-0.0112,-0.0102,0.4900,-2.7300,0.8050
2952733,sitting,-1.0104,-0.0117,-0.0093,0.4900,-2.7300,0.8400
2952752,sitting,-1.0089,-0.0115,-0.0093,0.4900,-2.7300,0.8050
2952771,sitting,-1.0097,-0.0110,-0.0102,0.4900,-2.7300,0.8050
2952791,sitting,-1.0102,-0.0122,-0.0100,0.4900,-2.6600,0.8400
2952810,sitting,-1.0109,-0.0117,-0.0098,0.4900,-2.6950,0.8400
2952829,sitting,-1.0099,-0.0117,-0.0090,0.4900,-2.7300,0.8400
2952848,sitting,-1.0099,-0.0115,-0.0098,0.4900,-2.7300,0.8400
2952867,sitting,-1.0109,-0.0127,-0.0107,0.4900,-2.6950,0.7700
2952887,sitting,-1.0111,-0.0134,-0.0105,0.4900,-2.7300,0.8050
2952906,sitting,-1.0106,-0.0117,-0.0100,0.4900,-2.6950,0.8400
2952925,sitting,-1.0114,-0.0115,-0.0100,0.4900,-2.6950,0.7700
2952944,sitting,-1.0106,-0.0120,-0.0098,0.4900,-2.6950,0.7700
2952964,sitting,-1.0097,-0.0112,-0.0093,0.4900,-2.6950,0.7700
2952983,sitting,-1.0104,-0.0124,-0.0093,0.5600,-2.7300,0.8050
2953002,sitting,-1.0106,-0.0120,-0.0100,0.5600,-2.7300,0.8050
2953021,sitting,-1.0106,-0.0120,-0.0095,0.4900,-2.7300,0.8050
2953041,sitting,-1.0116,-0.0112,-0.0093,0.4900,-2.7300,0.8050
2953060,sitting,-1.0099,-0.0112,-0.0100,0.4900,-2.6600,0.8050
2953079,sitting,-1.0097,-0.0122,-0.0100,0.4900,-2.7300,0.7700
2953098,sitting,-1.0106,-0.0124,-0.0093,0.4900,-2.7300,0.7700
2953117,sitting,-1.0109,-0.0122,-0.0098,0.4900,-2.7300,0.8050
2953137,sitting,-1.0099,-0.0120,-0.0085,0.4900,-2.7300,0.7700
2953156,sitting,-1.0104,-0.0120,-0.0095,0.4900,-2.6950,0.7700
2953175,sitting,-1.0109,-0.0122,-0.0107,0.4900,-2.6600,0.7700
2953194,sitting,-1.0102,-0.0124,-0.0095,0.4900,-2.6950,0.7700
2953214,sitting,-1.0097,-0.0127,-0.0098,0.4900,-2.7300,0.8050
2953233,sitting,-1.0097,-0.0124,-0.0105,0.4900,-2.7300,0.8400
2953252,sitting,-1.0097,-0.0124,-0.0102,0.4900,-2.7300,0.8050
2953271,sitting,-1.0106,-0.0110,-0.0095,0.5250,-2.7300,0.8050
2953291,sitting,-1.0111,-0.0115,-0.0100,0.4900,-2.7300,0.8050
2953310,sitting,-1.0099,-0.0117,-0.0098,0.4900,-2.7300,0.8050
2953329,sitting,-1.0106,-0.0117,-0.0098,0.5250,-2.7300,0.7700
2953348,sitting,-1.0099,-0.0117,-0.0107,0.4900,-2.6950,0.7700
2953367,sitting,-1.0097,-0.0115,-0.0102,0.4550,-2.7300,0.8050
2953387,sitting,-1.0102,-0.0124,-0.0107,0.4550,-2.7300,0.7700
2953406,sitting,-1.0097,-0.0115,-0.0105,0.4900,-2.6600,0.8400
2953425,sitting,-1.0109,-0.0112,-0.0105,0.4550,-2.7300,0.8400
2953444,sitting,-1.0109,-0.0117,-0.0102,0.4900,-2.7300,0.7700
2953464,sitting,-1.0104,-0.0120,-0.0100,0.4900,-2.7300,0.8400
2953483,sitting,-1.0102,-0.0112,-0.0105,0.4200,-2.6950,0.7700
2953502,sitting,-1.0104,-0.0117,-0.0102,0.4900,-2.7300,0.7700
2953521,sitting,-1.0106,-0.0112,-0.0102,0.4900,-2.7300,0.7700
2953541,sitting,-1.0102,-0.0122,-0.0098,0.4900,-2.7300,0.8400
2953560,sitting,-1.0104,-0.0120,-0.0102,0.4900,-2.7300,0.8050
2953579,sitting,-1.0106,-0.0120,-0.0095,0.5250,-2.6950,0.7700
2953598,sitting,-1.0097,-0.0120,-0.0095,0.4900,-2.7300,0.8050
2953617,sitting,-1.0099,-0.0117,-0.0107,0.4550,-2.7300,0.8400
2953637,sitting,-1.0094,-0.0129,-0.0102,0.4550,-2.7300,0.8400
2953656,sitting,-1.0097,-0.0120,-0.0098,0.4900,-2.6950,0.8400
2953675,sitting,-1.0106,-0.0122,-0.0105,0.4900,-2.7300,0.8050
2953694,sitting,-1.0104,-0.0127,-0.0105,0.4900,-2.7300,0.8050
2953714,sitting,-1.0106,-0.0112,-0.0095,0.5250,-2.7300,0.8050
2953733,sitting,-1.0106,-0.0110,-0.0098,0.4900,-2.7300,0.7700
2953752,sitting,-1.0099,-0.0122,-0.0093,0.4900,-2.7300,0.7700
2953771,sitting,-1.0109,-0.0117,-0.0098,0.4900,-2.7300,0.8050
2953791,sitting,-1.0102,-0.0120,-0.0107,0.4900,-2.6950,0.8050
2953810,sitting,-1.0111,-0.0115,-0.0102,0.4900,-2.7300,0.8050
2953829,sitting,-1.0104,-0.0117,-0.0093,0.5250,-2.6950,0.7700
2953848,sitting,-1.0099,-0.0115,-0.0098,0.4900,-2.6950,0.8050
2953867,sitting,-1.0097,-0.0129,-0.0098,0.4900,-2.6950,0.8050
2953887,sitting,-1.0099,-0.0122,-0.0098,0.5250,-2.6950,0.7700
2953906,sitting,-1.0094,-0.0120,-0.0102,0.4900,-2.6950,0.7700
2953925,sitting,-1.0102,-0.0117,-0.0098,0.4900,-2.7300,0.8050
2953944,sitting,-1.0109,-0.0115,-0.0095,0.4900,-2.7300,0.7700
2953964,sitting,-1.0109,-0.0117,-0.0098,0.4550,-2.7300,0.7700
2953983,sitting,-1.0097,-0.0120,-0.0100,0.4900,-2.6950,0.8400
2954002,sitting,-1.0109,-0.0124,-0.0098,0.4900,-2.7300,0.8050
2954021,sitting,-1.0106,-0.0117,-0.0098,0.4900,-2.6950,0.8050
2954041,sitting,-1.0102,-0.0122,-0.0095,0.4900,-2.7300,0.8400
2954060,sitting,-1.0102,-0.0112,-0.0090,0.4900,-2.7300,0.7700
2954079,sitting,-1.0111,-0.0117,-0.0085,0.4900,-2.7300,0.7700
2954098,sitting,-1.0111,-0.0117,-0.0088,0.4900,-2.6950,0.8400
2954117,sitting,-1.0094,-0.0115,-0.0102,0.4900,-2.7300,0.7700
2954137,sitting,-1.0099,-0.0115,-0.0102,0.4900,-2.7300,0.8050
2954156,sitting,-1.0087,-0.0115,-0.0100,0.4900,-2.7300,0.7700
2954175,sitting,-1.0102,-0.0117,-0.0100,0.4900,-2.7300,0.7700
2954194,sitting,-1.0099,-0.0110,-0.0095,0.4550,-2.7300,0.8050
2954214,sitting,-1.0097,-0.0124,-0.0102,0.4900,-2.6950,0.7700
2954233,sitting,-1.0102,-0.0120,-0.0105,0.4550,-2.7300,0.7700
2954252,sitting,-1.0097,-0.0122,-0.0098,0.4900,-2.7300,0.8050
2954271,sitting,-1.0099,-0.0124,-0.0102,0.4900,-2.7300,0.8400
2954291,sitting,-1.0114,-0.0117,-0.0095,0.4900,-2.7300,0.8400
2954310,sitting,-1.0102,-0.0120,-0.0098,0.4900,-2.7300,0.8400
2954329,sitting,-1.0114,-0.0112,-0.0085,0.4900,-2.7300,0.7700
2954348,sitting,-1.0097,-0.0122,-0.0102,0.4900,-2.7300,0.7700
2954367,sitting,-1.0104,-0.0115,-0.0093,0.4900,-2.7300,0.7700
2954387,sitting,-1.0106,-0.0127,-0.0102,0.4900,-2.6950,0.8050
2954406,sitting,-1.0116,-0.0122,-0.0098,0.4200,-2.6950,0.8400
2954425,sitting,-1.0097,-0.0117,-0.0095,0.4900,-2.7300,0.8050
2954444,sitting,-1.0109,-0.0117,-0.0098,0.4200,-2.7300,0.7700
2954464,sitting,-1.0111,-0.0120,-0.0105,0.4900,-2.7300,0.7700
2954483,sitting,-1.0106,-0.0120,-0.0095,0.4550,-2.7300,0.8400
2954502,sitting,-1.0116,-0.0112,-0.0098,0.4550,-2.7300,0.8050
2954521,sitting,-1.0109,-0.0122,-0.0090,0.4900,-2.6950,0.8400
2954541,sitting,-1.0092,-0.0120,-0.0105,0.4900,-2.7650,0.8050
2954560,sitting,-1.0104,-0.0124,-0.0095,0.4900,-2.6600,0.8050
2954579,sitting,-1.0102,-0.0129,-0.0093,0.4900,-2.7300,0.8050
2954598,sitting,-1.0094,-0.0132,-0.0090,0.4900,-2.6950,0.8050
2954617,sitting,-1.0099,-0.0127,-0.0095,0.5250,-2.6600,0.8050
2954637,sitting,-1.0082,-0.0122,-0.0102,0.4900,-2.6950,0.8050
2954656,sitting,-1.0099,-0.0117,-0.0098,0.4900,-2.7300,0.8400
2954675,sitting,-1.0106,-0.0115,-0.0098,0.4900,-2.6600,0.8050
2954694,sitting,-1.0102,-0.0120,-0.0102,0.4900,-2.7300,0.8050
2954714,sitting,-1.0104,-0.0134,-0.0098,0.5250,-2.7300,0.7700
2954733,sitting,-1.0106,-0.0120,-0.0098,0.4900,-2.6600,0.8050
2954752,sitting,-1.0106,-0.0115,-0.0088,0.5250,-2.7300,0.8050
2954771,sitting,-1.0102,-0.0120,-0.0098,0.4900,-2.7300,0.7700
2954791,sitting,-1.0097,-0.0115,-0.0090,0.4900,-2.7300,0.7700
2954810,sitting,-1.0104,-0.0129,-0.0100,0.4550,-2.6950,0.7700
2954829,sitting,-1.0106,-0.0122,-0.0098,0.4900,-2.7300,0.7700
2954848,sitting,-1.0097,-0.0115,-0.0105,0.4900,-2.6950,0.8050
2954867,sitting,-1.0109,-0.0115,-0.0093,0.4900,-2.7300,0.7700
2954887,sitting,-1.0099,-0.0124,-0.0102,0.5250,-2.6950,0.7700
2954906,sitting,-1.0097,-0.0122,-0.0093,0.5250,-2.7300,0.7700
2954925,sitting,-1.0099,-0.0122,-0.0105,0.4900,-2.7300,0.8050
2954944,sitting,-1.0097,-0.0120,-0.0100,0.4900,-2.7300,0.8050
2954964,sitting,-1.0106,-0.0112,-0.0105,0.4550,-2.7300,0.8050
2954983,sitting,-1.0102,-0.0117,-0.0100,0.4550,-2.7300,0.8050
2955002,sitting,-1.0102,-0.0122,-0.0105,0.4900,-2.7300,0.7700
2955021,sitting,-1.0094,-0.0122,-0.0098,0.4900,-2.7300,0.7700
2955041,sitting,-1.0104,-0.0120,-0.0112,0.4900,-2.7300,0.7700
2955060,sitting,-1.0094,-0.0127,-0.0100,0.4900,-2.7300,0.8050
2955079,sitting,-1.0102,-0.0120,-0.0102,0.4900,-2.7300,0.7700
2955098,sitting,-1.0092,-0.0127,-0.0107,0.4900,-2.6950,0.8400
2955117,sitting,-1.0099,-0.0127,-0.0100,0.4550,-2.7300,0.8050
2955137,sitting,-1.0102,-0.0117,-0.0098,0.4550,-2.6950,0.7700
2955156,sitting,-1.0106,-0.0120,-0.0100,0.4200,-2.7300,0.8050
2955175,sitting,-1.0106,-0.0120,-0.0110,0.4900,-2.7300,0.8050
2955194,sitting,-1.0109,-0.0117,-0.0083,0.4900,-2.7300,0.8400
2955214,sitting,-1.0104,-0.0122,-0.0093,0.4900,-2.7300,0.8050
2955233,sitting,-1.0104,-0.0112,-0.0098,0.4550,-2.7300,0.8050
2955252,sitting,-1.0099,-0.0120,-0.0102,0.4900,-2.7300,0.8050
2955271,sitting,-1.0106,-0.0112,-0.0090,0.4900,-2.7300,0.8050
2955291,sitting,-1.0106,-0.0117,-0.0098,0.4900,-2.6950,0.8400
2955310,sitting,-1.0106,-0.0117,-0.0100,0.4900,-2.7300,0.8400
2955329,sitting,-1.0109,-0.0117,-0.0090,0.4900,-2.6950,0.8050
2955348,sitting,-1.0106,-0.0122,-0.0100,0.4900,-2.6950,0.8400
2955367,sitting,-1.0106,-0.0129,-0.0102,0.4900,-2.7300,0.8050
2955387,sitting,-1.0106,-0.0124,-0.0093,0.4900,-2.7300,0.7700
2955406,sitting,-1.0094,-0.0115,-0.0095,0.4900,-2.6600,0.8050
2955425,sitting,-1.0102,-0.0117,-0.0095,0.4550,-2.6950,0.8050
2955444,sitting,-1.0111,-0.0115,-0.0100,0.4900,-2.6950,0.7700
2955464,sitting,-1.0106,-0.0112,-0.0093,0.4900,-2.6950,0.7700
2955483,sitting,-1.0097,-0.0112,-0.0090,0.4900,-2.6950,0.8050
2955502,sitting,-1.0099,-0.0115,-0.0085,0.4900,-2.7300,0.7700
2955521,sitting,-1.0114,-0.0129,-0.0100,0.4900,-2.7300,0.8050
2955541,sitting,-1.0106,-0.0120,-0.0102,0.4900,-2.7300,0.7700
2955560,sitting,-1.0109,-0.0120,-0.0102,0.5250,-2.6600,0.7700
2955579,sitting,-1.0104,-0.0115,-0.0098,0.4900,-2.6600,0.8050
2955598,sitting,-1.0102,-0.0112,-0.0098,0.4900,-2.7300,0.7700
2955617,sitting,-1.0106,-0.0112,-0.0095,0.4900,-2.7300,0.7700
2955637,sitting,-1.0102,-0.0122,-0.0095,0.5250,-2.7300,0.7700
2955656,sitting,-1.0099,-0.0115,-0.0102,0.4900,-2.7300,0.7700
2955675,sitting,-1.0104,-0.0110,-0.0102,0.5250,-2.7300,0.7700
2955694,sitting,-1.0099,-0.0117,-0.0093,0.4900,-2.6950,0.7700
2955714,sitting,-1.0104,-0.0124,-0.0088,0.5250,-2.6950,0.8050
2955733,sitting,-1.0106,-0.0117,-0.0093,0.4900,-2.7300,0.7700
2955752,sitting,-1.0099,-0.0110,-0.0090,0.4900,-2.7300,0.8050
2955771,sitting,-1.0092,-0.0122,-0.0090,0.5250,-2.6600,0.7700
2955791,sitting,-1.0104,-0.0124,-0.0105,0.5250,-2.7300,0.7700
2955810,sitting,-1.0099,-0.0120,-0.0110,0.5250,-2.7300,0.8050
2955829,sitting,-1.0104,-0.0127,-0.0100,0.4900,-2.7300,0.8050
2955848,sitting,-1.0094,-0.0115,-0.0105,0.4900,-2.7300,0.8400
2955867,sitting,-1.0102,-0.0115,-0.0105,0.4900,-2.7300,0.7700
2955887,sitting,-1.0099,-0.0120,-0.0105,0.4200,-2.7300,0.8050
2955906,sitting,-1.0104,-0.0117,-0.0100,0.4550,-2.7300,0.7700
2955925,sitting,-1.0104,-0.0112,-0.0102,0.4900,-2.6600,0.7700
2955944,sitting,-1.0116,-0.0117,-0.0107,0.4550,-2.7300,0.7700
2955964,sitting,-1.0104,-0.0117,-0.0105,0.4900,-2.7300,0.8050
2955983,sitting,-1.0099,-0.0122,-0.0090,0.4900,-2.7300,0.8050
2956002,sitting,-1.0109,-0.0115,-0.0100,0.4900,-2.7300,0.8050
2956021,sitting,-1.0094,-0.0120,-0.0095,0.4900,-2.7300,0.8400
2956041,sitting,-1.0097,-0.0120,-0.0105,0.4200,-2.6950,0.8050
2956060,sitting,-1.0097,-0.0120,-0.0107,0.4200,-2.6950,0.8400
2956079,sitting,-1.0104,-0.0117,-0.0095,0.4900,-2.6950,0.8050
2956098,sitting,-1.0114,-0.0120,-0.0098,0.4900,-2.7300,0.7700
2956117,sitting,-1.0109,-0.0112,-0.0100,0.4900,-2.6950,0.8050
2956137,sitting,-1.0097,-0.0120,-0.0095,0.4900,-2.7300,0.8050
2956156,sitting,-1.0104,-0.0117,-0.0088,0.4900,-2.7300,0.8050
2956175,sitting,-1.0102,-0.0107,-0.0107,0.4550,-2.7300,0.8400
2956194,sitting,-1.0099,-0.0122,-0.0102,0.4900,-2.7300,0.8050
2956214,sitting,-1.0102,-0.0115,-0.0105,0.4900,-2.7300,0.7700
2956233,sitting,-1.0102,-0.0120,-0.0095,0.5250,-2.7300,0.8400
2956252,sitting,-1.0104,-0.0120,-0.0100,0.4900,-2.7300,0.7700
2956271,sitting,-1.0104,-0.0115,-0.0102,0.4900,-2.7300,0.7700
2956291,sitting,-1.0106,-0.0122,-0.0102,0.4550,-2.7300,0.8400
2956310,sitting,-1.0097,-0.0115,-0.0098,0.4900,-2.7300,0.8050
2956329,sitting,-1.0106,-0.0115,-0.0095,0.4900,-2.7300,0.8050
2956348,sitting,-1.0106,-0.0124,-0.0100,0.4900,-2.7300,0.8050
2956367,sitting,-1.0089,-0.0117,-0.0102,0.4900,-2.7300,0.7700
2956387,sitting,-1.0089,-0.0117,-0.0102,0.4900,-2.6950,0.8050
2956406,sitting,-1.0099,-0.0115,-0.0098,0.4900,-2.6600,0.7700
2956425,sitting,-1.0092,-0.0124,-0.0100,0.5250,-2.6950,0.7700
2956444,sitting,-1.0094,-0.0120,-0.0098,0.5600,-2.6950,0.7700
2956464,sitting,-1.0099,-0.0120,-0.0088,0.4900,-2.7300,0.7700
2956483,sitting,-1.0102,-0.0124,-0.0098,0.4900,-2.6950,0.7700
2956502,sitting,-1.0089,-0.0112,-0.0102,0.5250,-2.6950,0.8050
2956521,sitting,-1.0094,-0.0112,-0.0090,0.4900,-2.6950,0.8050
2956541,sitting,-1.0116,-0.0115,-0.0095,0.4900,-2.7300,0.8050
2956560,sitting,-1.0094,-0.0107,-0.0095,0.4900,-2.7300,0.7700
2956579,sitting,-1.0109,-0.0117,-0.0095,0.4900,-2.7300,0.7700
2956598,sitting,-1.0099,-0.0120,-0.0095,0.5250,-2.7300,0.8050
2956617,sitting,-1.0102,-0.0129,-0.0098,0.4900,-2.6950,0.7700
2956637,sitting,-1.0109,-0.0110,-0.0102,0.4900,-2.7300,0.7700
2956656,sitting,-1.0109,-0.0122,-0.0090,0.4900,-2.7300,0.7700
2956675,sitting,-1.0102,-0.0117,-0.0098,0.4900,-2.7300,0.8050
2956694,sitting,-1.0089,-0.0107,-0.0093,0.4900,-2.7300,0.7700
2956714,sitting,-1.0092,-0.0120,-0.0090,0.4900,-2.7300,0.7700
2956733,sitting,-1.0104,-0.0124,-0.0098,0.4900,-2.7300,0.7700
2956752,sitting,-1.0097,-0.0115,-0.0093,0.4900,-2.7300,0.8050
2956771,sitting,-1.0104,-0.0115,-0.0095,0.4900,-2.7300,0.8050
2956791,sitting,-1.0089,-0.0115,-0.0088,0.4900,-2.7300,0.8050
2956810,sitting,-1.0099,-0.0124,-0.0102,0.4900,-2.7300,0.7700
2956829,sitting,-1.0106,-0.0129,-0.0102,0.4900,-2.7300,0.7700
2956848,sitting,-1.0106,-0.0117,-0.0095,0.4900,-2.7300,0.8050
2956867,sitting,-1.0111,-0.0112,-0.0095,0.4550,-2.7300,0.8050
2956887,sitting,-1.0106,-0.0117,-0.0095,0.4550,-2.7650,0.8050
2956906,sitting,-1.0102,-0.0127,-0.0095,0.4550,-2.7300,0.8050
2956925,sitting,-1.0106,-0.0124,-0.0093,0.4900,-2.6950,0.7700
2956944,sitting,-1.0104,-0.0120,-0.0093,0.4900,-2.7300,0.7700
2956964,sitting,-1.0104,-0.0110,-0.0090,0.4550,-2.6600,0.7700
2956983,sitting,-1.0104,-0.0112,-0.0102,0.4550,-2.6950,0.7700
2957002,sitting,-1.0102,-0.0122,-0.0102,0.5250,-2.7300,0.8050
2957021,sitting,-1.0097,-0.0115,-0.0100,0.4550,-2.7300,0.7700
2957041,sitting,-1.0099,-0.0117,-0.0102,0.5250,-2.7300,0.8400
2957060,sitting,-1.0102,-0.0120,-0.0093,0.4900,-2.7300,0.8400
2957079,sitting,-1.0099,-0.0110,-0.0102,0.4900,-2.7300,0.8400
2957098,sitting,-1.0102,-0.0124,-0.0095,0.4900,-2.7300,0.8400
2957117,sitting,-1.0106,-0.0117,-0.0095,0.4900,-2.7300,0.7700
2957137,sitting,-1.0099,-0.0117,-0.0095,0.4900,-2.7300,0.8050
2957156,sitting,-1.0099,-0.0115,-0.0102,0.5250,-2.7300,0.8050
2957175,sitting,-1.0102,-0.0127,-0.0098,0.4900,-2.7300,0.8400
2957194,sitting,-1.0102,-0.0120,-0.0095,0.4900,-2.6950,0.7700
2957214,sitting,-1.0102,-0.0117,-0.0095,0.4550,-2.6950,0.7700
2957233,sitting,-1.0109,-0.0112,-0.0090,0.4900,-2.7300,0.8050
2957252,sitting,-1.0099,-0.0102,-0.0095,0.4550,-2.6600,0.8050
2957271,sitting,-1.0089,-0.0115,-0.0105,0.4900,-2.7300,0.7350
2957291,sitting,-1.0092,-0.0124,-0.0095,0.4900,-2.6600,0.7700
2957310,sitting,-1.0106,-0.0127,-0.0100,0.4900,-2.6600,0.7700
2957329,sitting,-1.0104,-0.0115,-0.0090,0.4900,-2.7300,0.7700
2957348,sitting,-1.0099,-0.0117,-0.0093,0.4900,-2.7300,0.8050
2957367,sitting,-1.0102,-0.0112,-0.0105,0.4900,-2.7300,0.7700
2957387,sitting,-1.0111,-0.0117,-0.0088,0.4900,-2.7300,0.8050
2957406,sitting,-1.0106,-0.0127,-0.0098,0.5250,-2.7300,0.8050
2957425,sitting,-1.0102,-0.0124,-0.0095,0.4900,-2.6950,0.8050
2957444,sitting,-1.0097,-0.0112,-0.0093,0.4550,-2.7300,0.8050
2957464,sitting,-1.0109,-0.0120,-0.0100,0.4900,-2.7300,0.7700
2957483,sitting,-1.0116,-0.0122,-0.0105,0.4900,-2.7300,0.7700
2957502,sitting,-1.0102,-0.0120,-0.0095,0.4200,-2.6950,0.8050
2957521,sitting,-1.0102,-0.0117,-0.0090,0.4900,-2.7300,0.8400
2957541,sitting,-1.0106,-0.0120,-0.0102,0.4900,-2.7300,0.8400
2957560,sitting,-1.0109,-0.0115,-0.0105,0.4550,-2.7300,0.8050
2957579,sitting,-1.0106,-0.0115,-0.0100,0.4900,-2.7300,0.8050
2957598,sitting,-1.0099,-0.0120,-0.0095,0.4900,-2.7300,0.8400
2957617,sitting,-1.0106,-0.0117,-0.0095,0.4550,-2.7300,0.8050
2957637,sitting,-1.0097,-0.0112,-0.0102,0.4900,-2.7300,0.7700
2957656,sitting,-1.0106,-0.0122,-0.0102,0.4550,-2.7300,0.7700
2957675,sitting,-1.0094,-0.0117,-0.0095,0.4900,-2.7300,0.7700
2957694,sitting,-1.0097,-0.0112,-0.0100,0.4900,-2.6950,0.7700
2957714,sitting,-1.0102,-0.0117,-0.0095,0.4900,-2.7300,0.8050
2957733,sitting,-1.0089,-0.0122,-0.0098,0.4900,-2.6950,0.8050
2957752,sitting,-1.0094,-0.0127,-0.0107,0.4900,-2.7300,0.8400
2957771,sitting,-1.0099,-0.0120,-0.0105,0.4550,-2.6950,0.7700
2957791,sitting,-1.0097,-0.0117,-0.0098,0.5250,-2.7300,0.7700
2957810,sitting,-1.0106,-0.0117,-0.0093,0.4900,-2.7300,0.7700
2957829,sitting,-1.0109,-0.0110,-0.0088,0.4900,-2.6950,0.7700
2957848,sitting,-1.0109,-0.0120,-0.0090,0.4900,-2.7300,0.7700
2957867,sitting,-1.0099,-0.0112,-0.0093,0.5250,-2.7300,0.8400
2957887,sitting,-1.0104,-0.0120,-0.0102,0.5600,-2.7300,0.7700
2957906,sitting,-1.0102,-0.0107,-0.0095,0.4900,-2.6950,0.7700
2957925,sitting,-1.0106,-0.0117,-0.0098,0.4900,-2.7300,0.7700
2957944,sitting,-1.0109,-0.0115,-0.0105,0.4900,-2.6950,0.7700
2957964,sitting,-1.0114,-0.0132,-0.0100,0.4550,-2.7300,0.8400
2957983,sitting,-1.0111,-0.0122,-0.0105,0.4900,-2.7300,0.7700
2958002,sitting,-1.0104,-0.0127,-0.0100,0.4900,-2.7300,0.7700
2958021,sitting,-1.0099,-0.0115,-0.0110,0.4900,-2.6950,0.7700
2958041,sitting,-1.0092,-0.0124,-0.0088,0.4550,-2.7300,0.8050
2958060,sitting,-1.0111,-0.0117,-0.0093,0.4900,-2.7300,0.8050
2958079,sitting,-1.0099,-0.0117,-0.0102,0.5250,-2.7300,0.8400
2958098,sitting,-1.0104,-0.0112,-0.0090,0.4900,-2.7300,0.8400
2958117,sitting,-1.0099,-0.0110,-0.0095,0.4900,-2.7300,0.7700
2958137,sitting,-1.0102,-0.0124,-0.0102,0.4900,-2.7300,0.8050
2958156,sitting,-1.0094,-0.0122,-0.0110,0.4900,-2.7300,0.7700
2958175,sitting,-1.0097,-0.0117,-0.0102,0.4900,-2.7300,0.8050
2958194,sitting,-1.0099,-0.0117,-0.0110,0.4900,-2.7300,0.8050
2958214,sitting,-1.0104,-0.0129,-0.0095,0.4900,-2.7300,0.7700
2958233,sitting,-1.0099,-0.0122,-0.0100,0.4900,-2.7300,0.7700
2958252,sitting,-1.0102,-0.0132,-0.0100,0.4900,-2.7300,0.8050
2958271,sitting,-1.0102,-0.0110,-0.0107,0.4900,-2.7300,0.7700
2958291,sitting,-1.0106,-0.0120,-0.0102,0.4900,-2.7300,0.7700
2958310,sitting,-1.0102,-0.0129,-0.0105,0.4900,-2.7300,0.8050
2958329,sitting,-1.0106,-0.0120,-0.0095,0.4900,-2.6950,0.8050
2958348,sitting,-1.0099,-0.0120,-0.0102,0.4900,-2.7300,0.7700
2958367,sitting,-1.0104,-0.0117,-0.0107,0.4900,-2.7300,0.8050
2958387,sitting,-1.0094,-0.0117,-0.0100,0.4900,-2.7300,0.7700
2958406,sitting,-1.0099,-0.0122,-0.0100,0.4900,-2.7300,0.8050
2958425,sitting,-1.0102,-0.0122,-0.0093,0.4900,-2.7300,0.8400
2958444,sitting,-1.0104,-0.0117,-0.0098,0.4550,-2.6950,0.8050
2958464,sitting,-1.0099,-0.0122,-0.0100,0.4900,-2.7300,0.8050
2958483,sitting,-1.0102,-0.0127,-0.0102,0.4900,-2.7300,0.7700
2958502,sitting,-1.0106,-0.0122,-0.0105,0.4200,-2.7300,0.7700
2958521,sitting,-1.0102,-0.0120,-0.0100,0.4900,-2.6950,0.8050
2958541,sitting,-1.0102,-0.0115,-0.0107,0.4550,-2.6950,0.7700
2958560,sitting,-1.0106,-0.0115,-0.0102,0.4550,-2.7300,0.8050
2958579,sitting,-1.0099,-0.0112,-0.0105,0.4900,-2.6950,0.8050
2958598,sitting,-1.0106,-0.0112,-0.0098,0.4900,-2.7300,0.7700
2958617,sitting,-1.0097,-0.0122,-0.0095,0.4900,-2.7300,0.7700
2958637,sitting,-1.0094,-0.0115,-0.0105,0.4900,-2.7300,0.8050
2958656,sitting,-1.0102,-0.0117,-0.0093,0.4900,-2.7300,0.8050
2958675,sitting,-1.0102,-0.0122,-0.0105,0.4900,-2.7300,0.8400
2958694,sitting,-1.0104,-0.0120,-0.0085,0.4900,-2.7300,0.8050
2958714,sitting,-1.0097,-0.0110,-0.0102,0.5250,-2.6950,0.7700
2958733,sitting,-1.0104,-0.0110,-0.0093,0.5250,-2.7300,0.8050
2958752,sitting,-1.0106,-0.0112,-0.0098,0.4550,-2.7300,0.8050
2958771,sitting,-1.0106,-0.0117,-0.0098,0.4900,-2.7300,0.8050
2958791,sitting,-1.0102,-0.0115,-0.0093,0.4900,-2.7300,0.7700
2958810,sitting,-1.0094,-0.0117,-0.0107,0.4900,-2.7300,0.8400
2958829,sitting,-1.0102,-0.0115,-0.0090,0.4550,-2.6950,0.8050
2958848,sitting,-1.0106,-0.0110,-0.0098,0.4900,-2.6950,0.7700
2958867,sitting,-1.0102,-0.0115,-0.0105,0.4900,-2.7300,0.7700
2958887,sitting,-1.0099,-0.0117,-0.0098,0.5250,-2.6950,0.7700
2958906,sitting,-1.0106,-0.0124,-0.0105,0.4900,-2.7300,0.8400
2958925,sitting,-1.0094,-0.0124,-0.0095,0.5250,-2.6950,0.7700
2958944,sitting,-1.0097,-0.0117,-0.0098,0.4900,-2.6600,0.7700
2958964,sitting,-1.0102,-0.0120,-0.0090,0.4900,-2.7300,0.7700
2958983,sitting,-1.0106,-0.0122,-0.0095,0.4900,-2.7300,0.8050
2959002,sitting,-1.0106,-0.0117,-0.0100,0.4900,-2.7300,0.7700
2959021,sitting,-1.0104,-0.0115,-0.0102,0.4900,-2.7300,0.7700
2959041,sitting,-1.0102,-0.0120,-0.0095,0.4900,-2.6950,0.7700
2959060,sitting,-1.0102,-0.0124,-0.0102,0.5250,-2.7300,0.7700
2959079,sitting,-1.0109,-0.0120,-0.0090,0.4900,-2.7300,0.8050
2959098,sitting,-1.0106,-0.0117,-0.0095,0.4900,-2.7300,0.8050
2959117,sitting,-1.0102,-0.0120,-0.0093,0.4900,-2.7300,0.7700
2959137,sitting,-1.0102,-0.0120,-0.0098,0.4900,-2.7300,0.7700
2959156,sitting,-1.0094,-0.0115,-0.0100,0.4900,-2.7300,0.7700
2959175,sitting,-1.0099,-0.0124,-0.0102,0.4900,-2.7300,0.8050
2959194,sitting,-1.0104,-0.0120,-0.0105,0.4900,-2.7300,0.8400
2959214,sitting,-1.0094,-0.0120,-0.0100,0.4900,-2.7300,0.7700
2959233,sitting,-1.0099,-0.0127,-0.0090,0.4900,-2.7300,0.8400
2959252,sitting,-1.0106,-0.0120,-0.0093,0.4900,-2.6950,0.8400
2959271,sitting,-1.0104,-0.0122,-0.0102,0.4900,-2.7300,0.8050
2959291,sitting,-1.0109,-0.0120,-0.0100,0.4550,-2.6950,0.8050
2959310,sitting,-1.0102,-0.0117,-0.0095,0.4900,-2.7300,0.8050
2959329,sitting,-1.0097,-0.0117,-0.0093,0.4900,-2.7300,0.7700
2959348,sitting,-1.0102,-0.0127,-0.0100,0.5250,-2.7300,0.8050
2959367,sitting,-1.0102,-0.0112,-0.0105,0.4900,-2.6950,0.7700
2959387,sitting,-1.0094,-0.0110,-0.0105,0.4900,-2.7300,0.7700
2959406,sitting,-1.0099,-0.0132,-0.0095,0.4550,-2.7300,0.8050
2959425,sitting,-1.0104,-0.0129,-0.0095,0.5250,-2.7300,0.8050
2959444,sitting,-1.0099,-0.0120,-0.0105,0.4900,-2.7300,0.7700
2959464,sitting,-1.0106,-0.0112,-0.0100,0.4550,-2.6950,0.8400
2959483,sitting,-1.0104,-0.0122,-0.0098,0.4900,-2.6950,0.8400
2959502,sitting,-1.0106,-0.0120,-0.0100,0.4900,-2.7300,0.8400
2959521,sitting,-1.0094,-0.0120,-0.0107,0.4900,-2.7300,0.8050
2959541,sitting,-1.0104,-0.0124,-0.0105,0.4900,-2.7300,0.7700
2959560,sitting,-1.0106,-0.0122,-0.0100,0.5250,-2.7300,0.8050
2959579,sitting,-1.0099,-0.0132,-0.0098,0.4900,-2.7300,0.8050
2959598,sitting,-1.0104,-0.0120,-0.0085,0.4900,-2.6600,0.7700
2959617,sitting,-1.0111,-0.0120,-0.0100,0.4900,-2.7300,0.8050
2959637,sitting,-1.0114,-0.0112,-0.0090,0.4900,-2.6950,0.8050
2959656,sitting,-1.0104,-0.0115,-0.0085,0.4900,-2.7300,0.7700
2959675,sitting,-1.0104,-0.0112,-0.0098,0.5600,-2.6950,0.7700
2959694,sitting,-1.0102,-0.0115,-0.0093,0.5600,-2.7300,0.8050
2959714,sitting,-1.0097,-0.0120,-0.0105,0.4550,-2.7300,0.7700
2959733,sitting,-1.0099,-0.0122,-0.0100,0.5250,-2.6600,0.8050
2959752,sitting,-1.0104,-0.0120,-0.0110,0.5250,-2.7300,0.8050
2959771,sitting,-1.0097,-0.0115,-0.0083,0.4900,-2.6950,0.8050
2959791,sitting,-1.0099,-0.0115,-0.0093,0.4550,-2.7300,0.8050
2959810,sitting,-1.0104,-0.0124,-0.0093,0.4900,-2.6950,0.7700
2959829,sitting,-1.0102,-0.0124,-0.0105,0.4900,-2.7300,0.8050
2959848,sitting,-1.0094,-0.0122,-0.0098,0.4900,-2.7300,0.7700
2959867,sitting,-1.0111,-0.0127,-0.0088,0.4550,-2.7300,0.7700
2959887,sitting,-1.0114,-0.0107,-0.0100,0.5250,-2.6950,0.7700
2959906,sitting,-1.0106,-0.0117,-0.0095,0.4550,-2.6950,0.7700
2959925,sitting,-1.0104,-0.0122,-0.0095,0.4900,-2.7300,0.7700
2959944,sitting,-1.0104,-0.0117,-0.0098,0.4900,-2.7300,0.7700
2959964,sitting,-1.0106,-0.0120,-0.0095,0.4550,-2.7300,0.8050
2959983,sitting,-1.0104,-0.0115,-0.0100,0.4900,-2.6950,0.7700
2960002,sitting,-1.0106,-0.0115,-0.0107,0.4900,-2.7300,0.7700
2960021,sitting,-1.0104,-0.0122,-0.0093,0.4900,-2.6950,0.8050
2960041,sitting,-1.0109,-0.0120,-0.0085,0.4550,-2.7300,0.7700
2960060,sitting,-1.0102,-0.0117,-0.0095,0.4550,-2.7300,0.8050
2960079,sitting,-1.0109,-0.0120,-0.0100,0.5250,-2.6950,0.8400
2960098,sitting,-1.0106,-0.0117,-0.0090,0.4900,-2.6950,0.8400
2960117,sitting,-1.0099,-0.0127,-0.0093,0.4900,-2.7300,0.8050
2960137,sitting,-1.0097,-0.0120,-0.0100,0.4900,-2.7300,0.7700
2960156,sitting,-1.0094,-0.0122,-0.0090,0.4200,-2.7300,0.8050
2960175,sitting,-1.0104,-0.0122,-0.0100,0.4900,-2.7300,0.8400
2960194,sitting,-1.0099,-0.0120,-0.0098,0.4550,-2.6950,0.7700
2960214,sitting,-1.0097,-0.0120,-0.0100,0.4900,-2.7300,0.7700
2960233,sitting,-1.0089,-0.0120,-0.0102,0.4900,-2.6950,0.7700
2960252,sitting,-1.0099,-0.0117,-0.0112,0.4900,-2.6600,0.8050
2960271,sitting,-1.0104,-0.0117,-0.0093,0.4900,-2.7300,0.7700
2960291,sitting,-1.0104,-0.0122,-0.0090,0.4900,-2.7300,0.8400
2960310,sitting,-1.0094,-0.0117,-0.0100,0.4900,-2.7300,0.8050
2960329,sitting,-1.0109,-0.0122,-0.0102,0.4900,-2.6950,0.8400
2960348,sitting,-1.0104,-0.0127,-0.0102,0.4550,-2.6950,0.8050
2960367,sitting,-1.0097,-0.0127,-0.0107,0.4900,-2.6950,0.8400
2960387,sitting,-1.0092,-0.0124,-0.0088,0.4900,-2.6950,0.8400
2960406,sitting,-1.0104,-0.0115,-0.0095,0.4900,-2.7300,0.8050
2960425,sitting,-1.0106,-0.0112,-0.0098,0.4900,-2.7300,0.8050
2960444,sitting,-1.0106,-0.0115,-0.0093,0.4900,-2.7300,0.8050
2960464,sitting,-1.0104,-0.0117,-0.0095,0.4900,-2.7300,0.8050
2960483,sitting,-1.0089,-0.0120,-0.0110,0.4900,-2.6950,0.7700
2960502,sitting,-1.0097,-0.0122,-0.0098,0.4900,-2.7300,0.8400
2960521,sitting,-1.0109,-0.0120,-0.0093,0.5250,-2.7300,0.8050
2960541,sitting,-1.0109,-0.0120,-0.0100,0.5600,-2.7300,0.7700
2960560,sitting,-1.0102,-0.0112,-0.0112,0.4900,-2.6950,0.7700
2960579,sitting,-1.0097,-0.0115,-0.0105,0.5250,-2.6950,0.7700
2960598,sitting,-1.0099,-0.0115,-0.0102,0.4900,-2.7300,0.8050
2960617,sitting,-1.0109,-0.0115,-0.0093,0.4900,-2.6950,0.8050
2960637,sitting,-1.0104,-0.0122,-0.0088,0.4900,-2.7300,0.8050
2960656,sitting,-1.0099,-0.0122,-0.0095,0.4900,-2.7300,0.7700
2960675,sitting,-1.0106,-0.0112,-0.0107,0.4900,-2.7300,0.7700
2960694,sitting,-1.0094,-0.0112,-0.0105,0.4900,-2.6950,0.7700
2960714,sitting,-1.0097,-0.0117,-0.0098,0.4900,-2.6600,0.7700
2960733,sitting,-1.0094,-0.0120,-0.0093,0.4900,-2.7300,0.7700
2960752,sitting,-1.0109,-0.0120,-0.0095,0.4900,-2.7300,0.8400
2960771,sitting,-1.0106,-0.0115,-0.0100,0.5250,-2.7300,0.8400
2960791,sitting,-1.0104,-0.0115,-0.0095,0.5600,-2.7300,0.7700
2960810,sitting,-1.0099,-0.0122,-0.0090,0.5250,-2.7300,0.8050
2960829,sitting,-1.0104,-0.0110,-0.0100,0.5250,-2.7300,0.7700
2960848,sitting,-1.0092,-0.0120,-0.0093,0.4900,-2.6950,0.7700
2960867,sitting,-1.0099,-0.0122,-0.0098,0.4900,-2.7300,0.7700
2960887,sitting,-1.0106,-0.0124,-0.0093,0.4900,-2.6950,0.7700
2960906,sitting,-1.0114,-0.0122,-0.0095,0.4900,-2.7300,0.8050
2960925,sitting,-1.0102,-0.0120,-0.0102,0.4900,-2.7300,0.7700
2960944,sitting,-1.0102,-0.0117,-0.0102,0.4900,-2.7300,0.8400
2960964,sitting,-1.0102,-0.0120,-0.0098,0.5250,-2.6950,0.7700
2960983,sitting,-1.0104,-0.0127,-0.0081,0.5250,-2.6950,0.7700
2961002,sitting,-1.0111,-0.0117,-0.0088,0.4900,-2.6950,0.7700
2961021,sitting,-1.0097,-0.0120,-0.0102,0.4900,-2.6950,0.8050
2961041,sitting,-1.0099,-0.0117,-0.0095,0.4900,-2.7300,0.7700
2961060,sitting,-1.0106,-0.0122,-0.0090,0.4900,-2.7300,0.8050
2961079,sitting,-1.0099,-0.0122,-0.0095,0.4900,-2.7300,0.8400
2961098,sitting,-1.0104,-0.0132,-0.0090,0.4900,-2.6950,0.8050
2961117,sitting,-1.0104,-0.0129,-0.0095,0.4900,-2.7300,0.7700
2961137,sitting,-1.0099,-0.0120,-0.0093,0.4900,-2.7300,0.8400
2961156,sitting,-1.0106,-0.0129,-0.0098,0.5250,-2.7300,0.8050
2961175,sitting,-1.0109,-0.0122,-0.0090,0.4900,-2.7300,0.8050
2961194,sitting,-1.0104,-0.0127,-0.0095,0.4900,-2.6950,0.8050
2961214,sitting,-1.0104,-0.0120,-0.0095,0.4900,-2.7300,0.8050
2961233,sitting,-1.0106,-0.0117,-0.0100,0.4900,-2.7300,0.8050
2961252,sitting,-1.0097,-0.0115,-0.0100,0.4900,-2.7300,0.8400
2961271,sitting,-1.0089,-0.0120,-0.0100,0.5250,-2.6950,0.8050
2961291,sitting,-1.0102,-0.0124,-0.0088,0.4900,-2.6950,0.7700
2961310,sitting,-1.0089,-0.0117,-0.0100,0.4900,-2.6950,0.7700
2961329,sitting,-1.0092,-0.0112,-0.0098,0.4900,-2.7300,0.7700
2961348,sitting,-1.0102,-0.0117,-0.0098,0.4900,-2.7300,0.8050
2961367,sitting,-1.0102,-0.0115,-0.0088,0.4900,-2.7300,0.8050
2961387,sitting,-1.0092,-0.0117,-0.0093,0.4900,-2.7300,0.7700
2961406,sitting,-1.0099,-0.0115,-0.0098,0.4900,-2.7300,0.8050
2961425,sitting,-1.0097,-0.0117,-0.0093,0.4900,-2.6950,0.7700
2961444,sitting,-1.0102,-0.0120,-0.0095,0.5250,-2.6950,0.7700
2961464,sitting,-1.0114,-0.0124,-0.0100,0.5250,-2.6950,0.7700
2961483,sitting,-1.0109,-0.0127,-0.0098,0.4900,-2.7300,0.8050
2961502,sitting,-1.0109,-0.0120,-0.0090,0.4900,-2.7300,0.8050
2961521,sitting,-1.0099,-0.0112,-0.0093,0.4900,-2.6950,0.8400
2961541,sitting,-1.0102,-0.0117,-0.0095,0.4900,-2.7300,0.7700
2961560,sitting,-1.0104,-0.0117,-0.0100,0.4900,-2.7300,0.7700
2961579,sitting,-1.0099,-0.0112,-0.0098,0.4900,-2.7300,0.7700
2961598,sitting,-1.0097,-0.0115,-0.0100,0.4900,-2.6950,0.7700
2961617,sitting,-1.0104,-0.0132,-0.0102,0.4900,-2.7300,0.7700
2961637,sitting,-1.0099,-0.0120,-0.0100,0.4900,-2.7300,0.7700
2961656,sitting,-1.0099,-0.0112,-0.0095,0.4550,-2.7300,0.8400
2961675,sitting,-1.0106,-0.0117,-0.0090,0.4900,-2.6950,0.8400
2961694,sitting,-1.0094,-0.0115,-0.0093,0.4200,-2.7300,0.7700
2961714,sitting,-1.0099,-0.0120,-0.0088,0.4900,-2.6950,0.8400
2961733,sitting,-1.0094,-0.0120,-0.0102,0.4900,-2.6950,0.7700
2961752,sitting,-1.0109,-0.0120,-0.0093,0.4900,-2.7650,0.8050
2961771,sitting,-1.0099,-0.0124,-0.0095,0.4900,-2.6950,0.8400
2961791,sitting,-1.0104,-0.0115,-0.0098,0.4900,-2.7300,0.8400
2961810,sitting,-1.0109,-0.0120,-0.0088,0.4900,-2.7300,0.8400
2961829,sitting,-1.0099,-0.0122,-0.0095,0.4900,-2.6950,0.8400
2961848,sitting,-1.0102,-0.0129,-0.0093,0.4900,-2.7300,0.8050
2961867,sitting,-1.0106,-0.0120,-0.0098,0.4900,-2.7300,0.8050
2961887,sitting,-1.0109,-0.0107,-0.0098,0.4900,-2.6950,0.7700
2961906,sitting,-1.0109,-0.0120,-0.0088,0.4900,-2.7300,0.7700
2961925,sitting,-1.0104,-0.0112,-0.0098,0.4900,-2.6950,0.7700
2961944,sitting,-1.0109,-0.0122,-0.0102,0.4900,-2.7300,0.8050
2961964,sitting,-1.0106,-0.0122,-0.0090,0.4900,-2.7300,0.7700
2961983,sitting,-1.0102,-0.0117,-0.0093,0.4900,-2.7300,0.7700
2962002,sitting,-1.0104,-0.0124,-0.0102,0.4900,-2.7300,0.7700
2962021,sitting,-1.0104,-0.0122,-0.0102,0.4900,-2.7300,0.7700
2962041,sitting,-1.0104,-0.0115,-0.0107,0.5250,-2.6950,0.7700
2962060,sitting,-1.0106,-0.0122,-0.0093,0.4900,-2.7300,0.8050
2962079,sitting,-1.0111,-0.0117,-0.0093,0.4900,-2.7300,0.7700
2962098,sitting,-1.0114,-0.0120,-0.0090,0.4900,-2.7300,0.8400
2962117,sitting,-1.0104,-0.0112,-0.0093,0.4900,-2.6950,0.8050
2962137,sitting,-1.0102,-0.0122,-0.0102,0.5250,-2.7300,0.8050
2962156,sitting,-1.0106,-0.0122,-0.0112,0.4900,-2.6600,0.8050
2962175,sitting,-1.0102,-0.0120,-0.0095,0.4900,-2.7300,0.8050
2962194,sitting,-1.0106,-0.0120,-0.0093,0.4900,-2.6950,0.7700
2962214,sitting,-1.0106,-0.0120,-0.0093,0.4550,-2.6600,0.7700
2962233,sitting,-1.0104,-0.0117,-0.0090,0.4900,-2.6950,0.7700
2962252,sitting,-1.0109,-0.0115,-0.0093,0.4900,-2.7300,0.8050
2962271,sitting,-1.0109,-0.0122,-0.0093,0.4900,-2.7300,0.7700
2962291,sitting,-1.0106,-0.0120,-0.0093,0.4900,-2.7300,0.7700
2962310,sitting,-1.0114,-0.0120,-0.0100,0.4550,-2.6950,0.8050
2962329,sitting,-1.0104,-0.0117,-0.0098,0.5250,-2.7300,0.7350
2962348,sitting,-1.0104,-0.0117,-0.0090,0.4900,-2.6950,0.7700
2962367,sitting,-1.0114,-0.0117,-0.0090,0.4900,-2.7300,0.7700
2962387,sitting,-1.0102,-0.0120,-0.0102,0.4550,-2.7300,0.8400
2962406,sitting,-1.0111,-0.0117,-0.0095,0.4900,-2.7300,0.8050
2962425,sitting,-1.0102,-0.0122,-0.0095,0.5250,-2.7300,0.8050
2962444,sitting,-1.0102,-0.0112,-0.0095,0.4900,-2.7300,0.7700
2962464,sitting,-1.0102,-0.0127,-0.0098,0.4900,-2.7300,0.8400
2962483,sitting,-1.0106,-0.0120,-0.0102,0.4900,-2.7300,0.7700
2962502,sitting,-1.0097,-0.0124,-0.0095,0.4900,-2.7300,0.7700
2962521,sitting,-1.0106,-0.0124,-0.0095,0.4900,-2.7300,0.8050
2962541,sitting,-1.0099,-0.0129,-0.0083,0.4900,-2.7300,0.8400
2962560,sitting,-1.0102,-0.0124,-0.0093,0.4900,-2.7300,0.8400
2962579,sitting,-1.0106,-0.0124,-0.0088,0.4550,-2.7300,0.8050
2962598,sitting,-1.0109,-0.0122,-0.0105,0.4900,-2.7300,0.8050
2962617,sitting,-1.0097,-0.0129,-0.0107,0.5250,-2.6950,0.8050
2962637,sitting,-1.0106,-0.0124,-0.0098,0.4900,-2.7300,0.7700
2962656,sitting,-1.0102,-0.0124,-0.0093,0.4550,-2.7300,0.8050
2962675,sitting,-1.0097,-0.0122,-0.0098,0.4550,-2.7300,0.8050
2962694,sitting,-1.0099,-0.0110,-0.0098,0.4550,-2.7300,0.8400
2962714,sitting,-1.0099,-0.0117,-0.0102,0.4900,-2.7300,0.8400
2962733,sitting,-1.0099,-0.0122,-0.0098,0.4550,-2.7300,0.8050
2962752,sitting,-1.0099,-0.0117,-0.0102,0.4900,-2.7300,0.8400
2962771,sitting,-1.0109,-0.0117,-0.0100,0.4900,-2.7300,0.8050
2962791,sitting,-1.0099,-0.0110,-0.0088,0.4900,-2.6950,0.7700
2962810,sitting,-1.0102,-0.0115,-0.0090,0.4900,-2.7300,0.7700
2962829,sitting,-1.0109,-0.0120,-0.0098,0.4900,-2.7300,0.8050
2962848,sitting,-1.0106,-0.0120,-0.0100,0.4900,-2.7300,0.7700
2962867,sitting,-1.0114,-0.0117,-0.0090,0.4900,-2.7300,0.8050
2962887,sitting,-1.0104,-0.0115,-0.0098,0.4900,-2.7300,0.7700
2962906,sitting,-1.0097,-0.0120,-0.0095,0.4900,-2.7300,0.7700
2962925,sitting,-1.0106,-0.0117,-0.0098,0.4900,-2.6950,0.7700
2962944,sitting,-1.0106,-0.0120,-0.0093,0.4900,-2.6950,0.7700
2962964,sitting,-1.0109,-0.0115,-0.0088,0.5250,-2.6950,0.7700
2962983,sitting,-1.0109,-0.0127,-0.0085,0.5250,-2.6950,0.8400
2963002,sitting,-1.0104,-0.0129,-0.0102,0.4900,-2.7300,0.8050
2963021,sitting,-1.0109,-0.0117,-0.0098,0.4900,-2.7300,0.8050
2963041,sitting,-1.0097,-0.0122,-0.0095,0.4550,-2.6950,0.8400
2963060,sitting,-1.0106,-0.0107,-0.0095,0.4900,-2.7300,0.7700
2963079,sitting,-1.0099,-0.0110,-0.0095,0.4900,-2.6950,0.7700
2963098,sitting,-1.0106,-0.0120,-0.0090,0.4900,-2.6950,0.7700
2963117,sitting,-1.0104,-0.0122,-0.0093,0.5250,-2.7300,0.8050
2963137,sitting,-1.0097,-0.0122,-0.0085,0.4550,-2.7300,0.7700
2963156,sitting,-1.0106,-0.0127,-0.0095,0.4900,-2.7650,0.7700
2963175,sitting,-1.0104,-0.0127,-0.0098,0.4200,-2.7300,0.8050
2963194,sitting,-1.0104,-0.0117,-0.0095,0.4550,-2.7300,0.7700
2963214,sitting,-1.0099,-0.0120,-0.0105,0.4900,-2.6950,0.7700
2963233,sitting,-1.0109,-0.0115,-0.0095,0.4900,-2.6600,0.8050
2963252,sitting,-1.0114,-0.0120,-0.0102,0.4900,-2.7300,0.7700
2963271,sitting,-1.0094,-0.0120,-0.0098,0.4900,-2.7300,0.7700
2963291,sitting,-1.0102,-0.0120,-0.0090,0.4900,-2.6950,0.8050
2963310,sitting,-1.0106,-0.0124,-0.0100,0.4900,-2.7300,0.8050
2963329,sitting,-1.0097,-0.0110,-0.0102,0.4200,-2.7300,0.7700
2963348,sitting,-1.0106,-0.0115,-0.0095,0.4900,-2.6950,0.8050
2963367,sitting,-1.0104,-0.0120,-0.0093,0.4900,-2.6950,0.8050
2963387,sitting,-1.0099,-0.0120,-0.0083,0.4900,-2.7300,0.7700
2963406,sitting,-1.0104,-0.0120,-0.0090,0.4900,-2.6950,0.7700
2963425,sitting,-1.0106,-0.0115,-0.0090,0.4900,-2.7300,0.8050
2963444,sitting,-1.0082,-0.0120,-0.0100,0.4200,-2.7300,0.8400
2963464,sitting,-1.0104,-0.0122,-0.0095,0.4550,-2.7300,0.8050
2963483,sitting,-1.0102,-0.0115,-0.0088,0.4900,-2.7300,0.7700
2963502,sitting,-1.0111,-0.0115,-0.0093,0.4900,-2.7300,0.7700
2963521,sitting,-1.0111,-0.0115,-0.0095,0.4900,-2.7300,0.8400
2963541,sitting,-1.0111,-0.0132,-0.0100,0.4900,-2.6950,0.7700
2963560,sitting,-1.0097,-0.0120,-0.0112,0.4900,-2.7300,0.8400
2963579,sitting,-1.0097,-0.0117,-0.0102,0.4900,-2.6950,0.8050
2963598,sitting,-1.0089,-0.0110,-0.0100,0.4900,-2.7300,0.8050
2963617,sitting,-1.0102,-0.0112,-0.0090,0.4900,-2.7300,0.8050
2963637,sitting,-1.0104,-0.0115,-0.0095,0.4900,-2.6950,0.8050
2963656,sitting,-1.0104,-0.0122,-0.0081,0.5250,-2.6600,0.8050
2963675,sitting,-1.0104,-0.0122,-0.0093,0.4900,-2.7300,0.8050
2963694,sitting,-1.0106,-0.0122,-0.0090,0.4900,-2.6950,0.7700
2963714,sitting,-1.0102,-0.0112,-0.0090,0.4550,-2.6600,0.7700
2963733,sitting,-1.0109,-0.0115,-0.0105,0.4900,-2.6950,0.7700
2963752,sitting,-1.0102,-0.0112,-0.0102,0.4900,-2.6950,0.7700
2963771,sitting,-1.0106,-0.0122,-0.0100,0.4900,-2.6950,0.8050
2963791,sitting,-1.0111,-0.0129,-0.0088,0.4900,-2.6950,0.8400
2963810,sitting,-1.0099,-0.0129,-0.0093,0.4900,-2.7300,0.8050
2963829,sitting,-1.0092,-0.0122,-0.0100,0.4900,-2.7300,0.7700
2963848,sitting,-1.0089,-0.0120,-0.0093,0.4550,-2.7300,0.7700
2963867,sitting,-1.0104,-0.0120,-0.0098,0.4900,-2.7300,0.8400
2963887,sitting,-1.0109,-0.0117,-0.0098,0.4900,-2.7300,0.8400
2963906,sitting,-1.0097,-0.0127,-0.0098,0.4900,-2.7300,0.8050
2963925,sitting,-1.0102,-0.0122,-0.0093,0.4900,-2.6950,0.8050
2963944,sitting,-1.0094,-0.0120,-0.0088,0.4900,-2.6950,0.8050
2963964,sitting,-1.0097,-0.0117,-0.0095,0.4900,-2.6950,0.7700
2963983,sitting,-1.0102,-0.0120,-0.0095,0.4900,-2.7300,0.8400
2964002,sitting,-1.0106,-0.0115,-0.0093,0.4900,-2.7300,0.8050
2964021,sitting,-1.0102,-0.0122,-0.0095,0.4900,-2.7300,0.7700
2964041,sitting,-1.0099,-0.0122,-0.0085,0.4900,-2.7300,0.7700
2964060,sitting,-1.0099,-0.0124,-0.0105,0.4900,-2.7300,0.8400
2964079,sitting,-1.0102,-0.0127,-0.0090,0.4900,-2.7300,0.8050
2964098,sitting,-1.0104,-0.0122,-0.0100,0.4900,-2.6950,0.8050
2964117,sitting,-1.0094,-0.0115,-0.0100,0.4900,-2.7300,0.8050
2964137,sitting,-1.0104,-0.0122,-0.0090,0.4900,-2.7300,0.8050
2964156,sitting,-1.0106,-0.0132,-0.0100,0.4900,-2.7300,0.8050
2964175,sitting,-1.0106,-0.0117,-0.0100,0.4550,-2.6950,0.8050
2964194,sitting,-1.0111,-0.0124,-0.0100,0.4900,-2.7300,0.8050
2964214,sitting,-1.0102,-0.0120,-0.0093,0.4550,-2.7300,0.8050
2964233,sitting,-1.0094,-0.0115,-0.0098,0.4900,-2.7300,0.8050
2964252,sitting,-1.0109,-0.0117,-0.0095,0.4550,-2.7300,0.7700
2964271,sitting,-1.0106,-0.0115,-0.0090,0.4900,-2.6950,0.7700
2964291,sitting,-1.0102,-0.0124,-0.0088,0.4900,-2.7300,0.7700
2964310,sitting,-1.0097,-0.0124,-0.0105,0.4900,-2.7300,0.8400
2964329,sitting,-1.0109,-0.0117,-0.0102,0.4550,-2.7300,0.8050
2964348,sitting,-1.0119,-0.0122,-0.0093,0.4900,-2.7300,0.7700
2964367,sitting,-1.0097,-0.0117,-0.0107,0.4900,-2.7300,0.7700
2964387,sitting,-1.0102,-0.0112,-0.0107,0.4900,-2.6950,0.8050
2964406,sitting,-1.0097,-0.0120,-0.0093,0.4900,-2.6950,0.7700
2964425,sitting,-1.0099,-0.0127,-0.0098,0.4900,-2.7300,0.8050
2964444,sitting,-1.0102,-0.0132,-0.0105,0.4900,-2.6950,0.7700
2964464,sitting,-1.0099,-0.0129,-0.0105,0.4900,-2.7300,0.7700
2964483,sitting,-1.0102,-0.0122,-0.0107,0.4900,-2.6950,0.8400
2964502,sitting,-1.0104,-0.0117,-0.0100,0.4900,-2.7300,0.8050
2964521,sitting,-1.0104,-0.0107,-0.0095,0.4900,-2.7300,0.8050
2964541,sitting,-1.0102,-0.0110,-0.0100,0.4900,-2.7300,0.8050
2964560,sitting,-1.0102,-0.0115,-0.0085,0.4900,-2.7300,0.8050
2964579,sitting,-1.0104,-0.0120,-0.0100,0.5250,-2.6950,0.7700
2964598,sitting,-1.0104,-0.0120,-0.0105,0.4900,-2.7300,0.8050
2964617,sitting,-1.0109,-0.0122,-0.0100,0.4900,-2.6950,0.7700
2964637,sitting,-1.0104,-0.0117,-0.0100,0.4900,-2.7300,0.7700
2964656,sitting,-1.0094,-0.0115,-0.0095,0.4900,-2.6950,0.8050
2964675,sitting,-1.0094,-0.0117,-0.0098,0.5250,-2.7300,0.7700
2964694,sitting,-1.0102,-0.0122,-0.0107,0.5250,-2.6600,0.7700
2964714,sitting,-1.0104,-0.0115,-0.0105,0.4900,-2.7300,0.7700
2964733,sitting,-1.0109,-0.0120,-0.0100,0.4900,-2.6950,0.8050
2964752,sitting,-1.0109,-0.0122,-0.0102,0.5250,-2.7300,0.7700
2964771,sitting,-1.0109,-0.0120,-0.0088,0.4900,-2.7300,0.7700
2964791,sitting,-1.0102,-0.0110,-0.0088,0.5600,-2.7300,0.7700
2964810,sitting,-1.0109,-0.0120,-0.0088,0.4550,-2.6950,0.8050
2964829,sitting,-1.0102,-0.0115,-0.0093,0.4900,-2.6950,0.8050
2964848,sitting,-1.0092,-0.0124,-0.0102,0.5600,-2.7300,0.7700
2964867,sitting,-1.0102,-0.0115,-0.0102,0.5250,-2.6950,0.8050
2964887,sitting,-1.0114,-0.0127,-0.0090,0.4900,-2.7300,0.8400
2964906,sitting,-1.0102,-0.0120,-0.0098,0.5250,-2.7300,0.8400
2964925,sitting,-1.0104,-0.0115,-0.0088,0.4900,-2.6950,0.8050
2964944,sitting,-1.0114,-0.0129,-0.0093,0.4900,-2.6950,0.7700
2964964,sitting,-1.0102,-0.0115,-0.0102,0.4900,-2.7300,0.8050
2964983,sitting,-1.0099,-0.0112,-0.0105,0.4900,-2.7300,0.8050
2965002,sitting,-1.0099,-0.0122,-0.0105,0.4900,-2.6950,0.8050
2965021,sitting,-1.0102,-0.0127,-0.0107,0.4900,-2.7300,0.7700
2965041,sitting,-1.0102,-0.0115,-0.0100,0.4550,-2.7300,0.8050
2965060,sitting,-1.0106,-0.0117,-0.0095,0.4900,-2.7300,0.8050
2965079,sitting,-1.0106,-0.0129,-0.0100,0.4550,-2.7300,0.7700
2965098,sitting,-1.0099,-0.0112,-0.0098,0.4900,-2.7300,0.7700
2965117,sitting,-1.0102,-0.0122,-0.0095,0.4900,-2.7300,0.8050
2965137,sitting,-1.0097,-0.0115,-0.0098,0.4900,-2.6950,0.8050
2965156,sitting,-1.0094,-0.0117,-0.0090,0.4900,-2.7300,0.7700
2965175,sitting,-1.0106,-0.0110,-0.0093,0.4900,-2.6950,0.8050
2965194,sitting,-1.0099,-0.0117,-0.0095,0.4900,-2.7300,0.8050
2965214,sitting,-1.0104,-0.0122,-0.0098,0.5600,-2.6600,0.7700
2965233,sitting,-1.0099,-0.0117,-0.0100,0.4900,-2.6950,0.7700
2965252,sitting,-1.0097,-0.0115,-0.0095,0.4900,-2.7300,0.8400
2965271,sitting,-1.0104,-0.0124,-0.0100,0.4550,-2.7300,0.8400
2965291,sitting,-1.0106,-0.0122,-0.0105,0.4900,-2.7300,0.8400
2965310,sitting,-1.0104,-0.0129,-0.0098,0.4900,-2.7300,0.7700
2965329,sitting,-1.0099,-0.0122,-0.0090,0.4900,-2.7300,0.7700
2965348,sitting,-1.0089,-0.0120,-0.0095,0.5250,-2.6950,0.7700
2965367,sitting,-1.0097,-0.0112,-0.0102,0.4900,-2.6950,0.8050
2965387,sitting,-1.0099,-0.0122,-0.0105,0.4900,-2.7300,0.8400
2965406,sitting,-1.0099,-0.0122,-0.0093,0.5250,-2.6950,0.7700
2965425,sitting,-1.0097,-0.0120,-0.0090,0.4900,-2.7300,0.8050
2965444,sitting,-1.0099,-0.0127,-0.0088,0.4900,-2.7300,0.8400
2965464,sitting,-1.0102,-0.0117,-0.0095,0.5250,-2.7300,0.8050
2965483,sitting,-1.0104,-0.0122,-0.0095,0.4900,-2.7300,0.7700
2965502,sitting,-1.0104,-0.0122,-0.0088,0.4900,-2.7650,0.7700
2965521,sitting,-1.0094,-0.0127,-0.0095,0.4900,-2.6950,0.7700
2965541,sitting,-1.0099,-0.0122,-0.0105,0.4900,-2.6950,0.7700
2965560,sitting,-1.0106,-0.0120,-0.0093,0.5250,-2.6950,0.8050
2965579,sitting,-1.0106,-0.0124,-0.0105,0.4900,-2.7650,0.8400
2965598,sitting,-1.0109,-0.0117,-0.0090,0.4900,-2.7300,0.8050
2965617,sitting,-1.0102,-0.0124,-0.0102,0.4900,-2.7300,0.8050
2965637,sitting,-1.0099,-0.0124,-0.0088,0.5250,-2.7300,0.8050
2965656,sitting,-1.0097,-0.0117,-0.0093,0.4900,-2.6950,0.7700
2965675,sitting,-1.0102,-0.0120,-0.0093,0.4900,-2.7300,0.8050
2965694,sitting,-1.0102,-0.0117,-0.0098,0.4200,-2.6600,0.7700
2965714,sitting,-1.0109,-0.0107,-0.0100,0.4900,-2.7300,0.7700
2965733,sitting,-1.0099,-0.0117,-0.0093,0.4900,-2.6950,0.8400
2965752,sitting,-1.0094,-0.0127,-0.0102,0.5250,-2.7300,0.7700
2965771,sitting,-1.0099,-0.0124,-0.0098,0.4900,-2.7300,0.7700
2965791,sitting,-1.0097,-0.0122,-0.0090,0.4900,-2.6950,0.7700
2965810,sitting,-1.0099,-0.0115,-0.0095,0.4900,-2.7300,0.7700
2965829,sitting,-1.0102,-0.0115,-0.0090,0.4900,-2.7300,0.7700
2965848,sitting,-1.0106,-0.0115,-0.0098,0.5250,-2.6950,0.8050
2965867,sitting,-1.0109,-0.0115,-0.0105,0.4900,-2.6600,0.8050
2965887,sitting,-1.0092,-0.0120,-0.0105,0.4900,-2.7300,0.7700
2965906,sitting,-1.0104,-0.0117,-0.0100,0.4900,-2.7300,0.7700
2965925,sitting,-1.0106,-0.0117,-0.0102,0.4900,-2.7300,0.8050
2965944,sitting,-1.0111,-0.0117,-0.0095,0.4900,-2.7300,0.8050
2965964,sitting,-1.0109,-0.0124,-0.0098,0.4550,-2.7300,0.8400
2965983,sitting,-1.0109,-0.0115,-0.0093,0.4900,-2.7300,0.8050
2966002,sitting,-1.0104,-0.0129,-0.0100,0.4550,-2.7300,0.8400
2966021,sitting,-1.0109,-0.0117,-0.0107,0.4900,-2.7300,0.8400
2966041,sitting,-1.0099,-0.0122,-0.0095,0.4900,-2.6950,0.8050
2966060,sitting,-1.0111,-0.0124,-0.0093,0.4900,-2.7300,0.7700
2966079,sitting,-1.0106,-0.0120,-0.0100,0.4900,-2.6950,0.8050
2966098,sitting,-1.0097,-0.0115,-0.0090,0.4900,-2.7300,0.7700
2966117,sitting,-1.0099,-0.0117,-0.0098,0.4900,-2.6950,0.8400
2966137,sitting,-1.0102,-0.0122,-0.0095,0.5250,-2.6600,0.8050
2966156,sitting,-1.0104,-0.0120,-0.0100,0.4900,-2.6600,0.7700
2966175,sitting,-1.0104,-0.0120,-0.0098,0.4900,-2.7300,0.7700
2966194,sitting,-1.0109,-0.0122,-0.0093,0.4900,-2.6950,0.7700
2966214,sitting,-1.0104,-0.0122,-0.0093,0.5250,-2.7300,0.8050
2966233,sitting,-1.0104,-0.0124,-0.0098,0.4900,-2.7300,0.7700
2966252,sitting,-1.0106,-0.0115,-0.0095,0.5250,-2.7300,0.8050
2966271,sitting,-1.0102,-0.0117,-0.0105,0.4900,-2.6950,0.8050
2966291,sitting,-1.0104,-0.0120,-0.0107,0.4900,-2.7300,0.7700
2966310,sitting,-1.0099,-0.0124,-0.0085,0.4900,-2.6950,0.8050
2966329,sitting,-1.0087,-0.0112,-0.0098,0.4900,-2.7300,0.8050
2966348,sitting,-1.0099,-0.0120,-0.0105,0.5250,-2.7300,0.7700
2966367,sitting,-1.0102,-0.0124,-0.0107,0.4900,-2.7300,0.8400
2966387,sitting,-1.0111,-0.0110,-0.0107,0.4900,-2.7300,0.8050
2966406,sitting,-1.0099,-0.0117,-0.0098,0.5250,-2.7300,0.7700
2966425,sitting,-1.0099,-0.0122,-0.0090,0.4550,-2.7300,0.8400
2966444,sitting,-1.0106,-0.0110,-0.0095,0.5250,-2.7300,0.7700
2966464,sitting,-1.0106,-0.0107,-0.0100,0.5250,-2.7300,0.8400
2966483,sitting,-1.0099,-0.0112,-0.0100,0.4900,-2.7300,0.8050
2966502,sitting,-1.0104,-0.0117,-0.0100,0.4900,-2.7300,0.7700
2966521,sitting,-1.0106,-0.0120,-0.0095,0.4900,-2.7300,0.7350
2966541,sitting,-1.0106,-0.0122,-0.0093,0.4550,-2.7300,0.7700
2966560,sitting,-1.0114,-0.0112,-0.0098,0.4900,-2.7300,0.8050
2966579,sitting,-1.0102,-0.0122,-0.0098,0.4900,-2.6950,0.7700
2966598,sitting,-1.0111,-0.0117,-0.0098,0.4900,-2.6950,0.7700
2966617,sitting,-1.0099,-0.0117,-0.0098,0.4900,-2.6950,0.7700
2966637,sitting,-1.0104,-0.0124,-0.0093,0.4900,-2.7300,0.7700
2966656,sitting,-1.0111,-0.0120,-0.0085,0.4550,-2.7300,0.7700
2966675,sitting,-1.0104,-0.0122,-0.0100,0.4900,-2.7300,0.7700
2966694,sitting,-1.0097,-0.0120,-0.0093,0.4900,-2.7300,0.8400
2966714,sitting,-1.0106,-0.0122,-0.0102,0.4900,-2.7300,0.7700
2966733,sitting,-1.0106,-0.0120,-0.0090,0.4900,-2.7300,0.8050
2966752,sitting,-1.0099,-0.0117,-0.0090,0.5250,-2.7300,0.7700
2966771,sitting,-1.0102,-0.0122,-0.0100,0.4900,-2.7300,0.8050
2966791,sitting,-1.0106,-0.0129,-0.0105,0.4900,-2.7300,0.8400
2966810,sitting,-1.0109,-0.0127,-0.0090,0.4900,-2.7300,0.7700
2966829,sitting,-1.0106,-0.0122,-0.0095,0.4900,-2.7300,0.7700
2966848,sitting,-1.0106,-0.0122,-0.0100,0.4550,-2.6950,0.8050
2966867,sitting,-1.0099,-0.0120,-0.0083,0.4550,-2.7300,0.8050
2966887,sitting,-1.0099,-0.0120,-0.0095,0.4900,-2.7300,0.8050
2966906,sitting,-1.0089,-0.0120,-0.0090,0.4900,-2.7300,0.8050
2966925,sitting,-1.0092,-0.0124,-0.0100,0.4900,-2.7300,0.8400
2966944,sitting,-1.0102,-0.0115,-0.0095,0.5250,-2.7300,0.7700
2966964,sitting,-1.0099,-0.0117,-0.0102,0.4900,-2.7300,0.7700
2966983,sitting,-1.0102,-0.0120,-0.0090,0.4900,-2.7300,0.7700
2967002,sitting,-1.0102,-0.0129,-0.0093,0.4550,-2.7300,0.8050
2967021,sitting,-1.0106,-0.0115,-0.0105,0.4900,-2.6950,0.7700
2967041,sitting,-1.0099,-0.0127,-0.0102,0.4900,-2.7300,0.8050
2967060,sitting,-1.0109,-0.0117,-0.0088,0.4900,-2.7300,0.8050
2967079,sitting,-1.0106,-0.0122,-0.0090,0.4900,-2.6950,0.8050
2967098,sitting,-1.0099,-0.0127,-0.0100,0.4900,-2.7300,0.7700
2967117,sitting,-1.0109,-0.0127,-0.0098,0.4900,-2.7300,0.7700
2967137,sitting,-1.0111,-0.0110,-0.0095,0.4900,-2.7300,0.7700
2967156,sitting,-1.0106,-0.0124,-0.0093,0.4900,-2.7300,0.8050
2967175,sitting,-1.0106,-0.0122,-0.0093,0.4900,-2.7300,0.8400
2967194,sitting,-1.0104,-0.0117,-0.0095,0.4900,-2.7300,0.8050
2967214,sitting,-1.0102,-0.0127,-0.0102,0.4550,-2.7300,0.7700
2967233,sitting,-1.0106,-0.0122,-0.0100,0.4900,-2.6950,0.8400
2967252,sitting,-1.0102,-0.0122,-0.0100,0.4900,-2.6600,0.8050
2967271,sitting,-1.0106,-0.0127,-0.0095,0.4900,-2.7300,0.7700
2967291,sitting,-1.0104,-0.0120,-0.0085,0.4900,-2.7300,0.7700
2967310,sitting,-1.0106,-0.0127,-0.0095,0.4550,-2.7300,0.8050
2967329,sitting,-1.0109,-0.0127,-0.0102,0.4900,-2.7300,0.8050
2967348,sitting,-1.0106,-0.0110,-0.0090,0.4900,-2.7300,0.8050
2967367,sitting,-1.0106,-0.0115,-0.0088,0.4900,-2.7300,0.8050
2967387,sitting,-1.0111,-0.0127,-0.0100,0.4900,-2.6950,0.8050
2967406,sitting,-1.0094,-0.0120,-0.0098,0.5250,-2.7300,0.8050
2967425,sitting,-1.0102,-0.0124,-0.0093,0.4900,-2.7300,0.7700
2967444,sitting,-1.0106,-0.0124,-0.0098,0.4900,-2.7300,0.7700
2967464,sitting,-1.0097,-0.0115,-0.0085,0.4550,-2.7300,0.8050
2967483,sitting,-1.0099,-0.0120,-0.0095,0.4900,-2.7300,0.7700
2967502,sitting,-1.0094,-0.0122,-0.0098,0.4900,-2.7300,0.8400
2967521,sitting,-1.0102,-0.0120,-0.0095,0.4900,-2.7300,0.8050
2967541,sitting,-1.0104,-0.0110,-0.0095,0.4550,-2.7300,0.8050
2967560,sitting,-1.0106,-0.0115,-0.0093,0.4900,-2.7300,0.8400
2967579,sitting,-1.0109,-0.0115,-0.0088,0.4900,-2.7300,0.8050
2967598,sitting,-1.0102,-0.0124,-0.0078,0.4900,-2.7300,0.8400
2967617,sitting,-1.0104,-0.0107,-0.0093,0.4900,-2.7300,0.8050
2967637,sitting,-1.0119,-0.0120,-0.0088,0.4900,-2.7300,0.8050
2967656,sitting,-1.0097,-0.0120,-0.0090,0.4900,-2.7300,0.7700
2967675,sitting,-1.0106,-0.0112,-0.0095,0.4900,-2.7300,0.8050
2967694,sitting,-1.0106,-0.0115,-0.0098,0.4900,-2.7300,0.7700
2967714,sitting,-1.0104,-0.0124,-0.0102,0.4900,-2.6950,0.8400
2967733,sitting,-1.0099,-0.0124,-0.0098,0.4900,-2.7300,0.8050
2967752,sitting,-1.0104,-0.0117,-0.0093,0.4900,-2.6950,0.7700
2967771,sitting,-1.0092,-0.0115,-0.0095,0.4900,-2.6950,0.8400
2967791,sitting,-1.0104,-0.0124,-0.0090,0.4900,-2.7300,0.8050
2967810,sitting,-1.0099,-0.0115,-0.0093,0.4900,-2.7300,0.8050
2967829,sitting,-1.0099,-0.0122,-0.0095,0.4900,-2.6950,0.7700
2967848,sitting,-1.0104,-0.0120,-0.0095,0.4900,-2.7300,0.8050
2967867,sitting,-1.0089,-0.0120,-0.0093,0.4900,-2.7300,0.8400
2967887,sitting,-1.0102,-0.0122,-0.0095,0.4900,-2.7300,0.8050
2967906,sitting,-1.0104,-0.0120,-0.0088,0.4550,-2.7300,0.8400
2967925,sitting,-1.0104,-0.0120,-0.0102,0.4900,-2.6950,0.7700
2967944,sitting,-1.0102,-0.0115,-0.0102,0.4900,-2.7300,0.7700
2967964,sitting,-1.0111,-0.0129,-0.0098,0.4900,-2.6950,0.7700
2967983,sitting,-1.0106,-0.0127,-0.0102,0.4900,-2.7300,0.8050
2968002,sitting,-1.0102,-0.0122,-0.0098,0.4900,-2.7300,0.8050
2968021,sitting,-1.0111,-0.0115,-0.0093,0.5250,-2.7300,0.7700
2968041,sitting,-1.0102,-0.0132,-0.0085,0.4900,-2.7300,0.7700
2968060,sitting,-1.0094,-0.0120,-0.0093,0.4900,-2.7300,0.8050
2968079,sitting,-1.0102,-0.0124,-0.0100,0.4550,-2.6950,0.8400
2968098,sitting,-1.0104,-0.0124,-0.0093,0.4900,-2.7300,0.8400
2968117,sitting,-1.0099,-0.0117,-0.0095,0.4900,-2.7300,0.7700
2968137,sitting,-1.0089,-0.0120,-0.0093,0.4900,-2.7300,0.7700
2968156,sitting,-1.0097,-0.0117,-0.0093,0.4900,-2.7300,0.7700
2968175,sitting,-1.0094,-0.0115,-0.0100,0.4900,-2.6950,0.8050
2968194,sitting,-1.0106,-0.0120,-0.0090,0.4900,-2.7300,0.8400
2968214,sitting,-1.0104,-0.0122,-0.0100,0.4550,-2.7300,0.7700
2968233,sitting,-1.0094,-0.0120,-0.0090,0.4900,-2.7300,0.8050
2968252,sitting,-1.0092,-0.0117,-0.0095,0.4900,-2.6950,0.8400
2968271,sitting,-1.0092,-0.0110,-0.0100,0.4900,-2.6950,0.7700
2968291,sitting,-1.0097,-0.0124,-0.0088,0.4900,-2.7300,0.7700
2968310,sitting,-1.0094,-0.0117,-0.0102,0.4900,-2.6950,0.8050
2968329,sitting,-1.0097,-0.0117,-0.0090,0.4550,-2.6950,0.8400
2968348,sitting,-1.0114,-0.0115,-0.0098,0.4900,-2.7300,0.8050
2968367,sitting,-1.0099,-0.0112,-0.0095,0.4900,-2.7300,0.8400
2968387,sitting,-1.0109,-0.0117,-0.0100,0.4900,-2.7300,0.7700
2968406,sitting,-1.0104,-0.0110,-0.0095,0.4900,-2.7300,0.8400
2968425,sitting,-1.0094,-0.0117,-0.0090,0.4900,-2.6950,0.8050
2968444,sitting,-1.0102,-0.0120,-0.0093,0.4900,-2.7300,0.8050
2968464,sitting,-1.0109,-0.0117,-0.0090,0.4900,-2.7300,0.7700
2968483,sitting,-1.0104,-0.0124,-0.0095,0.4900,-2.7300,0.8050
2968502,sitting,-1.0106,-0.0120,-0.0095,0.4900,-2.7300,0.7700
2968521,sitting,-1.0104,-0.0122,-0.0095,0.4900,-2.6950,0.8050
2968541,sitting,-1.0106,-0.0122,-0.0095,0.4900,-2.6950,0.7700
2968560,sitting,-1.0097,-0.0115,-0.0095,0.4900,-2.7300,0.8400
2968579,sitting,-1.0097,-0.0117,-0.0102,0.4550,-2.7300,0.7700
2968598,sitting,-1.0106,-0.0124,-0.0098,0.4900,-2.7300,0.7700
2968617,sitting,-1.0099,-0.0132,-0.0088,0.4900,-2.7300,0.8050
2968637,sitting,-1.0097,-0.0115,-0.0095,0.4200,-2.6950,0.7700
2968656,sitting,-1.0111,-0.0112,-0.0098,0.4900,-2.7300,0.7700
2968675,sitting,-1.0106,-0.0120,-0.0098,0.4550,-2.7300,0.8050
2968694,sitting,-1.0099,-0.0124,-0.0098,0.5250,-2.6600,0.8050
2968714,sitting,-1.0089,-0.0124,-0.0090,0.4900,-2.6950,0.8050
2968733,sitting,-1.0097,-0.0117,-0.0090,0.4900,-2.7300,0.8050
2968752,sitting,-1.0102,-0.0129,-0.0090,0.4900,-2.7300,0.7700
2968771,sitting,-1.0111,-0.0112,-0.0090,0.4550,-2.7300,0.7700
2968791,sitting,-1.0097,-0.0120,-0.0085,0.4900,-2.7300,0.8050
2968810,sitting,-1.0097,-0.0115,-0.0093,0.5250,-2.6950,0.8400
2968829,sitting,-1.0106,-0.0107,-0.0093,0.4900,-2.7300,0.8050
2968848,sitting,-1.0104,-0.0112,-0.0093,0.4900,-2.6950,0.7700
2968867,sitting,-1.0104,-0.0124,-0.0098,0.4550,-2.7300,0.8050
2968887,sitting,-1.0106,-0.0120,-0.0098,0.4900,-2.7300,0.7700
2968906,sitting,-1.0102,-0.0127,-0.0098,0.4900,-2.7300,0.7700
2968925,sitting,-1.0099,-0.0120,-0.0100,0.4900,-2.6950,0.7700
2968944,sitting,-1.0102,-0.0115,-0.0093,0.4550,-2.7300,0.8050
2968964,sitting,-1.0094,-0.0120,-0.0098,0.4900,-2.6950,0.8400
2968983,sitting,-1.0092,-0.0122,-0.0100,0.5250,-2.7300,0.8050
2969002,sitting,-1.0099,-0.0122,-0.0090,0.4900,-2.7300,0.7700
2969021,sitting,-1.0089,-0.0115,-0.0093,0.4900,-2.6600,0.7700
2969041,sitting,-1.0102,-0.0120,-0.0085,0.4900,-2.7300,0.8050
2969060,sitting,-1.0109,-0.0124,-0.0100,0.4900,-2.7300,0.8050
2969079,sitting,-1.0102,-0.0112,-0.0100,0.4900,-2.7300,0.8400
2969098,sitting,-1.0097,-0.0115,-0.0093,0.4900,-2.7300,0.7700
2969117,sitting,-1.0109,-0.0115,-0.0095,0.4900,-2.7300,0.8050
2969137,sitting,-1.0109,-0.0120,-0.0095,0.4550,-2.6950,0.7700
2969156,sitting,-1.0104,-0.0124,-0.0090,0.4900,-2.7300,0.7700
2969175,sitting,-1.0109,-0.0117,-0.0100,0.4900,-2.7300,0.7700
2969194,sitting,-1.0102,-0.0115,-0.0090,0.4900,-2.7300,0.7700
2969214,sitting,-1.0097,-0.0112,-0.0098,0.4900,-2.7300,0.7700
2969233,sitting,-1.0104,-0.0117,-0.0102,0.4900,-2.7300,0.7700
2969252,sitting,-1.0102,-0.0115,-0.0100,0.4900,-2.6600,0.7700
2969271,sitting,-1.0106,-0.0122,-0.0093,0.4900,-2.7300,0.8050
2969291,sitting,-1.0104,-0.0122,-0.0100,0.4550,-2.6600,0.8400
2969310,sitting,-1.0099,-0.0122,-0.0105,0.4900,-2.6950,0.8400
2969329,sitting,-1.0094,-0.0110,-0.0105,0.5250,-2.7300,0.7700
2969348,sitting,-1.0099,-0.0110,-0.0095,0.4900,-2.6950,0.8050
2969367,sitting,-1.0111,-0.0122,-0.0090,0.4900,-2.7300,0.7700
2969387,sitting,-1.0097,-0.0107,-0.0102,0.4550,-2.7300,0.7700
2969406,sitting,-1.0099,-0.0115,-0.0100,0.4900,-2.7300,0.8400
2969425,sitting,-1.0104,-0.0127,-0.0105,0.4550,-2.6600,0.8400
2969444,sitting,-1.0106,-0.0120,-0.0095,0.4550,-2.7300,0.7700
2969464,sitting,-1.0104,-0.0124,-0.0081,0.4550,-2.7300,0.8050
2969483,sitting,-1.0106,-0.0115,-0.0093,0.4900,-2.7300,0.8050
2969502,sitting,-1.0102,-0.0112,-0.0102,0.4200,-2.6950,0.7700
2969521,sitting,-1.0092,-0.0122,-0.0093,0.4900,-2.7300,0.7700
2969541,sitting,-1.0097,-0.0122,-0.0102,0.4900,-2.6950,0.8050
2969560,sitting,-1.0097,-0.0127,-0.0100,0.4900,-2.6950,0.7700
2969579,sitting,-1.0099,-0.0132,-0.0093,0.4550,-2.7300,0.8400
2969598,sitting,-1.0102,-0.0124,-0.0095,0.4900,-2.6950,0.8050
2969617,sitting,-1.0099,-0.0120,-0.0093,0.4550,-2.7300,0.8400
2969637,sitting,-1.0094,-0.0120,-0.0085,0.5250,-2.7300,0.8050
2969656,sitting,-1.0106,-0.0112,-0.0093,0.4900,-2.6950,0.7700
2969675,sitting,-1.0104,-0.0110,-0.0085,0.4900,-2.7300,0.8050
2969694,sitting,-1.0104,-0.0117,-0.0093,0.4900,-2.6950,0.8050
2969714,sitting,-1.0102,-0.0117,-0.0093,0.4900,-2.6950,0.8050
2969733,sitting,-1.0104,-0.0120,-0.0095,0.4900,-2.7300,0.7700
2969752,sitting,-1.0109,-0.0115,-0.0093,0.4900,-2.6950,0.8400
2969771,sitting,-1.0114,-0.0117,-0.0095,0.5600,-2.7300,0.8050
2969791,sitting,-1.0104,-0.0117,-0.0093,0.4900,-2.7300,0.7700
2969810,sitting,-1.0089,-0.0120,-0.0090,0.4550,-2.6950,0.8400
2969829,sitting,-1.0089,-0.0122,-0.0095,0.4900,-2.7300,0.8400
2969848,sitting,-1.0104,-0.0117,-0.0093,0.4900,-2.6950,0.8050
2969867,sitting,-1.0097,-0.0120,-0.0105,0.4900,-2.6600,0.7700
2969887,sitting,-1.0109,-0.0124,-0.0093,0.4900,-2.6950,0.8050
2969906,sitting,-1.0099,-0.0117,-0.0093,0.4900,-2.6950,0.8050
2969925,sitting,-1.0102,-0.0120,-0.0098,0.4900,-2.7300,0.7700
2969944,sitting,-1.0104,-0.0124,-0.0098,0.4900,-2.7300,0.7700
2969964,sitting,-1.0092,-0.0117,-0.0093,0.4200,-2.7300,0.8400
2969983,sitting,-1.0097,-0.0120,-0.0098,0.4900,-2.7300,0.7700
2970002,sitting,-1.0102,-0.0120,-0.0095,0.4550,-2.7650,0.8050
2970021,sitting,-1.0109,-0.0122,-0.0102,0.4900,-2.6950,0.8050
2970041,sitting,-1.0106,-0.0112,-0.0088,0.4900,-2.6950,0.8050
2970060,sitting,-1.0106,-0.0117,-0.0098,0.4900,-2.7300,0.7700
2970079,sitting,-1.0102,-0.0129,-0.0095,0.4900,-2.7300,0.7700
2970098,sitting,-1.0102,-0.0127,-0.0102,0.4900,-2.7300,0.8050
2970117,sitting,-1.0106,-0.0120,-0.0090,0.4900,-2.7300,0.8050
2970137,sitting,-1.0106,-0.0124,-0.0098,0.4900,-2.7300,0.8050
2970156,sitting,-1.0106,-0.0124,-0.0105,0.4900,-2.7300,0.8400
2970175,sitting,-1.0099,-0.0115,-0.0095,0.4900,-2.7300,0.8050
2970194,sitting,-1.0099,-0.0120,-0.0095,0.4900,-2.7300,0.7700
2970214,sitting,-1.0097,-0.0115,-0.0102,0.4900,-2.7300,0.7700
2970233,sitting,-1.0102,-0.0120,-0.0098,0.4900,-2.7300,0.8050
2970252,sitting,-1.0114,-0.0117,-0.0100,0.4900,-2.7300,0.7700
2970271,sitting,-1.0099,-0.0129,-0.0093,0.4550,-2.7300,0.8050
2970291,sitting,-1.0102,-0.0129,-0.0088,0.4550,-2.7300,0.8050
2970310,sitting,-1.0097,-0.0127,-0.0100,0.4900,-2.7300,0.8050
2970329,sitting,-1.0102,-0.0120,-0.0095,0.4900,-2.7300,0.8050
2970348,sitting,-1.0106,-0.0117,-0.0090,0.4550,-2.6950,0.8400
2970367,sitting,-1.0102,-0.0115,-0.0085,0.4900,-2.7300,0.7700
2970387,sitting,-1.0099,-0.0120,-0.0098,0.4900,-2.7300,0.7700
2970406,sitting,-1.0094,-0.0122,-0.0095,0.4900,-2.7300,0.7700
2970425,sitting,-1.0104,-0.0117,-0.0093,0.4900,-2.6950,0.7700
2970444,sitting,-1.0102,-0.0122,-0.0098,0.4900,-2.6950,0.7700
2970464,sitting,-1.0099,-0.0115,-0.0095,0.5250,-2.6950,0.7700
2970483,sitting,-1.0094,-0.0124,-0.0095,0.4900,-2.7300,0.8050
2970502,sitting,-1.0087,-0.0122,-0.0107,0.5250,-2.7300,0.7700
2970521,sitting,-1.0102,-0.0129,-0.0102,0.5250,-2.7300,0.7700
2970541,sitting,-1.0097,-0.0117,-0.0102,0.5600,-2.7300,0.7700
2970560,sitting,-1.0106,-0.0124,-0.0102,0.4900,-2.7300,0.7700
2970579,sitting,-1.0106,-0.0122,-0.0100,0.4900,-2.7300,0.8050
2970598,sitting,-1.0106,-0.0120,-0.0102,0.4900,-2.7650,0.7700
2970617,sitting,-1.0106,-0.0115,-0.0105,0.4900,-2.7300,0.7700
2970637,sitting,-1.0089,-0.0110,-0.0102,0.5250,-2.7300,0.7700
2970656,sitting,-1.0102,-0.0115,-0.0095,0.4900,-2.6950,0.8050
2970675,sitting,-1.0104,-0.0120,-0.0088,0.5250,-2.7300,0.7700
2970694,sitting,-1.0094,-0.0115,-0.0102,0.4900,-2.7300,0.7700
2970714,sitting,-1.0099,-0.0117,-0.0085,0.4550,-2.7300,0.7700
2970733,sitting,-1.0102,-0.0120,-0.0090,0.4550,-2.7300,0.8050
2970752,sitting,-1.0102,-0.0122,-0.0095,0.4900,-2.6950,0.7700
2970771,sitting,-1.0104,-0.0117,-0.0095,0.4900,-2.6600,0.7700
2970791,sitting,-1.0097,-0.0134,-0.0102,0.4900,-2.7300,0.8050
2970810,sitting,-1.0099,-0.0124,-0.0107,0.4900,-2.7300,0.7700
2970829,sitting,-1.0111,-0.0117,-0.0098,0.4900,-2.7300,0.7700
2970848,sitting,-1.0106,-0.0117,-0.0100,0.4900,-2.7300,0.8050
2970867,sitting,-1.0111,-0.0120,-0.0098,0.4550,-2.7300,0.8050
2970887,sitting,-1.0104,-0.0122,-0.0098,0.4900,-2.7300,0.8050
2970906,sitting,-1.0104,-0.0117,-0.0098,0.4900,-2.7300,0.8050
2970925,sitting,-1.0094,-0.0124,-0.0088,0.4900,-2.7300,0.7700
2970944,sitting,-1.0102,-0.0117,-0.0088,0.4900,-2.6950,0.7700
2970964,sitting,-1.0109,-0.0117,-0.0095,0.4900,-2.6950,0.7700
2970983,sitting,-1.0121,-0.0115,-0.0090,0.4900,-2.7300,0.7700
2971002,sitting,-1.0106,-0.0117,-0.0093,0.4900,-2.7300,0.7700
2971021,sitting,-1.0104,-0.0115,-0.0088,0.4200,-2.7300,0.8400
2971041,sitting,-1.0102,-0.0115,-0.0095,0.4550,-2.7300,0.7700
2971060,sitting,-1.0102,-0.0124,-0.0098,0.4550,-2.7300,0.8400
2971079,sitting,-1.0104,-0.0122,-0.0102,0.4900,-2.7300,0.8050
2971098,sitting,-1.0111,-0.0120,-0.0090,0.4900,-2.7300,0.7700
2971117,sitting,-1.0111,-0.0122,-0.0102,0.4900,-2.6950,0.7700
2971137,sitting,-1.0119,-0.0117,-0.0100,0.4900,-2.6950,0.8400
2971156,sitting,-1.0104,-0.0120,-0.0093,0.4900,-2.6950,0.8400
2971175,sitting,-1.0099,-0.0124,-0.0098,0.4200,-2.6950,0.8050
2971194,sitting,-1.0104,-0.0122,-0.0100,0.4900,-2.7300,0.8400
2971214,sitting,-1.0092,-0.0120,-0.0088,0.4900,-2.7300,0.8050
2971233,sitting,-1.0099,-0.0115,-0.0102,0.4900,-2.7300,0.7700
2971252,sitting,-1.0094,-0.0117,-0.0098,0.4900,-2.6950,0.8050
2971271,sitting,-1.0104,-0.0124,-0.0093,0.5250,-2.7300,0.8050
2971291,sitting,-1.0104,-0.0117,-0.0098,0.4900,-2.7300,0.7700
2971310,sitting,-1.0092,-0.0124,-0.0093,0.4900,-2.7300,0.8050
2971329,sitting,-1.0102,-0.0120,-0.0100,0.4900,-2.6950,0.8400
2971348,sitting,-1.0104,-0.0120,-0.0090,0.4900,-2.7300,0.8050
2971367,sitting,-1.0102,-0.0127,-0.0083,0.5250,-2.7300,0.8050
2971387,sitting,-1.0099,-0.0115,-0.0095,0.4900,-2.7300,0.8050
2971406,sitting,-1.0104,-0.0115,-0.0088,0.4900,-2.7300,0.8050
2971425,sitting,-1.0099,-0.0120,-0.0095,0.4900,-2.6950,0.8050
2971444,sitting,-1.0106,-0.0117,-0.0090,0.4900,-2.7300,0.7700
2971464,sitting,-1.0102,-0.0120,-0.0098,0.4900,-2.6950,0.8050
2971483,sitting,-1.0097,-0.0122,-0.0095,0.4550,-2.7300,0.7700
2971502,sitting,-1.0106,-0.0112,-0.0093,0.4550,-2.7300,0.8400
2971521,sitting,-1.0106,-0.0120,-0.0095,0.4900,-2.6600,0.8400
2971541,sitting,-1.0099,-0.0115,-0.0100,0.5250,-2.7300,0.8400
2971560,sitting,-1.0102,-0.0122,-0.0095,0.4900,-2.7300,0.7700
2971579,sitting,-1.0102,-0.0124,-0.0100,0.4900,-2.7300,0.7700
2971598,sitting,-1.0099,-0.0120,-0.0098,0.4900,-2.7300,0.8050
2971617,sitting,-1.0104,-0.0120,-0.0098,0.4900,-2.6950,0.8400
2971637,sitting,-1.0106,-0.0117,-0.0098,0.4900,-2.7300,0.7700
2971656,sitting,-1.0102,-0.0112,-0.0095,0.4200,-2.6950,0.8050
2971675,sitting,-1.0099,-0.0115,-0.0095,0.4900,-2.7300,0.7700
2971694,sitting,-1.0094,-0.0127,-0.0095,0.4900,-2.7300,0.7700
2971714,sitting,-1.0106,-0.0122,-0.0088,0.4900,-2.7300,0.7700
2971733,sitting,-1.0097,-0.0117,-0.0098,0.4550,-2.7300,0.7700
2971752,sitting,-1.0116,-0.0115,-0.0100,0.4550,-2.7300,0.7700
2971771,sitting,-1.0104,-0.0115,-0.0095,0.4550,-2.7300,0.7700
2971791,sitting,-1.0109,-0.0112,-0.0095,0.4900,-2.7300,0.7700
2971810,sitting,-1.0102,-0.0122,-0.0110,0.4900,-2.7300,0.8400
2971829,sitting,-1.0102,-0.0127,-0.0090,0.4900,-2.7300,0.8050
2971848,sitting,-1.0111,-0.0120,-0.0095,0.4900,-2.7300,0.7700
2971867,sitting,-1.0109,-0.0122,-0.0098,0.4900,-2.7300,0.7700
2971887,sitting,-1.0097,-0.0122,-0.0090,0.4550,-2.7300,0.8050
2971906,sitting,-1.0099,-0.0120,-0.0095,0.4900,-2.7300,0.8050
2971925,sitting,-1.0109,-0.0115,-0.0105,0.4900,-2.7300,0.8400
2971944,sitting,-1.0102,-0.0112,-0.0085,0.4900,-2.7300,0.7700
2971964,sitting,-1.0102,-0.0124,-0.0088,0.4900,-2.6950,0.7700
2971983,sitting,-1.0099,-0.0115,-0.0090,0.5600,-2.7300,0.8400
2972002,sitting,-1.0099,-0.0132,-0.0098,0.4550,-2.6950,0.7700
2972021,sitting,-1.0104,-0.0117,-0.0098,0.4900,-2.6950,0.8050
2972041,sitting,-1.0097,-0.0117,-0.0090,0.4900,-2.6950,0.8050
2972060,sitting,-1.0089,-0.0112,-0.0102,0.4900,-2.7300,0.8750
2972079,sitting,-1.0099,-0.0122,-0.0095,0.4900,-2.6950,0.8050
2972098,sitting,-1.0111,-0.0112,-0.0090,0.4900,-2.7300,0.8400
2972117,sitting,-1.0102,-0.0115,-0.0105,0.4900,-2.7300,0.7700
2972137,sitting,-1.0109,-0.0124,-0.0090,0.4550,-2.7300,0.8400
2972156,sitting,-1.0106,-0.0117,-0.0098,0.4900,-2.7300,0.7700
2972175,sitting,-1.0094,-0.0122,-0.0098,0.4900,-2.7300,0.8050
2972194,sitting,-1.0104,-0.0120,-0.0105,0.4900,-2.7300,0.7700
2972214,sitting,-1.0106,-0.0117,-0.0102,0.4900,-2.7300,0.8400
2972233,sitting,-1.0104,-0.0124,-0.0098,0.4900,-2.7300,0.8400
2972252,sitting,-1.0102,-0.0132,-0.0093,0.4550,-2.7300,0.7700
2972271,sitting,-1.0097,-0.0124,-0.0102,0.5250,-2.6950,0.7700
2972291,sitting,-1.0094,-0.0117,-0.0095,0.4900,-2.7300,0.7700
2972310,sitting,-1.0109,-0.0120,-0.0105,0.5250,-2.7300,0.7700
2972329,sitting,-1.0106,-0.0112,-0.0098,0.4900,-2.7300,0.7700
2972348,sitting,-1.0106,-0.0122,-0.0093,0.4900,-2.6950,0.7700
2972367,sitting,-1.0104,-0.0122,-0.0093,0.4900,-2.6600,0.7700
2972387,sitting,-1.0099,-0.0122,-0.0105,0.4550,-2.7300,0.7700
2972406,sitting,-1.0099,-0.0127,-0.0090,0.4900,-2.7300,0.8050
2972425,sitting,-1.0094,-0.0127,-0.0088,0.4550,-2.7300,0.7700
2972444,sitting,-1.0102,-0.0124,-0.0100,0.5250,-2.7300,0.7700
2972464,sitting,-1.0099,-0.0122,-0.0102,0.5250,-2.7300,0.7700
2972483,sitting,-1.0102,-0.0120,-0.0095,0.4550,-2.7300,0.7700
2972502,sitting,-1.0099,-0.0120,-0.0102,0.4900,-2.7300,0.7700
2972521,sitting,-1.0104,-0.0120,-0.0093,0.4550,-2.6950,0.7700
2972541,sitting,-1.0104,-0.0112,-0.0081,0.5250,-2.7300,0.7700
2972560,sitting,-1.0099,-0.0117,-0.0095,0.4900,-2.7300,0.7700
2972579,sitting,-1.0099,-0.0115,-0.0093,0.4900,-2.6950,0.7700
2972598,sitting,-1.0102,-0.0122,-0.0100,0.4900,-2.7300,0.7700
2972617,sitting,-1.0097,-0.0120,-0.0098,0.4900,-2.6950,0.8400
2972637,sitting,-1.0099,-0.0115,-0.0095,0.4900,-2.7300,0.8050
2972656,sitting,-1.0099,-0.0124,-0.0098,0.5250,-2.7300,0.8400
2972675,sitting,-1.0104,-0.0122,-0.0100,0.4900,-2.7300,0.8400
2972694,sitting,-1.0102,-0.0115,-0.0102,0.4900,-2.6950,0.8400
2972714,sitting,-1.0104,-0.0115,-0.0093,0.4900,-2.7300,0.8400
2972733,sitting,-1.0106,-0.0117,-0.0098,0.4900,-2.7300,0.7700
2972752,sitting,-1.0097,-0.0117,-0.0088,0.4900,-2.7300,0.7700
2972771,sitting,-1.0094,-0.0124,-0.0085,0.4900,-2.7300,0.7700
2972791,sitting,-1.0104,-0.0129,-0.0093,0.4900,-2.7300,0.8400
2972810,sitting,-1.0102,-0.0115,-0.0102,0.4550,-2.7300,0.7700
2972829,sitting,-1.0104,-0.0122,-0.0098,0.4550,-2.7300,0.8400
2972848,sitting,-1.0102,-0.0129,-0.0095,0.4550,-2.6950,0.8400
2972867,sitting,-1.0099,-0.0127,-0.0093,0.4900,-2.7300,0.7700
2972887,sitting,-1.0106,-0.0124,-0.0100,0.4550,-2.7300,0.8050
2972906,sitting,-1.0106,-0.0112,-0.0098,0.4900,-2.7300,0.7700
2972925,sitting,-1.0104,-0.0112,-0.0100,0.4900,-2.7300,0.7700
2972944,sitting,-1.0106,-0.0117,-0.0090,0.5250,-2.6950,0.7700
2972964,sitting,-1.0102,-0.0122,-0.0095,0.4900,-2.6950,0.8050
2972983,sitting,-1.0102,-0.0107,-0.0093,0.4900,-2.7300,0.8400
2973002,sitting,-1.0106,-0.0115,-0.0107,0.4900,-2.6950,0.8050
2973021,sitting,-1.0099,-0.0117,-0.0095,0.4900,-2.7300,0.7700
2973041,sitting,-1.0102,-0.0122,-0.0095,0.4900,-2.7300,0.7700
2973060,sitting,-1.0104,-0.0115,-0.0095,0.5250,-2.7300,0.7700
2973079,sitting,-1.0102,-0.0117,-0.0088,0.5250,-2.7300,0.7700
2973098,sitting,-1.0106,-0.0129,-0.0090,0.4900,-2.7300,0.7700
2973117,sitting,-1.0097,-0.0122,-0.0098,0.4900,-2.7300,0.7700
2973137,sitting,-1.0104,-0.0129,-0.0095,0.4550,-2.7300,0.7700
2973156,sitting,-1.0099,-0.0120,-0.0093,0.4900,-2.7300,0.7700
2973175,sitting,-1.0097,-0.0110,-0.0098,0.5600,-2.7300,0.7700
2973194,sitting,-1.0099,-0.0120,-0.0095,0.4900,-2.7300,0.7700
2973214,sitting,-1.0104,-0.0122,-0.0090,0.4900,-2.7300,0.8050
2973233,sitting,-1.0104,-0.0120,-0.0085,0.4900,-2.7300,0.8050
2973252,sitting,-1.0102,-0.0129,-0.0095,0.4900,-2.7300,0.7700
2973271,sitting,-1.0104,-0.0115,-0.0088,0.4900,-2.7300,0.7700
2973291,sitting,-1.0094,-0.0110,-0.0100,0.4900,-2.7300,0.7700
2973310,sitting,-1.0099,-0.0115,-0.0102,0.4900,-2.7300,0.8400
2973329,sitting,-1.0102,-0.0112,-0.0102,0.5250,-2.7300,0.7700
2973348,sitting,-1.0109,-0.0124,-0.0105,0.4900,-2.7300,0.8050
2973367,sitting,-1.0114,-0.0115,-0.0095,0.5250,-2.6950,0.8050
2973387,sitting,-1.0111,-0.0124,-0.0088,0.4900,-2.7300,0.8050
2973406,sitting,-1.0111,-0.0120,-0.0090,0.5250,-2.7300,0.7700
2973425,sitting,-1.0102,-0.0124,-0.0083,0.5250,-2.6950,0.7700
2973444,sitting,-1.0097,-0.0120,-0.0098,0.4900,-2.7300,0.7700
2973464,sitting,-1.0097,-0.0115,-0.0107,0.5250,-2.6950,0.8050
2973483,sitting,-1.0102,-0.0115,-0.0107,0.4900,-2.7300,0.7700
2973502,sitting,-1.0099,-0.0115,-0.0090,0.4550,-2.7300,0.7700
2973521,sitting,-1.0104,-0.0122,-0.0090,0.4900,-2.7300,0.7700
2973541,sitting,-1.0102,-0.0122,-0.0102,0.4900,-2.7300,0.7700
2973560,sitting,-1.0106,-0.0115,-0.0100,0.4900,-2.7300,0.8400
2973579,sitting,-1.0104,-0.0115,-0.0098,0.4900,-2.7300,0.8050
2973598,sitting,-1.0104,-0.0120,-0.0093,0.4900,-2.7300,0.7700
2973617,sitting,-1.0102,-0.0117,-0.0093,0.4900,-2.7300,0.7700
2973637,sitting,-1.0104,-0.0115,-0.0095,0.4900,-2.7300,0.7700
2973656,sitting,-1.0099,-0.0120,-0.0098,0.4900,-2.7300,0.8050
2973675,sitting,-1.0099,-0.0120,-0.0095,0.4900,-2.7300,0.7700
2973694,sitting,-1.0111,-0.0117,-0.0100,0.4900,-2.6600,0.8050
2973714,sitting,-1.0106,-0.0132,-0.0085,0.4900,-2.7300,0.8400
2973733,sitting,-1.0109,-0.0112,-0.0093,0.4900,-2.6600,0.8050
2973752,sitting,-1.0104,-0.0112,-0.0093,0.5250,-2.6950,0.8050
2973771,sitting,-1.0109,-0.0120,-0.0083,0.4900,-2.6950,0.7700
2973791,sitting,-1.0104,-0.0122,-0.0095,0.5250,-2.7300,0.8050
2973810,sitting,-1.0097,-0.0112,-0.0098,0.4900,-2.7300,0.8050
2973829,sitting,-1.0109,-0.0115,-0.0115,0.4900,-2.7300,0.7700
2973848,sitting,-1.0102,-0.0124,-0.0100,0.4900,-2.7300,0.8050
2973867,sitting,-1.0106,-0.0120,-0.0083,0.4900,-2.7300,0.8050
2973887,sitting,-1.0097,-0.0117,-0.0105,0.4900,-2.7300,0.8400
2973906,sitting,-1.0111,-0.0117,-0.0102,0.4900,-2.7300,0.8050
2973925,sitting,-1.0109,-0.0127,-0.0102,0.4900,-2.6950,0.7700
2973944,sitting,-1.0102,-0.0122,-0.0107,0.5250,-2.6950,0.7700
2973964,sitting,-1.0104,-0.0120,-0.0085,0.4900,-2.7300,0.8400
2973983,sitting,-1.0099,-0.0124,-0.0098,0.4900,-2.7300,0.8050
2974002,sitting,-1.0106,-0.0117,-0.0095,0.4900,-2.7300,0.7700
2974021,sitting,-1.0104,-0.0117,-0.0088,0.4900,-2.7300,0.8050
2974041,sitting,-1.0106,-0.0115,-0.0100,0.4900,-2.7300,0.8400
2974060,sitting,-1.0099,-0.0127,-0.0102,0.5250,-2.6950,0.8050
2974079,sitting,-1.0102,-0.0124,-0.0100,0.4900,-2.6600,0.7700
2974098,sitting,-1.0102,-0.0122,-0.0098,0.4900,-2.7300,0.7700
2974117,sitting,-1.0102,-0.0120,-0.0098,0.4900,-2.6600,0.8400
2974137,sitting,-1.0094,-0.0122,-0.0093,0.4550,-2.7300,0.7700
2974156,sitting,-1.0097,-0.0122,-0.0090,0.4900,-2.7300,0.7700
2974175,sitting,-1.0109,-0.0112,-0.0100,0.4900,-2.7300,0.7700
2974194,sitting,-1.0106,-0.0107,-0.0098,0.4900,-2.6600,0.7700
2974214,sitting,-1.0099,-0.0120,-0.0088,0.4900,-2.6950,0.7700
2974233,sitting,-1.0102,-0.0115,-0.0093,0.4550,-2.6950,0.8050
2974252,sitting,-1.0102,-0.0115,-0.0098,0.4900,-2.7300,0.8050
2974271,sitting,-1.0111,-0.0112,-0.0093,0.4900,-2.7300,0.8050
2974291,sitting,-1.0106,-0.0122,-0.0076,0.5250,-2.7300,0.8050
2974310,sitting,-1.0109,-0.0122,-0.0093,0.4900,-2.7300,0.8050
2974329,sitting,-1.0111,-0.0120,-0.0095,0.4550,-2.7300,0.8050
2974348,sitting,-1.0102,-0.0117,-0.0093,0.4900,-2.7300,0.8400
2974367,sitting,-1.0102,-0.0115,-0.0090,0.4900,-2.7300,0.7700
2974387,sitting,-1.0099,-0.0124,-0.0093,0.4900,-2.7300,0.7700
2974406,sitting,-1.0106,-0.0120,-0.0090,0.4900,-2.7300,0.7700
2974425,sitting,-1.0102,-0.0124,-0.0085,0.4900,-2.7300,0.8050
2974444,sitting,-1.0102,-0.0122,-0.0098,0.4550,-2.7300,0.8050
2974464,sitting,-1.0109,-0.0117,-0.0105,0.4900,-2.7300,0.7700
2974483,sitting,-1.0104,-0.0117,-0.0100,0.4900,-2.7300,0.8400
2974502,sitting,-1.0099,-0.0112,-0.0093,0.4900,-2.7300,0.7700
2974521,sitting,-1.0102,-0.0112,-0.0088,0.4900,-2.7300,0.8050
2974541,sitting,-1.0097,-0.0120,-0.0093,0.5250,-2.6950,0.8400
2974560,sitting,-1.0097,-0.0107,-0.0098,0.4900,-2.7300,0.8050
2974579,sitting,-1.0104,-0.0124,-0.0095,0.4900,-2.7300,0.8400
2974598,sitting,-1.0097,-0.0117,-0.0083,0.4900,-2.7300,0.8050
2974617,sitting,-1.0102,-0.0127,-0.0095,0.4550,-2.7300,0.8050
2974637,sitting,-1.0104,-0.0122,-0.0095,0.4900,-2.6950,0.8400
2974656,sitting,-1.0104,-0.0112,-0.0098,0.4900,-2.7300,0.8050
2974675,sitting,-1.0099,-0.0112,-0.0093,0.5250,-2.7300,0.8050
2974694,sitting,-1.0099,-0.0110,-0.0102,0.4550,-2.7300,0.8050
2974714,sitting,-1.0104,-0.0124,-0.0098,0.4900,-2.6950,0.7700
2974733,sitting,-1.0106,-0.0129,-0.0088,0.4900,-2.7300,0.8400
2974752,sitting,-1.0106,-0.0127,-0.0088,0.4900,-2.7300,0.8050
2974771,sitting,-1.0089,-0.0122,-0.0095,0.4900,-2.7300,0.7700
2974791,sitting,-1.0106,-0.0122,-0.0090,0.4900,-2.7300,0.8050
2974810,sitting,-1.0097,-0.0117,-0.0105,0.4900,-2.6600,0.8400
2974829,sitting,-1.0102,-0.0120,-0.0100,0.4900,-2.7300,0.7700
2974848,sitting,-1.0111,-0.0127,-0.0100,0.4900,-2.7300,0.7350
2974867,sitting,-1.0109,-0.0127,-0.0093,0.4550,-2.7300,0.8050
2974887,sitting,-1.0104,-0.0117,-0.0098,0.5250,-2.7300,0.7700
2974906,sitting,-1.0106,-0.0122,-0.0085,0.4900,-2.6950,0.7700
2974925,sitting,-1.0102,-0.0112,-0.0098,0.4900,-2.7300,0.7700
2974944,sitting,-1.0097,-0.0117,-0.0090,0.4900,-2.7300,0.8050
2974964,sitting,-1.0097,-0.0129,-0.0098,0.4900,-2.7300,0.7700
2974983,sitting,-1.0102,-0.0129,-0.0100,0.4900,-2.7300,0.7700
2975002,sitting,-1.0104,-0.0132,-0.0098,0.4900,-2.6950,0.8050
2975021,sitting,-1.0097,-0.0120,-0.0093,0.4900,-2.7300,0.8050
2975041,sitting,-1.0099,-0.0129,-0.0085,0.4900,-2.7300,0.8050
2975060,sitting,-1.0097,-0.0117,-0.0098,0.4900,-2.7300,0.7700
2975079,sitting,-1.0102,-0.0124,-0.0098,0.4900,-2.7300,0.7700
2975098,sitting,-1.0099,-0.0122,-0.0100,0.5250,-2.7300,0.8050
2975117,sitting,-1.0102,-0.0127,-0.0100,0.4900,-2.7300,0.8050
2975137,sitting,-1.0104,-0.0122,-0.0098,0.4900,-2.7300,0.7700
2975156,sitting,-1.0102,-0.0124,-0.0095,0.4900,-2.7300,0.7700
2975175,sitting,-1.0097,-0.0122,-0.0098,0.4550,-2.7300,0.8400
2975194,sitting,-1.0102,-0.0124,-0.0098,0.4550,-2.7300,0.8050
2975214,sitting,-1.0104,-0.0127,-0.0090,0.4900,-2.7300,0.8050
2975233,sitting,-1.0089,-0.0115,-0.0098,0.4900,-2.7300,0.7700
2975252,sitting,-1.0102,-0.0122,-0.0098,0.4900,-2.7300,0.7700
2975271,sitting,-1.0099,-0.0124,-0.0102,0.4550,-2.7300,0.7700
2975291,sitting,-1.0104,-0.0129,-0.0100,0.4900,-2.7300,0.8400
2975310,sitting,-1.0099,-0.0112,-0.0095,0.4900,-2.7300,0.7700
2975329,sitting,-1.0104,-0.0117,-0.0098,0.4900,-2.7300,0.8050
2975348,sitting,-1.0102,-0.0122,-0.0098,0.4550,-2.6950,0.8050
2975367,sitting,-1.0102,-0.0120,-0.0090,0.4900,-2.7300,0.8050
2975387,sitting,-1.0099,-0.0127,-0.0098,0.5250,-2.6950,0.8050
2975406,sitting,-1.0104,-0.0112,-0.0095,0.4900,-2.7300,0.8400
2975425,sitting,-1.0102,-0.0122,-0.0093,0.5250,-2.6950,0.7700
2975444,sitting,-1.0102,-0.0110,-0.0093,0.5250,-2.6950,0.8050
2975464,sitting,-1.0099,-0.0115,-0.0105,0.4900,-2.7300,0.8050
2975483,sitting,-1.0099,-0.0120,-0.0090,0.4900,-2.6950,0.7700
2975502,sitting,-1.0092,-0.0117,-0.0093,0.4900,-2.7300,0.7700
2975521,sitting,-1.0104,-0.0120,-0.0095,0.4900,-2.7300,0.7700
2975541,sitting,-1.0094,-0.0115,-0.0095,0.4900,-2.6950,0.8050
2975560,sitting,-1.0094,-0.0124,-0.0095,0.4900,-2.6950,0.8400
2975579,sitting,-1.0094,-0.0120,-0.0095,0.4900,-2.7300,0.8400
2975598,sitting,-1.0099,-0.0115,-0.0095,0.4900,-2.7300,0.8050
2975617,sitting,-1.0099,-0.0122,-0.0090,0.4900,-2.7300,0.8050
2975637,sitting,-1.0099,-0.0115,-0.0090,0.4900,-2.6950,0.7700
2975656,sitting,-1.0104,-0.0117,-0.0098,0.4550,-2.7300,0.8050
2975675,sitting,-1.0097,-0.0115,-0.0088,0.4900,-2.6600,0.7700
2975694,sitting,-1.0109,-0.0115,-0.0098,0.4550,-2.7300,0.7700
2975714,sitting,-1.0102,-0.0122,-0.0098,0.4900,-2.6600,0.7700
2975733,sitting,-1.0099,-0.0120,-0.0093,0.4900,-2.6950,0.7700
2975752,sitting,-1.0106,-0.0124,-0.0100,0.4900,-2.6950,0.7700
2975771,sitting,-1.0094,-0.0117,-0.0098,0.4900,-2.7300,0.7700
2975791,sitting,-1.0099,-0.0122,-0.0090,0.4900,-2.7300,0.7700
2975810,sitting,-1.0121,-0.0122,-0.0102,0.4900,-2.7300,0.7700
2975829,sitting,-1.0111,-0.0122,-0.0098,0.4900,-2.7300,0.8400
2975848,sitting,-1.0099,-0.0117,-0.0090,0.4900,-2.7300,0.7700
2975867,sitting,-1.0099,-0.0122,-0.0090,0.4900,-2.7300,0.7700
2975887,sitting,-1.0102,-0.0120,-0.0100,0.4550,-2.7300,0.7700
2975906,sitting,-1.0102,-0.0120,-0.0098,0.4550,-2.7300,0.7700
2975925,sitting,-1.0106,-0.0122,-0.0090,0.4900,-2.7300,0.8050
2975944,sitting,-1.0102,-0.0120,-0.0095,0.4900,-2.7300,0.8050
2975964,sitting,-1.0099,-0.0115,-0.0088,0.4550,-2.6950,0.8050
2975983,sitting,-1.0102,-0.0115,-0.0088,0.4900,-2.7300,0.7700
2976002,sitting,-1.0104,-0.0117,-0.0090,0.4900,-2.7300,0.7700
2976021,sitting,-1.0104,-0.0112,-0.0083,0.5250,-2.6950,0.7700
2976041,sitting,-1.0104,-0.0129,-0.0095,0.4900,-2.7300,0.7700
2976060,sitting,-1.0102,-0.0115,-0.0100,0.4550,-2.7300,0.8050
2976079,sitting,-1.0089,-0.0124,-0.0107,0.4900,-2.7300,0.7700
2976098,sitting,-1.0102,-0.0124,-0.0100,0.4900,-2.7300,0.7700
2976117,sitting,-1.0099,-0.0127,-0.0098,0.4900,-2.7300,0.8400
2976137,sitting,-1.0102,-0.0120,-0.0090,0.4900,-2.7300,0.8400
2976156,sitting,-1.0099,-0.0117,-0.0090,0.4900,-2.6600,0.7700
2976175,sitting,-1.0099,-0.0127,-0.0095,0.4550,-2.7300,0.7700
2976194,sitting,-1.0102,-0.0124,-0.0100,0.4900,-2.7300,0.8050
2976214,sitting,-1.0102,-0.0124,-0.0105,0.5250,-2.7300,0.8050
2976233,sitting,-1.0102,-0.0117,-0.0100,0.4900,-2.7300,0.8400
2976252,sitting,-1.0106,-0.0117,-0.0090,0.4900,-2.7300,0.7700
2976271,sitting,-1.0099,-0.0120,-0.0100,0.4550,-2.7300,0.7700
2976291,sitting,-1.0099,-0.0124,-0.0102,0.4900,-2.6950,0.7700
2976310,sitting,-1.0109,-0.0122,-0.0102,0.4900,-2.7300,0.7700
2976329,sitting,-1.0102,-0.0120,-0.0098,0.4900,-2.7300,0.7700
2976348,sitting,-1.0109,-0.0127,-0.0100,0.4550,-2.6950,0.8050
2976367,sitting,-1.0097,-0.0110,-0.0093,0.4900,-2.7300,0.7700
2976387,sitting,-1.0092,-0.0115,-0.0093,0.4900,-2.7300,0.8050
2976406,sitting,-1.0097,-0.0122,-0.0090,0.4900,-2.7300,0.8050
2976425,sitting,-1.0099,-0.0115,-0.0090,0.4900,-2.7300,0.7700
2976444,sitting,-1.0092,-0.0122,-0.0102,0.4900,-2.7300,0.8050
2976464,sitting,-1.0111,-0.0117,-0.0090,0.4900,-2.6950,0.7350
2976483,sitting,-1.0104,-0.0117,-0.0098,0.4900,-2.6950,0.8400
2976502,sitting,-1.0109,-0.0112,-0.0100,0.4900,-2.7300,0.8050
2976521,sitting,-1.0102,-0.0124,-0.0093,0.4900,-2.7300,0.8050
2976541,sitting,-1.0094,-0.0120,-0.0081,0.4900,-2.7300,0.8400
2976560,sitting,-1.0099,-0.0115,-0.0090,0.5600,-2.7300,0.7700
2976579,sitting,-1.0097,-0.0122,-0.0095,0.4900,-2.6950,0.8050
2976598,sitting,-1.0094,-0.0127,-0.0093,0.4900,-2.6950,0.7700
2976617,sitting,-1.0099,-0.0120,-0.0093,0.4900,-2.6600,0.7700
2976637,sitting,-1.0099,-0.0115,-0.0093,0.4900,-2.7300,0.7700
2976656,sitting,-1.0104,-0.0120,-0.0095,0.4900,-2.6950,0.7700
2976675,sitting,-1.0106,-0.0117,-0.0088,0.4900,-2.7300,0.7700
2976694,sitting,-1.0102,-0.0115,-0.0088,0.4550,-2.7300,0.7700
2976714,sitting,-1.0102,-0.0134,-0.0107,0.4900,-2.7300,0.7700
2976733,sitting,-1.0106,-0.0127,-0.0095,0.4900,-2.6950,0.8050
2976752,sitting,-1.0104,-0.0129,-0.0093,0.5250,-2.6950,0.8050
2976771,sitting,-1.0102,-0.0120,-0.0105,0.5250,-2.7300,0.7700
2976791,sitting,-1.0097,-0.0122,-0.0093,0.4900,-2.7300,0.7700
2976810,sitting,-1.0109,-0.0124,-0.0093,0.4900,-2.7300,0.7700
2976829,sitting,-1.0104,-0.0117,-0.0095,0.4900,-2.7300,0.8050
2976848,sitting,-1.0099,-0.0112,-0.0107,0.4900,-2.7300,0.8050
2976867,sitting,-1.0094,-0.0124,-0.0093,0.4900,-2.6950,0.8400
2976887,sitting,-1.0109,-0.0112,-0.0093,0.4550,-2.6950,0.8050
2976906,sitting,-1.0106,-0.0122,-0.0095,0.4900,-2.7300,0.7700
2976925,sitting,-1.0104,-0.0124,-0.0100,0.4900,-2.7300,0.7700
2976944,sitting,-1.0094,-0.0122,-0.0088,0.4900,-2.6950,0.7700
2976964,sitting,-1.0092,-0.0107,-0.0093,0.4900,-2.7300,0.7700
2976983,sitting,-1.0097,-0.0120,-0.0093,0.4550,-2.7300,0.7700
2977002,sitting,-1.0102,-0.0117,-0.0085,0.4900,-2.7300,0.8050
2977021,sitting,-1.0097,-0.0117,-0.0093,0.4900,-2.7300,0.8400
2977041,sitting,-1.0094,-0.0127,-0.0100,0.4900,-2.7300,0.8050
2977060,sitting,-1.0102,-0.0124,-0.0098,0.4900,-2.7300,0.7700
2977079,sitting,-1.0094,-0.0122,-0.0100,0.4900,-2.7300,0.7700
2977098,sitting,-1.0094,-0.0115,-0.0100,0.4900,-2.7300,0.8050
2977117,sitting,-1.0092,-0.0112,-0.0085,0.4900,-2.7300,0.7700
2977137,sitting,-1.0094,-0.0127,-0.0088,0.4900,-2.7650,0.7700
2977156,sitting,-1.0097,-0.0117,-0.0105,0.4900,-2.6950,0.7700
2977175,sitting,-1.0097,-0.0117,-0.0095,0.4900,-2.7300,0.8400
2977194,sitting,-1.0099,-0.0122,-0.0090,0.4900,-2.6950,0.8400
2977214,sitting,-1.0102,-0.0117,-0.0095,0.4900,-2.6950,0.8050
2977233,sitting,-1.0104,-0.0124,-0.0100,0.4900,-2.7300,0.7700
2977252,sitting,-1.0109,-0.0127,-0.0090,0.4900,-2.7300,0.8050
2977271,sitting,-1.0104,-0.0117,-0.0095,0.4900,-2.7300,0.7700
2977291,sitting,-1.0094,-0.0127,-0.0105,0.4900,-2.7300,0.7700
2977310,sitting,-1.0104,-0.0127,-0.0095,0.5250,-2.7300,0.8050
2977329,sitting,-1.0104,-0.0122,-0.0095,0.4900,-2.6950,0.7700
2977348,sitting,-1.0106,-0.0115,-0.0100,0.5250,-2.7300,0.7700
2977367,sitting,-1.0099,-0.0117,-0.0098,0.4900,-2.6950,0.8400
2977387,sitting,-1.0097,-0.0122,-0.0090,0.4900,-2.6950,0.7700
2977406,sitting,-1.0097,-0.0122,-0.0095,0.4900,-2.7300,0.8050
2977425,sitting,-1.0094,-0.0124,-0.0098,0.4900,-2.7300,0.8050
2977444,sitting,-1.0099,-0.0117,-0.0088,0.4550,-2.6950,0.7700
2977464,sitting,-1.0099,-0.0120,-0.0095,0.4900,-2.7300,0.8050
2977483,sitting,-1.0106,-0.0129,-0.0098,0.4900,-2.7300,0.8400
2977502,sitting,-1.0102,-0.0120,-0.0085,0.4900,-2.6950,0.8050
2977521,sitting,-1.0104,-0.0115,-0.0093,0.4900,-2.6950,0.8050
2977541,sitting,-1.0109,-0.0117,-0.0102,0.4900,-2.6950,0.8400
2977560,sitting,-1.0097,-0.0115,-0.0093,0.4900,-2.6950,0.8050
2977579,sitting,-1.0102,-0.0120,-0.0088,0.4900,-2.6950,0.7700
2977598,sitting,-1.0094,-0.0124,-0.0095,0.4900,-2.7300,0.8400
2977617,sitting,-1.0097,-0.0115,-0.0085,0.4900,-2.7300,0.8050
2977637,sitting,-1.0102,-0.0112,-0.0100,0.4900,-2.7300,0.7700
2977656,sitting,-1.0106,-0.0115,-0.0095,0.4900,-2.7300,0.8050
2977675,sitting,-1.0104,-0.0115,-0.0102,0.4900,-2.6950,0.8400
2977694,sitting,-1.0104,-0.0117,-0.0102,0.4900,-2.7300,0.8050
2977714,sitting,-1.0109,-0.0120,-0.0093,0.4900,-2.7300,0.8050
2977733,sitting,-1.0104,-0.0112,-0.0098,0.4550,-2.7300,0.8050
2977752,sitting,-1.0099,-0.0117,-0.0088,0.5250,-2.6950,0.8400
2977771,sitting,-1.0104,-0.0117,-0.0090,0.4900,-2.7300,0.8400
2977791,sitting,-1.0109,-0.0120,-0.0098,0.4900,-2.7300,0.7700
2977810,sitting,-1.0111,-0.0120,-0.0098,0.4900,-2.6950,0.7700
2977829,sitting,-1.0102,-0.0120,-0.0102,0.4900,-2.7300,0.8050
2977848,sitting,-1.0097,-0.0120,-0.0088,0.4900,-2.7300,0.7700
2977867,sitting,-1.0109,-0.0112,-0.0090,0.4550,-2.7300,0.7700
2977887,sitting,-1.0114,-0.0122,-0.0100,0.4900,-2.7300,0.8400
2977906,sitting,-1.0106,-0.0115,-0.0102,0.4200,-2.6950,0.7700
2977925,sitting,-1.0106,-0.0120,-0.0085,0.5250,-2.7300,0.8050
2977944,sitting,-1.0104,-0.0120,-0.0095,0.4900,-2.7300,0.8400
2977964,sitting,-1.0109,-0.0115,-0.0098,0.4900,-2.6950,0.8050
2977983,sitting,-1.0097,-0.0115,-0.0095,0.4900,-2.7300,0.7700
2978002,sitting,-1.0099,-0.0120,-0.0098,0.4900,-2.7300,0.7700
2978021,sitting,-1.0097,-0.0117,-0.0093,0.4900,-2.7300,0.7700
2978041,sitting,-1.0102,-0.0122,-0.0085,0.4900,-2.7300,0.8050
2978060,sitting,-1.0094,-0.0115,-0.0102,0.4900,-2.7300,0.8050
2978079,sitting,-1.0099,-0.0115,-0.0105,0.5600,-2.6950,0.8050
2978098,sitting,-1.0109,-0.0117,-0.0100,0.4550,-2.7300,0.8400
2978117,sitting,-1.0102,-0.0112,-0.0093,0.4900,-2.7300,0.7700
2978137,sitting,-1.0106,-0.0117,-0.0090,0.5250,-2.6950,0.8050
2978156,sitting,-1.0099,-0.0117,-0.0085,0.4900,-2.7300,0.8050
2978175,sitting,-1.0109,-0.0127,-0.0095,0.4900,-2.6600,0.8050
2978194,sitting,-1.0102,-0.0124,-0.0098,0.4900,-2.6950,0.7700
2978214,sitting,-1.0104,-0.0120,-0.0105,0.4900,-2.7300,0.8050
2978233,sitting,-1.0102,-0.0120,-0.0090,0.4900,-2.7300,0.8050
2978252,sitting,-1.0104,-0.0112,-0.0100,0.4900,-2.6950,0.7700
2978271,sitting,-1.0114,-0.0112,-0.0100,0.4900,-2.7300,0.7700
2978291,sitting,-1.0099,-0.0122,-0.0098,0.4900,-2.6950,0.8050
2978310,sitting,-1.0106,-0.0124,-0.0105,0.4900,-2.7300,0.7700
2978329,sitting,-1.0097,-0.0115,-0.0100,0.4900,-2.6950,0.7700
2978348,sitting,-1.0099,-0.0129,-0.0100,0.4900,-2.6950,0.8050
2978367,sitting,-1.0099,-0.0120,-0.0093,0.4900,-2.7300,0.8050
2978387,sitting,-1.0102,-0.0120,-0.0088,0.4900,-2.7300,0.7700
2978406,sitting,-1.0106,-0.0115,-0.0090,0.4900,-2.6950,0.7700
2978425,sitting,-1.0094,-0.0124,-0.0095,0.4900,-2.7300,0.8050
2978444,sitting,-1.0097,-0.0127,-0.0093,0.4550,-2.7300,0.7700
2978464,sitting,-1.0099,-0.0122,-0.0090,0.4900,-2.7300,0.8050
2978483,sitting,-1.0094,-0.0120,-0.0090,0.4550,-2.7300,0.8050
2978502,sitting,-1.0094,-0.0122,-0.0093,0.4900,-2.7300,0.7700
2978521,sitting,-1.0102,-0.0120,-0.0100,0.4900,-2.7300,0.8400
2978541,sitting,-1.0094,-0.0117,-0.0098,0.4900,-2.7300,0.8050
2978560,sitting,-1.0099,-0.0117,-0.0093,0.4550,-2.6600,0.7700
2978579,sitting,-1.0104,-0.0120,-0.0093,0.4550,-2.7300,0.8050
2978598,sitting,-1.0099,-0.0122,-0.0098,0.4550,-2.6950,0.8400
2978617,sitting,-1.0099,-0.0120,-0.0105,0.4900,-2.7300,0.7700
2978637,sitting,-1.0102,-0.0112,-0.0102,0.4550,-2.7300,0.8050
2978656,sitting,-1.0097,-0.0110,-0.0095,0.4550,-2.6600,0.7700
2978675,sitting,-1.0102,-0.0127,-0.0088,0.4900,-2.7300,0.8400
2978694,sitting,-1.0106,-0.0120,-0.0095,0.4900,-2.6600,0.8050
2978714,sitting,-1.0106,-0.0117,-0.0095,0.4900,-2.7300,0.8400
2978733,sitting,-1.0094,-0.0115,-0.0095,0.4900,-2.7300,0.7700
2978752,sitting,-1.0102,-0.0110,-0.0098,0.4900,-2.7300,0.8050
2978771,sitting,-1.0097,-0.0120,-0.0100,0.4900,-2.7300,0.8400
2978791,sitting,-1.0097,-0.0117,-0.0100,0.4550,-2.7300,0.8400
2978810,sitting,-1.0099,-0.0120,-0.0095,0.4900,-2.7300,0.8050
2978829,sitting,-1.0092,-0.0115,-0.0095,0.4900,-2.6600,0.7700
2978848,sitting,-1.0106,-0.0110,-0.0095,0.4550,-2.6950,0.7700
2978867,sitting,-1.0094,-0.0115,-0.0095,0.4900,-2.7300,0.7700
2978887,sitting,-1.0104,-0.0122,-0.0100,0.4550,-2.7300,0.8050
2978906,sitting,-1.0104,-0.0117,-0.0093,0.4900,-2.7300,0.8400
2978925,sitting,-1.0102,-0.0120,-0.0093,0.4900,-2.6600,0.8050
2978944,sitting,-1.0109,-0.0124,-0.0088,0.5250,-2.6950,0.7700
2978964,sitting,-1.0099,-0.0124,-0.0093,0.4900,-2.6950,0.8400
2978983,sitting,-1.0102,-0.0110,-0.0093,0.5250,-2.7300,0.7700
2979002,sitting,-1.0106,-0.0115,-0.0098,0.4900,-2.7300,0.7700
2979021,sitting,-1.0102,-0.0115,-0.0095,0.4900,-2.6950,0.8050
2979041,sitting,-1.0102,-0.0112,-0.0098,0.4550,-2.7300,0.7700
2979060,sitting,-1.0102,-0.0127,-0.0107,0.4900,-2.7300,0.8050
2979079,sitting,-1.0102,-0.0115,-0.0107,0.4900,-2.6950,0.8050
2979098,sitting,-1.0092,-0.0110,-0.0100,0.4900,-2.7300,0.8400
2979117,sitting,-1.0097,-0.0120,-0.0090,0.4900,-2.6950,0.7700
2979137,sitting,-1.0106,-0.0122,-0.0093,0.4900,-2.6600,0.7700
2979156,sitting,-1.0097,-0.0120,-0.0102,0.4550,-2.6600,0.7700
2979175,sitting,-1.0097,-0.0117,-0.0088,0.4550,-2.7300,0.7700
2979194,sitting,-1.0099,-0.0122,-0.0085,0.4900,-2.7300,0.7700
2979214,sitting,-1.0102,-0.0124,-0.0093,0.4900,-2.7300,0.8050
2979233,sitting,-1.0102,-0.0122,-0.0095,0.4550,-2.6950,0.7700
2979252,sitting,-1.0099,-0.0115,-0.0090,0.4900,-2.7300,0.7700
2979271,sitting,-1.0102,-0.0117,-0.0083,0.4900,-2.6950,0.8400
2979291,sitting,-1.0104,-0.0117,-0.0090,0.4900,-2.6950,0.7700
2979310,sitting,-1.0102,-0.0122,-0.0110,0.4900,-2.7300,0.7700
2979329,sitting,-1.0099,-0.0120,-0.0098,0.4900,-2.6950,0.7700
2979348,sitting,-1.0102,-0.0127,-0.0102,0.4900,-2.7300,0.8400
2979367,sitting,-1.0111,-0.0117,-0.0102,0.4900,-2.7300,0.7700
2979387,sitting,-1.0099,-0.0112,-0.0098,0.4900,-2.7300,0.7700
2979406,sitting,-1.0099,-0.0112,-0.0102,0.4550,-2.7300,0.7700
2979425,sitting,-1.0097,-0.0115,-0.0095,0.4900,-2.7300,0.7700
2979444,sitting,-1.0092,-0.0117,-0.0095,0.4900,-2.7300,0.7700
2979464,sitting,-1.0104,-0.0122,-0.0088,0.4900,-2.6950,0.7700
2979483,sitting,-1.0099,-0.0120,-0.0083,0.4900,-2.7300,0.7700
2979502,sitting,-1.0097,-0.0120,-0.0093,0.4550,-2.7300,0.8050
2979521,sitting,-1.0109,-0.0117,-0.0083,0.4550,-2.7300,0.7700
2979541,sitting,-1.0111,-0.0112,-0.0095,0.4900,-2.7300,0.7700
2979560,sitting,-1.0109,-0.0117,-0.0093,0.4900,-2.7300,0.7700
2979579,sitting,-1.0097,-0.0120,-0.0100,0.4900,-2.6950,0.7700
2979598,sitting,-1.0092,-0.0117,-0.0102,0.4900,-2.6950,0.7700
2979617,sitting,-1.0104,-0.0117,-0.0093,0.4900,-2.6600,0.8050
2979637,sitting,-1.0109,-0.0117,-0.0102,0.4900,-2.7300,0.8400
2979656,sitting,-1.0104,-0.0107,-0.0088,0.4900,-2.7300,0.8400
2979675,sitting,-1.0106,-0.0120,-0.0098,0.4550,-2.6950,0.8050
2979694,sitting,-1.0106,-0.0112,-0.0093,0.4900,-2.7300,0.8050
2979714,sitting,-1.0106,-0.0117,-0.0100,0.4900,-2.7300,0.7700
2979733,sitting,-1.0099,-0.0120,-0.0093,0.4900,-2.7300,0.7700
2979752,sitting,-1.0099,-0.0120,-0.0098,0.4900,-2.7300,0.8400
2979771,sitting,-1.0099,-0.0127,-0.0110,0.4900,-2.7300,0.7700
2979791,sitting,-1.0099,-0.0122,-0.0095,0.4200,-2.6950,0.8050
2979810,sitting,-1.0104,-0.0124,-0.0098,0.4900,-2.7300,0.7700
2979829,sitting,-1.0104,-0.0127,-0.0093,0.4900,-2.7300,0.7700
2979848,sitting,-1.0102,-0.0117,-0.0100,0.4900,-2.7300,0.7700
2979867,sitting,-1.0102,-0.0115,-0.0093,0.4900,-2.7300,0.7700
2979887,sitting,-1.0094,-0.0117,-0.0095,0.5600,-2.7300,0.7700
2979906,sitting,-1.0099,-0.0120,-0.0088,0.4550,-2.6950,0.7700
2979925,sitting,-1.0104,-0.0122,-0.0088,0.4900,-2.6950,0.7700
2979944,sitting,-1.0111,-0.0110,-0.0088,0.4900,-2.7300,0.7700
2979964,sitting,-1.0097,-0.0115,-0.0098,0.4900,-2.6950,0.8050
2979983,sitting,-1.0106,-0.0127,-0.0093,0.5250,-2.7300,0.8400
2980002,sitting,-1.0119,-0.0122,-0.0095,0.5250,-2.7300,0.7700
2980021,sitting,-1.0106,-0.0117,-0.0090,0.4550,-2.7300,0.8050
2980041,sitting,-1.0092,-0.0124,-0.0093,0.4900,-2.6950,0.7700
2980060,sitting,-1.0109,-0.0112,-0.0095,0.4900,-2.6600,0.7700
2980079,sitting,-1.0102,-0.0112,-0.0085,0.4900,-2.7300,0.7700
2980098,sitting,-1.0104,-0.0120,-0.0090,0.4900,-2.7300,0.8050
2980117,sitting,-1.0106,-0.0122,-0.0095,0.5250,-2.7300,0.8050
2980137,sitting,-1.0097,-0.0122,-0.0088,0.4900,-2.7300,0.8050
2980156,sitting,-1.0104,-0.0127,-0.0093,0.4900,-2.7300,0.7700
2980175,sitting,-1.0099,-0.0112,-0.0098,0.4900,-2.6950,0.7700
2980194,sitting,-1.0104,-0.0110,-0.0105,0.4900,-2.6950,0.8050
2980214,sitting,-1.0106,-0.0110,-0.0100,0.4900,-2.7300,0.8050
2980233,sitting,-1.0102,-0.0120,-0.0098,0.4550,-2.7300,0.8050
2980252,sitting,-1.0106,-0.0117,-0.0105,0.4900,-2.6950,0.8400
2980271,sitting,-1.0094,-0.0124,-0.0098,0.4900,-2.7300,0.8050
2980291,sitting,-1.0099,-0.0120,-0.0093,0.4900,-2.7300,0.7700
2980310,sitting,-1.0102,-0.0110,-0.0088,0.4900,-2.6950,0.8400
2980329,sitting,-1.0099,-0.0117,-0.0085,0.4900,-2.6950,0.8050
2980348,sitting,-1.0106,-0.0124,-0.0102,0.4900,-2.7300,0.7700
2980367,sitting,-1.0099,-0.0134,-0.0100,0.5250,-2.7300,0.7700
2980387,sitting,-1.0111,-0.0122,-0.0098,0.4550,-2.7300,0.7700
2980406,sitting,-1.0116,-0.0127,-0.0098,0.4900,-2.6950,0.8050
2980425,sitting,-1.0102,-0.0127,-0.0088,0.4900,-2.6950,0.8050
2980444,sitting,-1.0104,-0.0122,-0.0098,0.4900,-2.6950,0.7700
2980464,sitting,-1.0104,-0.0115,-0.0093,0.4550,-2.6950,0.7700
2980483,sitting,-1.0102,-0.0112,-0.0095,0.4900,-2.7300,0.8400
2980502,sitting,-1.0109,-0.0112,-0.0100,0.5250,-2.7300,0.7700
2980521,sitting,-1.0109,-0.0122,-0.0100,0.4900,-2.7300,0.7700
2980541,sitting,-1.0092,-0.0122,-0.0095,0.4900,-2.7300,0.8050
2980560,sitting,-1.0106,-0.0115,-0.0098,0.4900,-2.7650,0.8050
2980579,sitting,-1.0104,-0.0112,-0.0095,0.4900,-2.7300,0.7700
2980598,sitting,-1.0111,-0.0120,-0.0088,0.4900,-2.7300,0.7700
2980617,sitting,-1.0099,-0.0120,-0.0085,0.4900,-2.6950,0.8050
2980637,sitting,-1.0092,-0.0115,-0.0090,0.4900,-2.6950,0.7700
2980656,sitting,-1.0104,-0.0120,-0.0090,0.5250,-2.6950,0.8050
2980675,sitting,-1.0114,-0.0117,-0.0098,0.4900,-2.7300,0.8050
2980694,sitting,-1.0114,-0.0124,-0.0085,0.4550,-2.6950,0.8050
2980714,sitting,-1.0106,-0.0117,-0.0095,0.4900,-2.6600,0.7700
2980733,sitting,-1.0099,-0.0115,-0.0098,0.5250,-2.6950,0.7700
2980752,sitting,-1.0102,-0.0122,-0.0098,0.4900,-2.7300,0.7700
2980771,sitting,-1.0099,-0.0124,-0.0095,0.4900,-2.6950,0.7700
2980791,sitting,-1.0109,-0.0127,-0.0088,0.5250,-2.6950,0.8050
2980810,sitting,-1.0102,-0.0124,-0.0090,0.4900,-2.7300,0.7700
2980829,sitting,-1.0102,-0.0120,-0.0093,0.4900,-2.7300,0.7700
2980848,sitting,-1.0104,-0.0120,-0.0095,0.4900,-2.6950,0.7700
2980867,sitting,-1.0097,-0.0122,-0.0100,0.4900,-2.7300,0.8050
2980887,sitting,-1.0102,-0.0120,-0.0102,0.4900,-2.7300,0.7700
2980906,sitting,-1.0102,-0.0124,-0.0095,0.4550,-2.6600,0.7700
2980925,sitting,-1.0099,-0.0120,-0.0098,0.5250,-2.6950,0.7700
2980944,sitting,-1.0104,-0.0124,-0.0088,0.5250,-2.7300,0.7700
2980964,sitting,-1.0106,-0.0122,-0.0100,0.4550,-2.6950,0.7700
2980983,sitting,-1.0111,-0.0120,-0.0095,0.4900,-2.7300,0.7700
2981002,sitting,-1.0104,-0.0115,-0.0090,0.4550,-2.7300,0.8050
2981021,sitting,-1.0102,-0.0127,-0.0095,0.4550,-2.7300,0.7700
2981041,sitting,-1.0106,-0.0110,-0.0100,0.4900,-2.7300,0.7700
2981060,sitting,-1.0097,-0.0117,-0.0100,0.4900,-2.7300,0.7700
2981079,sitting,-1.0109,-0.0120,-0.0095,0.4550,-2.7300,0.8050
2981098,sitting,-1.0111,-0.0117,-0.0098,0.4900,-2.7300,0.8400
2981117,sitting,-1.0106,-0.0127,-0.0095,0.4550,-2.7300,0.7700
2981137,sitting,-1.0104,-0.0127,-0.0098,0.4550,-2.6950,0.8400
2981156,sitting,-1.0099,-0.0122,-0.0102,0.4900,-2.7300,0.8050
2981175,sitting,-1.0099,-0.0124,-0.0102,0.4900,-2.7300,0.7700
2981194,sitting,-1.0099,-0.0115,-0.0098,0.4900,-2.6950,0.7700
2981214,sitting,-1.0109,-0.0117,-0.0095,0.4900,-2.7300,0.7700
2981233,sitting,-1.0094,-0.0107,-0.0100,0.4550,-2.6950,0.7700
2981252,sitting,-1.0099,-0.0115,-0.0085,0.4900,-2.7300,0.7700
2981271,sitting,-1.0102,-0.0115,-0.0088,0.4900,-2.7300,0.7700
2981291,sitting,-1.0104,-0.0117,-0.0095,0.4900,-2.7300,0.7700
2981310,sitting,-1.0099,-0.0120,-0.0085,0.4900,-2.6950,0.8050
2981329,sitting,-1.0106,-0.0120,-0.0090,0.4900,-2.7300,0.8400
2981348,sitting,-1.0106,-0.0120,-0.0085,0.4900,-2.7300,0.8400
2981367,sitting,-1.0099,-0.0115,-0.0093,0.4900,-2.7300,0.8050
2981387,sitting,-1.0106,-0.0117,-0.0102,0.4900,-2.7300,0.7700
2981406,sitting,-1.0106,-0.0120,-0.0105,0.4900,-2.7300,0.7700
2981425,sitting,-1.0099,-0.0129,-0.0088,0.4900,-2.7300,0.7700
2981444,sitting,-1.0104,-0.0115,-0.0102,0.4900,-2.7300,0.7700
2981464,sitting,-1.0094,-0.0122,-0.0098,0.4900,-2.7300,0.7700
2981483,sitting,-1.0106,-0.0117,-0.0095,0.4900,-2.7300,0.8050
2981502,sitting,-1.0094,-0.0117,-0.0098,0.4900,-2.7300,0.8050
2981521,sitting,-1.0092,-0.0105,-0.0100,0.4900,-2.6950,0.8050
2981541,sitting,-1.0099,-0.0112,-0.0098,0.4900,-2.7300,0.8050
2981560,sitting,-1.0104,-0.0127,-0.0095,0.4550,-2.7300,0.8050
2981579,sitting,-1.0102,-0.0124,-0.0088,0.4900,-2.7300,0.7700
2981598,sitting,-1.0094,-0.0112,-0.0100,0.4900,-2.7300,0.7700
2981617,sitting,-1.0099,-0.0117,-0.0100,0.5250,-2.7300,0.7700
2981637,sitting,-1.0106,-0.0124,-0.0098,0.4900,-2.7300,0.8050
2981656,sitting,-1.0106,-0.0122,-0.0098,0.5600,-2.6950,0.7700
2981675,sitting,-1.0097,-0.0107,-0.0095,0.4900,-2.7300,0.7700
2981694,sitting,-1.0099,-0.0122,-0.0098,0.4900,-2.7300,0.7700
2981714,sitting,-1.0102,-0.0124,-0.0088,0.5250,-2.6950,0.8050
2981733,sitting,-1.0099,-0.0124,-0.0095,0.4900,-2.7300,0.7700
2981752,sitting,-1.0102,-0.0120,-0.0100,0.4900,-2.6950,0.8050
2981771,sitting,-1.0104,-0.0120,-0.0090,0.4900,-2.7300,0.7700
2981791,sitting,-1.0102,-0.0120,-0.0088,0.4900,-2.6950,0.8400
2981810,sitting,-1.0099,-0.0127,-0.0095,0.4900,-2.7300,0.8050
2981829,sitting,-1.0089,-0.0124,-0.0093,0.4900,-2.7650,0.8050
2981848,sitting,-1.0109,-0.0122,-0.0107,0.4550,-2.7300,0.7700
2981867,sitting,-1.0109,-0.0129,-0.0095,0.4550,-2.7300,0.7700
2981887,sitting,-1.0109,-0.0122,-0.0098,0.4900,-2.7300,0.8050
2981906,sitting,-1.0097,-0.0117,-0.0095,0.4900,-2.7300,0.7700
2981925,sitting,-1.0104,-0.0117,-0.0095,0.4900,-2.7300,0.8050
2981944,sitting,-1.0099,-0.0122,-0.0090,0.4900,-2.7300,0.7700
2981964,sitting,-1.0106,-0.0129,-0.0098,0.4200,-2.7300,0.8050
2981983,sitting,-1.0102,-0.0117,-0.0093,0.4900,-2.6950,0.7700
2982002,sitting,-1.0094,-0.0115,-0.0102,0.4900,-2.7300,0.8400
2982021,sitting,-1.0094,-0.0122,-0.0090,0.4900,-2.6950,0.7700
2982041,sitting,-1.0109,-0.0110,-0.0085,0.4900,-2.7300,0.8050
2982060,sitting,-1.0099,-0.0117,-0.0095,0.4900,-2.7300,0.8400
2982079,sitting,-1.0104,-0.0115,-0.0090,0.4900,-2.6950,0.8050
2982098,sitting,-1.0106,-0.0110,-0.0098,0.4900,-2.7300,0.8400
2982117,sitting,-1.0102,-0.0112,-0.0088,0.4900,-2.7300,0.7700
2982137,sitting,-1.0111,-0.0117,-0.0110,0.4900,-2.7300,0.7700
2982156,sitting,-1.0109,-0.0117,-0.0098,0.4900,-2.7300,0.8050
2982175,sitting,-1.0102,-0.0115,-0.0095,0.4900,-2.7300,0.7700
2982194,sitting,-1.0099,-0.0115,-0.0095,0.4900,-2.7650,0.7700
2982214,sitting,-1.0092,-0.0112,-0.0098,0.4900,-2.7300,0.8050
2982233,sitting,-1.0102,-0.0112,-0.0093,0.4900,-2.6950,0.8050
2982252,sitting,-1.0104,-0.0127,-0.0088,0.4900,-2.6600,0.8400
2982271,sitting,-1.0099,-0.0132,-0.0098,0.4900,-2.7300,0.8050
2982291,sitting,-1.0097,-0.0132,-0.0100,0.4900,-2.7300,0.8400
2982310,sitting,-1.0097,-0.0124,-0.0093,0.4900,-2.7300,0.8050
2982329,sitting,-1.0097,-0.0127,-0.0098,0.4900,-2.7300,0.8050
2982348,sitting,-1.0097,-0.0117,-0.0107,0.4900,-2.7300,0.7700
2982367,sitting,-1.0102,-0.0110,-0.0095,0.4900,-2.6950,0.8050
2982387,sitting,-1.0097,-0.0120,-0.0100,0.4900,-2.7300,0.7700
2982406,sitting,-1.0106,-0.0110,-0.0093,0.4900,-2.6950,0.7700
2982425,sitting,-1.0102,-0.0112,-0.0093,0.5250,-2.7300,0.7700
2982444,sitting,-1.0109,-0.0112,-0.0095,0.4900,-2.7300,0.8400
2982464,sitting,-1.0104,-0.0120,-0.0090,0.4900,-2.7300,0.8400
2982483,sitting,-1.0102,-0.0127,-0.0098,0.4900,-2.6950,0.8050
2982502,sitting,-1.0097,-0.0122,-0.0095,0.4900,-2.6950,0.8050
2982521,sitting,-1.0104,-0.0115,-0.0095,0.4900,-2.7300,0.8400
2982541,sitting,-1.0092,-0.0115,-0.0100,0.4900,-2.6600,0.7700
2982560,sitting,-1.0102,-0.0120,-0.0088,0.4550,-2.7300,0.7700
2982579,sitting,-1.0109,-0.0120,-0.0093,0.4900,-2.7300,0.7700
2982598,sitting,-1.0102,-0.0115,-0.0090,0.4900,-2.6950,0.7700
2982617,sitting,-1.0106,-0.0122,-0.0100,0.4900,-2.7300,0.7700
2982637,sitting,-1.0104,-0.0127,-0.0088,0.4550,-2.7300,0.7700
2982656,sitting,-1.0102,-0.0120,-0.0093,0.4900,-2.7300,0.8050
2982675,sitting,-1.0102,-0.0117,-0.0102,0.5250,-2.7300,0.8050
2982694,sitting,-1.0099,-0.0124,-0.0093,0.4900,-2.7300,0.7700
2982714,sitting,-1.0104,-0.0115,-0.0088,0.4900,-2.7300,0.7700
2982733,sitting,-1.0106,-0.0117,-0.0093,0.5250,-2.7300,0.7700
2982752,sitting,-1.0102,-0.0117,-0.0102,0.4900,-2.7300,0.8050
2982771,sitting,-1.0099,-0.0115,-0.0093,0.4900,-2.7300,0.8400
2982791,sitting,-1.0099,-0.0110,-0.0098,0.4550,-2.7300,0.8400
2982810,sitting,-1.0102,-0.0127,-0.0102,0.4550,-2.6600,0.8050
2982829,sitting,-1.0102,-0.0117,-0.0105,0.4900,-2.6950,0.7700
2982848,sitting,-1.0097,-0.0117,-0.0098,0.4900,-2.6950,0.7700
2982867,sitting,-1.0106,-0.0129,-0.0098,0.4900,-2.6950,0.7700
2982887,sitting,-1.0104,-0.0127,-0.0098,0.4900,-2.7300,0.8050
2982906,sitting,-1.0102,-0.0110,-0.0100,0.4900,-2.7300,0.8050
2982925,sitting,-1.0104,-0.0120,-0.0112,0.4550,-2.7300,0.7700
2982944,sitting,-1.0102,-0.0115,-0.0098,0.4900,-2.6950,0.8050
2982964,sitting,-1.0094,-0.0122,-0.0090,0.4900,-2.7300,0.8400
2982983,sitting,-1.0094,-0.0117,-0.0093,0.4900,-2.6950,0.8400
2983002,sitting,-1.0087,-0.0115,-0.0095,0.4900,-2.6950,0.7700
2983021,sitting,-1.0102,-0.0117,-0.0098,0.5250,-2.7300,0.8400
2983041,sitting,-1.0099,-0.0117,-0.0095,0.4900,-2.6950,0.7700
2983060,sitting,-1.0099,-0.0115,-0.0090,0.4900,-2.7300,0.7700
2983079,sitting,-1.0089,-0.0120,-0.0095,0.4550,-2.7300,0.8400
2983098,sitting,-1.0114,-0.0117,-0.0090,0.4900,-2.7300,0.8400
2983117,sitting,-1.0106,-0.0117,-0.0105,0.5250,-2.7300,0.8050
2983137,sitting,-1.0102,-0.0117,-0.0100,0.4900,-2.7300,0.8050
2983156,sitting,-1.0106,-0.0120,-0.0088,0.4550,-2.6950,0.8050
2983175,sitting,-1.0104,-0.0122,-0.0093,0.5250,-2.7300,0.7700
2983194,sitting,-1.0111,-0.0122,-0.0088,0.4900,-2.7300,0.8050
2983214,sitting,-1.0106,-0.0122,-0.0090,0.4550,-2.7300,0.8050
2983233,sitting,-1.0104,-0.0120,-0.0107,0.4900,-2.6950,0.7700
2983252,sitting,-1.0097,-0.0110,-0.0095,0.4900,-2.7300,0.8400
2983271,sitting,-1.0106,-0.0110,-0.0090,0.5250,-2.7300,0.8400
2983291,sitting,-1.0106,-0.0115,-0.0093,0.4900,-2.6600,0.8050
2983310,sitting,-1.0109,-0.0124,-0.0090,0.4550,-2.7300,0.8050
2983329,sitting,-1.0094,-0.0122,-0.0090,0.4550,-2.7300,0.7700
2983348,sitting,-1.0092,-0.0124,-0.0090,0.4900,-2.7300,0.7700
2983367,sitting,-1.0097,-0.0117,-0.0100,0.4900,-2.6950,0.7700
2983387,sitting,-1.0099,-0.0129,-0.0102,0.4900,-2.7300,0.7700
2983406,sitting,-1.0097,-0.0122,-0.0093,0.4900,-2.7300,0.7700
2983425,sitting,-1.0104,-0.0117,-0.0098,0.4900,-2.7300,0.7700
2983444,sitting,-1.0116,-0.0122,-0.0088,0.5250,-2.6950,0.7700
2983464,sitting,-1.0097,-0.0115,-0.0085,0.4900,-2.7300,0.7700
2983483,sitting,-1.0092,-0.0124,-0.0088,0.5250,-2.7300,0.7700
2983502,sitting,-1.0102,-0.0124,-0.0090,0.4900,-2.7300,0.7700
2983521,sitting,-1.0099,-0.0117,-0.0095,0.4900,-2.6950,0.7700
2983541,sitting,-1.0102,-0.0120,-0.0102,0.4550,-2.7300,0.8400
2983560,sitting,-1.0097,-0.0129,-0.0088,0.4900,-2.7300,0.7700
2983579,sitting,-1.0097,-0.0115,-0.0093,0.4900,-2.7300,0.8400
2983598,sitting,-1.0099,-0.0132,-0.0088,0.4550,-2.7300,0.7700
2983617,sitting,-1.0102,-0.0124,-0.0088,0.4550,-2.7300,0.8050
2983637,sitting,-1.0106,-0.0124,-0.0085,0.4900,-2.7300,0.8400
2983656,sitting,-1.0106,-0.0112,-0.0093,0.4900,-2.7300,0.8050
2983675,sitting,-1.0106,-0.0120,-0.0085,0.4900,-2.7300,0.7700
2983694,sitting,-1.0085,-0.0122,-0.0095,0.4900,-2.7300,0.8050
2983714,sitting,-1.0092,-0.0124,-0.0095,0.4900,-2.7300,0.8400
2983733,sitting,-1.0099,-0.0122,-0.0093,0.4900,-2.7300,0.8400
2983752,sitting,-1.0104,-0.0117,-0.0090,0.4900,-2.7300,0.7700
2983771,sitting,-1.0102,-0.0120,-0.0093,0.4900,-2.7300,0.7700
2983791,sitting,-1.0099,-0.0120,-0.0085,0.4900,-2.7300,0.8400
2983810,sitting,-1.0102,-0.0112,-0.0090,0.4550,-2.7300,0.8400
2983829,sitting,-1.0104,-0.0117,-0.0102,0.4550,-2.7300,0.8400
2983848,sitting,-1.0102,-0.0117,-0.0088,0.4900,-2.6950,0.8400
2983867,sitting,-1.0094,-0.0112,-0.0085,0.4900,-2.7300,0.8050
2983887,sitting,-1.0092,-0.0112,-0.0093,0.4900,-2.7300,0.7700
2983906,sitting,-1.0094,-0.0122,-0.0098,0.4900,-2.7300,0.8050
2983925,sitting,-1.0102,-0.0110,-0.0085,0.4900,-2.7300,0.7700
2983944,sitting,-1.0102,-0.0115,-0.0095,0.4900,-2.7300,0.7700
2983964,sitting,-1.0104,-0.0124,-0.0107,0.4550,-2.7300,0.8050
2983983,sitting,-1.0102,-0.0120,-0.0090,0.4900,-2.7300,0.8050
2984002,sitting,-1.0106,-0.0120,-0.0088,0.4550,-2.6950,0.7700
2984021,sitting,-1.0092,-0.0115,-0.0095,0.4900,-2.7300,0.8050
2984041,sitting,-1.0102,-0.0110,-0.0098,0.4900,-2.7300,0.7700
2984060,sitting,-1.0099,-0.0115,-0.0102,0.4900,-2.7300,0.8400
2984079,sitting,-1.0106,-0.0115,-0.0102,0.4900,-2.6950,0.7700
2984098,sitting,-1.0102,-0.0117,-0.0098,0.4900,-2.7300,0.8400
2984117,sitting,-1.0109,-0.0117,-0.0102,0.4900,-2.7300,0.8050
2984137,sitting,-1.0104,-0.0115,-0.0102,0.4900,-2.6950,0.8400
2984156,sitting,-1.0102,-0.0107,-0.0098,0.4900,-2.6600,0.7700
2984175,sitting,-1.0102,-0.0107,-0.0105,0.4900,-2.6950,0.7700
2984194,sitting,-1.0102,-0.0115,-0.0098,0.5250,-2.6950,0.8050
2984214,sitting,-1.0106,-0.0127,-0.0098,0.4900,-2.7300,0.7700
2984233,sitting,-1.0109,-0.0112,-0.0093,0.4900,-2.7300,0.8400
2984252,sitting,-1.0097,-0.0107,-0.0090,0.5250,-2.7300,0.8050
2984271,sitting,-1.0102,-0.0122,-0.0090,0.4900,-2.7300,0.8400
2984291,sitting,-1.0104,-0.0120,-0.0098,0.4900,-2.6950,0.8050
2984310,sitting,-1.0106,-0.0115,-0.0093,0.4900,-2.7300,0.8400
2984329,sitting,-1.0102,-0.0129,-0.0093,0.4900,-2.7300,0.8050
2984348,sitting,-1.0106,-0.0122,-0.0095,0.4900,-2.7300,0.8050
2984367,sitting,-1.0099,-0.0112,-0.0088,0.4900,-2.7300,0.7700
2984387,sitting,-1.0102,-0.0120,-0.0090,0.4900,-2.6950,0.7700
2984406,sitting,-1.0097,-0.0122,-0.0095,0.4900,-2.7300,0.8050
2984425,sitting,-1.0094,-0.0120,-0.0095,0.4200,-2.7300,0.8050
2984444,sitting,-1.0102,-0.0117,-0.0098,0.4550,-2.6950,0.8050
2984464,sitting,-1.0109,-0.0127,-0.0100,0.4900,-2.7300,0.8050
2984483,sitting,-1.0104,-0.0112,-0.0090,0.4900,-2.7300,0.8050
2984502,sitting,-1.0102,-0.0112,-0.0085,0.4900,-2.7300,0.8050
2984521,sitting,-1.0097,-0.0124,-0.0098,0.4550,-2.6950,0.7700
2984541,sitting,-1.0089,-0.0112,-0.0100,0.4900,-2.7300,0.7700
2984560,sitting,-1.0097,-0.0117,-0.0093,0.4900,-2.7300,0.7700
2984579,sitting,-1.0092,-0.0122,-0.0093,0.4900,-2.7300,0.8400
2984598,sitting,-1.0106,-0.0122,-0.0095,0.4900,-2.7300,0.8400
2984617,sitting,-1.0094,-0.0122,-0.0085,0.4900,-2.6950,0.7700
2984637,sitting,-1.0099,-0.0117,-0.0083,0.4900,-2.7300,0.8050
2984656,sitting,-1.0109,-0.0120,-0.0105,0.4900,-2.7300,0.7700
2984675,sitting,-1.0102,-0.0120,-0.0105,0.4900,-2.7300,0.8400
2984694,sitting,-1.0102,-0.0115,-0.0093,0.4900,-2.7300,0.8050
2984714,sitting,-1.0089,-0.0120,-0.0093,0.4900,-2.6950,0.8050
2984733,sitting,-1.0099,-0.0120,-0.0098,0.4900,-2.6950,0.8050
2984752,sitting,-1.0104,-0.0117,-0.0095,0.4550,-2.6950,0.7700
2984771,sitting,-1.0099,-0.0117,-0.0105,0.4900,-2.6950,0.7700
2984791,sitting,-1.0087,-0.0124,-0.0093,0.4900,-2.6950,0.8050
2984810,sitting,-1.0102,-0.0122,-0.0095,0.4900,-2.7300,0.7700
2984829,sitting,-1.0104,-0.0127,-0.0095,0.4900,-2.6950,0.7700
2984848,sitting,-1.0099,-0.0107,-0.0098,0.4900,-2.7300,0.8050
2984867,sitting,-1.0097,-0.0115,-0.0095,0.4900,-2.7300,0.7700
2984887,sitting,-1.0094,-0.0115,-0.0093,0.4900,-2.7300,0.8050
2984906,sitting,-1.0094,-0.0117,-0.0095,0.5250,-2.6950,0.8050
2984925,sitting,-1.0106,-0.0122,-0.0098,0.4900,-2.7300,0.8050
2984944,sitting,-1.0106,-0.0117,-0.0090,0.4900,-2.7300,0.8400
2984964,sitting,-1.0104,-0.0115,-0.0088,0.4900,-2.7300,0.7700
2984983,sitting,-1.0104,-0.0115,-0.0093,0.5250,-2.7300,0.7700
2985002,sitting,-1.0102,-0.0107,-0.0098,0.4900,-2.7300,0.8400
2985021,sitting,-1.0114,-0.0107,-0.0105,0.4550,-2.7300,0.8400
2985041,sitting,-1.0104,-0.0122,-0.0090,0.4900,-2.7300,0.7700
2985060,sitting,-1.0106,-0.0122,-0.0093,0.4900,-2.7300,0.8400
2985079,sitting,-1.0092,-0.0122,-0.0088,0.4900,-2.7300,0.8050
2985098,sitting,-1.0104,-0.0117,-0.0105,0.4900,-2.7300,0.7700
2985117,sitting,-1.0094,-0.0120,-0.0090,0.4900,-2.7300,0.7700
2985137,sitting,-1.0109,-0.0120,-0.0095,0.4900,-2.7300,0.7700
2985156,sitting,-1.0099,-0.0120,-0.0090,0.4900,-2.6950,0.8050
2985175,sitting,-1.0106,-0.0122,-0.0090,0.4900,-2.7300,0.7700
2985194,sitting,-1.0102,-0.0110,-0.0090,0.4900,-2.7300,0.8050
2985214,sitting,-1.0104,-0.0110,-0.0093,0.4900,-2.7300,0.8400
2985233,sitting,-1.0099,-0.0117,-0.0098,0.4900,-2.7300,0.8400
2985252,sitting,-1.0099,-0.0115,-0.0100,0.4900,-2.7300,0.8050
2985271,sitting,-1.0094,-0.0117,-0.0090,0.4900,-2.7300,0.8400
2985291,sitting,-1.0099,-0.0120,-0.0090,0.4900,-2.6950,0.7700
2985310,sitting,-1.0104,-0.0112,-0.0095,0.4900,-2.7300,0.7700
2985329,sitting,-1.0102,-0.0120,-0.0098,0.4900,-2.6950,0.8400
2985348,sitting,-1.0099,-0.0117,-0.0095,0.4900,-2.7300,0.8400
2985367,sitting,-1.0102,-0.0120,-0.0098,0.4900,-2.6950,0.8400
2985387,sitting,-1.0097,-0.0115,-0.0100,0.4900,-2.7300,0.8050
2985406,sitting,-1.0106,-0.0115,-0.0098,0.4900,-2.7300,0.8050
2985425,sitting,-1.0104,-0.0124,-0.0088,0.4900,-2.7300,0.8050
2985444,sitting,-1.0094,-0.0117,-0.0093,0.4900,-2.7300,0.7700
2985464,sitting,-1.0099,-0.0110,-0.0107,0.4900,-2.7300,0.7700
2985483,sitting,-1.0104,-0.0112,-0.0107,0.5250,-2.7300,0.7700
2985502,sitting,-1.0104,-0.0112,-0.0090,0.4900,-2.7300,0.7700
2985521,sitting,-1.0099,-0.0120,-0.0098,0.4900,-2.7300,0.7700
