timestamp_ms,label,acc_x_g,acc_y_g,acc_z_g,gyro_x_dps,gyro_y_dps,gyro_z_dps
61377987,sitting,-0.0163,0.0386,-0.9667,0.8750,-3.5700,-0.0700
61378006,sitting,-0.0163,0.0383,-0.9670,0.8400,-3.5000,-0.1400
61378025,sitting,-0.0159,0.0400,-0.9662,0.8400,-3.5350,-0.0700
61378044,sitting,-0.0163,0.0390,-0.9655,0.8400,-3.5350,-0.1050
61378064,sitting,-0.0168,0.0388,-0.9660,0.8400,-3.5700,-0.1400
61378083,sitting,-0.0163,0.0388,-0.9675,0.8400,-3.5000,-0.1050
61378102,sitting,-0.0166,0.0407,-0.9660,0.8400,-3.5350,-0.0700
61378121,sitting,-0.0163,0.0395,-0.9662,0.8400,-3.5000,-0.0700
61378141,sitting,-0.0161,0.0398,-0.9662,0.8050,-3.5000,-0.1050
61378160,sitting,-0.0159,0.0395,-0.9675,0.8400,-3.5350,-0.0700
61378179,sitting,-0.0163,0.0395,-0.9677,0.8400,-3.5350,-0.0700
61378198,sitting,-0.0151,0.0395,-0.9675,0.8400,-3.5000,-0.0700
61378218,sitting,-0.0159,0.0393,-0.9677,0.8750,-3.5350,-0.0700
61378237,sitting,-0.0163,0.0390,-0.9667,0.8400,-3.5700,-0.0700
61378256,sitting,-0.0166,0.0395,-0.9675,0.8750,-3.5000,-0.0700
61378275,sitting,-0.0159,0.0383,-0.9670,0.8400,-3.5000,-0.1050
61378294,sitting,-0.0161,0.0393,-0.9665,0.8400,-3.5700,-0.0350
61378314,sitting,-0.0161,0.0398,-0.9662,0.8400,-3.5700,-0.1400
61378333,sitting,-0.0154,0.0393,-0.9670,0.8400,-3.5000,-0.0700
61378352,sitting,-0.0154,0.0388,-0.9672,0.8400,-3.5350,-0.0700
61378371,sitting,-0.0161,0.0398,-0.9675,0.8400,-3.5350,-0.0700
61378391,sitting,-0.0163,0.0395,-0.9662,0.8050,-3.5350,-0.1400
61378410,sitting,-0.0166,0.0400,-0.9672,0.8400,-3.5700,-0.0700
61378429,sitting,-0.0159,0.0395,-0.9672,0.8400,-3.5700,-0.0700
61378448,sitting,-0.0163,0.0398,-0.9667,0.8400,-3.5000,-0.0700
61378468,sitting,-0.0163,0.0383,-0.9679,0.8400,-3.5350,-0.0700
61378487,sitting,-0.0163,0.0386,-0.9672,0.8750,-3.5700,-0.1400
61378506,sitting,-0.0161,0.0390,-0.9655,0.8400,-3.5000,-0.0700
61378525,sitting,-0.0154,0.0393,-0.9665,0.8400,-3.4650,-0.1050
61378544,sitting,-0.0166,0.0393,-0.9665,0.8750,-3.5350,-0.1050
61378564,sitting,-0.0159,0.0395,-0.9660,0.8400,-3.5350,-0.0700
61378583,sitting,-0.0163,0.0400,-0.9655,0.8750,-3.5000,-0.1050
61378602,sitting,-0.0171,0.0390,-0.9677,0.8400,-3.5350,-0.1400
61378621,sitting,-0.0168,0.0388,-0.9667,0.8750,-3.5350,-0.0700
61378641,sitting,-0.0159,0.0400,-0.9677,0.7700,-3.5000,-0.0700
61378660,sitting,-0.0161,0.0393,-0.9672,0.8750,-3.5700,-0.0700
61378679,sitting,-0.0156,0.0398,-0.9675,0.8750,-3.5700,-0.0700
61378698,sitting,-0.0171,0.0393,-0.9670,0.8400,-3.5000,-0.1050
61378718,sitting,-0.0156,0.0388,-0.9667,0.8400,-3.5000,-0.0350
61378737,sitting,-0.0144,0.0386,-0.9665,0.8400,-3.5000,-0.0700
61378756,sitting,-0.0161,0.0386,-0.9665,0.8400,-3.5350,-0.1050
61378775,sitting,-0.0156,0.0383,-0.9670,0.8400,-3.5700,-0.0700
61378794,sitting,-0.0159,0.0393,-0.9667,0.8400,-3.5700,-0.0700
61378814,sitting,-0.0161,0.0395,-0.9670,0.8400,-3.5000,-0.0700
61378833,sitting,-0.0159,0.0390,-0.9677,0.8750,-3.5350,-0.0700
61378852,sitting,-0.0161,0.0390,-0.9667,0.9100,-3.5350,-0.0700
61378871,sitting,-0.0161,0.0393,-0.9662,0.8400,-3.5350,-0.0700
61378891,sitting,-0.0168,0.0395,-0.9665,0.8750,-3.5350,-0.1050
61378910,sitting,-0.0173,0.0393,-0.9672,0.8400,-3.5350,-0.0700
61378929,sitting,-0.0168,0.0395,-0.9662,0.8050,-3.5000,-0.0700
61378948,sitting,-0.0163,0.0393,-0.9665,0.8400,-3.5000,-0.1050
61378968,sitting,-0.0159,0.0398,-0.9658,0.8750,-3.5700,-0.0700
61378987,sitting,-0.0161,0.0398,-0.9675,0.8400,-3.5700,-0.0700
61379006,sitting,-0.0159,0.0393,-0.9672,0.7700,-3.4650,-0.1400
61379025,sitting,-0.0168,0.0393,-0.9667,0.8400,-3.5350,-0.0700
61379044,sitting,-0.0154,0.0390,-0.9667,0.8750,-3.5700,-0.0700
61379064,sitting,-0.0161,0.0395,-0.9667,0.8400,-3.5350,-0.0700
61379083,sitting,-0.0166,0.0390,-0.9675,0.8400,-3.5000,-0.0700
61379102,sitting,-0.0154,0.0390,-0.9670,0.8400,-3.5350,-0.0700
61379121,sitting,-0.0159,0.0398,-0.9660,0.8400,-3.5000,-0.0700
61379141,sitting,-0.0163,0.0390,-0.9667,0.8400,-3.5700,-0.0700
61379160,sitting,-0.0168,0.0398,-0.9665,0.8400,-3.5350,-0.1050
61379179,sitting,-0.0166,0.0395,-0.9670,0.8750,-3.5350,-0.0700
61379198,sitting,-0.0156,0.0390,-0.9662,0.8400,-3.4650,-0.1400
61379218,sitting,-0.0163,0.0390,-0.9675,0.8400,-3.5350,-0.0700
61379237,sitting,-0.0171,0.0395,-0.9667,0.8400,-3.5700,-0.1050
61379256,sitting,-0.0163,0.0403,-0.9672,0.8400,-3.5350,-0.1050
61379275,sitting,-0.0168,0.0393,-0.9660,0.8750,-3.5350,-0.0700
61379294,sitting,-0.0159,0.0386,-0.9670,0.8400,-3.5000,-0.1050
61379314,sitting,-0.0156,0.0388,-0.9675,0.8400,-3.4650,-0.0700
61379333,sitting,-0.0173,0.0393,-0.9660,0.9100,-3.5350,-0.0700
61379352,sitting,-0.0154,0.0395,-0.9658,0.9100,-3.5350,-0.0700
61379371,sitting,-0.0161,0.0388,-0.9667,0.8400,-3.5000,-0.0700
61379391,sitting,-0.0156,0.0393,-0.9670,0.8400,-3.5000,-0.1050
61379410,sitting,-0.0154,0.0386,-0.9677,0.8400,-3.5000,-0.0700
61379429,sitting,-0.0161,0.0393,-0.9672,0.8750,-3.5000,-0.1400
61379448,sitting,-0.0156,0.0403,-0.9667,0.8400,-3.5350,-0.0700
61379468,sitting,-0.0159,0.0393,-0.9670,0.9100,-3.5700,-0.0700
61379487,sitting,-0.0178,0.0388,-0.9662,0.8400,-3.5350,-0.1400
61379506,sitting,-0.0166,0.0388,-0.9665,0.8400,-3.5000,-0.1050
61379525,sitting,-0.0163,0.0400,-0.9672,0.8400,-3.5000,-0.1050
61379544,sitting,-0.0161,0.0398,-0.9665,0.8050,-3.5000,-0.1400
61379564,sitting,-0.0163,0.0393,-0.9667,0.8400,-3.5350,-0.0700
61379583,sitting,-0.0161,0.0378,-0.9667,0.8400,-3.5350,-0.0700
61379602,sitting,-0.0163,0.0388,-0.9682,0.8050,-3.5000,-0.1050
61379621,sitting,-0.0178,0.0393,-0.9662,0.8050,-3.5000,-0.1050
61379641,sitting,-0.0163,0.0398,-0.9670,0.8400,-3.5700,-0.1400
61379660,sitting,-0.0168,0.0393,-0.9682,0.8050,-3.5700,-0.1050
61379679,sitting,-0.0163,0.0398,-0.9675,0.8400,-3.5350,-0.0700
61379698,sitting,-0.0168,0.0386,-0.9670,0.8750,-3.5700,-0.1050
61379718,sitting,-0.0163,0.0393,-0.9665,0.8400,-3.5350,-0.1050
61379737,sitting,-0.0161,0.0403,-0.9660,0.8050,-3.4650,-0.1050
61379756,sitting,-0.0161,0.0395,-0.9672,0.7700,-3.5000,-0.0700
61379775,sitting,-0.0156,0.0390,-0.9662,0.8400,-3.5700,-0.1400
61379794,sitting,-0.0159,0.0388,-0.9658,0.8050,-3.5000,-0.0700
61379814,sitting,-0.0161,0.0386,-0.9658,0.8400,-3.5700,-0.1050
61379833,sitting,-0.0163,0.0393,-0.9670,0.8400,-3.5700,-0.0700
61379852,sitting,-0.0156,0.0390,-0.9662,0.8400,-3.5350,-0.0700
61379871,sitting,-0.0161,0.0398,-0.9667,0.8400,-3.5000,-0.0700
61379891,sitting,-0.0161,0.0400,-0.9677,0.8400,-3.5000,-0.1050
61379910,sitting,-0.0161,0.0393,-0.9660,0.8750,-3.5350,-0.0700
61379929,sitting,-0.0161,0.0393,-0.9665,0.8400,-3.5000,-0.0700
61379948,sitting,-0.0163,0.0386,-0.9667,0.9450,-3.5000,-0.0700
61379968,sitting,-0.0156,0.0395,-0.9667,0.8400,-3.5350,-0.1400
61379987,sitting,-0.0171,0.0393,-0.9670,0.8400,-3.5000,-0.1050
61380006,sitting,-0.0173,0.0386,-0.9665,0.8750,-3.5350,-0.0700
61380025,sitting,-0.0168,0.0390,-0.9665,0.8400,-3.5000,-0.0700
61380044,sitting,-0.0166,0.0398,-0.9675,0.8750,-3.5000,-0.0700
61380064,sitting,-0.0159,0.0393,-0.9670,0.8750,-3.5700,-0.1050
61380083,sitting,-0.0166,0.0393,-0.9675,0.8400,-3.5350,-0.0350
61380102,sitting,-0.0161,0.0390,-0.9660,0.8400,-3.5000,-0.1400
61380121,sitting,-0.0163,0.0390,-0.9662,0.8400,-3.5350,-0.0700
61380141,sitting,-0.0163,0.0390,-0.9662,0.8400,-3.5700,-0.1050
61380160,sitting,-0.0163,0.0398,-0.9672,0.8400,-3.5350,-0.0700
61380179,sitting,-0.0161,0.0390,-0.9665,0.8050,-3.5350,-0.0350
61380198,sitting,-0.0156,0.0386,-0.9665,0.8750,-3.5000,-0.0700
61380218,sitting,-0.0151,0.0398,-0.9677,0.8750,-3.5000,-0.0700
61380237,sitting,-0.0161,0.0395,-0.9672,0.7700,-3.4650,-0.0700
61380256,sitting,-0.0161,0.0393,-0.9660,0.8750,-3.5700,-0.0700
61380275,sitting,-0.0163,0.0393,-0.9667,0.8400,-3.5350,-0.0700
61380294,sitting,-0.0168,0.0393,-0.9658,0.8400,-3.5350,-0.0350
61380314,sitting,-0.0173,0.0405,-0.9665,0.8400,-3.5350,-0.0700
61380333,sitting,-0.0156,0.0400,-0.9667,0.8750,-3.5350,-0.0700
61380352,sitting,-0.0168,0.0395,-0.9665,0.8400,-3.5000,-0.1400
61380371,sitting,-0.0161,0.0395,-0.9665,0.8400,-3.5350,-0.1050
61380391,sitting,-0.0161,0.0395,-0.9665,0.8750,-3.5000,-0.0700
61380410,sitting,-0.0161,0.0388,-0.9667,0.8400,-3.4650,-0.1050
61380429,sitting,-0.0168,0.0388,-0.9670,0.8400,-3.5350,-0.1050
61380448,sitting,-0.0171,0.0405,-0.9662,0.8750,-3.6050,-0.0700
61380468,sitting,-0.0168,0.0393,-0.9662,0.8400,-3.5350,-0.0700
61380487,sitting,-0.0166,0.0388,-0.9658,0.7700,-3.5000,-0.1050
61380506,sitting,-0.0161,0.0395,-0.9667,0.9100,-3.5350,-0.0700
61380525,sitting,-0.0178,0.0398,-0.9667,0.8050,-3.5700,-0.0700
61380544,sitting,-0.0163,0.0390,-0.9675,0.8050,-3.4650,-0.1400
61380564,sitting,-0.0163,0.0388,-0.9667,0.8400,-3.5350,-0.0700
61380583,sitting,-0.0168,0.0398,-0.9665,0.8750,-3.5000,-0.0700
61380602,sitting,-0.0173,0.0403,-0.9672,0.8050,-3.4650,-0.0700
61380621,sitting,-0.0171,0.0398,-0.9672,0.8750,-3.5350,-0.0700
61380641,sitting,-0.0161,0.0393,-0.9660,0.8750,-3.5350,-0.0350
61380660,sitting,-0.0156,0.0395,-0.9665,0.8400,-3.5000,-0.1050
61380679,sitting,-0.0161,0.0395,-0.9662,0.8400,-3.5000,-0.1050
61380698,sitting,-0.0156,0.0386,-0.9655,0.8400,-3.5350,-0.0700
61380718,sitting,-0.0156,0.0390,-0.9662,0.8400,-3.5350,-0.0700
61380737,sitting,-0.0168,0.0388,-0.9670,0.8750,-3.5000,-0.1400
61380756,sitting,-0.0161,0.0393,-0.9675,0.8400,-3.5350,-0.1400
61380775,sitting,-0.0161,0.0400,-0.9665,0.8750,-3.5000,-0.0700
61380794,sitting,-0.0159,0.0398,-0.9670,0.8050,-3.5000,-0.1400
61380814,sitting,-0.0156,0.0393,-0.9665,0.8400,-3.5350,-0.0700
61380833,sitting,-0.0176,0.0393,-0.9662,0.8400,-3.5350,-0.1050
61380852,sitting,-0.0163,0.0395,-0.9658,0.8400,-3.5700,-0.0700
61380871,sitting,-0.0163,0.0390,-0.9672,0.8400,-3.5350,-0.0700
61380891,sitting,-0.0154,0.0386,-0.9658,0.8400,-3.5000,-0.0700
61380910,sitting,-0.0163,0.0393,-0.9670,0.8750,-3.5000,-0.0700
61380929,sitting,-0.0161,0.0390,-0.9655,0.8400,-3.5350,-0.1050
61380948,sitting,-0.0173,0.0398,-0.9665,0.8400,-3.5350,-0.1050
61380968,sitting,-0.0168,0.0390,-0.9662,0.8750,-3.5000,-0.0700
61380987,sitting,-0.0161,0.0398,-0.9667,0.8750,-3.5350,-0.0700
61381006,sitting,-0.0159,0.0400,-0.9665,0.8400,-3.5350,-0.0700
61381025,sitting,-0.0163,0.0395,-0.9662,0.7700,-3.4650,-0.0700
61381044,sitting,-0.0171,0.0398,-0.9658,0.8400,-3.5000,-0.0700
61381064,sitting,-0.0171,0.0395,-0.9667,0.8400,-3.5350,-0.0700
61381083,sitting,-0.0171,0.0398,-0.9662,0.8050,-3.4650,-0.0700
61381102,sitting,-0.0166,0.0393,-0.9662,0.8400,-3.5000,-0.1050
61381121,sitting,-0.0171,0.0386,-0.9665,0.8750,-3.5700,-0.1050
61381141,sitting,-0.0176,0.0393,-0.9655,0.8750,-3.5700,-0.0700
61381160,sitting,-0.0159,0.0400,-0.9655,0.8400,-3.5350,-0.0700
61381179,sitting,-0.0161,0.0390,-0.9667,0.8750,-3.5700,-0.1400
61381198,sitting,-0.0168,0.0393,-0.9670,0.8400,-3.5350,-0.0700
61381218,sitting,-0.0154,0.0386,-0.9672,0.8400,-3.5000,-0.1050
61381237,sitting,-0.0166,0.0400,-0.9662,0.8400,-3.5700,-0.0700
61381256,sitting,-0.0161,0.0388,-0.9660,0.8400,-3.5350,-0.0700
61381275,sitting,-0.0161,0.0398,-0.9653,0.8400,-3.5000,-0.0700
61381294,sitting,-0.0163,0.0398,-0.9658,0.8400,-3.5350,-0.0700
61381314,sitting,-0.0156,0.0390,-0.9658,0.8400,-3.5000,-0.1050
61381333,sitting,-0.0163,0.0395,-0.9672,0.8400,-3.5000,-0.1050
61381352,sitting,-0.0168,0.0390,-0.9665,0.8400,-3.4650,-0.1050
61381371,sitting,-0.0171,0.0398,-0.9667,0.8400,-3.5000,-0.0700
61381391,sitting,-0.0168,0.0386,-0.9667,0.8400,-3.5350,-0.1400
61381410,sitting,-0.0166,0.0393,-0.9667,0.8400,-3.5000,-0.1050
61381429,sitting,-0.0159,0.0398,-0.9653,0.8750,-3.5350,-0.1050
61381448,sitting,-0.0156,0.0403,-0.9670,0.8400,-3.5000,-0.0700
61381468,sitting,-0.0161,0.0383,-0.9670,0.8400,-3.5350,-0.1050
61381487,sitting,-0.0161,0.0390,-0.9648,0.8750,-3.5700,-0.0700
61381506,sitting,-0.0163,0.0400,-0.9662,0.8750,-3.5700,-0.1400
61381525,sitting,-0.0163,0.0393,-0.9665,0.8050,-3.5350,-0.1050
61381544,sitting,-0.0166,0.0393,-0.9667,0.8050,-3.5000,-0.1050
61381564,sitting,-0.0161,0.0395,-0.9670,0.8400,-3.5700,-0.0700
61381583,sitting,-0.0168,0.0388,-0.9660,0.8400,-3.5000,-0.0700
61381602,sitting,-0.0166,0.0393,-0.9667,0.8400,-3.5350,-0.0700
61381621,sitting,-0.0146,0.0393,-0.9670,0.8750,-3.5000,-0.0700
61381641,sitting,-0.0156,0.0400,-0.9670,0.8400,-3.5000,-0.0700
61381660,sitting,-0.0166,0.0386,-0.9667,0.8400,-3.5000,-0.0700
61381679,sitting,-0.0173,0.0393,-0.9667,0.8400,-3.5700,-0.0700
61381698,sitting,-0.0166,0.0395,-0.9665,0.8400,-3.5000,-0.0700
61381718,sitting,-0.0156,0.0395,-0.9665,0.8400,-3.5350,-0.1050
61381737,sitting,-0.0171,0.0393,-0.9665,0.8750,-3.5350,-0.1050
61381756,sitting,-0.0171,0.0400,-0.9672,0.8400,-3.4650,-0.0700
61381775,sitting,-0.0161,0.0388,-0.9667,0.8400,-3.5000,-0.1050
61381794,sitting,-0.0173,0.0395,-0.9660,0.8400,-3.5700,-0.0700
61381814,sitting,-0.0168,0.0395,-0.9662,0.8400,-3.5000,-0.0700
61381833,sitting,-0.0163,0.0390,-0.9653,0.8750,-3.5350,-0.0350
61381852,sitting,-0.0163,0.0393,-0.9655,0.9100,-3.5000,-0.0350
61381871,sitting,-0.0166,0.0395,-0.9665,0.8400,-3.5000,-0.0700
61381891,sitting,-0.0168,0.0407,-0.9667,0.8050,-3.5350,-0.0700
61381910,sitting,-0.0156,0.0390,-0.9665,0.8400,-3.5350,-0.0700
61381929,sitting,-0.0163,0.0390,-0.9660,0.8400,-3.5700,-0.0700
61381948,sitting,-0.0163,0.0395,-0.9672,0.8400,-3.5000,-0.1400
61381968,sitting,-0.0163,0.0390,-0.9667,0.8750,-3.5700,-0.0700
61381987,sitting,-0.0159,0.0393,-0.9658,0.8750,-3.5350,-0.0700
61382006,sitting,-0.0163,0.0398,-0.9665,0.8050,-3.5000,-0.0700
61382025,sitting,-0.0161,0.0393,-0.9665,0.8050,-3.4650,-0.1050
61382044,sitting,-0.0163,0.0388,-0.9662,0.8750,-3.5000,-0.1050
61382064,sitting,-0.0154,0.0403,-0.9660,0.8400,-3.5000,-0.1400
61382083,sitting,-0.0163,0.0400,-0.9677,0.8050,-3.5000,-0.0700
61382102,sitting,-0.0168,0.0388,-0.9655,0.8400,-3.5700,-0.1050
61382121,sitting,-0.0161,0.0393,-0.9672,0.8400,-3.5350,-0.1050
61382141,sitting,-0.0163,0.0388,-0.9667,0.8050,-3.4650,-0.1050
61382160,sitting,-0.0163,0.0393,-0.9660,0.8750,-3.5700,-0.0700
61382179,sitting,-0.0168,0.0393,-0.9667,0.8750,-3.5700,-0.0700
61382198,sitting,-0.0156,0.0395,-0.9670,0.8750,-3.5350,-0.1050
61382218,sitting,-0.0161,0.0390,-0.9672,0.8400,-3.5350,-0.0700
61382237,sitting,-0.0166,0.0393,-0.9670,0.8400,-3.5350,-0.0700
61382256,sitting,-0.0166,0.0398,-0.9667,0.8400,-3.5000,-0.1050
61382275,sitting,-0.0173,0.0393,-0.9670,0.8750,-3.5000,-0.0700
61382294,sitting,-0.0156,0.0398,-0.9675,0.8400,-3.5700,-0.1050
61382314,sitting,-0.0161,0.0398,-0.9679,0.8050,-3.5000,-0.1050
61382333,sitting,-0.0151,0.0395,-0.9675,0.8750,-3.5000,-0.0700
61382352,sitting,-0.0161,0.0398,-0.9658,0.8750,-3.5350,-0.1400
61382371,sitting,-0.0159,0.0395,-0.9660,0.8400,-3.5000,-0.1050
61382391,sitting,-0.0154,0.0390,-0.9675,0.8400,-3.5350,-0.0700
61382410,sitting,-0.0154,0.0388,-0.9670,0.8750,-3.5350,-0.1400
61382429,sitting,-0.0163,0.0393,-0.9665,0.8050,-3.5350,-0.0700
61382448,sitting,-0.0176,0.0395,-0.9667,0.8400,-3.5350,-0.0700
61382468,sitting,-0.0168,0.0390,-0.9665,0.8750,-3.5700,-0.0700
61382487,sitting,-0.0163,0.0388,-0.9665,0.8750,-3.5000,-0.1050
61382506,sitting,-0.0163,0.0395,-0.9665,0.8400,-3.4650,-0.0700
61382525,sitting,-0.0163,0.0393,-0.9665,0.8750,-3.5350,-0.0700
61382544,sitting,-0.0173,0.0398,-0.9675,0.8400,-3.5700,-0.0700
61382564,sitting,-0.0166,0.0395,-0.9665,0.8400,-3.5000,-0.1400
61382583,sitting,-0.0168,0.0398,-0.9660,0.8400,-3.5700,-0.0350
61382602,sitting,-0.0168,0.0393,-0.9665,0.9100,-3.5350,-0.0350
61382621,sitting,-0.0163,0.0388,-0.9670,0.8750,-3.5000,-0.1050
61382641,sitting,-0.0166,0.0393,-0.9662,0.8400,-3.5700,-0.0700
61382660,sitting,-0.0161,0.0390,-0.9665,0.8400,-3.5700,-0.1050
61382679,sitting,-0.0163,0.0398,-0.9655,0.8400,-3.5350,-0.0700
61382698,sitting,-0.0156,0.0395,-0.9667,0.8400,-3.5000,-0.0700
61382718,sitting,-0.0168,0.0388,-0.9667,0.8750,-3.5700,-0.0700
61382737,sitting,-0.0163,0.0393,-0.9667,0.8400,-3.5350,-0.0700
61382756,sitting,-0.0163,0.0393,-0.9670,0.8400,-3.5000,-0.1400
61382775,sitting,-0.0166,0.0388,-0.9670,0.8750,-3.5350,-0.0700
61382794,sitting,-0.0168,0.0393,-0.9665,0.8400,-3.5000,-0.1050
61382814,sitting,-0.0168,0.0395,-0.9670,0.8400,-3.5000,-0.0700
61382833,sitting,-0.0161,0.0393,-0.9667,0.8400,-3.5350,-0.0700
61382852,sitting,-0.0163,0.0398,-0.9662,0.8400,-3.5350,-0.1050
61382871,sitting,-0.0154,0.0400,-0.9662,0.8750,-3.5000,-0.0700
61382891,sitting,-0.0159,0.0388,-0.9665,0.8400,-3.5350,-0.0700
61382910,sitting,-0.0163,0.0403,-0.9670,0.8400,-3.5700,-0.1050
61382929,sitting,-0.0163,0.0395,-0.9665,0.8400,-3.5350,-0.1050
61382948,sitting,-0.0166,0.0388,-0.9658,0.8750,-3.5350,-0.0700
61382968,sitting,-0.0163,0.0388,-0.9665,0.9100,-3.5700,-0.0700
61382987,sitting,-0.0159,0.0400,-0.9672,0.8400,-3.5350,-0.0700
61383006,sitting,-0.0166,0.0386,-0.9655,0.8750,-3.5350,-0.0700
61383025,sitting,-0.0156,0.0393,-0.9658,0.8750,-3.5350,-0.0700
61383044,sitting,-0.0151,0.0393,-0.9667,0.8750,-3.5350,-0.1050
61383064,sitting,-0.0159,0.0393,-0.9665,0.8400,-3.5350,-0.0700
61383083,sitting,-0.0163,0.0393,-0.9665,0.8400,-3.5350,-0.1050
61383102,sitting,-0.0163,0.0388,-0.9665,0.8400,-3.5350,-0.1050
61383121,sitting,-0.0161,0.0400,-0.9672,0.8400,-3.4650,-0.0700
61383141,sitting,-0.0151,0.0395,-0.9660,0.8400,-3.5350,-0.1050
61383160,sitting,-0.0159,0.0393,-0.9670,0.8400,-3.5350,-0.0700
61383179,sitting,-0.0161,0.0405,-0.9667,0.8050,-3.5000,-0.0700
61383198,sitting,-0.0161,0.0393,-0.9658,0.8400,-3.5700,-0.0700
61383218,sitting,-0.0168,0.0395,-0.9665,0.8400,-3.5700,-0.0700
61383237,sitting,-0.0166,0.0395,-0.9679,0.8400,-3.5350,-0.1050
61383256,sitting,-0.0168,0.0388,-0.9675,0.8400,-3.5000,-0.0700
61383275,sitting,-0.0154,0.0393,-0.9660,0.8400,-3.5700,-0.0350
61383294,sitting,-0.0163,0.0388,-0.9662,0.8400,-3.5350,-0.0700
61383314,sitting,-0.0166,0.0390,-0.9675,0.8750,-3.5350,-0.1050
61383333,sitting,-0.0154,0.0395,-0.9665,0.8750,-3.5700,-0.1050
61383352,sitting,-0.0163,0.0393,-0.9667,0.8400,-3.4650,-0.0350
61383371,sitting,-0.0163,0.0395,-0.9667,0.8400,-3.5000,-0.1050
61383391,sitting,-0.0161,0.0395,-0.9658,0.9100,-3.5350,-0.0700
61383410,sitting,-0.0163,0.0390,-0.9662,0.8400,-3.5350,-0.0700
61383429,sitting,-0.0171,0.0398,-0.9677,0.8400,-3.5350,-0.0700
61383448,sitting,-0.0171,0.0390,-0.9672,0.8400,-3.5350,-0.0700
61383468,sitting,-0.0161,0.0393,-0.9667,0.8400,-3.5350,-0.1050
61383487,sitting,-0.0168,0.0403,-0.9662,0.8400,-3.5000,-0.1050
61383506,sitting,-0.0159,0.0395,-0.9662,0.8750,-3.6050,-0.0350
61383525,sitting,-0.0159,0.0400,-0.9662,0.8400,-3.5700,-0.0700
61383544,sitting,-0.0166,0.0398,-0.9665,0.8050,-3.5000,-0.0700
61383564,sitting,-0.0163,0.0381,-0.9670,0.8400,-3.5350,-0.1050
61383583,sitting,-0.0156,0.0383,-0.9670,0.8750,-3.5350,-0.0700
61383602,sitting,-0.0161,0.0395,-0.9660,0.8400,-3.5000,-0.0700
61383621,sitting,-0.0171,0.0395,-0.9670,0.8750,-3.5700,-0.0700
61383641,sitting,-0.0163,0.0400,-0.9662,0.8400,-3.5700,-0.0350
61383660,sitting,-0.0166,0.0393,-0.9655,0.8400,-3.5000,-0.0700
61383679,sitting,-0.0159,0.0388,-0.9662,0.8400,-3.5000,-0.0700
61383698,sitting,-0.0151,0.0388,-0.9658,0.8750,-3.5350,-0.0350
61383718,sitting,-0.0159,0.0398,-0.9672,0.8400,-3.5000,-0.0350
61383737,sitting,-0.0159,0.0410,-0.9660,0.8400,-3.5350,-0.1050
61383756,sitting,-0.0166,0.0393,-0.9667,0.8750,-3.5350,-0.0700
61383775,sitting,-0.0159,0.0390,-0.9665,0.8750,-3.5350,-0.0700
61383794,sitting,-0.0163,0.0388,-0.9677,0.8400,-3.5350,-0.0700
61383814,sitting,-0.0159,0.0386,-0.9667,0.8400,-3.5700,-0.1050
61383833,sitting,-0.0166,0.0381,-0.9670,0.8400,-3.5700,-0.0700
61383852,sitting,-0.0163,0.0395,-0.9670,0.8400,-3.5700,-0.1050
61383871,sitting,-0.0156,0.0393,-0.9660,0.9100,-3.5700,-0.0350
61383891,sitting,-0.0159,0.0395,-0.9662,0.8400,-3.5350,-0.0350
61383910,sitting,-0.0156,0.0400,-0.9667,0.8400,-3.4650,-0.0700
61383929,sitting,-0.0156,0.0395,-0.9658,0.8400,-3.5700,-0.0700
61383948,sitting,-0.0161,0.0393,-0.9660,0.9100,-3.5700,-0.0350
61383968,sitting,-0.0161,0.0390,-0.9667,0.8750,-3.5000,-0.1050
61383987,sitting,-0.0166,0.0395,-0.9660,0.8400,-3.5350,-0.0700
61384006,sitting,-0.0159,0.0393,-0.9672,0.8400,-3.5700,-0.0700
61384025,sitting,-0.0168,0.0395,-0.9670,0.8400,-3.4650,-0.0700
61384044,sitting,-0.0159,0.0393,-0.9662,0.8400,-3.5000,-0.0700
61384064,sitting,-0.0161,0.0390,-0.9665,0.8750,-3.5350,-0.0700
61384083,sitting,-0.0178,0.0395,-0.9660,0.8400,-3.5350,-0.0700
61384102,sitting,-0.0163,0.0386,-0.9665,0.8400,-3.5000,-0.1050
61384121,sitting,-0.0166,0.0393,-0.9679,0.8400,-3.5700,-0.0350
61384141,sitting,-0.0161,0.0403,-0.9667,0.8400,-3.5350,-0.0700
61384160,sitting,-0.0161,0.0393,-0.9670,0.8400,-3.5000,-0.1050
61384179,sitting,-0.0161,0.0395,-0.9670,0.8750,-3.5350,-0.0350
61384198,sitting,-0.0163,0.0393,-0.9670,0.8400,-3.5350,-0.0700
61384218,sitting,-0.0159,0.0388,-0.9658,0.8750,-3.5000,-0.0700
61384237,sitting,-0.0161,0.0395,-0.9670,0.8400,-3.5700,-0.0700
61384256,sitting,-0.0166,0.0386,-0.9660,0.8750,-3.5700,-0.1050
61384275,sitting,-0.0163,0.0386,-0.9660,0.8400,-3.5350,-0.0700
61384294,sitting,-0.0166,0.0390,-0.9655,0.8050,-3.5350,-0.0700
61384314,sitting,-0.0159,0.0395,-0.9672,0.8400,-3.5700,-0.0700
61384333,sitting,-0.0168,0.0388,-0.9672,0.8400,-3.5000,-0.1050
61384352,sitting,-0.0171,0.0393,-0.9670,0.8400,-3.5000,-0.1400
61384371,sitting,-0.0154,0.0393,-0.9658,0.8400,-3.5350,-0.0700
61384391,sitting,-0.0161,0.0395,-0.9675,0.8400,-3.5000,-0.0700
61384410,sitting,-0.0166,0.0388,-0.9677,0.8400,-3.5000,-0.1400
61384429,sitting,-0.0161,0.0395,-0.9670,0.8400,-3.5350,-0.0700
61384448,sitting,-0.0159,0.0388,-0.9662,0.8400,-3.5350,-0.0700
61384468,sitting,-0.0161,0.0390,-0.9665,0.8050,-3.5000,-0.1050
61384487,sitting,-0.0163,0.0395,-0.9670,0.8050,-3.5000,-0.0700
61384506,sitting,-0.0154,0.0398,-0.9667,0.8400,-3.5000,-0.0700
61384525,sitting,-0.0161,0.0398,-0.9662,0.8400,-3.4650,-0.1050
61384544,sitting,-0.0166,0.0395,-0.9658,0.8400,-3.6050,-0.1050
61384564,sitting,-0.0161,0.0393,-0.9655,0.8400,-3.5700,-0.1050
61384583,sitting,-0.0161,0.0388,-0.9662,0.8400,-3.5000,-0.0700
61384602,sitting,-0.0159,0.0386,-0.9675,0.8400,-3.5000,-0.1050
61384621,sitting,-0.0166,0.0390,-0.9665,0.8400,-3.5350,-0.1050
61384641,sitting,-0.0163,0.0388,-0.9667,0.8400,-3.4650,-0.1050
61384660,sitting,-0.0154,0.0393,-0.9665,0.8400,-3.5000,-0.0700
61384679,sitting,-0.0161,0.0388,-0.9672,0.8400,-3.5700,-0.0700
61384698,sitting,-0.0163,0.0395,-0.9665,0.8400,-3.5000,-0.1050
61384718,sitting,-0.0163,0.0393,-0.9662,0.8400,-3.5000,-0.0700
61384737,sitting,-0.0166,0.0395,-0.9670,0.8400,-3.5000,-0.0700
61384756,sitting,-0.0171,0.0390,-0.9662,0.8400,-3.5700,0.0000
61384775,sitting,-0.0171,0.0398,-0.9662,0.8050,-3.4650,-0.0700
61384794,sitting,-0.0166,0.0388,-0.9667,0.8400,-3.5350,-0.0350
61384814,sitting,-0.0161,0.0398,-0.9662,0.8400,-3.5700,-0.0350
61384833,sitting,-0.0161,0.0400,-0.9660,0.8400,-3.5000,-0.0700
61384852,sitting,-0.0163,0.0390,-0.9658,0.8400,-3.5350,-0.0700
61384871,sitting,-0.0166,0.0393,-0.9662,0.8750,-3.5700,-0.0700
61384891,sitting,-0.0166,0.0400,-0.9665,0.8400,-3.5000,-0.0700
61384910,sitting,-0.0161,0.0398,-0.9675,0.8400,-3.5350,-0.0700
61384929,sitting,-0.0159,0.0395,-0.9667,0.8750,-3.5350,-0.1400
61384948,sitting,-0.0161,0.0398,-0.9670,0.8750,-3.5000,-0.0700
61384968,sitting,-0.0166,0.0400,-0.9672,0.8400,-3.5000,-0.1050
61384987,sitting,-0.0171,0.0393,-0.9658,0.8400,-3.5700,-0.1400
61385006,sitting,-0.0173,0.0393,-0.9658,0.8750,-3.5350,-0.0350
61385025,sitting,-0.0168,0.0386,-0.9662,0.8400,-3.5000,-0.0700
61385044,sitting,-0.0156,0.0393,-0.9660,0.8400,-3.5350,-0.0700
61385064,sitting,-0.0163,0.0400,-0.9660,0.8750,-3.5350,-0.0700
61385083,sitting,-0.0166,0.0393,-0.9667,0.8750,-3.5350,-0.0700
61385102,sitting,-0.0161,0.0390,-0.9672,0.9100,-3.5700,-0.0350
61385121,sitting,-0.0168,0.0383,-0.9662,0.8750,-3.5700,-0.0350
61385141,sitting,-0.0168,0.0388,-0.9662,0.8400,-3.5000,-0.1050
61385160,sitting,-0.0161,0.0383,-0.9660,0.8400,-3.5700,-0.0700
61385179,sitting,-0.0166,0.0398,-0.9658,0.8750,-3.5350,0.0000
61385198,sitting,-0.0166,0.0405,-0.9665,0.8400,-3.5000,-0.1050
61385218,sitting,-0.0173,0.0415,-0.9665,0.8400,-3.5000,-0.0350
61385237,sitting,-0.0173,0.0403,-0.9670,0.8400,-3.5700,-0.0700
61385256,sitting,-0.0176,0.0405,-0.9665,0.8400,-3.5350,-0.0700
61385275,sitting,-0.0166,0.0388,-0.9672,0.9100,-3.5350,-0.1050
61385294,sitting,-0.0171,0.0390,-0.9658,0.9100,-3.5350,-0.0700
61385314,sitting,-0.0166,0.0400,-0.9662,0.8750,-3.5350,-0.0700
61385333,sitting,-0.0163,0.0398,-0.9670,0.8400,-3.5000,-0.0700
61385352,sitting,-0.0151,0.0398,-0.9665,0.8750,-3.5350,-0.1400
61385371,sitting,-0.0156,0.0388,-0.9662,0.8400,-3.5350,-0.0700
61385391,sitting,-0.0166,0.0395,-0.9660,0.8400,-3.5000,-0.0700
61385410,sitting,-0.0163,0.0388,-0.9665,0.8400,-3.5350,-0.0700
61385429,sitting,-0.0163,0.0388,-0.9658,0.8050,-3.5350,-0.0700
61385448,sitting,-0.0171,0.0383,-0.9665,0.8750,-3.5350,-0.1050
61385468,sitting,-0.0166,0.0390,-0.9665,0.8750,-3.5350,-0.0700
61385487,sitting,-0.0163,0.0388,-0.9667,0.8400,-3.5000,-0.1050
61385506,sitting,-0.0161,0.0386,-0.9672,0.8400,-3.4650,-0.1050
61385525,sitting,-0.0151,0.0383,-0.9677,0.8400,-3.5000,-0.0700
61385544,sitting,-0.0173,0.0407,-0.9665,0.8400,-3.5350,-0.0700
61385564,sitting,-0.0168,0.0437,-0.9665,0.8750,-3.4650,-0.1050
61385583,sitting,-0.0142,0.0407,-0.9684,0.8750,-3.5700,-0.0350
61385602,sitting,-0.0168,0.0405,-0.9667,0.8750,-3.5700,-0.0350
61385621,sitting,-0.0183,0.0393,-0.9662,0.8750,-3.5350,-0.0700
61385641,sitting,-0.0149,0.0383,-0.9662,0.8400,-3.5350,-0.0350
61385660,sitting,-0.0176,0.0386,-0.9662,0.9100,-3.5700,-0.0350
61385679,sitting,-0.0156,0.0373,-0.9670,0.8050,-3.5350,-0.1050
61385698,sitting,-0.0154,0.0376,-0.9675,0.8400,-3.5350,-0.1050
61385718,sitting,-0.0166,0.0405,-0.9677,0.8400,-3.5350,-0.0700
61385737,sitting,-0.0156,0.0393,-0.9667,0.8400,-3.5350,-0.1050
61385756,sitting,-0.0166,0.0368,-0.9655,0.8400,-3.5350,-0.0700
61385775,sitting,-0.0176,0.0383,-0.9660,0.8400,-3.5350,0.0000
61385794,sitting,-0.0159,0.0395,-0.9667,0.8400,-3.5000,-0.0700
61385814,sitting,-0.0173,0.0395,-0.9660,0.8050,-3.5350,-0.0700
61385833,sitting,-0.0156,0.0398,-0.9662,0.8400,-3.5700,-0.0700
61385852,sitting,-0.0171,0.0390,-0.9665,0.8400,-3.5700,-0.0700
61385871,sitting,-0.0171,0.0403,-0.9667,0.8400,-3.5350,-0.0700
61385891,sitting,-0.0154,0.0405,-0.9672,0.9100,-3.5700,-0.0700
61385910,sitting,-0.0159,0.0407,-0.9660,0.9100,-3.5700,-0.0700
61385929,sitting,-0.0166,0.0390,-0.9653,0.8750,-3.5000,-0.0700
61385948,sitting,-0.0166,0.0388,-0.9660,0.8400,-3.5000,-0.0700
61385968,sitting,-0.0159,0.0390,-0.9665,0.8400,-3.5350,-0.0700
61385987,sitting,-0.0154,0.0390,-0.9672,0.8750,-3.6050,-0.0700
61386006,sitting,-0.0163,0.0393,-0.9665,0.8400,-3.5350,-0.0700
61386025,sitting,-0.0163,0.0403,-0.9670,0.8400,-3.5700,-0.0700
61386044,sitting,-0.0163,0.0395,-0.9677,0.8750,-3.5700,-0.0350
61386064,sitting,-0.0166,0.0398,-0.9653,0.8400,-3.5000,-0.0700
61386083,sitting,-0.0163,0.0393,-0.9665,0.8750,-3.5700,-0.0700
61386102,sitting,-0.0156,0.0388,-0.9670,0.8750,-3.5700,-0.0350
61386121,sitting,-0.0151,0.0395,-0.9672,0.8400,-3.5000,-0.1050
61386141,sitting,-0.0159,0.0393,-0.9672,0.8750,-3.5350,-0.0700
61386160,sitting,-0.0163,0.0383,-0.9667,0.8400,-3.4650,-0.1050
61386179,sitting,-0.0168,0.0390,-0.9670,0.8050,-3.5000,-0.0700
61386198,sitting,-0.0166,0.0393,-0.9665,0.8050,-3.5350,-0.1400
61386218,sitting,-0.0171,0.0395,-0.9667,0.8400,-3.5700,-0.0700
61386237,sitting,-0.0161,0.0388,-0.9662,0.8750,-3.5000,-0.0700
61386256,sitting,-0.0163,0.0386,-0.9670,0.8750,-3.5350,-0.0350
61386275,sitting,-0.0166,0.0386,-0.9662,0.8400,-3.5700,-0.0700
61386294,sitting,-0.0159,0.0390,-0.9667,0.8400,-3.5350,-0.0350
61386314,sitting,-0.0159,0.0386,-0.9672,0.8400,-3.5000,-0.0700
61386333,sitting,-0.0166,0.0390,-0.9672,0.8400,-3.5350,-0.1050
61386352,sitting,-0.0168,0.0393,-0.9662,0.8400,-3.5350,-0.0700
61386371,sitting,-0.0168,0.0403,-0.9658,0.8400,-3.5700,-0.0700
61386391,sitting,-0.0159,0.0403,-0.9658,0.8750,-3.5000,-0.0700
61386410,sitting,-0.0168,0.0388,-0.9658,0.8400,-3.5000,-0.1050
61386429,sitting,-0.0166,0.0388,-0.9662,0.8400,-3.5000,-0.1050
61386448,sitting,-0.0168,0.0398,-0.9660,0.8400,-3.5000,-0.0700
61386468,sitting,-0.0159,0.0383,-0.9658,0.8400,-3.5350,-0.0350
61386487,sitting,-0.0166,0.0388,-0.9658,0.8400,-3.5350,-0.0700
61386506,sitting,-0.0168,0.0386,-0.9665,0.8400,-3.5000,-0.1050
61386525,sitting,-0.0166,0.0398,-0.9670,0.9100,-3.5700,-0.0700
61386544,sitting,-0.0166,0.0395,-0.9672,0.8400,-3.5350,-0.1400
61386564,sitting,-0.0163,0.0395,-0.9667,0.8400,-3.5350,-0.0700
61386583,sitting,-0.0159,0.0400,-0.9667,0.8400,-3.5700,-0.0700
61386602,sitting,-0.0166,0.0388,-0.9662,0.8400,-3.5000,-0.0700
61386621,sitting,-0.0166,0.0398,-0.9650,0.9100,-3.5350,-0.0700
61386641,sitting,-0.0154,0.0398,-0.9658,0.9100,-3.5700,-0.0700
61386660,sitting,-0.0163,0.0395,-0.9667,0.8050,-3.5350,-0.0700
61386679,sitting,-0.0159,0.0395,-0.9665,0.8050,-3.5350,-0.1050
61386698,sitting,-0.0163,0.0395,-0.9660,0.8750,-3.5350,-0.1400
61386718,sitting,-0.0171,0.0390,-0.9677,0.8750,-3.5350,-0.1400
61386737,sitting,-0.0166,0.0390,-0.9665,0.8400,-3.5000,-0.0700
61386756,sitting,-0.0171,0.0400,-0.9662,0.8400,-3.5350,-0.0700
61386775,sitting,-0.0163,0.0400,-0.9675,0.8750,-3.5350,-0.1050
61386794,sitting,-0.0166,0.0390,-0.9675,0.8400,-3.5000,-0.1400
61386814,sitting,-0.0171,0.0393,-0.9662,0.8400,-3.5000,-0.0700
61386833,sitting,-0.0163,0.0390,-0.9675,0.8400,-3.5000,-0.1050
61386852,sitting,-0.0161,0.0393,-0.9670,0.8050,-3.5000,-0.1050
61386871,sitting,-0.0161,0.0400,-0.9672,0.8400,-3.5000,-0.1050
61386891,sitting,-0.0163,0.0390,-0.9655,0.8750,-3.5700,-0.0700
61386910,sitting,-0.0159,0.0395,-0.9660,0.8400,-3.5000,-0.0700
61386929,sitting,-0.0161,0.0390,-0.9672,0.8400,-3.5000,-0.0700
61386948,sitting,-0.0159,0.0400,-0.9670,0.8750,-3.5700,-0.0700
61386968,sitting,-0.0161,0.0390,-0.9665,0.8400,-3.5000,-0.0350
61386987,sitting,-0.0166,0.0393,-0.9670,0.8400,-3.5350,-0.1400
61387006,sitting,-0.0154,0.0398,-0.9677,0.8400,-3.5700,-0.1050
61387025,sitting,-0.0159,0.0393,-0.9662,0.8400,-3.5700,-0.0700
61387044,sitting,-0.0156,0.0398,-0.9677,0.8400,-3.5350,-0.1050
61387064,sitting,-0.0166,0.0398,-0.9672,0.8400,-3.5700,-0.1050
61387083,sitting,-0.0156,0.0393,-0.9665,0.8750,-3.5000,-0.0700
61387102,sitting,-0.0161,0.0390,-0.9665,0.8400,-3.5000,-0.1400
61387121,sitting,-0.0173,0.0393,-0.9655,0.8750,-3.5000,-0.0700
61387141,sitting,-0.0161,0.0388,-0.9662,0.8400,-3.5350,-0.1050
61387160,sitting,-0.0156,0.0395,-0.9665,0.8400,-3.5000,-0.1400
61387179,sitting,-0.0168,0.0395,-0.9660,0.8750,-3.5350,-0.0700
61387198,sitting,-0.0163,0.0390,-0.9675,0.8750,-3.5350,-0.1400
61387218,sitting,-0.0161,0.0393,-0.9670,0.8400,-3.5350,-0.0700
61387237,sitting,-0.0166,0.0393,-0.9670,0.8050,-3.5350,-0.0700
61387256,sitting,-0.0161,0.0393,-0.9665,0.8400,-3.5700,-0.0700
61387275,sitting,-0.0163,0.0388,-0.9662,0.8400,-3.5350,0.0000
61387294,sitting,-0.0159,0.0398,-0.9667,0.8400,-3.5350,-0.1050
61387314,sitting,-0.0166,0.0398,-0.9658,0.8750,-3.5700,-0.0350
61387333,sitting,-0.0168,0.0405,-0.9658,0.8750,-3.5350,-0.0700
61387352,sitting,-0.0156,0.0395,-0.9670,0.8400,-3.5350,-0.1050
61387371,sitting,-0.0161,0.0390,-0.9672,0.8400,-3.5700,-0.0700
61387391,sitting,-0.0166,0.0393,-0.9667,0.8400,-3.5350,-0.0700
61387410,sitting,-0.0168,0.0386,-0.9665,0.8400,-3.5350,-0.0700
61387429,sitting,-0.0163,0.0393,-0.9665,0.8400,-3.5350,-0.0700
61387448,sitting,-0.0156,0.0388,-0.9670,0.8750,-3.5700,-0.1050
61387468,sitting,-0.0159,0.0388,-0.9667,0.8400,-3.5000,-0.0700
61387487,sitting,-0.0163,0.0395,-0.9662,0.8050,-3.5350,-0.0700
61387506,sitting,-0.0166,0.0388,-0.9665,0.8400,-3.5350,-0.0700
61387525,sitting,-0.0171,0.0386,-0.9665,0.8400,-3.5000,-0.1400
61387544,sitting,-0.0171,0.0390,-0.9658,0.8400,-3.5000,-0.0700
61387564,sitting,-0.0163,0.0395,-0.9662,0.9100,-3.5350,-0.0700
61387583,sitting,-0.0159,0.0398,-0.9662,0.7700,-3.5000,-0.1050
61387602,sitting,-0.0161,0.0395,-0.9667,0.8400,-3.5000,-0.0700
61387621,sitting,-0.0161,0.0405,-0.9672,0.8750,-3.5350,-0.1050
61387641,sitting,-0.0159,0.0395,-0.9655,0.8400,-3.5350,-0.0700
61387660,sitting,-0.0159,0.0390,-0.9677,0.8400,-3.5000,-0.1050
61387679,sitting,-0.0159,0.0403,-0.9675,0.8750,-3.5700,-0.0700
61387698,sitting,-0.0159,0.0395,-0.9670,0.8750,-3.6050,-0.0700
61387718,sitting,-0.0173,0.0390,-0.9667,0.7700,-3.5000,-0.0700
61387737,sitting,-0.0168,0.0393,-0.9655,0.8400,-3.5700,-0.0700
61387756,sitting,-0.0159,0.0390,-0.9670,0.8750,-3.5700,-0.0700
61387775,sitting,-0.0163,0.0390,-0.9672,0.8400,-3.5700,-0.0700
61387794,sitting,-0.0168,0.0395,-0.9667,0.8400,-3.5000,-0.1050
61387814,sitting,-0.0163,0.0403,-0.9670,0.8750,-3.5350,-0.1050
61387833,sitting,-0.0163,0.0398,-0.9665,0.8400,-3.5350,-0.0700
61387852,sitting,-0.0168,0.0393,-0.9667,0.8400,-3.5000,-0.0700
61387871,sitting,-0.0163,0.0393,-0.9670,0.8400,-3.5350,-0.1050
61387891,sitting,-0.0168,0.0393,-0.9665,0.8400,-3.5000,-0.0700
61387910,sitting,-0.0151,0.0395,-0.9667,0.8050,-3.4650,-0.0350
61387929,sitting,-0.0161,0.0388,-0.9665,0.8750,-3.5700,-0.0350
61387948,sitting,-0.0156,0.0400,-0.9667,0.8050,-3.5350,-0.1050
61387968,sitting,-0.0161,0.0400,-0.9670,0.8750,-3.5350,-0.1050
61387987,sitting,-0.0171,0.0405,-0.9658,0.8400,-3.5000,-0.0700
61388006,sitting,-0.0166,0.0393,-0.9665,0.8400,-3.5350,-0.0700
61388025,sitting,-0.0166,0.0395,-0.9670,0.8400,-3.5350,-0.1050
61388044,sitting,-0.0159,0.0393,-0.9662,0.9100,-3.5000,-0.0700
61388064,sitting,-0.0159,0.0390,-0.9660,0.8400,-3.5700,-0.0700
61388083,sitting,-0.0163,0.0398,-0.9665,0.8050,-3.4650,-0.0700
61388102,sitting,-0.0159,0.0398,-0.9665,0.8750,-3.5000,-0.0700
61388121,sitting,-0.0159,0.0395,-0.9675,0.8400,-3.5700,-0.0700
61388141,sitting,-0.0166,0.0386,-0.9660,0.8400,-3.5700,-0.0700
61388160,sitting,-0.0161,0.0388,-0.9662,0.8400,-3.5000,-0.0700
61388179,sitting,-0.0163,0.0388,-0.9672,0.8750,-3.5000,-0.1050
61388198,sitting,-0.0161,0.0405,-0.9672,0.8400,-3.5350,-0.0700
61388218,sitting,-0.0166,0.0395,-0.9682,0.8400,-3.5350,-0.0350
61388237,sitting,-0.0168,0.0398,-0.9667,0.8750,-3.5700,-0.1050
61388256,sitting,-0.0171,0.0393,-0.9660,0.8400,-3.5350,-0.0700
61388275,sitting,-0.0173,0.0403,-0.9658,0.8400,-3.5000,-0.0700
61388294,sitting,-0.0163,0.0390,-0.9667,0.8750,-3.5350,-0.0700
61388314,sitting,-0.0166,0.0390,-0.9662,0.8400,-3.5350,-0.0700
61388333,sitting,-0.0171,0.0390,-0.9677,0.8400,-3.4650,-0.0350
61388352,sitting,-0.0163,0.0393,-0.9667,0.8750,-3.5350,-0.0350
61388371,sitting,-0.0163,0.0400,-0.9665,0.9100,-3.5700,-0.0700
61388391,sitting,-0.0151,0.0400,-0.9660,0.8400,-3.5350,-0.0350
61388410,sitting,-0.0159,0.0390,-0.9670,0.8400,-3.5700,-0.0350
61388429,sitting,-0.0156,0.0395,-0.9662,0.8400,-3.5350,-0.0700
61388448,sitting,-0.0161,0.0393,-0.9672,0.8750,-3.5700,-0.1400
61388468,sitting,-0.0168,0.0388,-0.9662,0.8750,-3.5000,-0.0700
61388487,sitting,-0.0166,0.0386,-0.9658,0.8400,-3.5000,-0.0700
61388506,sitting,-0.0161,0.0390,-0.9662,0.8400,-3.5350,-0.0700
61388525,sitting,-0.0163,0.0395,-0.9665,0.8050,-3.5700,-0.0700
61388544,sitting,-0.0161,0.0400,-0.9665,0.8400,-3.5700,-0.0700
61388564,sitting,-0.0166,0.0393,-0.9670,0.8050,-3.5000,-0.0700
61388583,sitting,-0.0159,0.0395,-0.9667,0.8400,-3.5350,-0.0700
61388602,sitting,-0.0163,0.0398,-0.9672,0.8750,-3.5700,-0.0350
61388621,sitting,-0.0173,0.0383,-0.9670,0.8400,-3.5000,-0.1050
61388641,sitting,-0.0161,0.0383,-0.9667,0.8400,-3.4650,-0.0700
61388660,sitting,-0.0161,0.0395,-0.9672,0.8400,-3.5350,-0.0700
61388679,sitting,-0.0166,0.0388,-0.9655,0.8400,-3.5700,-0.0700
61388698,sitting,-0.0161,0.0390,-0.9665,0.8400,-3.5000,-0.1050
61388718,sitting,-0.0154,0.0383,-0.9667,0.8400,-3.5000,-0.1050
61388737,sitting,-0.0168,0.0388,-0.9670,0.8400,-3.5350,-0.0700
61388756,sitting,-0.0166,0.0393,-0.9660,0.8400,-3.5000,-0.0700
61388775,sitting,-0.0161,0.0398,-0.9660,0.8400,-3.5700,-0.0700
61388794,sitting,-0.0161,0.0393,-0.9665,0.8750,-3.5700,-0.0350
61388814,sitting,-0.0161,0.0390,-0.9670,0.8050,-3.5350,-0.1050
61388833,sitting,-0.0166,0.0395,-0.9667,0.8400,-3.5350,-0.0700
61388852,sitting,-0.0154,0.0393,-0.9675,0.8750,-3.5700,-0.0350
61388871,sitting,-0.0173,0.0386,-0.9665,0.8050,-3.5000,-0.0700
61388891,sitting,-0.0159,0.0388,-0.9662,0.8400,-3.5000,-0.0700
61388910,sitting,-0.0154,0.0400,-0.9672,0.8400,-3.5350,-0.0700
61388929,sitting,-0.0171,0.0388,-0.9672,0.8050,-3.5000,-0.1050
61388948,sitting,-0.0156,0.0386,-0.9660,0.8050,-3.5350,-0.0350
61388968,sitting,-0.0168,0.0395,-0.9665,0.8400,-3.5700,-0.0350
61388987,sitting,-0.0168,0.0398,-0.9672,0.8400,-3.5700,-0.0350
61389006,sitting,-0.0156,0.0393,-0.9665,0.8050,-3.5000,-0.0700
61389025,sitting,-0.0156,0.0393,-0.9672,0.8400,-3.5350,-0.0350
61389044,sitting,-0.0161,0.0388,-0.9667,0.8400,-3.5700,-0.0700
61389064,sitting,-0.0161,0.0400,-0.9667,0.8400,-3.5000,-0.1400
61389083,sitting,-0.0166,0.0393,-0.9670,0.8400,-3.5350,-0.1050
61389102,sitting,-0.0173,0.0398,-0.9670,0.9100,-3.5350,-0.1050
61389121,sitting,-0.0161,0.0393,-0.9667,0.8750,-3.5350,-0.1050
61389141,sitting,-0.0159,0.0393,-0.9665,0.8400,-3.5000,-0.1050
61389160,sitting,-0.0156,0.0395,-0.9653,0.8750,-3.5350,-0.1400
61389179,sitting,-0.0159,0.0393,-0.9653,0.8400,-3.5000,-0.0700
61389198,sitting,-0.0163,0.0393,-0.9660,0.8400,-3.5000,-0.0700
61389218,sitting,-0.0163,0.0388,-0.9670,0.8400,-3.5700,-0.0350
61389237,sitting,-0.0159,0.0390,-0.9662,0.8400,-3.5350,-0.1050
61389256,sitting,-0.0159,0.0390,-0.9665,0.8400,-3.5350,-0.0700
61389275,sitting,-0.0168,0.0390,-0.9672,0.8400,-3.5700,-0.1050
61389294,sitting,-0.0163,0.0390,-0.9667,0.8400,-3.5350,-0.0350
61389314,sitting,-0.0166,0.0398,-0.9662,0.8400,-3.5000,-0.0350
61389333,sitting,-0.0159,0.0386,-0.9660,0.8400,-3.5700,-0.0350
61389352,sitting,-0.0154,0.0398,-0.9660,0.8400,-3.5700,-0.0700
61389371,sitting,-0.0159,0.0400,-0.9665,0.8400,-3.5350,-0.1050
61389391,sitting,-0.0163,0.0400,-0.9667,0.8400,-3.5350,-0.0700
61389410,sitting,-0.0161,0.0398,-0.9665,0.8750,-3.5350,-0.1050
61389429,sitting,-0.0159,0.0393,-0.9660,0.8750,-3.5350,-0.0700
61389448,sitting,-0.0151,0.0393,-0.9672,0.8400,-3.5350,-0.1050
61389468,sitting,-0.0161,0.0390,-0.9660,0.8400,-3.5700,-0.1050
61389487,sitting,-0.0159,0.0388,-0.9650,0.8050,-3.5350,-0.0700
61389506,sitting,-0.0159,0.0395,-0.9660,0.8750,-3.5000,-0.1050
61389525,sitting,-0.0161,0.0398,-0.9670,0.8750,-3.5700,-0.0700
61389544,sitting,-0.0161,0.0395,-0.9667,0.8400,-3.5000,-0.0700
61389564,sitting,-0.0161,0.0395,-0.9675,0.8400,-3.4650,-0.0350
61389583,sitting,-0.0166,0.0400,-0.9670,0.8750,-3.5350,-0.0700
61389602,sitting,-0.0156,0.0395,-0.9667,0.8400,-3.5000,-0.0700
61389621,sitting,-0.0166,0.0395,-0.9665,0.8400,-3.5000,-0.0700
61389641,sitting,-0.0163,0.0400,-0.9665,0.8750,-3.5350,-0.0700
61389660,sitting,-0.0168,0.0388,-0.9667,0.8400,-3.5350,-0.1050
61389679,sitting,-0.0173,0.0388,-0.9662,0.8400,-3.5000,-0.1050
61389698,sitting,-0.0166,0.0390,-0.9662,0.8400,-3.5700,-0.0700
61389718,sitting,-0.0163,0.0393,-0.9667,0.8400,-3.5700,-0.0700
61389737,sitting,-0.0161,0.0393,-0.9675,0.8750,-3.5350,-0.0700
61389756,sitting,-0.0163,0.0400,-0.9667,0.8400,-3.5000,-0.0700
61389775,sitting,-0.0159,0.0393,-0.9672,0.8750,-3.5350,-0.0350
61389794,sitting,-0.0161,0.0400,-0.9670,0.8750,-3.5350,-0.0350
61389814,sitting,-0.0159,0.0395,-0.9665,0.8400,-3.5350,-0.0700
61389833,sitting,-0.0161,0.0383,-0.9670,0.9100,-3.5700,-0.0700
61389852,sitting,-0.0168,0.0393,-0.9675,0.8400,-3.5350,-0.0700
61389871,sitting,-0.0168,0.0400,-0.9665,0.8400,-3.5350,-0.0700
61389891,sitting,-0.0166,0.0395,-0.9658,0.8750,-3.5700,-0.1050
61389910,sitting,-0.0166,0.0390,-0.9660,0.8400,-3.5350,-0.1050
61389929,sitting,-0.0161,0.0390,-0.9670,0.8400,-3.5350,-0.0350
61389948,sitting,-0.0166,0.0390,-0.9667,0.8750,-3.5350,-0.0700
61389968,sitting,-0.0166,0.0398,-0.9662,0.8750,-3.5700,-0.0700
61389987,sitting,-0.0173,0.0386,-0.9662,0.8400,-3.5000,-0.0700
61390006,sitting,-0.0166,0.0395,-0.9665,0.8400,-3.5350,-0.0700
61390025,sitting,-0.0166,0.0386,-0.9662,0.9100,-3.5700,-0.1050
61390044,sitting,-0.0163,0.0386,-0.9655,0.8400,-3.4650,-0.0700
61390064,sitting,-0.0159,0.0395,-0.9662,0.8400,-3.5350,-0.0700
61390083,sitting,-0.0161,0.0393,-0.9658,0.8400,-3.5350,-0.0700
61390102,sitting,-0.0156,0.0388,-0.9653,0.8050,-3.5350,-0.0700
61390121,sitting,-0.0171,0.0393,-0.9662,0.8750,-3.5350,-0.1050
61390141,sitting,-0.0168,0.0400,-0.9675,0.8400,-3.5700,-0.0700
61390160,sitting,-0.0154,0.0400,-0.9665,0.8400,-3.5350,-0.0700
61390179,sitting,-0.0166,0.0407,-0.9665,0.8400,-3.5350,-0.1050
61390198,sitting,-0.0176,0.0398,-0.9667,0.8400,-3.5350,-0.0700
61390218,sitting,-0.0159,0.0393,-0.9653,0.8400,-3.5350,-0.0700
61390237,sitting,-0.0159,0.0390,-0.9660,0.8750,-3.5350,-0.0700
61390256,sitting,-0.0166,0.0395,-0.9670,0.8400,-3.5700,-0.0700
61390275,sitting,-0.0156,0.0393,-0.9662,0.8750,-3.6050,-0.0700
61390294,sitting,-0.0159,0.0403,-0.9665,0.8050,-3.4650,-0.0700
61390314,sitting,-0.0159,0.0395,-0.9670,0.8750,-3.5350,-0.0700
61390333,sitting,-0.0163,0.0393,-0.9667,0.8750,-3.5700,-0.1050
61390352,sitting,-0.0168,0.0393,-0.9670,0.8750,-3.5000,-0.0700
61390371,sitting,-0.0168,0.0393,-0.9677,0.9100,-3.5350,-0.1050
61390391,sitting,-0.0176,0.0400,-0.9672,0.8750,-3.5700,-0.0700
61390410,sitting,-0.0163,0.0395,-0.9675,0.8750,-3.5000,-0.1050
61390429,sitting,-0.0163,0.0398,-0.9665,0.9100,-3.5350,-0.0700
61390448,sitting,-0.0166,0.0400,-0.9660,0.8750,-3.5350,-0.0700
61390468,sitting,-0.0156,0.0403,-0.9670,0.8050,-3.5350,-0.0700
61390487,sitting,-0.0161,0.0390,-0.9662,0.8400,-3.5350,-0.0700
61390506,sitting,-0.0159,0.0398,-0.9667,0.8400,-3.5700,-0.0700
61390525,sitting,-0.0156,0.0395,-0.9672,0.8400,-3.5700,-0.0700
61390544,sitting,-0.0161,0.0390,-0.9665,0.8400,-3.5350,-0.0700
61390564,sitting,-0.0161,0.0395,-0.9670,0.8400,-3.5700,-0.0350
61390583,sitting,-0.0166,0.0386,-0.9672,0.9100,-3.5700,-0.0700
61390602,sitting,-0.0156,0.0388,-0.9670,0.8750,-3.4650,-0.0700
61390621,sitting,-0.0156,0.0390,-0.9670,0.8400,-3.5350,-0.0700
61390641,sitting,-0.0156,0.0388,-0.9660,0.8400,-3.5700,-0.0700
61390660,sitting,-0.0166,0.0398,-0.9667,0.8400,-3.5350,-0.0700
61390679,sitting,-0.0168,0.0390,-0.9670,0.8400,-3.5700,-0.0700
61390698,sitting,-0.0161,0.0390,-0.9670,0.8400,-3.5350,-0.0700
61390718,sitting,-0.0168,0.0393,-0.9665,0.8400,-3.5000,-0.1050
61390737,sitting,-0.0168,0.0395,-0.9665,0.8400,-3.5000,-0.0700
61390756,sitting,-0.0159,0.0390,-0.9670,0.8400,-3.5350,-0.1050
61390775,sitting,-0.0163,0.0403,-0.9662,0.8400,-3.5000,-0.0700
61390794,sitting,-0.0156,0.0390,-0.9655,0.8750,-3.5350,-0.1050
61390814,sitting,-0.0154,0.0390,-0.9665,0.8400,-3.5700,-0.0700
61390833,sitting,-0.0166,0.0393,-0.9667,0.8400,-3.5350,-0.0700
61390852,sitting,-0.0159,0.0398,-0.9667,0.8050,-3.5000,-0.1050
61390871,sitting,-0.0154,0.0400,-0.9660,0.8750,-3.5700,-0.0700
61390891,sitting,-0.0166,0.0400,-0.9672,0.8750,-3.5700,-0.0700
61390910,sitting,-0.0163,0.0398,-0.9667,0.8400,-3.5000,-0.0700
61390929,sitting,-0.0159,0.0386,-0.9677,0.8400,-3.5350,-0.0700
61390948,sitting,-0.0163,0.0398,-0.9672,0.8400,-3.5350,-0.1050
61390968,sitting,-0.0163,0.0398,-0.9667,0.8400,-3.4650,-0.0700
61390987,sitting,-0.0163,0.0398,-0.9665,0.8750,-3.5350,-0.0700
61391006,sitting,-0.0159,0.0395,-0.9660,0.9100,-3.6050,-0.0700
61391025,sitting,-0.0166,0.0393,-0.9665,0.8400,-3.5000,-0.0700
61391044,sitting,-0.0159,0.0390,-0.9670,0.8050,-3.5350,-0.1050
61391064,sitting,-0.0159,0.0405,-0.9662,0.8750,-3.5350,-0.1050
61391083,sitting,-0.0166,0.0395,-0.9667,0.8050,-3.5350,-0.0700
61391102,sitting,-0.0163,0.0393,-0.9655,0.8750,-3.5000,-0.0700
61391121,sitting,-0.0163,0.0388,-0.9658,0.8750,-3.5350,-0.1050
61391141,sitting,-0.0161,0.0386,-0.9672,0.8750,-3.5350,-0.1050
61391160,sitting,-0.0159,0.0383,-0.9658,0.8400,-3.5000,-0.1400
61391179,sitting,-0.0163,0.0388,-0.9662,0.8750,-3.5350,-0.1050
61391198,sitting,-0.0163,0.0403,-0.9667,0.8750,-3.5350,-0.0700
61391218,sitting,-0.0173,0.0395,-0.9665,0.8400,-3.5350,-0.0350
61391237,sitting,-0.0171,0.0393,-0.9660,0.8750,-3.5700,-0.0700
61391256,sitting,-0.0176,0.0403,-0.9667,0.8400,-3.5700,-0.0700
61391275,sitting,-0.0166,0.0395,-0.9670,0.8400,-3.5000,-0.0700
61391294,sitting,-0.0166,0.0393,-0.9662,0.8750,-3.5350,-0.0700
61391314,sitting,-0.0161,0.0393,-0.9655,0.8400,-3.5350,-0.1050
61391333,sitting,-0.0161,0.0398,-0.9662,0.8050,-3.5000,-0.1050
61391352,sitting,-0.0168,0.0407,-0.9667,0.8750,-3.5350,-0.0350
61391371,sitting,-0.0163,0.0386,-0.9658,0.8750,-3.5350,-0.0700
61391391,sitting,-0.0166,0.0398,-0.9662,0.8400,-3.5000,-0.1050
61391410,sitting,-0.0161,0.0386,-0.9665,0.8400,-3.5350,-0.0700
61391429,sitting,-0.0159,0.0393,-0.9658,0.8400,-3.5700,-0.0700
61391448,sitting,-0.0163,0.0393,-0.9658,0.8050,-3.5350,-0.0700
61391468,sitting,-0.0178,0.0400,-0.9667,0.8400,-3.5350,-0.0700
61391487,sitting,-0.0163,0.0398,-0.9665,0.8400,-3.6050,-0.0700
61391506,sitting,-0.0168,0.0398,-0.9665,0.8750,-3.5700,0.0000
61391525,sitting,-0.0161,0.0388,-0.9662,0.8750,-3.5350,-0.0700
61391544,sitting,-0.0161,0.0393,-0.9667,0.8400,-3.5350,-0.0700
61391564,sitting,-0.0173,0.0388,-0.9655,0.8400,-3.5350,-0.0350
61391583,sitting,-0.0156,0.0398,-0.9662,0.8050,-3.5700,-0.0700
61391602,sitting,-0.0161,0.0395,-0.9660,0.8400,-3.5350,-0.1050
61391621,sitting,-0.0163,0.0400,-0.9662,0.8400,-3.5000,-0.0700
61391641,sitting,-0.0166,0.0398,-0.9655,0.8050,-3.5350,-0.1050
61391660,sitting,-0.0154,0.0398,-0.9665,0.8400,-3.5350,-0.0700
61391679,sitting,-0.0163,0.0390,-0.9665,0.8750,-3.5350,-0.1050
61391698,sitting,-0.0171,0.0395,-0.9670,0.8400,-3.5700,-0.0350
61391718,sitting,-0.0161,0.0400,-0.9667,0.8400,-3.5350,-0.1050
61391737,sitting,-0.0161,0.0388,-0.9660,0.8400,-3.5350,-0.1050
61391756,sitting,-0.0168,0.0393,-0.9655,0.8400,-3.5000,-0.1050
61391775,sitting,-0.0171,0.0388,-0.9667,0.8050,-3.5000,-0.0700
61391794,sitting,-0.0168,0.0400,-0.9670,0.8750,-3.5700,-0.0700
61391814,sitting,-0.0161,0.0390,-0.9670,0.8750,-3.5350,-0.1050
61391833,sitting,-0.0168,0.0405,-0.9667,0.8400,-3.5350,-0.0700
61391852,sitting,-0.0166,0.0395,-0.9665,0.8400,-3.5700,-0.0350
61391871,sitting,-0.0166,0.0410,-0.9675,0.8400,-3.5350,-0.0350
61391891,sitting,-0.0166,0.0393,-0.9667,0.8050,-3.5350,-0.0700
61391910,sitting,-0.0163,0.0386,-0.9675,0.8750,-3.5700,-0.1050
61391929,sitting,-0.0168,0.0395,-0.9655,0.8400,-3.5350,-0.1050
61391948,sitting,-0.0166,0.0398,-0.9670,0.8050,-3.5000,-0.0700
61391968,sitting,-0.0156,0.0400,-0.9677,0.8400,-3.5000,-0.1050
61391987,sitting,-0.0154,0.0388,-0.9672,0.8750,-3.5350,-0.0700
61392006,sitting,-0.0161,0.0403,-0.9670,0.8400,-3.5000,-0.0700
61392025,sitting,-0.0171,0.0400,-0.9665,0.8400,-3.5000,-0.0700
61392044,sitting,-0.0171,0.0395,-0.9667,0.8400,-3.5700,-0.0700
61392064,sitting,-0.0171,0.0388,-0.9662,0.8050,-3.5000,-0.1050
61392083,sitting,-0.0159,0.0400,-0.9665,0.8050,-3.5700,-0.1050
61392102,sitting,-0.0163,0.0395,-0.9658,0.8400,-3.5350,-0.1050
61392121,sitting,-0.0161,0.0393,-0.9658,0.8400,-3.5350,-0.0700
61392141,sitting,-0.0163,0.0393,-0.9677,0.8400,-3.5000,-0.0700
61392160,sitting,-0.0154,0.0393,-0.9670,0.8400,-3.5350,-0.0700
61392179,sitting,-0.0178,0.0395,-0.9670,0.8400,-3.5350,-0.0700
61392198,sitting,-0.0168,0.0395,-0.9660,0.8400,-3.4650,-0.1050
61392218,sitting,-0.0163,0.0395,-0.9665,0.8400,-3.5700,-0.0700
61392237,sitting,-0.0161,0.0388,-0.9670,0.8750,-3.5700,-0.1050
61392256,sitting,-0.0163,0.0395,-0.9660,0.8400,-3.5000,-0.1400
61392275,sitting,-0.0166,0.0393,-0.9675,0.8050,-3.5000,-0.0700
61392294,sitting,-0.0176,0.0393,-0.9665,0.8750,-3.5700,-0.1050
61392314,sitting,-0.0168,0.0398,-0.9653,0.8400,-3.5000,-0.0700
61392333,sitting,-0.0166,0.0388,-0.9655,0.9100,-3.5350,-0.1050
61392352,sitting,-0.0159,0.0388,-0.9662,0.8750,-3.5000,-0.0700
61392371,sitting,-0.0168,0.0390,-0.9658,0.8400,-3.4650,-0.0700
61392391,sitting,-0.0171,0.0403,-0.9658,0.8750,-3.5350,-0.1400
61392410,sitting,-0.0166,0.0393,-0.9662,0.8400,-3.5350,-0.0700
61392429,sitting,-0.0161,0.0400,-0.9672,0.8750,-3.5000,-0.0700
61392448,sitting,-0.0163,0.0390,-0.9665,0.8750,-3.5350,-0.1050
61392468,sitting,-0.0161,0.0393,-0.9672,0.8400,-3.5350,-0.0700
61392487,sitting,-0.0156,0.0386,-0.9675,0.8400,-3.5000,-0.0700
61392506,sitting,-0.0163,0.0400,-0.9670,0.8050,-3.5000,-0.0700
61392525,sitting,-0.0168,0.0400,-0.9665,0.8400,-3.5700,-0.0700
61392544,sitting,-0.0151,0.0390,-0.9662,0.8050,-3.5350,-0.0700
61392564,sitting,-0.0166,0.0395,-0.9665,0.8400,-3.5000,-0.0700
61392583,sitting,-0.0168,0.0403,-0.9662,0.8750,-3.5350,-0.0700
61392602,sitting,-0.0166,0.0395,-0.9670,0.9100,-3.5350,-0.1400
61392621,sitting,-0.0163,0.0398,-0.9665,0.8050,-3.5000,-0.1400
61392641,sitting,-0.0159,0.0390,-0.9665,0.8400,-3.5700,-0.1400
61392660,sitting,-0.0154,0.0393,-0.9665,0.9100,-3.6050,-0.1050
61392679,sitting,-0.0151,0.0393,-0.9658,0.8400,-3.5000,-0.1050
61392698,sitting,-0.0159,0.0395,-0.9670,0.8400,-3.5350,-0.0700
61392718,sitting,-0.0159,0.0388,-0.9660,0.8400,-3.5350,-0.0700
61392737,sitting,-0.0156,0.0398,-0.9658,0.8050,-3.5350,-0.0700
61392756,sitting,-0.0163,0.0398,-0.9665,0.8050,-3.5000,-0.1050
61392775,sitting,-0.0168,0.0390,-0.9670,0.8400,-3.5700,-0.0700
61392794,sitting,-0.0156,0.0393,-0.9660,0.8400,-3.5350,-0.0700
61392814,sitting,-0.0168,0.0400,-0.9660,0.8750,-3.5000,-0.1400
61392833,sitting,-0.0171,0.0393,-0.9667,0.8400,-3.5350,-0.1050
61392852,sitting,-0.0163,0.0388,-0.9667,0.8400,-3.5700,-0.0700
61392871,sitting,-0.0161,0.0393,-0.9658,0.8050,-3.5350,-0.1050
61392891,sitting,-0.0168,0.0393,-0.9662,0.8400,-3.5000,-0.0700
61392910,sitting,-0.0168,0.0403,-0.9667,0.8750,-3.5700,-0.1050
61392929,sitting,-0.0168,0.0388,-0.9677,0.8400,-3.5000,-0.0700
61392948,sitting,-0.0161,0.0398,-0.9662,0.8400,-3.5000,-0.0700
61392968,sitting,-0.0154,0.0388,-0.9665,0.8400,-3.5350,-0.1400
61392987,sitting,-0.0159,0.0390,-0.9675,0.8050,-3.5000,-0.1050
61393006,sitting,-0.0151,0.0390,-0.9665,0.8750,-3.5350,-0.0700
61393025,sitting,-0.0163,0.0386,-0.9660,0.8400,-3.5700,-0.0700
61393044,sitting,-0.0161,0.0395,-0.9665,0.8750,-3.5000,-0.1050
61393064,sitting,-0.0159,0.0403,-0.9667,0.8400,-3.5000,-0.0700
61393083,sitting,-0.0168,0.0398,-0.9665,0.8400,-3.5700,-0.0700
61393102,sitting,-0.0168,0.0390,-0.9665,0.8400,-3.5000,-0.0700
61393121,sitting,-0.0161,0.0398,-0.9670,0.8400,-3.5350,-0.1400
61393141,sitting,-0.0161,0.0403,-0.9665,0.8400,-3.5350,-0.1050
61393160,sitting,-0.0161,0.0395,-0.9660,0.8400,-3.5700,-0.1050
61393179,sitting,-0.0156,0.0400,-0.9662,0.8050,-3.5350,-0.1050
61393198,sitting,-0.0168,0.0400,-0.9672,0.8400,-3.5350,-0.1050
61393218,sitting,-0.0168,0.0403,-0.9662,0.9100,-3.5350,-0.1050
61393237,sitting,-0.0168,0.0395,-0.9665,0.8400,-3.5000,-0.1050
61393256,sitting,-0.0166,0.0403,-0.9667,0.8400,-3.5700,-0.0350
61393275,sitting,-0.0166,0.0403,-0.9665,0.8750,-3.5350,-0.0700
61393294,sitting,-0.0156,0.0415,-0.9667,0.8750,-3.5350,-0.1050
61393314,sitting,-0.0154,0.0398,-0.9672,0.8750,-3.5700,-0.1050
61393333,sitting,-0.0159,0.0398,-0.9660,0.8400,-3.5350,-0.0700
61393352,sitting,-0.0159,0.0398,-0.9662,0.8400,-3.5000,-0.0700
61393371,sitting,-0.0166,0.0398,-0.9670,0.8400,-3.5350,-0.1050
61393391,sitting,-0.0159,0.0400,-0.9672,0.8750,-3.5350,-0.1400
61393410,sitting,-0.0154,0.0390,-0.9670,0.8750,-3.5000,-0.0700
61393429,sitting,-0.0171,0.0398,-0.9662,0.8750,-3.4650,-0.1400
61393448,sitting,-0.0168,0.0395,-0.9672,0.8400,-3.5350,-0.1050
61393468,sitting,-0.0166,0.0388,-0.9660,0.8050,-3.5350,-0.1050
61393487,sitting,-0.0159,0.0395,-0.9665,0.8050,-3.5000,-0.1050
61393506,sitting,-0.0161,0.0386,-0.9677,0.8050,-3.5700,-0.0700
61393525,sitting,-0.0171,0.0388,-0.9667,0.8400,-3.5700,-0.0700
61393544,sitting,-0.0161,0.0395,-0.9662,0.8050,-3.5000,-0.1050
61393564,sitting,-0.0161,0.0400,-0.9658,0.8400,-3.4650,-0.0700
61393583,sitting,-0.0168,0.0395,-0.9655,0.8400,-3.6050,-0.0700
61393602,sitting,-0.0163,0.0403,-0.9665,0.8400,-3.5350,-0.1400
61393621,sitting,-0.0168,0.0398,-0.9658,0.8400,-3.5350,-0.1400
61393641,sitting,-0.0159,0.0386,-0.9653,0.8400,-3.5700,-0.1400
61393660,sitting,-0.0166,0.0395,-0.9662,0.8400,-3.5700,-0.1050
61393679,sitting,-0.0154,0.0400,-0.9667,0.8400,-3.5350,-0.0700
61393698,sitting,-0.0163,0.0390,-0.9675,0.8400,-3.5700,-0.1050
61393718,sitting,-0.0159,0.0393,-0.9672,0.8400,-3.5000,-0.1050
61393737,sitting,-0.0161,0.0400,-0.9667,0.8050,-3.4650,-0.1050
61393756,sitting,-0.0166,0.0393,-0.9660,0.8400,-3.5700,-0.0700
61393775,sitting,-0.0159,0.0390,-0.9665,0.8400,-3.5000,-0.1400
61393794,sitting,-0.0156,0.0388,-0.9667,0.8050,-3.5000,-0.0700
61393814,sitting,-0.0161,0.0393,-0.9670,0.8400,-3.5350,-0.0700
61393833,sitting,-0.0166,0.0400,-0.9662,0.8750,-3.5000,-0.0350
61393852,sitting,-0.0159,0.0398,-0.9662,0.8400,-3.4650,-0.1050
61393871,sitting,-0.0168,0.0398,-0.9672,0.8400,-3.5700,-0.0700
61393891,sitting,-0.0166,0.0393,-0.9665,0.8750,-3.6050,-0.0700
61393910,sitting,-0.0166,0.0395,-0.9658,0.7700,-3.5350,-0.0700
61393929,sitting,-0.0171,0.0393,-0.9667,0.8400,-3.5000,-0.0700
61393948,sitting,-0.0159,0.0400,-0.9667,0.8400,-3.5700,-0.1050
61393968,sitting,-0.0163,0.0400,-0.9667,0.8400,-3.5700,-0.0700
61393987,sitting,-0.0161,0.0403,-0.9665,0.8400,-3.5350,-0.1050
61394006,sitting,-0.0166,0.0395,-0.9665,0.8400,-3.5700,-0.1050
61394025,sitting,-0.0156,0.0388,-0.9660,0.8050,-3.5350,-0.1050
61394044,sitting,-0.0159,0.0393,-0.9658,0.8050,-3.5000,-0.1400
61394064,sitting,-0.0168,0.0400,-0.9670,0.8750,-3.5700,-0.1050
61394083,sitting,-0.0159,0.0400,-0.9667,0.8400,-3.5350,-0.1400
61394102,sitting,-0.0161,0.0393,-0.9653,0.8050,-3.4650,-0.1050
61394121,sitting,-0.0156,0.0400,-0.9662,0.8750,-3.5700,-0.0700
61394141,sitting,-0.0159,0.0395,-0.9670,0.8050,-3.5350,-0.1400
61394160,sitting,-0.0168,0.0400,-0.9665,0.8400,-3.5000,-0.0700
61394179,sitting,-0.0156,0.0390,-0.9667,0.8400,-3.5700,-0.0700
61394198,sitting,-0.0163,0.0393,-0.9662,0.8750,-3.5700,-0.0700
61394218,sitting,-0.0171,0.0395,-0.9670,0.8400,-3.5350,-0.0700
61394237,sitting,-0.0161,0.0395,-0.9662,0.8400,-3.5350,-0.0700
61394256,sitting,-0.0161,0.0393,-0.9665,0.8750,-3.5700,-0.0350
61394275,sitting,-0.0154,0.0390,-0.9665,0.8400,-3.5000,-0.0700
61394294,sitting,-0.0166,0.0403,-0.9655,0.8750,-3.5350,-0.0700
61394314,sitting,-0.0181,0.0398,-0.9662,0.8400,-3.5700,-0.0700
61394333,sitting,-0.0173,0.0390,-0.9670,0.8050,-3.5700,-0.0700
61394352,sitting,-0.0166,0.0393,-0.9665,0.8050,-3.5000,-0.1050
61394371,sitting,-0.0185,0.0398,-0.9677,0.8750,-3.5700,-0.0700
61394391,sitting,-0.0168,0.0388,-0.9665,0.8400,-3.5350,-0.0700
61394410,sitting,-0.0159,0.0400,-0.9662,0.8400,-3.5000,-0.1050
61394429,sitting,-0.0163,0.0395,-0.9667,0.8400,-3.5700,-0.0700
61394448,sitting,-0.0159,0.0390,-0.9670,0.8750,-3.5700,-0.0700
61394468,sitting,-0.0163,0.0400,-0.9662,0.8400,-3.5000,-0.0700
61394487,sitting,-0.0159,0.0395,-0.9670,0.8400,-3.5000,-0.0700
61394506,sitting,-0.0163,0.0393,-0.9667,0.8400,-3.5700,-0.0350
61394525,sitting,-0.0163,0.0398,-0.9665,0.8050,-3.5350,-0.1050
61394544,sitting,-0.0161,0.0395,-0.9679,0.8400,-3.5350,-0.1400
61394564,sitting,-0.0163,0.0393,-0.9662,0.8750,-3.5700,-0.0700
61394583,sitting,-0.0173,0.0390,-0.9670,0.8400,-3.5350,-0.0700
61394602,sitting,-0.0171,0.0405,-0.9667,0.8400,-3.5000,-0.1050
61394621,sitting,-0.0159,0.0398,-0.9670,0.8400,-3.5000,-0.0700
61394641,sitting,-0.0166,0.0388,-0.9662,0.8400,-3.5350,-0.1050
61394660,sitting,-0.0171,0.0393,-0.9650,0.8400,-3.5000,-0.0700
61394679,sitting,-0.0168,0.0393,-0.9650,0.8400,-3.5350,-0.0700
61394698,sitting,-0.0156,0.0388,-0.9670,0.8050,-3.5000,-0.1400
61394718,sitting,-0.0166,0.0400,-0.9670,0.8750,-3.5350,-0.0700
61394737,sitting,-0.0161,0.0398,-0.9667,0.8400,-3.5000,-0.0700
61394756,sitting,-0.0176,0.0400,-0.9658,0.8400,-3.5350,-0.0700
61394775,sitting,-0.0156,0.0388,-0.9667,0.7700,-3.5000,-0.1050
61394794,sitting,-0.0154,0.0390,-0.9672,0.8400,-3.5000,-0.0350
61394814,sitting,-0.0151,0.0400,-0.9675,0.8400,-3.5700,-0.0700
61394833,sitting,-0.0161,0.0393,-0.9662,0.8400,-3.5000,-0.0700
61394852,sitting,-0.0168,0.0386,-0.9662,0.8400,-3.5350,-0.0700
61394871,sitting,-0.0171,0.0400,-0.9667,0.8400,-3.5000,-0.0700
61394891,sitting,-0.0163,0.0407,-0.9667,0.8400,-3.5000,-0.1050
61394910,sitting,-0.0168,0.0390,-0.9670,0.8400,-3.5000,-0.0700
61394929,sitting,-0.0166,0.0390,-0.9665,0.8400,-3.5700,-0.1400
61394948,sitting,-0.0168,0.0398,-0.9665,0.8750,-3.5000,-0.0700
61394968,sitting,-0.0161,0.0400,-0.9670,0.8400,-3.5000,-0.0700
61394987,sitting,-0.0159,0.0393,-0.9665,0.8400,-3.5350,-0.1050
61395006,sitting,-0.0159,0.0393,-0.9675,0.8750,-3.5000,-0.1050
61395025,sitting,-0.0161,0.0386,-0.9667,0.8400,-3.5700,-0.0700
61395044,sitting,-0.0166,0.0395,-0.9670,0.8400,-3.5350,-0.0700
61395064,sitting,-0.0159,0.0403,-0.9670,0.8400,-3.5700,-0.0700
61395083,sitting,-0.0168,0.0398,-0.9662,0.8050,-3.5000,-0.1400
61395102,sitting,-0.0168,0.0398,-0.9670,0.8750,-3.5700,-0.1050
61395121,sitting,-0.0166,0.0395,-0.9672,0.8400,-3.5700,-0.0700
61395141,sitting,-0.0161,0.0398,-0.9675,0.8050,-3.4650,-0.1050
61395160,sitting,-0.0156,0.0393,-0.9672,0.8400,-3.5350,-0.0700
61395179,sitting,-0.0154,0.0388,-0.9667,0.8750,-3.5000,-0.0350
61395198,sitting,-0.0168,0.0398,-0.9665,0.8050,-3.5350,-0.0700
61395218,sitting,-0.0161,0.0388,-0.9665,0.8050,-3.5000,-0.0700
61395237,sitting,-0.0163,0.0388,-0.9670,0.8400,-3.5700,-0.0700
61395256,sitting,-0.0166,0.0393,-0.9670,0.8050,-3.5350,-0.0700
61395275,sitting,-0.0161,0.0390,-0.9667,0.8400,-3.5000,-0.0700
61395294,sitting,-0.0168,0.0400,-0.9662,0.8400,-3.5350,-0.1050
61395314,sitting,-0.0166,0.0400,-0.9662,0.8750,-3.5000,-0.0700
61395333,sitting,-0.0168,0.0393,-0.9665,0.8050,-3.4650,-0.1050
61395352,sitting,-0.0168,0.0388,-0.9667,0.8400,-3.5350,-0.1050
61395371,sitting,-0.0154,0.0395,-0.9675,0.8750,-3.5700,-0.0700
61395391,sitting,-0.0161,0.0390,-0.9675,0.8400,-3.5000,-0.0700
61395410,sitting,-0.0163,0.0398,-0.9667,0.8050,-3.5700,-0.0700
61395429,sitting,-0.0154,0.0393,-0.9670,0.8400,-3.5350,-0.1050
61395448,sitting,-0.0163,0.0395,-0.9662,0.8400,-3.4650,-0.1400
61395468,sitting,-0.0161,0.0398,-0.9662,0.8750,-3.5350,-0.0700
61395487,sitting,-0.0159,0.0400,-0.9660,0.8400,-3.5350,-0.1050
61395506,sitting,-0.0166,0.0388,-0.9670,0.8050,-3.5000,-0.0700
61395525,sitting,-0.0161,0.0393,-0.9670,0.8750,-3.5350,-0.0700
61395544,sitting,-0.0173,0.0400,-0.9682,0.8400,-3.5700,-0.0700
61395564,sitting,-0.0168,0.0398,-0.9672,0.8400,-3.5350,-0.0350
61395583,sitting,-0.0166,0.0383,-0.9660,0.8400,-3.5000,-0.0700
61395602,sitting,-0.0151,0.0393,-0.9670,0.8750,-3.5350,-0.0700
61395621,sitting,-0.0168,0.0400,-0.9667,0.8750,-3.5000,-0.1050
61395641,sitting,-0.0168,0.0403,-0.9662,0.8400,-3.5000,-0.0700
61395660,sitting,-0.0163,0.0386,-0.9667,0.8400,-3.5000,-0.0700
61395679,sitting,-0.0161,0.0395,-0.9660,0.8750,-3.5350,-0.0700
61395698,sitting,-0.0166,0.0405,-0.9658,0.8050,-3.5000,-0.1050
61395718,sitting,-0.0168,0.0393,-0.9672,0.8750,-3.5700,-0.1050
61395737,sitting,-0.0161,0.0393,-0.9667,0.8750,-3.5350,-0.1050
61395756,sitting,-0.0166,0.0398,-0.9670,0.8400,-3.5700,-0.0700
61395775,sitting,-0.0161,0.0393,-0.9667,0.8400,-3.5350,-0.0700
61395794,sitting,-0.0163,0.0400,-0.9675,0.8400,-3.5350,-0.0700
61395814,sitting,-0.0161,0.0388,-0.9662,0.8400,-3.5000,-0.0700
61395833,sitting,-0.0173,0.0386,-0.9662,0.8750,-3.5000,-0.0700
61395852,sitting,-0.0173,0.0390,-0.9667,0.8400,-3.5700,-0.1050
61395871,sitting,-0.0159,0.0390,-0.9667,0.8050,-3.4650,-0.0700
61395891,sitting,-0.0166,0.0390,-0.9662,0.8400,-3.5350,-0.0700
61395910,sitting,-0.0171,0.0395,-0.9670,0.8750,-3.5700,-0.0700
61395929,sitting,-0.0168,0.0393,-0.9670,0.8050,-3.5000,-0.1400
61395948,sitting,-0.0163,0.0395,-0.9667,0.8400,-3.5350,-0.1400
61395968,sitting,-0.0176,0.0400,-0.9667,0.8750,-3.5700,-0.1400
61395987,sitting,-0.0168,0.0395,-0.9665,0.8750,-3.5700,-0.1050
61396006,sitting,-0.0168,0.0405,-0.9662,0.8400,-3.5000,-0.1050
61396025,sitting,-0.0163,0.0393,-0.9658,0.8750,-3.5350,-0.0700
61396044,sitting,-0.0168,0.0383,-0.9660,0.8750,-3.5700,-0.0700
61396064,sitting,-0.0168,0.0386,-0.9677,0.8400,-3.5350,-0.0700
61396083,sitting,-0.0171,0.0398,-0.9670,0.8400,-3.5700,-0.0700
61396102,sitting,-0.0166,0.0395,-0.9655,0.8400,-3.5700,-0.0700
61396121,sitting,-0.0171,0.0388,-0.9667,0.8050,-3.5000,-0.0700
61396141,sitting,-0.0166,0.0393,-0.9650,0.8400,-3.5000,-0.0700
61396160,sitting,-0.0151,0.0403,-0.9665,0.8400,-3.5000,-0.0350
61396179,sitting,-0.0156,0.0393,-0.9670,0.8400,-3.5000,-0.0700
61396198,sitting,-0.0151,0.0388,-0.9660,0.8750,-3.5350,-0.0700
61396218,sitting,-0.0166,0.0393,-0.9662,0.8400,-3.5700,-0.0700
61396237,sitting,-0.0168,0.0393,-0.9653,0.8400,-3.5700,-0.0700
61396256,sitting,-0.0163,0.0403,-0.9665,0.8400,-3.5000,-0.1050
61396275,sitting,-0.0171,0.0388,-0.9658,0.8750,-3.5700,-0.0700
61396294,sitting,-0.0168,0.0393,-0.9665,0.8400,-3.5700,-0.0350
61396314,sitting,-0.0159,0.0390,-0.9675,0.8400,-3.5700,-0.0700
61396333,sitting,-0.0161,0.0395,-0.9660,0.9100,-3.5350,-0.0700
61396352,sitting,-0.0166,0.0405,-0.9665,0.8400,-3.5350,-0.1050
61396371,sitting,-0.0166,0.0398,-0.9655,0.8050,-3.5000,-0.0700
61396391,sitting,-0.0161,0.0388,-0.9658,0.8400,-3.5350,-0.0700
61396410,sitting,-0.0171,0.0393,-0.9662,0.8750,-3.5350,-0.0700
61396429,sitting,-0.0168,0.0388,-0.9675,0.8400,-3.5000,-0.0700
61396448,sitting,-0.0163,0.0403,-0.9672,0.8400,-3.5350,-0.0700
61396468,sitting,-0.0161,0.0398,-0.9660,0.8400,-3.5350,-0.0700
61396487,sitting,-0.0161,0.0390,-0.9667,0.8050,-3.5000,-0.0700
61396506,sitting,-0.0159,0.0403,-0.9670,0.8750,-3.5350,-0.0700
61396525,sitting,-0.0161,0.0395,-0.9665,0.8400,-3.5700,-0.0700
61396544,sitting,-0.0161,0.0383,-0.9667,0.8400,-3.5700,-0.0700
61396564,sitting,-0.0171,0.0395,-0.9672,0.8400,-3.5000,-0.1050
61396583,sitting,-0.0168,0.0390,-0.9672,0.9100,-3.6050,-0.0350
61396602,sitting,-0.0159,0.0400,-0.9662,0.8750,-3.5350,-0.0700
61396621,sitting,-0.0159,0.0403,-0.9665,0.8400,-3.5700,-0.0700
61396641,sitting,-0.0156,0.0395,-0.9660,0.8400,-3.5350,-0.0700
61396660,sitting,-0.0156,0.0386,-0.9660,0.8400,-3.5000,-0.1050
61396679,sitting,-0.0163,0.0390,-0.9665,0.8050,-3.5350,-0.1050
61396698,sitting,-0.0168,0.0398,-0.9658,0.8400,-3.5350,-0.0700
61396718,sitting,-0.0159,0.0400,-0.9665,0.8750,-3.5350,-0.0700
61396737,sitting,-0.0163,0.0400,-0.9665,0.8400,-3.5000,-0.1400
61396756,sitting,-0.0159,0.0403,-0.9670,0.8750,-3.5350,-0.0700
61396775,sitting,-0.0161,0.0395,-0.9662,0.8400,-3.5350,-0.0350
61396794,sitting,-0.0163,0.0390,-0.9658,0.8400,-3.5000,-0.1050
61396814,sitting,-0.0159,0.0393,-0.9655,0.8400,-3.5700,-0.1050
61396833,sitting,-0.0173,0.0398,-0.9665,0.8400,-3.5700,-0.0700
61396852,sitting,-0.0171,0.0393,-0.9670,0.8400,-3.5350,-0.0350
61396871,sitting,-0.0161,0.0393,-0.9667,0.8400,-3.5000,-0.0700
61396891,sitting,-0.0161,0.0395,-0.9665,0.8750,-3.5350,-0.0700
61396910,sitting,-0.0171,0.0393,-0.9665,0.8750,-3.5700,-0.0700
61396929,sitting,-0.0163,0.0400,-0.9667,0.8400,-3.4650,-0.0350
61396948,sitting,-0.0159,0.0390,-0.9662,0.8050,-3.5350,-0.0700
61396968,sitting,-0.0161,0.0400,-0.9665,0.8400,-3.5350,-0.0700
61396987,sitting,-0.0173,0.0395,-0.9667,0.8400,-3.5000,-0.1050
61397006,sitting,-0.0159,0.0393,-0.9675,0.8750,-3.5350,-0.0700
61397025,sitting,-0.0166,0.0390,-0.9660,0.8400,-3.5350,-0.0700
61397044,sitting,-0.0176,0.0395,-0.9667,0.8400,-3.5000,-0.0700
61397064,sitting,-0.0171,0.0398,-0.9679,0.8400,-3.5000,-0.0700
61397083,sitting,-0.0159,0.0383,-0.9667,0.8400,-3.5700,-0.0700
61397102,sitting,-0.0166,0.0383,-0.9660,0.8400,-3.5000,-0.0700
61397121,sitting,-0.0166,0.0390,-0.9670,0.8400,-3.5000,-0.0350
61397141,sitting,-0.0163,0.0395,-0.9675,0.8400,-3.5350,-0.0700
61397160,sitting,-0.0173,0.0400,-0.9675,0.8400,-3.5000,-0.1050
61397179,sitting,-0.0166,0.0398,-0.9658,0.8400,-3.5000,-0.1400
61397198,sitting,-0.0163,0.0393,-0.9653,0.8400,-3.5700,-0.0700
61397218,sitting,-0.0161,0.0395,-0.9665,0.8050,-3.5000,-0.1400
61397237,sitting,-0.0156,0.0398,-0.9670,0.8400,-3.5000,-0.1400
61397256,sitting,-0.0168,0.0400,-0.9679,0.8750,-3.5700,0.0000
61397275,sitting,-0.0166,0.0395,-0.9670,0.8400,-3.5350,-0.0700
61397294,sitting,-0.0163,0.0400,-0.9672,0.7700,-3.5000,-0.0700
61397314,sitting,-0.0163,0.0393,-0.9670,0.8400,-3.5700,-0.0700
61397333,sitting,-0.0168,0.0400,-0.9670,0.8400,-3.5700,-0.0700
61397352,sitting,-0.0166,0.0400,-0.9667,0.8400,-3.4650,-0.0700
61397371,sitting,-0.0163,0.0400,-0.9655,0.8750,-3.5000,-0.0700
61397391,sitting,-0.0159,0.0398,-0.9660,0.8400,-3.5700,-0.0700
61397410,sitting,-0.0161,0.0388,-0.9665,0.8400,-3.5700,-0.1050
61397429,sitting,-0.0166,0.0390,-0.9672,0.8400,-3.5000,-0.0700
61397448,sitting,-0.0168,0.0390,-0.9675,0.8750,-3.5700,-0.0700
61397468,sitting,-0.0171,0.0398,-0.9672,0.8400,-3.5350,-0.0700
61397487,sitting,-0.0159,0.0393,-0.9660,0.8750,-3.5000,-0.1050
61397506,sitting,-0.0163,0.0388,-0.9670,0.8400,-3.5700,-0.1050
61397525,sitting,-0.0163,0.0393,-0.9662,0.8400,-3.5000,-0.0700
61397544,sitting,-0.0166,0.0388,-0.9662,0.8400,-3.5700,-0.0700
61397564,sitting,-0.0166,0.0398,-0.9662,0.8400,-3.5700,-0.0700
61397583,sitting,-0.0161,0.0390,-0.9658,0.8400,-3.5700,-0.0700
61397602,sitting,-0.0166,0.0393,-0.9665,0.8400,-3.5000,-0.0700
61397621,sitting,-0.0154,0.0388,-0.9667,0.8750,-3.5350,-0.0350
61397641,sitting,-0.0166,0.0395,-0.9667,0.8400,-3.5700,-0.0700
61397660,sitting,-0.0163,0.0393,-0.9660,0.8400,-3.5700,-0.0700
61397679,sitting,-0.0173,0.0395,-0.9662,0.8400,-3.5000,-0.0700
61397698,sitting,-0.0166,0.0395,-0.9660,0.9100,-3.5000,-0.0700
61397718,sitting,-0.0163,0.0390,-0.9672,0.8400,-3.5000,-0.1050
61397737,sitting,-0.0163,0.0395,-0.9672,0.8750,-3.5700,-0.0700
61397756,sitting,-0.0161,0.0398,-0.9665,0.8400,-3.5350,-0.0700
61397775,sitting,-0.0168,0.0398,-0.9667,0.8400,-3.5350,-0.0700
61397794,sitting,-0.0161,0.0386,-0.9672,0.8400,-3.5000,-0.0700
61397814,sitting,-0.0159,0.0400,-0.9658,0.8400,-3.5350,-0.1400
61397833,sitting,-0.0168,0.0390,-0.9662,0.8400,-3.5350,-0.0700
61397852,sitting,-0.0163,0.0398,-0.9665,0.8400,-3.5700,-0.0700
61397871,sitting,-0.0163,0.0393,-0.9665,0.8750,-3.5700,-0.0700
61397891,sitting,-0.0168,0.0386,-0.9675,0.8400,-3.5700,-0.0700
61397910,sitting,-0.0159,0.0393,-0.9660,0.8400,-3.5000,-0.0700
61397929,sitting,-0.0166,0.0390,-0.9665,0.8050,-3.5350,-0.0700
61397948,sitting,-0.0163,0.0400,-0.9655,0.8400,-3.5000,-0.1050
61397968,sitting,-0.0166,0.0393,-0.9658,0.8400,-3.5000,-0.1050
61397987,sitting,-0.0168,0.0388,-0.9660,0.8400,-3.5700,-0.0700
61398006,sitting,-0.0163,0.0393,-0.9667,0.8400,-3.5700,-0.0700
61398025,sitting,-0.0168,0.0395,-0.9662,0.8400,-3.5000,-0.0700
61398044,sitting,-0.0163,0.0398,-0.9655,0.8400,-3.5700,-0.1050
61398064,sitting,-0.0163,0.0398,-0.9660,0.8400,-3.5350,-0.0350
61398083,sitting,-0.0168,0.0398,-0.9665,0.8400,-3.5350,-0.0700
61398102,sitting,-0.0161,0.0383,-0.9662,0.8400,-3.5000,-0.0700
61398121,sitting,-0.0163,0.0393,-0.9665,0.8400,-3.5350,-0.0700
61398141,sitting,-0.0161,0.0390,-0.9653,0.8750,-3.5000,-0.0700
61398160,sitting,-0.0163,0.0398,-0.9648,0.8400,-3.5000,-0.1400
61398179,sitting,-0.0173,0.0390,-0.9662,0.8750,-3.5350,-0.0700
61398198,sitting,-0.0163,0.0405,-0.9660,0.8750,-3.5350,0.0000
61398218,sitting,-0.0166,0.0407,-0.9660,0.8400,-3.5000,-0.0700
61398237,sitting,-0.0171,0.0395,-0.9655,0.8050,-3.5000,-0.1050
61398256,sitting,-0.0171,0.0395,-0.9670,0.8750,-3.5700,-0.0350
61398275,sitting,-0.0178,0.0390,-0.9670,0.8400,-3.5000,-0.1050
61398294,sitting,-0.0163,0.0395,-0.9675,0.8400,-3.5350,-0.0700
61398314,sitting,-0.0166,0.0400,-0.9660,0.8750,-3.5700,-0.0700
61398333,sitting,-0.0163,0.0398,-0.9672,0.8400,-3.5350,-0.0700
61398352,sitting,-0.0168,0.0390,-0.9665,0.8400,-3.5350,-0.0700
61398371,sitting,-0.0171,0.0388,-0.9672,0.8400,-3.5700,-0.0700
61398391,sitting,-0.0161,0.0398,-0.9670,0.8050,-3.5350,-0.0350
61398410,sitting,-0.0166,0.0400,-0.9670,0.8750,-3.5000,-0.0350
61398429,sitting,-0.0159,0.0398,-0.9665,0.9100,-3.5700,-0.0700
61398448,sitting,-0.0161,0.0395,-0.9655,0.9100,-3.5700,-0.0700
61398468,sitting,-0.0166,0.0388,-0.9672,0.8400,-3.5350,-0.0700
61398487,sitting,-0.0161,0.0390,-0.9667,0.8750,-3.5700,-0.1050
61398506,sitting,-0.0176,0.0386,-0.9662,0.8400,-3.5350,0.0000
61398525,sitting,-0.0159,0.0390,-0.9655,0.8400,-3.5000,-0.0700
61398544,sitting,-0.0168,0.0395,-0.9662,0.8400,-3.5350,-0.0700
61398564,sitting,-0.0168,0.0390,-0.9667,0.8050,-3.5700,-0.0700
61398583,sitting,-0.0159,0.0400,-0.9672,0.8400,-3.5000,-0.1050
61398602,sitting,-0.0166,0.0388,-0.9665,0.8400,-3.5350,-0.0700
61398621,sitting,-0.0154,0.0395,-0.9670,0.8750,-3.5350,-0.1400
61398641,sitting,-0.0161,0.0393,-0.9665,0.8400,-3.5000,-0.0700
61398660,sitting,-0.0163,0.0403,-0.9658,0.8400,-3.5000,-0.0700
61398679,sitting,-0.0173,0.0398,-0.9658,0.8400,-3.5350,-0.0700
61398698,sitting,-0.0161,0.0400,-0.9665,0.8400,-3.5000,-0.0700
61398718,sitting,-0.0161,0.0398,-0.9667,0.8400,-3.5350,-0.0700
61398737,sitting,-0.0173,0.0395,-0.9665,0.8750,-3.5350,-0.1050
61398756,sitting,-0.0163,0.0388,-0.9670,0.8400,-3.5350,-0.0700
61398775,sitting,-0.0171,0.0390,-0.9670,0.8400,-3.5000,-0.0700
61398794,sitting,-0.0166,0.0395,-0.9675,0.8750,-3.6050,-0.0350
61398814,sitting,-0.0151,0.0390,-0.9662,0.8750,-3.5700,-0.0700
61398833,sitting,-0.0156,0.0398,-0.9667,0.8400,-3.5000,-0.0700
61398852,sitting,-0.0149,0.0398,-0.9670,0.8400,-3.5350,-0.0700
61398871,sitting,-0.0156,0.0390,-0.9670,0.8400,-3.5350,-0.0700
61398891,sitting,-0.0159,0.0393,-0.9667,0.8400,-3.5700,-0.0700
61398910,sitting,-0.0163,0.0398,-0.9658,0.8750,-3.5350,-0.1050
61398929,sitting,-0.0166,0.0398,-0.9662,0.8400,-3.5000,-0.0700
61398948,sitting,-0.0166,0.0383,-0.9665,0.8050,-3.5700,-0.0700
61398968,sitting,-0.0159,0.0388,-0.9660,0.8750,-3.5350,-0.0700
61398987,sitting,-0.0151,0.0390,-0.9660,0.9100,-3.5350,-0.0700
61399006,sitting,-0.0161,0.0393,-0.9662,0.8400,-3.5000,-0.0700
61399025,sitting,-0.0176,0.0395,-0.9662,0.8050,-3.5350,-0.1050
61399044,sitting,-0.0156,0.0383,-0.9667,0.8400,-3.6050,-0.0700
61399064,sitting,-0.0159,0.0393,-0.9667,0.8400,-3.5350,-0.0700
61399083,sitting,-0.0163,0.0388,-0.9665,0.8050,-3.5700,-0.0700
61399102,sitting,-0.0173,0.0395,-0.9665,0.8400,-3.5350,-0.0700
61399121,sitting,-0.0166,0.0395,-0.9655,0.8400,-3.5000,-0.1400
61399141,sitting,-0.0161,0.0395,-0.9662,0.8050,-3.4650,-0.0700
61399160,sitting,-0.0161,0.0388,-0.9667,0.8750,-3.5000,-0.0700
61399179,sitting,-0.0159,0.0398,-0.9667,0.8750,-3.5000,-0.1050
61399198,sitting,-0.0159,0.0398,-0.9662,0.8400,-3.5000,-0.0700
61399218,sitting,-0.0161,0.0393,-0.9667,0.8750,-3.5000,-0.0700
61399237,sitting,-0.0166,0.0400,-0.9658,0.9100,-3.5350,-0.0700
61399256,sitting,-0.0168,0.0398,-0.9667,0.8400,-3.5350,-0.0700
61399275,sitting,-0.0166,0.0395,-0.9660,0.8400,-3.5350,-0.0700
61399294,sitting,-0.0163,0.0400,-0.9667,0.8750,-3.5700,-0.0700
61399314,sitting,-0.0173,0.0398,-0.9665,0.8400,-3.5350,-0.0700
61399333,sitting,-0.0163,0.0395,-0.9667,0.8400,-3.5350,-0.0700
61399352,sitting,-0.0166,0.0395,-0.9665,0.8400,-3.5700,-0.0700
61399371,sitting,-0.0166,0.0386,-0.9662,0.8750,-3.5700,-0.0700
61399391,sitting,-0.0154,0.0398,-0.9672,0.8400,-3.5000,-0.0700
61399410,sitting,-0.0151,0.0395,-0.9665,0.8400,-3.5350,-0.0700
61399429,sitting,-0.0161,0.0390,-0.9658,0.8400,-3.5350,-0.0700
61399448,sitting,-0.0156,0.0395,-0.9655,0.8050,-3.4650,-0.1050
61399468,sitting,-0.0171,0.0398,-0.9667,0.8400,-3.5000,-0.0700
61399487,sitting,-0.0166,0.0400,-0.9667,0.8400,-3.5700,-0.0700
61399506,sitting,-0.0171,0.0403,-0.9662,0.8400,-3.5350,-0.0700
61399525,sitting,-0.0173,0.0393,-0.9665,0.8400,-3.5000,-0.0350
61399544,sitting,-0.0171,0.0398,-0.9677,0.8750,-3.5350,-0.0350
61399564,sitting,-0.0171,0.0395,-0.9670,0.8750,-3.5000,-0.0700
61399583,sitting,-0.0161,0.0400,-0.9672,0.8750,-3.5350,-0.0700
61399602,sitting,-0.0166,0.0403,-0.9665,0.8400,-3.5350,-0.1050
61399621,sitting,-0.0163,0.0398,-0.9665,0.8400,-3.5350,-0.0700
61399641,sitting,-0.0166,0.0393,-0.9660,0.8400,-3.5350,-0.0700
61399660,sitting,-0.0176,0.0398,-0.9665,0.8750,-3.5700,-0.0700
61399679,sitting,-0.0168,0.0400,-0.9662,0.8750,-3.5000,-0.0700
61399698,sitting,-0.0166,0.0398,-0.9662,0.8050,-3.5000,-0.0700
61399718,sitting,-0.0163,0.0393,-0.9667,0.8750,-3.5700,-0.0700
61399737,sitting,-0.0161,0.0393,-0.9670,0.8400,-3.5350,-0.0700
61399756,sitting,-0.0163,0.0398,-0.9667,0.8050,-3.5000,-0.0700
61399775,sitting,-0.0161,0.0395,-0.9670,0.8750,-3.5700,-0.0700
61399794,sitting,-0.0168,0.0390,-0.9672,0.8400,-3.5350,-0.0700
61399814,sitting,-0.0166,0.0395,-0.9665,0.8400,-3.5000,-0.0700
61399833,sitting,-0.0161,0.0390,-0.9662,0.8750,-3.5350,-0.1050
61399852,sitting,-0.0156,0.0395,-0.9675,0.9100,-3.5700,-0.0700
61399871,sitting,-0.0159,0.0393,-0.9672,0.8400,-3.5000,-0.1050
61399891,sitting,-0.0171,0.0395,-0.9658,0.8400,-3.5350,-0.0700
61399910,sitting,-0.0166,0.0390,-0.9672,0.8400,-3.6050,-0.0350
61399929,sitting,-0.0156,0.0395,-0.9675,0.8400,-3.5700,-0.0700
61399948,sitting,-0.0166,0.0395,-0.9667,0.8400,-3.5700,-0.0350
61399968,sitting,-0.0163,0.0400,-0.9670,0.8400,-3.5700,-0.0700
61399987,sitting,-0.0171,0.0390,-0.9670,0.8750,-3.5350,0.0000
61400006,sitting,-0.0161,0.0393,-0.9667,0.8400,-3.5700,-0.0700
61400025,sitting,-0.0163,0.0393,-0.9667,0.8400,-3.6050,-0.1050
61400044,sitting,-0.0163,0.0407,-0.9660,0.8400,-3.5700,-0.1050
61400064,sitting,-0.0176,0.0400,-0.9667,0.8400,-3.5000,-0.0700
61400083,sitting,-0.0161,0.0388,-0.9672,0.8750,-3.5350,-0.0700
61400102,sitting,-0.0168,0.0386,-0.9665,0.8400,-3.5350,-0.0700
61400121,sitting,-0.0168,0.0386,-0.9667,0.8400,-3.5000,-0.1050
61400141,sitting,-0.0159,0.0390,-0.9655,0.8750,-3.5700,-0.0700
61400160,sitting,-0.0163,0.0398,-0.9665,0.8400,-3.5350,-0.0350
61400179,sitting,-0.0173,0.0393,-0.9665,0.8400,-3.5000,-0.1050
61400198,sitting,-0.0168,0.0388,-0.9672,0.8750,-3.5000,-0.1050
61400218,sitting,-0.0173,0.0390,-0.9660,0.9100,-3.5350,-0.0700
61400237,sitting,-0.0159,0.0393,-0.9662,0.8750,-3.5000,-0.0700
61400256,sitting,-0.0159,0.0390,-0.9660,0.8400,-3.5000,-0.0700
61400275,sitting,-0.0166,0.0403,-0.9660,0.8750,-3.5700,-0.0700
61400294,sitting,-0.0166,0.0395,-0.9658,0.8400,-3.5350,-0.0700
61400314,sitting,-0.0168,0.0388,-0.9660,0.8400,-3.5350,-0.0350
61400333,sitting,-0.0156,0.0390,-0.9667,0.8400,-3.5350,-0.0700
61400352,sitting,-0.0156,0.0403,-0.9660,0.8750,-3.5350,-0.1050
61400371,sitting,-0.0163,0.0390,-0.9665,0.8400,-3.5000,-0.1050
61400391,sitting,-0.0159,0.0393,-0.9665,0.8750,-3.5700,-0.0700
61400410,sitting,-0.0163,0.0400,-0.9660,0.8050,-3.5350,-0.1400
61400429,sitting,-0.0168,0.0398,-0.9670,0.8400,-3.5000,-0.1050
61400448,sitting,-0.0166,0.0393,-0.9662,0.8050,-3.5700,-0.0700
61400468,sitting,-0.0171,0.0386,-0.9662,0.8400,-3.5350,-0.0700
61400487,sitting,-0.0159,0.0393,-0.9665,0.8400,-3.5000,-0.0700
61400506,sitting,-0.0166,0.0395,-0.9658,0.8400,-3.5700,-0.0700
61400525,sitting,-0.0173,0.0400,-0.9675,0.8750,-3.5350,-0.0700
61400544,sitting,-0.0171,0.0393,-0.9665,0.8400,-3.5350,-0.0700
61400564,sitting,-0.0166,0.0400,-0.9658,0.8750,-3.4650,-0.0700
61400583,sitting,-0.0173,0.0395,-0.9660,0.8750,-3.5700,-0.1050
61400602,sitting,-0.0156,0.0395,-0.9665,0.8750,-3.5700,-0.0700
61400621,sitting,-0.0168,0.0390,-0.9665,0.8400,-3.5350,-0.0700
61400641,sitting,-0.0166,0.0400,-0.9658,0.8400,-3.5700,-0.0700
61400660,sitting,-0.0161,0.0393,-0.9667,0.8750,-3.5350,-0.0700
61400679,sitting,-0.0171,0.0390,-0.9672,0.8400,-3.5350,-0.0350
61400698,sitting,-0.0159,0.0398,-0.9672,0.8750,-3.5350,-0.0700
61400718,sitting,-0.0163,0.0403,-0.9662,0.8400,-3.5700,-0.0700
61400737,sitting,-0.0156,0.0393,-0.9665,0.8050,-3.5000,-0.0700
61400756,sitting,-0.0166,0.0398,-0.9665,0.8400,-3.5700,-0.1400
61400775,sitting,-0.0159,0.0398,-0.9670,0.8400,-3.5700,-0.0700
61400794,sitting,-0.0163,0.0393,-0.9655,0.8400,-3.5350,-0.0700
61400814,sitting,-0.0161,0.0388,-0.9660,0.8400,-3.5700,-0.1050
61400833,sitting,-0.0159,0.0393,-0.9667,0.8400,-3.5700,-0.1050
61400852,sitting,-0.0161,0.0388,-0.9662,0.8050,-3.5000,-0.1050
61400871,sitting,-0.0173,0.0398,-0.9670,0.8400,-3.5350,-0.0700
61400891,sitting,-0.0168,0.0403,-0.9655,0.8750,-3.5700,-0.0700
61400910,sitting,-0.0166,0.0398,-0.9670,0.8400,-3.5000,-0.0700
61400929,sitting,-0.0159,0.0398,-0.9670,0.8750,-3.5700,-0.0700
61400948,sitting,-0.0154,0.0395,-0.9655,0.8400,-3.5350,-0.1050
61400968,sitting,-0.0159,0.0398,-0.9660,0.8400,-3.5350,-0.0700
61400987,sitting,-0.0166,0.0407,-0.9658,0.8750,-3.5000,-0.1050
61401006,sitting,-0.0161,0.0390,-0.9672,0.8750,-3.5700,-0.1050
61401025,sitting,-0.0173,0.0403,-0.9665,0.8400,-3.5350,-0.1050
61401044,sitting,-0.0166,0.0390,-0.9660,0.8050,-3.5000,-0.1050
61401064,sitting,-0.0166,0.0398,-0.9672,0.8400,-3.5700,-0.1050
61401083,sitting,-0.0166,0.0398,-0.9672,0.8400,-3.5700,-0.0700
61401102,sitting,-0.0161,0.0400,-0.9667,0.8400,-3.5700,-0.0700
61401121,sitting,-0.0161,0.0390,-0.9665,0.8400,-3.5700,-0.0350
61401141,sitting,-0.0171,0.0390,-0.9667,0.8400,-3.5350,-0.1050
61401160,sitting,-0.0171,0.0398,-0.9667,0.8400,-3.5350,-0.0700
61401179,sitting,-0.0166,0.0398,-0.9655,0.8750,-3.5700,-0.0700
61401198,sitting,-0.0166,0.0398,-0.9672,0.8750,-3.5700,-0.0700
61401218,sitting,-0.0166,0.0398,-0.9665,0.8750,-3.5350,-0.0700
61401237,sitting,-0.0156,0.0400,-0.9670,0.8050,-3.5000,-0.0700
61401256,sitting,-0.0163,0.0393,-0.9662,0.8400,-3.5700,-0.0700
61401275,sitting,-0.0166,0.0395,-0.9665,0.8050,-3.5350,-0.1050
61401294,sitting,-0.0161,0.0410,-0.9670,0.8400,-3.5000,-0.1050
61401314,sitting,-0.0173,0.0393,-0.9665,0.8400,-3.5700,-0.0700
61401333,sitting,-0.0161,0.0395,-0.9670,0.8400,-3.5350,-0.0700
61401352,sitting,-0.0159,0.0398,-0.9665,0.8400,-3.5000,-0.1050
61401371,sitting,-0.0154,0.0395,-0.9677,0.8750,-3.5700,-0.1050
61401391,sitting,-0.0171,0.0393,-0.9675,0.9100,-3.5700,-0.0700
61401410,sitting,-0.0173,0.0395,-0.9660,0.8050,-3.5000,-0.0700
61401429,sitting,-0.0163,0.0398,-0.9665,0.8750,-3.5000,-0.1400
61401448,sitting,-0.0171,0.0400,-0.9665,0.8400,-3.5700,-0.1050
61401468,sitting,-0.0163,0.0398,-0.9665,0.8400,-3.5000,-0.0700
61401487,sitting,-0.0163,0.0400,-0.9665,0.8400,-3.5000,-0.0700
61401506,sitting,-0.0168,0.0400,-0.9667,0.8400,-3.5700,-0.0700
61401525,sitting,-0.0156,0.0390,-0.9670,0.8750,-3.5350,-0.0700
61401544,sitting,-0.0154,0.0390,-0.9672,0.8750,-3.5700,-0.0700
61401564,sitting,-0.0156,0.0393,-0.9670,0.9100,-3.6050,-0.0700
61401583,sitting,-0.0156,0.0395,-0.9672,0.8400,-3.5700,0.0000
61401602,sitting,-0.0159,0.0395,-0.9670,0.8400,-3.5000,-0.0700
61401621,sitting,-0.0156,0.0393,-0.9672,0.8400,-3.5350,-0.0700
61401641,sitting,-0.0168,0.0390,-0.9670,0.8400,-3.5350,-0.0700
61401660,sitting,-0.0163,0.0398,-0.9672,0.8400,-3.5000,-0.0700
61401679,sitting,-0.0171,0.0395,-0.9667,0.8750,-3.5350,-0.0700
61401698,sitting,-0.0176,0.0393,-0.9665,0.8400,-3.5350,-0.0350
61401718,sitting,-0.0171,0.0393,-0.9672,0.8400,-3.5000,-0.0700
61401737,sitting,-0.0163,0.0398,-0.9667,0.8750,-3.5700,-0.0700
61401756,sitting,-0.0159,0.0398,-0.9677,0.8400,-3.5000,-0.0700
61401775,sitting,-0.0171,0.0395,-0.9670,0.8050,-3.5000,-0.0700
61401794,sitting,-0.0161,0.0395,-0.9665,0.8400,-3.5700,-0.0700
61401814,sitting,-0.0159,0.0388,-0.9667,0.8400,-3.5350,-0.1050
61401833,sitting,-0.0156,0.0398,-0.9665,0.8400,-3.5350,-0.0700
61401852,sitting,-0.0163,0.0381,-0.9662,0.8750,-3.5350,-0.1050
61401871,sitting,-0.0168,0.0390,-0.9665,0.8400,-3.5700,-0.1400
61401891,sitting,-0.0163,0.0395,-0.9662,0.8400,-3.5350,-0.1050
61401910,sitting,-0.0173,0.0405,-0.9655,0.8050,-3.5000,-0.1050
61401929,sitting,-0.0156,0.0403,-0.9655,0.8400,-3.5350,-0.0700
61401948,sitting,-0.0171,0.0395,-0.9667,0.8750,-3.5350,-0.1050
61401968,sitting,-0.0161,0.0395,-0.9665,0.8400,-3.5000,-0.0700
61401987,sitting,-0.0159,0.0400,-0.9675,0.8400,-3.5000,-0.1050
61402006,sitting,-0.0166,0.0395,-0.9672,0.8400,-3.5350,-0.1400
61402025,sitting,-0.0168,0.0388,-0.9665,0.8400,-3.5350,-0.1050
61402044,sitting,-0.0166,0.0390,-0.9675,0.8400,-3.5000,-0.0700
61402064,sitting,-0.0163,0.0388,-0.9670,0.8400,-3.5350,-0.1050
61402083,sitting,-0.0168,0.0390,-0.9667,0.8400,-3.5350,-0.0700
61402102,sitting,-0.0166,0.0395,-0.9665,0.8750,-3.5350,-0.1050
61402121,sitting,-0.0166,0.0400,-0.9660,0.8750,-3.5700,-0.0700
61402141,sitting,-0.0166,0.0393,-0.9662,0.8400,-3.5000,-0.1050
61402160,sitting,-0.0181,0.0393,-0.9670,0.7700,-3.5350,-0.1050
61402179,sitting,-0.0168,0.0398,-0.9665,0.8400,-3.5700,-0.0700
61402198,sitting,-0.0171,0.0386,-0.9662,0.8050,-3.5350,-0.0700
61402218,sitting,-0.0163,0.0390,-0.9670,0.8400,-3.5350,-0.0700
61402237,sitting,-0.0168,0.0386,-0.9672,0.8400,-3.5700,-0.0700
61402256,sitting,-0.0168,0.0390,-0.9665,0.8400,-3.4650,-0.0350
61402275,sitting,-0.0168,0.0395,-0.9670,0.8400,-3.5000,-0.0700
61402294,sitting,-0.0163,0.0390,-0.9672,0.8750,-3.5350,-0.0700
61402314,sitting,-0.0168,0.0390,-0.9655,0.8750,-3.5700,-0.1050
61402333,sitting,-0.0171,0.0393,-0.9665,0.8050,-3.4650,-0.0700
61402352,sitting,-0.0168,0.0388,-0.9660,0.8750,-3.5350,-0.0700
61402371,sitting,-0.0159,0.0395,-0.9667,0.8750,-3.5700,-0.0700
61402391,sitting,-0.0161,0.0393,-0.9662,0.8400,-3.5350,-0.0700
61402410,sitting,-0.0163,0.0398,-0.9672,0.8400,-3.5350,-0.0700
61402429,sitting,-0.0161,0.0393,-0.9660,0.8750,-3.5350,-0.0700
61402448,sitting,-0.0161,0.0400,-0.9662,0.8750,-3.5000,-0.1050
61402468,sitting,-0.0161,0.0395,-0.9672,0.8750,-3.5000,-0.0700
61402487,sitting,-0.0166,0.0393,-0.9658,0.8400,-3.5700,-0.0700
61402506,sitting,-0.0163,0.0398,-0.9660,0.8400,-3.5350,-0.0700
61402525,sitting,-0.0166,0.0393,-0.9655,0.8400,-3.5350,-0.0700
61402544,sitting,-0.0161,0.0390,-0.9662,0.8750,-3.5700,-0.0700
61402564,sitting,-0.0161,0.0395,-0.9665,0.8400,-3.5000,-0.1400
61402583,sitting,-0.0168,0.0393,-0.9665,0.8400,-3.5000,-0.1050
61402602,sitting,-0.0168,0.0395,-0.9667,0.8400,-3.5350,-0.0700
61402621,sitting,-0.0168,0.0398,-0.9675,0.9100,-3.5700,-0.0700
61402641,sitting,-0.0161,0.0403,-0.9662,0.8400,-3.5000,-0.0700
61402660,sitting,-0.0154,0.0383,-0.9653,0.8400,-3.5700,-0.1400
61402679,sitting,-0.0161,0.0393,-0.9655,0.8400,-3.6050,-0.1050
61402698,sitting,-0.0161,0.0398,-0.9670,0.8400,-3.5000,-0.1050
61402718,sitting,-0.0161,0.0388,-0.9672,0.8400,-3.5350,-0.1050
61402737,sitting,-0.0173,0.0386,-0.9662,0.8750,-3.5350,-0.0700
61402756,sitting,-0.0163,0.0395,-0.9665,0.8400,-3.5350,-0.0700
61402775,sitting,-0.0163,0.0395,-0.9660,0.8400,-3.5350,-0.0700
61402794,sitting,-0.0151,0.0395,-0.9667,0.8050,-3.6050,-0.1050
61402814,sitting,-0.0156,0.0393,-0.9665,0.8400,-3.5350,-0.0700
61402833,sitting,-0.0163,0.0390,-0.9665,0.8400,-3.5000,-0.0700
61402852,sitting,-0.0163,0.0400,-0.9658,0.8400,-3.5000,-0.1050
61402871,sitting,-0.0163,0.0398,-0.9662,0.8400,-3.5350,-0.1050
61402891,sitting,-0.0163,0.0403,-0.9655,0.8400,-3.5350,-0.0700
61402910,sitting,-0.0161,0.0395,-0.9660,0.8750,-3.5700,-0.0700
61402929,sitting,-0.0176,0.0390,-0.9672,0.8750,-3.5350,-0.0700
61402948,sitting,-0.0166,0.0393,-0.9660,0.8400,-3.4650,-0.1050
61402968,sitting,-0.0156,0.0395,-0.9653,0.9100,-3.5700,-0.0700
61402987,sitting,-0.0163,0.0395,-0.9670,0.8400,-3.5700,-0.0700
61403006,sitting,-0.0163,0.0388,-0.9675,0.8400,-3.5350,-0.0700
61403025,sitting,-0.0154,0.0395,-0.9665,0.8400,-3.5000,-0.0700
61403044,sitting,-0.0151,0.0403,-0.9667,0.9100,-3.5350,-0.0700
61403064,sitting,-0.0161,0.0400,-0.9660,0.9100,-3.5700,-0.0700
61403083,sitting,-0.0168,0.0395,-0.9658,0.8750,-3.5350,-0.0700
61403102,sitting,-0.0171,0.0395,-0.9660,0.9100,-3.5350,-0.0350
61403121,sitting,-0.0166,0.0390,-0.9672,0.8050,-3.5350,-0.1050
61403141,sitting,-0.0154,0.0390,-0.9660,0.8400,-3.5350,-0.1400
61403160,sitting,-0.0161,0.0400,-0.9662,0.8400,-3.5700,-0.1050
61403179,sitting,-0.0159,0.0395,-0.9662,0.8750,-3.5350,-0.1050
61403198,sitting,-0.0161,0.0395,-0.9670,0.8050,-3.4650,-0.1050
61403218,sitting,-0.0168,0.0390,-0.9662,0.8750,-3.5350,-0.1050
61403237,sitting,-0.0168,0.0393,-0.9665,0.8750,-3.5350,-0.0700
61403256,sitting,-0.0176,0.0398,-0.9670,0.8400,-3.5000,-0.0700
61403275,sitting,-0.0176,0.0395,-0.9670,0.8400,-3.5700,-0.1050
61403294,sitting,-0.0161,0.0393,-0.9667,0.8400,-3.5000,-0.0700
61403314,sitting,-0.0176,0.0403,-0.9675,0.8400,-3.5000,-0.1050
61403333,sitting,-0.0166,0.0403,-0.9655,0.8400,-3.5700,-0.1050
61403352,sitting,-0.0159,0.0390,-0.9660,0.8400,-3.5000,-0.1050
61403371,sitting,-0.0166,0.0398,-0.9660,0.8400,-3.5000,-0.1050
61403391,sitting,-0.0156,0.0403,-0.9662,0.8750,-3.5350,-0.1400
61403410,sitting,-0.0173,0.0393,-0.9667,0.8750,-3.5700,-0.0700
61403429,sitting,-0.0171,0.0395,-0.9660,0.8400,-3.5000,-0.1050
61403448,sitting,-0.0163,0.0398,-0.9667,0.8750,-3.5700,-0.0350
61403468,sitting,-0.0171,0.0403,-0.9677,0.8400,-3.5700,-0.1400
61403487,sitting,-0.0166,0.0410,-0.9675,0.8050,-3.5350,-0.1050
61403506,sitting,-0.0163,0.0393,-0.9670,0.8050,-3.5350,-0.1050
61403525,sitting,-0.0159,0.0395,-0.9662,0.8400,-3.5700,-0.1050
61403544,sitting,-0.0166,0.0400,-0.9662,0.8400,-3.5350,-0.0700
61403564,sitting,-0.0171,0.0403,-0.9653,0.8400,-3.5350,-0.1050
61403583,sitting,-0.0166,0.0398,-0.9662,0.8750,-3.5700,-0.1050
61403602,sitting,-0.0161,0.0395,-0.9670,0.8750,-3.5000,-0.0350
61403621,sitting,-0.0163,0.0393,-0.9670,0.8400,-3.5000,-0.0700
61403641,sitting,-0.0159,0.0388,-0.9653,0.8400,-3.5700,-0.1050
61403660,sitting,-0.0166,0.0395,-0.9658,0.8400,-3.5350,-0.0700
61403679,sitting,-0.0166,0.0393,-0.9667,0.8400,-3.5700,-0.1050
61403698,sitting,-0.0163,0.0390,-0.9667,0.8400,-3.5350,-0.0700
61403718,sitting,-0.0163,0.0386,-0.9653,0.8400,-3.6050,-0.1050
61403737,sitting,-0.0161,0.0388,-0.9667,0.8400,-3.5000,-0.1050
61403756,sitting,-0.0161,0.0407,-0.9677,0.8750,-3.5350,-0.0700
61403775,sitting,-0.0168,0.0403,-0.9672,0.8400,-3.5350,-0.1050
61403794,sitting,-0.0168,0.0393,-0.9675,0.8400,-3.5000,-0.1050
61403814,sitting,-0.0154,0.0386,-0.9675,0.8400,-3.5000,-0.0700
61403833,sitting,-0.0161,0.0390,-0.9665,0.8400,-3.5350,-0.0700
61403852,sitting,-0.0163,0.0400,-0.9670,0.8400,-3.5700,-0.0700
61403871,sitting,-0.0168,0.0393,-0.9667,0.8750,-3.5700,-0.0700
61403891,sitting,-0.0176,0.0388,-0.9648,0.8750,-3.5700,-0.0350
61403910,sitting,-0.0171,0.0388,-0.9667,0.8750,-3.6050,-0.0700
61403929,sitting,-0.0156,0.0395,-0.9672,0.8400,-3.5350,-0.0700
61403948,sitting,-0.0154,0.0393,-0.9662,0.8750,-3.5700,-0.0700
61403968,sitting,-0.0166,0.0393,-0.9658,0.8400,-3.5000,-0.0700
61403987,sitting,-0.0166,0.0398,-0.9667,0.8050,-3.4650,-0.1050
61404006,sitting,-0.0171,0.0393,-0.9667,0.8400,-3.5000,-0.0700
61404025,sitting,-0.0159,0.0398,-0.9667,0.8400,-3.5700,-0.0700
61404044,sitting,-0.0173,0.0398,-0.9670,0.8750,-3.5000,0.0000
61404064,sitting,-0.0163,0.0398,-0.9667,0.8400,-3.5350,-0.1050
61404083,sitting,-0.0163,0.0395,-0.9662,0.8400,-3.5700,-0.0350
61404102,sitting,-0.0156,0.0395,-0.9650,0.8400,-3.4650,-0.0700
61404121,sitting,-0.0168,0.0390,-0.9655,0.8400,-3.5700,-0.0700
61404141,sitting,-0.0173,0.0400,-0.9675,0.8750,-3.6050,-0.0700
61404160,sitting,-0.0166,0.0403,-0.9677,0.8750,-3.5000,-0.1050
61404179,sitting,-0.0163,0.0398,-0.9672,0.8400,-3.5350,-0.0700
61404198,sitting,-0.0178,0.0386,-0.9667,0.8400,-3.5000,-0.0700
61404218,sitting,-0.0156,0.0390,-0.9658,0.8750,-3.5350,-0.0700
61404237,sitting,-0.0161,0.0400,-0.9660,0.8400,-3.5350,-0.0700
61404256,sitting,-0.0166,0.0395,-0.9655,0.8400,-3.5000,-0.0700
61404275,sitting,-0.0171,0.0388,-0.9662,0.8750,-3.5350,-0.0350
61404294,sitting,-0.0159,0.0407,-0.9665,0.8750,-3.5000,-0.0700
61404314,sitting,-0.0166,0.0390,-0.9675,0.8400,-3.5350,-0.0700
61404333,sitting,-0.0161,0.0390,-0.9667,0.8400,-3.5350,-0.0700
61404352,sitting,-0.0166,0.0386,-0.9662,0.8400,-3.5000,-0.1050
61404371,sitting,-0.0163,0.0390,-0.9672,0.8400,-3.5700,-0.0700
61404391,sitting,-0.0159,0.0398,-0.9675,0.8400,-3.5350,-0.1400
61404410,sitting,-0.0168,0.0398,-0.9660,0.8050,-3.4650,-0.1050
61404429,sitting,-0.0171,0.0393,-0.9667,0.8400,-3.5000,-0.0700
61404448,sitting,-0.0166,0.0403,-0.9672,0.8400,-3.5350,-0.1400
61404468,sitting,-0.0173,0.0403,-0.9665,0.8400,-3.5350,-0.0350
61404487,sitting,-0.0166,0.0388,-0.9670,0.8400,-3.5350,-0.1050
61404506,sitting,-0.0163,0.0395,-0.9667,0.8750,-3.5700,-0.0700
61404525,sitting,-0.0166,0.0398,-0.9667,0.8400,-3.5350,-0.0700
61404544,sitting,-0.0154,0.0393,-0.9665,0.8050,-3.5350,-0.1400
61404564,sitting,-0.0163,0.0395,-0.9662,0.8400,-3.5350,-0.0700
61404583,sitting,-0.0163,0.0395,-0.9662,0.8750,-3.5700,-0.0350
61404602,sitting,-0.0159,0.0393,-0.9665,0.8050,-3.5350,-0.1050
61404621,sitting,-0.0163,0.0393,-0.9660,0.9100,-3.5000,-0.0700
61404641,sitting,-0.0161,0.0393,-0.9667,0.7700,-3.5350,-0.0700
61404660,sitting,-0.0163,0.0395,-0.9670,0.8400,-3.5000,-0.1400
61404679,sitting,-0.0161,0.0393,-0.9665,0.8400,-3.5350,-0.0700
61404698,sitting,-0.0163,0.0393,-0.9672,0.8750,-3.5350,-0.0700
61404718,sitting,-0.0161,0.0388,-0.9672,0.8400,-3.5000,-0.0700
61404737,sitting,-0.0156,0.0393,-0.9672,0.8750,-3.5350,-0.0700
61404756,sitting,-0.0166,0.0386,-0.9658,0.8400,-3.5350,-0.0700
61404775,sitting,-0.0171,0.0393,-0.9670,0.8400,-3.5000,-0.0700
61404794,sitting,-0.0168,0.0388,-0.9672,0.8750,-3.4650,-0.0700
61404814,sitting,-0.0168,0.0398,-0.9672,0.8750,-3.5700,-0.0700
61404833,sitting,-0.0159,0.0400,-0.9658,0.8750,-3.5000,-0.1050
61404852,sitting,-0.0161,0.0393,-0.9658,0.8400,-3.5000,-0.1050
61404871,sitting,-0.0163,0.0398,-0.9660,0.8400,-3.5700,-0.0700
61404891,sitting,-0.0166,0.0398,-0.9670,0.8400,-3.5700,-0.0700
61404910,sitting,-0.0154,0.0398,-0.9667,0.8400,-3.5350,-0.0700
61404929,sitting,-0.0171,0.0398,-0.9677,0.8400,-3.5350,-0.1050
61404948,sitting,-0.0166,0.0398,-0.9670,0.8400,-3.5000,-0.0350
61404968,sitting,-0.0168,0.0398,-0.9662,0.8400,-3.5000,-0.0700
61404987,sitting,-0.0161,0.0398,-0.9655,0.8750,-3.5350,-0.0700
61405006,sitting,-0.0176,0.0398,-0.9658,0.9100,-3.5350,-0.0700
61405025,sitting,-0.0171,0.0395,-0.9672,0.8750,-3.5000,-0.1050
61405044,sitting,-0.0168,0.0393,-0.9670,0.8750,-3.5350,-0.0700
61405064,sitting,-0.0161,0.0386,-0.9658,0.8400,-3.5700,-0.1050
61405083,sitting,-0.0173,0.0386,-0.9675,0.8400,-3.5350,-0.1050
61405102,sitting,-0.0173,0.0398,-0.9662,0.8400,-3.5000,-0.1400
61405121,sitting,-0.0173,0.0393,-0.9667,0.8750,-3.5700,-0.1050
61405141,sitting,-0.0166,0.0390,-0.9670,0.8750,-3.5000,-0.0700
61405160,sitting,-0.0168,0.0398,-0.9667,0.8400,-3.5700,-0.0700
61405179,sitting,-0.0159,0.0398,-0.9660,0.8400,-3.5700,-0.0700
61405198,sitting,-0.0163,0.0390,-0.9667,0.8400,-3.5000,-0.0700
61405218,sitting,-0.0166,0.0390,-0.9665,0.8400,-3.4650,-0.1050
61405237,sitting,-0.0163,0.0398,-0.9662,0.8400,-3.5000,-0.1050
61405256,sitting,-0.0166,0.0407,-0.9667,0.8050,-3.5350,-0.0700
61405275,sitting,-0.0163,0.0400,-0.9672,0.8400,-3.5350,-0.0700
61405294,sitting,-0.0163,0.0400,-0.9665,0.8400,-3.5350,-0.1050
61405314,sitting,-0.0171,0.0400,-0.9667,0.8400,-3.5000,-0.1050
61405333,sitting,-0.0173,0.0386,-0.9658,0.8050,-3.5000,-0.0700
61405352,sitting,-0.0178,0.0403,-0.9660,0.8400,-3.5000,-0.1050
61405371,sitting,-0.0178,0.0390,-0.9658,0.8400,-3.5700,-0.0700
61405391,sitting,-0.0163,0.0390,-0.9658,0.8750,-3.5350,-0.1050
61405410,sitting,-0.0168,0.0395,-0.9675,0.8050,-3.5350,-0.1050
61405429,sitting,-0.0173,0.0393,-0.9662,0.8750,-3.5700,-0.0700
61405448,sitting,-0.0161,0.0400,-0.9670,0.8750,-3.5700,-0.0700
61405468,sitting,-0.0156,0.0400,-0.9667,0.8400,-3.5000,-0.1400
61405487,sitting,-0.0161,0.0398,-0.9655,0.8750,-3.5700,-0.0700
61405506,sitting,-0.0163,0.0393,-0.9655,0.8750,-3.5350,-0.1050
61405525,sitting,-0.0168,0.0395,-0.9665,0.8400,-3.5000,-0.1050
61405544,sitting,-0.0166,0.0390,-0.9665,0.8400,-3.5000,-0.0700
61405564,sitting,-0.0161,0.0393,-0.9660,0.8750,-3.5700,-0.0700
61405583,sitting,-0.0156,0.0400,-0.9672,0.8750,-3.4650,-0.1050
61405602,sitting,-0.0163,0.0395,-0.9662,0.8050,-3.5350,-0.0700
61405621,sitting,-0.0168,0.0410,-0.9662,0.8400,-3.5350,-0.1050
61405641,sitting,-0.0159,0.0395,-0.9667,0.8050,-3.5000,-0.1050
61405660,sitting,-0.0163,0.0398,-0.9662,0.8750,-3.5350,-0.1050
61405679,sitting,-0.0159,0.0390,-0.9667,0.8750,-3.5700,-0.1050
61405698,sitting,-0.0171,0.0388,-0.9670,0.8400,-3.5000,-0.0700
61405718,sitting,-0.0166,0.0393,-0.9662,0.8400,-3.5700,-0.0700
61405737,sitting,-0.0163,0.0390,-0.9667,0.8750,-3.6050,-0.0700
61405756,sitting,-0.0171,0.0395,-0.9675,0.8400,-3.5700,-0.1050
61405775,sitting,-0.0168,0.0395,-0.9679,0.8400,-3.5000,-0.0700
61405794,sitting,-0.0161,0.0388,-0.9675,0.8400,-3.5350,-0.0700
61405814,sitting,-0.0173,0.0395,-0.9665,0.9100,-3.5350,-0.0700
61405833,sitting,-0.0161,0.0398,-0.9667,0.8400,-3.5000,-0.0700
61405852,sitting,-0.0168,0.0400,-0.9660,0.8750,-3.5350,-0.0700
61405871,sitting,-0.0163,0.0398,-0.9658,0.8400,-3.5000,-0.1400
61405891,sitting,-0.0171,0.0398,-0.9662,0.8400,-3.5000,-0.1050
61405910,sitting,-0.0166,0.0393,-0.9660,0.8400,-3.5000,-0.1050
61405929,sitting,-0.0171,0.0395,-0.9653,0.8400,-3.5350,-0.0700
61405948,sitting,-0.0166,0.0393,-0.9672,0.8400,-3.5350,-0.0700
61405968,sitting,-0.0166,0.0395,-0.9662,0.8400,-3.5700,-0.0700
61405987,sitting,-0.0159,0.0393,-0.9665,0.9100,-3.5700,-0.1050
61406006,sitting,-0.0159,0.0393,-0.9655,0.8400,-3.5000,-0.0700
61406025,sitting,-0.0166,0.0393,-0.9660,0.8750,-3.5350,-0.1050
61406044,sitting,-0.0161,0.0390,-0.9662,0.8750,-3.5700,-0.1050
61406064,sitting,-0.0168,0.0388,-0.9675,0.8750,-3.5000,-0.0700
61406083,sitting,-0.0166,0.0393,-0.9670,0.8400,-3.5350,-0.1050
61406102,sitting,-0.0161,0.0390,-0.9655,0.8400,-3.5700,-0.0700
61406121,sitting,-0.0171,0.0383,-0.9662,0.8400,-3.5350,-0.0350
61406141,sitting,-0.0168,0.0393,-0.9658,0.8050,-3.5350,-0.0700
61406160,sitting,-0.0168,0.0400,-0.9667,0.8400,-3.5350,-0.0700
61406179,sitting,-0.0163,0.0393,-0.9672,0.8750,-3.5350,-0.0700
61406198,sitting,-0.0159,0.0395,-0.9670,0.8750,-3.5000,-0.1050
61406218,sitting,-0.0161,0.0395,-0.9658,0.8750,-3.5700,-0.1050
61406237,sitting,-0.0163,0.0398,-0.9672,0.8750,-3.5350,-0.0350
61406256,sitting,-0.0168,0.0390,-0.9660,0.8400,-3.5000,-0.1050
61406275,sitting,-0.0159,0.0390,-0.9665,0.8750,-3.5700,-0.0700
61406294,sitting,-0.0163,0.0386,-0.9670,0.8400,-3.5350,-0.0700
61406314,sitting,-0.0168,0.0393,-0.9658,0.8400,-3.5350,-0.0700
61406333,sitting,-0.0176,0.0388,-0.9675,0.8750,-3.5350,-0.0700
61406352,sitting,-0.0168,0.0393,-0.9658,0.8400,-3.6050,-0.1050
61406371,sitting,-0.0166,0.0400,-0.9660,0.8400,-3.5000,-0.1050
61406391,sitting,-0.0163,0.0390,-0.9660,0.8400,-3.5000,-0.0700
61406410,sitting,-0.0163,0.0400,-0.9670,0.8750,-3.5350,-0.1400
61406429,sitting,-0.0166,0.0390,-0.9670,0.8400,-3.5350,-0.1050
61406448,sitting,-0.0163,0.0386,-0.9670,0.8050,-3.5000,-0.1400
61406468,sitting,-0.0163,0.0393,-0.9667,0.8750,-3.5700,-0.0700
61406487,sitting,-0.0166,0.0400,-0.9662,0.8750,-3.5700,-0.0700
61406506,sitting,-0.0171,0.0398,-0.9665,0.8050,-3.5000,-0.1050
61406525,sitting,-0.0168,0.0395,-0.9662,0.8750,-3.5350,-0.1050
61406544,sitting,-0.0166,0.0400,-0.9660,0.8750,-3.5350,-0.0700
61406564,sitting,-0.0171,0.0398,-0.9675,0.8400,-3.5000,-0.0700
61406583,sitting,-0.0166,0.0393,-0.9667,0.8050,-3.5350,-0.0700
61406602,sitting,-0.0161,0.0393,-0.9670,0.8400,-3.5700,-0.0700
61406621,sitting,-0.0168,0.0393,-0.9658,0.8400,-3.5350,-0.1050
61406641,sitting,-0.0173,0.0395,-0.9670,0.8400,-3.5000,-0.0700
61406660,sitting,-0.0159,0.0383,-0.9675,0.8400,-3.5350,-0.1050
61406679,sitting,-0.0173,0.0393,-0.9670,0.8400,-3.5350,-0.0700
61406698,sitting,-0.0156,0.0390,-0.9667,0.8400,-3.5000,-0.0700
61406718,sitting,-0.0163,0.0395,-0.9667,0.8400,-3.5700,-0.0700
61406737,sitting,-0.0166,0.0390,-0.9665,0.8400,-3.5700,-0.0700
61406756,sitting,-0.0161,0.0395,-0.9665,0.8400,-3.5000,-0.1050
61406775,sitting,-0.0171,0.0393,-0.9658,0.8400,-3.5000,-0.1050
61406794,sitting,-0.0163,0.0395,-0.9660,0.8400,-3.5350,-0.0350
61406814,sitting,-0.0168,0.0386,-0.9665,0.8400,-3.5000,-0.0700
61406833,sitting,-0.0168,0.0393,-0.9672,0.8400,-3.5000,-0.0700
61406852,sitting,-0.0166,0.0395,-0.9653,0.8400,-3.5350,-0.0700
61406871,sitting,-0.0171,0.0395,-0.9662,0.8400,-3.4650,-0.1050
61406891,sitting,-0.0168,0.0386,-0.9670,0.8750,-3.5350,-0.0700
61406910,sitting,-0.0163,0.0393,-0.9662,0.8400,-3.5700,-0.1050
61406929,sitting,-0.0168,0.0403,-0.9660,0.8050,-3.5350,-0.0700
61406948,sitting,-0.0156,0.0393,-0.9658,0.8750,-3.5350,-0.0700
61406968,sitting,-0.0166,0.0400,-0.9662,0.8400,-3.5700,-0.0700
61406987,sitting,-0.0166,0.0398,-0.9665,0.8050,-3.5700,-0.0700
61407006,sitting,-0.0156,0.0395,-0.9655,0.8400,-3.5350,-0.1400
61407025,sitting,-0.0163,0.0395,-0.9667,0.8050,-3.5700,-0.0700
61407044,sitting,-0.0159,0.0390,-0.9662,0.8750,-3.5350,-0.1050
61407064,sitting,-0.0159,0.0393,-0.9658,0.8050,-3.5000,-0.0700
61407083,sitting,-0.0166,0.0393,-0.9670,0.8750,-3.5700,-0.0700
61407102,sitting,-0.0156,0.0412,-0.9660,0.8750,-3.5700,-0.0700
61407121,sitting,-0.0159,0.0403,-0.9670,0.8400,-3.5000,-0.0700
61407141,sitting,-0.0161,0.0388,-0.9667,0.8400,-3.5700,-0.1400
61407160,sitting,-0.0166,0.0393,-0.9660,0.8400,-3.5700,-0.0350
61407179,sitting,-0.0166,0.0386,-0.9665,0.8400,-3.5700,-0.0700
61407198,sitting,-0.0183,0.0395,-0.9662,0.8400,-3.5350,-0.0350
61407218,sitting,-0.0166,0.0393,-0.9660,0.8400,-3.5350,-0.0700
61407237,sitting,-0.0168,0.0395,-0.9662,0.8400,-3.5000,-0.0350
61407256,sitting,-0.0163,0.0400,-0.9672,0.8400,-3.5350,-0.0700
61407275,sitting,-0.0163,0.0383,-0.9655,0.8750,-3.5700,-0.0700
61407294,sitting,-0.0161,0.0393,-0.9672,0.8400,-3.5350,-0.0700
61407314,sitting,-0.0163,0.0403,-0.9658,0.8050,-3.5000,-0.1400
61407333,sitting,-0.0168,0.0395,-0.9660,0.8400,-3.5350,-0.0700
61407352,sitting,-0.0163,0.0393,-0.9675,0.8400,-3.5350,-0.0700
61407371,sitting,-0.0159,0.0398,-0.9665,0.8400,-3.5000,-0.1050
61407391,sitting,-0.0168,0.0395,-0.9670,0.8400,-3.5350,-0.0700
61407410,sitting,-0.0173,0.0400,-0.9660,0.8400,-3.5350,-0.1050
61407429,sitting,-0.0163,0.0395,-0.9660,0.8050,-3.5000,-0.1050
61407448,sitting,-0.0161,0.0393,-0.9665,0.9100,-3.5350,-0.0700
61407468,sitting,-0.0159,0.0393,-0.9667,0.9100,-3.5700,-0.0700
61407487,sitting,-0.0173,0.0400,-0.9665,0.8400,-3.5000,-0.0700
61407506,sitting,-0.0168,0.0400,-0.9672,0.8400,-3.5350,-0.0700
61407525,sitting,-0.0176,0.0403,-0.9667,0.8400,-3.5000,-0.0700
61407544,sitting,-0.0163,0.0400,-0.9670,0.8750,-3.5350,-0.1050
61407564,sitting,-0.0156,0.0395,-0.9662,0.8400,-3.5700,-0.1050
61407583,sitting,-0.0159,0.0386,-0.9667,0.8400,-3.5000,-0.1400
61407602,sitting,-0.0154,0.0393,-0.9662,0.8750,-3.6050,-0.0700
61407621,sitting,-0.0166,0.0388,-0.9670,0.8750,-3.5350,-0.0700
61407641,sitting,-0.0166,0.0390,-0.9670,0.8750,-3.5700,-0.0700
61407660,sitting,-0.0166,0.0400,-0.9665,0.8750,-3.5700,-0.0700
61407679,sitting,-0.0163,0.0383,-0.9670,0.8400,-3.4650,-0.0700
61407698,sitting,-0.0166,0.0390,-0.9679,0.9100,-3.5350,-0.0700
61407718,sitting,-0.0176,0.0395,-0.9672,0.8400,-3.5350,-0.1400
61407737,sitting,-0.0168,0.0398,-0.9670,0.8050,-3.5000,-0.1050
61407756,sitting,-0.0159,0.0403,-0.9662,0.9100,-3.5700,-0.0700
61407775,sitting,-0.0163,0.0400,-0.9667,0.8400,-3.5700,-0.1050
61407794,sitting,-0.0161,0.0386,-0.9662,0.8400,-3.5000,-0.0700
61407814,sitting,-0.0166,0.0393,-0.9665,0.8400,-3.5000,-0.0700
61407833,sitting,-0.0166,0.0407,-0.9655,0.8400,-3.5700,-0.0700
61407852,sitting,-0.0163,0.0400,-0.9667,0.8400,-3.5000,-0.0700
61407871,sitting,-0.0171,0.0393,-0.9662,0.8750,-3.5000,-0.0700
61407891,sitting,-0.0171,0.0395,-0.9670,0.9100,-3.5700,-0.1400
61407910,sitting,-0.0176,0.0393,-0.9655,0.8400,-3.5350,-0.0700
61407929,sitting,-0.0163,0.0400,-0.9658,0.8050,-3.5000,-0.1050
61407948,sitting,-0.0163,0.0390,-0.9672,0.8400,-3.5350,-0.0700
61407968,sitting,-0.0166,0.0390,-0.9670,0.8400,-3.5350,-0.1400
61407987,sitting,-0.0163,0.0398,-0.9665,0.8400,-3.5350,-0.1050
61408006,sitting,-0.0161,0.0403,-0.9670,0.8400,-3.5350,-0.0350
61408025,sitting,-0.0161,0.0405,-0.9658,0.8400,-3.5000,-0.0700
61408044,sitting,-0.0163,0.0395,-0.9665,0.8400,-3.5000,-0.0700
61408064,sitting,-0.0163,0.0393,-0.9672,0.8400,-3.5700,-0.1050
61408083,sitting,-0.0166,0.0398,-0.9653,0.8400,-3.5350,-0.0700
61408102,sitting,-0.0161,0.0400,-0.9660,0.8400,-3.5000,-0.1050
61408121,sitting,-0.0168,0.0393,-0.9672,0.8400,-3.5000,-0.0700
61408141,sitting,-0.0168,0.0398,-0.9658,0.9100,-3.5700,-0.0700
61408160,sitting,-0.0168,0.0398,-0.9660,0.8400,-3.5350,-0.0700
61408179,sitting,-0.0163,0.0393,-0.9667,0.8400,-3.5000,-0.1050
61408198,sitting,-0.0159,0.0400,-0.9665,0.8400,-3.5700,-0.0700
61408218,sitting,-0.0163,0.0395,-0.9672,0.8750,-3.5000,-0.0700
61408237,sitting,-0.0159,0.0390,-0.9665,0.8750,-3.5000,-0.0700
61408256,sitting,-0.0154,0.0393,-0.9655,0.8400,-3.5350,-0.0700
61408275,sitting,-0.0163,0.0398,-0.9670,0.8400,-3.5350,-0.0700
61408294,sitting,-0.0171,0.0398,-0.9662,0.8400,-3.5350,-0.0700
61408314,sitting,-0.0161,0.0390,-0.9662,0.8750,-3.5350,-0.1050
61408333,sitting,-0.0163,0.0383,-0.9670,0.8750,-3.5350,-0.0700
61408352,sitting,-0.0166,0.0395,-0.9670,0.8400,-3.5350,-0.0700
61408371,sitting,-0.0168,0.0403,-0.9665,0.8400,-3.5350,-0.0700
61408391,sitting,-0.0163,0.0395,-0.9665,0.8400,-3.5350,-0.0700
61408410,sitting,-0.0163,0.0400,-0.9658,0.8400,-3.5000,-0.0700
61408429,sitting,-0.0166,0.0405,-0.9655,0.8750,-3.5350,-0.0350
61408448,sitting,-0.0166,0.0400,-0.9665,0.8400,-3.5700,-0.1050
61408468,sitting,-0.0166,0.0395,-0.9672,0.8400,-3.5350,-0.1050
61408487,sitting,-0.0166,0.0393,-0.9655,0.8750,-3.5000,-0.0700
61408506,sitting,-0.0168,0.0400,-0.9662,0.8400,-3.5700,-0.0700
61408525,sitting,-0.0173,0.0395,-0.9662,0.9100,-3.5700,-0.0700
61408544,sitting,-0.0163,0.0393,-0.9653,0.8400,-3.5000,-0.1050
61408564,sitting,-0.0161,0.0393,-0.9672,0.8400,-3.5350,-0.1050
61408583,sitting,-0.0166,0.0403,-0.9672,0.8750,-3.5350,-0.1050
61408602,sitting,-0.0166,0.0395,-0.9665,0.8050,-3.5000,-0.0700
61408621,sitting,-0.0168,0.0390,-0.9662,0.8050,-3.5000,-0.1400
61408641,sitting,-0.0163,0.0383,-0.9660,0.9100,-3.5000,-0.1050
61408660,sitting,-0.0161,0.0400,-0.9670,0.8400,-3.4650,-0.1400
61408679,sitting,-0.0171,0.0405,-0.9653,0.8400,-3.5700,-0.0700
61408698,sitting,-0.0173,0.0400,-0.9660,0.8750,-3.5350,-0.0700
61408718,sitting,-0.0168,0.0390,-0.9662,0.7700,-3.5700,-0.0700
61408737,sitting,-0.0168,0.0395,-0.9660,0.8400,-3.5350,-0.0350
61408756,sitting,-0.0173,0.0398,-0.9660,0.8400,-3.5700,-0.1400
61408775,sitting,-0.0171,0.0395,-0.9667,0.8050,-3.5350,-0.0700
61408794,sitting,-0.0166,0.0398,-0.9665,0.8400,-3.5350,-0.0700
61408814,sitting,-0.0161,0.0390,-0.9670,0.8750,-3.5700,-0.0700
61408833,sitting,-0.0163,0.0395,-0.9667,0.8050,-3.5000,-0.0700
61408852,sitting,-0.0178,0.0400,-0.9667,0.8400,-3.5000,-0.0700
61408871,sitting,-0.0168,0.0393,-0.9658,0.8750,-3.5700,-0.0350
61408891,sitting,-0.0166,0.0390,-0.9660,0.8400,-3.5350,-0.0700
61408910,sitting,-0.0163,0.0403,-0.9665,0.8400,-3.5000,-0.1050
61408929,sitting,-0.0161,0.0395,-0.9660,0.8400,-3.5350,-0.0700
61408948,sitting,-0.0166,0.0400,-0.9665,0.8400,-3.5350,-0.0350
61408968,sitting,-0.0166,0.0388,-0.9662,0.8400,-3.5000,-0.0700
61408987,sitting,-0.0159,0.0390,-0.9662,0.8750,-3.5350,-0.0350
61409006,sitting,-0.0161,0.0393,-0.9653,0.8750,-3.5700,-0.0700
61409025,sitting,-0.0159,0.0405,-0.9667,0.8400,-3.5000,-0.0700
61409044,sitting,-0.0159,0.0398,-0.9655,0.8400,-3.5350,-0.0700
61409064,sitting,-0.0159,0.0395,-0.9667,0.8400,-3.5700,-0.0700
61409083,sitting,-0.0168,0.0403,-0.9660,0.8400,-3.5000,-0.0700
61409102,sitting,-0.0173,0.0395,-0.9665,0.8400,-3.5350,-0.0700
61409121,sitting,-0.0173,0.0395,-0.9665,0.8750,-3.5350,-0.0700
61409141,sitting,-0.0163,0.0390,-0.9660,0.8400,-3.5000,-0.0700
61409160,sitting,-0.0166,0.0400,-0.9665,0.8400,-3.5350,-0.0700
61409179,sitting,-0.0163,0.0393,-0.9675,0.8750,-3.5350,-0.0700
61409198,sitting,-0.0156,0.0395,-0.9667,0.8400,-3.5350,-0.0700
61409218,sitting,-0.0161,0.0395,-0.9667,0.8400,-3.5000,-0.0700
61409237,sitting,-0.0156,0.0395,-0.9667,0.8400,-3.5350,-0.1050
61409256,sitting,-0.0166,0.0390,-0.9658,0.8400,-3.5350,-0.1050
61409275,sitting,-0.0168,0.0400,-0.9648,0.8400,-3.4650,-0.1400
61409294,sitting,-0.0161,0.0393,-0.9662,0.8400,-3.5350,-0.0700
61409314,sitting,-0.0163,0.0390,-0.9665,0.8050,-3.5700,-0.0700
61409333,sitting,-0.0161,0.0398,-0.9675,0.8400,-3.4650,-0.0700
61409352,sitting,-0.0163,0.0400,-0.9672,0.9100,-3.5350,-0.0700
61409371,sitting,-0.0163,0.0403,-0.9658,0.8400,-3.5700,-0.0700
61409391,sitting,-0.0168,0.0398,-0.9655,0.8050,-3.5350,-0.0350
61409410,sitting,-0.0151,0.0390,-0.9667,0.8400,-3.5000,-0.1050
61409429,sitting,-0.0173,0.0393,-0.9672,0.8400,-3.5700,-0.1050
61409448,sitting,-0.0166,0.0393,-0.9667,0.8400,-3.5000,-0.0700
61409468,sitting,-0.0156,0.0390,-0.9662,0.8400,-3.5000,-0.0700
61409487,sitting,-0.0168,0.0383,-0.9672,0.8400,-3.5350,-0.0700
61409506,sitting,-0.0163,0.0388,-0.9672,0.8400,-3.5350,-0.1050
61409525,sitting,-0.0168,0.0395,-0.9675,0.8400,-3.5350,-0.1050
61409544,sitting,-0.0163,0.0393,-0.9653,0.8750,-3.5700,-0.1050
61409564,sitting,-0.0163,0.0398,-0.9658,0.8400,-3.5700,-0.0350
61409583,sitting,-0.0161,0.0390,-0.9677,0.8400,-3.5000,-0.1050
61409602,sitting,-0.0159,0.0383,-0.9667,0.8400,-3.5700,-0.0350
61409621,sitting,-0.0163,0.0390,-0.9662,0.8400,-3.5350,-0.1050
61409641,sitting,-0.0156,0.0388,-0.9667,0.8400,-3.5350,-0.0700
61409660,sitting,-0.0173,0.0390,-0.9658,0.8050,-3.5700,-0.0700
61409679,sitting,-0.0159,0.0390,-0.9660,0.8400,-3.5000,-0.0350
61409698,sitting,-0.0159,0.0390,-0.9665,0.8050,-3.5000,-0.0700
61409718,sitting,-0.0163,0.0395,-0.9662,0.8400,-3.5350,-0.0700
61409737,sitting,-0.0166,0.0390,-0.9662,0.8400,-3.5700,-0.0350
61409756,sitting,-0.0151,0.0393,-0.9667,0.8750,-3.5700,-0.0700
61409775,sitting,-0.0171,0.0400,-0.9670,0.8050,-3.5000,-0.0700
61409794,sitting,-0.0163,0.0398,-0.9665,0.8050,-3.5000,-0.1050
61409814,sitting,-0.0161,0.0400,-0.9667,0.8400,-3.5350,-0.0700
61409833,sitting,-0.0163,0.0395,-0.9667,0.8050,-3.5000,-0.0700
61409852,sitting,-0.0151,0.0395,-0.9665,0.8750,-3.5350,-0.0700
61409871,sitting,-0.0166,0.0390,-0.9660,0.7700,-3.5000,-0.1050
61409891,sitting,-0.0166,0.0400,-0.9660,0.8050,-3.4650,-0.1400
61409910,sitting,-0.0166,0.0398,-0.9667,0.8750,-3.5350,-0.0700
61409929,sitting,-0.0163,0.0395,-0.9660,0.8400,-3.5700,-0.0700
61409948,sitting,-0.0156,0.0393,-0.9665,0.8400,-3.5000,-0.0700
61409968,sitting,-0.0156,0.0395,-0.9665,0.8750,-3.5350,-0.0700
61409987,sitting,-0.0168,0.0388,-0.9662,0.8750,-3.5000,-0.0700
61410006,sitting,-0.0166,0.0395,-0.9665,0.8400,-3.4650,-0.0700
61410025,sitting,-0.0168,0.0403,-0.9665,0.8050,-3.5000,-0.1050
61410044,sitting,-0.0161,0.0395,-0.9662,0.8400,-3.5700,-0.1400
61410064,sitting,-0.0163,0.0398,-0.9670,0.8400,-3.5350,-0.0350
61410083,sitting,-0.0166,0.0393,-0.9675,0.8400,-3.5350,-0.0700
61410102,sitting,-0.0161,0.0400,-0.9677,0.8400,-3.5350,-0.0700
61410121,sitting,-0.0168,0.0398,-0.9675,0.8400,-3.5700,-0.0700
61410141,sitting,-0.0171,0.0400,-0.9667,0.8050,-3.5000,-0.0700
61410160,sitting,-0.0156,0.0393,-0.9667,0.8750,-3.5350,-0.0350
61410179,sitting,-0.0166,0.0398,-0.9670,0.8400,-3.5350,-0.0700
61410198,sitting,-0.0168,0.0388,-0.9672,0.8400,-3.5000,-0.0700
61410218,sitting,-0.0171,0.0398,-0.9672,0.8400,-3.5350,-0.0700
61410237,sitting,-0.0168,0.0390,-0.9667,0.8750,-3.5700,-0.1050
61410256,sitting,-0.0168,0.0393,-0.9670,0.8400,-3.4650,-0.1050
61410275,sitting,-0.0168,0.0395,-0.9665,0.8050,-3.5350,-0.0700
61410294,sitting,-0.0171,0.0393,-0.9662,0.8750,-3.6050,-0.0700
61410314,sitting,-0.0168,0.0393,-0.9665,0.8400,-3.5350,-0.1050
61410333,sitting,-0.0166,0.0390,-0.9662,0.7700,-3.5350,-0.0700
61410352,sitting,-0.0163,0.0393,-0.9662,0.8400,-3.5350,-0.0700
61410371,sitting,-0.0171,0.0395,-0.9667,0.8750,-3.5700,-0.0700
61410391,sitting,-0.0176,0.0393,-0.9670,0.8750,-3.5350,-0.0700
61410410,sitting,-0.0171,0.0398,-0.9672,0.8750,-3.5700,-0.0700
61410429,sitting,-0.0168,0.0390,-0.9667,0.8750,-3.5000,-0.0700
61410448,sitting,-0.0168,0.0398,-0.9670,0.7700,-3.5350,-0.0700
61410468,sitting,-0.0168,0.0405,-0.9667,0.8400,-3.5000,-0.1050
61410487,sitting,-0.0163,0.0407,-0.9665,0.9100,-3.5000,-0.0700
61410506,sitting,-0.0154,0.0403,-0.9670,0.8400,-3.5350,-0.1050
61410525,sitting,-0.0159,0.0395,-0.9662,0.8750,-3.5700,-0.0700
61410544,sitting,-0.0166,0.0390,-0.9665,0.8400,-3.6050,-0.0700
61410564,sitting,-0.0166,0.0400,-0.9667,0.8400,-3.5000,-0.1050
61410583,sitting,-0.0159,0.0398,-0.9665,0.8400,-3.5700,-0.0700
61410602,sitting,-0.0173,0.0393,-0.9667,0.8750,-3.5700,-0.0700
61410621,sitting,-0.0166,0.0400,-0.9660,0.8400,-3.5000,-0.0700
61410641,sitting,-0.0161,0.0403,-0.9653,0.8750,-3.5350,-0.1050
61410660,sitting,-0.0173,0.0400,-0.9658,0.8400,-3.5350,-0.0700
61410679,sitting,-0.0166,0.0398,-0.9665,0.8400,-3.5000,-0.0700
61410698,sitting,-0.0166,0.0383,-0.9662,0.8400,-3.5000,-0.0700
61410718,sitting,-0.0156,0.0383,-0.9665,0.9100,-3.5350,-0.0700
61410737,sitting,-0.0161,0.0393,-0.9665,0.8400,-3.5350,-0.1400
61410756,sitting,-0.0166,0.0390,-0.9660,0.8400,-3.4650,-0.0350
61410775,sitting,-0.0163,0.0393,-0.9665,0.8750,-3.5700,-0.1050
61410794,sitting,-0.0176,0.0403,-0.9675,0.8400,-3.5000,-0.0700
61410814,sitting,-0.0168,0.0388,-0.9667,0.8750,-3.5350,-0.0350
61410833,sitting,-0.0161,0.0393,-0.9658,0.8400,-3.5350,-0.0700
61410852,sitting,-0.0166,0.0390,-0.9667,0.8400,-3.5000,-0.0700
61410871,sitting,-0.0168,0.0390,-0.9665,0.8050,-3.5350,-0.0700
61410891,sitting,-0.0171,0.0398,-0.9670,0.8750,-3.5700,-0.1050
61410910,sitting,-0.0163,0.0403,-0.9667,0.8750,-3.5700,-0.0700
61410929,sitting,-0.0163,0.0403,-0.9667,0.8400,-3.5350,-0.0700
61410948,sitting,-0.0176,0.0398,-0.9660,0.8750,-3.5700,-0.0700
61410968,sitting,-0.0176,0.0393,-0.9662,0.8400,-3.5350,-0.1050
61410987,sitting,-0.0166,0.0393,-0.9662,0.8050,-3.5000,-0.1400
61411006,sitting,-0.0163,0.0395,-0.9660,0.8400,-3.5000,-0.0700
61411025,sitting,-0.0171,0.0390,-0.9662,0.8400,-3.6050,-0.1050
61411044,sitting,-0.0161,0.0395,-0.9660,0.8050,-3.5350,-0.0700
61411064,sitting,-0.0168,0.0390,-0.9660,0.8050,-3.5000,-0.0700
61411083,sitting,-0.0166,0.0395,-0.9670,0.9100,-3.5350,-0.1050
61411102,sitting,-0.0156,0.0395,-0.9655,0.8750,-3.5350,-0.0700
61411121,sitting,-0.0166,0.0398,-0.9665,0.8400,-3.5700,-0.1050
61411141,sitting,-0.0168,0.0393,-0.9670,0.8400,-3.5000,-0.1050
61411160,sitting,-0.0161,0.0395,-0.9660,0.8400,-3.5000,-0.0700
61411179,sitting,-0.0166,0.0390,-0.9658,0.8050,-3.5350,-0.1050
61411198,sitting,-0.0168,0.0390,-0.9662,0.8400,-3.5350,-0.0700
61411218,sitting,-0.0168,0.0393,-0.9660,0.8400,-3.5000,-0.1050
61411237,sitting,-0.0166,0.0395,-0.9662,0.8050,-3.5000,-0.1050
61411256,sitting,-0.0168,0.0410,-0.9670,0.8750,-3.5700,-0.0700
61411275,sitting,-0.0163,0.0386,-0.9660,0.8750,-3.5000,-0.0700
61411294,sitting,-0.0163,0.0393,-0.9667,0.8400,-3.5000,-0.0700
61411314,sitting,-0.0159,0.0388,-0.9662,0.8400,-3.5350,-0.0700
61411333,sitting,-0.0168,0.0395,-0.9665,0.8750,-3.5700,-0.0700
61411352,sitting,-0.0168,0.0395,-0.9662,0.7700,-3.4650,-0.0700
61411371,sitting,-0.0163,0.0400,-0.9667,0.8400,-3.5700,-0.0350
61411391,sitting,-0.0156,0.0398,-0.9670,0.8750,-3.5700,-0.0350
61411410,sitting,-0.0161,0.0405,-0.9655,0.8750,-3.5000,-0.0350
61411429,sitting,-0.0168,0.0398,-0.9667,0.8400,-3.5000,-0.0700
61411448,sitting,-0.0173,0.0398,-0.9655,0.8400,-3.5700,0.0000
61411468,sitting,-0.0166,0.0400,-0.9662,0.8400,-3.5350,-0.0350
61411487,sitting,-0.0166,0.0400,-0.9665,0.8050,-3.5000,-0.0700
61411506,sitting,-0.0156,0.0398,-0.9665,0.8400,-3.5700,-0.0700
61411525,sitting,-0.0159,0.0398,-0.9672,0.8400,-3.5700,-0.1400
61411544,sitting,-0.0171,0.0403,-0.9665,0.8400,-3.5350,-0.0700
61411564,sitting,-0.0163,0.0390,-0.9670,0.9100,-3.5350,-0.0350
61411583,sitting,-0.0161,0.0393,-0.9662,0.8750,-3.5700,-0.0700
61411602,sitting,-0.0161,0.0388,-0.9665,0.8400,-3.5000,-0.0700
61411621,sitting,-0.0159,0.0403,-0.9672,0.8400,-3.5350,-0.0700
61411641,sitting,-0.0166,0.0398,-0.9662,0.8750,-3.5000,-0.0700
61411660,sitting,-0.0166,0.0398,-0.9667,0.8050,-3.4650,-0.1400
61411679,sitting,-0.0168,0.0400,-0.9662,0.8400,-3.5350,-0.1050
61411698,sitting,-0.0166,0.0390,-0.9658,0.8750,-3.5350,-0.0700
61411718,sitting,-0.0166,0.0393,-0.9658,0.8400,-3.5000,-0.1050
61411737,sitting,-0.0166,0.0398,-0.9667,0.8400,-3.5000,-0.0700
61411756,sitting,-0.0173,0.0400,-0.9665,0.8750,-3.5700,-0.0700
61411775,sitting,-0.0173,0.0405,-0.9670,0.9100,-3.5700,-0.0700
61411794,sitting,-0.0161,0.0383,-0.9672,0.8400,-3.5000,-0.0700
61411814,sitting,-0.0163,0.0393,-0.9667,0.8400,-3.5700,-0.1050
61411833,sitting,-0.0154,0.0398,-0.9667,0.8750,-3.5350,-0.0350
61411852,sitting,-0.0163,0.0400,-0.9675,0.8400,-3.5000,-0.1050
61411871,sitting,-0.0166,0.0400,-0.9672,0.8750,-3.5350,-0.0700
61411891,sitting,-0.0173,0.0398,-0.9658,0.8750,-3.6050,-0.1050
61411910,sitting,-0.0159,0.0393,-0.9660,0.8400,-3.5350,-0.0700
61411929,sitting,-0.0166,0.0395,-0.9662,0.8050,-3.5350,-0.0700
61411948,sitting,-0.0173,0.0398,-0.9665,0.8400,-3.5000,-0.0700
61411968,sitting,-0.0163,0.0395,-0.9665,0.8400,-3.5000,-0.0700
61411987,sitting,-0.0161,0.0398,-0.9662,0.8400,-3.5700,-0.0700
61412006,sitting,-0.0171,0.0395,-0.9665,0.8400,-3.5700,-0.1050
61412025,sitting,-0.0163,0.0388,-0.9667,0.8400,-3.5000,-0.1050
61412044,sitting,-0.0156,0.0395,-0.9670,0.8400,-3.5000,-0.0700
61412064,sitting,-0.0161,0.0395,-0.9677,0.8750,-3.6050,-0.0700
61412083,sitting,-0.0166,0.0400,-0.9667,0.8400,-3.5350,-0.0700
61412102,sitting,-0.0166,0.0390,-0.9672,0.8050,-3.5700,-0.0700
61412121,sitting,-0.0171,0.0393,-0.9667,0.8400,-3.5700,-0.0350
61412141,sitting,-0.0163,0.0395,-0.9672,0.8750,-3.5700,-0.1400
61412160,sitting,-0.0159,0.0393,-0.9658,0.8400,-3.5350,-0.0700
61412179,sitting,-0.0156,0.0400,-0.9670,0.8750,-3.5700,-0.0700
61412198,sitting,-0.0163,0.0390,-0.9672,0.8750,-3.5350,-0.0700
61412218,sitting,-0.0166,0.0400,-0.9677,0.8400,-3.5000,-0.0700
61412237,sitting,-0.0173,0.0390,-0.9667,0.8050,-3.5350,-0.0700
61412256,sitting,-0.0161,0.0395,-0.9665,0.8400,-3.5350,-0.0700
61412275,sitting,-0.0159,0.0395,-0.9662,0.8750,-3.5000,-0.0700
61412294,sitting,-0.0161,0.0405,-0.9667,0.8400,-3.5350,-0.1050
61412314,sitting,-0.0161,0.0390,-0.9658,0.8400,-3.5700,-0.1050
61412333,sitting,-0.0166,0.0400,-0.9660,0.8050,-3.5000,-0.1050
61412352,sitting,-0.0166,0.0403,-0.9665,0.8750,-3.4650,-0.0700
61412371,sitting,-0.0154,0.0393,-0.9665,0.8400,-3.5700,-0.0700
61412391,sitting,-0.0163,0.0400,-0.9655,0.8400,-3.5000,-0.0700
61412410,sitting,-0.0176,0.0410,-0.9665,0.8400,-3.5700,-0.0700
61412429,sitting,-0.0166,0.0395,-0.9660,0.8750,-3.5350,-0.0700
61412448,sitting,-0.0168,0.0398,-0.9665,0.8400,-3.5350,-0.0350
61412468,sitting,-0.0171,0.0405,-0.9672,0.8400,-3.4650,-0.0700
61412487,sitting,-0.0163,0.0386,-0.9665,0.8750,-3.5350,-0.0700
61412506,sitting,-0.0166,0.0405,-0.9665,0.8400,-3.5700,-0.0700
61412525,sitting,-0.0168,0.0400,-0.9658,0.8400,-3.5350,-0.0350
61412544,sitting,-0.0176,0.0386,-0.9665,0.8400,-3.5350,-0.0700
61412564,sitting,-0.0163,0.0390,-0.9665,0.8750,-3.5000,-0.0700
61412583,sitting,-0.0173,0.0386,-0.9670,0.8050,-3.4650,-0.0700
61412602,sitting,-0.0163,0.0390,-0.9660,0.8750,-3.5000,-0.1050
61412621,sitting,-0.0171,0.0398,-0.9665,0.8400,-3.5700,-0.0700
61412641,sitting,-0.0168,0.0403,-0.9655,0.8400,-3.5350,-0.0700
61412660,sitting,-0.0163,0.0398,-0.9662,0.8400,-3.5350,-0.0350
61412679,sitting,-0.0159,0.0388,-0.9662,0.8400,-3.5000,-0.1050
61412698,sitting,-0.0161,0.0383,-0.9665,0.8750,-3.5350,-0.1050
61412718,sitting,-0.0161,0.0390,-0.9662,0.8400,-3.5350,-0.0700
61412737,sitting,-0.0168,0.0390,-0.9660,0.8400,-3.5700,-0.1050
61412756,sitting,-0.0171,0.0390,-0.9667,0.8400,-3.5350,-0.0700
61412775,sitting,-0.0161,0.0393,-0.9670,0.8400,-3.5000,-0.0700
61412794,sitting,-0.0168,0.0398,-0.9665,0.8750,-3.5000,-0.0700
61412814,sitting,-0.0159,0.0395,-0.9665,0.8750,-3.5700,-0.0350
61412833,sitting,-0.0161,0.0393,-0.9658,0.8050,-3.5000,-0.0700
61412852,sitting,-0.0161,0.0395,-0.9662,0.8400,-3.5000,-0.0700
61412871,sitting,-0.0161,0.0390,-0.9665,0.8400,-3.5350,-0.0700
61412891,sitting,-0.0161,0.0393,-0.9660,0.8400,-3.4650,-0.0700
61412910,sitting,-0.0163,0.0393,-0.9672,0.8050,-3.5000,-0.0700
61412929,sitting,-0.0168,0.0400,-0.9662,0.8750,-3.5700,-0.0700
61412948,sitting,-0.0163,0.0410,-0.9658,0.8400,-3.5000,-0.1050
61412968,sitting,-0.0163,0.0403,-0.9670,0.8050,-3.4650,-0.0700
61412987,sitting,-0.0166,0.0395,-0.9675,0.8400,-3.5350,-0.0700
61413006,sitting,-0.0163,0.0398,-0.9665,0.9100,-3.5350,-0.0350
61413025,sitting,-0.0168,0.0395,-0.9665,0.8400,-3.4650,-0.0700
61413044,sitting,-0.0159,0.0390,-0.9660,0.8750,-3.5700,-0.0700
61413064,sitting,-0.0161,0.0395,-0.9665,0.8400,-3.5350,-0.0700
61413083,sitting,-0.0163,0.0398,-0.9665,0.8400,-3.5000,-0.0350
61413102,sitting,-0.0173,0.0390,-0.9655,0.9100,-3.5700,-0.0700
61413121,sitting,-0.0163,0.0395,-0.9662,0.8750,-3.5350,-0.0350
61413141,sitting,-0.0173,0.0400,-0.9665,0.8050,-3.5000,-0.1050
61413160,sitting,-0.0159,0.0405,-0.9660,0.8750,-3.5350,-0.0700
61413179,sitting,-0.0163,0.0403,-0.9675,0.8400,-3.5350,-0.1050
61413198,sitting,-0.0161,0.0400,-0.9660,0.8400,-3.5000,-0.0700
61413218,sitting,-0.0168,0.0395,-0.9670,0.8400,-3.5350,-0.0700
61413237,sitting,-0.0168,0.0400,-0.9670,0.8400,-3.5350,-0.1050
61413256,sitting,-0.0161,0.0400,-0.9672,0.8400,-3.5350,-0.0700
61413275,sitting,-0.0163,0.0395,-0.9662,0.8050,-3.5000,-0.0700
61413294,sitting,-0.0156,0.0395,-0.9665,0.8400,-3.5350,-0.0700
61413314,sitting,-0.0154,0.0395,-0.9660,0.8400,-3.5000,-0.0700
61413333,sitting,-0.0163,0.0390,-0.9670,0.8400,-3.5350,-0.0700
61413352,sitting,-0.0168,0.0388,-0.9672,0.8400,-3.5700,-0.0700
61413371,sitting,-0.0176,0.0388,-0.9660,0.8400,-3.5700,-0.1050
61413391,sitting,-0.0171,0.0393,-0.9665,0.8050,-3.5000,-0.1400
61413410,sitting,-0.0168,0.0400,-0.9665,0.8750,-3.5350,-0.1050
61413429,sitting,-0.0163,0.0400,-0.9670,0.8750,-3.5350,-0.0700
61413448,sitting,-0.0166,0.0400,-0.9665,0.8400,-3.4650,-0.0700
61413468,sitting,-0.0161,0.0395,-0.9662,0.8400,-3.5000,-0.0700
61413487,sitting,-0.0166,0.0398,-0.9667,0.8050,-3.5000,-0.1050
61413506,sitting,-0.0168,0.0395,-0.9665,0.8400,-3.5000,-0.0700
61413525,sitting,-0.0168,0.0393,-0.9660,0.8400,-3.5000,-0.0700
61413544,sitting,-0.0166,0.0388,-0.9670,0.8400,-3.5350,-0.0700
61413564,sitting,-0.0163,0.0393,-0.9667,0.8400,-3.5350,-0.1050
61413583,sitting,-0.0159,0.0395,-0.9660,0.8400,-3.5000,-0.0700
61413602,sitting,-0.0161,0.0405,-0.9665,0.9100,-3.5350,-0.0700
61413621,sitting,-0.0161,0.0395,-0.9662,0.9100,-3.5000,-0.0350
61413641,sitting,-0.0154,0.0390,-0.9653,0.8400,-3.5350,-0.1050
61413660,sitting,-0.0166,0.0400,-0.9670,0.8400,-3.5700,-0.0700
61413679,sitting,-0.0161,0.0393,-0.9662,0.9100,-3.5350,-0.0700
61413698,sitting,-0.0156,0.0390,-0.9662,0.8400,-3.5350,-0.0700
61413718,sitting,-0.0171,0.0393,-0.9655,0.8400,-3.5350,-0.0700
61413737,sitting,-0.0154,0.0395,-0.9672,0.8750,-3.5700,-0.0700
61413756,sitting,-0.0163,0.0398,-0.9675,0.8050,-3.5350,-0.1050
61413775,sitting,-0.0161,0.0390,-0.9670,0.8400,-3.5350,-0.0700
61413794,sitting,-0.0168,0.0398,-0.9658,0.8750,-3.5350,-0.0350
61413814,sitting,-0.0171,0.0393,-0.9667,0.8400,-3.4650,-0.0700
61413833,sitting,-0.0163,0.0398,-0.9675,0.7700,-3.5000,-0.0700
61413852,sitting,-0.0161,0.0398,-0.9655,0.8400,-3.5350,-0.0700
61413871,sitting,-0.0173,0.0388,-0.9665,0.8400,-3.5350,-0.0700
61413891,sitting,-0.0159,0.0393,-0.9670,0.8750,-3.5000,-0.0700
61413910,sitting,-0.0163,0.0395,-0.9667,0.9100,-3.5350,-0.1050
61413929,sitting,-0.0156,0.0390,-0.9665,0.8400,-3.5000,-0.0700
61413948,sitting,-0.0159,0.0395,-0.9660,0.8400,-3.5000,-0.1050
61413968,sitting,-0.0156,0.0395,-0.9675,0.8400,-3.5700,-0.0700
61413987,sitting,-0.0168,0.0395,-0.9672,0.8400,-3.5700,-0.0700
61414006,sitting,-0.0168,0.0395,-0.9665,0.8400,-3.4650,-0.1050
61414025,sitting,-0.0173,0.0388,-0.9665,0.8400,-3.5350,-0.0700
61414044,sitting,-0.0168,0.0393,-0.9665,0.8750,-3.6050,-0.0700
61414064,sitting,-0.0161,0.0398,-0.9665,0.8050,-3.4650,-0.0700
61414083,sitting,-0.0171,0.0386,-0.9658,0.8400,-3.4650,-0.1050
61414102,sitting,-0.0173,0.0393,-0.9662,0.8050,-3.5000,-0.1050
61414121,sitting,-0.0168,0.0405,-0.9662,0.8750,-3.5000,-0.1050
61414141,sitting,-0.0171,0.0405,-0.9660,0.8750,-3.5700,-0.0700
61414160,sitting,-0.0173,0.0395,-0.9672,0.8400,-3.6050,-0.0350
61414179,sitting,-0.0161,0.0390,-0.9675,0.8400,-3.5000,-0.0700
61414198,sitting,-0.0159,0.0388,-0.9670,0.8050,-3.5350,-0.0700
61414218,sitting,-0.0156,0.0405,-0.9655,0.8400,-3.5700,-0.0700
61414237,sitting,-0.0166,0.0395,-0.9662,0.8750,-3.5700,-0.0700
61414256,sitting,-0.0163,0.0393,-0.9665,0.8050,-3.5350,-0.0700
61414275,sitting,-0.0161,0.0393,-0.9667,0.8750,-3.5700,-0.1050
61414294,sitting,-0.0168,0.0398,-0.9662,0.8400,-3.5700,-0.0700
61414314,sitting,-0.0161,0.0403,-0.9670,0.8400,-3.5350,-0.0700
61414333,sitting,-0.0166,0.0398,-0.9670,0.8750,-3.5700,-0.0350
61414352,sitting,-0.0156,0.0390,-0.9675,0.8750,-3.5700,-0.0700
61414371,sitting,-0.0161,0.0393,-0.9660,0.8400,-3.5000,-0.0700
61414391,sitting,-0.0166,0.0400,-0.9662,0.8400,-3.5000,-0.0700
61414410,sitting,-0.0161,0.0390,-0.9677,0.8750,-3.5350,-0.1050
61414429,sitting,-0.0163,0.0395,-0.9670,0.8400,-3.5000,-0.0700
61414448,sitting,-0.0163,0.0393,-0.9667,0.8400,-3.5700,-0.0700
61414468,sitting,-0.0163,0.0393,-0.9665,0.8400,-3.5000,-0.0700
61414487,sitting,-0.0163,0.0390,-0.9670,0.8050,-3.5350,-0.1050
61414506,sitting,-0.0159,0.0393,-0.9660,0.8400,-3.5350,-0.0700
61414525,sitting,-0.0156,0.0403,-0.9662,0.9100,-3.5700,-0.1050
61414544,sitting,-0.0159,0.0398,-0.9665,0.8400,-3.5000,-0.0700
61414564,sitting,-0.0168,0.0400,-0.9660,0.8400,-3.5000,-0.0700
61414583,sitting,-0.0159,0.0398,-0.9660,0.8400,-3.5350,-0.0700
61414602,sitting,-0.0163,0.0395,-0.9662,0.8400,-3.5700,-0.0700
61414621,sitting,-0.0156,0.0398,-0.9667,0.8400,-3.5000,-0.1050
61414641,sitting,-0.0156,0.0403,-0.9650,0.8400,-3.5700,-0.0700
61414660,sitting,-0.0166,0.0398,-0.9667,0.8400,-3.5000,-0.0350
61414679,sitting,-0.0168,0.0390,-0.9667,0.8400,-3.5000,-0.0350
61414698,sitting,-0.0161,0.0395,-0.9672,0.8400,-3.5350,-0.1050
61414718,sitting,-0.0163,0.0403,-0.9670,0.8750,-3.5350,-0.1400
61414737,sitting,-0.0159,0.0390,-0.9653,0.8400,-3.5700,-0.0700
61414756,sitting,-0.0163,0.0398,-0.9667,0.8750,-3.5350,-0.0700
61414775,sitting,-0.0163,0.0403,-0.9662,0.8400,-3.5350,-0.0350
61414794,sitting,-0.0156,0.0405,-0.9658,0.8400,-3.5000,-0.0700
61414814,sitting,-0.0168,0.0400,-0.9670,0.8400,-3.5000,-0.0700
61414833,sitting,-0.0171,0.0403,-0.9665,0.9100,-3.5350,-0.0700
61414852,sitting,-0.0166,0.0388,-0.9670,0.8400,-3.5000,-0.0700
61414871,sitting,-0.0161,0.0378,-0.9658,0.8400,-3.5000,-0.1050
61414891,sitting,-0.0159,0.0393,-0.9658,0.8750,-3.5700,-0.0700
61414910,sitting,-0.0166,0.0395,-0.9658,0.8400,-3.5350,-0.0700
61414929,sitting,-0.0171,0.0390,-0.9658,0.8050,-3.5000,-0.0700
61414948,sitting,-0.0168,0.0390,-0.9670,0.8400,-3.5350,-0.0700
61414968,sitting,-0.0163,0.0388,-0.9667,0.8750,-3.5350,-0.1050
61414987,sitting,-0.0163,0.0398,-0.9655,0.8400,-3.5350,-0.1050
61415006,sitting,-0.0161,0.0403,-0.9670,0.8400,-3.5350,-0.0700
61415025,sitting,-0.0161,0.0398,-0.9660,0.8750,-3.5000,-0.0700
61415044,sitting,-0.0168,0.0390,-0.9667,0.8400,-3.5000,-0.0700
61415064,sitting,-0.0161,0.0388,-0.9667,0.8400,-3.5000,-0.0700
61415083,sitting,-0.0168,0.0393,-0.9662,0.8750,-3.5000,-0.0700
61415102,sitting,-0.0173,0.0393,-0.9672,0.8400,-3.5000,-0.0700
61415121,sitting,-0.0173,0.0398,-0.9672,0.8400,-3.5000,-0.1050
61415141,sitting,-0.0171,0.0400,-0.9667,0.8400,-3.5350,-0.0350
61415160,sitting,-0.0171,0.0395,-0.9665,0.8400,-3.5350,-0.1050
61415179,sitting,-0.0166,0.0395,-0.9660,0.8400,-3.5000,-0.0350
61415198,sitting,-0.0163,0.0403,-0.9670,0.9100,-3.5700,-0.0700
61415218,sitting,-0.0161,0.0395,-0.9670,0.8750,-3.5350,-0.0350
61415237,sitting,-0.0168,0.0393,-0.9665,0.8400,-3.5000,-0.1050
61415256,sitting,-0.0171,0.0395,-0.9655,0.8400,-3.5700,-0.0700
61415275,sitting,-0.0163,0.0395,-0.9655,0.8750,-3.5350,-0.0700
61415294,sitting,-0.0166,0.0395,-0.9670,0.8400,-3.5000,-0.0700
61415314,sitting,-0.0166,0.0388,-0.9658,0.8400,-3.5000,-0.0700
61415333,sitting,-0.0171,0.0398,-0.9667,0.8400,-3.5700,-0.0700
61415352,sitting,-0.0161,0.0393,-0.9665,0.8400,-3.4650,-0.1050
61415371,sitting,-0.0163,0.0390,-0.9667,0.8400,-3.5350,-0.0350
61415391,sitting,-0.0161,0.0393,-0.9662,0.8400,-3.5700,-0.0700
61415410,sitting,-0.0173,0.0398,-0.9662,0.8050,-3.4650,-0.0700
61415429,sitting,-0.0159,0.0403,-0.9670,0.8400,-3.5350,-0.0700
61415448,sitting,-0.0161,0.0398,-0.9667,0.8400,-3.5700,-0.0700
61415468,sitting,-0.0166,0.0393,-0.9653,0.9100,-3.5000,-0.0700
61415487,sitting,-0.0161,0.0390,-0.9660,0.8750,-3.5350,-0.0700
61415506,sitting,-0.0159,0.0390,-0.9665,0.8400,-3.5350,-0.0700
61415525,sitting,-0.0161,0.0403,-0.9670,0.8400,-3.5350,-0.0700
61415544,sitting,-0.0171,0.0407,-0.9660,0.8400,-3.4650,-0.0700
61415564,sitting,-0.0168,0.0388,-0.9667,0.8750,-3.5700,-0.0700
61415583,sitting,-0.0171,0.0398,-0.9667,0.8750,-3.5700,-0.1050
61415602,sitting,-0.0166,0.0398,-0.9662,0.8750,-3.5000,-0.1050
61415621,sitting,-0.0163,0.0398,-0.9672,0.8400,-3.5350,-0.0350
61415641,sitting,-0.0156,0.0405,-0.9679,0.8750,-3.5700,-0.0700
61415660,sitting,-0.0154,0.0398,-0.9667,0.8400,-3.5000,-0.0350
61415679,sitting,-0.0173,0.0400,-0.9662,0.8400,-3.5000,-0.0700
61415698,sitting,-0.0161,0.0395,-0.9672,0.8400,-3.5350,-0.1050
61415718,sitting,-0.0161,0.0405,-0.9655,0.8750,-3.5000,-0.0700
61415737,sitting,-0.0168,0.0395,-0.9667,0.8400,-3.4650,-0.0700
61415756,sitting,-0.0156,0.0398,-0.9658,0.8400,-3.5700,-0.0700
61415775,sitting,-0.0166,0.0400,-0.9662,0.8400,-3.5350,-0.0700
61415794,sitting,-0.0156,0.0393,-0.9660,0.8750,-3.5000,-0.1050
61415814,sitting,-0.0154,0.0388,-0.9670,0.8750,-3.5700,-0.1400
61415833,sitting,-0.0166,0.0395,-0.9658,0.8750,-3.5350,-0.0700
61415852,sitting,-0.0173,0.0388,-0.9670,0.8400,-3.5350,-0.1050
61415871,sitting,-0.0161,0.0390,-0.9667,0.8400,-3.5700,-0.0350
61415891,sitting,-0.0159,0.0398,-0.9667,0.8400,-3.5700,-0.0700
61415910,sitting,-0.0166,0.0395,-0.9665,0.8400,-3.5000,-0.0700
61415929,sitting,-0.0163,0.0393,-0.9660,0.8750,-3.5350,-0.0700
61415948,sitting,-0.0159,0.0398,-0.9682,0.8750,-3.5700,-0.0700
61415968,sitting,-0.0161,0.0405,-0.9667,0.7700,-3.5000,-0.0700
61415987,sitting,-0.0161,0.0398,-0.9675,0.8050,-3.5000,-0.0700
61416006,sitting,-0.0166,0.0393,-0.9677,0.8400,-3.5350,-0.0700
61416025,sitting,-0.0161,0.0395,-0.9658,0.8400,-3.5350,-0.0350
61416044,sitting,-0.0166,0.0395,-0.9665,0.8400,-3.5000,-0.0700
61416064,sitting,-0.0171,0.0395,-0.9660,0.8400,-3.5000,-0.0700
61416083,sitting,-0.0173,0.0398,-0.9667,0.8400,-3.5350,-0.0700
61416102,sitting,-0.0166,0.0393,-0.9675,0.8400,-3.5000,-0.0700
61416121,sitting,-0.0161,0.0403,-0.9667,0.8400,-3.5350,-0.0700
61416141,sitting,-0.0161,0.0398,-0.9670,0.8400,-3.5700,-0.0700
61416160,sitting,-0.0159,0.0410,-0.9665,0.8750,-3.5700,-0.0700
61416179,sitting,-0.0166,0.0395,-0.9665,0.8400,-3.5700,-0.0700
61416198,sitting,-0.0168,0.0390,-0.9665,0.8400,-3.5700,-0.0700
61416218,sitting,-0.0171,0.0393,-0.9660,0.8400,-3.5000,-0.0700
61416237,sitting,-0.0176,0.0390,-0.9665,0.8750,-3.5000,-0.0700
61416256,sitting,-0.0171,0.0398,-0.9675,0.8400,-3.5700,-0.0700
61416275,sitting,-0.0161,0.0400,-0.9665,0.8750,-3.4650,-0.0700
61416294,sitting,-0.0161,0.0390,-0.9658,0.8750,-3.5000,-0.0350
61416314,sitting,-0.0159,0.0390,-0.9665,0.8400,-3.5350,-0.0700
61416333,sitting,-0.0156,0.0405,-0.9662,0.8400,-3.5000,-0.0700
61416352,sitting,-0.0166,0.0400,-0.9658,0.8400,-3.5000,-0.0700
61416371,sitting,-0.0151,0.0400,-0.9660,0.8750,-3.5350,-0.1050
61416391,sitting,-0.0163,0.0400,-0.9670,0.8400,-3.5350,-0.1050
61416410,sitting,-0.0161,0.0400,-0.9667,0.8400,-3.5350,-0.0700
61416429,sitting,-0.0163,0.0395,-0.9662,0.8400,-3.5350,-0.1050
61416448,sitting,-0.0163,0.0398,-0.9660,0.8400,-3.5000,-0.0700
61416468,sitting,-0.0166,0.0398,-0.9670,0.8400,-3.5000,-0.0700
61416487,sitting,-0.0173,0.0400,-0.9660,0.8400,-3.5700,-0.0700
61416506,sitting,-0.0159,0.0400,-0.9667,0.8400,-3.5700,-0.0700
61416525,sitting,-0.0159,0.0388,-0.9672,0.8400,-3.5000,-0.1050
61416544,sitting,-0.0171,0.0398,-0.9667,0.8750,-3.5350,-0.0700
61416564,sitting,-0.0171,0.0398,-0.9662,0.8400,-3.5000,-0.0700
61416583,sitting,-0.0168,0.0403,-0.9662,0.8400,-3.4650,-0.0350
61416602,sitting,-0.0161,0.0398,-0.9667,0.8400,-3.5350,-0.1050
61416621,sitting,-0.0171,0.0403,-0.9660,0.8400,-3.5700,-0.0700
61416641,sitting,-0.0171,0.0395,-0.9662,0.8400,-3.5000,-0.0700
61416660,sitting,-0.0163,0.0388,-0.9662,0.8400,-3.5000,-0.0700
61416679,sitting,-0.0166,0.0395,-0.9653,0.8400,-3.5700,-0.0700
61416698,sitting,-0.0163,0.0398,-0.9660,0.8400,-3.5350,-0.0700
61416718,sitting,-0.0166,0.0395,-0.9670,0.8400,-3.5000,-0.1400
61416737,sitting,-0.0171,0.0398,-0.9662,0.8400,-3.5700,-0.0700
61416756,sitting,-0.0163,0.0390,-0.9660,0.8750,-3.5000,-0.0700
61416775,sitting,-0.0166,0.0390,-0.9667,0.8400,-3.5350,-0.0700
61416794,sitting,-0.0163,0.0400,-0.9665,0.8050,-3.5350,-0.0700
61416814,sitting,-0.0173,0.0388,-0.9670,0.8400,-3.6050,-0.0350
61416833,sitting,-0.0171,0.0395,-0.9667,0.8400,-3.5350,-0.0700
61416852,sitting,-0.0166,0.0393,-0.9665,0.8400,-3.5350,-0.0700
61416871,sitting,-0.0159,0.0398,-0.9670,0.8400,-3.5700,-0.0700
61416891,sitting,-0.0181,0.0407,-0.9665,0.8400,-3.5000,-0.0700
61416910,sitting,-0.0171,0.0400,-0.9665,0.9100,-3.5350,-0.0350
61416929,sitting,-0.0161,0.0395,-0.9667,0.8050,-3.5700,-0.0700
61416948,sitting,-0.0178,0.0400,-0.9675,0.8400,-3.5000,-0.0700
61416968,sitting,-0.0166,0.0388,-0.9670,0.8400,-3.5000,-0.0700
61416987,sitting,-0.0173,0.0395,-0.9670,0.8750,-3.5700,-0.0700
61417006,sitting,-0.0166,0.0393,-0.9665,0.8400,-3.5350,-0.0700
61417025,sitting,-0.0161,0.0393,-0.9662,0.8400,-3.5350,-0.0700
61417044,sitting,-0.0166,0.0395,-0.9672,0.8400,-3.5350,-0.0700
61417064,sitting,-0.0171,0.0403,-0.9670,0.8400,-3.5700,-0.0700
61417083,sitting,-0.0163,0.0398,-0.9658,0.8400,-3.5350,-0.0700
61417102,sitting,-0.0171,0.0398,-0.9675,0.8400,-3.5350,-0.0700
61417121,sitting,-0.0171,0.0400,-0.9670,0.8750,-3.5700,-0.0700
61417141,sitting,-0.0163,0.0400,-0.9670,0.8750,-3.5350,-0.0700
61417160,sitting,-0.0173,0.0390,-0.9660,0.8400,-3.5700,-0.0350
61417179,sitting,-0.0173,0.0390,-0.9667,0.8400,-3.5700,-0.0350
61417198,sitting,-0.0166,0.0393,-0.9662,0.8050,-3.5000,-0.1050
61417218,sitting,-0.0171,0.0405,-0.9665,0.8400,-3.5000,-0.0350
61417237,sitting,-0.0171,0.0403,-0.9655,0.8400,-3.5000,-0.0700
61417256,sitting,-0.0163,0.0403,-0.9658,0.8400,-3.5350,-0.1050
61417275,sitting,-0.0168,0.0400,-0.9662,0.8400,-3.5350,-0.1050
61417294,sitting,-0.0156,0.0395,-0.9658,0.8750,-3.6050,-0.0700
61417314,sitting,-0.0168,0.0398,-0.9665,0.8750,-3.5700,-0.0700
61417333,sitting,-0.0168,0.0403,-0.9667,0.8400,-3.5000,-0.0700
61417352,sitting,-0.0168,0.0398,-0.9662,0.8400,-3.5700,-0.1050
61417371,sitting,-0.0168,0.0386,-0.9672,0.8400,-3.5700,-0.0700
61417391,sitting,-0.0161,0.0390,-0.9665,0.8400,-3.5700,-0.1050
61417410,sitting,-0.0171,0.0398,-0.9665,0.9100,-3.5700,-0.0700
61417429,sitting,-0.0163,0.0390,-0.9667,0.8750,-3.5700,-0.0350
61417448,sitting,-0.0171,0.0398,-0.9670,0.8750,-3.5700,-0.0350
61417468,sitting,-0.0163,0.0398,-0.9660,0.8400,-3.5350,-0.0700
61417487,sitting,-0.0168,0.0405,-0.9655,0.8400,-3.5350,-0.0700
61417506,sitting,-0.0168,0.0398,-0.9660,0.8400,-3.5000,-0.0350
61417525,sitting,-0.0171,0.0398,-0.9662,0.8400,-3.5350,-0.0350
61417544,sitting,-0.0166,0.0403,-0.9667,0.8750,-3.5700,-0.0700
61417564,sitting,-0.0159,0.0400,-0.9665,0.8400,-3.5000,-0.0700
61417583,sitting,-0.0161,0.0390,-0.9655,0.8400,-3.5350,-0.0700
61417602,sitting,-0.0173,0.0395,-0.9660,0.8750,-3.5700,0.0000
61417621,sitting,-0.0168,0.0393,-0.9665,0.8750,-3.5350,-0.0700
61417641,sitting,-0.0166,0.0393,-0.9662,0.8400,-3.5350,-0.0700
61417660,sitting,-0.0168,0.0403,-0.9670,0.8400,-3.5700,-0.0700
61417679,sitting,-0.0163,0.0390,-0.9658,0.8750,-3.5700,-0.0700
61417698,sitting,-0.0171,0.0398,-0.9658,0.8400,-3.5000,-0.0700
61417718,sitting,-0.0171,0.0405,-0.9660,0.9100,-3.5350,-0.0700
61417737,sitting,-0.0166,0.0388,-0.9660,0.8750,-3.5700,-0.1050
61417756,sitting,-0.0171,0.0393,-0.9662,0.8400,-3.5350,-0.0700
61417775,sitting,-0.0161,0.0398,-0.9658,0.8400,-3.5350,-0.0700
61417794,sitting,-0.0176,0.0395,-0.9658,0.8400,-3.5700,-0.0700
61417814,sitting,-0.0173,0.0395,-0.9658,0.8400,-3.5000,-0.0700
61417833,sitting,-0.0161,0.0395,-0.9660,0.8400,-3.5350,-0.0700
61417852,sitting,-0.0166,0.0388,-0.9665,0.8750,-3.5700,-0.0350
61417871,sitting,-0.0163,0.0393,-0.9677,0.8400,-3.5000,-0.0350
61417891,sitting,-0.0168,0.0398,-0.9667,0.8400,-3.5000,-0.0700
61417910,sitting,-0.0163,0.0400,-0.9667,0.8400,-3.5700,-0.0700
61417929,sitting,-0.0173,0.0395,-0.9670,0.8400,-3.5700,-0.0700
61417948,sitting,-0.0173,0.0393,-0.9658,0.8750,-3.5000,-0.0700
61417968,sitting,-0.0161,0.0403,-0.9665,0.8400,-3.5350,-0.0700
61417987,sitting,-0.0154,0.0395,-0.9662,0.8400,-3.5350,-0.0350
61418006,sitting,-0.0168,0.0403,-0.9662,0.8400,-3.5000,-0.0700
61418025,sitting,-0.0161,0.0393,-0.9660,0.8750,-3.5350,-0.0700
61418044,sitting,-0.0163,0.0400,-0.9662,0.8400,-3.5700,-0.1050
61418064,sitting,-0.0154,0.0390,-0.9665,0.8750,-3.5350,-0.1050
61418083,sitting,-0.0161,0.0390,-0.9665,0.8750,-3.5350,-0.0700
61418102,sitting,-0.0163,0.0390,-0.9682,0.8750,-3.5700,-0.1050
61418121,sitting,-0.0163,0.0398,-0.9660,0.8050,-3.5000,-0.1050
61418141,sitting,-0.0178,0.0398,-0.9667,0.8050,-3.5350,-0.1050
61418160,sitting,-0.0168,0.0386,-0.9662,0.8400,-3.5350,-0.0700
61418179,sitting,-0.0166,0.0390,-0.9662,0.8400,-3.4650,-0.0700
61418198,sitting,-0.0168,0.0400,-0.9665,0.8050,-3.5000,-0.0700
61418218,sitting,-0.0173,0.0388,-0.9660,0.8400,-3.5700,-0.0700
61418237,sitting,-0.0166,0.0393,-0.9658,0.8400,-3.5700,-0.0700
61418256,sitting,-0.0166,0.0400,-0.9665,0.8400,-3.5000,-0.0700
61418275,sitting,-0.0168,0.0395,-0.9665,0.8750,-3.5350,-0.0350
61418294,sitting,-0.0163,0.0390,-0.9655,0.8750,-3.5350,-0.0700
61418314,sitting,-0.0161,0.0405,-0.9662,0.8400,-3.5700,-0.0700
61418333,sitting,-0.0161,0.0383,-0.9662,0.8750,-3.5700,-0.0700
61418352,sitting,-0.0163,0.0403,-0.9662,0.8400,-3.5350,-0.0350
61418371,sitting,-0.0166,0.0395,-0.9670,0.8050,-3.5350,-0.0700
61418391,sitting,-0.0173,0.0383,-0.9665,0.8050,-3.5000,-0.1050
61418410,sitting,-0.0166,0.0390,-0.9675,0.8400,-3.5000,-0.1750
61418429,sitting,-0.0161,0.0393,-0.9655,0.8750,-3.5700,-0.0700
61418448,sitting,-0.0163,0.0395,-0.9662,0.8400,-3.5000,-0.0350
61418468,sitting,-0.0168,0.0390,-0.9665,0.8400,-3.5350,-0.0350
61418487,sitting,-0.0163,0.0398,-0.9665,0.8400,-3.4650,-0.0700
61418506,sitting,-0.0171,0.0393,-0.9667,0.8400,-3.5000,-0.0700
61418525,sitting,-0.0163,0.0403,-0.9665,0.8400,-3.5700,-0.0700
61418544,sitting,-0.0176,0.0403,-0.9662,0.8400,-3.5350,-0.0700
61418564,sitting,-0.0163,0.0405,-0.9670,0.8400,-3.5350,-0.1400
61418583,sitting,-0.0171,0.0395,-0.9665,0.8400,-3.5700,-0.0700
61418602,sitting,-0.0159,0.0393,-0.9662,0.8750,-3.6050,-0.0700
61418621,sitting,-0.0163,0.0393,-0.9662,0.8400,-3.5350,-0.0700
61418641,sitting,-0.0168,0.0410,-0.9665,0.8400,-3.5350,-0.0700
61418660,sitting,-0.0161,0.0395,-0.9660,0.8400,-3.5700,-0.0700
61418679,sitting,-0.0163,0.0393,-0.9662,0.8400,-3.5350,-0.0700
61418698,sitting,-0.0161,0.0405,-0.9660,0.9100,-3.5000,-0.0700
61418718,sitting,-0.0166,0.0398,-0.9660,0.8400,-3.5000,-0.1050
61418737,sitting,-0.0166,0.0393,-0.9667,0.8400,-3.5000,-0.0700
61418756,sitting,-0.0159,0.0400,-0.9665,0.8400,-3.5000,-0.0700
61418775,sitting,-0.0168,0.0400,-0.9662,0.8400,-3.5350,-0.0700
61418794,sitting,-0.0171,0.0398,-0.9662,0.8400,-3.5700,-0.0700
61418814,sitting,-0.0154,0.0393,-0.9662,0.8750,-3.6050,-0.0350
61418833,sitting,-0.0159,0.0395,-0.9675,0.9100,-3.5350,-0.1050
61418852,sitting,-0.0163,0.0395,-0.9672,0.8750,-3.5350,-0.0700
61418871,sitting,-0.0161,0.0388,-0.9670,0.8400,-3.5000,0.0000
61418891,sitting,-0.0171,0.0395,-0.9665,0.8750,-3.5700,-0.0700
61418910,sitting,-0.0168,0.0388,-0.9672,0.8750,-3.5700,-0.0700
61418929,sitting,-0.0166,0.0390,-0.9662,0.8050,-3.5350,-0.1050
61418948,sitting,-0.0168,0.0403,-0.9667,0.8400,-3.5700,-0.0700
61418968,sitting,-0.0161,0.0400,-0.9667,0.8400,-3.5700,-0.0350
61418987,sitting,-0.0163,0.0400,-0.9660,0.8400,-3.5000,-0.0700
61419006,sitting,-0.0173,0.0398,-0.9665,0.8400,-3.5700,-0.0700
61419025,sitting,-0.0163,0.0403,-0.9665,0.8400,-3.5700,-0.0700
61419044,sitting,-0.0163,0.0386,-0.9662,0.8050,-3.5000,-0.0700
61419064,sitting,-0.0166,0.0390,-0.9665,0.8750,-3.5350,-0.0700
61419083,sitting,-0.0166,0.0395,-0.9667,0.9100,-3.5700,-0.0350
61419102,sitting,-0.0161,0.0390,-0.9667,0.7700,-3.5700,-0.0700
61419121,sitting,-0.0159,0.0393,-0.9665,0.8750,-3.5350,-0.0700
61419141,sitting,-0.0166,0.0390,-0.9667,0.9100,-3.5350,-0.0700
61419160,sitting,-0.0166,0.0395,-0.9665,0.8400,-3.5700,-0.0700
61419179,sitting,-0.0168,0.0390,-0.9660,0.8400,-3.5350,-0.1050
61419198,sitting,-0.0168,0.0395,-0.9672,0.8400,-3.5700,-0.1050
61419218,sitting,-0.0166,0.0398,-0.9672,0.8750,-3.5350,-0.1050
61419237,sitting,-0.0163,0.0383,-0.9665,0.8400,-3.4650,-0.1050
61419256,sitting,-0.0168,0.0398,-0.9660,0.8750,-3.5350,-0.0700
61419275,sitting,-0.0168,0.0398,-0.9667,0.8400,-3.5350,-0.1050
61419294,sitting,-0.0163,0.0393,-0.9665,0.8400,-3.5350,-0.0700
61419314,sitting,-0.0163,0.0398,-0.9667,0.8400,-3.5350,-0.0700
61419333,sitting,-0.0166,0.0403,-0.9665,0.8400,-3.5350,-0.1050
61419352,sitting,-0.0156,0.0398,-0.9675,0.8400,-3.5000,-0.0700
61419371,sitting,-0.0156,0.0398,-0.9662,0.8050,-3.5350,-0.0350
61419391,sitting,-0.0161,0.0395,-0.9667,0.8750,-3.5350,-0.0350
61419410,sitting,-0.0166,0.0400,-0.9660,0.8400,-3.5000,-0.0700
61419429,sitting,-0.0173,0.0403,-0.9655,0.8400,-3.4300,-0.0700
61419448,sitting,-0.0166,0.0405,-0.9658,0.8400,-3.5350,-0.0700
61419468,sitting,-0.0161,0.0403,-0.9667,0.8750,-3.5700,-0.0700
61419487,sitting,-0.0151,0.0390,-0.9675,0.8050,-3.5350,-0.1050
61419506,sitting,-0.0163,0.0393,-0.9670,0.8400,-3.5700,-0.1050
61419525,sitting,-0.0161,0.0388,-0.9662,0.8400,-3.5350,-0.0350
61419544,sitting,-0.0171,0.0400,-0.9665,0.8400,-3.5000,-0.0700
61419564,sitting,-0.0176,0.0398,-0.9665,0.8750,-3.5000,-0.0700
61419583,sitting,-0.0168,0.0395,-0.9665,0.8750,-3.5350,-0.0700
61419602,sitting,-0.0166,0.0400,-0.9667,0.8400,-3.5350,-0.0700
61419621,sitting,-0.0168,0.0395,-0.9665,0.8750,-3.4650,-0.0350
61419641,sitting,-0.0173,0.0398,-0.9667,0.8400,-3.5350,-0.0700
61419660,sitting,-0.0171,0.0393,-0.9665,0.8400,-3.5350,-0.1050
61419679,sitting,-0.0168,0.0395,-0.9665,0.8400,-3.5350,-0.1400
61419698,sitting,-0.0161,0.0398,-0.9672,0.8400,-3.5700,-0.1050
61419718,sitting,-0.0161,0.0393,-0.9665,0.9100,-3.5350,-0.0350
61419737,sitting,-0.0161,0.0395,-0.9665,0.8400,-3.5350,-0.1050
61419756,sitting,-0.0161,0.0393,-0.9665,0.8400,-3.5350,-0.0700
61419775,sitting,-0.0171,0.0407,-0.9667,0.8400,-3.5000,-0.0700
61419794,sitting,-0.0163,0.0388,-0.9667,0.8400,-3.5000,-0.0700
61419814,sitting,-0.0171,0.0403,-0.9662,0.8400,-3.5700,-0.0700
61419833,sitting,-0.0166,0.0395,-0.9655,0.8750,-3.5700,-0.0700
61419852,sitting,-0.0163,0.0393,-0.9672,0.8400,-3.4650,-0.0700
61419871,sitting,-0.0163,0.0395,-0.9660,0.8750,-3.5350,-0.0700
61419891,sitting,-0.0168,0.0395,-0.9670,0.8400,-3.5700,-0.0350
61419910,sitting,-0.0168,0.0398,-0.9667,0.8400,-3.5350,-0.0350
61419929,sitting,-0.0168,0.0393,-0.9658,0.8400,-3.5350,-0.0700
61419948,sitting,-0.0166,0.0388,-0.9672,0.8750,-3.5350,-0.0350
61419968,sitting,-0.0168,0.0395,-0.9662,0.8400,-3.5350,-0.0700
61419987,sitting,-0.0163,0.0395,-0.9667,0.8400,-3.5000,-0.0700
61420006,sitting,-0.0163,0.0395,-0.9658,0.8400,-3.5000,-0.0700
61420025,sitting,-0.0166,0.0393,-0.9658,0.8400,-3.5350,-0.0700
61420044,sitting,-0.0176,0.0393,-0.9665,0.8400,-3.5000,-0.0700
61420064,sitting,-0.0166,0.0398,-0.9670,0.8400,-3.5350,-0.0700
61420083,sitting,-0.0161,0.0393,-0.9662,0.8400,-3.5000,-0.0700
61420102,sitting,-0.0166,0.0390,-0.9677,0.8050,-3.5700,-0.0700
61420121,sitting,-0.0154,0.0390,-0.9662,0.8400,-3.5700,-0.0700
61420141,sitting,-0.0173,0.0386,-0.9660,0.8400,-3.5700,-0.0700
61420160,sitting,-0.0176,0.0383,-0.9665,0.8750,-3.4650,-0.0700
61420179,sitting,-0.0156,0.0386,-0.9667,0.8400,-3.5000,-0.0350
61420198,sitting,-0.0168,0.0395,-0.9658,0.8750,-3.5350,-0.0700
61420218,sitting,-0.0166,0.0400,-0.9662,0.8400,-3.5000,-0.0700
61420237,sitting,-0.0163,0.0395,-0.9667,0.8750,-3.5350,-0.0350
61420256,sitting,-0.0166,0.0393,-0.9665,0.9100,-3.5700,-0.0700
61420275,sitting,-0.0166,0.0388,-0.9665,0.8750,-3.5350,-0.0700
61420294,sitting,-0.0166,0.0393,-0.9672,0.7700,-3.5000,-0.0700
61420314,sitting,-0.0163,0.0400,-0.9667,0.8400,-3.5000,-0.0350
61420333,sitting,-0.0163,0.0390,-0.9675,0.8750,-3.5350,-0.0350
61420352,sitting,-0.0168,0.0395,-0.9672,0.8400,-3.5000,-0.0700
61420371,sitting,-0.0159,0.0405,-0.9672,0.8400,-3.5000,-0.0700
61420391,sitting,-0.0171,0.0400,-0.9662,0.9100,-3.5700,-0.0350
61420410,sitting,-0.0171,0.0393,-0.9667,0.8050,-3.5350,-0.0700
61420429,sitting,-0.0168,0.0395,-0.9672,0.9100,-3.5700,-0.0700
61420448,sitting,-0.0171,0.0393,-0.9653,0.8400,-3.5350,-0.0700
61420468,sitting,-0.0166,0.0393,-0.9658,0.8400,-3.5000,0.0000
61420487,sitting,-0.0171,0.0405,-0.9655,0.8400,-3.5350,-0.0700
61420506,sitting,-0.0166,0.0403,-0.9665,0.9100,-3.5700,-0.0700
61420525,sitting,-0.0168,0.0405,-0.9665,0.8400,-3.5000,-0.0700
61420544,sitting,-0.0159,0.0400,-0.9667,0.8750,-3.5350,-0.0700
61420564,sitting,-0.0168,0.0400,-0.9660,0.8400,-3.5350,-0.0700
61420583,sitting,-0.0163,0.0398,-0.9667,0.8400,-3.5350,-0.0350
61420602,sitting,-0.0163,0.0395,-0.9665,0.8400,-3.5000,-0.1050
61420621,sitting,-0.0168,0.0395,-0.9667,0.8750,-3.5700,-0.0700
61420641,sitting,-0.0163,0.0393,-0.9667,0.8750,-3.5350,-0.0700
61420660,sitting,-0.0171,0.0405,-0.9670,0.8400,-3.5000,-0.0700
61420679,sitting,-0.0176,0.0400,-0.9667,0.8400,-3.5700,-0.1050
61420698,sitting,-0.0173,0.0398,-0.9665,0.8750,-3.5700,-0.0700
61420718,sitting,-0.0166,0.0390,-0.9672,0.8050,-3.4650,-0.1050
61420737,sitting,-0.0163,0.0403,-0.9660,0.8400,-3.5000,-0.0700
61420756,sitting,-0.0163,0.0398,-0.9662,0.8400,-3.5700,-0.0700
61420775,sitting,-0.0168,0.0400,-0.9672,0.8400,-3.5350,-0.1050
61420794,sitting,-0.0168,0.0395,-0.9660,0.8400,-3.5350,-0.1400
61420814,sitting,-0.0161,0.0388,-0.9658,0.8750,-3.5000,-0.0350
61420833,sitting,-0.0161,0.0395,-0.9670,0.8400,-3.5350,-0.0700
61420852,sitting,-0.0159,0.0386,-0.9662,0.8050,-3.5350,-0.0700
61420871,sitting,-0.0176,0.0390,-0.9665,0.9100,-3.5350,-0.0700
61420891,sitting,-0.0168,0.0398,-0.9650,0.8750,-3.5000,-0.0700
61420910,sitting,-0.0156,0.0390,-0.9660,0.8400,-3.5000,-0.0350
61420929,sitting,-0.0166,0.0386,-0.9655,0.8400,-3.5350,-0.0700
61420948,sitting,-0.0171,0.0398,-0.9667,0.8400,-3.5700,-0.0700
61420968,sitting,-0.0159,0.0388,-0.9670,0.8050,-3.5000,-0.1050
61420987,sitting,-0.0173,0.0400,-0.9670,0.9100,-3.5350,-0.0700
61421006,sitting,-0.0166,0.0400,-0.9665,0.8400,-3.5350,-0.0700
61421025,sitting,-0.0166,0.0405,-0.9667,0.8400,-3.5000,-0.0700
61421044,sitting,-0.0161,0.0403,-0.9662,0.8400,-3.5700,-0.0700
61421064,sitting,-0.0163,0.0395,-0.9670,0.8750,-3.5350,-0.0350
61421083,sitting,-0.0171,0.0393,-0.9675,0.8750,-3.5350,-0.0700
61421102,sitting,-0.0159,0.0393,-0.9667,0.8400,-3.5700,-0.0700
61421121,sitting,-0.0168,0.0395,-0.9650,0.8750,-3.5350,-0.0700
61421141,sitting,-0.0163,0.0393,-0.9670,0.8400,-3.5350,-0.0700
61421160,sitting,-0.0166,0.0403,-0.9660,0.8750,-3.5000,-0.0700
61421179,sitting,-0.0161,0.0398,-0.9658,0.8050,-3.5350,-0.0350
61421198,sitting,-0.0173,0.0398,-0.9672,0.8750,-3.5000,-0.0700
61421218,sitting,-0.0161,0.0390,-0.9660,0.8400,-3.5000,-0.1050
61421237,sitting,-0.0163,0.0400,-0.9672,0.8750,-3.5700,-0.0700
61421256,sitting,-0.0163,0.0403,-0.9667,0.8750,-3.5700,-0.0700
61421275,sitting,-0.0159,0.0398,-0.9675,0.8400,-3.5350,-0.0700
61421294,sitting,-0.0161,0.0400,-0.9665,0.8750,-3.5700,-0.0700
61421314,sitting,-0.0156,0.0393,-0.9667,0.8750,-3.5350,-0.0700
61421333,sitting,-0.0161,0.0388,-0.9670,0.8400,-3.5000,-0.0700
61421352,sitting,-0.0156,0.0395,-0.9670,0.9100,-3.5700,-0.0350
61421371,sitting,-0.0163,0.0393,-0.9670,0.8750,-3.5700,-0.0700
61421391,sitting,-0.0166,0.0395,-0.9670,0.8400,-3.5000,-0.0700
61421410,sitting,-0.0163,0.0393,-0.9665,0.8400,-3.5350,-0.1050
61421429,sitting,-0.0154,0.0400,-0.9667,0.8400,-3.5700,-0.1050
61421448,sitting,-0.0161,0.0398,-0.9677,0.8400,-3.5350,-0.1050
61421468,sitting,-0.0163,0.0403,-0.9667,0.8400,-3.5350,-0.0700
61421487,sitting,-0.0163,0.0393,-0.9660,0.8400,-3.5350,-0.0700
61421506,sitting,-0.0166,0.0395,-0.9665,0.8400,-3.5350,-0.0700
61421525,sitting,-0.0163,0.0398,-0.9672,0.8750,-3.5000,-0.0700
61421544,sitting,-0.0163,0.0393,-0.9667,0.8400,-3.5350,-0.0700
61421564,sitting,-0.0161,0.0395,-0.9658,0.8400,-3.5000,-0.1050
61421583,sitting,-0.0163,0.0388,-0.9660,0.8400,-3.4650,-0.0700
61421602,sitting,-0.0168,0.0398,-0.9677,0.8750,-3.5350,-0.1050
61421621,sitting,-0.0171,0.0398,-0.9662,0.8400,-3.5350,-0.1050
61421641,sitting,-0.0166,0.0395,-0.9662,0.8750,-3.5000,-0.0700
61421660,sitting,-0.0163,0.0400,-0.9665,0.8750,-3.5350,-0.0700
61421679,sitting,-0.0171,0.0400,-0.9670,0.8400,-3.6050,-0.0700
61421698,sitting,-0.0154,0.0403,-0.9665,0.8400,-3.5350,-0.1400
61421718,sitting,-0.0159,0.0412,-0.9665,0.8750,-3.5000,-0.0700
61421737,sitting,-0.0161,0.0395,-0.9667,0.9100,-3.5700,-0.0350
61421756,sitting,-0.0166,0.0393,-0.9667,0.8400,-3.5000,-0.0700
61421775,sitting,-0.0168,0.0398,-0.9672,0.8400,-3.5000,-0.1050
61421794,sitting,-0.0166,0.0400,-0.9662,0.8400,-3.5350,-0.0700
61421814,sitting,-0.0168,0.0405,-0.9667,0.8750,-3.5350,-0.0350
61421833,sitting,-0.0176,0.0398,-0.9672,0.8400,-3.5000,-0.0700
61421852,sitting,-0.0156,0.0395,-0.9672,0.9100,-3.5700,-0.0700
61421871,sitting,-0.0166,0.0403,-0.9670,0.8750,-3.5700,-0.0700
61421891,sitting,-0.0166,0.0395,-0.9658,0.8750,-3.5000,-0.1750
61421910,sitting,-0.0163,0.0395,-0.9667,0.8750,-3.5700,-0.0700
61421929,sitting,-0.0163,0.0395,-0.9665,0.8400,-3.5700,-0.1050
61421948,sitting,-0.0166,0.0400,-0.9660,0.7700,-3.5350,-0.1050
61421968,sitting,-0.0171,0.0400,-0.9660,0.8750,-3.5350,-0.0700
61421987,sitting,-0.0168,0.0398,-0.9672,0.8400,-3.5700,-0.0700
61422006,sitting,-0.0171,0.0393,-0.9665,0.8750,-3.5350,-0.0700
61422025,sitting,-0.0166,0.0398,-0.9658,0.8750,-3.5700,-0.0350
61422044,sitting,-0.0166,0.0393,-0.9667,0.8400,-3.5000,-0.0700
61422064,sitting,-0.0163,0.0400,-0.9679,0.8400,-3.5700,-0.0700
61422083,sitting,-0.0163,0.0398,-0.9667,0.8400,-3.5350,-0.0700
61422102,sitting,-0.0171,0.0400,-0.9667,0.8750,-3.5700,-0.0700
61422121,sitting,-0.0159,0.0388,-0.9667,0.8400,-3.5700,-0.0700
61422141,sitting,-0.0161,0.0393,-0.9665,0.8050,-3.5350,-0.1050
61422160,sitting,-0.0171,0.0388,-0.9665,0.8050,-3.5350,-0.0350
61422179,sitting,-0.0173,0.0398,-0.9662,0.8400,-3.5000,-0.1050
61422198,sitting,-0.0166,0.0398,-0.9675,0.8750,-3.5000,-0.0350
61422218,sitting,-0.0156,0.0400,-0.9658,0.8400,-3.5700,-0.0700
61422237,sitting,-0.0161,0.0405,-0.9670,0.8400,-3.5350,-0.0700
61422256,sitting,-0.0159,0.0405,-0.9658,0.8400,-3.5350,-0.1050
61422275,sitting,-0.0163,0.0407,-0.9667,0.8400,-3.6050,-0.0350
61422294,sitting,-0.0161,0.0398,-0.9670,0.8750,-3.5700,-0.0350
61422314,sitting,-0.0156,0.0395,-0.9662,0.8750,-3.5000,-0.0700
61422333,sitting,-0.0163,0.0400,-0.9667,0.8050,-3.5000,-0.1050
61422352,sitting,-0.0166,0.0388,-0.9658,0.8750,-3.5350,-0.0700
61422371,sitting,-0.0173,0.0395,-0.9655,0.8400,-3.5350,-0.0700
61422391,sitting,-0.0166,0.0398,-0.9667,0.8400,-3.5350,-0.0700
61422410,sitting,-0.0166,0.0398,-0.9670,0.8750,-3.5350,-0.1050
61422429,sitting,-0.0163,0.0407,-0.9670,0.8400,-3.5350,-0.0700
61422448,sitting,-0.0159,0.0400,-0.9667,0.8050,-3.5350,-0.0700
61422468,sitting,-0.0151,0.0390,-0.9658,0.8050,-3.5350,-0.0700
61422487,sitting,-0.0171,0.0395,-0.9662,0.8750,-3.6050,-0.0700
61422506,sitting,-0.0166,0.0390,-0.9662,0.8400,-3.5000,-0.0700
61422525,sitting,-0.0171,0.0400,-0.9660,0.8400,-3.5350,-0.0350
61422544,sitting,-0.0161,0.0403,-0.9653,0.8400,-3.5700,-0.0350
61422564,sitting,-0.0166,0.0398,-0.9665,0.8400,-3.5000,-0.0350
61422583,sitting,-0.0168,0.0393,-0.9662,0.8400,-3.5700,-0.0700
61422602,sitting,-0.0156,0.0398,-0.9665,0.8400,-3.5700,-0.0700
61422621,sitting,-0.0161,0.0405,-0.9667,0.8400,-3.5350,-0.0700
61422641,sitting,-0.0163,0.0403,-0.9660,0.8400,-3.5000,-0.0700
61422660,sitting,-0.0168,0.0400,-0.9665,0.8400,-3.5350,-0.1050
61422679,sitting,-0.0168,0.0395,-0.9662,0.8400,-3.5000,-0.0700
61422698,sitting,-0.0163,0.0398,-0.9655,0.8400,-3.5000,-0.0700
61422718,sitting,-0.0161,0.0403,-0.9665,0.8400,-3.5000,-0.0700
61422737,sitting,-0.0166,0.0400,-0.9670,0.9100,-3.6050,-0.0700
61422756,sitting,-0.0159,0.0393,-0.9670,0.8750,-3.5350,-0.0700
61422775,sitting,-0.0171,0.0390,-0.9665,0.8400,-3.5700,-0.1050
61422794,sitting,-0.0166,0.0393,-0.9667,0.8400,-3.5000,-0.0700
61422814,sitting,-0.0163,0.0400,-0.9665,0.8050,-3.4650,-0.1050
61422833,sitting,-0.0171,0.0395,-0.9667,0.8400,-3.5350,-0.0700
61422852,sitting,-0.0173,0.0400,-0.9658,0.8750,-3.5700,-0.0700
61422871,sitting,-0.0163,0.0403,-0.9660,0.8400,-3.5350,-0.0700
61422891,sitting,-0.0176,0.0400,-0.9670,0.8400,-3.5000,-0.0700
61422910,sitting,-0.0176,0.0393,-0.9667,0.8400,-3.5350,-0.1050
61422929,sitting,-0.0163,0.0388,-0.9665,0.8400,-3.5350,-0.1050
61422948,sitting,-0.0168,0.0400,-0.9658,0.8750,-3.5350,-0.0700
61422968,sitting,-0.0166,0.0395,-0.9672,0.8400,-3.5000,-0.0700
61422987,sitting,-0.0168,0.0388,-0.9672,0.8750,-3.5350,-0.0700
61423006,sitting,-0.0161,0.0390,-0.9660,0.8400,-3.5000,-0.0700
61423025,sitting,-0.0159,0.0395,-0.9662,0.8750,-3.5350,-0.0350
61423044,sitting,-0.0161,0.0395,-0.9670,0.8750,-3.5700,-0.0350
61423064,sitting,-0.0163,0.0390,-0.9672,0.8400,-3.4650,-0.0700
61423083,sitting,-0.0161,0.0393,-0.9665,0.8400,-3.5350,-0.0700
61423102,sitting,-0.0159,0.0395,-0.9670,0.8750,-3.5350,-0.0350
61423121,sitting,-0.0168,0.0398,-0.9662,0.8400,-3.5000,-0.0700
61423141,sitting,-0.0163,0.0400,-0.9660,0.8400,-3.5350,-0.0700
61423160,sitting,-0.0166,0.0398,-0.9660,0.8750,-3.6050,-0.0700
61423179,sitting,-0.0166,0.0398,-0.9655,0.8400,-3.5000,-0.1050
61423198,sitting,-0.0166,0.0403,-0.9667,0.9100,-3.5350,-0.0700
61423218,sitting,-0.0161,0.0403,-0.9672,0.8400,-3.5700,-0.0700
61423237,sitting,-0.0171,0.0403,-0.9660,0.8400,-3.5000,-0.0350
61423256,sitting,-0.0168,0.0393,-0.9670,0.8050,-3.5000,-0.0700
61423275,sitting,-0.0173,0.0403,-0.9675,0.8400,-3.5350,-0.0700
61423294,sitting,-0.0159,0.0400,-0.9672,0.8400,-3.5000,-0.0350
61423314,sitting,-0.0171,0.0393,-0.9658,0.8400,-3.5000,-0.0700
61423333,sitting,-0.0168,0.0398,-0.9667,0.8750,-3.5350,-0.0700
61423352,sitting,-0.0161,0.0405,-0.9667,0.8400,-3.5350,0.0000
61423371,sitting,-0.0166,0.0395,-0.9660,0.8750,-3.5350,-0.0700
61423391,sitting,-0.0166,0.0395,-0.9667,0.8400,-3.5700,-0.0700
61423410,sitting,-0.0161,0.0398,-0.9670,0.8400,-3.5700,-0.0350
61423429,sitting,-0.0166,0.0400,-0.9660,0.8400,-3.5350,0.0000
61423448,sitting,-0.0163,0.0393,-0.9662,0.8400,-3.5700,-0.0700
61423468,sitting,-0.0166,0.0398,-0.9660,0.8400,-3.5700,-0.0700
61423487,sitting,-0.0171,0.0398,-0.9660,0.8050,-3.5000,-0.1050
61423506,sitting,-0.0176,0.0393,-0.9660,0.8400,-3.5000,-0.0700
61423525,sitting,-0.0176,0.0390,-0.9667,0.9100,-3.5350,-0.0700
61423544,sitting,-0.0166,0.0403,-0.9655,0.8750,-3.5350,-0.0700
61423564,sitting,-0.0163,0.0390,-0.9662,0.8400,-3.5000,-0.0700
61423583,sitting,-0.0173,0.0403,-0.9662,0.8750,-3.5350,-0.0700
61423602,sitting,-0.0168,0.0398,-0.9670,0.8400,-3.5000,-0.0700
61423621,sitting,-0.0168,0.0393,-0.9667,0.8400,-3.5000,-0.0700
61423641,sitting,-0.0159,0.0398,-0.9670,0.8400,-3.5700,-0.0700
61423660,sitting,-0.0166,0.0390,-0.9667,0.8750,-3.5350,-0.0700
61423679,sitting,-0.0173,0.0395,-0.9658,0.8750,-3.5350,-0.0700
61423698,sitting,-0.0163,0.0395,-0.9662,0.8400,-3.5700,-0.0700
61423718,sitting,-0.0163,0.0390,-0.9665,0.8400,-3.5700,-0.0700
61423737,sitting,-0.0166,0.0393,-0.9662,0.8750,-3.5000,-0.0700
61423756,sitting,-0.0166,0.0393,-0.9672,0.8400,-3.5700,-0.0700
61423775,sitting,-0.0166,0.0395,-0.9670,0.8400,-3.5000,-0.0700
61423794,sitting,-0.0163,0.0390,-0.9677,0.8750,-3.5350,-0.1050
61423814,sitting,-0.0166,0.0395,-0.9650,0.8050,-3.5350,-0.1050
61423833,sitting,-0.0168,0.0395,-0.9662,0.8750,-3.5700,-0.0700
61423852,sitting,-0.0171,0.0398,-0.9670,0.8400,-3.5000,-0.0700
61423871,sitting,-0.0168,0.0398,-0.9665,0.8400,-3.5350,-0.1050
61423891,sitting,-0.0163,0.0403,-0.9660,0.8400,-3.5000,-0.0700
61423910,sitting,-0.0161,0.0400,-0.9667,0.8400,-3.5350,-0.1050
61423929,sitting,-0.0156,0.0393,-0.9662,0.8400,-3.5000,-0.1050
61423948,sitting,-0.0166,0.0395,-0.9662,0.8400,-3.5000,-0.0700
61423968,sitting,-0.0168,0.0390,-0.9658,0.8400,-3.5350,-0.0350
61423987,sitting,-0.0163,0.0395,-0.9658,0.8400,-3.5000,-0.0700
61424006,sitting,-0.0168,0.0390,-0.9660,0.8400,-3.5350,-0.0700
61424025,sitting,-0.0168,0.0390,-0.9665,0.8750,-3.5700,-0.0350
61424044,sitting,-0.0161,0.0398,-0.9662,0.8400,-3.5700,-0.0700
61424064,sitting,-0.0166,0.0398,-0.9662,0.9100,-3.5700,-0.0700
61424083,sitting,-0.0161,0.0393,-0.9662,0.8400,-3.5350,-0.0700
61424102,sitting,-0.0173,0.0398,-0.9658,0.8400,-3.5350,-0.0700
61424121,sitting,-0.0159,0.0395,-0.9650,0.8400,-3.5350,-0.0350
61424141,sitting,-0.0156,0.0403,-0.9662,0.8750,-3.5700,-0.0700
61424160,sitting,-0.0171,0.0395,-0.9670,0.8750,-3.5000,-0.0350
61424179,sitting,-0.0166,0.0395,-0.9665,0.8400,-3.5350,-0.0700
61424198,sitting,-0.0168,0.0398,-0.9658,0.9100,-3.5700,-0.0700
61424218,sitting,-0.0156,0.0393,-0.9662,0.8750,-3.5350,-0.0700
61424237,sitting,-0.0163,0.0403,-0.9660,0.8400,-3.5000,-0.0700
61424256,sitting,-0.0159,0.0403,-0.9662,0.8750,-3.5700,-0.0350
61424275,sitting,-0.0163,0.0400,-0.9662,0.8750,-3.5350,-0.0700
61424294,sitting,-0.0173,0.0403,-0.9662,0.8750,-3.5000,-0.0700
61424314,sitting,-0.0159,0.0403,-0.9670,0.8050,-3.5700,-0.0350
61424333,sitting,-0.0171,0.0390,-0.9672,0.8750,-3.6050,-0.0700
61424352,sitting,-0.0168,0.0403,-0.9658,0.8400,-3.5000,0.0000
61424371,sitting,-0.0168,0.0395,-0.9662,0.8400,-3.5350,-0.0350
61424391,sitting,-0.0154,0.0403,-0.9665,0.8750,-3.6050,-0.0700
61424410,sitting,-0.0163,0.0395,-0.9667,0.8400,-3.5700,-0.0700
61424429,sitting,-0.0166,0.0398,-0.9662,0.8400,-3.5350,-0.0700
61424448,sitting,-0.0161,0.0403,-0.9677,0.8400,-3.5700,-0.0700
61424468,sitting,-0.0166,0.0395,-0.9658,0.8400,-3.5350,-0.0350
61424487,sitting,-0.0161,0.0390,-0.9655,0.8750,-3.5350,-0.0350
61424506,sitting,-0.0166,0.0393,-0.9672,0.8400,-3.5700,-0.0700
61424525,sitting,-0.0166,0.0395,-0.9653,0.8050,-3.5000,-0.0700
61424544,sitting,-0.0159,0.0395,-0.9665,0.8400,-3.5000,-0.0700
61424564,sitting,-0.0168,0.0395,-0.9660,0.8750,-3.5700,-0.0700
61424583,sitting,-0.0163,0.0395,-0.9667,0.8750,-3.5000,-0.0700
61424602,sitting,-0.0166,0.0395,-0.9675,0.8050,-3.5000,-0.0700
61424621,sitting,-0.0171,0.0393,-0.9660,0.9100,-3.5700,0.0000
61424641,sitting,-0.0168,0.0393,-0.9667,0.9100,-3.5000,0.0000
61424660,sitting,-0.0156,0.0398,-0.9662,0.8400,-3.5000,-0.1050
61424679,sitting,-0.0161,0.0403,-0.9655,0.8750,-3.5350,-0.0700
61424698,sitting,-0.0156,0.0395,-0.9665,0.9100,-3.5000,-0.0700
61424718,sitting,-0.0166,0.0403,-0.9670,0.8400,-3.4650,-0.0700
61424737,sitting,-0.0163,0.0405,-0.9667,0.8400,-3.5000,-0.0700
61424756,sitting,-0.0171,0.0398,-0.9667,0.8400,-3.5700,-0.0700
61424775,sitting,-0.0168,0.0395,-0.9660,0.8750,-3.5350,-0.0700
61424794,sitting,-0.0168,0.0393,-0.9658,0.8750,-3.5350,-0.0700
61424814,sitting,-0.0166,0.0395,-0.9658,0.8400,-3.5350,-0.0700
61424833,sitting,-0.0173,0.0400,-0.9665,0.8400,-3.5000,0.0000
61424852,sitting,-0.0163,0.0398,-0.9665,0.8400,-3.5000,-0.0350
61424871,sitting,-0.0159,0.0395,-0.9662,0.8400,-3.5350,-0.0350
61424891,sitting,-0.0171,0.0395,-0.9665,0.8750,-3.5350,-0.0350
61424910,sitting,-0.0168,0.0395,-0.9662,0.8400,-3.5350,-0.0700
61424929,sitting,-0.0161,0.0403,-0.9677,0.8400,-3.5700,-0.0700
61424948,sitting,-0.0176,0.0395,-0.9670,0.8750,-3.5700,-0.0700
61424968,sitting,-0.0163,0.0403,-0.9677,0.9100,-3.5700,-0.1050
61424987,sitting,-0.0166,0.0390,-0.9670,0.8400,-3.5000,-0.0700
61425006,sitting,-0.0168,0.0390,-0.9672,0.8750,-3.5700,-0.0700
61425025,sitting,-0.0163,0.0398,-0.9662,0.8750,-3.5350,-0.0700
61425044,sitting,-0.0163,0.0395,-0.9665,0.8400,-3.5350,-0.0700
61425064,sitting,-0.0159,0.0395,-0.9667,0.8400,-3.5700,-0.0350
61425083,sitting,-0.0168,0.0395,-0.9660,0.8400,-3.5700,-0.0700
61425102,sitting,-0.0161,0.0398,-0.9667,0.8400,-3.5000,-0.0700
61425121,sitting,-0.0166,0.0388,-0.9667,0.8750,-3.5700,-0.0350
61425141,sitting,-0.0161,0.0393,-0.9658,0.9100,-3.5350,-0.0350
61425160,sitting,-0.0159,0.0403,-0.9672,0.8400,-3.5350,-0.0700
61425179,sitting,-0.0161,0.0405,-0.9660,0.8750,-3.5700,-0.0350
61425198,sitting,-0.0168,0.0403,-0.9667,0.8400,-3.5350,-0.0700
61425218,sitting,-0.0163,0.0398,-0.9672,0.8400,-3.5000,-0.0350
61425237,sitting,-0.0163,0.0403,-0.9655,0.8400,-3.5350,-0.0700
61425256,sitting,-0.0163,0.0393,-0.9665,0.8750,-3.5700,-0.1050
61425275,sitting,-0.0166,0.0398,-0.9662,0.8750,-3.5700,-0.0700
61425294,sitting,-0.0161,0.0395,-0.9660,0.8400,-3.5350,-0.0700
61425314,sitting,-0.0166,0.0388,-0.9675,0.8400,-3.5350,-0.0700
61425333,sitting,-0.0163,0.0395,-0.9667,0.8750,-3.5700,-0.0350
61425352,sitting,-0.0168,0.0405,-0.9667,0.8400,-3.5700,-0.0700
61425371,sitting,-0.0163,0.0398,-0.9672,0.8400,-3.6050,-0.0700
61425391,sitting,-0.0156,0.0398,-0.9670,0.8400,-3.5700,-0.1050
61425410,sitting,-0.0163,0.0395,-0.9665,0.8400,-3.5000,-0.1050
61425429,sitting,-0.0166,0.0398,-0.9665,0.8750,-3.5700,0.0000
61425448,sitting,-0.0154,0.0398,-0.9655,0.8750,-3.6050,-0.0350
61425468,sitting,-0.0168,0.0398,-0.9667,0.8400,-3.5350,-0.0700
61425487,sitting,-0.0168,0.0398,-0.9667,0.8400,-3.5700,-0.0350
61425506,sitting,-0.0168,0.0398,-0.9670,0.9100,-3.5700,-0.0350
61425525,sitting,-0.0163,0.0390,-0.9667,0.8400,-3.5000,-0.1050
61425544,sitting,-0.0166,0.0398,-0.9665,0.9100,-3.5700,-0.0700
61425564,sitting,-0.0166,0.0395,-0.9662,0.8750,-3.5350,-0.0350
61425583,sitting,-0.0168,0.0403,-0.9679,0.8400,-3.5350,-0.0700
61425602,sitting,-0.0163,0.0395,-0.9667,0.8050,-3.5350,-0.1400
61425621,sitting,-0.0171,0.0398,-0.9672,0.9100,-3.5700,-0.0700
61425641,sitting,-0.0173,0.0398,-0.9667,0.8400,-3.5350,-0.1050
61425660,sitting,-0.0173,0.0398,-0.9665,0.8050,-3.5350,-0.0700
61425679,sitting,-0.0163,0.0393,-0.9665,0.7700,-3.5700,-0.0700
61425698,sitting,-0.0161,0.0393,-0.9667,0.8750,-3.5350,-0.0700
61425718,sitting,-0.0163,0.0390,-0.9682,0.8400,-3.5350,-0.0700
61425737,sitting,-0.0168,0.0395,-0.9665,0.8400,-3.5700,-0.0700
61425756,sitting,-0.0163,0.0395,-0.9670,0.8400,-3.5350,-0.0700
61425775,sitting,-0.0168,0.0403,-0.9670,0.8400,-3.5350,-0.0700
61425794,sitting,-0.0161,0.0403,-0.9672,0.8050,-3.5000,-0.0350
61425814,sitting,-0.0161,0.0393,-0.9667,0.8750,-3.5700,-0.0350
61425833,sitting,-0.0166,0.0400,-0.9658,0.8400,-3.5350,-0.1050
61425852,sitting,-0.0166,0.0405,-0.9662,0.8750,-3.5350,-0.0700
61425871,sitting,-0.0161,0.0388,-0.9662,0.8750,-3.5000,-0.0700
61425891,sitting,-0.0161,0.0393,-0.9665,0.8750,-3.5000,-0.1050
61425910,sitting,-0.0163,0.0390,-0.9660,0.8400,-3.5700,-0.0700
61425929,sitting,-0.0168,0.0393,-0.9662,0.8750,-3.5350,-0.1050
61425948,sitting,-0.0163,0.0393,-0.9667,0.8400,-3.5000,-0.1050
61425968,sitting,-0.0168,0.0395,-0.9662,0.8400,-3.5000,-0.0700
61425987,sitting,-0.0163,0.0395,-0.9658,0.8750,-3.5350,-0.0700
61426006,sitting,-0.0168,0.0393,-0.9658,0.8400,-3.5350,-0.0700
61426025,sitting,-0.0176,0.0395,-0.9665,0.8750,-3.5350,-0.1050
61426044,sitting,-0.0161,0.0393,-0.9667,0.8400,-3.5350,-0.0700
61426064,sitting,-0.0163,0.0400,-0.9660,0.8400,-3.5700,-0.0350
61426083,sitting,-0.0156,0.0405,-0.9665,0.8400,-3.5000,-0.0700
61426102,sitting,-0.0171,0.0388,-0.9660,0.8750,-3.6050,-0.0700
61426121,sitting,-0.0166,0.0393,-0.9662,0.8750,-3.5700,-0.0350
61426141,sitting,-0.0173,0.0395,-0.9672,0.8400,-3.5350,-0.0700
61426160,sitting,-0.0161,0.0398,-0.9667,0.8750,-3.5700,-0.0350
61426179,sitting,-0.0161,0.0400,-0.9665,0.8400,-3.5700,-0.0700
61426198,sitting,-0.0161,0.0400,-0.9667,0.8050,-3.5350,-0.0350
61426218,sitting,-0.0161,0.0395,-0.9662,0.8400,-3.5350,-0.0700
61426237,sitting,-0.0168,0.0390,-0.9667,0.8400,-3.5350,-0.0700
61426256,sitting,-0.0166,0.0403,-0.9665,0.8400,-3.5000,-0.0700
61426275,sitting,-0.0159,0.0400,-0.9662,0.8400,-3.5000,-0.0700
61426294,sitting,-0.0163,0.0398,-0.9662,0.9100,-3.5700,0.0000
61426314,sitting,-0.0166,0.0393,-0.9672,0.8750,-3.5350,-0.0700
61426333,sitting,-0.0163,0.0395,-0.9667,0.8400,-3.5000,-0.1050
61426352,sitting,-0.0173,0.0393,-0.9662,0.8750,-3.5350,-0.0700
61426371,sitting,-0.0168,0.0405,-0.9667,0.8750,-3.5700,-0.0350
61426391,sitting,-0.0168,0.0400,-0.9660,0.8400,-3.5000,-0.0700
61426410,sitting,-0.0171,0.0390,-0.9667,0.8400,-3.5700,-0.0350
61426429,sitting,-0.0166,0.0398,-0.9667,0.8750,-3.5350,-0.0700
61426448,sitting,-0.0163,0.0395,-0.9660,0.8050,-3.5000,-0.0700
61426468,sitting,-0.0173,0.0393,-0.9660,0.8400,-3.5350,-0.0700
61426487,sitting,-0.0156,0.0395,-0.9662,0.8400,-3.5350,0.0000
61426506,sitting,-0.0163,0.0398,-0.9672,0.8400,-3.5000,-0.0350
61426525,sitting,-0.0161,0.0393,-0.9660,0.8050,-3.5350,-0.0700
61426544,sitting,-0.0163,0.0403,-0.9665,0.8400,-3.6050,-0.0700
61426564,sitting,-0.0173,0.0403,-0.9670,0.8400,-3.5350,-0.0700
61426583,sitting,-0.0171,0.0398,-0.9672,0.8400,-3.5700,-0.0700
61426602,sitting,-0.0154,0.0386,-0.9667,0.8750,-3.5700,-0.0700
61426621,sitting,-0.0166,0.0398,-0.9675,0.8400,-3.5700,-0.0350
61426641,sitting,-0.0161,0.0395,-0.9665,0.8400,-3.5700,-0.0700
61426660,sitting,-0.0168,0.0403,-0.9667,0.8400,-3.5700,-0.0700
61426679,sitting,-0.0159,0.0388,-0.9670,0.8750,-3.5000,-0.0700
61426698,sitting,-0.0156,0.0395,-0.9658,0.8400,-3.5000,-0.0700
61426718,sitting,-0.0163,0.0395,-0.9667,0.8750,-3.5000,-0.0700
61426737,sitting,-0.0171,0.0398,-0.9662,0.8400,-3.5700,-0.1400
61426756,sitting,-0.0163,0.0395,-0.9677,0.8400,-3.5000,-0.1050
61426775,sitting,-0.0163,0.0405,-0.9660,0.8750,-3.5000,-0.0700
61426794,sitting,-0.0176,0.0398,-0.9670,0.8750,-3.5700,-0.0700
61426814,sitting,-0.0168,0.0393,-0.9665,0.8400,-3.5350,-0.1050
61426833,sitting,-0.0159,0.0383,-0.9675,0.8400,-3.5000,-0.0700
61426852,sitting,-0.0166,0.0403,-0.9660,0.8400,-3.5350,-0.0700
61426871,sitting,-0.0154,0.0398,-0.9670,0.8400,-3.5700,0.0000
61426891,sitting,-0.0161,0.0398,-0.9667,0.8400,-3.5000,-0.0700
61426910,sitting,-0.0163,0.0403,-0.9672,0.8750,-3.5700,-0.0700
61426929,sitting,-0.0166,0.0395,-0.9672,0.8400,-3.5350,0.0000
61426948,sitting,-0.0163,0.0405,-0.9665,0.8400,-3.5350,-0.0700
61426968,sitting,-0.0171,0.0403,-0.9658,0.8750,-3.5350,-0.0700
61426987,sitting,-0.0166,0.0390,-0.9670,0.8750,-3.5000,-0.0700
61427006,sitting,-0.0166,0.0390,-0.9670,0.8400,-3.5350,-0.1050
61427025,sitting,-0.0173,0.0395,-0.9675,0.8400,-3.5350,-0.0350
61427044,sitting,-0.0161,0.0398,-0.9660,0.8400,-3.6050,-0.0700
61427064,sitting,-0.0168,0.0398,-0.9655,0.8750,-3.5350,-0.1050
61427083,sitting,-0.0173,0.0390,-0.9655,0.8400,-3.5350,-0.0700
61427102,sitting,-0.0168,0.0395,-0.9662,0.8400,-3.5700,-0.0350
61427121,sitting,-0.0161,0.0400,-0.9655,0.8400,-3.5000,-0.0350
61427141,sitting,-0.0156,0.0390,-0.9658,0.8400,-3.5000,-0.0700
61427160,sitting,-0.0154,0.0400,-0.9670,0.9100,-3.5700,-0.1050
61427179,sitting,-0.0163,0.0390,-0.9672,0.8750,-3.5350,-0.0350
61427198,sitting,-0.0166,0.0386,-0.9672,0.8400,-3.5000,-0.1050
61427218,sitting,-0.0161,0.0388,-0.9679,0.9100,-3.5700,-0.0700
61427237,sitting,-0.0159,0.0393,-0.9665,0.8750,-3.5000,0.0000
61427256,sitting,-0.0166,0.0395,-0.9662,0.8400,-3.5700,-0.0700
61427275,sitting,-0.0166,0.0395,-0.9658,0.8400,-3.5700,-0.0700
61427294,sitting,-0.0161,0.0393,-0.9667,0.8050,-3.5700,-0.0700
61427314,sitting,-0.0161,0.0393,-0.9670,0.8400,-3.5350,-0.0700
61427333,sitting,-0.0166,0.0403,-0.9665,0.9100,-3.5700,-0.1050
61427352,sitting,-0.0163,0.0395,-0.9675,0.8400,-3.5700,-0.1050
61427371,sitting,-0.0168,0.0390,-0.9662,0.8400,-3.5000,-0.0700
61427391,sitting,-0.0173,0.0398,-0.9658,0.8750,-3.5350,-0.0700
61427410,sitting,-0.0176,0.0398,-0.9660,0.8750,-3.5700,-0.0700
61427429,sitting,-0.0168,0.0388,-0.9677,0.8400,-3.5000,-0.0700
61427448,sitting,-0.0163,0.0398,-0.9672,0.8400,-3.5350,-0.0350
61427468,sitting,-0.0166,0.0390,-0.9662,0.9100,-3.5700,-0.0350
61427487,sitting,-0.0163,0.0388,-0.9655,0.8400,-3.5350,-0.0700
61427506,sitting,-0.0168,0.0395,-0.9662,0.8400,-3.5350,-0.0700
61427525,sitting,-0.0176,0.0400,-0.9660,0.8400,-3.5700,-0.0700
61427544,sitting,-0.0176,0.0395,-0.9665,0.8400,-3.5700,-0.0700
61427564,sitting,-0.0171,0.0395,-0.9667,0.8050,-3.5350,-0.1050
61427583,sitting,-0.0166,0.0398,-0.9662,0.8400,-3.5000,-0.0700
61427602,sitting,-0.0159,0.0400,-0.9667,0.8400,-3.5700,-0.0350
61427621,sitting,-0.0166,0.0398,-0.9665,0.8400,-3.5350,-0.0350
61427641,sitting,-0.0173,0.0400,-0.9670,0.8400,-3.5700,-0.0700
61427660,sitting,-0.0166,0.0393,-0.9662,0.8400,-3.5000,-0.0700
61427679,sitting,-0.0181,0.0393,-0.9667,0.8400,-3.5000,-0.0700
61427698,sitting,-0.0166,0.0405,-0.9667,0.8400,-3.4650,-0.0700
61427718,sitting,-0.0156,0.0400,-0.9662,0.8750,-3.5000,-0.1050
61427737,sitting,-0.0163,0.0403,-0.9662,0.8400,-3.5350,-0.0700
61427756,sitting,-0.0166,0.0403,-0.9662,0.8400,-3.5350,-0.0700
61427775,sitting,-0.0168,0.0398,-0.9679,0.8400,-3.5700,-0.1050
61427794,sitting,-0.0163,0.0403,-0.9672,0.8400,-3.5350,-0.0700
61427814,sitting,-0.0163,0.0395,-0.9672,0.8400,-3.5350,-0.0700
61427833,sitting,-0.0163,0.0403,-0.9665,0.8400,-3.6050,-0.0700
61427852,sitting,-0.0156,0.0395,-0.9665,0.8050,-3.5350,-0.0700
61427871,sitting,-0.0156,0.0398,-0.9665,0.8050,-3.4650,-0.0700
61427891,sitting,-0.0168,0.0398,-0.9662,0.8400,-3.5350,-0.0700
61427910,sitting,-0.0171,0.0400,-0.9670,0.8750,-3.5700,-0.0350
61427929,sitting,-0.0154,0.0403,-0.9670,0.8050,-3.5000,-0.1050
61427948,sitting,-0.0166,0.0393,-0.9665,0.8400,-3.5700,-0.0700
61427968,sitting,-0.0159,0.0398,-0.9667,0.8400,-3.6050,-0.0350
61427987,sitting,-0.0168,0.0398,-0.9665,0.8400,-3.5350,-0.0350
61428006,sitting,-0.0159,0.0398,-0.9662,0.8750,-3.5350,-0.0700
61428025,sitting,-0.0161,0.0393,-0.9677,0.8750,-3.5350,-0.0700
61428044,sitting,-0.0161,0.0400,-0.9670,0.8750,-3.5700,-0.0350
61428064,sitting,-0.0171,0.0393,-0.9670,0.8400,-3.5350,-0.0700
61428083,sitting,-0.0173,0.0390,-0.9672,0.8400,-3.5700,-0.0700
61428102,sitting,-0.0168,0.0393,-0.9677,0.9100,-3.5700,-0.0350
61428121,sitting,-0.0166,0.0393,-0.9660,0.8400,-3.5350,-0.0350
61428141,sitting,-0.0161,0.0403,-0.9665,0.8400,-3.5700,-0.1050
61428160,sitting,-0.0173,0.0386,-0.9662,0.8750,-3.5350,-0.0700
61428179,sitting,-0.0163,0.0383,-0.9675,0.8750,-3.5000,-0.1050
61428198,sitting,-0.0166,0.0398,-0.9667,0.8400,-3.5700,-0.0700
61428218,sitting,-0.0163,0.0390,-0.9665,0.8400,-3.5350,-0.0700
61428237,sitting,-0.0166,0.0390,-0.9670,0.8400,-3.5000,-0.0700
61428256,sitting,-0.0171,0.0393,-0.9672,0.8400,-3.4650,-0.0700
61428275,sitting,-0.0171,0.0395,-0.9660,0.9100,-3.5350,-0.0700
61428294,sitting,-0.0168,0.0398,-0.9658,0.8750,-3.5350,-0.0700
61428314,sitting,-0.0163,0.0390,-0.9670,0.8400,-3.5000,-0.1050
61428333,sitting,-0.0163,0.0390,-0.9665,0.8400,-3.5700,-0.0700
61428352,sitting,-0.0161,0.0390,-0.9658,0.8400,-3.4650,-0.0350
61428371,sitting,-0.0159,0.0395,-0.9667,0.8400,-3.5700,-0.1050
61428391,sitting,-0.0171,0.0393,-0.9665,0.8750,-3.5700,0.0000
61428410,sitting,-0.0171,0.0398,-0.9660,0.8400,-3.5350,-0.0700
61428429,sitting,-0.0161,0.0403,-0.9662,0.8050,-3.5350,-0.1050
61428448,sitting,-0.0173,0.0400,-0.9670,0.8750,-3.5700,-0.0700
61428468,sitting,-0.0163,0.0403,-0.9667,0.8400,-3.5700,-0.0700
61428487,sitting,-0.0166,0.0390,-0.9655,0.8400,-3.5350,-0.1050
61428506,sitting,-0.0173,0.0393,-0.9670,0.8750,-3.5700,-0.0700
61428525,sitting,-0.0168,0.0395,-0.9665,0.9100,-3.5350,-0.0700
61428544,sitting,-0.0166,0.0403,-0.9658,0.8400,-3.5350,-0.0700
61428564,sitting,-0.0168,0.0403,-0.9667,0.8400,-3.5350,-0.0700
61428583,sitting,-0.0163,0.0398,-0.9675,0.8750,-3.5700,-0.0700
61428602,sitting,-0.0171,0.0398,-0.9667,0.8400,-3.5000,-0.0700
61428621,sitting,-0.0163,0.0403,-0.9670,0.8400,-3.5700,-0.0700
61428641,sitting,-0.0166,0.0395,-0.9660,0.8400,-3.5700,-0.0700
61428660,sitting,-0.0156,0.0398,-0.9675,0.8400,-3.5700,-0.1050
61428679,sitting,-0.0168,0.0398,-0.9660,0.8400,-3.5350,-0.0700
61428698,sitting,-0.0176,0.0393,-0.9662,0.8750,-3.5700,-0.0700
61428718,sitting,-0.0163,0.0395,-0.9670,0.8400,-3.5700,-0.0700
61428737,sitting,-0.0166,0.0400,-0.9665,0.8750,-3.5000,-0.0700
61428756,sitting,-0.0173,0.0395,-0.9662,0.8750,-3.5350,-0.0700
61428775,sitting,-0.0168,0.0393,-0.9670,0.8750,-3.5700,-0.0700
61428794,sitting,-0.0176,0.0395,-0.9667,0.8400,-3.5000,-0.0700
61428814,sitting,-0.0166,0.0390,-0.9660,0.8050,-3.5350,-0.0700
61428833,sitting,-0.0156,0.0395,-0.9665,0.8400,-3.5350,0.0000
61428852,sitting,-0.0166,0.0405,-0.9667,0.8400,-3.5000,-0.1050
61428871,sitting,-0.0168,0.0400,-0.9655,0.8400,-3.5350,-0.0700
61428891,sitting,-0.0166,0.0398,-0.9655,0.9100,-3.5700,-0.0700
61428910,sitting,-0.0176,0.0403,-0.9667,0.8400,-3.5350,-0.0700
61428929,sitting,-0.0166,0.0395,-0.9658,0.8400,-3.5350,-0.0700
61428948,sitting,-0.0166,0.0395,-0.9670,0.8400,-3.5700,-0.0700
61428968,sitting,-0.0171,0.0398,-0.9675,0.8400,-3.5700,-0.0700
61428987,sitting,-0.0166,0.0393,-0.9665,0.8400,-3.4650,-0.0700
61429006,sitting,-0.0161,0.0400,-0.9670,0.8400,-3.5350,-0.0700
61429025,sitting,-0.0166,0.0400,-0.9667,0.8400,-3.5350,-0.0700
61429044,sitting,-0.0163,0.0390,-0.9662,0.8750,-3.5000,-0.1050
61429064,sitting,-0.0163,0.0403,-0.9662,0.9100,-3.5700,-0.0700
61429083,sitting,-0.0168,0.0400,-0.9655,0.8750,-3.5700,-0.0700
61429102,sitting,-0.0161,0.0390,-0.9665,0.8400,-3.5350,-0.0700
61429121,sitting,-0.0171,0.0398,-0.9670,0.8400,-3.5700,0.0000
61429141,sitting,-0.0168,0.0398,-0.9662,0.8750,-3.5700,-0.0700
61429160,sitting,-0.0166,0.0395,-0.9667,0.8400,-3.5700,-0.0350
61429179,sitting,-0.0161,0.0395,-0.9662,0.8400,-3.5000,-0.1050
61429198,sitting,-0.0166,0.0403,-0.9670,0.8750,-3.5350,-0.0700
61429218,sitting,-0.0163,0.0398,-0.9660,0.8050,-3.5350,-0.0350
61429237,sitting,-0.0163,0.0395,-0.9670,0.8400,-3.5000,-0.1050
61429256,sitting,-0.0161,0.0393,-0.9658,0.8400,-3.5700,-0.0700
61429275,sitting,-0.0161,0.0403,-0.9655,0.8400,-3.5350,-0.0700
61429294,sitting,-0.0168,0.0395,-0.9662,0.8400,-3.5000,-0.0700
61429314,sitting,-0.0161,0.0390,-0.9667,0.8400,-3.5350,-0.0700
61429333,sitting,-0.0168,0.0405,-0.9660,0.8750,-3.6050,-0.0700
61429352,sitting,-0.0166,0.0393,-0.9662,0.8400,-3.5350,-0.0700
61429371,sitting,-0.0168,0.0393,-0.9667,0.8400,-3.5350,-0.0700
61429391,sitting,-0.0161,0.0395,-0.9665,0.8750,-3.5700,-0.0700
61429410,sitting,-0.0166,0.0398,-0.9670,0.8400,-3.5350,-0.1050
61429429,sitting,-0.0163,0.0405,-0.9675,0.8400,-3.5350,-0.0700
61429448,sitting,-0.0168,0.0398,-0.9667,0.9100,-3.5700,-0.0700
61429468,sitting,-0.0168,0.0386,-0.9675,0.8400,-3.4650,-0.0700
61429487,sitting,-0.0171,0.0395,-0.9672,0.8400,-3.5000,-0.0700
61429506,sitting,-0.0161,0.0400,-0.9665,0.8750,-3.5350,-0.0700
61429525,sitting,-0.0168,0.0393,-0.9667,0.8050,-3.5700,-0.0350
61429544,sitting,-0.0171,0.0398,-0.9662,0.8400,-3.5350,-0.0700
61429564,sitting,-0.0161,0.0393,-0.9667,0.8750,-3.5700,-0.1050
61429583,sitting,-0.0163,0.0395,-0.9670,0.8400,-3.5350,-0.0700
61429602,sitting,-0.0161,0.0400,-0.9670,0.8050,-3.5350,-0.0700
61429621,sitting,-0.0178,0.0400,-0.9665,0.8400,-3.5700,-0.0350
61429641,sitting,-0.0171,0.0398,-0.9667,0.9100,-3.6050,0.0000
61429660,sitting,-0.0159,0.0400,-0.9665,0.8400,-3.5000,-0.0700
61429679,sitting,-0.0161,0.0390,-0.9665,0.8750,-3.5350,-0.0700
61429698,sitting,-0.0168,0.0400,-0.9667,0.8400,-3.5700,-0.0700
61429718,sitting,-0.0161,0.0386,-0.9670,0.8400,-3.5350,-0.0350
61429737,sitting,-0.0166,0.0390,-0.9665,0.8750,-3.5700,-0.1050
61429756,sitting,-0.0159,0.0395,-0.9667,0.9100,-3.5700,-0.0700
61429775,sitting,-0.0161,0.0386,-0.9670,0.8400,-3.5350,-0.0700
61429794,sitting,-0.0168,0.0393,-0.9662,0.8050,-3.5350,-0.0700
61429814,sitting,-0.0171,0.0390,-0.9662,0.8400,-3.5350,-0.0700
61429833,sitting,-0.0171,0.0398,-0.9665,0.8750,-3.5350,-0.0700
61429852,sitting,-0.0168,0.0390,-0.9675,0.8750,-3.4650,-0.0350
61429871,sitting,-0.0163,0.0395,-0.9667,0.8400,-3.5350,-0.1050
61429891,sitting,-0.0163,0.0390,-0.9667,0.8400,-3.5000,0.0000
61429910,sitting,-0.0163,0.0395,-0.9662,0.8400,-3.5350,-0.0700
61429929,sitting,-0.0156,0.0390,-0.9658,0.8400,-3.5700,-0.0700
61429948,sitting,-0.0154,0.0400,-0.9667,0.8400,-3.5350,-0.1050
61429968,sitting,-0.0166,0.0398,-0.9655,0.8050,-3.5700,-0.0700
61429987,sitting,-0.0161,0.0395,-0.9670,0.8400,-3.5350,-0.0700
61430006,sitting,-0.0171,0.0390,-0.9660,0.8400,-3.5700,-0.1050
61430025,sitting,-0.0171,0.0398,-0.9655,0.8750,-3.5350,-0.0700
61430044,sitting,-0.0168,0.0398,-0.9662,0.8400,-3.5350,-0.1050
61430064,sitting,-0.0173,0.0393,-0.9653,0.8750,-3.5350,-0.0700
61430083,sitting,-0.0171,0.0403,-0.9655,0.8050,-3.5000,-0.0700
61430102,sitting,-0.0159,0.0400,-0.9660,0.8400,-3.5350,-0.1050
61430121,sitting,-0.0168,0.0412,-0.9672,0.8750,-3.5700,-0.0700
61430141,sitting,-0.0171,0.0390,-0.9662,0.8400,-3.5700,0.0000
61430160,sitting,-0.0168,0.0388,-0.9655,0.8050,-3.5000,-0.0700
61430179,sitting,-0.0178,0.0398,-0.9662,0.8400,-3.5700,-0.0700
61430198,sitting,-0.0168,0.0400,-0.9670,0.9100,-3.5350,-0.0700
61430218,sitting,-0.0173,0.0386,-0.9658,0.8400,-3.5350,-0.0700
61430237,sitting,-0.0171,0.0395,-0.9662,0.8750,-3.5000,-0.0700
61430256,sitting,-0.0154,0.0390,-0.9662,0.8750,-3.5350,-0.0700
61430275,sitting,-0.0173,0.0390,-0.9662,0.8050,-3.5000,-0.1050
61430294,sitting,-0.0171,0.0400,-0.9662,0.8400,-3.5350,-0.0700
61430314,sitting,-0.0171,0.0393,-0.9665,0.8750,-3.5700,-0.0700
61430333,sitting,-0.0166,0.0393,-0.9658,0.8400,-3.5000,-0.1050
61430352,sitting,-0.0166,0.0400,-0.9658,0.8400,-3.5350,-0.0700
61430371,sitting,-0.0168,0.0398,-0.9672,0.8750,-3.5700,-0.1050
61430391,sitting,-0.0161,0.0400,-0.9672,0.8400,-3.5000,-0.1400
61430410,sitting,-0.0159,0.0390,-0.9660,0.8400,-3.5350,-0.0700
61430429,sitting,-0.0166,0.0398,-0.9658,0.8400,-3.5700,-0.0350
61430448,sitting,-0.0166,0.0403,-0.9660,0.8050,-3.5000,-0.1050
61430468,sitting,-0.0176,0.0395,-0.9660,0.8050,-3.5000,-0.0700
61430487,sitting,-0.0173,0.0403,-0.9662,0.8400,-3.5700,-0.1050
61430506,sitting,-0.0171,0.0398,-0.9662,0.9100,-3.5700,-0.0700
61430525,sitting,-0.0171,0.0393,-0.9665,0.8400,-3.5000,-0.0700
61430544,sitting,-0.0173,0.0393,-0.9660,0.8050,-3.5000,-0.0700
61430564,sitting,-0.0171,0.0393,-0.9655,0.8400,-3.5000,-0.0700
61430583,sitting,-0.0178,0.0395,-0.9655,0.8050,-3.5000,-0.0700
61430602,sitting,-0.0173,0.0398,-0.9665,0.8750,-3.6050,-0.0700
61430621,sitting,-0.0166,0.0390,-0.9670,0.9100,-3.5700,-0.1400
61430641,sitting,-0.0168,0.0386,-0.9665,0.8400,-3.4650,-0.0700
61430660,sitting,-0.0166,0.0395,-0.9662,0.8750,-3.5350,-0.1050
61430679,sitting,-0.0163,0.0393,-0.9662,0.8400,-3.5700,-0.0700
61430698,sitting,-0.0166,0.0390,-0.9662,0.8750,-3.5000,-0.1050
61430718,sitting,-0.0161,0.0383,-0.9670,0.8400,-3.5350,-0.0700
61430737,sitting,-0.0161,0.0390,-0.9667,0.8400,-3.5700,-0.0700
61430756,sitting,-0.0171,0.0388,-0.9670,0.8050,-3.5350,-0.1050
61430775,sitting,-0.0166,0.0390,-0.9665,0.8400,-3.4650,-0.1050
61430794,sitting,-0.0171,0.0390,-0.9670,0.9100,-3.5700,-0.1050
61430814,sitting,-0.0173,0.0400,-0.9662,0.8750,-3.5350,-0.0700
61430833,sitting,-0.0151,0.0398,-0.9648,0.8400,-3.4300,-0.1400
61430852,sitting,-0.0166,0.0393,-0.9665,0.8400,-3.5350,-0.1050
61430871,sitting,-0.0166,0.0393,-0.9667,0.8400,-3.5700,-0.1050
61430891,sitting,-0.0166,0.0388,-0.9660,0.8400,-3.5000,-0.1400
61430910,sitting,-0.0168,0.0383,-0.9662,0.8400,-3.5350,-0.0700
61430929,sitting,-0.0173,0.0400,-0.9655,0.8400,-3.5700,-0.0700
61430948,sitting,-0.0171,0.0390,-0.9658,0.8750,-3.5350,-0.1050
61430968,sitting,-0.0176,0.0398,-0.9658,0.9100,-3.5700,-0.0700
61430987,sitting,-0.0171,0.0395,-0.9667,0.8400,-3.5700,-0.0700
61431006,sitting,-0.0163,0.0403,-0.9660,0.8400,-3.5000,0.0000
61431025,sitting,-0.0168,0.0398,-0.9660,0.8050,-3.5350,-0.0700
61431044,sitting,-0.0168,0.0390,-0.9662,0.8750,-3.5350,-0.1050
61431064,sitting,-0.0168,0.0403,-0.9655,0.8400,-3.5000,-0.0700
61431083,sitting,-0.0163,0.0393,-0.9662,0.8050,-3.5000,-0.0700
61431102,sitting,-0.0166,0.0405,-0.9662,0.8400,-3.5350,-0.0700
61431121,sitting,-0.0168,0.0400,-0.9660,0.8050,-3.5350,-0.0700
61431141,sitting,-0.0166,0.0393,-0.9662,0.8050,-3.5000,-0.1050
61431160,sitting,-0.0161,0.0400,-0.9670,0.8400,-3.5700,-0.0700
61431179,sitting,-0.0166,0.0405,-0.9662,0.8400,-3.5350,-0.0700
61431198,sitting,-0.0163,0.0398,-0.9660,0.8400,-3.5000,-0.0700
61431218,sitting,-0.0168,0.0388,-0.9658,0.8750,-3.5700,-0.0350
61431237,sitting,-0.0171,0.0390,-0.9672,0.8050,-3.5000,-0.0700
61431256,sitting,-0.0163,0.0400,-0.9667,0.8400,-3.5350,-0.0700
61431275,sitting,-0.0171,0.0400,-0.9670,0.8050,-3.5350,-0.0700
61431294,sitting,-0.0166,0.0395,-0.9660,0.8050,-3.5700,-0.1050
61431314,sitting,-0.0163,0.0400,-0.9660,0.8400,-3.5350,-0.0700
61431333,sitting,-0.0168,0.0393,-0.9665,0.8750,-3.5350,-0.0700
61431352,sitting,-0.0171,0.0393,-0.9665,0.8400,-3.5350,-0.1050
61431371,sitting,-0.0168,0.0398,-0.9665,0.8400,-3.5700,-0.0700
61431391,sitting,-0.0168,0.0388,-0.9670,0.8400,-3.5350,-0.1050
61431410,sitting,-0.0171,0.0395,-0.9670,0.8400,-3.5350,-0.0700
61431429,sitting,-0.0171,0.0390,-0.9667,0.8750,-3.5350,-0.0700
61431448,sitting,-0.0173,0.0395,-0.9665,0.8400,-3.5000,-0.0700
61431468,sitting,-0.0168,0.0400,-0.9667,0.8750,-3.5350,-0.0700
61431487,sitting,-0.0181,0.0400,-0.9658,0.8400,-3.5350,-0.0700
61431506,sitting,-0.0171,0.0390,-0.9662,0.7700,-3.5000,-0.1400
61431525,sitting,-0.0166,0.0393,-0.9658,0.8400,-3.5350,-0.1050
61431544,sitting,-0.0168,0.0395,-0.9670,0.8750,-3.5700,-0.0700
61431564,sitting,-0.0171,0.0393,-0.9667,0.8400,-3.5700,-0.0700
61431583,sitting,-0.0161,0.0403,-0.9667,0.8400,-3.5000,-0.0700
61431602,sitting,-0.0154,0.0393,-0.9667,0.8400,-3.5700,-0.0700
61431621,sitting,-0.0159,0.0388,-0.9665,0.8400,-3.5350,-0.0700
61431641,sitting,-0.0156,0.0398,-0.9662,0.8750,-3.5700,-0.0700
61431660,sitting,-0.0159,0.0390,-0.9662,0.8400,-3.5700,-0.0700
61431679,sitting,-0.0156,0.0393,-0.9665,0.8400,-3.5700,0.0000
61431698,sitting,-0.0171,0.0400,-0.9665,0.8400,-3.5000,-0.1050
61431718,sitting,-0.0176,0.0395,-0.9677,0.8400,-3.5700,-0.1400
61431737,sitting,-0.0176,0.0398,-0.9670,0.8400,-3.5350,-0.0700
61431756,sitting,-0.0168,0.0400,-0.9670,0.8050,-3.5350,-0.0700
61431775,sitting,-0.0166,0.0395,-0.9670,0.8400,-3.5000,-0.0700
61431794,sitting,-0.0166,0.0393,-0.9672,0.8050,-3.5350,-0.1050
61431814,sitting,-0.0166,0.0393,-0.9675,0.8400,-3.5000,-0.1050
61431833,sitting,-0.0163,0.0400,-0.9660,0.8750,-3.5000,-0.0350
61431852,sitting,-0.0173,0.0395,-0.9667,0.8400,-3.5700,-0.0700
61431871,sitting,-0.0163,0.0390,-0.9665,0.8400,-3.5350,-0.0700
61431891,sitting,-0.0163,0.0383,-0.9670,0.8400,-3.5350,-0.1050
61431910,sitting,-0.0166,0.0395,-0.9667,0.8400,-3.5350,-0.0700
61431929,sitting,-0.0173,0.0405,-0.9672,0.8750,-3.5700,-0.0700
61431948,sitting,-0.0168,0.0388,-0.9662,0.8400,-3.5350,-0.0700
61431968,sitting,-0.0156,0.0400,-0.9667,0.8750,-3.5700,-0.0700
61431987,sitting,-0.0168,0.0395,-0.9670,0.8400,-3.5700,-0.0700
61432006,sitting,-0.0163,0.0390,-0.9665,0.7700,-3.5350,-0.1050
61432025,sitting,-0.0166,0.0393,-0.9670,0.8050,-3.5000,-0.0700
61432044,sitting,-0.0173,0.0398,-0.9665,0.8400,-3.5700,-0.0700
61432064,sitting,-0.0168,0.0405,-0.9667,0.8400,-3.5000,-0.0700
61432083,sitting,-0.0163,0.0395,-0.9660,0.8400,-3.5350,-0.1050
61432102,sitting,-0.0168,0.0395,-0.9658,0.8750,-3.5700,-0.1050
61432121,sitting,-0.0171,0.0395,-0.9672,0.8750,-3.5700,-0.0700
61432141,sitting,-0.0163,0.0395,-0.9665,0.8400,-3.5700,-0.1050
61432160,sitting,-0.0168,0.0393,-0.9655,0.8400,-3.5700,-0.0700
61432179,sitting,-0.0168,0.0398,-0.9662,0.8400,-3.5350,-0.1050
61432198,sitting,-0.0168,0.0393,-0.9660,0.8400,-3.5700,-0.1050
61432218,sitting,-0.0163,0.0400,-0.9660,0.8750,-3.5700,-0.0700
61432237,sitting,-0.0171,0.0388,-0.9672,0.8400,-3.5350,-0.0700
61432256,sitting,-0.0163,0.0398,-0.9662,0.8400,-3.5000,-0.0700
61432275,sitting,-0.0173,0.0398,-0.9665,0.8400,-3.5350,-0.0700
61432294,sitting,-0.0173,0.0386,-0.9662,0.8400,-3.5350,-0.0350
61432314,sitting,-0.0159,0.0398,-0.9658,0.8050,-3.5350,-0.0700
61432333,sitting,-0.0171,0.0398,-0.9658,0.8750,-3.5000,-0.1050
61432352,sitting,-0.0159,0.0393,-0.9665,0.8400,-3.5700,-0.0700
61432371,sitting,-0.0166,0.0390,-0.9665,0.8400,-3.5000,-0.0700
61432391,sitting,-0.0178,0.0388,-0.9665,0.8750,-3.5350,-0.0700
61432410,sitting,-0.0178,0.0398,-0.9667,0.8400,-3.5000,-0.0350
61432429,sitting,-0.0166,0.0410,-0.9662,0.8400,-3.4650,-0.0350
61432448,sitting,-0.0173,0.0405,-0.9667,0.8400,-3.5350,-0.0350
61432468,sitting,-0.0173,0.0400,-0.9660,0.8750,-3.5350,-0.0350
61432487,sitting,-0.0163,0.0395,-0.9670,0.8750,-3.5350,-0.0700
61432506,sitting,-0.0171,0.0390,-0.9677,0.8400,-3.5350,-0.1050
61432525,sitting,-0.0173,0.0400,-0.9670,0.8750,-3.5350,-0.1050
61432544,sitting,-0.0166,0.0390,-0.9667,0.8400,-3.5350,-0.0700
61432564,sitting,-0.0168,0.0393,-0.9662,0.8400,-3.5350,-0.0700
61432583,sitting,-0.0166,0.0390,-0.9670,0.9100,-3.5350,-0.1050
61432602,sitting,-0.0171,0.0393,-0.9662,0.8400,-3.5700,-0.0700
61432621,sitting,-0.0171,0.0395,-0.9665,0.8400,-3.5000,-0.0700
61432641,sitting,-0.0163,0.0403,-0.9665,0.8750,-3.5000,-0.0700
61432660,sitting,-0.0161,0.0395,-0.9655,0.8400,-3.5700,-0.0700
61432679,sitting,-0.0168,0.0398,-0.9660,0.8400,-3.5000,-0.0700
61432698,sitting,-0.0163,0.0395,-0.9665,0.9100,-3.5700,0.0000
61432718,sitting,-0.0171,0.0398,-0.9660,0.8400,-3.5700,-0.0700
61432737,sitting,-0.0171,0.0395,-0.9665,0.7700,-3.4650,-0.0700
61432756,sitting,-0.0176,0.0395,-0.9667,0.8400,-3.5350,-0.0700
61432775,sitting,-0.0166,0.0393,-0.9667,0.8400,-3.5350,-0.0700
61432794,sitting,-0.0159,0.0395,-0.9665,0.8750,-3.5700,-0.0700
61432814,sitting,-0.0166,0.0393,-0.9679,0.8400,-3.5350,-0.0700
61432833,sitting,-0.0163,0.0393,-0.9667,0.9100,-3.5700,-0.0700
61432852,sitting,-0.0163,0.0400,-0.9662,0.9100,-3.5350,-0.0700
61432871,sitting,-0.0168,0.0395,-0.9665,0.8050,-3.5350,-0.0700
61432891,sitting,-0.0178,0.0398,-0.9667,0.8400,-3.5700,-0.0700
61432910,sitting,-0.0163,0.0398,-0.9660,0.8400,-3.5350,-0.1050
61432929,sitting,-0.0166,0.0390,-0.9658,0.8400,-3.4650,-0.1050
61432948,sitting,-0.0159,0.0398,-0.9675,0.8400,-3.5350,-0.0700
61432968,sitting,-0.0163,0.0405,-0.9665,0.8400,-3.5700,-0.1050
61432987,sitting,-0.0166,0.0395,-0.9670,0.8400,-3.5350,-0.0700
61433006,sitting,-0.0166,0.0395,-0.9667,0.8750,-3.5350,-0.0700
61433025,sitting,-0.0166,0.0398,-0.9677,0.8400,-3.6050,-0.0350
61433044,sitting,-0.0163,0.0403,-0.9660,0.8750,-3.5350,-0.1050
61433064,sitting,-0.0166,0.0405,-0.9655,0.8400,-3.5350,-0.0700
61433083,sitting,-0.0166,0.0393,-0.9672,0.8400,-3.6050,-0.1050
61433102,sitting,-0.0166,0.0395,-0.9677,0.8750,-3.5700,-0.0700
61433121,sitting,-0.0159,0.0398,-0.9672,0.7700,-3.5000,-0.1050
61433141,sitting,-0.0159,0.0383,-0.9662,0.8400,-3.5000,-0.1400
61433160,sitting,-0.0163,0.0393,-0.9660,0.8400,-3.5700,-0.0700
61433179,sitting,-0.0171,0.0381,-0.9662,0.8400,-3.5000,-0.0700
61433198,sitting,-0.0168,0.0390,-0.9667,0.8750,-3.5700,-0.0700
61433218,sitting,-0.0151,0.0390,-0.9662,0.8400,-3.5350,-0.0350
61433237,sitting,-0.0166,0.0400,-0.9667,0.8050,-3.5000,-0.0700
61433256,sitting,-0.0176,0.0386,-0.9665,0.8400,-3.5350,-0.0350
61433275,sitting,-0.0171,0.0393,-0.9670,0.8400,-3.6050,-0.0700
61433294,sitting,-0.0171,0.0390,-0.9670,0.8400,-3.5700,-0.1050
61433314,sitting,-0.0171,0.0395,-0.9675,0.8400,-3.5000,-0.0700
61433333,sitting,-0.0161,0.0395,-0.9662,0.8400,-3.5350,-0.1050
61433352,sitting,-0.0166,0.0395,-0.9655,0.8400,-3.5350,-0.0700
61433371,sitting,-0.0168,0.0395,-0.9658,0.8750,-3.5000,-0.0700
61433391,sitting,-0.0161,0.0395,-0.9672,0.8750,-3.5350,-0.0350
61433410,sitting,-0.0159,0.0400,-0.9655,0.8400,-3.5700,-0.0350
61433429,sitting,-0.0168,0.0405,-0.9670,0.8400,-3.5000,-0.0700
61433448,sitting,-0.0168,0.0395,-0.9665,0.8750,-3.6050,-0.0350
61433468,sitting,-0.0161,0.0393,-0.9665,0.8400,-3.5700,-0.0700
61433487,sitting,-0.0161,0.0400,-0.9662,0.8400,-3.5350,-0.0700
61433506,sitting,-0.0168,0.0393,-0.9665,0.8400,-3.5000,-0.0700
61433525,sitting,-0.0156,0.0393,-0.9665,0.8750,-3.5350,-0.0700
61433544,sitting,-0.0151,0.0400,-0.9672,0.8400,-3.5350,-0.0700
61433564,sitting,-0.0163,0.0398,-0.9665,0.8400,-3.5350,-0.0700
61433583,sitting,-0.0161,0.0403,-0.9672,0.8400,-3.5700,-0.0700
61433602,sitting,-0.0168,0.0393,-0.9667,0.8400,-3.5000,-0.1050
61433621,sitting,-0.0163,0.0393,-0.9665,0.8400,-3.5700,-0.0700
61433641,sitting,-0.0163,0.0395,-0.9662,0.8400,-3.5700,-0.0700
61433660,sitting,-0.0156,0.0403,-0.9675,0.8050,-3.5000,-0.0700
61433679,sitting,-0.0166,0.0403,-0.9665,0.8400,-3.4650,-0.0700
61433698,sitting,-0.0166,0.0388,-0.9667,0.9100,-3.5700,-0.0700
61433718,sitting,-0.0166,0.0395,-0.9667,0.8750,-3.5350,-0.0700
61433737,sitting,-0.0161,0.0398,-0.9658,0.8400,-3.5000,-0.0700
61433756,sitting,-0.0168,0.0395,-0.9658,0.8750,-3.5700,-0.0350
61433775,sitting,-0.0166,0.0403,-0.9667,0.8400,-3.5700,-0.0700
61433794,sitting,-0.0171,0.0403,-0.9662,0.8050,-3.5000,-0.0700
61433814,sitting,-0.0171,0.0405,-0.9665,0.8400,-3.5350,-0.0700
61433833,sitting,-0.0163,0.0403,-0.9653,0.9100,-3.5700,-0.0700
61433852,sitting,-0.0168,0.0400,-0.9662,0.8400,-3.5000,-0.0700
61433871,sitting,-0.0171,0.0393,-0.9670,0.8400,-3.5000,-0.0700
61433891,sitting,-0.0168,0.0403,-0.9658,0.8400,-3.5350,-0.0700
61433910,sitting,-0.0168,0.0400,-0.9670,0.8400,-3.5350,-0.0700
61433929,sitting,-0.0163,0.0403,-0.9662,0.8400,-3.5350,-0.0700
61433948,sitting,-0.0163,0.0398,-0.9660,0.8400,-3.5700,-0.0700
61433968,sitting,-0.0163,0.0405,-0.9665,0.8400,-3.5700,-0.0700
61433987,sitting,-0.0161,0.0390,-0.9660,0.8750,-3.5350,-0.1050
61434006,sitting,-0.0171,0.0393,-0.9667,0.8400,-3.5700,-0.0700
61434025,sitting,-0.0163,0.0398,-0.9660,0.8400,-3.5700,-0.0700
61434044,sitting,-0.0161,0.0398,-0.9665,0.8400,-3.5350,-0.0700
61434064,sitting,-0.0173,0.0395,-0.9658,0.8750,-3.5350,-0.0700
61434083,sitting,-0.0173,0.0390,-0.9665,0.8750,-3.5350,-0.0700
61434102,sitting,-0.0171,0.0390,-0.9667,0.8400,-3.4650,-0.0700
61434121,sitting,-0.0166,0.0393,-0.9672,0.8400,-3.5350,-0.1050
61434141,sitting,-0.0156,0.0393,-0.9670,0.8750,-3.5700,-0.0700
61434160,sitting,-0.0163,0.0395,-0.9670,0.8400,-3.5350,-0.1050
61434179,sitting,-0.0163,0.0405,-0.9670,0.8400,-3.5350,-0.0700
61434198,sitting,-0.0161,0.0398,-0.9665,0.8750,-3.5700,-0.0700
61434218,sitting,-0.0159,0.0398,-0.9665,0.8400,-3.5350,-0.0700
61434237,sitting,-0.0161,0.0393,-0.9667,0.8750,-3.5350,-0.1050
61434256,sitting,-0.0178,0.0400,-0.9667,0.8750,-3.5350,-0.0700
61434275,sitting,-0.0166,0.0400,-0.9655,0.8400,-3.5350,-0.1050
61434294,sitting,-0.0159,0.0403,-0.9667,0.8050,-3.4650,-0.1050
61434314,sitting,-0.0168,0.0395,-0.9672,0.8050,-3.5700,-0.0700
61434333,sitting,-0.0168,0.0395,-0.9665,0.8400,-3.5350,-0.0700
61434352,sitting,-0.0163,0.0407,-0.9670,0.8050,-3.5000,-0.1050
61434371,sitting,-0.0163,0.0400,-0.9662,0.8400,-3.5700,-0.0700
61434391,sitting,-0.0181,0.0398,-0.9662,0.8400,-3.5350,-0.0700
61434410,sitting,-0.0171,0.0395,-0.9667,0.8050,-3.5350,-0.1050
61434429,sitting,-0.0176,0.0398,-0.9658,0.8050,-3.5700,-0.0350
61434448,sitting,-0.0166,0.0390,-0.9665,0.9100,-3.5700,-0.0700
61434468,sitting,-0.0168,0.0407,-0.9662,0.8400,-3.5350,-0.1050
61434487,sitting,-0.0166,0.0400,-0.9660,0.8750,-3.5350,-0.1050
61434506,sitting,-0.0168,0.0400,-0.9665,0.8750,-3.6050,-0.0350
61434525,sitting,-0.0159,0.0395,-0.9662,0.8400,-3.5350,-0.0350
61434544,sitting,-0.0159,0.0393,-0.9655,0.8400,-3.5000,-0.0700
61434564,sitting,-0.0163,0.0390,-0.9670,0.8750,-3.5700,-0.1050
61434583,sitting,-0.0173,0.0403,-0.9667,0.8750,-3.5700,-0.0700
61434602,sitting,-0.0168,0.0395,-0.9675,0.8050,-3.4650,-0.0700
61434621,sitting,-0.0161,0.0388,-0.9675,0.8400,-3.5700,-0.0700
61434641,sitting,-0.0171,0.0390,-0.9667,0.9100,-3.5350,-0.0700
61434660,sitting,-0.0163,0.0398,-0.9670,0.8400,-3.5000,-0.0350
61434679,sitting,-0.0163,0.0395,-0.9658,0.8750,-3.5700,-0.0700
61434698,sitting,-0.0168,0.0393,-0.9658,0.8750,-3.5350,-0.1050
61434718,sitting,-0.0161,0.0393,-0.9660,0.8400,-3.5000,-0.0700
61434737,sitting,-0.0171,0.0390,-0.9655,0.9100,-3.5700,-0.0700
61434756,sitting,-0.0171,0.0390,-0.9665,0.8400,-3.5700,-0.0700
61434775,sitting,-0.0168,0.0393,-0.9660,0.8050,-3.5350,-0.0700
61434794,sitting,-0.0163,0.0398,-0.9670,0.8400,-3.5350,-0.0350
61434814,sitting,-0.0166,0.0393,-0.9670,0.8400,-3.5700,-0.1050
61434833,sitting,-0.0161,0.0395,-0.9665,0.8050,-3.5350,-0.0700
61434852,sitting,-0.0163,0.0395,-0.9660,0.8050,-3.5350,-0.0700
61434871,sitting,-0.0166,0.0393,-0.9658,0.8750,-3.5700,-0.0350
61434891,sitting,-0.0156,0.0393,-0.9667,0.8750,-3.5350,-0.0700
61434910,sitting,-0.0163,0.0393,-0.9675,0.8400,-3.5350,-0.0700
61434929,sitting,-0.0171,0.0395,-0.9670,0.8400,-3.5350,-0.1050
61434948,sitting,-0.0166,0.0400,-0.9675,0.8750,-3.5000,-0.0700
61434968,sitting,-0.0163,0.0398,-0.9675,0.8750,-3.5000,-0.0700
61434987,sitting,-0.0168,0.0398,-0.9655,0.8400,-3.5350,-0.1050
61435006,sitting,-0.0166,0.0395,-0.9658,0.9100,-3.5700,-0.1050
61435025,sitting,-0.0161,0.0388,-0.9665,0.8400,-3.5000,-0.0700
61435044,sitting,-0.0161,0.0395,-0.9675,0.8400,-3.5700,-0.0700
61435064,sitting,-0.0171,0.0400,-0.9660,0.8750,-3.5700,-0.0350
61435083,sitting,-0.0163,0.0395,-0.9665,0.8050,-3.5350,-0.0700
61435102,sitting,-0.0163,0.0403,-0.9660,0.8400,-3.5350,-0.0700
61435121,sitting,-0.0168,0.0398,-0.9670,0.8750,-3.5350,-0.0700
61435141,sitting,-0.0168,0.0393,-0.9667,0.8400,-3.5000,-0.0700
61435160,sitting,-0.0163,0.0398,-0.9660,0.8400,-3.5350,-0.1050
61435179,sitting,-0.0176,0.0390,-0.9662,0.8400,-3.5000,-0.1400
61435198,sitting,-0.0161,0.0390,-0.9665,0.8400,-3.5000,-0.0700
61435218,sitting,-0.0171,0.0393,-0.9653,0.8400,-3.5000,-0.1050
61435237,sitting,-0.0163,0.0390,-0.9648,0.8750,-3.5700,-0.1050
61435256,sitting,-0.0168,0.0398,-0.9662,0.8750,-3.5350,-0.0700
61435275,sitting,-0.0168,0.0400,-0.9665,0.8400,-3.5000,-0.1050
61435294,sitting,-0.0161,0.0393,-0.9658,0.8400,-3.5350,-0.1050
61435314,sitting,-0.0163,0.0405,-0.9662,0.8400,-3.5700,-0.1050
61435333,sitting,-0.0168,0.0400,-0.9653,0.8400,-3.5350,-0.1050
61435352,sitting,-0.0166,0.0403,-0.9665,0.8400,-3.5700,-0.1050
61435371,sitting,-0.0176,0.0395,-0.9675,0.8400,-3.5700,-0.0700
61435391,sitting,-0.0171,0.0390,-0.9670,0.8400,-3.5000,-0.0700
61435410,sitting,-0.0168,0.0398,-0.9667,0.8050,-3.5000,-0.1050
61435429,sitting,-0.0161,0.0405,-0.9660,0.8400,-3.5350,-0.0700
61435448,sitting,-0.0159,0.0395,-0.9660,0.8400,-3.5000,-0.1050
61435468,sitting,-0.0168,0.0398,-0.9660,0.8400,-3.5000,-0.1050
61435487,sitting,-0.0168,0.0395,-0.9658,0.8750,-3.5350,-0.1050
61435506,sitting,-0.0161,0.0390,-0.9660,0.8750,-3.5350,-0.0700
61435525,sitting,-0.0163,0.0400,-0.9665,0.8400,-3.5000,-0.1050
61435544,sitting,-0.0159,0.0393,-0.9650,0.8400,-3.5350,-0.0700
61435564,sitting,-0.0171,0.0398,-0.9662,0.8400,-3.5700,-0.0350
61435583,sitting,-0.0171,0.0400,-0.9658,0.8050,-3.5350,-0.0700
61435602,sitting,-0.0156,0.0400,-0.9665,0.8400,-3.5000,-0.0700
61435621,sitting,-0.0163,0.0390,-0.9670,0.8750,-3.5700,-0.0350
61435641,sitting,-0.0161,0.0398,-0.9667,0.8400,-3.5700,-0.0700
61435660,sitting,-0.0163,0.0398,-0.9662,0.9100,-3.5350,-0.0350
61435679,sitting,-0.0163,0.0393,-0.9677,0.8050,-3.5000,-0.1050
61435698,sitting,-0.0168,0.0395,-0.9667,0.8400,-3.5350,-0.0700
61435718,sitting,-0.0176,0.0393,-0.9667,0.8050,-3.5000,-0.0700
61435737,sitting,-0.0161,0.0395,-0.9662,0.8400,-3.5350,-0.0700
61435756,sitting,-0.0166,0.0395,-0.9665,0.8400,-3.5350,-0.0700
61435775,sitting,-0.0168,0.0403,-0.9667,0.8400,-3.5000,-0.1050
61435794,sitting,-0.0171,0.0403,-0.9665,0.8400,-3.5350,-0.0700
61435814,sitting,-0.0166,0.0405,-0.9667,0.8750,-3.5000,-0.1050
61435833,sitting,-0.0161,0.0403,-0.9670,0.8750,-3.5000,-0.0700
61435852,sitting,-0.0166,0.0398,-0.9670,0.8400,-3.5350,-0.1050
61435871,sitting,-0.0173,0.0395,-0.9658,0.8400,-3.5700,-0.0700
61435891,sitting,-0.0161,0.0403,-0.9675,0.8400,-3.4650,-0.0700
61435910,sitting,-0.0161,0.0400,-0.9677,0.8400,-3.5350,-0.0700
61435929,sitting,-0.0173,0.0388,-0.9655,0.8750,-3.5350,-0.0700
61435948,sitting,-0.0168,0.0388,-0.9667,0.8050,-3.5000,-0.1050
61435968,sitting,-0.0171,0.0393,-0.9662,0.8400,-3.5000,-0.1050
61435987,sitting,-0.0173,0.0388,-0.9658,0.8750,-3.5700,-0.0700
61436006,sitting,-0.0168,0.0398,-0.9672,0.8750,-3.5350,-0.0700
61436025,sitting,-0.0168,0.0388,-0.9665,0.8400,-3.5000,-0.1050
61436044,sitting,-0.0176,0.0400,-0.9662,0.8750,-3.5700,-0.1050
61436064,sitting,-0.0173,0.0395,-0.9670,0.8400,-3.5350,-0.1050
61436083,sitting,-0.0156,0.0407,-0.9653,0.8050,-3.5000,-0.1050
61436102,sitting,-0.0166,0.0398,-0.9648,0.8750,-3.5350,-0.0700
61436121,sitting,-0.0168,0.0400,-0.9662,0.8400,-3.5000,-0.0700
61436141,sitting,-0.0168,0.0393,-0.9675,0.8750,-3.5350,-0.1050
61436160,sitting,-0.0176,0.0393,-0.9665,0.8400,-3.5700,-0.0700
61436179,sitting,-0.0171,0.0400,-0.9675,0.8400,-3.5000,-0.1050
61436198,sitting,-0.0161,0.0395,-0.9660,0.8050,-3.5350,-0.0700
61436218,sitting,-0.0168,0.0388,-0.9665,0.8750,-3.5350,-0.0700
61436237,sitting,-0.0168,0.0393,-0.9667,0.8400,-3.5700,-0.0700
61436256,sitting,-0.0161,0.0398,-0.9662,0.8400,-3.5350,-0.0700
61436275,sitting,-0.0173,0.0388,-0.9655,0.8750,-3.5000,-0.0700
61436294,sitting,-0.0159,0.0398,-0.9662,0.9100,-3.5000,-0.0700
61436314,sitting,-0.0166,0.0398,-0.9670,0.8400,-3.5350,-0.1050
61436333,sitting,-0.0171,0.0390,-0.9667,0.8050,-3.5350,-0.0700
61436352,sitting,-0.0166,0.0400,-0.9655,0.8400,-3.5700,-0.0700
61436371,sitting,-0.0163,0.0400,-0.9667,0.7700,-3.5000,-0.0700
61436391,sitting,-0.0156,0.0395,-0.9665,0.8050,-3.5000,-0.1050
61436410,sitting,-0.0168,0.0390,-0.9667,0.8400,-3.5000,-0.0700
61436429,sitting,-0.0181,0.0400,-0.9650,0.8400,-3.5000,-0.0350
61436448,sitting,-0.0168,0.0405,-0.9665,0.8400,-3.5000,-0.1050
61436468,sitting,-0.0166,0.0395,-0.9665,0.8400,-3.5000,-0.0700
61436487,sitting,-0.0171,0.0398,-0.9672,0.8400,-3.5000,-0.1050
61436506,sitting,-0.0163,0.0405,-0.9665,0.8750,-3.5350,-0.0700
61436525,sitting,-0.0168,0.0398,-0.9655,0.8400,-3.5350,-0.0700
61436544,sitting,-0.0168,0.0395,-0.9660,0.8750,-3.5700,-0.1050
61436564,sitting,-0.0163,0.0388,-0.9660,0.8750,-3.5000,-0.0700
61436583,sitting,-0.0166,0.0395,-0.9658,0.8400,-3.5700,-0.0700
61436602,sitting,-0.0166,0.0400,-0.9662,0.8400,-3.5700,-0.0700
61436621,sitting,-0.0163,0.0400,-0.9658,0.8400,-3.5350,-0.0700
61436641,sitting,-0.0161,0.0400,-0.9665,0.8400,-3.5350,-0.0350
61436660,sitting,-0.0161,0.0403,-0.9672,0.8050,-3.5350,-0.0700
61436679,sitting,-0.0171,0.0393,-0.9672,0.8750,-3.5350,-0.1400
61436698,sitting,-0.0168,0.0395,-0.9672,0.8050,-3.4650,-0.1050
61436718,sitting,-0.0161,0.0390,-0.9667,0.8400,-3.5350,-0.1050
61436737,sitting,-0.0166,0.0390,-0.9660,0.8750,-3.5700,-0.0700
61436756,sitting,-0.0166,0.0403,-0.9658,0.8400,-3.5000,-0.0700
61436775,sitting,-0.0173,0.0398,-0.9660,0.8400,-3.5000,-0.1050
61436794,sitting,-0.0163,0.0403,-0.9667,0.8400,-3.5700,-0.0700
61436814,sitting,-0.0166,0.0398,-0.9658,0.8400,-3.5000,-0.0700
61436833,sitting,-0.0161,0.0400,-0.9665,0.8750,-3.5350,-0.0700
61436852,sitting,-0.0163,0.0393,-0.9667,0.8400,-3.5700,-0.0700
61436871,sitting,-0.0166,0.0403,-0.9655,0.8400,-3.5350,-0.0700
61436891,sitting,-0.0161,0.0393,-0.9667,0.8400,-3.5350,-0.0700
61436910,sitting,-0.0166,0.0398,-0.9667,0.8400,-3.5700,-0.1400
61436929,sitting,-0.0166,0.0395,-0.9658,0.8400,-3.5000,-0.1050
61436948,sitting,-0.0168,0.0395,-0.9667,0.8400,-3.5000,-0.1050
61436968,sitting,-0.0163,0.0400,-0.9665,0.8750,-3.5700,-0.0700
61436987,sitting,-0.0163,0.0403,-0.9670,0.8400,-3.5350,-0.0700
61437006,sitting,-0.0163,0.0395,-0.9672,0.8400,-3.5000,-0.0700
61437025,sitting,-0.0166,0.0393,-0.9665,0.8400,-3.5000,-0.0700
61437044,sitting,-0.0181,0.0400,-0.9665,0.8750,-3.5350,-0.0700
61437064,sitting,-0.0171,0.0398,-0.9665,0.8400,-3.5350,-0.0700
61437083,sitting,-0.0168,0.0400,-0.9670,0.8750,-3.5000,-0.0700
61437102,sitting,-0.0173,0.0400,-0.9660,0.8750,-3.5350,-0.0700
61437121,sitting,-0.0166,0.0405,-0.9667,0.8050,-3.5350,-0.1050
61437141,sitting,-0.0163,0.0398,-0.9675,0.8400,-3.5000,-0.1050
61437160,sitting,-0.0171,0.0393,-0.9658,0.8400,-3.5700,-0.0700
61437179,sitting,-0.0166,0.0400,-0.9653,0.8400,-3.5350,-0.1400
61437198,sitting,-0.0161,0.0398,-0.9672,0.8400,-3.5350,-0.0700
61437218,sitting,-0.0156,0.0395,-0.9672,0.8400,-3.5700,-0.0350
61437237,sitting,-0.0166,0.0395,-0.9677,0.8750,-3.5700,-0.0700
61437256,sitting,-0.0173,0.0400,-0.9665,0.8050,-3.5000,-0.1400
61437275,sitting,-0.0159,0.0403,-0.9658,0.8750,-3.5700,-0.0700
61437294,sitting,-0.0163,0.0400,-0.9660,0.8750,-3.5700,-0.0700
61437314,sitting,-0.0183,0.0395,-0.9670,0.8400,-3.5000,-0.1050
61437333,sitting,-0.0173,0.0398,-0.9665,0.8400,-3.5350,-0.1400
61437352,sitting,-0.0168,0.0393,-0.9662,0.8750,-3.5700,-0.0700
61437371,sitting,-0.0166,0.0388,-0.9667,0.8050,-3.5000,-0.0700
61437391,sitting,-0.0163,0.0400,-0.9658,0.8400,-3.5350,-0.1050
61437410,sitting,-0.0163,0.0395,-0.9658,0.8400,-3.5350,-0.1050
61437429,sitting,-0.0171,0.0398,-0.9662,0.8400,-3.5000,-0.1050
61437448,sitting,-0.0168,0.0395,-0.9660,0.8400,-3.5350,-0.0700
61437468,sitting,-0.0161,0.0395,-0.9665,0.8400,-3.5700,-0.1050
61437487,sitting,-0.0161,0.0393,-0.9662,0.8400,-3.5350,-0.1050
61437506,sitting,-0.0166,0.0393,-0.9660,0.8400,-3.5000,-0.0700
61437525,sitting,-0.0166,0.0400,-0.9665,0.9100,-3.5350,-0.0350
61437544,sitting,-0.0163,0.0405,-0.9660,0.8400,-3.5350,-0.1050
61437564,sitting,-0.0176,0.0393,-0.9658,0.8750,-3.5350,-0.1050
61437583,sitting,-0.0173,0.0405,-0.9665,0.8750,-3.5350,-0.0350
61437602,sitting,-0.0168,0.0398,-0.9658,0.8750,-3.5350,-0.0350
61437621,sitting,-0.0161,0.0398,-0.9667,0.8400,-3.5000,-0.0700
61437641,sitting,-0.0161,0.0390,-0.9675,0.8400,-3.5350,-0.1050
61437660,sitting,-0.0173,0.0398,-0.9662,0.8050,-3.5700,-0.0700
61437679,sitting,-0.0176,0.0405,-0.9655,0.8400,-3.5000,-0.0700
61437698,sitting,-0.0173,0.0393,-0.9662,0.8750,-3.5000,-0.0700
61437718,sitting,-0.0163,0.0393,-0.9670,0.8750,-3.5350,-0.0700
61437737,sitting,-0.0161,0.0393,-0.9675,0.8400,-3.5700,-0.0700
61437756,sitting,-0.0166,0.0405,-0.9653,0.8400,-3.5000,-0.0700
61437775,sitting,-0.0173,0.0400,-0.9665,0.8750,-3.5350,-0.0700
61437794,sitting,-0.0171,0.0400,-0.9665,0.8400,-3.5350,-0.0700
61437814,sitting,-0.0166,0.0403,-0.9660,0.8400,-3.5000,-0.0700
61437833,sitting,-0.0161,0.0400,-0.9667,0.8400,-3.5000,-0.0700
61437852,sitting,-0.0168,0.0398,-0.9650,0.8750,-3.6050,-0.0700
61437871,sitting,-0.0166,0.0403,-0.9660,0.8400,-3.5350,-0.1050
61437891,sitting,-0.0159,0.0395,-0.9672,0.8400,-3.5700,-0.0350
61437910,sitting,-0.0161,0.0393,-0.9672,0.8750,-3.5350,-0.0700
61437929,sitting,-0.0171,0.0398,-0.9665,0.8050,-3.5350,-0.0700
61437948,sitting,-0.0168,0.0403,-0.9667,0.8750,-3.5350,-0.0700
61437968,sitting,-0.0159,0.0393,-0.9662,0.8400,-3.5000,-0.0700
61437987,sitting,-0.0168,0.0398,-0.9665,0.8400,-3.5000,-0.1050
61438006,sitting,-0.0178,0.0400,-0.9667,0.8400,-3.5350,-0.0700
61438025,sitting,-0.0178,0.0405,-0.9658,0.8400,-3.5700,-0.0700
61438044,sitting,-0.0168,0.0400,-0.9670,0.8400,-3.5350,-0.0700
61438064,sitting,-0.0166,0.0390,-0.9667,0.8750,-3.5000,-0.0700
61438083,sitting,-0.0168,0.0398,-0.9670,0.8750,-3.5350,-0.0700
61438102,sitting,-0.0168,0.0395,-0.9660,0.8400,-3.5350,-0.0700
61438121,sitting,-0.0161,0.0398,-0.9660,0.8400,-3.5000,-0.0700
61438141,sitting,-0.0156,0.0400,-0.9667,0.9100,-3.5700,0.0000
61438160,sitting,-0.0161,0.0395,-0.9665,0.8050,-3.5700,-0.0350
61438179,sitting,-0.0171,0.0388,-0.9660,0.8400,-3.5000,-0.0700
61438198,sitting,-0.0156,0.0393,-0.9655,0.8400,-3.5350,-0.1050
61438218,sitting,-0.0166,0.0398,-0.9662,0.8750,-3.5350,-0.0700
61438237,sitting,-0.0173,0.0400,-0.9665,0.8400,-3.5000,-0.0700
61438256,sitting,-0.0171,0.0395,-0.9653,0.8050,-3.5350,-0.0700
61438275,sitting,-0.0176,0.0400,-0.9660,0.8400,-3.5350,-0.1050
61438294,sitting,-0.0173,0.0395,-0.9675,0.8050,-3.5000,-0.1400
61438314,sitting,-0.0168,0.0390,-0.9665,0.9100,-3.5350,-0.0700
61438333,sitting,-0.0176,0.0398,-0.9665,0.8750,-3.5700,-0.1050
61438352,sitting,-0.0166,0.0403,-0.9650,0.8050,-3.5000,-0.0700
61438371,sitting,-0.0173,0.0400,-0.9675,0.8050,-3.5000,-0.0700
61438391,sitting,-0.0168,0.0390,-0.9667,0.8400,-3.5700,-0.0700
61438410,sitting,-0.0161,0.0395,-0.9667,0.8750,-3.5700,-0.0700
61438429,sitting,-0.0163,0.0395,-0.9675,0.8400,-3.5350,-0.0700
61438448,sitting,-0.0166,0.0398,-0.9653,0.8400,-3.5700,-0.1050
61438468,sitting,-0.0171,0.0400,-0.9658,0.8750,-3.5700,-0.0700
61438487,sitting,-0.0161,0.0398,-0.9667,0.8400,-3.5000,-0.1050
61438506,sitting,-0.0163,0.0407,-0.9667,0.8750,-3.5350,-0.0700
61438525,sitting,-0.0161,0.0398,-0.9667,0.8400,-3.5700,-0.0700
61438544,sitting,-0.0168,0.0407,-0.9662,0.8400,-3.5350,-0.0700
61438564,sitting,-0.0161,0.0393,-0.9665,0.8400,-3.5350,-0.0700
61438583,sitting,-0.0161,0.0393,-0.9660,0.8400,-3.5700,-0.0700
61438602,sitting,-0.0166,0.0400,-0.9672,0.8400,-3.5350,-0.0350
61438621,sitting,-0.0166,0.0395,-0.9665,0.8400,-3.5000,-0.0350
61438641,sitting,-0.0168,0.0400,-0.9658,0.8400,-3.5350,-0.0700
61438660,sitting,-0.0173,0.0395,-0.9658,0.8400,-3.5700,-0.0350
61438679,sitting,-0.0168,0.0393,-0.9672,0.8400,-3.5000,-0.0700
61438698,sitting,-0.0176,0.0390,-0.9665,0.9100,-3.5700,-0.0700
61438718,sitting,-0.0166,0.0395,-0.9667,0.8400,-3.5700,-0.0350
61438737,sitting,-0.0163,0.0395,-0.9658,0.8400,-3.5000,-0.0700
61438756,sitting,-0.0176,0.0398,-0.9660,0.8400,-3.5000,-0.0700
61438775,sitting,-0.0156,0.0390,-0.9662,0.8400,-3.5350,-0.1400
61438794,sitting,-0.0168,0.0390,-0.9655,0.8050,-3.5000,-0.0700
61438814,sitting,-0.0173,0.0395,-0.9675,0.8400,-3.5350,-0.0700
61438833,sitting,-0.0168,0.0405,-0.9660,0.8400,-3.5700,-0.0700
61438852,sitting,-0.0159,0.0400,-0.9665,0.8400,-3.5000,-0.0700
61438871,sitting,-0.0163,0.0395,-0.9662,0.8750,-3.5350,-0.1050
61438891,sitting,-0.0176,0.0395,-0.9660,0.8750,-3.5350,-0.1050
61438910,sitting,-0.0173,0.0400,-0.9662,0.8050,-3.5350,-0.1050
61438929,sitting,-0.0171,0.0412,-0.9675,0.7700,-3.5000,-0.0700
61438948,sitting,-0.0159,0.0400,-0.9670,0.8400,-3.5350,-0.1050
61438968,sitting,-0.0156,0.0400,-0.9660,0.8400,-3.4650,-0.0700
61438987,sitting,-0.0171,0.0395,-0.9667,0.8750,-3.5350,-0.1400
61439006,sitting,-0.0171,0.0393,-0.9660,0.8400,-3.5700,-0.0700
61439025,sitting,-0.0166,0.0403,-0.9667,0.8750,-3.5700,-0.0700
61439044,sitting,-0.0159,0.0400,-0.9675,0.8400,-3.5000,-0.0700
61439064,sitting,-0.0159,0.0403,-0.9675,0.8400,-3.5700,-0.0700
61439083,sitting,-0.0168,0.0400,-0.9677,0.8750,-3.5700,-0.0700
61439102,sitting,-0.0171,0.0403,-0.9667,0.8400,-3.5350,-0.1050
61439121,sitting,-0.0159,0.0400,-0.9677,0.8400,-3.5700,-0.0700
61439141,sitting,-0.0154,0.0403,-0.9672,0.8750,-3.5350,-0.0700
61439160,sitting,-0.0168,0.0395,-0.9677,0.8400,-3.5000,-0.0700
61439179,sitting,-0.0173,0.0388,-0.9665,0.8400,-3.5000,-0.1050
61439198,sitting,-0.0173,0.0398,-0.9667,0.8750,-3.5700,-0.0700
61439218,sitting,-0.0168,0.0395,-0.9660,0.8400,-3.5350,-0.0700
61439237,sitting,-0.0168,0.0390,-0.9658,0.8050,-3.5000,-0.0700
61439256,sitting,-0.0168,0.0395,-0.9667,0.8750,-3.5700,-0.0700
61439275,sitting,-0.0173,0.0388,-0.9662,0.9100,-3.5350,-0.0700
61439294,sitting,-0.0166,0.0403,-0.9672,0.8400,-3.5000,-0.0700
61439314,sitting,-0.0168,0.0400,-0.9672,0.8750,-3.5350,-0.0700
61439333,sitting,-0.0171,0.0403,-0.9662,0.8750,-3.5700,-0.0700
61439352,sitting,-0.0156,0.0393,-0.9665,0.8400,-3.5000,-0.0700
61439371,sitting,-0.0168,0.0398,-0.9662,0.8400,-3.5350,-0.0700
61439391,sitting,-0.0168,0.0393,-0.9660,0.8750,-3.5350,-0.0700
61439410,sitting,-0.0173,0.0395,-0.9667,0.8400,-3.5350,-0.0700
61439429,sitting,-0.0163,0.0390,-0.9662,0.8750,-3.5000,-0.0700
61439448,sitting,-0.0163,0.0400,-0.9660,0.8400,-3.5350,-0.1050
61439468,sitting,-0.0168,0.0393,-0.9665,0.8400,-3.5350,-0.1050
61439487,sitting,-0.0159,0.0393,-0.9660,0.8400,-3.5000,-0.0700
61439506,sitting,-0.0163,0.0400,-0.9662,0.8400,-3.5350,-0.0700
61439525,sitting,-0.0163,0.0405,-0.9662,0.8750,-3.5350,-0.0700
61439544,sitting,-0.0163,0.0390,-0.9660,0.8750,-3.5350,-0.0700
61439564,sitting,-0.0171,0.0403,-0.9667,0.9100,-3.5350,-0.0350
61439583,sitting,-0.0171,0.0393,-0.9667,0.9100,-3.5700,-0.0700
61439602,sitting,-0.0171,0.0390,-0.9677,0.8400,-3.5000,-0.0700
61439621,sitting,-0.0171,0.0393,-0.9662,0.8400,-3.5700,-0.0350
61439641,sitting,-0.0163,0.0393,-0.9658,0.9100,-3.5700,-0.0700
61439660,sitting,-0.0166,0.0400,-0.9662,0.8050,-3.5000,-0.1400
61439679,sitting,-0.0159,0.0395,-0.9672,0.8400,-3.5350,-0.0700
61439698,sitting,-0.0166,0.0395,-0.9662,0.8400,-3.5350,-0.0700
61439718,sitting,-0.0168,0.0393,-0.9670,0.8750,-3.5350,-0.0700
61439737,sitting,-0.0163,0.0393,-0.9667,0.8400,-3.5350,-0.1050
61439756,sitting,-0.0171,0.0395,-0.9655,0.8750,-3.5700,-0.0700
61439775,sitting,-0.0166,0.0398,-0.9672,0.8750,-3.5350,-0.0700
61439794,sitting,-0.0161,0.0393,-0.9660,0.8400,-3.5000,-0.0700
61439814,sitting,-0.0166,0.0390,-0.9660,0.8750,-3.5350,-0.0700
61439833,sitting,-0.0168,0.0393,-0.9665,0.8400,-3.5000,-0.0700
61439852,sitting,-0.0168,0.0395,-0.9667,0.8750,-3.5000,-0.1050
61439871,sitting,-0.0163,0.0400,-0.9665,0.8400,-3.5700,-0.0700
61439891,sitting,-0.0171,0.0398,-0.9662,0.8400,-3.5350,-0.0700
61439910,sitting,-0.0168,0.0395,-0.9665,0.8400,-3.5000,-0.0700
61439929,sitting,-0.0166,0.0395,-0.9670,0.8750,-3.5700,0.0000
61439948,sitting,-0.0161,0.0400,-0.9662,0.8400,-3.5700,-0.1050
61439968,sitting,-0.0156,0.0393,-0.9660,0.8400,-3.5000,-0.1050
61439987,sitting,-0.0171,0.0398,-0.9667,0.8400,-3.5000,-0.0350
61440006,sitting,-0.0168,0.0403,-0.9667,0.8400,-3.5350,-0.1050
61440025,sitting,-0.0163,0.0395,-0.9658,0.8750,-3.5700,-0.0700
61440044,sitting,-0.0171,0.0398,-0.9662,0.8050,-3.5000,-0.0700
61440064,sitting,-0.0168,0.0398,-0.9658,0.8750,-3.5700,-0.1050
61440083,sitting,-0.0168,0.0395,-0.9662,0.8400,-3.5350,-0.0350
61440102,sitting,-0.0156,0.0393,-0.9670,0.8400,-3.5000,-0.0700
61440121,sitting,-0.0161,0.0398,-0.9670,0.9100,-3.5000,-0.0700
61440141,sitting,-0.0168,0.0407,-0.9665,0.8400,-3.5350,-0.1050
61440160,sitting,-0.0161,0.0403,-0.9667,0.8400,-3.5350,-0.0700
61440179,sitting,-0.0171,0.0395,-0.9667,0.8400,-3.5350,-0.1050
61440198,sitting,-0.0168,0.0405,-0.9660,0.8400,-3.5350,-0.1050
61440218,sitting,-0.0171,0.0400,-0.9677,0.8400,-3.5350,-0.0350
61440237,sitting,-0.0173,0.0398,-0.9670,0.8400,-3.5700,-0.0700
61440256,sitting,-0.0163,0.0398,-0.9662,0.8750,-3.5350,-0.0700
61440275,sitting,-0.0173,0.0400,-0.9665,0.8400,-3.5000,-0.1050
61440294,sitting,-0.0161,0.0403,-0.9665,0.8400,-3.5350,-0.0700
61440314,sitting,-0.0171,0.0388,-0.9667,0.8400,-3.5350,-0.0700
61440333,sitting,-0.0163,0.0390,-0.9665,0.8400,-3.5700,-0.1050
61440352,sitting,-0.0171,0.0403,-0.9665,0.8400,-3.5000,-0.0350
61440371,sitting,-0.0166,0.0400,-0.9662,0.8750,-3.6050,-0.0700
61440391,sitting,-0.0168,0.0405,-0.9670,0.8400,-3.5350,-0.0700
61440410,sitting,-0.0168,0.0393,-0.9670,0.8400,-3.5350,-0.1050
61440429,sitting,-0.0171,0.0393,-0.9667,0.8400,-3.5700,-0.0700
61440448,sitting,-0.0176,0.0393,-0.9660,0.8400,-3.5700,0.0000
61440468,sitting,-0.0176,0.0398,-0.9662,0.8400,-3.5000,-0.0700
61440487,sitting,-0.0166,0.0403,-0.9662,0.8400,-3.5700,-0.0700
61440506,sitting,-0.0161,0.0400,-0.9670,0.8400,-3.5700,-0.0700
61440525,sitting,-0.0166,0.0400,-0.9660,0.8750,-3.5000,-0.0700
61440544,sitting,-0.0168,0.0395,-0.9667,0.8400,-3.5350,-0.0700
61440564,sitting,-0.0171,0.0403,-0.9658,0.8750,-3.5700,-0.0700
61440583,sitting,-0.0166,0.0393,-0.9667,0.8400,-3.5350,-0.0700
61440602,sitting,-0.0166,0.0398,-0.9658,0.8400,-3.5700,-0.0350
61440621,sitting,-0.0168,0.0395,-0.9660,0.8750,-3.5350,-0.0700
61440641,sitting,-0.0176,0.0407,-0.9665,0.9100,-3.5000,-0.1050
61440660,sitting,-0.0178,0.0400,-0.9670,0.8400,-3.5000,-0.0350
61440679,sitting,-0.0166,0.0398,-0.9665,0.8750,-3.5350,-0.0700
61440698,sitting,-0.0161,0.0390,-0.9660,0.8400,-3.5700,-0.0700
61440718,sitting,-0.0166,0.0395,-0.9667,0.8050,-3.5000,-0.0700
61440737,sitting,-0.0168,0.0393,-0.9672,0.9100,-3.5350,-0.0350
61440756,sitting,-0.0166,0.0390,-0.9675,0.8400,-3.5350,-0.0700
61440775,sitting,-0.0178,0.0398,-0.9672,0.8050,-3.5000,-0.0700
61440794,sitting,-0.0168,0.0398,-0.9662,0.8400,-3.5000,-0.0700
61440814,sitting,-0.0171,0.0407,-0.9650,0.8400,-3.5700,-0.0700
61440833,sitting,-0.0173,0.0398,-0.9660,0.8400,-3.5000,-0.0700
61440852,sitting,-0.0171,0.0403,-0.9667,0.8400,-3.5000,-0.0700
61440871,sitting,-0.0161,0.0395,-0.9665,0.8400,-3.5350,-0.0700
61440891,sitting,-0.0168,0.0400,-0.9667,0.8400,-3.5350,-0.1050
61440910,sitting,-0.0171,0.0398,-0.9670,0.8050,-3.5350,-0.1050
61440929,sitting,-0.0159,0.0393,-0.9662,0.8750,-3.5700,-0.0700
61440948,sitting,-0.0166,0.0395,-0.9653,0.8750,-3.5700,-0.0350
61440968,sitting,-0.0168,0.0405,-0.9660,0.8400,-3.5000,-0.0700
61440987,sitting,-0.0173,0.0400,-0.9665,0.8400,-3.5350,-0.0700
61441006,sitting,-0.0171,0.0403,-0.9662,0.8400,-3.5000,-0.1050
61441025,sitting,-0.0166,0.0393,-0.9667,0.8400,-3.5000,-0.0700
61441044,sitting,-0.0173,0.0395,-0.9672,0.8400,-3.5350,-0.0700
61441064,sitting,-0.0168,0.0407,-0.9655,0.8750,-3.5700,-0.0700
61441083,sitting,-0.0171,0.0395,-0.9658,0.8400,-3.5350,-0.0700
61441102,sitting,-0.0168,0.0393,-0.9645,0.8750,-3.5700,-0.0350
61441121,sitting,-0.0156,0.0395,-0.9665,0.8400,-3.5350,-0.0700
61441141,sitting,-0.0161,0.0403,-0.9660,0.8400,-3.5000,-0.0700
61441160,sitting,-0.0166,0.0398,-0.9662,0.8400,-3.5000,-0.0700
61441179,sitting,-0.0173,0.0393,-0.9662,0.9100,-3.5700,0.0000
61441198,sitting,-0.0168,0.0393,-0.9667,0.8400,-3.5000,-0.0700
