timestamp_ms,label,acc_x_g,acc_y_g,acc_z_g,gyro_x_dps,gyro_y_dps,gyro_z_dps
61141460,sitting,-0.0176,-0.0098,1.0292,0.8750,-3.5350,-0.0700
61141479,sitting,-0.0176,-0.0098,1.0294,0.8400,-3.5000,-0.0700
61141498,sitting,-0.0181,-0.0105,1.0292,0.8400,-3.4650,-0.0700
61141517,sitting,-0.0188,-0.0107,1.0294,0.8400,-3.5000,-0.1050
61141537,sitting,-0.0195,-0.0110,1.0294,0.8750,-3.5350,-0.0700
61141556,sitting,-0.0190,-0.0090,1.0297,0.8750,-3.5000,-0.0350
61141575,sitting,-0.0176,-0.0102,1.0294,0.9100,-3.5000,-0.1050
61141594,sitting,-0.0176,-0.0093,1.0297,0.8750,-3.5700,-0.0350
61141614,sitting,-0.0178,-0.0102,1.0289,0.8750,-3.5000,-0.0700
61141633,sitting,-0.0181,-0.0098,1.0292,0.8750,-3.5000,-0.0350
61141652,sitting,-0.0176,-0.0100,1.0292,0.8400,-3.5350,-0.1050
61141671,sitting,-0.0190,-0.0100,1.0289,0.8750,-3.5350,-0.1050
61141691,sitting,-0.0181,-0.0095,1.0289,0.8400,-3.5350,-0.0350
61141710,sitting,-0.0181,-0.0100,1.0304,0.8750,-3.5700,-0.0350
61141729,sitting,-0.0183,-0.0102,1.0287,0.8050,-3.5000,-0.0700
61141748,sitting,-0.0183,-0.0098,1.0299,0.8400,-3.5000,-0.0700
61141767,sitting,-0.0181,-0.0102,1.0302,0.8050,-3.5350,-0.0700
61141787,sitting,-0.0181,-0.0098,1.0289,0.9100,-3.5350,-0.0700
61141806,sitting,-0.0176,-0.0102,1.0292,0.8400,-3.5000,-0.0700
61141825,sitting,-0.0183,-0.0105,1.0292,0.8400,-3.5000,-0.0700
61141844,sitting,-0.0183,-0.0105,1.0294,0.8750,-3.5350,-0.0700
61141864,sitting,-0.0190,-0.0107,1.0299,0.8750,-3.5000,-0.1050
61141883,sitting,-0.0188,-0.0107,1.0294,0.9100,-3.5350,-0.0700
61141902,sitting,-0.0183,-0.0105,1.0299,0.8750,-3.5350,-0.0700
61141921,sitting,-0.0188,-0.0098,1.0287,0.8050,-3.5000,-0.0700
61141941,sitting,-0.0178,-0.0093,1.0287,0.8400,-3.5350,-0.0700
61141960,sitting,-0.0183,-0.0093,1.0285,0.9100,-3.5000,-0.0700
61141979,sitting,-0.0178,-0.0105,1.0294,0.8750,-3.5350,-0.1050
61141998,sitting,-0.0183,-0.0100,1.0292,0.8050,-3.4650,-0.0700
61142017,sitting,-0.0190,-0.0098,1.0294,0.8750,-3.5350,-0.0700
61142037,sitting,-0.0183,-0.0115,1.0297,0.8050,-3.5350,-0.0350
61142056,sitting,-0.0183,-0.0105,1.0297,0.8400,-3.4650,-0.0700
61142075,sitting,-0.0185,-0.0095,1.0297,0.8050,-3.5000,-0.0700
61142094,sitting,-0.0190,-0.0100,1.0294,0.9100,-3.5000,-0.0350
61142114,sitting,-0.0190,-0.0098,1.0299,0.8400,-3.4300,-0.0350
61142133,sitting,-0.0190,-0.0102,1.0292,0.8400,-3.5000,-0.0700
61142152,sitting,-0.0185,-0.0105,1.0282,0.8400,-3.5000,-0.1050
61142171,sitting,-0.0173,-0.0107,1.0292,0.8400,-3.4650,-0.0350
61142191,sitting,-0.0171,-0.0102,1.0299,0.8400,-3.4650,-0.1400
61142210,sitting,-0.0176,-0.0105,1.0297,0.8750,-3.5350,-0.1050
61142229,sitting,-0.0173,-0.0098,1.0285,0.8400,-3.5350,-0.0700
61142248,sitting,-0.0181,-0.0105,1.0289,0.8750,-3.4650,-0.0350
61142267,sitting,-0.0178,-0.0100,1.0297,0.8400,-3.5350,-0.0700
61142287,sitting,-0.0181,-0.0095,1.0292,0.8750,-3.5000,-0.0700
61142306,sitting,-0.0193,-0.0107,1.0299,0.8400,-3.4650,-0.1050
61142325,sitting,-0.0181,-0.0093,1.0302,0.8400,-3.5350,-0.0700
61142344,sitting,-0.0176,-0.0098,1.0297,0.8400,-3.5000,-0.1050
61142364,sitting,-0.0178,-0.0102,1.0304,0.8750,-3.4650,-0.0700
61142383,sitting,-0.0183,-0.0107,1.0299,0.8400,-3.4650,-0.0700
61142402,sitting,-0.0188,-0.0098,1.0294,0.8750,-3.5350,-0.0700
61142421,sitting,-0.0188,-0.0102,1.0307,0.8750,-3.5350,-0.1050
61142441,sitting,-0.0183,-0.0095,1.0309,0.8400,-3.5350,-0.0700
61142460,sitting,-0.0181,-0.0102,1.0309,0.9100,-3.5350,-0.0700
61142479,sitting,-0.0188,-0.0095,1.0289,0.8400,-3.5000,-0.0350
61142498,sitting,-0.0181,-0.0102,1.0302,0.8400,-3.4650,-0.0700
61142517,sitting,-0.0185,-0.0102,1.0292,0.8400,-3.5350,-0.0700
61142537,sitting,-0.0185,-0.0102,1.0299,0.8400,-3.5700,0.0000
61142556,sitting,-0.0188,-0.0102,1.0314,0.8400,-3.4650,-0.0700
61142575,sitting,-0.0183,-0.0102,1.0297,0.8400,-3.5000,-0.0700
61142594,sitting,-0.0188,-0.0100,1.0289,0.8400,-3.5350,-0.0700
61142614,sitting,-0.0183,-0.0105,1.0289,0.8750,-3.4650,-0.0700
61142633,sitting,-0.0181,-0.0107,1.0297,0.8750,-3.5350,-0.0350
61142652,sitting,-0.0185,-0.0110,1.0294,0.8400,-3.5700,0.0000
61142671,sitting,-0.0185,-0.0095,1.0297,0.8400,-3.4650,-0.0700
61142691,sitting,-0.0183,-0.0102,1.0294,0.8400,-3.4650,-0.0700
61142710,sitting,-0.0183,-0.0100,1.0287,0.8400,-3.5000,-0.0700
61142729,sitting,-0.0188,-0.0100,1.0307,0.8400,-3.5350,-0.1050
61142748,sitting,-0.0181,-0.0107,1.0294,0.8750,-3.4650,-0.1050
61142767,sitting,-0.0183,-0.0102,1.0292,0.8750,-3.5000,0.0000
61142787,sitting,-0.0176,-0.0100,1.0292,0.8050,-3.5000,-0.0700
61142806,sitting,-0.0173,-0.0098,1.0292,0.8400,-3.4650,-0.0700
61142825,sitting,-0.0183,-0.0098,1.0297,0.8400,-3.5350,-0.0700
61142844,sitting,-0.0176,-0.0095,1.0297,0.8750,-3.5000,-0.0700
61142864,sitting,-0.0171,-0.0098,1.0289,0.8400,-3.5350,-0.1050
61142883,sitting,-0.0185,-0.0093,1.0294,0.8750,-3.5350,-0.0700
61142902,sitting,-0.0183,-0.0100,1.0304,0.9100,-3.5350,-0.0700
61142921,sitting,-0.0181,-0.0090,1.0302,0.8750,-3.5350,-0.0350
61142941,sitting,-0.0171,-0.0107,1.0294,0.8400,-3.5350,-0.1050
61142960,sitting,-0.0181,-0.0100,1.0297,0.9100,-3.5700,-0.0700
61142979,sitting,-0.0185,-0.0095,1.0289,0.8750,-3.4650,-0.1050
61142998,sitting,-0.0185,-0.0107,1.0292,0.8050,-3.4650,-0.1050
61143017,sitting,-0.0185,-0.0105,1.0294,0.8750,-3.5000,-0.0700
61143037,sitting,-0.0176,-0.0102,1.0292,0.8400,-3.5350,-0.0700
61143056,sitting,-0.0183,-0.0100,1.0294,0.8400,-3.5000,-0.0700
61143075,sitting,-0.0178,-0.0100,1.0297,0.8750,-3.5000,-0.0700
61143094,sitting,-0.0185,-0.0105,1.0289,0.8400,-3.5350,-0.0700
61143114,sitting,-0.0173,-0.0112,1.0302,0.8400,-3.5350,-0.0700
61143133,sitting,-0.0183,-0.0100,1.0299,0.8400,-3.5350,-0.0350
61143152,sitting,-0.0185,-0.0112,1.0304,0.8400,-3.5000,-0.0700
61143171,sitting,-0.0176,-0.0095,1.0302,0.8050,-3.5000,-0.0700
61143191,sitting,-0.0181,-0.0105,1.0302,0.8400,-3.5000,-0.1400
61143210,sitting,-0.0183,-0.0098,1.0297,0.8400,-3.5350,-0.1050
61143229,sitting,-0.0188,-0.0105,1.0294,0.8400,-3.5000,-0.1050
61143248,sitting,-0.0171,-0.0100,1.0299,0.8400,-3.4650,-0.1400
61143267,sitting,-0.0181,-0.0095,1.0294,0.8400,-3.5000,-0.0700
61143287,sitting,-0.0183,-0.0102,1.0297,0.9100,-3.5700,-0.0700
61143306,sitting,-0.0188,-0.0107,1.0292,0.8400,-3.4650,-0.0700
61143325,sitting,-0.0183,-0.0102,1.0299,0.8050,-3.4650,-0.0700
61143344,sitting,-0.0183,-0.0107,1.0297,0.8400,-3.5000,-0.0700
61143364,sitting,-0.0178,-0.0105,1.0287,0.8400,-3.4650,-0.0700
61143383,sitting,-0.0181,-0.0100,1.0294,0.8400,-3.4300,-0.1400
61143402,sitting,-0.0183,-0.0100,1.0307,0.8750,-3.4650,-0.0700
61143421,sitting,-0.0183,-0.0100,1.0299,0.8750,-3.5350,-0.1050
61143441,sitting,-0.0178,-0.0105,1.0294,0.8750,-3.4650,-0.1050
61143460,sitting,-0.0173,-0.0105,1.0304,0.8400,-3.5350,-0.0350
61143479,sitting,-0.0181,-0.0098,1.0307,0.8750,-3.5000,-0.0700
61143498,sitting,-0.0176,-0.0100,1.0297,0.8750,-3.5000,-0.0700
61143517,sitting,-0.0181,-0.0098,1.0287,0.9100,-3.5350,-0.0700
61143537,sitting,-0.0178,-0.0098,1.0292,0.8400,-3.5350,-0.0350
61143556,sitting,-0.0181,-0.0098,1.0304,0.8400,-3.5000,-0.0700
61143575,sitting,-0.0183,-0.0095,1.0292,0.8750,-3.5700,-0.0700
61143594,sitting,-0.0183,-0.0102,1.0294,0.8400,-3.5350,-0.0700
61143614,sitting,-0.0171,-0.0102,1.0307,0.8750,-3.5000,-0.0700
61143633,sitting,-0.0183,-0.0098,1.0292,0.8400,-3.5350,-0.0700
61143652,sitting,-0.0188,-0.0105,1.0299,0.8750,-3.5350,-0.0700
61143671,sitting,-0.0185,-0.0100,1.0285,0.8750,-3.5000,-0.0700
61143691,sitting,-0.0183,-0.0102,1.0292,0.8400,-3.5000,-0.1050
61143710,sitting,-0.0183,-0.0102,1.0297,0.8750,-3.5000,-0.0350
61143729,sitting,-0.0183,-0.0105,1.0294,0.8750,-3.5000,-0.0700
61143748,sitting,-0.0190,-0.0100,1.0297,0.8400,-3.5000,-0.0700
61143767,sitting,-0.0183,-0.0093,1.0307,0.8750,-3.5000,-0.0700
61143787,sitting,-0.0185,-0.0105,1.0289,0.9100,-3.5350,-0.0700
61143806,sitting,-0.0190,-0.0102,1.0299,0.8400,-3.5000,-0.0700
61143825,sitting,-0.0190,-0.0093,1.0307,0.8400,-3.5350,-0.0350
61143844,sitting,-0.0178,-0.0107,1.0311,0.9100,-3.5350,-0.0700
61143864,sitting,-0.0178,-0.0105,1.0307,0.8750,-3.4650,-0.0350
61143883,sitting,-0.0181,-0.0100,1.0297,0.8750,-3.5000,-0.0700
61143902,sitting,-0.0181,-0.0107,1.0285,0.8400,-3.5700,-0.0700
61143921,sitting,-0.0181,-0.0100,1.0297,0.8750,-3.5000,-0.0700
61143941,sitting,-0.0190,-0.0100,1.0302,0.8400,-3.4650,-0.1050
61143960,sitting,-0.0183,-0.0098,1.0297,0.8400,-3.5350,-0.0700
61143979,sitting,-0.0173,-0.0102,1.0307,0.8750,-3.5000,-0.0700
61143998,sitting,-0.0181,-0.0093,1.0304,0.8400,-3.5000,-0.1400
61144017,sitting,-0.0181,-0.0102,1.0304,0.9100,-3.5350,-0.0700
61144037,sitting,-0.0176,-0.0102,1.0302,0.8400,-3.5000,-0.0700
61144056,sitting,-0.0190,-0.0098,1.0297,0.8400,-3.5000,-0.0700
61144075,sitting,-0.0188,-0.0098,1.0302,0.8400,-3.5000,-0.1400
61144094,sitting,-0.0173,-0.0095,1.0294,0.8750,-3.5350,-0.0700
61144114,sitting,-0.0178,-0.0102,1.0304,0.8400,-3.5000,0.0000
61144133,sitting,-0.0181,-0.0105,1.0299,0.8400,-3.4650,-0.0700
61144152,sitting,-0.0181,-0.0100,1.0297,0.8750,-3.5000,-0.0700
61144171,sitting,-0.0181,-0.0107,1.0292,0.8400,-3.5350,-0.1050
61144191,sitting,-0.0176,-0.0100,1.0297,0.8400,-3.5350,-0.0700
61144210,sitting,-0.0176,-0.0102,1.0307,0.8750,-3.5350,-0.0700
61144229,sitting,-0.0181,-0.0102,1.0297,0.8750,-3.5350,-0.1400
61144248,sitting,-0.0190,-0.0102,1.0299,0.8400,-3.5000,-0.0700
61144267,sitting,-0.0190,-0.0105,1.0294,0.8400,-3.5000,-0.0700
61144287,sitting,-0.0178,-0.0098,1.0287,0.8400,-3.5350,-0.0700
61144306,sitting,-0.0178,-0.0105,1.0309,0.8750,-3.5000,-0.1050
61144325,sitting,-0.0181,-0.0098,1.0299,0.9100,-3.5000,-0.0350
61144344,sitting,-0.0188,-0.0093,1.0294,0.8750,-3.5350,-0.0700
61144364,sitting,-0.0183,-0.0105,1.0299,0.9100,-3.5000,-0.0350
61144383,sitting,-0.0178,-0.0107,1.0304,0.8750,-3.5000,-0.0700
61144402,sitting,-0.0185,-0.0107,1.0294,0.9100,-3.5000,-0.0350
61144421,sitting,-0.0188,-0.0107,1.0299,0.8750,-3.5000,-0.0700
61144441,sitting,-0.0188,-0.0102,1.0304,0.8400,-3.4650,-0.0700
61144460,sitting,-0.0183,-0.0105,1.0289,0.8400,-3.5000,-0.0700
61144479,sitting,-0.0183,-0.0105,1.0294,0.8400,-3.5350,-0.0700
61144498,sitting,-0.0188,-0.0100,1.0287,0.8400,-3.4650,-0.0350
61144517,sitting,-0.0178,-0.0110,1.0294,0.8750,-3.5000,-0.0350
61144537,sitting,-0.0171,-0.0107,1.0297,0.8750,-3.4650,-0.0700
61144556,sitting,-0.0188,-0.0102,1.0304,0.8400,-3.4650,-0.0700
61144575,sitting,-0.0188,-0.0105,1.0299,0.8400,-3.5350,-0.0350
61144594,sitting,-0.0185,-0.0105,1.0304,0.9100,-3.5700,-0.0700
61144614,sitting,-0.0185,-0.0105,1.0299,0.8750,-3.4650,-0.1050
61144633,sitting,-0.0188,-0.0100,1.0297,0.8750,-3.4300,-0.0700
61144652,sitting,-0.0190,-0.0098,1.0285,0.8750,-3.5000,-0.0350
61144671,sitting,-0.0176,-0.0090,1.0297,0.8400,-3.5350,-0.1050
61144691,sitting,-0.0176,-0.0100,1.0294,0.8050,-3.5000,-0.0350
61144710,sitting,-0.0181,-0.0098,1.0299,0.8050,-3.5700,-0.0700
61144729,sitting,-0.0176,-0.0107,1.0302,0.8400,-3.5350,-0.0700
61144748,sitting,-0.0176,-0.0112,1.0299,0.8400,-3.4650,-0.0700
61144767,sitting,-0.0190,-0.0093,1.0299,0.8400,-3.4650,-0.0700
61144787,sitting,-0.0200,-0.0095,1.0294,0.8400,-3.5000,-0.0700
61144806,sitting,-0.0188,-0.0102,1.0309,0.8750,-3.5000,-0.0700
61144825,sitting,-0.0188,-0.0107,1.0294,0.8400,-3.5000,-0.0700
61144844,sitting,-0.0181,-0.0098,1.0302,0.8750,-3.4650,-0.1050
61144864,sitting,-0.0188,-0.0102,1.0289,0.8050,-3.5000,-0.0700
61144883,sitting,-0.0171,-0.0105,1.0289,0.8400,-3.5000,-0.1050
61144902,sitting,-0.0173,-0.0100,1.0294,0.8750,-3.5700,-0.0700
61144921,sitting,-0.0185,-0.0095,1.0294,0.8750,-3.5000,-0.0700
61144941,sitting,-0.0183,-0.0100,1.0297,0.8750,-3.5000,-0.0350
61144960,sitting,-0.0176,-0.0095,1.0304,0.9100,-3.5350,-0.0350
61144979,sitting,-0.0181,-0.0095,1.0302,0.8750,-3.5000,-0.0700
61144998,sitting,-0.0190,-0.0102,1.0292,0.8400,-3.5000,-0.0700
61145017,sitting,-0.0190,-0.0105,1.0297,0.8400,-3.5000,-0.0700
61145037,sitting,-0.0183,-0.0102,1.0302,0.8400,-3.5000,-0.0350
61145056,sitting,-0.0176,-0.0105,1.0299,0.8050,-3.5000,-0.0700
61145075,sitting,-0.0188,-0.0107,1.0302,0.8400,-3.5000,-0.0700
61145094,sitting,-0.0181,-0.0105,1.0304,0.8750,-3.5350,-0.0700
61145114,sitting,-0.0190,-0.0100,1.0294,0.8400,-3.5000,-0.0700
61145133,sitting,-0.0176,-0.0107,1.0289,0.8400,-3.4650,-0.0700
61145152,sitting,-0.0188,-0.0100,1.0289,0.9100,-3.5000,-0.0700
61145171,sitting,-0.0181,-0.0105,1.0304,0.8750,-3.5350,-0.0350
61145191,sitting,-0.0183,-0.0093,1.0294,0.8400,-3.4650,-0.0350
61145210,sitting,-0.0185,-0.0100,1.0297,0.8400,-3.5350,-0.0350
61145229,sitting,-0.0188,-0.0100,1.0302,0.8750,-3.5000,-0.0700
61145248,sitting,-0.0185,-0.0102,1.0297,0.8400,-3.4650,-0.0700
61145267,sitting,-0.0183,-0.0098,1.0294,0.8400,-3.5700,-0.0350
61145287,sitting,-0.0188,-0.0098,1.0302,0.8750,-3.5700,-0.1050
61145306,sitting,-0.0181,-0.0095,1.0304,0.8050,-3.5000,-0.0700
61145325,sitting,-0.0193,-0.0100,1.0294,0.8400,-3.5000,-0.0700
61145344,sitting,-0.0178,-0.0102,1.0299,0.9100,-3.5000,-0.0700
61145364,sitting,-0.0185,-0.0107,1.0299,0.8400,-3.5000,-0.1050
61145383,sitting,-0.0200,-0.0105,1.0297,0.8400,-3.5000,-0.0350
61145402,sitting,-0.0188,-0.0102,1.0287,0.8400,-3.5350,-0.0700
61145421,sitting,-0.0188,-0.0102,1.0297,0.8400,-3.5000,-0.0700
61145441,sitting,-0.0183,-0.0095,1.0307,0.8400,-3.4650,-0.0350
61145460,sitting,-0.0190,-0.0102,1.0297,0.8400,-3.5350,-0.0700
61145479,sitting,-0.0185,-0.0100,1.0297,0.8750,-3.5000,-0.0700
61145498,sitting,-0.0183,-0.0100,1.0294,0.8400,-3.4300,-0.0700
61145517,sitting,-0.0181,-0.0100,1.0304,0.8400,-3.5000,-0.0700
61145537,sitting,-0.0183,-0.0098,1.0294,0.8400,-3.5350,-0.0700
61145556,sitting,-0.0176,-0.0098,1.0299,0.8400,-3.5000,-0.0700
61145575,sitting,-0.0178,-0.0100,1.0297,0.8750,-3.5000,-0.0700
61145594,sitting,-0.0183,-0.0100,1.0304,0.9100,-3.5350,-0.0700
61145614,sitting,-0.0190,-0.0100,1.0294,0.8400,-3.5350,-0.0350
61145633,sitting,-0.0181,-0.0107,1.0289,0.8400,-3.5000,-0.0700
61145652,sitting,-0.0181,-0.0100,1.0294,0.8400,-3.4650,-0.1400
61145671,sitting,-0.0181,-0.0105,1.0299,0.8400,-3.5000,-0.1050
61145691,sitting,-0.0188,-0.0107,1.0294,0.8050,-3.4300,-0.1050
61145710,sitting,-0.0185,-0.0100,1.0294,0.8400,-3.5000,-0.0700
61145729,sitting,-0.0185,-0.0095,1.0287,0.8750,-3.5350,-0.0700
61145748,sitting,-0.0181,-0.0102,1.0302,0.8400,-3.4650,-0.1050
61145767,sitting,-0.0185,-0.0098,1.0302,0.8400,-3.5000,-0.0350
61145787,sitting,-0.0193,-0.0095,1.0307,0.8400,-3.5350,-0.1050
61145806,sitting,-0.0181,-0.0105,1.0304,0.8400,-3.4650,-0.0700
61145825,sitting,-0.0185,-0.0105,1.0299,0.8400,-3.5350,-0.0700
61145844,sitting,-0.0185,-0.0095,1.0299,0.9100,-3.5700,-0.0700
61145864,sitting,-0.0183,-0.0100,1.0294,0.8400,-3.5350,-0.0350
61145883,sitting,-0.0183,-0.0095,1.0302,0.8750,-3.5350,-0.0700
61145902,sitting,-0.0183,-0.0100,1.0292,0.8750,-3.5000,-0.0700
61145921,sitting,-0.0185,-0.0102,1.0294,0.8750,-3.5000,-0.0700
61145941,sitting,-0.0178,-0.0098,1.0297,0.8400,-3.4650,-0.0350
61145960,sitting,-0.0178,-0.0105,1.0297,0.9100,-3.5350,-0.0350
61145979,sitting,-0.0190,-0.0102,1.0297,0.8400,-3.5350,-0.0700
61145998,sitting,-0.0181,-0.0098,1.0311,0.8400,-3.5000,-0.1050
61146017,sitting,-0.0183,-0.0098,1.0297,0.8400,-3.5000,-0.0700
61146037,sitting,-0.0185,-0.0105,1.0316,0.8400,-3.5350,-0.0350
61146056,sitting,-0.0185,-0.0102,1.0304,0.8750,-3.4650,-0.0700
61146075,sitting,-0.0183,-0.0100,1.0299,0.8400,-3.5000,-0.0700
61146094,sitting,-0.0183,-0.0098,1.0292,0.8750,-3.5350,-0.0700
61146114,sitting,-0.0176,-0.0102,1.0299,0.8050,-3.5350,-0.0700
61146133,sitting,-0.0178,-0.0090,1.0302,0.8750,-3.5000,-0.0700
61146152,sitting,-0.0188,-0.0095,1.0302,0.8750,-3.5350,-0.0700
61146171,sitting,-0.0183,-0.0102,1.0294,0.8400,-3.5350,-0.0700
61146191,sitting,-0.0181,-0.0105,1.0304,0.8400,-3.4300,-0.1050
61146210,sitting,-0.0188,-0.0095,1.0297,0.8400,-3.5000,-0.0700
61146229,sitting,-0.0181,-0.0102,1.0292,0.8400,-3.5350,-0.0700
61146248,sitting,-0.0183,-0.0105,1.0302,0.8400,-3.5350,-0.1050
61146267,sitting,-0.0185,-0.0105,1.0297,0.8750,-3.5000,-0.0700
61146287,sitting,-0.0181,-0.0100,1.0294,0.8750,-3.5350,-0.0700
61146306,sitting,-0.0181,-0.0102,1.0294,0.8400,-3.4650,-0.0700
61146325,sitting,-0.0188,-0.0098,1.0299,0.8750,-3.4650,-0.0700
61146344,sitting,-0.0193,-0.0105,1.0307,0.8750,-3.5350,-0.0700
61146364,sitting,-0.0185,-0.0102,1.0307,0.8750,-3.5350,-0.0700
61146383,sitting,-0.0183,-0.0105,1.0302,0.8750,-3.4650,-0.0700
61146402,sitting,-0.0185,-0.0105,1.0292,0.8400,-3.5000,-0.0700
61146421,sitting,-0.0185,-0.0102,1.0294,0.8750,-3.5000,-0.1050
61146441,sitting,-0.0181,-0.0105,1.0294,0.8400,-3.5000,-0.0700
61146460,sitting,-0.0183,-0.0105,1.0299,0.8750,-3.5350,-0.0700
61146479,sitting,-0.0183,-0.0095,1.0304,0.8750,-3.5350,-0.0700
61146498,sitting,-0.0183,-0.0098,1.0304,0.8050,-3.4300,-0.0700
61146517,sitting,-0.0181,-0.0107,1.0302,0.8750,-3.5350,-0.1050
61146537,sitting,-0.0190,-0.0100,1.0304,0.9100,-3.5350,-0.0700
61146556,sitting,-0.0188,-0.0098,1.0299,0.8400,-3.5000,-0.0700
61146575,sitting,-0.0188,-0.0093,1.0297,0.8050,-3.4300,-0.1050
61146594,sitting,-0.0178,-0.0105,1.0304,0.8750,-3.5350,-0.0350
61146614,sitting,-0.0188,-0.0095,1.0307,0.8750,-3.5000,-0.0350
61146633,sitting,-0.0183,-0.0102,1.0294,0.8750,-3.5350,-0.1050
61146652,sitting,-0.0183,-0.0100,1.0299,0.8750,-3.5350,-0.1050
61146671,sitting,-0.0183,-0.0100,1.0297,0.8750,-3.5000,-0.1050
61146691,sitting,-0.0190,-0.0105,1.0299,0.8400,-3.5000,-0.1050
61146710,sitting,-0.0181,-0.0105,1.0292,0.8750,-3.5350,-0.0700
61146729,sitting,-0.0188,-0.0110,1.0304,0.8750,-3.5000,-0.0700
61146748,sitting,-0.0176,-0.0105,1.0302,0.8050,-3.4650,-0.0700
61146767,sitting,-0.0176,-0.0090,1.0299,0.8400,-3.5000,-0.0700
61146787,sitting,-0.0181,-0.0098,1.0285,0.8750,-3.5000,-0.0700
61146806,sitting,-0.0181,-0.0105,1.0294,0.8750,-3.5000,-0.0700
61146825,sitting,-0.0183,-0.0100,1.0297,0.8400,-3.4650,-0.0350
61146844,sitting,-0.0190,-0.0100,1.0297,0.8750,-3.5000,-0.0350
61146864,sitting,-0.0173,-0.0093,1.0297,0.8750,-3.5350,-0.0700
61146883,sitting,-0.0181,-0.0095,1.0307,0.8400,-3.4650,-0.1400
61146902,sitting,-0.0188,-0.0110,1.0302,0.8400,-3.5000,-0.0700
61146921,sitting,-0.0181,-0.0107,1.0302,0.8750,-3.5350,0.0000
61146941,sitting,-0.0181,-0.0107,1.0294,0.8750,-3.4650,-0.0700
61146960,sitting,-0.0181,-0.0110,1.0289,0.8400,-3.5000,-0.0700
61146979,sitting,-0.0185,-0.0105,1.0292,0.8750,-3.5350,-0.0700
61146998,sitting,-0.0181,-0.0098,1.0304,0.8400,-3.4300,-0.0700
61147017,sitting,-0.0178,-0.0095,1.0299,0.8750,-3.5000,-0.0700
61147037,sitting,-0.0171,-0.0098,1.0297,0.8750,-3.5700,-0.0700
61147056,sitting,-0.0183,-0.0100,1.0289,0.9100,-3.5000,-0.0700
61147075,sitting,-0.0190,-0.0105,1.0292,0.8400,-3.4650,-0.0700
61147094,sitting,-0.0178,-0.0102,1.0287,0.8750,-3.5350,-0.0350
61147114,sitting,-0.0185,-0.0095,1.0294,0.8750,-3.5350,-0.0700
61147133,sitting,-0.0183,-0.0102,1.0299,0.8400,-3.4650,-0.1050
61147152,sitting,-0.0183,-0.0105,1.0294,0.9100,-3.5350,-0.0700
61147171,sitting,-0.0181,-0.0102,1.0294,0.8750,-3.5000,-0.0350
61147191,sitting,-0.0176,-0.0100,1.0307,0.8750,-3.5000,-0.0700
61147210,sitting,-0.0181,-0.0105,1.0294,0.8400,-3.4300,-0.0350
61147229,sitting,-0.0178,-0.0105,1.0299,0.8400,-3.5350,-0.0350
61147248,sitting,-0.0181,-0.0098,1.0297,0.8400,-3.4650,-0.0700
61147267,sitting,-0.0181,-0.0105,1.0289,0.9100,-3.5000,-0.0700
61147287,sitting,-0.0176,-0.0100,1.0294,0.9100,-3.5000,-0.1050
61147306,sitting,-0.0188,-0.0107,1.0294,0.8750,-3.5350,-0.0350
61147325,sitting,-0.0183,-0.0098,1.0289,0.8400,-3.5000,-0.0700
61147344,sitting,-0.0185,-0.0105,1.0287,0.8750,-3.5350,-0.0700
61147364,sitting,-0.0181,-0.0107,1.0292,0.8750,-3.5000,-0.0350
61147383,sitting,-0.0183,-0.0098,1.0297,0.8050,-3.4650,-0.0700
61147402,sitting,-0.0181,-0.0100,1.0299,0.8400,-3.5350,0.0000
61147421,sitting,-0.0181,-0.0090,1.0297,0.8400,-3.5350,-0.0700
61147441,sitting,-0.0188,-0.0093,1.0289,0.8400,-3.4300,-0.0700
61147460,sitting,-0.0190,-0.0098,1.0294,0.9100,-3.4650,-0.0700
61147479,sitting,-0.0185,-0.0100,1.0297,0.9100,-3.5700,-0.1050
61147498,sitting,-0.0181,-0.0098,1.0289,0.8750,-3.5000,-0.0700
61147517,sitting,-0.0183,-0.0105,1.0299,0.8750,-3.5000,-0.0700
61147537,sitting,-0.0183,-0.0100,1.0307,0.8750,-3.5350,-0.0700
61147556,sitting,-0.0178,-0.0098,1.0299,0.8400,-3.5350,-0.0350
61147575,sitting,-0.0178,-0.0100,1.0287,0.8400,-3.5350,-0.0700
61147594,sitting,-0.0185,-0.0095,1.0299,0.9100,-3.5700,-0.0350
61147614,sitting,-0.0183,-0.0100,1.0297,0.9100,-3.5350,-0.0350
61147633,sitting,-0.0181,-0.0105,1.0304,0.8750,-3.5000,-0.0700
61147652,sitting,-0.0178,-0.0102,1.0297,0.8750,-3.5350,-0.1050
61147671,sitting,-0.0181,-0.0102,1.0297,0.8750,-3.5350,-0.0700
61147691,sitting,-0.0183,-0.0105,1.0309,0.8400,-3.5000,-0.0700
61147710,sitting,-0.0190,-0.0095,1.0307,0.8400,-3.5000,-0.0700
61147729,sitting,-0.0181,-0.0107,1.0304,0.8400,-3.5000,-0.0700
61147748,sitting,-0.0178,-0.0098,1.0299,0.8400,-3.4300,-0.1050
61147767,sitting,-0.0185,-0.0095,1.0287,0.8400,-3.4300,-0.0700
61147787,sitting,-0.0185,-0.0098,1.0299,0.8400,-3.5350,-0.0700
61147806,sitting,-0.0181,-0.0100,1.0299,0.8400,-3.4650,-0.1050
61147825,sitting,-0.0188,-0.0105,1.0297,0.8400,-3.5000,-0.1050
61147844,sitting,-0.0178,-0.0090,1.0307,0.8750,-3.5350,-0.0700
61147864,sitting,-0.0193,-0.0107,1.0302,0.8750,-3.5350,-0.0350
61147883,sitting,-0.0183,-0.0098,1.0304,0.8400,-3.4300,-0.0700
61147902,sitting,-0.0188,-0.0107,1.0294,0.8750,-3.5000,-0.0700
61147921,sitting,-0.0173,-0.0090,1.0297,0.8750,-3.5350,-0.0700
61147941,sitting,-0.0188,-0.0100,1.0304,0.8750,-3.4650,-0.0700
61147960,sitting,-0.0193,-0.0095,1.0309,0.8750,-3.5000,-0.1050
61147979,sitting,-0.0181,-0.0100,1.0297,0.8750,-3.5350,-0.0700
61147998,sitting,-0.0185,-0.0100,1.0294,0.8750,-3.4650,-0.0700
61148017,sitting,-0.0188,-0.0100,1.0297,0.8400,-3.5000,-0.0700
61148037,sitting,-0.0185,-0.0102,1.0307,0.8400,-3.5000,-0.0700
61148056,sitting,-0.0183,-0.0105,1.0297,0.8050,-3.5000,-0.0700
61148075,sitting,-0.0181,-0.0105,1.0302,0.8050,-3.5000,-0.0700
61148094,sitting,-0.0185,-0.0107,1.0289,0.8400,-3.5000,-0.0700
61148114,sitting,-0.0193,-0.0110,1.0287,0.8400,-3.5700,0.0000
61148133,sitting,-0.0183,-0.0100,1.0297,0.8400,-3.4650,-0.0700
61148152,sitting,-0.0188,-0.0105,1.0309,0.8750,-3.5000,-0.1050
61148171,sitting,-0.0173,-0.0110,1.0302,0.9100,-3.5350,-0.0700
61148191,sitting,-0.0176,-0.0098,1.0299,0.8400,-3.5000,-0.0350
61148210,sitting,-0.0183,-0.0105,1.0307,0.9100,-3.5350,-0.0350
61148229,sitting,-0.0188,-0.0098,1.0297,0.9100,-3.5350,0.0000
61148248,sitting,-0.0183,-0.0100,1.0289,0.8750,-3.5000,-0.0700
61148267,sitting,-0.0183,-0.0105,1.0287,0.8400,-3.5000,-0.0700
61148287,sitting,-0.0185,-0.0102,1.0289,0.8750,-3.5000,-0.0700
61148306,sitting,-0.0185,-0.0098,1.0302,0.8750,-3.5000,-0.0700
61148325,sitting,-0.0185,-0.0098,1.0307,0.8400,-3.4650,0.0000
61148344,sitting,-0.0183,-0.0102,1.0292,0.8750,-3.5700,-0.0350
61148364,sitting,-0.0183,-0.0107,1.0304,0.8400,-3.5000,-0.0700
61148383,sitting,-0.0183,-0.0102,1.0294,0.8400,-3.4650,-0.0700
61148402,sitting,-0.0185,-0.0102,1.0299,0.8400,-3.5000,-0.0700
61148421,sitting,-0.0185,-0.0098,1.0307,0.8750,-3.5700,-0.0350
61148441,sitting,-0.0181,-0.0102,1.0304,0.8750,-3.5000,-0.0350
61148460,sitting,-0.0176,-0.0100,1.0304,0.8400,-3.5000,-0.0700
61148479,sitting,-0.0185,-0.0102,1.0297,0.9100,-3.5350,-0.0700
61148498,sitting,-0.0181,-0.0100,1.0292,0.9100,-3.5000,-0.0700
61148517,sitting,-0.0190,-0.0102,1.0294,0.8750,-3.5350,0.0000
61148537,sitting,-0.0176,-0.0102,1.0294,0.8750,-3.5350,-0.1050
61148556,sitting,-0.0176,-0.0090,1.0304,0.9100,-3.5000,-0.0700
61148575,sitting,-0.0183,-0.0095,1.0297,0.8750,-3.5000,-0.0350
61148594,sitting,-0.0176,-0.0095,1.0299,0.9100,-3.5350,-0.0700
61148614,sitting,-0.0185,-0.0102,1.0304,0.8750,-3.5350,-0.0350
61148633,sitting,-0.0200,-0.0088,1.0304,0.8400,-3.4650,-0.0700
61148652,sitting,-0.0185,-0.0102,1.0309,0.8400,-3.5000,-0.0700
61148671,sitting,-0.0181,-0.0107,1.0297,0.9100,-3.5350,-0.0700
61148691,sitting,-0.0176,-0.0100,1.0297,0.8750,-3.5000,-0.0700
61148710,sitting,-0.0181,-0.0095,1.0289,0.9100,-3.5000,-0.0700
61148729,sitting,-0.0181,-0.0105,1.0304,0.8750,-3.5350,-0.0700
61148748,sitting,-0.0168,-0.0105,1.0302,0.8750,-3.5350,-0.0700
61148767,sitting,-0.0183,-0.0102,1.0309,0.8750,-3.5000,-0.0700
61148787,sitting,-0.0185,-0.0095,1.0307,0.8400,-3.4650,-0.0350
61148806,sitting,-0.0185,-0.0100,1.0302,0.8750,-3.5350,-0.0700
61148825,sitting,-0.0176,-0.0102,1.0289,0.8400,-3.4650,-0.0700
61148844,sitting,-0.0161,-0.0095,1.0292,0.8400,-3.5350,-0.0700
61148864,sitting,-0.0183,-0.0085,1.0294,0.8750,-3.5700,-0.0350
61148883,sitting,-0.0181,-0.0105,1.0299,0.8400,-3.5000,-0.0700
61148902,sitting,-0.0173,-0.0105,1.0297,0.9100,-3.5350,-0.0700
61148921,sitting,-0.0181,-0.0100,1.0289,0.9100,-3.5700,-0.0700
61148941,sitting,-0.0185,-0.0110,1.0297,0.8400,-3.5000,-0.0700
61148960,sitting,-0.0188,-0.0102,1.0292,0.8750,-3.5700,0.0000
61148979,sitting,-0.0183,-0.0100,1.0299,0.8750,-3.5700,-0.0350
61148998,sitting,-0.0168,-0.0100,1.0294,0.8750,-3.5350,-0.0700
61149017,sitting,-0.0178,-0.0107,1.0299,0.8400,-3.4650,-0.0350
61149037,sitting,-0.0190,-0.0107,1.0299,0.8400,-3.5350,-0.0700
61149056,sitting,-0.0185,-0.0112,1.0287,0.8750,-3.5350,-0.0350
61149075,sitting,-0.0183,-0.0093,1.0294,0.8750,-3.5000,-0.0700
61149094,sitting,-0.0181,-0.0102,1.0302,0.8750,-3.5700,-0.0700
61149114,sitting,-0.0195,-0.0100,1.0297,0.9100,-3.5700,-0.0700
61149133,sitting,-0.0198,-0.0105,1.0289,0.8400,-3.4650,-0.0350
61149152,sitting,-0.0183,-0.0105,1.0299,0.8400,-3.5000,-0.0700
61149171,sitting,-0.0185,-0.0105,1.0294,0.8750,-3.5350,-0.0350
61149191,sitting,-0.0188,-0.0098,1.0287,0.8400,-3.5350,-0.0700
61149210,sitting,-0.0185,-0.0100,1.0292,0.8750,-3.5000,-0.0350
61149229,sitting,-0.0183,-0.0100,1.0289,0.8750,-3.5000,-0.0700
61149248,sitting,-0.0183,-0.0095,1.0302,0.8750,-3.5350,-0.0700
61149267,sitting,-0.0183,-0.0098,1.0307,0.8750,-3.5350,-0.0700
61149287,sitting,-0.0181,-0.0095,1.0294,0.9100,-3.6050,-0.0700
61149306,sitting,-0.0185,-0.0100,1.0287,0.8750,-3.5350,-0.0350
61149325,sitting,-0.0188,-0.0102,1.0289,0.8750,-3.5000,-0.1050
61149344,sitting,-0.0183,-0.0105,1.0299,0.8400,-3.5000,-0.1050
61149364,sitting,-0.0185,-0.0102,1.0302,0.8400,-3.5000,-0.0350
61149383,sitting,-0.0181,-0.0107,1.0302,0.8050,-3.5000,-0.1400
61149402,sitting,-0.0185,-0.0102,1.0294,0.8750,-3.5700,-0.0700
61149421,sitting,-0.0183,-0.0093,1.0307,0.8400,-3.5000,-0.0700
61149441,sitting,-0.0176,-0.0100,1.0299,0.8400,-3.4650,-0.1050
61149460,sitting,-0.0178,-0.0102,1.0311,0.8400,-3.4650,-0.0700
61149479,sitting,-0.0185,-0.0098,1.0314,0.8400,-3.5700,-0.0700
61149498,sitting,-0.0183,-0.0112,1.0309,0.8400,-3.5000,-0.0700
61149517,sitting,-0.0181,-0.0100,1.0307,0.8050,-3.5000,-0.0700
61149537,sitting,-0.0178,-0.0098,1.0302,0.8400,-3.5700,-0.0700
61149556,sitting,-0.0176,-0.0100,1.0302,0.9100,-3.5000,-0.0700
61149575,sitting,-0.0185,-0.0098,1.0299,0.8400,-3.5000,-0.0700
61149594,sitting,-0.0183,-0.0095,1.0294,0.8400,-3.5000,-0.0700
61149614,sitting,-0.0183,-0.0100,1.0299,0.8400,-3.5000,-0.0700
61149633,sitting,-0.0193,-0.0112,1.0292,0.8400,-3.5000,-0.1050
61149652,sitting,-0.0178,-0.0107,1.0297,0.8400,-3.4650,-0.0700
61149671,sitting,-0.0183,-0.0100,1.0302,0.8400,-3.5350,-0.1400
61149691,sitting,-0.0188,-0.0098,1.0299,0.8400,-3.4650,-0.1050
61149710,sitting,-0.0178,-0.0107,1.0294,0.9100,-3.5000,-0.0350
61149729,sitting,-0.0183,-0.0100,1.0297,0.8400,-3.4650,-0.1400
61149748,sitting,-0.0193,-0.0105,1.0302,0.8400,-3.4650,-0.0700
61149767,sitting,-0.0181,-0.0093,1.0292,0.8750,-3.4650,-0.0700
61149787,sitting,-0.0185,-0.0105,1.0299,0.8400,-3.5000,-0.0700
61149806,sitting,-0.0173,-0.0102,1.0297,0.8400,-3.5350,-0.0700
61149825,sitting,-0.0176,-0.0110,1.0304,0.8400,-3.4650,-0.0700
61149844,sitting,-0.0176,-0.0102,1.0289,0.9100,-3.5700,-0.0700
61149864,sitting,-0.0185,-0.0107,1.0302,0.8750,-3.5350,0.0000
61149883,sitting,-0.0183,-0.0110,1.0294,0.8050,-3.5000,-0.0700
61149902,sitting,-0.0176,-0.0102,1.0294,0.9100,-3.5000,-0.0700
61149921,sitting,-0.0173,-0.0095,1.0292,0.8750,-3.5350,0.0000
61149941,sitting,-0.0178,-0.0100,1.0307,0.8750,-3.5000,-0.0700
61149960,sitting,-0.0181,-0.0102,1.0309,0.8750,-3.5700,-0.0700
61149979,sitting,-0.0188,-0.0112,1.0292,0.8750,-3.5000,-0.0700
61149998,sitting,-0.0185,-0.0115,1.0302,0.8400,-3.5350,-0.0700
61150017,sitting,-0.0178,-0.0102,1.0302,0.8400,-3.4650,-0.1050
61150037,sitting,-0.0190,-0.0102,1.0297,0.8750,-3.5700,-0.0700
61150056,sitting,-0.0183,-0.0098,1.0297,0.8400,-3.5350,-0.0350
61150075,sitting,-0.0181,-0.0102,1.0294,0.8400,-3.4650,-0.0700
61150094,sitting,-0.0181,-0.0093,1.0297,0.8750,-3.5000,-0.0700
61150114,sitting,-0.0188,-0.0093,1.0299,0.8750,-3.5000,-0.0350
61150133,sitting,-0.0178,-0.0098,1.0299,0.8750,-3.5000,-0.0700
61150152,sitting,-0.0183,-0.0095,1.0292,0.8750,-3.5000,0.0000
61150171,sitting,-0.0181,-0.0093,1.0287,0.8750,-3.5700,-0.0700
61150191,sitting,-0.0171,-0.0098,1.0280,0.8400,-3.4650,-0.0700
61150210,sitting,-0.0183,-0.0095,1.0294,0.8400,-3.5000,-0.1050
61150229,sitting,-0.0188,-0.0105,1.0302,0.8750,-3.5000,-0.0700
61150248,sitting,-0.0188,-0.0105,1.0302,0.9100,-3.5000,-0.0700
61150267,sitting,-0.0178,-0.0098,1.0299,0.8050,-3.4650,-0.0700
61150287,sitting,-0.0171,-0.0100,1.0297,0.8750,-3.5350,-0.0700
61150306,sitting,-0.0190,-0.0102,1.0299,0.8750,-3.5000,-0.0700
61150325,sitting,-0.0183,-0.0105,1.0304,0.8400,-3.5350,-0.0700
61150344,sitting,-0.0181,-0.0098,1.0299,0.8400,-3.5350,-0.0700
61150364,sitting,-0.0188,-0.0107,1.0297,0.8750,-3.5700,-0.0700
61150383,sitting,-0.0185,-0.0100,1.0297,0.8400,-3.4650,-0.1050
61150402,sitting,-0.0185,-0.0102,1.0294,0.8400,-3.5000,-0.0700
61150421,sitting,-0.0173,-0.0098,1.0302,0.9100,-3.5000,-0.0700
61150441,sitting,-0.0178,-0.0102,1.0299,0.8400,-3.4650,-0.0700
61150460,sitting,-0.0183,-0.0110,1.0299,0.8400,-3.4650,-0.1400
61150479,sitting,-0.0183,-0.0098,1.0292,0.9100,-3.5000,-0.0700
61150498,sitting,-0.0181,-0.0098,1.0294,0.8750,-3.5350,-0.1050
61150517,sitting,-0.0181,-0.0102,1.0297,0.8400,-3.5000,-0.1050
61150537,sitting,-0.0185,-0.0093,1.0304,0.8400,-3.5000,-0.0700
61150556,sitting,-0.0181,-0.0098,1.0297,0.8400,-3.5000,-0.0700
61150575,sitting,-0.0176,-0.0098,1.0304,0.8400,-3.4650,-0.0350
61150594,sitting,-0.0171,-0.0100,1.0297,0.8750,-3.5000,-0.0700
61150614,sitting,-0.0176,-0.0102,1.0304,0.8750,-3.5350,-0.1050
61150633,sitting,-0.0188,-0.0102,1.0302,0.8400,-3.5000,-0.1050
61150652,sitting,-0.0178,-0.0102,1.0314,0.8750,-3.5000,-0.0350
61150671,sitting,-0.0176,-0.0102,1.0285,0.9100,-3.5350,-0.0700
61150691,sitting,-0.0185,-0.0100,1.0304,0.8400,-3.5000,-0.1050
61150710,sitting,-0.0190,-0.0105,1.0302,0.8400,-3.5000,-0.0700
61150729,sitting,-0.0183,-0.0110,1.0304,0.8750,-3.5350,-0.0700
61150748,sitting,-0.0181,-0.0100,1.0292,0.8750,-3.5000,-0.0700
61150767,sitting,-0.0181,-0.0105,1.0299,0.8400,-3.4650,-0.0700
61150787,sitting,-0.0183,-0.0107,1.0292,0.8750,-3.5350,-0.0700
61150806,sitting,-0.0178,-0.0098,1.0294,0.8750,-3.5350,-0.0700
61150825,sitting,-0.0176,-0.0093,1.0297,0.8050,-3.5000,-0.0700
61150844,sitting,-0.0193,-0.0105,1.0292,0.8750,-3.5350,-0.0350
61150864,sitting,-0.0178,-0.0102,1.0292,0.8400,-3.5000,-0.0350
61150883,sitting,-0.0173,-0.0100,1.0289,0.8750,-3.4650,-0.0700
61150902,sitting,-0.0181,-0.0100,1.0299,0.9100,-3.5350,-0.0700
61150921,sitting,-0.0183,-0.0105,1.0297,0.8750,-3.5000,-0.0700
61150941,sitting,-0.0181,-0.0102,1.0299,0.8750,-3.5000,-0.0700
61150960,sitting,-0.0176,-0.0093,1.0292,0.8750,-3.5000,-0.0700
61150979,sitting,-0.0185,-0.0102,1.0309,0.8400,-3.5700,-0.0350
61150998,sitting,-0.0183,-0.0107,1.0304,0.8750,-3.4650,-0.0700
61151017,sitting,-0.0183,-0.0102,1.0294,0.8400,-3.5350,-0.0700
61151037,sitting,-0.0183,-0.0105,1.0307,0.8400,-3.5000,-0.0700
61151056,sitting,-0.0176,-0.0098,1.0299,0.8750,-3.5350,-0.0700
61151075,sitting,-0.0173,-0.0112,1.0304,0.8050,-3.4650,-0.0700
61151094,sitting,-0.0193,-0.0100,1.0302,0.8750,-3.5000,-0.0700
61151114,sitting,-0.0190,-0.0102,1.0297,0.9100,-3.5350,-0.0350
61151133,sitting,-0.0185,-0.0095,1.0302,0.8400,-3.4300,0.0000
61151152,sitting,-0.0181,-0.0098,1.0297,0.8750,-3.5000,-0.0700
61151171,sitting,-0.0183,-0.0105,1.0292,0.8400,-3.5000,-0.1400
61151191,sitting,-0.0176,-0.0110,1.0289,0.8400,-3.5000,-0.0350
61151210,sitting,-0.0185,-0.0107,1.0294,0.9100,-3.5000,-0.0350
61151229,sitting,-0.0183,-0.0107,1.0304,0.8750,-3.5350,-0.0700
61151248,sitting,-0.0190,-0.0100,1.0285,0.8750,-3.4650,-0.0700
61151267,sitting,-0.0171,-0.0095,1.0289,0.8750,-3.4650,-0.0700
61151287,sitting,-0.0181,-0.0100,1.0294,0.8400,-3.5000,-0.0700
61151306,sitting,-0.0198,-0.0102,1.0304,0.8750,-3.5350,-0.0700
61151325,sitting,-0.0185,-0.0110,1.0294,0.8400,-3.5000,-0.1400
61151344,sitting,-0.0195,-0.0095,1.0289,0.8750,-3.5350,-0.0700
61151364,sitting,-0.0190,-0.0095,1.0297,0.8750,-3.5000,-0.0700
61151383,sitting,-0.0181,-0.0105,1.0304,0.8400,-3.4300,-0.1050
61151402,sitting,-0.0183,-0.0093,1.0304,0.8400,-3.5000,-0.0700
61151421,sitting,-0.0176,-0.0095,1.0299,0.8750,-3.5350,-0.0350
61151441,sitting,-0.0178,-0.0095,1.0307,0.8750,-3.5350,-0.1050
61151460,sitting,-0.0185,-0.0105,1.0294,0.8400,-3.5000,-0.0700
61151479,sitting,-0.0183,-0.0107,1.0304,0.8400,-3.5000,-0.0700
61151498,sitting,-0.0185,-0.0105,1.0304,0.8400,-3.5700,-0.0700
61151517,sitting,-0.0185,-0.0098,1.0299,0.8050,-3.4300,-0.0700
61151537,sitting,-0.0188,-0.0105,1.0292,0.8750,-3.5350,-0.0700
61151556,sitting,-0.0190,-0.0093,1.0299,0.8400,-3.5350,-0.0700
61151575,sitting,-0.0183,-0.0098,1.0297,0.8750,-3.5000,-0.0700
61151594,sitting,-0.0185,-0.0112,1.0289,0.8400,-3.5000,-0.0700
61151614,sitting,-0.0176,-0.0098,1.0292,0.8400,-3.5350,-0.0700
61151633,sitting,-0.0181,-0.0105,1.0299,0.8400,-3.5000,-0.0700
61151652,sitting,-0.0183,-0.0095,1.0304,0.9100,-3.5000,-0.0700
61151671,sitting,-0.0185,-0.0112,1.0299,0.8750,-3.5700,-0.1050
61151691,sitting,-0.0188,-0.0095,1.0294,0.8400,-3.4650,-0.1050
61151710,sitting,-0.0188,-0.0107,1.0292,0.8400,-3.5000,-0.1050
61151729,sitting,-0.0181,-0.0102,1.0287,0.8750,-3.5350,-0.1400
61151748,sitting,-0.0176,-0.0100,1.0294,0.8400,-3.5000,-0.0700
61151767,sitting,-0.0176,-0.0100,1.0292,0.8400,-3.4300,-0.1050
61151787,sitting,-0.0183,-0.0102,1.0287,0.8400,-3.5350,-0.1050
61151806,sitting,-0.0183,-0.0100,1.0292,0.8400,-3.5700,-0.0350
61151825,sitting,-0.0185,-0.0100,1.0302,0.8400,-3.5000,-0.0700
61151844,sitting,-0.0178,-0.0112,1.0302,0.8400,-3.5000,-0.0700
61151864,sitting,-0.0183,-0.0100,1.0294,0.8400,-3.5000,-0.0700
61151883,sitting,-0.0185,-0.0100,1.0292,0.9100,-3.4650,-0.0700
61151902,sitting,-0.0185,-0.0100,1.0292,0.8750,-3.5700,-0.0700
61151921,sitting,-0.0185,-0.0098,1.0302,0.8400,-3.5000,-0.1050
61151941,sitting,-0.0190,-0.0100,1.0307,0.8050,-3.5000,-0.1050
61151960,sitting,-0.0181,-0.0102,1.0299,0.8750,-3.5000,-0.0700
61151979,sitting,-0.0176,-0.0105,1.0302,0.8750,-3.5700,-0.0350
61151998,sitting,-0.0181,-0.0100,1.0297,0.8400,-3.5000,-0.0700
61152017,sitting,-0.0190,-0.0095,1.0302,0.8050,-3.5000,-0.0700
61152037,sitting,-0.0188,-0.0105,1.0292,0.8400,-3.5350,-0.0700
61152056,sitting,-0.0181,-0.0098,1.0302,0.8400,-3.5350,-0.1050
61152075,sitting,-0.0185,-0.0105,1.0292,0.8050,-3.4650,-0.1400
61152094,sitting,-0.0188,-0.0107,1.0292,0.8400,-3.5000,-0.1050
61152114,sitting,-0.0190,-0.0093,1.0294,0.8750,-3.5000,-0.0350
61152133,sitting,-0.0190,-0.0107,1.0297,0.8050,-3.4300,-0.1050
61152152,sitting,-0.0183,-0.0107,1.0292,0.8400,-3.4650,-0.1050
61152171,sitting,-0.0190,-0.0107,1.0299,0.9100,-3.5700,-0.1050
61152191,sitting,-0.0188,-0.0098,1.0299,0.8400,-3.5000,-0.0700
61152210,sitting,-0.0193,-0.0098,1.0297,0.8400,-3.4650,-0.1050
61152229,sitting,-0.0178,-0.0098,1.0307,0.8750,-3.5000,-0.0700
61152248,sitting,-0.0185,-0.0107,1.0287,0.8750,-3.5000,-0.0700
61152267,sitting,-0.0176,-0.0107,1.0299,0.8400,-3.5000,-0.1050
61152287,sitting,-0.0176,-0.0105,1.0294,0.8400,-3.5000,-0.1050
61152306,sitting,-0.0198,-0.0110,1.0297,0.8400,-3.5000,-0.1050
61152325,sitting,-0.0193,-0.0105,1.0302,0.8400,-3.5000,-0.1050
61152344,sitting,-0.0190,-0.0107,1.0299,0.8750,-3.4650,-0.0700
61152364,sitting,-0.0173,-0.0098,1.0294,0.8750,-3.5000,-0.1400
61152383,sitting,-0.0188,-0.0100,1.0297,0.8750,-3.5000,-0.1050
61152402,sitting,-0.0193,-0.0105,1.0302,0.8750,-3.5000,-0.1400
61152421,sitting,-0.0188,-0.0102,1.0304,0.8050,-3.5000,-0.1050
61152441,sitting,-0.0173,-0.0095,1.0292,0.8400,-3.4650,-0.1400
61152460,sitting,-0.0190,-0.0105,1.0297,0.8400,-3.5000,-0.1050
61152479,sitting,-0.0185,-0.0102,1.0292,0.8400,-3.5350,-0.1050
61152498,sitting,-0.0195,-0.0102,1.0292,0.8750,-3.5000,-0.0700
61152517,sitting,-0.0176,-0.0102,1.0307,0.8400,-3.5000,-0.1400
61152537,sitting,-0.0178,-0.0110,1.0309,0.8750,-3.5350,-0.0700
61152556,sitting,-0.0185,-0.0115,1.0297,0.8750,-3.5350,-0.0700
61152575,sitting,-0.0183,-0.0105,1.0285,0.8400,-3.4650,-0.1400
61152594,sitting,-0.0173,-0.0100,1.0302,0.8400,-3.5000,-0.1400
61152614,sitting,-0.0190,-0.0098,1.0297,0.8750,-3.5700,-0.0700
61152633,sitting,-0.0183,-0.0110,1.0302,0.8750,-3.5350,-0.0700
61152652,sitting,-0.0185,-0.0112,1.0299,0.8400,-3.5350,-0.0700
61152671,sitting,-0.0183,-0.0102,1.0294,0.8750,-3.5700,-0.0700
61152691,sitting,-0.0185,-0.0105,1.0289,0.8400,-3.5000,-0.0350
61152710,sitting,-0.0183,-0.0098,1.0311,0.8400,-3.4650,-0.0700
61152729,sitting,-0.0193,-0.0105,1.0302,0.8400,-3.5000,-0.0700
61152748,sitting,-0.0178,-0.0095,1.0304,0.8400,-3.5000,-0.0350
61152767,sitting,-0.0183,-0.0102,1.0302,0.8750,-3.5000,-0.0700
61152787,sitting,-0.0195,-0.0100,1.0302,0.9100,-3.5000,-0.1050
61152806,sitting,-0.0171,-0.0098,1.0304,0.9100,-3.4650,-0.0700
61152825,sitting,-0.0173,-0.0100,1.0299,0.8750,-3.5000,-0.1050
61152844,sitting,-0.0181,-0.0100,1.0299,0.8400,-3.5350,-0.0700
61152864,sitting,-0.0188,-0.0100,1.0297,0.8750,-3.5000,-0.1050
61152883,sitting,-0.0183,-0.0105,1.0289,0.8400,-3.5000,-0.0700
61152902,sitting,-0.0181,-0.0102,1.0299,0.8400,-3.4650,-0.0700
61152921,sitting,-0.0181,-0.0107,1.0302,0.8400,-3.5000,-0.0700
61152941,sitting,-0.0181,-0.0107,1.0294,0.8750,-3.4650,-0.0700
61152960,sitting,-0.0183,-0.0100,1.0294,0.8400,-3.5000,-0.1050
61152979,sitting,-0.0188,-0.0102,1.0297,0.8750,-3.5350,-0.0700
61152998,sitting,-0.0181,-0.0102,1.0299,0.8400,-3.5000,-0.0700
61153017,sitting,-0.0178,-0.0105,1.0292,0.8750,-3.5000,-0.0700
61153037,sitting,-0.0181,-0.0098,1.0299,0.8400,-3.5000,-0.0700
61153056,sitting,-0.0185,-0.0102,1.0297,0.8400,-3.5000,-0.0700
61153075,sitting,-0.0183,-0.0095,1.0302,0.8400,-3.5000,-0.1050
61153094,sitting,-0.0181,-0.0105,1.0302,0.8400,-3.5000,-0.0700
61153114,sitting,-0.0181,-0.0095,1.0302,0.9100,-3.5350,-0.1050
61153133,sitting,-0.0176,-0.0100,1.0297,0.8050,-3.4650,-0.1050
61153152,sitting,-0.0185,-0.0095,1.0304,0.8400,-3.5350,-0.0700
61153171,sitting,-0.0176,-0.0107,1.0297,0.8400,-3.5700,-0.0700
61153191,sitting,-0.0176,-0.0105,1.0302,0.8750,-3.5350,-0.1400
61153210,sitting,-0.0176,-0.0095,1.0304,0.8050,-3.4300,-0.1050
61153229,sitting,-0.0185,-0.0102,1.0292,0.8400,-3.5350,-0.1050
61153248,sitting,-0.0188,-0.0098,1.0309,0.8400,-3.5000,-0.0350
61153267,sitting,-0.0190,-0.0095,1.0297,0.8400,-3.5000,-0.0700
61153287,sitting,-0.0188,-0.0095,1.0297,0.8400,-3.5000,-0.0700
61153306,sitting,-0.0185,-0.0100,1.0292,0.8750,-3.5350,-0.0700
61153325,sitting,-0.0168,-0.0102,1.0297,0.8050,-3.4650,-0.0700
61153344,sitting,-0.0185,-0.0100,1.0289,0.8750,-3.4650,-0.0700
61153364,sitting,-0.0183,-0.0102,1.0292,0.9450,-3.5000,-0.0700
61153383,sitting,-0.0181,-0.0105,1.0299,0.8750,-3.4650,-0.0350
61153402,sitting,-0.0178,-0.0102,1.0299,0.9100,-3.4650,-0.1050
61153421,sitting,-0.0183,-0.0102,1.0307,0.8400,-3.5350,-0.0700
61153441,sitting,-0.0176,-0.0100,1.0302,0.8400,-3.5000,-0.0700
61153460,sitting,-0.0181,-0.0102,1.0297,0.8400,-3.4650,-0.0350
61153479,sitting,-0.0171,-0.0105,1.0297,0.8750,-3.5000,-0.0700
61153498,sitting,-0.0183,-0.0100,1.0309,0.8750,-3.5000,-0.0700
61153517,sitting,-0.0181,-0.0107,1.0304,0.8400,-3.4650,-0.1050
61153537,sitting,-0.0181,-0.0107,1.0304,0.9100,-3.5350,-0.0700
61153556,sitting,-0.0183,-0.0098,1.0297,0.8750,-3.5350,-0.0700
61153575,sitting,-0.0190,-0.0100,1.0299,0.8400,-3.4300,-0.1400
61153594,sitting,-0.0185,-0.0088,1.0299,0.8400,-3.5000,-0.0700
61153614,sitting,-0.0185,-0.0105,1.0287,0.8400,-3.5000,-0.0700
61153633,sitting,-0.0173,-0.0095,1.0309,0.8400,-3.5000,-0.1050
61153652,sitting,-0.0178,-0.0095,1.0292,0.8750,-3.4650,-0.1050
61153671,sitting,-0.0178,-0.0100,1.0299,0.8400,-3.5000,-0.1050
61153691,sitting,-0.0183,-0.0102,1.0302,0.9100,-3.5000,-0.0700
61153710,sitting,-0.0183,-0.0095,1.0299,0.8400,-3.5350,-0.1050
61153729,sitting,-0.0188,-0.0105,1.0297,0.8750,-3.5000,-0.0700
61153748,sitting,-0.0188,-0.0102,1.0297,0.8750,-3.5350,-0.0700
61153767,sitting,-0.0185,-0.0102,1.0302,0.8400,-3.5000,-0.0700
61153787,sitting,-0.0176,-0.0102,1.0311,0.8400,-3.5000,-0.0700
61153806,sitting,-0.0190,-0.0098,1.0297,0.8750,-3.4650,-0.1400
61153825,sitting,-0.0190,-0.0098,1.0294,0.8400,-3.5000,-0.0700
61153844,sitting,-0.0181,-0.0098,1.0294,0.8400,-3.5000,-0.0700
61153864,sitting,-0.0188,-0.0102,1.0311,0.8750,-3.5350,-0.1050
61153883,sitting,-0.0185,-0.0105,1.0307,0.8750,-3.5000,-0.0700
61153902,sitting,-0.0173,-0.0105,1.0294,0.8400,-3.4300,-0.1050
61153921,sitting,-0.0183,-0.0107,1.0299,0.8750,-3.5000,-0.0700
61153941,sitting,-0.0188,-0.0102,1.0299,0.8750,-3.5000,-0.0700
61153960,sitting,-0.0185,-0.0100,1.0299,0.8400,-3.4650,-0.0700
61153979,sitting,-0.0185,-0.0105,1.0299,0.8750,-3.5350,-0.0700
61153998,sitting,-0.0188,-0.0098,1.0299,0.8400,-3.5000,-0.0700
61154017,sitting,-0.0185,-0.0100,1.0299,0.8400,-3.4300,-0.1050
61154037,sitting,-0.0176,-0.0110,1.0304,0.8400,-3.5700,-0.0350
61154056,sitting,-0.0188,-0.0093,1.0299,0.8400,-3.5000,-0.0350
61154075,sitting,-0.0188,-0.0098,1.0302,0.8400,-3.4650,-0.0700
61154094,sitting,-0.0176,-0.0093,1.0294,0.8750,-3.5000,-0.0350
61154114,sitting,-0.0183,-0.0102,1.0297,0.8400,-3.5350,-0.0350
61154133,sitting,-0.0188,-0.0110,1.0302,0.8750,-3.4650,-0.1050
61154152,sitting,-0.0188,-0.0100,1.0289,0.8400,-3.5000,-0.1050
61154171,sitting,-0.0181,-0.0105,1.0289,0.8400,-3.5350,-0.0700
61154191,sitting,-0.0195,-0.0112,1.0302,0.8750,-3.5000,-0.0700
61154210,sitting,-0.0176,-0.0095,1.0294,0.8400,-3.5000,-0.1050
61154229,sitting,-0.0181,-0.0090,1.0297,0.8750,-3.5700,-0.0700
61154248,sitting,-0.0178,-0.0100,1.0309,0.8400,-3.5000,-0.1050
61154267,sitting,-0.0183,-0.0088,1.0302,0.8400,-3.5000,-0.0700
61154287,sitting,-0.0183,-0.0102,1.0294,0.9100,-3.5000,-0.0350
61154306,sitting,-0.0176,-0.0093,1.0299,0.8750,-3.5350,-0.0700
61154325,sitting,-0.0185,-0.0100,1.0297,0.8400,-3.5350,-0.0700
61154344,sitting,-0.0188,-0.0105,1.0304,0.9100,-3.5000,-0.0350
61154364,sitting,-0.0185,-0.0102,1.0307,0.8750,-3.5000,-0.1050
61154383,sitting,-0.0178,-0.0102,1.0304,0.8750,-3.5000,-0.0700
61154402,sitting,-0.0181,-0.0100,1.0292,0.8400,-3.5000,-0.0700
61154421,sitting,-0.0171,-0.0095,1.0302,0.8750,-3.5000,-0.0700
61154441,sitting,-0.0178,-0.0098,1.0297,0.8750,-3.5350,-0.0350
61154460,sitting,-0.0176,-0.0100,1.0294,0.8750,-3.5000,-0.0700
61154479,sitting,-0.0176,-0.0102,1.0292,0.8750,-3.5000,-0.0700
61154498,sitting,-0.0188,-0.0105,1.0292,0.8750,-3.5350,-0.0700
61154517,sitting,-0.0181,-0.0107,1.0287,0.8400,-3.5000,-0.0700
61154537,sitting,-0.0185,-0.0098,1.0299,0.8400,-3.4650,-0.0700
61154556,sitting,-0.0183,-0.0102,1.0304,0.8400,-3.5000,-0.0700
61154575,sitting,-0.0185,-0.0105,1.0292,0.8400,-3.4650,-0.1050
61154594,sitting,-0.0181,-0.0102,1.0302,0.9100,-3.5350,-0.0350
61154614,sitting,-0.0185,-0.0095,1.0304,0.8750,-3.5350,-0.0700
61154633,sitting,-0.0178,-0.0098,1.0297,0.8400,-3.5000,-0.0700
61154652,sitting,-0.0178,-0.0098,1.0299,0.8400,-3.5000,-0.1050
61154671,sitting,-0.0178,-0.0105,1.0302,0.9100,-3.5700,-0.0700
61154691,sitting,-0.0166,-0.0105,1.0297,0.8750,-3.5000,-0.0350
61154710,sitting,-0.0181,-0.0098,1.0292,0.8400,-3.5000,-0.1050
61154729,sitting,-0.0188,-0.0102,1.0302,0.8400,-3.5000,-0.0350
61154748,sitting,-0.0183,-0.0095,1.0292,0.8400,-3.5000,-0.0700
61154767,sitting,-0.0183,-0.0102,1.0297,0.8400,-3.4650,-0.0700
61154787,sitting,-0.0181,-0.0107,1.0297,0.8750,-3.5000,-0.1050
61154806,sitting,-0.0178,-0.0107,1.0299,0.9100,-3.5000,-0.1050
61154825,sitting,-0.0181,-0.0112,1.0304,0.8400,-3.4650,-0.0350
61154844,sitting,-0.0178,-0.0107,1.0302,0.8750,-3.4650,-0.0350
61154864,sitting,-0.0183,-0.0107,1.0311,0.9100,-3.5000,-0.0700
61154883,sitting,-0.0185,-0.0107,1.0297,0.8400,-3.5000,-0.0700
61154902,sitting,-0.0190,-0.0102,1.0302,0.8750,-3.5000,-0.0700
61154921,sitting,-0.0181,-0.0102,1.0294,0.8400,-3.5000,-0.0700
61154941,sitting,-0.0181,-0.0093,1.0287,0.8400,-3.5000,-0.0700
61154960,sitting,-0.0176,-0.0098,1.0289,0.8400,-3.5000,-0.0700
61154979,sitting,-0.0181,-0.0102,1.0297,0.8400,-3.5000,-0.0700
61154998,sitting,-0.0190,-0.0102,1.0299,0.9100,-3.5350,-0.0350
61155017,sitting,-0.0178,-0.0100,1.0304,0.8400,-3.5000,-0.0350
61155037,sitting,-0.0176,-0.0088,1.0292,0.8750,-3.5350,-0.0700
61155056,sitting,-0.0185,-0.0098,1.0307,0.8050,-3.5000,-0.1050
61155075,sitting,-0.0185,-0.0102,1.0294,0.8400,-3.4650,-0.0700
61155094,sitting,-0.0183,-0.0095,1.0292,0.8400,-3.5350,-0.0700
61155114,sitting,-0.0195,-0.0105,1.0302,0.8750,-3.5700,-0.0700
61155133,sitting,-0.0173,-0.0100,1.0302,0.9100,-3.5350,-0.0350
61155152,sitting,-0.0181,-0.0100,1.0297,0.8400,-3.5000,-0.0700
61155171,sitting,-0.0178,-0.0107,1.0302,0.8750,-3.5700,-0.0700
61155191,sitting,-0.0185,-0.0105,1.0289,0.8750,-3.5350,-0.0700
61155210,sitting,-0.0185,-0.0102,1.0292,0.8750,-3.5000,-0.0700
61155229,sitting,-0.0188,-0.0098,1.0287,0.9100,-3.5350,-0.0350
61155248,sitting,-0.0190,-0.0102,1.0285,0.8750,-3.5350,-0.0350
61155267,sitting,-0.0185,-0.0100,1.0292,0.8050,-3.5350,-0.0700
61155287,sitting,-0.0195,-0.0085,1.0299,0.8750,-3.5700,-0.0350
61155306,sitting,-0.0176,-0.0093,1.0304,0.8400,-3.5700,-0.0700
61155325,sitting,-0.0181,-0.0095,1.0304,0.8400,-3.5000,-0.0700
61155344,sitting,-0.0181,-0.0100,1.0302,0.8750,-3.5000,-0.0350
61155364,sitting,-0.0176,-0.0095,1.0287,0.8400,-3.5000,-0.0700
61155383,sitting,-0.0173,-0.0105,1.0289,0.8750,-3.5000,-0.0350
61155402,sitting,-0.0183,-0.0102,1.0316,0.8400,-3.5350,-0.0700
61155421,sitting,-0.0185,-0.0095,1.0309,0.8400,-3.5000,-0.1050
61155441,sitting,-0.0183,-0.0095,1.0304,0.8750,-3.4650,-0.0700
61155460,sitting,-0.0171,-0.0093,1.0289,0.8400,-3.4650,-0.1400
61155479,sitting,-0.0181,-0.0095,1.0292,0.8400,-3.5350,-0.0700
61155498,sitting,-0.0181,-0.0102,1.0302,0.8400,-3.5000,-0.0700
61155517,sitting,-0.0183,-0.0102,1.0285,0.8400,-3.4650,-0.1050
61155537,sitting,-0.0178,-0.0093,1.0299,0.9100,-3.5350,-0.0700
61155556,sitting,-0.0181,-0.0095,1.0304,0.8750,-3.5700,-0.0700
61155575,sitting,-0.0178,-0.0093,1.0307,0.8400,-3.5350,-0.0700
61155594,sitting,-0.0185,-0.0095,1.0292,0.8400,-3.5000,-0.0700
61155614,sitting,-0.0173,-0.0102,1.0294,0.8750,-3.5350,-0.0700
61155633,sitting,-0.0188,-0.0100,1.0292,0.8750,-3.5350,-0.0350
61155652,sitting,-0.0183,-0.0095,1.0304,0.8400,-3.4650,-0.0350
61155671,sitting,-0.0176,-0.0095,1.0289,0.8750,-3.5700,-0.0700
61155691,sitting,-0.0185,-0.0100,1.0289,0.8400,-3.5350,-0.0700
61155710,sitting,-0.0185,-0.0102,1.0294,0.8400,-3.5000,-0.1400
61155729,sitting,-0.0185,-0.0105,1.0294,0.8400,-3.5000,-0.0700
61155748,sitting,-0.0181,-0.0105,1.0294,0.8750,-3.5350,-0.1050
61155767,sitting,-0.0188,-0.0098,1.0292,0.8050,-3.4650,-0.0700
61155787,sitting,-0.0193,-0.0100,1.0297,0.8750,-3.5000,-0.0700
61155806,sitting,-0.0183,-0.0102,1.0292,0.8750,-3.5000,-0.0700
61155825,sitting,-0.0195,-0.0102,1.0294,0.8750,-3.5000,-0.1050
61155844,sitting,-0.0178,-0.0105,1.0302,0.8750,-3.5000,-0.0700
61155864,sitting,-0.0181,-0.0105,1.0292,0.8400,-3.4650,-0.1050
61155883,sitting,-0.0188,-0.0105,1.0299,0.8750,-3.5000,-0.0700
61155902,sitting,-0.0183,-0.0100,1.0294,0.8400,-3.5000,-0.0700
61155921,sitting,-0.0181,-0.0093,1.0297,0.8750,-3.5700,-0.0700
61155941,sitting,-0.0190,-0.0095,1.0294,0.8400,-3.5700,-0.0350
61155960,sitting,-0.0185,-0.0098,1.0289,0.8400,-3.4650,-0.0700
61155979,sitting,-0.0181,-0.0100,1.0285,0.8400,-3.5000,-0.0700
61155998,sitting,-0.0183,-0.0107,1.0297,0.8400,-3.5350,-0.0700
61156017,sitting,-0.0181,-0.0100,1.0287,0.8400,-3.4650,-0.0700
61156037,sitting,-0.0173,-0.0093,1.0299,0.8750,-3.5000,-0.0700
61156056,sitting,-0.0171,-0.0093,1.0297,0.8750,-3.5350,-0.0700
61156075,sitting,-0.0198,-0.0100,1.0302,0.8750,-3.5000,-0.0350
61156094,sitting,-0.0185,-0.0098,1.0289,0.8400,-3.5000,-0.1050
61156114,sitting,-0.0190,-0.0100,1.0289,0.8750,-3.5350,-0.1050
61156133,sitting,-0.0173,-0.0100,1.0287,0.8400,-3.5000,-0.0700
61156152,sitting,-0.0171,-0.0105,1.0287,0.8400,-3.5000,-0.0700
61156171,sitting,-0.0190,-0.0105,1.0304,0.8750,-3.5350,0.0000
61156191,sitting,-0.0185,-0.0105,1.0297,0.8750,-3.5000,-0.0700
61156210,sitting,-0.0183,-0.0098,1.0287,0.8400,-3.4650,-0.0700
61156229,sitting,-0.0178,-0.0102,1.0287,0.8750,-3.5000,-0.0700
61156248,sitting,-0.0176,-0.0107,1.0302,0.9100,-3.5700,-0.0700
61156267,sitting,-0.0176,-0.0112,1.0299,0.8750,-3.5700,-0.0700
61156287,sitting,-0.0181,-0.0100,1.0304,0.8750,-3.5350,-0.0700
61156306,sitting,-0.0176,-0.0102,1.0285,0.8400,-3.5350,-0.0700
61156325,sitting,-0.0178,-0.0105,1.0289,0.8400,-3.5350,-0.0700
61156344,sitting,-0.0195,-0.0105,1.0297,0.8400,-3.5000,-0.0700
61156364,sitting,-0.0188,-0.0110,1.0297,0.8750,-3.5000,-0.0700
61156383,sitting,-0.0183,-0.0107,1.0299,0.9100,-3.5000,-0.0350
61156402,sitting,-0.0185,-0.0100,1.0297,0.8750,-3.4650,-0.0700
61156421,sitting,-0.0178,-0.0098,1.0302,0.8400,-3.5000,-0.0700
61156441,sitting,-0.0193,-0.0112,1.0285,0.8050,-3.5000,-0.0700
61156460,sitting,-0.0190,-0.0107,1.0299,0.8400,-3.4300,-0.1050
61156479,sitting,-0.0183,-0.0107,1.0294,0.8750,-3.4650,-0.0700
61156498,sitting,-0.0181,-0.0107,1.0307,0.9100,-3.5000,-0.0700
61156517,sitting,-0.0181,-0.0100,1.0297,0.8400,-3.5350,-0.0700
61156537,sitting,-0.0178,-0.0105,1.0285,0.8750,-3.5350,-0.0700
61156556,sitting,-0.0181,-0.0117,1.0297,0.8750,-3.5350,-0.1400
61156575,sitting,-0.0188,-0.0105,1.0297,0.8750,-3.5350,-0.0350
61156594,sitting,-0.0185,-0.0105,1.0307,0.8750,-3.5000,-0.0350
61156614,sitting,-0.0183,-0.0110,1.0292,0.9100,-3.5350,-0.0700
61156633,sitting,-0.0185,-0.0093,1.0302,0.9100,-3.5350,-0.0700
61156652,sitting,-0.0176,-0.0098,1.0299,0.8750,-3.5000,-0.1050
61156671,sitting,-0.0173,-0.0102,1.0299,0.9100,-3.5350,-0.0700
61156691,sitting,-0.0176,-0.0112,1.0307,0.8400,-3.5000,-0.0700
61156710,sitting,-0.0173,-0.0095,1.0299,0.8400,-3.4650,-0.0700
61156729,sitting,-0.0185,-0.0102,1.0304,0.8750,-3.5350,-0.0700
61156748,sitting,-0.0190,-0.0107,1.0292,0.8400,-3.4650,-0.0700
61156767,sitting,-0.0181,-0.0105,1.0299,0.8400,-3.5000,-0.0700
61156787,sitting,-0.0183,-0.0102,1.0302,0.8750,-3.5000,-0.0700
61156806,sitting,-0.0178,-0.0100,1.0289,0.8400,-3.5000,-0.0700
61156825,sitting,-0.0178,-0.0090,1.0302,0.8400,-3.5000,-0.0700
61156844,sitting,-0.0188,-0.0095,1.0302,0.8400,-3.5000,-0.1050
61156864,sitting,-0.0178,-0.0102,1.0289,0.8400,-3.5000,-0.0700
61156883,sitting,-0.0181,-0.0102,1.0294,0.8750,-3.4650,-0.0700
61156902,sitting,-0.0193,-0.0105,1.0302,0.8400,-3.4300,-0.0700
61156921,sitting,-0.0190,-0.0098,1.0285,0.8750,-3.5700,-0.0700
61156941,sitting,-0.0181,-0.0107,1.0289,0.8400,-3.5700,-0.0350
61156960,sitting,-0.0183,-0.0110,1.0294,0.8400,-3.5000,-0.0700
61156979,sitting,-0.0178,-0.0102,1.0292,0.8400,-3.5000,-0.0700
61156998,sitting,-0.0173,-0.0105,1.0307,0.8750,-3.5350,-0.1050
61157017,sitting,-0.0173,-0.0098,1.0304,0.8400,-3.5350,-0.0350
61157037,sitting,-0.0183,-0.0110,1.0285,0.8400,-3.5350,-0.0350
61157056,sitting,-0.0183,-0.0102,1.0287,0.8750,-3.5700,-0.0700
61157075,sitting,-0.0181,-0.0105,1.0289,0.8400,-3.5000,-0.0700
61157094,sitting,-0.0183,-0.0102,1.0287,0.8400,-3.4650,-0.0700
61157114,sitting,-0.0193,-0.0098,1.0287,0.9100,-3.5000,-0.0350
61157133,sitting,-0.0176,-0.0100,1.0292,0.8400,-3.5000,-0.0700
61157152,sitting,-0.0178,-0.0088,1.0304,0.8400,-3.4650,-0.0700
61157171,sitting,-0.0183,-0.0095,1.0292,0.8750,-3.5700,-0.0700
61157191,sitting,-0.0181,-0.0105,1.0282,0.8400,-3.4650,-0.0700
61157210,sitting,-0.0185,-0.0110,1.0299,0.8400,-3.5000,-0.0700
61157229,sitting,-0.0173,-0.0098,1.0292,0.9100,-3.5700,-0.0350
61157248,sitting,-0.0183,-0.0102,1.0285,0.8750,-3.5000,-0.0700
61157267,sitting,-0.0190,-0.0098,1.0302,0.8400,-3.5000,-0.0700
61157287,sitting,-0.0176,-0.0102,1.0307,0.8400,-3.5000,-0.0700
61157306,sitting,-0.0183,-0.0093,1.0292,0.8750,-3.5700,-0.0700
61157325,sitting,-0.0181,-0.0098,1.0304,0.8400,-3.5000,-0.0700
61157344,sitting,-0.0183,-0.0105,1.0297,0.8050,-3.4650,-0.0700
61157364,sitting,-0.0188,-0.0098,1.0304,0.8750,-3.5350,-0.0700
61157383,sitting,-0.0181,-0.0105,1.0294,0.8400,-3.5000,-0.0350
61157402,sitting,-0.0185,-0.0105,1.0287,0.8400,-3.4650,-0.0700
61157421,sitting,-0.0193,-0.0105,1.0289,0.8400,-3.5350,-0.0350
61157441,sitting,-0.0195,-0.0105,1.0307,0.8400,-3.5350,-0.0700
61157460,sitting,-0.0190,-0.0100,1.0302,0.8400,-3.4650,-0.0700
61157479,sitting,-0.0183,-0.0100,1.0304,0.8750,-3.5000,-0.0700
61157498,sitting,-0.0183,-0.0107,1.0289,0.8750,-3.5350,-0.0700
61157517,sitting,-0.0185,-0.0107,1.0297,0.8400,-3.5000,-0.0700
61157537,sitting,-0.0183,-0.0100,1.0304,0.8750,-3.5000,-0.0700
61157556,sitting,-0.0173,-0.0095,1.0304,0.9100,-3.5350,-0.0700
61157575,sitting,-0.0185,-0.0105,1.0282,0.9100,-3.5000,-0.0700
61157594,sitting,-0.0176,-0.0117,1.0289,0.8400,-3.5000,-0.0350
61157614,sitting,-0.0183,-0.0105,1.0299,0.9100,-3.5350,-0.0350
61157633,sitting,-0.0190,-0.0100,1.0304,0.8750,-3.5350,-0.0700
61157652,sitting,-0.0183,-0.0100,1.0304,0.8750,-3.4650,-0.0700
61157671,sitting,-0.0188,-0.0100,1.0292,0.8400,-3.5000,-0.0700
61157691,sitting,-0.0188,-0.0100,1.0294,0.8400,-3.5000,-0.1050
61157710,sitting,-0.0183,-0.0107,1.0292,0.8050,-3.4650,-0.0700
61157729,sitting,-0.0183,-0.0107,1.0302,0.8400,-3.5700,-0.0350
61157748,sitting,-0.0190,-0.0100,1.0299,0.8750,-3.5350,-0.0700
61157767,sitting,-0.0173,-0.0100,1.0289,0.8750,-3.4650,-0.0350
61157787,sitting,-0.0183,-0.0102,1.0285,0.8400,-3.4650,-0.0700
61157806,sitting,-0.0181,-0.0117,1.0292,0.8750,-3.5000,-0.1050
61157825,sitting,-0.0190,-0.0102,1.0292,0.8400,-3.5000,-0.1050
61157844,sitting,-0.0193,-0.0102,1.0314,0.8400,-3.4650,-0.0700
61157864,sitting,-0.0176,-0.0100,1.0292,0.8400,-3.5000,-0.1050
61157883,sitting,-0.0190,-0.0102,1.0294,0.8750,-3.5000,-0.1050
61157902,sitting,-0.0188,-0.0095,1.0297,0.8400,-3.5000,-0.0700
61157921,sitting,-0.0181,-0.0102,1.0299,0.8400,-3.5000,-0.0700
61157941,sitting,-0.0183,-0.0100,1.0294,0.8750,-3.5350,-0.0700
61157960,sitting,-0.0178,-0.0100,1.0302,0.8400,-3.4650,-0.1400
61157979,sitting,-0.0183,-0.0107,1.0299,0.9100,-3.5000,-0.0700
61157998,sitting,-0.0183,-0.0100,1.0299,0.8750,-3.5000,-0.0700
61158017,sitting,-0.0176,-0.0105,1.0297,0.9100,-3.5350,-0.0700
61158037,sitting,-0.0178,-0.0100,1.0294,0.9100,-3.5350,-0.0700
61158056,sitting,-0.0183,-0.0095,1.0302,0.8750,-3.5350,-0.0700
61158075,sitting,-0.0181,-0.0100,1.0294,0.8750,-3.5000,-0.0700
61158094,sitting,-0.0181,-0.0095,1.0307,0.9100,-3.5000,-0.0700
61158114,sitting,-0.0176,-0.0110,1.0302,0.8750,-3.5000,-0.0700
61158133,sitting,-0.0183,-0.0102,1.0287,0.8750,-3.5000,-0.0700
61158152,sitting,-0.0190,-0.0100,1.0289,0.8750,-3.4650,-0.0700
61158171,sitting,-0.0185,-0.0105,1.0302,0.8400,-3.5000,-0.0700
61158191,sitting,-0.0176,-0.0098,1.0309,0.8050,-3.5000,-0.1050
61158210,sitting,-0.0178,-0.0100,1.0309,0.8050,-3.4650,-0.0700
61158229,sitting,-0.0185,-0.0098,1.0289,0.8750,-3.5350,-0.0700
61158248,sitting,-0.0178,-0.0107,1.0294,0.9100,-3.5000,-0.0700
61158267,sitting,-0.0181,-0.0102,1.0304,0.8400,-3.4650,-0.0700
61158287,sitting,-0.0183,-0.0100,1.0297,0.8750,-3.5700,-0.0700
61158306,sitting,-0.0183,-0.0100,1.0299,0.9100,-3.5700,-0.0700
61158325,sitting,-0.0188,-0.0100,1.0302,0.8750,-3.5350,-0.0700
61158344,sitting,-0.0185,-0.0107,1.0307,0.8400,-3.4650,-0.0700
61158364,sitting,-0.0176,-0.0100,1.0292,0.9100,-3.5350,-0.0350
61158383,sitting,-0.0183,-0.0100,1.0302,0.8750,-3.5000,-0.0700
61158402,sitting,-0.0176,-0.0098,1.0304,0.8750,-3.4650,-0.0700
61158421,sitting,-0.0185,-0.0105,1.0292,0.9100,-3.5000,-0.0700
61158441,sitting,-0.0178,-0.0098,1.0294,0.8400,-3.5350,-0.0700
61158460,sitting,-0.0183,-0.0100,1.0292,0.8400,-3.4650,-0.0700
61158479,sitting,-0.0181,-0.0102,1.0285,0.8400,-3.5000,-0.0700
61158498,sitting,-0.0181,-0.0107,1.0299,0.8400,-3.5000,-0.0350
61158517,sitting,-0.0190,-0.0105,1.0307,0.8400,-3.5000,-0.0700
61158537,sitting,-0.0185,-0.0098,1.0307,0.8750,-3.5350,-0.1050
61158556,sitting,-0.0193,-0.0105,1.0299,0.8400,-3.5350,-0.0700
61158575,sitting,-0.0183,-0.0098,1.0294,0.8400,-3.5000,-0.0700
61158594,sitting,-0.0176,-0.0093,1.0302,0.8400,-3.4650,-0.0700
61158614,sitting,-0.0181,-0.0090,1.0294,0.9100,-3.5700,-0.1050
61158633,sitting,-0.0185,-0.0093,1.0302,0.8400,-3.5000,-0.0700
61158652,sitting,-0.0181,-0.0098,1.0299,0.9100,-3.5350,-0.0700
61158671,sitting,-0.0183,-0.0102,1.0297,0.8400,-3.5000,-0.0700
61158691,sitting,-0.0183,-0.0088,1.0304,0.9100,-3.5000,-0.0700
61158710,sitting,-0.0173,-0.0100,1.0294,0.8750,-3.5350,-0.1050
61158729,sitting,-0.0190,-0.0095,1.0294,0.8400,-3.5000,-0.0700
61158748,sitting,-0.0183,-0.0098,1.0299,0.8400,-3.5350,-0.0700
61158767,sitting,-0.0178,-0.0105,1.0302,0.8750,-3.4650,-0.1050
61158787,sitting,-0.0181,-0.0107,1.0309,0.8400,-3.5000,-0.0700
61158806,sitting,-0.0181,-0.0102,1.0287,0.9100,-3.5000,-0.0700
61158825,sitting,-0.0190,-0.0100,1.0311,0.8400,-3.5000,-0.1050
61158844,sitting,-0.0181,-0.0098,1.0294,0.8400,-3.4300,-0.1050
61158864,sitting,-0.0176,-0.0107,1.0294,0.8400,-3.5000,-0.1050
61158883,sitting,-0.0183,-0.0098,1.0307,0.8750,-3.5350,-0.0700
61158902,sitting,-0.0178,-0.0107,1.0297,0.8400,-3.5000,-0.1050
61158921,sitting,-0.0178,-0.0102,1.0304,0.8400,-3.5000,-0.0700
61158941,sitting,-0.0183,-0.0100,1.0294,0.8400,-3.5000,-0.0700
61158960,sitting,-0.0188,-0.0107,1.0307,0.8750,-3.4650,-0.0700
61158979,sitting,-0.0190,-0.0093,1.0294,0.8750,-3.5350,-0.0350
61158998,sitting,-0.0185,-0.0102,1.0297,0.8400,-3.5350,-0.0700
61159017,sitting,-0.0185,-0.0095,1.0292,0.9100,-3.5000,-0.1050
61159037,sitting,-0.0190,-0.0098,1.0289,0.8750,-3.4650,-0.0350
61159056,sitting,-0.0193,-0.0100,1.0294,0.8750,-3.5350,-0.0700
61159075,sitting,-0.0185,-0.0098,1.0292,0.8400,-3.5000,-0.0700
61159094,sitting,-0.0183,-0.0112,1.0294,0.8050,-3.4650,-0.1050
61159114,sitting,-0.0190,-0.0100,1.0297,0.8400,-3.5350,-0.0700
61159133,sitting,-0.0181,-0.0105,1.0302,0.8400,-3.5000,-0.0700
61159152,sitting,-0.0181,-0.0095,1.0297,0.8050,-3.4650,-0.1050
61159171,sitting,-0.0185,-0.0100,1.0299,0.8750,-3.5000,-0.0350
61159191,sitting,-0.0185,-0.0105,1.0297,0.8400,-3.5000,-0.0350
61159210,sitting,-0.0193,-0.0110,1.0287,0.8400,-3.4650,-0.0700
61159229,sitting,-0.0181,-0.0100,1.0294,0.8400,-3.5000,-0.1050
61159248,sitting,-0.0173,-0.0098,1.0302,0.8750,-3.5000,-0.1050
61159267,sitting,-0.0183,-0.0093,1.0304,0.9100,-3.5000,-0.0700
61159287,sitting,-0.0181,-0.0098,1.0294,0.8750,-3.5000,-0.0700
61159306,sitting,-0.0178,-0.0098,1.0294,0.8400,-3.5350,-0.0700
61159325,sitting,-0.0183,-0.0095,1.0287,0.8400,-3.5350,-0.0700
61159344,sitting,-0.0188,-0.0098,1.0304,0.8400,-3.4300,-0.0350
61159364,sitting,-0.0181,-0.0102,1.0304,0.8750,-3.5350,-0.1050
61159383,sitting,-0.0178,-0.0110,1.0299,0.8400,-3.5000,-0.1050
61159402,sitting,-0.0181,-0.0100,1.0302,0.8750,-3.5000,-0.1050
61159421,sitting,-0.0176,-0.0102,1.0299,0.8750,-3.5000,-0.0700
61159441,sitting,-0.0183,-0.0093,1.0294,0.8400,-3.4650,-0.1050
61159460,sitting,-0.0176,-0.0102,1.0302,0.8050,-3.5000,-0.0700
61159479,sitting,-0.0173,-0.0112,1.0304,0.8400,-3.5350,-0.0700
61159498,sitting,-0.0181,-0.0102,1.0302,0.9100,-3.5700,-0.0700
61159517,sitting,-0.0176,-0.0093,1.0311,0.8400,-3.4650,-0.0700
61159537,sitting,-0.0173,-0.0095,1.0304,0.8400,-3.4650,-0.1050
61159556,sitting,-0.0178,-0.0095,1.0294,0.9100,-3.5350,-0.0700
61159575,sitting,-0.0173,-0.0100,1.0302,0.8400,-3.5350,-0.0700
61159594,sitting,-0.0173,-0.0105,1.0307,0.8400,-3.4300,-0.1050
61159614,sitting,-0.0183,-0.0095,1.0299,0.8400,-3.5000,-0.0700
61159633,sitting,-0.0188,-0.0102,1.0299,0.8400,-3.5000,-0.0700
61159652,sitting,-0.0183,-0.0095,1.0302,0.8050,-3.4650,-0.0700
61159671,sitting,-0.0181,-0.0098,1.0285,0.8750,-3.5700,-0.0700
61159691,sitting,-0.0181,-0.0102,1.0297,0.8400,-3.5000,-0.0700
61159710,sitting,-0.0183,-0.0102,1.0292,0.8400,-3.5000,-0.0700
61159729,sitting,-0.0181,-0.0102,1.0304,0.8400,-3.5000,-0.0700
61159748,sitting,-0.0171,-0.0105,1.0292,0.8400,-3.5350,-0.0700
61159767,sitting,-0.0178,-0.0102,1.0297,0.8400,-3.5000,-0.1400
61159787,sitting,-0.0183,-0.0100,1.0287,0.8400,-3.5000,-0.0700
61159806,sitting,-0.0188,-0.0105,1.0289,0.8750,-3.5000,-0.0700
61159825,sitting,-0.0178,-0.0093,1.0299,0.8400,-3.5000,-0.0350
61159844,sitting,-0.0181,-0.0098,1.0289,0.8750,-3.5000,-0.0350
61159864,sitting,-0.0173,-0.0110,1.0307,0.9100,-3.5350,-0.0700
61159883,sitting,-0.0181,-0.0105,1.0299,0.8400,-3.5000,-0.0700
61159902,sitting,-0.0176,-0.0107,1.0297,0.8400,-3.4650,-0.0700
61159921,sitting,-0.0183,-0.0100,1.0285,0.8750,-3.5350,-0.0700
61159941,sitting,-0.0173,-0.0093,1.0297,0.8400,-3.5350,-0.0700
61159960,sitting,-0.0183,-0.0088,1.0299,0.8750,-3.5000,-0.0700
61159979,sitting,-0.0185,-0.0102,1.0307,0.8750,-3.5350,-0.0700
61159998,sitting,-0.0178,-0.0105,1.0289,0.9100,-3.5350,-0.0700
61160017,sitting,-0.0183,-0.0102,1.0292,0.8400,-3.5350,-0.0700
61160037,sitting,-0.0190,-0.0095,1.0297,0.8050,-3.4650,-0.1050
61160056,sitting,-0.0185,-0.0100,1.0294,0.8400,-3.5000,-0.0700
61160075,sitting,-0.0190,-0.0095,1.0304,0.8750,-3.5000,-0.0700
61160094,sitting,-0.0185,-0.0095,1.0297,0.8400,-3.5000,-0.0700
61160114,sitting,-0.0181,-0.0110,1.0302,0.8050,-3.5350,-0.0350
61160133,sitting,-0.0181,-0.0102,1.0302,0.8400,-3.5000,-0.0700
61160152,sitting,-0.0183,-0.0102,1.0285,0.8400,-3.5000,-0.0700
61160171,sitting,-0.0173,-0.0107,1.0299,0.8050,-3.4300,-0.0350
61160191,sitting,-0.0181,-0.0105,1.0302,0.8750,-3.4650,-0.0700
61160210,sitting,-0.0185,-0.0105,1.0294,0.8050,-3.4650,-0.0700
61160229,sitting,-0.0185,-0.0107,1.0292,0.8750,-3.5000,-0.0350
61160248,sitting,-0.0181,-0.0100,1.0302,0.8400,-3.5350,-0.1050
61160267,sitting,-0.0188,-0.0093,1.0292,0.9100,-3.5000,-0.0700
61160287,sitting,-0.0181,-0.0090,1.0299,0.8400,-3.4650,-0.1400
61160306,sitting,-0.0183,-0.0102,1.0297,0.8750,-3.5000,-0.0700
61160325,sitting,-0.0178,-0.0095,1.0297,0.8750,-3.5350,-0.0700
61160344,sitting,-0.0176,-0.0100,1.0297,0.8400,-3.5350,-0.0700
61160364,sitting,-0.0181,-0.0090,1.0297,0.9100,-3.5000,-0.1050
61160383,sitting,-0.0178,-0.0100,1.0302,0.8400,-3.5350,-0.1050
61160402,sitting,-0.0178,-0.0102,1.0302,0.8050,-3.4300,-0.1400
61160421,sitting,-0.0183,-0.0098,1.0289,0.8400,-3.5350,-0.1050
61160441,sitting,-0.0176,-0.0093,1.0297,0.8750,-3.5000,-0.1400
61160460,sitting,-0.0188,-0.0098,1.0299,0.8400,-3.5000,-0.0700
61160479,sitting,-0.0185,-0.0110,1.0302,0.8050,-3.4650,-0.0350
61160498,sitting,-0.0183,-0.0098,1.0289,0.8400,-3.5350,-0.0700
61160517,sitting,-0.0185,-0.0107,1.0302,0.8050,-3.5000,-0.0700
61160537,sitting,-0.0188,-0.0102,1.0299,0.8400,-3.4650,-0.1050
61160556,sitting,-0.0185,-0.0100,1.0297,0.8400,-3.5350,-0.0700
61160575,sitting,-0.0178,-0.0105,1.0292,0.8400,-3.5000,-0.0700
61160594,sitting,-0.0188,-0.0112,1.0294,0.8400,-3.4650,-0.0700
61160614,sitting,-0.0190,-0.0093,1.0304,0.9100,-3.5000,-0.0700
61160633,sitting,-0.0176,-0.0090,1.0289,0.8400,-3.5000,-0.0700
61160652,sitting,-0.0178,-0.0098,1.0299,0.8400,-3.5000,-0.1050
61160671,sitting,-0.0171,-0.0105,1.0294,0.9100,-3.5350,-0.0700
61160691,sitting,-0.0173,-0.0100,1.0304,0.8750,-3.5000,-0.0700
61160710,sitting,-0.0190,-0.0102,1.0302,0.8400,-3.5000,-0.1400
61160729,sitting,-0.0181,-0.0102,1.0302,0.8750,-3.5000,-0.0700
61160748,sitting,-0.0181,-0.0102,1.0299,0.8750,-3.5000,-0.0700
61160767,sitting,-0.0185,-0.0100,1.0304,0.8750,-3.4300,-0.1400
61160787,sitting,-0.0183,-0.0095,1.0307,0.8750,-3.4650,-0.0700
61160806,sitting,-0.0190,-0.0107,1.0299,0.8400,-3.4650,-0.1050
61160825,sitting,-0.0185,-0.0100,1.0311,0.8050,-3.5000,-0.0700
61160844,sitting,-0.0181,-0.0110,1.0307,0.8400,-3.4650,-0.0700
61160864,sitting,-0.0183,-0.0100,1.0304,0.8400,-3.5000,-0.1050
61160883,sitting,-0.0188,-0.0100,1.0289,0.8400,-3.5350,-0.0700
61160902,sitting,-0.0193,-0.0095,1.0302,0.8400,-3.5000,-0.0700
61160921,sitting,-0.0176,-0.0095,1.0292,0.8400,-3.5000,-0.1050
61160941,sitting,-0.0176,-0.0100,1.0297,0.8750,-3.5350,-0.0700
61160960,sitting,-0.0183,-0.0102,1.0292,0.8400,-3.5350,-0.0700
61160979,sitting,-0.0190,-0.0105,1.0292,0.8050,-3.5000,-0.0700
61160998,sitting,-0.0181,-0.0100,1.0297,0.8400,-3.5000,-0.0700
61161017,sitting,-0.0185,-0.0093,1.0299,0.8400,-3.4650,-0.0700
61161037,sitting,-0.0183,-0.0105,1.0304,0.8400,-3.5000,-0.0700
61161056,sitting,-0.0185,-0.0100,1.0299,0.8750,-3.5000,-0.0700
61161075,sitting,-0.0178,-0.0105,1.0304,0.8400,-3.5000,-0.1050
61161094,sitting,-0.0176,-0.0107,1.0287,0.8400,-3.4650,-0.0700
61161114,sitting,-0.0188,-0.0102,1.0299,0.8750,-3.5000,-0.1400
61161133,sitting,-0.0185,-0.0098,1.0294,0.9100,-3.5000,-0.1050
61161152,sitting,-0.0188,-0.0102,1.0307,0.8750,-3.5000,-0.1050
61161171,sitting,-0.0185,-0.0107,1.0292,0.8750,-3.4650,-0.1050
61161191,sitting,-0.0188,-0.0107,1.0297,0.9100,-3.5350,-0.0700
61161210,sitting,-0.0181,-0.0105,1.0287,0.8750,-3.5000,-0.0700
61161229,sitting,-0.0181,-0.0098,1.0297,0.8400,-3.4650,-0.0700
61161248,sitting,-0.0173,-0.0107,1.0307,0.8750,-3.5350,-0.0700
61161267,sitting,-0.0190,-0.0105,1.0287,0.8750,-3.5000,-0.0700
61161287,sitting,-0.0176,-0.0105,1.0297,0.8400,-3.5350,-0.0700
61161306,sitting,-0.0190,-0.0105,1.0304,0.8400,-3.5700,-0.1050
61161325,sitting,-0.0185,-0.0100,1.0304,0.8400,-3.5000,-0.0700
61161344,sitting,-0.0183,-0.0100,1.0307,0.8050,-3.4650,-0.1050
61161364,sitting,-0.0176,-0.0102,1.0302,0.8750,-3.4650,-0.0700
61161383,sitting,-0.0171,-0.0100,1.0299,0.8750,-3.5350,-0.0700
61161402,sitting,-0.0178,-0.0107,1.0302,0.8400,-3.5000,-0.1050
61161421,sitting,-0.0181,-0.0105,1.0292,0.8400,-3.5000,-0.0700
61161441,sitting,-0.0183,-0.0093,1.0289,0.8750,-3.5000,-0.0700
61161460,sitting,-0.0185,-0.0095,1.0299,0.8400,-3.5000,-0.0700
61161479,sitting,-0.0188,-0.0102,1.0289,0.8400,-3.5000,-0.0700
61161498,sitting,-0.0176,-0.0110,1.0297,0.8750,-3.5350,-0.1050
61161517,sitting,-0.0178,-0.0102,1.0292,0.8400,-3.5000,-0.0700
61161537,sitting,-0.0183,-0.0105,1.0292,0.8400,-3.5350,-0.0700
61161556,sitting,-0.0178,-0.0102,1.0307,0.8400,-3.5000,-0.0700
61161575,sitting,-0.0190,-0.0102,1.0309,0.8750,-3.4650,-0.1400
61161594,sitting,-0.0188,-0.0098,1.0302,0.8400,-3.4650,-0.0700
61161614,sitting,-0.0185,-0.0090,1.0299,0.8050,-3.5000,-0.1050
61161633,sitting,-0.0173,-0.0102,1.0299,0.8750,-3.5000,-0.1050
61161652,sitting,-0.0183,-0.0095,1.0297,0.8400,-3.5000,-0.1400
61161671,sitting,-0.0181,-0.0100,1.0299,0.8400,-3.5700,-0.1400
61161691,sitting,-0.0183,-0.0105,1.0287,0.8050,-3.5350,-0.1400
61161710,sitting,-0.0181,-0.0098,1.0304,0.8400,-3.5000,-0.1050
61161729,sitting,-0.0178,-0.0093,1.0299,0.8750,-3.4650,-0.0700
61161748,sitting,-0.0178,-0.0100,1.0302,0.8750,-3.5350,-0.0700
61161767,sitting,-0.0183,-0.0107,1.0307,0.8750,-3.5000,-0.1050
61161787,sitting,-0.0188,-0.0100,1.0294,0.8400,-3.4650,-0.0700
61161806,sitting,-0.0185,-0.0105,1.0302,0.8400,-3.5000,0.0000
61161825,sitting,-0.0185,-0.0105,1.0304,0.8750,-3.5350,-0.1050
61161844,sitting,-0.0185,-0.0095,1.0299,0.8400,-3.4650,-0.1050
61161864,sitting,-0.0183,-0.0100,1.0299,0.8400,-3.5000,-0.1050
61161883,sitting,-0.0185,-0.0110,1.0302,0.8400,-3.5000,-0.1050
61161902,sitting,-0.0178,-0.0107,1.0294,0.8400,-3.4650,-0.0700
61161921,sitting,-0.0183,-0.0100,1.0287,0.9100,-3.5000,-0.0700
61161941,sitting,-0.0171,-0.0110,1.0302,0.8400,-3.5350,-0.0700
61161960,sitting,-0.0176,-0.0093,1.0302,0.8750,-3.4650,-0.1050
61161979,sitting,-0.0185,-0.0100,1.0297,0.8050,-3.5000,-0.0700
61161998,sitting,-0.0178,-0.0102,1.0292,0.8400,-3.5350,-0.0700
61162017,sitting,-0.0185,-0.0110,1.0292,0.8050,-3.5000,-0.1050
61162037,sitting,-0.0185,-0.0098,1.0299,0.8050,-3.4650,-0.0700
61162056,sitting,-0.0185,-0.0102,1.0297,0.8400,-3.5000,-0.1050
61162075,sitting,-0.0183,-0.0105,1.0297,0.8050,-3.5000,-0.0700
61162094,sitting,-0.0185,-0.0100,1.0302,0.8400,-3.5000,-0.0350
61162114,sitting,-0.0185,-0.0107,1.0302,0.8750,-3.5700,0.0000
61162133,sitting,-0.0178,-0.0095,1.0299,0.8750,-3.5000,-0.1050
61162152,sitting,-0.0185,-0.0102,1.0294,0.8400,-3.4650,-0.1050
61162171,sitting,-0.0173,-0.0105,1.0304,0.8400,-3.5000,-0.1050
61162191,sitting,-0.0183,-0.0107,1.0287,0.9450,-3.5350,-0.0700
61162210,sitting,-0.0183,-0.0100,1.0292,0.8400,-3.5000,-0.0700
61162229,sitting,-0.0178,-0.0098,1.0297,0.8400,-3.5000,-0.1050
61162248,sitting,-0.0183,-0.0095,1.0289,0.8400,-3.5000,-0.1050
61162267,sitting,-0.0181,-0.0102,1.0294,0.8750,-3.4650,-0.0700
61162287,sitting,-0.0190,-0.0100,1.0294,0.8750,-3.5000,-0.1050
61162306,sitting,-0.0183,-0.0112,1.0304,0.8750,-3.5700,-0.0700
61162325,sitting,-0.0185,-0.0107,1.0304,0.9100,-3.5000,-0.0700
61162344,sitting,-0.0183,-0.0102,1.0297,0.9100,-3.5350,-0.0350
61162364,sitting,-0.0181,-0.0100,1.0299,0.8750,-3.5000,-0.1050
61162383,sitting,-0.0181,-0.0102,1.0294,0.9100,-3.5350,-0.1050
61162402,sitting,-0.0188,-0.0102,1.0302,0.8750,-3.5000,-0.0700
61162421,sitting,-0.0190,-0.0110,1.0294,0.8750,-3.5000,-0.0350
61162441,sitting,-0.0181,-0.0107,1.0302,0.8400,-3.5000,-0.0700
61162460,sitting,-0.0176,-0.0110,1.0294,0.8400,-3.5000,-0.1050
61162479,sitting,-0.0176,-0.0098,1.0299,0.8050,-3.4650,-0.0700
61162498,sitting,-0.0178,-0.0100,1.0304,0.8750,-3.5000,-0.0700
61162517,sitting,-0.0185,-0.0098,1.0311,0.8400,-3.5000,-0.0700
61162537,sitting,-0.0181,-0.0093,1.0297,0.8050,-3.5000,-0.0700
61162556,sitting,-0.0188,-0.0098,1.0294,0.8050,-3.5350,-0.0700
61162575,sitting,-0.0178,-0.0102,1.0294,0.8400,-3.5000,-0.0700
61162594,sitting,-0.0185,-0.0100,1.0304,0.9100,-3.4650,-0.0700
61162614,sitting,-0.0188,-0.0100,1.0292,0.8750,-3.5000,-0.0700
61162633,sitting,-0.0181,-0.0098,1.0294,0.8400,-3.5000,-0.0700
61162652,sitting,-0.0185,-0.0095,1.0299,0.8400,-3.5000,-0.1050
61162671,sitting,-0.0185,-0.0093,1.0292,0.8400,-3.4650,-0.0700
61162691,sitting,-0.0188,-0.0095,1.0297,0.8400,-3.5000,-0.0700
61162710,sitting,-0.0176,-0.0100,1.0287,0.8400,-3.4650,-0.1050
61162729,sitting,-0.0188,-0.0098,1.0307,0.8400,-3.5000,-0.1050
61162748,sitting,-0.0176,-0.0110,1.0311,0.8400,-3.5350,-0.0350
61162767,sitting,-0.0183,-0.0100,1.0311,0.8400,-3.4650,-0.0700
61162787,sitting,-0.0190,-0.0102,1.0299,0.8400,-3.5000,-0.0700
61162806,sitting,-0.0185,-0.0115,1.0299,0.9100,-3.5700,-0.0700
61162825,sitting,-0.0188,-0.0100,1.0297,0.8750,-3.5000,-0.0700
61162844,sitting,-0.0188,-0.0095,1.0294,0.8050,-3.4650,-0.1050
61162864,sitting,-0.0183,-0.0105,1.0307,0.8750,-3.4650,-0.0700
61162883,sitting,-0.0188,-0.0112,1.0304,0.9100,-3.5350,-0.1050
61162902,sitting,-0.0190,-0.0105,1.0297,0.8750,-3.4650,-0.1050
61162921,sitting,-0.0181,-0.0098,1.0302,0.8750,-3.5000,-0.0700
61162941,sitting,-0.0181,-0.0098,1.0307,0.8750,-3.5000,-0.0700
61162960,sitting,-0.0183,-0.0110,1.0299,0.8400,-3.5700,-0.0350
61162979,sitting,-0.0185,-0.0100,1.0292,0.8400,-3.5000,-0.0700
61162998,sitting,-0.0183,-0.0102,1.0302,0.8750,-3.5700,-0.0700
61163017,sitting,-0.0166,-0.0110,1.0299,0.8750,-3.5000,-0.0700
61163037,sitting,-0.0181,-0.0107,1.0299,0.8400,-3.4300,-0.1050
61163056,sitting,-0.0188,-0.0112,1.0307,0.8400,-3.5350,-0.1050
61163075,sitting,-0.0178,-0.0107,1.0297,0.8750,-3.5000,-0.0700
61163094,sitting,-0.0193,-0.0100,1.0299,0.8400,-3.5000,-0.0700
61163114,sitting,-0.0181,-0.0100,1.0294,0.8750,-3.5000,-0.0700
61163133,sitting,-0.0183,-0.0102,1.0287,0.8750,-3.5000,-0.0700
61163152,sitting,-0.0178,-0.0105,1.0309,0.8400,-3.5000,-0.1050
61163171,sitting,-0.0171,-0.0112,1.0302,0.8400,-3.5000,-0.1050
61163191,sitting,-0.0185,-0.0105,1.0294,0.9100,-3.5350,-0.0700
61163210,sitting,-0.0188,-0.0102,1.0292,0.8400,-3.5000,-0.0700
61163229,sitting,-0.0183,-0.0105,1.0304,0.8400,-3.5000,-0.0350
61163248,sitting,-0.0178,-0.0107,1.0302,0.8750,-3.5000,-0.0700
61163267,sitting,-0.0181,-0.0107,1.0302,0.8400,-3.5700,-0.0700
61163287,sitting,-0.0188,-0.0095,1.0302,0.8400,-3.4650,-0.0700
61163306,sitting,-0.0178,-0.0098,1.0289,0.8750,-3.5000,-0.0700
61163325,sitting,-0.0188,-0.0107,1.0302,0.9100,-3.5350,-0.1050
61163344,sitting,-0.0188,-0.0102,1.0302,0.8400,-3.4300,-0.1400
61163364,sitting,-0.0193,-0.0105,1.0307,0.8400,-3.5350,-0.0700
61163383,sitting,-0.0183,-0.0107,1.0292,0.8400,-3.5350,-0.0700
61163402,sitting,-0.0183,-0.0102,1.0302,0.8400,-3.5000,-0.0700
61163421,sitting,-0.0173,-0.0102,1.0299,0.8750,-3.5350,-0.1050
61163441,sitting,-0.0178,-0.0102,1.0292,0.9100,-3.5350,-0.0700
61163460,sitting,-0.0185,-0.0098,1.0297,0.8400,-3.4650,-0.1400
61163479,sitting,-0.0183,-0.0098,1.0299,0.8750,-3.5000,-0.0350
61163498,sitting,-0.0176,-0.0105,1.0297,0.8750,-3.5350,-0.0700
61163517,sitting,-0.0178,-0.0107,1.0299,0.8050,-3.4650,-0.0700
61163537,sitting,-0.0181,-0.0107,1.0289,0.8400,-3.5000,-0.0700
61163556,sitting,-0.0183,-0.0095,1.0307,0.8750,-3.5350,-0.0700
61163575,sitting,-0.0181,-0.0098,1.0294,0.8750,-3.5000,-0.0700
61163594,sitting,-0.0183,-0.0110,1.0289,0.8050,-3.4650,-0.0700
61163614,sitting,-0.0183,-0.0098,1.0289,0.8400,-3.5350,-0.0700
61163633,sitting,-0.0190,-0.0098,1.0292,0.8400,-3.5350,-0.0700
61163652,sitting,-0.0190,-0.0093,1.0289,0.9100,-3.4650,-0.0700
61163671,sitting,-0.0181,-0.0098,1.0292,0.8400,-3.5350,-0.0700
61163691,sitting,-0.0185,-0.0100,1.0289,0.8400,-3.5000,-0.1050
61163710,sitting,-0.0188,-0.0098,1.0292,0.8750,-3.5350,-0.1050
61163729,sitting,-0.0195,-0.0093,1.0297,0.8400,-3.5000,-0.0700
61163748,sitting,-0.0183,-0.0100,1.0294,0.8400,-3.5350,-0.0700
61163767,sitting,-0.0181,-0.0105,1.0299,0.8050,-3.4650,-0.0700
61163787,sitting,-0.0183,-0.0100,1.0294,0.8400,-3.4650,-0.0700
61163806,sitting,-0.0181,-0.0105,1.0297,0.8750,-3.4650,-0.0700
61163825,sitting,-0.0188,-0.0102,1.0299,0.9100,-3.5350,-0.0700
61163844,sitting,-0.0188,-0.0107,1.0299,0.8750,-3.4650,-0.0700
61163864,sitting,-0.0183,-0.0112,1.0302,0.8400,-3.5350,0.0000
61163883,sitting,-0.0183,-0.0100,1.0287,0.8400,-3.5350,-0.0700
61163902,sitting,-0.0183,-0.0100,1.0302,0.8400,-3.5000,-0.0700
61163921,sitting,-0.0181,-0.0102,1.0299,0.8050,-3.5000,-0.0350
61163941,sitting,-0.0176,-0.0100,1.0304,0.9100,-3.5350,-0.0350
61163960,sitting,-0.0190,-0.0100,1.0302,0.8050,-3.5000,-0.0700
61163979,sitting,-0.0185,-0.0088,1.0299,0.8400,-3.5000,-0.0700
61163998,sitting,-0.0181,-0.0105,1.0297,0.9100,-3.5350,-0.0350
61164017,sitting,-0.0181,-0.0112,1.0292,0.8750,-3.5000,-0.0700
61164037,sitting,-0.0178,-0.0107,1.0289,0.8400,-3.5000,-0.0700
61164056,sitting,-0.0176,-0.0093,1.0299,0.8750,-3.5700,-0.0700
61164075,sitting,-0.0185,-0.0100,1.0309,0.8400,-3.5000,-0.1050
61164094,sitting,-0.0183,-0.0110,1.0307,0.8400,-3.4650,-0.0700
61164114,sitting,-0.0181,-0.0102,1.0302,0.8400,-3.5000,-0.0700
61164133,sitting,-0.0185,-0.0098,1.0309,0.8400,-3.5000,-0.1050
61164152,sitting,-0.0188,-0.0107,1.0297,0.8400,-3.4650,-0.0700
61164171,sitting,-0.0185,-0.0098,1.0297,0.8400,-3.5000,-0.0350
61164191,sitting,-0.0178,-0.0100,1.0297,0.8750,-3.5350,-0.0700
61164210,sitting,-0.0183,-0.0100,1.0302,0.8400,-3.4650,-0.1400
61164229,sitting,-0.0190,-0.0098,1.0297,0.8400,-3.5000,-0.0700
61164248,sitting,-0.0178,-0.0107,1.0287,0.8400,-3.5350,-0.1050
61164267,sitting,-0.0178,-0.0100,1.0294,0.8400,-3.5700,-0.0700
61164287,sitting,-0.0178,-0.0095,1.0297,0.8400,-3.5000,-0.1400
61164306,sitting,-0.0183,-0.0110,1.0299,0.9100,-3.5000,-0.1050
61164325,sitting,-0.0178,-0.0110,1.0297,0.8400,-3.5700,-0.1050
61164344,sitting,-0.0176,-0.0095,1.0307,0.8400,-3.5000,-0.1050
61164364,sitting,-0.0185,-0.0093,1.0304,0.8750,-3.4650,-0.0350
61164383,sitting,-0.0185,-0.0100,1.0304,0.9100,-3.5000,-0.0350
61164402,sitting,-0.0183,-0.0110,1.0294,0.8400,-3.4650,-0.1050
61164421,sitting,-0.0178,-0.0107,1.0309,0.8050,-3.4650,-0.1050
61164441,sitting,-0.0193,-0.0102,1.0297,0.8400,-3.5700,-0.0700
61164460,sitting,-0.0178,-0.0100,1.0299,0.8400,-3.5000,-0.0700
61164479,sitting,-0.0183,-0.0098,1.0304,0.8400,-3.4650,-0.0700
61164498,sitting,-0.0183,-0.0105,1.0304,0.8400,-3.4300,-0.1050
61164517,sitting,-0.0181,-0.0095,1.0297,0.8750,-3.5700,-0.0700
61164537,sitting,-0.0176,-0.0098,1.0299,0.9100,-3.5350,-0.0700
61164556,sitting,-0.0181,-0.0107,1.0297,0.8400,-3.5350,-0.1050
61164575,sitting,-0.0183,-0.0110,1.0294,0.8750,-3.5000,-0.0700
61164594,sitting,-0.0178,-0.0102,1.0302,0.8400,-3.4300,-0.1050
61164614,sitting,-0.0178,-0.0105,1.0302,0.9100,-3.5000,-0.0700
61164633,sitting,-0.0178,-0.0100,1.0294,0.8400,-3.5000,-0.0700
61164652,sitting,-0.0178,-0.0098,1.0304,0.8750,-3.4650,-0.0700
61164671,sitting,-0.0178,-0.0100,1.0302,0.8400,-3.4650,-0.0700
61164691,sitting,-0.0176,-0.0100,1.0297,0.8750,-3.5000,-0.0700
61164710,sitting,-0.0183,-0.0100,1.0292,0.8400,-3.5000,-0.1050
61164729,sitting,-0.0183,-0.0098,1.0299,0.8400,-3.5000,-0.0700
61164748,sitting,-0.0178,-0.0098,1.0294,0.8400,-3.5000,-0.1050
61164767,sitting,-0.0188,-0.0100,1.0289,0.8750,-3.5000,-0.1400
61164787,sitting,-0.0183,-0.0102,1.0299,0.8400,-3.4650,-0.1050
61164806,sitting,-0.0173,-0.0105,1.0297,0.8400,-3.5000,-0.0350
61164825,sitting,-0.0176,-0.0110,1.0302,0.8400,-3.5000,-0.0700
61164844,sitting,-0.0183,-0.0105,1.0287,0.8400,-3.4650,-0.1050
61164864,sitting,-0.0181,-0.0098,1.0292,0.8400,-3.4300,-0.0700
61164883,sitting,-0.0190,-0.0100,1.0297,0.8400,-3.5350,-0.0700
61164902,sitting,-0.0183,-0.0105,1.0299,0.8400,-3.5000,-0.0350
61164921,sitting,-0.0185,-0.0107,1.0299,0.9100,-3.5000,-0.0700
61164941,sitting,-0.0188,-0.0105,1.0297,0.8400,-3.5000,-0.1050
61164960,sitting,-0.0185,-0.0100,1.0297,0.8400,-3.5000,-0.1050
61164979,sitting,-0.0183,-0.0093,1.0304,0.8400,-3.4650,-0.0700
61164998,sitting,-0.0181,-0.0095,1.0299,0.8750,-3.5350,-0.0700
61165017,sitting,-0.0181,-0.0100,1.0307,0.8400,-3.5000,-0.0700
61165037,sitting,-0.0173,-0.0095,1.0302,0.8050,-3.5000,-0.1050
61165056,sitting,-0.0176,-0.0100,1.0289,0.8400,-3.5350,-0.0700
61165075,sitting,-0.0181,-0.0098,1.0297,0.8400,-3.4650,-0.0700
61165094,sitting,-0.0183,-0.0098,1.0299,0.8400,-3.4650,-0.1050
61165114,sitting,-0.0185,-0.0098,1.0292,0.8400,-3.4650,-0.0700
61165133,sitting,-0.0198,-0.0105,1.0297,0.8400,-3.5350,-0.0700
61165152,sitting,-0.0190,-0.0090,1.0294,0.8400,-3.5000,-0.1400
61165171,sitting,-0.0188,-0.0107,1.0294,0.8400,-3.4650,-0.1050
61165191,sitting,-0.0185,-0.0102,1.0307,0.8750,-3.5350,-0.0700
61165210,sitting,-0.0185,-0.0100,1.0294,0.8750,-3.5350,-0.0700
61165229,sitting,-0.0176,-0.0095,1.0304,0.8400,-3.5000,-0.0350
61165248,sitting,-0.0188,-0.0095,1.0304,0.8400,-3.5350,-0.0700
61165267,sitting,-0.0178,-0.0095,1.0304,0.8750,-3.5350,-0.0350
61165287,sitting,-0.0183,-0.0102,1.0299,0.8400,-3.5000,-0.0350
61165306,sitting,-0.0190,-0.0107,1.0297,0.8750,-3.5350,-0.0700
61165325,sitting,-0.0176,-0.0105,1.0299,0.8400,-3.5000,-0.0700
61165344,sitting,-0.0190,-0.0115,1.0294,0.8750,-3.5000,-0.0350
61165364,sitting,-0.0185,-0.0098,1.0302,0.8400,-3.5000,-0.0700
61165383,sitting,-0.0173,-0.0107,1.0307,0.8400,-3.5700,-0.1050
61165402,sitting,-0.0183,-0.0098,1.0294,0.8050,-3.5000,-0.1050
61165421,sitting,-0.0193,-0.0102,1.0299,0.8400,-3.5000,-0.1400
61165441,sitting,-0.0173,-0.0100,1.0314,0.8400,-3.5700,-0.0700
61165460,sitting,-0.0178,-0.0100,1.0307,0.8400,-3.5000,-0.0700
61165479,sitting,-0.0176,-0.0095,1.0289,0.8400,-3.5350,-0.1050
61165498,sitting,-0.0195,-0.0098,1.0297,0.8750,-3.5000,-0.1050
61165517,sitting,-0.0181,-0.0098,1.0297,0.9100,-3.5000,-0.0700
61165537,sitting,-0.0181,-0.0093,1.0302,0.8400,-3.4650,-0.1050
61165556,sitting,-0.0181,-0.0102,1.0304,0.8400,-3.5000,-0.0700
61165575,sitting,-0.0185,-0.0100,1.0302,0.8400,-3.5000,-0.0700
61165594,sitting,-0.0183,-0.0095,1.0299,0.8400,-3.4650,-0.0700
61165614,sitting,-0.0188,-0.0100,1.0294,0.8400,-3.5350,-0.0350
61165633,sitting,-0.0183,-0.0105,1.0307,0.8400,-3.5350,-0.1050
61165652,sitting,-0.0183,-0.0105,1.0307,0.8750,-3.4300,-0.1050
61165671,sitting,-0.0183,-0.0100,1.0299,0.8750,-3.5000,-0.0700
61165691,sitting,-0.0185,-0.0100,1.0302,0.9100,-3.6050,0.0000
61165710,sitting,-0.0183,-0.0105,1.0289,0.8400,-3.5350,-0.0350
61165729,sitting,-0.0183,-0.0098,1.0289,0.8400,-3.5000,-0.0700
61165748,sitting,-0.0178,-0.0110,1.0289,0.8400,-3.5350,-0.0350
61165767,sitting,-0.0176,-0.0105,1.0299,0.8050,-3.5350,-0.1050
61165787,sitting,-0.0183,-0.0102,1.0302,0.8400,-3.5000,-0.1400
61165806,sitting,-0.0193,-0.0095,1.0294,0.8400,-3.5000,-0.0700
61165825,sitting,-0.0183,-0.0107,1.0307,0.8750,-3.5350,-0.0350
61165844,sitting,-0.0183,-0.0095,1.0302,0.8050,-3.5000,-0.0700
61165864,sitting,-0.0183,-0.0102,1.0299,0.8400,-3.5350,-0.0700
61165883,sitting,-0.0188,-0.0102,1.0294,0.8400,-3.5000,-0.1050
61165902,sitting,-0.0178,-0.0115,1.0307,0.8400,-3.4650,-0.0700
61165921,sitting,-0.0183,-0.0110,1.0299,0.8400,-3.5000,-0.0700
61165941,sitting,-0.0183,-0.0098,1.0294,0.8400,-3.5350,-0.0700
61165960,sitting,-0.0200,-0.0098,1.0299,0.8750,-3.5000,-0.0700
61165979,sitting,-0.0178,-0.0100,1.0304,0.8400,-3.5000,-0.0350
61165998,sitting,-0.0183,-0.0105,1.0304,0.9100,-3.5350,-0.0700
61166017,sitting,-0.0181,-0.0112,1.0299,0.8050,-3.5350,-0.1050
61166037,sitting,-0.0176,-0.0107,1.0302,0.8400,-3.5000,-0.0700
61166056,sitting,-0.0193,-0.0093,1.0294,0.8750,-3.4650,-0.1400
61166075,sitting,-0.0193,-0.0105,1.0304,0.8750,-3.5350,-0.0700
61166094,sitting,-0.0176,-0.0105,1.0302,0.8400,-3.4650,-0.1050
61166114,sitting,-0.0181,-0.0107,1.0297,0.8400,-3.5000,-0.1050
61166133,sitting,-0.0185,-0.0095,1.0292,0.8750,-3.5000,-0.0700
61166152,sitting,-0.0188,-0.0095,1.0294,0.8400,-3.5350,-0.0700
61166171,sitting,-0.0173,-0.0093,1.0292,0.8400,-3.5000,-0.0700
61166191,sitting,-0.0183,-0.0098,1.0285,0.8750,-3.5350,-0.0700
61166210,sitting,-0.0183,-0.0105,1.0294,0.8750,-3.5000,-0.0700
61166229,sitting,-0.0176,-0.0100,1.0289,0.8400,-3.5000,-0.1050
61166248,sitting,-0.0185,-0.0100,1.0302,0.8750,-3.5000,-0.0700
61166267,sitting,-0.0188,-0.0095,1.0294,0.8750,-3.5000,-0.0700
61166287,sitting,-0.0178,-0.0098,1.0294,0.8400,-3.5000,-0.1050
61166306,sitting,-0.0195,-0.0098,1.0294,0.8750,-3.5350,-0.0700
61166325,sitting,-0.0181,-0.0110,1.0299,0.8400,-3.4650,-0.0350
61166344,sitting,-0.0173,-0.0105,1.0297,0.8400,-3.4650,-0.0700
61166364,sitting,-0.0183,-0.0100,1.0287,0.8400,-3.5000,-0.1050
61166383,sitting,-0.0178,-0.0105,1.0287,0.8750,-3.5350,-0.0700
61166402,sitting,-0.0178,-0.0107,1.0302,0.8400,-3.4650,-0.1050
61166421,sitting,-0.0176,-0.0105,1.0294,0.8400,-3.5000,-0.1050
61166441,sitting,-0.0181,-0.0088,1.0292,0.8400,-3.4650,-0.0700
61166460,sitting,-0.0185,-0.0102,1.0299,0.9100,-3.4650,-0.1050
61166479,sitting,-0.0185,-0.0102,1.0302,0.8750,-3.4650,-0.1050
61166498,sitting,-0.0185,-0.0098,1.0292,0.9100,-3.5000,-0.1050
61166517,sitting,-0.0176,-0.0093,1.0292,0.8400,-3.5000,-0.1050
61166537,sitting,-0.0181,-0.0098,1.0294,0.8050,-3.4650,-0.0700
61166556,sitting,-0.0185,-0.0100,1.0289,0.8400,-3.5000,-0.1050
61166575,sitting,-0.0181,-0.0102,1.0294,0.9100,-3.5350,-0.0700
61166594,sitting,-0.0185,-0.0110,1.0309,0.8050,-3.4650,-0.0700
61166614,sitting,-0.0185,-0.0098,1.0309,0.8400,-3.4650,-0.1050
61166633,sitting,-0.0185,-0.0093,1.0299,0.8750,-3.5000,-0.1050
61166652,sitting,-0.0185,-0.0107,1.0297,0.8400,-3.5700,-0.0700
61166671,sitting,-0.0188,-0.0100,1.0297,0.8400,-3.4650,-0.0350
61166691,sitting,-0.0183,-0.0102,1.0292,0.8400,-3.5000,-0.1050
61166710,sitting,-0.0190,-0.0107,1.0294,0.8400,-3.4650,-0.0700
61166729,sitting,-0.0185,-0.0102,1.0304,0.8400,-3.5000,-0.1400
61166748,sitting,-0.0178,-0.0098,1.0299,0.8400,-3.5350,-0.0700
61166767,sitting,-0.0185,-0.0098,1.0297,0.8400,-3.5350,-0.1050
61166787,sitting,-0.0183,-0.0102,1.0299,0.8400,-3.5000,-0.1050
61166806,sitting,-0.0183,-0.0098,1.0294,0.8400,-3.5000,-0.0700
61166825,sitting,-0.0176,-0.0100,1.0292,0.8750,-3.5350,-0.0700
61166844,sitting,-0.0185,-0.0100,1.0299,0.8400,-3.4650,-0.0700
61166864,sitting,-0.0176,-0.0098,1.0292,0.8400,-3.5000,-0.1050
61166883,sitting,-0.0183,-0.0105,1.0289,0.9100,-3.5000,-0.1050
61166902,sitting,-0.0185,-0.0098,1.0294,0.8400,-3.4650,-0.1400
61166921,sitting,-0.0181,-0.0100,1.0307,0.8400,-3.5000,-0.1050
61166941,sitting,-0.0181,-0.0093,1.0299,0.8400,-3.5350,-0.1050
61166960,sitting,-0.0181,-0.0102,1.0292,0.9100,-3.5350,-0.0700
61166979,sitting,-0.0173,-0.0098,1.0294,0.8400,-3.5000,-0.1050
61166998,sitting,-0.0181,-0.0095,1.0299,0.8400,-3.5000,-0.1050
61167017,sitting,-0.0183,-0.0110,1.0299,0.8400,-3.5000,-0.1050
61167037,sitting,-0.0183,-0.0102,1.0299,0.8400,-3.5000,-0.1400
61167056,sitting,-0.0183,-0.0107,1.0297,0.8400,-3.5000,-0.0700
61167075,sitting,-0.0183,-0.0102,1.0297,0.9100,-3.5700,-0.1400
61167094,sitting,-0.0181,-0.0093,1.0299,0.8400,-3.5000,-0.1050
61167114,sitting,-0.0188,-0.0105,1.0297,0.8050,-3.4650,-0.1050
61167133,sitting,-0.0181,-0.0100,1.0299,0.8400,-3.5000,-0.0700
61167152,sitting,-0.0181,-0.0100,1.0299,0.8050,-3.5000,-0.0700
61167171,sitting,-0.0173,-0.0100,1.0297,0.8400,-3.5000,-0.1050
61167191,sitting,-0.0183,-0.0098,1.0309,0.8400,-3.5000,-0.0700
61167210,sitting,-0.0183,-0.0107,1.0294,0.8400,-3.4650,-0.1050
61167229,sitting,-0.0185,-0.0098,1.0299,0.8750,-3.4650,-0.0700
61167248,sitting,-0.0195,-0.0105,1.0294,0.8400,-3.5350,-0.0700
61167267,sitting,-0.0185,-0.0102,1.0287,0.8400,-3.5000,-0.0350
61167287,sitting,-0.0185,-0.0100,1.0297,0.8400,-3.4300,-0.1400
61167306,sitting,-0.0178,-0.0100,1.0297,0.8400,-3.5000,-0.0700
61167325,sitting,-0.0181,-0.0088,1.0282,0.8400,-3.5700,-0.0700
61167344,sitting,-0.0183,-0.0098,1.0302,0.8400,-3.5000,-0.1050
61167364,sitting,-0.0181,-0.0102,1.0289,0.8400,-3.5000,-0.0700
61167383,sitting,-0.0181,-0.0105,1.0302,0.8050,-3.5350,-0.0700
61167402,sitting,-0.0188,-0.0100,1.0307,0.8400,-3.4650,-0.1050
61167421,sitting,-0.0190,-0.0095,1.0287,0.8400,-3.5000,-0.0700
61167441,sitting,-0.0195,-0.0102,1.0299,0.8400,-3.5000,-0.1050
61167460,sitting,-0.0193,-0.0100,1.0304,0.8750,-3.5350,-0.1050
61167479,sitting,-0.0183,-0.0105,1.0299,0.8400,-3.5000,-0.0700
61167498,sitting,-0.0190,-0.0100,1.0304,0.8400,-3.5350,-0.0700
61167517,sitting,-0.0190,-0.0105,1.0307,0.8400,-3.5700,-0.0700
61167537,sitting,-0.0181,-0.0110,1.0299,0.8400,-3.5000,-0.1050
61167556,sitting,-0.0181,-0.0105,1.0297,0.8400,-3.5350,-0.1400
61167575,sitting,-0.0181,-0.0095,1.0292,0.8400,-3.5000,-0.1050
61167594,sitting,-0.0188,-0.0100,1.0297,0.8400,-3.5000,-0.0700
61167614,sitting,-0.0178,-0.0110,1.0297,0.8400,-3.5000,-0.1050
61167633,sitting,-0.0178,-0.0107,1.0299,0.8400,-3.5350,-0.0700
61167652,sitting,-0.0185,-0.0107,1.0299,0.8400,-3.5000,-0.0700
61167671,sitting,-0.0193,-0.0105,1.0294,0.8400,-3.4650,-0.0350
61167691,sitting,-0.0183,-0.0102,1.0307,0.8400,-3.5000,-0.0700
61167710,sitting,-0.0190,-0.0100,1.0299,0.8050,-3.5000,-0.1050
61167729,sitting,-0.0181,-0.0095,1.0297,0.8400,-3.4650,-0.1050
61167748,sitting,-0.0178,-0.0100,1.0297,0.8400,-3.5000,-0.0700
61167767,sitting,-0.0190,-0.0090,1.0299,0.8400,-3.5700,-0.0700
61167787,sitting,-0.0183,-0.0093,1.0307,0.8400,-3.4650,-0.0350
61167806,sitting,-0.0193,-0.0102,1.0302,0.8400,-3.5000,-0.0700
61167825,sitting,-0.0188,-0.0105,1.0292,0.9100,-3.5000,-0.0700
61167844,sitting,-0.0176,-0.0105,1.0299,0.8400,-3.4650,-0.1050
61167864,sitting,-0.0181,-0.0107,1.0302,0.8400,-3.5000,-0.0700
61167883,sitting,-0.0190,-0.0098,1.0302,0.8750,-3.5000,-0.0700
61167902,sitting,-0.0188,-0.0112,1.0304,0.8050,-3.4650,-0.0350
61167921,sitting,-0.0183,-0.0100,1.0309,0.8400,-3.5000,-0.0700
61167941,sitting,-0.0173,-0.0110,1.0304,0.9100,-3.5350,-0.0700
61167960,sitting,-0.0176,-0.0098,1.0309,0.8400,-3.5000,-0.1050
61167979,sitting,-0.0181,-0.0112,1.0302,0.8400,-3.5000,-0.1050
61167998,sitting,-0.0188,-0.0112,1.0297,0.8400,-3.5000,-0.1050
61168017,sitting,-0.0181,-0.0105,1.0289,0.8400,-3.5350,-0.0700
61168037,sitting,-0.0173,-0.0107,1.0292,0.8400,-3.5000,-0.1050
61168056,sitting,-0.0183,-0.0098,1.0294,0.8400,-3.4650,-0.1400
61168075,sitting,-0.0176,-0.0098,1.0297,0.8750,-3.4650,-0.1050
61168094,sitting,-0.0183,-0.0098,1.0294,0.8400,-3.4650,-0.0700
61168114,sitting,-0.0188,-0.0105,1.0304,0.8400,-3.5000,-0.0350
61168133,sitting,-0.0190,-0.0098,1.0289,0.8400,-3.5350,-0.0700
61168152,sitting,-0.0185,-0.0102,1.0297,0.8750,-3.5000,-0.0700
61168171,sitting,-0.0185,-0.0105,1.0294,0.8400,-3.5000,-0.0700
61168191,sitting,-0.0176,-0.0107,1.0302,0.9100,-3.5000,-0.0700
61168210,sitting,-0.0190,-0.0098,1.0297,0.8750,-3.5000,-0.0350
61168229,sitting,-0.0181,-0.0100,1.0289,0.8750,-3.5000,-0.1400
61168248,sitting,-0.0183,-0.0105,1.0289,0.8400,-3.5000,-0.0700
61168267,sitting,-0.0185,-0.0102,1.0297,0.8750,-3.5000,-0.1050
61168287,sitting,-0.0178,-0.0107,1.0299,0.8400,-3.4650,-0.1050
61168306,sitting,-0.0173,-0.0102,1.0307,0.8750,-3.5000,-0.0700
61168325,sitting,-0.0185,-0.0107,1.0299,0.9100,-3.5700,-0.0700
61168344,sitting,-0.0183,-0.0107,1.0302,0.8750,-3.5350,-0.0700
61168364,sitting,-0.0176,-0.0105,1.0309,0.8400,-3.5000,-0.1050
61168383,sitting,-0.0176,-0.0107,1.0302,0.8750,-3.5350,-0.1050
61168402,sitting,-0.0178,-0.0112,1.0297,0.8400,-3.4650,-0.1050
61168421,sitting,-0.0181,-0.0098,1.0289,0.8750,-3.5000,-0.0700
61168441,sitting,-0.0185,-0.0107,1.0304,0.8750,-3.5350,-0.0700
61168460,sitting,-0.0188,-0.0093,1.0297,0.9100,-3.5350,-0.0700
61168479,sitting,-0.0171,-0.0098,1.0299,0.8050,-3.5000,-0.1400
61168498,sitting,-0.0178,-0.0102,1.0302,0.8400,-3.5000,-0.1050
61168517,sitting,-0.0188,-0.0112,1.0302,0.8400,-3.5350,-0.0700
61168537,sitting,-0.0183,-0.0107,1.0294,0.8400,-3.4650,-0.1050
61168556,sitting,-0.0193,-0.0095,1.0302,0.8400,-3.5000,-0.1050
61168575,sitting,-0.0178,-0.0105,1.0307,0.8750,-3.5000,-0.1050
61168594,sitting,-0.0176,-0.0100,1.0307,0.8050,-3.5000,-0.1050
61168614,sitting,-0.0171,-0.0100,1.0302,0.8400,-3.5350,-0.1050
61168633,sitting,-0.0176,-0.0100,1.0294,0.8400,-3.5000,-0.1050
61168652,sitting,-0.0173,-0.0100,1.0292,0.8400,-3.4650,-0.1050
61168671,sitting,-0.0173,-0.0112,1.0297,0.8750,-3.4650,-0.0700
61168691,sitting,-0.0183,-0.0095,1.0289,0.9100,-3.5350,-0.1050
61168710,sitting,-0.0183,-0.0107,1.0294,0.9100,-3.5000,-0.0700
61168729,sitting,-0.0183,-0.0095,1.0289,0.8400,-3.5000,0.0000
61168748,sitting,-0.0188,-0.0102,1.0304,0.8400,-3.4650,-0.0700
61168767,sitting,-0.0183,-0.0095,1.0292,0.8750,-3.5000,-0.1050
61168787,sitting,-0.0188,-0.0100,1.0299,0.8400,-3.4650,-0.0700
61168806,sitting,-0.0181,-0.0100,1.0294,0.8400,-3.5000,-0.0700
61168825,sitting,-0.0183,-0.0095,1.0299,0.8400,-3.5350,-0.0700
61168844,sitting,-0.0185,-0.0100,1.0297,0.9100,-3.5700,-0.0700
61168864,sitting,-0.0181,-0.0093,1.0297,0.8400,-3.4650,-0.0700
61168883,sitting,-0.0181,-0.0102,1.0297,0.9100,-3.5000,-0.0700
61168902,sitting,-0.0185,-0.0102,1.0289,0.8400,-3.5000,-0.0700
61168921,sitting,-0.0193,-0.0093,1.0299,0.8400,-3.5000,-0.1050
61168941,sitting,-0.0188,-0.0105,1.0294,0.8750,-3.5000,-0.0350
61168960,sitting,-0.0178,-0.0090,1.0297,0.8400,-3.5350,-0.0700
61168979,sitting,-0.0188,-0.0098,1.0311,0.8400,-3.4300,-0.0700
61168998,sitting,-0.0181,-0.0100,1.0309,0.8750,-3.5350,-0.0700
61169017,sitting,-0.0181,-0.0105,1.0304,0.8400,-3.5000,-0.1050
61169037,sitting,-0.0185,-0.0095,1.0299,0.8400,-3.4300,-0.1050
61169056,sitting,-0.0181,-0.0112,1.0302,0.8750,-3.5000,-0.0700
61169075,sitting,-0.0181,-0.0105,1.0297,0.8400,-3.5700,-0.1050
61169094,sitting,-0.0173,-0.0110,1.0307,0.8400,-3.4650,-0.0700
61169114,sitting,-0.0185,-0.0115,1.0302,0.8400,-3.5000,-0.0700
61169133,sitting,-0.0188,-0.0100,1.0299,0.8750,-3.5000,-0.0700
61169152,sitting,-0.0181,-0.0112,1.0309,0.8750,-3.4650,-0.0700
61169171,sitting,-0.0171,-0.0090,1.0294,0.8400,-3.4300,-0.1050
61169191,sitting,-0.0171,-0.0093,1.0309,0.8400,-3.5350,-0.0700
61169210,sitting,-0.0185,-0.0098,1.0299,0.8750,-3.5000,-0.0700
61169229,sitting,-0.0185,-0.0105,1.0302,0.8400,-3.4650,-0.1050
61169248,sitting,-0.0183,-0.0098,1.0297,0.8750,-3.5350,-0.0700
61169267,sitting,-0.0190,-0.0102,1.0299,0.8750,-3.5350,-0.0350
61169287,sitting,-0.0181,-0.0102,1.0285,0.8750,-3.5000,-0.1400
61169306,sitting,-0.0185,-0.0107,1.0294,0.9100,-3.5000,-0.0350
61169325,sitting,-0.0193,-0.0110,1.0307,0.9100,-3.5700,-0.0700
61169344,sitting,-0.0190,-0.0100,1.0309,0.8750,-3.5350,-0.0700
61169364,sitting,-0.0188,-0.0102,1.0304,0.8750,-3.5350,-0.0350
61169383,sitting,-0.0178,-0.0095,1.0302,0.8750,-3.5000,-0.1050
61169402,sitting,-0.0178,-0.0098,1.0297,0.8400,-3.5000,-0.0700
61169421,sitting,-0.0176,-0.0093,1.0304,0.8400,-3.4650,-0.0350
61169441,sitting,-0.0185,-0.0107,1.0302,0.8400,-3.5350,-0.1050
61169460,sitting,-0.0176,-0.0107,1.0302,0.8750,-3.4650,-0.0350
61169479,sitting,-0.0190,-0.0095,1.0307,0.8400,-3.4650,-0.1050
61169498,sitting,-0.0181,-0.0095,1.0307,0.8400,-3.5000,-0.1050
61169517,sitting,-0.0185,-0.0095,1.0302,0.8750,-3.5000,-0.0700
61169537,sitting,-0.0178,-0.0105,1.0289,0.8400,-3.4300,-0.1050
61169556,sitting,-0.0173,-0.0107,1.0297,0.8750,-3.5350,-0.0700
61169575,sitting,-0.0176,-0.0100,1.0302,0.8750,-3.5350,-0.0700
61169594,sitting,-0.0190,-0.0110,1.0307,0.8400,-3.5700,-0.0700
61169614,sitting,-0.0183,-0.0107,1.0304,0.8400,-3.5350,-0.0700
61169633,sitting,-0.0178,-0.0102,1.0309,0.8400,-3.5000,-0.1050
61169652,sitting,-0.0181,-0.0107,1.0289,0.8750,-3.5000,-0.0350
61169671,sitting,-0.0183,-0.0105,1.0302,0.8400,-3.5000,-0.0700
61169691,sitting,-0.0183,-0.0102,1.0304,0.8050,-3.5350,-0.1050
61169710,sitting,-0.0183,-0.0100,1.0297,0.8400,-3.5350,-0.1050
61169729,sitting,-0.0190,-0.0105,1.0285,0.8400,-3.5000,-0.1400
61169748,sitting,-0.0183,-0.0100,1.0294,0.8750,-3.5000,-0.0700
61169767,sitting,-0.0193,-0.0098,1.0302,0.8400,-3.5350,-0.1050
61169787,sitting,-0.0195,-0.0105,1.0302,0.8050,-3.4650,-0.0700
61169806,sitting,-0.0181,-0.0102,1.0294,0.8400,-3.5000,-0.0700
61169825,sitting,-0.0176,-0.0105,1.0294,0.8400,-3.5000,-0.1050
61169844,sitting,-0.0176,-0.0095,1.0297,0.8400,-3.4650,-0.1400
61169864,sitting,-0.0176,-0.0093,1.0294,0.8400,-3.4650,-0.0700
61169883,sitting,-0.0178,-0.0102,1.0299,0.8400,-3.5350,-0.0700
61169902,sitting,-0.0185,-0.0095,1.0299,0.8400,-3.4650,-0.0700
61169921,sitting,-0.0183,-0.0098,1.0292,0.8050,-3.5000,-0.1050
61169941,sitting,-0.0183,-0.0102,1.0287,0.8750,-3.5000,-0.0700
61169960,sitting,-0.0183,-0.0098,1.0294,0.8400,-3.4650,-0.1050
61169979,sitting,-0.0188,-0.0095,1.0294,0.8400,-3.4650,-0.1050
61169998,sitting,-0.0183,-0.0107,1.0297,0.8400,-3.5350,-0.0700
61170017,sitting,-0.0183,-0.0107,1.0302,0.8750,-3.5350,-0.0700
61170037,sitting,-0.0188,-0.0102,1.0304,0.8750,-3.4650,-0.0700
61170056,sitting,-0.0176,-0.0107,1.0304,0.8400,-3.5000,-0.0700
61170075,sitting,-0.0183,-0.0105,1.0304,0.8400,-3.5350,-0.1050
61170094,sitting,-0.0181,-0.0100,1.0307,0.8400,-3.5000,-0.0700
61170114,sitting,-0.0178,-0.0098,1.0297,0.8750,-3.4650,-0.0700
61170133,sitting,-0.0185,-0.0100,1.0299,0.9100,-3.5000,-0.0350
61170152,sitting,-0.0181,-0.0102,1.0307,0.8750,-3.5000,-0.0700
61170171,sitting,-0.0176,-0.0098,1.0297,0.8750,-3.4650,-0.1050
61170191,sitting,-0.0171,-0.0100,1.0294,0.8400,-3.5000,-0.1050
61170210,sitting,-0.0181,-0.0105,1.0297,0.8400,-3.5000,-0.1400
61170229,sitting,-0.0183,-0.0095,1.0302,0.8050,-3.4650,-0.0700
61170248,sitting,-0.0173,-0.0098,1.0287,0.8400,-3.5000,-0.1050
61170267,sitting,-0.0176,-0.0102,1.0294,0.8750,-3.5350,-0.0700
61170287,sitting,-0.0181,-0.0098,1.0307,0.8050,-3.4650,-0.0700
61170306,sitting,-0.0181,-0.0107,1.0307,0.8400,-3.5000,-0.0350
61170325,sitting,-0.0178,-0.0107,1.0307,0.8750,-3.5350,-0.0700
61170344,sitting,-0.0183,-0.0105,1.0292,0.8400,-3.5000,-0.0700
61170364,sitting,-0.0183,-0.0098,1.0302,0.8400,-3.5000,-0.0700
61170383,sitting,-0.0195,-0.0102,1.0297,0.8750,-3.5350,-0.1050
61170402,sitting,-0.0183,-0.0105,1.0299,0.8400,-3.5000,-0.0700
61170421,sitting,-0.0181,-0.0112,1.0302,0.8400,-3.5000,-0.1050
61170441,sitting,-0.0185,-0.0098,1.0297,0.8400,-3.5000,-0.0350
61170460,sitting,-0.0181,-0.0100,1.0304,0.9100,-3.5350,-0.0350
61170479,sitting,-0.0183,-0.0098,1.0299,0.8400,-3.5000,-0.0700
61170498,sitting,-0.0183,-0.0107,1.0302,0.8750,-3.5000,-0.0700
61170517,sitting,-0.0181,-0.0098,1.0302,0.8400,-3.5000,-0.0700
61170537,sitting,-0.0181,-0.0102,1.0297,0.8050,-3.4650,-0.1050
61170556,sitting,-0.0166,-0.0105,1.0299,0.8750,-3.5000,-0.0700
61170575,sitting,-0.0181,-0.0107,1.0294,0.8750,-3.5000,-0.0700
61170594,sitting,-0.0181,-0.0105,1.0299,0.9100,-3.5350,-0.0700
61170614,sitting,-0.0178,-0.0100,1.0302,0.8750,-3.5000,-0.1050
61170633,sitting,-0.0188,-0.0098,1.0304,0.8750,-3.5350,-0.0350
61170652,sitting,-0.0181,-0.0107,1.0316,0.9100,-3.5350,-0.0700
61170671,sitting,-0.0183,-0.0100,1.0299,0.8400,-3.4650,-0.0700
61170691,sitting,-0.0181,-0.0102,1.0294,0.8750,-3.5350,-0.1050
61170710,sitting,-0.0183,-0.0102,1.0297,0.8400,-3.5700,-0.0700
61170729,sitting,-0.0188,-0.0102,1.0292,0.8400,-3.4650,-0.0700
61170748,sitting,-0.0181,-0.0102,1.0289,0.8750,-3.5000,-0.0700
61170767,sitting,-0.0181,-0.0093,1.0297,0.8400,-3.5350,-0.1050
61170787,sitting,-0.0181,-0.0093,1.0302,0.8400,-3.4650,-0.1050
61170806,sitting,-0.0190,-0.0098,1.0297,0.8750,-3.5000,-0.0700
61170825,sitting,-0.0176,-0.0098,1.0299,0.9100,-3.5000,-0.1050
61170844,sitting,-0.0173,-0.0110,1.0287,0.8400,-3.5000,-0.0700
61170864,sitting,-0.0183,-0.0100,1.0297,0.8400,-3.5000,-0.1050
61170883,sitting,-0.0188,-0.0100,1.0304,0.8750,-3.5000,-0.0700
61170902,sitting,-0.0176,-0.0105,1.0311,0.8400,-3.4650,-0.0700
61170921,sitting,-0.0181,-0.0102,1.0297,0.8750,-3.4650,-0.0700
61170941,sitting,-0.0171,-0.0102,1.0299,0.9100,-3.5700,-0.0700
61170960,sitting,-0.0178,-0.0102,1.0302,0.8400,-3.4650,-0.1050
61170979,sitting,-0.0183,-0.0100,1.0304,0.8050,-3.4650,-0.1050
61170998,sitting,-0.0178,-0.0102,1.0297,0.8400,-3.5000,-0.0350
61171017,sitting,-0.0190,-0.0098,1.0294,0.8750,-3.4650,-0.0700
61171037,sitting,-0.0183,-0.0098,1.0316,0.8750,-3.4300,-0.1050
61171056,sitting,-0.0183,-0.0100,1.0302,0.8750,-3.5000,-0.1050
61171075,sitting,-0.0178,-0.0098,1.0302,0.8400,-3.5000,-0.0700
61171094,sitting,-0.0181,-0.0098,1.0294,0.8400,-3.5000,-0.0700
61171114,sitting,-0.0183,-0.0102,1.0294,0.8050,-3.5000,-0.0700
61171133,sitting,-0.0185,-0.0102,1.0307,0.8400,-3.5000,-0.1050
61171152,sitting,-0.0176,-0.0107,1.0302,0.8050,-3.5000,-0.0700
61171171,sitting,-0.0185,-0.0102,1.0304,0.8750,-3.5350,-0.0700
61171191,sitting,-0.0183,-0.0107,1.0304,0.8400,-3.5000,-0.0700
61171210,sitting,-0.0178,-0.0102,1.0307,0.8750,-3.5350,-0.0700
61171229,sitting,-0.0181,-0.0102,1.0307,0.8400,-3.5000,-0.0700
61171248,sitting,-0.0181,-0.0100,1.0304,0.8750,-3.5700,-0.0700
61171267,sitting,-0.0181,-0.0105,1.0304,0.8750,-3.5000,-0.0700
61171287,sitting,-0.0178,-0.0098,1.0304,0.8400,-3.4650,-0.1050
61171306,sitting,-0.0188,-0.0110,1.0299,0.8750,-3.5000,-0.0700
61171325,sitting,-0.0190,-0.0112,1.0304,0.8400,-3.5700,-0.0700
61171344,sitting,-0.0181,-0.0102,1.0297,0.8750,-3.5000,-0.0700
61171364,sitting,-0.0190,-0.0100,1.0287,0.8400,-3.4650,-0.0700
61171383,sitting,-0.0181,-0.0112,1.0292,0.8400,-3.5350,-0.0700
61171402,sitting,-0.0181,-0.0105,1.0299,0.8750,-3.5350,0.0000
61171421,sitting,-0.0173,-0.0105,1.0302,0.8400,-3.5000,-0.0700
61171441,sitting,-0.0185,-0.0095,1.0297,0.8400,-3.5000,-0.0700
61171460,sitting,-0.0178,-0.0100,1.0302,0.8750,-3.5350,-0.0700
61171479,sitting,-0.0181,-0.0100,1.0294,0.8400,-3.4650,-0.1400
61171498,sitting,-0.0181,-0.0100,1.0297,0.8400,-3.5000,-0.0700
61171517,sitting,-0.0185,-0.0105,1.0289,0.8400,-3.5000,0.0000
61171537,sitting,-0.0181,-0.0105,1.0299,0.8050,-3.5000,-0.0350
61171556,sitting,-0.0185,-0.0105,1.0294,0.8750,-3.5350,-0.1050
61171575,sitting,-0.0183,-0.0100,1.0289,0.8400,-3.5350,-0.0700
61171594,sitting,-0.0173,-0.0100,1.0297,0.8400,-3.5000,-0.1050
61171614,sitting,-0.0176,-0.0095,1.0311,0.8400,-3.5000,-0.0700
61171633,sitting,-0.0185,-0.0102,1.0299,0.8750,-3.5350,-0.1400
61171652,sitting,-0.0178,-0.0107,1.0292,0.8750,-3.5350,-0.0700
61171671,sitting,-0.0185,-0.0102,1.0299,0.8400,-3.4300,-0.0700
61171691,sitting,-0.0190,-0.0088,1.0304,0.8400,-3.5350,-0.0700
61171710,sitting,-0.0190,-0.0107,1.0302,0.8750,-3.5350,-0.0700
61171729,sitting,-0.0183,-0.0100,1.0292,0.8400,-3.4650,-0.0700
61171748,sitting,-0.0178,-0.0102,1.0285,0.8400,-3.4650,-0.0700
61171767,sitting,-0.0183,-0.0100,1.0299,0.8400,-3.4650,-0.0700
61171787,sitting,-0.0185,-0.0102,1.0297,0.8400,-3.5000,-0.1050
61171806,sitting,-0.0183,-0.0098,1.0299,0.8400,-3.5000,-0.0700
61171825,sitting,-0.0193,-0.0107,1.0299,0.8750,-3.5350,-0.0700
61171844,sitting,-0.0183,-0.0102,1.0304,0.8400,-3.5350,-0.0700
61171864,sitting,-0.0183,-0.0090,1.0299,0.8750,-3.5000,-0.0700
61171883,sitting,-0.0178,-0.0090,1.0302,0.8750,-3.5000,-0.1050
61171902,sitting,-0.0176,-0.0095,1.0302,0.8750,-3.5000,-0.0350
61171921,sitting,-0.0183,-0.0098,1.0294,0.8750,-3.5000,-0.1050
61171941,sitting,-0.0188,-0.0102,1.0299,0.9100,-3.5000,-0.0700
61171960,sitting,-0.0183,-0.0100,1.0302,0.8400,-3.5350,-0.1050
61171979,sitting,-0.0188,-0.0100,1.0297,0.8750,-3.5000,-0.1050
61171998,sitting,-0.0188,-0.0102,1.0285,0.8400,-3.5350,-0.0700
61172017,sitting,-0.0188,-0.0105,1.0302,0.9800,-3.5350,-0.0700
61172037,sitting,-0.0183,-0.0098,1.0307,0.8750,-3.4650,-0.1050
61172056,sitting,-0.0173,-0.0107,1.0297,0.8750,-3.5000,-0.0700
61172075,sitting,-0.0178,-0.0105,1.0307,0.9100,-3.5350,-0.1050
61172094,sitting,-0.0183,-0.0100,1.0307,0.8400,-3.4650,-0.0700
61172114,sitting,-0.0183,-0.0102,1.0299,0.8750,-3.4300,-0.1050
61172133,sitting,-0.0181,-0.0102,1.0287,0.9100,-3.5000,-0.0350
61172152,sitting,-0.0183,-0.0110,1.0304,0.8400,-3.5000,-0.0700
61172171,sitting,-0.0178,-0.0095,1.0297,0.8400,-3.4650,-0.0700
61172191,sitting,-0.0183,-0.0098,1.0299,0.8400,-3.5000,-0.0700
61172210,sitting,-0.0178,-0.0098,1.0299,0.8400,-3.5350,-0.0700
61172229,sitting,-0.0181,-0.0100,1.0304,0.8400,-3.5000,-0.0700
61172248,sitting,-0.0193,-0.0095,1.0297,0.8400,-3.5350,-0.1050
61172267,sitting,-0.0183,-0.0100,1.0289,0.8400,-3.5350,-0.0700
61172287,sitting,-0.0188,-0.0095,1.0304,0.8400,-3.5350,-0.0700
61172306,sitting,-0.0185,-0.0098,1.0299,0.8750,-3.5350,-0.0350
61172325,sitting,-0.0181,-0.0100,1.0294,0.9100,-3.5700,-0.0350
61172344,sitting,-0.0183,-0.0090,1.0302,0.8400,-3.5000,-0.1050
61172364,sitting,-0.0190,-0.0095,1.0292,0.8050,-3.4650,-0.1050
61172383,sitting,-0.0185,-0.0090,1.0285,0.8750,-3.5350,-0.0700
61172402,sitting,-0.0190,-0.0098,1.0289,0.8400,-3.4650,-0.0700
61172421,sitting,-0.0190,-0.0107,1.0299,0.8400,-3.5000,-0.1050
61172441,sitting,-0.0188,-0.0098,1.0299,0.8400,-3.5350,-0.0700
61172460,sitting,-0.0183,-0.0102,1.0302,0.8400,-3.4650,-0.1400
61172479,sitting,-0.0183,-0.0095,1.0297,0.8400,-3.4300,-0.1050
61172498,sitting,-0.0183,-0.0102,1.0299,0.8400,-3.5700,-0.0700
61172517,sitting,-0.0190,-0.0098,1.0302,0.8400,-3.5000,-0.0700
61172537,sitting,-0.0181,-0.0093,1.0294,0.8400,-3.5000,-0.0700
61172556,sitting,-0.0188,-0.0102,1.0297,0.8400,-3.5000,-0.1050
61172575,sitting,-0.0190,-0.0100,1.0299,0.8750,-3.5700,-0.1050
61172594,sitting,-0.0183,-0.0105,1.0302,0.8400,-3.5350,-0.0700
61172614,sitting,-0.0185,-0.0107,1.0289,0.8050,-3.4650,-0.1400
61172633,sitting,-0.0178,-0.0102,1.0297,0.8750,-3.5000,-0.0700
61172652,sitting,-0.0183,-0.0100,1.0302,0.8400,-3.5000,-0.0700
61172671,sitting,-0.0178,-0.0098,1.0299,0.8400,-3.5000,-0.0700
61172691,sitting,-0.0183,-0.0102,1.0307,0.8750,-3.5000,-0.0700
61172710,sitting,-0.0190,-0.0105,1.0299,0.8750,-3.5350,-0.0700
61172729,sitting,-0.0190,-0.0098,1.0299,0.8400,-3.4650,-0.1050
61172748,sitting,-0.0195,-0.0110,1.0297,0.8750,-3.4650,-0.0700
61172767,sitting,-0.0178,-0.0110,1.0292,0.8750,-3.5000,-0.1050
61172787,sitting,-0.0176,-0.0105,1.0307,0.8400,-3.5000,-0.0700
61172806,sitting,-0.0178,-0.0093,1.0292,0.8750,-3.5350,-0.0700
61172825,sitting,-0.0185,-0.0107,1.0289,0.8400,-3.5350,-0.0700
61172844,sitting,-0.0190,-0.0098,1.0289,0.8050,-3.4650,-0.0700
61172864,sitting,-0.0181,-0.0107,1.0299,0.8400,-3.5000,-0.0700
61172883,sitting,-0.0181,-0.0110,1.0297,0.9100,-3.5350,-0.0700
61172902,sitting,-0.0176,-0.0098,1.0309,0.8750,-3.5350,-0.0350
61172921,sitting,-0.0188,-0.0095,1.0299,0.8400,-3.5000,-0.0700
61172941,sitting,-0.0181,-0.0107,1.0307,0.9100,-3.5000,-0.1050
61172960,sitting,-0.0188,-0.0100,1.0297,0.9100,-3.5350,-0.1050
61172979,sitting,-0.0185,-0.0100,1.0294,0.8750,-3.5350,0.0000
61172998,sitting,-0.0178,-0.0102,1.0287,0.8400,-3.5000,-0.1050
61173017,sitting,-0.0183,-0.0105,1.0304,0.8750,-3.5700,-0.1050
61173037,sitting,-0.0181,-0.0102,1.0309,0.8750,-3.4650,-0.0700
61173056,sitting,-0.0181,-0.0098,1.0294,0.8750,-3.4650,-0.0700
61173075,sitting,-0.0183,-0.0100,1.0297,0.8750,-3.5000,-0.0700
61173094,sitting,-0.0193,-0.0098,1.0307,0.8750,-3.5000,-0.0700
61173114,sitting,-0.0176,-0.0095,1.0307,0.8400,-3.4650,-0.0700
61173133,sitting,-0.0183,-0.0105,1.0297,0.8400,-3.5000,-0.0350
61173152,sitting,-0.0183,-0.0100,1.0297,0.8750,-3.5000,-0.0350
61173171,sitting,-0.0183,-0.0105,1.0292,0.8050,-3.4650,-0.1050
61173191,sitting,-0.0176,-0.0107,1.0299,0.8750,-3.5000,-0.0700
61173210,sitting,-0.0183,-0.0098,1.0299,0.9100,-3.5000,-0.0700
61173229,sitting,-0.0183,-0.0102,1.0299,0.8400,-3.5350,-0.0700
61173248,sitting,-0.0181,-0.0095,1.0297,0.8400,-3.5000,-0.0700
61173267,sitting,-0.0188,-0.0100,1.0299,0.8750,-3.5000,-0.0700
61173287,sitting,-0.0185,-0.0095,1.0299,0.8750,-3.5000,-0.0700
61173306,sitting,-0.0185,-0.0105,1.0297,0.8750,-3.5350,-0.0700
61173325,sitting,-0.0183,-0.0105,1.0297,0.8750,-3.5000,-0.0700
61173344,sitting,-0.0176,-0.0110,1.0302,0.8400,-3.5000,-0.0350
61173364,sitting,-0.0171,-0.0100,1.0302,0.8400,-3.5000,-0.0700
61173383,sitting,-0.0173,-0.0110,1.0292,0.8400,-3.5350,-0.1050
61173402,sitting,-0.0185,-0.0105,1.0292,0.9100,-3.5000,-0.1050
61173421,sitting,-0.0181,-0.0090,1.0292,0.8400,-3.4300,-0.0700
61173441,sitting,-0.0181,-0.0095,1.0309,0.8400,-3.5000,-0.0700
61173460,sitting,-0.0188,-0.0098,1.0289,0.8750,-3.5350,-0.0700
61173479,sitting,-0.0190,-0.0102,1.0297,0.8400,-3.4650,-0.0350
61173498,sitting,-0.0173,-0.0110,1.0292,0.8750,-3.5350,-0.1050
61173517,sitting,-0.0188,-0.0105,1.0304,0.9100,-3.5350,-0.0350
61173537,sitting,-0.0183,-0.0102,1.0304,0.8750,-3.5000,-0.0700
61173556,sitting,-0.0183,-0.0093,1.0297,0.8400,-3.5350,-0.0700
61173575,sitting,-0.0188,-0.0093,1.0294,0.8400,-3.5350,-0.0700
61173594,sitting,-0.0188,-0.0100,1.0294,0.8750,-3.5000,-0.0700
61173614,sitting,-0.0183,-0.0102,1.0304,0.8750,-3.5000,-0.0700
61173633,sitting,-0.0183,-0.0098,1.0304,0.8750,-3.5000,-0.0700
61173652,sitting,-0.0190,-0.0102,1.0292,0.8400,-3.5350,-0.0350
61173671,sitting,-0.0181,-0.0093,1.0297,0.8400,-3.5000,-0.0700
61173691,sitting,-0.0188,-0.0093,1.0302,0.8750,-3.5350,-0.1050
61173710,sitting,-0.0200,-0.0102,1.0297,0.8750,-3.5000,-0.0700
61173729,sitting,-0.0190,-0.0102,1.0292,0.8750,-3.5000,-0.0700
61173748,sitting,-0.0185,-0.0107,1.0297,0.9100,-3.5000,-0.0700
61173767,sitting,-0.0195,-0.0098,1.0294,0.8750,-3.5000,-0.0700
61173787,sitting,-0.0190,-0.0107,1.0297,0.8750,-3.5000,-0.0700
61173806,sitting,-0.0183,-0.0093,1.0289,0.8400,-3.4650,-0.1050
61173825,sitting,-0.0183,-0.0100,1.0292,0.8400,-3.5350,-0.0700
61173844,sitting,-0.0183,-0.0102,1.0292,0.8750,-3.5000,-0.0350
61173864,sitting,-0.0183,-0.0093,1.0304,0.8050,-3.4650,-0.0350
61173883,sitting,-0.0178,-0.0105,1.0302,0.8750,-3.5350,-0.0700
61173902,sitting,-0.0178,-0.0100,1.0302,0.8750,-3.5350,-0.0700
61173921,sitting,-0.0185,-0.0098,1.0302,0.8750,-3.4650,-0.0700
61173941,sitting,-0.0178,-0.0095,1.0304,0.8400,-3.5350,-0.0700
61173960,sitting,-0.0181,-0.0098,1.0307,0.9100,-3.5350,-0.0700
61173979,sitting,-0.0183,-0.0102,1.0302,0.8400,-3.5000,-0.0700
61173998,sitting,-0.0198,-0.0098,1.0297,0.8750,-3.5000,-0.0700
61174017,sitting,-0.0178,-0.0100,1.0299,0.8750,-3.5700,-0.0350
61174037,sitting,-0.0181,-0.0105,1.0292,0.8400,-3.5000,-0.0700
61174056,sitting,-0.0181,-0.0095,1.0299,0.8400,-3.5000,-0.0700
61174075,sitting,-0.0183,-0.0095,1.0302,0.8750,-3.5350,-0.0350
61174094,sitting,-0.0190,-0.0105,1.0297,0.8750,-3.4300,-0.0700
61174114,sitting,-0.0181,-0.0105,1.0302,0.8050,-3.4650,-0.0700
61174133,sitting,-0.0181,-0.0110,1.0307,0.8750,-3.5000,-0.0350
61174152,sitting,-0.0181,-0.0098,1.0299,0.8400,-3.5000,-0.1050
61174171,sitting,-0.0185,-0.0107,1.0297,0.8400,-3.4650,-0.1050
61174191,sitting,-0.0183,-0.0098,1.0307,0.8400,-3.5000,-0.0350
61174210,sitting,-0.0178,-0.0093,1.0311,0.8750,-3.5350,-0.1050
61174229,sitting,-0.0185,-0.0093,1.0304,0.8400,-3.5000,-0.0700
61174248,sitting,-0.0176,-0.0100,1.0304,0.8400,-3.5000,-0.1050
61174267,sitting,-0.0181,-0.0095,1.0302,0.8750,-3.5350,-0.1050
61174287,sitting,-0.0183,-0.0095,1.0299,0.8750,-3.5000,-0.1050
61174306,sitting,-0.0193,-0.0100,1.0304,0.8400,-3.5000,-0.0700
61174325,sitting,-0.0195,-0.0107,1.0304,0.8750,-3.5700,-0.0700
61174344,sitting,-0.0181,-0.0110,1.0302,0.8750,-3.5000,-0.0700
61174364,sitting,-0.0178,-0.0088,1.0294,0.8400,-3.4650,-0.0700
61174383,sitting,-0.0185,-0.0088,1.0282,0.8750,-3.5350,-0.0700
61174402,sitting,-0.0183,-0.0100,1.0282,0.8400,-3.5000,-0.0700
61174421,sitting,-0.0183,-0.0102,1.0294,0.8400,-3.5000,-0.0350
61174441,sitting,-0.0176,-0.0105,1.0297,0.8400,-3.4650,-0.1050
61174460,sitting,-0.0185,-0.0090,1.0299,0.8750,-3.5350,-0.0700
61174479,sitting,-0.0185,-0.0100,1.0297,0.8400,-3.4650,-0.0700
61174498,sitting,-0.0173,-0.0095,1.0307,0.8750,-3.5000,-0.0700
61174517,sitting,-0.0190,-0.0102,1.0302,0.8750,-3.5000,-0.0700
61174537,sitting,-0.0188,-0.0102,1.0289,0.8750,-3.5000,-0.0350
61174556,sitting,-0.0195,-0.0102,1.0297,0.8400,-3.5000,-0.0700
61174575,sitting,-0.0176,-0.0100,1.0307,0.8400,-3.5350,-0.1050
61174594,sitting,-0.0188,-0.0102,1.0302,0.8400,-3.5350,-0.0700
61174614,sitting,-0.0173,-0.0100,1.0294,0.8750,-3.5000,-0.0700
61174633,sitting,-0.0188,-0.0105,1.0287,0.8750,-3.5700,-0.1050
61174652,sitting,-0.0188,-0.0105,1.0292,0.8400,-3.5350,-0.0700
61174671,sitting,-0.0193,-0.0102,1.0297,0.8750,-3.4650,-0.0700
61174691,sitting,-0.0190,-0.0102,1.0304,0.8400,-3.5350,-0.0350
61174710,sitting,-0.0178,-0.0098,1.0297,0.9100,-3.5350,-0.0700
61174729,sitting,-0.0178,-0.0107,1.0302,0.8750,-3.4650,-0.1050
61174748,sitting,-0.0181,-0.0100,1.0294,0.8400,-3.4650,-0.1050
61174767,sitting,-0.0195,-0.0102,1.0289,0.8400,-3.5000,-0.0700
61174787,sitting,-0.0181,-0.0098,1.0307,0.8400,-3.4650,-0.0700
61174806,sitting,-0.0181,-0.0100,1.0302,0.8400,-3.3950,-0.0700
61174825,sitting,-0.0178,-0.0105,1.0302,0.8750,-3.5350,-0.0700
61174844,sitting,-0.0161,-0.0110,1.0292,0.9100,-3.5350,-0.0700
61174864,sitting,-0.0188,-0.0102,1.0294,0.8050,-3.4650,-0.0700
61174883,sitting,-0.0183,-0.0100,1.0299,0.8750,-3.5000,-0.1050
61174902,sitting,-0.0188,-0.0098,1.0302,0.8400,-3.4650,-0.1050
61174921,sitting,-0.0183,-0.0100,1.0289,0.8400,-3.5000,-0.0700
61174941,sitting,-0.0181,-0.0105,1.0297,0.8750,-3.5350,-0.0700
61174960,sitting,-0.0190,-0.0093,1.0297,0.8750,-3.5350,-0.1050
61174979,sitting,-0.0183,-0.0102,1.0292,0.8400,-3.4650,-0.0700
61174998,sitting,-0.0183,-0.0102,1.0292,0.8400,-3.4650,-0.1050
61175017,sitting,-0.0185,-0.0112,1.0294,0.9100,-3.5700,-0.0350
61175037,sitting,-0.0185,-0.0100,1.0299,0.8400,-3.5000,-0.0700
61175056,sitting,-0.0188,-0.0102,1.0297,0.8050,-3.4650,-0.0700
61175075,sitting,-0.0181,-0.0095,1.0292,0.8400,-3.5700,-0.0700
61175094,sitting,-0.0181,-0.0093,1.0302,0.8400,-3.5000,-0.0700
61175114,sitting,-0.0178,-0.0105,1.0294,0.8750,-3.4650,-0.1050
61175133,sitting,-0.0183,-0.0102,1.0297,0.8750,-3.5350,-0.0700
61175152,sitting,-0.0188,-0.0098,1.0299,0.8750,-3.5350,-0.0700
61175171,sitting,-0.0181,-0.0098,1.0297,0.8400,-3.4650,-0.1050
61175191,sitting,-0.0173,-0.0105,1.0304,0.8400,-3.5000,-0.0700
61175210,sitting,-0.0176,-0.0098,1.0297,0.9100,-3.5350,-0.0350
61175229,sitting,-0.0188,-0.0100,1.0292,0.8400,-3.4650,-0.0700
61175248,sitting,-0.0181,-0.0105,1.0297,0.8050,-3.5000,-0.0700
61175267,sitting,-0.0178,-0.0112,1.0299,0.8750,-3.5350,-0.0350
61175287,sitting,-0.0183,-0.0115,1.0294,0.9100,-3.5000,-0.0700
61175306,sitting,-0.0185,-0.0105,1.0297,0.9100,-3.5000,-0.0700
61175325,sitting,-0.0185,-0.0102,1.0299,0.8400,-3.5350,-0.0700
61175344,sitting,-0.0185,-0.0102,1.0289,0.9100,-3.5350,-0.0350
61175364,sitting,-0.0181,-0.0115,1.0302,0.9100,-3.5000,-0.0700
61175383,sitting,-0.0183,-0.0110,1.0297,0.8750,-3.5000,-0.0350
61175402,sitting,-0.0188,-0.0102,1.0302,0.8750,-3.4650,-0.0700
61175421,sitting,-0.0198,-0.0100,1.0297,0.9100,-3.4650,-0.0350
61175441,sitting,-0.0188,-0.0095,1.0294,0.8400,-3.5350,-0.1050
61175460,sitting,-0.0181,-0.0105,1.0294,0.8400,-3.5350,-0.0350
61175479,sitting,-0.0183,-0.0102,1.0297,0.8750,-3.5000,-0.0700
61175498,sitting,-0.0176,-0.0105,1.0299,0.8750,-3.5000,-0.1050
61175517,sitting,-0.0176,-0.0098,1.0292,0.8400,-3.5700,-0.1050
61175537,sitting,-0.0176,-0.0098,1.0307,0.9100,-3.5000,-0.0700
61175556,sitting,-0.0183,-0.0102,1.0302,0.8750,-3.5000,-0.0700
61175575,sitting,-0.0183,-0.0102,1.0302,0.9450,-3.5000,-0.0700
61175594,sitting,-0.0185,-0.0100,1.0289,0.8050,-3.5350,-0.0700
61175614,sitting,-0.0190,-0.0100,1.0297,0.8400,-3.5000,-0.0700
61175633,sitting,-0.0185,-0.0105,1.0299,0.8400,-3.5700,-0.1050
61175652,sitting,-0.0178,-0.0110,1.0302,0.8750,-3.5000,-0.1050
61175671,sitting,-0.0188,-0.0098,1.0302,0.8400,-3.5000,-0.0700
61175691,sitting,-0.0188,-0.0105,1.0292,0.8750,-3.5700,-0.1050
61175710,sitting,-0.0185,-0.0105,1.0299,0.9100,-3.5350,0.0000
61175729,sitting,-0.0185,-0.0110,1.0292,0.8400,-3.4650,-0.0700
61175748,sitting,-0.0183,-0.0102,1.0294,0.8050,-3.5000,-0.0700
61175767,sitting,-0.0181,-0.0088,1.0292,0.8400,-3.5700,-0.0700
61175787,sitting,-0.0188,-0.0095,1.0292,0.8400,-3.4650,-0.0350
61175806,sitting,-0.0188,-0.0100,1.0292,0.8050,-3.4650,-0.0700
61175825,sitting,-0.0178,-0.0107,1.0299,0.8400,-3.5000,-0.0700
61175844,sitting,-0.0178,-0.0102,1.0299,0.8400,-3.5000,-0.0700
61175864,sitting,-0.0178,-0.0102,1.0294,0.8400,-3.5000,-0.0700
61175883,sitting,-0.0190,-0.0115,1.0289,0.8400,-3.5350,-0.1400
61175902,sitting,-0.0183,-0.0098,1.0287,0.8400,-3.5350,-0.0700
61175921,sitting,-0.0178,-0.0107,1.0302,0.8400,-3.5350,-0.0700
61175941,sitting,-0.0183,-0.0102,1.0289,0.8400,-3.5000,-0.0700
61175960,sitting,-0.0176,-0.0110,1.0299,0.8750,-3.5000,-0.0700
61175979,sitting,-0.0183,-0.0102,1.0297,0.8400,-3.4650,-0.1050
61175998,sitting,-0.0181,-0.0100,1.0307,0.8050,-3.4650,-0.1400
61176017,sitting,-0.0181,-0.0100,1.0299,0.8750,-3.5350,-0.1050
61176037,sitting,-0.0188,-0.0100,1.0299,0.8400,-3.5000,-0.0700
61176056,sitting,-0.0195,-0.0100,1.0297,0.8050,-3.5000,-0.0700
61176075,sitting,-0.0181,-0.0098,1.0304,0.8400,-3.5350,-0.1050
61176094,sitting,-0.0185,-0.0100,1.0299,0.8050,-3.5350,-0.0700
61176114,sitting,-0.0185,-0.0100,1.0307,0.8400,-3.4650,-0.0700
61176133,sitting,-0.0181,-0.0105,1.0294,0.8750,-3.5000,-0.0700
61176152,sitting,-0.0188,-0.0102,1.0304,0.8400,-3.4650,-0.1050
61176171,sitting,-0.0195,-0.0093,1.0294,0.8400,-3.4650,-0.0700
61176191,sitting,-0.0185,-0.0100,1.0299,0.8400,-3.5000,-0.0700
61176210,sitting,-0.0190,-0.0102,1.0299,0.8750,-3.5000,-0.0700
61176229,sitting,-0.0183,-0.0098,1.0294,0.8400,-3.4300,-0.0700
61176248,sitting,-0.0176,-0.0098,1.0289,0.8400,-3.5350,-0.1050
61176267,sitting,-0.0193,-0.0100,1.0297,0.8400,-3.5700,-0.0700
61176287,sitting,-0.0178,-0.0095,1.0297,0.8400,-3.5000,-0.0700
61176306,sitting,-0.0176,-0.0095,1.0302,0.8400,-3.5000,-0.1050
61176325,sitting,-0.0188,-0.0098,1.0304,0.9100,-3.5000,-0.0700
61176344,sitting,-0.0193,-0.0100,1.0302,0.8750,-3.5000,-0.0700
61176364,sitting,-0.0190,-0.0100,1.0299,0.8750,-3.5000,-0.0700
61176383,sitting,-0.0185,-0.0100,1.0292,0.8750,-3.5000,-0.1050
61176402,sitting,-0.0183,-0.0088,1.0297,0.8400,-3.5350,-0.1050
61176421,sitting,-0.0185,-0.0098,1.0294,0.8400,-3.5000,-0.1050
61176441,sitting,-0.0185,-0.0102,1.0304,0.8400,-3.5000,-0.1050
61176460,sitting,-0.0183,-0.0105,1.0299,0.8750,-3.5000,-0.1050
61176479,sitting,-0.0193,-0.0112,1.0297,0.8400,-3.5000,-0.1400
61176498,sitting,-0.0190,-0.0107,1.0292,0.8750,-3.5350,-0.0350
61176517,sitting,-0.0190,-0.0115,1.0292,0.9100,-3.5350,-0.0700
61176537,sitting,-0.0181,-0.0110,1.0294,0.8750,-3.5000,-0.0700
61176556,sitting,-0.0185,-0.0105,1.0292,0.9100,-3.5000,-0.0700
61176575,sitting,-0.0190,-0.0095,1.0292,0.9100,-3.5000,-0.0700
61176594,sitting,-0.0176,-0.0098,1.0294,0.9100,-3.5000,-0.0700
61176614,sitting,-0.0176,-0.0107,1.0297,0.8400,-3.4300,-0.0700
61176633,sitting,-0.0168,-0.0107,1.0304,0.9100,-3.5000,-0.0700
61176652,sitting,-0.0183,-0.0102,1.0292,0.9100,-3.5350,0.0000
61176671,sitting,-0.0185,-0.0093,1.0302,0.8750,-3.5000,-0.0350
61176691,sitting,-0.0178,-0.0105,1.0304,0.8400,-3.5000,-0.0350
61176710,sitting,-0.0185,-0.0102,1.0299,0.8400,-3.5000,-0.0700
61176729,sitting,-0.0185,-0.0107,1.0297,0.8400,-3.4650,-0.0700
61176748,sitting,-0.0176,-0.0102,1.0289,0.8050,-3.4650,-0.1050
61176767,sitting,-0.0178,-0.0105,1.0292,0.8400,-3.5000,-0.0700
61176787,sitting,-0.0188,-0.0105,1.0289,0.8050,-3.4650,-0.1050
61176806,sitting,-0.0183,-0.0105,1.0297,0.8050,-3.4650,-0.0700
61176825,sitting,-0.0181,-0.0098,1.0285,0.8050,-3.5350,-0.0700
61176844,sitting,-0.0173,-0.0098,1.0297,0.8750,-3.5350,-0.0700
61176864,sitting,-0.0173,-0.0110,1.0302,0.8400,-3.4650,-0.1050
61176883,sitting,-0.0193,-0.0107,1.0311,0.8400,-3.5000,-0.0700
61176902,sitting,-0.0173,-0.0098,1.0297,0.8400,-3.5000,-0.0700
61176921,sitting,-0.0176,-0.0105,1.0294,0.8400,-3.5000,-0.1050
61176941,sitting,-0.0185,-0.0105,1.0304,0.8400,-3.5350,-0.0350
61176960,sitting,-0.0178,-0.0102,1.0292,0.8750,-3.5000,-0.0700
61176979,sitting,-0.0178,-0.0105,1.0307,0.8750,-3.5000,-0.1050
61176998,sitting,-0.0183,-0.0102,1.0289,0.8400,-3.4650,-0.0700
61177017,sitting,-0.0185,-0.0100,1.0297,0.8750,-3.5700,-0.0700
61177037,sitting,-0.0188,-0.0098,1.0302,0.8750,-3.5350,-0.0700
61177056,sitting,-0.0185,-0.0102,1.0292,0.8750,-3.4650,-0.1050
61177075,sitting,-0.0185,-0.0098,1.0294,0.8400,-3.5700,-0.0700
61177094,sitting,-0.0188,-0.0102,1.0289,0.8400,-3.5000,-0.1050
61177114,sitting,-0.0181,-0.0095,1.0287,0.8400,-3.5000,-0.0700
61177133,sitting,-0.0181,-0.0100,1.0299,0.8400,-3.5000,-0.1050
61177152,sitting,-0.0190,-0.0098,1.0299,0.8750,-3.5700,-0.0700
61177171,sitting,-0.0185,-0.0105,1.0302,0.8400,-3.5000,-0.0700
61177191,sitting,-0.0190,-0.0110,1.0299,0.9100,-3.5000,-0.1400
61177210,sitting,-0.0178,-0.0100,1.0289,0.8400,-3.5000,-0.1400
61177229,sitting,-0.0181,-0.0107,1.0294,0.8050,-3.5000,-0.1400
61177248,sitting,-0.0195,-0.0105,1.0302,0.8400,-3.5350,-0.0700
61177267,sitting,-0.0195,-0.0100,1.0292,0.8750,-3.5700,-0.1400
61177287,sitting,-0.0193,-0.0100,1.0292,0.8750,-3.5350,-0.1400
61177306,sitting,-0.0183,-0.0105,1.0289,0.8400,-3.4650,-0.1400
61177325,sitting,-0.0178,-0.0102,1.0299,0.8400,-3.5350,-0.0700
61177344,sitting,-0.0193,-0.0102,1.0302,0.8750,-3.4650,-0.0700
61177364,sitting,-0.0183,-0.0100,1.0292,0.8400,-3.4300,-0.1050
61177383,sitting,-0.0181,-0.0107,1.0304,0.8400,-3.5350,-0.1050
61177402,sitting,-0.0176,-0.0115,1.0297,0.8400,-3.5000,-0.0700
61177421,sitting,-0.0185,-0.0112,1.0299,0.8400,-3.4300,-0.0700
61177441,sitting,-0.0171,-0.0110,1.0302,0.8400,-3.5350,-0.0700
61177460,sitting,-0.0173,-0.0105,1.0304,0.8400,-3.6050,-0.1050
61177479,sitting,-0.0181,-0.0100,1.0304,0.8750,-3.5350,-0.0700
61177498,sitting,-0.0190,-0.0098,1.0297,0.8400,-3.4650,-0.0700
61177517,sitting,-0.0181,-0.0098,1.0292,0.8400,-3.5000,-0.0700
61177537,sitting,-0.0168,-0.0107,1.0285,0.8400,-3.5000,-0.1050
61177556,sitting,-0.0173,-0.0105,1.0297,0.9100,-3.4650,-0.1050
61177575,sitting,-0.0178,-0.0107,1.0309,0.8750,-3.5000,-0.0700
61177594,sitting,-0.0183,-0.0100,1.0304,0.8750,-3.5700,-0.1050
61177614,sitting,-0.0181,-0.0100,1.0297,0.8400,-3.5000,-0.1400
61177633,sitting,-0.0183,-0.0110,1.0299,0.9100,-3.5700,-0.0700
61177652,sitting,-0.0188,-0.0100,1.0289,0.8400,-3.5350,-0.0700
61177671,sitting,-0.0193,-0.0090,1.0294,0.8400,-3.5000,-0.0700
61177691,sitting,-0.0183,-0.0098,1.0299,0.8750,-3.5000,-0.0700
61177710,sitting,-0.0185,-0.0112,1.0302,0.9100,-3.5700,-0.1050
61177729,sitting,-0.0188,-0.0100,1.0297,0.8400,-3.4650,-0.1050
61177748,sitting,-0.0181,-0.0112,1.0294,0.8400,-3.5000,-0.0700
61177767,sitting,-0.0188,-0.0112,1.0302,0.8750,-3.5000,-0.0700
61177787,sitting,-0.0183,-0.0093,1.0309,0.8750,-3.5000,-0.1050
61177806,sitting,-0.0181,-0.0105,1.0316,0.8750,-3.4300,-0.1400
61177825,sitting,-0.0183,-0.0105,1.0309,0.8750,-3.5350,-0.1400
61177844,sitting,-0.0183,-0.0102,1.0307,0.8400,-3.5350,-0.0700
61177864,sitting,-0.0181,-0.0095,1.0307,0.8400,-3.5000,-0.0700
61177883,sitting,-0.0188,-0.0088,1.0302,0.9100,-3.4650,-0.0350
61177902,sitting,-0.0183,-0.0100,1.0297,0.8750,-3.5000,-0.0700
61177921,sitting,-0.0185,-0.0102,1.0307,0.8750,-3.5000,-0.0700
61177941,sitting,-0.0190,-0.0100,1.0304,0.9100,-3.5350,-0.0700
61177960,sitting,-0.0183,-0.0100,1.0304,0.8750,-3.5350,-0.0700
61177979,sitting,-0.0185,-0.0100,1.0307,0.8750,-3.5000,-0.1050
61177998,sitting,-0.0188,-0.0107,1.0304,0.9100,-3.5000,-0.0350
61178017,sitting,-0.0178,-0.0102,1.0292,0.8400,-3.5350,-0.1050
61178037,sitting,-0.0181,-0.0100,1.0294,0.8400,-3.4650,-0.1050
61178056,sitting,-0.0181,-0.0105,1.0292,0.9100,-3.4300,-0.0700
61178075,sitting,-0.0181,-0.0102,1.0299,0.8750,-3.5000,-0.0700
61178094,sitting,-0.0185,-0.0105,1.0292,0.8750,-3.5000,-0.0700
61178114,sitting,-0.0185,-0.0102,1.0299,0.8750,-3.4300,-0.0700
61178133,sitting,-0.0181,-0.0102,1.0309,0.8400,-3.4650,-0.0700
61178152,sitting,-0.0183,-0.0098,1.0309,0.8750,-3.5350,-0.0700
61178171,sitting,-0.0178,-0.0102,1.0299,0.8400,-3.4650,-0.0700
61178191,sitting,-0.0193,-0.0110,1.0292,0.8400,-3.5000,-0.0700
61178210,sitting,-0.0185,-0.0100,1.0292,0.8750,-3.5350,-0.0700
61178229,sitting,-0.0178,-0.0102,1.0297,0.8050,-3.5000,-0.0700
61178248,sitting,-0.0185,-0.0102,1.0292,0.8750,-3.5000,-0.0700
61178267,sitting,-0.0178,-0.0107,1.0294,0.8400,-3.5000,-0.0700
61178287,sitting,-0.0185,-0.0095,1.0297,0.8400,-3.5350,-0.0700
61178306,sitting,-0.0195,-0.0107,1.0302,0.8400,-3.5000,-0.0700
61178325,sitting,-0.0181,-0.0105,1.0299,0.8400,-3.5000,-0.1050
61178344,sitting,-0.0176,-0.0102,1.0304,0.8400,-3.5000,-0.0700
61178364,sitting,-0.0181,-0.0093,1.0304,0.8400,-3.5000,-0.1050
61178383,sitting,-0.0181,-0.0100,1.0304,0.8400,-3.5000,-0.1050
61178402,sitting,-0.0190,-0.0100,1.0294,0.8400,-3.5000,-0.1050
61178421,sitting,-0.0188,-0.0107,1.0289,0.8400,-3.5000,-0.0700
61178441,sitting,-0.0178,-0.0102,1.0309,0.8750,-3.5700,-0.0350
61178460,sitting,-0.0176,-0.0098,1.0304,0.8750,-3.5350,-0.0350
61178479,sitting,-0.0178,-0.0100,1.0299,0.8400,-3.4650,-0.0350
61178498,sitting,-0.0185,-0.0105,1.0309,0.8400,-3.4650,-0.0700
61178517,sitting,-0.0183,-0.0107,1.0297,0.8750,-3.5000,-0.0700
61178537,sitting,-0.0183,-0.0107,1.0299,0.8750,-3.4650,-0.1050
61178556,sitting,-0.0188,-0.0102,1.0304,0.8400,-3.4650,-0.1050
61178575,sitting,-0.0193,-0.0107,1.0287,0.8400,-3.5350,-0.0350
61178594,sitting,-0.0185,-0.0100,1.0299,0.8400,-3.5350,-0.1050
61178614,sitting,-0.0178,-0.0100,1.0289,0.8750,-3.4300,-0.0700
61178633,sitting,-0.0176,-0.0093,1.0294,0.8400,-3.5350,-0.0700
61178652,sitting,-0.0183,-0.0100,1.0297,0.8400,-3.5000,-0.0700
61178671,sitting,-0.0190,-0.0105,1.0292,0.8400,-3.5000,-0.0700
61178691,sitting,-0.0185,-0.0102,1.0299,0.8400,-3.4650,-0.0700
61178710,sitting,-0.0178,-0.0102,1.0299,0.8750,-3.5000,-0.1050
61178729,sitting,-0.0178,-0.0102,1.0297,0.8400,-3.4650,-0.0700
61178748,sitting,-0.0185,-0.0095,1.0294,0.8400,-3.4650,-0.0700
61178767,sitting,-0.0183,-0.0110,1.0299,0.8400,-3.5000,-0.0700
61178787,sitting,-0.0181,-0.0090,1.0302,0.8400,-3.5350,-0.0700
61178806,sitting,-0.0183,-0.0098,1.0302,0.8400,-3.5000,-0.0700
61178825,sitting,-0.0181,-0.0102,1.0307,0.8400,-3.5350,-0.0350
61178844,sitting,-0.0188,-0.0102,1.0292,0.8400,-3.5350,-0.1050
61178864,sitting,-0.0185,-0.0098,1.0294,0.8750,-3.4650,-0.0700
61178883,sitting,-0.0173,-0.0105,1.0307,0.8400,-3.5000,-0.0700
61178902,sitting,-0.0178,-0.0105,1.0302,0.8750,-3.5350,-0.0350
61178921,sitting,-0.0183,-0.0102,1.0307,0.8400,-3.5000,-0.1050
61178941,sitting,-0.0178,-0.0100,1.0302,0.8050,-3.5350,-0.0700
61178960,sitting,-0.0185,-0.0100,1.0297,0.9100,-3.5350,-0.0700
61178979,sitting,-0.0185,-0.0107,1.0297,0.8400,-3.4650,-0.0350
61178998,sitting,-0.0181,-0.0105,1.0289,0.8400,-3.5000,-0.0700
61179017,sitting,-0.0176,-0.0102,1.0299,0.8750,-3.5000,-0.1050
61179037,sitting,-0.0183,-0.0095,1.0307,0.8400,-3.5000,-0.0700
61179056,sitting,-0.0185,-0.0102,1.0302,0.8750,-3.4650,-0.0350
61179075,sitting,-0.0193,-0.0095,1.0304,0.8750,-3.5000,-0.0700
61179094,sitting,-0.0181,-0.0093,1.0299,0.8750,-3.5350,-0.0700
61179114,sitting,-0.0178,-0.0100,1.0294,0.8750,-3.4650,-0.0700
61179133,sitting,-0.0176,-0.0102,1.0292,0.8400,-3.5000,-0.1050
61179152,sitting,-0.0185,-0.0102,1.0299,0.9100,-3.5000,-0.1050
61179171,sitting,-0.0183,-0.0110,1.0309,0.8750,-3.4650,-0.1050
61179191,sitting,-0.0188,-0.0100,1.0302,0.8400,-3.5000,-0.1050
61179210,sitting,-0.0188,-0.0102,1.0309,0.8750,-3.5700,-0.0700
61179229,sitting,-0.0185,-0.0107,1.0294,0.8750,-3.4650,-0.0700
61179248,sitting,-0.0185,-0.0107,1.0294,0.8400,-3.4650,-0.1050
61179267,sitting,-0.0188,-0.0105,1.0299,0.8750,-3.5000,-0.1050
61179287,sitting,-0.0185,-0.0105,1.0304,0.8400,-3.5350,-0.0700
61179306,sitting,-0.0181,-0.0102,1.0299,0.8050,-3.5000,-0.1400
61179325,sitting,-0.0173,-0.0100,1.0304,0.8750,-3.5350,-0.0700
61179344,sitting,-0.0185,-0.0095,1.0302,0.8400,-3.4650,-0.0700
61179364,sitting,-0.0188,-0.0105,1.0294,0.8750,-3.4650,-0.1050
61179383,sitting,-0.0183,-0.0095,1.0294,0.8400,-3.5000,-0.1050
61179402,sitting,-0.0185,-0.0105,1.0299,0.8400,-3.5000,-0.1050
61179421,sitting,-0.0173,-0.0100,1.0292,0.8050,-3.5000,-0.1050
61179441,sitting,-0.0190,-0.0098,1.0297,0.8750,-3.5000,-0.1050
61179460,sitting,-0.0188,-0.0098,1.0304,0.8400,-3.5000,-0.0700
61179479,sitting,-0.0181,-0.0105,1.0299,0.8400,-3.5350,-0.1400
61179498,sitting,-0.0185,-0.0107,1.0307,0.8400,-3.4650,-0.0700
61179517,sitting,-0.0188,-0.0107,1.0311,0.8750,-3.5000,-0.0700
61179537,sitting,-0.0181,-0.0102,1.0304,0.8400,-3.5000,-0.0700
61179556,sitting,-0.0178,-0.0090,1.0297,0.8400,-3.5000,-0.0700
61179575,sitting,-0.0181,-0.0093,1.0302,0.8750,-3.5000,-0.0700
61179594,sitting,-0.0178,-0.0098,1.0299,0.8750,-3.5700,-0.0700
61179614,sitting,-0.0183,-0.0098,1.0302,0.8400,-3.5350,-0.0700
61179633,sitting,-0.0176,-0.0102,1.0292,0.8750,-3.5350,-0.0350
61179652,sitting,-0.0183,-0.0107,1.0292,0.8750,-3.5700,-0.0700
61179671,sitting,-0.0181,-0.0105,1.0292,0.8400,-3.5350,-0.0700
61179691,sitting,-0.0185,-0.0107,1.0297,0.8750,-3.4300,-0.0350
61179710,sitting,-0.0178,-0.0100,1.0285,0.8400,-3.5000,-0.1050
61179729,sitting,-0.0185,-0.0107,1.0297,0.8400,-3.5000,-0.0700
61179748,sitting,-0.0183,-0.0098,1.0299,0.8400,-3.4650,-0.0700
61179767,sitting,-0.0185,-0.0102,1.0299,0.8400,-3.5000,-0.0700
61179787,sitting,-0.0188,-0.0102,1.0307,0.8750,-3.5000,-0.0700
61179806,sitting,-0.0188,-0.0095,1.0294,0.8400,-3.5000,-0.0700
61179825,sitting,-0.0183,-0.0098,1.0294,0.8400,-3.5000,-0.0700
61179844,sitting,-0.0181,-0.0102,1.0294,0.8400,-3.5000,-0.0700
61179864,sitting,-0.0178,-0.0105,1.0292,0.8400,-3.5000,-0.0700
61179883,sitting,-0.0176,-0.0107,1.0307,0.8400,-3.5000,-0.0700
61179902,sitting,-0.0181,-0.0110,1.0302,0.8400,-3.5700,-0.0700
61179921,sitting,-0.0185,-0.0107,1.0297,0.8400,-3.4300,-0.1050
61179941,sitting,-0.0185,-0.0100,1.0299,0.8400,-3.5000,-0.0700
61179960,sitting,-0.0183,-0.0102,1.0302,0.8750,-3.5350,-0.0700
61179979,sitting,-0.0181,-0.0098,1.0304,0.8400,-3.5350,-0.0700
61179998,sitting,-0.0178,-0.0107,1.0299,0.8400,-3.5000,-0.1400
61180017,sitting,-0.0178,-0.0100,1.0297,0.8400,-3.5000,-0.0700
61180037,sitting,-0.0185,-0.0100,1.0294,0.8400,-3.5000,-0.0700
61180056,sitting,-0.0195,-0.0100,1.0307,0.8050,-3.4650,-0.0700
61180075,sitting,-0.0181,-0.0098,1.0309,0.8400,-3.5700,-0.1050
61180094,sitting,-0.0166,-0.0105,1.0304,0.8750,-3.5000,-0.0700
61180114,sitting,-0.0181,-0.0102,1.0302,0.9100,-3.5350,-0.0700
61180133,sitting,-0.0188,-0.0105,1.0299,0.8400,-3.4650,-0.0700
61180152,sitting,-0.0166,-0.0100,1.0289,0.8750,-3.5000,-0.0700
61180171,sitting,-0.0176,-0.0110,1.0294,0.8400,-3.4650,-0.1050
61180191,sitting,-0.0183,-0.0102,1.0297,0.8400,-3.5700,-0.0700
61180210,sitting,-0.0183,-0.0107,1.0297,0.8750,-3.5350,-0.1050
61180229,sitting,-0.0183,-0.0107,1.0304,0.8400,-3.5000,-0.0700
61180248,sitting,-0.0190,-0.0095,1.0299,0.8400,-3.5000,-0.0700
61180267,sitting,-0.0188,-0.0100,1.0297,0.9100,-3.5700,-0.0700
61180287,sitting,-0.0178,-0.0105,1.0297,0.8750,-3.5000,-0.0700
61180306,sitting,-0.0181,-0.0100,1.0304,0.8050,-3.4650,-0.0700
61180325,sitting,-0.0176,-0.0105,1.0304,0.9100,-3.5350,-0.1050
61180344,sitting,-0.0183,-0.0102,1.0302,0.8400,-3.5000,-0.0700
61180364,sitting,-0.0185,-0.0105,1.0299,0.8400,-3.4300,-0.1400
61180383,sitting,-0.0176,-0.0093,1.0297,0.8750,-3.5000,-0.0700
61180402,sitting,-0.0183,-0.0107,1.0294,0.8750,-3.5000,-0.0700
61180421,sitting,-0.0183,-0.0100,1.0307,0.8050,-3.4650,-0.1050
61180441,sitting,-0.0190,-0.0100,1.0304,0.8050,-3.4650,-0.1400
61180460,sitting,-0.0183,-0.0098,1.0294,0.8400,-3.5000,-0.1050
61180479,sitting,-0.0181,-0.0100,1.0297,0.8400,-3.5700,-0.0700
61180498,sitting,-0.0185,-0.0093,1.0297,0.9100,-3.5000,-0.0350
61180517,sitting,-0.0193,-0.0105,1.0307,0.9100,-3.5350,-0.0700
61180537,sitting,-0.0178,-0.0110,1.0302,0.8750,-3.5000,-0.0700
61180556,sitting,-0.0176,-0.0105,1.0307,0.8400,-3.5000,-0.0700
61180575,sitting,-0.0188,-0.0102,1.0292,0.8750,-3.5700,-0.1050
61180594,sitting,-0.0181,-0.0107,1.0299,0.8400,-3.5000,-0.0700
61180614,sitting,-0.0193,-0.0100,1.0307,0.8400,-3.5000,-0.0700
61180633,sitting,-0.0176,-0.0098,1.0307,0.8400,-3.5350,-0.0700
61180652,sitting,-0.0178,-0.0107,1.0302,0.9100,-3.5350,-0.0700
61180671,sitting,-0.0183,-0.0100,1.0307,0.8750,-3.5350,-0.0700
61180691,sitting,-0.0183,-0.0102,1.0299,0.8750,-3.5000,-0.0350
61180710,sitting,-0.0181,-0.0102,1.0309,0.8400,-3.5350,-0.0700
61180729,sitting,-0.0188,-0.0105,1.0304,0.8050,-3.5000,-0.0700
61180748,sitting,-0.0185,-0.0107,1.0309,0.8050,-3.5000,-0.1050
61180767,sitting,-0.0185,-0.0107,1.0304,0.8400,-3.5350,-0.0700
61180787,sitting,-0.0178,-0.0102,1.0299,0.8750,-3.5350,-0.0700
61180806,sitting,-0.0176,-0.0112,1.0304,0.8400,-3.4300,-0.1050
61180825,sitting,-0.0185,-0.0107,1.0304,0.8400,-3.4650,-0.0700
61180844,sitting,-0.0181,-0.0110,1.0292,0.9100,-3.5700,-0.0700
61180864,sitting,-0.0185,-0.0105,1.0299,0.8400,-3.5000,-0.0700
61180883,sitting,-0.0181,-0.0100,1.0292,0.8400,-3.5700,-0.0350
61180902,sitting,-0.0183,-0.0107,1.0299,0.8400,-3.5000,-0.0700
61180921,sitting,-0.0185,-0.0102,1.0304,0.8750,-3.5350,-0.0350
61180941,sitting,-0.0181,-0.0100,1.0307,0.8400,-3.5350,-0.1050
61180960,sitting,-0.0181,-0.0102,1.0309,0.9100,-3.5700,-0.0700
61180979,sitting,-0.0183,-0.0107,1.0294,0.8400,-3.5000,-0.1050
61180998,sitting,-0.0188,-0.0107,1.0307,0.8400,-3.5000,-0.0700
61181017,sitting,-0.0185,-0.0098,1.0294,0.8750,-3.5350,-0.0700
61181037,sitting,-0.0183,-0.0100,1.0299,0.8750,-3.5000,-0.1050
61181056,sitting,-0.0185,-0.0098,1.0294,0.8050,-3.5000,-0.1050
61181075,sitting,-0.0178,-0.0095,1.0294,0.8400,-3.5000,0.0000
61181094,sitting,-0.0183,-0.0100,1.0294,0.8400,-3.5000,-0.0700
61181114,sitting,-0.0193,-0.0098,1.0297,0.8400,-3.4650,-0.0700
61181133,sitting,-0.0193,-0.0102,1.0307,0.8400,-3.5000,-0.1050
61181152,sitting,-0.0190,-0.0098,1.0304,0.8400,-3.5000,-0.1050
61181171,sitting,-0.0183,-0.0105,1.0299,0.8750,-3.4650,-0.1400
61181191,sitting,-0.0183,-0.0100,1.0302,0.8400,-3.5000,-0.0700
61181210,sitting,-0.0173,-0.0110,1.0302,0.8400,-3.5000,-0.1050
61181229,sitting,-0.0181,-0.0100,1.0289,0.8750,-3.4650,-0.0350
61181248,sitting,-0.0176,-0.0105,1.0294,0.8400,-3.5000,-0.0700
61181267,sitting,-0.0183,-0.0107,1.0294,0.8750,-3.5000,-0.0700
61181287,sitting,-0.0185,-0.0105,1.0292,0.8750,-3.5000,0.0000
61181306,sitting,-0.0193,-0.0105,1.0294,0.8750,-3.5000,-0.0700
61181325,sitting,-0.0183,-0.0107,1.0294,0.8750,-3.5350,-0.0700
61181344,sitting,-0.0176,-0.0093,1.0311,0.9100,-3.5000,-0.0700
61181364,sitting,-0.0185,-0.0100,1.0304,0.8400,-3.4650,-0.0700
61181383,sitting,-0.0195,-0.0102,1.0304,0.8400,-3.5000,-0.0700
61181402,sitting,-0.0183,-0.0095,1.0294,0.8400,-3.5700,-0.0700
61181421,sitting,-0.0181,-0.0095,1.0309,0.8400,-3.4650,-0.1050
61181441,sitting,-0.0178,-0.0102,1.0302,0.8750,-3.4650,-0.1400
61181460,sitting,-0.0181,-0.0105,1.0302,0.9100,-3.5350,-0.0700
61181479,sitting,-0.0181,-0.0090,1.0311,0.8750,-3.4650,-0.0700
61181498,sitting,-0.0171,-0.0093,1.0292,0.8400,-3.4650,-0.0700
61181517,sitting,-0.0185,-0.0102,1.0297,0.8400,-3.5000,-0.0700
61181537,sitting,-0.0178,-0.0090,1.0299,0.8750,-3.5000,-0.0700
61181556,sitting,-0.0178,-0.0098,1.0299,0.8400,-3.4650,-0.1400
61181575,sitting,-0.0193,-0.0102,1.0289,0.8400,-3.5350,-0.0700
61181594,sitting,-0.0181,-0.0112,1.0299,0.8750,-3.5350,-0.0350
61181614,sitting,-0.0183,-0.0112,1.0297,0.8400,-3.5350,-0.0700
61181633,sitting,-0.0185,-0.0098,1.0311,0.9100,-3.5000,-0.0350
61181652,sitting,-0.0181,-0.0102,1.0297,0.8750,-3.5350,-0.0700
61181671,sitting,-0.0185,-0.0095,1.0292,0.8400,-3.4650,-0.1050
61181691,sitting,-0.0193,-0.0098,1.0307,0.8400,-3.5000,-0.0700
61181710,sitting,-0.0185,-0.0102,1.0299,0.8750,-3.5000,-0.1050
61181729,sitting,-0.0185,-0.0102,1.0297,0.8750,-3.5000,-0.0700
61181748,sitting,-0.0193,-0.0102,1.0292,0.8050,-3.4650,-0.1050
61181767,sitting,-0.0185,-0.0100,1.0299,0.8050,-3.5000,-0.0350
61181787,sitting,-0.0190,-0.0095,1.0299,0.8400,-3.4650,-0.0700
61181806,sitting,-0.0183,-0.0095,1.0307,0.7700,-3.4300,-0.1400
61181825,sitting,-0.0181,-0.0102,1.0299,0.8400,-3.5350,-0.0700
61181844,sitting,-0.0188,-0.0098,1.0299,0.8750,-3.5350,-0.0700
61181864,sitting,-0.0198,-0.0100,1.0289,0.8750,-3.5000,-0.0350
61181883,sitting,-0.0183,-0.0100,1.0294,0.8400,-3.5000,-0.0700
61181902,sitting,-0.0185,-0.0093,1.0299,0.8400,-3.5350,-0.1050
61181921,sitting,-0.0188,-0.0098,1.0302,0.8400,-3.5350,-0.0700
61181941,sitting,-0.0190,-0.0115,1.0294,0.8750,-3.5000,-0.0700
61181960,sitting,-0.0183,-0.0105,1.0294,0.8400,-3.4650,-0.0700
61181979,sitting,-0.0183,-0.0095,1.0307,0.8400,-3.5350,0.0000
61181998,sitting,-0.0183,-0.0102,1.0299,0.8400,-3.5000,-0.0700
61182017,sitting,-0.0178,-0.0107,1.0297,0.8400,-3.5000,-0.0700
61182037,sitting,-0.0178,-0.0102,1.0287,0.8400,-3.5000,-0.0700
61182056,sitting,-0.0181,-0.0090,1.0289,0.8400,-3.4300,-0.0700
61182075,sitting,-0.0181,-0.0100,1.0302,0.9100,-3.5000,-0.0700
61182094,sitting,-0.0173,-0.0095,1.0302,0.8400,-3.5350,-0.0700
61182114,sitting,-0.0185,-0.0098,1.0302,0.8400,-3.4650,-0.0700
61182133,sitting,-0.0190,-0.0102,1.0294,0.8400,-3.4650,-0.0350
61182152,sitting,-0.0181,-0.0107,1.0299,0.8750,-3.5350,-0.0700
61182171,sitting,-0.0178,-0.0107,1.0307,0.8400,-3.5000,-0.0700
61182191,sitting,-0.0178,-0.0117,1.0302,0.8750,-3.5000,-0.0700
61182210,sitting,-0.0181,-0.0098,1.0304,0.9100,-3.5700,-0.1050
61182229,sitting,-0.0185,-0.0098,1.0299,0.8750,-3.5700,-0.0700
61182248,sitting,-0.0185,-0.0107,1.0294,0.8400,-3.5700,-0.0700
61182267,sitting,-0.0190,-0.0100,1.0299,0.8400,-3.5700,-0.0700
61182287,sitting,-0.0183,-0.0107,1.0292,0.8400,-3.5000,-0.1050
61182306,sitting,-0.0183,-0.0105,1.0287,0.8400,-3.5000,-0.0700
61182325,sitting,-0.0181,-0.0098,1.0294,0.9100,-3.5000,-0.0350
61182344,sitting,-0.0190,-0.0105,1.0311,0.8750,-3.5350,-0.0700
61182364,sitting,-0.0181,-0.0112,1.0289,0.8400,-3.5000,-0.1050
61182383,sitting,-0.0183,-0.0105,1.0289,0.8400,-3.5350,-0.0700
61182402,sitting,-0.0178,-0.0105,1.0299,0.8750,-3.5350,-0.0700
61182421,sitting,-0.0183,-0.0098,1.0299,0.8400,-3.5000,-0.0700
61182441,sitting,-0.0188,-0.0120,1.0304,0.8400,-3.5000,-0.0700
61182460,sitting,-0.0183,-0.0110,1.0289,0.8400,-3.5000,-0.0700
61182479,sitting,-0.0181,-0.0102,1.0294,0.8400,-3.5000,-0.0700
61182498,sitting,-0.0183,-0.0102,1.0309,0.8750,-3.4650,-0.1050
61182517,sitting,-0.0181,-0.0107,1.0297,0.9100,-3.5350,-0.0700
61182537,sitting,-0.0190,-0.0112,1.0299,0.8400,-3.5350,-0.0700
61182556,sitting,-0.0185,-0.0100,1.0294,0.8400,-3.4650,-0.1050
61182575,sitting,-0.0190,-0.0100,1.0302,0.8400,-3.5000,-0.0700
61182594,sitting,-0.0181,-0.0102,1.0294,0.9100,-3.5350,-0.1050
61182614,sitting,-0.0185,-0.0102,1.0294,0.9100,-3.5000,-0.0350
61182633,sitting,-0.0193,-0.0102,1.0299,0.9100,-3.5350,-0.0700
61182652,sitting,-0.0188,-0.0110,1.0302,0.9100,-3.6050,-0.0700
61182671,sitting,-0.0185,-0.0110,1.0292,0.8050,-3.4650,-0.0700
61182691,sitting,-0.0178,-0.0110,1.0309,0.9100,-3.5000,-0.0350
61182710,sitting,-0.0178,-0.0098,1.0309,0.8400,-3.5350,-0.0700
61182729,sitting,-0.0193,-0.0110,1.0292,0.8400,-3.5000,-0.0700
61182748,sitting,-0.0181,-0.0110,1.0294,0.8400,-3.5000,-0.1050
61182767,sitting,-0.0178,-0.0107,1.0304,0.8050,-3.4650,-0.1400
61182787,sitting,-0.0171,-0.0107,1.0304,0.8400,-3.5000,-0.0700
61182806,sitting,-0.0173,-0.0095,1.0309,0.8400,-3.5000,-0.0700
61182825,sitting,-0.0178,-0.0090,1.0309,0.9100,-3.5000,-0.0350
61182844,sitting,-0.0176,-0.0100,1.0314,0.8400,-3.5350,-0.0700
61182864,sitting,-0.0181,-0.0100,1.0294,0.8400,-3.4650,-0.1050
61182883,sitting,-0.0183,-0.0112,1.0299,0.9100,-3.5700,-0.0700
61182902,sitting,-0.0188,-0.0102,1.0294,0.8400,-3.5350,-0.1050
61182921,sitting,-0.0188,-0.0110,1.0299,0.8400,-3.5000,-0.0700
61182941,sitting,-0.0185,-0.0110,1.0299,0.8400,-3.5000,-0.0700
61182960,sitting,-0.0176,-0.0102,1.0304,0.9100,-3.5700,-0.0350
61182979,sitting,-0.0178,-0.0093,1.0297,0.8400,-3.5000,-0.0700
61182998,sitting,-0.0181,-0.0095,1.0304,0.8750,-3.4650,-0.0700
61183017,sitting,-0.0185,-0.0093,1.0299,0.8400,-3.5700,-0.1050
61183037,sitting,-0.0188,-0.0098,1.0294,0.8750,-3.5000,-0.1050
61183056,sitting,-0.0185,-0.0110,1.0292,0.8400,-3.4650,-0.0700
61183075,sitting,-0.0183,-0.0105,1.0302,0.9100,-3.5000,-0.0700
61183094,sitting,-0.0188,-0.0095,1.0289,0.8750,-3.5350,-0.0700
61183114,sitting,-0.0190,-0.0110,1.0302,0.8750,-3.5000,-0.0700
61183133,sitting,-0.0190,-0.0100,1.0299,0.9100,-3.5350,-0.0350
61183152,sitting,-0.0178,-0.0115,1.0304,0.8400,-3.5350,-0.0700
61183171,sitting,-0.0183,-0.0105,1.0302,0.8400,-3.5350,-0.0700
61183191,sitting,-0.0178,-0.0100,1.0307,0.8750,-3.5350,-0.0700
61183210,sitting,-0.0190,-0.0102,1.0294,0.8750,-3.5000,-0.1050
61183229,sitting,-0.0193,-0.0100,1.0299,0.8400,-3.5000,-0.0700
61183248,sitting,-0.0185,-0.0107,1.0297,0.8750,-3.5000,-0.0700
61183267,sitting,-0.0173,-0.0098,1.0321,0.8750,-3.5000,-0.0350
61183287,sitting,-0.0178,-0.0095,1.0307,0.8400,-3.5000,-0.0350
61183306,sitting,-0.0178,-0.0105,1.0299,0.8750,-3.5000,-0.1050
61183325,sitting,-0.0190,-0.0102,1.0294,0.8400,-3.5000,-0.0700
61183344,sitting,-0.0190,-0.0110,1.0302,0.8750,-3.5350,-0.0350
61183364,sitting,-0.0185,-0.0107,1.0302,0.8750,-3.4650,-0.0700
61183383,sitting,-0.0193,-0.0105,1.0287,0.8750,-3.5000,-0.0700
61183402,sitting,-0.0193,-0.0107,1.0287,0.8750,-3.5000,-0.0700
61183421,sitting,-0.0190,-0.0100,1.0307,0.8400,-3.4650,-0.0700
61183441,sitting,-0.0185,-0.0100,1.0307,0.8400,-3.4300,-0.0700
61183460,sitting,-0.0185,-0.0102,1.0302,0.8400,-3.5350,-0.1050
61183479,sitting,-0.0178,-0.0102,1.0299,0.8750,-3.4650,-0.0700
61183498,sitting,-0.0183,-0.0107,1.0304,0.8400,-3.4650,-0.1050
61183517,sitting,-0.0173,-0.0107,1.0299,0.8750,-3.5350,-0.1050
61183537,sitting,-0.0173,-0.0095,1.0294,0.9100,-3.5000,-0.0700
61183556,sitting,-0.0183,-0.0093,1.0302,0.8750,-3.4650,-0.0700
61183575,sitting,-0.0185,-0.0105,1.0302,0.9100,-3.5350,-0.0350
61183594,sitting,-0.0183,-0.0100,1.0299,0.8750,-3.5000,-0.0700
61183614,sitting,-0.0183,-0.0098,1.0292,0.8750,-3.5000,-0.0700
61183633,sitting,-0.0190,-0.0102,1.0302,0.9100,-3.5000,0.0000
61183652,sitting,-0.0178,-0.0107,1.0299,0.8400,-3.5000,-0.0700
61183671,sitting,-0.0188,-0.0107,1.0289,0.8400,-3.5000,-0.0700
61183691,sitting,-0.0188,-0.0102,1.0304,0.8400,-3.5350,-0.0700
61183710,sitting,-0.0183,-0.0115,1.0299,0.8400,-3.5000,-0.0700
61183729,sitting,-0.0171,-0.0105,1.0302,0.8400,-3.4650,-0.0700
61183748,sitting,-0.0190,-0.0105,1.0304,0.8400,-3.4650,-0.1050
61183767,sitting,-0.0195,-0.0107,1.0307,0.8750,-3.5350,-0.0700
61183787,sitting,-0.0185,-0.0105,1.0297,0.8050,-3.5000,-0.1400
61183806,sitting,-0.0181,-0.0100,1.0294,0.8400,-3.4300,-0.0700
61183825,sitting,-0.0173,-0.0098,1.0299,0.8750,-3.5000,-0.1050
61183844,sitting,-0.0181,-0.0107,1.0297,0.8400,-3.5350,-0.1400
61183864,sitting,-0.0181,-0.0115,1.0302,0.8750,-3.5000,-0.0700
61183883,sitting,-0.0178,-0.0105,1.0311,0.8750,-3.5000,-0.0700
61183902,sitting,-0.0188,-0.0098,1.0304,0.8750,-3.5350,-0.1400
61183921,sitting,-0.0183,-0.0107,1.0302,0.8400,-3.5350,-0.0700
61183941,sitting,-0.0178,-0.0102,1.0304,0.8400,-3.5000,-0.0700
61183960,sitting,-0.0188,-0.0102,1.0302,0.8750,-3.5700,-0.0700
61183979,sitting,-0.0183,-0.0102,1.0292,0.8400,-3.5000,-0.1050
61183998,sitting,-0.0183,-0.0102,1.0292,0.8050,-3.5000,-0.1400
61184017,sitting,-0.0176,-0.0102,1.0292,0.8400,-3.5000,-0.0700
61184037,sitting,-0.0176,-0.0107,1.0304,0.8750,-3.5000,-0.1050
61184056,sitting,-0.0183,-0.0095,1.0307,0.8400,-3.4650,-0.1050
61184075,sitting,-0.0178,-0.0100,1.0307,0.8400,-3.5000,-0.1400
61184094,sitting,-0.0195,-0.0107,1.0302,0.8400,-3.5350,-0.1400
61184114,sitting,-0.0181,-0.0105,1.0299,0.8400,-3.4650,-0.0700
61184133,sitting,-0.0188,-0.0107,1.0289,0.8400,-3.5000,-0.0700
61184152,sitting,-0.0193,-0.0112,1.0304,0.8750,-3.5700,-0.0700
61184171,sitting,-0.0181,-0.0105,1.0297,0.8400,-3.5000,-0.0350
61184191,sitting,-0.0185,-0.0107,1.0299,0.8400,-3.5350,-0.0700
61184210,sitting,-0.0185,-0.0105,1.0299,0.8400,-3.5350,-0.0700
61184229,sitting,-0.0181,-0.0105,1.0285,0.8400,-3.4650,-0.1050
61184248,sitting,-0.0183,-0.0098,1.0292,0.8400,-3.5000,-0.1050
61184267,sitting,-0.0176,-0.0098,1.0297,0.8050,-3.5000,-0.0700
61184287,sitting,-0.0188,-0.0100,1.0302,0.8400,-3.5350,-0.0700
61184306,sitting,-0.0188,-0.0100,1.0294,0.8050,-3.4650,-0.0700
61184325,sitting,-0.0190,-0.0095,1.0297,0.8400,-3.5000,-0.0700
61184344,sitting,-0.0195,-0.0102,1.0294,0.8400,-3.5700,-0.0700
61184364,sitting,-0.0185,-0.0105,1.0292,0.8050,-3.5000,-0.0700
61184383,sitting,-0.0188,-0.0107,1.0302,0.8750,-3.4650,-0.1050
61184402,sitting,-0.0188,-0.0112,1.0289,0.8400,-3.5000,-0.0700
61184421,sitting,-0.0185,-0.0107,1.0299,0.8400,-3.4650,-0.0700
61184441,sitting,-0.0178,-0.0100,1.0289,0.8050,-3.4650,-0.1400
61184460,sitting,-0.0185,-0.0095,1.0292,0.8400,-3.5000,-0.0700
61184479,sitting,-0.0181,-0.0100,1.0297,0.8400,-3.5000,-0.0700
61184498,sitting,-0.0181,-0.0105,1.0299,0.8400,-3.4650,-0.0700
61184517,sitting,-0.0188,-0.0100,1.0289,0.8400,-3.5000,-0.0700
61184537,sitting,-0.0181,-0.0098,1.0299,0.8400,-3.5350,-0.0700
61184556,sitting,-0.0181,-0.0112,1.0297,0.9100,-3.5000,-0.0700
61184575,sitting,-0.0190,-0.0107,1.0297,0.8750,-3.5350,-0.0700
61184594,sitting,-0.0183,-0.0100,1.0297,0.8400,-3.5350,-0.1400
61184614,sitting,-0.0193,-0.0100,1.0297,0.8400,-3.5000,-0.0700
61184633,sitting,-0.0176,-0.0098,1.0307,0.8400,-3.5000,-0.1400
61184652,sitting,-0.0173,-0.0102,1.0307,0.8750,-3.6050,-0.0350
61184671,sitting,-0.0190,-0.0115,1.0309,0.8400,-3.5700,-0.0700
61184691,sitting,-0.0185,-0.0098,1.0289,0.8400,-3.4650,-0.1400
61184710,sitting,-0.0183,-0.0100,1.0294,0.8750,-3.5000,-0.0700
61184729,sitting,-0.0181,-0.0112,1.0297,0.8400,-3.5000,-0.0700
61184748,sitting,-0.0193,-0.0105,1.0294,0.8400,-3.5000,-0.0700
61184767,sitting,-0.0185,-0.0105,1.0299,0.8400,-3.5350,-0.0700
61184787,sitting,-0.0185,-0.0112,1.0302,0.8750,-3.5000,-0.0700
61184806,sitting,-0.0178,-0.0107,1.0302,0.8400,-3.4300,-0.1050
61184825,sitting,-0.0176,-0.0107,1.0302,0.8400,-3.5700,-0.0700
61184844,sitting,-0.0188,-0.0098,1.0307,0.8400,-3.5700,-0.0700
61184864,sitting,-0.0190,-0.0105,1.0294,0.8400,-3.5000,-0.1050
61184883,sitting,-0.0178,-0.0095,1.0299,0.8400,-3.5000,-0.0700
61184902,sitting,-0.0173,-0.0095,1.0297,0.8400,-3.5000,-0.1050
61184921,sitting,-0.0173,-0.0100,1.0287,0.8400,-3.5000,-0.0700
61184941,sitting,-0.0181,-0.0093,1.0297,0.8400,-3.5000,-0.1050
61184960,sitting,-0.0190,-0.0100,1.0294,0.8400,-3.5350,-0.0700
61184979,sitting,-0.0181,-0.0098,1.0297,0.8400,-3.4650,-0.0350
61184998,sitting,-0.0181,-0.0100,1.0299,0.8400,-3.5000,-0.1050
61185017,sitting,-0.0183,-0.0102,1.0302,0.8750,-3.5000,-0.0700
61185037,sitting,-0.0181,-0.0105,1.0304,0.8750,-3.4650,-0.0700
61185056,sitting,-0.0188,-0.0095,1.0292,0.8400,-3.5700,-0.0700
61185075,sitting,-0.0181,-0.0093,1.0304,0.8400,-3.5350,-0.1050
61185094,sitting,-0.0181,-0.0093,1.0297,0.8400,-3.5700,-0.1050
61185114,sitting,-0.0181,-0.0095,1.0292,0.8400,-3.4650,-0.0700
61185133,sitting,-0.0178,-0.0105,1.0299,0.8400,-3.5000,-0.0700
61185152,sitting,-0.0176,-0.0100,1.0292,0.8400,-3.5350,-0.1050
61185171,sitting,-0.0173,-0.0100,1.0302,0.8400,-3.4650,-0.0350
61185191,sitting,-0.0190,-0.0098,1.0304,0.8400,-3.4650,-0.1050
61185210,sitting,-0.0183,-0.0088,1.0304,0.8400,-3.5350,-0.0700
61185229,sitting,-0.0181,-0.0098,1.0294,0.9100,-3.5350,-0.1050
61185248,sitting,-0.0188,-0.0102,1.0299,0.8400,-3.5000,-0.0700
61185267,sitting,-0.0185,-0.0102,1.0299,0.8400,-3.5000,-0.0700
61185287,sitting,-0.0183,-0.0102,1.0302,0.9100,-3.5350,-0.0700
61185306,sitting,-0.0185,-0.0102,1.0304,0.8400,-3.5000,-0.0700
61185325,sitting,-0.0178,-0.0105,1.0294,0.8750,-3.5700,-0.0700
61185344,sitting,-0.0181,-0.0107,1.0294,0.9100,-3.5700,-0.0700
61185364,sitting,-0.0185,-0.0100,1.0307,0.8400,-3.5000,-0.1050
61185383,sitting,-0.0188,-0.0105,1.0307,0.8750,-3.5350,-0.0700
61185402,sitting,-0.0188,-0.0102,1.0307,0.8750,-3.5350,-0.1050
61185421,sitting,-0.0178,-0.0102,1.0311,0.8400,-3.5000,-0.0700
61185441,sitting,-0.0181,-0.0102,1.0309,0.8400,-3.4300,-0.1050
61185460,sitting,-0.0181,-0.0105,1.0304,0.8750,-3.5350,-0.0700
61185479,sitting,-0.0188,-0.0110,1.0297,0.8050,-3.5000,-0.0700
61185498,sitting,-0.0183,-0.0107,1.0294,0.8400,-3.4650,-0.0700
61185517,sitting,-0.0188,-0.0105,1.0297,0.8750,-3.5700,-0.1050
61185537,sitting,-0.0183,-0.0098,1.0297,0.8750,-3.5000,-0.0700
61185556,sitting,-0.0188,-0.0098,1.0304,0.8400,-3.5000,-0.0700
61185575,sitting,-0.0190,-0.0102,1.0307,0.8400,-3.5000,-0.1050
61185594,sitting,-0.0188,-0.0095,1.0309,0.8400,-3.5350,-0.0700
61185614,sitting,-0.0188,-0.0100,1.0289,0.8050,-3.5000,-0.1050
61185633,sitting,-0.0183,-0.0110,1.0311,0.8750,-3.5350,-0.0700
61185652,sitting,-0.0185,-0.0102,1.0304,0.9100,-3.5350,-0.0700
61185671,sitting,-0.0183,-0.0100,1.0304,0.8400,-3.5000,-0.0700
61185691,sitting,-0.0190,-0.0100,1.0302,0.8400,-3.5000,-0.0350
61185710,sitting,-0.0193,-0.0110,1.0299,0.8400,-3.5700,-0.0700
61185729,sitting,-0.0198,-0.0110,1.0307,0.8750,-3.5000,-0.0700
61185748,sitting,-0.0183,-0.0105,1.0299,0.8400,-3.5350,-0.0700
61185767,sitting,-0.0183,-0.0102,1.0304,0.8750,-3.5000,-0.0700
61185787,sitting,-0.0190,-0.0107,1.0297,0.8400,-3.4650,-0.1050
61185806,sitting,-0.0183,-0.0100,1.0302,0.8750,-3.5000,-0.1050
61185825,sitting,-0.0183,-0.0105,1.0304,0.8750,-3.5350,-0.0700
61185844,sitting,-0.0183,-0.0107,1.0297,0.9100,-3.5000,-0.0700
61185864,sitting,-0.0178,-0.0102,1.0294,0.8400,-3.5000,-0.0700
61185883,sitting,-0.0181,-0.0098,1.0307,0.8400,-3.5000,-0.0700
61185902,sitting,-0.0178,-0.0100,1.0297,0.8750,-3.5700,-0.0700
61185921,sitting,-0.0185,-0.0095,1.0299,0.8750,-3.5350,-0.1400
61185941,sitting,-0.0181,-0.0095,1.0297,0.8400,-3.5350,-0.0700
61185960,sitting,-0.0181,-0.0105,1.0302,0.8750,-3.5350,-0.0700
61185979,sitting,-0.0183,-0.0102,1.0304,0.8050,-3.5000,-0.0700
61185998,sitting,-0.0183,-0.0102,1.0302,0.8400,-3.4650,-0.0700
61186017,sitting,-0.0183,-0.0100,1.0299,0.9100,-3.5350,-0.0700
61186037,sitting,-0.0188,-0.0102,1.0309,0.8750,-3.5000,-0.0700
61186056,sitting,-0.0181,-0.0102,1.0302,0.8400,-3.5000,-0.0700
61186075,sitting,-0.0185,-0.0105,1.0292,0.8400,-3.5000,-0.1050
61186094,sitting,-0.0188,-0.0107,1.0297,0.8400,-3.5350,-0.0700
61186114,sitting,-0.0178,-0.0112,1.0307,0.8400,-3.4650,-0.0700
61186133,sitting,-0.0185,-0.0107,1.0309,0.8400,-3.5350,-0.0700
61186152,sitting,-0.0183,-0.0105,1.0302,0.8750,-3.5350,-0.0700
61186171,sitting,-0.0193,-0.0102,1.0297,0.9100,-3.5350,-0.1050
61186191,sitting,-0.0188,-0.0100,1.0294,0.8400,-3.5000,-0.0700
61186210,sitting,-0.0185,-0.0100,1.0292,0.8750,-3.5350,-0.0700
61186229,sitting,-0.0185,-0.0102,1.0294,0.8400,-3.5000,-0.0700
61186248,sitting,-0.0176,-0.0102,1.0297,0.8400,-3.5000,-0.0700
61186267,sitting,-0.0185,-0.0105,1.0304,0.8400,-3.5350,-0.0700
61186287,sitting,-0.0188,-0.0107,1.0289,0.8750,-3.5000,-0.0700
61186306,sitting,-0.0181,-0.0098,1.0299,0.8750,-3.5000,-0.0350
61186325,sitting,-0.0178,-0.0107,1.0302,0.8750,-3.5700,-0.0700
61186344,sitting,-0.0176,-0.0105,1.0299,0.8750,-3.5000,-0.0700
61186364,sitting,-0.0176,-0.0100,1.0292,0.8750,-3.4650,-0.0350
61186383,sitting,-0.0178,-0.0105,1.0297,0.8400,-3.5000,-0.0700
61186402,sitting,-0.0185,-0.0095,1.0309,0.8400,-3.5350,-0.1050
61186421,sitting,-0.0188,-0.0098,1.0316,0.8400,-3.4650,-0.0700
61186441,sitting,-0.0176,-0.0102,1.0302,0.8400,-3.4300,-0.0700
61186460,sitting,-0.0173,-0.0095,1.0302,0.8750,-3.5350,-0.0700
61186479,sitting,-0.0171,-0.0100,1.0297,0.8400,-3.5350,-0.0700
61186498,sitting,-0.0183,-0.0102,1.0294,0.8400,-3.4650,-0.0700
61186517,sitting,-0.0188,-0.0100,1.0299,0.8750,-3.5350,-0.0700
61186537,sitting,-0.0183,-0.0102,1.0292,0.8750,-3.5350,-0.0700
61186556,sitting,-0.0181,-0.0095,1.0292,0.8400,-3.5000,-0.1050
61186575,sitting,-0.0185,-0.0088,1.0297,0.8400,-3.5350,-0.0700
61186594,sitting,-0.0195,-0.0100,1.0292,0.8400,-3.5700,-0.0700
61186614,sitting,-0.0190,-0.0105,1.0299,0.8400,-3.5000,-0.0700
61186633,sitting,-0.0183,-0.0105,1.0299,0.9100,-3.5000,-0.0350
61186652,sitting,-0.0183,-0.0095,1.0282,0.8750,-3.5350,-0.0700
61186671,sitting,-0.0178,-0.0098,1.0297,0.8400,-3.5000,-0.0700
61186691,sitting,-0.0181,-0.0100,1.0302,0.8750,-3.5000,-0.0700
61186710,sitting,-0.0183,-0.0102,1.0294,0.8750,-3.5350,-0.0700
61186729,sitting,-0.0188,-0.0107,1.0299,0.8400,-3.4300,-0.0350
61186748,sitting,-0.0178,-0.0102,1.0297,0.9100,-3.4300,-0.0350
61186767,sitting,-0.0178,-0.0102,1.0297,0.8400,-3.5000,-0.1050
61186787,sitting,-0.0181,-0.0107,1.0302,0.8750,-3.5350,-0.0700
61186806,sitting,-0.0190,-0.0112,1.0304,0.9100,-3.4650,-0.0700
61186825,sitting,-0.0183,-0.0110,1.0297,0.8750,-3.5350,-0.0700
61186844,sitting,-0.0181,-0.0107,1.0294,0.8750,-3.5000,-0.0700
61186864,sitting,-0.0188,-0.0098,1.0302,0.8750,-3.5350,-0.0700
61186883,sitting,-0.0178,-0.0095,1.0294,0.8750,-3.5000,-0.0700
61186902,sitting,-0.0181,-0.0095,1.0302,0.8750,-3.5700,-0.0700
61186921,sitting,-0.0183,-0.0095,1.0302,0.8400,-3.4650,-0.0700
61186941,sitting,-0.0185,-0.0098,1.0309,0.8750,-3.4650,-0.0700
61186960,sitting,-0.0181,-0.0110,1.0302,0.9100,-3.5000,-0.0700
61186979,sitting,-0.0190,-0.0107,1.0304,0.8750,-3.5000,-0.0700
61186998,sitting,-0.0183,-0.0100,1.0304,0.8400,-3.5000,-0.0700
61187017,sitting,-0.0178,-0.0110,1.0307,0.8400,-3.5350,-0.0350
61187037,sitting,-0.0163,-0.0102,1.0302,0.8750,-3.5000,-0.0700
61187056,sitting,-0.0176,-0.0105,1.0311,0.8400,-3.5000,-0.0700
61187075,sitting,-0.0183,-0.0107,1.0297,0.8750,-3.5000,-0.0700
61187094,sitting,-0.0173,-0.0093,1.0307,0.8400,-3.5350,-0.0700
61187114,sitting,-0.0176,-0.0098,1.0307,0.8400,-3.5000,-0.0350
61187133,sitting,-0.0185,-0.0105,1.0294,0.8400,-3.5000,-0.0700
61187152,sitting,-0.0190,-0.0105,1.0299,0.8750,-3.5350,-0.0700
61187171,sitting,-0.0183,-0.0105,1.0289,0.8050,-3.5000,-0.1050
61187191,sitting,-0.0183,-0.0102,1.0294,0.8400,-3.5000,-0.0350
61187210,sitting,-0.0185,-0.0095,1.0299,0.9100,-3.5350,-0.0700
61187229,sitting,-0.0185,-0.0098,1.0299,0.8750,-3.5350,-0.1050
61187248,sitting,-0.0188,-0.0093,1.0294,0.8400,-3.4650,-0.0700
61187267,sitting,-0.0181,-0.0100,1.0299,0.8750,-3.5000,-0.0700
61187287,sitting,-0.0183,-0.0105,1.0299,0.8750,-3.5700,-0.0700
61187306,sitting,-0.0183,-0.0112,1.0307,0.8400,-3.4650,-0.1050
61187325,sitting,-0.0188,-0.0110,1.0294,0.8400,-3.5350,-0.0350
61187344,sitting,-0.0190,-0.0102,1.0299,0.8750,-3.5000,-0.1050
61187364,sitting,-0.0183,-0.0112,1.0302,0.8750,-3.4650,-0.0700
61187383,sitting,-0.0190,-0.0098,1.0292,0.8400,-3.5350,-0.0350
61187402,sitting,-0.0193,-0.0102,1.0299,0.8750,-3.5000,-0.0700
61187421,sitting,-0.0178,-0.0095,1.0297,0.8400,-3.5000,-0.0700
61187441,sitting,-0.0178,-0.0102,1.0299,0.8400,-3.5000,-0.0700
61187460,sitting,-0.0176,-0.0098,1.0299,0.8750,-3.4650,-0.0700
61187479,sitting,-0.0188,-0.0107,1.0302,0.8750,-3.5000,-0.0350
61187498,sitting,-0.0181,-0.0105,1.0289,0.8750,-3.5000,-0.1050
61187517,sitting,-0.0185,-0.0112,1.0299,0.8050,-3.4650,-0.1400
61187537,sitting,-0.0185,-0.0100,1.0307,0.8400,-3.5350,-0.0700
61187556,sitting,-0.0183,-0.0107,1.0304,0.9100,-3.5350,-0.0700
61187575,sitting,-0.0178,-0.0102,1.0299,0.8750,-3.5000,-0.0700
61187594,sitting,-0.0188,-0.0095,1.0304,0.9100,-3.5350,-0.0350
61187614,sitting,-0.0185,-0.0102,1.0307,0.8400,-3.5000,-0.0700
61187633,sitting,-0.0185,-0.0100,1.0304,0.8400,-3.5350,-0.1050
61187652,sitting,-0.0190,-0.0102,1.0309,0.8750,-3.5700,-0.0700
61187671,sitting,-0.0188,-0.0107,1.0297,0.8050,-3.4650,-0.0700
61187691,sitting,-0.0188,-0.0098,1.0302,0.8400,-3.5000,-0.0700
61187710,sitting,-0.0185,-0.0105,1.0302,0.8400,-3.5000,-0.0350
61187729,sitting,-0.0176,-0.0107,1.0297,0.8400,-3.5350,-0.0700
61187748,sitting,-0.0173,-0.0100,1.0302,0.8400,-3.4650,-0.1050
61187767,sitting,-0.0181,-0.0107,1.0307,0.8750,-3.5350,-0.0700
61187787,sitting,-0.0185,-0.0105,1.0299,0.9100,-3.5000,-0.0700
61187806,sitting,-0.0185,-0.0107,1.0289,0.8050,-3.4650,-0.1050
61187825,sitting,-0.0176,-0.0100,1.0292,0.8750,-3.5000,-0.0700
61187844,sitting,-0.0190,-0.0105,1.0302,0.8400,-3.5000,-0.0700
61187864,sitting,-0.0188,-0.0105,1.0294,0.8400,-3.5000,-0.0700
61187883,sitting,-0.0188,-0.0102,1.0297,0.8400,-3.5000,-0.0350
61187902,sitting,-0.0176,-0.0100,1.0282,0.8750,-3.5350,-0.0700
61187921,sitting,-0.0190,-0.0100,1.0289,0.8400,-3.5350,-0.0700
61187941,sitting,-0.0185,-0.0100,1.0299,0.8400,-3.5000,-0.0700
61187960,sitting,-0.0185,-0.0102,1.0297,0.8400,-3.5700,-0.0700
61187979,sitting,-0.0190,-0.0100,1.0297,0.8400,-3.5700,-0.1050
61187998,sitting,-0.0183,-0.0098,1.0289,0.8400,-3.5000,-0.1050
61188017,sitting,-0.0188,-0.0107,1.0297,0.8750,-3.5000,-0.0700
61188037,sitting,-0.0188,-0.0105,1.0287,0.8750,-3.5350,-0.0700
61188056,sitting,-0.0188,-0.0102,1.0294,0.8750,-3.4650,-0.0700
61188075,sitting,-0.0181,-0.0093,1.0292,0.8400,-3.5000,-0.0700
61188094,sitting,-0.0173,-0.0105,1.0289,0.8400,-3.4650,-0.1050
61188114,sitting,-0.0181,-0.0105,1.0302,0.8400,-3.4300,-0.1400
61188133,sitting,-0.0185,-0.0105,1.0297,0.8750,-3.4650,-0.0700
61188152,sitting,-0.0190,-0.0095,1.0294,0.8750,-3.5700,-0.1050
61188171,sitting,-0.0183,-0.0085,1.0299,0.8400,-3.5350,-0.0700
61188191,sitting,-0.0171,-0.0095,1.0297,0.8750,-3.5350,-0.0350
61188210,sitting,-0.0185,-0.0095,1.0299,0.8750,-3.5350,-0.0700
61188229,sitting,-0.0188,-0.0107,1.0299,0.8400,-3.5000,-0.0350
61188248,sitting,-0.0176,-0.0098,1.0292,0.8400,-3.5350,-0.0700
61188267,sitting,-0.0185,-0.0105,1.0299,0.8400,-3.5350,-0.0350
61188287,sitting,-0.0195,-0.0110,1.0307,0.8400,-3.5000,-0.0700
61188306,sitting,-0.0178,-0.0095,1.0307,0.8750,-3.5000,-0.0700
61188325,sitting,-0.0178,-0.0105,1.0297,0.8400,-3.5000,-0.0700
61188344,sitting,-0.0168,-0.0093,1.0299,0.8400,-3.5350,-0.0700
61188364,sitting,-0.0181,-0.0102,1.0302,0.8400,-3.4650,-0.0700
61188383,sitting,-0.0181,-0.0098,1.0299,0.8400,-3.4650,-0.0350
61188402,sitting,-0.0183,-0.0100,1.0299,0.8050,-3.5000,-0.1050
61188421,sitting,-0.0188,-0.0112,1.0294,0.8400,-3.4650,-0.1050
61188441,sitting,-0.0188,-0.0115,1.0304,0.8400,-3.5000,-0.0350
61188460,sitting,-0.0188,-0.0107,1.0299,0.8750,-3.5000,-0.0700
61188479,sitting,-0.0188,-0.0093,1.0292,0.9100,-3.5000,-0.0700
61188498,sitting,-0.0198,-0.0095,1.0304,0.8400,-3.4650,-0.1400
61188517,sitting,-0.0188,-0.0095,1.0307,0.8750,-3.5000,-0.0700
61188537,sitting,-0.0178,-0.0105,1.0292,0.8750,-3.5700,-0.0350
61188556,sitting,-0.0178,-0.0110,1.0299,0.8400,-3.4650,-0.0700
61188575,sitting,-0.0178,-0.0107,1.0307,0.8750,-3.5350,-0.0700
61188594,sitting,-0.0193,-0.0107,1.0289,0.8400,-3.5350,-0.0700
61188614,sitting,-0.0188,-0.0100,1.0292,0.8400,-3.4650,-0.0700
61188633,sitting,-0.0181,-0.0100,1.0302,0.8400,-3.5000,-0.0700
61188652,sitting,-0.0188,-0.0105,1.0289,0.8400,-3.5000,-0.0350
61188671,sitting,-0.0195,-0.0102,1.0292,0.9100,-3.5000,-0.1050
61188691,sitting,-0.0181,-0.0110,1.0299,0.8750,-3.5000,-0.1050
61188710,sitting,-0.0188,-0.0102,1.0297,0.8750,-3.5350,-0.0700
61188729,sitting,-0.0185,-0.0100,1.0304,0.8750,-3.5350,-0.1050
61188748,sitting,-0.0183,-0.0100,1.0299,0.8750,-3.5000,-0.0700
61188767,sitting,-0.0183,-0.0095,1.0292,0.9100,-3.4650,-0.0700
61188787,sitting,-0.0185,-0.0098,1.0302,0.9100,-3.5000,-0.0700
61188806,sitting,-0.0181,-0.0110,1.0304,0.8400,-3.4650,-0.0700
61188825,sitting,-0.0188,-0.0105,1.0299,0.8750,-3.5350,-0.0350
61188844,sitting,-0.0193,-0.0098,1.0304,0.8750,-3.5000,-0.0700
61188864,sitting,-0.0190,-0.0105,1.0299,0.8750,-3.4300,-0.1400
61188883,sitting,-0.0188,-0.0095,1.0292,0.8400,-3.5000,-0.0700
61188902,sitting,-0.0183,-0.0093,1.0292,0.9100,-3.5350,-0.0700
61188921,sitting,-0.0193,-0.0117,1.0292,0.8750,-3.5000,-0.1050
61188941,sitting,-0.0183,-0.0100,1.0311,0.8400,-3.5000,-0.1050
61188960,sitting,-0.0176,-0.0093,1.0307,0.8400,-3.5000,-0.1400
61188979,sitting,-0.0183,-0.0093,1.0297,0.9100,-3.5350,-0.0700
61188998,sitting,-0.0183,-0.0095,1.0304,0.8400,-3.5000,-0.0700
61189017,sitting,-0.0185,-0.0102,1.0294,0.8400,-3.5350,-0.0700
61189037,sitting,-0.0173,-0.0105,1.0299,0.8750,-3.5700,-0.0700
61189056,sitting,-0.0181,-0.0105,1.0292,0.8400,-3.5000,-0.0700
61189075,sitting,-0.0190,-0.0100,1.0294,0.8400,-3.5000,-0.1050
61189094,sitting,-0.0178,-0.0105,1.0299,0.8750,-3.5350,-0.0700
61189114,sitting,-0.0178,-0.0105,1.0292,0.8400,-3.4650,-0.1050
61189133,sitting,-0.0188,-0.0102,1.0302,0.8400,-3.5000,-0.0700
61189152,sitting,-0.0181,-0.0102,1.0307,0.8400,-3.5000,-0.0700
61189171,sitting,-0.0185,-0.0102,1.0297,0.8400,-3.4650,-0.1050
61189191,sitting,-0.0193,-0.0098,1.0297,0.8400,-3.5350,-0.1050
61189210,sitting,-0.0195,-0.0100,1.0299,0.9100,-3.5700,-0.0700
61189229,sitting,-0.0185,-0.0110,1.0299,0.8400,-3.5000,-0.1050
61189248,sitting,-0.0185,-0.0095,1.0294,0.8050,-3.4650,-0.0700
61189267,sitting,-0.0190,-0.0110,1.0299,0.9100,-3.5000,-0.1400
61189287,sitting,-0.0181,-0.0098,1.0304,0.8750,-3.5350,-0.0700
61189306,sitting,-0.0185,-0.0100,1.0299,0.8400,-3.4650,-0.1050
61189325,sitting,-0.0190,-0.0102,1.0302,0.8400,-3.5000,-0.0700
61189344,sitting,-0.0178,-0.0110,1.0307,0.8400,-3.5000,-0.0700
61189364,sitting,-0.0193,-0.0102,1.0304,0.8400,-3.4650,-0.0700
61189383,sitting,-0.0188,-0.0107,1.0294,0.8750,-3.4650,-0.1050
61189402,sitting,-0.0183,-0.0102,1.0304,0.8750,-3.5350,-0.0700
61189421,sitting,-0.0188,-0.0100,1.0307,0.8400,-3.4650,-0.1050
61189441,sitting,-0.0190,-0.0098,1.0302,0.8050,-3.4650,-0.1050
61189460,sitting,-0.0183,-0.0102,1.0289,0.8400,-3.5000,-0.1050
61189479,sitting,-0.0185,-0.0107,1.0297,0.8400,-3.5000,-0.1050
61189498,sitting,-0.0193,-0.0095,1.0311,0.8400,-3.5000,-0.1400
61189517,sitting,-0.0185,-0.0105,1.0292,0.9100,-3.5000,-0.0700
61189537,sitting,-0.0185,-0.0112,1.0302,0.8750,-3.4650,-0.0700
61189556,sitting,-0.0181,-0.0107,1.0302,0.8400,-3.5000,-0.0700
61189575,sitting,-0.0185,-0.0100,1.0299,0.8750,-3.5000,-0.0700
61189594,sitting,-0.0185,-0.0095,1.0297,0.9100,-3.5350,-0.1400
61189614,sitting,-0.0178,-0.0107,1.0294,0.8400,-3.5000,-0.1050
61189633,sitting,-0.0185,-0.0110,1.0299,0.8400,-3.5000,-0.0700
61189652,sitting,-0.0190,-0.0102,1.0307,0.8750,-3.4650,-0.0700
61189671,sitting,-0.0181,-0.0102,1.0302,0.8750,-3.4650,-0.1050
61189691,sitting,-0.0173,-0.0102,1.0302,0.8050,-3.5000,-0.0700
61189710,sitting,-0.0173,-0.0102,1.0299,0.8400,-3.5350,-0.1050
61189729,sitting,-0.0190,-0.0093,1.0292,0.8400,-3.5000,-0.0700
61189748,sitting,-0.0190,-0.0102,1.0299,0.8400,-3.4650,-0.1400
61189767,sitting,-0.0185,-0.0112,1.0297,0.8400,-3.5000,-0.1050
61189787,sitting,-0.0181,-0.0102,1.0297,0.8400,-3.5350,-0.0700
61189806,sitting,-0.0183,-0.0105,1.0289,0.8050,-3.4300,-0.0700
61189825,sitting,-0.0178,-0.0095,1.0289,0.8400,-3.5350,-0.1050
61189844,sitting,-0.0185,-0.0100,1.0307,0.8750,-3.5350,-0.1050
61189864,sitting,-0.0190,-0.0095,1.0304,0.8400,-3.4650,-0.0700
61189883,sitting,-0.0188,-0.0105,1.0299,0.9100,-3.4650,-0.0350
61189902,sitting,-0.0178,-0.0100,1.0302,0.8400,-3.5000,-0.1050
61189921,sitting,-0.0183,-0.0102,1.0304,0.8400,-3.5000,-0.0700
61189941,sitting,-0.0181,-0.0110,1.0302,0.8400,-3.5000,-0.1050
61189960,sitting,-0.0181,-0.0105,1.0289,0.8400,-3.5350,-0.0350
61189979,sitting,-0.0178,-0.0102,1.0299,0.8400,-3.5000,-0.0700
61189998,sitting,-0.0166,-0.0100,1.0294,0.8050,-3.5000,-0.0700
61190017,sitting,-0.0183,-0.0100,1.0294,0.9100,-3.5000,-0.0700
61190037,sitting,-0.0185,-0.0112,1.0307,0.8750,-3.5000,-0.0700
61190056,sitting,-0.0190,-0.0098,1.0299,0.8050,-3.4650,-0.1050
61190075,sitting,-0.0176,-0.0105,1.0299,0.8400,-3.5000,-0.0700
61190094,sitting,-0.0185,-0.0102,1.0289,0.8400,-3.5350,-0.1050
61190114,sitting,-0.0190,-0.0112,1.0309,0.8050,-3.5350,-0.0350
61190133,sitting,-0.0183,-0.0102,1.0299,0.8400,-3.5350,-0.1050
61190152,sitting,-0.0178,-0.0100,1.0294,0.8750,-3.5350,-0.1400
61190171,sitting,-0.0185,-0.0100,1.0307,0.8750,-3.5350,-0.0700
61190191,sitting,-0.0183,-0.0100,1.0307,0.8750,-3.4650,-0.0350
61190210,sitting,-0.0178,-0.0105,1.0311,0.8750,-3.5000,-0.1050
61190229,sitting,-0.0181,-0.0095,1.0311,0.9100,-3.5350,-0.0700
61190248,sitting,-0.0183,-0.0102,1.0307,0.8400,-3.4650,-0.0700
61190267,sitting,-0.0193,-0.0102,1.0297,0.9100,-3.5000,-0.0700
61190287,sitting,-0.0195,-0.0107,1.0292,0.8750,-3.5350,-0.0700
61190306,sitting,-0.0188,-0.0102,1.0302,0.8050,-3.4650,-0.1050
61190325,sitting,-0.0188,-0.0098,1.0297,0.8400,-3.5000,-0.1050
61190344,sitting,-0.0181,-0.0105,1.0302,0.8750,-3.5350,-0.0700
61190364,sitting,-0.0178,-0.0098,1.0297,0.8400,-3.4650,-0.0700
61190383,sitting,-0.0176,-0.0088,1.0297,0.9100,-3.5000,-0.0700
61190402,sitting,-0.0178,-0.0105,1.0294,0.8750,-3.5000,-0.1050
61190421,sitting,-0.0188,-0.0115,1.0304,0.8400,-3.5000,-0.0700
61190441,sitting,-0.0185,-0.0102,1.0299,0.8750,-3.4650,-0.1050
61190460,sitting,-0.0181,-0.0105,1.0285,0.8400,-3.5350,-0.0700
61190479,sitting,-0.0181,-0.0110,1.0302,0.8400,-3.5000,-0.0700
61190498,sitting,-0.0183,-0.0102,1.0294,0.8400,-3.4650,-0.0700
61190517,sitting,-0.0183,-0.0100,1.0299,0.8050,-3.4650,-0.0700
61190537,sitting,-0.0178,-0.0100,1.0294,0.8400,-3.5350,-0.1400
61190556,sitting,-0.0178,-0.0105,1.0299,0.8400,-3.5000,-0.1400
61190575,sitting,-0.0185,-0.0105,1.0304,0.8750,-3.5700,-0.0700
61190594,sitting,-0.0183,-0.0107,1.0299,0.8400,-3.4650,-0.0700
61190614,sitting,-0.0185,-0.0105,1.0304,0.8400,-3.4650,-0.1400
61190633,sitting,-0.0185,-0.0102,1.0307,0.8400,-3.4650,-0.1050
61190652,sitting,-0.0181,-0.0107,1.0292,0.8750,-3.5350,-0.0700
61190671,sitting,-0.0181,-0.0100,1.0302,0.8400,-3.5000,-0.0700
61190691,sitting,-0.0193,-0.0100,1.0299,0.8400,-3.4650,-0.0350
61190710,sitting,-0.0183,-0.0105,1.0287,0.8750,-3.5000,-0.1050
61190729,sitting,-0.0185,-0.0105,1.0304,0.9100,-3.5350,-0.1050
61190748,sitting,-0.0183,-0.0102,1.0302,0.8400,-3.4650,-0.0700
61190767,sitting,-0.0188,-0.0095,1.0302,0.8750,-3.5000,-0.0350
61190787,sitting,-0.0195,-0.0098,1.0299,0.8750,-3.5350,-0.0700
61190806,sitting,-0.0181,-0.0102,1.0302,0.8400,-3.5000,-0.1050
61190825,sitting,-0.0190,-0.0098,1.0307,0.8400,-3.5350,-0.0700
61190844,sitting,-0.0183,-0.0098,1.0299,0.8400,-3.5000,-0.1050
61190864,sitting,-0.0188,-0.0102,1.0304,0.8400,-3.4650,-0.1050
61190883,sitting,-0.0190,-0.0100,1.0299,0.8400,-3.5000,-0.1050
61190902,sitting,-0.0193,-0.0105,1.0289,0.8750,-3.5000,-0.0700
61190921,sitting,-0.0176,-0.0095,1.0292,0.8750,-3.5350,-0.0700
61190941,sitting,-0.0178,-0.0102,1.0302,0.8400,-3.4650,-0.0700
61190960,sitting,-0.0183,-0.0102,1.0302,0.8400,-3.5700,-0.1050
61190979,sitting,-0.0185,-0.0098,1.0297,0.8400,-3.5000,-0.0700
61190998,sitting,-0.0173,-0.0095,1.0289,0.8400,-3.5000,-0.0700
61191017,sitting,-0.0185,-0.0100,1.0294,0.8750,-3.5000,-0.0700
61191037,sitting,-0.0190,-0.0100,1.0299,0.8750,-3.5000,-0.1400
61191056,sitting,-0.0185,-0.0102,1.0294,0.8050,-3.4650,-0.0700
61191075,sitting,-0.0185,-0.0107,1.0299,0.8400,-3.5350,-0.1050
61191094,sitting,-0.0190,-0.0107,1.0304,0.9100,-3.5350,-0.0700
61191114,sitting,-0.0181,-0.0102,1.0297,0.8400,-3.5000,-0.1050
61191133,sitting,-0.0183,-0.0098,1.0299,0.8400,-3.5000,-0.0700
61191152,sitting,-0.0185,-0.0093,1.0302,0.9100,-3.5350,-0.0700
61191171,sitting,-0.0178,-0.0102,1.0307,0.8750,-3.5000,-0.1050
61191191,sitting,-0.0181,-0.0098,1.0307,0.8750,-3.5000,-0.0700
61191210,sitting,-0.0183,-0.0105,1.0309,0.8400,-3.5000,-0.0350
61191229,sitting,-0.0183,-0.0105,1.0299,0.8400,-3.5000,-0.0700
61191248,sitting,-0.0188,-0.0107,1.0302,0.8400,-3.4650,-0.1050
61191267,sitting,-0.0188,-0.0107,1.0309,0.8750,-3.5700,-0.0700
61191287,sitting,-0.0173,-0.0107,1.0297,0.9100,-3.5350,-0.0700
61191306,sitting,-0.0188,-0.0117,1.0304,0.8750,-3.4650,-0.0700
61191325,sitting,-0.0183,-0.0100,1.0304,0.8750,-3.5000,-0.0700
61191344,sitting,-0.0188,-0.0100,1.0304,0.8750,-3.5000,-0.1050
61191364,sitting,-0.0183,-0.0102,1.0304,0.8400,-3.5000,-0.1050
61191383,sitting,-0.0183,-0.0107,1.0299,0.8400,-3.5000,-0.1050
61191402,sitting,-0.0185,-0.0110,1.0294,0.8750,-3.5000,-0.1050
61191421,sitting,-0.0181,-0.0107,1.0304,0.8400,-3.5000,-0.0700
61191441,sitting,-0.0181,-0.0107,1.0307,0.8400,-3.5000,-0.0350
61191460,sitting,-0.0185,-0.0102,1.0314,0.8400,-3.5000,-0.0700
61191479,sitting,-0.0181,-0.0102,1.0311,0.8400,-3.5000,-0.1050
61191498,sitting,-0.0176,-0.0105,1.0299,0.8400,-3.4650,-0.0700
61191517,sitting,-0.0183,-0.0102,1.0292,0.8400,-3.5350,-0.0700
61191537,sitting,-0.0178,-0.0098,1.0287,0.8400,-3.5000,-0.0350
61191556,sitting,-0.0181,-0.0112,1.0289,0.8050,-3.5000,-0.1050
61191575,sitting,-0.0176,-0.0102,1.0302,0.8050,-3.5000,-0.0700
61191594,sitting,-0.0181,-0.0090,1.0309,0.8750,-3.5000,-0.0700
61191614,sitting,-0.0185,-0.0098,1.0304,0.8750,-3.4650,-0.1050
61191633,sitting,-0.0190,-0.0095,1.0302,0.8400,-3.4650,-0.0700
61191652,sitting,-0.0178,-0.0095,1.0307,0.8400,-3.5000,-0.0700
61191671,sitting,-0.0181,-0.0107,1.0302,0.8400,-3.5000,-0.1050
61191691,sitting,-0.0178,-0.0100,1.0304,0.8400,-3.4650,-0.1050
61191710,sitting,-0.0183,-0.0110,1.0302,0.8400,-3.5350,-0.1050
61191729,sitting,-0.0178,-0.0107,1.0302,0.8750,-3.5000,-0.1050
61191748,sitting,-0.0185,-0.0107,1.0297,0.8400,-3.4650,-0.0700
61191767,sitting,-0.0188,-0.0112,1.0294,0.8400,-3.5350,-0.0700
61191787,sitting,-0.0193,-0.0107,1.0289,0.8750,-3.4650,-0.0350
61191806,sitting,-0.0183,-0.0098,1.0299,0.8400,-3.5000,-0.0350
61191825,sitting,-0.0188,-0.0107,1.0299,0.8750,-3.5000,-0.0700
61191844,sitting,-0.0185,-0.0105,1.0297,0.8750,-3.5000,-0.0700
61191864,sitting,-0.0193,-0.0110,1.0302,0.8400,-3.4650,-0.1400
61191883,sitting,-0.0178,-0.0095,1.0307,0.8750,-3.5350,-0.1400
61191902,sitting,-0.0178,-0.0102,1.0302,0.8400,-3.5000,-0.1050
61191921,sitting,-0.0188,-0.0112,1.0297,0.8400,-3.5000,-0.0700
61191941,sitting,-0.0183,-0.0102,1.0302,0.8400,-3.5000,-0.1050
61191960,sitting,-0.0178,-0.0100,1.0292,0.8400,-3.5000,-0.1050
61191979,sitting,-0.0181,-0.0105,1.0302,0.8400,-3.4650,-0.1050
61191998,sitting,-0.0183,-0.0102,1.0307,0.8750,-3.5000,-0.1050
61192017,sitting,-0.0188,-0.0093,1.0294,0.8400,-3.5000,-0.0700
61192037,sitting,-0.0183,-0.0088,1.0309,0.8750,-3.5350,-0.1050
61192056,sitting,-0.0185,-0.0102,1.0302,0.8400,-3.5000,-0.1400
61192075,sitting,-0.0178,-0.0110,1.0307,0.8400,-3.5000,-0.1050
61192094,sitting,-0.0181,-0.0107,1.0299,0.8750,-3.5350,-0.1050
61192114,sitting,-0.0183,-0.0107,1.0309,0.8400,-3.4300,-0.1050
61192133,sitting,-0.0195,-0.0107,1.0297,0.8750,-3.4300,-0.0700
61192152,sitting,-0.0185,-0.0105,1.0311,0.8750,-3.5000,-0.1050
61192171,sitting,-0.0188,-0.0105,1.0304,0.8400,-3.4650,-0.1050
61192191,sitting,-0.0178,-0.0105,1.0297,0.8400,-3.5000,-0.1050
61192210,sitting,-0.0185,-0.0112,1.0309,0.8750,-3.5000,-0.0700
61192229,sitting,-0.0178,-0.0098,1.0307,0.8400,-3.5350,-0.1400
61192248,sitting,-0.0178,-0.0093,1.0297,0.8400,-3.5000,-0.1050
61192267,sitting,-0.0183,-0.0093,1.0292,0.8750,-3.5000,-0.1050
61192287,sitting,-0.0181,-0.0102,1.0307,0.8400,-3.5000,-0.0700
61192306,sitting,-0.0171,-0.0102,1.0304,0.8050,-3.4650,-0.1050
61192325,sitting,-0.0176,-0.0110,1.0309,0.8750,-3.4650,-0.0700
61192344,sitting,-0.0181,-0.0105,1.0307,0.8400,-3.5000,-0.1050
61192364,sitting,-0.0185,-0.0105,1.0311,0.8400,-3.5000,-0.0700
61192383,sitting,-0.0173,-0.0100,1.0302,0.8050,-3.5000,-0.0700
61192402,sitting,-0.0181,-0.0105,1.0307,0.9100,-3.5350,-0.0700
61192421,sitting,-0.0178,-0.0107,1.0304,0.8400,-3.4650,-0.0700
61192441,sitting,-0.0183,-0.0110,1.0294,0.8400,-3.4650,-0.0700
61192460,sitting,-0.0183,-0.0100,1.0292,0.9100,-3.5000,-0.0350
61192479,sitting,-0.0185,-0.0102,1.0304,0.8750,-3.4650,-0.1050
61192498,sitting,-0.0181,-0.0090,1.0307,0.8050,-3.4650,-0.1400
61192517,sitting,-0.0185,-0.0102,1.0309,0.8750,-3.5700,-0.0700
61192537,sitting,-0.0188,-0.0107,1.0297,0.8400,-3.5700,-0.1400
61192556,sitting,-0.0188,-0.0107,1.0299,0.8050,-3.5000,-0.1400
61192575,sitting,-0.0183,-0.0105,1.0304,0.8400,-3.5350,-0.0350
61192594,sitting,-0.0178,-0.0107,1.0289,0.8750,-3.5000,-0.0700
61192614,sitting,-0.0181,-0.0110,1.0299,0.8750,-3.5000,-0.0700
61192633,sitting,-0.0193,-0.0095,1.0294,0.8050,-3.4650,-0.1050
61192652,sitting,-0.0178,-0.0100,1.0299,0.8400,-3.5000,-0.1050
61192671,sitting,-0.0185,-0.0095,1.0307,0.8400,-3.5000,-0.1050
61192691,sitting,-0.0183,-0.0105,1.0307,0.7700,-3.4300,-0.1400
61192710,sitting,-0.0188,-0.0098,1.0294,0.8750,-3.5000,-0.1050
61192729,sitting,-0.0188,-0.0098,1.0292,0.8400,-3.5000,-0.0700
61192748,sitting,-0.0181,-0.0102,1.0289,0.8400,-3.4650,-0.1050
61192767,sitting,-0.0181,-0.0107,1.0294,0.8750,-3.5000,-0.0700
61192787,sitting,-0.0183,-0.0102,1.0316,0.8750,-3.5350,-0.0700
61192806,sitting,-0.0178,-0.0105,1.0309,0.8050,-3.5350,-0.0700
61192825,sitting,-0.0183,-0.0112,1.0292,0.8050,-3.5000,-0.1050
61192844,sitting,-0.0183,-0.0105,1.0299,0.8400,-3.5000,-0.0700
61192864,sitting,-0.0183,-0.0102,1.0289,0.8750,-3.5000,-0.0700
61192883,sitting,-0.0181,-0.0100,1.0287,0.8750,-3.5000,-0.1050
61192902,sitting,-0.0183,-0.0100,1.0299,0.8750,-3.5000,-0.1050
61192921,sitting,-0.0185,-0.0105,1.0302,0.8750,-3.5000,-0.0700
61192941,sitting,-0.0183,-0.0095,1.0299,0.8400,-3.4650,-0.0700
61192960,sitting,-0.0176,-0.0100,1.0294,0.8750,-3.5000,-0.0700
61192979,sitting,-0.0185,-0.0102,1.0299,0.8750,-3.5000,-0.0350
61192998,sitting,-0.0183,-0.0110,1.0304,0.8400,-3.5000,-0.1050
61193017,sitting,-0.0181,-0.0112,1.0302,0.8750,-3.5000,-0.0700
61193037,sitting,-0.0185,-0.0098,1.0307,0.8750,-3.4650,-0.0700
61193056,sitting,-0.0183,-0.0100,1.0309,0.8050,-3.4300,-0.1050
61193075,sitting,-0.0178,-0.0102,1.0299,0.8750,-3.5000,-0.0700
61193094,sitting,-0.0190,-0.0095,1.0297,0.8400,-3.5700,-0.0700
61193114,sitting,-0.0190,-0.0102,1.0302,0.8400,-3.5000,-0.0700
61193133,sitting,-0.0183,-0.0098,1.0294,0.8400,-3.4650,-0.1050
61193152,sitting,-0.0188,-0.0105,1.0297,0.8400,-3.5350,-0.1050
61193171,sitting,-0.0183,-0.0100,1.0304,0.8400,-3.5000,-0.0700
61193191,sitting,-0.0195,-0.0093,1.0299,0.8400,-3.5000,-0.0700
61193210,sitting,-0.0188,-0.0095,1.0299,0.8400,-3.5000,-0.0700
61193229,sitting,-0.0181,-0.0102,1.0299,0.8400,-3.5000,-0.1400
61193248,sitting,-0.0176,-0.0098,1.0304,0.8400,-3.4650,-0.1050
61193267,sitting,-0.0185,-0.0095,1.0299,0.8400,-3.5000,-0.1050
61193287,sitting,-0.0188,-0.0098,1.0299,0.8400,-3.5700,-0.1400
61193306,sitting,-0.0181,-0.0105,1.0299,0.8400,-3.5000,-0.1400
61193325,sitting,-0.0190,-0.0102,1.0304,0.8400,-3.4650,-0.0700
61193344,sitting,-0.0190,-0.0105,1.0292,0.8750,-3.5000,-0.0700
61193364,sitting,-0.0190,-0.0105,1.0297,0.8400,-3.4650,-0.0700
61193383,sitting,-0.0185,-0.0107,1.0292,0.8400,-3.5000,-0.0700
61193402,sitting,-0.0183,-0.0102,1.0304,0.8750,-3.5350,-0.0700
61193421,sitting,-0.0188,-0.0098,1.0297,0.9100,-3.5350,-0.0700
61193441,sitting,-0.0185,-0.0105,1.0285,0.8400,-3.4300,-0.1050
61193460,sitting,-0.0181,-0.0107,1.0292,0.8750,-3.5350,-0.0700
61193479,sitting,-0.0171,-0.0107,1.0297,0.8400,-3.5350,-0.0350
61193498,sitting,-0.0171,-0.0102,1.0294,0.8400,-3.5000,-0.1050
61193517,sitting,-0.0188,-0.0102,1.0297,0.8400,-3.5000,-0.0700
61193537,sitting,-0.0181,-0.0100,1.0299,0.9100,-3.5000,-0.0700
61193556,sitting,-0.0190,-0.0100,1.0309,0.8400,-3.5000,-0.0350
61193575,sitting,-0.0188,-0.0100,1.0304,0.8400,-3.5700,-0.0700
61193594,sitting,-0.0183,-0.0095,1.0299,0.8750,-3.5000,-0.1050
61193614,sitting,-0.0185,-0.0098,1.0302,0.8400,-3.4650,-0.1050
61193633,sitting,-0.0183,-0.0105,1.0297,0.8400,-3.5000,-0.0350
61193652,sitting,-0.0190,-0.0105,1.0307,0.9100,-3.5000,-0.1050
61193671,sitting,-0.0183,-0.0107,1.0292,0.8750,-3.4650,-0.0700
61193691,sitting,-0.0183,-0.0102,1.0304,0.8750,-3.5000,-0.1050
61193710,sitting,-0.0183,-0.0102,1.0287,0.8400,-3.5350,-0.0700
61193729,sitting,-0.0181,-0.0090,1.0294,0.8400,-3.5000,-0.0700
61193748,sitting,-0.0181,-0.0102,1.0294,0.8750,-3.5000,-0.1050
61193767,sitting,-0.0178,-0.0115,1.0294,0.8400,-3.5000,-0.1050
61193787,sitting,-0.0176,-0.0102,1.0289,0.8400,-3.5350,-0.1050
61193806,sitting,-0.0176,-0.0098,1.0289,0.8050,-3.5000,-0.0700
61193825,sitting,-0.0183,-0.0100,1.0302,0.8400,-3.5000,-0.1050
61193844,sitting,-0.0188,-0.0102,1.0294,0.8400,-3.5000,-0.0700
61193864,sitting,-0.0188,-0.0100,1.0304,0.8400,-3.5000,-0.1400
61193883,sitting,-0.0173,-0.0098,1.0297,0.8400,-3.5000,-0.0700
61193902,sitting,-0.0178,-0.0098,1.0297,0.8750,-3.5000,-0.1050
61193921,sitting,-0.0183,-0.0105,1.0280,0.8400,-3.4650,-0.0700
61193941,sitting,-0.0185,-0.0098,1.0299,0.8400,-3.4650,-0.0700
61193960,sitting,-0.0188,-0.0105,1.0299,0.8400,-3.5350,-0.0700
61193979,sitting,-0.0183,-0.0093,1.0297,0.8750,-3.5000,-0.0700
61193998,sitting,-0.0173,-0.0098,1.0304,0.8050,-3.5000,-0.0350
61194017,sitting,-0.0176,-0.0098,1.0302,0.8400,-3.5000,-0.0700
61194037,sitting,-0.0181,-0.0100,1.0297,0.8400,-3.5000,-0.1050
61194056,sitting,-0.0176,-0.0100,1.0311,0.8400,-3.5000,-0.0700
61194075,sitting,-0.0166,-0.0107,1.0294,0.8750,-3.4650,-0.0700
61194094,sitting,-0.0176,-0.0105,1.0297,0.8750,-3.5350,-0.0700
61194114,sitting,-0.0181,-0.0100,1.0307,0.8400,-3.5000,-0.0700
61194133,sitting,-0.0190,-0.0100,1.0294,0.8400,-3.4300,-0.1050
61194152,sitting,-0.0193,-0.0102,1.0304,0.8400,-3.5350,-0.0700
61194171,sitting,-0.0185,-0.0100,1.0294,0.8400,-3.5700,-0.0700
61194191,sitting,-0.0178,-0.0095,1.0299,0.7700,-3.5000,-0.0700
61194210,sitting,-0.0183,-0.0110,1.0294,0.8750,-3.5350,-0.0700
61194229,sitting,-0.0188,-0.0100,1.0292,0.9100,-3.5000,-0.1050
61194248,sitting,-0.0183,-0.0100,1.0292,0.8400,-3.4650,-0.1050
61194267,sitting,-0.0173,-0.0115,1.0299,0.8400,-3.5350,-0.1050
61194287,sitting,-0.0178,-0.0102,1.0302,0.8400,-3.5350,-0.1400
61194306,sitting,-0.0181,-0.0102,1.0299,0.8400,-3.5000,-0.0700
61194325,sitting,-0.0183,-0.0105,1.0302,0.8400,-3.4650,-0.0700
61194344,sitting,-0.0178,-0.0105,1.0299,0.8400,-3.5000,-0.0700
61194364,sitting,-0.0176,-0.0102,1.0297,0.8400,-3.5000,-0.0700
61194383,sitting,-0.0178,-0.0100,1.0294,0.8750,-3.4650,-0.1400
61194402,sitting,-0.0181,-0.0098,1.0302,0.8400,-3.5000,-0.0700
61194421,sitting,-0.0178,-0.0090,1.0297,0.8400,-3.5000,-0.1050
61194441,sitting,-0.0190,-0.0093,1.0299,0.8400,-3.5000,-0.1400
61194460,sitting,-0.0188,-0.0112,1.0299,0.9100,-3.5000,-0.1050
61194479,sitting,-0.0188,-0.0102,1.0297,0.8400,-3.5000,-0.1050
61194498,sitting,-0.0185,-0.0107,1.0299,0.8400,-3.4650,-0.1400
61194517,sitting,-0.0173,-0.0095,1.0299,0.8750,-3.5350,-0.0700
61194537,sitting,-0.0181,-0.0102,1.0304,0.9100,-3.5000,-0.0700
61194556,sitting,-0.0181,-0.0095,1.0302,0.8400,-3.5000,-0.0700
61194575,sitting,-0.0183,-0.0102,1.0302,0.8750,-3.5000,-0.0700
61194594,sitting,-0.0190,-0.0112,1.0297,0.8750,-3.5350,-0.0700
61194614,sitting,-0.0193,-0.0100,1.0302,0.8400,-3.4650,-0.0700
61194633,sitting,-0.0185,-0.0110,1.0297,0.8750,-3.5000,-0.0700
61194652,sitting,-0.0188,-0.0105,1.0299,0.9100,-3.6050,-0.1050
61194671,sitting,-0.0185,-0.0100,1.0302,0.8750,-3.5350,-0.1050
61194691,sitting,-0.0181,-0.0100,1.0292,0.8400,-3.4650,-0.0700
61194710,sitting,-0.0183,-0.0098,1.0297,0.8750,-3.5000,-0.1050
61194729,sitting,-0.0173,-0.0095,1.0294,0.8750,-3.4650,-0.1050
61194748,sitting,-0.0188,-0.0105,1.0302,0.8400,-3.4650,-0.1050
61194767,sitting,-0.0173,-0.0105,1.0304,0.8400,-3.5000,-0.1050
61194787,sitting,-0.0188,-0.0100,1.0304,0.8750,-3.5350,-0.0700
61194806,sitting,-0.0181,-0.0098,1.0299,0.8400,-3.4650,-0.0700
61194825,sitting,-0.0188,-0.0100,1.0302,0.8400,-3.5000,-0.1050
61194844,sitting,-0.0185,-0.0100,1.0299,0.8400,-3.5350,-0.1400
61194864,sitting,-0.0185,-0.0102,1.0307,0.9100,-3.5350,-0.1400
61194883,sitting,-0.0183,-0.0107,1.0302,0.8400,-3.5000,-0.0700
61194902,sitting,-0.0183,-0.0110,1.0302,0.8750,-3.5350,-0.0700
61194921,sitting,-0.0183,-0.0098,1.0294,0.8750,-3.4650,-0.0700
61194941,sitting,-0.0176,-0.0095,1.0302,0.8750,-3.5000,-0.1050
61194960,sitting,-0.0178,-0.0105,1.0299,0.9100,-3.5700,-0.0700
61194979,sitting,-0.0181,-0.0093,1.0311,0.8050,-3.5000,-0.0700
61194998,sitting,-0.0183,-0.0102,1.0304,0.8050,-3.5000,-0.1050
61195017,sitting,-0.0188,-0.0102,1.0307,0.9100,-3.5350,-0.0700
61195037,sitting,-0.0193,-0.0105,1.0294,0.9100,-3.5000,-0.1050
61195056,sitting,-0.0185,-0.0090,1.0292,0.8750,-3.4650,-0.1050
61195075,sitting,-0.0183,-0.0105,1.0304,0.8750,-3.4650,-0.0700
61195094,sitting,-0.0178,-0.0098,1.0307,0.8750,-3.5000,-0.0700
61195114,sitting,-0.0176,-0.0093,1.0304,0.8400,-3.4650,-0.0700
61195133,sitting,-0.0181,-0.0105,1.0304,0.8400,-3.5350,-0.0700
61195152,sitting,-0.0181,-0.0105,1.0307,0.8400,-3.5000,-0.1050
61195171,sitting,-0.0185,-0.0102,1.0302,0.8400,-3.5000,-0.0700
61195191,sitting,-0.0195,-0.0102,1.0297,0.8400,-3.4650,-0.1050
61195210,sitting,-0.0176,-0.0102,1.0302,0.9100,-3.5350,-0.0700
61195229,sitting,-0.0188,-0.0098,1.0307,0.8400,-3.5000,-0.0700
61195248,sitting,-0.0185,-0.0098,1.0304,0.8400,-3.5000,-0.1400
61195267,sitting,-0.0185,-0.0098,1.0302,0.8750,-3.5000,-0.0700
61195287,sitting,-0.0181,-0.0098,1.0297,0.8400,-3.5350,-0.1050
61195306,sitting,-0.0188,-0.0098,1.0289,0.8400,-3.4300,-0.0700
61195325,sitting,-0.0178,-0.0095,1.0304,0.8400,-3.5000,-0.1050
61195344,sitting,-0.0178,-0.0100,1.0292,0.8400,-3.5000,-0.0700
61195364,sitting,-0.0181,-0.0095,1.0307,0.8400,-3.4650,-0.1400
61195383,sitting,-0.0185,-0.0095,1.0294,0.8050,-3.5000,-0.1050
61195402,sitting,-0.0193,-0.0098,1.0297,0.8750,-3.5000,-0.0700
61195421,sitting,-0.0188,-0.0095,1.0307,0.8750,-3.5000,-0.0700
61195441,sitting,-0.0188,-0.0107,1.0297,0.8400,-3.5000,-0.0700
61195460,sitting,-0.0185,-0.0098,1.0287,0.8400,-3.5350,-0.0700
61195479,sitting,-0.0178,-0.0105,1.0297,0.8400,-3.5350,-0.1050
61195498,sitting,-0.0181,-0.0100,1.0302,0.8400,-3.4300,-0.0700
61195517,sitting,-0.0178,-0.0105,1.0299,0.9100,-3.5000,-0.0700
61195537,sitting,-0.0176,-0.0095,1.0285,0.8750,-3.5350,-0.1400
61195556,sitting,-0.0188,-0.0098,1.0289,0.8750,-3.4300,-0.0700
61195575,sitting,-0.0193,-0.0100,1.0304,0.8400,-3.4300,-0.0700
61195594,sitting,-0.0185,-0.0102,1.0297,0.8750,-3.5350,-0.0700
61195614,sitting,-0.0181,-0.0090,1.0294,0.8050,-3.5350,-0.0700
61195633,sitting,-0.0183,-0.0100,1.0294,0.8750,-3.5000,-0.0700
61195652,sitting,-0.0190,-0.0098,1.0299,0.9100,-3.5350,-0.0700
61195671,sitting,-0.0190,-0.0098,1.0302,0.8750,-3.4650,-0.0700
61195691,sitting,-0.0185,-0.0107,1.0304,0.8400,-3.5350,-0.0700
61195710,sitting,-0.0183,-0.0090,1.0297,0.9100,-3.5350,-0.0700
61195729,sitting,-0.0183,-0.0100,1.0299,0.8400,-3.5000,-0.1050
61195748,sitting,-0.0205,-0.0093,1.0302,0.8400,-3.5000,-0.0700
61195767,sitting,-0.0185,-0.0107,1.0297,0.8400,-3.5000,-0.0700
61195787,sitting,-0.0185,-0.0105,1.0299,0.9100,-3.5350,-0.0350
61195806,sitting,-0.0173,-0.0085,1.0302,0.8400,-3.4650,0.0000
61195825,sitting,-0.0181,-0.0100,1.0309,0.8400,-3.5000,-0.0700
61195844,sitting,-0.0178,-0.0100,1.0307,0.8750,-3.5350,-0.0700
61195864,sitting,-0.0188,-0.0110,1.0297,0.8400,-3.5350,-0.0700
61195883,sitting,-0.0185,-0.0100,1.0309,0.8400,-3.5000,-0.0700
61195902,sitting,-0.0181,-0.0098,1.0304,0.8750,-3.5700,-0.0700
61195921,sitting,-0.0185,-0.0095,1.0302,0.8750,-3.5000,-0.0700
61195941,sitting,-0.0181,-0.0088,1.0302,0.8400,-3.4300,-0.1050
61195960,sitting,-0.0193,-0.0112,1.0307,0.8400,-3.5350,-0.0700
61195979,sitting,-0.0183,-0.0107,1.0297,0.9100,-3.5000,-0.1050
61195998,sitting,-0.0181,-0.0107,1.0302,0.8400,-3.4300,-0.0700
61196017,sitting,-0.0185,-0.0105,1.0304,0.8400,-3.5000,-0.0700
61196037,sitting,-0.0193,-0.0105,1.0304,0.8400,-3.5000,-0.1050
61196056,sitting,-0.0188,-0.0112,1.0299,0.8400,-3.4650,-0.1050
61196075,sitting,-0.0178,-0.0105,1.0302,0.8750,-3.5000,-0.0700
61196094,sitting,-0.0176,-0.0095,1.0304,0.8400,-3.5000,-0.0700
61196114,sitting,-0.0188,-0.0105,1.0292,0.8400,-3.5000,-0.1050
61196133,sitting,-0.0190,-0.0098,1.0304,0.9100,-3.5000,-0.0700
61196152,sitting,-0.0183,-0.0105,1.0299,0.8400,-3.4650,-0.1050
61196171,sitting,-0.0176,-0.0102,1.0302,0.8400,-3.4300,-0.1050
61196191,sitting,-0.0181,-0.0098,1.0309,0.8750,-3.5000,-0.0700
61196210,sitting,-0.0188,-0.0095,1.0302,0.8750,-3.5350,-0.0700
61196229,sitting,-0.0181,-0.0102,1.0299,0.8750,-3.5000,-0.0350
61196248,sitting,-0.0181,-0.0107,1.0299,0.8400,-3.5000,-0.1050
61196267,sitting,-0.0185,-0.0107,1.0292,0.8750,-3.5000,-0.0700
61196287,sitting,-0.0183,-0.0100,1.0304,0.8400,-3.5350,-0.0700
61196306,sitting,-0.0190,-0.0102,1.0304,0.8400,-3.5350,-0.1400
61196325,sitting,-0.0185,-0.0098,1.0289,0.8400,-3.5000,-0.1050
61196344,sitting,-0.0171,-0.0105,1.0309,0.8400,-3.5000,-0.1400
61196364,sitting,-0.0181,-0.0100,1.0302,0.8400,-3.4650,-0.0700
61196383,sitting,-0.0183,-0.0107,1.0309,0.8400,-3.4650,-0.1050
61196402,sitting,-0.0178,-0.0102,1.0307,0.8400,-3.5000,-0.0700
61196421,sitting,-0.0181,-0.0105,1.0287,0.8400,-3.5000,-0.0700
61196441,sitting,-0.0183,-0.0100,1.0299,0.8400,-3.4650,-0.1050
61196460,sitting,-0.0188,-0.0102,1.0297,0.8750,-3.5700,-0.1050
61196479,sitting,-0.0178,-0.0102,1.0304,0.8400,-3.5350,-0.0700
61196498,sitting,-0.0188,-0.0102,1.0304,0.8750,-3.5000,-0.0350
61196517,sitting,-0.0178,-0.0110,1.0297,0.8400,-3.5000,-0.0700
61196537,sitting,-0.0183,-0.0112,1.0294,0.8750,-3.5000,-0.0700
61196556,sitting,-0.0185,-0.0105,1.0304,0.9100,-3.5000,-0.0700
61196575,sitting,-0.0190,-0.0107,1.0299,0.8750,-3.4650,-0.0700
61196594,sitting,-0.0188,-0.0105,1.0294,0.8400,-3.5350,-0.0700
61196614,sitting,-0.0178,-0.0112,1.0297,0.8400,-3.4650,-0.1050
61196633,sitting,-0.0183,-0.0112,1.0294,0.8400,-3.4650,-0.1050
61196652,sitting,-0.0185,-0.0107,1.0299,0.8750,-3.5350,-0.1050
61196671,sitting,-0.0183,-0.0105,1.0297,0.8400,-3.4650,-0.0700
61196691,sitting,-0.0190,-0.0107,1.0307,0.8050,-3.4300,-0.1050
61196710,sitting,-0.0178,-0.0107,1.0299,0.9100,-3.5350,-0.0700
61196729,sitting,-0.0188,-0.0098,1.0297,0.8400,-3.5000,-0.1050
61196748,sitting,-0.0188,-0.0107,1.0304,0.8050,-3.4650,-0.1050
61196767,sitting,-0.0193,-0.0100,1.0304,0.9100,-3.5350,-0.0700
61196787,sitting,-0.0181,-0.0102,1.0297,0.8400,-3.5350,-0.0700
61196806,sitting,-0.0190,-0.0095,1.0311,0.8750,-3.5000,-0.0700
61196825,sitting,-0.0183,-0.0107,1.0302,0.8400,-3.4650,-0.1050
61196844,sitting,-0.0181,-0.0105,1.0292,0.8400,-3.5000,-0.1050
61196864,sitting,-0.0188,-0.0098,1.0304,0.8750,-3.5000,-0.0700
61196883,sitting,-0.0183,-0.0107,1.0297,0.8750,-3.5000,-0.0350
61196902,sitting,-0.0185,-0.0105,1.0292,0.8750,-3.5350,-0.0700
61196921,sitting,-0.0183,-0.0100,1.0302,0.9100,-3.5000,-0.0700
61196941,sitting,-0.0181,-0.0102,1.0307,0.8750,-3.4300,-0.0700
61196960,sitting,-0.0190,-0.0105,1.0294,0.9100,-3.5350,-0.1050
61196979,sitting,-0.0185,-0.0112,1.0292,0.9100,-3.5000,-0.0700
61196998,sitting,-0.0183,-0.0102,1.0297,0.9100,-3.5350,-0.1050
61197017,sitting,-0.0183,-0.0105,1.0294,0.8400,-3.4300,-0.1050
61197037,sitting,-0.0190,-0.0100,1.0299,0.8400,-3.5000,-0.1050
61197056,sitting,-0.0183,-0.0105,1.0304,0.8400,-3.4650,-0.0350
61197075,sitting,-0.0183,-0.0105,1.0297,0.8750,-3.4650,-0.0700
61197094,sitting,-0.0185,-0.0110,1.0307,0.8750,-3.5700,-0.0700
61197114,sitting,-0.0183,-0.0098,1.0292,0.8050,-3.5000,-0.1050
61197133,sitting,-0.0183,-0.0102,1.0299,0.8400,-3.5000,-0.1050
61197152,sitting,-0.0183,-0.0102,1.0297,0.8750,-3.5000,-0.0700
61197171,sitting,-0.0183,-0.0112,1.0287,0.8750,-3.5350,-0.0700
61197191,sitting,-0.0185,-0.0107,1.0294,0.8400,-3.5000,-0.1050
61197210,sitting,-0.0185,-0.0100,1.0294,0.8750,-3.5350,-0.0700
61197229,sitting,-0.0183,-0.0100,1.0299,0.8400,-3.5000,-0.0700
61197248,sitting,-0.0181,-0.0100,1.0297,0.8050,-3.5000,-0.0700
61197267,sitting,-0.0185,-0.0112,1.0299,0.8400,-3.5000,-0.1050
61197287,sitting,-0.0183,-0.0117,1.0294,0.8400,-3.5350,-0.0700
61197306,sitting,-0.0171,-0.0095,1.0299,0.8400,-3.5000,-0.1050
61197325,sitting,-0.0185,-0.0098,1.0292,0.8400,-3.5000,-0.0700
61197344,sitting,-0.0195,-0.0098,1.0292,0.8750,-3.5000,-0.0700
61197364,sitting,-0.0185,-0.0105,1.0287,0.8400,-3.4650,-0.0700
61197383,sitting,-0.0181,-0.0105,1.0297,0.8400,-3.5000,-0.0700
61197402,sitting,-0.0183,-0.0100,1.0292,0.8400,-3.5000,-0.1050
61197421,sitting,-0.0183,-0.0100,1.0294,0.8050,-3.4650,-0.0700
61197441,sitting,-0.0178,-0.0093,1.0302,0.8400,-3.4300,-0.1050
61197460,sitting,-0.0188,-0.0102,1.0294,0.8750,-3.4650,-0.0700
61197479,sitting,-0.0178,-0.0107,1.0299,0.8750,-3.5000,-0.0350
61197498,sitting,-0.0176,-0.0095,1.0292,0.8050,-3.4650,-0.1050
61197517,sitting,-0.0178,-0.0102,1.0292,0.8750,-3.5000,-0.0350
61197537,sitting,-0.0185,-0.0105,1.0307,0.8750,-3.5350,-0.0700
61197556,sitting,-0.0181,-0.0110,1.0307,0.8400,-3.5350,-0.0700
61197575,sitting,-0.0185,-0.0095,1.0299,0.8400,-3.4650,-0.0700
61197594,sitting,-0.0178,-0.0100,1.0297,0.8750,-3.5350,-0.0700
61197614,sitting,-0.0183,-0.0110,1.0294,0.9100,-3.5000,-0.0700
61197633,sitting,-0.0181,-0.0102,1.0294,0.8400,-3.5000,-0.0700
61197652,sitting,-0.0181,-0.0105,1.0292,0.8400,-3.5350,-0.1050
61197671,sitting,-0.0173,-0.0107,1.0299,0.8400,-3.5000,-0.1050
61197691,sitting,-0.0185,-0.0110,1.0304,0.8400,-3.5000,-0.1050
61197710,sitting,-0.0188,-0.0098,1.0294,0.8400,-3.5000,-0.0700
61197729,sitting,-0.0185,-0.0105,1.0285,0.8050,-3.5000,-0.0700
61197748,sitting,-0.0190,-0.0098,1.0302,0.8400,-3.5000,-0.1050
61197767,sitting,-0.0188,-0.0093,1.0299,0.8750,-3.5350,-0.0700
61197787,sitting,-0.0188,-0.0102,1.0294,0.8750,-3.5000,-0.0700
61197806,sitting,-0.0185,-0.0102,1.0297,0.8400,-3.4650,-0.1050
61197825,sitting,-0.0185,-0.0105,1.0304,0.8400,-3.5000,-0.0700
61197844,sitting,-0.0190,-0.0102,1.0289,0.8400,-3.5000,-0.1050
61197864,sitting,-0.0176,-0.0095,1.0285,0.9100,-3.5000,-0.0700
61197883,sitting,-0.0183,-0.0095,1.0292,0.8400,-3.5000,-0.0700
61197902,sitting,-0.0185,-0.0095,1.0292,0.8400,-3.4650,-0.0700
61197921,sitting,-0.0185,-0.0100,1.0299,0.9100,-3.5000,-0.0700
61197941,sitting,-0.0183,-0.0100,1.0302,0.8400,-3.5000,-0.1400
61197960,sitting,-0.0185,-0.0100,1.0297,0.9100,-3.5350,-0.0700
61197979,sitting,-0.0183,-0.0102,1.0287,0.8400,-3.5350,-0.1050
61197998,sitting,-0.0188,-0.0102,1.0299,0.8400,-3.4300,-0.1050
61198017,sitting,-0.0181,-0.0102,1.0304,0.8400,-3.4300,-0.0700
61198037,sitting,-0.0185,-0.0093,1.0287,0.8750,-3.5000,-0.1050
61198056,sitting,-0.0183,-0.0100,1.0297,0.8050,-3.4650,-0.0700
61198075,sitting,-0.0188,-0.0105,1.0299,0.8750,-3.4650,-0.1050
61198094,sitting,-0.0181,-0.0112,1.0299,0.8400,-3.5000,-0.1050
61198114,sitting,-0.0185,-0.0100,1.0294,0.8400,-3.5000,-0.1050
61198133,sitting,-0.0183,-0.0098,1.0304,0.8400,-3.4650,-0.1050
61198152,sitting,-0.0183,-0.0093,1.0311,0.9450,-3.5700,-0.1050
61198171,sitting,-0.0183,-0.0098,1.0307,0.8750,-3.5000,-0.0700
61198191,sitting,-0.0190,-0.0098,1.0280,0.8750,-3.4300,-0.0700
61198210,sitting,-0.0195,-0.0105,1.0297,0.8750,-3.5000,-0.0700
61198229,sitting,-0.0185,-0.0098,1.0289,0.8750,-3.5350,-0.0700
61198248,sitting,-0.0178,-0.0085,1.0302,0.8750,-3.4650,-0.1050
61198267,sitting,-0.0181,-0.0095,1.0302,0.8400,-3.5000,-0.0700
61198287,sitting,-0.0183,-0.0102,1.0297,0.8750,-3.5700,-0.1050
61198306,sitting,-0.0185,-0.0100,1.0287,0.8400,-3.4650,-0.0700
61198325,sitting,-0.0181,-0.0102,1.0307,0.8400,-3.5000,-0.0700
61198344,sitting,-0.0178,-0.0100,1.0304,0.8400,-3.5000,-0.0700
61198364,sitting,-0.0178,-0.0098,1.0302,0.8750,-3.5000,-0.0700
61198383,sitting,-0.0178,-0.0098,1.0302,0.8400,-3.5000,-0.0700
61198402,sitting,-0.0171,-0.0102,1.0299,0.8400,-3.5350,-0.1050
61198421,sitting,-0.0185,-0.0102,1.0297,0.8750,-3.4650,-0.0350
61198441,sitting,-0.0190,-0.0105,1.0297,0.8050,-3.4650,-0.1050
61198460,sitting,-0.0183,-0.0098,1.0294,0.8750,-3.5350,-0.0700
61198479,sitting,-0.0185,-0.0100,1.0299,0.8400,-3.5350,-0.1050
61198498,sitting,-0.0195,-0.0107,1.0292,0.8050,-3.4650,-0.1050
61198517,sitting,-0.0188,-0.0100,1.0304,0.8750,-3.4650,-0.0700
61198537,sitting,-0.0183,-0.0098,1.0302,0.8750,-3.5350,-0.1050
61198556,sitting,-0.0181,-0.0090,1.0302,0.8750,-3.5350,-0.1050
61198575,sitting,-0.0178,-0.0098,1.0289,0.8750,-3.5000,-0.0700
61198594,sitting,-0.0188,-0.0100,1.0302,0.8750,-3.5000,-0.0700
61198614,sitting,-0.0190,-0.0098,1.0294,0.8400,-3.4650,-0.0700
61198633,sitting,-0.0188,-0.0105,1.0297,0.9100,-3.4650,-0.0700
61198652,sitting,-0.0198,-0.0093,1.0292,0.8750,-3.5000,-0.0700
61198671,sitting,-0.0183,-0.0093,1.0289,0.8750,-3.5000,-0.0700
61198691,sitting,-0.0176,-0.0093,1.0299,0.8050,-3.5000,-0.1050
61198710,sitting,-0.0178,-0.0102,1.0299,0.8400,-3.5000,-0.1050
61198729,sitting,-0.0185,-0.0105,1.0287,0.8750,-3.4650,-0.0700
61198748,sitting,-0.0178,-0.0102,1.0297,0.8400,-3.5000,-0.0700
61198767,sitting,-0.0183,-0.0100,1.0292,0.8400,-3.4650,-0.0700
61198787,sitting,-0.0183,-0.0105,1.0307,0.8400,-3.4650,-0.0700
61198806,sitting,-0.0178,-0.0107,1.0311,0.8400,-3.4650,-0.1050
61198825,sitting,-0.0183,-0.0107,1.0302,0.9100,-3.5350,-0.0700
61198844,sitting,-0.0183,-0.0110,1.0302,0.8750,-3.5350,-0.1400
61198864,sitting,-0.0185,-0.0105,1.0302,0.8400,-3.5000,-0.1050
61198883,sitting,-0.0176,-0.0105,1.0304,0.8050,-3.4650,-0.1050
61198902,sitting,-0.0185,-0.0105,1.0302,0.9100,-3.5700,-0.0350
61198921,sitting,-0.0183,-0.0102,1.0299,0.9100,-3.5350,-0.0700
61198941,sitting,-0.0190,-0.0102,1.0299,0.8400,-3.4650,-0.1400
61198960,sitting,-0.0185,-0.0095,1.0292,0.8750,-3.5350,-0.0700
61198979,sitting,-0.0188,-0.0102,1.0299,0.8750,-3.5000,-0.0350
61198998,sitting,-0.0183,-0.0102,1.0297,0.8400,-3.4650,-0.0700
61199017,sitting,-0.0181,-0.0105,1.0297,0.8400,-3.5000,-0.0700
61199037,sitting,-0.0198,-0.0105,1.0287,0.8750,-3.5350,-0.0700
61199056,sitting,-0.0195,-0.0102,1.0304,0.8750,-3.4300,-0.0700
61199075,sitting,-0.0185,-0.0105,1.0297,0.8400,-3.4650,-0.0700
61199094,sitting,-0.0193,-0.0105,1.0287,0.8400,-3.5350,-0.1050
61199114,sitting,-0.0203,-0.0102,1.0297,0.8400,-3.5350,-0.0700
61199133,sitting,-0.0188,-0.0098,1.0297,0.8400,-3.4300,-0.1050
61199152,sitting,-0.0181,-0.0100,1.0302,0.8400,-3.5000,-0.0700
61199171,sitting,-0.0188,-0.0100,1.0304,0.8400,-3.5000,-0.0700
61199191,sitting,-0.0183,-0.0107,1.0302,0.8750,-3.5000,-0.0700
61199210,sitting,-0.0188,-0.0107,1.0307,0.9100,-3.5350,-0.1050
61199229,sitting,-0.0183,-0.0107,1.0294,0.8400,-3.5350,-0.1050
61199248,sitting,-0.0183,-0.0112,1.0299,0.8400,-3.4300,-0.1050
61199267,sitting,-0.0178,-0.0107,1.0302,0.8400,-3.5000,-0.0350
61199287,sitting,-0.0183,-0.0110,1.0302,0.8750,-3.5350,-0.0700
61199306,sitting,-0.0178,-0.0100,1.0307,0.8400,-3.4650,-0.1050
61199325,sitting,-0.0183,-0.0110,1.0294,0.8400,-3.4650,-0.1050
61199344,sitting,-0.0183,-0.0102,1.0299,0.8750,-3.5350,-0.0700
61199364,sitting,-0.0190,-0.0102,1.0299,0.8750,-3.5000,-0.0700
61199383,sitting,-0.0195,-0.0098,1.0299,0.8400,-3.4300,-0.1400
61199402,sitting,-0.0176,-0.0105,1.0289,0.8750,-3.5000,-0.0700
61199421,sitting,-0.0188,-0.0115,1.0294,0.8750,-3.5000,-0.0700
61199441,sitting,-0.0171,-0.0117,1.0294,0.8400,-3.4650,-0.1050
61199460,sitting,-0.0183,-0.0105,1.0297,0.8750,-3.5000,-0.0700
61199479,sitting,-0.0183,-0.0095,1.0304,0.8750,-3.5350,-0.0700
61199498,sitting,-0.0176,-0.0095,1.0292,0.8400,-3.5000,-0.0700
61199517,sitting,-0.0183,-0.0110,1.0297,0.8750,-3.5350,-0.1050
61199537,sitting,-0.0181,-0.0107,1.0299,0.8400,-3.5700,-0.0700
61199556,sitting,-0.0185,-0.0105,1.0302,0.8750,-3.5000,-0.0350
61199575,sitting,-0.0178,-0.0105,1.0292,0.8400,-3.4650,-0.0700
61199594,sitting,-0.0181,-0.0105,1.0309,0.8750,-3.5350,-0.0700
61199614,sitting,-0.0178,-0.0098,1.0287,0.9100,-3.5000,-0.1050
61199633,sitting,-0.0185,-0.0110,1.0294,0.8050,-3.4650,-0.1050
61199652,sitting,-0.0183,-0.0098,1.0309,0.8750,-3.5000,-0.0700
61199671,sitting,-0.0178,-0.0115,1.0299,0.8400,-3.5000,-0.0700
61199691,sitting,-0.0181,-0.0100,1.0299,0.8750,-3.4650,-0.0700
61199710,sitting,-0.0185,-0.0105,1.0304,0.8400,-3.5350,0.0000
61199729,sitting,-0.0185,-0.0105,1.0302,0.8400,-3.5350,-0.0700
61199748,sitting,-0.0178,-0.0115,1.0304,0.8400,-3.5000,-0.0700
61199767,sitting,-0.0188,-0.0112,1.0294,0.8750,-3.5000,-0.0700
61199787,sitting,-0.0188,-0.0107,1.0294,0.8400,-3.5000,-0.0700
61199806,sitting,-0.0178,-0.0102,1.0294,0.8050,-3.5700,-0.0700
61199825,sitting,-0.0183,-0.0107,1.0299,0.8400,-3.5000,-0.0700
61199844,sitting,-0.0188,-0.0102,1.0297,0.8400,-3.5000,-0.1050
61199864,sitting,-0.0183,-0.0105,1.0304,0.8750,-3.5350,-0.0700
61199883,sitting,-0.0173,-0.0110,1.0299,0.8400,-3.5000,-0.0350
61199902,sitting,-0.0176,-0.0102,1.0294,0.9100,-3.5350,-0.0700
61199921,sitting,-0.0176,-0.0107,1.0297,0.8750,-3.5350,-0.0700
61199941,sitting,-0.0178,-0.0100,1.0302,0.8750,-3.5000,-0.0700
61199960,sitting,-0.0183,-0.0095,1.0297,0.8400,-3.4650,-0.0700
61199979,sitting,-0.0183,-0.0100,1.0297,0.8400,-3.5350,-0.0350
61199998,sitting,-0.0176,-0.0098,1.0297,0.8400,-3.5000,-0.1050
61200017,sitting,-0.0176,-0.0107,1.0289,0.8750,-3.5000,-0.0700
61200037,sitting,-0.0188,-0.0102,1.0294,0.8400,-3.5000,-0.0700
61200056,sitting,-0.0193,-0.0107,1.0294,0.8400,-3.5000,-0.0700
61200075,sitting,-0.0185,-0.0090,1.0299,0.8750,-3.5000,-0.0700
61200094,sitting,-0.0181,-0.0102,1.0297,0.8750,-3.5350,-0.0700
61200114,sitting,-0.0181,-0.0105,1.0294,0.8400,-3.5000,-0.0700
61200133,sitting,-0.0183,-0.0112,1.0299,0.8750,-3.5350,-0.0700
61200152,sitting,-0.0188,-0.0112,1.0299,0.9100,-3.5350,-0.0700
61200171,sitting,-0.0181,-0.0102,1.0302,0.8750,-3.5350,-0.1050
61200191,sitting,-0.0178,-0.0102,1.0297,0.8400,-3.5000,-0.1050
61200210,sitting,-0.0176,-0.0095,1.0299,0.8400,-3.5350,-0.0700
61200229,sitting,-0.0181,-0.0102,1.0287,0.8400,-3.5000,-0.1400
61200248,sitting,-0.0190,-0.0102,1.0289,0.8750,-3.4650,-0.0700
61200267,sitting,-0.0183,-0.0098,1.0289,0.8750,-3.5000,-0.1050
61200287,sitting,-0.0181,-0.0100,1.0299,0.8750,-3.5350,-0.1400
61200306,sitting,-0.0178,-0.0100,1.0292,0.8750,-3.4650,-0.1050
61200325,sitting,-0.0195,-0.0095,1.0294,0.8750,-3.5000,-0.0700
61200344,sitting,-0.0181,-0.0100,1.0292,0.8750,-3.4650,-0.0700
61200364,sitting,-0.0178,-0.0098,1.0299,0.8400,-3.5000,-0.1050
61200383,sitting,-0.0183,-0.0095,1.0292,0.8400,-3.4650,-0.1050
61200402,sitting,-0.0185,-0.0102,1.0307,0.8400,-3.5700,-0.0700
61200421,sitting,-0.0193,-0.0102,1.0304,0.8400,-3.5000,-0.1050
61200441,sitting,-0.0185,-0.0098,1.0294,0.8400,-3.5000,-0.0700
61200460,sitting,-0.0183,-0.0098,1.0289,0.8400,-3.5350,-0.0700
61200479,sitting,-0.0185,-0.0098,1.0292,0.8400,-3.5350,-0.0700
61200498,sitting,-0.0188,-0.0102,1.0292,0.8400,-3.5000,-0.0700
61200517,sitting,-0.0181,-0.0095,1.0289,0.8750,-3.5350,-0.0350
61200537,sitting,-0.0190,-0.0105,1.0289,0.9100,-3.5000,-0.0700
61200556,sitting,-0.0173,-0.0100,1.0294,0.8400,-3.5000,-0.1050
61200575,sitting,-0.0185,-0.0095,1.0299,0.8750,-3.5000,-0.0700
61200594,sitting,-0.0193,-0.0107,1.0307,0.8750,-3.5350,-0.1400
61200614,sitting,-0.0188,-0.0105,1.0292,0.8400,-3.5000,-0.0700
61200633,sitting,-0.0185,-0.0102,1.0287,0.8400,-3.4650,-0.0700
61200652,sitting,-0.0181,-0.0100,1.0289,0.9100,-3.5350,-0.0700
61200671,sitting,-0.0173,-0.0107,1.0307,0.8400,-3.4650,-0.0700
61200691,sitting,-0.0178,-0.0102,1.0309,0.8400,-3.4650,-0.0700
61200710,sitting,-0.0185,-0.0100,1.0302,0.8750,-3.5000,-0.0700
61200729,sitting,-0.0183,-0.0100,1.0304,0.8750,-3.5350,-0.0700
61200748,sitting,-0.0188,-0.0102,1.0304,0.8400,-3.5000,-0.1050
61200767,sitting,-0.0185,-0.0105,1.0304,0.8750,-3.5000,-0.1050
61200787,sitting,-0.0193,-0.0105,1.0304,0.8750,-3.4650,-0.0700
61200806,sitting,-0.0198,-0.0107,1.0294,0.8050,-3.5000,-0.0350
61200825,sitting,-0.0185,-0.0105,1.0309,0.8400,-3.5350,-0.0700
61200844,sitting,-0.0188,-0.0107,1.0299,0.8750,-3.5000,-0.0700
61200864,sitting,-0.0176,-0.0107,1.0304,0.8750,-3.5000,-0.0700
61200883,sitting,-0.0190,-0.0093,1.0297,0.8400,-3.4300,-0.1050
61200902,sitting,-0.0185,-0.0100,1.0304,0.8400,-3.5000,-0.1050
61200921,sitting,-0.0188,-0.0098,1.0302,0.8400,-3.4650,-0.0700
61200941,sitting,-0.0190,-0.0102,1.0294,0.8400,-3.4650,-0.1050
61200960,sitting,-0.0178,-0.0100,1.0304,0.8750,-3.5350,-0.0700
61200979,sitting,-0.0183,-0.0102,1.0299,0.8050,-3.5000,-0.0700
61200998,sitting,-0.0178,-0.0107,1.0297,0.8400,-3.5000,-0.0700
61201017,sitting,-0.0176,-0.0107,1.0299,0.8050,-3.4650,-0.1400
61201037,sitting,-0.0178,-0.0110,1.0294,0.8400,-3.5000,-0.0700
61201056,sitting,-0.0178,-0.0100,1.0314,0.8400,-3.5000,-0.0700
61201075,sitting,-0.0190,-0.0100,1.0292,0.8750,-3.5350,-0.1050
61201094,sitting,-0.0183,-0.0100,1.0292,0.8400,-3.5350,-0.1050
61201114,sitting,-0.0176,-0.0112,1.0304,0.8050,-3.4650,-0.1400
61201133,sitting,-0.0181,-0.0110,1.0302,0.8400,-3.4650,-0.0700
61201152,sitting,-0.0185,-0.0112,1.0289,0.9100,-3.5350,-0.0700
61201171,sitting,-0.0190,-0.0100,1.0299,0.8400,-3.5700,-0.0700
61201191,sitting,-0.0178,-0.0102,1.0299,0.8050,-3.5000,-0.1400
61201210,sitting,-0.0183,-0.0102,1.0292,0.9100,-3.5000,-0.0700
61201229,sitting,-0.0183,-0.0100,1.0309,0.8750,-3.4650,-0.1050
61201248,sitting,-0.0183,-0.0105,1.0299,0.8400,-3.5000,0.0000
61201267,sitting,-0.0178,-0.0100,1.0302,0.8750,-3.5350,-0.0350
61201287,sitting,-0.0190,-0.0098,1.0302,0.8750,-3.5350,-0.0700
61201306,sitting,-0.0185,-0.0107,1.0299,0.8400,-3.5000,-0.0700
61201325,sitting,-0.0181,-0.0105,1.0299,0.8400,-3.5350,-0.1050
61201344,sitting,-0.0181,-0.0105,1.0297,0.9100,-3.5000,-0.0700
61201364,sitting,-0.0178,-0.0105,1.0297,0.8750,-3.5000,-0.0700
61201383,sitting,-0.0181,-0.0100,1.0302,0.8400,-3.5000,-0.1050
61201402,sitting,-0.0176,-0.0100,1.0299,0.8400,-3.5000,-0.0700
61201421,sitting,-0.0176,-0.0102,1.0294,0.8050,-3.5000,-0.0700
61201441,sitting,-0.0183,-0.0093,1.0302,0.8400,-3.5000,-0.1050
61201460,sitting,-0.0185,-0.0107,1.0299,0.8750,-3.4650,-0.1050
61201479,sitting,-0.0185,-0.0107,1.0299,0.8400,-3.5350,-0.0700
61201498,sitting,-0.0190,-0.0100,1.0299,0.8050,-3.4650,-0.0700
61201517,sitting,-0.0185,-0.0105,1.0297,0.8400,-3.5000,-0.1050
61201537,sitting,-0.0193,-0.0107,1.0302,0.8750,-3.5350,-0.1050
61201556,sitting,-0.0183,-0.0102,1.0307,0.9100,-3.5000,-0.1050
61201575,sitting,-0.0181,-0.0098,1.0302,0.8400,-3.4650,-0.0700
61201594,sitting,-0.0181,-0.0102,1.0285,0.8400,-3.5350,-0.1050
61201614,sitting,-0.0188,-0.0090,1.0309,0.8750,-3.5350,-0.0700
61201633,sitting,-0.0188,-0.0105,1.0294,0.8400,-3.4650,-0.0700
61201652,sitting,-0.0190,-0.0105,1.0299,0.9100,-3.5350,-0.0700
61201671,sitting,-0.0185,-0.0102,1.0304,0.8400,-3.4650,-0.0700
61201691,sitting,-0.0173,-0.0095,1.0302,0.8400,-3.5000,-0.1400
61201710,sitting,-0.0183,-0.0095,1.0302,0.8400,-3.5000,-0.0700
61201729,sitting,-0.0188,-0.0100,1.0299,0.8400,-3.5700,-0.0700
61201748,sitting,-0.0193,-0.0107,1.0304,0.8400,-3.5000,-0.1050
61201767,sitting,-0.0190,-0.0105,1.0292,0.8400,-3.5350,-0.0700
61201787,sitting,-0.0181,-0.0095,1.0285,0.8750,-3.5000,-0.1050
61201806,sitting,-0.0183,-0.0102,1.0294,0.8400,-3.4650,-0.0700
61201825,sitting,-0.0190,-0.0095,1.0297,0.8400,-3.5350,-0.0350
61201844,sitting,-0.0193,-0.0095,1.0292,0.9100,-3.5350,-0.0700
61201864,sitting,-0.0178,-0.0102,1.0299,0.8750,-3.5350,-0.1050
61201883,sitting,-0.0183,-0.0100,1.0297,0.8050,-3.4650,-0.1050
61201902,sitting,-0.0173,-0.0110,1.0294,0.8400,-3.5350,-0.0700
61201921,sitting,-0.0176,-0.0110,1.0292,0.8400,-3.5000,-0.1050
61201941,sitting,-0.0181,-0.0100,1.0302,0.8400,-3.5000,-0.1050
61201960,sitting,-0.0185,-0.0100,1.0299,0.8750,-3.5350,-0.0700
61201979,sitting,-0.0188,-0.0105,1.0292,0.8750,-3.5350,-0.1050
61201998,sitting,-0.0181,-0.0100,1.0302,0.8400,-3.4300,-0.0700
61202017,sitting,-0.0188,-0.0105,1.0297,0.8400,-3.4650,-0.0700
61202037,sitting,-0.0181,-0.0105,1.0304,0.8400,-3.5000,-0.1050
61202056,sitting,-0.0188,-0.0102,1.0299,0.8050,-3.5000,-0.0700
61202075,sitting,-0.0178,-0.0105,1.0292,0.8400,-3.5000,-0.0700
61202094,sitting,-0.0195,-0.0112,1.0292,0.8400,-3.4650,-0.0700
61202114,sitting,-0.0190,-0.0102,1.0294,0.8750,-3.4650,-0.1050
61202133,sitting,-0.0183,-0.0110,1.0294,0.8750,-3.5000,-0.0700
61202152,sitting,-0.0190,-0.0107,1.0297,0.8400,-3.5700,-0.0700
61202171,sitting,-0.0183,-0.0105,1.0292,0.8750,-3.5350,-0.0350
61202191,sitting,-0.0163,-0.0105,1.0302,0.8400,-3.5000,-0.0350
61202210,sitting,-0.0178,-0.0105,1.0292,0.8400,-3.5350,-0.0700
61202229,sitting,-0.0181,-0.0100,1.0297,0.8400,-3.5350,-0.0700
61202248,sitting,-0.0183,-0.0105,1.0311,0.8050,-3.4650,-0.1400
61202267,sitting,-0.0183,-0.0102,1.0302,0.8400,-3.5000,-0.0700
61202287,sitting,-0.0176,-0.0107,1.0299,0.8750,-3.5700,-0.0700
61202306,sitting,-0.0181,-0.0107,1.0304,0.8400,-3.5000,-0.1050
61202325,sitting,-0.0181,-0.0105,1.0299,0.8400,-3.5000,-0.0700
61202344,sitting,-0.0183,-0.0107,1.0314,0.8400,-3.5000,-0.0700
61202364,sitting,-0.0188,-0.0083,1.0302,0.8400,-3.4650,-0.0700
61202383,sitting,-0.0185,-0.0093,1.0304,0.8400,-3.4300,-0.0700
61202402,sitting,-0.0183,-0.0105,1.0287,0.9100,-3.5350,-0.0350
61202421,sitting,-0.0178,-0.0098,1.0299,0.8400,-3.5000,-0.0700
61202441,sitting,-0.0185,-0.0095,1.0302,0.8400,-3.4650,-0.1400
61202460,sitting,-0.0181,-0.0105,1.0294,0.8750,-3.5000,-0.0700
61202479,sitting,-0.0185,-0.0107,1.0292,0.9100,-3.5350,-0.0700
61202498,sitting,-0.0185,-0.0100,1.0299,0.8400,-3.5350,-0.0700
61202517,sitting,-0.0190,-0.0105,1.0297,0.8750,-3.5350,-0.0700
61202537,sitting,-0.0183,-0.0098,1.0292,0.8400,-3.5000,-0.1050
61202556,sitting,-0.0188,-0.0100,1.0297,0.8750,-3.5000,-0.0700
61202575,sitting,-0.0176,-0.0107,1.0292,0.8400,-3.5700,-0.1050
61202594,sitting,-0.0178,-0.0098,1.0297,0.9100,-3.5000,-0.0700
61202614,sitting,-0.0183,-0.0105,1.0302,0.8400,-3.5000,-0.0700
61202633,sitting,-0.0181,-0.0107,1.0297,0.8400,-3.5000,-0.1050
61202652,sitting,-0.0185,-0.0107,1.0304,0.8750,-3.5000,-0.0700
61202671,sitting,-0.0176,-0.0105,1.0307,0.8050,-3.5000,-0.0700
61202691,sitting,-0.0178,-0.0105,1.0304,0.8050,-3.4650,-0.0700
61202710,sitting,-0.0193,-0.0105,1.0302,0.8400,-3.5000,-0.1050
61202729,sitting,-0.0183,-0.0102,1.0297,0.8750,-3.5000,-0.0700
61202748,sitting,-0.0181,-0.0105,1.0299,0.8400,-3.4650,-0.1050
61202767,sitting,-0.0181,-0.0105,1.0304,0.8400,-3.4650,-0.1050
61202787,sitting,-0.0190,-0.0107,1.0292,0.9100,-3.5700,-0.0700
61202806,sitting,-0.0183,-0.0098,1.0297,0.8750,-3.5350,-0.0700
61202825,sitting,-0.0198,-0.0105,1.0297,0.8400,-3.5000,-0.1050
61202844,sitting,-0.0176,-0.0105,1.0299,0.9100,-3.5000,-0.1400
61202864,sitting,-0.0183,-0.0102,1.0297,0.8750,-3.5350,-0.0700
61202883,sitting,-0.0173,-0.0098,1.0292,0.8400,-3.5000,-0.1400
61202902,sitting,-0.0193,-0.0102,1.0292,0.8750,-3.5350,-0.0700
61202921,sitting,-0.0188,-0.0102,1.0309,0.8400,-3.5350,-0.0700
61202941,sitting,-0.0178,-0.0088,1.0297,0.8400,-3.5000,-0.0700
61202960,sitting,-0.0188,-0.0098,1.0304,0.8750,-3.5000,-0.0700
61202979,sitting,-0.0176,-0.0102,1.0294,0.8400,-3.5000,-0.0700
61202998,sitting,-0.0176,-0.0102,1.0292,0.8400,-3.4650,-0.0700
61203017,sitting,-0.0176,-0.0102,1.0299,0.8400,-3.5000,-0.0700
61203037,sitting,-0.0185,-0.0095,1.0304,0.8750,-3.5350,-0.1400
61203056,sitting,-0.0181,-0.0100,1.0304,0.8400,-3.4650,-0.1050
61203075,sitting,-0.0183,-0.0102,1.0294,0.8400,-3.4650,-0.0700
61203094,sitting,-0.0173,-0.0105,1.0297,0.8400,-3.5350,-0.0700
61203114,sitting,-0.0178,-0.0110,1.0287,0.8400,-3.5000,-0.0700
61203133,sitting,-0.0183,-0.0102,1.0297,0.8400,-3.5000,-0.0700
61203152,sitting,-0.0185,-0.0105,1.0307,0.8750,-3.5350,0.0000
61203171,sitting,-0.0181,-0.0098,1.0294,0.8750,-3.5350,-0.0700
61203191,sitting,-0.0181,-0.0110,1.0299,0.8400,-3.5000,-0.0700
61203210,sitting,-0.0188,-0.0098,1.0292,0.8400,-3.5350,-0.1050
61203229,sitting,-0.0185,-0.0100,1.0289,0.8400,-3.5000,-0.0700
61203248,sitting,-0.0181,-0.0107,1.0292,0.8750,-3.5350,-0.0700
61203267,sitting,-0.0185,-0.0105,1.0287,0.8400,-3.5000,-0.0700
61203287,sitting,-0.0185,-0.0102,1.0297,0.8750,-3.5700,-0.0350
61203306,sitting,-0.0193,-0.0107,1.0299,0.8750,-3.5000,-0.1050
61203325,sitting,-0.0183,-0.0110,1.0304,0.8400,-3.4650,-0.1050
61203344,sitting,-0.0183,-0.0110,1.0304,0.8750,-3.5700,-0.1050
61203364,sitting,-0.0183,-0.0098,1.0304,0.8400,-3.5000,-0.0350
61203383,sitting,-0.0188,-0.0098,1.0304,0.8400,-3.5000,-0.0700
61203402,sitting,-0.0181,-0.0100,1.0294,0.8750,-3.5700,-0.1050
61203421,sitting,-0.0181,-0.0110,1.0294,0.8400,-3.5000,-0.1050
61203441,sitting,-0.0188,-0.0102,1.0302,0.8400,-3.4300,-0.1050
61203460,sitting,-0.0181,-0.0107,1.0302,0.9100,-3.5000,-0.0350
61203479,sitting,-0.0173,-0.0102,1.0297,0.8400,-3.5350,-0.0700
61203498,sitting,-0.0185,-0.0098,1.0304,0.8050,-3.5000,-0.1050
61203517,sitting,-0.0181,-0.0095,1.0287,0.8400,-3.5000,-0.1050
61203537,sitting,-0.0183,-0.0105,1.0292,0.9100,-3.5000,-0.1050
61203556,sitting,-0.0178,-0.0102,1.0302,0.8050,-3.4650,-0.1050
61203575,sitting,-0.0183,-0.0095,1.0299,0.8400,-3.5000,-0.0700
61203594,sitting,-0.0181,-0.0102,1.0307,0.9100,-3.5350,-0.0700
61203614,sitting,-0.0181,-0.0093,1.0302,0.8400,-3.5000,-0.0700
61203633,sitting,-0.0183,-0.0098,1.0285,0.8400,-3.5000,-0.0700
61203652,sitting,-0.0181,-0.0100,1.0292,0.8750,-3.5000,-0.0700
61203671,sitting,-0.0183,-0.0100,1.0292,0.8400,-3.5000,-0.1050
61203691,sitting,-0.0183,-0.0107,1.0299,0.8050,-3.4650,-0.0700
61203710,sitting,-0.0183,-0.0102,1.0297,0.8750,-3.5350,-0.1050
61203729,sitting,-0.0178,-0.0095,1.0299,0.8750,-3.5000,-0.1050
61203748,sitting,-0.0176,-0.0110,1.0304,0.8400,-3.4300,-0.0700
61203767,sitting,-0.0190,-0.0105,1.0297,0.8400,-3.5000,-0.0700
61203787,sitting,-0.0185,-0.0102,1.0299,0.9100,-3.5000,-0.0700
61203806,sitting,-0.0176,-0.0095,1.0297,0.8750,-3.5350,-0.1050
61203825,sitting,-0.0183,-0.0100,1.0302,0.8750,-3.5000,-0.0700
61203844,sitting,-0.0185,-0.0093,1.0297,0.8400,-3.5000,-0.1050
61203864,sitting,-0.0181,-0.0095,1.0294,0.8750,-3.5350,-0.0350
61203883,sitting,-0.0183,-0.0098,1.0294,0.8750,-3.5350,-0.0700
61203902,sitting,-0.0176,-0.0098,1.0302,0.8400,-3.5700,-0.1400
61203921,sitting,-0.0178,-0.0093,1.0302,0.8750,-3.5000,-0.0700
61203941,sitting,-0.0178,-0.0098,1.0294,0.8400,-3.4650,-0.1050
61203960,sitting,-0.0181,-0.0105,1.0294,0.8750,-3.5000,-0.0700
61203979,sitting,-0.0178,-0.0107,1.0307,0.8750,-3.5000,-0.0700
61203998,sitting,-0.0173,-0.0100,1.0304,0.8400,-3.4300,-0.0700
61204017,sitting,-0.0173,-0.0095,1.0304,0.8400,-3.5000,-0.0700
61204037,sitting,-0.0183,-0.0105,1.0292,0.8400,-3.5000,-0.0700
61204056,sitting,-0.0188,-0.0100,1.0294,0.8400,-3.5000,-0.1050
61204075,sitting,-0.0183,-0.0102,1.0297,0.8400,-3.5000,-0.0350
61204094,sitting,-0.0190,-0.0100,1.0292,0.9100,-3.5350,-0.0700
61204114,sitting,-0.0185,-0.0110,1.0294,0.8400,-3.5000,-0.0700
61204133,sitting,-0.0181,-0.0105,1.0294,0.8400,-3.4300,-0.0700
61204152,sitting,-0.0183,-0.0100,1.0299,0.8750,-3.5000,-0.0700
61204171,sitting,-0.0183,-0.0100,1.0292,0.8400,-3.5700,-0.0700
61204191,sitting,-0.0173,-0.0102,1.0297,0.8400,-3.5000,-0.0700
61204210,sitting,-0.0183,-0.0110,1.0299,0.8750,-3.5000,-0.0700
61204229,sitting,-0.0183,-0.0100,1.0304,0.8750,-3.5350,-0.0700
61204248,sitting,-0.0181,-0.0105,1.0307,0.8400,-3.5000,-0.1050
61204267,sitting,-0.0185,-0.0100,1.0297,0.8400,-3.5000,-0.0700
61204287,sitting,-0.0188,-0.0100,1.0294,0.9100,-3.5350,-0.0700
61204306,sitting,-0.0195,-0.0107,1.0292,0.8400,-3.4650,-0.0700
61204325,sitting,-0.0195,-0.0093,1.0294,0.8400,-3.5000,-0.0700
61204344,sitting,-0.0183,-0.0102,1.0297,0.8750,-3.5350,-0.0700
61204364,sitting,-0.0181,-0.0102,1.0297,0.8400,-3.5000,-0.0700
61204383,sitting,-0.0188,-0.0100,1.0297,0.8400,-3.5000,-0.0350
61204402,sitting,-0.0183,-0.0090,1.0304,0.8750,-3.5000,-0.0700
61204421,sitting,-0.0178,-0.0102,1.0299,0.8400,-3.5000,-0.0700
61204441,sitting,-0.0181,-0.0102,1.0299,0.8050,-3.4650,-0.1050
61204460,sitting,-0.0195,-0.0102,1.0292,0.8750,-3.5350,-0.0700
61204479,sitting,-0.0181,-0.0095,1.0297,0.8750,-3.5350,-0.0700
61204498,sitting,-0.0181,-0.0098,1.0299,0.8400,-3.5000,-0.0700
61204517,sitting,-0.0188,-0.0102,1.0287,0.8400,-3.5350,-0.0700
61204537,sitting,-0.0183,-0.0100,1.0292,0.8400,-3.5350,-0.0700
61204556,sitting,-0.0178,-0.0100,1.0307,0.8050,-3.4650,-0.0700
61204575,sitting,-0.0188,-0.0098,1.0299,0.8400,-3.4650,-0.1050
61204594,sitting,-0.0173,-0.0107,1.0299,0.8400,-3.5000,-0.1050
