timestamp_ms,label,acc_x_g,acc_y_g,acc_z_g,gyro_x_dps,gyro_y_dps,gyro_z_dps
61671880,sitting,-1.0089,0.0317,0.0132,0.8400,-3.5000,-0.0700
61671899,sitting,-1.0089,0.0320,0.0127,0.8400,-3.5000,-0.1050
61671918,sitting,-1.0094,0.0315,0.0129,0.8750,-3.5350,-0.0700
61671937,sitting,-1.0097,0.0312,0.0129,0.8400,-3.5000,-0.1050
61671957,sitting,-1.0102,0.0317,0.0122,0.8400,-3.4650,-0.1050
61671976,sitting,-1.0085,0.0334,0.0139,0.8400,-3.5350,-0.0700
61671995,sitting,-1.0085,0.0322,0.0129,0.8050,-3.4650,-0.1050
61672014,sitting,-1.0092,0.0325,0.0124,0.8400,-3.5000,-0.0700
61672034,sitting,-1.0094,0.0315,0.0117,0.8400,-3.5000,-0.0700
61672053,sitting,-1.0099,0.0317,0.0117,0.8400,-3.5000,-0.1050
61672072,sitting,-1.0097,0.0322,0.0129,0.8750,-3.4650,-0.0700
61672091,sitting,-1.0087,0.0327,0.0134,0.8750,-3.5350,0.0000
61672111,sitting,-1.0087,0.0320,0.0120,0.8400,-3.5700,-0.0700
61672130,sitting,-1.0094,0.0317,0.0124,0.8400,-3.5000,-0.0700
61672149,sitting,-1.0099,0.0322,0.0127,0.8750,-3.5350,-0.0700
61672168,sitting,-1.0092,0.0320,0.0139,0.8750,-3.5700,-0.0700
61672187,sitting,-1.0099,0.0320,0.0132,0.8400,-3.5350,-0.0700
61672207,sitting,-1.0099,0.0332,0.0137,0.8400,-3.4300,-0.0700
61672226,sitting,-1.0092,0.0320,0.0129,0.8400,-3.5000,-0.0700
61672245,sitting,-1.0097,0.0322,0.0124,0.8400,-3.4650,-0.0700
61672264,sitting,-1.0099,0.0327,0.0122,0.8400,-3.4300,-0.0700
61672284,sitting,-1.0087,0.0327,0.0129,0.8400,-3.5000,-0.0700
61672303,sitting,-1.0092,0.0312,0.0129,0.8750,-3.6050,-0.0700
61672322,sitting,-1.0094,0.0315,0.0139,0.8400,-3.5000,-0.0700
61672341,sitting,-1.0082,0.0317,0.0129,0.8050,-3.4650,-0.0700
61672361,sitting,-1.0094,0.0322,0.0134,0.9100,-3.5700,-0.0700
61672380,sitting,-1.0102,0.0320,0.0127,0.8400,-3.5700,0.0000
61672399,sitting,-1.0109,0.0322,0.0129,0.8400,-3.5000,-0.1050
61672418,sitting,-1.0089,0.0325,0.0124,0.8750,-3.5350,-0.0700
61672437,sitting,-1.0089,0.0320,0.0124,0.8400,-3.5350,-0.0350
61672457,sitting,-1.0094,0.0317,0.0132,0.8400,-3.5350,-0.0700
61672476,sitting,-1.0092,0.0320,0.0122,0.8400,-3.5350,-0.0700
61672495,sitting,-1.0097,0.0325,0.0127,0.8050,-3.5350,-0.0700
61672514,sitting,-1.0097,0.0327,0.0134,0.8400,-3.4650,-0.0700
61672534,sitting,-1.0094,0.0322,0.0129,0.8400,-3.5000,-0.0700
61672553,sitting,-1.0092,0.0317,0.0134,0.8400,-3.5350,-0.0700
61672572,sitting,-1.0087,0.0317,0.0124,0.8050,-3.5350,-0.0700
61672591,sitting,-1.0099,0.0325,0.0124,0.8400,-3.5000,-0.0350
61672611,sitting,-1.0099,0.0320,0.0127,0.8400,-3.5350,-0.0700
61672630,sitting,-1.0102,0.0310,0.0129,0.8400,-3.5350,-0.1050
61672649,sitting,-1.0102,0.0322,0.0137,0.8400,-3.4650,-0.0700
61672668,sitting,-1.0092,0.0320,0.0122,0.8750,-3.5000,-0.0350
61672687,sitting,-1.0097,0.0312,0.0124,0.9100,-3.5700,-0.0350
61672707,sitting,-1.0094,0.0315,0.0129,0.8400,-3.5000,-0.0700
61672726,sitting,-1.0089,0.0325,0.0120,0.8400,-3.5000,-0.0700
61672745,sitting,-1.0092,0.0325,0.0129,0.8050,-3.5350,-0.0350
61672764,sitting,-1.0097,0.0317,0.0134,0.8400,-3.5000,-0.1050
61672784,sitting,-1.0094,0.0320,0.0134,0.8400,-3.5350,-0.0350
61672803,sitting,-1.0094,0.0317,0.0122,0.8750,-3.5700,-0.0700
61672822,sitting,-1.0102,0.0317,0.0127,0.8400,-3.5000,-0.0350
61672841,sitting,-1.0094,0.0315,0.0132,0.8750,-3.4650,-0.0700
61672861,sitting,-1.0094,0.0315,0.0127,0.8750,-3.5000,-0.0350
61672880,sitting,-1.0094,0.0325,0.0124,0.8400,-3.5350,-0.0700
61672899,sitting,-1.0106,0.0329,0.0132,0.8050,-3.4650,-0.1050
61672918,sitting,-1.0092,0.0322,0.0129,0.8750,-3.5350,-0.0350
61672937,sitting,-1.0094,0.0312,0.0137,0.8400,-3.5000,-0.0350
61672957,sitting,-1.0092,0.0317,0.0132,0.8400,-3.5000,-0.1050
61672976,sitting,-1.0102,0.0329,0.0129,0.8750,-3.5350,-0.0700
61672995,sitting,-1.0097,0.0317,0.0134,0.8750,-3.5700,0.0000
61673014,sitting,-1.0097,0.0327,0.0139,0.8050,-3.5000,-0.1400
61673034,sitting,-1.0099,0.0325,0.0134,0.8400,-3.4650,-0.0700
61673053,sitting,-1.0094,0.0325,0.0127,0.8750,-3.5000,-0.0700
61673072,sitting,-1.0094,0.0320,0.0127,0.8750,-3.5350,-0.0700
61673091,sitting,-1.0092,0.0310,0.0134,0.8400,-3.5000,-0.0700
61673111,sitting,-1.0085,0.0315,0.0124,0.8400,-3.5350,-0.0700
61673130,sitting,-1.0092,0.0317,0.0117,0.8400,-3.5350,-0.0350
61673149,sitting,-1.0082,0.0317,0.0124,0.8400,-3.5000,-0.0700
61673168,sitting,-1.0085,0.0310,0.0129,0.9100,-3.5700,-0.0350
61673187,sitting,-1.0087,0.0327,0.0127,0.8400,-3.5700,-0.0700
61673207,sitting,-1.0099,0.0332,0.0134,0.8050,-3.5000,-0.0700
61673226,sitting,-1.0099,0.0317,0.0129,0.8400,-3.5350,-0.0700
61673245,sitting,-1.0094,0.0315,0.0122,0.8750,-3.5700,-0.0350
61673264,sitting,-1.0087,0.0322,0.0122,0.8750,-3.5350,-0.0700
61673284,sitting,-1.0087,0.0327,0.0124,0.8400,-3.5000,-0.0350
61673303,sitting,-1.0087,0.0322,0.0110,0.8400,-3.5000,-0.0700
61673322,sitting,-1.0085,0.0322,0.0122,0.8400,-3.5000,-0.0700
61673341,sitting,-1.0094,0.0325,0.0134,0.7700,-3.5000,-0.0700
61673361,sitting,-1.0097,0.0322,0.0129,0.8750,-3.5000,-0.1050
61673380,sitting,-1.0089,0.0317,0.0122,0.8750,-3.5700,-0.0700
61673399,sitting,-1.0092,0.0320,0.0122,0.8400,-3.5000,-0.0700
61673418,sitting,-1.0092,0.0312,0.0127,0.8750,-3.5350,-0.0700
61673437,sitting,-1.0092,0.0310,0.0132,0.8400,-3.5700,-0.0700
61673457,sitting,-1.0099,0.0317,0.0127,0.8400,-3.5000,-0.0700
61673476,sitting,-1.0097,0.0320,0.0134,0.8050,-3.5700,-0.1050
61673495,sitting,-1.0102,0.0315,0.0134,0.8400,-3.5700,-0.0350
61673514,sitting,-1.0094,0.0315,0.0129,0.8050,-3.5350,-0.0350
61673534,sitting,-1.0099,0.0322,0.0127,0.8400,-3.5000,-0.0350
61673553,sitting,-1.0094,0.0320,0.0122,0.8400,-3.5000,0.0000
61673572,sitting,-1.0102,0.0317,0.0129,0.8750,-3.5700,-0.0700
61673591,sitting,-1.0087,0.0317,0.0127,0.8400,-3.5000,-0.0700
61673611,sitting,-1.0092,0.0320,0.0129,0.8750,-3.5350,-0.0700
61673630,sitting,-1.0085,0.0315,0.0129,0.8400,-3.5000,-0.0350
61673649,sitting,-1.0092,0.0320,0.0132,0.8050,-3.4300,-0.1050
61673668,sitting,-1.0102,0.0320,0.0132,0.8750,-3.5000,-0.0700
61673687,sitting,-1.0097,0.0320,0.0134,0.9100,-3.5700,-0.0700
61673707,sitting,-1.0104,0.0320,0.0132,0.8400,-3.4650,-0.0350
61673726,sitting,-1.0097,0.0320,0.0142,0.8400,-3.5000,-0.0700
61673745,sitting,-1.0094,0.0322,0.0134,0.8400,-3.5000,-0.0700
61673764,sitting,-1.0087,0.0317,0.0129,0.8750,-3.5350,-0.0700
61673784,sitting,-1.0097,0.0315,0.0127,0.8400,-3.5000,-0.0700
61673803,sitting,-1.0089,0.0320,0.0124,0.8400,-3.5350,-0.0350
61673822,sitting,-1.0104,0.0320,0.0124,0.8750,-3.5350,-0.0700
61673841,sitting,-1.0097,0.0310,0.0132,0.8400,-3.5000,-0.0700
61673861,sitting,-1.0104,0.0322,0.0124,0.8400,-3.6050,-0.0700
61673880,sitting,-1.0094,0.0325,0.0134,0.8400,-3.5350,-0.0700
61673899,sitting,-1.0092,0.0320,0.0129,0.8400,-3.5350,0.0000
61673918,sitting,-1.0085,0.0325,0.0124,0.8400,-3.5000,0.0000
61673937,sitting,-1.0087,0.0320,0.0127,0.8750,-3.5000,-0.0700
61673957,sitting,-1.0089,0.0320,0.0124,0.8750,-3.5000,-0.0700
61673976,sitting,-1.0097,0.0315,0.0132,0.8400,-3.5000,-0.0700
61673995,sitting,-1.0116,0.0317,0.0120,0.8750,-3.5350,0.0000
61674014,sitting,-1.0106,0.0317,0.0127,0.8400,-3.5350,-0.0700
61674034,sitting,-1.0097,0.0322,0.0129,0.8400,-3.5350,-0.1050
61674053,sitting,-1.0099,0.0322,0.0127,0.8400,-3.5000,-0.0700
61674072,sitting,-1.0094,0.0320,0.0134,0.8400,-3.5000,-0.0700
61674091,sitting,-1.0094,0.0325,0.0124,0.9100,-3.5350,0.0000
61674111,sitting,-1.0099,0.0315,0.0129,0.8400,-3.5350,-0.0700
61674130,sitting,-1.0087,0.0327,0.0127,0.8750,-3.5350,-0.0700
61674149,sitting,-1.0087,0.0320,0.0127,0.8750,-3.5000,-0.0700
61674168,sitting,-1.0089,0.0320,0.0124,0.8750,-3.5000,-0.0350
61674187,sitting,-1.0092,0.0317,0.0132,0.8750,-3.5350,-0.0350
61674207,sitting,-1.0087,0.0317,0.0134,0.8400,-3.5000,-0.0700
61674226,sitting,-1.0087,0.0317,0.0129,0.8050,-3.5000,-0.0700
61674245,sitting,-1.0094,0.0315,0.0137,0.8400,-3.5000,-0.0700
61674264,sitting,-1.0092,0.0317,0.0144,0.8750,-3.5700,-0.0700
61674284,sitting,-1.0104,0.0320,0.0132,0.8400,-3.5000,-0.0700
61674303,sitting,-1.0089,0.0320,0.0129,0.8400,-3.5000,-0.0350
61674322,sitting,-1.0082,0.0329,0.0127,0.8400,-3.5350,-0.0350
61674341,sitting,-1.0092,0.0317,0.0137,0.8400,-3.5350,-0.0350
61674361,sitting,-1.0089,0.0320,0.0139,0.8400,-3.5350,-0.0700
61674380,sitting,-1.0097,0.0325,0.0127,0.8750,-3.5350,-0.0350
61674399,sitting,-1.0092,0.0332,0.0137,0.8750,-3.5000,-0.0700
61674418,sitting,-1.0085,0.0325,0.0132,0.7700,-3.5000,-0.1050
61674437,sitting,-1.0092,0.0322,0.0127,0.8400,-3.5700,-0.0700
61674457,sitting,-1.0087,0.0322,0.0134,0.9100,-3.5700,-0.0700
61674476,sitting,-1.0092,0.0312,0.0117,0.8400,-3.5000,-0.0350
61674495,sitting,-1.0099,0.0312,0.0137,0.8400,-3.5700,-0.0350
61674514,sitting,-1.0097,0.0322,0.0132,0.8750,-3.5000,-0.0700
61674534,sitting,-1.0089,0.0317,0.0127,0.8050,-3.5000,-0.0350
61674553,sitting,-1.0087,0.0317,0.0129,0.8750,-3.5000,-0.0350
61674572,sitting,-1.0094,0.0320,0.0132,0.8750,-3.5700,-0.0700
61674591,sitting,-1.0099,0.0317,0.0127,0.8400,-3.5000,-0.1050
61674611,sitting,-1.0099,0.0322,0.0132,0.8400,-3.5000,-0.0700
61674630,sitting,-1.0087,0.0327,0.0129,0.8400,-3.5700,-0.0700
61674649,sitting,-1.0085,0.0315,0.0129,0.8400,-3.5000,-0.0350
61674668,sitting,-1.0092,0.0320,0.0129,0.8400,-3.4650,-0.0700
61674687,sitting,-1.0089,0.0317,0.0132,0.8400,-3.5350,-0.0350
61674707,sitting,-1.0092,0.0317,0.0127,0.8400,-3.5350,0.0000
61674726,sitting,-1.0089,0.0317,0.0129,0.8400,-3.5350,-0.0700
61674745,sitting,-1.0082,0.0320,0.0132,0.8750,-3.5000,-0.0350
61674764,sitting,-1.0094,0.0315,0.0129,0.9100,-3.5700,-0.0700
61674784,sitting,-1.0092,0.0317,0.0120,0.8750,-3.5000,-0.0700
61674803,sitting,-1.0094,0.0322,0.0132,0.8400,-3.5000,-0.0350
61674822,sitting,-1.0089,0.0320,0.0132,0.8400,-3.5350,-0.0700
61674841,sitting,-1.0097,0.0320,0.0129,0.8400,-3.5700,0.0000
61674861,sitting,-1.0089,0.0325,0.0124,0.8400,-3.5350,0.0000
61674880,sitting,-1.0082,0.0315,0.0127,0.9100,-3.5700,-0.0700
61674899,sitting,-1.0089,0.0322,0.0124,0.8750,-3.5000,-0.0700
61674918,sitting,-1.0094,0.0320,0.0124,0.8400,-3.5000,-0.0700
61674937,sitting,-1.0099,0.0325,0.0129,0.8400,-3.5000,-0.0700
61674957,sitting,-1.0099,0.0320,0.0127,0.8400,-3.5000,-0.0350
61674976,sitting,-1.0082,0.0320,0.0127,0.8400,-3.5000,-0.0700
61674995,sitting,-1.0085,0.0322,0.0120,0.8400,-3.5700,0.0000
61675014,sitting,-1.0089,0.0327,0.0117,0.8750,-3.5350,-0.0700
61675034,sitting,-1.0092,0.0325,0.0122,0.8750,-3.5350,-0.0350
61675053,sitting,-1.0089,0.0327,0.0124,0.8400,-3.5000,-0.0700
61675072,sitting,-1.0099,0.0317,0.0127,0.8750,-3.5350,-0.0700
61675091,sitting,-1.0097,0.0329,0.0134,0.8400,-3.5350,-0.0700
61675111,sitting,-1.0087,0.0317,0.0129,0.8400,-3.5000,-0.0700
61675130,sitting,-1.0087,0.0325,0.0139,0.8400,-3.5350,-0.0700
61675149,sitting,-1.0097,0.0317,0.0134,0.8750,-3.5350,-0.0350
61675168,sitting,-1.0092,0.0325,0.0132,0.8400,-3.4650,-0.0700
61675187,sitting,-1.0099,0.0322,0.0127,0.8400,-3.5000,-0.0700
61675207,sitting,-1.0097,0.0322,0.0124,0.8750,-3.5000,-0.0700
61675226,sitting,-1.0089,0.0312,0.0124,0.7700,-3.4650,-0.0700
61675245,sitting,-1.0087,0.0315,0.0117,0.8400,-3.5700,-0.0700
61675264,sitting,-1.0092,0.0320,0.0115,0.8750,-3.5700,-0.0350
61675284,sitting,-1.0094,0.0322,0.0132,0.8750,-3.5350,-0.0350
61675303,sitting,-1.0087,0.0320,0.0122,0.8400,-3.5000,-0.0700
61675322,sitting,-1.0087,0.0332,0.0129,0.9100,-3.5700,0.0000
61675341,sitting,-1.0094,0.0325,0.0129,0.8750,-3.5350,-0.0350
61675361,sitting,-1.0087,0.0317,0.0127,0.8400,-3.4650,-0.1050
61675380,sitting,-1.0094,0.0310,0.0132,0.8750,-3.5350,-0.0350
61675399,sitting,-1.0097,0.0322,0.0137,0.8750,-3.5700,-0.0350
61675418,sitting,-1.0099,0.0320,0.0134,0.8050,-3.4650,-0.0700
61675437,sitting,-1.0089,0.0315,0.0129,0.8400,-3.5000,-0.0700
61675457,sitting,-1.0089,0.0317,0.0132,0.8400,-3.5000,-0.0700
61675476,sitting,-1.0082,0.0320,0.0127,0.8400,-3.5350,-0.0700
61675495,sitting,-1.0080,0.0315,0.0132,0.8400,-3.5000,-0.0350
61675514,sitting,-1.0092,0.0317,0.0132,0.8400,-3.5000,-0.0700
61675534,sitting,-1.0094,0.0312,0.0137,0.9100,-3.5350,-0.0350
61675553,sitting,-1.0094,0.0325,0.0134,0.8400,-3.5000,-0.0350
61675572,sitting,-1.0087,0.0320,0.0132,0.8400,-3.5350,-0.0700
61675591,sitting,-1.0087,0.0317,0.0137,0.8400,-3.5350,-0.0700
61675611,sitting,-1.0085,0.0325,0.0134,0.8400,-3.5000,-0.0700
61675630,sitting,-1.0094,0.0317,0.0127,0.8400,-3.5350,-0.0700
61675649,sitting,-1.0094,0.0320,0.0129,0.8400,-3.5700,-0.1050
61675668,sitting,-1.0104,0.0317,0.0124,0.8400,-3.5000,-0.0700
61675687,sitting,-1.0102,0.0320,0.0129,0.8050,-3.4650,-0.0700
61675707,sitting,-1.0106,0.0325,0.0137,0.8400,-3.5000,-0.0350
61675726,sitting,-1.0087,0.0329,0.0137,0.8400,-3.5000,-0.0700
61675745,sitting,-1.0097,0.0322,0.0132,0.8400,-3.5000,-0.0700
61675764,sitting,-1.0094,0.0329,0.0132,0.8750,-3.5700,0.0000
61675784,sitting,-1.0087,0.0327,0.0129,0.9100,-3.5000,-0.0350
61675803,sitting,-1.0097,0.0317,0.0122,0.8400,-3.4650,-0.0700
61675822,sitting,-1.0097,0.0327,0.0129,0.8400,-3.5000,-0.0700
61675841,sitting,-1.0094,0.0327,0.0124,0.8400,-3.5350,-0.0700
61675861,sitting,-1.0087,0.0317,0.0124,0.8400,-3.5000,-0.0350
61675880,sitting,-1.0087,0.0315,0.0144,0.8750,-3.5000,-0.0350
61675899,sitting,-1.0092,0.0315,0.0129,0.8400,-3.5350,-0.0350
61675918,sitting,-1.0089,0.0320,0.0124,0.9100,-3.5350,-0.0700
61675937,sitting,-1.0094,0.0320,0.0132,0.8400,-3.5350,-0.0350
61675957,sitting,-1.0089,0.0317,0.0146,0.8750,-3.5350,-0.0700
61675976,sitting,-1.0085,0.0332,0.0137,0.8750,-3.5700,-0.0700
61675995,sitting,-1.0094,0.0315,0.0142,0.8400,-3.5000,-0.0350
61676014,sitting,-1.0092,0.0317,0.0129,0.8400,-3.5700,0.0000
61676034,sitting,-1.0097,0.0312,0.0127,0.8750,-3.5350,-0.0700
61676053,sitting,-1.0094,0.0317,0.0132,0.8400,-3.5350,-0.0700
61676072,sitting,-1.0097,0.0320,0.0129,0.8750,-3.5350,-0.0700
61676091,sitting,-1.0094,0.0320,0.0129,0.8750,-3.5000,-0.0700
61676111,sitting,-1.0097,0.0322,0.0127,0.8050,-3.4300,-0.0700
61676130,sitting,-1.0094,0.0322,0.0129,0.8050,-3.4650,-0.0700
61676149,sitting,-1.0092,0.0320,0.0137,0.8750,-3.5350,-0.0700
61676168,sitting,-1.0094,0.0312,0.0132,0.8400,-3.5000,-0.0700
61676187,sitting,-1.0097,0.0320,0.0139,0.8400,-3.5000,-0.0700
61676207,sitting,-1.0080,0.0317,0.0129,0.8400,-3.5350,-0.0700
61676226,sitting,-1.0092,0.0325,0.0127,0.8050,-3.5000,-0.1050
61676245,sitting,-1.0097,0.0327,0.0142,0.8050,-3.5000,-0.1050
61676264,sitting,-1.0087,0.0320,0.0127,0.8750,-3.5350,-0.0350
61676284,sitting,-1.0092,0.0320,0.0127,0.8750,-3.5000,-0.0350
61676303,sitting,-1.0097,0.0317,0.0139,0.8400,-3.5350,-0.1050
61676322,sitting,-1.0089,0.0317,0.0129,0.8750,-3.5350,-0.0700
61676341,sitting,-1.0094,0.0322,0.0137,0.8050,-3.5350,-0.0350
61676361,sitting,-1.0094,0.0322,0.0129,0.8750,-3.5000,-0.1050
61676380,sitting,-1.0099,0.0329,0.0129,0.8400,-3.5000,-0.0350
61676399,sitting,-1.0087,0.0315,0.0127,0.8400,-3.5350,-0.0700
61676418,sitting,-1.0106,0.0320,0.0137,0.8400,-3.5350,0.0000
61676437,sitting,-1.0089,0.0317,0.0139,0.8400,-3.5700,-0.0350
61676457,sitting,-1.0092,0.0320,0.0129,0.8400,-3.5350,-0.0700
61676476,sitting,-1.0099,0.0315,0.0129,0.8400,-3.5000,-0.0700
61676495,sitting,-1.0102,0.0325,0.0117,0.7700,-3.4650,-0.0700
61676514,sitting,-1.0085,0.0329,0.0134,0.8400,-3.5000,-0.0350
61676534,sitting,-1.0085,0.0327,0.0132,0.9100,-3.5700,-0.0700
61676553,sitting,-1.0087,0.0322,0.0127,0.8050,-3.4650,-0.0350
61676572,sitting,-1.0087,0.0327,0.0124,0.8400,-3.5000,0.0000
61676591,sitting,-1.0094,0.0325,0.0132,0.8400,-3.5350,-0.0700
61676611,sitting,-1.0087,0.0315,0.0134,0.8400,-3.4650,-0.0700
61676630,sitting,-1.0099,0.0310,0.0132,0.8400,-3.5000,-0.1050
61676649,sitting,-1.0094,0.0320,0.0129,0.8400,-3.5000,-0.0700
61676668,sitting,-1.0099,0.0327,0.0120,0.8750,-3.5700,-0.0350
61676687,sitting,-1.0082,0.0329,0.0124,0.8400,-3.5000,-0.0350
61676707,sitting,-1.0094,0.0317,0.0127,0.8400,-3.5000,-0.0350
61676726,sitting,-1.0092,0.0310,0.0132,0.8750,-3.5700,-0.0700
61676745,sitting,-1.0094,0.0310,0.0134,0.8400,-3.5000,-0.0700
61676764,sitting,-1.0089,0.0327,0.0124,0.8400,-3.5350,0.0000
61676784,sitting,-1.0085,0.0322,0.0134,0.8750,-3.5700,-0.0700
61676803,sitting,-1.0092,0.0317,0.0122,0.8400,-3.4650,-0.0350
61676822,sitting,-1.0094,0.0327,0.0129,0.8750,-3.5000,-0.0700
61676841,sitting,-1.0089,0.0329,0.0132,0.9100,-3.5000,-0.0700
61676861,sitting,-1.0094,0.0322,0.0139,0.8750,-3.5700,-0.0350
61676880,sitting,-1.0089,0.0325,0.0132,0.8400,-3.4300,-0.0700
61676899,sitting,-1.0094,0.0315,0.0127,0.8750,-3.5350,-0.1050
61676918,sitting,-1.0094,0.0320,0.0134,0.8400,-3.5700,-0.0700
61676937,sitting,-1.0094,0.0322,0.0137,0.8050,-3.5000,-0.0700
61676957,sitting,-1.0097,0.0322,0.0134,0.8400,-3.5000,-0.0700
61676976,sitting,-1.0097,0.0317,0.0134,0.8750,-3.5700,-0.0700
61676995,sitting,-1.0094,0.0320,0.0132,0.8400,-3.5000,-0.0700
61677014,sitting,-1.0089,0.0315,0.0127,0.8400,-3.5350,-0.0350
61677034,sitting,-1.0092,0.0320,0.0134,0.9100,-3.5700,-0.0700
61677053,sitting,-1.0089,0.0310,0.0137,0.8400,-3.5350,-0.1400
61677072,sitting,-1.0099,0.0312,0.0132,0.8400,-3.5000,-0.0700
61677091,sitting,-1.0099,0.0310,0.0124,0.9100,-3.5000,-0.0700
61677111,sitting,-1.0092,0.0315,0.0129,0.8050,-3.5350,-0.0700
61677130,sitting,-1.0089,0.0327,0.0129,0.8400,-3.5350,-0.0700
61677149,sitting,-1.0094,0.0329,0.0117,0.8050,-3.4650,-0.0700
61677168,sitting,-1.0102,0.0325,0.0124,0.8750,-3.5000,-0.0700
61677187,sitting,-1.0085,0.0327,0.0122,0.8400,-3.4300,-0.1050
61677207,sitting,-1.0082,0.0317,0.0129,0.8050,-3.5000,-0.0700
61677226,sitting,-1.0089,0.0317,0.0124,0.8750,-3.5000,-0.0700
61677245,sitting,-1.0089,0.0320,0.0134,0.8400,-3.4650,-0.0700
61677264,sitting,-1.0097,0.0320,0.0134,0.8050,-3.5000,-0.0700
61677284,sitting,-1.0092,0.0327,0.0127,0.8400,-3.5700,-0.0350
61677303,sitting,-1.0097,0.0317,0.0127,0.8400,-3.5350,0.0000
61677322,sitting,-1.0089,0.0322,0.0124,0.8750,-3.5350,-0.0700
61677341,sitting,-1.0094,0.0325,0.0129,0.8750,-3.5350,-0.0700
61677361,sitting,-1.0089,0.0317,0.0129,0.8400,-3.5000,-0.0700
61677380,sitting,-1.0092,0.0320,0.0134,0.8050,-3.5000,-0.1400
61677399,sitting,-1.0089,0.0327,0.0127,0.8400,-3.5350,-0.1050
61677418,sitting,-1.0089,0.0310,0.0142,0.8400,-3.5700,-0.0700
61677437,sitting,-1.0092,0.0317,0.0127,0.8400,-3.5350,-0.0700
61677457,sitting,-1.0080,0.0320,0.0134,0.8400,-3.5000,-0.0350
61677476,sitting,-1.0097,0.0315,0.0137,0.8400,-3.5350,-0.0350
61677495,sitting,-1.0097,0.0317,0.0137,0.8400,-3.5350,-0.0700
61677514,sitting,-1.0102,0.0322,0.0139,0.8050,-3.5000,-0.0700
61677534,sitting,-1.0094,0.0317,0.0132,0.9100,-3.5350,-0.0700
61677553,sitting,-1.0099,0.0320,0.0132,0.8400,-3.5350,-0.0350
61677572,sitting,-1.0092,0.0317,0.0139,0.8400,-3.5000,-0.0700
61677591,sitting,-1.0094,0.0320,0.0132,0.8750,-3.5000,-0.0700
61677611,sitting,-1.0094,0.0312,0.0129,0.8400,-3.5350,-0.1050
61677630,sitting,-1.0089,0.0327,0.0129,0.8750,-3.5000,-0.0700
61677649,sitting,-1.0092,0.0315,0.0120,0.8050,-3.5000,-0.0700
61677668,sitting,-1.0085,0.0320,0.0129,0.8400,-3.5350,-0.0700
61677687,sitting,-1.0094,0.0325,0.0132,0.8750,-3.5350,-0.0700
61677707,sitting,-1.0085,0.0327,0.0137,0.8400,-3.5000,-0.0700
61677726,sitting,-1.0102,0.0317,0.0132,0.8400,-3.5700,-0.0700
61677745,sitting,-1.0114,0.0315,0.0120,0.8400,-3.5000,-0.1050
61677764,sitting,-1.0099,0.0322,0.0137,0.8400,-3.4300,-0.0700
61677784,sitting,-1.0094,0.0320,0.0120,0.9100,-3.5350,-0.0700
61677803,sitting,-1.0099,0.0315,0.0120,0.8750,-3.5350,-0.0700
61677822,sitting,-1.0089,0.0317,0.0134,0.8400,-3.5000,-0.0700
61677841,sitting,-1.0089,0.0320,0.0132,0.8750,-3.5000,-0.0700
61677861,sitting,-1.0089,0.0325,0.0132,0.8050,-3.5350,-0.0700
61677880,sitting,-1.0094,0.0325,0.0124,0.8400,-3.5000,-0.0700
61677899,sitting,-1.0085,0.0315,0.0129,0.8400,-3.5000,0.0000
61677918,sitting,-1.0089,0.0322,0.0129,0.9100,-3.5350,-0.0350
61677937,sitting,-1.0094,0.0322,0.0132,0.8050,-3.5000,-0.0350
61677957,sitting,-1.0097,0.0317,0.0132,0.8400,-3.5350,-0.0700
61677976,sitting,-1.0085,0.0317,0.0142,0.8400,-3.5000,-0.0350
61677995,sitting,-1.0094,0.0322,0.0127,0.8750,-3.5700,-0.0350
61678014,sitting,-1.0089,0.0327,0.0142,0.8400,-3.5000,-0.0350
61678034,sitting,-1.0087,0.0322,0.0129,0.8750,-3.5000,-0.0350
61678053,sitting,-1.0099,0.0315,0.0129,0.8400,-3.5350,-0.0700
61678072,sitting,-1.0099,0.0320,0.0122,0.8400,-3.5000,0.0000
61678091,sitting,-1.0092,0.0325,0.0127,0.8400,-3.5350,-0.0700
61678111,sitting,-1.0087,0.0320,0.0127,0.8750,-3.5700,0.0000
61678130,sitting,-1.0082,0.0322,0.0132,0.8400,-3.5000,-0.0700
61678149,sitting,-1.0089,0.0322,0.0127,0.8400,-3.4650,-0.0350
61678168,sitting,-1.0089,0.0322,0.0127,0.8400,-3.5350,-0.0700
61678187,sitting,-1.0087,0.0312,0.0134,0.8400,-3.5350,-0.0700
61678207,sitting,-1.0099,0.0317,0.0134,0.8400,-3.4650,-0.1050
61678226,sitting,-1.0094,0.0315,0.0127,0.8400,-3.5000,-0.0700
61678245,sitting,-1.0092,0.0322,0.0132,0.8750,-3.5000,-0.0700
61678264,sitting,-1.0094,0.0322,0.0132,0.8400,-3.5000,-0.0700
61678284,sitting,-1.0089,0.0320,0.0139,0.8050,-3.5350,-0.0700
61678303,sitting,-1.0089,0.0317,0.0144,0.8750,-3.5350,-0.0700
61678322,sitting,-1.0099,0.0327,0.0129,0.8050,-3.5000,-0.0700
61678341,sitting,-1.0097,0.0322,0.0134,0.8400,-3.5350,-0.0700
61678361,sitting,-1.0099,0.0320,0.0139,0.8750,-3.5350,-0.0700
61678380,sitting,-1.0089,0.0317,0.0142,0.8400,-3.5000,-0.0700
61678399,sitting,-1.0092,0.0325,0.0129,0.8400,-3.5000,-0.0700
61678418,sitting,-1.0087,0.0325,0.0134,0.8750,-3.5350,0.0000
61678437,sitting,-1.0097,0.0320,0.0137,0.8400,-3.5000,-0.0700
61678457,sitting,-1.0089,0.0325,0.0129,0.8400,-3.5000,-0.1050
61678476,sitting,-1.0092,0.0317,0.0132,0.8400,-3.5350,-0.0700
61678495,sitting,-1.0089,0.0322,0.0134,0.8400,-3.5350,-0.0700
61678514,sitting,-1.0097,0.0320,0.0142,0.8050,-3.5000,-0.1050
61678534,sitting,-1.0094,0.0320,0.0132,0.8400,-3.5000,-0.1050
61678553,sitting,-1.0102,0.0322,0.0137,0.8400,-3.5350,-0.1050
61678572,sitting,-1.0085,0.0312,0.0132,0.8400,-3.4650,-0.1050
61678591,sitting,-1.0087,0.0320,0.0124,0.8050,-3.5000,-0.0700
61678611,sitting,-1.0097,0.0317,0.0132,0.8400,-3.5000,-0.0700
61678630,sitting,-1.0097,0.0322,0.0132,0.8750,-3.5700,-0.0700
61678649,sitting,-1.0104,0.0322,0.0132,0.8050,-3.5000,-0.0700
61678668,sitting,-1.0094,0.0317,0.0127,0.8400,-3.5000,-0.0700
61678687,sitting,-1.0089,0.0320,0.0127,0.8400,-3.5350,0.0000
61678707,sitting,-1.0099,0.0315,0.0142,0.8400,-3.4650,-0.0700
61678726,sitting,-1.0087,0.0320,0.0132,0.9100,-3.5700,-0.0700
61678745,sitting,-1.0089,0.0320,0.0127,0.8750,-3.5700,-0.0700
61678764,sitting,-1.0092,0.0329,0.0137,0.8400,-3.5000,-0.0700
61678784,sitting,-1.0089,0.0320,0.0129,0.8400,-3.5000,-0.0350
61678803,sitting,-1.0094,0.0317,0.0139,0.8750,-3.5350,-0.0700
61678822,sitting,-1.0099,0.0317,0.0127,0.8750,-3.5350,-0.0350
61678841,sitting,-1.0097,0.0322,0.0122,0.8050,-3.5000,-0.0700
61678861,sitting,-1.0089,0.0325,0.0132,0.8750,-3.5000,-0.0700
61678880,sitting,-1.0102,0.0315,0.0132,0.8400,-3.5700,-0.0700
61678899,sitting,-1.0102,0.0325,0.0134,0.8400,-3.5000,-0.0700
61678918,sitting,-1.0087,0.0320,0.0137,0.9100,-3.5350,-0.0700
61678937,sitting,-1.0082,0.0320,0.0129,0.8400,-3.5000,-0.0700
61678957,sitting,-1.0102,0.0322,0.0127,0.8050,-3.5000,-0.0700
61678976,sitting,-1.0097,0.0317,0.0137,0.8400,-3.5000,-0.1050
61678995,sitting,-1.0097,0.0317,0.0129,0.8400,-3.5350,-0.0350
61679014,sitting,-1.0092,0.0320,0.0137,0.8400,-3.4650,0.0000
61679034,sitting,-1.0087,0.0322,0.0132,0.8750,-3.5000,-0.0700
61679053,sitting,-1.0097,0.0320,0.0134,0.8400,-3.5000,-0.0700
61679072,sitting,-1.0104,0.0327,0.0134,0.8050,-3.5000,-0.0700
61679091,sitting,-1.0099,0.0322,0.0132,0.8400,-3.5000,-0.0700
61679111,sitting,-1.0092,0.0322,0.0137,0.8400,-3.5700,-0.0700
61679130,sitting,-1.0085,0.0315,0.0124,0.8750,-3.5350,-0.0350
61679149,sitting,-1.0089,0.0317,0.0129,0.8400,-3.5000,-0.0700
61679168,sitting,-1.0099,0.0320,0.0137,0.8750,-3.5350,-0.0700
61679187,sitting,-1.0087,0.0325,0.0124,0.8400,-3.5000,-0.0700
61679207,sitting,-1.0087,0.0320,0.0132,0.8750,-3.5000,-0.0700
61679226,sitting,-1.0089,0.0322,0.0129,0.8400,-3.4650,-0.0700
61679245,sitting,-1.0099,0.0327,0.0127,0.8400,-3.5000,-0.0700
61679264,sitting,-1.0097,0.0317,0.0124,0.8050,-3.4650,-0.0700
61679284,sitting,-1.0102,0.0312,0.0132,0.8400,-3.5000,-0.0700
61679303,sitting,-1.0087,0.0322,0.0132,0.8400,-3.5700,-0.0700
61679322,sitting,-1.0097,0.0325,0.0142,0.8050,-3.5700,-0.0700
61679341,sitting,-1.0087,0.0320,0.0129,0.8400,-3.5000,-0.1050
61679361,sitting,-1.0087,0.0315,0.0139,0.8750,-3.5700,-0.1050
61679380,sitting,-1.0082,0.0310,0.0137,0.9100,-3.5350,-0.0700
61679399,sitting,-1.0087,0.0325,0.0132,0.8750,-3.5700,-0.0700
61679418,sitting,-1.0099,0.0325,0.0112,0.8400,-3.5000,-0.0700
61679437,sitting,-1.0097,0.0329,0.0122,0.8750,-3.5350,-0.0700
61679457,sitting,-1.0097,0.0325,0.0132,0.8400,-3.5000,-0.0350
61679476,sitting,-1.0099,0.0322,0.0127,0.8400,-3.5000,-0.0700
61679495,sitting,-1.0089,0.0320,0.0134,0.9100,-3.5700,-0.0350
61679514,sitting,-1.0089,0.0320,0.0134,0.8750,-3.5350,-0.0700
61679534,sitting,-1.0097,0.0322,0.0132,0.8400,-3.5000,-0.0700
61679553,sitting,-1.0094,0.0320,0.0132,0.8400,-3.5350,-0.0700
61679572,sitting,-1.0097,0.0325,0.0137,0.8400,-3.5000,-0.0700
61679591,sitting,-1.0087,0.0332,0.0137,0.8400,-3.5350,-0.1050
61679611,sitting,-1.0089,0.0325,0.0134,0.8400,-3.5000,-0.0700
61679630,sitting,-1.0092,0.0320,0.0132,0.8050,-3.5000,-0.0350
61679649,sitting,-1.0094,0.0322,0.0134,0.8050,-3.4650,-0.0700
61679668,sitting,-1.0092,0.0325,0.0139,0.8400,-3.5350,-0.1050
61679687,sitting,-1.0087,0.0315,0.0137,0.8400,-3.5700,-0.0700
61679707,sitting,-1.0097,0.0320,0.0127,0.8400,-3.5000,-0.0700
61679726,sitting,-1.0102,0.0332,0.0137,0.8050,-3.5000,-0.0700
61679745,sitting,-1.0094,0.0320,0.0127,0.8050,-3.5700,-0.0700
61679764,sitting,-1.0087,0.0310,0.0124,0.8750,-3.5000,-0.0350
61679784,sitting,-1.0104,0.0312,0.0122,0.8400,-3.5000,-0.0700
61679803,sitting,-1.0097,0.0322,0.0120,0.8400,-3.5000,-0.0700
61679822,sitting,-1.0094,0.0310,0.0129,0.8400,-3.5000,-0.1050
61679841,sitting,-1.0102,0.0320,0.0132,0.8750,-3.5350,-0.0700
61679861,sitting,-1.0102,0.0317,0.0132,0.8400,-3.5000,-0.0350
61679880,sitting,-1.0094,0.0320,0.0137,0.8400,-3.5350,-0.0350
61679899,sitting,-1.0085,0.0325,0.0129,0.9100,-3.5000,-0.0700
61679918,sitting,-1.0089,0.0325,0.0129,0.8400,-3.5000,-0.0700
61679937,sitting,-1.0097,0.0315,0.0129,0.8750,-3.5700,-0.0350
61679957,sitting,-1.0087,0.0320,0.0124,0.8400,-3.5000,-0.0700
61679976,sitting,-1.0092,0.0322,0.0127,0.8400,-3.5000,-0.1400
61679995,sitting,-1.0085,0.0320,0.0137,0.8400,-3.5350,-0.0700
61680014,sitting,-1.0089,0.0322,0.0137,0.8750,-3.5350,-0.0700
61680034,sitting,-1.0092,0.0317,0.0127,0.8400,-3.5000,-0.0700
61680053,sitting,-1.0089,0.0315,0.0127,0.8400,-3.5350,-0.0350
61680072,sitting,-1.0097,0.0315,0.0124,0.9100,-3.5350,-0.0700
61680091,sitting,-1.0094,0.0320,0.0129,0.8400,-3.5000,-0.0350
61680111,sitting,-1.0092,0.0325,0.0127,0.8400,-3.5000,-0.0700
61680130,sitting,-1.0097,0.0320,0.0139,0.8750,-3.5350,-0.0700
61680149,sitting,-1.0094,0.0322,0.0127,0.8050,-3.5350,-0.0700
61680168,sitting,-1.0092,0.0320,0.0124,0.8050,-3.5000,-0.0700
61680187,sitting,-1.0092,0.0320,0.0124,0.8400,-3.5700,-0.0350
61680207,sitting,-1.0094,0.0322,0.0124,0.8400,-3.5000,-0.0350
61680226,sitting,-1.0097,0.0322,0.0134,0.8050,-3.5000,-0.0700
61680245,sitting,-1.0102,0.0315,0.0137,0.8750,-3.5000,-0.0350
61680264,sitting,-1.0102,0.0320,0.0134,0.8750,-3.5000,-0.0700
61680284,sitting,-1.0102,0.0320,0.0139,0.8050,-3.4650,-0.0700
61680303,sitting,-1.0097,0.0317,0.0132,0.8400,-3.5700,-0.0700
61680322,sitting,-1.0092,0.0315,0.0129,0.8400,-3.5700,-0.0700
61680341,sitting,-1.0092,0.0320,0.0124,0.8050,-3.5000,-0.0350
61680361,sitting,-1.0092,0.0325,0.0134,0.8400,-3.5000,-0.1050
61680380,sitting,-1.0087,0.0322,0.0137,0.8750,-3.5350,-0.0700
61680399,sitting,-1.0099,0.0327,0.0132,0.8400,-3.5350,-0.0700
61680418,sitting,-1.0094,0.0327,0.0137,0.8400,-3.4650,-0.0350
61680437,sitting,-1.0092,0.0320,0.0124,0.8750,-3.5350,-0.0700
61680457,sitting,-1.0102,0.0315,0.0115,0.9100,-3.5700,-0.0700
61680476,sitting,-1.0089,0.0307,0.0137,0.8400,-3.5000,-0.0700
61680495,sitting,-1.0094,0.0312,0.0124,0.8750,-3.5000,-0.1400
61680514,sitting,-1.0099,0.0320,0.0132,0.8400,-3.5350,-0.0700
61680534,sitting,-1.0094,0.0312,0.0122,0.8050,-3.4650,-0.0700
61680553,sitting,-1.0089,0.0315,0.0134,0.8400,-3.5350,-0.0700
61680572,sitting,-1.0094,0.0327,0.0134,0.8400,-3.5350,-0.0700
61680591,sitting,-1.0089,0.0322,0.0134,0.8400,-3.5000,-0.0700
61680611,sitting,-1.0097,0.0320,0.0139,0.8400,-3.4300,-0.0700
61680630,sitting,-1.0092,0.0322,0.0134,0.8400,-3.5000,-0.0350
61680649,sitting,-1.0094,0.0322,0.0134,0.8400,-3.5000,-0.0350
61680668,sitting,-1.0099,0.0322,0.0137,0.8400,-3.4650,-0.0700
61680687,sitting,-1.0087,0.0320,0.0122,0.8400,-3.4650,-0.0700
61680707,sitting,-1.0089,0.0325,0.0127,0.8750,-3.5350,-0.0700
61680726,sitting,-1.0092,0.0317,0.0129,0.8050,-3.4650,-0.0350
61680745,sitting,-1.0089,0.0312,0.0127,0.8400,-3.5350,-0.0350
61680764,sitting,-1.0097,0.0320,0.0132,0.8750,-3.5700,-0.0700
61680784,sitting,-1.0094,0.0312,0.0132,0.8400,-3.5000,-0.0700
61680803,sitting,-1.0089,0.0317,0.0134,0.8400,-3.5350,-0.0700
61680822,sitting,-1.0087,0.0325,0.0139,0.8750,-3.5350,-0.0700
61680841,sitting,-1.0092,0.0327,0.0137,0.8750,-3.5350,-0.0700
61680861,sitting,-1.0087,0.0322,0.0127,0.8400,-3.5350,-0.0700
61680880,sitting,-1.0094,0.0320,0.0122,0.8400,-3.5700,-0.0350
61680899,sitting,-1.0094,0.0325,0.0120,0.8400,-3.5700,-0.0700
61680918,sitting,-1.0089,0.0317,0.0124,0.8400,-3.5350,-0.0700
61680937,sitting,-1.0092,0.0327,0.0142,0.8400,-3.5000,-0.0350
61680957,sitting,-1.0094,0.0320,0.0132,0.8400,-3.5700,-0.0350
61680976,sitting,-1.0092,0.0320,0.0129,0.8400,-3.4650,-0.0700
61680995,sitting,-1.0094,0.0322,0.0139,0.8750,-3.5700,-0.0350
61681014,sitting,-1.0094,0.0317,0.0132,0.8750,-3.5350,-0.0700
61681034,sitting,-1.0097,0.0317,0.0137,0.8400,-3.5700,-0.0700
61681053,sitting,-1.0087,0.0327,0.0137,0.8050,-3.5350,-0.0700
61681072,sitting,-1.0094,0.0327,0.0127,0.9100,-3.5350,-0.0350
61681091,sitting,-1.0089,0.0325,0.0137,0.8750,-3.5000,-0.0700
61681111,sitting,-1.0092,0.0315,0.0127,0.8400,-3.5000,-0.0350
61681130,sitting,-1.0097,0.0322,0.0137,0.8400,-3.5000,-0.0700
61681149,sitting,-1.0104,0.0320,0.0139,0.8050,-3.5350,-0.0350
61681168,sitting,-1.0109,0.0322,0.0142,0.8400,-3.5000,-0.0700
61681187,sitting,-1.0099,0.0317,0.0134,0.8750,-3.5350,-0.0700
61681207,sitting,-1.0094,0.0315,0.0124,0.8400,-3.5350,-0.0700
61681226,sitting,-1.0085,0.0322,0.0127,0.8400,-3.5000,0.0000
61681245,sitting,-1.0087,0.0322,0.0127,0.8750,-3.5350,-0.0700
61681264,sitting,-1.0089,0.0320,0.0137,0.8750,-3.5350,0.0000
61681284,sitting,-1.0089,0.0317,0.0129,0.8400,-3.5350,-0.0350
61681303,sitting,-1.0104,0.0320,0.0132,0.8400,-3.5350,-0.0700
61681322,sitting,-1.0092,0.0322,0.0129,0.8750,-3.5000,-0.0700
61681341,sitting,-1.0099,0.0325,0.0129,0.8750,-3.5700,-0.0700
61681361,sitting,-1.0089,0.0329,0.0139,0.8400,-3.5350,-0.0700
61681380,sitting,-1.0089,0.0332,0.0134,0.8400,-3.5350,-0.0350
61681399,sitting,-1.0092,0.0322,0.0127,0.8750,-3.5700,-0.0350
61681418,sitting,-1.0097,0.0322,0.0122,0.8400,-3.5000,-0.0350
61681437,sitting,-1.0099,0.0322,0.0124,0.8400,-3.5000,-0.0700
61681457,sitting,-1.0082,0.0320,0.0124,0.8400,-3.5350,-0.0700
61681476,sitting,-1.0092,0.0307,0.0132,0.8400,-3.5350,-0.0350
61681495,sitting,-1.0092,0.0327,0.0127,0.8750,-3.4650,-0.0350
61681514,sitting,-1.0097,0.0317,0.0139,0.8750,-3.5350,-0.0700
61681534,sitting,-1.0102,0.0317,0.0137,0.8750,-3.5350,-0.0700
61681553,sitting,-1.0092,0.0317,0.0132,0.8400,-3.5000,-0.0700
61681572,sitting,-1.0097,0.0310,0.0132,0.8400,-3.5350,-0.0700
61681591,sitting,-1.0082,0.0315,0.0129,0.8400,-3.5700,-0.0350
61681611,sitting,-1.0094,0.0325,0.0129,0.8400,-3.5000,-0.0350
61681630,sitting,-1.0094,0.0317,0.0124,0.8750,-3.5350,-0.0700
61681649,sitting,-1.0099,0.0322,0.0134,0.8400,-3.5700,-0.0350
61681668,sitting,-1.0094,0.0320,0.0117,0.8750,-3.5700,0.0000
61681687,sitting,-1.0092,0.0322,0.0127,0.8400,-3.4650,-0.0700
61681707,sitting,-1.0094,0.0322,0.0137,0.8400,-3.5350,0.0000
61681726,sitting,-1.0087,0.0327,0.0129,0.8400,-3.5000,-0.0700
61681745,sitting,-1.0087,0.0329,0.0137,0.8400,-3.5000,-0.0700
61681764,sitting,-1.0092,0.0322,0.0137,0.8050,-3.5350,-0.0700
61681784,sitting,-1.0080,0.0325,0.0124,0.8050,-3.5000,-0.0350
61681803,sitting,-1.0087,0.0329,0.0137,0.8050,-3.5000,-0.0700
61681822,sitting,-1.0092,0.0325,0.0139,0.8400,-3.5000,-0.0700
61681841,sitting,-1.0092,0.0317,0.0139,0.8400,-3.5700,-0.0700
61681861,sitting,-1.0097,0.0320,0.0139,0.8750,-3.5350,-0.0350
61681880,sitting,-1.0099,0.0327,0.0137,0.8400,-3.5000,-0.0700
61681899,sitting,-1.0102,0.0327,0.0137,0.8400,-3.5000,-0.0350
61681918,sitting,-1.0094,0.0327,0.0139,0.8750,-3.5350,-0.0350
61681937,sitting,-1.0089,0.0320,0.0137,0.8050,-3.5000,-0.0350
61681957,sitting,-1.0097,0.0317,0.0139,0.8750,-3.5700,-0.0350
61681976,sitting,-1.0092,0.0315,0.0132,0.8400,-3.5350,-0.0700
61681995,sitting,-1.0106,0.0327,0.0134,0.8400,-3.5000,-0.1050
61682014,sitting,-1.0094,0.0325,0.0124,0.8400,-3.5000,-0.0700
61682034,sitting,-1.0085,0.0325,0.0132,0.8400,-3.5350,-0.0700
61682053,sitting,-1.0094,0.0325,0.0124,0.8400,-3.5000,-0.0700
61682072,sitting,-1.0094,0.0317,0.0129,0.8400,-3.5700,-0.0350
61682091,sitting,-1.0087,0.0322,0.0122,0.8400,-3.5000,-0.0700
61682111,sitting,-1.0099,0.0315,0.0124,0.8050,-3.4650,-0.0700
61682130,sitting,-1.0099,0.0320,0.0124,0.8400,-3.5000,-0.1050
61682149,sitting,-1.0104,0.0317,0.0139,0.8400,-3.5350,-0.0350
61682168,sitting,-1.0087,0.0320,0.0129,0.8400,-3.5350,-0.0700
61682187,sitting,-1.0092,0.0317,0.0129,0.8400,-3.5350,-0.1050
61682207,sitting,-1.0094,0.0317,0.0137,0.8750,-3.5700,-0.1050
61682226,sitting,-1.0104,0.0325,0.0137,0.8400,-3.5000,-0.0700
61682245,sitting,-1.0092,0.0327,0.0132,0.8400,-3.4650,-0.0700
61682264,sitting,-1.0094,0.0322,0.0134,0.9100,-3.5350,-0.0350
61682284,sitting,-1.0102,0.0322,0.0134,0.8750,-3.5700,-0.0350
61682303,sitting,-1.0089,0.0322,0.0139,0.8050,-3.5350,-0.0350
61682322,sitting,-1.0089,0.0325,0.0127,0.8400,-3.5000,-0.0700
61682341,sitting,-1.0089,0.0312,0.0129,0.8050,-3.5000,-0.1050
61682361,sitting,-1.0097,0.0315,0.0134,0.8400,-3.5350,-0.0700
61682380,sitting,-1.0097,0.0327,0.0127,0.8750,-3.4650,0.0000
61682399,sitting,-1.0089,0.0320,0.0129,0.8400,-3.5700,-0.0700
61682418,sitting,-1.0080,0.0322,0.0132,0.8750,-3.5000,-0.0700
61682437,sitting,-1.0082,0.0322,0.0132,0.8400,-3.4650,-0.0700
61682457,sitting,-1.0087,0.0315,0.0137,0.8750,-3.5350,-0.0700
61682476,sitting,-1.0092,0.0322,0.0122,0.8400,-3.5000,-0.0700
61682495,sitting,-1.0094,0.0327,0.0124,0.8400,-3.5000,-0.0700
61682514,sitting,-1.0097,0.0327,0.0134,0.8400,-3.5000,-0.0700
61682534,sitting,-1.0080,0.0327,0.0127,0.8400,-3.5000,-0.0700
61682553,sitting,-1.0080,0.0320,0.0127,0.8400,-3.5350,-0.0350
61682572,sitting,-1.0092,0.0315,0.0134,0.9100,-3.5000,0.0000
61682591,sitting,-1.0085,0.0322,0.0132,0.8750,-3.5700,-0.0700
61682611,sitting,-1.0097,0.0320,0.0124,0.8400,-3.5000,-0.0700
61682630,sitting,-1.0097,0.0317,0.0134,0.8400,-3.5000,-0.0700
61682649,sitting,-1.0094,0.0320,0.0124,0.8750,-3.5350,-0.0700
61682668,sitting,-1.0089,0.0320,0.0129,0.8050,-3.5350,-0.0700
61682687,sitting,-1.0092,0.0320,0.0137,0.8050,-3.4650,-0.0700
61682707,sitting,-1.0092,0.0325,0.0132,0.8750,-3.5350,-0.0700
61682726,sitting,-1.0094,0.0320,0.0132,0.9100,-3.5350,-0.0700
61682745,sitting,-1.0087,0.0315,0.0124,0.8400,-3.4650,-0.0700
61682764,sitting,-1.0087,0.0320,0.0129,0.8400,-3.5350,-0.0700
61682784,sitting,-1.0089,0.0317,0.0132,0.8400,-3.5350,-0.0700
61682803,sitting,-1.0099,0.0312,0.0146,0.8400,-3.5000,-0.0700
61682822,sitting,-1.0094,0.0315,0.0134,0.8400,-3.5000,-0.1050
61682841,sitting,-1.0094,0.0322,0.0129,0.8400,-3.5700,-0.0350
61682861,sitting,-1.0092,0.0317,0.0127,0.8750,-3.5350,-0.0350
61682880,sitting,-1.0094,0.0320,0.0124,0.8750,-3.5000,-0.0700
61682899,sitting,-1.0097,0.0327,0.0137,0.9100,-3.5350,-0.0700
61682918,sitting,-1.0094,0.0329,0.0137,0.8400,-3.5000,0.0000
61682937,sitting,-1.0092,0.0317,0.0127,0.8750,-3.5000,-0.0350
61682957,sitting,-1.0102,0.0325,0.0124,0.9100,-3.5350,-0.0350
61682976,sitting,-1.0097,0.0317,0.0129,0.9100,-3.6050,-0.0700
61682995,sitting,-1.0087,0.0334,0.0132,0.8750,-3.5000,-0.0700
61683014,sitting,-1.0094,0.0317,0.0129,0.8400,-3.5000,-0.0700
61683034,sitting,-1.0092,0.0315,0.0127,0.9100,-3.5350,-0.0700
61683053,sitting,-1.0092,0.0322,0.0129,0.8750,-3.5350,-0.0700
61683072,sitting,-1.0109,0.0320,0.0129,0.8400,-3.5000,-0.0700
61683091,sitting,-1.0092,0.0317,0.0137,0.9100,-3.5000,-0.0700
61683111,sitting,-1.0097,0.0310,0.0132,0.8400,-3.4650,-0.0700
61683130,sitting,-1.0087,0.0322,0.0122,0.8400,-3.4650,-0.0700
61683149,sitting,-1.0094,0.0322,0.0120,0.8400,-3.5700,-0.0700
61683168,sitting,-1.0092,0.0317,0.0129,0.8750,-3.5000,-0.0350
61683187,sitting,-1.0092,0.0337,0.0137,0.8400,-3.5000,-0.0700
61683207,sitting,-1.0094,0.0315,0.0129,0.8400,-3.4650,-0.1050
61683226,sitting,-1.0102,0.0325,0.0139,0.8400,-3.5350,-0.1050
61683245,sitting,-1.0089,0.0322,0.0127,0.8400,-3.5000,-0.0700
61683264,sitting,-1.0087,0.0320,0.0127,0.8400,-3.4650,-0.0700
61683284,sitting,-1.0085,0.0325,0.0129,0.8400,-3.5350,-0.0700
61683303,sitting,-1.0099,0.0325,0.0134,0.8400,-3.5000,-0.0700
61683322,sitting,-1.0089,0.0320,0.0137,0.8400,-3.5000,-0.0700
61683341,sitting,-1.0092,0.0317,0.0132,0.8750,-3.5350,-0.0700
61683361,sitting,-1.0097,0.0325,0.0132,0.9100,-3.5350,-0.0700
61683380,sitting,-1.0099,0.0315,0.0132,0.8400,-3.5000,-0.0350
61683399,sitting,-1.0094,0.0322,0.0129,0.8750,-3.5700,0.0000
61683418,sitting,-1.0094,0.0322,0.0129,0.9100,-3.5700,-0.0350
61683437,sitting,-1.0094,0.0322,0.0129,0.8400,-3.4650,-0.0700
61683457,sitting,-1.0087,0.0322,0.0132,0.8400,-3.5000,-0.0700
61683476,sitting,-1.0094,0.0317,0.0129,0.8400,-3.5700,-0.0700
61683495,sitting,-1.0094,0.0320,0.0124,0.8400,-3.4650,-0.0700
61683514,sitting,-1.0085,0.0322,0.0122,0.7700,-3.4650,-0.0700
61683534,sitting,-1.0097,0.0315,0.0127,0.8400,-3.5700,-0.0700
61683553,sitting,-1.0097,0.0317,0.0137,0.8750,-3.5700,-0.0700
61683572,sitting,-1.0089,0.0322,0.0139,0.7700,-3.4650,-0.0700
61683591,sitting,-1.0094,0.0322,0.0134,0.8400,-3.5000,-0.0700
61683611,sitting,-1.0089,0.0315,0.0129,0.8750,-3.5350,-0.0350
61683630,sitting,-1.0085,0.0317,0.0132,0.8400,-3.5000,-0.0350
61683649,sitting,-1.0092,0.0320,0.0139,0.9100,-3.5350,-0.0700
61683668,sitting,-1.0092,0.0327,0.0127,0.8400,-3.5700,-0.0700
61683687,sitting,-1.0092,0.0312,0.0127,0.8750,-3.5000,-0.0700
61683707,sitting,-1.0094,0.0320,0.0132,0.8050,-3.4650,-0.0700
61683726,sitting,-1.0094,0.0322,0.0139,0.8750,-3.5350,-0.0350
61683745,sitting,-1.0087,0.0317,0.0142,0.8400,-3.5350,-0.0700
61683764,sitting,-1.0094,0.0320,0.0129,0.8050,-3.5000,-0.1050
61683784,sitting,-1.0092,0.0322,0.0127,0.8400,-3.5700,0.0000
61683803,sitting,-1.0092,0.0312,0.0132,0.8400,-3.5700,-0.0700
61683822,sitting,-1.0089,0.0307,0.0124,0.8400,-3.5000,-0.0700
61683841,sitting,-1.0092,0.0320,0.0129,0.8400,-3.5000,-0.0700
61683861,sitting,-1.0097,0.0312,0.0127,0.8400,-3.5350,-0.0700
61683880,sitting,-1.0097,0.0327,0.0127,0.8400,-3.5000,-0.0350
61683899,sitting,-1.0104,0.0327,0.0127,0.8400,-3.4650,-0.0350
61683918,sitting,-1.0102,0.0317,0.0132,0.8400,-3.5000,-0.0350
61683937,sitting,-1.0102,0.0317,0.0129,0.9100,-3.5700,-0.0350
61683957,sitting,-1.0094,0.0312,0.0132,0.8750,-3.5000,-0.0700
61683976,sitting,-1.0087,0.0317,0.0132,0.8750,-3.5350,-0.0350
61683995,sitting,-1.0094,0.0320,0.0132,0.8400,-3.5350,-0.0350
61684014,sitting,-1.0089,0.0317,0.0137,0.8400,-3.5000,-0.0700
61684034,sitting,-1.0097,0.0322,0.0137,0.8400,-3.5350,-0.1050
61684053,sitting,-1.0087,0.0312,0.0137,0.8400,-3.5350,-0.0350
61684072,sitting,-1.0099,0.0325,0.0137,0.8400,-3.5000,-0.0700
61684091,sitting,-1.0097,0.0325,0.0127,0.8400,-3.5000,-0.0350
61684111,sitting,-1.0089,0.0317,0.0132,0.8400,-3.5350,-0.0700
61684130,sitting,-1.0092,0.0325,0.0129,0.8400,-3.4650,-0.0700
61684149,sitting,-1.0094,0.0317,0.0129,0.8050,-3.5000,-0.0350
61684168,sitting,-1.0087,0.0315,0.0132,0.8400,-3.5000,-0.0700
61684187,sitting,-1.0094,0.0315,0.0137,0.8400,-3.5000,-0.0350
61684207,sitting,-1.0092,0.0320,0.0127,0.7700,-3.4650,-0.1050
61684226,sitting,-1.0092,0.0317,0.0129,0.8400,-3.5350,-0.0700
61684245,sitting,-1.0087,0.0322,0.0127,0.8400,-3.5350,-0.0700
61684264,sitting,-1.0092,0.0322,0.0127,0.8400,-3.5000,-0.0700
61684284,sitting,-1.0094,0.0315,0.0134,0.8400,-3.5000,-0.0350
61684303,sitting,-1.0092,0.0310,0.0122,0.8400,-3.5350,-0.0700
61684322,sitting,-1.0089,0.0320,0.0132,0.8400,-3.5350,-0.0700
61684341,sitting,-1.0092,0.0325,0.0134,0.8400,-3.5700,-0.0700
61684361,sitting,-1.0097,0.0322,0.0129,0.9100,-3.5700,-0.1050
61684380,sitting,-1.0099,0.0317,0.0132,0.8400,-3.5700,-0.0700
61684399,sitting,-1.0089,0.0320,0.0127,0.8050,-3.4650,-0.0350
61684418,sitting,-1.0097,0.0315,0.0134,0.8400,-3.5700,-0.0700
61684437,sitting,-1.0097,0.0315,0.0134,0.8400,-3.5350,-0.0700
61684457,sitting,-1.0094,0.0312,0.0132,0.8400,-3.5000,-0.0700
61684476,sitting,-1.0097,0.0315,0.0129,0.8400,-3.5350,-0.0700
61684495,sitting,-1.0092,0.0312,0.0127,0.8400,-3.5350,-0.0350
61684514,sitting,-1.0094,0.0322,0.0132,0.8050,-3.4650,-0.1050
61684534,sitting,-1.0087,0.0322,0.0132,0.8400,-3.5000,-0.0700
61684553,sitting,-1.0089,0.0317,0.0124,0.8050,-3.5700,-0.0700
61684572,sitting,-1.0085,0.0320,0.0127,0.8400,-3.5000,-0.0350
61684591,sitting,-1.0094,0.0315,0.0129,0.7700,-3.5000,-0.0700
61684611,sitting,-1.0092,0.0325,0.0132,0.8400,-3.5000,-0.0700
61684630,sitting,-1.0094,0.0312,0.0132,0.8400,-3.5000,-0.0350
61684649,sitting,-1.0102,0.0315,0.0134,0.8400,-3.5350,-0.0700
61684668,sitting,-1.0097,0.0320,0.0127,0.8400,-3.5350,-0.0700
61684687,sitting,-1.0089,0.0315,0.0134,0.8400,-3.5350,-0.0700
61684707,sitting,-1.0089,0.0317,0.0132,0.8050,-3.4650,-0.0700
61684726,sitting,-1.0092,0.0325,0.0124,0.8400,-3.5350,-0.0700
61684745,sitting,-1.0092,0.0317,0.0127,0.8400,-3.5350,-0.0700
61684764,sitting,-1.0102,0.0317,0.0129,0.8400,-3.5000,-0.0700
61684784,sitting,-1.0102,0.0320,0.0122,0.8400,-3.5350,-0.0700
61684803,sitting,-1.0094,0.0320,0.0132,0.8400,-3.5350,-0.0350
61684822,sitting,-1.0094,0.0317,0.0137,0.8400,-3.5350,-0.0700
61684841,sitting,-1.0087,0.0322,0.0129,0.8400,-3.5000,-0.1050
61684861,sitting,-1.0087,0.0320,0.0129,0.8400,-3.5350,-0.0700
61684880,sitting,-1.0092,0.0317,0.0134,0.8400,-3.5000,-0.0350
61684899,sitting,-1.0097,0.0322,0.0134,0.8400,-3.4650,-0.1050
61684918,sitting,-1.0094,0.0322,0.0137,0.8400,-3.5000,-0.0700
61684937,sitting,-1.0092,0.0325,0.0129,0.8400,-3.5350,-0.0350
61684957,sitting,-1.0094,0.0325,0.0132,0.8400,-3.5000,-0.0700
61684976,sitting,-1.0089,0.0325,0.0129,0.8050,-3.5000,-0.0700
61684995,sitting,-1.0097,0.0327,0.0134,0.9100,-3.5350,-0.0700
61685014,sitting,-1.0097,0.0327,0.0129,0.8400,-3.5000,-0.0700
61685034,sitting,-1.0094,0.0315,0.0134,0.8400,-3.5350,-0.0700
61685053,sitting,-1.0102,0.0312,0.0134,0.8750,-3.5700,-0.0700
61685072,sitting,-1.0087,0.0320,0.0122,0.8400,-3.5350,-0.0700
61685091,sitting,-1.0102,0.0325,0.0129,0.8400,-3.5350,-0.0350
61685111,sitting,-1.0104,0.0327,0.0144,0.8750,-3.5350,-0.0700
61685130,sitting,-1.0104,0.0317,0.0120,0.8400,-3.5700,-0.1050
61685149,sitting,-1.0094,0.0312,0.0120,0.8400,-3.5000,-0.0700
61685168,sitting,-1.0087,0.0322,0.0127,0.8750,-3.5350,-0.0700
61685187,sitting,-1.0097,0.0312,0.0124,0.8400,-3.5350,-0.0700
61685207,sitting,-1.0099,0.0317,0.0129,0.8400,-3.5000,-0.0700
61685226,sitting,-1.0094,0.0315,0.0132,0.8400,-3.5000,-0.0700
61685245,sitting,-1.0099,0.0320,0.0124,0.8750,-3.5700,-0.0700
61685264,sitting,-1.0092,0.0322,0.0124,0.8400,-3.5000,-0.0700
61685284,sitting,-1.0089,0.0312,0.0132,0.8400,-3.4650,-0.1050
61685303,sitting,-1.0097,0.0315,0.0129,0.8400,-3.5700,-0.0350
61685322,sitting,-1.0104,0.0322,0.0132,0.8750,-3.5350,-0.0700
61685341,sitting,-1.0082,0.0320,0.0127,0.8750,-3.5000,-0.1050
61685361,sitting,-1.0092,0.0322,0.0129,0.8750,-3.5350,-0.0350
61685380,sitting,-1.0094,0.0317,0.0134,0.8400,-3.5700,-0.1050
61685399,sitting,-1.0089,0.0317,0.0129,0.8400,-3.4650,-0.0700
61685418,sitting,-1.0097,0.0320,0.0132,0.8750,-3.5000,-0.0700
61685437,sitting,-1.0089,0.0320,0.0134,0.9100,-3.6050,0.0000
61685457,sitting,-1.0097,0.0325,0.0134,0.8400,-3.5350,-0.0350
61685476,sitting,-1.0097,0.0312,0.0142,0.8750,-3.5350,0.0000
61685495,sitting,-1.0097,0.0315,0.0146,0.9100,-3.5000,-0.0350
61685514,sitting,-1.0094,0.0310,0.0127,0.9100,-3.5700,-0.0350
61685534,sitting,-1.0104,0.0317,0.0124,0.8400,-3.5350,-0.0700
61685553,sitting,-1.0097,0.0315,0.0127,0.8750,-3.5350,-0.0350
61685572,sitting,-1.0094,0.0329,0.0134,0.8400,-3.5350,-0.0700
61685591,sitting,-1.0097,0.0320,0.0142,0.8400,-3.5350,-0.0350
61685611,sitting,-1.0092,0.0320,0.0134,0.8400,-3.5700,-0.0700
61685630,sitting,-1.0097,0.0320,0.0124,0.8400,-3.5700,-0.0350
61685649,sitting,-1.0085,0.0317,0.0129,0.8400,-3.5350,-0.0700
61685668,sitting,-1.0089,0.0322,0.0127,0.8400,-3.5350,-0.0350
61685687,sitting,-1.0089,0.0312,0.0129,0.8400,-3.5350,-0.0700
61685707,sitting,-1.0085,0.0315,0.0142,0.8400,-3.5350,-0.0700
61685726,sitting,-1.0089,0.0325,0.0142,0.8050,-3.5000,-0.0700
61685745,sitting,-1.0092,0.0322,0.0132,0.8050,-3.5700,-0.0700
61685764,sitting,-1.0092,0.0312,0.0134,0.8750,-3.5350,-0.0350
61685784,sitting,-1.0092,0.0320,0.0129,0.8400,-3.5000,-0.0350
61685803,sitting,-1.0080,0.0322,0.0134,0.8750,-3.5350,-0.0700
61685822,sitting,-1.0087,0.0315,0.0132,0.8400,-3.5350,0.0000
61685841,sitting,-1.0089,0.0320,0.0137,0.8400,-3.5350,-0.1050
61685861,sitting,-1.0092,0.0320,0.0127,0.8400,-3.5000,-0.0350
61685880,sitting,-1.0106,0.0325,0.0124,0.8400,-3.5350,-0.0700
61685899,sitting,-1.0094,0.0317,0.0134,0.8750,-3.5000,-0.0350
61685918,sitting,-1.0092,0.0322,0.0129,0.8400,-3.4650,-0.0700
61685937,sitting,-1.0092,0.0327,0.0134,0.8750,-3.5350,-0.1050
61685957,sitting,-1.0094,0.0327,0.0122,0.8400,-3.5000,-0.0700
61685976,sitting,-1.0092,0.0322,0.0115,0.8050,-3.5000,-0.0700
61685995,sitting,-1.0092,0.0322,0.0127,0.8400,-3.5000,-0.0350
61686014,sitting,-1.0092,0.0325,0.0134,0.8750,-3.5350,-0.0700
61686034,sitting,-1.0097,0.0315,0.0132,0.8400,-3.5000,-0.0700
61686053,sitting,-1.0099,0.0317,0.0137,0.8750,-3.5350,-0.0350
61686072,sitting,-1.0097,0.0317,0.0132,0.8750,-3.5350,-0.0700
61686091,sitting,-1.0080,0.0320,0.0139,0.8400,-3.5350,-0.0700
61686111,sitting,-1.0075,0.0327,0.0129,0.8050,-3.5350,-0.0700
61686130,sitting,-1.0097,0.0329,0.0132,0.8750,-3.5700,-0.0700
61686149,sitting,-1.0097,0.0325,0.0137,0.8750,-3.5000,-0.0700
61686168,sitting,-1.0094,0.0320,0.0134,0.8750,-3.5350,-0.0700
61686187,sitting,-1.0087,0.0320,0.0142,0.8400,-3.5350,-0.0350
61686207,sitting,-1.0099,0.0327,0.0124,0.8750,-3.5700,-0.0350
61686226,sitting,-1.0094,0.0317,0.0139,0.8050,-3.4650,-0.1050
61686245,sitting,-1.0097,0.0327,0.0124,0.8400,-3.5000,-0.0350
61686264,sitting,-1.0097,0.0305,0.0127,0.8400,-3.5700,-0.0350
61686284,sitting,-1.0089,0.0320,0.0134,0.8400,-3.4300,-0.0350
61686303,sitting,-1.0092,0.0317,0.0129,0.8750,-3.5000,-0.0700
61686322,sitting,-1.0099,0.0325,0.0132,0.8750,-3.5000,-0.0700
61686341,sitting,-1.0102,0.0315,0.0120,0.8400,-3.4650,0.0000
61686361,sitting,-1.0099,0.0317,0.0137,0.8400,-3.5000,-0.0350
61686380,sitting,-1.0094,0.0315,0.0129,0.8400,-3.5350,-0.0700
61686399,sitting,-1.0092,0.0312,0.0122,0.8050,-3.5350,-0.0700
61686418,sitting,-1.0097,0.0317,0.0122,0.8400,-3.5350,-0.0350
61686437,sitting,-1.0094,0.0322,0.0124,0.8750,-3.5350,-0.0350
61686457,sitting,-1.0097,0.0320,0.0129,0.8400,-3.5000,-0.0350
61686476,sitting,-1.0099,0.0320,0.0124,0.8400,-3.5000,-0.0700
61686495,sitting,-1.0092,0.0322,0.0142,0.8400,-3.5700,-0.0350
61686514,sitting,-1.0097,0.0317,0.0134,0.8400,-3.5000,-0.0700
61686534,sitting,-1.0092,0.0310,0.0127,0.8400,-3.5000,-0.0700
61686553,sitting,-1.0102,0.0315,0.0124,0.8400,-3.5000,-0.0700
61686572,sitting,-1.0106,0.0312,0.0139,0.8400,-3.5700,-0.0700
61686591,sitting,-1.0102,0.0315,0.0134,0.8050,-3.5000,-0.0700
61686611,sitting,-1.0094,0.0320,0.0134,0.8400,-3.5350,-0.0700
61686630,sitting,-1.0094,0.0322,0.0132,0.8400,-3.5350,-0.0700
61686649,sitting,-1.0094,0.0312,0.0142,0.8750,-3.5350,-0.0700
61686668,sitting,-1.0097,0.0315,0.0127,0.7700,-3.4650,-0.0700
61686687,sitting,-1.0094,0.0315,0.0137,0.8400,-3.5350,-0.0700
61686707,sitting,-1.0097,0.0322,0.0144,0.8400,-3.4650,-0.0700
61686726,sitting,-1.0099,0.0334,0.0132,0.7700,-3.4650,-0.0700
61686745,sitting,-1.0094,0.0315,0.0134,0.8050,-3.5000,-0.0700
61686764,sitting,-1.0094,0.0317,0.0127,0.9100,-3.5700,-0.0350
61686784,sitting,-1.0099,0.0325,0.0132,0.8050,-3.5350,-0.0350
61686803,sitting,-1.0094,0.0317,0.0124,0.8400,-3.5000,-0.0700
61686822,sitting,-1.0102,0.0322,0.0132,0.8750,-3.5700,-0.0700
61686841,sitting,-1.0099,0.0322,0.0129,0.8400,-3.4650,-0.0700
61686861,sitting,-1.0094,0.0315,0.0129,0.9100,-3.5000,-0.0700
61686880,sitting,-1.0099,0.0325,0.0127,0.8400,-3.5700,-0.0700
61686899,sitting,-1.0094,0.0322,0.0127,0.8400,-3.5000,-0.0700
61686918,sitting,-1.0085,0.0317,0.0122,0.8400,-3.5000,-0.0700
61686937,sitting,-1.0097,0.0322,0.0139,0.8400,-3.5350,0.0000
61686957,sitting,-1.0097,0.0317,0.0132,0.8400,-3.5350,-0.1050
61686976,sitting,-1.0087,0.0325,0.0139,0.8400,-3.4650,-0.1050
61686995,sitting,-1.0092,0.0317,0.0127,0.8050,-3.5000,-0.1050
61687014,sitting,-1.0087,0.0325,0.0127,0.9100,-3.5700,-0.0350
61687034,sitting,-1.0092,0.0315,0.0137,0.8750,-3.5000,-0.0700
61687053,sitting,-1.0097,0.0317,0.0137,0.8050,-3.5000,-0.0700
61687072,sitting,-1.0089,0.0320,0.0134,0.8400,-3.5000,-0.0700
61687091,sitting,-1.0094,0.0320,0.0134,0.8400,-3.5350,-0.0700
61687111,sitting,-1.0094,0.0317,0.0127,0.8050,-3.4650,-0.1050
61687130,sitting,-1.0099,0.0325,0.0139,0.8400,-3.5350,-0.0350
61687149,sitting,-1.0102,0.0312,0.0127,0.8750,-3.5350,-0.1050
61687168,sitting,-1.0102,0.0322,0.0124,0.8050,-3.5350,-0.0700
61687187,sitting,-1.0099,0.0325,0.0137,0.8750,-3.5000,-0.0700
61687207,sitting,-1.0094,0.0327,0.0122,0.8750,-3.5000,-0.0700
61687226,sitting,-1.0094,0.0317,0.0129,0.8400,-3.5000,0.0000
61687245,sitting,-1.0094,0.0320,0.0127,0.8050,-3.5000,-0.0350
61687264,sitting,-1.0089,0.0322,0.0122,0.8400,-3.5350,-0.0350
61687284,sitting,-1.0104,0.0322,0.0124,0.8750,-3.5350,-0.0700
61687303,sitting,-1.0104,0.0317,0.0132,0.8400,-3.5000,-0.1050
61687322,sitting,-1.0085,0.0315,0.0137,0.8750,-3.5000,-0.0700
61687341,sitting,-1.0089,0.0320,0.0142,0.8400,-3.5000,-0.0700
61687361,sitting,-1.0099,0.0327,0.0132,0.8050,-3.5000,-0.1050
61687380,sitting,-1.0087,0.0325,0.0137,0.8400,-3.5000,0.0000
61687399,sitting,-1.0094,0.0325,0.0137,0.8400,-3.5350,-0.0350
61687418,sitting,-1.0092,0.0322,0.0134,0.8400,-3.5000,-0.0700
61687437,sitting,-1.0094,0.0322,0.0142,0.8400,-3.5000,-0.1050
61687457,sitting,-1.0094,0.0320,0.0124,0.8750,-3.5000,-0.0700
61687476,sitting,-1.0089,0.0317,0.0134,0.8750,-3.5000,-0.0700
61687495,sitting,-1.0099,0.0317,0.0134,0.8400,-3.5350,-0.0700
61687514,sitting,-1.0099,0.0322,0.0132,0.8050,-3.5350,-0.0350
61687534,sitting,-1.0102,0.0315,0.0132,0.8400,-3.5700,-0.0700
61687553,sitting,-1.0099,0.0317,0.0134,0.8400,-3.5350,-0.1050
61687572,sitting,-1.0092,0.0325,0.0132,0.8750,-3.5000,-0.0700
61687591,sitting,-1.0089,0.0322,0.0134,0.8400,-3.5700,-0.0700
61687611,sitting,-1.0089,0.0325,0.0139,0.8050,-3.5000,-0.0700
61687630,sitting,-1.0094,0.0325,0.0134,0.8400,-3.5000,-0.0700
61687649,sitting,-1.0092,0.0322,0.0127,0.8400,-3.5700,-0.0700
61687668,sitting,-1.0087,0.0327,0.0142,0.8400,-3.5000,-0.1050
61687687,sitting,-1.0094,0.0325,0.0127,0.8400,-3.5000,-0.1050
61687707,sitting,-1.0087,0.0322,0.0129,0.8400,-3.5000,-0.0700
61687726,sitting,-1.0097,0.0317,0.0129,0.8400,-3.5000,-0.1050
61687745,sitting,-1.0087,0.0320,0.0122,0.7700,-3.5000,-0.1050
61687764,sitting,-1.0094,0.0325,0.0122,0.8400,-3.5000,-0.1050
61687784,sitting,-1.0092,0.0325,0.0139,0.8400,-3.4650,-0.1050
61687803,sitting,-1.0087,0.0327,0.0129,0.8050,-3.4650,-0.1050
61687822,sitting,-1.0085,0.0327,0.0132,0.8400,-3.5000,-0.1050
61687841,sitting,-1.0092,0.0325,0.0139,0.8400,-3.5350,-0.1050
61687861,sitting,-1.0087,0.0322,0.0132,0.8750,-3.4650,-0.1050
61687880,sitting,-1.0094,0.0320,0.0134,0.8750,-3.5350,-0.0350
61687899,sitting,-1.0094,0.0322,0.0127,0.9100,-3.5700,-0.0700
61687918,sitting,-1.0092,0.0322,0.0134,0.9100,-3.5000,-0.0700
61687937,sitting,-1.0094,0.0325,0.0129,0.8750,-3.5350,-0.0700
61687957,sitting,-1.0092,0.0317,0.0127,0.8750,-3.5350,-0.0700
61687976,sitting,-1.0092,0.0317,0.0127,0.8750,-3.5700,-0.0700
61687995,sitting,-1.0087,0.0320,0.0129,0.8400,-3.5000,-0.0700
61688014,sitting,-1.0097,0.0320,0.0137,0.8400,-3.5000,-0.0350
61688034,sitting,-1.0097,0.0322,0.0132,0.8750,-3.5350,-0.0700
61688053,sitting,-1.0099,0.0320,0.0127,0.8400,-3.5350,-0.1050
61688072,sitting,-1.0097,0.0307,0.0137,0.8400,-3.5000,-0.1050
61688091,sitting,-1.0092,0.0322,0.0129,0.8400,-3.5000,-0.0350
61688111,sitting,-1.0092,0.0315,0.0129,0.8050,-3.4650,-0.1050
61688130,sitting,-1.0092,0.0322,0.0137,0.8750,-3.4650,-0.0700
61688149,sitting,-1.0087,0.0322,0.0129,0.8400,-3.5350,-0.1400
61688168,sitting,-1.0089,0.0317,0.0129,0.8400,-3.5350,-0.0350
61688187,sitting,-1.0092,0.0322,0.0127,0.8400,-3.5000,-0.0700
61688207,sitting,-1.0102,0.0322,0.0129,0.8050,-3.5350,-0.0700
61688226,sitting,-1.0097,0.0320,0.0134,0.8750,-3.5350,-0.1050
61688245,sitting,-1.0099,0.0325,0.0137,0.8050,-3.5000,-0.0350
61688264,sitting,-1.0094,0.0325,0.0134,0.8400,-3.5000,-0.0700
61688284,sitting,-1.0099,0.0325,0.0124,0.8400,-3.5700,-0.0700
61688303,sitting,-1.0099,0.0320,0.0124,0.8050,-3.5000,-0.0350
61688322,sitting,-1.0106,0.0325,0.0146,0.8400,-3.5000,-0.0700
61688341,sitting,-1.0085,0.0329,0.0137,0.8400,-3.5350,-0.0700
61688361,sitting,-1.0097,0.0317,0.0124,0.8750,-3.5000,-0.0700
61688380,sitting,-1.0099,0.0315,0.0124,0.8400,-3.5000,-0.0700
61688399,sitting,-1.0089,0.0322,0.0129,0.8400,-3.5350,-0.0350
61688418,sitting,-1.0092,0.0327,0.0129,0.8750,-3.5350,-0.0350
61688437,sitting,-1.0097,0.0317,0.0127,0.8050,-3.4650,-0.0700
61688457,sitting,-1.0099,0.0325,0.0137,0.8400,-3.5000,-0.0700
61688476,sitting,-1.0104,0.0322,0.0129,0.8400,-3.5000,-0.1050
61688495,sitting,-1.0099,0.0320,0.0127,0.8050,-3.5000,-0.0350
61688514,sitting,-1.0094,0.0320,0.0117,0.8400,-3.5350,-0.0350
61688534,sitting,-1.0085,0.0322,0.0124,0.8400,-3.5700,-0.0350
61688553,sitting,-1.0097,0.0327,0.0139,0.8400,-3.5000,-0.0350
61688572,sitting,-1.0089,0.0325,0.0132,0.8400,-3.5350,-0.0350
61688591,sitting,-1.0097,0.0325,0.0120,0.8400,-3.5000,-0.0700
61688611,sitting,-1.0082,0.0327,0.0127,0.8750,-3.5000,-0.0700
61688630,sitting,-1.0092,0.0317,0.0122,0.8400,-3.5000,-0.0700
61688649,sitting,-1.0106,0.0320,0.0137,0.8400,-3.5350,-0.0700
61688668,sitting,-1.0097,0.0312,0.0134,0.8750,-3.5350,-0.0700
61688687,sitting,-1.0102,0.0327,0.0137,0.8400,-3.5000,-0.1050
61688707,sitting,-1.0099,0.0320,0.0127,0.8400,-3.5350,-0.1050
61688726,sitting,-1.0094,0.0327,0.0132,0.8750,-3.5000,-0.0350
61688745,sitting,-1.0082,0.0320,0.0127,0.8400,-3.5000,-0.0350
61688764,sitting,-1.0099,0.0329,0.0127,0.8400,-3.5000,-0.0700
61688784,sitting,-1.0094,0.0322,0.0129,0.8750,-3.5350,0.0000
61688803,sitting,-1.0092,0.0320,0.0127,0.8400,-3.5350,-0.0700
61688822,sitting,-1.0094,0.0325,0.0132,0.8750,-3.5000,-0.0700
61688841,sitting,-1.0087,0.0320,0.0134,0.8050,-3.5350,-0.0700
61688861,sitting,-1.0097,0.0317,0.0127,0.8750,-3.5350,-0.1050
61688880,sitting,-1.0092,0.0325,0.0127,0.8400,-3.4300,-0.0350
61688899,sitting,-1.0082,0.0329,0.0127,0.8750,-3.5350,-0.0700
61688918,sitting,-1.0089,0.0325,0.0137,0.8400,-3.6050,-0.0700
61688937,sitting,-1.0099,0.0320,0.0142,0.8050,-3.4650,-0.0700
61688957,sitting,-1.0087,0.0317,0.0134,0.8400,-3.5000,-0.0700
61688976,sitting,-1.0085,0.0325,0.0142,0.8750,-3.5700,-0.0700
61688995,sitting,-1.0097,0.0320,0.0134,0.8750,-3.5000,-0.0350
61689014,sitting,-1.0094,0.0327,0.0142,0.8050,-3.5000,-0.0350
61689034,sitting,-1.0092,0.0320,0.0132,0.8400,-3.5350,-0.0350
61689053,sitting,-1.0099,0.0325,0.0124,0.8400,-3.5350,0.0000
61689072,sitting,-1.0092,0.0322,0.0129,0.8400,-3.5000,-0.0700
61689091,sitting,-1.0097,0.0322,0.0139,0.8400,-3.5350,-0.0350
61689111,sitting,-1.0092,0.0320,0.0142,0.8400,-3.5000,-0.0350
61689130,sitting,-1.0099,0.0320,0.0134,0.8400,-3.5000,-0.0700
61689149,sitting,-1.0092,0.0320,0.0124,0.8400,-3.5350,0.0000
61689168,sitting,-1.0082,0.0320,0.0134,0.8750,-3.5700,-0.0700
61689187,sitting,-1.0106,0.0320,0.0127,0.8400,-3.5000,-0.0350
61689207,sitting,-1.0106,0.0325,0.0129,0.8400,-3.4650,0.0000
61689226,sitting,-1.0092,0.0315,0.0129,0.8050,-3.4650,-0.0700
61689245,sitting,-1.0092,0.0317,0.0134,0.8400,-3.5350,-0.0700
61689264,sitting,-1.0099,0.0315,0.0139,0.8750,-3.5000,-0.0350
61689284,sitting,-1.0097,0.0315,0.0144,0.8400,-3.5350,-0.1050
61689303,sitting,-1.0099,0.0327,0.0134,0.8400,-3.5350,-0.1050
61689322,sitting,-1.0087,0.0322,0.0132,0.8050,-3.5000,-0.0700
61689341,sitting,-1.0087,0.0317,0.0132,0.8400,-3.5350,-0.0350
61689361,sitting,-1.0089,0.0315,0.0137,0.8750,-3.5700,-0.0700
61689380,sitting,-1.0094,0.0329,0.0137,0.8400,-3.5350,-0.0700
61689399,sitting,-1.0102,0.0342,0.0139,0.8750,-3.5350,-0.0700
61689418,sitting,-1.0097,0.0329,0.0127,0.8750,-3.5000,-0.1050
61689437,sitting,-1.0092,0.0322,0.0132,0.8400,-3.4650,-0.0700
61689457,sitting,-1.0085,0.0325,0.0122,0.8400,-3.5000,-0.0700
61689476,sitting,-1.0099,0.0312,0.0132,0.8400,-3.5350,-0.0700
61689495,sitting,-1.0092,0.0322,0.0132,0.8400,-3.5700,0.0000
61689514,sitting,-1.0099,0.0329,0.0122,0.8050,-3.4650,-0.0700
61689534,sitting,-1.0089,0.0327,0.0134,0.8400,-3.5350,-0.0350
61689553,sitting,-1.0097,0.0327,0.0132,0.8400,-3.5350,-0.0700
61689572,sitting,-1.0089,0.0327,0.0127,0.8400,-3.5000,-0.0350
61689591,sitting,-1.0094,0.0322,0.0139,0.9100,-3.5000,-0.0700
61689611,sitting,-1.0097,0.0315,0.0127,0.8750,-3.5700,-0.0700
61689630,sitting,-1.0089,0.0315,0.0120,0.8050,-3.5700,-0.1050
61689649,sitting,-1.0092,0.0320,0.0127,0.8400,-3.5350,-0.0700
61689668,sitting,-1.0085,0.0327,0.0142,0.8750,-3.6050,-0.0700
61689687,sitting,-1.0097,0.0322,0.0127,0.8750,-3.5700,-0.0350
61689707,sitting,-1.0099,0.0315,0.0134,0.8750,-3.5000,-0.0350
61689726,sitting,-1.0094,0.0320,0.0132,0.8750,-3.5350,-0.1050
61689745,sitting,-1.0082,0.0320,0.0129,0.8750,-3.5350,-0.0700
61689764,sitting,-1.0102,0.0322,0.0132,0.8400,-3.4300,-0.1050
61689784,sitting,-1.0094,0.0327,0.0142,0.8400,-3.5000,-0.0700
61689803,sitting,-1.0094,0.0325,0.0129,0.8400,-3.5000,-0.0350
61689822,sitting,-1.0089,0.0317,0.0127,0.8050,-3.5000,-0.0700
61689841,sitting,-1.0089,0.0329,0.0122,0.8050,-3.5000,-0.0350
61689861,sitting,-1.0089,0.0320,0.0139,0.8400,-3.5350,-0.0350
61689880,sitting,-1.0097,0.0325,0.0132,0.8050,-3.5000,-0.0350
61689899,sitting,-1.0094,0.0317,0.0132,0.8400,-3.5000,-0.0700
61689918,sitting,-1.0092,0.0312,0.0127,0.8750,-3.5350,-0.0700
61689937,sitting,-1.0092,0.0317,0.0134,0.8750,-3.5350,-0.0700
61689957,sitting,-1.0089,0.0320,0.0134,0.8400,-3.5350,-0.0700
61689976,sitting,-1.0097,0.0327,0.0129,0.8050,-3.5350,-0.0700
61689995,sitting,-1.0087,0.0317,0.0139,0.8750,-3.5700,0.0000
61690014,sitting,-1.0087,0.0322,0.0134,0.8750,-3.5000,-0.0700
61690034,sitting,-1.0087,0.0317,0.0122,0.8050,-3.5350,-0.0700
61690053,sitting,-1.0099,0.0315,0.0132,0.9100,-3.5700,-0.0350
61690072,sitting,-1.0094,0.0327,0.0137,0.8050,-3.5350,-0.0700
61690091,sitting,-1.0099,0.0315,0.0129,0.8050,-3.5350,-0.0700
61690111,sitting,-1.0097,0.0320,0.0142,0.8400,-3.5350,-0.0350
61690130,sitting,-1.0097,0.0320,0.0122,0.8400,-3.5350,-0.0700
61690149,sitting,-1.0087,0.0317,0.0132,0.8400,-3.5000,-0.1050
61690168,sitting,-1.0089,0.0312,0.0134,0.8400,-3.5700,-0.0700
61690187,sitting,-1.0085,0.0307,0.0142,0.8400,-3.5000,-0.0700
61690207,sitting,-1.0094,0.0320,0.0137,0.8400,-3.4300,-0.0700
61690226,sitting,-1.0094,0.0322,0.0134,0.8050,-3.5000,-0.0700
61690245,sitting,-1.0087,0.0320,0.0132,0.8400,-3.5350,-0.0700
61690264,sitting,-1.0094,0.0317,0.0124,0.8400,-3.4650,-0.0350
61690284,sitting,-1.0092,0.0317,0.0132,0.8400,-3.5700,-0.0700
61690303,sitting,-1.0089,0.0322,0.0137,0.8750,-3.5350,-0.0700
61690322,sitting,-1.0097,0.0320,0.0139,0.8050,-3.4650,-0.0700
61690341,sitting,-1.0099,0.0317,0.0129,0.8400,-3.5000,-0.0350
61690361,sitting,-1.0097,0.0320,0.0137,0.8750,-3.5700,-0.0350
61690380,sitting,-1.0094,0.0320,0.0134,0.8750,-3.5350,-0.0700
61690399,sitting,-1.0094,0.0325,0.0137,0.8400,-3.4300,-0.1050
61690418,sitting,-1.0099,0.0322,0.0134,0.8400,-3.5000,-0.0350
61690437,sitting,-1.0092,0.0317,0.0132,0.8750,-3.5700,-0.0350
61690457,sitting,-1.0087,0.0317,0.0132,0.8750,-3.5000,-0.0700
61690476,sitting,-1.0092,0.0312,0.0132,0.8400,-3.5000,-0.0700
61690495,sitting,-1.0085,0.0325,0.0132,0.8400,-3.5350,-0.0700
61690514,sitting,-1.0099,0.0329,0.0132,0.8750,-3.4650,-0.0700
61690534,sitting,-1.0087,0.0329,0.0134,0.8400,-3.5000,-0.0350
61690553,sitting,-1.0089,0.0325,0.0134,0.8400,-3.5350,-0.0350
61690572,sitting,-1.0092,0.0315,0.0122,0.8400,-3.5000,-0.0350
61690591,sitting,-1.0082,0.0332,0.0124,0.8400,-3.4650,-0.0700
61690611,sitting,-1.0080,0.0320,0.0117,0.8400,-3.5350,-0.1050
61690630,sitting,-1.0094,0.0312,0.0124,0.8400,-3.5350,-0.0350
61690649,sitting,-1.0104,0.0317,0.0132,0.8400,-3.5350,-0.0350
61690668,sitting,-1.0097,0.0320,0.0142,0.8400,-3.5000,-0.0700
61690687,sitting,-1.0102,0.0315,0.0127,0.8750,-3.5350,-0.0700
61690707,sitting,-1.0094,0.0320,0.0132,0.9100,-3.4650,-0.0700
61690726,sitting,-1.0085,0.0312,0.0129,0.9100,-3.5000,-0.0700
61690745,sitting,-1.0085,0.0310,0.0134,0.8750,-3.5700,-0.0700
61690764,sitting,-1.0097,0.0317,0.0134,0.8750,-3.5700,-0.0350
61690784,sitting,-1.0089,0.0317,0.0132,0.8400,-3.5350,-0.0350
61690803,sitting,-1.0097,0.0322,0.0127,0.8050,-3.5700,0.0000
61690822,sitting,-1.0089,0.0327,0.0132,0.8400,-3.5350,-0.0700
61690841,sitting,-1.0092,0.0325,0.0127,0.8400,-3.4650,-0.0700
61690861,sitting,-1.0102,0.0320,0.0129,0.8400,-3.5000,-0.0700
61690880,sitting,-1.0089,0.0315,0.0132,0.8400,-3.5000,-0.0350
61690899,sitting,-1.0087,0.0317,0.0129,0.8050,-3.5350,-0.0700
61690918,sitting,-1.0102,0.0325,0.0127,0.8750,-3.5000,-0.0700
61690937,sitting,-1.0094,0.0320,0.0144,0.8400,-3.5700,-0.0700
61690957,sitting,-1.0094,0.0317,0.0134,0.8050,-3.5350,-0.0700
61690976,sitting,-1.0102,0.0320,0.0137,0.8750,-3.4650,-0.0700
61690995,sitting,-1.0087,0.0317,0.0142,0.8750,-3.5000,-0.0350
61691014,sitting,-1.0092,0.0317,0.0137,0.8400,-3.5000,-0.0350
61691034,sitting,-1.0099,0.0320,0.0137,0.8400,-3.5000,-0.0350
61691053,sitting,-1.0102,0.0315,0.0137,0.8400,-3.5700,-0.0700
61691072,sitting,-1.0094,0.0322,0.0129,0.8750,-3.5350,-0.0350
61691091,sitting,-1.0094,0.0322,0.0122,0.8400,-3.4650,-0.0700
61691111,sitting,-1.0092,0.0322,0.0122,0.8400,-3.5700,-0.0700
61691130,sitting,-1.0094,0.0329,0.0137,0.8400,-3.5000,-0.0700
61691149,sitting,-1.0092,0.0327,0.0132,0.8400,-3.5000,-0.0700
61691168,sitting,-1.0089,0.0317,0.0132,0.8400,-3.5000,-0.0350
61691187,sitting,-1.0099,0.0312,0.0132,0.8750,-3.5000,-0.0350
61691207,sitting,-1.0092,0.0317,0.0129,0.8400,-3.5000,0.0000
61691226,sitting,-1.0092,0.0317,0.0127,0.8400,-3.5000,-0.0700
61691245,sitting,-1.0092,0.0320,0.0127,0.8750,-3.5000,-0.0700
61691264,sitting,-1.0092,0.0312,0.0132,0.8750,-3.5350,-0.0350
61691284,sitting,-1.0092,0.0317,0.0132,0.8400,-3.4650,-0.0350
61691303,sitting,-1.0094,0.0317,0.0127,0.8050,-3.5000,-0.0350
61691322,sitting,-1.0094,0.0312,0.0132,0.8400,-3.5000,-0.0700
61691341,sitting,-1.0094,0.0317,0.0137,0.8400,-3.5000,-0.0700
61691361,sitting,-1.0089,0.0327,0.0132,0.8750,-3.5000,-0.0700
61691380,sitting,-1.0092,0.0322,0.0132,0.8750,-3.5000,-0.0700
61691399,sitting,-1.0087,0.0322,0.0124,0.8400,-3.5000,-0.0350
61691418,sitting,-1.0080,0.0320,0.0132,0.8750,-3.5000,-0.0700
61691437,sitting,-1.0099,0.0317,0.0129,0.8750,-3.5700,-0.0700
61691457,sitting,-1.0102,0.0325,0.0132,0.8400,-3.5350,-0.1050
61691476,sitting,-1.0094,0.0327,0.0129,0.8400,-3.5000,-0.0700
61691495,sitting,-1.0092,0.0317,0.0129,0.9100,-3.5000,-0.0350
61691514,sitting,-1.0097,0.0322,0.0122,0.9100,-3.5350,-0.0700
61691534,sitting,-1.0097,0.0322,0.0124,0.8400,-3.4650,-0.0700
61691553,sitting,-1.0094,0.0325,0.0132,0.8750,-3.5000,-0.0700
61691572,sitting,-1.0099,0.0329,0.0127,0.8750,-3.5700,-0.0350
61691591,sitting,-1.0080,0.0322,0.0132,0.8400,-3.4650,-0.0700
61691611,sitting,-1.0082,0.0332,0.0122,0.8400,-3.5000,-0.0700
61691630,sitting,-1.0082,0.0322,0.0129,0.8400,-3.5350,-0.0700
61691649,sitting,-1.0097,0.0322,0.0134,0.8400,-3.5000,-0.0350
61691668,sitting,-1.0092,0.0329,0.0122,0.8400,-3.5000,-0.0350
61691687,sitting,-1.0094,0.0322,0.0134,0.8400,-3.5350,-0.0700
61691707,sitting,-1.0089,0.0327,0.0122,0.8750,-3.5350,-0.0350
61691726,sitting,-1.0089,0.0317,0.0127,0.8400,-3.4650,-0.0350
61691745,sitting,-1.0092,0.0317,0.0139,0.8400,-3.5700,-0.0350
61691764,sitting,-1.0094,0.0315,0.0137,0.8750,-3.5350,-0.0350
61691784,sitting,-1.0092,0.0327,0.0132,0.8050,-3.4650,-0.0700
61691803,sitting,-1.0099,0.0317,0.0127,0.8400,-3.5000,-0.0700
61691822,sitting,-1.0094,0.0317,0.0127,0.8400,-3.5700,0.0000
61691841,sitting,-1.0089,0.0310,0.0127,0.8400,-3.5350,-0.1050
61691861,sitting,-1.0097,0.0317,0.0127,0.8400,-3.5350,-0.0700
61691880,sitting,-1.0089,0.0322,0.0122,0.8400,-3.5700,-0.0700
61691899,sitting,-1.0089,0.0320,0.0124,0.8750,-3.5350,-0.0700
61691918,sitting,-1.0097,0.0317,0.0129,0.8050,-3.5350,-0.0700
61691937,sitting,-1.0097,0.0320,0.0122,0.8400,-3.5350,-0.0700
61691957,sitting,-1.0089,0.0320,0.0132,0.8400,-3.5000,-0.0700
61691976,sitting,-1.0094,0.0320,0.0122,0.8050,-3.4650,-0.0350
61691995,sitting,-1.0094,0.0325,0.0122,0.8050,-3.5350,-0.0700
61692014,sitting,-1.0092,0.0325,0.0127,0.8400,-3.5000,-0.1050
61692034,sitting,-1.0097,0.0320,0.0129,0.8050,-3.5000,-0.1050
61692053,sitting,-1.0094,0.0322,0.0122,0.8400,-3.5350,-0.0350
61692072,sitting,-1.0094,0.0322,0.0134,0.8400,-3.5700,-0.0700
61692091,sitting,-1.0097,0.0325,0.0132,0.8400,-3.5000,-0.0700
61692111,sitting,-1.0080,0.0315,0.0129,0.8400,-3.5700,-0.0350
61692130,sitting,-1.0097,0.0325,0.0122,0.8750,-3.5350,-0.0350
61692149,sitting,-1.0097,0.0334,0.0137,0.8750,-3.5350,-0.0350
61692168,sitting,-1.0087,0.0327,0.0137,0.8750,-3.5000,-0.0700
61692187,sitting,-1.0094,0.0317,0.0124,0.8750,-3.5700,-0.0350
61692207,sitting,-1.0089,0.0329,0.0134,0.8400,-3.5700,-0.0700
61692226,sitting,-1.0092,0.0327,0.0124,0.8050,-3.5000,-0.0700
61692245,sitting,-1.0092,0.0329,0.0127,0.8750,-3.5000,-0.0700
61692264,sitting,-1.0087,0.0329,0.0122,0.8400,-3.5000,-0.0700
61692284,sitting,-1.0094,0.0327,0.0129,0.8400,-3.4650,-0.0700
61692303,sitting,-1.0097,0.0320,0.0122,0.8400,-3.4650,-0.0700
61692322,sitting,-1.0089,0.0332,0.0124,0.8400,-3.5350,-0.0700
61692341,sitting,-1.0089,0.0332,0.0129,0.8400,-3.5000,-0.0700
61692361,sitting,-1.0099,0.0315,0.0134,0.8400,-3.5000,-0.0700
61692380,sitting,-1.0087,0.0317,0.0139,0.9100,-3.5350,-0.0700
61692399,sitting,-1.0089,0.0315,0.0139,0.8750,-3.5350,-0.0700
61692418,sitting,-1.0089,0.0325,0.0137,0.8750,-3.5000,-0.0700
61692437,sitting,-1.0089,0.0322,0.0134,0.8400,-3.5350,-0.0350
61692457,sitting,-1.0087,0.0312,0.0132,0.9100,-3.5700,-0.0350
61692476,sitting,-1.0092,0.0320,0.0137,0.8750,-3.5000,-0.0350
61692495,sitting,-1.0077,0.0322,0.0137,0.8400,-3.5350,-0.0350
61692514,sitting,-1.0094,0.0329,0.0122,0.8400,-3.5700,-0.0700
61692534,sitting,-1.0097,0.0320,0.0127,0.8400,-3.5000,-0.1400
61692553,sitting,-1.0092,0.0325,0.0129,0.8400,-3.4650,-0.0700
61692572,sitting,-1.0089,0.0320,0.0129,0.8400,-3.5350,-0.0350
61692591,sitting,-1.0077,0.0317,0.0144,0.8750,-3.5350,-0.0350
61692611,sitting,-1.0087,0.0320,0.0127,0.8750,-3.5000,-0.1050
61692630,sitting,-1.0094,0.0320,0.0127,0.8400,-3.5700,0.0000
61692649,sitting,-1.0099,0.0320,0.0127,0.8400,-3.5000,-0.0350
61692668,sitting,-1.0097,0.0320,0.0127,0.8400,-3.5000,-0.0700
61692687,sitting,-1.0104,0.0325,0.0129,0.8400,-3.5000,-0.0700
61692707,sitting,-1.0097,0.0325,0.0129,0.8400,-3.5350,-0.0700
61692726,sitting,-1.0097,0.0317,0.0134,0.8400,-3.5000,-0.0700
61692745,sitting,-1.0092,0.0329,0.0137,0.8750,-3.5000,-0.0350
61692764,sitting,-1.0092,0.0317,0.0134,0.8400,-3.5000,-0.0700
61692784,sitting,-1.0092,0.0317,0.0134,0.8400,-3.5350,-0.0700
61692803,sitting,-1.0092,0.0317,0.0137,0.8750,-3.5000,-0.1050
61692822,sitting,-1.0097,0.0320,0.0137,0.9100,-3.5350,-0.0350
61692841,sitting,-1.0089,0.0325,0.0134,0.8750,-3.4650,-0.0700
61692861,sitting,-1.0085,0.0325,0.0137,0.8750,-3.5350,-0.0700
61692880,sitting,-1.0092,0.0322,0.0134,0.8400,-3.5350,-0.0700
61692899,sitting,-1.0085,0.0310,0.0127,0.8400,-3.5350,-0.0700
61692918,sitting,-1.0094,0.0320,0.0127,0.8750,-3.5000,-0.0700
61692937,sitting,-1.0097,0.0325,0.0124,0.8400,-3.5000,-0.0700
61692957,sitting,-1.0099,0.0315,0.0124,0.8750,-3.5700,0.0000
61692976,sitting,-1.0092,0.0317,0.0132,0.8400,-3.5000,-0.0700
61692995,sitting,-1.0097,0.0317,0.0124,0.8400,-3.4650,-0.0350
61693014,sitting,-1.0099,0.0325,0.0127,0.8400,-3.5000,-0.0700
61693034,sitting,-1.0097,0.0325,0.0137,0.8400,-3.5000,-0.0700
61693053,sitting,-1.0104,0.0315,0.0129,0.8050,-3.4650,-0.0700
61693072,sitting,-1.0102,0.0320,0.0142,0.8400,-3.5000,-0.0700
61693091,sitting,-1.0102,0.0317,0.0134,0.8400,-3.5350,-0.0700
61693111,sitting,-1.0094,0.0322,0.0134,0.8400,-3.5000,-0.0700
61693130,sitting,-1.0092,0.0325,0.0134,0.8400,-3.5350,-0.0700
61693149,sitting,-1.0092,0.0327,0.0137,0.8400,-3.5350,-0.1050
61693168,sitting,-1.0102,0.0320,0.0137,0.8750,-3.5000,-0.0700
61693187,sitting,-1.0097,0.0317,0.0142,0.8400,-3.5000,-0.0700
61693207,sitting,-1.0089,0.0315,0.0142,0.8750,-3.5700,-0.0350
61693226,sitting,-1.0102,0.0317,0.0122,0.8400,-3.5350,-0.0700
61693245,sitting,-1.0097,0.0327,0.0134,0.8400,-3.5350,-0.0700
61693264,sitting,-1.0104,0.0322,0.0132,0.8400,-3.5700,-0.0700
61693284,sitting,-1.0094,0.0325,0.0129,0.8750,-3.5700,-0.0700
61693303,sitting,-1.0089,0.0322,0.0132,0.8050,-3.5000,-0.1050
61693322,sitting,-1.0092,0.0320,0.0127,0.8750,-3.5350,-0.0700
61693341,sitting,-1.0094,0.0325,0.0122,0.8400,-3.5000,-0.0350
61693361,sitting,-1.0094,0.0320,0.0122,0.8400,-3.4650,-0.1050
61693380,sitting,-1.0092,0.0322,0.0124,0.8400,-3.5000,-0.0350
61693399,sitting,-1.0087,0.0322,0.0134,0.8750,-3.5350,-0.0350
61693418,sitting,-1.0094,0.0317,0.0127,0.8400,-3.5000,-0.0700
61693437,sitting,-1.0082,0.0317,0.0132,0.8050,-3.5000,-0.0700
61693457,sitting,-1.0097,0.0315,0.0137,0.8400,-3.5700,-0.0700
61693476,sitting,-1.0092,0.0315,0.0144,0.7700,-3.5000,-0.0700
61693495,sitting,-1.0087,0.0322,0.0139,0.7700,-3.5000,-0.1050
61693514,sitting,-1.0099,0.0315,0.0129,0.8400,-3.5000,-0.0700
61693534,sitting,-1.0092,0.0307,0.0132,0.8750,-3.5350,-0.0700
61693553,sitting,-1.0094,0.0315,0.0134,0.8400,-3.4650,-0.0700
61693572,sitting,-1.0089,0.0320,0.0127,0.8400,-3.5000,-0.0700
61693591,sitting,-1.0104,0.0312,0.0134,0.8750,-3.5350,-0.0700
61693611,sitting,-1.0094,0.0315,0.0142,0.8750,-3.5350,-0.0700
61693630,sitting,-1.0092,0.0317,0.0129,0.8400,-3.5000,-0.0700
61693649,sitting,-1.0089,0.0325,0.0127,0.8400,-3.5000,-0.1050
61693668,sitting,-1.0087,0.0320,0.0134,0.8400,-3.4650,-0.0350
61693687,sitting,-1.0092,0.0317,0.0122,0.8400,-3.5000,-0.0700
61693707,sitting,-1.0087,0.0317,0.0127,0.8400,-3.5700,-0.0700
61693726,sitting,-1.0085,0.0325,0.0127,0.8750,-3.5350,-0.0350
61693745,sitting,-1.0094,0.0329,0.0134,0.8400,-3.4650,-0.0700
61693764,sitting,-1.0087,0.0322,0.0129,0.8750,-3.5000,-0.0700
61693784,sitting,-1.0097,0.0315,0.0127,0.8400,-3.5000,-0.0700
61693803,sitting,-1.0094,0.0317,0.0134,0.8400,-3.5000,-0.0700
61693822,sitting,-1.0094,0.0322,0.0137,0.8400,-3.5350,-0.0350
61693841,sitting,-1.0099,0.0325,0.0139,0.8750,-3.5350,-0.0700
61693861,sitting,-1.0104,0.0327,0.0139,0.8750,-3.5350,0.0000
61693880,sitting,-1.0089,0.0317,0.0137,0.8400,-3.5000,-0.0700
61693899,sitting,-1.0092,0.0310,0.0134,0.8750,-3.5000,-0.0350
61693918,sitting,-1.0094,0.0312,0.0127,0.9100,-3.5000,-0.0700
61693937,sitting,-1.0097,0.0317,0.0134,0.8750,-3.5000,-0.0350
61693957,sitting,-1.0097,0.0320,0.0142,0.8400,-3.5700,-0.0350
61693976,sitting,-1.0087,0.0317,0.0137,0.8400,-3.5700,-0.0700
61693995,sitting,-1.0097,0.0322,0.0129,0.8400,-3.5350,-0.0700
61694014,sitting,-1.0094,0.0320,0.0129,0.8400,-3.5000,-0.0700
61694034,sitting,-1.0097,0.0329,0.0134,0.8400,-3.5700,-0.0700
61694053,sitting,-1.0097,0.0317,0.0132,0.8050,-3.5000,-0.0700
61694072,sitting,-1.0106,0.0320,0.0129,0.8050,-3.5000,-0.1050
61694091,sitting,-1.0092,0.0317,0.0122,0.8400,-3.5000,-0.0700
61694111,sitting,-1.0087,0.0322,0.0120,0.8400,-3.5000,0.0000
61694130,sitting,-1.0085,0.0327,0.0137,0.8400,-3.5350,-0.0700
61694149,sitting,-1.0092,0.0320,0.0142,0.8400,-3.5350,-0.0700
61694168,sitting,-1.0089,0.0315,0.0137,0.8400,-3.5350,-0.0700
61694187,sitting,-1.0097,0.0320,0.0120,0.8400,-3.5000,-0.0350
61694207,sitting,-1.0099,0.0320,0.0124,0.8400,-3.5350,-0.0350
61694226,sitting,-1.0094,0.0317,0.0134,0.8750,-3.5350,-0.0700
61694245,sitting,-1.0094,0.0327,0.0142,0.8400,-3.5350,-0.0350
61694264,sitting,-1.0094,0.0325,0.0139,0.8750,-3.5000,-0.0350
61694284,sitting,-1.0089,0.0322,0.0139,0.8400,-3.5700,-0.1050
61694303,sitting,-1.0087,0.0322,0.0122,0.8400,-3.5350,-0.0700
61694322,sitting,-1.0087,0.0322,0.0124,0.7700,-3.5350,-0.1050
61694341,sitting,-1.0089,0.0317,0.0127,0.8400,-3.5350,-0.0350
61694361,sitting,-1.0092,0.0320,0.0137,0.8750,-3.5350,-0.0700
61694380,sitting,-1.0099,0.0322,0.0139,0.8050,-3.4650,-0.1050
61694399,sitting,-1.0092,0.0322,0.0132,0.8050,-3.5000,-0.0700
61694418,sitting,-1.0089,0.0312,0.0134,0.8400,-3.5350,-0.0700
61694437,sitting,-1.0089,0.0325,0.0144,0.8750,-3.5000,-0.1050
61694457,sitting,-1.0092,0.0322,0.0127,0.8400,-3.4650,-0.1050
61694476,sitting,-1.0082,0.0315,0.0129,0.8400,-3.5000,-0.1050
61694495,sitting,-1.0092,0.0315,0.0127,0.8400,-3.5000,-0.0700
61694514,sitting,-1.0097,0.0315,0.0120,0.8750,-3.5350,-0.0350
61694534,sitting,-1.0092,0.0315,0.0122,0.8750,-3.5350,-0.0700
61694553,sitting,-1.0087,0.0320,0.0134,0.8750,-3.5350,-0.0700
61694572,sitting,-1.0097,0.0322,0.0124,0.8400,-3.5000,-0.0700
61694591,sitting,-1.0087,0.0327,0.0134,0.8750,-3.5700,-0.0350
61694611,sitting,-1.0099,0.0322,0.0124,0.8400,-3.5700,-0.1050
61694630,sitting,-1.0099,0.0322,0.0122,0.8050,-3.4650,-0.0700
61694649,sitting,-1.0092,0.0320,0.0132,0.9100,-3.5350,0.0000
61694668,sitting,-1.0087,0.0325,0.0137,0.8400,-3.5350,-0.0700
61694687,sitting,-1.0094,0.0320,0.0134,0.7700,-3.5350,-0.1050
61694707,sitting,-1.0089,0.0317,0.0134,0.8400,-3.5000,-0.0700
61694726,sitting,-1.0092,0.0322,0.0134,0.8400,-3.5350,-0.0700
61694745,sitting,-1.0099,0.0317,0.0142,0.8400,-3.5000,-0.0700
61694764,sitting,-1.0080,0.0317,0.0134,0.8050,-3.4650,-0.0700
61694784,sitting,-1.0080,0.0322,0.0142,0.8750,-3.5000,-0.0700
61694803,sitting,-1.0085,0.0315,0.0134,0.8400,-3.5350,-0.0700
61694822,sitting,-1.0085,0.0312,0.0127,0.8400,-3.5000,-0.1050
61694841,sitting,-1.0097,0.0320,0.0134,0.9100,-3.5700,-0.0700
61694861,sitting,-1.0089,0.0315,0.0132,0.8750,-3.5000,-0.0700
61694880,sitting,-1.0097,0.0317,0.0137,0.8050,-3.4650,-0.0700
61694899,sitting,-1.0089,0.0325,0.0127,0.8400,-3.5000,-0.0350
61694918,sitting,-1.0104,0.0317,0.0127,0.8050,-3.5700,-0.0700
61694937,sitting,-1.0099,0.0317,0.0129,0.8400,-3.5000,-0.0700
61694957,sitting,-1.0097,0.0320,0.0139,0.8400,-3.5000,-0.0700
61694976,sitting,-1.0094,0.0307,0.0137,0.8750,-3.5350,-0.0350
61694995,sitting,-1.0085,0.0317,0.0132,0.8750,-3.5350,-0.0700
61695014,sitting,-1.0092,0.0315,0.0127,0.8750,-3.5000,-0.0700
61695034,sitting,-1.0094,0.0320,0.0124,0.8750,-3.5350,-0.0700
61695053,sitting,-1.0094,0.0325,0.0132,0.8400,-3.5350,-0.0700
61695072,sitting,-1.0094,0.0322,0.0132,0.8050,-3.5000,-0.0700
61695091,sitting,-1.0106,0.0320,0.0137,0.8400,-3.5000,-0.0700
61695111,sitting,-1.0104,0.0322,0.0134,0.8400,-3.5350,-0.0350
61695130,sitting,-1.0097,0.0320,0.0142,0.8400,-3.5000,-0.0700
61695149,sitting,-1.0099,0.0317,0.0124,0.8400,-3.5000,-0.1400
61695168,sitting,-1.0104,0.0322,0.0127,0.9100,-3.5000,-0.0700
61695187,sitting,-1.0099,0.0320,0.0137,0.8400,-3.5000,-0.0350
61695207,sitting,-1.0102,0.0317,0.0132,0.8750,-3.4650,-0.0350
61695226,sitting,-1.0092,0.0320,0.0132,0.8400,-3.5350,-0.0700
61695245,sitting,-1.0092,0.0312,0.0124,0.8750,-3.5000,-0.0700
61695264,sitting,-1.0097,0.0317,0.0129,0.8400,-3.5000,-0.0350
61695284,sitting,-1.0094,0.0322,0.0134,0.9100,-3.5350,-0.0700
61695303,sitting,-1.0092,0.0315,0.0139,0.8750,-3.5700,-0.0700
61695322,sitting,-1.0094,0.0322,0.0127,0.8400,-3.5000,-0.0700
61695341,sitting,-1.0099,0.0322,0.0139,0.8400,-3.5000,-0.0700
61695361,sitting,-1.0082,0.0325,0.0132,0.8400,-3.5700,-0.0700
61695380,sitting,-1.0089,0.0320,0.0139,0.8750,-3.5350,-0.0700
61695399,sitting,-1.0085,0.0325,0.0129,0.8400,-3.5700,-0.0350
61695418,sitting,-1.0092,0.0320,0.0127,0.8400,-3.5000,-0.0700
61695437,sitting,-1.0089,0.0325,0.0129,0.8400,-3.5000,0.0000
61695457,sitting,-1.0099,0.0320,0.0127,0.8400,-3.4650,-0.0700
61695476,sitting,-1.0092,0.0317,0.0127,0.8400,-3.5350,-0.0700
61695495,sitting,-1.0092,0.0320,0.0139,0.8750,-3.5350,-0.0700
61695514,sitting,-1.0097,0.0322,0.0134,0.8750,-3.5000,-0.0350
61695534,sitting,-1.0097,0.0320,0.0129,0.8400,-3.5350,-0.0700
61695553,sitting,-1.0085,0.0325,0.0127,0.8750,-3.5000,-0.0700
61695572,sitting,-1.0097,0.0317,0.0137,0.8750,-3.5000,-0.0700
61695591,sitting,-1.0102,0.0325,0.0134,0.8400,-3.5000,-0.0700
61695611,sitting,-1.0097,0.0317,0.0137,0.8400,-3.5700,-0.0700
61695630,sitting,-1.0097,0.0317,0.0137,0.8400,-3.4650,-0.0350
61695649,sitting,-1.0094,0.0312,0.0122,0.8400,-3.5000,-0.0700
61695668,sitting,-1.0094,0.0317,0.0129,0.8400,-3.5350,-0.0700
61695687,sitting,-1.0092,0.0322,0.0129,0.8750,-3.5000,-0.0350
61695707,sitting,-1.0102,0.0325,0.0122,0.8400,-3.5350,-0.0700
61695726,sitting,-1.0099,0.0317,0.0129,0.8750,-3.5000,-0.0700
61695745,sitting,-1.0089,0.0327,0.0134,0.8750,-3.5350,-0.0700
61695764,sitting,-1.0089,0.0322,0.0134,0.8400,-3.5000,-0.0700
61695784,sitting,-1.0092,0.0322,0.0137,0.8400,-3.5700,-0.0700
61695803,sitting,-1.0085,0.0315,0.0137,0.8400,-3.5700,-0.0700
61695822,sitting,-1.0087,0.0325,0.0134,0.8400,-3.5000,-0.0700
61695841,sitting,-1.0094,0.0317,0.0132,0.8400,-3.5000,-0.0700
61695861,sitting,-1.0099,0.0322,0.0129,0.8750,-3.5000,-0.0700
61695880,sitting,-1.0092,0.0322,0.0129,0.8400,-3.5350,-0.0350
61695899,sitting,-1.0099,0.0315,0.0132,0.8400,-3.5000,0.0000
61695918,sitting,-1.0092,0.0317,0.0139,0.8400,-3.5350,0.0000
61695937,sitting,-1.0092,0.0322,0.0124,0.8400,-3.4650,-0.0700
61695957,sitting,-1.0087,0.0320,0.0122,0.8400,-3.5000,-0.0700
61695976,sitting,-1.0092,0.0320,0.0132,0.8750,-3.5700,-0.0700
61695995,sitting,-1.0092,0.0320,0.0129,0.8750,-3.5350,-0.0350
61696014,sitting,-1.0094,0.0325,0.0127,0.8400,-3.5000,-0.0350
61696034,sitting,-1.0094,0.0315,0.0132,0.8400,-3.5700,-0.0700
61696053,sitting,-1.0099,0.0327,0.0129,0.8400,-3.5000,-0.0350
61696072,sitting,-1.0094,0.0320,0.0129,0.8400,-3.5000,-0.0700
61696091,sitting,-1.0104,0.0322,0.0124,0.8400,-3.5000,-0.0700
61696111,sitting,-1.0092,0.0317,0.0132,0.8750,-3.5350,-0.0700
61696130,sitting,-1.0089,0.0312,0.0137,0.8750,-3.5350,-0.0700
61696149,sitting,-1.0087,0.0317,0.0142,0.8400,-3.5000,-0.0700
61696168,sitting,-1.0094,0.0322,0.0129,0.9100,-3.5000,-0.0350
61696187,sitting,-1.0085,0.0315,0.0134,0.8750,-3.5000,-0.0350
61696207,sitting,-1.0092,0.0317,0.0142,0.8400,-3.5000,-0.0700
61696226,sitting,-1.0097,0.0327,0.0129,0.8400,-3.5350,-0.0700
61696245,sitting,-1.0092,0.0320,0.0134,0.8400,-3.5700,-0.0700
61696264,sitting,-1.0089,0.0320,0.0132,0.8400,-3.5000,-0.0700
61696284,sitting,-1.0099,0.0320,0.0124,0.8750,-3.5000,-0.0350
61696303,sitting,-1.0099,0.0325,0.0139,0.9100,-3.5350,-0.0700
61696322,sitting,-1.0089,0.0317,0.0132,0.8050,-3.5350,-0.0700
61696341,sitting,-1.0082,0.0322,0.0124,0.8400,-3.5350,-0.1050
61696361,sitting,-1.0087,0.0315,0.0134,0.8400,-3.5000,-0.0700
61696380,sitting,-1.0085,0.0310,0.0127,0.8400,-3.5350,-0.0700
61696399,sitting,-1.0087,0.0317,0.0132,0.8400,-3.4650,-0.1050
61696418,sitting,-1.0094,0.0322,0.0134,0.8400,-3.5000,-0.0700
61696437,sitting,-1.0094,0.0320,0.0134,0.9100,-3.5350,-0.0700
61696457,sitting,-1.0094,0.0332,0.0132,0.8400,-3.5000,-0.0700
61696476,sitting,-1.0097,0.0317,0.0127,0.8400,-3.5000,-0.0700
61696495,sitting,-1.0094,0.0320,0.0134,0.8400,-3.5000,-0.0700
61696514,sitting,-1.0102,0.0322,0.0132,0.8750,-3.5000,-0.0700
61696534,sitting,-1.0106,0.0327,0.0132,0.8400,-3.5000,-0.1050
61696553,sitting,-1.0099,0.0327,0.0132,0.8050,-3.5000,-0.1050
61696572,sitting,-1.0099,0.0329,0.0122,0.8400,-3.5350,-0.0350
61696591,sitting,-1.0089,0.0325,0.0120,0.8400,-3.5000,-0.0350
61696611,sitting,-1.0085,0.0317,0.0124,0.9100,-3.5700,-0.0700
61696630,sitting,-1.0092,0.0322,0.0139,0.8400,-3.5350,-0.0700
61696649,sitting,-1.0097,0.0317,0.0144,0.8050,-3.4650,-0.0350
61696668,sitting,-1.0092,0.0325,0.0134,0.8750,-3.5350,-0.0350
61696687,sitting,-1.0099,0.0320,0.0139,0.8750,-3.5350,-0.0700
61696707,sitting,-1.0094,0.0315,0.0122,0.8400,-3.5000,-0.0700
61696726,sitting,-1.0104,0.0325,0.0124,0.8400,-3.5000,-0.0700
61696745,sitting,-1.0094,0.0329,0.0127,0.8400,-3.5700,-0.0700
61696764,sitting,-1.0092,0.0320,0.0127,0.8400,-3.5350,-0.0350
61696784,sitting,-1.0089,0.0312,0.0122,0.8400,-3.4650,-0.0700
61696803,sitting,-1.0097,0.0325,0.0137,0.8400,-3.5350,-0.0700
61696822,sitting,-1.0097,0.0327,0.0137,0.8400,-3.4650,-0.0700
61696841,sitting,-1.0102,0.0317,0.0129,0.8750,-3.4650,-0.0700
61696861,sitting,-1.0102,0.0320,0.0134,0.8750,-3.5700,0.0000
61696880,sitting,-1.0094,0.0315,0.0134,0.8750,-3.5350,-0.1050
61696899,sitting,-1.0097,0.0310,0.0129,0.8400,-3.5000,-0.0700
61696918,sitting,-1.0094,0.0320,0.0127,0.8400,-3.5000,-0.0350
61696937,sitting,-1.0099,0.0317,0.0134,0.8400,-3.6050,-0.0350
61696957,sitting,-1.0089,0.0322,0.0127,0.8400,-3.5350,-0.0350
61696976,sitting,-1.0092,0.0322,0.0122,0.8400,-3.5000,-0.0700
61696995,sitting,-1.0089,0.0317,0.0127,0.8400,-3.5350,-0.0700
61697014,sitting,-1.0092,0.0320,0.0129,0.8400,-3.5350,0.0000
61697034,sitting,-1.0094,0.0332,0.0137,0.8400,-3.5000,-0.0700
61697053,sitting,-1.0094,0.0332,0.0124,0.8750,-3.5350,-0.0350
61697072,sitting,-1.0085,0.0329,0.0127,0.8400,-3.5000,-0.0700
61697091,sitting,-1.0094,0.0315,0.0137,0.8400,-3.5000,-0.1050
61697111,sitting,-1.0087,0.0325,0.0137,0.8400,-3.5000,-0.0700
61697130,sitting,-1.0092,0.0317,0.0132,0.8400,-3.5000,-0.1050
61697149,sitting,-1.0099,0.0322,0.0137,0.8750,-3.5350,-0.1050
61697168,sitting,-1.0089,0.0320,0.0129,0.8400,-3.5000,-0.0700
61697187,sitting,-1.0097,0.0325,0.0129,0.8400,-3.5350,-0.0700
61697207,sitting,-1.0102,0.0317,0.0134,0.8400,-3.5000,-0.0700
61697226,sitting,-1.0092,0.0317,0.0132,0.8400,-3.5000,-0.0700
61697245,sitting,-1.0089,0.0320,0.0132,0.8750,-3.5350,-0.0700
61697264,sitting,-1.0094,0.0312,0.0120,0.8400,-3.5350,-0.0700
61697284,sitting,-1.0094,0.0315,0.0124,0.8400,-3.5000,-0.0700
61697303,sitting,-1.0092,0.0317,0.0134,0.8750,-3.4650,-0.0350
61697322,sitting,-1.0097,0.0327,0.0139,0.8750,-3.5000,-0.0700
61697341,sitting,-1.0089,0.0315,0.0132,0.8750,-3.4650,-0.0700
61697361,sitting,-1.0099,0.0322,0.0129,0.8400,-3.5000,-0.0700
61697380,sitting,-1.0099,0.0329,0.0122,0.8750,-3.5350,-0.0700
61697399,sitting,-1.0099,0.0322,0.0124,0.8400,-3.5000,-0.0700
61697418,sitting,-1.0094,0.0322,0.0124,0.8050,-3.5000,-0.0700
61697437,sitting,-1.0087,0.0327,0.0134,0.8400,-3.5700,-0.0700
61697457,sitting,-1.0087,0.0317,0.0134,0.8400,-3.5350,-0.0700
61697476,sitting,-1.0097,0.0315,0.0129,0.8400,-3.5000,-0.1050
61697495,sitting,-1.0085,0.0317,0.0127,0.8400,-3.5350,-0.0350
61697514,sitting,-1.0092,0.0317,0.0132,0.8400,-3.5000,-0.1050
61697534,sitting,-1.0099,0.0325,0.0120,0.8400,-3.5000,-0.1050
61697553,sitting,-1.0089,0.0322,0.0132,0.8400,-3.5000,-0.0700
61697572,sitting,-1.0094,0.0327,0.0139,0.8400,-3.5000,-0.0700
61697591,sitting,-1.0092,0.0327,0.0127,0.8400,-3.5000,-0.0700
61697611,sitting,-1.0082,0.0325,0.0134,0.8050,-3.5000,-0.0700
61697630,sitting,-1.0092,0.0320,0.0142,0.8750,-3.5350,-0.0350
61697649,sitting,-1.0097,0.0325,0.0142,0.8400,-3.5350,-0.0350
61697668,sitting,-1.0099,0.0325,0.0124,0.8400,-3.5000,-0.1050
61697687,sitting,-1.0097,0.0317,0.0124,0.9100,-3.5000,-0.0700
61697707,sitting,-1.0087,0.0320,0.0137,0.8400,-3.5000,-0.0700
61697726,sitting,-1.0089,0.0325,0.0132,0.8400,-3.5000,-0.0700
61697745,sitting,-1.0087,0.0320,0.0127,0.9100,-3.5350,-0.0700
61697764,sitting,-1.0102,0.0315,0.0137,0.8400,-3.5700,-0.1050
61697784,sitting,-1.0089,0.0332,0.0129,0.8050,-3.5000,-0.0700
61697803,sitting,-1.0094,0.0329,0.0127,0.8050,-3.5000,-0.0350
61697822,sitting,-1.0094,0.0322,0.0127,0.8750,-3.5350,-0.0700
61697841,sitting,-1.0089,0.0322,0.0124,0.8750,-3.5350,-0.0700
61697861,sitting,-1.0094,0.0320,0.0134,0.8050,-3.4650,-0.0700
61697880,sitting,-1.0097,0.0325,0.0132,0.8400,-3.5350,-0.0700
61697899,sitting,-1.0087,0.0317,0.0129,0.8400,-3.5350,-0.0700
61697918,sitting,-1.0087,0.0320,0.0137,0.8400,-3.4650,-0.0700
61697937,sitting,-1.0092,0.0327,0.0132,0.7700,-3.5350,-0.0350
61697957,sitting,-1.0094,0.0325,0.0132,0.8400,-3.5350,0.0000
61697976,sitting,-1.0089,0.0325,0.0132,0.8050,-3.5700,-0.0350
61697995,sitting,-1.0092,0.0327,0.0132,0.8400,-3.4650,-0.1050
61698014,sitting,-1.0089,0.0320,0.0144,0.8400,-3.5350,-0.0350
61698034,sitting,-1.0094,0.0325,0.0129,0.8400,-3.5350,-0.0700
61698053,sitting,-1.0099,0.0320,0.0127,0.8400,-3.4650,-0.0350
61698072,sitting,-1.0102,0.0325,0.0129,0.8400,-3.5350,-0.0700
61698091,sitting,-1.0094,0.0315,0.0129,0.8400,-3.5350,-0.0700
61698111,sitting,-1.0099,0.0310,0.0137,0.8050,-3.5000,-0.0350
61698130,sitting,-1.0087,0.0315,0.0134,0.8750,-3.5350,-0.0350
61698149,sitting,-1.0087,0.0325,0.0132,0.8400,-3.5350,-0.0350
61698168,sitting,-1.0092,0.0325,0.0132,0.8750,-3.5000,-0.0350
61698187,sitting,-1.0104,0.0317,0.0129,0.8750,-3.5350,-0.0350
61698207,sitting,-1.0094,0.0322,0.0129,0.8750,-3.5350,-0.0700
61698226,sitting,-1.0092,0.0312,0.0142,0.8750,-3.5000,-0.0700
61698245,sitting,-1.0094,0.0327,0.0139,0.8400,-3.5350,-0.0350
61698264,sitting,-1.0089,0.0317,0.0124,0.8750,-3.5350,-0.0700
61698284,sitting,-1.0092,0.0322,0.0137,0.8750,-3.5000,-0.0700
61698303,sitting,-1.0097,0.0322,0.0137,0.8400,-3.5000,-0.1050
61698322,sitting,-1.0097,0.0325,0.0137,0.8400,-3.5350,-0.1050
61698341,sitting,-1.0089,0.0325,0.0127,0.8400,-3.5000,-0.0700
61698361,sitting,-1.0097,0.0317,0.0137,0.8400,-3.4650,-0.0700
61698380,sitting,-1.0102,0.0317,0.0129,0.9100,-3.5350,-0.0350
61698399,sitting,-1.0094,0.0317,0.0122,0.8400,-3.5350,-0.0700
61698418,sitting,-1.0092,0.0325,0.0134,0.8050,-3.5000,-0.0350
61698437,sitting,-1.0102,0.0317,0.0137,0.8400,-3.5350,-0.0700
61698457,sitting,-1.0094,0.0322,0.0129,0.8400,-3.5350,-0.0700
61698476,sitting,-1.0109,0.0325,0.0139,0.8400,-3.5350,-0.1050
61698495,sitting,-1.0094,0.0327,0.0132,0.8750,-3.5350,-0.1050
61698514,sitting,-1.0097,0.0320,0.0132,0.8750,-3.5700,-0.0700
61698534,sitting,-1.0094,0.0320,0.0144,0.8750,-3.5350,-0.0700
61698553,sitting,-1.0099,0.0322,0.0144,0.8400,-3.5000,-0.1050
61698572,sitting,-1.0104,0.0320,0.0129,0.8400,-3.5350,-0.0700
61698591,sitting,-1.0099,0.0317,0.0129,0.7700,-3.5000,-0.0700
61698611,sitting,-1.0089,0.0322,0.0129,0.8400,-3.5000,-0.0350
61698630,sitting,-1.0085,0.0317,0.0124,0.8400,-3.5350,-0.0350
61698649,sitting,-1.0094,0.0322,0.0129,0.8400,-3.5350,-0.0350
61698668,sitting,-1.0085,0.0325,0.0127,0.8400,-3.5000,-0.0700
61698687,sitting,-1.0092,0.0310,0.0124,0.8400,-3.5000,-0.0700
61698707,sitting,-1.0099,0.0312,0.0139,0.8400,-3.5000,-0.0700
61698726,sitting,-1.0097,0.0317,0.0139,0.8400,-3.4650,-0.0700
61698745,sitting,-1.0094,0.0310,0.0134,0.8400,-3.5000,-0.1050
61698764,sitting,-1.0087,0.0325,0.0139,0.8400,-3.5000,-0.1050
61698784,sitting,-1.0097,0.0325,0.0127,0.8750,-3.5000,-0.0350
61698803,sitting,-1.0092,0.0322,0.0134,0.8400,-3.4650,-0.1050
61698822,sitting,-1.0092,0.0317,0.0142,0.8400,-3.5350,-0.0700
61698841,sitting,-1.0077,0.0317,0.0137,0.8750,-3.5000,-0.0350
61698861,sitting,-1.0080,0.0315,0.0129,0.8400,-3.5350,-0.0700
61698880,sitting,-1.0085,0.0322,0.0127,0.8400,-3.5000,-0.0700
61698899,sitting,-1.0087,0.0320,0.0132,0.8400,-3.5700,-0.0700
61698918,sitting,-1.0094,0.0325,0.0122,0.8400,-3.5000,-0.0350
61698937,sitting,-1.0094,0.0315,0.0134,0.8400,-3.5000,-0.0700
61698957,sitting,-1.0085,0.0322,0.0144,0.8750,-3.6050,-0.0700
61698976,sitting,-1.0102,0.0315,0.0132,0.8400,-3.5350,-0.1050
61698995,sitting,-1.0099,0.0322,0.0142,0.8400,-3.4650,-0.1050
61699014,sitting,-1.0099,0.0325,0.0139,0.8400,-3.5350,-0.0700
61699034,sitting,-1.0094,0.0317,0.0139,0.8400,-3.5350,-0.0700
61699053,sitting,-1.0094,0.0322,0.0144,0.8050,-3.5350,-0.0700
61699072,sitting,-1.0094,0.0322,0.0122,0.8400,-3.5000,-0.0700
61699091,sitting,-1.0089,0.0315,0.0132,0.8400,-3.5000,-0.0700
61699111,sitting,-1.0092,0.0312,0.0137,0.8050,-3.4650,-0.0700
61699130,sitting,-1.0087,0.0317,0.0139,0.8400,-3.5000,-0.0700
61699149,sitting,-1.0087,0.0320,0.0129,0.8750,-3.5350,-0.0350
61699168,sitting,-1.0094,0.0325,0.0146,0.8400,-3.5350,-0.0700
61699187,sitting,-1.0089,0.0317,0.0134,0.8400,-3.4650,-0.0700
61699207,sitting,-1.0102,0.0320,0.0122,0.8400,-3.5000,-0.0700
61699226,sitting,-1.0102,0.0317,0.0129,0.8400,-3.5000,-0.0700
61699245,sitting,-1.0097,0.0317,0.0132,0.8050,-3.5350,-0.1050
61699264,sitting,-1.0085,0.0317,0.0117,0.8400,-3.5350,-0.0700
61699284,sitting,-1.0099,0.0322,0.0137,0.8400,-3.5000,-0.1050
61699303,sitting,-1.0102,0.0325,0.0134,0.8400,-3.4650,-0.1050
61699322,sitting,-1.0094,0.0315,0.0144,0.8400,-3.5000,-0.0700
61699341,sitting,-1.0104,0.0322,0.0137,0.9100,-3.5350,-0.0700
61699361,sitting,-1.0099,0.0325,0.0142,0.8400,-3.5000,-0.0700
61699380,sitting,-1.0087,0.0327,0.0127,0.8400,-3.4650,-0.0700
61699399,sitting,-1.0092,0.0320,0.0124,0.8750,-3.5000,-0.0700
61699418,sitting,-1.0097,0.0312,0.0132,0.8750,-3.5000,-0.0700
61699437,sitting,-1.0087,0.0325,0.0129,0.8750,-3.5000,-0.0350
61699457,sitting,-1.0099,0.0325,0.0124,0.8400,-3.5000,-0.0350
61699476,sitting,-1.0089,0.0320,0.0132,0.8750,-3.5000,-0.0700
61699495,sitting,-1.0085,0.0322,0.0134,0.8750,-3.5000,-0.0350
61699514,sitting,-1.0085,0.0322,0.0137,0.8050,-3.5000,-0.1050
61699534,sitting,-1.0089,0.0322,0.0134,0.8400,-3.5350,-0.0700
61699553,sitting,-1.0092,0.0312,0.0134,0.8400,-3.5000,-0.0700
61699572,sitting,-1.0085,0.0320,0.0142,0.8050,-3.5350,-0.0700
61699591,sitting,-1.0085,0.0322,0.0127,0.8400,-3.5000,-0.0700
61699611,sitting,-1.0087,0.0322,0.0122,0.8400,-3.5000,-0.0700
61699630,sitting,-1.0092,0.0320,0.0122,0.8400,-3.5000,-0.0700
61699649,sitting,-1.0085,0.0322,0.0137,0.8750,-3.5700,-0.0700
61699668,sitting,-1.0087,0.0325,0.0142,0.8750,-3.5700,0.0000
61699687,sitting,-1.0085,0.0317,0.0127,0.8400,-3.5000,-0.0700
61699707,sitting,-1.0099,0.0317,0.0129,0.8400,-3.5000,0.0000
61699726,sitting,-1.0087,0.0315,0.0134,0.8400,-3.5350,-0.0700
61699745,sitting,-1.0097,0.0310,0.0134,0.8050,-3.5000,-0.0350
61699764,sitting,-1.0109,0.0320,0.0120,0.8750,-3.5000,-0.0350
61699784,sitting,-1.0097,0.0329,0.0124,0.8750,-3.5350,-0.0700
61699803,sitting,-1.0087,0.0320,0.0127,0.8400,-3.5000,-0.1050
61699822,sitting,-1.0080,0.0310,0.0122,0.8400,-3.4650,-0.0700
61699841,sitting,-1.0089,0.0327,0.0134,0.8400,-3.5350,-0.0700
61699861,sitting,-1.0094,0.0317,0.0134,0.8400,-3.4650,-0.0700
61699880,sitting,-1.0102,0.0320,0.0142,0.8400,-3.4300,-0.1050
61699899,sitting,-1.0094,0.0317,0.0132,0.8750,-3.5000,-0.0350
61699918,sitting,-1.0099,0.0315,0.0127,0.8750,-3.5350,-0.0350
61699937,sitting,-1.0092,0.0322,0.0134,0.8400,-3.5350,-0.0350
61699957,sitting,-1.0099,0.0329,0.0129,0.8400,-3.5000,-0.0700
61699976,sitting,-1.0094,0.0325,0.0132,0.8400,-3.5350,-0.0700
61699995,sitting,-1.0094,0.0315,0.0134,0.8400,-3.4650,-0.0700
61700014,sitting,-1.0099,0.0327,0.0132,0.8400,-3.5000,-0.0350
61700034,sitting,-1.0094,0.0320,0.0137,0.8400,-3.5350,-0.0700
61700053,sitting,-1.0094,0.0317,0.0124,0.8750,-3.5700,-0.0350
61700072,sitting,-1.0094,0.0315,0.0117,0.8050,-3.5350,-0.0700
61700091,sitting,-1.0087,0.0322,0.0132,0.8400,-3.5350,-0.0700
61700111,sitting,-1.0094,0.0317,0.0122,0.8400,-3.5350,-0.0350
61700130,sitting,-1.0097,0.0322,0.0129,0.8400,-3.5000,-0.1050
61700149,sitting,-1.0092,0.0322,0.0129,0.8400,-3.5350,-0.0700
61700168,sitting,-1.0099,0.0320,0.0120,0.9100,-3.5700,-0.0350
61700187,sitting,-1.0094,0.0317,0.0122,0.8400,-3.4650,-0.0350
61700207,sitting,-1.0092,0.0317,0.0139,0.8400,-3.5700,-0.0350
61700226,sitting,-1.0092,0.0317,0.0134,0.8750,-3.5700,-0.0700
61700245,sitting,-1.0082,0.0320,0.0129,0.8400,-3.5350,-0.0350
61700264,sitting,-1.0094,0.0320,0.0134,0.8400,-3.5000,-0.0700
61700284,sitting,-1.0094,0.0322,0.0134,0.8750,-3.5000,-0.0700
61700303,sitting,-1.0099,0.0325,0.0137,0.8750,-3.5000,-0.0700
61700322,sitting,-1.0094,0.0317,0.0134,0.8050,-3.4650,-0.1050
61700341,sitting,-1.0097,0.0315,0.0124,0.8400,-3.5350,-0.0700
61700361,sitting,-1.0092,0.0322,0.0132,0.8400,-3.5000,-0.0700
61700380,sitting,-1.0094,0.0312,0.0137,0.8400,-3.4300,-0.0700
61700399,sitting,-1.0094,0.0320,0.0129,0.8750,-3.5000,-0.0700
61700418,sitting,-1.0094,0.0327,0.0134,0.8400,-3.5350,-0.0700
61700437,sitting,-1.0092,0.0327,0.0120,0.8050,-3.4300,-0.0350
61700457,sitting,-1.0094,0.0317,0.0127,0.8050,-3.5000,-0.0700
61700476,sitting,-1.0087,0.0322,0.0132,0.8750,-3.5000,-0.1050
61700495,sitting,-1.0102,0.0322,0.0134,0.8400,-3.5000,-0.0350
61700514,sitting,-1.0092,0.0327,0.0122,0.8400,-3.5000,-0.0700
61700534,sitting,-1.0082,0.0327,0.0127,0.8400,-3.5350,-0.0700
61700553,sitting,-1.0102,0.0317,0.0132,0.8400,-3.5000,-0.0700
61700572,sitting,-1.0106,0.0317,0.0127,0.8050,-3.4650,-0.1400
61700591,sitting,-1.0089,0.0325,0.0134,0.8400,-3.5350,-0.0700
61700611,sitting,-1.0094,0.0322,0.0129,0.9100,-3.5700,-0.0700
61700630,sitting,-1.0099,0.0327,0.0129,0.8400,-3.5350,-0.0700
61700649,sitting,-1.0087,0.0320,0.0134,0.8400,-3.5000,-0.0700
61700668,sitting,-1.0082,0.0322,0.0122,0.8400,-3.5350,-0.0700
61700687,sitting,-1.0092,0.0322,0.0139,0.9100,-3.5350,-0.0700
61700707,sitting,-1.0099,0.0315,0.0142,0.8400,-3.4650,-0.0700
61700726,sitting,-1.0094,0.0317,0.0122,0.8400,-3.5350,-0.0700
61700745,sitting,-1.0097,0.0317,0.0132,0.8750,-3.5700,-0.0700
61700764,sitting,-1.0104,0.0320,0.0129,0.8400,-3.4650,-0.0700
61700784,sitting,-1.0097,0.0312,0.0132,0.8750,-3.5700,-0.0700
61700803,sitting,-1.0092,0.0325,0.0122,0.8400,-3.5000,-0.0350
61700822,sitting,-1.0094,0.0317,0.0129,0.8400,-3.5000,-0.0350
61700841,sitting,-1.0092,0.0320,0.0134,0.8400,-3.5000,-0.0350
61700861,sitting,-1.0102,0.0317,0.0134,0.8750,-3.5000,-0.0700
61700880,sitting,-1.0099,0.0315,0.0129,0.8050,-3.4650,-0.1050
61700899,sitting,-1.0092,0.0320,0.0139,0.8400,-3.5000,-0.0350
61700918,sitting,-1.0089,0.0320,0.0134,0.8400,-3.5700,-0.0700
61700937,sitting,-1.0092,0.0322,0.0134,0.8400,-3.5000,-0.0700
61700957,sitting,-1.0097,0.0317,0.0127,0.8050,-3.4650,-0.0700
61700976,sitting,-1.0097,0.0329,0.0129,0.8400,-3.5000,-0.1050
61700995,sitting,-1.0092,0.0327,0.0137,0.8400,-3.5350,-0.0700
61701014,sitting,-1.0094,0.0320,0.0144,0.8750,-3.4650,-0.0700
61701034,sitting,-1.0094,0.0320,0.0132,0.8400,-3.5700,-0.0700
61701053,sitting,-1.0085,0.0322,0.0132,0.8400,-3.5700,-0.0700
61701072,sitting,-1.0092,0.0322,0.0134,0.8400,-3.5000,-0.1050
61701091,sitting,-1.0094,0.0317,0.0137,0.8400,-3.5350,-0.0700
61701111,sitting,-1.0092,0.0325,0.0139,0.8050,-3.5000,-0.0700
61701130,sitting,-1.0092,0.0317,0.0137,0.8400,-3.5000,-0.0700
61701149,sitting,-1.0099,0.0322,0.0137,0.8050,-3.4650,-0.0700
61701168,sitting,-1.0097,0.0320,0.0144,0.8400,-3.4300,-0.0700
61701187,sitting,-1.0099,0.0320,0.0129,0.8750,-3.5350,-0.0700
61701207,sitting,-1.0099,0.0317,0.0132,0.8400,-3.5000,-0.0700
61701226,sitting,-1.0089,0.0322,0.0137,0.8400,-3.5350,-0.0700
61701245,sitting,-1.0092,0.0320,0.0142,0.8400,-3.5000,-0.0350
61701264,sitting,-1.0094,0.0320,0.0134,0.8400,-3.5000,-0.0700
61701284,sitting,-1.0094,0.0320,0.0127,0.8750,-3.5350,-0.0350
61701303,sitting,-1.0089,0.0320,0.0144,0.8750,-3.5350,-0.0700
61701322,sitting,-1.0089,0.0317,0.0132,0.8400,-3.5000,-0.0700
61701341,sitting,-1.0085,0.0320,0.0134,0.8400,-3.5000,-0.1050
61701361,sitting,-1.0099,0.0332,0.0134,0.8400,-3.5350,-0.0700
61701380,sitting,-1.0094,0.0327,0.0124,0.8050,-3.5350,-0.0700
61701399,sitting,-1.0092,0.0322,0.0137,0.8750,-3.5000,-0.1050
61701418,sitting,-1.0097,0.0325,0.0137,0.8400,-3.5000,-0.0350
61701437,sitting,-1.0097,0.0325,0.0146,0.8050,-3.5350,-0.0700
61701457,sitting,-1.0094,0.0317,0.0137,0.8400,-3.4650,-0.0700
61701476,sitting,-1.0102,0.0320,0.0127,0.8400,-3.5000,-0.0700
61701495,sitting,-1.0097,0.0325,0.0127,0.8400,-3.5350,-0.0700
61701514,sitting,-1.0097,0.0325,0.0127,0.8050,-3.4650,-0.0700
61701534,sitting,-1.0097,0.0312,0.0139,0.7700,-3.4300,-0.1050
61701553,sitting,-1.0092,0.0317,0.0127,0.8050,-3.5000,-0.1050
61701572,sitting,-1.0094,0.0315,0.0134,0.8400,-3.5000,-0.0700
61701591,sitting,-1.0104,0.0317,0.0124,0.8400,-3.5000,-0.1050
61701611,sitting,-1.0097,0.0322,0.0139,0.8400,-3.5700,-0.0700
61701630,sitting,-1.0089,0.0325,0.0132,0.8750,-3.5000,-0.0700
61701649,sitting,-1.0092,0.0325,0.0142,0.8400,-3.4650,-0.0700
61701668,sitting,-1.0092,0.0322,0.0144,0.8400,-3.5000,-0.0350
61701687,sitting,-1.0094,0.0320,0.0132,0.8400,-3.5350,-0.1050
61701707,sitting,-1.0102,0.0320,0.0132,0.8050,-3.5000,-0.1050
61701726,sitting,-1.0092,0.0332,0.0129,0.8400,-3.5000,-0.1050
61701745,sitting,-1.0087,0.0322,0.0124,0.8400,-3.5000,-0.1400
61701764,sitting,-1.0087,0.0327,0.0134,0.8400,-3.5000,-0.0700
61701784,sitting,-1.0094,0.0327,0.0139,0.8400,-3.5000,-0.0350
61701803,sitting,-1.0092,0.0317,0.0124,0.8750,-3.5350,-0.0700
61701822,sitting,-1.0089,0.0320,0.0132,0.8400,-3.5000,-0.0700
61701841,sitting,-1.0099,0.0320,0.0137,0.8400,-3.4650,-0.1050
61701861,sitting,-1.0097,0.0320,0.0134,0.8400,-3.5000,-0.0700
61701880,sitting,-1.0094,0.0320,0.0134,0.8750,-3.5000,-0.0350
61701899,sitting,-1.0102,0.0325,0.0127,0.8400,-3.5350,-0.0700
61701918,sitting,-1.0094,0.0320,0.0134,0.8750,-3.5700,0.0000
61701937,sitting,-1.0085,0.0317,0.0129,0.9100,-3.5350,-0.0700
61701957,sitting,-1.0104,0.0317,0.0144,0.8400,-3.5000,-0.0700
61701976,sitting,-1.0094,0.0320,0.0139,0.8400,-3.5000,-0.0700
61701995,sitting,-1.0104,0.0322,0.0132,0.8750,-3.5700,-0.0700
61702014,sitting,-1.0104,0.0320,0.0127,0.8400,-3.5000,-0.0700
61702034,sitting,-1.0099,0.0320,0.0127,0.8050,-3.5000,-0.0350
61702053,sitting,-1.0102,0.0317,0.0132,0.8750,-3.5350,0.0000
61702072,sitting,-1.0092,0.0320,0.0124,0.9100,-3.5350,-0.0350
61702091,sitting,-1.0087,0.0320,0.0124,0.8050,-3.5000,-0.0700
61702111,sitting,-1.0102,0.0327,0.0127,0.8400,-3.5350,-0.0700
61702130,sitting,-1.0087,0.0327,0.0132,0.8400,-3.5350,-0.0350
61702149,sitting,-1.0087,0.0325,0.0127,0.8050,-3.5000,-0.0350
61702168,sitting,-1.0085,0.0325,0.0122,0.8750,-3.5000,-0.0700
61702187,sitting,-1.0092,0.0325,0.0124,0.8750,-3.5700,-0.0350
61702207,sitting,-1.0097,0.0325,0.0124,0.8400,-3.5700,-0.0350
61702226,sitting,-1.0099,0.0325,0.0132,0.8400,-3.5700,-0.0350
61702245,sitting,-1.0085,0.0322,0.0122,0.8750,-3.5000,-0.0700
61702264,sitting,-1.0092,0.0317,0.0129,0.8400,-3.5350,-0.0700
61702284,sitting,-1.0092,0.0322,0.0124,0.8400,-3.5000,0.0000
61702303,sitting,-1.0102,0.0317,0.0124,0.8750,-3.5700,0.0000
61702322,sitting,-1.0089,0.0317,0.0137,0.8400,-3.5350,-0.0700
61702341,sitting,-1.0097,0.0322,0.0132,0.8400,-3.4650,-0.1050
61702361,sitting,-1.0092,0.0320,0.0129,0.8400,-3.5350,-0.0700
61702380,sitting,-1.0089,0.0327,0.0124,0.8400,-3.5700,-0.0700
61702399,sitting,-1.0092,0.0325,0.0132,0.8400,-3.5000,-0.0700
61702418,sitting,-1.0097,0.0320,0.0132,0.8400,-3.5350,-0.0700
61702437,sitting,-1.0085,0.0315,0.0124,0.8400,-3.5000,-0.0700
61702457,sitting,-1.0092,0.0317,0.0129,0.8400,-3.5000,-0.0700
61702476,sitting,-1.0097,0.0315,0.0134,0.8400,-3.5000,-0.0700
61702495,sitting,-1.0097,0.0325,0.0137,0.8750,-3.5700,-0.0700
61702514,sitting,-1.0094,0.0325,0.0142,0.8750,-3.5000,-0.0700
61702534,sitting,-1.0099,0.0320,0.0132,0.7700,-3.5000,-0.0700
61702553,sitting,-1.0097,0.0315,0.0129,0.8050,-3.5350,-0.1050
61702572,sitting,-1.0097,0.0317,0.0122,0.8400,-3.5000,-0.0700
61702591,sitting,-1.0092,0.0320,0.0122,0.8050,-3.4650,-0.0700
61702611,sitting,-1.0106,0.0327,0.0134,0.8400,-3.5000,-0.0700
61702630,sitting,-1.0094,0.0322,0.0132,0.8400,-3.5350,-0.0700
61702649,sitting,-1.0089,0.0322,0.0127,0.8400,-3.4650,-0.0700
61702668,sitting,-1.0092,0.0322,0.0127,0.8400,-3.5000,-0.0700
61702687,sitting,-1.0094,0.0320,0.0124,0.8750,-3.5350,-0.0700
61702707,sitting,-1.0099,0.0322,0.0124,0.8750,-3.5350,-0.0700
61702726,sitting,-1.0087,0.0327,0.0134,0.8750,-3.5000,-0.1050
61702745,sitting,-1.0097,0.0317,0.0132,0.8750,-3.5000,-0.0700
61702764,sitting,-1.0097,0.0317,0.0132,0.8750,-3.5000,-0.0700
61702784,sitting,-1.0092,0.0312,0.0124,0.8400,-3.5000,-0.0700
61702803,sitting,-1.0104,0.0315,0.0129,0.8750,-3.5350,-0.0700
61702822,sitting,-1.0094,0.0312,0.0134,0.8750,-3.5700,0.0000
61702841,sitting,-1.0089,0.0320,0.0139,0.8400,-3.5350,-0.0700
61702861,sitting,-1.0099,0.0310,0.0127,0.8400,-3.5000,-0.0700
61702880,sitting,-1.0089,0.0317,0.0129,0.8750,-3.5000,-0.0700
61702899,sitting,-1.0087,0.0327,0.0132,0.8400,-3.5000,-0.0700
61702918,sitting,-1.0094,0.0320,0.0129,0.8050,-3.4650,-0.1050
61702937,sitting,-1.0099,0.0317,0.0124,0.8400,-3.5350,-0.0700
61702957,sitting,-1.0094,0.0325,0.0132,0.8400,-3.5000,-0.0700
61702976,sitting,-1.0097,0.0322,0.0127,0.8400,-3.4650,-0.1050
61702995,sitting,-1.0094,0.0325,0.0122,0.8400,-3.5350,-0.0700
61703014,sitting,-1.0097,0.0320,0.0127,0.8750,-3.5350,-0.0700
61703034,sitting,-1.0085,0.0325,0.0137,0.8400,-3.5000,-0.0700
61703053,sitting,-1.0092,0.0329,0.0142,0.8050,-3.5350,-0.0350
61703072,sitting,-1.0082,0.0315,0.0137,0.8400,-3.5000,-0.0700
61703091,sitting,-1.0085,0.0325,0.0137,0.8400,-3.5000,-0.0700
61703111,sitting,-1.0094,0.0317,0.0132,0.8400,-3.5350,-0.0700
61703130,sitting,-1.0092,0.0317,0.0137,0.8750,-3.5000,-0.1050
61703149,sitting,-1.0089,0.0317,0.0124,0.8050,-3.5000,-0.1050
61703168,sitting,-1.0099,0.0317,0.0127,0.8050,-3.4650,-0.0700
61703187,sitting,-1.0097,0.0329,0.0132,0.8400,-3.5350,-0.0700
61703207,sitting,-1.0099,0.0329,0.0139,0.8400,-3.5350,-0.0700
61703226,sitting,-1.0099,0.0315,0.0137,0.8050,-3.5000,-0.1400
61703245,sitting,-1.0097,0.0320,0.0132,0.8400,-3.5000,-0.0700
61703264,sitting,-1.0099,0.0325,0.0137,0.8400,-3.5000,-0.1050
61703284,sitting,-1.0094,0.0332,0.0134,0.8400,-3.5000,-0.0700
61703303,sitting,-1.0087,0.0325,0.0142,0.8400,-3.5350,-0.0700
61703322,sitting,-1.0094,0.0320,0.0129,0.8400,-3.5000,-0.0700
61703341,sitting,-1.0087,0.0325,0.0127,0.7700,-3.5000,-0.0700
61703361,sitting,-1.0097,0.0312,0.0124,0.8400,-3.5000,-0.0350
61703380,sitting,-1.0099,0.0325,0.0139,0.8400,-3.5350,-0.0700
61703399,sitting,-1.0097,0.0325,0.0139,0.8400,-3.5000,-0.0700
61703418,sitting,-1.0099,0.0315,0.0124,0.8750,-3.4650,-0.0700
61703437,sitting,-1.0097,0.0325,0.0142,0.8750,-3.5000,-0.0700
61703457,sitting,-1.0092,0.0327,0.0142,0.8400,-3.5350,-0.1050
61703476,sitting,-1.0092,0.0317,0.0142,0.8750,-3.5700,-0.0700
61703495,sitting,-1.0097,0.0320,0.0132,0.8400,-3.5350,-0.1050
61703514,sitting,-1.0089,0.0329,0.0134,0.8400,-3.5350,-0.0700
61703534,sitting,-1.0080,0.0325,0.0124,0.8400,-3.5000,-0.1400
61703553,sitting,-1.0097,0.0325,0.0127,0.8750,-3.5000,-0.0700
61703572,sitting,-1.0097,0.0322,0.0127,0.8750,-3.5350,-0.0700
61703591,sitting,-1.0087,0.0315,0.0137,0.9100,-3.5350,-0.0700
61703611,sitting,-1.0092,0.0322,0.0127,0.8050,-3.5000,-0.0700
61703630,sitting,-1.0092,0.0317,0.0137,0.8400,-3.5350,-0.0700
61703649,sitting,-1.0099,0.0317,0.0139,0.8400,-3.5350,-0.0700
61703668,sitting,-1.0094,0.0315,0.0132,0.8400,-3.5000,-0.0700
61703687,sitting,-1.0097,0.0312,0.0132,0.8400,-3.5000,-0.0700
61703707,sitting,-1.0102,0.0310,0.0134,0.8750,-3.5350,-0.0700
61703726,sitting,-1.0102,0.0334,0.0134,0.8750,-3.4650,-0.0700
61703745,sitting,-1.0089,0.0327,0.0129,0.8750,-3.5000,-0.0700
61703764,sitting,-1.0104,0.0322,0.0139,0.8400,-3.5000,-0.0700
61703784,sitting,-1.0097,0.0325,0.0120,0.8750,-3.5000,-0.0350
61703803,sitting,-1.0104,0.0320,0.0124,0.8050,-3.4650,-0.1050
61703822,sitting,-1.0099,0.0322,0.0127,0.8400,-3.5700,-0.0350
61703841,sitting,-1.0092,0.0322,0.0132,0.8400,-3.5000,-0.0350
61703861,sitting,-1.0087,0.0322,0.0124,0.8750,-3.4650,-0.1400
61703880,sitting,-1.0089,0.0320,0.0137,0.8750,-3.5350,-0.0700
61703899,sitting,-1.0087,0.0322,0.0120,0.8400,-3.5000,-0.0700
61703918,sitting,-1.0089,0.0315,0.0146,0.8750,-3.5000,-0.0700
61703937,sitting,-1.0092,0.0325,0.0137,0.8400,-3.5000,-0.0700
61703957,sitting,-1.0094,0.0320,0.0142,0.8400,-3.5700,-0.0700
61703976,sitting,-1.0094,0.0322,0.0124,0.8400,-3.5000,-0.0700
61703995,sitting,-1.0099,0.0332,0.0129,0.8400,-3.5350,-0.0350
61704014,sitting,-1.0099,0.0327,0.0132,0.8750,-3.5350,-0.0700
61704034,sitting,-1.0102,0.0325,0.0132,0.8750,-3.5000,-0.0700
61704053,sitting,-1.0092,0.0320,0.0124,0.8050,-3.5000,-0.0700
61704072,sitting,-1.0104,0.0322,0.0124,0.8750,-3.5350,-0.1050
61704091,sitting,-1.0102,0.0322,0.0127,0.8750,-3.5350,-0.0700
61704111,sitting,-1.0104,0.0325,0.0139,0.8050,-3.4650,-0.1050
61704130,sitting,-1.0089,0.0320,0.0124,0.8400,-3.5700,-0.0700
61704149,sitting,-1.0089,0.0322,0.0124,0.8400,-3.5700,-0.0700
61704168,sitting,-1.0089,0.0320,0.0124,0.8400,-3.5000,-0.0700
61704187,sitting,-1.0094,0.0322,0.0139,0.8050,-3.5000,-0.0350
61704207,sitting,-1.0099,0.0327,0.0144,0.8750,-3.5350,-0.0700
61704226,sitting,-1.0097,0.0327,0.0127,0.8050,-3.5000,-0.1050
61704245,sitting,-1.0102,0.0320,0.0129,0.8050,-3.5000,-0.0700
61704264,sitting,-1.0092,0.0320,0.0132,0.8400,-3.5700,-0.1050
61704284,sitting,-1.0082,0.0322,0.0129,0.8400,-3.5350,-0.0350
61704303,sitting,-1.0094,0.0322,0.0134,0.9100,-3.5350,-0.0700
61704322,sitting,-1.0092,0.0317,0.0129,0.8400,-3.5000,-0.0700
61704341,sitting,-1.0092,0.0312,0.0120,0.8400,-3.5000,-0.0700
61704361,sitting,-1.0097,0.0320,0.0132,0.8400,-3.5000,-0.0700
61704380,sitting,-1.0085,0.0325,0.0137,0.8400,-3.5350,-0.0700
61704399,sitting,-1.0089,0.0327,0.0129,0.8400,-3.5700,-0.1050
61704418,sitting,-1.0087,0.0317,0.0117,0.8750,-3.5000,-0.1050
61704437,sitting,-1.0087,0.0322,0.0132,0.8400,-3.4650,-0.0350
61704457,sitting,-1.0082,0.0317,0.0129,0.8750,-3.5000,-0.0350
61704476,sitting,-1.0087,0.0322,0.0134,0.8750,-3.5350,-0.0700
61704495,sitting,-1.0099,0.0315,0.0132,0.8400,-3.5000,-0.1400
61704514,sitting,-1.0097,0.0329,0.0139,0.8750,-3.5350,-0.0700
61704534,sitting,-1.0097,0.0320,0.0129,0.8750,-3.5350,-0.0700
61704553,sitting,-1.0097,0.0315,0.0134,0.8400,-3.4650,-0.0700
61704572,sitting,-1.0089,0.0317,0.0139,0.9100,-3.5350,-0.1050
61704591,sitting,-1.0099,0.0310,0.0139,0.8400,-3.5700,-0.0700
61704611,sitting,-1.0097,0.0317,0.0149,0.8400,-3.5000,-0.0350
61704630,sitting,-1.0097,0.0322,0.0137,0.8400,-3.4650,-0.0700
61704649,sitting,-1.0089,0.0317,0.0124,0.8400,-3.5700,-0.0350
61704668,sitting,-1.0089,0.0322,0.0132,0.8400,-3.4650,-0.0700
61704687,sitting,-1.0099,0.0322,0.0129,0.8400,-3.5000,-0.0700
61704707,sitting,-1.0097,0.0322,0.0122,0.8400,-3.5700,-0.0700
61704726,sitting,-1.0092,0.0322,0.0139,0.8400,-3.5000,-0.0700
61704745,sitting,-1.0087,0.0329,0.0127,0.8400,-3.4650,-0.0700
61704764,sitting,-1.0099,0.0317,0.0127,0.8750,-3.5350,-0.0700
61704784,sitting,-1.0092,0.0327,0.0132,0.8400,-3.5350,-0.0700
61704803,sitting,-1.0099,0.0325,0.0132,0.8400,-3.5000,-0.0700
61704822,sitting,-1.0092,0.0320,0.0129,0.8750,-3.5350,-0.0350
61704841,sitting,-1.0094,0.0317,0.0122,0.8750,-3.5700,-0.0700
61704861,sitting,-1.0097,0.0317,0.0120,0.8050,-3.5350,-0.0700
61704880,sitting,-1.0099,0.0322,0.0127,0.8400,-3.5000,-0.0700
61704899,sitting,-1.0094,0.0322,0.0129,0.8750,-3.5700,-0.0700
61704918,sitting,-1.0094,0.0327,0.0132,0.8400,-3.5000,-0.0700
61704937,sitting,-1.0092,0.0322,0.0139,0.8050,-3.5000,-0.0350
61704957,sitting,-1.0094,0.0315,0.0134,0.8400,-3.5350,-0.0700
61704976,sitting,-1.0097,0.0317,0.0132,0.8750,-3.5000,-0.0350
61704995,sitting,-1.0099,0.0315,0.0127,0.8400,-3.5000,-0.0350
61705014,sitting,-1.0094,0.0322,0.0120,0.8750,-3.5350,-0.0350
61705034,sitting,-1.0092,0.0327,0.0129,0.8750,-3.5350,-0.0700
61705053,sitting,-1.0092,0.0322,0.0144,0.8400,-3.5000,-0.0350
61705072,sitting,-1.0099,0.0325,0.0149,0.8750,-3.5350,-0.0700
61705091,sitting,-1.0082,0.0322,0.0134,0.8750,-3.5000,-0.1050
61705111,sitting,-1.0092,0.0322,0.0134,0.8750,-3.5350,-0.0700
61705130,sitting,-1.0089,0.0320,0.0124,0.8050,-3.5000,-0.0700
61705149,sitting,-1.0099,0.0320,0.0124,0.9100,-3.5000,-0.1050
61705168,sitting,-1.0097,0.0320,0.0122,0.8750,-3.5000,-0.0700
61705187,sitting,-1.0094,0.0320,0.0129,0.8400,-3.5000,-0.1050
61705207,sitting,-1.0089,0.0320,0.0124,0.8400,-3.5000,-0.0700
61705226,sitting,-1.0087,0.0320,0.0127,0.8400,-3.5000,-0.0700
61705245,sitting,-1.0102,0.0327,0.0129,0.8400,-3.5350,-0.1050
61705264,sitting,-1.0094,0.0327,0.0129,0.8400,-3.5000,-0.0700
61705284,sitting,-1.0102,0.0329,0.0129,0.8400,-3.5350,-0.0350
61705303,sitting,-1.0097,0.0322,0.0132,0.8400,-3.5000,-0.0700
61705322,sitting,-1.0094,0.0320,0.0137,0.8050,-3.4650,-0.0700
61705341,sitting,-1.0089,0.0320,0.0134,0.8400,-3.5350,-0.1050
61705361,sitting,-1.0082,0.0320,0.0132,0.8400,-3.5350,-0.0700
61705380,sitting,-1.0097,0.0320,0.0127,0.8050,-3.5000,-0.0700
61705399,sitting,-1.0094,0.0325,0.0134,0.8400,-3.5350,-0.0700
61705418,sitting,-1.0094,0.0320,0.0132,0.8400,-3.5000,-0.0700
61705437,sitting,-1.0094,0.0322,0.0129,0.8050,-3.5000,0.0000
61705457,sitting,-1.0087,0.0317,0.0139,0.8400,-3.5000,-0.0700
61705476,sitting,-1.0094,0.0320,0.0137,0.8400,-3.5000,-0.0700
61705495,sitting,-1.0092,0.0320,0.0124,0.8400,-3.5000,-0.0700
61705514,sitting,-1.0104,0.0325,0.0142,0.8750,-3.5000,-0.0350
61705534,sitting,-1.0089,0.0315,0.0124,0.8400,-3.5350,-0.0700
61705553,sitting,-1.0089,0.0320,0.0129,0.8750,-3.5000,-0.0700
61705572,sitting,-1.0094,0.0320,0.0129,0.8050,-3.5000,-0.0700
61705591,sitting,-1.0082,0.0322,0.0124,0.8750,-3.5350,-0.0700
61705611,sitting,-1.0087,0.0322,0.0129,0.8400,-3.5700,-0.0700
61705630,sitting,-1.0092,0.0320,0.0132,0.8050,-3.5000,-0.1050
61705649,sitting,-1.0092,0.0322,0.0132,0.8400,-3.5350,-0.0350
61705668,sitting,-1.0092,0.0312,0.0137,0.8400,-3.5350,-0.0700
61705687,sitting,-1.0092,0.0317,0.0146,0.8050,-3.5000,-0.0700
61705707,sitting,-1.0089,0.0315,0.0124,0.8400,-3.5000,-0.0350
61705726,sitting,-1.0094,0.0320,0.0137,0.8400,-3.5700,-0.1050
61705745,sitting,-1.0097,0.0317,0.0142,0.8750,-3.5350,-0.0350
61705764,sitting,-1.0094,0.0317,0.0129,0.8400,-3.5000,-0.0700
61705784,sitting,-1.0094,0.0327,0.0124,0.8750,-3.5350,-0.0700
61705803,sitting,-1.0080,0.0320,0.0117,0.8050,-3.5000,-0.1050
61705822,sitting,-1.0104,0.0307,0.0127,0.8400,-3.5000,-0.0700
61705841,sitting,-1.0099,0.0312,0.0134,0.8400,-3.5350,0.0000
61705861,sitting,-1.0099,0.0325,0.0137,0.8750,-3.5350,-0.0350
61705880,sitting,-1.0099,0.0329,0.0137,0.8050,-3.4650,-0.1050
61705899,sitting,-1.0097,0.0322,0.0127,0.8400,-3.4650,-0.0700
61705918,sitting,-1.0097,0.0329,0.0129,0.9100,-3.5700,-0.0700
61705937,sitting,-1.0102,0.0325,0.0134,0.8750,-3.5000,-0.0700
61705957,sitting,-1.0097,0.0322,0.0132,0.9100,-3.5350,-0.1050
61705976,sitting,-1.0094,0.0320,0.0120,0.8750,-3.5350,-0.0700
61705995,sitting,-1.0092,0.0317,0.0124,0.8050,-3.5000,-0.0700
61706014,sitting,-1.0092,0.0320,0.0127,0.8400,-3.5000,-0.0700
61706034,sitting,-1.0092,0.0317,0.0137,0.8400,-3.5000,-0.1050
61706053,sitting,-1.0097,0.0320,0.0137,0.8400,-3.5350,-0.0700
61706072,sitting,-1.0085,0.0320,0.0127,0.8750,-3.5000,-0.0700
61706091,sitting,-1.0092,0.0322,0.0129,0.8750,-3.5000,-0.0700
61706111,sitting,-1.0085,0.0315,0.0137,0.8750,-3.5350,-0.0700
61706130,sitting,-1.0092,0.0325,0.0134,0.8750,-3.5350,-0.0700
61706149,sitting,-1.0094,0.0325,0.0129,0.8400,-3.5350,0.0000
61706168,sitting,-1.0094,0.0317,0.0132,0.8400,-3.5350,-0.0700
61706187,sitting,-1.0092,0.0329,0.0132,0.8400,-3.5000,-0.0700
61706207,sitting,-1.0099,0.0317,0.0134,0.8400,-3.5350,-0.0700
61706226,sitting,-1.0087,0.0315,0.0134,0.8750,-3.5350,-0.0350
61706245,sitting,-1.0087,0.0320,0.0132,0.8750,-3.5700,-0.0350
61706264,sitting,-1.0099,0.0320,0.0124,0.8400,-3.5000,-0.0700
61706284,sitting,-1.0087,0.0320,0.0139,0.8400,-3.5350,-0.0700
61706303,sitting,-1.0082,0.0325,0.0139,0.8750,-3.5350,-0.0700
61706322,sitting,-1.0094,0.0325,0.0142,0.8050,-3.5000,-0.0350
61706341,sitting,-1.0087,0.0327,0.0129,0.8750,-3.5700,-0.0700
61706361,sitting,-1.0094,0.0317,0.0129,0.8400,-3.5350,-0.0700
61706380,sitting,-1.0085,0.0312,0.0127,0.8400,-3.5000,-0.1050
61706399,sitting,-1.0097,0.0327,0.0134,0.8400,-3.5350,-0.0700
61706418,sitting,-1.0099,0.0327,0.0139,0.8400,-3.5000,-0.1050
61706437,sitting,-1.0089,0.0320,0.0139,0.8400,-3.5350,-0.0700
61706457,sitting,-1.0106,0.0312,0.0129,0.8400,-3.5000,-0.0700
61706476,sitting,-1.0094,0.0322,0.0132,0.8400,-3.5700,-0.0700
61706495,sitting,-1.0092,0.0327,0.0132,0.8050,-3.5700,-0.0700
61706514,sitting,-1.0092,0.0332,0.0134,0.8050,-3.4650,-0.1050
61706534,sitting,-1.0092,0.0317,0.0132,0.9100,-3.5700,-0.0700
61706553,sitting,-1.0099,0.0327,0.0122,0.8400,-3.5700,-0.0700
61706572,sitting,-1.0102,0.0325,0.0127,0.8400,-3.5000,-0.0700
61706591,sitting,-1.0099,0.0325,0.0122,0.8050,-3.5700,-0.1050
61706611,sitting,-1.0097,0.0320,0.0139,0.8400,-3.5350,-0.0700
61706630,sitting,-1.0082,0.0320,0.0139,0.8400,-3.5000,-0.0700
61706649,sitting,-1.0097,0.0327,0.0132,0.8400,-3.5000,-0.0700
61706668,sitting,-1.0087,0.0312,0.0129,0.8750,-3.5000,-0.0350
61706687,sitting,-1.0094,0.0317,0.0134,0.8400,-3.5000,-0.0350
61706707,sitting,-1.0092,0.0322,0.0129,0.8400,-3.5350,-0.0700
61706726,sitting,-1.0089,0.0322,0.0127,0.8400,-3.5350,-0.0700
61706745,sitting,-1.0092,0.0325,0.0129,0.8750,-3.5350,-0.0700
61706764,sitting,-1.0082,0.0320,0.0129,0.8400,-3.5000,-0.1050
61706784,sitting,-1.0092,0.0317,0.0127,0.8050,-3.5000,-0.0350
61706803,sitting,-1.0102,0.0315,0.0137,0.8400,-3.5000,-0.0700
61706822,sitting,-1.0094,0.0310,0.0115,0.8750,-3.5000,-0.0700
61706841,sitting,-1.0097,0.0315,0.0132,0.8750,-3.4650,-0.0350
61706861,sitting,-1.0089,0.0322,0.0127,0.8400,-3.5350,-0.0700
61706880,sitting,-1.0092,0.0325,0.0134,0.8750,-3.4650,-0.0700
61706899,sitting,-1.0097,0.0325,0.0127,0.8400,-3.4650,-0.0700
61706918,sitting,-1.0097,0.0312,0.0127,0.8400,-3.5700,-0.1050
61706937,sitting,-1.0085,0.0327,0.0137,0.8750,-3.5700,-0.0700
61706957,sitting,-1.0099,0.0320,0.0124,0.8050,-3.5350,-0.0700
61706976,sitting,-1.0104,0.0320,0.0122,0.8400,-3.5350,-0.0350
61706995,sitting,-1.0097,0.0317,0.0132,0.8750,-3.5350,-0.0700
61707014,sitting,-1.0082,0.0325,0.0124,0.8050,-3.5350,-0.0350
61707034,sitting,-1.0094,0.0329,0.0124,0.8400,-3.5000,-0.0350
61707053,sitting,-1.0092,0.0320,0.0117,0.8400,-3.5350,-0.0700
61707072,sitting,-1.0092,0.0327,0.0129,0.8750,-3.5350,-0.0700
61707091,sitting,-1.0097,0.0322,0.0129,0.8050,-3.5000,-0.0700
61707111,sitting,-1.0097,0.0329,0.0132,0.8400,-3.5000,-0.0700
61707130,sitting,-1.0085,0.0320,0.0132,0.8400,-3.5000,-0.0700
61707149,sitting,-1.0092,0.0320,0.0132,0.8400,-3.5000,-0.0350
61707168,sitting,-1.0094,0.0317,0.0132,0.8750,-3.5000,-0.0700
61707187,sitting,-1.0094,0.0320,0.0115,0.8050,-3.5000,-0.0700
61707207,sitting,-1.0085,0.0315,0.0132,0.8050,-3.5000,-0.0700
61707226,sitting,-1.0092,0.0320,0.0137,0.8750,-3.5350,-0.0350
61707245,sitting,-1.0087,0.0320,0.0132,0.8400,-3.5350,-0.0700
61707264,sitting,-1.0087,0.0317,0.0120,0.8750,-3.5000,-0.0700
61707284,sitting,-1.0102,0.0329,0.0134,0.8750,-3.5000,-0.0700
61707303,sitting,-1.0099,0.0329,0.0134,0.8750,-3.5700,-0.0350
61707322,sitting,-1.0097,0.0320,0.0132,0.8400,-3.5350,-0.0350
61707341,sitting,-1.0089,0.0320,0.0134,0.8400,-3.5350,-0.0700
61707361,sitting,-1.0085,0.0322,0.0134,0.9100,-3.5700,-0.0700
61707380,sitting,-1.0092,0.0320,0.0137,0.8400,-3.5000,-0.0350
61707399,sitting,-1.0099,0.0320,0.0124,0.8050,-3.5000,-0.1050
61707418,sitting,-1.0102,0.0317,0.0120,0.8750,-3.5000,-0.0700
61707437,sitting,-1.0097,0.0317,0.0127,0.8400,-3.5000,-0.0700
61707457,sitting,-1.0087,0.0315,0.0132,0.8400,-3.5350,-0.0350
61707476,sitting,-1.0092,0.0325,0.0137,0.8400,-3.5000,-0.0700
61707495,sitting,-1.0089,0.0327,0.0142,0.9100,-3.5700,-0.0700
61707514,sitting,-1.0087,0.0325,0.0124,0.8400,-3.5350,-0.0700
61707534,sitting,-1.0099,0.0320,0.0127,0.8050,-3.5000,-0.0700
61707553,sitting,-1.0082,0.0317,0.0132,0.8400,-3.5700,-0.0700
61707572,sitting,-1.0099,0.0320,0.0134,0.8750,-3.5700,-0.0700
61707591,sitting,-1.0087,0.0317,0.0137,0.8400,-3.5000,-0.1050
61707611,sitting,-1.0087,0.0322,0.0132,0.8400,-3.5350,-0.0700
61707630,sitting,-1.0094,0.0325,0.0142,0.8750,-3.5700,-0.0700
61707649,sitting,-1.0094,0.0320,0.0132,0.8400,-3.4650,-0.0350
61707668,sitting,-1.0102,0.0327,0.0124,0.9100,-3.5350,-0.0700
61707687,sitting,-1.0092,0.0322,0.0134,0.8750,-3.5000,-0.0700
61707707,sitting,-1.0097,0.0317,0.0129,0.8050,-3.5350,-0.0700
61707726,sitting,-1.0085,0.0317,0.0139,0.8400,-3.5000,-0.0350
61707745,sitting,-1.0092,0.0315,0.0139,0.8400,-3.5350,-0.0700
61707764,sitting,-1.0092,0.0317,0.0124,0.8750,-3.5000,-0.0700
61707784,sitting,-1.0087,0.0317,0.0134,0.8400,-3.5000,-0.1050
61707803,sitting,-1.0102,0.0317,0.0132,0.8400,-3.5000,-0.1050
61707822,sitting,-1.0104,0.0320,0.0127,0.8400,-3.5000,-0.0700
61707841,sitting,-1.0097,0.0329,0.0139,0.8050,-3.4650,-0.1050
61707861,sitting,-1.0087,0.0317,0.0142,0.8400,-3.5350,-0.0700
61707880,sitting,-1.0094,0.0320,0.0129,0.8400,-3.5000,-0.1050
61707899,sitting,-1.0087,0.0315,0.0124,0.8050,-3.5000,-0.1050
61707918,sitting,-1.0087,0.0315,0.0134,0.8400,-3.5350,-0.0700
61707937,sitting,-1.0094,0.0312,0.0137,0.8400,-3.5700,-0.1050
61707957,sitting,-1.0092,0.0317,0.0132,0.8400,-3.4650,-0.0350
61707976,sitting,-1.0097,0.0317,0.0129,0.8400,-3.4650,-0.0700
61707995,sitting,-1.0092,0.0307,0.0132,0.8750,-3.5700,-0.0700
61708014,sitting,-1.0089,0.0315,0.0127,0.8050,-3.4650,-0.0700
61708034,sitting,-1.0089,0.0327,0.0132,0.8400,-3.5350,-0.0700
61708053,sitting,-1.0097,0.0320,0.0132,0.8750,-3.5350,-0.0700
61708072,sitting,-1.0089,0.0317,0.0129,0.8750,-3.5350,0.0000
61708091,sitting,-1.0087,0.0329,0.0137,0.8050,-3.5000,-0.0700
61708111,sitting,-1.0085,0.0327,0.0129,0.8750,-3.5350,-0.0700
61708130,sitting,-1.0094,0.0322,0.0129,0.8400,-3.5000,-0.0700
61708149,sitting,-1.0097,0.0327,0.0132,0.8050,-3.5000,-0.1050
61708168,sitting,-1.0089,0.0322,0.0137,0.8400,-3.5000,-0.0700
61708187,sitting,-1.0092,0.0325,0.0139,0.8750,-3.5350,-0.1050
61708207,sitting,-1.0094,0.0322,0.0127,0.8750,-3.4650,-0.0700
61708226,sitting,-1.0094,0.0325,0.0124,0.8400,-3.4650,-0.0700
61708245,sitting,-1.0097,0.0327,0.0120,0.8400,-3.5350,-0.0700
61708264,sitting,-1.0092,0.0327,0.0129,0.9100,-3.5000,-0.0700
61708284,sitting,-1.0094,0.0325,0.0127,0.8400,-3.5000,0.0000
61708303,sitting,-1.0085,0.0310,0.0132,0.8750,-3.5000,-0.0350
61708322,sitting,-1.0097,0.0312,0.0139,0.8400,-3.5000,-0.0700
61708341,sitting,-1.0097,0.0322,0.0129,0.8400,-3.5000,-0.0700
61708361,sitting,-1.0092,0.0320,0.0132,0.8400,-3.5000,-0.0700
61708380,sitting,-1.0087,0.0320,0.0139,0.8750,-3.5700,-0.0700
61708399,sitting,-1.0087,0.0320,0.0137,0.8750,-3.5000,0.0000
61708418,sitting,-1.0089,0.0322,0.0142,0.8400,-3.5000,-0.0700
61708437,sitting,-1.0099,0.0315,0.0120,0.8400,-3.5700,-0.0700
61708457,sitting,-1.0089,0.0322,0.0129,0.8750,-3.5000,-0.0700
61708476,sitting,-1.0097,0.0327,0.0132,0.8750,-3.5000,-0.0700
61708495,sitting,-1.0094,0.0317,0.0134,0.8400,-3.5350,-0.0700
61708514,sitting,-1.0102,0.0325,0.0132,0.8750,-3.5350,-0.0700
61708534,sitting,-1.0097,0.0322,0.0122,0.8400,-3.5000,-0.0350
61708553,sitting,-1.0092,0.0322,0.0129,0.8400,-3.4650,-0.0700
61708572,sitting,-1.0092,0.0325,0.0134,0.8400,-3.5000,-0.0700
61708591,sitting,-1.0097,0.0322,0.0124,0.8050,-3.4650,-0.0700
61708611,sitting,-1.0097,0.0317,0.0134,0.8050,-3.5000,-0.0700
61708630,sitting,-1.0089,0.0325,0.0127,0.9100,-3.5700,-0.0700
61708649,sitting,-1.0085,0.0320,0.0127,0.8400,-3.5350,-0.1050
61708668,sitting,-1.0094,0.0322,0.0137,0.8050,-3.5000,-0.0700
61708687,sitting,-1.0094,0.0322,0.0134,0.8750,-3.5350,-0.0700
61708707,sitting,-1.0092,0.0317,0.0134,0.8400,-3.5700,-0.0350
61708726,sitting,-1.0092,0.0322,0.0127,0.8400,-3.5350,-0.0700
61708745,sitting,-1.0087,0.0315,0.0127,0.8750,-3.5350,-0.0700
61708764,sitting,-1.0092,0.0320,0.0132,0.8400,-3.5350,-0.0700
61708784,sitting,-1.0092,0.0322,0.0127,0.8750,-3.5350,-0.0700
61708803,sitting,-1.0099,0.0320,0.0132,0.8400,-3.5000,-0.0700
61708822,sitting,-1.0104,0.0320,0.0139,0.8400,-3.5350,-0.0700
61708841,sitting,-1.0092,0.0320,0.0134,0.8400,-3.5000,-0.1400
61708861,sitting,-1.0080,0.0325,0.0124,0.8400,-3.5000,-0.1050
61708880,sitting,-1.0097,0.0322,0.0132,0.8750,-3.5350,-0.0700
61708899,sitting,-1.0099,0.0317,0.0139,0.8400,-3.5700,-0.0700
61708918,sitting,-1.0097,0.0317,0.0132,0.8400,-3.5000,-0.1050
61708937,sitting,-1.0089,0.0317,0.0127,0.8400,-3.5350,-0.0350
61708957,sitting,-1.0089,0.0325,0.0132,0.8400,-3.5350,-0.0700
61708976,sitting,-1.0085,0.0320,0.0137,0.8050,-3.4650,-0.0700
61708995,sitting,-1.0087,0.0317,0.0132,0.9100,-3.5000,-0.0700
61709014,sitting,-1.0089,0.0327,0.0137,0.8400,-3.5000,-0.1050
61709034,sitting,-1.0092,0.0327,0.0134,0.8400,-3.4650,-0.1050
61709053,sitting,-1.0092,0.0325,0.0127,0.8400,-3.5000,-0.0700
61709072,sitting,-1.0092,0.0315,0.0127,0.8750,-3.5350,-0.0350
61709091,sitting,-1.0102,0.0325,0.0132,0.8750,-3.5350,0.0000
61709111,sitting,-1.0089,0.0327,0.0134,0.8400,-3.5000,-0.0700
61709130,sitting,-1.0089,0.0322,0.0142,0.8400,-3.5000,-0.0700
61709149,sitting,-1.0092,0.0327,0.0134,0.8750,-3.5350,0.0000
61709168,sitting,-1.0089,0.0320,0.0127,0.8400,-3.5000,-0.0700
61709187,sitting,-1.0097,0.0322,0.0127,0.8400,-3.5000,-0.0700
61709207,sitting,-1.0089,0.0329,0.0134,0.8750,-3.5350,-0.0700
61709226,sitting,-1.0092,0.0325,0.0132,0.8050,-3.5000,-0.0700
61709245,sitting,-1.0087,0.0325,0.0129,0.8400,-3.5000,-0.0700
61709264,sitting,-1.0085,0.0327,0.0129,0.8400,-3.5000,-0.0700
61709284,sitting,-1.0089,0.0322,0.0132,0.8400,-3.5350,-0.0700
61709303,sitting,-1.0082,0.0325,0.0129,0.8400,-3.5000,-0.0700
61709322,sitting,-1.0087,0.0325,0.0127,0.8750,-3.5000,-0.0700
61709341,sitting,-1.0092,0.0315,0.0129,0.8400,-3.5350,-0.0700
61709361,sitting,-1.0089,0.0322,0.0124,0.8050,-3.5000,-0.1050
61709380,sitting,-1.0092,0.0320,0.0142,0.8400,-3.5000,-0.0700
61709399,sitting,-1.0092,0.0315,0.0129,0.8400,-3.5350,-0.0700
61709418,sitting,-1.0092,0.0322,0.0129,0.8400,-3.5000,-0.0700
61709437,sitting,-1.0102,0.0322,0.0137,0.8750,-3.5700,-0.0350
61709457,sitting,-1.0099,0.0322,0.0127,0.8750,-3.5700,-0.0700
61709476,sitting,-1.0099,0.0317,0.0129,0.8750,-3.4300,-0.0700
61709495,sitting,-1.0097,0.0325,0.0142,0.7700,-3.5000,-0.0700
61709514,sitting,-1.0092,0.0322,0.0142,0.8400,-3.5000,-0.0700
61709534,sitting,-1.0094,0.0325,0.0134,0.8400,-3.5000,-0.0700
61709553,sitting,-1.0085,0.0327,0.0132,0.8400,-3.5000,-0.0700
61709572,sitting,-1.0089,0.0322,0.0127,0.8400,-3.5350,-0.1050
61709591,sitting,-1.0094,0.0320,0.0132,0.8750,-3.5000,0.0000
61709611,sitting,-1.0097,0.0317,0.0132,0.8400,-3.5000,-0.0700
61709630,sitting,-1.0094,0.0315,0.0129,0.8400,-3.5000,-0.0700
61709649,sitting,-1.0085,0.0325,0.0129,0.8750,-3.5350,-0.0350
61709668,sitting,-1.0087,0.0322,0.0134,0.8400,-3.5000,-0.0700
61709687,sitting,-1.0097,0.0322,0.0134,0.8050,-3.5000,-0.0700
61709707,sitting,-1.0092,0.0322,0.0120,0.8750,-3.5350,-0.0700
61709726,sitting,-1.0089,0.0329,0.0122,0.8400,-3.5350,-0.0700
61709745,sitting,-1.0094,0.0329,0.0129,0.8400,-3.5000,-0.1050
61709764,sitting,-1.0089,0.0320,0.0134,0.8400,-3.5700,-0.0350
61709784,sitting,-1.0092,0.0315,0.0129,0.8400,-3.5350,-0.0700
61709803,sitting,-1.0094,0.0320,0.0129,0.8400,-3.5000,-0.0700
61709822,sitting,-1.0089,0.0317,0.0134,0.8050,-3.5350,-0.1050
61709841,sitting,-1.0092,0.0322,0.0132,0.8400,-3.5000,-0.0700
61709861,sitting,-1.0094,0.0322,0.0124,0.8050,-3.5000,-0.1050
61709880,sitting,-1.0094,0.0320,0.0134,0.8400,-3.5000,-0.1050
61709899,sitting,-1.0085,0.0320,0.0132,0.8400,-3.5350,-0.0700
61709918,sitting,-1.0099,0.0325,0.0120,0.8400,-3.5350,-0.1050
61709937,sitting,-1.0099,0.0312,0.0134,0.8050,-3.5000,-0.0700
61709957,sitting,-1.0092,0.0322,0.0129,0.8750,-3.4650,-0.0700
61709976,sitting,-1.0097,0.0320,0.0134,0.8750,-3.5350,-0.0700
61709995,sitting,-1.0104,0.0322,0.0139,0.7700,-3.5000,-0.1050
61710014,sitting,-1.0097,0.0320,0.0139,0.8400,-3.5000,-0.0700
61710034,sitting,-1.0092,0.0325,0.0132,0.8400,-3.5000,-0.0700
61710053,sitting,-1.0094,0.0320,0.0127,0.8400,-3.5000,-0.1050
61710072,sitting,-1.0087,0.0327,0.0134,0.8750,-3.5350,-0.1050
61710091,sitting,-1.0089,0.0322,0.0120,0.8750,-3.5350,-0.1050
61710111,sitting,-1.0094,0.0320,0.0124,0.8750,-3.5350,-0.0700
61710130,sitting,-1.0087,0.0322,0.0129,0.8400,-3.4650,-0.0700
61710149,sitting,-1.0104,0.0322,0.0129,0.8750,-3.5700,-0.1050
61710168,sitting,-1.0097,0.0315,0.0137,0.8750,-3.5700,-0.0350
61710187,sitting,-1.0094,0.0320,0.0124,0.8400,-3.4650,-0.0700
61710207,sitting,-1.0085,0.0322,0.0134,0.8400,-3.5350,-0.0700
61710226,sitting,-1.0089,0.0322,0.0139,0.8400,-3.5000,-0.1050
61710245,sitting,-1.0094,0.0312,0.0129,0.8050,-3.5000,-0.0700
61710264,sitting,-1.0097,0.0325,0.0132,0.8750,-3.5350,-0.0350
61710284,sitting,-1.0106,0.0322,0.0127,0.8750,-3.5350,-0.0700
61710303,sitting,-1.0097,0.0320,0.0129,0.8050,-3.4650,-0.0700
61710322,sitting,-1.0102,0.0329,0.0129,0.8750,-3.4650,-0.0700
61710341,sitting,-1.0087,0.0320,0.0127,0.8750,-3.5350,-0.0700
61710361,sitting,-1.0089,0.0322,0.0134,0.8400,-3.5000,-0.0700
61710380,sitting,-1.0087,0.0327,0.0137,0.8400,-3.4650,-0.1050
61710399,sitting,-1.0097,0.0325,0.0120,0.8750,-3.5350,-0.0350
61710418,sitting,-1.0094,0.0322,0.0122,0.8400,-3.5000,-0.0700
61710437,sitting,-1.0102,0.0315,0.0132,0.8400,-3.4650,-0.0350
61710457,sitting,-1.0102,0.0317,0.0122,0.8750,-3.5000,-0.0700
61710476,sitting,-1.0097,0.0322,0.0124,0.8750,-3.5000,-0.0700
61710495,sitting,-1.0099,0.0322,0.0127,0.8400,-3.5000,0.0000
61710514,sitting,-1.0094,0.0320,0.0134,0.8750,-3.5350,-0.0350
61710534,sitting,-1.0097,0.0322,0.0137,0.8750,-3.5000,-0.0700
61710553,sitting,-1.0097,0.0315,0.0127,0.8050,-3.5350,-0.0700
61710572,sitting,-1.0087,0.0315,0.0120,0.8400,-3.5000,-0.0700
61710591,sitting,-1.0087,0.0325,0.0132,0.8750,-3.5350,-0.0700
61710611,sitting,-1.0085,0.0315,0.0132,0.8750,-3.5350,-0.0700
61710630,sitting,-1.0092,0.0325,0.0137,0.8400,-3.5000,-0.0700
61710649,sitting,-1.0085,0.0325,0.0132,0.8400,-3.5700,-0.1050
61710668,sitting,-1.0087,0.0327,0.0134,0.8400,-3.5350,-0.0700
61710687,sitting,-1.0092,0.0322,0.0129,0.8400,-3.5000,-0.0700
61710707,sitting,-1.0087,0.0327,0.0134,0.8400,-3.5000,-0.0700
61710726,sitting,-1.0097,0.0320,0.0124,0.8750,-3.5000,-0.0700
61710745,sitting,-1.0097,0.0325,0.0134,0.8400,-3.5000,-0.0700
61710764,sitting,-1.0089,0.0320,0.0144,0.8400,-3.5000,-0.1050
61710784,sitting,-1.0094,0.0322,0.0134,0.8750,-3.5350,-0.0700
61710803,sitting,-1.0097,0.0320,0.0139,0.8750,-3.5000,-0.0350
61710822,sitting,-1.0092,0.0322,0.0127,0.8400,-3.5000,-0.1050
61710841,sitting,-1.0089,0.0315,0.0122,0.8750,-3.5700,-0.0350
61710861,sitting,-1.0087,0.0320,0.0137,0.8400,-3.5000,-0.0350
61710880,sitting,-1.0092,0.0322,0.0127,0.8400,-3.5350,-0.0350
61710899,sitting,-1.0099,0.0312,0.0134,0.8400,-3.5350,-0.0700
61710918,sitting,-1.0102,0.0317,0.0127,0.8750,-3.5000,-0.0700
61710937,sitting,-1.0094,0.0317,0.0120,0.8050,-3.4300,-0.0700
61710957,sitting,-1.0085,0.0325,0.0127,0.9100,-3.5350,-0.0700
61710976,sitting,-1.0094,0.0322,0.0120,0.8750,-3.5700,-0.0700
61710995,sitting,-1.0089,0.0320,0.0127,0.8750,-3.4650,-0.1050
61711014,sitting,-1.0094,0.0320,0.0129,0.8400,-3.5000,-0.0350
61711034,sitting,-1.0094,0.0327,0.0122,0.8400,-3.5350,-0.0350
61711053,sitting,-1.0089,0.0325,0.0134,0.8400,-3.5000,-0.0350
61711072,sitting,-1.0092,0.0325,0.0134,0.8400,-3.5000,0.0000
61711091,sitting,-1.0102,0.0327,0.0142,0.8750,-3.5700,-0.0700
61711111,sitting,-1.0094,0.0315,0.0129,0.9100,-3.5350,-0.0700
61711130,sitting,-1.0092,0.0315,0.0124,0.8400,-3.5000,-0.0350
61711149,sitting,-1.0085,0.0320,0.0134,0.8400,-3.5000,-0.0700
61711168,sitting,-1.0087,0.0315,0.0132,0.8400,-3.5700,-0.0350
61711187,sitting,-1.0092,0.0315,0.0127,0.8400,-3.5000,-0.0700
61711207,sitting,-1.0092,0.0320,0.0127,0.8400,-3.5350,-0.0700
61711226,sitting,-1.0085,0.0315,0.0127,0.8750,-3.5350,-0.0700
61711245,sitting,-1.0085,0.0332,0.0129,0.8750,-3.5000,0.0000
61711264,sitting,-1.0092,0.0322,0.0134,0.8400,-3.4650,-0.0350
61711284,sitting,-1.0104,0.0325,0.0134,0.8400,-3.5000,-0.0700
61711303,sitting,-1.0094,0.0320,0.0127,0.8400,-3.5000,-0.0700
61711322,sitting,-1.0089,0.0315,0.0127,0.8400,-3.5000,-0.0700
61711341,sitting,-1.0092,0.0320,0.0124,0.8400,-3.5000,-0.0350
61711361,sitting,-1.0082,0.0322,0.0134,0.8400,-3.5000,-0.0700
61711380,sitting,-1.0089,0.0317,0.0132,0.8400,-3.4650,-0.0700
61711399,sitting,-1.0099,0.0315,0.0129,0.8400,-3.5000,-0.0350
61711418,sitting,-1.0089,0.0322,0.0132,0.8400,-3.5000,-0.0700
61711437,sitting,-1.0082,0.0327,0.0129,0.8400,-3.4650,-0.0700
61711457,sitting,-1.0097,0.0325,0.0134,0.8400,-3.4650,-0.0700
61711476,sitting,-1.0089,0.0322,0.0132,0.8750,-3.5350,-0.0700
61711495,sitting,-1.0089,0.0317,0.0134,0.8750,-3.6050,-0.0700
61711514,sitting,-1.0087,0.0322,0.0122,0.8050,-3.4650,-0.1050
61711534,sitting,-1.0092,0.0320,0.0132,0.8400,-3.5700,-0.0700
61711553,sitting,-1.0097,0.0322,0.0132,0.8400,-3.5350,-0.0350
61711572,sitting,-1.0087,0.0320,0.0124,0.8400,-3.5700,-0.0350
61711591,sitting,-1.0082,0.0315,0.0129,0.8400,-3.5350,-0.0700
61711611,sitting,-1.0092,0.0317,0.0139,0.8400,-3.5000,-0.0700
61711630,sitting,-1.0094,0.0312,0.0132,0.8400,-3.5000,-0.0700
61711649,sitting,-1.0097,0.0310,0.0127,0.8400,-3.5000,-0.0350
61711668,sitting,-1.0092,0.0317,0.0134,0.8050,-3.5000,-0.0350
61711687,sitting,-1.0097,0.0315,0.0122,0.8400,-3.5000,-0.0700
61711707,sitting,-1.0092,0.0320,0.0134,0.8400,-3.5000,-0.0700
61711726,sitting,-1.0092,0.0320,0.0137,0.8750,-3.5350,-0.0350
61711745,sitting,-1.0097,0.0317,0.0124,0.8400,-3.5000,-0.0700
61711764,sitting,-1.0097,0.0320,0.0127,0.8050,-3.5000,-0.0700
61711784,sitting,-1.0094,0.0315,0.0134,0.8400,-3.5350,-0.0700
61711803,sitting,-1.0092,0.0317,0.0124,0.8400,-3.5000,-0.0350
61711822,sitting,-1.0085,0.0322,0.0132,0.8400,-3.5000,-0.0700
61711841,sitting,-1.0094,0.0317,0.0124,0.8400,-3.4650,-0.0700
61711861,sitting,-1.0092,0.0322,0.0132,0.8400,-3.5350,-0.0700
61711880,sitting,-1.0092,0.0307,0.0127,0.8400,-3.5000,-0.0350
61711899,sitting,-1.0087,0.0320,0.0139,0.8750,-3.5350,-0.0700
61711918,sitting,-1.0104,0.0325,0.0139,0.8750,-3.5350,-0.0350
61711937,sitting,-1.0094,0.0312,0.0146,0.8750,-3.5700,0.0000
61711957,sitting,-1.0089,0.0327,0.0129,0.8050,-3.5000,-0.1050
61711976,sitting,-1.0094,0.0320,0.0124,0.8400,-3.5350,-0.0350
61711995,sitting,-1.0089,0.0322,0.0127,0.8400,-3.5350,-0.0350
61712014,sitting,-1.0102,0.0320,0.0129,0.8400,-3.4650,-0.0350
61712034,sitting,-1.0097,0.0320,0.0124,0.8400,-3.5000,-0.0700
61712053,sitting,-1.0085,0.0317,0.0127,0.8750,-3.5350,-0.0700
61712072,sitting,-1.0087,0.0312,0.0142,0.8400,-3.4650,-0.0700
61712091,sitting,-1.0102,0.0322,0.0127,0.8750,-3.5350,-0.0350
61712111,sitting,-1.0099,0.0327,0.0124,0.8400,-3.5350,-0.0350
61712130,sitting,-1.0094,0.0322,0.0137,0.8400,-3.5000,-0.0700
61712149,sitting,-1.0097,0.0317,0.0132,0.8400,-3.5000,-0.0700
61712168,sitting,-1.0102,0.0320,0.0129,0.8400,-3.5700,0.0000
61712187,sitting,-1.0082,0.0327,0.0137,0.8400,-3.5350,-0.0700
61712207,sitting,-1.0097,0.0320,0.0127,0.7700,-3.4650,-0.1050
61712226,sitting,-1.0097,0.0322,0.0127,0.8750,-3.5000,-0.0700
61712245,sitting,-1.0092,0.0317,0.0129,0.8400,-3.5000,-0.0700
61712264,sitting,-1.0104,0.0315,0.0124,0.8400,-3.5000,-0.0700
61712284,sitting,-1.0089,0.0320,0.0129,0.8750,-3.5700,-0.0700
61712303,sitting,-1.0092,0.0327,0.0122,0.8750,-3.5700,-0.0700
61712322,sitting,-1.0097,0.0310,0.0132,0.8050,-3.5000,-0.0700
61712341,sitting,-1.0092,0.0317,0.0137,0.8050,-3.5350,-0.0350
61712361,sitting,-1.0089,0.0315,0.0129,0.8400,-3.4650,-0.0350
61712380,sitting,-1.0087,0.0312,0.0134,0.8400,-3.5350,-0.0700
61712399,sitting,-1.0089,0.0320,0.0124,0.8400,-3.5000,-0.0700
61712418,sitting,-1.0092,0.0317,0.0120,0.8400,-3.5000,-0.0350
61712437,sitting,-1.0087,0.0325,0.0132,0.8400,-3.5000,-0.0350
61712457,sitting,-1.0104,0.0327,0.0134,0.8400,-3.5000,-0.0350
61712476,sitting,-1.0087,0.0327,0.0127,0.8400,-3.5700,-0.0700
61712495,sitting,-1.0089,0.0322,0.0129,0.8750,-3.5700,-0.0700
61712514,sitting,-1.0087,0.0329,0.0129,0.8750,-3.4650,-0.0700
61712534,sitting,-1.0099,0.0325,0.0132,0.8400,-3.5000,-0.0700
61712553,sitting,-1.0092,0.0320,0.0132,0.8400,-3.5700,-0.0350
61712572,sitting,-1.0097,0.0317,0.0134,0.8400,-3.5000,-0.0700
61712591,sitting,-1.0094,0.0327,0.0142,0.8400,-3.5000,-0.0700
61712611,sitting,-1.0085,0.0315,0.0132,0.8400,-3.5350,-0.0700
61712630,sitting,-1.0092,0.0310,0.0132,0.8400,-3.5700,0.0000
61712649,sitting,-1.0087,0.0320,0.0127,0.8400,-3.5000,-0.0700
61712668,sitting,-1.0092,0.0325,0.0132,0.8400,-3.5000,-0.0700
61712687,sitting,-1.0092,0.0325,0.0139,0.8750,-3.5000,-0.0700
61712707,sitting,-1.0092,0.0322,0.0132,0.8050,-3.5000,-0.0700
61712726,sitting,-1.0094,0.0312,0.0129,0.8400,-3.5000,-0.0700
61712745,sitting,-1.0092,0.0325,0.0129,0.8750,-3.5350,-0.0700
61712764,sitting,-1.0099,0.0332,0.0129,0.8050,-3.4650,-0.1050
61712784,sitting,-1.0094,0.0327,0.0124,0.8050,-3.5000,-0.0350
61712803,sitting,-1.0099,0.0315,0.0127,0.8750,-3.5000,-0.0700
61712822,sitting,-1.0097,0.0320,0.0134,0.8400,-3.5350,-0.0700
61712841,sitting,-1.0094,0.0317,0.0122,0.8750,-3.4650,-0.0350
61712861,sitting,-1.0087,0.0315,0.0129,0.8750,-3.5000,-0.0700
61712880,sitting,-1.0097,0.0325,0.0137,0.8400,-3.5000,-0.0700
61712899,sitting,-1.0097,0.0320,0.0134,0.8400,-3.4650,-0.0700
61712918,sitting,-1.0089,0.0322,0.0132,0.8750,-3.5350,-0.0700
61712937,sitting,-1.0097,0.0320,0.0127,0.8050,-3.5000,-0.0350
61712957,sitting,-1.0092,0.0317,0.0132,0.8400,-3.5000,-0.0700
61712976,sitting,-1.0094,0.0317,0.0137,0.8750,-3.5000,-0.0700
61712995,sitting,-1.0089,0.0317,0.0137,0.8750,-3.5350,-0.0700
61713014,sitting,-1.0092,0.0317,0.0129,0.8750,-3.4650,-0.0700
61713034,sitting,-1.0080,0.0322,0.0122,0.8400,-3.5350,-0.0700
61713053,sitting,-1.0085,0.0320,0.0134,0.8400,-3.5350,-0.0700
61713072,sitting,-1.0099,0.0327,0.0132,0.8750,-3.5000,-0.0700
61713091,sitting,-1.0099,0.0325,0.0132,0.8050,-3.4650,-0.0700
61713111,sitting,-1.0085,0.0325,0.0124,0.8750,-3.5000,-0.0350
61713130,sitting,-1.0097,0.0317,0.0137,0.8400,-3.5000,-0.0700
61713149,sitting,-1.0089,0.0325,0.0134,0.8400,-3.5000,-0.1050
61713168,sitting,-1.0085,0.0317,0.0132,0.7700,-3.4650,-0.0700
61713187,sitting,-1.0092,0.0320,0.0134,0.8400,-3.5350,-0.0700
61713207,sitting,-1.0094,0.0320,0.0134,0.8400,-3.5000,-0.0700
61713226,sitting,-1.0089,0.0327,0.0134,0.8050,-3.5000,-0.1050
61713245,sitting,-1.0092,0.0322,0.0127,0.8750,-3.5350,-0.0700
61713264,sitting,-1.0087,0.0315,0.0132,0.8400,-3.5350,-0.0700
61713284,sitting,-1.0099,0.0322,0.0124,0.8400,-3.5000,-0.0700
61713303,sitting,-1.0099,0.0322,0.0129,0.9100,-3.5350,-0.0700
61713322,sitting,-1.0097,0.0325,0.0132,0.8750,-3.5700,-0.0350
61713341,sitting,-1.0097,0.0322,0.0134,0.8400,-3.5000,-0.0700
61713361,sitting,-1.0099,0.0322,0.0137,0.9100,-3.5350,-0.0700
61713380,sitting,-1.0092,0.0320,0.0137,0.8400,-3.5700,-0.0700
61713399,sitting,-1.0094,0.0315,0.0122,0.8050,-3.5350,-0.0700
61713418,sitting,-1.0102,0.0312,0.0132,0.8750,-3.5350,-0.0350
61713437,sitting,-1.0094,0.0322,0.0137,0.8400,-3.5700,-0.0350
61713457,sitting,-1.0089,0.0320,0.0129,0.8400,-3.5000,-0.0700
61713476,sitting,-1.0094,0.0320,0.0132,0.8400,-3.4650,-0.0700
61713495,sitting,-1.0089,0.0332,0.0134,0.8400,-3.5350,-0.0700
61713514,sitting,-1.0082,0.0320,0.0137,0.8400,-3.5350,-0.0700
61713534,sitting,-1.0092,0.0315,0.0132,0.8050,-3.4650,-0.0350
61713553,sitting,-1.0097,0.0317,0.0134,0.8750,-3.5000,-0.0350
61713572,sitting,-1.0089,0.0329,0.0139,0.8750,-3.5700,-0.0350
61713591,sitting,-1.0085,0.0322,0.0139,0.8050,-3.5000,-0.0700
61713611,sitting,-1.0094,0.0325,0.0122,0.8400,-3.5000,-0.0350
61713630,sitting,-1.0092,0.0325,0.0124,0.8400,-3.5350,-0.0700
61713649,sitting,-1.0099,0.0320,0.0129,0.8400,-3.5350,-0.0350
61713668,sitting,-1.0092,0.0320,0.0127,0.8400,-3.4650,-0.1050
61713687,sitting,-1.0097,0.0325,0.0122,0.8400,-3.5350,-0.0700
61713707,sitting,-1.0099,0.0315,0.0139,0.8750,-3.5700,-0.0350
61713726,sitting,-1.0085,0.0317,0.0120,0.8400,-3.5000,-0.0700
61713745,sitting,-1.0092,0.0312,0.0137,0.9100,-3.5350,-0.0350
61713764,sitting,-1.0094,0.0325,0.0137,0.8750,-3.5350,-0.0700
61713784,sitting,-1.0094,0.0320,0.0134,0.8400,-3.5000,-0.0700
61713803,sitting,-1.0089,0.0312,0.0137,0.8750,-3.5350,-0.0350
61713822,sitting,-1.0094,0.0329,0.0137,0.8400,-3.5700,0.0000
61713841,sitting,-1.0089,0.0322,0.0134,0.8400,-3.4650,-0.0700
61713861,sitting,-1.0099,0.0334,0.0124,0.8400,-3.5350,0.0000
61713880,sitting,-1.0097,0.0327,0.0129,0.8400,-3.5000,-0.0700
61713899,sitting,-1.0089,0.0329,0.0132,0.8400,-3.5000,-0.0700
61713918,sitting,-1.0087,0.0322,0.0137,0.8400,-3.5350,-0.0700
61713937,sitting,-1.0094,0.0320,0.0132,0.9100,-3.5700,-0.0700
61713957,sitting,-1.0102,0.0322,0.0139,0.8400,-3.5700,-0.0700
61713976,sitting,-1.0097,0.0320,0.0139,0.8400,-3.5000,-0.1050
61713995,sitting,-1.0097,0.0312,0.0129,0.8400,-3.5350,-0.0700
61714014,sitting,-1.0094,0.0315,0.0137,0.8400,-3.5350,-0.0700
61714034,sitting,-1.0099,0.0315,0.0137,0.8050,-3.5000,-0.1050
61714053,sitting,-1.0097,0.0317,0.0146,0.8400,-3.5700,-0.1050
61714072,sitting,-1.0085,0.0317,0.0137,0.8750,-3.5000,-0.0700
61714091,sitting,-1.0094,0.0325,0.0129,0.8400,-3.4650,-0.0700
61714111,sitting,-1.0099,0.0327,0.0124,0.8050,-3.5000,-0.0700
61714130,sitting,-1.0080,0.0329,0.0132,0.8400,-3.5700,-0.0700
61714149,sitting,-1.0089,0.0322,0.0137,0.8750,-3.5700,-0.0700
61714168,sitting,-1.0094,0.0317,0.0134,0.8750,-3.5350,-0.1050
61714187,sitting,-1.0085,0.0320,0.0132,0.8400,-3.5350,-0.0700
61714207,sitting,-1.0087,0.0325,0.0129,0.8400,-3.5000,-0.0350
61714226,sitting,-1.0097,0.0327,0.0129,0.8050,-3.4650,-0.0700
61714245,sitting,-1.0089,0.0320,0.0132,0.8750,-3.5000,-0.0700
61714264,sitting,-1.0097,0.0320,0.0134,0.8400,-3.5000,-0.0700
61714284,sitting,-1.0099,0.0317,0.0122,0.8400,-3.4650,-0.0700
61714303,sitting,-1.0099,0.0315,0.0124,0.8400,-3.5350,-0.0700
61714322,sitting,-1.0094,0.0327,0.0122,0.8750,-3.5350,-0.0700
61714341,sitting,-1.0082,0.0320,0.0122,0.8400,-3.5000,-0.0350
61714361,sitting,-1.0092,0.0317,0.0129,0.8400,-3.5000,-0.0700
61714380,sitting,-1.0099,0.0315,0.0134,0.8750,-3.5350,-0.1050
61714399,sitting,-1.0092,0.0320,0.0120,0.8400,-3.5350,0.0000
61714418,sitting,-1.0097,0.0312,0.0124,0.8400,-3.4650,-0.0700
61714437,sitting,-1.0092,0.0315,0.0122,0.8750,-3.5000,-0.0700
61714457,sitting,-1.0085,0.0320,0.0134,0.8400,-3.5350,-0.0350
61714476,sitting,-1.0092,0.0325,0.0127,0.8750,-3.5000,-0.0350
61714495,sitting,-1.0092,0.0322,0.0132,0.8750,-3.5350,-0.0700
61714514,sitting,-1.0092,0.0312,0.0132,0.8750,-3.5700,-0.0700
61714534,sitting,-1.0097,0.0320,0.0139,0.8400,-3.5000,-0.0700
61714553,sitting,-1.0094,0.0320,0.0124,0.8400,-3.5000,-0.0350
61714572,sitting,-1.0094,0.0322,0.0132,0.8400,-3.5000,-0.0700
61714591,sitting,-1.0089,0.0322,0.0132,0.9100,-3.5000,-0.0700
61714611,sitting,-1.0089,0.0317,0.0134,0.8400,-3.4650,-0.0700
61714630,sitting,-1.0087,0.0322,0.0132,0.8400,-3.5350,-0.1050
61714649,sitting,-1.0094,0.0325,0.0139,0.8400,-3.5350,-0.0700
61714668,sitting,-1.0092,0.0315,0.0134,0.8400,-3.4650,-0.0700
61714687,sitting,-1.0092,0.0317,0.0127,0.8400,-3.5350,-0.0700
61714707,sitting,-1.0094,0.0329,0.0134,0.9100,-3.5700,-0.0700
61714726,sitting,-1.0087,0.0327,0.0134,0.8750,-3.5350,-0.0700
61714745,sitting,-1.0097,0.0325,0.0134,0.8750,-3.5350,-0.0700
61714764,sitting,-1.0089,0.0312,0.0132,0.8750,-3.5350,-0.0700
61714784,sitting,-1.0092,0.0322,0.0132,0.8400,-3.5000,-0.0350
61714803,sitting,-1.0097,0.0322,0.0137,0.8400,-3.4650,-0.0700
61714822,sitting,-1.0089,0.0327,0.0137,0.8400,-3.5350,-0.0700
61714841,sitting,-1.0087,0.0325,0.0124,0.8750,-3.5000,-0.0700
61714861,sitting,-1.0094,0.0327,0.0127,0.8750,-3.5000,-0.0350
61714880,sitting,-1.0097,0.0322,0.0124,0.8750,-3.5350,-0.0700
61714899,sitting,-1.0094,0.0320,0.0129,0.8400,-3.5350,-0.0700
61714918,sitting,-1.0102,0.0322,0.0127,0.8400,-3.5000,-0.0700
61714937,sitting,-1.0094,0.0315,0.0132,0.8400,-3.5000,-0.0700
61714957,sitting,-1.0099,0.0315,0.0124,0.8750,-3.5000,-0.0700
61714976,sitting,-1.0102,0.0315,0.0124,0.8400,-3.5000,-0.0700
61714995,sitting,-1.0092,0.0325,0.0129,0.8400,-3.4300,-0.0700
61715014,sitting,-1.0099,0.0327,0.0132,0.8400,-3.5350,-0.0700
61715034,sitting,-1.0089,0.0310,0.0129,0.8750,-3.5700,-0.0700
61715053,sitting,-1.0097,0.0322,0.0129,0.8750,-3.5000,-0.0350
61715072,sitting,-1.0092,0.0329,0.0139,0.8400,-3.5350,0.0000
61715091,sitting,-1.0085,0.0327,0.0129,0.8400,-3.5000,-0.0350
61715111,sitting,-1.0092,0.0327,0.0132,0.8750,-3.5000,-0.0700
61715130,sitting,-1.0092,0.0325,0.0129,0.8750,-3.5350,-0.0700
61715149,sitting,-1.0092,0.0327,0.0124,0.8400,-3.5700,-0.0700
61715168,sitting,-1.0085,0.0317,0.0137,0.8050,-3.5000,-0.0350
61715187,sitting,-1.0092,0.0317,0.0139,0.8400,-3.5350,-0.0700
61715207,sitting,-1.0094,0.0325,0.0132,0.8750,-3.5350,-0.0700
61715226,sitting,-1.0089,0.0320,0.0134,0.8050,-3.5000,-0.0700
61715245,sitting,-1.0087,0.0320,0.0127,0.8050,-3.5000,-0.1050
61715264,sitting,-1.0092,0.0327,0.0129,0.8750,-3.5000,-0.0350
61715284,sitting,-1.0089,0.0322,0.0134,0.9100,-3.5000,-0.0700
61715303,sitting,-1.0089,0.0317,0.0132,0.8400,-3.5000,-0.1050
61715322,sitting,-1.0085,0.0325,0.0127,0.8400,-3.5350,-0.1050
61715341,sitting,-1.0097,0.0322,0.0127,0.8750,-3.5350,-0.0700
61715361,sitting,-1.0099,0.0320,0.0127,0.8750,-3.4650,-0.0700
61715380,sitting,-1.0087,0.0317,0.0124,0.8400,-3.5350,-0.0350
61715399,sitting,-1.0094,0.0312,0.0134,0.8400,-3.5700,-0.0700
61715418,sitting,-1.0092,0.0325,0.0127,0.8400,-3.5700,-0.0700
61715437,sitting,-1.0089,0.0327,0.0129,0.8050,-3.5000,-0.0700
61715457,sitting,-1.0094,0.0322,0.0144,0.8750,-3.5000,-0.1050
61715476,sitting,-1.0089,0.0317,0.0134,0.8400,-3.5000,-0.0700
61715495,sitting,-1.0082,0.0317,0.0124,0.8400,-3.4650,-0.0700
61715514,sitting,-1.0092,0.0315,0.0134,0.8400,-3.5350,-0.0700
61715534,sitting,-1.0092,0.0320,0.0124,0.8750,-3.5350,-0.0700
61715553,sitting,-1.0087,0.0322,0.0132,0.8400,-3.5350,-0.0350
61715572,sitting,-1.0089,0.0315,0.0132,0.8750,-3.5000,-0.0350
61715591,sitting,-1.0099,0.0320,0.0137,0.8400,-3.5000,-0.0700
61715611,sitting,-1.0102,0.0327,0.0132,0.8050,-3.5000,-0.0350
61715630,sitting,-1.0099,0.0322,0.0124,0.8400,-3.5350,-0.0700
61715649,sitting,-1.0094,0.0329,0.0134,0.8750,-3.5350,-0.0350
61715668,sitting,-1.0094,0.0322,0.0134,0.8750,-3.5000,-0.0700
61715687,sitting,-1.0089,0.0325,0.0144,0.8400,-3.4300,-0.0350
61715707,sitting,-1.0085,0.0325,0.0134,0.8750,-3.5000,-0.0700
61715726,sitting,-1.0089,0.0325,0.0134,0.8750,-3.5000,-0.0350
61715745,sitting,-1.0097,0.0322,0.0127,0.8400,-3.5000,-0.0700
61715764,sitting,-1.0092,0.0322,0.0134,0.8400,-3.5350,-0.0700
61715784,sitting,-1.0104,0.0325,0.0137,0.8750,-3.5000,-0.0350
61715803,sitting,-1.0094,0.0325,0.0132,0.8050,-3.5000,-0.0700
61715822,sitting,-1.0085,0.0320,0.0122,0.8400,-3.5700,-0.0350
61715841,sitting,-1.0089,0.0322,0.0129,0.8750,-3.5700,-0.0700
61715861,sitting,-1.0094,0.0312,0.0132,0.8050,-3.5350,-0.0700
61715880,sitting,-1.0094,0.0317,0.0134,0.7700,-3.4650,-0.0700
61715899,sitting,-1.0106,0.0320,0.0129,0.8750,-3.5000,-0.0350
61715918,sitting,-1.0087,0.0317,0.0132,0.8400,-3.5350,-0.0700
61715937,sitting,-1.0075,0.0317,0.0127,0.8050,-3.5000,-0.0700
61715957,sitting,-1.0092,0.0322,0.0129,0.8750,-3.5350,-0.0700
61715976,sitting,-1.0085,0.0325,0.0127,0.8400,-3.5700,-0.0700
61715995,sitting,-1.0092,0.0322,0.0127,0.8050,-3.4650,-0.0350
61716014,sitting,-1.0094,0.0322,0.0132,0.8400,-3.5350,-0.0350
61716034,sitting,-1.0082,0.0327,0.0124,0.8750,-3.5700,-0.1050
61716053,sitting,-1.0087,0.0327,0.0137,0.8400,-3.4650,-0.0700
61716072,sitting,-1.0080,0.0320,0.0129,0.8750,-3.5000,-0.0700
61716091,sitting,-1.0094,0.0322,0.0127,0.8750,-3.5350,-0.0700
61716111,sitting,-1.0099,0.0329,0.0134,0.8400,-3.5350,-0.0350
61716130,sitting,-1.0087,0.0322,0.0134,0.8400,-3.5000,-0.0700
61716149,sitting,-1.0087,0.0317,0.0134,0.8400,-3.5000,-0.1050
61716168,sitting,-1.0085,0.0312,0.0127,0.8750,-3.5000,-0.0350
61716187,sitting,-1.0094,0.0312,0.0127,0.8050,-3.5000,-0.0700
61716207,sitting,-1.0089,0.0317,0.0132,0.8750,-3.5700,-0.0350
61716226,sitting,-1.0094,0.0320,0.0139,0.8400,-3.5700,-0.0700
61716245,sitting,-1.0092,0.0329,0.0117,0.8400,-3.5350,-0.0700
61716264,sitting,-1.0089,0.0325,0.0137,0.8400,-3.5000,-0.0700
61716284,sitting,-1.0089,0.0317,0.0132,0.8400,-3.5350,-0.0700
61716303,sitting,-1.0102,0.0317,0.0127,0.8050,-3.4650,-0.0700
61716322,sitting,-1.0097,0.0325,0.0134,0.8400,-3.5000,-0.1400
61716341,sitting,-1.0099,0.0327,0.0129,0.8750,-3.5350,-0.0700
61716361,sitting,-1.0092,0.0322,0.0137,0.8750,-3.5000,-0.0700
61716380,sitting,-1.0099,0.0325,0.0127,0.8050,-3.5000,-0.0700
61716399,sitting,-1.0092,0.0322,0.0129,0.8400,-3.5000,-0.0700
61716418,sitting,-1.0087,0.0317,0.0127,0.8750,-3.5700,-0.0700
61716437,sitting,-1.0089,0.0322,0.0132,0.8400,-3.5350,-0.0700
61716457,sitting,-1.0097,0.0320,0.0134,0.8400,-3.5700,-0.0700
61716476,sitting,-1.0092,0.0317,0.0134,0.8400,-3.5350,0.0000
61716495,sitting,-1.0085,0.0317,0.0132,0.8400,-3.5000,-0.0700
61716514,sitting,-1.0092,0.0322,0.0132,0.8400,-3.5000,-0.0700
61716534,sitting,-1.0092,0.0317,0.0127,0.8750,-3.5350,-0.0700
61716553,sitting,-1.0094,0.0325,0.0124,0.8400,-3.5350,-0.0350
61716572,sitting,-1.0094,0.0320,0.0122,0.8400,-3.4300,-0.1050
61716591,sitting,-1.0082,0.0322,0.0127,0.8400,-3.5350,-0.0700
61716611,sitting,-1.0094,0.0322,0.0137,0.8050,-3.5000,-0.0700
61716630,sitting,-1.0102,0.0320,0.0129,0.8400,-3.5000,-0.0700
61716649,sitting,-1.0094,0.0312,0.0132,0.8750,-3.5000,-0.0350
61716668,sitting,-1.0087,0.0327,0.0132,0.8750,-3.5700,-0.0700
61716687,sitting,-1.0089,0.0322,0.0132,0.8400,-3.5000,-0.0700
61716707,sitting,-1.0092,0.0320,0.0129,0.8400,-3.5000,-0.0700
61716726,sitting,-1.0085,0.0325,0.0122,0.8400,-3.5350,-0.0350
61716745,sitting,-1.0092,0.0320,0.0124,0.8400,-3.5350,-0.0700
61716764,sitting,-1.0104,0.0317,0.0134,0.8400,-3.5000,-0.0700
61716784,sitting,-1.0099,0.0322,0.0132,0.8750,-3.5350,-0.0350
61716803,sitting,-1.0102,0.0322,0.0132,0.8400,-3.5350,-0.0350
61716822,sitting,-1.0102,0.0320,0.0124,0.8400,-3.5000,-0.0700
61716841,sitting,-1.0089,0.0327,0.0132,0.9100,-3.5000,-0.0350
61716861,sitting,-1.0080,0.0322,0.0134,0.8750,-3.5000,-0.0700
61716880,sitting,-1.0092,0.0322,0.0127,0.8400,-3.4650,-0.0700
61716899,sitting,-1.0085,0.0320,0.0129,0.8400,-3.5000,-0.0700
61716918,sitting,-1.0085,0.0317,0.0124,0.8400,-3.5700,-0.0700
61716937,sitting,-1.0094,0.0329,0.0122,0.8400,-3.4650,-0.0700
61716957,sitting,-1.0092,0.0322,0.0134,0.8400,-3.5000,-0.0700
61716976,sitting,-1.0092,0.0327,0.0129,0.8050,-3.5350,-0.0350
61716995,sitting,-1.0085,0.0329,0.0137,0.8050,-3.5350,0.0000
61717014,sitting,-1.0092,0.0329,0.0137,0.8400,-3.5000,-0.0700
61717034,sitting,-1.0097,0.0327,0.0137,0.8400,-3.5350,-0.0700
61717053,sitting,-1.0087,0.0315,0.0137,0.8400,-3.5350,-0.0700
61717072,sitting,-1.0099,0.0322,0.0129,0.8400,-3.5000,-0.0700
61717091,sitting,-1.0085,0.0329,0.0132,0.8400,-3.5350,-0.0700
61717111,sitting,-1.0085,0.0325,0.0129,0.8750,-3.5350,-0.0700
61717130,sitting,-1.0077,0.0325,0.0132,0.8050,-3.5350,-0.0700
61717149,sitting,-1.0094,0.0315,0.0129,0.8050,-3.4650,-0.0700
61717168,sitting,-1.0094,0.0322,0.0117,0.8400,-3.5350,-0.0700
61717187,sitting,-1.0104,0.0320,0.0132,0.8400,-3.5000,-0.0350
61717207,sitting,-1.0106,0.0320,0.0134,0.8400,-3.5000,-0.0700
61717226,sitting,-1.0097,0.0322,0.0124,0.8750,-3.5700,-0.0700
61717245,sitting,-1.0102,0.0320,0.0122,0.8400,-3.5000,-0.0700
61717264,sitting,-1.0099,0.0320,0.0132,0.8750,-3.5000,-0.0350
61717284,sitting,-1.0099,0.0315,0.0129,0.8400,-3.5350,-0.1050
61717303,sitting,-1.0094,0.0320,0.0142,0.8750,-3.5350,-0.0700
61717322,sitting,-1.0102,0.0322,0.0122,0.8750,-3.4650,-0.1050
61717341,sitting,-1.0094,0.0322,0.0142,0.8400,-3.5350,-0.0700
61717361,sitting,-1.0094,0.0317,0.0132,0.8050,-3.5000,-0.0700
61717380,sitting,-1.0099,0.0322,0.0137,0.8400,-3.5000,-0.0700
61717399,sitting,-1.0089,0.0320,0.0129,0.8400,-3.4650,-0.0700
61717418,sitting,-1.0102,0.0315,0.0132,0.8400,-3.5350,-0.0350
61717437,sitting,-1.0092,0.0320,0.0134,0.9100,-3.5350,-0.0350
61717457,sitting,-1.0089,0.0320,0.0137,0.8050,-3.5000,-0.0350
61717476,sitting,-1.0092,0.0325,0.0132,0.8400,-3.5700,0.0000
61717495,sitting,-1.0102,0.0312,0.0129,0.8050,-3.5700,-0.0700
61717514,sitting,-1.0094,0.0327,0.0132,0.8400,-3.5000,-0.0700
61717534,sitting,-1.0092,0.0322,0.0139,0.9100,-3.5000,-0.0700
61717553,sitting,-1.0085,0.0327,0.0134,0.8400,-3.5350,-0.1050
61717572,sitting,-1.0087,0.0325,0.0132,0.8400,-3.5000,-0.1050
61717591,sitting,-1.0089,0.0317,0.0129,0.8400,-3.5000,-0.0700
61717611,sitting,-1.0089,0.0310,0.0129,0.8750,-3.5700,-0.0700
61717630,sitting,-1.0097,0.0317,0.0134,0.8050,-3.5000,-0.0700
61717649,sitting,-1.0085,0.0322,0.0137,0.8050,-3.4650,-0.0350
61717668,sitting,-1.0085,0.0320,0.0132,0.8400,-3.5350,-0.0700
61717687,sitting,-1.0089,0.0329,0.0132,0.8750,-3.5350,-0.0700
61717707,sitting,-1.0089,0.0322,0.0127,0.8400,-3.4650,-0.0700
61717726,sitting,-1.0092,0.0315,0.0127,0.8750,-3.5000,-0.0700
61717745,sitting,-1.0102,0.0320,0.0132,0.8400,-3.5350,-0.0350
61717764,sitting,-1.0099,0.0329,0.0139,0.8400,-3.4650,-0.1050
61717784,sitting,-1.0089,0.0325,0.0134,0.8400,-3.5000,-0.0350
61717803,sitting,-1.0082,0.0325,0.0139,0.8750,-3.5700,-0.0350
61717822,sitting,-1.0092,0.0325,0.0134,0.8050,-3.4650,-0.0350
61717841,sitting,-1.0089,0.0320,0.0134,0.8400,-3.5000,-0.0350
61717861,sitting,-1.0089,0.0320,0.0124,0.8750,-3.5000,-0.0700
61717880,sitting,-1.0092,0.0322,0.0129,0.8400,-3.5350,-0.0350
61717899,sitting,-1.0082,0.0317,0.0142,0.8400,-3.5000,0.0000
61717918,sitting,-1.0092,0.0320,0.0132,0.8750,-3.5000,-0.0700
61717937,sitting,-1.0097,0.0327,0.0127,0.9450,-3.5000,0.0000
61717957,sitting,-1.0099,0.0329,0.0129,0.8400,-3.5000,-0.0350
61717976,sitting,-1.0089,0.0320,0.0124,0.8400,-3.5000,-0.0700
61717995,sitting,-1.0094,0.0317,0.0139,0.8400,-3.5350,-0.0350
61718014,sitting,-1.0097,0.0325,0.0132,0.8750,-3.5000,-0.0700
61718034,sitting,-1.0102,0.0329,0.0127,0.8050,-3.5000,-0.0350
61718053,sitting,-1.0094,0.0322,0.0124,0.8400,-3.5350,-0.0700
61718072,sitting,-1.0082,0.0320,0.0117,0.8400,-3.5000,-0.0700
61718091,sitting,-1.0080,0.0322,0.0132,0.8400,-3.4650,-0.1400
61718111,sitting,-1.0092,0.0320,0.0129,0.8750,-3.5700,-0.0700
61718130,sitting,-1.0092,0.0317,0.0132,0.8750,-3.5350,-0.0700
61718149,sitting,-1.0092,0.0322,0.0132,0.8400,-3.5000,-0.0700
61718168,sitting,-1.0094,0.0320,0.0134,0.8400,-3.5000,-0.0700
61718187,sitting,-1.0094,0.0325,0.0129,0.8400,-3.5350,-0.0350
61718207,sitting,-1.0089,0.0312,0.0132,0.8050,-3.5000,-0.0700
61718226,sitting,-1.0092,0.0322,0.0122,0.8050,-3.5350,-0.0700
61718245,sitting,-1.0094,0.0317,0.0129,0.8750,-3.5700,-0.0700
61718264,sitting,-1.0094,0.0317,0.0129,0.8750,-3.5000,-0.0700
61718284,sitting,-1.0094,0.0317,0.0134,0.8400,-3.4650,-0.0350
61718303,sitting,-1.0094,0.0317,0.0132,0.8750,-3.5700,-0.0350
61718322,sitting,-1.0089,0.0327,0.0139,0.8750,-3.5000,-0.0700
61718341,sitting,-1.0087,0.0322,0.0127,0.8400,-3.5000,-0.1050
61718361,sitting,-1.0092,0.0325,0.0132,0.8400,-3.5350,-0.0700
61718380,sitting,-1.0089,0.0332,0.0137,0.8400,-3.4650,-0.0700
61718399,sitting,-1.0087,0.0329,0.0124,0.8400,-3.4650,-0.0700
61718418,sitting,-1.0092,0.0322,0.0122,0.8750,-3.5350,-0.0700
61718437,sitting,-1.0089,0.0317,0.0122,0.8400,-3.5700,-0.0350
61718457,sitting,-1.0094,0.0327,0.0132,0.8050,-3.4650,-0.0700
61718476,sitting,-1.0092,0.0329,0.0137,0.7700,-3.4650,-0.0700
61718495,sitting,-1.0092,0.0325,0.0134,0.8750,-3.5000,-0.0700
61718514,sitting,-1.0094,0.0327,0.0132,0.8400,-3.4650,-0.0700
61718534,sitting,-1.0094,0.0315,0.0132,0.8400,-3.5000,-0.1050
61718553,sitting,-1.0082,0.0320,0.0122,0.8750,-3.5350,-0.1050
61718572,sitting,-1.0087,0.0317,0.0127,0.8400,-3.5350,-0.0700
61718591,sitting,-1.0097,0.0327,0.0129,0.8400,-3.5350,-0.0700
61718611,sitting,-1.0092,0.0327,0.0132,0.8400,-3.5700,-0.0700
61718630,sitting,-1.0087,0.0315,0.0124,0.8400,-3.5000,-0.0700
61718649,sitting,-1.0085,0.0322,0.0124,0.8400,-3.4650,-0.0350
61718668,sitting,-1.0097,0.0320,0.0127,0.8050,-3.4650,-0.0700
61718687,sitting,-1.0087,0.0325,0.0137,0.8750,-3.5000,-0.0700
61718707,sitting,-1.0082,0.0329,0.0132,0.8400,-3.4650,-0.0700
61718726,sitting,-1.0082,0.0315,0.0134,0.8400,-3.5000,-0.1050
61718745,sitting,-1.0094,0.0325,0.0139,0.8400,-3.5000,-0.0700
61718764,sitting,-1.0099,0.0317,0.0129,0.8750,-3.5000,-0.0700
61718784,sitting,-1.0102,0.0325,0.0139,0.8400,-3.5000,-0.0350
61718803,sitting,-1.0094,0.0320,0.0127,0.8400,-3.5000,-0.0700
61718822,sitting,-1.0094,0.0317,0.0129,0.8400,-3.5350,-0.1050
61718841,sitting,-1.0097,0.0317,0.0127,0.8050,-3.4650,-0.1050
61718861,sitting,-1.0094,0.0322,0.0127,0.8050,-3.4300,-0.0700
61718880,sitting,-1.0085,0.0327,0.0132,0.8400,-3.5700,-0.0350
61718899,sitting,-1.0092,0.0325,0.0122,0.8400,-3.5000,-0.0700
61718918,sitting,-1.0097,0.0317,0.0129,0.8400,-3.5000,-0.0700
61718937,sitting,-1.0102,0.0312,0.0129,0.8400,-3.5350,-0.0700
61718957,sitting,-1.0087,0.0322,0.0124,0.8400,-3.5000,-0.0350
61718976,sitting,-1.0089,0.0317,0.0124,0.8050,-3.4650,-0.0350
61718995,sitting,-1.0092,0.0322,0.0129,0.8400,-3.5700,0.0000
61719014,sitting,-1.0089,0.0329,0.0134,0.8400,-3.5350,-0.0700
61719034,sitting,-1.0092,0.0325,0.0127,0.8050,-3.4650,-0.1050
61719053,sitting,-1.0087,0.0317,0.0122,0.8050,-3.5350,-0.0700
61719072,sitting,-1.0094,0.0315,0.0132,0.8400,-3.5350,-0.0700
61719091,sitting,-1.0099,0.0320,0.0132,0.8050,-3.5000,-0.1400
61719111,sitting,-1.0094,0.0322,0.0127,0.8400,-3.5000,-0.0700
61719130,sitting,-1.0092,0.0322,0.0129,0.8400,-3.5350,-0.0700
61719149,sitting,-1.0109,0.0329,0.0129,0.8400,-3.5000,-0.0700
61719168,sitting,-1.0104,0.0325,0.0137,0.8400,-3.4650,-0.0700
61719187,sitting,-1.0094,0.0320,0.0137,0.8750,-3.5700,-0.0700
61719207,sitting,-1.0092,0.0322,0.0134,0.9100,-3.5700,-0.0700
61719226,sitting,-1.0089,0.0315,0.0124,0.8050,-3.5350,-0.0700
61719245,sitting,-1.0089,0.0320,0.0129,0.8400,-3.5000,-0.1050
61719264,sitting,-1.0094,0.0312,0.0124,0.8400,-3.5700,-0.0700
61719284,sitting,-1.0085,0.0315,0.0124,0.8400,-3.4650,-0.0350
61719303,sitting,-1.0097,0.0322,0.0134,0.8750,-3.5000,-0.0700
61719322,sitting,-1.0099,0.0320,0.0122,0.8400,-3.5000,-0.0350
61719341,sitting,-1.0092,0.0317,0.0124,0.8400,-3.5000,-0.0350
61719361,sitting,-1.0087,0.0312,0.0129,0.8400,-3.5000,-0.0700
61719380,sitting,-1.0089,0.0327,0.0122,0.9100,-3.5700,-0.0350
61719399,sitting,-1.0087,0.0315,0.0124,0.8400,-3.5350,0.0000
61719418,sitting,-1.0089,0.0322,0.0137,0.9100,-3.4300,-0.0700
61719437,sitting,-1.0089,0.0325,0.0129,0.8400,-3.5350,-0.0700
61719457,sitting,-1.0094,0.0322,0.0137,0.8400,-3.5000,-0.0700
61719476,sitting,-1.0097,0.0320,0.0139,0.8050,-3.5000,-0.0350
61719495,sitting,-1.0087,0.0322,0.0134,0.8750,-3.5000,-0.0700
61719514,sitting,-1.0099,0.0322,0.0134,0.8400,-3.5350,-0.0350
61719534,sitting,-1.0099,0.0322,0.0132,0.8400,-3.5000,-0.1400
61719553,sitting,-1.0102,0.0325,0.0127,0.8400,-3.5000,-0.0700
61719572,sitting,-1.0092,0.0325,0.0127,0.8400,-3.5700,-0.0350
61719591,sitting,-1.0085,0.0322,0.0127,0.8400,-3.5350,-0.0700
61719611,sitting,-1.0089,0.0315,0.0129,0.8400,-3.5000,-0.0350
61719630,sitting,-1.0092,0.0325,0.0129,0.8400,-3.5700,-0.0700
61719649,sitting,-1.0089,0.0322,0.0137,0.8400,-3.5350,-0.1050
61719668,sitting,-1.0097,0.0317,0.0144,0.8400,-3.5000,-0.0350
61719687,sitting,-1.0092,0.0315,0.0129,0.8750,-3.5700,-0.0700
61719707,sitting,-1.0089,0.0320,0.0132,0.8400,-3.5350,-0.0700
61719726,sitting,-1.0089,0.0317,0.0132,0.8400,-3.5000,-0.0700
61719745,sitting,-1.0094,0.0325,0.0137,0.8400,-3.5000,-0.0700
61719764,sitting,-1.0092,0.0322,0.0132,0.8750,-3.5700,-0.0700
61719784,sitting,-1.0089,0.0320,0.0127,0.8400,-3.5350,-0.0700
61719803,sitting,-1.0094,0.0317,0.0129,0.8400,-3.4650,-0.0700
61719822,sitting,-1.0092,0.0322,0.0134,0.8400,-3.5000,-0.0700
61719841,sitting,-1.0089,0.0317,0.0129,0.8400,-3.5350,-0.0700
61719861,sitting,-1.0089,0.0312,0.0127,0.8400,-3.5000,-0.0350
61719880,sitting,-1.0094,0.0325,0.0124,0.8750,-3.5350,-0.0350
61719899,sitting,-1.0094,0.0320,0.0132,0.8750,-3.5700,-0.0350
61719918,sitting,-1.0094,0.0317,0.0129,0.8400,-3.5000,-0.0700
61719937,sitting,-1.0085,0.0325,0.0134,0.8400,-3.5000,-0.0700
61719957,sitting,-1.0085,0.0320,0.0124,0.8400,-3.5000,-0.0700
61719976,sitting,-1.0089,0.0315,0.0127,0.8400,-3.5000,-0.0700
61719995,sitting,-1.0089,0.0317,0.0137,0.8400,-3.5350,-0.1050
61720014,sitting,-1.0097,0.0317,0.0132,0.9100,-3.5350,-0.0700
61720034,sitting,-1.0097,0.0329,0.0127,0.8400,-3.5000,-0.0700
61720053,sitting,-1.0094,0.0327,0.0139,0.9100,-3.5350,-0.0700
61720072,sitting,-1.0099,0.0320,0.0127,0.8400,-3.5350,-0.0700
61720091,sitting,-1.0085,0.0327,0.0127,0.8400,-3.5350,-0.0350
61720111,sitting,-1.0092,0.0320,0.0127,0.8400,-3.5000,-0.0700
61720130,sitting,-1.0102,0.0320,0.0142,0.8750,-3.5350,-0.0700
61720149,sitting,-1.0092,0.0327,0.0132,0.8400,-3.5350,-0.0700
61720168,sitting,-1.0104,0.0320,0.0132,0.8400,-3.5000,-0.0700
61720187,sitting,-1.0089,0.0327,0.0127,0.8400,-3.4650,-0.0700
61720207,sitting,-1.0097,0.0327,0.0129,0.8400,-3.5350,-0.0700
61720226,sitting,-1.0097,0.0320,0.0129,0.8400,-3.4650,-0.0700
61720245,sitting,-1.0094,0.0327,0.0132,0.8400,-3.4300,-0.0700
61720264,sitting,-1.0087,0.0322,0.0127,0.8400,-3.5350,-0.0700
61720284,sitting,-1.0087,0.0322,0.0134,0.8400,-3.4650,-0.0700
61720303,sitting,-1.0087,0.0317,0.0132,0.8400,-3.4650,-0.0700
61720322,sitting,-1.0089,0.0320,0.0117,0.8400,-3.5350,-0.0700
61720341,sitting,-1.0094,0.0322,0.0122,0.8400,-3.5350,-0.0350
61720361,sitting,-1.0094,0.0322,0.0139,0.8050,-3.5000,-0.0700
61720380,sitting,-1.0092,0.0327,0.0134,0.8400,-3.5350,-0.0700
61720399,sitting,-1.0094,0.0325,0.0137,0.8400,-3.5350,-0.0700
61720418,sitting,-1.0085,0.0322,0.0124,0.8750,-3.5000,-0.0700
61720437,sitting,-1.0089,0.0320,0.0134,0.8400,-3.5350,-0.0700
61720457,sitting,-1.0097,0.0322,0.0137,0.8400,-3.5700,-0.1050
61720476,sitting,-1.0094,0.0317,0.0134,0.8750,-3.5350,-0.0700
61720495,sitting,-1.0092,0.0320,0.0134,0.8400,-3.5000,-0.0700
61720514,sitting,-1.0089,0.0325,0.0127,0.8050,-3.5350,-0.0700
61720534,sitting,-1.0094,0.0320,0.0124,0.8750,-3.5000,-0.0700
61720553,sitting,-1.0092,0.0320,0.0134,0.8400,-3.5350,-0.0350
61720572,sitting,-1.0089,0.0317,0.0122,0.8750,-3.5350,-0.0350
61720591,sitting,-1.0104,0.0320,0.0139,0.8750,-3.5000,-0.0350
61720611,sitting,-1.0087,0.0325,0.0122,0.8400,-3.5350,-0.0700
61720630,sitting,-1.0089,0.0327,0.0139,0.8400,-3.5000,-0.0700
61720649,sitting,-1.0092,0.0329,0.0120,0.8400,-3.5350,-0.0350
61720668,sitting,-1.0085,0.0317,0.0132,0.8400,-3.5000,-0.0350
61720687,sitting,-1.0092,0.0320,0.0142,0.8050,-3.4650,-0.1050
61720707,sitting,-1.0092,0.0320,0.0132,0.9100,-3.5350,-0.0700
61720726,sitting,-1.0094,0.0325,0.0137,0.8750,-3.5000,-0.0700
61720745,sitting,-1.0099,0.0322,0.0137,0.8400,-3.5000,-0.0700
61720764,sitting,-1.0097,0.0327,0.0127,0.8750,-3.5700,-0.0700
61720784,sitting,-1.0094,0.0327,0.0132,0.8750,-3.5700,-0.0700
61720803,sitting,-1.0097,0.0322,0.0132,0.8050,-3.5350,-0.1050
61720822,sitting,-1.0089,0.0320,0.0134,0.8750,-3.5000,-0.0350
61720841,sitting,-1.0094,0.0332,0.0134,0.8750,-3.5000,-0.0700
61720861,sitting,-1.0097,0.0325,0.0134,0.8400,-3.4650,-0.0700
61720880,sitting,-1.0092,0.0315,0.0127,0.8400,-3.5000,-0.0700
61720899,sitting,-1.0097,0.0315,0.0129,0.8400,-3.5000,-0.0700
61720918,sitting,-1.0097,0.0322,0.0132,0.9100,-3.5350,-0.0700
61720937,sitting,-1.0097,0.0322,0.0124,0.8400,-3.4650,-0.0700
61720957,sitting,-1.0092,0.0322,0.0129,0.8050,-3.5000,-0.0350
61720976,sitting,-1.0089,0.0320,0.0129,0.8750,-3.5350,-0.0350
61720995,sitting,-1.0097,0.0317,0.0127,0.8750,-3.5700,-0.0700
61721014,sitting,-1.0099,0.0315,0.0122,0.8400,-3.5000,-0.0700
61721034,sitting,-1.0102,0.0322,0.0134,0.8400,-3.5350,-0.0700
61721053,sitting,-1.0092,0.0315,0.0134,0.8400,-3.4650,-0.1050
61721072,sitting,-1.0092,0.0325,0.0134,0.8400,-3.5350,-0.0350
61721091,sitting,-1.0099,0.0320,0.0142,0.8750,-3.5350,-0.0700
61721111,sitting,-1.0087,0.0329,0.0134,0.8750,-3.5350,-0.0350
61721130,sitting,-1.0089,0.0322,0.0137,0.8750,-3.5350,-0.0700
61721149,sitting,-1.0099,0.0317,0.0132,0.8750,-3.5700,-0.0700
61721168,sitting,-1.0102,0.0327,0.0129,0.8400,-3.5700,-0.0700
61721187,sitting,-1.0097,0.0312,0.0146,0.8400,-3.5000,-0.0350
61721207,sitting,-1.0094,0.0322,0.0134,0.8400,-3.5000,-0.0350
61721226,sitting,-1.0092,0.0325,0.0129,0.8400,-3.5350,-0.1050
61721245,sitting,-1.0092,0.0327,0.0129,0.8400,-3.4650,-0.1050
61721264,sitting,-1.0099,0.0327,0.0134,0.8400,-3.5000,-0.0700
61721284,sitting,-1.0089,0.0320,0.0137,0.8400,-3.5350,-0.0700
61721303,sitting,-1.0085,0.0325,0.0132,0.8400,-3.4650,-0.0700
61721322,sitting,-1.0094,0.0315,0.0134,0.8400,-3.4650,-0.1050
61721341,sitting,-1.0087,0.0320,0.0122,0.8400,-3.5350,-0.0700
61721361,sitting,-1.0082,0.0325,0.0134,0.8400,-3.5350,-0.0700
61721380,sitting,-1.0092,0.0320,0.0124,0.8400,-3.4650,-0.0700
61721399,sitting,-1.0080,0.0317,0.0137,0.8750,-3.5000,-0.0700
61721418,sitting,-1.0087,0.0327,0.0127,0.8750,-3.5350,-0.0700
61721437,sitting,-1.0097,0.0320,0.0137,0.8050,-3.4650,-0.1050
61721457,sitting,-1.0099,0.0312,0.0129,0.8400,-3.5000,0.0000
61721476,sitting,-1.0089,0.0312,0.0122,0.8750,-3.5700,-0.0700
61721495,sitting,-1.0099,0.0327,0.0129,0.8400,-3.5000,-0.0700
61721514,sitting,-1.0085,0.0315,0.0122,0.8750,-3.5000,-0.0350
61721534,sitting,-1.0082,0.0320,0.0124,0.9100,-3.5000,-0.0700
61721553,sitting,-1.0099,0.0322,0.0139,0.8750,-3.5350,-0.1050
61721572,sitting,-1.0097,0.0332,0.0144,0.8750,-3.5000,-0.1050
61721591,sitting,-1.0089,0.0325,0.0124,0.8750,-3.5350,-0.0700
61721611,sitting,-1.0087,0.0322,0.0127,0.8400,-3.5000,-0.1050
61721630,sitting,-1.0099,0.0322,0.0132,0.8400,-3.4650,-0.0700
61721649,sitting,-1.0097,0.0325,0.0132,0.8400,-3.5350,-0.0700
61721668,sitting,-1.0102,0.0327,0.0127,0.8400,-3.5700,-0.0350
61721687,sitting,-1.0094,0.0322,0.0132,0.8050,-3.4650,-0.0700
61721707,sitting,-1.0094,0.0315,0.0134,0.8400,-3.5000,-0.0700
61721726,sitting,-1.0089,0.0320,0.0127,0.8400,-3.5350,-0.1050
61721745,sitting,-1.0097,0.0315,0.0117,0.8400,-3.4650,-0.0700
61721764,sitting,-1.0104,0.0332,0.0129,0.8750,-3.5000,-0.1050
61721784,sitting,-1.0104,0.0320,0.0127,0.8750,-3.5350,-0.0700
61721803,sitting,-1.0097,0.0320,0.0146,0.8400,-3.5350,-0.0700
61721822,sitting,-1.0092,0.0327,0.0137,0.8750,-3.5000,-0.0700
61721841,sitting,-1.0094,0.0315,0.0129,0.8750,-3.5350,-0.0700
61721861,sitting,-1.0085,0.0325,0.0122,0.8400,-3.5000,-0.0700
61721880,sitting,-1.0094,0.0317,0.0124,0.8050,-3.5000,-0.0700
61721899,sitting,-1.0092,0.0325,0.0127,0.8400,-3.5000,-0.0350
61721918,sitting,-1.0089,0.0317,0.0132,0.8400,-3.5350,-0.0700
61721937,sitting,-1.0092,0.0325,0.0134,0.8050,-3.5000,-0.0700
61721957,sitting,-1.0087,0.0317,0.0122,0.8050,-3.5000,-0.1050
61721976,sitting,-1.0097,0.0320,0.0132,0.9100,-3.5700,-0.0350
61721995,sitting,-1.0085,0.0320,0.0124,0.8400,-3.4650,0.0000
61722014,sitting,-1.0092,0.0317,0.0134,0.8400,-3.5000,-0.0700
61722034,sitting,-1.0085,0.0317,0.0134,0.8400,-3.5350,-0.0700
61722053,sitting,-1.0097,0.0322,0.0134,0.8750,-3.5000,-0.0350
61722072,sitting,-1.0089,0.0312,0.0139,0.8400,-3.5000,-0.0700
61722091,sitting,-1.0082,0.0320,0.0137,0.8400,-3.5350,-0.0700
61722111,sitting,-1.0102,0.0327,0.0132,0.8400,-3.5350,-0.0350
61722130,sitting,-1.0099,0.0320,0.0127,0.7700,-3.5000,-0.1050
61722149,sitting,-1.0089,0.0315,0.0132,0.8750,-3.5350,-0.0700
61722168,sitting,-1.0080,0.0315,0.0132,0.9100,-3.6050,-0.0700
61722187,sitting,-1.0092,0.0317,0.0127,0.8400,-3.5700,-0.0700
61722207,sitting,-1.0097,0.0315,0.0132,0.8400,-3.5000,-0.0700
61722226,sitting,-1.0094,0.0322,0.0134,0.8400,-3.5700,-0.0700
61722245,sitting,-1.0097,0.0322,0.0134,0.8400,-3.5350,-0.0700
61722264,sitting,-1.0094,0.0315,0.0134,0.8400,-3.5000,-0.0700
61722284,sitting,-1.0089,0.0320,0.0134,0.8750,-3.5350,-0.0700
61722303,sitting,-1.0089,0.0320,0.0134,0.8400,-3.5000,-0.0700
61722322,sitting,-1.0099,0.0317,0.0129,0.8400,-3.4650,-0.0700
61722341,sitting,-1.0092,0.0312,0.0129,0.8400,-3.5350,-0.0350
61722361,sitting,-1.0089,0.0317,0.0134,0.8750,-3.5350,-0.0700
61722380,sitting,-1.0094,0.0320,0.0127,0.8400,-3.5350,-0.0700
61722399,sitting,-1.0099,0.0320,0.0132,0.8750,-3.5350,-0.0350
61722418,sitting,-1.0094,0.0329,0.0134,0.8400,-3.5000,-0.0350
61722437,sitting,-1.0097,0.0327,0.0144,0.8750,-3.5350,-0.0700
61722457,sitting,-1.0087,0.0329,0.0137,0.8750,-3.5000,-0.0700
61722476,sitting,-1.0097,0.0329,0.0146,0.8400,-3.5350,-0.0700
61722495,sitting,-1.0092,0.0325,0.0122,0.8750,-3.5000,-0.0700
61722514,sitting,-1.0099,0.0327,0.0127,0.8400,-3.5000,-0.0700
61722534,sitting,-1.0097,0.0322,0.0139,0.8400,-3.5000,-0.0350
61722553,sitting,-1.0089,0.0320,0.0134,0.8400,-3.5350,-0.0700
61722572,sitting,-1.0094,0.0327,0.0137,0.8400,-3.5000,-0.0700
61722591,sitting,-1.0097,0.0332,0.0137,0.8750,-3.5000,-0.0700
61722611,sitting,-1.0087,0.0315,0.0129,0.8750,-3.5700,-0.0350
61722630,sitting,-1.0097,0.0322,0.0134,0.8400,-3.5350,-0.0700
61722649,sitting,-1.0097,0.0322,0.0132,0.8050,-3.5000,-0.0700
61722668,sitting,-1.0097,0.0320,0.0129,0.8400,-3.5700,-0.0700
61722687,sitting,-1.0092,0.0320,0.0120,0.8400,-3.5000,0.0000
61722707,sitting,-1.0097,0.0317,0.0129,0.8050,-3.4650,-0.0700
61722726,sitting,-1.0092,0.0320,0.0129,0.8750,-3.5350,-0.0700
61722745,sitting,-1.0087,0.0317,0.0134,0.8400,-3.5350,-0.1050
61722764,sitting,-1.0092,0.0320,0.0127,0.8400,-3.5000,-0.0350
61722784,sitting,-1.0082,0.0327,0.0134,0.8400,-3.5000,-0.0700
61722803,sitting,-1.0089,0.0315,0.0127,0.8050,-3.4650,-0.0700
61722822,sitting,-1.0097,0.0320,0.0134,0.8050,-3.4650,-0.0700
61722841,sitting,-1.0094,0.0322,0.0134,0.8400,-3.5350,-0.0700
61722861,sitting,-1.0097,0.0322,0.0129,0.8400,-3.5350,-0.0700
61722880,sitting,-1.0087,0.0325,0.0124,0.8050,-3.5350,-0.0700
61722899,sitting,-1.0080,0.0325,0.0132,0.8400,-3.5000,-0.0700
61722918,sitting,-1.0097,0.0320,0.0129,0.8400,-3.5000,-0.0350
61722937,sitting,-1.0094,0.0317,0.0127,0.8750,-3.5700,0.0000
61722957,sitting,-1.0089,0.0325,0.0137,0.8400,-3.5350,-0.0700
61722976,sitting,-1.0092,0.0327,0.0134,0.8400,-3.5350,-0.0700
61722995,sitting,-1.0092,0.0322,0.0124,0.8050,-3.5350,-0.0350
61723014,sitting,-1.0085,0.0325,0.0127,0.8050,-3.5350,-0.1050
61723034,sitting,-1.0094,0.0325,0.0129,0.8750,-3.5000,0.0000
61723053,sitting,-1.0094,0.0329,0.0124,0.8400,-3.5700,-0.0700
61723072,sitting,-1.0094,0.0325,0.0129,0.8750,-3.5000,-0.0700
61723091,sitting,-1.0092,0.0325,0.0127,0.8400,-3.5000,-0.0700
61723111,sitting,-1.0099,0.0317,0.0134,0.8400,-3.5000,0.0000
61723130,sitting,-1.0089,0.0320,0.0137,0.8750,-3.5350,-0.0700
61723149,sitting,-1.0087,0.0327,0.0129,0.8750,-3.5350,-0.0700
61723168,sitting,-1.0092,0.0325,0.0132,0.8750,-3.5000,-0.1050
61723187,sitting,-1.0089,0.0329,0.0129,0.8400,-3.5000,-0.0350
61723207,sitting,-1.0089,0.0322,0.0129,0.8400,-3.4650,-0.0700
61723226,sitting,-1.0092,0.0320,0.0132,0.8400,-3.5350,-0.1050
61723245,sitting,-1.0089,0.0327,0.0122,0.8400,-3.5700,-0.0700
61723264,sitting,-1.0085,0.0317,0.0120,0.8400,-3.5000,-0.0700
61723284,sitting,-1.0092,0.0312,0.0132,0.8400,-3.4650,-0.0700
61723303,sitting,-1.0094,0.0327,0.0134,0.8400,-3.5350,0.0000
61723322,sitting,-1.0087,0.0320,0.0142,0.8400,-3.5350,-0.0700
61723341,sitting,-1.0094,0.0327,0.0134,0.8400,-3.5000,-0.0700
61723361,sitting,-1.0094,0.0322,0.0122,0.8400,-3.5700,-0.0700
61723380,sitting,-1.0089,0.0329,0.0127,0.8400,-3.5700,-0.0700
61723399,sitting,-1.0089,0.0317,0.0129,0.9100,-3.4650,-0.0350
61723418,sitting,-1.0080,0.0332,0.0134,0.8750,-3.5700,-0.0700
61723437,sitting,-1.0094,0.0325,0.0129,0.8750,-3.5000,-0.0350
61723457,sitting,-1.0085,0.0312,0.0127,0.8400,-3.4650,-0.0350
61723476,sitting,-1.0097,0.0312,0.0124,0.8750,-3.5000,-0.0700
61723495,sitting,-1.0089,0.0315,0.0122,0.8400,-3.5700,-0.0350
61723514,sitting,-1.0089,0.0325,0.0124,0.8400,-3.5350,-0.0700
61723534,sitting,-1.0087,0.0322,0.0134,0.8750,-3.5700,-0.0700
61723553,sitting,-1.0089,0.0315,0.0134,0.8750,-3.5350,-0.0350
61723572,sitting,-1.0092,0.0327,0.0132,0.8400,-3.5350,-0.0350
61723591,sitting,-1.0087,0.0332,0.0112,0.8400,-3.4650,-0.0700
61723611,sitting,-1.0094,0.0322,0.0129,0.8400,-3.5000,-0.0350
61723630,sitting,-1.0094,0.0315,0.0124,0.8400,-3.5700,-0.0700
61723649,sitting,-1.0089,0.0317,0.0134,0.8400,-3.5000,-0.0700
61723668,sitting,-1.0094,0.0317,0.0134,0.8750,-3.5350,-0.0350
61723687,sitting,-1.0104,0.0320,0.0127,0.8750,-3.5350,-0.0700
61723707,sitting,-1.0092,0.0317,0.0127,0.8050,-3.5000,-0.0350
61723726,sitting,-1.0102,0.0315,0.0127,0.8050,-3.5350,-0.0700
61723745,sitting,-1.0092,0.0320,0.0132,0.8400,-3.5700,-0.0700
61723764,sitting,-1.0094,0.0329,0.0127,0.8400,-3.5000,-0.0700
61723784,sitting,-1.0097,0.0322,0.0122,0.8400,-3.4300,-0.0700
61723803,sitting,-1.0094,0.0329,0.0124,0.8750,-3.5350,-0.0700
61723822,sitting,-1.0104,0.0317,0.0122,0.8400,-3.5350,-0.0350
61723841,sitting,-1.0089,0.0310,0.0124,0.8400,-3.4650,-0.0700
61723861,sitting,-1.0092,0.0317,0.0127,0.8750,-3.4650,-0.0700
61723880,sitting,-1.0092,0.0312,0.0132,0.8400,-3.5700,-0.0700
61723899,sitting,-1.0099,0.0317,0.0134,0.8400,-3.5000,-0.0700
61723918,sitting,-1.0102,0.0317,0.0127,0.9100,-3.5000,-0.0700
61723937,sitting,-1.0094,0.0320,0.0132,0.8750,-3.5700,-0.0700
61723957,sitting,-1.0094,0.0320,0.0129,0.8400,-3.5000,-0.0700
61723976,sitting,-1.0094,0.0325,0.0137,0.8400,-3.5000,-0.0700
61723995,sitting,-1.0092,0.0325,0.0134,0.9100,-3.5350,-0.0700
61724014,sitting,-1.0097,0.0322,0.0139,0.8750,-3.5350,-0.0700
61724034,sitting,-1.0092,0.0325,0.0127,0.8400,-3.5000,-0.1050
61724053,sitting,-1.0097,0.0322,0.0137,0.8400,-3.5700,-0.0700
61724072,sitting,-1.0092,0.0320,0.0134,0.8400,-3.5000,0.0000
61724091,sitting,-1.0085,0.0329,0.0134,0.8400,-3.5000,-0.0350
61724111,sitting,-1.0092,0.0322,0.0127,0.8750,-3.5350,-0.0700
61724130,sitting,-1.0097,0.0320,0.0132,0.9100,-3.5350,-0.0700
61724149,sitting,-1.0102,0.0325,0.0139,0.8050,-3.5350,-0.0700
61724168,sitting,-1.0099,0.0327,0.0132,0.8750,-3.5000,-0.0700
61724187,sitting,-1.0104,0.0317,0.0132,0.8400,-3.5700,-0.0350
61724207,sitting,-1.0092,0.0317,0.0134,0.8750,-3.5000,-0.0700
61724226,sitting,-1.0097,0.0322,0.0132,0.8400,-3.4650,-0.0350
61724245,sitting,-1.0087,0.0325,0.0139,0.8400,-3.5700,-0.0700
61724264,sitting,-1.0092,0.0317,0.0120,0.8400,-3.5000,-0.0700
61724284,sitting,-1.0097,0.0327,0.0134,0.8400,-3.5000,-0.0700
61724303,sitting,-1.0089,0.0322,0.0132,0.8400,-3.5000,-0.0350
61724322,sitting,-1.0092,0.0325,0.0124,0.8750,-3.5350,-0.0700
61724341,sitting,-1.0094,0.0329,0.0137,0.8750,-3.5000,-0.0350
61724361,sitting,-1.0094,0.0317,0.0129,0.8750,-3.5350,-0.0350
61724380,sitting,-1.0092,0.0325,0.0124,0.8400,-3.5000,-0.0350
61724399,sitting,-1.0092,0.0325,0.0129,0.8750,-3.5350,-0.0700
61724418,sitting,-1.0087,0.0329,0.0129,0.8400,-3.5000,-0.0700
61724437,sitting,-1.0106,0.0322,0.0132,0.8750,-3.5350,-0.0700
61724457,sitting,-1.0089,0.0327,0.0122,0.8750,-3.5000,-0.0350
61724476,sitting,-1.0094,0.0320,0.0142,0.8400,-3.4650,-0.0700
61724495,sitting,-1.0097,0.0312,0.0124,0.8750,-3.5000,0.0000
61724514,sitting,-1.0092,0.0320,0.0132,0.8400,-3.5350,-0.0700
61724534,sitting,-1.0092,0.0322,0.0142,0.8400,-3.5000,-0.0700
61724553,sitting,-1.0099,0.0325,0.0134,0.8400,-3.5000,-0.0700
61724572,sitting,-1.0099,0.0325,0.0137,0.8750,-3.5350,-0.0350
61724591,sitting,-1.0094,0.0325,0.0132,0.8400,-3.4650,-0.0700
61724611,sitting,-1.0089,0.0315,0.0129,0.8050,-3.5350,-0.0700
61724630,sitting,-1.0102,0.0317,0.0129,0.9100,-3.5700,-0.0700
61724649,sitting,-1.0094,0.0322,0.0127,0.8400,-3.5350,-0.0700
61724668,sitting,-1.0089,0.0317,0.0132,0.8750,-3.5000,-0.0350
61724687,sitting,-1.0089,0.0327,0.0139,0.8400,-3.5000,0.0000
61724707,sitting,-1.0089,0.0325,0.0124,0.8400,-3.5700,-0.0700
61724726,sitting,-1.0094,0.0315,0.0132,0.8400,-3.4650,-0.0700
61724745,sitting,-1.0097,0.0329,0.0129,0.8400,-3.5350,-0.0700
61724764,sitting,-1.0092,0.0315,0.0124,0.9100,-3.5350,-0.1050
61724784,sitting,-1.0087,0.0327,0.0120,0.8050,-3.4650,-0.0700
61724803,sitting,-1.0087,0.0320,0.0132,0.8400,-3.4650,-0.0350
61724822,sitting,-1.0085,0.0320,0.0134,0.8750,-3.5000,-0.0700
61724841,sitting,-1.0087,0.0329,0.0127,0.8400,-3.4650,-0.0350
61724861,sitting,-1.0089,0.0329,0.0129,0.8400,-3.5000,-0.0350
61724880,sitting,-1.0097,0.0327,0.0132,0.8750,-3.5350,-0.0350
61724899,sitting,-1.0099,0.0339,0.0132,0.8400,-3.5350,-0.0700
61724918,sitting,-1.0097,0.0329,0.0129,0.8400,-3.4650,-0.0700
61724937,sitting,-1.0102,0.0315,0.0120,0.8400,-3.5350,0.0000
61724957,sitting,-1.0089,0.0317,0.0127,0.8750,-3.5350,0.0000
61724976,sitting,-1.0092,0.0320,0.0129,0.8050,-3.5000,-0.0700
61724995,sitting,-1.0089,0.0320,0.0142,0.8400,-3.5350,-0.0700
61725014,sitting,-1.0085,0.0327,0.0122,0.8750,-3.5350,-0.0700
61725034,sitting,-1.0089,0.0317,0.0127,0.8400,-3.5000,-0.0700
61725053,sitting,-1.0094,0.0322,0.0127,0.8400,-3.5000,-0.0700
61725072,sitting,-1.0099,0.0317,0.0134,0.8750,-3.5350,-0.0700
61725091,sitting,-1.0092,0.0325,0.0132,0.8750,-3.5700,-0.0700
61725111,sitting,-1.0085,0.0320,0.0134,0.8400,-3.5350,0.0000
61725130,sitting,-1.0082,0.0322,0.0127,0.8400,-3.5000,-0.0350
61725149,sitting,-1.0089,0.0325,0.0134,0.9100,-3.5000,-0.0700
61725168,sitting,-1.0094,0.0317,0.0124,0.8400,-3.4650,-0.0350
61725187,sitting,-1.0094,0.0320,0.0129,0.8400,-3.4650,-0.0350
61725207,sitting,-1.0085,0.0315,0.0134,0.8400,-3.5350,-0.0700
61725226,sitting,-1.0089,0.0322,0.0124,0.8400,-3.5000,-0.0700
61725245,sitting,-1.0082,0.0317,0.0129,0.8050,-3.5000,-0.0700
61725264,sitting,-1.0087,0.0320,0.0132,0.8400,-3.5350,-0.0700
61725284,sitting,-1.0085,0.0325,0.0124,0.8400,-3.5000,-0.0700
61725303,sitting,-1.0092,0.0325,0.0129,0.8400,-3.5000,0.0000
61725322,sitting,-1.0097,0.0322,0.0120,0.8400,-3.5350,-0.0700
61725341,sitting,-1.0092,0.0322,0.0132,0.8400,-3.5350,-0.0350
61725361,sitting,-1.0094,0.0320,0.0129,0.8400,-3.4650,-0.0350
61725380,sitting,-1.0099,0.0325,0.0129,0.8400,-3.5350,-0.1050
61725399,sitting,-1.0094,0.0325,0.0132,0.8050,-3.5000,-0.0350
61725418,sitting,-1.0089,0.0322,0.0137,0.8400,-3.5000,-0.0700
61725437,sitting,-1.0092,0.0327,0.0132,0.8400,-3.5000,-0.0350
61725457,sitting,-1.0085,0.0317,0.0134,0.8400,-3.5000,-0.0700
61725476,sitting,-1.0092,0.0310,0.0127,0.8400,-3.4650,-0.0350
61725495,sitting,-1.0085,0.0317,0.0120,0.8400,-3.5350,0.0000
61725514,sitting,-1.0094,0.0317,0.0132,0.8050,-3.5700,-0.0350
61725534,sitting,-1.0092,0.0325,0.0132,0.8400,-3.5350,-0.1050
61725553,sitting,-1.0085,0.0327,0.0124,0.8400,-3.5350,-0.0350
61725572,sitting,-1.0087,0.0325,0.0122,0.8400,-3.5700,-0.0700
61725591,sitting,-1.0094,0.0320,0.0127,0.8400,-3.5000,-0.0700
61725611,sitting,-1.0097,0.0320,0.0139,0.8400,-3.4650,-0.0350
61725630,sitting,-1.0087,0.0320,0.0127,0.8400,-3.5000,-0.0350
61725649,sitting,-1.0094,0.0315,0.0127,0.8400,-3.5700,-0.0700
61725668,sitting,-1.0092,0.0322,0.0122,0.8400,-3.5350,-0.1050
61725687,sitting,-1.0097,0.0322,0.0134,0.8400,-3.5700,-0.0350
61725707,sitting,-1.0099,0.0320,0.0134,0.8400,-3.5000,-0.0700
61725726,sitting,-1.0089,0.0325,0.0137,0.8050,-3.4650,-0.1050
61725745,sitting,-1.0085,0.0322,0.0137,0.8400,-3.5350,-0.0700
61725764,sitting,-1.0089,0.0325,0.0137,0.8750,-3.5000,-0.0700
61725784,sitting,-1.0102,0.0320,0.0132,0.8400,-3.5000,-0.0700
61725803,sitting,-1.0097,0.0329,0.0122,0.8400,-3.5350,-0.0700
61725822,sitting,-1.0089,0.0322,0.0124,0.8400,-3.5000,-0.1050
61725841,sitting,-1.0097,0.0322,0.0132,0.8400,-3.5350,-0.0700
61725861,sitting,-1.0094,0.0317,0.0134,0.8050,-3.5350,-0.1050
61725880,sitting,-1.0102,0.0327,0.0134,0.8750,-3.4650,-0.0350
61725899,sitting,-1.0094,0.0317,0.0124,0.8400,-3.5000,-0.0700
61725918,sitting,-1.0089,0.0317,0.0129,0.8400,-3.5000,-0.0700
61725937,sitting,-1.0092,0.0325,0.0134,0.8400,-3.5350,-0.0350
61725957,sitting,-1.0102,0.0310,0.0120,0.8400,-3.5700,-0.0700
61725976,sitting,-1.0097,0.0332,0.0129,0.8400,-3.5000,-0.0350
61725995,sitting,-1.0082,0.0320,0.0139,0.8400,-3.5000,-0.0700
61726014,sitting,-1.0085,0.0320,0.0127,0.9100,-3.5000,-0.0700
61726034,sitting,-1.0087,0.0339,0.0129,0.8750,-3.5350,-0.0700
61726053,sitting,-1.0085,0.0325,0.0129,0.8400,-3.5000,-0.0350
61726072,sitting,-1.0087,0.0317,0.0122,0.8400,-3.5350,-0.0350
61726091,sitting,-1.0089,0.0325,0.0129,0.8750,-3.5000,-0.0350
61726111,sitting,-1.0087,0.0317,0.0132,0.8750,-3.4300,-0.1050
61726130,sitting,-1.0092,0.0322,0.0134,0.8400,-3.5000,-0.0700
61726149,sitting,-1.0099,0.0317,0.0137,0.8750,-3.5000,-0.0350
61726168,sitting,-1.0087,0.0325,0.0127,0.8400,-3.4300,-0.0700
61726187,sitting,-1.0085,0.0322,0.0127,0.8400,-3.5350,-0.0700
61726207,sitting,-1.0092,0.0325,0.0137,0.8400,-3.5000,-0.0350
61726226,sitting,-1.0094,0.0320,0.0122,0.8400,-3.5350,-0.0700
61726245,sitting,-1.0097,0.0322,0.0129,0.8400,-3.5000,-0.0700
61726264,sitting,-1.0094,0.0317,0.0122,0.8400,-3.5350,-0.1050
61726284,sitting,-1.0089,0.0325,0.0132,0.8400,-3.5350,-0.0700
61726303,sitting,-1.0106,0.0325,0.0129,0.8400,-3.4300,-0.0700
61726322,sitting,-1.0097,0.0315,0.0124,0.8400,-3.4650,-0.0700
61726341,sitting,-1.0097,0.0320,0.0115,0.9100,-3.5000,-0.0700
61726361,sitting,-1.0092,0.0325,0.0132,0.8400,-3.5350,-0.0700
61726380,sitting,-1.0099,0.0322,0.0134,0.8400,-3.5000,-0.0700
61726399,sitting,-1.0089,0.0320,0.0122,0.8400,-3.5350,-0.0350
61726418,sitting,-1.0089,0.0322,0.0122,0.8400,-3.5000,0.0000
61726437,sitting,-1.0087,0.0315,0.0134,0.8400,-3.5000,-0.0700
61726457,sitting,-1.0094,0.0317,0.0124,0.8400,-3.5350,-0.0350
61726476,sitting,-1.0089,0.0320,0.0117,0.8400,-3.5350,-0.0350
61726495,sitting,-1.0099,0.0322,0.0124,0.8050,-3.5000,-0.0700
61726514,sitting,-1.0099,0.0320,0.0129,0.9100,-3.5350,-0.0700
61726534,sitting,-1.0089,0.0320,0.0142,0.8400,-3.5000,-0.0700
61726553,sitting,-1.0097,0.0320,0.0134,0.8400,-3.5350,-0.0700
61726572,sitting,-1.0097,0.0310,0.0132,0.8750,-3.5350,-0.0350
61726591,sitting,-1.0097,0.0325,0.0127,0.8400,-3.5000,-0.0350
61726611,sitting,-1.0099,0.0320,0.0132,0.8400,-3.4650,-0.0350
61726630,sitting,-1.0087,0.0329,0.0139,0.8400,-3.5350,-0.0350
61726649,sitting,-1.0080,0.0322,0.0127,0.9100,-3.5350,-0.0700
61726668,sitting,-1.0104,0.0317,0.0124,0.8400,-3.5000,-0.0700
61726687,sitting,-1.0092,0.0320,0.0129,0.8400,-3.5000,-0.0350
61726707,sitting,-1.0087,0.0329,0.0132,0.8750,-3.5000,-0.0350
61726726,sitting,-1.0097,0.0317,0.0132,0.8050,-3.5350,-0.0700
61726745,sitting,-1.0102,0.0317,0.0137,0.8400,-3.5000,-0.0700
61726764,sitting,-1.0089,0.0312,0.0132,0.8750,-3.5000,-0.0700
61726784,sitting,-1.0089,0.0315,0.0122,0.8400,-3.5350,-0.0700
61726803,sitting,-1.0089,0.0320,0.0124,0.8400,-3.5350,-0.0700
61726822,sitting,-1.0089,0.0315,0.0129,0.8400,-3.5700,-0.0700
61726841,sitting,-1.0099,0.0312,0.0132,0.8400,-3.5700,-0.0700
61726861,sitting,-1.0094,0.0320,0.0127,0.8050,-3.5000,-0.0700
61726880,sitting,-1.0087,0.0315,0.0115,0.8400,-3.4650,-0.0700
61726899,sitting,-1.0089,0.0315,0.0129,0.8400,-3.5350,-0.0700
61726918,sitting,-1.0085,0.0325,0.0129,0.8050,-3.5000,-0.0700
61726937,sitting,-1.0087,0.0317,0.0132,0.8050,-3.5000,-0.1050
61726957,sitting,-1.0099,0.0327,0.0120,0.8400,-3.5700,-0.0350
61726976,sitting,-1.0092,0.0327,0.0137,0.8400,-3.5350,-0.0700
61726995,sitting,-1.0092,0.0325,0.0132,0.8400,-3.5000,-0.0700
61727014,sitting,-1.0094,0.0329,0.0139,0.8400,-3.5000,0.0000
61727034,sitting,-1.0089,0.0325,0.0132,0.8400,-3.5000,-0.0700
61727053,sitting,-1.0097,0.0317,0.0132,0.8400,-3.5000,-0.0700
61727072,sitting,-1.0102,0.0325,0.0127,0.8050,-3.5350,-0.0700
61727091,sitting,-1.0092,0.0310,0.0120,0.8400,-3.5350,-0.1400
61727111,sitting,-1.0089,0.0320,0.0137,0.8400,-3.5000,-0.0700
61727130,sitting,-1.0092,0.0320,0.0134,0.8050,-3.5000,-0.0700
61727149,sitting,-1.0094,0.0325,0.0127,0.8400,-3.5350,-0.1400
61727168,sitting,-1.0089,0.0317,0.0129,0.8400,-3.5000,-0.0350
61727187,sitting,-1.0097,0.0327,0.0132,0.8400,-3.5000,-0.0700
61727207,sitting,-1.0089,0.0329,0.0124,0.8400,-3.5350,-0.0350
61727226,sitting,-1.0092,0.0322,0.0122,0.9100,-3.5350,-0.1050
61727245,sitting,-1.0099,0.0325,0.0120,0.8050,-3.4650,-0.0700
61727264,sitting,-1.0092,0.0320,0.0122,0.8400,-3.5000,-0.0700
61727284,sitting,-1.0092,0.0327,0.0120,0.8400,-3.5000,-0.0700
61727303,sitting,-1.0094,0.0322,0.0129,0.8400,-3.5000,-0.0350
61727322,sitting,-1.0092,0.0327,0.0137,0.8400,-3.5350,-0.0700
61727341,sitting,-1.0097,0.0329,0.0139,0.8400,-3.4650,-0.0700
61727361,sitting,-1.0099,0.0320,0.0134,0.8400,-3.5350,-0.0700
61727380,sitting,-1.0092,0.0320,0.0137,0.8050,-3.4300,-0.1050
61727399,sitting,-1.0102,0.0317,0.0132,0.9100,-3.5350,-0.0700
61727418,sitting,-1.0094,0.0322,0.0127,0.8750,-3.5700,-0.0700
61727437,sitting,-1.0092,0.0327,0.0132,0.8400,-3.5000,-0.0700
61727457,sitting,-1.0097,0.0315,0.0129,0.8750,-3.5350,-0.0700
61727476,sitting,-1.0102,0.0307,0.0127,0.8050,-3.5700,-0.0700
61727495,sitting,-1.0097,0.0317,0.0132,0.7700,-3.5350,-0.1050
61727514,sitting,-1.0092,0.0317,0.0132,0.8750,-3.5350,-0.0700
61727534,sitting,-1.0082,0.0325,0.0132,0.8400,-3.5350,-0.0700
61727553,sitting,-1.0085,0.0327,0.0132,0.8400,-3.5350,-0.0700
61727572,sitting,-1.0085,0.0325,0.0132,0.8400,-3.4650,-0.0700
61727591,sitting,-1.0089,0.0315,0.0142,0.8400,-3.5000,-0.0700
61727611,sitting,-1.0094,0.0317,0.0127,0.8400,-3.5350,-0.0700
61727630,sitting,-1.0092,0.0315,0.0129,0.8750,-3.4650,-0.0700
61727649,sitting,-1.0097,0.0329,0.0124,0.8400,-3.4650,-0.0700
61727668,sitting,-1.0099,0.0327,0.0124,0.8050,-3.5000,-0.1050
61727687,sitting,-1.0092,0.0312,0.0134,0.8050,-3.5000,-0.0700
61727707,sitting,-1.0094,0.0310,0.0137,0.8050,-3.5000,-0.0700
61727726,sitting,-1.0092,0.0320,0.0134,0.8400,-3.5000,-0.0700
61727745,sitting,-1.0089,0.0322,0.0134,0.8400,-3.5000,-0.0700
61727764,sitting,-1.0089,0.0327,0.0124,0.8400,-3.4650,-0.0700
61727784,sitting,-1.0094,0.0327,0.0115,0.8400,-3.5700,-0.1050
61727803,sitting,-1.0094,0.0317,0.0127,0.8750,-3.5350,-0.0350
61727822,sitting,-1.0097,0.0320,0.0124,0.8400,-3.5000,-0.0700
61727841,sitting,-1.0094,0.0329,0.0132,0.8400,-3.5350,-0.0350
61727861,sitting,-1.0089,0.0329,0.0124,0.8400,-3.5000,-0.0350
61727880,sitting,-1.0097,0.0322,0.0124,0.8050,-3.4650,-0.0700
61727899,sitting,-1.0092,0.0320,0.0129,0.8750,-3.5350,-0.0700
61727918,sitting,-1.0094,0.0317,0.0129,0.8400,-3.5350,-0.0700
61727937,sitting,-1.0097,0.0315,0.0132,0.8400,-3.4650,-0.0700
61727957,sitting,-1.0085,0.0325,0.0122,0.8400,-3.5000,-0.1050
61727976,sitting,-1.0092,0.0327,0.0122,0.8400,-3.5000,-0.0700
61727995,sitting,-1.0092,0.0327,0.0144,0.8400,-3.5350,-0.0700
61728014,sitting,-1.0087,0.0325,0.0134,0.8400,-3.5000,-0.0700
61728034,sitting,-1.0092,0.0315,0.0137,0.8400,-3.5000,-0.0700
61728053,sitting,-1.0087,0.0320,0.0149,0.8400,-3.5000,-0.0700
61728072,sitting,-1.0094,0.0322,0.0139,0.8050,-3.4650,-0.0700
61728091,sitting,-1.0102,0.0315,0.0127,0.8400,-3.5350,-0.0700
61728111,sitting,-1.0097,0.0322,0.0117,0.8750,-3.5350,-0.0700
61728130,sitting,-1.0087,0.0322,0.0127,0.8400,-3.5000,-0.0700
61728149,sitting,-1.0094,0.0315,0.0134,0.8400,-3.5000,-0.0350
61728168,sitting,-1.0092,0.0320,0.0139,0.8400,-3.5350,-0.0350
61728187,sitting,-1.0094,0.0320,0.0124,0.8750,-3.5000,-0.0700
61728207,sitting,-1.0097,0.0325,0.0129,0.8400,-3.5000,-0.0700
61728226,sitting,-1.0097,0.0317,0.0124,0.8400,-3.5700,-0.1400
61728245,sitting,-1.0092,0.0322,0.0124,0.8400,-3.5350,-0.0700
61728264,sitting,-1.0094,0.0325,0.0129,0.8400,-3.5000,-0.0700
61728284,sitting,-1.0092,0.0320,0.0132,0.8750,-3.5700,-0.0700
61728303,sitting,-1.0094,0.0320,0.0129,0.8400,-3.5350,-0.1050
61728322,sitting,-1.0099,0.0320,0.0139,0.8400,-3.5000,-0.1050
61728341,sitting,-1.0087,0.0325,0.0137,0.8400,-3.5350,-0.0700
61728361,sitting,-1.0097,0.0322,0.0129,0.8750,-3.5000,-0.0350
61728380,sitting,-1.0080,0.0315,0.0142,0.8400,-3.4300,-0.0700
61728399,sitting,-1.0094,0.0322,0.0137,0.8400,-3.5000,-0.1050
61728418,sitting,-1.0097,0.0325,0.0127,0.8750,-3.5700,0.0000
61728437,sitting,-1.0099,0.0327,0.0124,0.8400,-3.5000,-0.0700
61728457,sitting,-1.0089,0.0329,0.0127,0.8400,-3.5000,-0.0350
61728476,sitting,-1.0087,0.0325,0.0124,0.8750,-3.5700,-0.0700
61728495,sitting,-1.0097,0.0322,0.0129,0.8400,-3.5000,-0.0700
61728514,sitting,-1.0094,0.0327,0.0137,0.8400,-3.5350,-0.0700
61728534,sitting,-1.0087,0.0329,0.0124,0.8400,-3.5700,-0.0700
61728553,sitting,-1.0099,0.0312,0.0127,0.8750,-3.5000,-0.0700
61728572,sitting,-1.0092,0.0327,0.0139,0.8400,-3.5000,-0.0350
61728591,sitting,-1.0089,0.0317,0.0132,0.8400,-3.5000,-0.0350
61728611,sitting,-1.0092,0.0317,0.0137,0.8400,-3.5000,-0.0700
61728630,sitting,-1.0087,0.0325,0.0129,0.8050,-3.5000,-0.0700
61728649,sitting,-1.0094,0.0322,0.0137,0.8400,-3.4650,-0.0700
61728668,sitting,-1.0094,0.0325,0.0137,0.8400,-3.5000,-0.0350
61728687,sitting,-1.0092,0.0322,0.0134,0.8400,-3.5000,-0.0350
61728707,sitting,-1.0094,0.0329,0.0129,0.8050,-3.5000,-0.0700
61728726,sitting,-1.0094,0.0329,0.0139,0.8400,-3.5000,-0.0700
61728745,sitting,-1.0092,0.0325,0.0132,0.8400,-3.5000,-0.0700
61728764,sitting,-1.0085,0.0322,0.0139,0.8400,-3.4300,-0.0700
61728784,sitting,-1.0097,0.0315,0.0120,0.8400,-3.5350,-0.0350
61728803,sitting,-1.0099,0.0325,0.0132,0.8400,-3.5350,-0.1050
61728822,sitting,-1.0089,0.0327,0.0132,0.8400,-3.5000,-0.0700
61728841,sitting,-1.0099,0.0327,0.0134,0.8750,-3.5000,-0.0350
61728861,sitting,-1.0097,0.0327,0.0132,0.8400,-3.5000,-0.0700
61728880,sitting,-1.0099,0.0325,0.0132,0.8750,-3.5700,-0.0700
61728899,sitting,-1.0102,0.0320,0.0134,0.8400,-3.5000,-0.0700
61728918,sitting,-1.0094,0.0322,0.0132,0.8400,-3.5700,-0.1050
61728937,sitting,-1.0087,0.0322,0.0129,0.8400,-3.5700,-0.0700
61728957,sitting,-1.0097,0.0325,0.0129,0.8400,-3.4300,-0.0700
61728976,sitting,-1.0104,0.0320,0.0129,0.8750,-3.5350,-0.0700
61728995,sitting,-1.0092,0.0325,0.0132,0.8750,-3.5350,-0.0700
61729014,sitting,-1.0087,0.0322,0.0124,0.8050,-3.4650,-0.0350
61729034,sitting,-1.0099,0.0320,0.0129,0.8050,-3.5000,-0.0350
61729053,sitting,-1.0097,0.0320,0.0134,0.8400,-3.5000,-0.0350
61729072,sitting,-1.0094,0.0322,0.0134,0.8400,-3.5000,-0.0700
61729091,sitting,-1.0092,0.0320,0.0132,0.8750,-3.5000,-0.0700
61729111,sitting,-1.0092,0.0322,0.0129,0.8400,-3.5350,-0.0350
61729130,sitting,-1.0087,0.0322,0.0132,0.8400,-3.5350,-0.0700
61729149,sitting,-1.0094,0.0325,0.0129,0.8750,-3.5350,-0.0700
61729168,sitting,-1.0099,0.0320,0.0117,0.8400,-3.5350,-0.0700
61729187,sitting,-1.0097,0.0317,0.0134,0.8750,-3.5350,-0.0700
61729207,sitting,-1.0097,0.0322,0.0142,0.8400,-3.5000,-0.0700
61729226,sitting,-1.0097,0.0315,0.0127,0.8750,-3.5000,-0.0350
61729245,sitting,-1.0097,0.0329,0.0122,0.8400,-3.5350,-0.0700
61729264,sitting,-1.0102,0.0325,0.0132,0.8050,-3.4650,-0.0700
61729284,sitting,-1.0094,0.0322,0.0127,0.8750,-3.4650,-0.0350
61729303,sitting,-1.0097,0.0327,0.0120,0.9100,-3.5700,-0.0700
61729322,sitting,-1.0092,0.0325,0.0120,0.8400,-3.5350,-0.0700
61729341,sitting,-1.0092,0.0325,0.0120,0.8400,-3.5000,-0.0700
61729361,sitting,-1.0097,0.0317,0.0124,0.8400,-3.5350,-0.1050
61729380,sitting,-1.0094,0.0325,0.0134,0.8750,-3.5000,-0.0700
61729399,sitting,-1.0092,0.0320,0.0124,0.8400,-3.4650,-0.0700
61729418,sitting,-1.0089,0.0315,0.0129,0.8400,-3.5000,-0.0700
61729437,sitting,-1.0097,0.0317,0.0120,0.8750,-3.5350,-0.0350
61729457,sitting,-1.0092,0.0317,0.0129,0.7700,-3.5000,-0.0700
61729476,sitting,-1.0087,0.0315,0.0129,0.8400,-3.5000,-0.0350
61729495,sitting,-1.0094,0.0325,0.0127,0.9100,-3.5700,-0.0700
61729514,sitting,-1.0099,0.0322,0.0134,0.8400,-3.5350,-0.0350
61729534,sitting,-1.0097,0.0320,0.0129,0.8400,-3.5000,-0.0700
61729553,sitting,-1.0092,0.0325,0.0132,0.9100,-3.5350,-0.0700
61729572,sitting,-1.0087,0.0325,0.0132,0.8400,-3.5000,-0.0700
61729591,sitting,-1.0094,0.0315,0.0137,0.8400,-3.5000,-0.0700
61729611,sitting,-1.0089,0.0315,0.0137,0.8750,-3.5350,-0.0700
61729630,sitting,-1.0082,0.0322,0.0127,0.9100,-3.5350,-0.0700
61729649,sitting,-1.0085,0.0320,0.0137,0.8400,-3.5000,-0.0350
61729668,sitting,-1.0097,0.0320,0.0132,0.8750,-3.5700,-0.0350
61729687,sitting,-1.0097,0.0317,0.0127,0.8750,-3.5000,-0.0350
61729707,sitting,-1.0094,0.0320,0.0132,0.8400,-3.5000,-0.0350
61729726,sitting,-1.0102,0.0327,0.0139,0.8750,-3.4650,-0.0700
61729745,sitting,-1.0094,0.0322,0.0124,0.8750,-3.5350,-0.0700
61729764,sitting,-1.0099,0.0322,0.0127,0.8750,-3.5000,-0.1050
61729784,sitting,-1.0089,0.0325,0.0137,0.8050,-3.4650,-0.0700
61729803,sitting,-1.0089,0.0325,0.0142,0.8400,-3.5000,-0.0700
61729822,sitting,-1.0099,0.0320,0.0124,0.8400,-3.5350,-0.0350
61729841,sitting,-1.0092,0.0329,0.0122,0.8050,-3.5000,-0.0700
61729861,sitting,-1.0087,0.0325,0.0129,0.8400,-3.5000,-0.0700
61729880,sitting,-1.0092,0.0322,0.0132,0.8400,-3.5350,-0.0700
61729899,sitting,-1.0099,0.0317,0.0132,0.8050,-3.5000,-0.0700
61729918,sitting,-1.0094,0.0317,0.0127,0.8400,-3.5350,-0.0350
61729937,sitting,-1.0092,0.0329,0.0124,0.8400,-3.5350,-0.0700
61729957,sitting,-1.0099,0.0317,0.0122,0.8400,-3.5350,-0.0700
61729976,sitting,-1.0087,0.0317,0.0124,0.8050,-3.5000,-0.0350
61729995,sitting,-1.0089,0.0320,0.0122,0.9100,-3.5700,-0.0350
61730014,sitting,-1.0094,0.0327,0.0132,0.8400,-3.5350,-0.0700
61730034,sitting,-1.0089,0.0315,0.0134,0.7700,-3.5000,-0.0700
61730053,sitting,-1.0099,0.0312,0.0124,0.8400,-3.5000,-0.0700
61730072,sitting,-1.0094,0.0325,0.0122,0.8400,-3.5350,-0.0700
61730091,sitting,-1.0089,0.0325,0.0117,0.8400,-3.5000,-0.0700
61730111,sitting,-1.0087,0.0332,0.0132,0.8750,-3.5350,-0.0700
61730130,sitting,-1.0085,0.0317,0.0127,0.8400,-3.5350,-0.0700
61730149,sitting,-1.0099,0.0322,0.0134,0.8750,-3.5000,-0.0700
61730168,sitting,-1.0111,0.0315,0.0142,0.8400,-3.4650,-0.0700
61730187,sitting,-1.0097,0.0317,0.0132,0.8400,-3.5000,-0.0700
61730207,sitting,-1.0099,0.0320,0.0132,0.8050,-3.5000,-0.0700
61730226,sitting,-1.0087,0.0317,0.0132,0.8050,-3.5000,-0.0700
61730245,sitting,-1.0087,0.0325,0.0124,0.8400,-3.5700,-0.0700
61730264,sitting,-1.0099,0.0322,0.0127,0.8400,-3.5350,-0.0700
61730284,sitting,-1.0087,0.0317,0.0132,0.8400,-3.5350,-0.0350
61730303,sitting,-1.0085,0.0317,0.0142,0.8400,-3.5700,-0.0700
61730322,sitting,-1.0094,0.0327,0.0132,0.8400,-3.5000,-0.0700
61730341,sitting,-1.0092,0.0317,0.0139,0.8400,-3.5000,-0.0700
61730361,sitting,-1.0092,0.0310,0.0137,0.8400,-3.5350,-0.0700
61730380,sitting,-1.0087,0.0315,0.0137,0.8400,-3.5350,-0.0350
61730399,sitting,-1.0099,0.0322,0.0127,0.8400,-3.5000,-0.0350
61730418,sitting,-1.0094,0.0325,0.0129,0.8750,-3.5350,-0.0700
61730437,sitting,-1.0092,0.0320,0.0129,0.8750,-3.5700,-0.0700
61730457,sitting,-1.0099,0.0315,0.0129,0.8400,-3.5000,-0.0700
61730476,sitting,-1.0089,0.0317,0.0144,0.8050,-3.4650,-0.0700
61730495,sitting,-1.0099,0.0317,0.0134,0.8400,-3.5000,-0.0700
61730514,sitting,-1.0087,0.0320,0.0134,0.9100,-3.5700,-0.0350
61730534,sitting,-1.0094,0.0320,0.0129,0.8050,-3.4300,-0.0700
61730553,sitting,-1.0087,0.0325,0.0134,0.8400,-3.4650,-0.0700
61730572,sitting,-1.0094,0.0325,0.0134,0.8750,-3.5000,-0.0700
61730591,sitting,-1.0099,0.0322,0.0129,0.8750,-3.5350,-0.0350
61730611,sitting,-1.0085,0.0327,0.0132,0.8400,-3.5000,-0.0700
61730630,sitting,-1.0094,0.0334,0.0134,0.8750,-3.5350,-0.0700
61730649,sitting,-1.0092,0.0327,0.0122,0.8750,-3.5000,-0.0700
61730668,sitting,-1.0104,0.0325,0.0129,0.8050,-3.4650,-0.1050
61730687,sitting,-1.0092,0.0325,0.0110,0.8750,-3.5700,-0.0700
61730707,sitting,-1.0092,0.0325,0.0129,0.8750,-3.5700,-0.0350
61730726,sitting,-1.0099,0.0322,0.0137,0.8400,-3.5000,-0.1400
61730745,sitting,-1.0087,0.0317,0.0124,0.8400,-3.5000,-0.0700
61730764,sitting,-1.0087,0.0315,0.0137,0.8050,-3.5350,-0.0700
61730784,sitting,-1.0087,0.0317,0.0144,0.8400,-3.4650,-0.0700
61730803,sitting,-1.0085,0.0322,0.0127,0.8400,-3.5350,-0.0350
61730822,sitting,-1.0087,0.0327,0.0129,0.8750,-3.5000,-0.0700
61730841,sitting,-1.0087,0.0317,0.0134,0.8400,-3.5350,-0.1050
61730861,sitting,-1.0087,0.0322,0.0137,0.8750,-3.4650,-0.0700
61730880,sitting,-1.0089,0.0322,0.0142,0.8400,-3.5350,-0.0700
61730899,sitting,-1.0094,0.0327,0.0134,0.8400,-3.5000,-0.0700
61730918,sitting,-1.0094,0.0320,0.0129,0.8050,-3.4650,-0.0700
61730937,sitting,-1.0092,0.0322,0.0134,0.8400,-3.4650,-0.0700
61730957,sitting,-1.0104,0.0317,0.0132,0.8750,-3.5350,-0.0700
61730976,sitting,-1.0094,0.0322,0.0127,0.8050,-3.5000,-0.0700
61730995,sitting,-1.0089,0.0317,0.0127,0.8400,-3.5000,-0.0350
61731014,sitting,-1.0082,0.0320,0.0132,0.8750,-3.5350,-0.0350
61731034,sitting,-1.0085,0.0320,0.0120,0.8400,-3.5350,-0.0700
61731053,sitting,-1.0089,0.0317,0.0137,0.8400,-3.5000,-0.0700
61731072,sitting,-1.0087,0.0317,0.0137,0.8750,-3.5350,-0.0700
61731091,sitting,-1.0087,0.0315,0.0129,0.8400,-3.5000,-0.0700
61731111,sitting,-1.0097,0.0320,0.0129,0.8400,-3.4650,-0.0350
61731130,sitting,-1.0097,0.0320,0.0134,0.8400,-3.5350,-0.0700
61731149,sitting,-1.0089,0.0315,0.0134,0.8400,-3.5350,-0.0700
61731168,sitting,-1.0094,0.0320,0.0124,0.8400,-3.4650,-0.0350
61731187,sitting,-1.0089,0.0317,0.0129,0.8400,-3.5350,-0.0700
61731207,sitting,-1.0094,0.0320,0.0132,0.8400,-3.5700,-0.0700
61731226,sitting,-1.0087,0.0327,0.0124,0.8400,-3.5000,-0.0700
61731245,sitting,-1.0094,0.0322,0.0122,0.8400,-3.5000,-0.0700
61731264,sitting,-1.0094,0.0317,0.0129,0.8050,-3.5000,-0.0700
61731284,sitting,-1.0087,0.0317,0.0132,0.8400,-3.4650,-0.1050
61731303,sitting,-1.0089,0.0327,0.0132,0.8400,-3.5000,-0.0700
61731322,sitting,-1.0087,0.0320,0.0134,0.8400,-3.5000,-0.0700
61731341,sitting,-1.0097,0.0315,0.0134,0.8400,-3.5000,-0.0700
61731361,sitting,-1.0085,0.0312,0.0122,0.8400,-3.5000,-0.1050
61731380,sitting,-1.0087,0.0327,0.0124,0.8750,-3.5350,-0.0700
61731399,sitting,-1.0089,0.0320,0.0127,0.8400,-3.5000,-0.0700
61731418,sitting,-1.0092,0.0317,0.0137,0.8400,-3.5000,-0.0700
61731437,sitting,-1.0092,0.0329,0.0134,0.8400,-3.5000,-0.0700
61731457,sitting,-1.0089,0.0322,0.0124,0.8400,-3.5000,-0.0700
61731476,sitting,-1.0087,0.0327,0.0134,0.8750,-3.5000,-0.0700
61731495,sitting,-1.0092,0.0320,0.0132,0.8400,-3.5350,-0.0700
61731514,sitting,-1.0094,0.0322,0.0127,0.8750,-3.6050,-0.0700
61731534,sitting,-1.0097,0.0322,0.0127,0.8400,-3.5000,0.0000
61731553,sitting,-1.0097,0.0325,0.0134,0.8750,-3.5000,-0.1050
61731572,sitting,-1.0087,0.0327,0.0137,0.8400,-3.5000,-0.0700
61731591,sitting,-1.0097,0.0315,0.0139,0.8400,-3.5350,-0.0350
61731611,sitting,-1.0092,0.0315,0.0129,0.8400,-3.5000,-0.0350
61731630,sitting,-1.0097,0.0312,0.0139,0.8750,-3.5000,-0.0700
61731649,sitting,-1.0089,0.0320,0.0132,0.8750,-3.5350,-0.0700
61731668,sitting,-1.0092,0.0320,0.0134,0.8400,-3.5000,-0.0700
61731687,sitting,-1.0087,0.0327,0.0132,0.8400,-3.4650,-0.0700
61731707,sitting,-1.0089,0.0322,0.0129,0.8400,-3.5350,-0.0700
61731726,sitting,-1.0087,0.0327,0.0124,0.8400,-3.5000,-0.0700
61731745,sitting,-1.0092,0.0312,0.0129,0.8050,-3.5000,-0.0700
61731764,sitting,-1.0087,0.0322,0.0124,0.8750,-3.5000,-0.0350
61731784,sitting,-1.0089,0.0325,0.0139,0.8750,-3.5000,-0.0700
61731803,sitting,-1.0106,0.0317,0.0129,0.8400,-3.5000,-0.1400
61731822,sitting,-1.0097,0.0322,0.0122,0.8400,-3.5350,-0.0700
61731841,sitting,-1.0094,0.0327,0.0124,0.8750,-3.5000,-0.1050
61731861,sitting,-1.0094,0.0322,0.0132,0.8750,-3.5000,-0.0350
61731880,sitting,-1.0092,0.0320,0.0127,0.8750,-3.5350,-0.0700
61731899,sitting,-1.0102,0.0317,0.0132,0.9100,-3.5700,-0.0700
61731918,sitting,-1.0104,0.0325,0.0129,0.8400,-3.5000,-0.0700
61731937,sitting,-1.0094,0.0320,0.0127,0.8050,-3.4650,-0.1050
61731957,sitting,-1.0089,0.0320,0.0129,0.8400,-3.5350,-0.1050
61731976,sitting,-1.0082,0.0322,0.0144,0.8400,-3.5000,-0.0350
61731995,sitting,-1.0099,0.0322,0.0142,0.8750,-3.4650,-0.1050
61732014,sitting,-1.0099,0.0320,0.0127,0.8400,-3.5350,-0.0700
61732034,sitting,-1.0094,0.0312,0.0137,0.8750,-3.5700,-0.0700
61732053,sitting,-1.0099,0.0315,0.0129,0.8750,-3.5000,-0.1050
61732072,sitting,-1.0094,0.0325,0.0137,0.8750,-3.5700,-0.0350
61732091,sitting,-1.0089,0.0317,0.0137,0.8750,-3.5700,-0.0700
61732111,sitting,-1.0099,0.0322,0.0124,0.8750,-3.5000,-0.1050
61732130,sitting,-1.0089,0.0325,0.0129,0.8400,-3.5000,-0.0700
61732149,sitting,-1.0099,0.0325,0.0124,0.9100,-3.5700,-0.0350
61732168,sitting,-1.0099,0.0327,0.0129,0.8750,-3.5000,-0.0700
61732187,sitting,-1.0087,0.0312,0.0142,0.8400,-3.4650,-0.0700
61732207,sitting,-1.0089,0.0317,0.0122,0.8400,-3.5350,-0.0700
61732226,sitting,-1.0097,0.0317,0.0129,0.8050,-3.5000,-0.0700
61732245,sitting,-1.0099,0.0317,0.0137,0.7700,-3.4650,-0.0700
61732264,sitting,-1.0102,0.0317,0.0134,0.8400,-3.5000,-0.0700
61732284,sitting,-1.0092,0.0329,0.0127,0.8050,-3.5000,-0.0700
61732303,sitting,-1.0097,0.0325,0.0134,0.8400,-3.5000,-0.0700
61732322,sitting,-1.0097,0.0327,0.0132,0.8400,-3.5000,-0.0350
61732341,sitting,-1.0099,0.0325,0.0132,0.8400,-3.5350,-0.1050
61732361,sitting,-1.0099,0.0317,0.0132,0.8750,-3.5350,-0.0700
61732380,sitting,-1.0092,0.0315,0.0144,0.8750,-3.5000,-0.1050
61732399,sitting,-1.0094,0.0329,0.0132,0.8400,-3.5350,-0.1050
61732418,sitting,-1.0082,0.0325,0.0124,0.8400,-3.5350,-0.0700
61732437,sitting,-1.0094,0.0315,0.0134,0.8050,-3.4650,-0.0700
61732457,sitting,-1.0094,0.0322,0.0127,0.8750,-3.5000,-0.0700
61732476,sitting,-1.0089,0.0317,0.0129,0.8750,-3.5350,-0.0700
61732495,sitting,-1.0097,0.0322,0.0127,0.8050,-3.5000,-0.0700
61732514,sitting,-1.0092,0.0325,0.0132,0.8400,-3.5000,-0.0700
61732534,sitting,-1.0089,0.0322,0.0124,0.8400,-3.4650,-0.0700
61732553,sitting,-1.0102,0.0320,0.0137,0.8050,-3.5000,-0.0700
61732572,sitting,-1.0089,0.0320,0.0127,0.8400,-3.5700,-0.0350
61732591,sitting,-1.0089,0.0317,0.0142,0.9100,-3.5000,-0.0700
61732611,sitting,-1.0082,0.0315,0.0132,0.8400,-3.5000,-0.0700
61732630,sitting,-1.0085,0.0325,0.0127,0.8400,-3.4650,-0.0700
61732649,sitting,-1.0085,0.0325,0.0120,0.8400,-3.5350,-0.1050
61732668,sitting,-1.0089,0.0325,0.0127,0.9100,-3.5700,-0.0350
61732687,sitting,-1.0106,0.0312,0.0124,0.8750,-3.5000,-0.1050
61732707,sitting,-1.0089,0.0325,0.0129,0.8400,-3.5000,-0.1400
61732726,sitting,-1.0085,0.0337,0.0134,0.8400,-3.5000,-0.0700
61732745,sitting,-1.0094,0.0320,0.0129,0.8400,-3.4650,-0.0700
61732764,sitting,-1.0097,0.0329,0.0139,0.8400,-3.5350,-0.0350
61732784,sitting,-1.0092,0.0317,0.0137,0.8750,-3.5700,-0.0700
61732803,sitting,-1.0109,0.0322,0.0127,0.8400,-3.5000,-0.0700
61732822,sitting,-1.0089,0.0322,0.0127,0.8400,-3.5000,-0.1050
61732841,sitting,-1.0082,0.0322,0.0127,0.8400,-3.5000,-0.0700
61732861,sitting,-1.0097,0.0312,0.0127,0.8400,-3.5000,-0.0700
61732880,sitting,-1.0092,0.0325,0.0137,0.8400,-3.5000,-0.0700
61732899,sitting,-1.0092,0.0327,0.0137,0.8750,-3.5350,-0.1050
61732918,sitting,-1.0092,0.0322,0.0144,0.8400,-3.5350,-0.1400
61732937,sitting,-1.0094,0.0320,0.0134,0.8400,-3.5000,-0.0700
61732957,sitting,-1.0089,0.0334,0.0124,0.8750,-3.5000,-0.0700
61732976,sitting,-1.0094,0.0325,0.0134,0.8750,-3.5350,-0.0700
61732995,sitting,-1.0094,0.0312,0.0129,0.8750,-3.5000,-0.0700
61733014,sitting,-1.0102,0.0317,0.0137,0.8400,-3.4650,-0.0700
61733034,sitting,-1.0104,0.0315,0.0132,0.8750,-3.5350,-0.1050
61733053,sitting,-1.0094,0.0325,0.0134,0.8050,-3.5350,-0.0350
61733072,sitting,-1.0089,0.0329,0.0129,0.8050,-3.5000,-0.0700
61733091,sitting,-1.0099,0.0320,0.0129,0.8400,-3.5350,-0.0350
61733111,sitting,-1.0099,0.0322,0.0142,0.8400,-3.5000,-0.0700
61733130,sitting,-1.0102,0.0315,0.0127,0.8400,-3.5000,-0.0350
61733149,sitting,-1.0085,0.0329,0.0122,0.8750,-3.5700,-0.0700
61733168,sitting,-1.0092,0.0317,0.0129,0.8750,-3.5350,-0.0700
61733187,sitting,-1.0099,0.0322,0.0132,0.8400,-3.5000,-0.0700
61733207,sitting,-1.0092,0.0307,0.0122,0.8750,-3.5000,-0.0700
61733226,sitting,-1.0089,0.0329,0.0124,0.8750,-3.5700,-0.0700
61733245,sitting,-1.0094,0.0320,0.0137,0.8400,-3.5350,-0.0350
61733264,sitting,-1.0092,0.0322,0.0127,0.8400,-3.5000,-0.0700
61733284,sitting,-1.0094,0.0322,0.0129,0.8750,-3.5350,-0.0700
61733303,sitting,-1.0094,0.0322,0.0134,0.8400,-3.5000,-0.0350
61733322,sitting,-1.0087,0.0329,0.0124,0.8050,-3.5000,-0.0700
61733341,sitting,-1.0099,0.0317,0.0124,0.8750,-3.5000,-0.0700
61733361,sitting,-1.0092,0.0317,0.0134,0.8050,-3.5700,-0.0700
61733380,sitting,-1.0092,0.0315,0.0137,0.8050,-3.5000,-0.0700
61733399,sitting,-1.0089,0.0317,0.0127,0.8400,-3.5000,-0.0700
61733418,sitting,-1.0097,0.0320,0.0129,0.8750,-3.5700,-0.0700
61733437,sitting,-1.0094,0.0312,0.0129,0.8750,-3.5000,-0.0350
61733457,sitting,-1.0097,0.0320,0.0129,0.8400,-3.5350,-0.0700
61733476,sitting,-1.0094,0.0325,0.0132,0.9100,-3.5700,-0.0700
61733495,sitting,-1.0099,0.0315,0.0132,0.8050,-3.4650,-0.0350
61733514,sitting,-1.0089,0.0317,0.0127,0.8050,-3.5000,-0.0700
61733534,sitting,-1.0089,0.0325,0.0124,0.8750,-3.5350,-0.0700
61733553,sitting,-1.0099,0.0322,0.0129,0.8400,-3.5000,-0.0700
61733572,sitting,-1.0085,0.0332,0.0132,0.8050,-3.5350,-0.0700
61733591,sitting,-1.0092,0.0334,0.0127,0.8400,-3.5350,-0.0700
61733611,sitting,-1.0094,0.0325,0.0129,0.9100,-3.5350,-0.0350
61733630,sitting,-1.0097,0.0320,0.0127,0.8750,-3.4650,-0.0700
61733649,sitting,-1.0104,0.0320,0.0129,0.8400,-3.5000,-0.0700
61733668,sitting,-1.0087,0.0332,0.0137,0.8750,-3.5350,-0.0700
61733687,sitting,-1.0087,0.0320,0.0132,0.8750,-3.5350,-0.0700
61733707,sitting,-1.0092,0.0320,0.0122,0.8400,-3.4650,-0.1050
61733726,sitting,-1.0089,0.0329,0.0134,0.8400,-3.5000,-0.0350
61733745,sitting,-1.0104,0.0320,0.0124,0.8400,-3.5350,-0.0700
61733764,sitting,-1.0094,0.0317,0.0122,0.8400,-3.5000,-0.1050
61733784,sitting,-1.0099,0.0317,0.0139,0.8400,-3.5350,-0.0700
61733803,sitting,-1.0094,0.0322,0.0124,0.8400,-3.4650,-0.0700
61733822,sitting,-1.0097,0.0317,0.0132,0.8750,-3.5000,-0.0700
61733841,sitting,-1.0092,0.0327,0.0134,0.8750,-3.5000,0.0000
61733861,sitting,-1.0085,0.0320,0.0139,0.8400,-3.5700,-0.0350
61733880,sitting,-1.0089,0.0317,0.0137,0.8750,-3.5000,-0.0700
61733899,sitting,-1.0089,0.0322,0.0132,0.8400,-3.5000,-0.0700
61733918,sitting,-1.0097,0.0315,0.0127,0.8750,-3.5000,-0.1050
61733937,sitting,-1.0089,0.0315,0.0132,0.8400,-3.5000,-0.1050
61733957,sitting,-1.0089,0.0320,0.0137,0.8050,-3.5000,-0.1050
61733976,sitting,-1.0099,0.0320,0.0142,0.8400,-3.5000,-0.1050
61733995,sitting,-1.0092,0.0325,0.0139,0.8400,-3.5350,-0.0700
61734014,sitting,-1.0087,0.0317,0.0132,0.7700,-3.5000,-0.0700
61734034,sitting,-1.0082,0.0317,0.0132,0.8400,-3.5000,-0.0350
61734053,sitting,-1.0082,0.0325,0.0129,0.8400,-3.5700,-0.0700
61734072,sitting,-1.0085,0.0320,0.0132,0.8400,-3.4650,-0.0700
61734091,sitting,-1.0087,0.0320,0.0137,0.8400,-3.5350,-0.1050
61734111,sitting,-1.0094,0.0322,0.0129,0.8400,-3.5000,-0.1050
61734130,sitting,-1.0087,0.0317,0.0134,0.8400,-3.5350,-0.0700
61734149,sitting,-1.0085,0.0322,0.0129,0.8400,-3.5000,-0.0700
61734168,sitting,-1.0080,0.0322,0.0124,0.8750,-3.5700,-0.0350
61734187,sitting,-1.0087,0.0315,0.0132,0.9100,-3.5700,-0.0700
61734207,sitting,-1.0085,0.0325,0.0124,0.8050,-3.5000,-0.0700
61734226,sitting,-1.0102,0.0325,0.0134,0.8400,-3.5350,-0.0700
61734245,sitting,-1.0087,0.0327,0.0117,0.8750,-3.5000,-0.0700
61734264,sitting,-1.0094,0.0327,0.0120,0.8400,-3.5000,-0.0700
61734284,sitting,-1.0087,0.0317,0.0139,0.8750,-3.5350,-0.1050
61734303,sitting,-1.0099,0.0315,0.0127,0.8050,-3.5350,-0.1050
61734322,sitting,-1.0089,0.0325,0.0124,0.8400,-3.5000,-0.0700
61734341,sitting,-1.0085,0.0317,0.0127,0.8400,-3.4650,-0.0700
61734361,sitting,-1.0089,0.0320,0.0129,0.8750,-3.5350,-0.0350
61734380,sitting,-1.0104,0.0320,0.0132,0.8050,-3.4650,-0.0700
61734399,sitting,-1.0097,0.0325,0.0120,0.8400,-3.5000,-0.0700
61734418,sitting,-1.0092,0.0325,0.0139,0.8750,-3.6050,-0.0700
61734437,sitting,-1.0094,0.0322,0.0129,0.8400,-3.5000,-0.0700
61734457,sitting,-1.0097,0.0317,0.0124,0.8400,-3.4650,-0.0700
61734476,sitting,-1.0094,0.0317,0.0127,0.9100,-3.5000,-0.0700
61734495,sitting,-1.0087,0.0310,0.0129,0.8400,-3.5350,-0.0700
61734514,sitting,-1.0092,0.0325,0.0127,0.8400,-3.4650,-0.0700
61734534,sitting,-1.0089,0.0315,0.0134,0.8750,-3.5350,-0.0700
61734553,sitting,-1.0089,0.0322,0.0129,0.8750,-3.5350,-0.0700
61734572,sitting,-1.0099,0.0327,0.0124,0.8050,-3.4650,-0.0700
61734591,sitting,-1.0092,0.0310,0.0129,0.8400,-3.5700,-0.0700
61734611,sitting,-1.0097,0.0322,0.0134,0.8400,-3.5350,-0.1050
61734630,sitting,-1.0092,0.0322,0.0132,0.8400,-3.4650,-0.0700
61734649,sitting,-1.0097,0.0322,0.0142,0.8750,-3.5000,-0.0700
61734668,sitting,-1.0104,0.0332,0.0132,0.8750,-3.5350,-0.0700
61734687,sitting,-1.0102,0.0310,0.0132,0.8400,-3.5350,-0.1050
61734707,sitting,-1.0089,0.0317,0.0134,0.8400,-3.5000,-0.1050
61734726,sitting,-1.0094,0.0317,0.0117,0.8400,-3.5000,-0.0700
61734745,sitting,-1.0097,0.0312,0.0127,0.8400,-3.5350,-0.0700
61734764,sitting,-1.0097,0.0320,0.0134,0.8400,-3.4650,-0.0700
61734784,sitting,-1.0099,0.0322,0.0132,0.8750,-3.5700,-0.0700
61734803,sitting,-1.0102,0.0320,0.0137,0.8750,-3.5350,-0.0350
