timestamp_ms,label,acc_x_g,acc_y_g,acc_z_g,gyro_x_dps,gyro_y_dps,gyro_z_dps
61994926,sitting,-0.0388,-0.9994,0.0100,0.8750,-3.5700,-0.1400
61994945,sitting,-0.0388,-0.9989,0.0102,0.8400,-3.5700,-0.0700
61994964,sitting,-0.0386,-0.9984,0.0098,0.8750,-3.5350,-0.0700
61994983,sitting,-0.0395,-0.9987,0.0100,0.8400,-3.5350,-0.0700
61995003,sitting,-0.0381,-0.9975,0.0098,0.8750,-3.5350,-0.1050
61995022,sitting,-0.0390,-0.9987,0.0102,0.8050,-3.5000,-0.0700
61995041,sitting,-0.0395,-0.9972,0.0098,0.8400,-3.5000,-0.0350
61995060,sitting,-0.0395,-0.9982,0.0102,0.9100,-3.5350,-0.1050
61995080,sitting,-0.0398,-0.9984,0.0105,0.8050,-3.5350,-0.0700
61995099,sitting,-0.0407,-0.9977,0.0102,0.8400,-3.4650,-0.0350
61995118,sitting,-0.0390,-0.9975,0.0090,0.8750,-3.5350,-0.0350
61995137,sitting,-0.0395,-0.9982,0.0098,0.8400,-3.5350,-0.0700
61995157,sitting,-0.0393,-0.9972,0.0110,0.8750,-3.5350,-0.0700
61995176,sitting,-0.0388,-0.9980,0.0102,0.8750,-3.5350,-0.0700
61995195,sitting,-0.0386,-0.9980,0.0110,0.9100,-3.5350,-0.0350
61995214,sitting,-0.0393,-0.9977,0.0107,0.8750,-3.5700,-0.0350
61995233,sitting,-0.0400,-0.9977,0.0100,0.8750,-3.5350,-0.1050
61995253,sitting,-0.0381,-0.9982,0.0102,0.9100,-3.5000,-0.0700
61995272,sitting,-0.0390,-0.9982,0.0102,0.8750,-3.5700,-0.1050
61995291,sitting,-0.0390,-0.9987,0.0098,0.8400,-3.5700,-0.1050
61995310,sitting,-0.0390,-0.9982,0.0098,0.8400,-3.5000,-0.1050
61995330,sitting,-0.0400,-0.9977,0.0102,0.8750,-3.5700,-0.0700
61995349,sitting,-0.0383,-0.9984,0.0100,0.8050,-3.5350,-0.0700
61995368,sitting,-0.0393,-0.9982,0.0100,0.8400,-3.5350,-0.0700
61995387,sitting,-0.0393,-0.9980,0.0098,0.8750,-3.5350,-0.0700
61995407,sitting,-0.0386,-0.9984,0.0105,0.8400,-3.5000,-0.1050
61995426,sitting,-0.0395,-0.9984,0.0105,0.8750,-3.5000,-0.0700
61995445,sitting,-0.0403,-0.9972,0.0093,0.8400,-3.5350,-0.1050
61995464,sitting,-0.0383,-0.9982,0.0100,0.8050,-3.5350,-0.0700
61995483,sitting,-0.0388,-0.9984,0.0098,0.8050,-3.5000,-0.0350
61995503,sitting,-0.0386,-0.9982,0.0100,0.8050,-3.5350,-0.0700
61995522,sitting,-0.0390,-0.9987,0.0102,0.8750,-3.5350,-0.0700
61995541,sitting,-0.0383,-0.9984,0.0102,0.8050,-3.4650,-0.0700
61995560,sitting,-0.0386,-0.9984,0.0112,0.9100,-3.5350,-0.0700
61995580,sitting,-0.0386,-0.9984,0.0110,0.9100,-3.5350,-0.0700
61995599,sitting,-0.0395,-0.9987,0.0100,0.8400,-3.5350,-0.1050
61995618,sitting,-0.0390,-0.9977,0.0095,0.8400,-3.5350,-0.0700
61995637,sitting,-0.0388,-0.9980,0.0100,0.8400,-3.5700,-0.0700
61995657,sitting,-0.0390,-0.9980,0.0100,0.8400,-3.5000,-0.1400
61995676,sitting,-0.0393,-0.9984,0.0095,0.8400,-3.5000,-0.1050
61995695,sitting,-0.0386,-0.9975,0.0088,0.8400,-3.5700,-0.0700
61995714,sitting,-0.0383,-0.9989,0.0088,0.8400,-3.5000,-0.0700
61995733,sitting,-0.0393,-0.9982,0.0105,0.8050,-3.5000,-0.1400
61995753,sitting,-0.0395,-0.9977,0.0095,0.9100,-3.5000,-0.0700
61995772,sitting,-0.0390,-0.9982,0.0100,0.8750,-3.5000,-0.1050
61995791,sitting,-0.0390,-0.9980,0.0100,0.8400,-3.5000,-0.1050
61995810,sitting,-0.0393,-0.9980,0.0102,0.8400,-3.5000,-0.0700
61995830,sitting,-0.0388,-0.9977,0.0110,0.8400,-3.5350,-0.0700
61995849,sitting,-0.0398,-0.9989,0.0105,0.8400,-3.5350,-0.0700
61995868,sitting,-0.0398,-0.9989,0.0093,0.8400,-3.5350,-0.0700
61995887,sitting,-0.0398,-0.9987,0.0100,0.8750,-3.5350,-0.0700
61995907,sitting,-0.0400,-0.9982,0.0090,0.8400,-3.5000,-0.0700
61995926,sitting,-0.0390,-0.9980,0.0090,0.8400,-3.5350,-0.0700
61995945,sitting,-0.0395,-0.9982,0.0098,0.8400,-3.5000,-0.0700
61995964,sitting,-0.0390,-0.9987,0.0090,0.8750,-3.5700,-0.0700
61995983,sitting,-0.0395,-0.9984,0.0102,0.8400,-3.5700,-0.0700
61996003,sitting,-0.0405,-0.9987,0.0095,0.8750,-3.5700,-0.0700
61996022,sitting,-0.0386,-0.9987,0.0102,0.8400,-3.5700,-0.1050
61996041,sitting,-0.0398,-0.9982,0.0110,0.8400,-3.5350,-0.0350
61996060,sitting,-0.0393,-0.9984,0.0100,0.8750,-3.5000,-0.0700
61996080,sitting,-0.0400,-0.9980,0.0102,0.8750,-3.5350,-0.0700
61996099,sitting,-0.0395,-0.9982,0.0098,0.8400,-3.5350,-0.0700
61996118,sitting,-0.0393,-0.9980,0.0105,0.8050,-3.5000,-0.0700
61996137,sitting,-0.0393,-0.9989,0.0102,0.8400,-3.5350,-0.0700
61996157,sitting,-0.0393,-0.9984,0.0095,0.8400,-3.5350,-0.1400
61996176,sitting,-0.0398,-0.9987,0.0102,0.8050,-3.4650,-0.0700
61996195,sitting,-0.0395,-0.9975,0.0115,0.8050,-3.5700,-0.0700
61996214,sitting,-0.0388,-0.9980,0.0098,0.8400,-3.5700,-0.1050
61996233,sitting,-0.0390,-0.9987,0.0095,0.8400,-3.5000,-0.0700
61996253,sitting,-0.0395,-0.9982,0.0107,0.8400,-3.5700,-0.0700
61996272,sitting,-0.0395,-0.9989,0.0098,0.8750,-3.5700,0.0000
61996291,sitting,-0.0395,-0.9989,0.0100,0.9100,-3.5000,-0.0350
61996310,sitting,-0.0403,-0.9987,0.0102,0.8400,-3.5000,-0.0700
61996330,sitting,-0.0405,-0.9984,0.0098,0.8400,-3.5000,-0.0700
61996349,sitting,-0.0400,-0.9989,0.0105,0.8750,-3.5000,-0.1050
61996368,sitting,-0.0386,-0.9989,0.0100,0.8400,-3.5700,-0.0700
61996387,sitting,-0.0386,-0.9982,0.0095,0.8750,-3.5700,-0.0700
61996407,sitting,-0.0393,-0.9989,0.0095,0.8400,-3.5700,-0.0350
61996426,sitting,-0.0393,-0.9980,0.0095,0.8400,-3.5350,-0.0700
61996445,sitting,-0.0393,-0.9994,0.0105,0.8750,-3.5350,-0.0700
61996464,sitting,-0.0393,-0.9982,0.0102,0.8400,-3.5350,-0.1050
61996483,sitting,-0.0398,-0.9984,0.0102,0.8400,-3.5350,-0.0700
61996503,sitting,-0.0390,-0.9987,0.0098,0.8400,-3.5000,-0.0700
61996522,sitting,-0.0393,-0.9987,0.0107,0.8750,-3.5000,-0.0700
61996541,sitting,-0.0393,-0.9989,0.0102,0.8750,-3.5350,-0.1050
61996560,sitting,-0.0398,-0.9982,0.0100,0.8400,-3.5350,-0.0700
61996580,sitting,-0.0398,-0.9977,0.0107,0.8750,-3.5350,-0.0700
61996599,sitting,-0.0393,-0.9982,0.0100,0.8750,-3.5350,-0.0700
61996618,sitting,-0.0398,-0.9977,0.0095,0.8400,-3.5000,-0.0700
61996637,sitting,-0.0386,-0.9982,0.0110,0.8400,-3.5350,-0.0700
61996657,sitting,-0.0386,-0.9982,0.0110,0.8400,-3.5350,-0.0700
61996676,sitting,-0.0388,-0.9980,0.0100,0.8750,-3.5350,-0.1050
61996695,sitting,-0.0390,-0.9977,0.0100,0.8400,-3.5350,-0.0700
61996714,sitting,-0.0378,-0.9987,0.0088,0.8400,-3.5350,-0.0700
61996733,sitting,-0.0388,-0.9982,0.0095,0.8750,-3.5350,-0.1050
61996753,sitting,-0.0395,-0.9984,0.0105,0.8400,-3.5000,-0.1050
61996772,sitting,-0.0400,-0.9989,0.0102,0.8750,-3.5700,-0.0350
61996791,sitting,-0.0395,-0.9980,0.0102,0.8400,-3.5700,-0.1050
61996810,sitting,-0.0390,-0.9989,0.0105,0.8400,-3.5350,-0.0700
61996830,sitting,-0.0395,-0.9992,0.0115,0.8400,-3.5000,-0.1050
61996849,sitting,-0.0398,-0.9987,0.0102,0.8750,-3.5700,-0.0700
61996868,sitting,-0.0388,-0.9982,0.0107,0.8400,-3.5000,-0.0700
61996887,sitting,-0.0395,-0.9984,0.0105,0.8050,-3.5000,-0.0700
61996907,sitting,-0.0398,-0.9982,0.0098,0.8400,-3.5700,-0.0700
61996926,sitting,-0.0393,-0.9977,0.0093,0.8050,-3.5350,-0.1050
61996945,sitting,-0.0383,-0.9982,0.0102,0.8050,-3.5000,-0.1050
61996964,sitting,-0.0398,-0.9980,0.0105,0.8400,-3.5000,-0.0700
61996983,sitting,-0.0395,-0.9982,0.0098,0.8750,-3.5350,-0.1050
61997003,sitting,-0.0400,-0.9984,0.0100,0.8400,-3.5000,-0.0350
61997022,sitting,-0.0373,-0.9975,0.0095,0.8400,-3.5700,-0.0700
61997041,sitting,-0.0393,-0.9987,0.0095,0.8400,-3.5350,-0.1050
61997060,sitting,-0.0390,-0.9989,0.0098,0.8400,-3.5350,-0.0700
61997080,sitting,-0.0390,-0.9992,0.0095,0.8400,-3.5350,-0.0700
61997099,sitting,-0.0393,-0.9992,0.0093,0.9100,-3.5350,-0.0700
61997118,sitting,-0.0390,-0.9987,0.0102,0.8750,-3.5000,-0.0700
61997137,sitting,-0.0393,-0.9982,0.0110,0.8400,-3.5000,-0.0700
61997157,sitting,-0.0386,-0.9980,0.0105,0.8400,-3.5350,-0.0700
61997176,sitting,-0.0386,-0.9992,0.0107,0.8750,-3.5350,-0.0350
61997195,sitting,-0.0390,-0.9992,0.0090,0.8050,-3.5000,-0.0350
61997214,sitting,-0.0393,-0.9994,0.0098,0.8400,-3.5000,-0.0700
61997233,sitting,-0.0388,-0.9984,0.0095,0.8400,-3.5350,-0.0700
61997253,sitting,-0.0386,-0.9980,0.0093,0.8050,-3.5000,-0.1050
61997272,sitting,-0.0386,-0.9982,0.0100,0.8400,-3.5000,-0.0700
61997291,sitting,-0.0393,-0.9975,0.0100,0.8400,-3.5350,-0.0700
61997310,sitting,-0.0398,-0.9982,0.0102,0.8400,-3.5000,-0.1050
61997330,sitting,-0.0390,-0.9982,0.0100,0.8400,-3.4650,-0.0700
61997349,sitting,-0.0390,-0.9975,0.0095,0.8750,-3.5700,-0.1050
61997368,sitting,-0.0405,-0.9977,0.0105,0.9100,-3.5700,-0.0700
61997387,sitting,-0.0398,-0.9989,0.0105,0.8750,-3.5000,-0.0700
61997407,sitting,-0.0390,-0.9980,0.0100,0.8750,-3.5350,-0.0700
61997426,sitting,-0.0398,-0.9977,0.0102,0.8400,-3.5350,-0.1400
61997445,sitting,-0.0403,-0.9984,0.0100,0.8050,-3.4650,-0.1400
61997464,sitting,-0.0400,-0.9984,0.0107,0.8400,-3.5000,-0.0700
61997483,sitting,-0.0383,-0.9984,0.0100,0.8750,-3.5700,-0.0700
61997503,sitting,-0.0388,-0.9980,0.0110,0.8400,-3.5000,-0.0700
61997522,sitting,-0.0393,-0.9982,0.0098,0.8400,-3.5000,-0.0700
61997541,sitting,-0.0393,-0.9982,0.0100,0.8750,-3.5700,-0.1400
61997560,sitting,-0.0383,-0.9989,0.0102,0.8400,-3.5350,-0.1050
61997580,sitting,-0.0395,-0.9977,0.0105,0.8400,-3.4650,-0.0700
61997599,sitting,-0.0398,-0.9987,0.0105,0.8400,-3.5000,-0.0700
61997618,sitting,-0.0403,-0.9987,0.0102,0.8400,-3.5000,-0.0700
61997637,sitting,-0.0395,-0.9987,0.0095,0.8050,-3.4650,-0.1050
61997657,sitting,-0.0383,-0.9982,0.0105,0.8400,-3.4650,-0.0700
61997676,sitting,-0.0386,-0.9982,0.0105,0.8750,-3.5700,-0.0700
61997695,sitting,-0.0386,-0.9984,0.0102,0.8400,-3.5000,-0.0700
61997714,sitting,-0.0393,-0.9984,0.0100,0.8750,-3.5000,-0.0700
61997733,sitting,-0.0393,-0.9980,0.0100,0.8400,-3.5350,-0.1050
61997753,sitting,-0.0388,-0.9984,0.0110,0.8400,-3.5350,-0.1050
61997772,sitting,-0.0390,-0.9975,0.0102,0.8750,-3.5000,-0.1050
61997791,sitting,-0.0386,-0.9977,0.0107,0.8400,-3.5700,-0.0700
61997810,sitting,-0.0381,-0.9977,0.0102,0.8050,-3.5350,-0.0700
61997830,sitting,-0.0395,-0.9980,0.0088,0.8400,-3.5000,-0.0700
61997849,sitting,-0.0386,-0.9989,0.0095,0.8750,-3.5700,-0.0700
61997868,sitting,-0.0378,-0.9980,0.0102,0.8750,-3.6050,-0.0700
61997887,sitting,-0.0390,-0.9975,0.0107,0.8050,-3.5000,-0.1400
61997907,sitting,-0.0393,-0.9980,0.0102,0.8400,-3.4650,-0.1400
61997926,sitting,-0.0393,-0.9989,0.0105,0.8750,-3.5350,-0.0700
61997945,sitting,-0.0395,-0.9982,0.0107,0.8750,-3.5350,-0.1050
61997964,sitting,-0.0395,-0.9980,0.0107,0.8050,-3.5000,-0.1400
61997983,sitting,-0.0395,-0.9982,0.0090,0.8400,-3.5350,-0.0700
61998003,sitting,-0.0395,-0.9980,0.0100,0.8400,-3.5000,-0.0700
61998022,sitting,-0.0393,-0.9977,0.0110,0.7700,-3.5000,-0.0700
61998041,sitting,-0.0393,-0.9987,0.0105,0.8400,-3.5350,0.0000
61998060,sitting,-0.0400,-0.9987,0.0107,0.8750,-3.5350,-0.0350
61998080,sitting,-0.0395,-0.9982,0.0110,0.8400,-3.5350,-0.0350
61998099,sitting,-0.0386,-0.9980,0.0100,0.8750,-3.5350,-0.0700
61998118,sitting,-0.0395,-0.9970,0.0095,0.8400,-3.5000,-0.1400
61998137,sitting,-0.0383,-0.9980,0.0102,0.8400,-3.5000,-0.1050
61998157,sitting,-0.0395,-0.9977,0.0095,0.8400,-3.5000,-0.1400
61998176,sitting,-0.0390,-0.9989,0.0090,0.8750,-3.5350,-0.0700
61998195,sitting,-0.0403,-0.9977,0.0100,0.8750,-3.5350,-0.0700
61998214,sitting,-0.0400,-0.9984,0.0098,0.8400,-3.5000,-0.1050
61998233,sitting,-0.0386,-0.9980,0.0105,0.8400,-3.5350,-0.0700
61998253,sitting,-0.0388,-0.9987,0.0102,0.8400,-3.5350,-0.0700
61998272,sitting,-0.0403,-0.9980,0.0115,0.8750,-3.5700,-0.0700
61998291,sitting,-0.0388,-0.9982,0.0110,0.8400,-3.5000,-0.0350
61998310,sitting,-0.0390,-0.9980,0.0095,0.8750,-3.5700,-0.0700
61998330,sitting,-0.0390,-0.9984,0.0100,0.8750,-3.5000,-0.0350
61998349,sitting,-0.0388,-0.9977,0.0102,0.8400,-3.5350,-0.0700
61998368,sitting,-0.0393,-0.9982,0.0100,0.8750,-3.5700,-0.0700
61998387,sitting,-0.0393,-0.9980,0.0102,0.8750,-3.5700,-0.0350
61998407,sitting,-0.0388,-0.9972,0.0107,0.8400,-3.5350,-0.0700
61998426,sitting,-0.0388,-0.9972,0.0102,0.8750,-3.5700,-0.0700
61998445,sitting,-0.0383,-0.9982,0.0102,0.8400,-3.5350,-0.0350
61998464,sitting,-0.0390,-0.9982,0.0107,0.8400,-3.5000,-0.1050
61998483,sitting,-0.0393,-0.9980,0.0102,0.8400,-3.5350,-0.1050
61998503,sitting,-0.0400,-0.9982,0.0107,0.9100,-3.5700,-0.0700
61998522,sitting,-0.0395,-0.9977,0.0107,0.8750,-3.6050,-0.0700
61998541,sitting,-0.0390,-0.9982,0.0107,0.8750,-3.5350,-0.0700
61998560,sitting,-0.0398,-0.9980,0.0105,0.8400,-3.5000,-0.0700
61998580,sitting,-0.0398,-0.9980,0.0100,0.8750,-3.5350,-0.1050
61998599,sitting,-0.0390,-0.9980,0.0100,0.8750,-3.4650,-0.0700
61998618,sitting,-0.0388,-0.9980,0.0105,0.8750,-3.5000,-0.0700
61998637,sitting,-0.0390,-0.9980,0.0107,0.8400,-3.5350,-0.0350
61998657,sitting,-0.0388,-0.9982,0.0110,0.8750,-3.4650,-0.0350
61998676,sitting,-0.0400,-0.9982,0.0115,0.8400,-3.5350,-0.0700
61998695,sitting,-0.0403,-0.9970,0.0102,0.8400,-3.5350,-0.0350
61998714,sitting,-0.0393,-0.9982,0.0107,0.8400,-3.5000,-0.0700
61998733,sitting,-0.0398,-0.9984,0.0102,0.8400,-3.5000,-0.0700
61998753,sitting,-0.0390,-0.9982,0.0098,0.8400,-3.5350,-0.0350
61998772,sitting,-0.0390,-0.9975,0.0105,0.8400,-3.5000,-0.1050
61998791,sitting,-0.0390,-0.9982,0.0098,0.8750,-3.5350,-0.0700
61998810,sitting,-0.0390,-0.9989,0.0093,0.8750,-3.5350,-0.1400
61998830,sitting,-0.0393,-0.9984,0.0100,0.8050,-3.5000,-0.0700
61998849,sitting,-0.0393,-0.9987,0.0112,0.8400,-3.5350,-0.1400
61998868,sitting,-0.0393,-0.9975,0.0107,0.8400,-3.5700,-0.0700
61998887,sitting,-0.0407,-0.9989,0.0107,0.8750,-3.5700,-0.0700
61998907,sitting,-0.0390,-0.9977,0.0107,0.8050,-3.5000,-0.0700
61998926,sitting,-0.0393,-0.9980,0.0105,0.8750,-3.5350,-0.0350
61998945,sitting,-0.0393,-0.9987,0.0107,0.8750,-3.5350,-0.0350
61998964,sitting,-0.0393,-0.9977,0.0095,0.8750,-3.5700,-0.0350
61998983,sitting,-0.0393,-0.9994,0.0105,0.8400,-3.5350,-0.0700
61999003,sitting,-0.0395,-0.9992,0.0107,0.8750,-3.5700,-0.0350
61999022,sitting,-0.0403,-0.9992,0.0098,0.8400,-3.5000,-0.0700
61999041,sitting,-0.0386,-0.9984,0.0105,0.8400,-3.5000,-0.1050
61999060,sitting,-0.0398,-0.9984,0.0102,0.9100,-3.5350,-0.0700
61999080,sitting,-0.0386,-0.9982,0.0102,0.8400,-3.5700,-0.0700
61999099,sitting,-0.0393,-0.9982,0.0112,0.8400,-3.4650,-0.0700
61999118,sitting,-0.0393,-0.9984,0.0098,0.8050,-3.4650,-0.0350
61999137,sitting,-0.0400,-0.9987,0.0102,0.8750,-3.5000,-0.0700
61999157,sitting,-0.0386,-0.9980,0.0105,0.8400,-3.5350,-0.0350
61999176,sitting,-0.0393,-0.9975,0.0105,0.8750,-3.5000,-0.0700
61999195,sitting,-0.0388,-0.9980,0.0105,0.8400,-3.5700,-0.1400
61999214,sitting,-0.0390,-0.9975,0.0100,0.8750,-3.5000,-0.0350
61999233,sitting,-0.0388,-0.9982,0.0095,0.8400,-3.4650,-0.1050
61999253,sitting,-0.0378,-0.9987,0.0100,0.8750,-3.5700,-0.0700
61999272,sitting,-0.0395,-0.9992,0.0088,0.8750,-3.5700,-0.0700
61999291,sitting,-0.0393,-0.9982,0.0098,0.8400,-3.5350,-0.1050
61999310,sitting,-0.0383,-0.9970,0.0098,0.8750,-3.5700,-0.0700
61999330,sitting,-0.0393,-0.9977,0.0090,0.9100,-3.5700,-0.1050
61999349,sitting,-0.0388,-0.9980,0.0107,0.8050,-3.5000,-0.0700
61999368,sitting,-0.0378,-0.9977,0.0110,0.8400,-3.5000,-0.1050
61999387,sitting,-0.0395,-0.9989,0.0107,0.9100,-3.5350,-0.0700
61999407,sitting,-0.0376,-0.9987,0.0107,0.8400,-3.5000,-0.0700
61999426,sitting,-0.0386,-0.9984,0.0102,0.8750,-3.4650,-0.0700
61999445,sitting,-0.0390,-0.9980,0.0098,0.8750,-3.5700,-0.1050
61999464,sitting,-0.0378,-0.9977,0.0095,0.8750,-3.5350,-0.0700
61999483,sitting,-0.0393,-0.9972,0.0105,0.8400,-3.5000,-0.0700
61999503,sitting,-0.0393,-0.9980,0.0105,0.9100,-3.5350,-0.1050
61999522,sitting,-0.0390,-0.9977,0.0105,0.8400,-3.5700,-0.1400
61999541,sitting,-0.0393,-0.9977,0.0112,0.8050,-3.5000,-0.0700
61999560,sitting,-0.0393,-0.9977,0.0093,0.8750,-3.5350,-0.0350
61999580,sitting,-0.0390,-0.9984,0.0107,0.8750,-3.5700,-0.0700
61999599,sitting,-0.0395,-0.9970,0.0100,0.8400,-3.5350,-0.1050
61999618,sitting,-0.0383,-0.9982,0.0102,0.8400,-3.5000,-0.0350
61999637,sitting,-0.0400,-0.9975,0.0110,0.8750,-3.5700,-0.0700
61999657,sitting,-0.0393,-0.9980,0.0110,0.9100,-3.5350,-0.0700
61999676,sitting,-0.0398,-0.9984,0.0107,0.8750,-3.5000,-0.0700
61999695,sitting,-0.0386,-0.9984,0.0102,0.8750,-3.5350,-0.0700
61999714,sitting,-0.0398,-0.9984,0.0107,0.8750,-3.5700,-0.0700
61999733,sitting,-0.0395,-0.9975,0.0107,0.8400,-3.5350,-0.1400
61999753,sitting,-0.0390,-0.9975,0.0110,0.8750,-3.5000,-0.0700
61999772,sitting,-0.0398,-0.9977,0.0107,0.8750,-3.5350,-0.0700
61999791,sitting,-0.0381,-0.9982,0.0105,0.8750,-3.5350,-0.0700
61999810,sitting,-0.0400,-0.9975,0.0102,0.8400,-3.5000,-0.1050
61999830,sitting,-0.0395,-0.9980,0.0110,0.8750,-3.5700,-0.0700
61999849,sitting,-0.0388,-0.9982,0.0100,0.8050,-3.5350,-0.1050
61999868,sitting,-0.0395,-0.9980,0.0107,0.8400,-3.5350,-0.0700
61999887,sitting,-0.0378,-0.9984,0.0110,0.8750,-3.5350,-0.1050
61999907,sitting,-0.0395,-0.9977,0.0107,0.8750,-3.5000,-0.1050
61999926,sitting,-0.0395,-0.9980,0.0100,0.8400,-3.5000,-0.0700
61999945,sitting,-0.0383,-0.9989,0.0112,0.8400,-3.5350,-0.0350
61999964,sitting,-0.0390,-0.9982,0.0093,0.8400,-3.5700,-0.0700
61999983,sitting,-0.0395,-0.9984,0.0085,0.8400,-3.5000,-0.0700
62000003,sitting,-0.0390,-0.9994,0.0105,0.8400,-3.5350,-0.0350
62000022,sitting,-0.0395,-0.9987,0.0105,0.8750,-3.5350,-0.0700
62000041,sitting,-0.0390,-0.9980,0.0107,0.8750,-3.5350,-0.0700
62000060,sitting,-0.0395,-0.9980,0.0098,0.8050,-3.5000,-0.0700
62000080,sitting,-0.0388,-0.9987,0.0093,0.8400,-3.5700,-0.1050
62000099,sitting,-0.0390,-0.9980,0.0095,0.8400,-3.5350,-0.0700
62000118,sitting,-0.0395,-0.9982,0.0105,0.8400,-3.5000,-0.0700
62000137,sitting,-0.0398,-0.9977,0.0107,0.9100,-3.5350,-0.0700
62000157,sitting,-0.0395,-0.9977,0.0100,0.9100,-3.5700,-0.0700
62000176,sitting,-0.0395,-0.9989,0.0102,0.8400,-3.5350,-0.0700
62000195,sitting,-0.0388,-0.9987,0.0100,0.8400,-3.5350,-0.0700
62000214,sitting,-0.0400,-0.9987,0.0102,0.8400,-3.5700,-0.0700
62000233,sitting,-0.0388,-0.9984,0.0107,0.8400,-3.5350,-0.0350
62000253,sitting,-0.0395,-0.9984,0.0105,0.8400,-3.5350,-0.0700
62000272,sitting,-0.0398,-0.9984,0.0100,0.8750,-3.5700,-0.0700
62000291,sitting,-0.0381,-0.9992,0.0110,0.8750,-3.5700,-0.0700
62000310,sitting,-0.0393,-0.9994,0.0098,0.8400,-3.5350,-0.0350
62000330,sitting,-0.0390,-0.9980,0.0100,0.8750,-3.5350,-0.0350
62000349,sitting,-0.0390,-0.9987,0.0107,0.9100,-3.6050,-0.0700
62000368,sitting,-0.0393,-0.9987,0.0112,0.8400,-3.5350,-0.0350
62000387,sitting,-0.0395,-0.9977,0.0105,0.8750,-3.5350,-0.0350
62000407,sitting,-0.0393,-0.9982,0.0102,0.8400,-3.5350,-0.0700
62000426,sitting,-0.0393,-0.9982,0.0100,0.8400,-3.5350,-0.0350
62000445,sitting,-0.0393,-0.9994,0.0110,0.8050,-3.5000,-0.0700
62000464,sitting,-0.0393,-0.9984,0.0098,0.8750,-3.5700,-0.0700
62000483,sitting,-0.0390,-0.9980,0.0115,0.8400,-3.5700,-0.0700
62000503,sitting,-0.0398,-0.9982,0.0102,0.8400,-3.5000,-0.0700
62000522,sitting,-0.0388,-0.9982,0.0107,0.8400,-3.5700,-0.0700
62000541,sitting,-0.0390,-0.9977,0.0105,0.8400,-3.5350,-0.0700
62000560,sitting,-0.0398,-0.9975,0.0098,0.8400,-3.4650,-0.0700
62000580,sitting,-0.0390,-0.9984,0.0105,0.9100,-3.5700,-0.0350
62000599,sitting,-0.0395,-0.9975,0.0102,0.8400,-3.5350,-0.1050
62000618,sitting,-0.0395,-0.9980,0.0102,0.8750,-3.5350,-0.0700
62000637,sitting,-0.0388,-0.9984,0.0107,0.8400,-3.5000,-0.1050
62000657,sitting,-0.0383,-0.9982,0.0105,0.8750,-3.5700,-0.0700
62000676,sitting,-0.0386,-0.9977,0.0110,0.8750,-3.5700,-0.1050
62000695,sitting,-0.0393,-0.9982,0.0102,0.8750,-3.5350,-0.0700
62000714,sitting,-0.0395,-0.9982,0.0098,0.9100,-3.5000,-0.0350
62000733,sitting,-0.0395,-0.9989,0.0105,0.8400,-3.5350,-0.1050
62000753,sitting,-0.0393,-0.9989,0.0098,0.8050,-3.5000,-0.1050
62000772,sitting,-0.0376,-0.9989,0.0095,0.8750,-3.5700,-0.0700
62000791,sitting,-0.0388,-0.9980,0.0098,0.9100,-3.5350,-0.0350
62000810,sitting,-0.0388,-0.9980,0.0105,0.8400,-3.5000,-0.0700
62000830,sitting,-0.0393,-0.9982,0.0100,0.8400,-3.5350,-0.0700
62000849,sitting,-0.0386,-0.9982,0.0110,0.8400,-3.5700,-0.0700
62000868,sitting,-0.0393,-0.9982,0.0107,0.8750,-3.5700,-0.0700
62000887,sitting,-0.0403,-0.9984,0.0110,0.8400,-3.5350,-0.0350
62000907,sitting,-0.0383,-0.9992,0.0107,0.8050,-3.5350,-0.1050
62000926,sitting,-0.0390,-0.9977,0.0105,0.8400,-3.4650,-0.0700
62000945,sitting,-0.0395,-0.9992,0.0093,0.8400,-3.4300,-0.1400
62000964,sitting,-0.0388,-0.9987,0.0105,0.8750,-3.5000,-0.1050
62000983,sitting,-0.0388,-0.9984,0.0100,0.8750,-3.5350,-0.1050
62001003,sitting,-0.0388,-0.9987,0.0105,0.8400,-3.5000,-0.0700
62001022,sitting,-0.0393,-0.9982,0.0105,0.8400,-3.5000,-0.0700
62001041,sitting,-0.0393,-0.9977,0.0100,0.8400,-3.6050,-0.0700
62001060,sitting,-0.0390,-0.9977,0.0117,0.8750,-3.5350,-0.0350
62001080,sitting,-0.0386,-0.9987,0.0107,0.8400,-3.5000,-0.1050
62001099,sitting,-0.0390,-0.9980,0.0105,0.8750,-3.5000,-0.0700
62001118,sitting,-0.0388,-0.9982,0.0107,0.9100,-3.5350,-0.1050
62001137,sitting,-0.0388,-0.9982,0.0107,0.8750,-3.5000,-0.0700
62001157,sitting,-0.0395,-0.9980,0.0100,0.8400,-3.5350,-0.0700
62001176,sitting,-0.0398,-0.9980,0.0098,0.8400,-3.5350,-0.0700
62001195,sitting,-0.0386,-0.9987,0.0107,0.8400,-3.5000,-0.0700
62001214,sitting,-0.0393,-0.9987,0.0095,0.8400,-3.5350,-0.0700
62001233,sitting,-0.0393,-0.9984,0.0095,0.8400,-3.5700,-0.0700
62001253,sitting,-0.0393,-0.9989,0.0105,0.9100,-3.5000,-0.0350
62001272,sitting,-0.0398,-0.9972,0.0102,0.8400,-3.5000,-0.0350
62001291,sitting,-0.0398,-0.9980,0.0105,0.8750,-3.5350,-0.0700
62001310,sitting,-0.0395,-0.9989,0.0093,0.8400,-3.5350,-0.0700
62001330,sitting,-0.0398,-0.9989,0.0102,0.8400,-3.4650,-0.0700
62001349,sitting,-0.0388,-0.9992,0.0098,0.8400,-3.5700,-0.0700
62001368,sitting,-0.0395,-0.9977,0.0102,0.8750,-3.5700,-0.0700
62001387,sitting,-0.0393,-0.9987,0.0115,0.8050,-3.4650,-0.0700
62001407,sitting,-0.0395,-0.9982,0.0102,0.8750,-3.5700,-0.0700
62001426,sitting,-0.0403,-0.9984,0.0105,0.8750,-3.5350,-0.0350
62001445,sitting,-0.0390,-0.9977,0.0112,0.8400,-3.5350,-0.0700
62001464,sitting,-0.0400,-0.9980,0.0102,0.8750,-3.5000,-0.0350
62001483,sitting,-0.0398,-0.9987,0.0112,0.8750,-3.5700,-0.0700
62001503,sitting,-0.0395,-0.9982,0.0102,0.8400,-3.5000,-0.0700
62001522,sitting,-0.0398,-0.9984,0.0105,0.8400,-3.5000,-0.0350
62001541,sitting,-0.0386,-0.9989,0.0105,0.8750,-3.5350,-0.0350
62001560,sitting,-0.0393,-0.9982,0.0107,0.8750,-3.5350,-0.0700
62001580,sitting,-0.0388,-0.9987,0.0107,0.8400,-3.4650,-0.0700
62001599,sitting,-0.0388,-0.9975,0.0112,0.8750,-3.5000,-0.0700
62001618,sitting,-0.0395,-0.9977,0.0110,0.8750,-3.5350,-0.0700
62001637,sitting,-0.0395,-0.9987,0.0110,0.8050,-3.5000,-0.1050
62001657,sitting,-0.0393,-0.9982,0.0095,0.8400,-3.5350,-0.0350
62001676,sitting,-0.0398,-0.9984,0.0093,0.8750,-3.6400,-0.0700
62001695,sitting,-0.0390,-0.9987,0.0100,0.8750,-3.5700,-0.0350
62001714,sitting,-0.0390,-0.9989,0.0102,0.8050,-3.5000,-0.0700
62001733,sitting,-0.0376,-0.9982,0.0102,0.8050,-3.5350,-0.1050
62001753,sitting,-0.0400,-0.9980,0.0107,0.8400,-3.5700,-0.0700
62001772,sitting,-0.0388,-0.9975,0.0102,0.8400,-3.5000,-0.0700
62001791,sitting,-0.0400,-0.9984,0.0105,0.9100,-3.5000,-0.0700
62001810,sitting,-0.0398,-0.9980,0.0095,0.9100,-3.5700,-0.0700
62001830,sitting,-0.0381,-0.9975,0.0098,0.8750,-3.5000,-0.0700
62001849,sitting,-0.0390,-0.9975,0.0102,0.8750,-3.5000,-0.0700
62001868,sitting,-0.0386,-0.9992,0.0098,0.8750,-3.5350,-0.1050
62001887,sitting,-0.0390,-0.9980,0.0100,0.9100,-3.5350,-0.0700
62001907,sitting,-0.0390,-0.9977,0.0110,0.8400,-3.5000,-0.0700
62001926,sitting,-0.0388,-0.9989,0.0110,0.8400,-3.5700,-0.0700
62001945,sitting,-0.0386,-0.9987,0.0112,0.8400,-3.5350,-0.1050
62001964,sitting,-0.0388,-0.9977,0.0110,0.8400,-3.4300,-0.1050
62001983,sitting,-0.0390,-0.9975,0.0098,0.8750,-3.5350,-0.0700
62002003,sitting,-0.0390,-0.9982,0.0093,0.8750,-3.5700,-0.0700
62002022,sitting,-0.0383,-0.9980,0.0095,0.8400,-3.5350,-0.1050
62002041,sitting,-0.0395,-0.9992,0.0095,0.8050,-3.5700,-0.0700
62002060,sitting,-0.0390,-0.9989,0.0105,0.8400,-3.5000,-0.0700
62002080,sitting,-0.0403,-0.9980,0.0098,0.8750,-3.5350,-0.0700
62002099,sitting,-0.0388,-0.9980,0.0102,0.8400,-3.5000,-0.1050
62002118,sitting,-0.0398,-0.9989,0.0100,0.8750,-3.5700,-0.0700
62002137,sitting,-0.0400,-0.9987,0.0110,0.8400,-3.5350,-0.0700
62002157,sitting,-0.0393,-0.9980,0.0093,0.8400,-3.5700,-0.0700
62002176,sitting,-0.0386,-0.9982,0.0102,0.8750,-3.5350,-0.0350
62002195,sitting,-0.0386,-0.9980,0.0102,0.8400,-3.5350,-0.0350
62002214,sitting,-0.0388,-0.9972,0.0107,0.8050,-3.4650,-0.0700
62002233,sitting,-0.0390,-0.9977,0.0102,0.8400,-3.5000,-0.0700
62002253,sitting,-0.0400,-0.9989,0.0102,0.8400,-3.5700,-0.0700
62002272,sitting,-0.0398,-0.9975,0.0102,0.8750,-3.5000,-0.0700
62002291,sitting,-0.0383,-0.9980,0.0102,0.8400,-3.4650,-0.0700
62002310,sitting,-0.0388,-0.9975,0.0093,0.9100,-3.5000,-0.0700
62002330,sitting,-0.0393,-0.9984,0.0098,0.8400,-3.5350,-0.0700
62002349,sitting,-0.0395,-0.9987,0.0105,0.8400,-3.5000,-0.1050
62002368,sitting,-0.0400,-0.9984,0.0098,0.8750,-3.5350,-0.0350
62002387,sitting,-0.0395,-0.9984,0.0100,0.8750,-3.5350,-0.1050
62002407,sitting,-0.0388,-0.9984,0.0107,0.8400,-3.5000,-0.0350
62002426,sitting,-0.0386,-0.9977,0.0105,0.8400,-3.5000,-0.0700
62002445,sitting,-0.0388,-0.9992,0.0115,0.8750,-3.5350,-0.0700
62002464,sitting,-0.0388,-0.9987,0.0105,0.8750,-3.5000,-0.0700
62002483,sitting,-0.0403,-0.9975,0.0098,0.8400,-3.5000,-0.0700
62002503,sitting,-0.0388,-0.9987,0.0102,0.8750,-3.5700,-0.0700
62002522,sitting,-0.0383,-0.9987,0.0100,0.8750,-3.5350,-0.0700
62002541,sitting,-0.0386,-0.9982,0.0098,0.8400,-3.5000,-0.0700
62002560,sitting,-0.0395,-0.9980,0.0102,0.8750,-3.5700,-0.0700
62002580,sitting,-0.0400,-0.9984,0.0105,0.8400,-3.5700,-0.0700
62002599,sitting,-0.0395,-0.9982,0.0107,0.8050,-3.5350,-0.1050
62002618,sitting,-0.0390,-0.9992,0.0110,0.9100,-3.5700,-0.0700
62002637,sitting,-0.0390,-0.9992,0.0102,0.8750,-3.5000,-0.0350
62002657,sitting,-0.0403,-0.9977,0.0100,0.8400,-3.5700,-0.0350
62002676,sitting,-0.0381,-0.9992,0.0100,0.8750,-3.5000,-0.0700
62002695,sitting,-0.0390,-0.9989,0.0100,0.8400,-3.5000,-0.0700
62002714,sitting,-0.0403,-0.9977,0.0102,0.8750,-3.5000,-0.0350
62002733,sitting,-0.0393,-0.9987,0.0107,0.8050,-3.4650,-0.1400
62002753,sitting,-0.0395,-0.9977,0.0102,0.8750,-3.5350,-0.1050
62002772,sitting,-0.0395,-0.9977,0.0105,0.8400,-3.5700,-0.0700
62002791,sitting,-0.0390,-0.9987,0.0095,0.8400,-3.4300,-0.1400
62002810,sitting,-0.0393,-0.9994,0.0102,0.8400,-3.5000,-0.0700
62002830,sitting,-0.0403,-0.9987,0.0107,0.9100,-3.5700,-0.0700
62002849,sitting,-0.0398,-0.9982,0.0107,0.9100,-3.5350,-0.1050
62002868,sitting,-0.0386,-0.9984,0.0107,0.8400,-3.4650,-0.0700
62002887,sitting,-0.0390,-0.9989,0.0102,0.8400,-3.5000,-0.1050
62002907,sitting,-0.0393,-0.9982,0.0095,0.8400,-3.5350,-0.0700
62002926,sitting,-0.0388,-0.9987,0.0100,0.8050,-3.5350,-0.1050
62002945,sitting,-0.0395,-0.9980,0.0102,0.8750,-3.5350,-0.0700
62002964,sitting,-0.0393,-0.9982,0.0100,0.8750,-3.5000,-0.0700
62002983,sitting,-0.0400,-0.9980,0.0102,0.8400,-3.5000,-0.0700
62003003,sitting,-0.0390,-0.9984,0.0098,0.8400,-3.5000,-0.0700
62003022,sitting,-0.0393,-0.9975,0.0105,0.8750,-3.5700,-0.0700
62003041,sitting,-0.0403,-0.9989,0.0110,0.8400,-3.5000,-0.0700
62003060,sitting,-0.0400,-0.9987,0.0107,0.8400,-3.5350,-0.0700
62003080,sitting,-0.0398,-0.9980,0.0110,0.8750,-3.5700,-0.0700
62003099,sitting,-0.0395,-0.9972,0.0105,0.8050,-3.5000,-0.0350
62003118,sitting,-0.0390,-0.9982,0.0110,0.8400,-3.5000,-0.0700
62003137,sitting,-0.0403,-0.9980,0.0102,0.8400,-3.5350,-0.1050
62003157,sitting,-0.0393,-0.9987,0.0102,0.8400,-3.5350,-0.0700
62003176,sitting,-0.0390,-0.9982,0.0117,0.8400,-3.5000,-0.0350
62003195,sitting,-0.0395,-0.9982,0.0110,0.8400,-3.5350,-0.1050
62003214,sitting,-0.0393,-0.9989,0.0107,0.8750,-3.5000,-0.0700
62003233,sitting,-0.0400,-0.9982,0.0107,0.8400,-3.5000,-0.0700
62003253,sitting,-0.0395,-0.9980,0.0102,0.8750,-3.5350,-0.0700
62003272,sitting,-0.0390,-0.9989,0.0105,0.8750,-3.5700,-0.1050
62003291,sitting,-0.0381,-0.9977,0.0105,0.8400,-3.5000,-0.0700
62003310,sitting,-0.0386,-0.9987,0.0102,0.8400,-3.5350,-0.0700
62003330,sitting,-0.0388,-0.9984,0.0112,0.8750,-3.5700,-0.0700
62003349,sitting,-0.0390,-0.9987,0.0105,0.8400,-3.5000,-0.0700
62003368,sitting,-0.0390,-0.9984,0.0098,0.8400,-3.5000,-0.1050
62003387,sitting,-0.0393,-0.9982,0.0115,0.9100,-3.5350,-0.0700
62003407,sitting,-0.0393,-0.9989,0.0100,0.8400,-3.5350,-0.0700
62003426,sitting,-0.0395,-0.9987,0.0100,0.8750,-3.5350,-0.1050
62003445,sitting,-0.0381,-0.9982,0.0100,0.8400,-3.5000,-0.0700
62003464,sitting,-0.0390,-0.9989,0.0110,0.8750,-3.5350,-0.1050
62003483,sitting,-0.0403,-0.9989,0.0105,0.8400,-3.5000,-0.0700
62003503,sitting,-0.0398,-0.9980,0.0095,0.8400,-3.5000,-0.0700
62003522,sitting,-0.0400,-0.9984,0.0105,0.8400,-3.5350,-0.0700
62003541,sitting,-0.0388,-0.9989,0.0105,0.8400,-3.5700,-0.0700
62003560,sitting,-0.0383,-0.9982,0.0105,0.8400,-3.4650,-0.1050
62003580,sitting,-0.0386,-0.9982,0.0102,0.8750,-3.5350,-0.0700
62003599,sitting,-0.0388,-0.9980,0.0105,0.8050,-3.5350,-0.0700
62003618,sitting,-0.0388,-0.9987,0.0107,0.8400,-3.5000,-0.0700
62003637,sitting,-0.0393,-0.9989,0.0112,0.9100,-3.5350,-0.0700
62003657,sitting,-0.0400,-0.9982,0.0105,0.8750,-3.5700,-0.1050
62003676,sitting,-0.0395,-0.9977,0.0112,0.9100,-3.5000,-0.0700
62003695,sitting,-0.0388,-0.9975,0.0117,0.8750,-3.5700,-0.1050
62003714,sitting,-0.0390,-0.9980,0.0115,0.9100,-3.5700,-0.0350
62003733,sitting,-0.0393,-0.9987,0.0105,0.8750,-3.5350,-0.1050
62003753,sitting,-0.0393,-0.9984,0.0105,0.8050,-3.5000,-0.1050
62003772,sitting,-0.0395,-0.9980,0.0115,0.8400,-3.5000,-0.0700
62003791,sitting,-0.0393,-0.9984,0.0093,0.8750,-3.5000,-0.1050
62003810,sitting,-0.0393,-0.9982,0.0102,0.8400,-3.4650,-0.1400
62003830,sitting,-0.0403,-0.9984,0.0110,0.8400,-3.5700,-0.0700
62003849,sitting,-0.0393,-0.9980,0.0102,0.8750,-3.5000,-0.0700
62003868,sitting,-0.0390,-0.9982,0.0100,0.8400,-3.5000,-0.0700
62003887,sitting,-0.0395,-0.9984,0.0107,0.8400,-3.5000,-0.1050
62003907,sitting,-0.0393,-0.9980,0.0100,0.8400,-3.5350,-0.1050
62003926,sitting,-0.0390,-0.9982,0.0100,0.8750,-3.4650,-0.0700
62003945,sitting,-0.0398,-0.9992,0.0107,0.8750,-3.5000,-0.0700
62003964,sitting,-0.0393,-0.9980,0.0105,0.8400,-3.5700,-0.0700
62003983,sitting,-0.0400,-0.9977,0.0107,0.8400,-3.5350,-0.0700
62004003,sitting,-0.0400,-0.9982,0.0105,0.8400,-3.5000,-0.0700
62004022,sitting,-0.0395,-0.9977,0.0107,0.8750,-3.5350,-0.1050
62004041,sitting,-0.0386,-0.9980,0.0105,0.9100,-3.5700,-0.0350
62004060,sitting,-0.0393,-0.9980,0.0105,0.8400,-3.5000,-0.0700
62004080,sitting,-0.0393,-0.9987,0.0105,0.8400,-3.5350,-0.0700
62004099,sitting,-0.0390,-0.9987,0.0107,0.8400,-3.5350,-0.0700
62004118,sitting,-0.0403,-0.9980,0.0102,0.8050,-3.5000,-0.0700
62004137,sitting,-0.0395,-0.9987,0.0100,0.8400,-3.5000,-0.0700
62004157,sitting,-0.0400,-0.9977,0.0093,0.8750,-3.5700,-0.0700
62004176,sitting,-0.0393,-0.9977,0.0102,0.8400,-3.5000,-0.0700
62004195,sitting,-0.0390,-0.9987,0.0095,0.9100,-3.5000,-0.0350
62004214,sitting,-0.0398,-0.9984,0.0095,0.8750,-3.5000,-0.0700
62004233,sitting,-0.0388,-0.9972,0.0100,0.8750,-3.5700,-0.1050
62004253,sitting,-0.0390,-0.9975,0.0105,0.8400,-3.5000,-0.0700
62004272,sitting,-0.0398,-0.9980,0.0100,0.8750,-3.5000,-0.1050
62004291,sitting,-0.0395,-0.9977,0.0105,0.8750,-3.5350,-0.0700
62004310,sitting,-0.0395,-0.9982,0.0112,0.7700,-3.5000,-0.0700
62004330,sitting,-0.0393,-0.9984,0.0102,0.8400,-3.5350,-0.0700
62004349,sitting,-0.0388,-0.9989,0.0100,0.8750,-3.5350,-0.0700
62004368,sitting,-0.0393,-0.9987,0.0105,0.8400,-3.5000,-0.0350
62004387,sitting,-0.0393,-0.9982,0.0102,0.9100,-3.5350,-0.0350
62004407,sitting,-0.0386,-0.9977,0.0098,0.9100,-3.6050,0.0000
62004426,sitting,-0.0395,-0.9980,0.0107,0.8400,-3.5000,-0.0700
62004445,sitting,-0.0393,-0.9984,0.0115,0.8750,-3.5000,-0.0350
62004464,sitting,-0.0393,-0.9984,0.0107,0.8750,-3.5000,-0.1050
62004483,sitting,-0.0376,-0.9987,0.0100,0.8400,-3.5700,-0.1050
62004503,sitting,-0.0388,-0.9982,0.0102,0.8400,-3.5000,-0.0700
62004522,sitting,-0.0388,-0.9980,0.0112,0.8400,-3.5000,-0.0700
62004541,sitting,-0.0398,-0.9984,0.0110,0.9100,-3.5700,-0.0350
62004560,sitting,-0.0388,-0.9984,0.0105,0.8400,-3.5350,-0.0700
62004580,sitting,-0.0395,-0.9992,0.0102,0.8400,-3.4650,-0.1050
62004599,sitting,-0.0400,-0.9977,0.0112,0.8750,-3.5000,-0.0700
62004618,sitting,-0.0390,-0.9984,0.0105,0.8400,-3.5350,-0.0700
62004637,sitting,-0.0388,-0.9984,0.0098,0.9100,-3.5000,-0.0700
62004657,sitting,-0.0386,-0.9980,0.0117,0.9100,-3.5350,-0.0700
62004676,sitting,-0.0381,-0.9987,0.0102,0.8400,-3.5350,-0.0700
62004695,sitting,-0.0388,-0.9984,0.0100,0.8750,-3.5350,-0.1050
62004714,sitting,-0.0390,-0.9982,0.0107,0.9100,-3.5000,-0.0700
62004733,sitting,-0.0398,-0.9989,0.0107,0.9100,-3.5700,-0.1050
62004753,sitting,-0.0393,-0.9984,0.0090,0.8400,-3.5350,-0.0700
62004772,sitting,-0.0390,-0.9980,0.0100,0.8750,-3.5000,0.0000
62004791,sitting,-0.0386,-0.9982,0.0107,0.8400,-3.5350,-0.0700
62004810,sitting,-0.0386,-0.9982,0.0107,0.9100,-3.5000,-0.0350
62004830,sitting,-0.0395,-0.9980,0.0112,0.8400,-3.5000,-0.1050
62004849,sitting,-0.0393,-0.9984,0.0107,0.9100,-3.5350,-0.1050
62004868,sitting,-0.0400,-0.9980,0.0100,0.8750,-3.5350,-0.0350
62004887,sitting,-0.0395,-0.9977,0.0095,0.8400,-3.5000,-0.1050
62004907,sitting,-0.0386,-0.9982,0.0098,0.8400,-3.5000,-0.1050
62004926,sitting,-0.0388,-0.9977,0.0105,0.8400,-3.5700,-0.0700
62004945,sitting,-0.0395,-0.9989,0.0107,0.8750,-3.5350,-0.1050
62004964,sitting,-0.0400,-0.9982,0.0105,0.8750,-3.5000,-0.0350
62004983,sitting,-0.0395,-0.9980,0.0112,0.8400,-3.5350,-0.0700
62005003,sitting,-0.0400,-0.9989,0.0107,0.8400,-3.5000,-0.0700
62005022,sitting,-0.0390,-0.9992,0.0098,0.8400,-3.5350,-0.1400
62005041,sitting,-0.0386,-0.9989,0.0100,0.8050,-3.5000,-0.0700
62005060,sitting,-0.0390,-0.9980,0.0100,0.8400,-3.5700,-0.0700
62005080,sitting,-0.0386,-0.9982,0.0105,0.8750,-3.5000,-0.1050
62005099,sitting,-0.0398,-0.9987,0.0100,0.8750,-3.5350,-0.0350
62005118,sitting,-0.0393,-0.9997,0.0100,0.9100,-3.5700,-0.0700
62005137,sitting,-0.0383,-0.9984,0.0102,0.8400,-3.5700,-0.1050
62005157,sitting,-0.0388,-0.9980,0.0107,0.8750,-3.5000,-0.0700
62005176,sitting,-0.0388,-0.9982,0.0112,0.8750,-3.5350,-0.0700
62005195,sitting,-0.0400,-0.9982,0.0100,0.8750,-3.5350,-0.0700
62005214,sitting,-0.0398,-0.9982,0.0102,0.8400,-3.5000,-0.1050
62005233,sitting,-0.0388,-0.9980,0.0105,0.9100,-3.5350,-0.1050
62005253,sitting,-0.0393,-0.9975,0.0105,0.8750,-3.5000,-0.0700
62005272,sitting,-0.0398,-0.9982,0.0098,0.8400,-3.5000,-0.0700
62005291,sitting,-0.0388,-0.9987,0.0107,0.8400,-3.5000,-0.0700
62005310,sitting,-0.0395,-0.9970,0.0098,0.8400,-3.5000,-0.1050
62005330,sitting,-0.0395,-0.9982,0.0100,0.8400,-3.5000,-0.0700
62005349,sitting,-0.0390,-0.9989,0.0098,0.8400,-3.5350,-0.0350
62005368,sitting,-0.0390,-0.9984,0.0107,0.8750,-3.5350,-0.1050
62005387,sitting,-0.0373,-0.9984,0.0112,0.8400,-3.5700,-0.1050
62005407,sitting,-0.0381,-0.9982,0.0107,0.8400,-3.4650,-0.1050
62005426,sitting,-0.0395,-0.9984,0.0100,0.9100,-3.5350,-0.0350
62005445,sitting,-0.0395,-0.9977,0.0100,0.9100,-3.5350,-0.0700
62005464,sitting,-0.0398,-0.9977,0.0100,0.8400,-3.5000,-0.1050
62005483,sitting,-0.0388,-0.9984,0.0100,0.8400,-3.5000,-0.1050
62005503,sitting,-0.0381,-0.9980,0.0102,0.8750,-3.5000,-0.0700
62005522,sitting,-0.0393,-0.9980,0.0102,0.8050,-3.5000,-0.0700
62005541,sitting,-0.0400,-0.9982,0.0107,0.8750,-3.5350,-0.0700
62005560,sitting,-0.0398,-0.9987,0.0095,0.8400,-3.5700,-0.0700
62005580,sitting,-0.0395,-0.9989,0.0102,0.8400,-3.5350,-0.1400
62005599,sitting,-0.0393,-0.9992,0.0107,0.8400,-3.5350,-0.1050
62005618,sitting,-0.0390,-0.9977,0.0098,0.8750,-3.5350,-0.0700
62005637,sitting,-0.0395,-0.9982,0.0105,0.8750,-3.5000,-0.0700
62005657,sitting,-0.0405,-0.9982,0.0107,0.8400,-3.5000,-0.0700
62005676,sitting,-0.0388,-0.9982,0.0107,0.9100,-3.5350,-0.0350
62005695,sitting,-0.0398,-0.9970,0.0098,0.8400,-3.5350,-0.0700
62005714,sitting,-0.0393,-0.9982,0.0095,0.8400,-3.4650,-0.1050
62005733,sitting,-0.0393,-0.9982,0.0098,0.8750,-3.5700,-0.0700
62005753,sitting,-0.0403,-0.9982,0.0110,0.8400,-3.5000,-0.0700
62005772,sitting,-0.0390,-0.9982,0.0102,0.8400,-3.5000,-0.0700
62005791,sitting,-0.0390,-0.9982,0.0112,0.8400,-3.5000,-0.1400
62005810,sitting,-0.0400,-0.9975,0.0115,0.8750,-3.5350,-0.0700
62005830,sitting,-0.0398,-0.9980,0.0115,0.8400,-3.5000,-0.0700
62005849,sitting,-0.0395,-0.9987,0.0105,0.8400,-3.5000,-0.0700
62005868,sitting,-0.0398,-0.9992,0.0110,0.8400,-3.5350,-0.1050
62005887,sitting,-0.0390,-0.9992,0.0107,0.8750,-3.5700,-0.1050
62005907,sitting,-0.0395,-0.9984,0.0100,0.8400,-3.5000,-0.1050
62005926,sitting,-0.0388,-0.9977,0.0107,0.8750,-3.5350,-0.0700
62005945,sitting,-0.0393,-0.9982,0.0102,0.8400,-3.5350,-0.1050
62005964,sitting,-0.0390,-0.9984,0.0105,0.8050,-3.5000,-0.1050
62005983,sitting,-0.0395,-0.9977,0.0115,0.8400,-3.5700,-0.0700
62006003,sitting,-0.0398,-0.9977,0.0100,0.9100,-3.5700,-0.1050
62006022,sitting,-0.0383,-0.9992,0.0102,0.8750,-3.5000,-0.0700
62006041,sitting,-0.0398,-0.9984,0.0105,0.8400,-3.5350,-0.0700
62006060,sitting,-0.0398,-0.9977,0.0098,0.8750,-3.5700,-0.1050
62006080,sitting,-0.0398,-0.9980,0.0105,0.8400,-3.5350,-0.0700
62006099,sitting,-0.0400,-0.9992,0.0107,0.8050,-3.4650,-0.1050
62006118,sitting,-0.0390,-0.9994,0.0102,0.8050,-3.5700,-0.0700
62006137,sitting,-0.0390,-0.9980,0.0110,0.8750,-3.5700,-0.0700
62006157,sitting,-0.0390,-0.9987,0.0117,0.8400,-3.5000,-0.1050
62006176,sitting,-0.0390,-0.9982,0.0110,0.8400,-3.5350,-0.0350
62006195,sitting,-0.0403,-0.9977,0.0102,0.9100,-3.5700,-0.0700
62006214,sitting,-0.0383,-0.9980,0.0102,0.8050,-3.5000,-0.0700
62006233,sitting,-0.0390,-0.9984,0.0110,0.8750,-3.5350,-0.0350
62006253,sitting,-0.0388,-0.9987,0.0110,0.8750,-3.5700,-0.0700
62006272,sitting,-0.0398,-0.9975,0.0102,0.8400,-3.5350,-0.0700
62006291,sitting,-0.0390,-0.9982,0.0102,0.8400,-3.4650,-0.0350
62006310,sitting,-0.0390,-0.9992,0.0105,0.8400,-3.5700,-0.0700
62006330,sitting,-0.0398,-0.9982,0.0105,0.8400,-3.5350,-0.0700
62006349,sitting,-0.0390,-0.9972,0.0100,0.8400,-3.5000,-0.1050
62006368,sitting,-0.0388,-0.9987,0.0093,0.8400,-3.5700,-0.0700
62006387,sitting,-0.0393,-0.9984,0.0105,0.9100,-3.5000,-0.0700
62006407,sitting,-0.0388,-0.9984,0.0105,0.8050,-3.5350,-0.0700
62006426,sitting,-0.0393,-0.9982,0.0098,0.8400,-3.5000,-0.0700
62006445,sitting,-0.0393,-0.9992,0.0098,0.8400,-3.5350,-0.0700
62006464,sitting,-0.0393,-0.9982,0.0102,0.8400,-3.5350,-0.0350
62006483,sitting,-0.0390,-0.9975,0.0095,0.8750,-3.5000,-0.0700
62006503,sitting,-0.0388,-0.9980,0.0090,0.8400,-3.5350,-0.0700
62006522,sitting,-0.0383,-0.9977,0.0110,0.8750,-3.5700,-0.0350
62006541,sitting,-0.0383,-0.9987,0.0112,0.8400,-3.5350,-0.0700
62006560,sitting,-0.0393,-0.9992,0.0095,0.8400,-3.5700,-0.0350
62006580,sitting,-0.0398,-0.9980,0.0095,0.8400,-3.6050,-0.0700
62006599,sitting,-0.0393,-0.9987,0.0110,0.8400,-3.5000,-0.0700
62006618,sitting,-0.0393,-0.9977,0.0105,0.8400,-3.5000,-0.0700
62006637,sitting,-0.0393,-0.9989,0.0105,0.8400,-3.5350,-0.0700
62006657,sitting,-0.0388,-0.9984,0.0095,0.9100,-3.5350,-0.0700
62006676,sitting,-0.0393,-0.9984,0.0100,0.8400,-3.5000,-0.0700
62006695,sitting,-0.0395,-0.9977,0.0107,0.8400,-3.5700,-0.0700
62006714,sitting,-0.0398,-0.9987,0.0095,0.8400,-3.5350,-0.0700
62006733,sitting,-0.0395,-0.9987,0.0102,0.8050,-3.5350,-0.1050
62006753,sitting,-0.0393,-0.9980,0.0098,0.8750,-3.5000,-0.0700
62006772,sitting,-0.0395,-0.9980,0.0100,0.8750,-3.5000,-0.0700
62006791,sitting,-0.0403,-0.9975,0.0088,0.8400,-3.5000,-0.0700
62006810,sitting,-0.0386,-0.9970,0.0120,0.8750,-3.5000,-0.0700
62006830,sitting,-0.0383,-0.9980,0.0105,0.8750,-3.5700,-0.0700
62006849,sitting,-0.0393,-0.9980,0.0107,0.8400,-3.5700,-0.0350
62006868,sitting,-0.0388,-0.9992,0.0100,0.8050,-3.5000,-0.1050
62006887,sitting,-0.0386,-0.9984,0.0105,0.8750,-3.5700,-0.0700
62006907,sitting,-0.0390,-0.9980,0.0107,0.8750,-3.5700,-0.0700
62006926,sitting,-0.0378,-0.9980,0.0105,0.8400,-3.5000,-0.0700
62006945,sitting,-0.0383,-0.9975,0.0115,0.8400,-3.5700,-0.0700
62006964,sitting,-0.0403,-0.9984,0.0107,0.8400,-3.5350,-0.0700
62006983,sitting,-0.0393,-0.9977,0.0112,0.8400,-3.5000,-0.0700
62007003,sitting,-0.0403,-0.9970,0.0105,0.8750,-3.5350,-0.0700
62007022,sitting,-0.0405,-0.9980,0.0105,0.8400,-3.5000,-0.1050
62007041,sitting,-0.0395,-0.9984,0.0107,0.8750,-3.4650,-0.0700
62007060,sitting,-0.0390,-0.9987,0.0115,0.8400,-3.5350,-0.0350
62007080,sitting,-0.0383,-0.9989,0.0102,0.9100,-3.5350,-0.0350
62007099,sitting,-0.0398,-0.9980,0.0112,0.8400,-3.5700,-0.0700
62007118,sitting,-0.0403,-0.9984,0.0105,0.8050,-3.5350,-0.1050
62007137,sitting,-0.0403,-0.9977,0.0110,0.8750,-3.5350,-0.0700
62007157,sitting,-0.0390,-0.9982,0.0115,0.8750,-3.5000,-0.0700
62007176,sitting,-0.0390,-0.9975,0.0095,0.8400,-3.5000,-0.0700
62007195,sitting,-0.0395,-0.9980,0.0098,0.9100,-3.5000,-0.0700
62007214,sitting,-0.0395,-0.9987,0.0105,0.8400,-3.5350,-0.0700
62007233,sitting,-0.0395,-0.9984,0.0112,0.8400,-3.5000,-0.0700
62007253,sitting,-0.0388,-0.9982,0.0100,0.8400,-3.5350,-0.0700
62007272,sitting,-0.0395,-0.9980,0.0100,0.8400,-3.5000,-0.1400
62007291,sitting,-0.0383,-0.9989,0.0102,0.8400,-3.5350,-0.0350
62007310,sitting,-0.0390,-0.9994,0.0105,0.8400,-3.5350,-0.1050
62007330,sitting,-0.0383,-0.9984,0.0098,0.8400,-3.5700,-0.0350
62007349,sitting,-0.0388,-0.9977,0.0098,0.8750,-3.5700,-0.0350
62007368,sitting,-0.0393,-0.9980,0.0102,0.8050,-3.5000,-0.0700
62007387,sitting,-0.0393,-0.9984,0.0107,0.8750,-3.5350,-0.0700
62007407,sitting,-0.0395,-0.9982,0.0105,0.8400,-3.5700,-0.0350
62007426,sitting,-0.0395,-0.9970,0.0105,0.8400,-3.5000,-0.0700
62007445,sitting,-0.0395,-0.9980,0.0112,0.8400,-3.5350,-0.0700
62007464,sitting,-0.0388,-0.9987,0.0102,0.8750,-3.5000,-0.0350
62007483,sitting,-0.0388,-0.9980,0.0102,0.8400,-3.5000,-0.0700
62007503,sitting,-0.0398,-0.9977,0.0110,0.8050,-3.5350,-0.0350
62007522,sitting,-0.0398,-0.9982,0.0107,0.8400,-3.5700,-0.1050
62007541,sitting,-0.0388,-0.9987,0.0093,0.8750,-3.5000,-0.0350
62007560,sitting,-0.0393,-0.9989,0.0100,0.8750,-3.5350,-0.0700
62007580,sitting,-0.0386,-0.9977,0.0107,0.8400,-3.5000,-0.0700
62007599,sitting,-0.0403,-0.9980,0.0107,0.8750,-3.5350,-0.1050
62007618,sitting,-0.0393,-0.9984,0.0107,0.8400,-3.5000,-0.0700
62007637,sitting,-0.0398,-0.9982,0.0100,0.8750,-3.5700,-0.0700
62007657,sitting,-0.0395,-0.9992,0.0102,0.8750,-3.5350,-0.0700
62007676,sitting,-0.0388,-0.9982,0.0110,0.8400,-3.4650,-0.0350
62007695,sitting,-0.0383,-0.9975,0.0098,0.8400,-3.5000,-0.0700
62007714,sitting,-0.0381,-0.9980,0.0102,0.8400,-3.5000,-0.0700
62007733,sitting,-0.0388,-0.9984,0.0115,0.8400,-3.5350,-0.1050
62007753,sitting,-0.0390,-0.9984,0.0110,0.8400,-3.5000,-0.1050
62007772,sitting,-0.0388,-0.9984,0.0110,0.8400,-3.5350,-0.0350
62007791,sitting,-0.0393,-0.9984,0.0105,0.8400,-3.5700,-0.0700
62007810,sitting,-0.0388,-0.9977,0.0105,0.8400,-3.5000,-0.0700
62007830,sitting,-0.0386,-0.9987,0.0098,0.8750,-3.5350,-0.0700
62007849,sitting,-0.0395,-0.9982,0.0102,0.9100,-3.5700,-0.1050
62007868,sitting,-0.0393,-0.9989,0.0107,0.8400,-3.5000,-0.1050
62007887,sitting,-0.0381,-0.9975,0.0112,0.8400,-3.5000,-0.0700
62007907,sitting,-0.0400,-0.9984,0.0100,0.8400,-3.5700,-0.1050
62007926,sitting,-0.0395,-0.9977,0.0107,0.8400,-3.5700,-0.1050
62007945,sitting,-0.0405,-0.9982,0.0107,0.8050,-3.4650,-0.0700
62007964,sitting,-0.0388,-0.9984,0.0107,0.8400,-3.5350,-0.0700
62007983,sitting,-0.0390,-0.9975,0.0115,0.8750,-3.5700,-0.0700
62008003,sitting,-0.0386,-0.9980,0.0105,0.8750,-3.5000,-0.1400
62008022,sitting,-0.0383,-0.9984,0.0112,0.8750,-3.5700,-0.0700
62008041,sitting,-0.0390,-0.9980,0.0110,0.8750,-3.5700,-0.1050
62008060,sitting,-0.0390,-0.9980,0.0100,0.8400,-3.5000,-0.0700
62008080,sitting,-0.0390,-0.9987,0.0115,0.8400,-3.5700,-0.0350
62008099,sitting,-0.0390,-0.9982,0.0112,0.8750,-3.5350,-0.0700
62008118,sitting,-0.0390,-0.9989,0.0098,0.8750,-3.5000,-0.0700
62008137,sitting,-0.0390,-0.9989,0.0098,0.8400,-3.5350,-0.1050
62008157,sitting,-0.0390,-0.9980,0.0107,0.8400,-3.5000,-0.1400
62008176,sitting,-0.0381,-0.9980,0.0105,0.8750,-3.5000,-0.0700
62008195,sitting,-0.0390,-0.9982,0.0102,0.8050,-3.5000,-0.0700
62008214,sitting,-0.0403,-0.9984,0.0112,0.8400,-3.5700,-0.0350
62008233,sitting,-0.0398,-0.9984,0.0100,0.8400,-3.5000,-0.0700
62008253,sitting,-0.0395,-0.9980,0.0100,0.8750,-3.5000,-0.1050
62008272,sitting,-0.0393,-0.9987,0.0095,0.8750,-3.5000,-0.0700
62008291,sitting,-0.0403,-0.9982,0.0107,0.8750,-3.5350,-0.1400
62008310,sitting,-0.0395,-0.9980,0.0095,0.8400,-3.5350,-0.0700
62008330,sitting,-0.0395,-0.9982,0.0112,0.8400,-3.5700,-0.0700
62008349,sitting,-0.0400,-0.9982,0.0107,0.8400,-3.5350,-0.1050
62008368,sitting,-0.0393,-0.9980,0.0112,0.8400,-3.5350,-0.0700
62008387,sitting,-0.0390,-0.9977,0.0107,0.8400,-3.5000,-0.1050
62008407,sitting,-0.0390,-0.9984,0.0112,0.8400,-3.5000,-0.1050
62008426,sitting,-0.0395,-0.9984,0.0110,0.8750,-3.5700,-0.0700
62008445,sitting,-0.0393,-0.9987,0.0105,0.8400,-3.5350,-0.0700
62008464,sitting,-0.0390,-0.9984,0.0100,0.8400,-3.5350,-0.0350
62008483,sitting,-0.0400,-0.9977,0.0105,0.8400,-3.5000,-0.0700
62008503,sitting,-0.0393,-0.9980,0.0105,0.8400,-3.4650,-0.0700
62008522,sitting,-0.0398,-0.9975,0.0100,0.8400,-3.5000,-0.1050
62008541,sitting,-0.0400,-0.9977,0.0105,0.9100,-3.5700,-0.0700
62008560,sitting,-0.0398,-0.9980,0.0100,0.9100,-3.5350,0.0000
62008580,sitting,-0.0395,-0.9987,0.0100,0.8400,-3.5350,-0.0700
62008599,sitting,-0.0398,-0.9972,0.0105,0.8750,-3.5000,-0.0700
62008618,sitting,-0.0395,-0.9977,0.0093,0.8750,-3.5350,-0.0700
62008637,sitting,-0.0393,-0.9989,0.0107,0.8400,-3.5350,-0.0700
62008657,sitting,-0.0393,-0.9989,0.0112,0.8750,-3.5350,-0.0700
62008676,sitting,-0.0395,-0.9992,0.0110,0.9100,-3.5700,-0.0700
62008695,sitting,-0.0386,-0.9980,0.0100,0.8400,-3.5350,-0.0700
62008714,sitting,-0.0398,-0.9984,0.0110,0.8750,-3.5350,-0.0700
62008733,sitting,-0.0383,-0.9984,0.0098,0.9100,-3.5700,-0.0700
62008753,sitting,-0.0395,-0.9980,0.0107,0.8400,-3.5700,-0.1050
62008772,sitting,-0.0393,-0.9972,0.0102,0.8400,-3.5700,-0.0700
62008791,sitting,-0.0398,-0.9987,0.0098,0.8400,-3.5350,-0.1050
62008810,sitting,-0.0398,-0.9980,0.0100,0.8750,-3.5350,-0.0350
62008830,sitting,-0.0395,-0.9982,0.0107,0.8400,-3.5000,-0.0700
62008849,sitting,-0.0393,-0.9977,0.0102,0.8400,-3.5700,-0.0350
62008868,sitting,-0.0386,-0.9977,0.0112,0.8400,-3.5700,-0.0700
62008887,sitting,-0.0386,-0.9984,0.0110,0.8750,-3.5000,-0.1050
62008907,sitting,-0.0381,-0.9987,0.0100,0.8400,-3.5350,-0.0350
62008926,sitting,-0.0388,-0.9982,0.0098,0.8400,-3.5700,-0.0700
62008945,sitting,-0.0388,-0.9984,0.0107,0.8400,-3.5350,-0.1050
62008964,sitting,-0.0395,-0.9984,0.0110,0.8400,-3.4650,-0.0700
62008983,sitting,-0.0400,-0.9984,0.0102,0.8400,-3.5350,-0.0700
62009003,sitting,-0.0393,-0.9980,0.0102,0.8400,-3.5000,-0.0700
62009022,sitting,-0.0395,-0.9980,0.0107,0.8400,-3.5700,0.0000
62009041,sitting,-0.0393,-0.9987,0.0105,0.8050,-3.5700,-0.0700
62009060,sitting,-0.0390,-0.9980,0.0112,0.9100,-3.5350,-0.0700
62009080,sitting,-0.0388,-0.9972,0.0105,0.8400,-3.5350,-0.1050
62009099,sitting,-0.0393,-0.9975,0.0110,0.8750,-3.5700,-0.0700
62009118,sitting,-0.0398,-0.9987,0.0110,0.8750,-3.5350,-0.0700
62009137,sitting,-0.0393,-0.9994,0.0105,0.8400,-3.5000,-0.0700
62009157,sitting,-0.0388,-0.9982,0.0095,0.8400,-3.5000,-0.0700
62009176,sitting,-0.0398,-0.9984,0.0095,0.8750,-3.5350,-0.0350
62009195,sitting,-0.0390,-0.9980,0.0095,0.8750,-3.5350,-0.0700
62009214,sitting,-0.0390,-0.9984,0.0107,0.8750,-3.5000,-0.1050
62009233,sitting,-0.0393,-0.9980,0.0102,0.8400,-3.5000,-0.0700
62009253,sitting,-0.0393,-0.9970,0.0095,0.9100,-3.5700,-0.0350
62009272,sitting,-0.0395,-0.9980,0.0100,0.8400,-3.4650,-0.0700
62009291,sitting,-0.0393,-0.9982,0.0095,0.8750,-3.5000,-0.1050
62009310,sitting,-0.0395,-0.9975,0.0100,0.9100,-3.5350,-0.0700
62009330,sitting,-0.0395,-0.9980,0.0093,0.8400,-3.5350,-0.0700
62009349,sitting,-0.0393,-0.9987,0.0100,0.8750,-3.5350,-0.0700
62009368,sitting,-0.0390,-0.9984,0.0112,0.9100,-3.5700,-0.0700
62009387,sitting,-0.0390,-0.9987,0.0098,0.8750,-3.4650,-0.0350
62009407,sitting,-0.0390,-0.9980,0.0095,0.8400,-3.5000,-0.0700
62009426,sitting,-0.0383,-0.9982,0.0107,0.9100,-3.5700,-0.0700
62009445,sitting,-0.0398,-0.9989,0.0107,0.8750,-3.5350,-0.0350
62009464,sitting,-0.0390,-0.9984,0.0100,0.8400,-3.5000,-0.0700
62009483,sitting,-0.0388,-0.9994,0.0102,0.8400,-3.5350,-0.0700
62009503,sitting,-0.0400,-0.9982,0.0100,0.9100,-3.6050,-0.0700
62009522,sitting,-0.0400,-0.9975,0.0107,0.8400,-3.5000,-0.0700
62009541,sitting,-0.0390,-0.9984,0.0112,0.8400,-3.5000,-0.1400
62009560,sitting,-0.0395,-0.9980,0.0107,0.8750,-3.5700,-0.0700
62009580,sitting,-0.0390,-0.9980,0.0098,0.8750,-3.5350,-0.0700
62009599,sitting,-0.0400,-0.9980,0.0093,0.8050,-3.5000,-0.1400
62009618,sitting,-0.0400,-0.9980,0.0098,0.8750,-3.5700,-0.0700
62009637,sitting,-0.0390,-0.9977,0.0100,0.8750,-3.5350,-0.0700
62009657,sitting,-0.0388,-0.9982,0.0102,0.8400,-3.5000,-0.0700
62009676,sitting,-0.0381,-0.9984,0.0105,0.8750,-3.5350,-0.0700
62009695,sitting,-0.0390,-0.9987,0.0110,0.8400,-3.5350,-0.0700
62009714,sitting,-0.0398,-0.9972,0.0102,0.8400,-3.5350,-0.0700
62009733,sitting,-0.0393,-0.9980,0.0107,0.8050,-3.5350,-0.1050
62009753,sitting,-0.0386,-0.9980,0.0098,0.8750,-3.5350,-0.0700
62009772,sitting,-0.0405,-0.9984,0.0107,0.8050,-3.5700,-0.0350
62009791,sitting,-0.0393,-0.9982,0.0098,0.8750,-3.5000,-0.1050
62009810,sitting,-0.0390,-0.9987,0.0105,0.8750,-3.5700,-0.0700
62009830,sitting,-0.0395,-0.9975,0.0102,0.8750,-3.5000,-0.0700
62009849,sitting,-0.0395,-0.9977,0.0102,0.8750,-3.5000,-0.0700
62009868,sitting,-0.0405,-0.9977,0.0098,0.8750,-3.5350,-0.0700
62009887,sitting,-0.0390,-0.9984,0.0100,0.8750,-3.5350,-0.0700
62009907,sitting,-0.0386,-0.9977,0.0093,0.8400,-3.5000,-0.1400
62009926,sitting,-0.0390,-0.9982,0.0102,0.8400,-3.5350,-0.1050
62009945,sitting,-0.0393,-0.9984,0.0115,0.8400,-3.5700,-0.0700
62009964,sitting,-0.0395,-0.9984,0.0105,0.8400,-3.5000,-0.1050
62009983,sitting,-0.0388,-0.9975,0.0105,0.8400,-3.5000,-0.0700
62010003,sitting,-0.0403,-0.9977,0.0102,0.8750,-3.5700,-0.0350
62010022,sitting,-0.0407,-0.9984,0.0105,0.9100,-3.5000,-0.0700
62010041,sitting,-0.0400,-0.9984,0.0107,0.8400,-3.5000,-0.0700
62010060,sitting,-0.0393,-0.9977,0.0112,0.8400,-3.5350,-0.1050
62010080,sitting,-0.0395,-0.9982,0.0102,0.8400,-3.5350,-0.0700
62010099,sitting,-0.0393,-0.9984,0.0090,0.8050,-3.5350,-0.0700
62010118,sitting,-0.0388,-0.9982,0.0105,0.9100,-3.5700,-0.0350
62010137,sitting,-0.0390,-0.9980,0.0110,0.8750,-3.5350,-0.0350
62010157,sitting,-0.0383,-0.9984,0.0105,0.8750,-3.5350,-0.0700
62010176,sitting,-0.0386,-0.9980,0.0098,0.8400,-3.5700,-0.0700
62010195,sitting,-0.0393,-0.9980,0.0107,0.8400,-3.5700,-0.0700
62010214,sitting,-0.0407,-0.9980,0.0100,0.8400,-3.5700,-0.0700
62010233,sitting,-0.0386,-0.9982,0.0107,0.8400,-3.4650,-0.1050
62010253,sitting,-0.0388,-0.9982,0.0100,0.8400,-3.5700,-0.0700
62010272,sitting,-0.0390,-0.9984,0.0095,0.8400,-3.5700,-0.0700
62010291,sitting,-0.0393,-0.9984,0.0105,0.8400,-3.5000,-0.0700
62010310,sitting,-0.0395,-0.9984,0.0102,0.8400,-3.5350,-0.0350
62010330,sitting,-0.0390,-0.9982,0.0098,0.8750,-3.5350,-0.0350
62010349,sitting,-0.0400,-0.9980,0.0100,0.8400,-3.5000,-0.0350
62010368,sitting,-0.0390,-0.9984,0.0110,0.8050,-3.5000,-0.0700
62010387,sitting,-0.0390,-0.9984,0.0105,0.8400,-3.5350,-0.0700
62010407,sitting,-0.0390,-0.9984,0.0100,0.8750,-3.5350,-0.0700
62010426,sitting,-0.0398,-0.9977,0.0100,0.8400,-3.5000,-0.1050
62010445,sitting,-0.0393,-0.9977,0.0110,0.8750,-3.5350,-0.0700
62010464,sitting,-0.0400,-0.9977,0.0100,0.8750,-3.5350,-0.1050
62010483,sitting,-0.0393,-0.9982,0.0098,0.8400,-3.5350,-0.0700
62010503,sitting,-0.0395,-0.9975,0.0105,0.8750,-3.5700,-0.0700
62010522,sitting,-0.0390,-0.9982,0.0107,0.8750,-3.5700,-0.0700
62010541,sitting,-0.0390,-0.9984,0.0098,0.8050,-3.5000,-0.0700
62010560,sitting,-0.0383,-0.9982,0.0105,0.8750,-3.5000,-0.1050
62010580,sitting,-0.0398,-0.9975,0.0117,0.8400,-3.5700,-0.0700
62010599,sitting,-0.0388,-0.9982,0.0100,0.8750,-3.5700,-0.0700
62010618,sitting,-0.0395,-0.9980,0.0105,0.8400,-3.5700,-0.0700
62010637,sitting,-0.0405,-0.9977,0.0088,0.8400,-3.5700,-0.0700
62010657,sitting,-0.0395,-0.9982,0.0098,0.8750,-3.5700,-0.0700
62010676,sitting,-0.0400,-0.9987,0.0098,0.8400,-3.4650,-0.1050
62010695,sitting,-0.0383,-0.9992,0.0100,0.8750,-3.5000,-0.0700
62010714,sitting,-0.0395,-0.9994,0.0105,0.9100,-3.5000,-0.0350
62010733,sitting,-0.0398,-0.9980,0.0105,0.8400,-3.5350,-0.0700
62010753,sitting,-0.0398,-0.9982,0.0100,0.8050,-3.5350,-0.0700
62010772,sitting,-0.0398,-0.9980,0.0112,0.8400,-3.5350,-0.1050
62010791,sitting,-0.0400,-0.9982,0.0107,0.8750,-3.5000,-0.0700
62010810,sitting,-0.0405,-0.9980,0.0112,0.8750,-3.5000,-0.0700
62010830,sitting,-0.0400,-0.9982,0.0107,0.8400,-3.5350,-0.0700
62010849,sitting,-0.0393,-0.9980,0.0098,0.8750,-3.5350,-0.0700
62010868,sitting,-0.0383,-0.9984,0.0105,0.8400,-3.5000,-0.0700
62010887,sitting,-0.0395,-0.9987,0.0102,0.8750,-3.5000,-0.0700
62010907,sitting,-0.0400,-0.9980,0.0098,0.8400,-3.5000,-0.0700
62010926,sitting,-0.0395,-0.9982,0.0107,0.8750,-3.5700,-0.0700
62010945,sitting,-0.0388,-0.9980,0.0100,0.8400,-3.5700,-0.1050
62010964,sitting,-0.0393,-0.9980,0.0102,0.8750,-3.5700,-0.1400
62010983,sitting,-0.0386,-0.9987,0.0100,0.8400,-3.5000,-0.0700
62011003,sitting,-0.0388,-0.9989,0.0100,0.8750,-3.5000,-0.0700
62011022,sitting,-0.0393,-0.9999,0.0105,0.8400,-3.5700,-0.1050
62011041,sitting,-0.0395,-0.9992,0.0107,0.8400,-3.5350,-0.0700
62011060,sitting,-0.0395,-0.9989,0.0098,0.8400,-3.5350,-0.1050
62011080,sitting,-0.0381,-0.9980,0.0105,0.8750,-3.5000,-0.0700
62011099,sitting,-0.0400,-0.9989,0.0110,0.8750,-3.5350,-0.0700
62011118,sitting,-0.0393,-0.9987,0.0107,0.8400,-3.4650,-0.1400
62011137,sitting,-0.0395,-0.9982,0.0105,0.8400,-3.5350,-0.0700
62011157,sitting,-0.0388,-0.9984,0.0100,0.8400,-3.5350,-0.0700
62011176,sitting,-0.0398,-0.9987,0.0110,0.8400,-3.5000,-0.1050
62011195,sitting,-0.0398,-0.9980,0.0107,0.8400,-3.5350,-0.0700
62011214,sitting,-0.0395,-0.9984,0.0102,0.8400,-3.5700,0.0000
62011233,sitting,-0.0395,-0.9984,0.0098,0.8400,-3.5700,-0.0700
62011253,sitting,-0.0388,-0.9970,0.0115,0.8750,-3.4650,-0.0700
62011272,sitting,-0.0388,-0.9975,0.0105,0.8750,-3.5700,-0.0700
62011291,sitting,-0.0400,-0.9982,0.0107,0.8400,-3.5700,-0.0350
62011310,sitting,-0.0388,-0.9982,0.0107,0.8400,-3.5700,-0.0700
62011330,sitting,-0.0393,-0.9984,0.0110,0.8400,-3.5350,-0.0700
62011349,sitting,-0.0390,-0.9977,0.0098,0.8750,-3.5000,-0.0700
62011368,sitting,-0.0398,-0.9975,0.0095,0.8050,-3.5000,-0.0700
62011387,sitting,-0.0388,-0.9980,0.0100,0.8400,-3.5000,-0.0350
62011407,sitting,-0.0398,-0.9982,0.0102,0.8750,-3.5700,-0.0700
62011426,sitting,-0.0383,-0.9992,0.0117,0.8750,-3.5350,-0.0700
62011445,sitting,-0.0390,-0.9980,0.0115,0.8400,-3.5000,-0.0700
62011464,sitting,-0.0393,-0.9987,0.0098,0.8400,-3.5350,-0.0700
62011483,sitting,-0.0386,-0.9984,0.0107,0.8400,-3.5700,-0.0700
62011503,sitting,-0.0388,-0.9987,0.0095,0.8750,-3.5000,-0.0350
62011522,sitting,-0.0381,-0.9977,0.0098,0.8750,-3.5700,-0.0700
62011541,sitting,-0.0388,-0.9982,0.0110,0.9100,-3.5700,-0.0700
62011560,sitting,-0.0388,-0.9984,0.0112,0.8400,-3.5000,-0.0700
62011580,sitting,-0.0393,-0.9987,0.0107,0.8400,-3.5700,-0.0700
62011599,sitting,-0.0388,-0.9984,0.0095,0.8750,-3.6050,-0.0700
62011618,sitting,-0.0395,-0.9987,0.0098,0.8400,-3.5350,-0.0700
62011637,sitting,-0.0393,-0.9982,0.0105,0.8750,-3.5350,-0.0700
62011657,sitting,-0.0395,-0.9982,0.0105,0.8400,-3.5350,-0.1050
62011676,sitting,-0.0388,-0.9982,0.0107,0.8400,-3.5000,-0.0700
62011695,sitting,-0.0388,-0.9982,0.0115,0.8050,-3.5000,-0.0700
62011714,sitting,-0.0388,-0.9989,0.0105,0.8750,-3.5350,-0.1050
62011733,sitting,-0.0395,-0.9989,0.0098,0.8400,-3.5700,-0.0700
62011753,sitting,-0.0400,-0.9984,0.0100,0.8400,-3.5000,-0.0350
62011772,sitting,-0.0400,-0.9982,0.0098,0.8400,-3.5350,-0.0700
62011791,sitting,-0.0388,-0.9984,0.0102,0.8750,-3.5350,-0.1050
62011810,sitting,-0.0395,-0.9982,0.0098,0.8750,-3.5000,-0.0700
62011830,sitting,-0.0390,-0.9984,0.0107,0.8400,-3.5350,-0.1050
62011849,sitting,-0.0388,-0.9984,0.0112,0.8750,-3.5700,-0.0700
62011868,sitting,-0.0393,-0.9989,0.0100,0.8400,-3.5000,-0.0700
62011887,sitting,-0.0395,-0.9982,0.0095,0.8050,-3.5000,-0.1050
62011907,sitting,-0.0395,-0.9984,0.0102,0.8400,-3.5350,-0.0700
62011926,sitting,-0.0403,-0.9982,0.0107,0.8400,-3.5700,-0.0700
62011945,sitting,-0.0388,-0.9982,0.0115,0.8400,-3.5000,-0.0350
62011964,sitting,-0.0383,-0.9987,0.0102,0.8750,-3.5000,-0.1050
62011983,sitting,-0.0390,-0.9977,0.0100,0.8750,-3.5700,-0.0700
62012003,sitting,-0.0395,-0.9982,0.0107,0.8050,-3.5700,-0.1050
62012022,sitting,-0.0388,-0.9977,0.0100,0.8750,-3.5700,-0.0700
62012041,sitting,-0.0383,-0.9982,0.0102,0.8750,-3.5700,-0.0350
62012060,sitting,-0.0386,-0.9989,0.0115,0.8050,-3.5350,-0.0700
62012080,sitting,-0.0393,-0.9984,0.0110,0.8400,-3.5000,-0.1050
62012099,sitting,-0.0398,-0.9980,0.0098,0.9100,-3.5350,-0.0700
62012118,sitting,-0.0400,-0.9984,0.0105,0.8750,-3.5350,-0.0700
62012137,sitting,-0.0393,-0.9992,0.0100,0.8400,-3.5000,-0.1050
62012157,sitting,-0.0388,-0.9980,0.0102,0.8400,-3.5700,-0.0700
62012176,sitting,-0.0395,-0.9977,0.0100,0.8750,-3.5350,-0.0700
62012195,sitting,-0.0388,-0.9987,0.0088,0.8050,-3.5000,-0.0350
62012214,sitting,-0.0390,-0.9989,0.0105,0.8050,-3.5350,-0.0700
62012233,sitting,-0.0388,-0.9984,0.0107,0.8400,-3.5700,-0.0350
62012253,sitting,-0.0388,-0.9982,0.0105,0.8400,-3.5000,-0.0350
62012272,sitting,-0.0378,-0.9980,0.0105,0.8400,-3.5350,-0.1050
62012291,sitting,-0.0398,-0.9977,0.0107,0.9100,-3.5700,-0.1050
62012310,sitting,-0.0395,-0.9989,0.0102,0.8750,-3.5700,-0.0350
62012330,sitting,-0.0393,-0.9977,0.0102,0.7700,-3.5350,-0.0700
62012349,sitting,-0.0388,-0.9984,0.0102,0.8400,-3.5700,-0.0350
62012368,sitting,-0.0395,-0.9975,0.0105,0.9100,-3.5350,-0.0350
62012387,sitting,-0.0390,-0.9984,0.0105,0.8750,-3.5000,-0.0700
62012407,sitting,-0.0400,-0.9982,0.0098,0.8400,-3.5700,-0.1050
62012426,sitting,-0.0398,-0.9984,0.0098,0.9100,-3.5700,-0.0700
62012445,sitting,-0.0393,-0.9987,0.0102,0.8400,-3.4650,-0.0700
62012464,sitting,-0.0388,-0.9992,0.0102,0.8400,-3.5000,-0.0700
62012483,sitting,-0.0390,-0.9992,0.0100,0.8750,-3.5350,-0.0700
62012503,sitting,-0.0383,-0.9980,0.0100,0.8750,-3.5000,-0.0700
62012522,sitting,-0.0388,-0.9982,0.0102,0.8050,-3.5350,-0.1400
62012541,sitting,-0.0390,-0.9987,0.0107,0.9100,-3.5350,-0.0700
62012560,sitting,-0.0393,-0.9977,0.0110,0.8400,-3.5350,-0.0350
62012580,sitting,-0.0395,-0.9982,0.0095,0.8750,-3.5000,-0.1050
62012599,sitting,-0.0398,-0.9980,0.0105,0.8400,-3.5350,-0.1400
62012618,sitting,-0.0398,-0.9977,0.0107,0.8400,-3.5700,-0.0700
62012637,sitting,-0.0390,-0.9975,0.0110,0.8400,-3.5350,-0.1050
62012657,sitting,-0.0398,-0.9982,0.0095,0.8750,-3.5000,-0.1050
62012676,sitting,-0.0400,-0.9980,0.0102,0.8400,-3.5350,-0.0700
62012695,sitting,-0.0398,-0.9980,0.0105,0.8400,-3.6050,-0.0350
62012714,sitting,-0.0388,-0.9987,0.0105,0.8400,-3.5350,-0.0700
62012733,sitting,-0.0390,-0.9980,0.0110,0.8400,-3.5700,-0.1050
62012753,sitting,-0.0388,-0.9980,0.0110,0.9100,-3.5350,-0.0700
62012772,sitting,-0.0395,-0.9989,0.0098,0.8050,-3.5000,-0.0700
62012791,sitting,-0.0395,-0.9977,0.0095,0.9100,-3.5000,0.0000
62012810,sitting,-0.0395,-0.9982,0.0095,0.9100,-3.5350,-0.1050
62012830,sitting,-0.0386,-0.9984,0.0107,0.8050,-3.5000,-0.0700
62012849,sitting,-0.0383,-0.9984,0.0100,0.8400,-3.4650,-0.0700
62012868,sitting,-0.0390,-0.9980,0.0107,0.8400,-3.5700,-0.1050
62012887,sitting,-0.0398,-0.9987,0.0105,0.8050,-3.5350,-0.1050
62012907,sitting,-0.0390,-0.9972,0.0098,0.8400,-3.5000,-0.1050
62012926,sitting,-0.0388,-0.9982,0.0107,0.8400,-3.5350,-0.0700
62012945,sitting,-0.0388,-0.9989,0.0105,0.8400,-3.5350,-0.0700
62012964,sitting,-0.0400,-0.9980,0.0098,0.8400,-3.5350,-0.0700
62012983,sitting,-0.0390,-0.9984,0.0095,0.9100,-3.5000,-0.0700
62013003,sitting,-0.0398,-0.9989,0.0100,0.8750,-3.5700,-0.0700
62013022,sitting,-0.0395,-0.9984,0.0100,0.8050,-3.5350,-0.0700
62013041,sitting,-0.0395,-0.9984,0.0095,0.8750,-3.5000,-0.1050
62013060,sitting,-0.0383,-0.9989,0.0098,0.8750,-3.6050,-0.0700
62013080,sitting,-0.0395,-0.9984,0.0100,0.8750,-3.5350,-0.0700
62013099,sitting,-0.0393,-0.9982,0.0100,0.8750,-3.5000,-0.0700
62013118,sitting,-0.0395,-0.9982,0.0105,0.8400,-3.5700,-0.0700
62013137,sitting,-0.0386,-0.9977,0.0102,0.9100,-3.5700,-0.0700
62013157,sitting,-0.0393,-0.9975,0.0102,0.8750,-3.5000,-0.0700
62013176,sitting,-0.0386,-0.9982,0.0098,0.8400,-3.5350,-0.0350
62013195,sitting,-0.0381,-0.9992,0.0095,0.8400,-3.5350,-0.0700
62013214,sitting,-0.0393,-0.9980,0.0095,0.8050,-3.5350,0.0000
62013233,sitting,-0.0393,-0.9980,0.0095,0.8400,-3.5350,0.0000
62013253,sitting,-0.0383,-0.9980,0.0100,0.8400,-3.5700,-0.0700
62013272,sitting,-0.0388,-0.9980,0.0102,0.8050,-3.5000,-0.0700
62013291,sitting,-0.0400,-0.9989,0.0100,0.8050,-3.5350,-0.0700
62013310,sitting,-0.0395,-0.9987,0.0105,0.8400,-3.5350,-0.1050
62013330,sitting,-0.0388,-0.9975,0.0098,0.8400,-3.5350,-0.0350
62013349,sitting,-0.0400,-0.9984,0.0110,0.8400,-3.5000,-0.0700
62013368,sitting,-0.0388,-0.9982,0.0105,0.8400,-3.5700,-0.1400
62013387,sitting,-0.0386,-0.9987,0.0093,0.8750,-3.5700,-0.0700
62013407,sitting,-0.0390,-0.9987,0.0085,0.8400,-3.5000,-0.0700
62013426,sitting,-0.0393,-0.9987,0.0102,0.8750,-3.5000,-0.0700
62013445,sitting,-0.0393,-0.9984,0.0098,0.9100,-3.5700,-0.0700
62013464,sitting,-0.0393,-0.9984,0.0107,0.8400,-3.5700,-0.0700
62013483,sitting,-0.0390,-0.9977,0.0093,0.8400,-3.5000,-0.1050
62013503,sitting,-0.0403,-0.9982,0.0098,0.9100,-3.5700,-0.0700
62013522,sitting,-0.0390,-0.9987,0.0107,0.8050,-3.5700,-0.0350
62013541,sitting,-0.0395,-0.9975,0.0110,0.8750,-3.5350,-0.0700
62013560,sitting,-0.0388,-0.9982,0.0102,0.8400,-3.5350,-0.0700
62013580,sitting,-0.0390,-0.9987,0.0098,0.8750,-3.5700,-0.0350
62013599,sitting,-0.0393,-0.9987,0.0100,0.8050,-3.4650,-0.1050
62013618,sitting,-0.0393,-0.9987,0.0093,0.8400,-3.5350,-0.0350
62013637,sitting,-0.0400,-0.9984,0.0102,0.9100,-3.5350,-0.0700
62013657,sitting,-0.0405,-0.9977,0.0100,0.8400,-3.5000,-0.0700
62013676,sitting,-0.0395,-0.9982,0.0102,0.8400,-3.5000,-0.0700
62013695,sitting,-0.0388,-0.9984,0.0112,0.8400,-3.5350,-0.1050
62013714,sitting,-0.0390,-0.9982,0.0100,0.8750,-3.5700,-0.0700
62013733,sitting,-0.0393,-0.9987,0.0095,0.8750,-3.5350,-0.1050
62013753,sitting,-0.0390,-0.9977,0.0098,0.8750,-3.5350,-0.0700
62013772,sitting,-0.0393,-0.9982,0.0102,0.8400,-3.5000,-0.0700
62013791,sitting,-0.0388,-0.9982,0.0102,0.8750,-3.5700,-0.0350
62013810,sitting,-0.0390,-0.9987,0.0105,0.8400,-3.5700,-0.0350
62013830,sitting,-0.0383,-0.9982,0.0102,0.8400,-3.5700,-0.1400
62013849,sitting,-0.0395,-0.9987,0.0095,0.8050,-3.4650,-0.1400
62013868,sitting,-0.0390,-0.9980,0.0095,0.8400,-3.5000,-0.0700
62013887,sitting,-0.0393,-0.9982,0.0107,0.8400,-3.5000,-0.0700
62013907,sitting,-0.0400,-0.9984,0.0095,0.8400,-3.5700,-0.1050
62013926,sitting,-0.0395,-0.9987,0.0107,0.8400,-3.5350,-0.0700
62013945,sitting,-0.0393,-0.9982,0.0107,0.8400,-3.5350,-0.0700
62013964,sitting,-0.0390,-0.9977,0.0105,0.8750,-3.5350,-0.0700
62013983,sitting,-0.0388,-0.9977,0.0100,0.8400,-3.4650,-0.1050
62014003,sitting,-0.0390,-0.9980,0.0098,0.8750,-3.5350,-0.0700
62014022,sitting,-0.0393,-0.9975,0.0093,0.9100,-3.5350,-0.0700
62014041,sitting,-0.0395,-0.9982,0.0102,0.8750,-3.4650,-0.0350
62014060,sitting,-0.0390,-0.9980,0.0102,0.8400,-3.5700,-0.1050
62014080,sitting,-0.0395,-0.9987,0.0107,0.8750,-3.5350,-0.0700
62014099,sitting,-0.0405,-0.9980,0.0112,0.8400,-3.5000,-0.0700
62014118,sitting,-0.0400,-0.9987,0.0105,0.8400,-3.5350,-0.0700
62014137,sitting,-0.0398,-0.9975,0.0105,0.8400,-3.5000,-0.0700
62014157,sitting,-0.0403,-0.9982,0.0107,0.8050,-3.5700,-0.0700
62014176,sitting,-0.0398,-0.9982,0.0110,0.8400,-3.5000,-0.0700
62014195,sitting,-0.0390,-0.9980,0.0088,0.8750,-3.5700,-0.0350
62014214,sitting,-0.0398,-0.9977,0.0107,0.8400,-3.5700,-0.0700
62014233,sitting,-0.0393,-0.9972,0.0105,0.8400,-3.5350,-0.0700
62014253,sitting,-0.0393,-0.9989,0.0112,0.8750,-3.5350,-0.0700
62014272,sitting,-0.0388,-0.9992,0.0102,0.8400,-3.5350,-0.0700
62014291,sitting,-0.0395,-0.9982,0.0102,0.8750,-3.5350,-0.0700
62014310,sitting,-0.0386,-0.9982,0.0105,0.8750,-3.5000,-0.0700
62014330,sitting,-0.0383,-0.9989,0.0105,0.9100,-3.5000,-0.0700
62014349,sitting,-0.0395,-0.9975,0.0107,0.8400,-3.5000,-0.0700
62014368,sitting,-0.0386,-0.9977,0.0112,0.8400,-3.5000,-0.0700
62014387,sitting,-0.0390,-0.9980,0.0098,0.8400,-3.5350,-0.0700
62014407,sitting,-0.0388,-0.9980,0.0100,0.8400,-3.5700,-0.0700
62014426,sitting,-0.0395,-0.9980,0.0107,0.8400,-3.5000,-0.0700
62014445,sitting,-0.0400,-0.9975,0.0102,0.8400,-3.5350,-0.0700
62014464,sitting,-0.0388,-0.9982,0.0105,0.8400,-3.5350,-0.1400
62014483,sitting,-0.0388,-0.9980,0.0095,0.8750,-3.5350,-0.1400
62014503,sitting,-0.0395,-0.9994,0.0102,0.8750,-3.5700,0.0000
62014522,sitting,-0.0398,-0.9977,0.0102,0.9100,-3.5350,-0.0350
62014541,sitting,-0.0393,-0.9982,0.0105,0.9100,-3.5350,-0.0350
62014560,sitting,-0.0400,-0.9980,0.0105,0.8750,-3.5350,-0.0700
62014580,sitting,-0.0403,-0.9982,0.0110,0.9100,-3.5700,-0.0700
62014599,sitting,-0.0398,-0.9987,0.0105,0.8400,-3.5350,-0.1050
62014618,sitting,-0.0400,-0.9987,0.0098,0.8050,-3.5350,-0.0700
62014637,sitting,-0.0395,-0.9984,0.0095,0.8400,-3.5350,-0.1050
62014657,sitting,-0.0393,-0.9989,0.0093,0.8750,-3.6050,-0.0700
62014676,sitting,-0.0388,-0.9977,0.0102,0.9100,-3.5000,-0.0700
62014695,sitting,-0.0390,-0.9982,0.0112,0.8400,-3.5000,-0.1050
62014714,sitting,-0.0388,-0.9982,0.0100,0.8750,-3.5350,-0.0700
62014733,sitting,-0.0395,-0.9994,0.0100,0.8050,-3.5700,-0.0700
62014753,sitting,-0.0386,-0.9977,0.0110,0.8400,-3.5000,-0.0700
62014772,sitting,-0.0395,-0.9984,0.0102,0.8750,-3.5700,-0.0350
62014791,sitting,-0.0395,-0.9982,0.0102,0.8400,-3.5700,-0.0700
62014810,sitting,-0.0383,-0.9984,0.0090,0.8400,-3.5000,-0.0700
62014830,sitting,-0.0400,-0.9987,0.0105,0.8400,-3.5350,-0.1050
62014849,sitting,-0.0388,-0.9992,0.0110,0.8400,-3.5700,-0.0700
62014868,sitting,-0.0393,-0.9989,0.0102,0.8400,-3.5350,-0.0700
62014887,sitting,-0.0388,-0.9977,0.0095,0.8400,-3.5700,-0.0700
62014907,sitting,-0.0386,-0.9984,0.0100,0.8400,-3.5350,-0.1050
62014926,sitting,-0.0390,-0.9994,0.0100,0.8050,-3.5350,-0.1050
62014945,sitting,-0.0395,-0.9987,0.0102,0.8400,-3.5000,-0.0700
62014964,sitting,-0.0390,-0.9980,0.0102,0.8400,-3.5700,-0.0700
62014983,sitting,-0.0393,-0.9980,0.0093,0.8750,-3.5350,-0.0700
62015003,sitting,-0.0390,-0.9987,0.0102,0.8750,-3.5000,-0.0700
62015022,sitting,-0.0388,-0.9982,0.0102,0.8750,-3.5350,-0.0350
62015041,sitting,-0.0388,-0.9982,0.0102,0.8400,-3.5700,-0.0700
62015060,sitting,-0.0395,-0.9984,0.0102,0.8400,-3.5350,-0.0700
62015080,sitting,-0.0398,-0.9987,0.0107,0.8750,-3.5000,-0.0700
62015099,sitting,-0.0403,-0.9982,0.0102,0.8400,-3.5000,-0.0700
62015118,sitting,-0.0393,-0.9992,0.0105,0.8750,-3.5000,-0.0700
62015137,sitting,-0.0388,-0.9977,0.0102,0.8750,-3.4650,-0.0700
62015157,sitting,-0.0398,-0.9980,0.0098,0.8750,-3.5350,-0.0700
62015176,sitting,-0.0386,-0.9984,0.0105,0.8400,-3.5350,-0.1050
62015195,sitting,-0.0398,-0.9984,0.0112,0.8400,-3.5350,-0.0700
62015214,sitting,-0.0390,-0.9982,0.0093,0.8400,-3.5700,-0.0700
62015233,sitting,-0.0398,-0.9992,0.0100,0.8750,-3.5700,-0.0700
62015253,sitting,-0.0390,-0.9987,0.0100,0.8750,-3.5000,-0.0700
62015272,sitting,-0.0393,-0.9980,0.0102,0.8750,-3.5350,-0.0700
62015291,sitting,-0.0395,-0.9987,0.0100,0.8750,-3.5700,-0.0700
62015310,sitting,-0.0393,-0.9984,0.0100,0.8400,-3.5000,-0.0700
62015330,sitting,-0.0395,-0.9987,0.0102,0.8400,-3.5350,-0.0700
62015349,sitting,-0.0398,-0.9992,0.0105,0.8400,-3.5000,-0.0700
62015368,sitting,-0.0393,-0.9972,0.0112,0.8400,-3.5350,-0.0700
62015387,sitting,-0.0395,-0.9982,0.0100,0.7700,-3.5000,-0.0350
62015407,sitting,-0.0393,-0.9980,0.0115,0.8400,-3.5700,-0.0350
62015426,sitting,-0.0393,-0.9980,0.0105,0.8400,-3.5000,-0.0700
62015445,sitting,-0.0390,-0.9980,0.0093,0.8400,-3.5000,-0.0700
62015464,sitting,-0.0390,-0.9987,0.0115,0.8400,-3.5350,-0.1050
62015483,sitting,-0.0393,-0.9984,0.0112,0.8400,-3.5350,-0.1400
62015503,sitting,-0.0386,-0.9984,0.0107,0.8400,-3.5000,-0.0700
62015522,sitting,-0.0388,-0.9987,0.0100,0.8400,-3.5000,-0.0350
62015541,sitting,-0.0398,-0.9972,0.0100,0.8750,-3.4650,-0.0700
62015560,sitting,-0.0393,-0.9975,0.0105,0.8050,-3.5350,-0.0700
62015580,sitting,-0.0388,-0.9987,0.0112,0.8750,-3.5350,-0.0350
62015599,sitting,-0.0395,-0.9975,0.0107,0.9100,-3.5700,-0.0700
62015618,sitting,-0.0393,-0.9977,0.0098,0.8400,-3.5700,-0.0350
62015637,sitting,-0.0393,-0.9980,0.0107,0.8050,-3.5000,-0.0700
62015657,sitting,-0.0395,-0.9977,0.0102,0.8400,-3.5700,-0.0700
62015676,sitting,-0.0390,-0.9989,0.0105,0.8750,-3.5700,-0.0350
62015695,sitting,-0.0390,-0.9975,0.0107,0.8400,-3.5350,-0.1050
62015714,sitting,-0.0388,-0.9972,0.0095,0.8400,-3.5000,-0.1050
62015733,sitting,-0.0393,-0.9987,0.0110,0.8750,-3.5700,-0.0700
62015753,sitting,-0.0398,-0.9989,0.0095,0.8400,-3.5000,-0.0700
62015772,sitting,-0.0393,-0.9975,0.0107,0.8400,-3.5350,-0.0700
62015791,sitting,-0.0393,-0.9984,0.0107,0.8750,-3.5700,-0.1050
62015810,sitting,-0.0395,-0.9982,0.0093,0.8400,-3.5000,-0.0700
62015830,sitting,-0.0395,-0.9972,0.0100,0.8400,-3.5350,-0.0350
62015849,sitting,-0.0381,-0.9975,0.0098,0.8400,-3.5350,-0.0700
62015868,sitting,-0.0388,-0.9977,0.0100,0.9100,-3.5350,-0.0700
62015887,sitting,-0.0390,-0.9980,0.0105,0.8400,-3.5700,-0.0700
62015907,sitting,-0.0386,-0.9977,0.0093,0.8750,-3.5700,-0.0350
62015926,sitting,-0.0395,-0.9977,0.0098,0.8750,-3.5350,-0.1050
62015945,sitting,-0.0386,-0.9980,0.0100,0.8400,-3.4650,-0.0700
62015964,sitting,-0.0381,-0.9980,0.0102,0.8750,-3.5350,-0.0700
62015983,sitting,-0.0393,-0.9984,0.0102,0.8750,-3.6050,-0.0700
62016003,sitting,-0.0398,-0.9987,0.0102,0.8750,-3.5000,-0.0700
62016022,sitting,-0.0381,-0.9982,0.0095,0.8400,-3.5000,-0.0700
62016041,sitting,-0.0388,-0.9984,0.0102,0.8400,-3.5350,-0.0700
62016060,sitting,-0.0400,-0.9989,0.0110,0.8400,-3.5350,-0.0350
62016080,sitting,-0.0390,-0.9984,0.0100,0.8400,-3.5000,-0.0700
62016099,sitting,-0.0395,-0.9982,0.0100,0.8750,-3.5350,-0.0350
62016118,sitting,-0.0388,-0.9975,0.0098,0.8400,-3.5350,-0.1050
62016137,sitting,-0.0390,-0.9984,0.0115,0.8050,-3.4650,-0.0700
62016157,sitting,-0.0398,-0.9984,0.0098,0.8400,-3.5350,-0.0700
62016176,sitting,-0.0390,-0.9982,0.0112,0.9100,-3.5350,-0.0700
62016195,sitting,-0.0393,-0.9984,0.0105,0.8400,-3.5000,0.0000
62016214,sitting,-0.0393,-0.9989,0.0100,0.8400,-3.4650,-0.0700
62016233,sitting,-0.0383,-0.9989,0.0112,0.8400,-3.5000,-0.1050
62016253,sitting,-0.0395,-0.9975,0.0107,0.8400,-3.5000,-0.0700
62016272,sitting,-0.0405,-0.9982,0.0100,0.8400,-3.5000,-0.0700
62016291,sitting,-0.0395,-0.9972,0.0115,0.8750,-3.6050,-0.1050
62016310,sitting,-0.0381,-0.9984,0.0107,0.9100,-3.5350,-0.1050
62016330,sitting,-0.0390,-0.9989,0.0105,0.8750,-3.5350,-0.1400
62016349,sitting,-0.0383,-0.9980,0.0107,0.8050,-3.5700,-0.1050
62016368,sitting,-0.0381,-0.9984,0.0105,0.9100,-3.5350,-0.0700
62016387,sitting,-0.0393,-0.9980,0.0107,0.9100,-3.5000,-0.0700
62016407,sitting,-0.0398,-0.9975,0.0107,0.9100,-3.5350,-0.0700
62016426,sitting,-0.0386,-0.9970,0.0117,0.8750,-3.5000,-0.0700
62016445,sitting,-0.0388,-0.9982,0.0112,0.8400,-3.5700,-0.0700
62016464,sitting,-0.0398,-0.9987,0.0095,0.8400,-3.5000,-0.0700
62016483,sitting,-0.0388,-0.9987,0.0090,0.8400,-3.5350,-0.1050
62016503,sitting,-0.0400,-0.9992,0.0115,0.8750,-3.5000,-0.1050
62016522,sitting,-0.0390,-0.9977,0.0110,0.8050,-3.5000,-0.0700
62016541,sitting,-0.0403,-0.9980,0.0107,0.8400,-3.6050,-0.0700
62016560,sitting,-0.0400,-0.9982,0.0105,0.8400,-3.5350,-0.1400
62016580,sitting,-0.0390,-0.9982,0.0100,0.8050,-3.5000,-0.0700
62016599,sitting,-0.0398,-0.9977,0.0098,0.8400,-3.5000,-0.0350
62016618,sitting,-0.0400,-0.9980,0.0112,0.9100,-3.5700,-0.0350
62016637,sitting,-0.0400,-0.9977,0.0098,0.8400,-3.5000,-0.0350
62016657,sitting,-0.0393,-0.9982,0.0102,0.8400,-3.5000,-0.0700
62016676,sitting,-0.0390,-0.9980,0.0098,0.8750,-3.5350,-0.0700
62016695,sitting,-0.0388,-0.9972,0.0095,0.8400,-3.5700,-0.0700
62016714,sitting,-0.0393,-0.9982,0.0112,0.8400,-3.4650,-0.1400
62016733,sitting,-0.0398,-0.9982,0.0098,0.8400,-3.5000,-0.1050
62016753,sitting,-0.0390,-0.9977,0.0102,0.8750,-3.5350,-0.0350
62016772,sitting,-0.0400,-0.9982,0.0105,0.8400,-3.5000,-0.0700
62016791,sitting,-0.0403,-0.9982,0.0095,0.8400,-3.5000,-0.1050
62016810,sitting,-0.0398,-0.9992,0.0095,0.8400,-3.5350,-0.0700
62016830,sitting,-0.0395,-0.9984,0.0100,0.8050,-3.5350,-0.0700
62016849,sitting,-0.0395,-0.9977,0.0102,0.8050,-3.5000,-0.1050
62016868,sitting,-0.0388,-0.9982,0.0100,0.8050,-3.5000,-0.1400
62016887,sitting,-0.0393,-0.9982,0.0098,0.8750,-3.5350,-0.1050
62016907,sitting,-0.0388,-0.9982,0.0107,0.8750,-3.5350,-0.1050
62016926,sitting,-0.0393,-0.9989,0.0098,0.8400,-3.5350,-0.0700
62016945,sitting,-0.0393,-0.9989,0.0105,0.8400,-3.5350,-0.0700
62016964,sitting,-0.0390,-0.9989,0.0110,0.7700,-3.5000,-0.0700
62016983,sitting,-0.0393,-0.9989,0.0102,0.8400,-3.5000,-0.0700
62017003,sitting,-0.0395,-0.9984,0.0105,0.8400,-3.5350,-0.0700
62017022,sitting,-0.0395,-0.9982,0.0107,0.8400,-3.5000,-0.1050
62017041,sitting,-0.0393,-0.9982,0.0102,0.8400,-3.5000,-0.0700
62017060,sitting,-0.0386,-0.9984,0.0105,0.8050,-3.5350,-0.0700
62017080,sitting,-0.0393,-0.9977,0.0107,0.8400,-3.5350,-0.0700
62017099,sitting,-0.0393,-0.9987,0.0110,0.8400,-3.5000,-0.0700
62017118,sitting,-0.0393,-0.9980,0.0098,0.8400,-3.5700,-0.0700
62017137,sitting,-0.0400,-0.9980,0.0110,0.8400,-3.5350,-0.1400
62017157,sitting,-0.0390,-0.9982,0.0102,0.8400,-3.5000,-0.0700
62017176,sitting,-0.0388,-0.9980,0.0100,0.8750,-3.5000,-0.0350
62017195,sitting,-0.0390,-0.9984,0.0107,0.8400,-3.5350,-0.0700
62017214,sitting,-0.0393,-0.9982,0.0105,0.8400,-3.5000,-0.0700
62017233,sitting,-0.0390,-0.9975,0.0105,0.8400,-3.5350,-0.1050
62017253,sitting,-0.0390,-0.9977,0.0105,0.8400,-3.5700,-0.1050
62017272,sitting,-0.0393,-0.9984,0.0107,0.8400,-3.5000,-0.1050
62017291,sitting,-0.0393,-0.9972,0.0100,0.8400,-3.5000,-0.1050
62017310,sitting,-0.0403,-0.9982,0.0115,0.8750,-3.5350,-0.0700
62017330,sitting,-0.0393,-0.9975,0.0110,0.8400,-3.5350,-0.0350
62017349,sitting,-0.0386,-0.9984,0.0105,0.8400,-3.5000,-0.0700
62017368,sitting,-0.0395,-0.9975,0.0107,0.8400,-3.5000,-0.0700
62017387,sitting,-0.0390,-0.9975,0.0093,0.9100,-3.5700,-0.0700
62017407,sitting,-0.0390,-0.9977,0.0105,0.8400,-3.5000,-0.1050
62017426,sitting,-0.0386,-0.9989,0.0102,0.8400,-3.5000,-0.1050
62017445,sitting,-0.0390,-0.9992,0.0098,0.8400,-3.5350,-0.0700
62017464,sitting,-0.0386,-0.9989,0.0105,0.8400,-3.4650,-0.1050
62017483,sitting,-0.0393,-0.9987,0.0093,0.8750,-3.5350,-0.1050
62017503,sitting,-0.0398,-0.9972,0.0102,0.9100,-3.5700,-0.0700
62017522,sitting,-0.0393,-0.9982,0.0115,0.8750,-3.5350,-0.0350
62017541,sitting,-0.0390,-0.9980,0.0105,0.8400,-3.5000,-0.0700
62017560,sitting,-0.0390,-0.9992,0.0098,0.8400,-3.5700,-0.1050
62017580,sitting,-0.0390,-0.9980,0.0100,0.8400,-3.5700,-0.1050
62017599,sitting,-0.0378,-0.9989,0.0098,0.8400,-3.5000,-0.0700
62017618,sitting,-0.0400,-0.9984,0.0105,0.8400,-3.5350,-0.0700
62017637,sitting,-0.0393,-0.9989,0.0107,0.8050,-3.5000,-0.0700
62017657,sitting,-0.0400,-0.9982,0.0105,0.8050,-3.5000,-0.0700
62017676,sitting,-0.0388,-0.9982,0.0117,0.8750,-3.4650,-0.0700
62017695,sitting,-0.0388,-0.9982,0.0100,0.8400,-3.5700,-0.0700
62017714,sitting,-0.0388,-0.9984,0.0102,0.8750,-3.5000,-0.0350
62017733,sitting,-0.0388,-0.9980,0.0098,0.7700,-3.5000,-0.0700
62017753,sitting,-0.0390,-0.9984,0.0098,0.8400,-3.5350,-0.0700
62017772,sitting,-0.0395,-0.9980,0.0107,0.8750,-3.5350,-0.1050
62017791,sitting,-0.0403,-0.9984,0.0102,0.8400,-3.4650,-0.1050
62017810,sitting,-0.0393,-0.9987,0.0115,0.8400,-3.5350,-0.0700
62017830,sitting,-0.0390,-0.9982,0.0105,0.8400,-3.5350,-0.0700
62017849,sitting,-0.0400,-0.9984,0.0102,0.8400,-3.5350,-0.0350
62017868,sitting,-0.0395,-0.9987,0.0102,0.8400,-3.5350,-0.1400
62017887,sitting,-0.0393,-0.9997,0.0102,0.8400,-3.5000,-0.1050
62017907,sitting,-0.0388,-0.9984,0.0098,0.8400,-3.5350,-0.0700
62017926,sitting,-0.0393,-0.9984,0.0090,0.8400,-3.5000,-0.0700
62017945,sitting,-0.0381,-0.9982,0.0102,0.8750,-3.5700,-0.0350
62017964,sitting,-0.0381,-0.9980,0.0102,0.8750,-3.5350,-0.0700
62017983,sitting,-0.0383,-0.9977,0.0102,0.8050,-3.5000,-0.0700
62018003,sitting,-0.0398,-0.9989,0.0093,0.8400,-3.5000,-0.1050
62018022,sitting,-0.0395,-0.9989,0.0100,0.8050,-3.5350,-0.1050
62018041,sitting,-0.0388,-0.9992,0.0110,0.8750,-3.5000,-0.1050
62018060,sitting,-0.0393,-0.9987,0.0102,0.8400,-3.4650,-0.0700
62018080,sitting,-0.0390,-0.9977,0.0100,0.8050,-3.5350,-0.1050
62018099,sitting,-0.0390,-0.9992,0.0102,0.8750,-3.5350,-0.1050
62018118,sitting,-0.0400,-0.9982,0.0102,0.8400,-3.5000,-0.0700
62018137,sitting,-0.0390,-0.9984,0.0102,0.8400,-3.5000,-0.0700
62018157,sitting,-0.0390,-0.9982,0.0115,0.9100,-3.5350,-0.1050
62018176,sitting,-0.0393,-0.9984,0.0110,0.8400,-3.5000,-0.0700
62018195,sitting,-0.0386,-0.9982,0.0102,0.8400,-3.5350,-0.0700
62018214,sitting,-0.0403,-0.9980,0.0098,0.8400,-3.5350,-0.0700
62018233,sitting,-0.0388,-0.9982,0.0102,0.8400,-3.5000,-0.0700
62018253,sitting,-0.0386,-0.9977,0.0105,0.9100,-3.5000,-0.0350
62018272,sitting,-0.0398,-0.9975,0.0105,0.8050,-3.5350,-0.0700
62018291,sitting,-0.0390,-0.9982,0.0102,0.8400,-3.5350,-0.0350
62018310,sitting,-0.0398,-0.9977,0.0095,0.8400,-3.5000,-0.0700
62018330,sitting,-0.0398,-0.9975,0.0107,0.8750,-3.5000,-0.0700
62018349,sitting,-0.0388,-0.9975,0.0100,0.8400,-3.5350,-0.0700
62018368,sitting,-0.0383,-0.9980,0.0107,0.7700,-3.5000,-0.0700
62018387,sitting,-0.0386,-0.9980,0.0102,0.8750,-3.5350,-0.0350
62018407,sitting,-0.0388,-0.9984,0.0105,0.8400,-3.5700,-0.1400
62018426,sitting,-0.0393,-0.9975,0.0112,0.8400,-3.5000,-0.0700
62018445,sitting,-0.0395,-0.9984,0.0098,0.8750,-3.5350,-0.0700
62018464,sitting,-0.0386,-0.9984,0.0107,0.8400,-3.6050,-0.0700
62018483,sitting,-0.0390,-0.9977,0.0107,0.8400,-3.5350,-0.1050
62018503,sitting,-0.0388,-0.9982,0.0095,0.8050,-3.5350,-0.0700
62018522,sitting,-0.0383,-0.9987,0.0105,0.8400,-3.5350,-0.0700
62018541,sitting,-0.0390,-0.9982,0.0100,0.8400,-3.5350,-0.0350
62018560,sitting,-0.0398,-0.9984,0.0107,0.8400,-3.5000,-0.0700
62018580,sitting,-0.0388,-0.9980,0.0110,0.8400,-3.5000,-0.0700
62018599,sitting,-0.0386,-0.9977,0.0100,0.8400,-3.5700,-0.1050
62018618,sitting,-0.0386,-0.9987,0.0102,0.8400,-3.5000,-0.1050
62018637,sitting,-0.0388,-0.9982,0.0105,0.8400,-3.5700,-0.0700
62018657,sitting,-0.0390,-0.9980,0.0102,0.8750,-3.5350,-0.0700
62018676,sitting,-0.0393,-0.9987,0.0110,0.8750,-3.5000,-0.0350
62018695,sitting,-0.0398,-0.9980,0.0112,0.8400,-3.5350,-0.1050
62018714,sitting,-0.0395,-0.9975,0.0112,0.8400,-3.5000,0.0000
62018733,sitting,-0.0393,-0.9975,0.0110,0.8400,-3.5000,-0.0700
62018753,sitting,-0.0388,-0.9980,0.0102,0.8050,-3.4650,-0.0700
62018772,sitting,-0.0388,-0.9977,0.0100,0.8050,-3.5000,-0.0350
62018791,sitting,-0.0398,-0.9975,0.0102,0.8400,-3.4650,-0.0700
62018810,sitting,-0.0405,-0.9977,0.0105,0.8400,-3.5000,-0.1050
62018830,sitting,-0.0390,-0.9977,0.0090,0.8400,-3.5000,-0.0700
62018849,sitting,-0.0393,-0.9980,0.0107,0.8750,-3.5350,-0.1050
62018868,sitting,-0.0395,-0.9987,0.0105,0.8750,-3.5350,-0.1050
62018887,sitting,-0.0390,-0.9992,0.0102,0.8400,-3.5700,-0.1400
62018907,sitting,-0.0388,-0.9989,0.0102,0.8750,-3.5000,-0.1050
62018926,sitting,-0.0398,-0.9980,0.0110,0.8400,-3.5000,-0.0700
62018945,sitting,-0.0390,-0.9992,0.0107,0.8400,-3.5000,-0.0700
62018964,sitting,-0.0388,-0.9984,0.0102,0.8400,-3.5700,-0.1050
62018983,sitting,-0.0390,-0.9977,0.0100,0.8400,-3.5700,-0.0700
62019003,sitting,-0.0393,-0.9992,0.0105,0.8400,-3.4650,-0.0700
62019022,sitting,-0.0390,-0.9982,0.0102,0.8400,-3.5350,-0.0700
62019041,sitting,-0.0390,-0.9989,0.0105,0.8400,-3.5700,-0.0700
62019060,sitting,-0.0383,-0.9982,0.0105,0.8400,-3.4650,-0.1050
62019080,sitting,-0.0390,-0.9982,0.0105,0.8400,-3.5350,-0.1050
62019099,sitting,-0.0388,-0.9980,0.0098,0.8400,-3.5700,-0.1050
62019118,sitting,-0.0390,-0.9980,0.0102,0.8750,-3.4650,-0.0700
62019137,sitting,-0.0400,-0.9980,0.0110,0.8050,-3.5000,-0.0700
62019157,sitting,-0.0388,-0.9972,0.0095,0.8750,-3.5000,-0.0700
62019176,sitting,-0.0393,-0.9977,0.0098,0.8750,-3.5000,-0.0700
62019195,sitting,-0.0393,-0.9975,0.0105,0.8400,-3.4650,-0.0700
62019214,sitting,-0.0393,-0.9982,0.0110,0.8400,-3.5350,-0.1400
62019233,sitting,-0.0390,-0.9977,0.0102,0.8400,-3.5000,-0.1050
62019253,sitting,-0.0388,-0.9982,0.0110,0.8400,-3.5000,-0.1050
62019272,sitting,-0.0400,-0.9987,0.0102,0.8750,-3.5350,-0.1050
62019291,sitting,-0.0403,-0.9980,0.0102,0.9100,-3.5700,-0.1050
62019310,sitting,-0.0393,-0.9980,0.0105,0.8400,-3.5000,-0.0700
62019330,sitting,-0.0393,-0.9987,0.0105,0.8400,-3.5700,-0.0700
62019349,sitting,-0.0388,-0.9992,0.0102,0.8750,-3.5700,-0.0700
62019368,sitting,-0.0393,-0.9987,0.0102,0.8050,-3.5350,-0.0700
62019387,sitting,-0.0393,-0.9984,0.0100,0.8750,-3.5000,-0.1050
62019407,sitting,-0.0383,-0.9980,0.0112,0.8750,-3.5700,-0.0700
62019426,sitting,-0.0400,-0.9984,0.0100,0.8400,-3.5000,-0.1050
62019445,sitting,-0.0395,-0.9980,0.0098,0.8400,-3.5000,-0.0700
62019464,sitting,-0.0386,-0.9989,0.0098,0.8400,-3.5350,0.0000
62019483,sitting,-0.0390,-0.9984,0.0098,0.8750,-3.5700,-0.0700
62019503,sitting,-0.0398,-0.9987,0.0093,0.8050,-3.5000,-0.1050
62019522,sitting,-0.0400,-0.9984,0.0105,0.8400,-3.5000,-0.1050
62019541,sitting,-0.0393,-0.9977,0.0090,0.9100,-3.5700,-0.0700
62019560,sitting,-0.0393,-0.9972,0.0105,0.8400,-3.5350,-0.0700
62019580,sitting,-0.0398,-0.9982,0.0107,0.8400,-3.5000,-0.0700
62019599,sitting,-0.0400,-0.9975,0.0088,0.8400,-3.5000,-0.0700
62019618,sitting,-0.0395,-0.9982,0.0102,0.8750,-3.5000,-0.0700
62019637,sitting,-0.0400,-0.9987,0.0100,0.8400,-3.5000,-0.1050
62019657,sitting,-0.0388,-0.9989,0.0102,0.8750,-3.5700,-0.0350
62019676,sitting,-0.0386,-0.9980,0.0100,0.8750,-3.5700,-0.0700
62019695,sitting,-0.0395,-0.9987,0.0110,0.8750,-3.5000,-0.0700
62019714,sitting,-0.0388,-0.9989,0.0105,0.8400,-3.5000,-0.0700
62019733,sitting,-0.0393,-0.9984,0.0102,0.9100,-3.5000,-0.0700
62019753,sitting,-0.0388,-0.9980,0.0095,0.9100,-3.5000,-0.0700
62019772,sitting,-0.0393,-0.9980,0.0095,0.8400,-3.5000,-0.0700
62019791,sitting,-0.0398,-0.9984,0.0107,0.8400,-3.5700,-0.1050
62019810,sitting,-0.0395,-0.9984,0.0102,0.8400,-3.5350,-0.1050
62019830,sitting,-0.0400,-0.9972,0.0100,0.7700,-3.5000,-0.0700
62019849,sitting,-0.0390,-0.9982,0.0110,0.8400,-3.5350,-0.0700
62019868,sitting,-0.0386,-0.9984,0.0100,0.8750,-3.5350,-0.0700
62019887,sitting,-0.0393,-0.9989,0.0102,0.8750,-3.5000,-0.1050
62019907,sitting,-0.0400,-0.9987,0.0112,0.8750,-3.5350,0.0000
62019926,sitting,-0.0390,-0.9992,0.0105,0.8400,-3.5350,-0.0700
62019945,sitting,-0.0390,-0.9980,0.0107,0.8400,-3.5350,-0.1050
62019964,sitting,-0.0393,-0.9977,0.0093,0.9100,-3.5350,-0.0700
62019983,sitting,-0.0388,-0.9977,0.0102,0.9100,-3.5700,-0.0700
62020003,sitting,-0.0393,-0.9987,0.0100,0.8400,-3.5350,-0.0700
62020022,sitting,-0.0400,-0.9987,0.0102,0.8400,-3.5000,-0.0350
62020041,sitting,-0.0393,-0.9975,0.0100,0.9100,-3.5000,-0.1050
62020060,sitting,-0.0383,-0.9972,0.0100,0.8400,-3.5700,-0.0700
62020080,sitting,-0.0395,-0.9977,0.0107,0.8400,-3.5000,-0.1050
62020099,sitting,-0.0395,-0.9977,0.0110,0.8750,-3.5000,-0.0700
62020118,sitting,-0.0390,-0.9975,0.0112,0.8750,-3.5700,-0.1050
62020137,sitting,-0.0390,-0.9977,0.0100,0.8400,-3.5350,-0.0700
62020157,sitting,-0.0395,-0.9977,0.0105,0.8750,-3.5350,-0.1050
62020176,sitting,-0.0383,-0.9980,0.0107,0.8400,-3.5000,-0.0700
62020195,sitting,-0.0393,-0.9977,0.0112,0.8400,-3.5700,-0.0700
62020214,sitting,-0.0398,-0.9992,0.0112,0.8750,-3.5350,-0.0700
62020233,sitting,-0.0390,-0.9982,0.0100,0.8400,-3.5700,-0.1050
62020253,sitting,-0.0393,-0.9984,0.0100,0.8400,-3.5350,-0.0700
62020272,sitting,-0.0383,-0.9972,0.0098,0.9100,-3.5350,-0.1050
62020291,sitting,-0.0386,-0.9989,0.0093,0.8750,-3.5000,-0.0700
62020310,sitting,-0.0393,-0.9992,0.0098,0.8400,-3.5350,-0.0700
62020330,sitting,-0.0400,-0.9987,0.0110,0.8400,-3.5350,-0.0700
62020349,sitting,-0.0376,-0.9984,0.0105,0.8750,-3.5000,-0.1050
62020368,sitting,-0.0388,-0.9982,0.0102,0.8750,-3.5700,-0.0700
62020387,sitting,-0.0395,-0.9980,0.0105,0.8400,-3.5350,-0.0700
62020407,sitting,-0.0395,-0.9975,0.0100,0.8400,-3.5350,-0.0700
62020426,sitting,-0.0398,-0.9989,0.0098,0.8400,-3.5700,-0.0350
62020445,sitting,-0.0388,-0.9977,0.0093,0.8400,-3.5350,-0.1050
62020464,sitting,-0.0388,-0.9984,0.0098,0.8050,-3.4650,-0.0700
62020483,sitting,-0.0383,-0.9982,0.0100,0.8400,-3.5350,-0.0700
62020503,sitting,-0.0388,-0.9982,0.0102,0.8050,-3.5000,-0.0700
62020522,sitting,-0.0398,-0.9987,0.0102,0.8400,-3.4300,-0.0700
62020541,sitting,-0.0393,-0.9980,0.0105,0.8400,-3.4650,-0.0700
62020560,sitting,-0.0393,-0.9980,0.0105,0.8400,-3.5350,-0.0700
62020580,sitting,-0.0393,-0.9989,0.0100,0.8400,-3.5000,-0.0700
62020599,sitting,-0.0390,-0.9984,0.0112,0.8400,-3.5000,-0.0700
62020618,sitting,-0.0395,-0.9980,0.0090,0.8400,-3.5350,-0.0700
62020637,sitting,-0.0398,-0.9982,0.0098,0.8400,-3.5000,-0.1400
62020657,sitting,-0.0390,-0.9972,0.0095,0.8400,-3.5000,-0.0700
62020676,sitting,-0.0400,-0.9975,0.0098,0.8400,-3.5700,-0.1050
62020695,sitting,-0.0395,-0.9977,0.0105,0.8750,-3.5350,-0.0700
62020714,sitting,-0.0386,-0.9977,0.0110,0.8400,-3.4650,-0.0700
62020733,sitting,-0.0388,-0.9980,0.0105,0.8400,-3.5000,-0.0350
62020753,sitting,-0.0386,-0.9984,0.0098,0.8400,-3.5350,-0.1050
62020772,sitting,-0.0400,-0.9984,0.0110,0.9100,-3.5000,-0.0700
62020791,sitting,-0.0393,-0.9982,0.0112,0.8750,-3.5000,-0.0700
62020810,sitting,-0.0393,-0.9982,0.0095,0.8400,-3.5000,-0.0700
62020830,sitting,-0.0393,-0.9987,0.0107,0.8400,-3.5350,-0.0700
62020849,sitting,-0.0390,-0.9980,0.0102,0.8400,-3.5350,-0.0350
62020868,sitting,-0.0388,-0.9977,0.0110,0.9100,-3.5000,-0.0350
62020887,sitting,-0.0390,-0.9975,0.0098,0.8750,-3.5700,-0.1050
62020907,sitting,-0.0398,-0.9987,0.0095,0.8750,-3.4650,-0.0700
62020926,sitting,-0.0393,-0.9982,0.0100,0.8400,-3.5000,-0.1050
62020945,sitting,-0.0393,-0.9987,0.0110,0.8400,-3.5000,-0.0700
62020964,sitting,-0.0395,-0.9987,0.0110,0.8750,-3.5350,-0.0350
62020983,sitting,-0.0386,-0.9984,0.0110,0.8400,-3.5350,-0.0700
62021003,sitting,-0.0407,-0.9984,0.0102,0.8400,-3.5700,-0.1050
62021022,sitting,-0.0398,-0.9984,0.0105,0.8050,-3.5350,-0.1050
62021041,sitting,-0.0403,-0.9982,0.0102,0.8400,-3.5000,-0.0700
62021060,sitting,-0.0405,-0.9984,0.0102,0.8750,-3.5700,-0.0700
62021080,sitting,-0.0395,-0.9984,0.0107,0.8750,-3.5700,-0.0700
62021099,sitting,-0.0388,-0.9984,0.0100,0.8050,-3.4300,-0.1050
62021118,sitting,-0.0398,-0.9984,0.0107,0.8050,-3.5350,-0.0700
62021137,sitting,-0.0395,-0.9989,0.0100,0.8400,-3.5700,-0.0700
62021157,sitting,-0.0390,-0.9982,0.0093,0.8400,-3.4650,-0.1050
62021176,sitting,-0.0381,-0.9977,0.0100,0.8400,-3.5000,-0.0700
62021195,sitting,-0.0388,-0.9977,0.0107,0.8750,-3.5700,0.0000
62021214,sitting,-0.0398,-0.9980,0.0102,0.8400,-3.4650,-0.1050
62021233,sitting,-0.0395,-0.9975,0.0102,0.8750,-3.5000,-0.0350
62021253,sitting,-0.0393,-0.9982,0.0107,0.8750,-3.5000,-0.0700
62021272,sitting,-0.0395,-0.9984,0.0120,0.8400,-3.5350,-0.0700
62021291,sitting,-0.0398,-0.9980,0.0100,0.8750,-3.5000,-0.0350
62021310,sitting,-0.0398,-0.9989,0.0098,0.8400,-3.5000,-0.0700
62021330,sitting,-0.0388,-0.9987,0.0105,0.8400,-3.5000,-0.1050
62021349,sitting,-0.0390,-0.9980,0.0102,0.8750,-3.5000,-0.0700
62021368,sitting,-0.0395,-0.9980,0.0100,0.9100,-3.5000,-0.0700
62021387,sitting,-0.0386,-0.9984,0.0107,0.8750,-3.5700,-0.0700
62021407,sitting,-0.0383,-0.9987,0.0102,0.8400,-3.4650,-0.0700
62021426,sitting,-0.0407,-0.9982,0.0112,0.8400,-3.5000,-0.0700
62021445,sitting,-0.0405,-0.9980,0.0102,0.8050,-3.5700,-0.0700
62021464,sitting,-0.0400,-0.9987,0.0102,0.8750,-3.5350,-0.0350
62021483,sitting,-0.0398,-0.9975,0.0107,0.8400,-3.5350,-0.0700
62021503,sitting,-0.0390,-0.9980,0.0115,0.8400,-3.5700,-0.1050
62021522,sitting,-0.0398,-0.9980,0.0115,0.8400,-3.5700,-0.0350
62021541,sitting,-0.0390,-0.9989,0.0112,0.8400,-3.5000,-0.1050
62021560,sitting,-0.0400,-0.9977,0.0110,0.8750,-3.5000,-0.1050
62021580,sitting,-0.0393,-0.9980,0.0107,0.9100,-3.5700,-0.0700
62021599,sitting,-0.0390,-0.9992,0.0098,0.8400,-3.5000,-0.0700
62021618,sitting,-0.0388,-0.9980,0.0093,0.8400,-3.4650,-0.1050
62021637,sitting,-0.0388,-0.9984,0.0105,0.8400,-3.5350,-0.0350
62021657,sitting,-0.0393,-0.9987,0.0100,0.8750,-3.5350,-0.1050
62021676,sitting,-0.0390,-0.9984,0.0100,0.9100,-3.5000,-0.0700
62021695,sitting,-0.0390,-0.9987,0.0105,0.8750,-3.5350,-0.1050
62021714,sitting,-0.0395,-0.9972,0.0105,0.8400,-3.5000,-0.1050
62021733,sitting,-0.0388,-0.9977,0.0102,0.8400,-3.4650,-0.1050
62021753,sitting,-0.0390,-0.9980,0.0105,0.8400,-3.5350,-0.0350
62021772,sitting,-0.0386,-0.9987,0.0105,0.9100,-3.5700,-0.0700
62021791,sitting,-0.0390,-0.9989,0.0102,0.8400,-3.5350,-0.1400
62021810,sitting,-0.0393,-0.9967,0.0102,0.8400,-3.5000,-0.0700
62021830,sitting,-0.0395,-0.9982,0.0100,0.8750,-3.5700,-0.0350
62021849,sitting,-0.0393,-0.9984,0.0107,0.8400,-3.5700,-0.0700
62021868,sitting,-0.0390,-0.9980,0.0105,0.8400,-3.5000,-0.1050
62021887,sitting,-0.0390,-0.9980,0.0110,0.8400,-3.5700,-0.0700
62021907,sitting,-0.0378,-0.9982,0.0100,0.8400,-3.5000,-0.1050
62021926,sitting,-0.0393,-0.9980,0.0105,0.8400,-3.5000,-0.0700
62021945,sitting,-0.0378,-0.9987,0.0102,0.8400,-3.5000,-0.1050
62021964,sitting,-0.0393,-0.9989,0.0102,0.8400,-3.5350,-0.0350
62021983,sitting,-0.0395,-0.9977,0.0098,0.8400,-3.5000,-0.0700
62022003,sitting,-0.0398,-0.9975,0.0107,0.8400,-3.5000,-0.0700
62022022,sitting,-0.0405,-0.9977,0.0110,0.8400,-3.5000,-0.1050
62022041,sitting,-0.0395,-0.9977,0.0105,0.8050,-3.5350,-0.0700
62022060,sitting,-0.0386,-0.9987,0.0105,0.8400,-3.5350,-0.0700
62022080,sitting,-0.0405,-0.9972,0.0100,0.8750,-3.5700,-0.0700
62022099,sitting,-0.0405,-0.9980,0.0095,0.8400,-3.5350,-0.0700
62022118,sitting,-0.0398,-0.9982,0.0115,0.8400,-3.4650,-0.1050
62022137,sitting,-0.0395,-0.9980,0.0105,0.8750,-3.5700,-0.1400
62022157,sitting,-0.0395,-0.9980,0.0102,0.8750,-3.5000,-0.0700
62022176,sitting,-0.0390,-0.9984,0.0100,0.8750,-3.5350,-0.0700
62022195,sitting,-0.0388,-0.9977,0.0100,0.8400,-3.5350,-0.0700
62022214,sitting,-0.0398,-0.9980,0.0093,0.8400,-3.5000,-0.1050
62022233,sitting,-0.0395,-0.9982,0.0102,0.8750,-3.5000,-0.0700
62022253,sitting,-0.0393,-0.9987,0.0102,0.8400,-3.5700,-0.0700
62022272,sitting,-0.0398,-0.9984,0.0105,0.8750,-3.5350,-0.0700
62022291,sitting,-0.0381,-0.9975,0.0112,0.8750,-3.5000,-0.0700
62022310,sitting,-0.0390,-0.9980,0.0115,0.8400,-3.4650,-0.0700
62022330,sitting,-0.0395,-0.9989,0.0117,0.8750,-3.5350,-0.0700
62022349,sitting,-0.0405,-0.9982,0.0090,0.8400,-3.5700,-0.0700
62022368,sitting,-0.0393,-0.9975,0.0098,0.8400,-3.5000,-0.1050
62022387,sitting,-0.0390,-0.9977,0.0105,0.8750,-3.5000,-0.0350
62022407,sitting,-0.0395,-0.9972,0.0107,0.8050,-3.5350,-0.0700
62022426,sitting,-0.0403,-0.9977,0.0110,0.9100,-3.5700,-0.0700
62022445,sitting,-0.0386,-0.9982,0.0105,0.8400,-3.5000,-0.0700
62022464,sitting,-0.0398,-0.9977,0.0100,0.8400,-3.5350,-0.0700
62022483,sitting,-0.0383,-0.9984,0.0107,0.8750,-3.5350,-0.0700
62022503,sitting,-0.0393,-0.9982,0.0100,0.8400,-3.5000,-0.0700
62022522,sitting,-0.0388,-0.9980,0.0107,0.8750,-3.5700,-0.0700
62022541,sitting,-0.0390,-0.9980,0.0102,0.9100,-3.5700,-0.0700
62022560,sitting,-0.0395,-0.9984,0.0105,0.8400,-3.5000,-0.0700
62022580,sitting,-0.0395,-0.9977,0.0100,0.8400,-3.5000,-0.1050
62022599,sitting,-0.0390,-0.9992,0.0098,0.8750,-3.5000,-0.0700
62022618,sitting,-0.0378,-0.9984,0.0098,0.8400,-3.5000,-0.0700
62022637,sitting,-0.0383,-0.9980,0.0110,0.8400,-3.5000,0.0000
62022657,sitting,-0.0398,-0.9984,0.0107,0.8400,-3.5700,-0.1050
62022676,sitting,-0.0393,-0.9980,0.0110,0.8400,-3.5350,-0.0700
62022695,sitting,-0.0395,-0.9980,0.0102,0.8400,-3.5000,-0.0700
62022714,sitting,-0.0390,-0.9984,0.0095,0.8400,-3.6050,-0.0700
62022733,sitting,-0.0398,-0.9982,0.0095,0.8400,-3.5350,-0.0700
62022753,sitting,-0.0400,-0.9982,0.0102,0.8400,-3.5350,-0.0700
62022772,sitting,-0.0383,-0.9975,0.0105,0.8400,-3.5350,-0.0700
62022791,sitting,-0.0393,-0.9992,0.0107,0.8750,-3.5350,-0.1050
62022810,sitting,-0.0390,-0.9992,0.0102,0.8750,-3.5000,-0.0700
62022830,sitting,-0.0393,-0.9984,0.0110,0.8400,-3.5350,-0.1050
62022849,sitting,-0.0398,-0.9984,0.0095,0.8750,-3.5700,-0.0700
62022868,sitting,-0.0398,-0.9980,0.0105,0.8400,-3.5700,-0.1050
62022887,sitting,-0.0400,-0.9982,0.0100,0.8400,-3.5350,-0.0700
62022907,sitting,-0.0393,-0.9989,0.0105,0.8750,-3.5700,-0.0700
62022926,sitting,-0.0393,-0.9980,0.0105,0.8750,-3.5700,-0.0350
62022945,sitting,-0.0388,-0.9980,0.0098,0.8400,-3.5000,-0.1050
62022964,sitting,-0.0395,-0.9989,0.0105,0.8400,-3.5700,-0.0700
62022983,sitting,-0.0388,-0.9980,0.0102,0.8400,-3.5700,-0.0350
62023003,sitting,-0.0393,-0.9980,0.0100,0.8400,-3.5000,-0.0700
62023022,sitting,-0.0393,-0.9987,0.0098,0.8750,-3.5700,0.0000
62023041,sitting,-0.0390,-0.9980,0.0107,0.8400,-3.5350,-0.1050
62023060,sitting,-0.0395,-0.9984,0.0105,0.8400,-3.5000,-0.0700
62023080,sitting,-0.0395,-0.9980,0.0095,0.8400,-3.5000,-0.0350
62023099,sitting,-0.0398,-0.9984,0.0107,0.8400,-3.5350,-0.0700
62023118,sitting,-0.0400,-0.9982,0.0102,0.8750,-3.5000,0.0000
62023137,sitting,-0.0395,-0.9982,0.0110,0.8400,-3.5000,-0.1050
62023157,sitting,-0.0395,-0.9984,0.0110,0.8750,-3.5000,-0.0700
62023176,sitting,-0.0393,-0.9987,0.0105,0.8750,-3.5700,-0.0700
62023195,sitting,-0.0393,-0.9982,0.0112,0.8400,-3.5000,-0.0700
62023214,sitting,-0.0386,-0.9980,0.0098,0.8400,-3.5350,-0.0700
62023233,sitting,-0.0381,-0.9987,0.0098,0.8400,-3.5700,-0.0700
62023253,sitting,-0.0393,-0.9977,0.0105,0.8400,-3.5000,-0.1050
62023272,sitting,-0.0381,-0.9975,0.0102,0.8750,-3.5350,-0.1050
62023291,sitting,-0.0403,-0.9982,0.0098,0.8750,-3.5350,-0.0700
62023310,sitting,-0.0400,-0.9982,0.0107,0.8400,-3.5350,-0.0700
62023330,sitting,-0.0398,-0.9977,0.0107,0.8400,-3.5000,-0.1050
62023349,sitting,-0.0393,-0.9987,0.0098,0.8400,-3.6050,-0.1050
62023368,sitting,-0.0393,-0.9992,0.0102,0.8750,-3.5700,-0.0350
62023387,sitting,-0.0393,-0.9994,0.0107,0.8400,-3.4650,-0.0700
62023407,sitting,-0.0390,-0.9982,0.0105,0.8750,-3.5350,-0.0700
62023426,sitting,-0.0395,-0.9987,0.0112,0.8400,-3.5350,-0.0700
62023445,sitting,-0.0398,-0.9987,0.0105,0.8050,-3.5000,-0.0350
62023464,sitting,-0.0398,-0.9984,0.0112,0.8400,-3.5350,-0.0700
62023483,sitting,-0.0393,-0.9977,0.0107,0.8400,-3.5700,-0.0700
62023503,sitting,-0.0398,-0.9984,0.0105,0.8400,-3.5000,-0.0700
62023522,sitting,-0.0398,-0.9980,0.0105,0.8400,-3.5000,0.0000
62023541,sitting,-0.0398,-0.9984,0.0105,0.8400,-3.4650,-0.0700
62023560,sitting,-0.0388,-0.9982,0.0100,0.8750,-3.5700,-0.0350
62023580,sitting,-0.0395,-0.9987,0.0102,0.8050,-3.5000,-0.0700
62023599,sitting,-0.0388,-0.9982,0.0110,0.8750,-3.5350,-0.0700
62023618,sitting,-0.0395,-0.9975,0.0102,0.8750,-3.5700,-0.0700
62023637,sitting,-0.0388,-0.9980,0.0098,0.8750,-3.5700,-0.0350
62023657,sitting,-0.0390,-0.9987,0.0107,0.8400,-3.5350,-0.0700
62023676,sitting,-0.0398,-0.9977,0.0105,0.8400,-3.5350,-0.0700
62023695,sitting,-0.0395,-0.9975,0.0112,0.8400,-3.5350,-0.1050
62023714,sitting,-0.0395,-0.9984,0.0110,0.8400,-3.5000,-0.0350
62023733,sitting,-0.0400,-0.9977,0.0107,0.8400,-3.5700,-0.0350
62023753,sitting,-0.0398,-0.9972,0.0107,0.8400,-3.5350,-0.0700
62023772,sitting,-0.0395,-0.9982,0.0102,0.8400,-3.5000,-0.0700
62023791,sitting,-0.0388,-0.9982,0.0100,0.8400,-3.5350,-0.0700
62023810,sitting,-0.0386,-0.9980,0.0105,0.8400,-3.5700,-0.0700
62023830,sitting,-0.0395,-0.9984,0.0105,0.8400,-3.5000,-0.0700
62023849,sitting,-0.0398,-0.9984,0.0102,0.8400,-3.5350,-0.0700
62023868,sitting,-0.0395,-0.9977,0.0105,0.8750,-3.5700,-0.0350
62023887,sitting,-0.0393,-0.9989,0.0100,0.8400,-3.5350,-0.0350
62023907,sitting,-0.0395,-0.9997,0.0098,0.8400,-3.5350,-0.0700
62023926,sitting,-0.0398,-0.9984,0.0102,0.9100,-3.5350,-0.0700
62023945,sitting,-0.0390,-0.9977,0.0115,0.8750,-3.5350,-0.1050
62023964,sitting,-0.0400,-0.9987,0.0105,0.8400,-3.5000,-0.0700
62023983,sitting,-0.0400,-0.9989,0.0105,0.9100,-3.5350,-0.0350
62024003,sitting,-0.0403,-0.9984,0.0112,0.8750,-3.5350,-0.0350
62024022,sitting,-0.0390,-0.9982,0.0098,0.8750,-3.5000,-0.0350
62024041,sitting,-0.0393,-0.9982,0.0102,0.8400,-3.5000,-0.0700
62024060,sitting,-0.0390,-0.9994,0.0100,0.8750,-3.5700,-0.1050
62024080,sitting,-0.0390,-0.9984,0.0095,0.8750,-3.5350,-0.0350
62024099,sitting,-0.0395,-0.9980,0.0093,0.8750,-3.5000,-0.0350
62024118,sitting,-0.0393,-0.9982,0.0098,0.8750,-3.5350,-0.0700
62024137,sitting,-0.0398,-0.9984,0.0102,0.8750,-3.5000,-0.0700
62024157,sitting,-0.0386,-0.9982,0.0098,0.8400,-3.5000,-0.0700
62024176,sitting,-0.0398,-0.9982,0.0100,0.8400,-3.5350,-0.0700
62024195,sitting,-0.0383,-0.9982,0.0095,0.8750,-3.5000,-0.0700
62024214,sitting,-0.0390,-0.9984,0.0110,0.8050,-3.5000,-0.0700
62024233,sitting,-0.0393,-0.9975,0.0100,0.8750,-3.5000,-0.0350
62024253,sitting,-0.0390,-0.9972,0.0105,0.8400,-3.5700,-0.0700
62024272,sitting,-0.0393,-0.9980,0.0110,0.8400,-3.5350,-0.0700
62024291,sitting,-0.0388,-0.9972,0.0105,0.8750,-3.5000,-0.1050
62024310,sitting,-0.0390,-0.9982,0.0095,0.8400,-3.5350,-0.0350
62024330,sitting,-0.0393,-0.9982,0.0105,0.8750,-3.5350,-0.0700
62024349,sitting,-0.0386,-0.9984,0.0105,0.8750,-3.5000,-0.1050
62024368,sitting,-0.0393,-0.9980,0.0107,0.8400,-3.5700,-0.0700
62024387,sitting,-0.0398,-0.9977,0.0100,0.8400,-3.5000,-0.1050
62024407,sitting,-0.0386,-0.9977,0.0100,0.7700,-3.4650,-0.0700
62024426,sitting,-0.0395,-0.9980,0.0098,0.8750,-3.5000,-0.1050
62024445,sitting,-0.0388,-0.9982,0.0105,0.8750,-3.5000,-0.0700
62024464,sitting,-0.0398,-0.9987,0.0115,0.8400,-3.5000,-0.0700
62024483,sitting,-0.0393,-0.9989,0.0098,0.8400,-3.5000,-0.0700
62024503,sitting,-0.0393,-0.9994,0.0107,0.8750,-3.5350,-0.0700
62024522,sitting,-0.0388,-0.9980,0.0095,0.8400,-3.5350,-0.0700
62024541,sitting,-0.0393,-0.9984,0.0095,0.8400,-3.4650,-0.0700
62024560,sitting,-0.0398,-0.9980,0.0098,0.8400,-3.5700,-0.0700
62024580,sitting,-0.0398,-0.9977,0.0105,0.8750,-3.6400,0.0000
62024599,sitting,-0.0390,-0.9984,0.0098,0.8400,-3.5350,-0.0700
62024618,sitting,-0.0388,-0.9980,0.0093,0.8400,-3.4650,-0.1400
62024637,sitting,-0.0388,-0.9980,0.0100,0.8400,-3.5700,-0.0700
62024657,sitting,-0.0386,-0.9984,0.0098,0.8400,-3.5350,-0.0700
62024676,sitting,-0.0395,-0.9982,0.0110,0.8400,-3.5350,-0.0700
62024695,sitting,-0.0390,-0.9984,0.0105,0.8750,-3.5350,-0.0700
62024714,sitting,-0.0393,-0.9982,0.0100,0.8400,-3.5000,-0.1050
62024733,sitting,-0.0386,-0.9987,0.0102,0.8750,-3.5000,-0.1050
62024753,sitting,-0.0398,-0.9980,0.0110,0.8750,-3.5350,-0.0700
62024772,sitting,-0.0393,-0.9980,0.0102,0.8750,-3.5350,-0.0700
62024791,sitting,-0.0388,-0.9972,0.0105,0.8400,-3.5000,-0.0700
62024810,sitting,-0.0393,-0.9989,0.0105,0.8750,-3.5350,0.0000
62024830,sitting,-0.0395,-0.9987,0.0100,0.8400,-3.5350,-0.0700
62024849,sitting,-0.0400,-0.9975,0.0107,0.8750,-3.5000,-0.0700
62024868,sitting,-0.0395,-0.9982,0.0102,0.8750,-3.5350,-0.0700
62024887,sitting,-0.0390,-0.9984,0.0107,0.8400,-3.5700,-0.0700
62024907,sitting,-0.0403,-0.9987,0.0102,0.8400,-3.5350,-0.1050
62024926,sitting,-0.0388,-0.9987,0.0102,0.8400,-3.5000,-0.1400
62024945,sitting,-0.0383,-0.9992,0.0110,0.8750,-3.5350,-0.1050
62024964,sitting,-0.0398,-0.9994,0.0110,0.8050,-3.5350,-0.1050
62024983,sitting,-0.0393,-0.9987,0.0107,0.8400,-3.5000,-0.0700
62025003,sitting,-0.0388,-0.9987,0.0100,0.9100,-3.5700,-0.0700
62025022,sitting,-0.0403,-0.9987,0.0112,0.8750,-3.5700,-0.1050
62025041,sitting,-0.0386,-0.9982,0.0107,0.8400,-3.5000,-0.0700
62025060,sitting,-0.0393,-0.9977,0.0110,0.8400,-3.5350,-0.0350
62025080,sitting,-0.0395,-0.9975,0.0107,0.8750,-3.5700,-0.0700
62025099,sitting,-0.0398,-0.9982,0.0098,0.8400,-3.5000,-0.0700
62025118,sitting,-0.0390,-0.9982,0.0093,0.9100,-3.5350,-0.0700
62025137,sitting,-0.0398,-0.9977,0.0100,0.9100,-3.6050,-0.0350
62025157,sitting,-0.0395,-0.9992,0.0100,0.8400,-3.5350,-0.0350
62025176,sitting,-0.0398,-0.9992,0.0100,0.8750,-3.5000,-0.0700
62025195,sitting,-0.0386,-0.9984,0.0098,0.8400,-3.5700,-0.0700
62025214,sitting,-0.0390,-0.9984,0.0110,0.8750,-3.5350,0.0000
62025233,sitting,-0.0398,-0.9980,0.0095,0.8750,-3.5700,-0.0700
62025253,sitting,-0.0390,-0.9989,0.0105,0.8400,-3.5000,-0.0700
62025272,sitting,-0.0388,-0.9980,0.0107,0.8750,-3.5700,-0.0700
62025291,sitting,-0.0400,-0.9987,0.0107,0.8050,-3.5350,-0.0700
62025310,sitting,-0.0393,-0.9984,0.0107,0.8400,-3.4650,-0.0700
62025330,sitting,-0.0386,-0.9982,0.0095,0.8400,-3.5000,-0.0700
62025349,sitting,-0.0381,-0.9982,0.0102,0.8400,-3.5350,-0.0700
62025368,sitting,-0.0386,-0.9989,0.0105,0.8400,-3.5350,-0.0350
62025387,sitting,-0.0393,-0.9982,0.0107,0.8750,-3.5000,-0.0700
62025407,sitting,-0.0386,-0.9992,0.0085,0.8400,-3.5350,-0.0700
62025426,sitting,-0.0395,-0.9984,0.0090,0.8400,-3.5000,-0.1050
62025445,sitting,-0.0395,-0.9982,0.0093,0.8750,-3.5350,-0.0700
62025464,sitting,-0.0390,-0.9989,0.0110,0.8750,-3.5350,-0.0350
62025483,sitting,-0.0390,-0.9984,0.0112,0.8400,-3.5350,-0.0700
62025503,sitting,-0.0393,-0.9984,0.0100,0.8400,-3.5000,-0.0350
62025522,sitting,-0.0395,-0.9982,0.0102,0.8400,-3.5000,-0.0700
62025541,sitting,-0.0395,-0.9982,0.0107,0.8750,-3.5350,-0.1050
62025560,sitting,-0.0386,-0.9975,0.0107,0.8400,-3.5700,-0.0700
62025580,sitting,-0.0388,-0.9984,0.0107,0.8400,-3.5700,-0.0700
62025599,sitting,-0.0383,-0.9982,0.0105,0.8400,-3.5350,-0.0700
62025618,sitting,-0.0395,-0.9982,0.0107,0.8400,-3.5000,-0.0700
62025637,sitting,-0.0388,-0.9989,0.0102,0.8750,-3.5000,-0.0700
62025657,sitting,-0.0388,-0.9992,0.0107,0.8400,-3.5700,0.0000
62025676,sitting,-0.0405,-0.9989,0.0107,0.8400,-3.5350,-0.0350
62025695,sitting,-0.0398,-0.9984,0.0093,0.8750,-3.5350,-0.0700
62025714,sitting,-0.0403,-0.9984,0.0112,0.9100,-3.6050,-0.0350
62025733,sitting,-0.0398,-0.9975,0.0112,0.8750,-3.5350,-0.0700
62025753,sitting,-0.0398,-0.9977,0.0115,0.8750,-3.5000,-0.0700
62025772,sitting,-0.0386,-0.9982,0.0112,0.8400,-3.5700,-0.0700
62025791,sitting,-0.0395,-0.9987,0.0093,0.8400,-3.5350,-0.0700
62025810,sitting,-0.0383,-0.9980,0.0098,0.8400,-3.5700,-0.0350
62025830,sitting,-0.0388,-0.9975,0.0107,0.8750,-3.5700,-0.0350
62025849,sitting,-0.0390,-0.9989,0.0100,0.8750,-3.5700,-0.0700
62025868,sitting,-0.0398,-0.9987,0.0110,0.8750,-3.5000,-0.0700
62025887,sitting,-0.0390,-0.9975,0.0105,0.9100,-3.5350,-0.0700
62025907,sitting,-0.0393,-0.9984,0.0100,0.9100,-3.5350,-0.0700
62025926,sitting,-0.0388,-0.9980,0.0100,0.8400,-3.5000,-0.0350
62025945,sitting,-0.0388,-0.9984,0.0112,0.8400,-3.5000,-0.0700
62025964,sitting,-0.0400,-0.9987,0.0107,0.9100,-3.5350,-0.0700
62025983,sitting,-0.0388,-0.9987,0.0095,0.8400,-3.5000,-0.0700
62026003,sitting,-0.0386,-0.9987,0.0105,0.8400,-3.5000,-0.0700
62026022,sitting,-0.0403,-0.9987,0.0100,0.8750,-3.5700,-0.0700
62026041,sitting,-0.0388,-0.9987,0.0098,0.8750,-3.5700,-0.0700
62026060,sitting,-0.0393,-0.9980,0.0100,0.9100,-3.5000,0.0000
62026080,sitting,-0.0386,-0.9982,0.0100,0.8400,-3.5350,-0.0700
62026099,sitting,-0.0398,-0.9980,0.0102,0.9100,-3.5350,-0.0350
62026118,sitting,-0.0388,-0.9987,0.0102,0.8750,-3.5000,-0.0700
62026137,sitting,-0.0398,-0.9975,0.0100,0.8750,-3.5350,-0.0700
62026157,sitting,-0.0393,-0.9989,0.0098,0.9100,-3.5700,-0.0700
62026176,sitting,-0.0393,-0.9980,0.0102,0.8400,-3.5700,-0.0350
62026195,sitting,-0.0403,-0.9984,0.0098,0.8750,-3.5350,-0.0700
62026214,sitting,-0.0403,-0.9984,0.0100,0.8400,-3.5350,-0.1400
62026233,sitting,-0.0383,-0.9984,0.0110,0.9100,-3.5700,-0.0700
62026253,sitting,-0.0386,-0.9987,0.0107,0.8050,-3.5350,-0.1050
62026272,sitting,-0.0386,-0.9982,0.0100,0.8400,-3.5350,-0.0700
62026291,sitting,-0.0400,-0.9989,0.0098,0.8400,-3.5350,0.0000
62026310,sitting,-0.0400,-0.9980,0.0098,0.8400,-3.5000,-0.0350
62026330,sitting,-0.0393,-0.9980,0.0098,0.8400,-3.5000,-0.0700
62026349,sitting,-0.0393,-0.9972,0.0107,0.8750,-3.5000,-0.0350
62026368,sitting,-0.0393,-0.9975,0.0110,0.8750,-3.5000,-0.0700
62026387,sitting,-0.0395,-0.9987,0.0112,0.8400,-3.5350,-0.0350
62026407,sitting,-0.0390,-0.9994,0.0107,0.9100,-3.5350,-0.0700
62026426,sitting,-0.0395,-0.9980,0.0115,0.8400,-3.5350,-0.0350
62026445,sitting,-0.0390,-0.9977,0.0102,0.8400,-3.5000,-0.0700
62026464,sitting,-0.0388,-0.9980,0.0100,0.8400,-3.5350,-0.0700
62026483,sitting,-0.0395,-0.9984,0.0107,0.8050,-3.5350,-0.0700
62026503,sitting,-0.0386,-0.9992,0.0102,0.8400,-3.4650,-0.1050
62026522,sitting,-0.0390,-0.9982,0.0105,0.8400,-3.5350,-0.0700
62026541,sitting,-0.0403,-0.9984,0.0098,0.8400,-3.6050,-0.0700
62026560,sitting,-0.0403,-0.9980,0.0100,0.8400,-3.5350,-0.0700
62026580,sitting,-0.0403,-0.9980,0.0107,0.8400,-3.5350,-0.0700
62026599,sitting,-0.0400,-0.9987,0.0107,0.9100,-3.5700,-0.1050
62026618,sitting,-0.0395,-0.9982,0.0100,0.8400,-3.5700,-0.0700
62026637,sitting,-0.0403,-0.9989,0.0095,0.8400,-3.5350,-0.0350
62026657,sitting,-0.0390,-0.9992,0.0107,0.8750,-3.5350,-0.0700
62026676,sitting,-0.0381,-0.9982,0.0098,0.8400,-3.5350,-0.0700
62026695,sitting,-0.0410,-0.9989,0.0093,0.8400,-3.5000,-0.0700
62026714,sitting,-0.0390,-0.9980,0.0100,0.8750,-3.5350,-0.0700
62026733,sitting,-0.0398,-0.9987,0.0098,0.8400,-3.5000,-0.0700
62026753,sitting,-0.0393,-0.9977,0.0100,0.8400,-3.5000,-0.0700
62026772,sitting,-0.0395,-0.9984,0.0110,0.8400,-3.5350,0.0000
62026791,sitting,-0.0403,-0.9980,0.0098,0.8750,-3.5000,-0.0700
62026810,sitting,-0.0390,-0.9994,0.0102,0.8400,-3.5000,-0.1050
62026830,sitting,-0.0388,-0.9989,0.0102,0.8400,-3.5350,-0.0350
62026849,sitting,-0.0388,-0.9989,0.0102,0.8750,-3.5700,-0.0350
62026868,sitting,-0.0386,-0.9987,0.0102,0.9100,-3.5700,-0.0350
62026887,sitting,-0.0410,-0.9980,0.0110,0.8750,-3.5000,-0.0700
62026907,sitting,-0.0393,-0.9975,0.0095,0.8750,-3.5700,-0.0350
62026926,sitting,-0.0398,-0.9977,0.0100,0.8750,-3.5700,-0.0350
62026945,sitting,-0.0388,-0.9989,0.0100,0.8400,-3.5350,-0.0700
62026964,sitting,-0.0400,-0.9982,0.0095,0.8750,-3.5350,-0.0700
62026983,sitting,-0.0381,-0.9984,0.0095,0.8750,-3.5700,-0.0700
62027003,sitting,-0.0400,-0.9977,0.0107,0.8400,-3.4650,-0.0700
62027022,sitting,-0.0395,-0.9984,0.0098,0.8400,-3.5000,-0.1050
62027041,sitting,-0.0415,-0.9977,0.0105,0.8400,-3.5350,-0.0700
62027060,sitting,-0.0383,-0.9987,0.0107,0.8400,-3.5350,-0.0700
62027080,sitting,-0.0403,-0.9982,0.0107,0.8750,-3.5350,-0.0700
62027099,sitting,-0.0376,-0.9994,0.0093,0.8400,-3.5350,-0.0700
62027118,sitting,-0.0395,-0.9975,0.0093,0.8400,-3.5350,-0.0700
62027137,sitting,-0.0388,-0.9989,0.0102,0.8400,-3.4650,-0.0700
62027157,sitting,-0.0400,-0.9972,0.0102,0.8400,-3.5700,-0.0350
62027176,sitting,-0.0395,-0.9984,0.0098,0.8750,-3.5700,-0.0700
62027195,sitting,-0.0398,-0.9980,0.0095,0.8400,-3.5000,-0.0700
62027214,sitting,-0.0390,-0.9984,0.0105,0.8050,-3.5000,-0.1050
62027233,sitting,-0.0393,-0.9984,0.0102,0.8400,-3.5700,-0.1050
62027253,sitting,-0.0386,-0.9980,0.0090,0.8750,-3.5700,-0.0700
62027272,sitting,-0.0393,-0.9970,0.0110,0.8050,-3.5000,-0.1050
62027291,sitting,-0.0390,-0.9984,0.0100,0.8050,-3.5700,-0.0700
62027310,sitting,-0.0383,-0.9977,0.0105,0.8400,-3.5700,-0.0700
62027330,sitting,-0.0398,-0.9980,0.0095,0.8400,-3.5350,-0.1050
62027349,sitting,-0.0393,-0.9980,0.0102,0.8750,-3.5350,-0.0700
62027368,sitting,-0.0390,-0.9982,0.0098,0.8750,-3.5700,-0.1050
62027387,sitting,-0.0390,-0.9984,0.0093,0.8400,-3.5000,-0.0700
62027407,sitting,-0.0400,-0.9980,0.0102,0.8750,-3.5000,-0.0350
62027426,sitting,-0.0381,-0.9982,0.0110,0.8750,-3.5350,-0.1050
62027445,sitting,-0.0395,-0.9980,0.0107,0.8400,-3.5000,-0.0700
62027464,sitting,-0.0381,-0.9984,0.0085,0.8750,-3.5000,-0.0350
62027483,sitting,-0.0400,-0.9977,0.0107,0.8750,-3.5350,-0.1050
62027503,sitting,-0.0398,-0.9980,0.0112,0.8400,-3.5350,-0.0700
62027522,sitting,-0.0388,-0.9982,0.0102,0.8400,-3.5000,-0.1400
62027541,sitting,-0.0395,-0.9977,0.0098,0.9100,-3.5700,-0.0700
62027560,sitting,-0.0390,-0.9975,0.0112,0.8400,-3.5000,-0.0700
62027580,sitting,-0.0400,-0.9984,0.0112,0.8400,-3.4650,-0.1400
62027599,sitting,-0.0378,-0.9989,0.0100,0.8400,-3.5350,-0.1050
62027618,sitting,-0.0390,-0.9984,0.0107,0.8750,-3.5350,-0.1050
62027637,sitting,-0.0386,-0.9982,0.0110,0.8050,-3.5000,-0.1050
62027657,sitting,-0.0398,-0.9992,0.0100,0.8400,-3.5350,0.0000
62027676,sitting,-0.0376,-0.9984,0.0100,0.8400,-3.5000,-0.0700
62027695,sitting,-0.0405,-0.9992,0.0110,0.8400,-3.5000,-0.0700
62027714,sitting,-0.0388,-0.9977,0.0115,0.8400,-3.5350,-0.0700
62027733,sitting,-0.0400,-0.9977,0.0110,0.8400,-3.5700,-0.0700
62027753,sitting,-0.0393,-0.9984,0.0107,0.8750,-3.5350,-0.0350
62027772,sitting,-0.0390,-0.9980,0.0100,0.8400,-3.4650,-0.0700
62027791,sitting,-0.0393,-0.9982,0.0093,0.8400,-3.4650,-0.0700
62027810,sitting,-0.0390,-0.9987,0.0100,0.8400,-3.5350,-0.0350
62027830,sitting,-0.0388,-0.9982,0.0107,0.8400,-3.5350,-0.0700
62027849,sitting,-0.0395,-0.9982,0.0107,0.8400,-3.5000,-0.0700
62027868,sitting,-0.0405,-0.9977,0.0105,0.8400,-3.5700,-0.0700
62027887,sitting,-0.0395,-0.9975,0.0102,0.8400,-3.5350,-0.0700
62027907,sitting,-0.0388,-0.9980,0.0098,0.8400,-3.5000,-0.1050
62027926,sitting,-0.0386,-0.9977,0.0102,0.9100,-3.5700,0.0000
62027945,sitting,-0.0398,-0.9980,0.0098,0.9100,-3.5700,-0.0700
62027964,sitting,-0.0407,-0.9980,0.0107,0.8750,-3.5000,-0.1050
62027983,sitting,-0.0400,-0.9972,0.0120,0.8750,-3.5000,-0.0700
62028003,sitting,-0.0393,-0.9980,0.0100,0.8750,-3.5350,-0.0700
62028022,sitting,-0.0405,-0.9992,0.0095,0.8750,-3.5350,-0.0700
62028041,sitting,-0.0393,-0.9977,0.0093,0.8400,-3.5350,-0.1050
62028060,sitting,-0.0393,-0.9975,0.0095,0.8750,-3.5350,-0.0700
62028080,sitting,-0.0403,-0.9977,0.0105,0.8400,-3.5000,-0.0700
62028099,sitting,-0.0381,-0.9977,0.0102,0.8400,-3.5350,-0.0700
62028118,sitting,-0.0393,-0.9984,0.0100,0.8400,-3.5350,-0.0700
62028137,sitting,-0.0393,-0.9977,0.0093,0.8400,-3.5350,-0.0700
62028157,sitting,-0.0393,-0.9972,0.0100,0.8400,-3.5000,-0.0700
62028176,sitting,-0.0395,-0.9982,0.0112,0.8750,-3.5350,-0.0700
62028195,sitting,-0.0386,-0.9982,0.0105,0.8750,-3.5350,-0.0700
62028214,sitting,-0.0400,-0.9982,0.0095,0.8400,-3.4650,-0.0700
62028233,sitting,-0.0388,-0.9987,0.0107,0.8750,-3.5350,-0.0700
62028253,sitting,-0.0393,-0.9975,0.0095,0.8400,-3.5350,-0.0350
62028272,sitting,-0.0390,-0.9977,0.0100,0.8050,-3.5000,-0.0700
62028291,sitting,-0.0400,-0.9982,0.0098,0.8400,-3.4650,-0.0700
62028310,sitting,-0.0386,-0.9992,0.0098,0.9100,-3.5350,-0.0350
62028330,sitting,-0.0388,-0.9984,0.0102,0.8750,-3.5350,-0.0700
62028349,sitting,-0.0400,-0.9992,0.0093,0.8400,-3.5700,-0.0350
62028368,sitting,-0.0398,-0.9984,0.0093,0.8400,-3.5350,0.0000
62028387,sitting,-0.0395,-0.9984,0.0100,0.8400,-3.5000,-0.0700
62028407,sitting,-0.0395,-0.9980,0.0095,0.8750,-3.5000,-0.0350
62028426,sitting,-0.0405,-0.9987,0.0100,0.8400,-3.5700,-0.0350
62028445,sitting,-0.0405,-0.9972,0.0105,0.8750,-3.5700,-0.0700
62028464,sitting,-0.0400,-0.9980,0.0102,0.8400,-3.5000,-0.0700
62028483,sitting,-0.0388,-0.9989,0.0100,0.8750,-3.5000,-0.0350
62028503,sitting,-0.0395,-0.9982,0.0105,0.8750,-3.5350,-0.0700
62028522,sitting,-0.0383,-0.9980,0.0095,0.8400,-3.5000,-0.0700
62028541,sitting,-0.0388,-0.9980,0.0090,0.8400,-3.5000,-0.0350
62028560,sitting,-0.0395,-0.9987,0.0112,0.8400,-3.5350,-0.0700
62028580,sitting,-0.0398,-0.9980,0.0102,0.9100,-3.5350,0.0000
62028599,sitting,-0.0378,-0.9980,0.0107,0.8050,-3.5000,-0.0700
62028618,sitting,-0.0390,-0.9977,0.0107,0.8400,-3.5700,-0.1050
62028637,sitting,-0.0381,-0.9982,0.0105,0.8750,-3.5700,-0.0700
62028657,sitting,-0.0388,-0.9977,0.0110,0.8400,-3.5000,-0.0350
62028676,sitting,-0.0383,-0.9977,0.0105,0.8400,-3.5350,-0.0700
62028695,sitting,-0.0388,-0.9977,0.0100,0.8400,-3.5350,-0.0700
62028714,sitting,-0.0386,-0.9984,0.0100,0.8400,-3.5350,-0.0700
62028733,sitting,-0.0398,-0.9982,0.0110,0.8750,-3.5000,-0.0700
62028753,sitting,-0.0390,-0.9980,0.0100,0.8750,-3.5350,-0.0700
62028772,sitting,-0.0388,-0.9982,0.0105,0.8750,-3.5700,-0.0700
62028791,sitting,-0.0403,-0.9984,0.0107,0.8400,-3.5000,-0.1400
62028810,sitting,-0.0398,-0.9982,0.0110,0.8750,-3.5000,-0.0700
62028830,sitting,-0.0388,-0.9977,0.0110,0.8400,-3.5700,-0.0700
62028849,sitting,-0.0398,-0.9984,0.0110,0.8400,-3.5000,-0.0350
62028868,sitting,-0.0398,-0.9980,0.0110,0.8400,-3.5350,-0.0700
62028887,sitting,-0.0386,-0.9984,0.0107,0.8400,-3.5700,-0.0700
62028907,sitting,-0.0390,-0.9987,0.0107,0.8400,-3.5000,-0.1400
62028926,sitting,-0.0395,-0.9989,0.0098,0.8400,-3.5350,-0.0700
62028945,sitting,-0.0395,-0.9992,0.0100,0.8400,-3.5000,-0.0700
62028964,sitting,-0.0388,-0.9982,0.0105,0.9100,-3.5700,0.0000
62028983,sitting,-0.0395,-0.9982,0.0098,0.8400,-3.4650,-0.0700
62029003,sitting,-0.0388,-0.9980,0.0100,0.8400,-3.5350,-0.0700
62029022,sitting,-0.0386,-0.9972,0.0120,0.8400,-3.5700,-0.0700
62029041,sitting,-0.0393,-0.9972,0.0105,0.8400,-3.5000,-0.0700
62029060,sitting,-0.0393,-0.9984,0.0105,0.8050,-3.5350,-0.0700
62029080,sitting,-0.0400,-0.9984,0.0105,0.8750,-3.5350,-0.0700
62029099,sitting,-0.0393,-0.9987,0.0107,0.8400,-3.5350,-0.0700
62029118,sitting,-0.0393,-0.9992,0.0102,0.8050,-3.5000,-0.0700
62029137,sitting,-0.0390,-0.9984,0.0105,0.8750,-3.5700,-0.0700
62029157,sitting,-0.0393,-0.9977,0.0098,0.8400,-3.5350,-0.0700
62029176,sitting,-0.0383,-0.9980,0.0098,0.8750,-3.5350,-0.1050
62029195,sitting,-0.0393,-0.9987,0.0100,0.8400,-3.5350,-0.0350
62029214,sitting,-0.0373,-0.9977,0.0107,0.8750,-3.5350,-0.1050
62029233,sitting,-0.0395,-0.9982,0.0112,0.8400,-3.5000,-0.0700
62029253,sitting,-0.0381,-0.9982,0.0110,0.8400,-3.5350,-0.0700
62029272,sitting,-0.0390,-0.9982,0.0102,0.8400,-3.5700,-0.0700
62029291,sitting,-0.0376,-0.9980,0.0110,0.8750,-3.5000,-0.0700
62029310,sitting,-0.0390,-0.9987,0.0110,0.8750,-3.5000,-0.0700
62029330,sitting,-0.0395,-0.9980,0.0107,0.8750,-3.5700,-0.0700
62029349,sitting,-0.0398,-0.9975,0.0102,0.8400,-3.5350,-0.0350
62029368,sitting,-0.0393,-0.9980,0.0098,0.8050,-3.5350,-0.0700
62029387,sitting,-0.0395,-0.9980,0.0105,0.8750,-3.5350,-0.0350
62029407,sitting,-0.0398,-0.9972,0.0107,0.8400,-3.4650,-0.0700
62029426,sitting,-0.0400,-0.9977,0.0112,0.8400,-3.5350,-0.0700
62029445,sitting,-0.0398,-0.9987,0.0085,0.8400,-3.5700,0.0000
62029464,sitting,-0.0390,-0.9982,0.0093,0.9100,-3.5700,-0.0700
62029483,sitting,-0.0400,-0.9977,0.0102,0.8400,-3.5350,-0.0700
62029503,sitting,-0.0395,-0.9972,0.0107,0.8050,-3.5350,-0.1050
62029522,sitting,-0.0400,-0.9980,0.0107,0.8750,-3.5700,-0.0700
62029541,sitting,-0.0393,-0.9977,0.0112,0.8750,-3.5700,-0.0700
62029560,sitting,-0.0400,-0.9977,0.0090,0.8750,-3.5350,-0.0700
62029580,sitting,-0.0390,-0.9977,0.0105,0.8750,-3.5350,-0.0700
62029599,sitting,-0.0395,-0.9980,0.0110,0.8750,-3.5350,-0.0700
62029618,sitting,-0.0390,-0.9984,0.0095,0.8400,-3.5350,-0.0700
62029637,sitting,-0.0388,-0.9975,0.0105,0.8400,-3.5000,-0.0350
62029657,sitting,-0.0388,-0.9980,0.0100,0.8400,-3.5350,-0.0350
62029676,sitting,-0.0393,-0.9980,0.0093,0.8050,-3.5000,-0.0350
62029695,sitting,-0.0395,-0.9987,0.0102,0.8400,-3.5700,-0.0700
62029714,sitting,-0.0390,-0.9975,0.0107,0.9100,-3.5700,-0.0350
62029733,sitting,-0.0388,-0.9982,0.0098,0.8400,-3.5000,-0.0350
62029753,sitting,-0.0390,-0.9989,0.0100,0.8400,-3.5350,-0.0700
62029772,sitting,-0.0386,-0.9980,0.0098,0.8400,-3.5700,-0.0700
62029791,sitting,-0.0395,-0.9984,0.0107,0.8400,-3.5000,-0.0700
62029810,sitting,-0.0388,-0.9977,0.0098,0.8400,-3.5000,-0.0350
62029830,sitting,-0.0383,-0.9970,0.0102,0.8750,-3.5700,-0.0350
62029849,sitting,-0.0395,-0.9982,0.0105,0.8400,-3.5700,-0.0700
62029868,sitting,-0.0390,-0.9989,0.0093,0.8750,-3.5350,-0.0700
62029887,sitting,-0.0398,-0.9980,0.0105,0.8400,-3.5350,-0.0700
62029907,sitting,-0.0393,-0.9980,0.0112,0.8400,-3.5700,-0.0700
62029926,sitting,-0.0395,-0.9982,0.0098,0.9100,-3.5350,-0.0700
62029945,sitting,-0.0393,-0.9994,0.0110,0.8400,-3.5000,-0.0700
62029964,sitting,-0.0395,-0.9987,0.0095,0.8400,-3.5350,-0.0700
62029983,sitting,-0.0398,-0.9984,0.0105,0.8400,-3.5350,-0.0700
62030003,sitting,-0.0388,-0.9972,0.0110,0.8400,-3.5000,-0.0700
62030022,sitting,-0.0395,-0.9980,0.0100,0.8400,-3.5350,-0.0350
62030041,sitting,-0.0393,-0.9977,0.0102,0.8750,-3.5350,-0.0350
62030060,sitting,-0.0403,-0.9984,0.0095,0.8400,-3.5000,-0.0700
62030080,sitting,-0.0390,-0.9992,0.0095,0.8400,-3.5350,-0.1050
62030099,sitting,-0.0393,-0.9972,0.0095,0.8400,-3.5000,-0.0700
62030118,sitting,-0.0405,-0.9987,0.0098,0.8400,-3.5700,-0.0700
62030137,sitting,-0.0398,-0.9984,0.0110,0.8750,-3.5700,-0.0700
62030157,sitting,-0.0393,-0.9982,0.0110,0.8750,-3.5700,-0.0700
62030176,sitting,-0.0395,-0.9977,0.0100,0.8750,-3.5700,-0.0700
62030195,sitting,-0.0393,-0.9984,0.0107,0.8400,-3.5000,-0.0700
62030214,sitting,-0.0390,-0.9980,0.0100,0.8750,-3.5350,-0.0700
62030233,sitting,-0.0390,-0.9977,0.0100,0.8750,-3.5700,-0.0700
62030253,sitting,-0.0388,-0.9980,0.0102,0.8400,-3.5350,-0.0700
62030272,sitting,-0.0398,-0.9977,0.0107,0.8750,-3.5350,-0.0700
62030291,sitting,-0.0393,-0.9972,0.0105,0.8400,-3.5000,-0.0700
62030310,sitting,-0.0403,-0.9972,0.0100,0.8400,-3.5000,-0.0700
62030330,sitting,-0.0398,-0.9984,0.0098,0.8400,-3.5350,-0.0350
62030349,sitting,-0.0393,-0.9982,0.0105,0.8400,-3.5700,-0.0350
62030368,sitting,-0.0390,-0.9977,0.0112,0.8400,-3.5000,-0.0700
62030387,sitting,-0.0395,-0.9987,0.0105,0.8050,-3.5000,-0.0700
62030407,sitting,-0.0400,-0.9982,0.0102,0.9100,-3.5700,-0.0700
62030426,sitting,-0.0398,-0.9975,0.0105,0.8400,-3.5000,-0.0350
62030445,sitting,-0.0398,-0.9977,0.0098,0.8400,-3.5350,-0.0700
62030464,sitting,-0.0393,-0.9987,0.0093,0.8400,-3.5700,-0.0700
62030483,sitting,-0.0400,-0.9984,0.0117,0.9100,-3.5350,-0.0700
62030503,sitting,-0.0393,-0.9975,0.0102,0.8750,-3.5350,-0.1050
62030522,sitting,-0.0390,-0.9987,0.0112,0.9100,-3.5700,-0.0700
62030541,sitting,-0.0400,-0.9987,0.0102,0.8750,-3.6050,-0.0350
62030560,sitting,-0.0393,-0.9980,0.0102,0.8400,-3.5000,-0.0700
62030580,sitting,-0.0383,-0.9984,0.0105,0.8400,-3.4650,-0.0700
62030599,sitting,-0.0412,-0.9984,0.0105,0.8750,-3.6050,-0.0700
62030618,sitting,-0.0386,-0.9984,0.0110,0.8750,-3.5700,-0.0700
62030637,sitting,-0.0393,-0.9977,0.0112,0.8400,-3.5700,-0.1050
62030657,sitting,-0.0398,-0.9980,0.0112,0.8400,-3.5700,-0.0700
62030676,sitting,-0.0393,-0.9992,0.0107,0.8750,-3.5350,-0.0700
62030695,sitting,-0.0395,-0.9980,0.0107,0.8750,-3.5350,-0.0700
62030714,sitting,-0.0398,-0.9984,0.0105,0.8750,-3.5350,-0.0700
62030733,sitting,-0.0371,-0.9987,0.0115,0.8400,-3.5700,-0.0700
62030753,sitting,-0.0415,-0.9989,0.0102,0.8750,-3.5350,-0.0700
62030772,sitting,-0.0393,-0.9987,0.0112,0.8050,-3.5000,-0.1050
62030791,sitting,-0.0383,-0.9992,0.0110,0.8400,-3.5700,-0.0700
62030810,sitting,-0.0403,-0.9970,0.0102,0.9100,-3.5700,-0.0700
62030830,sitting,-0.0371,-0.9999,0.0105,0.8400,-3.5350,-0.0350
62030849,sitting,-0.0403,-0.9975,0.0095,0.8400,-3.5350,-0.0700
62030868,sitting,-0.0376,-0.9994,0.0110,0.8400,-3.5000,-0.0700
62030887,sitting,-0.0395,-0.9982,0.0115,0.8750,-3.5350,-0.0700
62030907,sitting,-0.0371,-0.9994,0.0102,0.8400,-3.5700,-0.0700
62030926,sitting,-0.0410,-0.9977,0.0100,0.8400,-3.6050,-0.1050
62030945,sitting,-0.0373,-0.9975,0.0102,0.8750,-3.5000,-0.0700
62030964,sitting,-0.0407,-0.9982,0.0105,0.8750,-3.5700,-0.0700
62030983,sitting,-0.0403,-0.9982,0.0102,0.8750,-3.5700,-0.0700
62031003,sitting,-0.0381,-0.9994,0.0098,0.8050,-3.5000,-0.0700
62031022,sitting,-0.0393,-0.9977,0.0093,0.8400,-3.5000,-0.0700
62031041,sitting,-0.0376,-0.9984,0.0100,0.8400,-3.5700,-0.0700
62031060,sitting,-0.0383,-0.9980,0.0088,0.8750,-3.5350,-0.0350
62031080,sitting,-0.0395,-0.9970,0.0100,0.8400,-3.5000,-0.0700
62031099,sitting,-0.0381,-0.9982,0.0098,0.8750,-3.5000,-0.1400
62031118,sitting,-0.0398,-0.9980,0.0105,0.8400,-3.5350,-0.0700
62031137,sitting,-0.0386,-0.9984,0.0100,0.8400,-3.5350,-0.0700
62031157,sitting,-0.0388,-0.9982,0.0110,0.9100,-3.5000,-0.0700
62031176,sitting,-0.0395,-0.9984,0.0102,0.8400,-3.5700,-0.0700
62031195,sitting,-0.0407,-0.9975,0.0107,0.8750,-3.5000,-0.0700
62031214,sitting,-0.0383,-0.9984,0.0107,0.8400,-3.5000,-0.0350
62031233,sitting,-0.0407,-0.9980,0.0102,0.8750,-3.5700,-0.0700
62031253,sitting,-0.0393,-0.9982,0.0102,0.8400,-3.5700,-0.0700
62031272,sitting,-0.0398,-0.9972,0.0102,0.8400,-3.5000,-0.0700
62031291,sitting,-0.0390,-0.9980,0.0100,0.8750,-3.5350,-0.0350
62031310,sitting,-0.0395,-0.9994,0.0107,0.9100,-3.5700,-0.0700
62031330,sitting,-0.0400,-0.9975,0.0100,0.8750,-3.5350,-0.0350
62031349,sitting,-0.0393,-0.9982,0.0112,0.8050,-3.5000,-0.0700
62031368,sitting,-0.0390,-0.9977,0.0100,0.8750,-3.5350,-0.1050
62031387,sitting,-0.0390,-0.9980,0.0105,0.8750,-3.5000,-0.0350
62031407,sitting,-0.0398,-0.9984,0.0112,0.8050,-3.5000,-0.0700
62031426,sitting,-0.0400,-0.9965,0.0102,0.8750,-3.5350,-0.0700
62031445,sitting,-0.0395,-0.9982,0.0105,0.8400,-3.4650,-0.0700
62031464,sitting,-0.0390,-0.9980,0.0105,0.8750,-3.5000,-0.0700
62031483,sitting,-0.0390,-0.9984,0.0098,0.8750,-3.5700,-0.0700
62031503,sitting,-0.0398,-0.9982,0.0100,0.8050,-3.5000,-0.0700
62031522,sitting,-0.0390,-0.9982,0.0095,0.8400,-3.5000,-0.1050
62031541,sitting,-0.0400,-0.9987,0.0102,0.8750,-3.5350,-0.0700
62031560,sitting,-0.0383,-0.9977,0.0110,0.8750,-3.5700,-0.1050
62031580,sitting,-0.0398,-0.9992,0.0098,0.8750,-3.4650,-0.0700
62031599,sitting,-0.0381,-0.9984,0.0098,0.8050,-3.5350,-0.0350
62031618,sitting,-0.0403,-0.9984,0.0100,0.9100,-3.5700,-0.0350
62031637,sitting,-0.0398,-0.9972,0.0102,0.8750,-3.5350,-0.0350
62031657,sitting,-0.0398,-0.9987,0.0105,0.8400,-3.5000,-0.0350
62031676,sitting,-0.0405,-0.9992,0.0102,0.8750,-3.5700,-0.0700
62031695,sitting,-0.0400,-0.9975,0.0107,0.8400,-3.5350,-0.0700
62031714,sitting,-0.0405,-0.9977,0.0098,0.8400,-3.5350,-0.0700
62031733,sitting,-0.0388,-0.9992,0.0102,0.8400,-3.5000,-0.0700
62031753,sitting,-0.0393,-0.9987,0.0105,0.8750,-3.5350,-0.0700
62031772,sitting,-0.0386,-0.9987,0.0095,0.8050,-3.5350,-0.0700
62031791,sitting,-0.0395,-0.9980,0.0102,0.8750,-3.5350,-0.0700
62031810,sitting,-0.0393,-0.9975,0.0105,0.9100,-3.5700,-0.0350
62031830,sitting,-0.0403,-0.9984,0.0112,0.8400,-3.5700,-0.0700
62031849,sitting,-0.0395,-0.9984,0.0100,0.8750,-3.5000,-0.1050
62031868,sitting,-0.0388,-0.9982,0.0102,0.8400,-3.5000,-0.0700
62031887,sitting,-0.0393,-0.9982,0.0095,0.8750,-3.5700,-0.0700
62031907,sitting,-0.0390,-0.9980,0.0105,0.8050,-3.5000,-0.0700
62031926,sitting,-0.0395,-0.9975,0.0105,0.9100,-3.5700,0.0000
62031945,sitting,-0.0388,-0.9970,0.0098,0.8400,-3.5350,-0.0700
62031964,sitting,-0.0395,-0.9984,0.0102,0.8400,-3.4650,-0.1050
62031983,sitting,-0.0393,-0.9987,0.0117,0.8400,-3.6050,-0.0700
62032003,sitting,-0.0398,-0.9984,0.0107,0.8750,-3.5700,-0.0700
62032022,sitting,-0.0395,-0.9987,0.0105,0.8750,-3.5000,-0.0700
62032041,sitting,-0.0398,-0.9984,0.0098,0.9100,-3.5350,0.0000
62032060,sitting,-0.0390,-0.9987,0.0098,0.8400,-3.5700,-0.0700
62032080,sitting,-0.0388,-0.9989,0.0105,0.8400,-3.5000,-0.0700
62032099,sitting,-0.0395,-0.9982,0.0105,0.8400,-3.5000,-0.0700
62032118,sitting,-0.0403,-0.9989,0.0105,0.8400,-3.5000,-0.0350
62032137,sitting,-0.0403,-0.9987,0.0110,0.8750,-3.5000,-0.0350
62032157,sitting,-0.0388,-0.9977,0.0095,0.8400,-3.5000,-0.0700
62032176,sitting,-0.0398,-0.9977,0.0105,0.8750,-3.5700,-0.0700
62032195,sitting,-0.0393,-0.9992,0.0098,0.8750,-3.5350,-0.0700
62032214,sitting,-0.0388,-0.9994,0.0105,0.8400,-3.4650,-0.0700
62032233,sitting,-0.0390,-0.9975,0.0107,0.8750,-3.5700,-0.0700
62032253,sitting,-0.0386,-0.9975,0.0098,0.8750,-3.5700,-0.0350
62032272,sitting,-0.0395,-0.9994,0.0093,0.8400,-3.5350,-0.0350
62032291,sitting,-0.0395,-0.9982,0.0100,0.8750,-3.4650,-0.0350
62032310,sitting,-0.0395,-0.9982,0.0102,0.8750,-3.5350,-0.1050
62032330,sitting,-0.0398,-0.9984,0.0102,0.8750,-3.5000,-0.0700
62032349,sitting,-0.0405,-0.9989,0.0105,0.8400,-3.5700,-0.0700
62032368,sitting,-0.0403,-0.9992,0.0102,0.8750,-3.5700,-0.0700
62032387,sitting,-0.0388,-0.9982,0.0107,0.8750,-3.5700,-0.0700
62032407,sitting,-0.0393,-1.0002,0.0100,0.8750,-3.5350,-0.0700
62032426,sitting,-0.0390,-0.9977,0.0102,0.9100,-3.5350,-0.0700
62032445,sitting,-0.0390,-0.9999,0.0110,0.8400,-3.5000,-0.0700
62032464,sitting,-0.0400,-0.9984,0.0102,0.8400,-3.5350,-0.0700
62032483,sitting,-0.0398,-0.9992,0.0098,0.8750,-3.5000,-0.0700
62032503,sitting,-0.0395,-0.9989,0.0102,0.8400,-3.5350,-0.0700
62032522,sitting,-0.0390,-0.9977,0.0102,0.8400,-3.5700,-0.0700
62032541,sitting,-0.0395,-0.9992,0.0100,0.8750,-3.5350,-0.1400
62032560,sitting,-0.0390,-0.9977,0.0098,0.9100,-3.5000,-0.0700
62032580,sitting,-0.0398,-0.9989,0.0112,0.8750,-3.5350,-0.0700
62032599,sitting,-0.0393,-0.9977,0.0098,0.8400,-3.5000,-0.0700
62032618,sitting,-0.0395,-0.9992,0.0107,0.9100,-3.5350,-0.0700
62032637,sitting,-0.0393,-0.9992,0.0100,0.9100,-3.5350,-0.0700
62032657,sitting,-0.0390,-0.9984,0.0100,0.8400,-3.5000,-0.0350
62032676,sitting,-0.0383,-0.9963,0.0102,0.9100,-3.5350,0.0000
62032695,sitting,-0.0388,-0.9999,0.0110,0.8750,-3.5700,-0.0700
62032714,sitting,-0.0388,-0.9980,0.0102,0.8400,-3.5350,-0.0700
62032733,sitting,-0.0398,-0.9987,0.0102,0.8400,-3.5700,-0.0350
62032753,sitting,-0.0395,-0.9987,0.0105,0.9100,-3.5700,-0.0700
62032772,sitting,-0.0400,-1.0004,0.0105,0.8750,-3.5350,-0.0700
62032791,sitting,-0.0390,-0.9982,0.0100,0.8400,-3.5350,-0.0700
62032810,sitting,-0.0383,-0.9977,0.0110,0.8750,-3.5350,-0.0700
62032830,sitting,-0.0383,-0.9994,0.0110,0.8750,-3.5700,0.0000
62032849,sitting,-0.0386,-0.9977,0.0102,0.8050,-3.4650,-0.0350
62032868,sitting,-0.0393,-0.9987,0.0102,0.8750,-3.5350,-0.0700
62032887,sitting,-0.0395,-0.9972,0.0107,0.8750,-3.5700,-0.0350
62032907,sitting,-0.0388,-0.9972,0.0095,0.8400,-3.4650,-0.1050
62032926,sitting,-0.0395,-0.9994,0.0098,0.8400,-3.5000,-0.0700
62032945,sitting,-0.0381,-0.9987,0.0105,0.8750,-3.5700,-0.1050
62032964,sitting,-0.0388,-0.9984,0.0105,0.8400,-3.5350,-0.0700
62032983,sitting,-0.0393,-0.9997,0.0095,0.8400,-3.5350,-0.1050
62033003,sitting,-0.0398,-0.9977,0.0112,0.8050,-3.5350,-0.0350
62033022,sitting,-0.0386,-0.9977,0.0110,0.8750,-3.5350,-0.0350
62033041,sitting,-0.0383,-0.9992,0.0107,0.8400,-3.5000,-0.0700
62033060,sitting,-0.0405,-0.9999,0.0112,0.8400,-3.5350,-0.0700
62033080,sitting,-0.0407,-0.9972,0.0102,0.8750,-3.5000,-0.0700
62033099,sitting,-0.0400,-0.9977,0.0112,0.8400,-3.5000,-0.0700
62033118,sitting,-0.0386,-0.9989,0.0110,0.8400,-3.5350,0.0000
62033137,sitting,-0.0390,-0.9992,0.0098,0.8750,-3.5700,-0.0350
62033157,sitting,-0.0403,-0.9989,0.0100,0.8400,-3.5350,-0.0700
62033176,sitting,-0.0378,-0.9987,0.0105,0.8400,-3.5350,-0.0700
62033195,sitting,-0.0386,-0.9975,0.0102,0.8400,-3.5700,-0.0700
62033214,sitting,-0.0395,-0.9987,0.0110,0.9100,-3.5700,-0.0700
62033233,sitting,-0.0400,-0.9999,0.0117,0.8400,-3.5000,-0.0700
62033253,sitting,-0.0390,-0.9989,0.0105,0.8750,-3.5700,-0.1050
62033272,sitting,-0.0378,-0.9977,0.0093,0.8750,-3.5000,-0.0700
62033291,sitting,-0.0390,-0.9987,0.0115,0.8400,-3.5000,-0.0700
62033310,sitting,-0.0405,-0.9982,0.0110,0.8400,-3.5350,-0.0700
62033330,sitting,-0.0398,-0.9992,0.0102,0.8750,-3.5700,-0.0700
62033349,sitting,-0.0386,-0.9982,0.0102,0.8400,-3.5350,-0.0350
62033368,sitting,-0.0393,-0.9980,0.0115,0.8400,-3.5700,-0.0700
62033387,sitting,-0.0400,-0.9975,0.0112,0.8750,-3.6050,-0.0700
62033407,sitting,-0.0386,-0.9987,0.0117,0.8750,-3.5350,-0.1050
62033426,sitting,-0.0390,-0.9982,0.0100,0.8050,-3.5000,-0.0700
62033445,sitting,-0.0410,-0.9997,0.0098,0.8400,-3.5700,-0.0700
62033464,sitting,-0.0400,-0.9982,0.0105,0.8400,-3.5700,-0.0700
62033483,sitting,-0.0393,-0.9987,0.0110,0.8400,-3.5350,-0.0700
62033503,sitting,-0.0383,-0.9982,0.0105,0.8400,-3.5000,-0.0350
62033522,sitting,-0.0400,-0.9989,0.0102,0.9100,-3.5700,-0.0350
62033541,sitting,-0.0388,-0.9987,0.0105,0.8750,-3.5350,-0.0700
62033560,sitting,-0.0383,-0.9977,0.0105,0.8400,-3.5000,-0.0700
62033580,sitting,-0.0407,-0.9989,0.0090,0.8400,-3.5350,-0.0350
62033599,sitting,-0.0405,-0.9980,0.0102,0.8750,-3.5000,0.0000
62033618,sitting,-0.0393,-0.9999,0.0110,0.8400,-3.5000,-0.0350
62033637,sitting,-0.0388,-0.9980,0.0098,0.9100,-3.5350,-0.0350
62033657,sitting,-0.0405,-0.9992,0.0107,0.9100,-3.5350,-0.0700
62033676,sitting,-0.0393,-0.9984,0.0105,0.8400,-3.5000,-0.0700
62033695,sitting,-0.0383,-0.9982,0.0105,0.8400,-3.5000,-0.0700
62033714,sitting,-0.0405,-0.9980,0.0105,0.8400,-3.5350,-0.0700
62033733,sitting,-0.0388,-0.9984,0.0102,0.8400,-3.5700,-0.0700
62033753,sitting,-0.0383,-0.9977,0.0095,0.8050,-3.5350,-0.0700
62033772,sitting,-0.0400,-0.9982,0.0105,0.9100,-3.6050,0.0000
62033791,sitting,-0.0395,-0.9982,0.0102,0.8750,-3.5700,-0.0700
62033810,sitting,-0.0383,-0.9997,0.0102,0.8750,-3.5000,-0.0700
62033830,sitting,-0.0405,-0.9984,0.0098,0.8750,-3.5700,-0.0350
62033849,sitting,-0.0400,-0.9967,0.0100,0.8400,-3.6050,-0.0350
62033868,sitting,-0.0386,-0.9975,0.0105,0.8400,-3.5700,-0.0700
62033887,sitting,-0.0393,-0.9992,0.0112,0.8400,-3.5350,-0.0700
62033907,sitting,-0.0403,-0.9982,0.0105,0.9100,-3.5350,-0.0700
62033926,sitting,-0.0383,-0.9989,0.0102,0.8750,-3.5350,-0.0700
62033945,sitting,-0.0398,-0.9977,0.0095,0.8400,-3.5000,-0.0700
62033964,sitting,-0.0390,-0.9992,0.0105,0.8400,-3.5700,-0.0700
62033983,sitting,-0.0371,-0.9987,0.0100,0.8750,-3.5000,-0.0350
62034003,sitting,-0.0410,-0.9982,0.0090,0.8400,-3.5000,-0.0700
62034022,sitting,-0.0383,-0.9980,0.0100,0.8750,-3.6050,-0.0350
62034041,sitting,-0.0383,-0.9982,0.0102,0.8750,-3.5000,-0.0700
62034060,sitting,-0.0410,-0.9992,0.0105,0.8750,-3.5000,-0.0700
62034080,sitting,-0.0386,-0.9977,0.0115,0.8400,-3.5350,-0.0700
62034099,sitting,-0.0400,-0.9987,0.0105,0.8400,-3.5350,-0.0350
62034118,sitting,-0.0393,-0.9984,0.0107,0.8400,-3.5000,-0.1050
62034137,sitting,-0.0378,-0.9992,0.0100,0.8400,-3.5350,-0.0350
62034157,sitting,-0.0403,-0.9982,0.0107,0.8750,-3.5350,-0.0700
62034176,sitting,-0.0371,-0.9989,0.0110,0.8400,-3.5000,-0.1050
62034195,sitting,-0.0405,-0.9989,0.0112,0.8400,-3.5000,-0.1050
62034214,sitting,-0.0405,-0.9984,0.0112,0.8400,-3.5700,-0.0700
62034233,sitting,-0.0386,-0.9987,0.0105,0.8400,-3.5350,-0.0350
62034253,sitting,-0.0412,-0.9980,0.0105,0.8750,-3.5350,-0.0700
62034272,sitting,-0.0378,-0.9984,0.0098,0.8400,-3.5700,-0.0700
62034291,sitting,-0.0400,-0.9989,0.0110,0.8400,-3.5700,-0.0700
62034310,sitting,-0.0393,-0.9980,0.0115,0.8750,-3.5000,-0.0700
62034330,sitting,-0.0388,-0.9987,0.0100,0.8400,-3.5350,-0.0350
62034349,sitting,-0.0407,-0.9977,0.0102,0.9100,-3.5700,-0.0700
62034368,sitting,-0.0373,-0.9989,0.0102,0.8750,-3.5000,-0.0700
62034387,sitting,-0.0398,-0.9977,0.0107,0.8400,-3.5000,-0.1050
62034407,sitting,-0.0381,-0.9980,0.0098,0.8400,-3.5700,-0.0700
62034426,sitting,-0.0403,-0.9972,0.0100,0.8400,-3.5350,-0.0350
62034445,sitting,-0.0388,-0.9984,0.0100,0.8400,-3.5350,-0.1050
62034464,sitting,-0.0388,-0.9982,0.0107,0.8400,-3.5350,-0.0350
62034483,sitting,-0.0386,-0.9982,0.0100,0.9100,-3.5700,-0.0700
62034503,sitting,-0.0390,-0.9982,0.0102,0.8400,-3.5000,-0.0350
62034522,sitting,-0.0383,-0.9977,0.0100,0.8750,-3.5000,-0.0700
62034541,sitting,-0.0403,-0.9975,0.0105,0.9100,-3.5350,-0.0350
62034560,sitting,-0.0400,-0.9984,0.0112,0.9100,-3.5000,-0.0700
62034580,sitting,-0.0390,-0.9975,0.0100,0.8400,-3.5000,-0.0700
62034599,sitting,-0.0395,-0.9977,0.0098,0.9100,-3.5350,-0.0700
62034618,sitting,-0.0386,-0.9975,0.0100,0.8750,-3.5700,-0.0700
62034637,sitting,-0.0395,-0.9982,0.0093,0.8400,-3.5000,-0.0350
62034657,sitting,-0.0395,-0.9987,0.0112,0.9100,-3.5350,-0.0700
62034676,sitting,-0.0395,-0.9992,0.0110,0.8400,-3.5000,-0.1050
62034695,sitting,-0.0398,-0.9982,0.0105,0.8050,-3.5000,-0.0700
62034714,sitting,-0.0388,-0.9987,0.0107,0.9100,-3.5000,-0.0350
62034733,sitting,-0.0395,-0.9989,0.0105,0.8750,-3.5700,-0.0700
62034753,sitting,-0.0390,-0.9992,0.0093,0.8400,-3.5000,-0.0700
62034772,sitting,-0.0386,-0.9980,0.0100,0.8400,-3.5350,-0.0350
62034791,sitting,-0.0398,-0.9980,0.0112,0.8750,-3.5350,-0.0700
62034810,sitting,-0.0390,-0.9987,0.0102,0.8400,-3.5350,-0.1050
62034830,sitting,-0.0395,-0.9987,0.0095,0.8400,-3.5350,-0.1050
62034849,sitting,-0.0398,-0.9987,0.0095,0.8750,-3.5700,-0.0700
62034868,sitting,-0.0395,-0.9987,0.0107,0.8750,-3.5350,-0.0350
62034887,sitting,-0.0390,-0.9992,0.0098,0.8050,-3.5000,-0.0700
62034907,sitting,-0.0383,-0.9989,0.0117,0.9100,-3.5700,-0.0700
62034926,sitting,-0.0398,-0.9984,0.0102,0.9100,-3.5350,-0.0350
62034945,sitting,-0.0400,-0.9987,0.0100,0.8400,-3.5000,-0.0700
62034964,sitting,-0.0395,-0.9982,0.0100,0.8400,-3.5700,-0.0700
62034983,sitting,-0.0393,-0.9980,0.0105,0.8400,-3.5350,-0.0700
62035003,sitting,-0.0400,-0.9975,0.0107,0.8750,-3.5000,-0.0350
62035022,sitting,-0.0407,-0.9987,0.0100,0.8400,-3.5700,-0.0700
62035041,sitting,-0.0383,-0.9989,0.0102,0.8400,-3.5350,-0.0700
62035060,sitting,-0.0395,-0.9977,0.0098,0.8400,-3.5700,-0.0700
62035080,sitting,-0.0393,-0.9975,0.0105,0.8400,-3.5000,-0.1050
62035099,sitting,-0.0383,-0.9977,0.0093,0.8750,-3.5000,-0.0700
62035118,sitting,-0.0393,-0.9987,0.0100,0.8400,-3.5350,-0.0700
62035137,sitting,-0.0390,-0.9975,0.0105,0.8400,-3.5000,-0.0700
62035157,sitting,-0.0393,-0.9987,0.0100,0.8400,-3.5000,-0.0350
62035176,sitting,-0.0395,-0.9984,0.0107,0.8400,-3.5000,-0.0700
62035195,sitting,-0.0388,-0.9987,0.0102,0.8750,-3.5350,-0.0350
62035214,sitting,-0.0398,-0.9972,0.0112,0.8750,-3.5000,-0.0700
62035233,sitting,-0.0390,-0.9989,0.0110,0.8750,-3.5700,-0.0700
62035253,sitting,-0.0395,-0.9980,0.0110,0.8750,-3.5350,-0.0700
62035272,sitting,-0.0388,-0.9984,0.0102,0.8400,-3.5000,-0.0700
62035291,sitting,-0.0388,-0.9972,0.0100,0.8750,-3.5350,-0.0700
62035310,sitting,-0.0388,-0.9989,0.0102,0.8750,-3.5700,-0.0350
62035330,sitting,-0.0388,-0.9982,0.0112,0.8750,-3.5350,-0.0700
62035349,sitting,-0.0383,-0.9980,0.0102,0.8400,-3.6050,-0.0700
62035368,sitting,-0.0395,-0.9987,0.0112,0.8750,-3.5700,-0.0700
62035387,sitting,-0.0390,-0.9989,0.0102,0.8750,-3.5350,-0.0700
62035407,sitting,-0.0390,-0.9970,0.0107,0.8400,-3.5000,-0.0350
62035426,sitting,-0.0390,-0.9994,0.0112,0.8400,-3.5000,-0.0700
62035445,sitting,-0.0386,-0.9984,0.0110,0.8750,-3.5350,-0.0700
62035464,sitting,-0.0393,-0.9977,0.0107,0.8750,-3.4650,-0.0700
62035483,sitting,-0.0390,-0.9989,0.0100,0.8400,-3.5700,-0.0700
62035503,sitting,-0.0398,-0.9982,0.0102,0.9100,-3.5000,-0.0350
62035522,sitting,-0.0400,-0.9977,0.0102,0.8050,-3.4650,-0.0350
62035541,sitting,-0.0390,-0.9984,0.0095,0.8750,-3.5700,-0.0700
62035560,sitting,-0.0388,-0.9980,0.0098,0.9100,-3.5350,-0.0700
62035580,sitting,-0.0386,-0.9987,0.0107,0.8750,-3.5000,-0.1050
62035599,sitting,-0.0395,-0.9970,0.0102,0.8750,-3.5350,-0.0700
62035618,sitting,-0.0400,-0.9972,0.0100,0.8750,-3.5700,-0.0700
62035637,sitting,-0.0393,-0.9975,0.0110,0.8400,-3.5700,-0.0700
62035657,sitting,-0.0388,-0.9977,0.0100,0.8400,-3.5700,-0.0350
62035676,sitting,-0.0383,-0.9984,0.0100,0.8750,-3.5700,-0.0700
62035695,sitting,-0.0400,-0.9980,0.0100,0.8750,-3.5350,0.0000
62035714,sitting,-0.0405,-0.9984,0.0095,0.8400,-3.5350,-0.0700
62035733,sitting,-0.0403,-0.9982,0.0100,0.8400,-3.5700,-0.0700
62035753,sitting,-0.0386,-0.9987,0.0107,0.8750,-3.5700,-0.1050
62035772,sitting,-0.0390,-0.9987,0.0100,0.8400,-3.5000,-0.0700
62035791,sitting,-0.0393,-0.9977,0.0100,0.8750,-3.5350,-0.0350
62035810,sitting,-0.0395,-0.9977,0.0100,0.8400,-3.5700,-0.0700
62035830,sitting,-0.0398,-0.9982,0.0095,0.8400,-3.5000,-0.0350
62035849,sitting,-0.0388,-0.9982,0.0102,0.8050,-3.5350,-0.0700
62035868,sitting,-0.0400,-0.9980,0.0105,0.8750,-3.5700,-0.0700
62035887,sitting,-0.0393,-0.9984,0.0107,0.8750,-3.5000,-0.0700
62035907,sitting,-0.0388,-0.9977,0.0100,0.8400,-3.5000,-0.0700
62035926,sitting,-0.0390,-0.9982,0.0102,0.8400,-3.5350,-0.0350
62035945,sitting,-0.0390,-0.9982,0.0102,0.9100,-3.5350,-0.0700
62035964,sitting,-0.0395,-0.9972,0.0095,0.8750,-3.5000,-0.0700
62035983,sitting,-0.0398,-0.9977,0.0100,0.8400,-3.5700,-0.0350
62036003,sitting,-0.0393,-0.9989,0.0105,0.8400,-3.5700,-0.0700
62036022,sitting,-0.0390,-0.9977,0.0098,0.8750,-3.5350,-0.0350
62036041,sitting,-0.0381,-0.9975,0.0105,0.8400,-3.5700,-0.0350
62036060,sitting,-0.0390,-0.9987,0.0100,0.8400,-3.6050,-0.0350
62036080,sitting,-0.0386,-0.9987,0.0102,0.8400,-3.5350,-0.0700
62036099,sitting,-0.0393,-0.9975,0.0112,0.8750,-3.5350,-0.1050
62036118,sitting,-0.0395,-0.9975,0.0105,0.9100,-3.5350,-0.0700
62036137,sitting,-0.0386,-0.9972,0.0107,0.8400,-3.5350,-0.0700
62036157,sitting,-0.0400,-0.9984,0.0098,0.8050,-3.5000,-0.0700
62036176,sitting,-0.0383,-0.9977,0.0105,0.8400,-3.5000,-0.0700
62036195,sitting,-0.0388,-0.9972,0.0098,0.8400,-3.5000,-0.0700
62036214,sitting,-0.0386,-0.9980,0.0098,0.8750,-3.5000,-0.0350
62036233,sitting,-0.0390,-0.9984,0.0100,0.9100,-3.5000,-0.0700
62036253,sitting,-0.0390,-0.9975,0.0112,0.8750,-3.5700,-0.1050
62036272,sitting,-0.0395,-0.9992,0.0112,0.9100,-3.5350,-0.0700
62036291,sitting,-0.0381,-0.9984,0.0102,0.8750,-3.5000,-0.0700
62036310,sitting,-0.0383,-0.9980,0.0093,0.8400,-3.5000,-0.0700
62036330,sitting,-0.0390,-0.9989,0.0095,0.8750,-3.5350,-0.0350
62036349,sitting,-0.0386,-0.9970,0.0105,0.8750,-3.5350,-0.0700
62036368,sitting,-0.0395,-0.9972,0.0102,0.8750,-3.5700,-0.0350
62036387,sitting,-0.0388,-0.9980,0.0095,0.8400,-3.5700,-0.0700
62036407,sitting,-0.0393,-0.9982,0.0100,0.8400,-3.5350,-0.0700
62036426,sitting,-0.0395,-0.9980,0.0100,0.8400,-3.5700,-0.0350
62036445,sitting,-0.0388,-0.9987,0.0112,0.9100,-3.5700,-0.0350
62036464,sitting,-0.0388,-0.9984,0.0100,0.8400,-3.5350,-0.1050
62036483,sitting,-0.0388,-0.9982,0.0102,0.9100,-3.5000,-0.0700
62036503,sitting,-0.0400,-0.9982,0.0105,0.8750,-3.5350,-0.0700
62036522,sitting,-0.0390,-0.9982,0.0105,0.8050,-3.5350,-0.1050
62036541,sitting,-0.0398,-0.9975,0.0105,0.8050,-3.5000,-0.0700
62036560,sitting,-0.0393,-0.9994,0.0112,0.8750,-3.5350,-0.0700
62036580,sitting,-0.0390,-0.9984,0.0102,0.8400,-3.5700,-0.0700
62036599,sitting,-0.0388,-0.9989,0.0107,0.8400,-3.5000,-0.0700
62036618,sitting,-0.0398,-0.9980,0.0105,0.8400,-3.5350,-0.0700
62036637,sitting,-0.0398,-0.9987,0.0110,0.8750,-3.5350,-0.0350
62036657,sitting,-0.0395,-0.9989,0.0098,0.8400,-3.5350,-0.0700
62036676,sitting,-0.0390,-0.9982,0.0105,0.8400,-3.5000,-0.0700
62036695,sitting,-0.0390,-0.9987,0.0102,0.8750,-3.5700,-0.1050
62036714,sitting,-0.0390,-0.9975,0.0100,0.8400,-3.5350,-0.1050
62036733,sitting,-0.0395,-0.9977,0.0095,0.8400,-3.5350,-0.0700
62036753,sitting,-0.0393,-0.9977,0.0107,0.9100,-3.5350,-0.0700
62036772,sitting,-0.0395,-0.9975,0.0102,0.8750,-3.5700,-0.0700
62036791,sitting,-0.0388,-0.9984,0.0105,0.8750,-3.5350,-0.0700
62036810,sitting,-0.0386,-0.9980,0.0105,0.8400,-3.5350,-0.0350
62036830,sitting,-0.0381,-0.9977,0.0110,0.8750,-3.5350,-0.1050
62036849,sitting,-0.0386,-0.9977,0.0102,0.8750,-3.5350,-0.0700
62036868,sitting,-0.0388,-0.9987,0.0102,0.8050,-3.5350,-0.0700
62036887,sitting,-0.0390,-0.9980,0.0107,0.8750,-3.5350,-0.0350
62036907,sitting,-0.0390,-0.9987,0.0105,0.8400,-3.4650,-0.0700
62036926,sitting,-0.0398,-0.9977,0.0105,0.8400,-3.5000,-0.0700
62036945,sitting,-0.0393,-0.9982,0.0098,0.8400,-3.5350,-0.0700
62036964,sitting,-0.0393,-0.9984,0.0100,0.8750,-3.5700,-0.0700
62036983,sitting,-0.0403,-0.9980,0.0105,0.8400,-3.5000,-0.0700
62037003,sitting,-0.0393,-0.9972,0.0102,0.8750,-3.5000,-0.0350
62037022,sitting,-0.0388,-0.9980,0.0098,0.8750,-3.5700,-0.0700
62037041,sitting,-0.0395,-0.9980,0.0102,0.8400,-3.5350,-0.0700
62037060,sitting,-0.0386,-0.9982,0.0098,0.8750,-3.5000,-0.0700
62037080,sitting,-0.0393,-0.9987,0.0107,0.9100,-3.5700,-0.0700
62037099,sitting,-0.0388,-0.9984,0.0100,0.8400,-3.5350,-0.0350
62037118,sitting,-0.0390,-0.9992,0.0095,0.8750,-3.5700,-0.0700
62037137,sitting,-0.0390,-0.9982,0.0107,0.9100,-3.5700,-0.0350
62037157,sitting,-0.0388,-0.9977,0.0112,0.8400,-3.5350,-0.0350
62037176,sitting,-0.0405,-0.9975,0.0098,0.8050,-3.5350,-0.0700
62037195,sitting,-0.0386,-0.9982,0.0107,0.8750,-3.5000,-0.0350
62037214,sitting,-0.0390,-0.9977,0.0102,0.8400,-3.5700,-0.0700
62037233,sitting,-0.0395,-0.9965,0.0098,0.8400,-3.5000,-0.0350
62037253,sitting,-0.0398,-0.9980,0.0098,0.8400,-3.5000,-0.1050
62037272,sitting,-0.0393,-0.9980,0.0105,0.8400,-3.5350,-0.0700
62037291,sitting,-0.0405,-0.9989,0.0110,0.8400,-3.5000,-0.0700
62037310,sitting,-0.0398,-0.9982,0.0105,0.8400,-3.5350,-0.0700
62037330,sitting,-0.0388,-0.9982,0.0107,0.8400,-3.5350,-0.1400
62037349,sitting,-0.0390,-0.9977,0.0112,0.8750,-3.5350,-0.0700
62037368,sitting,-0.0403,-0.9975,0.0100,0.8050,-3.4650,-0.0700
62037387,sitting,-0.0390,-0.9982,0.0112,0.8400,-3.5000,-0.0700
62037407,sitting,-0.0398,-0.9980,0.0098,0.8400,-3.5350,-0.1050
62037426,sitting,-0.0405,-0.9980,0.0098,0.8400,-3.5000,-0.0350
62037445,sitting,-0.0398,-0.9975,0.0110,0.8750,-3.5350,-0.0700
62037464,sitting,-0.0390,-0.9980,0.0107,0.8750,-3.5700,-0.0700
62037483,sitting,-0.0390,-0.9989,0.0105,0.8750,-3.5000,-0.1050
62037503,sitting,-0.0395,-0.9975,0.0105,0.8750,-3.5000,-0.0350
62037522,sitting,-0.0395,-0.9984,0.0107,0.9100,-3.6050,-0.0700
62037541,sitting,-0.0395,-0.9980,0.0107,0.8750,-3.5350,-0.0700
62037560,sitting,-0.0403,-0.9970,0.0098,0.8400,-3.4650,-0.0700
62037580,sitting,-0.0390,-0.9989,0.0107,0.8400,-3.5000,-0.0700
62037599,sitting,-0.0381,-0.9987,0.0095,0.8750,-3.5350,-0.0350
62037618,sitting,-0.0395,-0.9982,0.0102,0.8050,-3.4650,-0.0700
62037637,sitting,-0.0390,-0.9987,0.0112,0.8750,-3.5350,-0.0700
62037657,sitting,-0.0386,-0.9987,0.0098,0.9100,-3.5700,-0.0700
62037676,sitting,-0.0403,-0.9984,0.0102,0.8400,-3.5000,-0.0700
62037695,sitting,-0.0395,-0.9984,0.0105,0.8400,-3.5000,-0.0700
62037714,sitting,-0.0383,-0.9992,0.0105,0.8400,-3.5700,-0.0700
62037733,sitting,-0.0400,-0.9984,0.0105,0.8050,-3.5350,-0.0350
62037753,sitting,-0.0403,-0.9984,0.0102,0.8400,-3.5000,-0.1050
62037772,sitting,-0.0383,-0.9982,0.0090,0.8750,-3.5000,-0.0700
62037791,sitting,-0.0412,-0.9987,0.0107,0.8750,-3.5700,-0.0350
62037810,sitting,-0.0393,-0.9989,0.0117,0.8400,-3.5350,-0.1050
62037830,sitting,-0.0390,-0.9982,0.0117,0.9100,-3.5700,-0.0350
62037849,sitting,-0.0403,-0.9982,0.0098,0.8750,-3.5700,-0.1050
62037868,sitting,-0.0390,-0.9987,0.0098,0.8400,-3.5000,-0.0350
62037887,sitting,-0.0395,-0.9987,0.0102,0.8400,-3.5350,-0.0350
62037907,sitting,-0.0398,-0.9999,0.0088,0.8750,-3.5700,-0.0700
62037926,sitting,-0.0381,-0.9975,0.0100,0.8750,-3.5350,-0.0700
62037945,sitting,-0.0388,-0.9977,0.0102,0.8750,-3.5350,-0.0350
62037964,sitting,-0.0388,-0.9980,0.0105,0.8750,-3.5700,0.0000
62037983,sitting,-0.0388,-0.9984,0.0112,0.9100,-3.5350,-0.0350
62038003,sitting,-0.0390,-0.9980,0.0105,0.8400,-3.5350,-0.1050
62038022,sitting,-0.0393,-0.9980,0.0112,0.8400,-3.5350,-0.0700
62038041,sitting,-0.0386,-0.9992,0.0105,0.8400,-3.5700,-0.0700
62038060,sitting,-0.0398,-0.9987,0.0110,0.8400,-3.5000,-0.0700
62038080,sitting,-0.0395,-0.9982,0.0110,0.8750,-3.5350,-0.1050
62038099,sitting,-0.0390,-0.9982,0.0100,0.8750,-3.5000,-0.1050
62038118,sitting,-0.0403,-0.9972,0.0110,0.8400,-3.5700,-0.0700
62038137,sitting,-0.0395,-0.9977,0.0115,0.8750,-3.5350,-0.0700
62038157,sitting,-0.0388,-0.9977,0.0102,0.9100,-3.5350,-0.0700
62038176,sitting,-0.0393,-0.9975,0.0093,0.8400,-3.5350,-0.0700
62038195,sitting,-0.0395,-0.9989,0.0098,0.8400,-3.5000,-0.0700
62038214,sitting,-0.0378,-0.9982,0.0095,0.8400,-3.5700,-0.0700
62038233,sitting,-0.0388,-0.9980,0.0105,0.8750,-3.5700,-0.0700
62038253,sitting,-0.0390,-0.9980,0.0093,0.8400,-3.5000,-0.0700
62038272,sitting,-0.0398,-0.9980,0.0098,0.8400,-3.5350,-0.0700
62038291,sitting,-0.0390,-0.9980,0.0105,0.8750,-3.5700,-0.0700
62038310,sitting,-0.0386,-0.9989,0.0098,0.8750,-3.5000,-0.0700
62038330,sitting,-0.0395,-0.9975,0.0102,0.8400,-3.5000,-0.0700
62038349,sitting,-0.0393,-0.9984,0.0098,0.8400,-3.5350,-0.0700
62038368,sitting,-0.0388,-0.9987,0.0105,0.8400,-3.5350,-0.0350
62038387,sitting,-0.0388,-0.9984,0.0095,0.8400,-3.4650,-0.0700
62038407,sitting,-0.0395,-0.9989,0.0095,0.8400,-3.5700,-0.0700
62038426,sitting,-0.0395,-0.9982,0.0110,0.8750,-3.5700,-0.0700
62038445,sitting,-0.0395,-0.9984,0.0098,0.8400,-3.5000,-0.0350
62038464,sitting,-0.0388,-0.9980,0.0107,0.8400,-3.5700,-0.0700
62038483,sitting,-0.0390,-0.9975,0.0115,0.8400,-3.5700,-0.0350
62038503,sitting,-0.0395,-0.9975,0.0115,0.8400,-3.5350,-0.1050
62038522,sitting,-0.0398,-0.9984,0.0115,0.8400,-3.5350,-0.0700
62038541,sitting,-0.0386,-0.9977,0.0105,0.8400,-3.5700,-0.0700
62038560,sitting,-0.0388,-0.9972,0.0110,0.9100,-3.5700,-0.0700
62038580,sitting,-0.0400,-0.9982,0.0102,0.8400,-3.5000,-0.0700
62038599,sitting,-0.0405,-0.9980,0.0105,0.8750,-3.5700,-0.1050
62038618,sitting,-0.0393,-0.9977,0.0105,0.9100,-3.5700,-0.1050
62038637,sitting,-0.0395,-0.9980,0.0100,0.8400,-3.5350,-0.1050
62038657,sitting,-0.0398,-0.9980,0.0102,0.8400,-3.5350,-0.0350
62038676,sitting,-0.0393,-0.9982,0.0105,0.8400,-3.5700,-0.0700
62038695,sitting,-0.0403,-0.9975,0.0100,0.8050,-3.5000,-0.0350
62038714,sitting,-0.0386,-0.9975,0.0090,0.8750,-3.5700,-0.1050
62038733,sitting,-0.0400,-0.9987,0.0102,0.8400,-3.5700,-0.0700
62038753,sitting,-0.0398,-0.9992,0.0110,0.8400,-3.5350,-0.0700
62038772,sitting,-0.0383,-0.9984,0.0098,0.8400,-3.5000,-0.0700
62038791,sitting,-0.0395,-0.9975,0.0100,0.8400,-3.5000,0.0000
62038810,sitting,-0.0390,-0.9980,0.0112,0.8400,-3.5000,-0.0350
62038830,sitting,-0.0390,-0.9982,0.0105,0.8400,-3.5000,-0.0700
62038849,sitting,-0.0398,-0.9984,0.0107,0.8750,-3.5700,-0.0350
62038868,sitting,-0.0398,-0.9977,0.0095,0.9100,-3.5350,-0.0350
62038887,sitting,-0.0410,-0.9984,0.0095,0.8750,-3.5350,-0.0350
62038907,sitting,-0.0390,-0.9975,0.0110,0.8400,-3.5700,-0.0350
62038926,sitting,-0.0398,-0.9970,0.0102,0.8750,-3.5700,-0.0700
62038945,sitting,-0.0393,-0.9977,0.0102,0.8750,-3.5350,-0.0700
62038964,sitting,-0.0395,-0.9970,0.0105,0.8400,-3.5350,-0.0350
62038983,sitting,-0.0383,-0.9972,0.0102,0.8750,-3.5700,-0.0700
62039003,sitting,-0.0386,-0.9972,0.0098,0.9100,-3.5700,-0.0350
62039022,sitting,-0.0393,-0.9975,0.0095,0.8400,-3.5000,-0.0700
62039041,sitting,-0.0386,-0.9977,0.0105,0.8750,-3.5350,-0.0700
62039060,sitting,-0.0393,-0.9980,0.0110,0.8750,-3.5350,0.0000
62039080,sitting,-0.0393,-0.9975,0.0110,0.8400,-3.5350,-0.0700
62039099,sitting,-0.0386,-0.9980,0.0093,0.8750,-3.5350,-0.0350
62039118,sitting,-0.0393,-0.9975,0.0098,0.8750,-3.5700,-0.0700
62039137,sitting,-0.0398,-0.9982,0.0102,0.8400,-3.5350,-0.0700
62039157,sitting,-0.0398,-0.9980,0.0102,0.8400,-3.5350,-0.1050
62039176,sitting,-0.0395,-0.9989,0.0107,0.8400,-3.5350,-0.0700
62039195,sitting,-0.0390,-0.9989,0.0098,0.8750,-3.5000,-0.0350
62039214,sitting,-0.0388,-0.9980,0.0098,0.8400,-3.5350,0.0000
62039233,sitting,-0.0393,-0.9987,0.0105,0.9100,-3.5700,-0.0700
62039253,sitting,-0.0395,-0.9977,0.0105,0.8750,-3.5000,-0.0700
62039272,sitting,-0.0390,-0.9980,0.0095,0.8400,-3.4650,-0.1050
62039291,sitting,-0.0395,-0.9980,0.0093,0.8400,-3.5700,-0.0700
62039310,sitting,-0.0393,-0.9982,0.0105,0.8400,-3.5700,-0.0700
62039330,sitting,-0.0403,-0.9984,0.0100,0.8400,-3.5350,-0.0700
62039349,sitting,-0.0388,-0.9982,0.0085,0.8400,-3.5350,-0.0700
62039368,sitting,-0.0393,-0.9977,0.0095,0.8400,-3.5000,-0.0700
62039387,sitting,-0.0393,-0.9977,0.0095,0.8400,-3.5000,-0.0350
62039407,sitting,-0.0388,-0.9982,0.0105,0.8050,-3.5350,-0.0700
62039426,sitting,-0.0390,-0.9987,0.0110,0.8750,-3.6050,-0.0700
62039445,sitting,-0.0393,-0.9987,0.0102,0.9100,-3.5350,-0.0700
62039464,sitting,-0.0393,-0.9984,0.0102,0.8050,-3.4650,-0.0700
62039483,sitting,-0.0383,-0.9982,0.0102,0.8400,-3.5350,-0.1050
62039503,sitting,-0.0390,-0.9977,0.0117,0.8750,-3.5350,-0.0350
62039522,sitting,-0.0390,-0.9982,0.0107,0.8050,-3.5000,-0.1050
62039541,sitting,-0.0390,-0.9977,0.0100,0.8750,-3.5000,-0.0700
62039560,sitting,-0.0403,-0.9982,0.0105,0.9100,-3.5700,-0.0700
62039580,sitting,-0.0400,-0.9980,0.0112,0.8750,-3.5350,-0.0700
62039599,sitting,-0.0388,-0.9977,0.0107,0.9100,-3.5350,-0.0700
62039618,sitting,-0.0388,-0.9989,0.0093,0.9100,-3.5700,-0.0350
62039637,sitting,-0.0388,-0.9984,0.0102,0.8750,-3.5700,-0.0350
62039657,sitting,-0.0390,-0.9980,0.0107,0.8050,-3.4650,-0.0700
62039676,sitting,-0.0398,-0.9980,0.0107,0.8050,-3.5350,-0.0700
62039695,sitting,-0.0400,-0.9980,0.0105,0.8750,-3.5350,-0.0350
62039714,sitting,-0.0390,-0.9982,0.0098,0.8400,-3.5000,-0.0700
62039733,sitting,-0.0395,-0.9984,0.0095,0.8400,-3.5700,-0.1050
62039753,sitting,-0.0381,-0.9972,0.0093,0.8400,-3.5350,-0.0700
62039772,sitting,-0.0390,-0.9982,0.0102,0.8750,-3.5350,-0.0700
62039791,sitting,-0.0388,-0.9977,0.0107,0.8400,-3.5700,-0.0700
62039810,sitting,-0.0390,-0.9982,0.0095,0.9100,-3.5350,-0.1050
62039830,sitting,-0.0393,-0.9984,0.0093,0.8400,-3.5700,-0.0700
62039849,sitting,-0.0395,-0.9984,0.0100,0.8750,-3.5000,-0.0700
62039868,sitting,-0.0398,-0.9984,0.0098,0.8750,-3.5700,-0.1050
62039887,sitting,-0.0395,-0.9980,0.0090,0.8750,-3.5350,-0.0700
62039907,sitting,-0.0386,-0.9982,0.0100,0.8400,-3.5350,-0.0350
62039926,sitting,-0.0381,-0.9977,0.0107,0.8750,-3.5700,-0.0350
62039945,sitting,-0.0390,-0.9980,0.0107,0.9100,-3.5700,-0.0350
62039964,sitting,-0.0395,-0.9975,0.0102,0.8400,-3.5350,-0.0350
62039983,sitting,-0.0403,-0.9982,0.0102,0.8050,-3.5350,-0.0700
62040003,sitting,-0.0395,-0.9987,0.0098,0.8750,-3.5350,-0.0700
62040022,sitting,-0.0381,-0.9980,0.0100,0.8750,-3.5700,-0.0700
62040041,sitting,-0.0390,-0.9980,0.0105,0.8750,-3.5000,-0.1050
62040060,sitting,-0.0388,-0.9980,0.0105,0.9100,-3.5700,-0.0700
62040080,sitting,-0.0386,-0.9989,0.0105,0.8750,-3.6050,-0.0350
62040099,sitting,-0.0390,-0.9975,0.0102,0.8400,-3.4650,-0.0700
62040118,sitting,-0.0393,-0.9984,0.0102,0.8400,-3.5350,-0.0350
62040137,sitting,-0.0400,-0.9972,0.0105,0.8400,-3.5350,-0.0700
62040157,sitting,-0.0403,-0.9984,0.0105,0.8400,-3.5000,-0.0700
62040176,sitting,-0.0390,-0.9975,0.0110,0.8400,-3.5000,-0.0700
62040195,sitting,-0.0383,-0.9977,0.0098,0.8750,-3.5700,-0.1050
62040214,sitting,-0.0390,-0.9975,0.0100,0.8400,-3.5350,-0.0700
62040233,sitting,-0.0393,-0.9977,0.0100,0.8400,-3.5350,-0.1050
62040253,sitting,-0.0398,-0.9980,0.0105,0.8400,-3.5350,-0.0700
62040272,sitting,-0.0403,-0.9984,0.0100,0.8750,-3.5000,-0.0350
62040291,sitting,-0.0390,-0.9987,0.0102,0.8400,-3.5000,-0.1050
62040310,sitting,-0.0390,-0.9982,0.0102,0.8750,-3.5350,-0.0700
62040330,sitting,-0.0388,-0.9977,0.0100,0.8400,-3.5700,-0.0700
62040349,sitting,-0.0398,-0.9987,0.0100,0.8400,-3.5000,-0.0700
62040368,sitting,-0.0395,-0.9989,0.0098,0.9100,-3.5700,-0.0700
62040387,sitting,-0.0393,-0.9980,0.0105,0.8400,-3.5700,-0.0700
62040407,sitting,-0.0388,-0.9977,0.0105,0.8050,-3.5350,-0.0700
62040426,sitting,-0.0403,-0.9980,0.0105,0.8750,-3.5350,-0.0700
62040445,sitting,-0.0395,-0.9989,0.0100,0.8750,-3.5350,-0.1050
62040464,sitting,-0.0388,-0.9984,0.0102,0.8050,-3.5350,0.0000
62040483,sitting,-0.0390,-0.9989,0.0105,0.8400,-3.5350,-0.0350
62040503,sitting,-0.0390,-0.9982,0.0098,0.8750,-3.5700,-0.0700
62040522,sitting,-0.0388,-0.9982,0.0110,0.8750,-3.5350,-0.0350
62040541,sitting,-0.0398,-0.9982,0.0105,0.8400,-3.5000,-0.0700
62040560,sitting,-0.0390,-0.9977,0.0098,0.8400,-3.5350,-0.0350
62040580,sitting,-0.0383,-0.9992,0.0107,0.8750,-3.5350,-0.1050
62040599,sitting,-0.0381,-0.9984,0.0105,0.8400,-3.4650,-0.1050
62040618,sitting,-0.0390,-0.9987,0.0110,0.8050,-3.5000,-0.0700
62040637,sitting,-0.0383,-0.9982,0.0102,0.8400,-3.5350,-0.0700
62040657,sitting,-0.0390,-0.9972,0.0098,0.8400,-3.5700,-0.1050
62040676,sitting,-0.0390,-0.9977,0.0105,0.8400,-3.5000,-0.0700
62040695,sitting,-0.0390,-0.9987,0.0110,0.8750,-3.5350,-0.0700
62040714,sitting,-0.0395,-0.9982,0.0117,0.8750,-3.5700,-0.0700
62040733,sitting,-0.0395,-0.9987,0.0115,0.8750,-3.5700,-0.0700
62040753,sitting,-0.0395,-0.9980,0.0102,0.8750,-3.5350,-0.0700
62040772,sitting,-0.0398,-0.9977,0.0090,0.9100,-3.5700,-0.0350
62040791,sitting,-0.0393,-0.9984,0.0105,0.8050,-3.5000,-0.0700
62040810,sitting,-0.0390,-0.9989,0.0090,0.8400,-3.5700,-0.0700
62040830,sitting,-0.0390,-0.9977,0.0100,0.8400,-3.5700,-0.0700
62040849,sitting,-0.0388,-0.9975,0.0098,0.8750,-3.5000,-0.0700
62040868,sitting,-0.0388,-0.9977,0.0095,0.8400,-3.5000,-0.0700
62040887,sitting,-0.0388,-0.9984,0.0102,0.8750,-3.5350,-0.0700
62040907,sitting,-0.0388,-0.9989,0.0102,0.8400,-3.5350,-0.0350
62040926,sitting,-0.0390,-0.9989,0.0100,0.8050,-3.5000,-0.0700
62040945,sitting,-0.0388,-0.9987,0.0105,0.8400,-3.5350,-0.0700
62040964,sitting,-0.0393,-0.9977,0.0095,0.8400,-3.5350,-0.0700
62040983,sitting,-0.0383,-0.9980,0.0110,0.8050,-3.5000,-0.0700
62041003,sitting,-0.0395,-0.9977,0.0100,0.8400,-3.5350,-0.0700
62041022,sitting,-0.0390,-0.9982,0.0098,0.8750,-3.5350,-0.1050
62041041,sitting,-0.0390,-0.9992,0.0105,0.8400,-3.5000,-0.0700
62041060,sitting,-0.0393,-0.9987,0.0095,0.8400,-3.5350,-0.0700
62041080,sitting,-0.0393,-0.9982,0.0100,0.8400,-3.6050,-0.0700
62041099,sitting,-0.0403,-0.9982,0.0090,0.9100,-3.5700,-0.0700
62041118,sitting,-0.0398,-0.9984,0.0100,0.8750,-3.5350,-0.1050
62041137,sitting,-0.0395,-0.9982,0.0107,0.8400,-3.5700,-0.0700
62041157,sitting,-0.0390,-0.9982,0.0098,0.8400,-3.5350,-0.1050
62041176,sitting,-0.0390,-0.9984,0.0095,0.8400,-3.5000,-0.0700
62041195,sitting,-0.0393,-0.9982,0.0115,0.8400,-3.5350,-0.0700
62041214,sitting,-0.0390,-0.9977,0.0105,0.8400,-3.5700,-0.0700
62041233,sitting,-0.0395,-0.9984,0.0093,0.8400,-3.5000,-0.1050
62041253,sitting,-0.0398,-0.9975,0.0110,0.8400,-3.5000,-0.0700
62041272,sitting,-0.0393,-0.9972,0.0100,0.8400,-3.5700,-0.0700
62041291,sitting,-0.0393,-0.9984,0.0090,0.8400,-3.5350,-0.0700
62041310,sitting,-0.0398,-0.9984,0.0107,0.8400,-3.5000,-0.1050
62041330,sitting,-0.0395,-0.9987,0.0115,0.9100,-3.5700,-0.0700
62041349,sitting,-0.0390,-0.9989,0.0107,0.8750,-3.5350,-0.0350
62041368,sitting,-0.0388,-0.9989,0.0102,0.8400,-3.5350,-0.0350
62041387,sitting,-0.0390,-0.9982,0.0102,0.8400,-3.5350,-0.0700
62041407,sitting,-0.0388,-0.9989,0.0095,0.8400,-3.5700,-0.0700
62041426,sitting,-0.0393,-0.9987,0.0102,0.8050,-3.5700,-0.0700
62041445,sitting,-0.0400,-0.9987,0.0102,0.8750,-3.5000,-0.1050
62041464,sitting,-0.0390,-0.9982,0.0105,0.8400,-3.5350,-0.0700
62041483,sitting,-0.0383,-0.9977,0.0107,0.8400,-3.5350,-0.0700
62041503,sitting,-0.0386,-0.9982,0.0105,0.8750,-3.5350,-0.0350
62041522,sitting,-0.0390,-0.9980,0.0105,0.8750,-3.5700,-0.1050
62041541,sitting,-0.0388,-0.9982,0.0115,0.8400,-3.5700,-0.0700
62041560,sitting,-0.0395,-0.9977,0.0110,0.8400,-3.5000,-0.0700
62041580,sitting,-0.0386,-0.9977,0.0098,0.8750,-3.5700,-0.1050
62041599,sitting,-0.0388,-0.9984,0.0112,0.8750,-3.5700,-0.1050
62041618,sitting,-0.0395,-0.9989,0.0100,0.8400,-3.5000,-0.1050
62041637,sitting,-0.0386,-0.9984,0.0098,0.8050,-3.5000,-0.0700
62041657,sitting,-0.0395,-0.9982,0.0102,0.8400,-3.5700,-0.1050
62041676,sitting,-0.0398,-0.9989,0.0098,0.8400,-3.5700,0.0000
62041695,sitting,-0.0393,-0.9982,0.0098,0.8750,-3.4650,-0.0700
62041714,sitting,-0.0388,-0.9980,0.0098,0.8400,-3.5700,-0.0700
62041733,sitting,-0.0395,-0.9982,0.0102,0.8750,-3.5350,-0.0700
62041753,sitting,-0.0390,-0.9975,0.0098,0.9100,-3.5350,-0.1050
62041772,sitting,-0.0393,-0.9980,0.0117,0.8400,-3.5350,-0.0700
62041791,sitting,-0.0395,-0.9980,0.0098,0.9100,-3.5700,-0.1050
62041810,sitting,-0.0386,-0.9984,0.0095,0.8400,-3.5350,-0.0700
62041830,sitting,-0.0390,-0.9977,0.0098,0.9100,-3.5350,-0.0700
62041849,sitting,-0.0393,-0.9977,0.0095,0.9100,-3.5700,-0.0700
62041868,sitting,-0.0390,-0.9977,0.0105,0.8050,-3.5350,-0.0700
62041887,sitting,-0.0398,-0.9982,0.0105,0.8750,-3.5000,-0.0700
62041907,sitting,-0.0388,-0.9987,0.0098,0.8400,-3.5350,-0.0700
62041926,sitting,-0.0388,-0.9992,0.0100,0.9100,-3.6050,-0.0700
62041945,sitting,-0.0390,-0.9982,0.0098,0.8400,-3.5000,-0.1050
62041964,sitting,-0.0395,-0.9987,0.0107,0.8750,-3.5350,-0.0700
62041983,sitting,-0.0395,-0.9977,0.0102,0.8750,-3.5700,-0.0700
62042003,sitting,-0.0390,-0.9980,0.0105,0.8400,-3.5000,-0.0700
62042022,sitting,-0.0398,-0.9977,0.0102,0.8750,-3.5350,-0.0700
62042041,sitting,-0.0398,-0.9977,0.0090,0.9100,-3.5350,-0.0700
62042060,sitting,-0.0390,-0.9987,0.0095,0.8400,-3.5000,-0.0700
62042080,sitting,-0.0390,-0.9987,0.0102,0.8400,-3.5000,-0.1400
62042099,sitting,-0.0390,-0.9987,0.0102,0.8400,-3.5350,-0.0700
62042118,sitting,-0.0390,-0.9984,0.0100,0.8050,-3.5350,-0.0700
62042137,sitting,-0.0388,-0.9984,0.0102,0.8050,-3.5000,-0.0700
62042157,sitting,-0.0390,-0.9982,0.0112,0.8400,-3.5350,-0.0700
62042176,sitting,-0.0400,-0.9989,0.0105,0.8050,-3.5700,-0.0700
62042195,sitting,-0.0393,-0.9984,0.0105,0.8400,-3.5000,-0.0350
62042214,sitting,-0.0393,-0.9975,0.0098,0.8750,-3.5350,-0.0700
62042233,sitting,-0.0383,-0.9982,0.0090,0.8750,-3.5700,-0.0700
62042253,sitting,-0.0393,-0.9975,0.0098,0.8400,-3.5700,-0.0700
62042272,sitting,-0.0390,-0.9987,0.0110,0.8750,-3.5350,-0.0700
62042291,sitting,-0.0398,-0.9977,0.0105,0.9100,-3.5350,-0.0700
62042310,sitting,-0.0393,-0.9987,0.0105,0.9100,-3.5000,-0.1050
62042330,sitting,-0.0388,-0.9970,0.0105,0.8400,-3.4300,-0.0700
62042349,sitting,-0.0398,-0.9984,0.0107,0.8750,-3.5350,-0.0700
62042368,sitting,-0.0395,-0.9977,0.0098,0.8400,-3.5350,-0.0700
62042387,sitting,-0.0390,-0.9982,0.0105,0.8050,-3.5000,-0.1050
62042407,sitting,-0.0398,-0.9977,0.0112,0.8400,-3.5000,-0.0700
62042426,sitting,-0.0388,-0.9987,0.0102,0.8750,-3.5700,-0.0700
62042445,sitting,-0.0395,-0.9984,0.0102,0.8400,-3.5000,-0.0700
62042464,sitting,-0.0378,-0.9982,0.0112,0.8400,-3.5350,-0.0350
62042483,sitting,-0.0393,-0.9982,0.0105,0.8400,-3.5700,-0.1050
62042503,sitting,-0.0386,-0.9980,0.0105,0.9100,-3.5700,-0.0350
62042522,sitting,-0.0400,-0.9980,0.0098,0.8400,-3.5000,-0.0700
62042541,sitting,-0.0393,-0.9982,0.0093,0.8400,-3.5350,-0.0700
62042560,sitting,-0.0398,-0.9982,0.0102,0.8750,-3.5700,-0.0350
62042580,sitting,-0.0398,-0.9975,0.0098,0.8750,-3.4650,-0.0700
62042599,sitting,-0.0390,-0.9977,0.0100,0.8750,-3.5700,-0.0700
62042618,sitting,-0.0390,-0.9972,0.0105,0.8400,-3.5000,-0.0700
62042637,sitting,-0.0388,-0.9982,0.0107,0.8050,-3.5000,-0.0700
62042657,sitting,-0.0395,-0.9982,0.0098,0.9100,-3.5350,0.0000
62042676,sitting,-0.0386,-0.9982,0.0110,0.8400,-3.5700,-0.0350
62042695,sitting,-0.0390,-0.9975,0.0102,0.8750,-3.5350,-0.0350
62042714,sitting,-0.0393,-0.9992,0.0110,0.8400,-3.5000,-0.0700
62042733,sitting,-0.0390,-0.9989,0.0107,0.9100,-3.5350,-0.0700
62042753,sitting,-0.0398,-0.9989,0.0102,0.8750,-3.5700,-0.0350
62042772,sitting,-0.0398,-0.9984,0.0107,0.8750,-3.5350,-0.0700
62042791,sitting,-0.0390,-0.9992,0.0110,0.8400,-3.5350,-0.1050
62042810,sitting,-0.0383,-0.9987,0.0100,0.8400,-3.6050,-0.1050
62042830,sitting,-0.0390,-0.9987,0.0105,0.8400,-3.5350,-0.0700
62042849,sitting,-0.0393,-0.9987,0.0105,0.8400,-3.5700,-0.0350
62042868,sitting,-0.0395,-0.9989,0.0095,0.9100,-3.5700,-0.0700
62042887,sitting,-0.0388,-0.9980,0.0098,0.8400,-3.5700,-0.1050
62042907,sitting,-0.0390,-0.9982,0.0100,0.8750,-3.5700,-0.0700
62042926,sitting,-0.0393,-0.9980,0.0098,0.8400,-3.5700,-0.0700
62042945,sitting,-0.0393,-0.9980,0.0112,0.9100,-3.5700,-0.0350
62042964,sitting,-0.0403,-0.9982,0.0107,0.8400,-3.5350,-0.0700
62042983,sitting,-0.0393,-0.9984,0.0107,0.8750,-3.5350,-0.0350
62043003,sitting,-0.0395,-0.9975,0.0098,0.8400,-3.5350,-0.0700
62043022,sitting,-0.0390,-0.9982,0.0098,0.9100,-3.4650,-0.1050
62043041,sitting,-0.0395,-0.9987,0.0107,0.8400,-3.5000,-0.0700
62043060,sitting,-0.0388,-0.9982,0.0098,0.8400,-3.5350,-0.0700
62043080,sitting,-0.0395,-0.9989,0.0107,0.8400,-3.5000,-0.1050
62043099,sitting,-0.0390,-0.9982,0.0105,0.8400,-3.5000,-0.0700
62043118,sitting,-0.0395,-0.9982,0.0100,0.8750,-3.5700,-0.0700
62043137,sitting,-0.0398,-0.9989,0.0093,0.8750,-3.5350,-0.0700
62043157,sitting,-0.0393,-0.9975,0.0105,0.8400,-3.5000,-0.0700
62043176,sitting,-0.0403,-0.9972,0.0098,0.8750,-3.5350,-0.0350
62043195,sitting,-0.0400,-0.9984,0.0093,0.8750,-3.5350,-0.0350
62043214,sitting,-0.0395,-0.9984,0.0093,0.8750,-3.5000,-0.0700
62043233,sitting,-0.0381,-0.9984,0.0102,0.8400,-3.5350,-0.0350
62043253,sitting,-0.0403,-0.9982,0.0100,0.8400,-3.5700,-0.0700
62043272,sitting,-0.0388,-0.9987,0.0100,0.8400,-3.5000,-0.0350
62043291,sitting,-0.0390,-0.9982,0.0100,0.8400,-3.5350,-0.0700
62043310,sitting,-0.0386,-0.9970,0.0105,0.8400,-3.6050,-0.1050
62043330,sitting,-0.0395,-0.9982,0.0105,0.8400,-3.5000,-0.0700
62043349,sitting,-0.0393,-0.9984,0.0115,0.8050,-3.5350,-0.0700
62043368,sitting,-0.0383,-0.9999,0.0102,0.8750,-3.5700,0.0000
62043387,sitting,-0.0390,-0.9980,0.0102,0.8750,-3.5700,-0.0350
62043407,sitting,-0.0393,-0.9980,0.0100,0.8750,-3.5000,-0.0350
62043426,sitting,-0.0393,-0.9980,0.0100,0.8750,-3.5350,0.0000
62043445,sitting,-0.0376,-0.9975,0.0095,0.9100,-3.5350,-0.0700
62043464,sitting,-0.0395,-0.9982,0.0098,0.8400,-3.5350,-0.0700
62043483,sitting,-0.0400,-0.9992,0.0098,0.8400,-3.5700,-0.1050
62043503,sitting,-0.0398,-0.9987,0.0102,0.8750,-3.5700,-0.0700
62043522,sitting,-0.0395,-0.9994,0.0102,0.8750,-3.5350,-0.0350
62043541,sitting,-0.0398,-0.9982,0.0102,0.8400,-3.5000,-0.0700
62043560,sitting,-0.0388,-0.9975,0.0107,0.9100,-3.5000,-0.0700
62043580,sitting,-0.0393,-0.9980,0.0102,0.8400,-3.5000,-0.0700
62043599,sitting,-0.0393,-0.9980,0.0100,0.8400,-3.5000,-0.0700
62043618,sitting,-0.0407,-0.9982,0.0107,0.8400,-3.5350,-0.0350
62043637,sitting,-0.0403,-0.9982,0.0095,0.8400,-3.5700,-0.0700
62043657,sitting,-0.0390,-0.9982,0.0095,0.8400,-3.5000,-0.1050
62043676,sitting,-0.0388,-0.9987,0.0102,0.8750,-3.5700,-0.0350
62043695,sitting,-0.0395,-0.9980,0.0102,0.8400,-3.5700,-0.1050
62043714,sitting,-0.0393,-0.9982,0.0110,0.8400,-3.5350,-0.0700
62043733,sitting,-0.0395,-0.9975,0.0107,0.8400,-3.5350,-0.1050
62043753,sitting,-0.0390,-0.9982,0.0112,0.8400,-3.5700,-0.0350
62043772,sitting,-0.0393,-0.9984,0.0115,0.8400,-3.5350,-0.0700
62043791,sitting,-0.0383,-0.9980,0.0100,0.8400,-3.5350,-0.0350
62043810,sitting,-0.0388,-0.9980,0.0098,0.8750,-3.5350,-0.0350
62043830,sitting,-0.0393,-0.9980,0.0105,0.8750,-3.5350,-0.0700
62043849,sitting,-0.0393,-0.9982,0.0115,0.8750,-3.5000,-0.0700
62043868,sitting,-0.0388,-0.9980,0.0115,0.8400,-3.4650,-0.0700
62043887,sitting,-0.0390,-0.9980,0.0100,0.8400,-3.5000,-0.0700
62043907,sitting,-0.0393,-0.9977,0.0105,0.8400,-3.5000,-0.0700
62043926,sitting,-0.0388,-0.9987,0.0110,0.8400,-3.5700,-0.0700
62043945,sitting,-0.0390,-0.9984,0.0107,0.8400,-3.5350,-0.0700
62043964,sitting,-0.0395,-0.9982,0.0100,0.8400,-3.5350,-0.0700
62043983,sitting,-0.0400,-0.9975,0.0105,0.8750,-3.5350,-0.0700
62044003,sitting,-0.0403,-0.9982,0.0105,0.8400,-3.5700,-0.1050
62044022,sitting,-0.0395,-0.9980,0.0093,0.8400,-3.5000,-0.0700
62044041,sitting,-0.0410,-0.9984,0.0100,0.8750,-3.5000,-0.0700
62044060,sitting,-0.0400,-0.9984,0.0098,0.8400,-3.5000,-0.0700
62044080,sitting,-0.0398,-0.9982,0.0095,0.9100,-3.6050,-0.0350
62044099,sitting,-0.0398,-0.9980,0.0105,0.9100,-3.5700,-0.0700
62044118,sitting,-0.0395,-0.9975,0.0100,0.8400,-3.5000,-0.1050
62044137,sitting,-0.0400,-0.9977,0.0088,0.8400,-3.5350,-0.0700
62044157,sitting,-0.0390,-0.9980,0.0100,0.8400,-3.5350,-0.1050
62044176,sitting,-0.0400,-0.9987,0.0102,0.8400,-3.5000,-0.1050
62044195,sitting,-0.0393,-0.9975,0.0102,0.8400,-3.5350,-0.1050
62044214,sitting,-0.0398,-0.9975,0.0100,0.8050,-3.5000,-0.0700
62044233,sitting,-0.0388,-0.9987,0.0112,0.8400,-3.5000,-0.0700
62044253,sitting,-0.0383,-0.9984,0.0095,0.8400,-3.5000,-0.0700
62044272,sitting,-0.0403,-0.9984,0.0095,0.8750,-3.4650,-0.1050
62044291,sitting,-0.0390,-0.9984,0.0100,0.8400,-3.5000,-0.1050
62044310,sitting,-0.0393,-0.9980,0.0098,0.8400,-3.6050,-0.0700
62044330,sitting,-0.0403,-0.9989,0.0095,0.8400,-3.5350,-0.1050
62044349,sitting,-0.0398,-0.9982,0.0098,0.8400,-3.5000,-0.0700
62044368,sitting,-0.0390,-0.9987,0.0100,0.8400,-3.5000,-0.0700
62044387,sitting,-0.0390,-0.9982,0.0105,0.8750,-3.5350,-0.0700
62044407,sitting,-0.0395,-0.9977,0.0107,0.8400,-3.5350,-0.0700
62044426,sitting,-0.0388,-0.9980,0.0095,0.8400,-3.5000,-0.0700
62044445,sitting,-0.0395,-0.9980,0.0102,0.8400,-3.5350,-0.0700
62044464,sitting,-0.0405,-0.9992,0.0107,0.9100,-3.5350,-0.0700
62044483,sitting,-0.0403,-0.9982,0.0098,0.8400,-3.5700,-0.0700
62044503,sitting,-0.0390,-0.9984,0.0100,0.8400,-3.5000,-0.0700
62044522,sitting,-0.0390,-0.9992,0.0107,0.8400,-3.5350,-0.0700
62044541,sitting,-0.0398,-0.9982,0.0112,0.8400,-3.5350,-0.0700
62044560,sitting,-0.0393,-0.9982,0.0102,0.8400,-3.5000,-0.0350
62044580,sitting,-0.0393,-0.9980,0.0110,0.8400,-3.5700,-0.0700
62044599,sitting,-0.0386,-0.9984,0.0098,0.8400,-3.5700,-0.0700
62044618,sitting,-0.0395,-0.9980,0.0110,0.8750,-3.5000,-0.0700
62044637,sitting,-0.0393,-0.9977,0.0100,0.8400,-3.5350,-0.1050
62044657,sitting,-0.0393,-0.9982,0.0102,0.8400,-3.5000,-0.0700
62044676,sitting,-0.0400,-0.9984,0.0115,0.8400,-3.5000,-0.0700
62044695,sitting,-0.0400,-0.9989,0.0105,0.8400,-3.5350,-0.0700
62044714,sitting,-0.0390,-0.9984,0.0105,0.8750,-3.5350,-0.0700
62044733,sitting,-0.0383,-0.9980,0.0100,0.8400,-3.5350,-0.0700
62044753,sitting,-0.0398,-0.9984,0.0100,0.8750,-3.5350,-0.1050
62044772,sitting,-0.0383,-0.9982,0.0098,0.8750,-3.5350,-0.0700
62044791,sitting,-0.0383,-0.9989,0.0112,0.8400,-3.5000,-0.0700
62044810,sitting,-0.0395,-0.9984,0.0107,0.8400,-3.5700,-0.0700
62044830,sitting,-0.0395,-0.9975,0.0112,0.8750,-3.5350,-0.0700
62044849,sitting,-0.0393,-0.9984,0.0100,0.8400,-3.5350,-0.1050
62044868,sitting,-0.0398,-0.9984,0.0098,0.8400,-3.4650,-0.0700
62044887,sitting,-0.0386,-0.9982,0.0100,0.8400,-3.5350,-0.0700
62044907,sitting,-0.0388,-0.9977,0.0105,0.8750,-3.5350,-0.0350
62044926,sitting,-0.0386,-0.9987,0.0112,0.8400,-3.5000,-0.0700
62044945,sitting,-0.0393,-0.9975,0.0100,0.8750,-3.5000,-0.0700
62044964,sitting,-0.0383,-0.9980,0.0102,0.8750,-3.5350,-0.0700
62044983,sitting,-0.0398,-0.9970,0.0102,0.8400,-3.5350,-0.0700
62045003,sitting,-0.0393,-0.9975,0.0117,0.8400,-3.5350,-0.0700
62045022,sitting,-0.0398,-0.9977,0.0090,0.8750,-3.5000,-0.0350
62045041,sitting,-0.0400,-0.9984,0.0093,0.8400,-3.5350,-0.0700
62045060,sitting,-0.0393,-0.9980,0.0098,0.8750,-3.4650,-0.0700
62045080,sitting,-0.0398,-0.9987,0.0107,0.9100,-3.5000,-0.1050
62045099,sitting,-0.0393,-0.9977,0.0095,0.8750,-3.5700,-0.0350
62045118,sitting,-0.0390,-0.9977,0.0107,0.8400,-3.5350,-0.0700
62045137,sitting,-0.0388,-0.9977,0.0110,0.8400,-3.4650,-0.0700
62045157,sitting,-0.0390,-0.9972,0.0112,0.8750,-3.5350,-0.0700
62045176,sitting,-0.0400,-0.9977,0.0095,0.8400,-3.5000,-0.0350
62045195,sitting,-0.0395,-0.9987,0.0098,0.8400,-3.5000,-0.0700
62045214,sitting,-0.0390,-0.9987,0.0107,0.8400,-3.5700,-0.0700
62045233,sitting,-0.0386,-0.9972,0.0105,0.8400,-3.5000,-0.0350
62045253,sitting,-0.0393,-0.9975,0.0107,0.8750,-3.4650,-0.0700
62045272,sitting,-0.0393,-0.9987,0.0105,0.8400,-3.5000,-0.0700
62045291,sitting,-0.0393,-0.9984,0.0107,0.8400,-3.5000,-0.1050
62045310,sitting,-0.0395,-0.9984,0.0098,0.8050,-3.5000,-0.0700
62045330,sitting,-0.0393,-0.9982,0.0107,0.8750,-3.5350,-0.0350
62045349,sitting,-0.0400,-0.9982,0.0115,0.8400,-3.5350,-0.0350
62045368,sitting,-0.0398,-0.9982,0.0107,0.8400,-3.5000,-0.0350
62045387,sitting,-0.0398,-0.9984,0.0110,0.8400,-3.5000,-0.0700
62045407,sitting,-0.0400,-0.9975,0.0107,0.8750,-3.5350,0.0000
62045426,sitting,-0.0390,-0.9989,0.0112,0.8400,-3.5350,-0.0350
62045445,sitting,-0.0393,-0.9980,0.0095,0.8400,-3.5000,-0.0700
62045464,sitting,-0.0388,-0.9977,0.0110,0.8400,-3.5700,-0.0700
62045483,sitting,-0.0388,-0.9987,0.0105,0.9100,-3.5700,-0.0700
62045503,sitting,-0.0388,-0.9982,0.0102,0.8400,-3.4650,-0.0700
62045522,sitting,-0.0393,-0.9980,0.0093,0.8400,-3.5000,-0.0700
62045541,sitting,-0.0376,-0.9972,0.0107,0.8400,-3.5700,-0.0700
62045560,sitting,-0.0381,-0.9982,0.0107,0.8400,-3.5350,-0.0350
62045580,sitting,-0.0395,-0.9977,0.0095,0.8750,-3.5700,-0.0700
62045599,sitting,-0.0390,-0.9982,0.0100,0.8750,-3.5700,-0.0700
62045618,sitting,-0.0390,-0.9980,0.0100,0.8400,-3.5700,-0.0700
62045637,sitting,-0.0395,-0.9980,0.0102,0.8050,-3.4650,-0.0700
62045657,sitting,-0.0381,-0.9977,0.0102,0.8400,-3.5000,-0.0350
62045676,sitting,-0.0388,-0.9982,0.0098,0.8400,-3.5350,-0.0350
62045695,sitting,-0.0403,-0.9980,0.0107,0.8050,-3.5000,-0.0350
62045714,sitting,-0.0390,-0.9977,0.0102,0.8400,-3.5350,-0.0700
62045733,sitting,-0.0395,-0.9982,0.0095,0.8400,-3.5350,-0.1050
62045753,sitting,-0.0390,-0.9987,0.0110,0.8050,-3.5000,-0.0700
62045772,sitting,-0.0395,-0.9982,0.0107,0.8750,-3.5000,-0.0700
62045791,sitting,-0.0386,-0.9984,0.0112,0.9100,-3.5350,-0.0700
62045810,sitting,-0.0393,-0.9987,0.0102,0.9100,-3.5000,-0.0350
62045830,sitting,-0.0388,-0.9977,0.0105,0.8400,-3.5350,-0.0700
62045849,sitting,-0.0400,-0.9972,0.0102,0.8400,-3.5350,-0.1050
62045868,sitting,-0.0383,-0.9980,0.0105,0.8400,-3.5000,-0.0700
62045887,sitting,-0.0386,-0.9980,0.0098,0.8400,-3.5000,-0.1050
62045907,sitting,-0.0405,-0.9982,0.0105,0.8750,-3.5700,-0.0350
62045926,sitting,-0.0381,-0.9975,0.0102,0.8750,-3.5000,-0.0700
62045945,sitting,-0.0390,-0.9984,0.0112,0.8400,-3.5000,-0.0700
62045964,sitting,-0.0390,-0.9984,0.0107,0.8750,-3.5700,-0.0700
62045983,sitting,-0.0400,-0.9987,0.0100,0.8750,-3.5350,-0.1400
62046003,sitting,-0.0395,-0.9980,0.0100,0.8400,-3.5350,-0.0700
62046022,sitting,-0.0388,-0.9984,0.0102,0.8400,-3.5000,-0.1050
62046041,sitting,-0.0398,-0.9977,0.0107,0.8400,-3.5350,-0.0700
62046060,sitting,-0.0393,-0.9984,0.0100,0.8400,-3.5350,-0.0700
62046080,sitting,-0.0390,-0.9977,0.0105,0.8400,-3.5000,-0.0700
62046099,sitting,-0.0386,-0.9984,0.0100,0.8400,-3.5000,-0.0700
62046118,sitting,-0.0383,-0.9977,0.0100,0.8050,-3.5700,-0.0350
62046137,sitting,-0.0395,-0.9982,0.0102,0.8400,-3.5000,-0.0700
62046157,sitting,-0.0386,-0.9972,0.0107,0.8400,-3.5350,-0.0700
62046176,sitting,-0.0395,-0.9982,0.0107,0.8050,-3.5350,-0.0700
62046195,sitting,-0.0388,-0.9982,0.0100,0.8400,-3.5000,-0.1400
62046214,sitting,-0.0383,-0.9982,0.0093,0.8400,-3.5350,-0.0700
62046233,sitting,-0.0393,-0.9989,0.0100,0.8750,-3.5350,-0.0700
62046253,sitting,-0.0386,-0.9987,0.0102,0.9100,-3.5700,-0.0350
62046272,sitting,-0.0388,-0.9982,0.0100,0.8400,-3.5350,-0.0700
62046291,sitting,-0.0378,-0.9997,0.0100,0.9100,-3.6050,-0.0700
62046310,sitting,-0.0393,-0.9987,0.0107,0.8400,-3.5700,-0.0700
62046330,sitting,-0.0395,-0.9980,0.0110,0.8400,-3.5000,-0.0700
62046349,sitting,-0.0398,-0.9989,0.0110,0.8400,-3.6050,-0.0700
62046368,sitting,-0.0393,-0.9977,0.0110,0.8400,-3.5350,-0.0350
62046387,sitting,-0.0395,-0.9975,0.0107,0.8400,-3.5000,-0.1050
62046407,sitting,-0.0400,-0.9977,0.0107,0.8400,-3.5350,-0.0700
62046426,sitting,-0.0395,-0.9982,0.0107,0.8400,-3.5350,-0.0700
62046445,sitting,-0.0398,-0.9984,0.0102,0.8750,-3.5350,-0.0700
62046464,sitting,-0.0400,-0.9977,0.0102,0.8400,-3.5000,-0.1050
62046483,sitting,-0.0393,-0.9977,0.0105,0.8750,-3.5350,-0.0700
62046503,sitting,-0.0386,-0.9977,0.0102,0.8750,-3.5700,-0.1050
62046522,sitting,-0.0390,-0.9982,0.0107,0.8400,-3.5000,-0.1050
62046541,sitting,-0.0393,-0.9987,0.0100,0.8750,-3.5700,-0.0700
62046560,sitting,-0.0395,-0.9989,0.0095,0.8400,-3.5700,-0.0700
62046580,sitting,-0.0390,-0.9977,0.0098,0.8400,-3.5350,-0.0700
62046599,sitting,-0.0395,-0.9975,0.0112,0.8400,-3.5350,-0.0700
62046618,sitting,-0.0386,-0.9977,0.0100,0.8750,-3.5350,-0.1050
62046637,sitting,-0.0393,-0.9975,0.0098,0.8750,-3.5700,-0.0700
62046657,sitting,-0.0398,-0.9977,0.0095,0.8050,-3.5000,0.0000
62046676,sitting,-0.0383,-0.9984,0.0105,0.8400,-3.5700,-0.0700
62046695,sitting,-0.0388,-0.9987,0.0102,0.8400,-3.5350,-0.0700
62046714,sitting,-0.0393,-0.9982,0.0093,0.8400,-3.5000,-0.0700
62046733,sitting,-0.0390,-0.9982,0.0098,0.8750,-3.5700,-0.0350
62046753,sitting,-0.0388,-0.9977,0.0093,0.8750,-3.5000,-0.0350
62046772,sitting,-0.0393,-0.9987,0.0090,0.8400,-3.4650,-0.0700
62046791,sitting,-0.0393,-0.9984,0.0105,0.8400,-3.5350,-0.0350
62046810,sitting,-0.0395,-0.9989,0.0102,0.9100,-3.5700,-0.0350
62046830,sitting,-0.0393,-0.9987,0.0100,0.8400,-3.5350,-0.0700
62046849,sitting,-0.0383,-0.9987,0.0110,0.8400,-3.4650,-0.0700
62046868,sitting,-0.0390,-0.9982,0.0098,0.8750,-3.5700,-0.1050
62046887,sitting,-0.0390,-0.9980,0.0098,0.9100,-3.5700,-0.0700
62046907,sitting,-0.0393,-0.9984,0.0110,0.8400,-3.5000,-0.1050
62046926,sitting,-0.0393,-0.9982,0.0100,0.8750,-3.5350,-0.0700
62046945,sitting,-0.0390,-0.9982,0.0102,0.8400,-3.5000,-0.0700
62046964,sitting,-0.0398,-0.9984,0.0098,0.8400,-3.4300,-0.0700
62046983,sitting,-0.0386,-0.9980,0.0110,0.9100,-3.5350,-0.0350
62047003,sitting,-0.0390,-0.9980,0.0107,0.8750,-3.5700,-0.0350
62047022,sitting,-0.0393,-0.9987,0.0105,0.8400,-3.5000,0.0000
62047041,sitting,-0.0390,-0.9982,0.0100,0.8400,-3.5000,-0.0700
62047060,sitting,-0.0393,-0.9980,0.0102,0.9100,-3.5700,-0.0700
62047080,sitting,-0.0388,-0.9984,0.0102,0.8400,-3.5000,-0.1400
62047099,sitting,-0.0383,-0.9982,0.0110,0.8750,-3.5000,-0.0700
62047118,sitting,-0.0388,-0.9984,0.0102,0.8400,-3.5350,-0.0700
62047137,sitting,-0.0393,-0.9972,0.0102,0.8750,-3.5350,-0.1050
62047157,sitting,-0.0386,-0.9980,0.0112,0.8400,-3.5000,-0.1050
62047176,sitting,-0.0390,-0.9982,0.0095,0.8400,-3.5350,-0.0700
62047195,sitting,-0.0383,-0.9982,0.0120,0.8400,-3.5350,0.0000
62047214,sitting,-0.0388,-0.9980,0.0107,0.8400,-3.5350,-0.0700
62047233,sitting,-0.0390,-0.9970,0.0110,0.8400,-3.5000,-0.1050
62047253,sitting,-0.0393,-0.9980,0.0098,0.8750,-3.5000,-0.0700
62047272,sitting,-0.0390,-0.9987,0.0095,0.8400,-3.5000,-0.1050
62047291,sitting,-0.0386,-0.9975,0.0102,0.8400,-3.5700,-0.0350
62047310,sitting,-0.0395,-0.9982,0.0102,0.9100,-3.5700,-0.0350
62047330,sitting,-0.0398,-0.9982,0.0100,0.8400,-3.5350,-0.0700
62047349,sitting,-0.0393,-0.9984,0.0112,0.8400,-3.5700,-0.0700
62047368,sitting,-0.0398,-0.9980,0.0102,0.8400,-3.5700,-0.0700
62047387,sitting,-0.0395,-0.9977,0.0110,0.8750,-3.5700,-0.0700
62047407,sitting,-0.0398,-0.9975,0.0110,0.8400,-3.5000,-0.0700
62047426,sitting,-0.0393,-0.9984,0.0090,0.8750,-3.5000,-0.0700
62047445,sitting,-0.0386,-0.9982,0.0095,0.8750,-3.5350,-0.0700
62047464,sitting,-0.0405,-0.9982,0.0110,0.9100,-3.5350,-0.1050
62047483,sitting,-0.0395,-0.9980,0.0112,0.8750,-3.5350,-0.0700
62047503,sitting,-0.0393,-0.9982,0.0100,0.8400,-3.5000,-0.0700
62047522,sitting,-0.0400,-0.9980,0.0105,0.8400,-3.5350,-0.0700
62047541,sitting,-0.0398,-0.9992,0.0107,0.8400,-3.5000,-0.1050
62047560,sitting,-0.0398,-0.9987,0.0105,0.8050,-3.5000,-0.1050
62047580,sitting,-0.0400,-0.9989,0.0110,0.8750,-3.5700,-0.1050
62047599,sitting,-0.0390,-0.9980,0.0107,0.8400,-3.4650,-0.0700
62047618,sitting,-0.0398,-0.9980,0.0105,0.8050,-3.5350,-0.0700
62047637,sitting,-0.0393,-0.9980,0.0100,0.8400,-3.6400,-0.0700
62047657,sitting,-0.0386,-0.9975,0.0107,0.8400,-3.5350,-0.0700
62047676,sitting,-0.0386,-0.9977,0.0110,0.8400,-3.5350,-0.0700
62047695,sitting,-0.0390,-0.9972,0.0102,0.8750,-3.5350,-0.0700
62047714,sitting,-0.0390,-0.9977,0.0107,0.8750,-3.5000,-0.0700
62047733,sitting,-0.0388,-0.9992,0.0110,0.8050,-3.4650,-0.0700
62047753,sitting,-0.0390,-0.9984,0.0110,0.8050,-3.5350,-0.0700
62047772,sitting,-0.0390,-0.9972,0.0100,0.8750,-3.5700,-0.0700
62047791,sitting,-0.0398,-0.9984,0.0095,0.8400,-3.5350,-0.1050
62047810,sitting,-0.0398,-0.9984,0.0112,0.8400,-3.5350,-0.0350
62047830,sitting,-0.0388,-0.9987,0.0112,0.8400,-3.5000,-0.0700
62047849,sitting,-0.0393,-0.9984,0.0107,0.8050,-3.5000,-0.1050
62047868,sitting,-0.0388,-0.9984,0.0100,0.8400,-3.5000,-0.1050
62047887,sitting,-0.0393,-0.9980,0.0100,0.8750,-3.5700,-0.0700
62047907,sitting,-0.0393,-0.9982,0.0112,0.8750,-3.5000,-0.0350
62047926,sitting,-0.0390,-0.9980,0.0095,0.8400,-3.5350,-0.0700
62047945,sitting,-0.0395,-0.9980,0.0102,0.8400,-3.5350,-0.0700
62047964,sitting,-0.0393,-0.9977,0.0105,0.8400,-3.5000,-0.0700
62047983,sitting,-0.0381,-0.9977,0.0102,0.8400,-3.5000,-0.1050
62048003,sitting,-0.0395,-0.9965,0.0105,0.8400,-3.5350,-0.0700
62048022,sitting,-0.0386,-0.9989,0.0100,0.8750,-3.5700,-0.0700
62048041,sitting,-0.0381,-0.9989,0.0102,0.8400,-3.5000,-0.1400
62048060,sitting,-0.0390,-0.9982,0.0105,0.8750,-3.5000,-0.0350
62048080,sitting,-0.0386,-0.9980,0.0102,0.8750,-3.5350,-0.0700
62048099,sitting,-0.0383,-0.9980,0.0100,0.8400,-3.5700,-0.1050
62048118,sitting,-0.0388,-0.9982,0.0105,0.8400,-3.5350,-0.0700
62048137,sitting,-0.0386,-0.9987,0.0098,0.8400,-3.5350,-0.0700
62048157,sitting,-0.0386,-0.9980,0.0102,0.8400,-3.5350,-0.0700
62048176,sitting,-0.0400,-0.9980,0.0107,0.8400,-3.4650,-0.0700
62048195,sitting,-0.0395,-0.9975,0.0100,0.9100,-3.5350,-0.0700
62048214,sitting,-0.0390,-0.9980,0.0107,0.8400,-3.5700,-0.0700
62048233,sitting,-0.0395,-0.9977,0.0095,0.8400,-3.5000,-0.0700
62048253,sitting,-0.0398,-0.9997,0.0107,0.8400,-3.5350,-0.1050
62048272,sitting,-0.0400,-0.9980,0.0102,0.9100,-3.5700,-0.0700
62048291,sitting,-0.0393,-0.9980,0.0100,0.8400,-3.5000,-0.0700
62048310,sitting,-0.0390,-0.9982,0.0093,0.8400,-3.5000,-0.0700
62048330,sitting,-0.0390,-0.9980,0.0100,0.9100,-3.5350,-0.0700
62048349,sitting,-0.0393,-0.9984,0.0107,0.8750,-3.5350,-0.0350
62048368,sitting,-0.0390,-0.9987,0.0098,0.8400,-3.5350,-0.0350
62048387,sitting,-0.0386,-0.9982,0.0110,0.9100,-3.5000,-0.0350
62048407,sitting,-0.0393,-0.9982,0.0105,0.9100,-3.6050,-0.0700
62048426,sitting,-0.0390,-0.9984,0.0107,0.8750,-3.6050,-0.0700
62048445,sitting,-0.0400,-0.9977,0.0095,0.8400,-3.5350,-0.0700
62048464,sitting,-0.0398,-0.9987,0.0093,0.8400,-3.5700,-0.0700
62048483,sitting,-0.0393,-0.9984,0.0100,0.8750,-3.5350,-0.0350
62048503,sitting,-0.0390,-0.9982,0.0100,0.8400,-3.5000,-0.0350
62048522,sitting,-0.0388,-0.9980,0.0107,0.8400,-3.5700,-0.0700
62048541,sitting,-0.0378,-0.9982,0.0102,0.8400,-3.5700,-0.0700
62048560,sitting,-0.0390,-0.9980,0.0102,0.8400,-3.4650,-0.1050
62048580,sitting,-0.0395,-0.9982,0.0098,0.9100,-3.5000,-0.0350
62048599,sitting,-0.0400,-0.9982,0.0100,0.8750,-3.5700,0.0000
62048618,sitting,-0.0390,-0.9982,0.0102,0.8050,-3.5000,-0.0350
62048637,sitting,-0.0393,-0.9972,0.0105,0.8750,-3.5350,-0.0700
62048657,sitting,-0.0390,-0.9972,0.0110,0.8400,-3.5350,-0.1050
62048676,sitting,-0.0393,-0.9984,0.0105,0.8400,-3.5000,-0.1050
62048695,sitting,-0.0388,-0.9982,0.0100,0.8400,-3.5350,-0.0700
62048714,sitting,-0.0403,-0.9975,0.0102,0.8750,-3.5350,-0.0700
62048733,sitting,-0.0390,-0.9984,0.0102,0.8750,-3.5000,-0.0700
62048753,sitting,-0.0393,-0.9984,0.0107,0.8750,-3.5000,-0.0700
62048772,sitting,-0.0388,-0.9982,0.0100,0.8750,-3.5350,-0.0350
62048791,sitting,-0.0395,-0.9982,0.0107,0.8750,-3.5350,-0.1050
62048810,sitting,-0.0383,-0.9982,0.0095,0.8750,-3.4650,-0.0700
62048830,sitting,-0.0393,-0.9980,0.0110,0.9100,-3.5350,-0.0700
62048849,sitting,-0.0393,-0.9994,0.0105,0.8750,-3.5700,-0.0350
62048868,sitting,-0.0386,-0.9987,0.0090,0.8400,-3.5350,-0.0700
62048887,sitting,-0.0390,-0.9977,0.0098,0.8750,-3.5000,-0.0700
62048907,sitting,-0.0390,-0.9982,0.0100,0.9100,-3.6050,-0.0350
62048926,sitting,-0.0383,-0.9977,0.0102,0.8400,-3.5350,-0.0700
62048945,sitting,-0.0395,-0.9984,0.0107,0.8400,-3.5000,-0.0700
62048964,sitting,-0.0388,-0.9984,0.0107,0.8750,-3.5700,-0.0700
62048983,sitting,-0.0390,-0.9984,0.0107,0.8400,-3.5350,-0.0700
62049003,sitting,-0.0388,-0.9982,0.0098,0.8400,-3.5000,-0.0350
62049022,sitting,-0.0388,-0.9992,0.0110,0.8400,-3.5350,-0.0700
62049041,sitting,-0.0393,-0.9982,0.0107,0.8750,-3.5350,-0.1050
62049060,sitting,-0.0395,-0.9982,0.0107,0.8400,-3.5000,-0.0700
62049080,sitting,-0.0393,-0.9980,0.0105,0.8400,-3.5000,-0.0350
62049099,sitting,-0.0388,-0.9977,0.0102,0.8750,-3.5700,-0.0700
62049118,sitting,-0.0390,-0.9977,0.0100,0.8400,-3.5000,-0.0700
62049137,sitting,-0.0393,-0.9980,0.0100,0.8400,-3.5000,-0.0700
62049157,sitting,-0.0388,-0.9984,0.0105,0.8750,-3.5700,-0.0350
62049176,sitting,-0.0393,-0.9987,0.0105,0.8400,-3.5700,-0.0700
62049195,sitting,-0.0395,-0.9982,0.0100,0.8400,-3.5350,-0.0350
62049214,sitting,-0.0400,-0.9992,0.0110,0.8400,-3.5350,-0.0700
62049233,sitting,-0.0390,-0.9987,0.0100,0.8400,-3.5000,-0.0700
62049253,sitting,-0.0393,-0.9980,0.0115,0.8400,-3.5000,-0.0700
62049272,sitting,-0.0398,-0.9989,0.0102,0.8400,-3.5700,-0.0700
62049291,sitting,-0.0403,-0.9984,0.0093,0.8400,-3.5700,-0.0700
62049310,sitting,-0.0398,-0.9987,0.0098,0.8400,-3.5000,-0.0700
62049330,sitting,-0.0395,-0.9980,0.0102,0.8050,-3.5000,-0.0700
62049349,sitting,-0.0393,-0.9972,0.0105,0.8400,-3.5350,-0.0700
62049368,sitting,-0.0388,-0.9975,0.0102,0.8050,-3.5000,-0.0350
62049387,sitting,-0.0388,-0.9982,0.0100,0.8050,-3.5350,-0.0700
62049407,sitting,-0.0388,-0.9984,0.0102,0.8750,-3.5000,-0.0700
62049426,sitting,-0.0388,-0.9987,0.0100,0.8400,-3.5700,-0.0700
62049445,sitting,-0.0395,-0.9984,0.0105,0.8750,-3.5000,-0.1050
62049464,sitting,-0.0378,-0.9989,0.0102,0.8750,-3.5000,-0.0350
62049483,sitting,-0.0400,-0.9987,0.0107,0.8400,-3.5350,-0.0700
62049503,sitting,-0.0403,-0.9989,0.0102,0.8400,-3.5350,-0.0700
62049522,sitting,-0.0398,-0.9997,0.0107,0.8400,-3.5350,-0.1400
62049541,sitting,-0.0386,-0.9975,0.0098,0.8400,-3.5000,-0.0700
62049560,sitting,-0.0386,-0.9977,0.0098,0.8400,-3.5350,-0.0700
62049580,sitting,-0.0378,-0.9984,0.0095,0.8400,-3.5700,0.0000
62049599,sitting,-0.0395,-0.9980,0.0102,0.8400,-3.5350,0.0000
62049618,sitting,-0.0388,-0.9980,0.0098,0.8750,-3.5700,-0.0350
62049637,sitting,-0.0390,-0.9977,0.0102,0.8050,-3.5350,-0.0700
62049657,sitting,-0.0390,-0.9984,0.0095,0.8400,-3.5700,0.0000
62049676,sitting,-0.0381,-0.9984,0.0117,0.9100,-3.5350,-0.0350
62049695,sitting,-0.0381,-0.9977,0.0107,0.8400,-3.5000,0.0000
62049714,sitting,-0.0390,-0.9982,0.0098,0.8750,-3.4650,-0.0700
62049733,sitting,-0.0390,-0.9989,0.0105,0.8750,-3.5000,-0.0350
62049753,sitting,-0.0393,-0.9980,0.0102,0.8750,-3.5000,-0.1050
62049772,sitting,-0.0393,-0.9989,0.0090,0.8400,-3.5350,0.0000
62049791,sitting,-0.0398,-0.9980,0.0100,0.9100,-3.5700,-0.0700
62049810,sitting,-0.0395,-0.9980,0.0102,0.8750,-3.5350,-0.0700
62049830,sitting,-0.0390,-0.9984,0.0117,0.8400,-3.5000,-0.0700
62049849,sitting,-0.0400,-0.9987,0.0115,0.8400,-3.5350,-0.0700
62049868,sitting,-0.0398,-0.9980,0.0107,0.8400,-3.5700,-0.0700
62049887,sitting,-0.0381,-0.9989,0.0095,0.8400,-3.5350,-0.0700
62049907,sitting,-0.0390,-0.9977,0.0100,0.8750,-3.5000,-0.0700
62049926,sitting,-0.0398,-0.9980,0.0100,0.8400,-3.5000,-0.0350
62049945,sitting,-0.0390,-0.9977,0.0100,0.7700,-3.5350,-0.0700
62049964,sitting,-0.0378,-0.9984,0.0105,0.8400,-3.5000,-0.1050
62049983,sitting,-0.0393,-0.9980,0.0110,0.8750,-3.5000,-0.0700
62050003,sitting,-0.0383,-0.9982,0.0110,0.8750,-3.5700,-0.0700
62050022,sitting,-0.0395,-0.9982,0.0102,0.8400,-3.5000,-0.0700
62050041,sitting,-0.0388,-0.9992,0.0093,0.8750,-3.5700,-0.0700
62050060,sitting,-0.0395,-0.9987,0.0107,0.8750,-3.5700,-0.0700
62050080,sitting,-0.0395,-0.9992,0.0102,0.8750,-3.5000,-0.0700
62050099,sitting,-0.0383,-0.9984,0.0107,0.8750,-3.5000,-0.0700
62050118,sitting,-0.0395,-0.9975,0.0105,0.8400,-3.6050,0.0000
62050137,sitting,-0.0395,-0.9975,0.0107,0.8050,-3.5000,-0.1050
62050157,sitting,-0.0398,-0.9980,0.0100,0.8750,-3.5350,-0.0700
62050176,sitting,-0.0398,-0.9982,0.0098,0.9100,-3.6400,-0.0700
62050195,sitting,-0.0390,-0.9989,0.0090,0.8750,-3.5350,-0.0350
62050214,sitting,-0.0395,-0.9980,0.0098,0.8400,-3.5000,-0.1050
62050233,sitting,-0.0390,-0.9980,0.0105,0.8750,-3.5700,-0.0700
62050253,sitting,-0.0407,-0.9975,0.0098,0.8750,-3.5700,-0.0700
62050272,sitting,-0.0395,-0.9970,0.0102,0.8400,-3.5350,-0.0350
62050291,sitting,-0.0388,-0.9980,0.0110,0.8750,-3.5700,-0.0700
62050310,sitting,-0.0393,-0.9987,0.0102,0.8750,-3.5700,-0.1050
62050330,sitting,-0.0390,-0.9980,0.0105,0.8400,-3.5000,-0.1050
62050349,sitting,-0.0395,-0.9977,0.0110,0.8400,-3.5350,-0.0700
62050368,sitting,-0.0395,-0.9982,0.0107,0.9100,-3.5700,-0.0700
62050387,sitting,-0.0393,-0.9989,0.0093,0.8400,-3.5350,-0.0700
62050407,sitting,-0.0386,-0.9982,0.0088,0.8750,-3.5350,-0.0350
62050426,sitting,-0.0395,-0.9982,0.0102,0.8750,-3.5700,-0.0700
62050445,sitting,-0.0390,-0.9975,0.0110,0.8400,-3.5350,-0.0350
62050464,sitting,-0.0398,-0.9972,0.0098,0.8400,-3.5000,-0.0700
62050483,sitting,-0.0400,-0.9975,0.0100,0.8400,-3.5350,-0.0700
62050503,sitting,-0.0390,-0.9984,0.0102,0.9100,-3.5350,-0.0350
62050522,sitting,-0.0390,-0.9982,0.0110,0.8400,-3.5000,-0.0700
62050541,sitting,-0.0398,-0.9980,0.0120,0.8050,-3.5000,-0.1400
62050560,sitting,-0.0388,-0.9977,0.0110,0.8750,-3.5700,-0.1050
62050580,sitting,-0.0388,-0.9982,0.0102,0.9100,-3.6050,-0.0700
62050599,sitting,-0.0390,-0.9984,0.0098,0.8400,-3.5000,-0.1050
62050618,sitting,-0.0383,-0.9984,0.0110,0.9100,-3.5350,-0.0700
62050637,sitting,-0.0393,-0.9984,0.0090,0.8750,-3.5700,-0.0350
62050657,sitting,-0.0405,-0.9984,0.0105,0.8750,-3.5350,-0.0350
62050676,sitting,-0.0381,-0.9989,0.0090,0.8400,-3.5700,-0.0700
62050695,sitting,-0.0398,-0.9982,0.0105,0.8750,-3.5350,-0.0700
62050714,sitting,-0.0393,-0.9975,0.0100,0.8050,-3.5000,-0.1050
62050733,sitting,-0.0395,-0.9989,0.0093,0.8750,-3.5000,-0.1050
62050753,sitting,-0.0388,-0.9984,0.0102,0.8750,-3.5350,-0.0700
62050772,sitting,-0.0388,-0.9989,0.0100,0.8050,-3.5000,-0.0700
62050791,sitting,-0.0393,-0.9982,0.0095,0.8750,-3.5000,-0.0700
62050810,sitting,-0.0383,-0.9982,0.0107,0.8050,-3.5350,-0.0700
62050830,sitting,-0.0395,-0.9987,0.0112,0.8400,-3.5000,-0.0700
62050849,sitting,-0.0395,-0.9980,0.0085,0.8400,-3.5350,-0.0700
62050868,sitting,-0.0398,-0.9987,0.0095,0.8750,-3.5700,-0.0700
62050887,sitting,-0.0398,-0.9975,0.0105,0.8400,-3.5000,-0.1050
62050907,sitting,-0.0398,-0.9984,0.0102,0.8400,-3.5000,-0.0700
62050926,sitting,-0.0398,-0.9980,0.0107,0.9100,-3.5000,-0.0700
62050945,sitting,-0.0390,-0.9982,0.0102,0.8750,-3.5350,-0.1050
62050964,sitting,-0.0390,-0.9994,0.0110,0.8050,-3.4650,-0.0700
62050983,sitting,-0.0393,-0.9987,0.0100,0.8400,-3.5000,-0.1050
62051003,sitting,-0.0395,-0.9992,0.0110,0.8400,-3.5350,-0.0700
62051022,sitting,-0.0390,-0.9975,0.0102,0.8400,-3.5350,0.0000
62051041,sitting,-0.0395,-0.9984,0.0110,0.8400,-3.4650,-0.0700
62051060,sitting,-0.0393,-0.9984,0.0105,0.8750,-3.5350,-0.1050
62051080,sitting,-0.0400,-0.9980,0.0100,0.8750,-3.5000,-0.0700
62051099,sitting,-0.0395,-0.9977,0.0105,0.8400,-3.5000,-0.0700
62051118,sitting,-0.0388,-0.9987,0.0107,0.8750,-3.5000,-0.0700
62051137,sitting,-0.0390,-0.9980,0.0095,0.8750,-3.5350,-0.0700
62051157,sitting,-0.0393,-0.9977,0.0102,0.8750,-3.4650,-0.0350
62051176,sitting,-0.0398,-0.9980,0.0093,0.8750,-3.5000,-0.0350
62051195,sitting,-0.0393,-0.9980,0.0085,0.8400,-3.5000,-0.0700
62051214,sitting,-0.0398,-0.9975,0.0098,0.8750,-3.5350,-0.0700
62051233,sitting,-0.0398,-0.9972,0.0098,0.8400,-3.5350,-0.0700
62051253,sitting,-0.0393,-0.9982,0.0105,0.8400,-3.5350,-0.0700
62051272,sitting,-0.0393,-0.9989,0.0105,0.8750,-3.5350,-0.0700
62051291,sitting,-0.0398,-0.9972,0.0110,0.8400,-3.5350,-0.0350
62051310,sitting,-0.0395,-0.9987,0.0100,0.8400,-3.5000,-0.0700
62051330,sitting,-0.0390,-0.9989,0.0112,0.9100,-3.5000,-0.0700
62051349,sitting,-0.0386,-0.9980,0.0105,0.8750,-3.5000,-0.0700
62051368,sitting,-0.0400,-0.9980,0.0095,0.8750,-3.5350,-0.0700
62051387,sitting,-0.0398,-0.9984,0.0102,0.9100,-3.5700,-0.0700
62051407,sitting,-0.0390,-0.9980,0.0098,0.8400,-3.5000,-0.0700
62051426,sitting,-0.0393,-0.9984,0.0093,0.8750,-3.5000,-0.0700
62051445,sitting,-0.0393,-0.9977,0.0098,0.8750,-3.5350,-0.0700
62051464,sitting,-0.0395,-0.9987,0.0110,0.8400,-3.5000,-0.0700
62051483,sitting,-0.0393,-0.9989,0.0105,0.8400,-3.5000,-0.0350
62051503,sitting,-0.0390,-0.9977,0.0107,0.9100,-3.5000,-0.0700
62051522,sitting,-0.0393,-0.9977,0.0105,0.8400,-3.5350,-0.0700
62051541,sitting,-0.0395,-0.9984,0.0095,0.8400,-3.4650,-0.0700
62051560,sitting,-0.0386,-0.9987,0.0107,0.8750,-3.5350,-0.0700
62051580,sitting,-0.0393,-0.9984,0.0102,0.8400,-3.5350,-0.0700
62051599,sitting,-0.0403,-0.9982,0.0095,0.8750,-3.5350,-0.0350
62051618,sitting,-0.0398,-0.9987,0.0100,0.8400,-3.5000,-0.0700
62051637,sitting,-0.0400,-0.9980,0.0098,0.8750,-3.5700,-0.1050
62051657,sitting,-0.0398,-0.9989,0.0110,0.9100,-3.5350,-0.1050
62051676,sitting,-0.0386,-0.9984,0.0088,0.8400,-3.5350,-0.0700
62051695,sitting,-0.0388,-0.9984,0.0100,0.8400,-3.5700,-0.1050
62051714,sitting,-0.0390,-0.9980,0.0098,0.8400,-3.5700,-0.0700
62051733,sitting,-0.0388,-0.9980,0.0098,0.8400,-3.5000,-0.0700
62051753,sitting,-0.0383,-0.9992,0.0098,0.8400,-3.5350,-0.0700
62051772,sitting,-0.0393,-0.9987,0.0110,0.8400,-3.5700,-0.0700
62051791,sitting,-0.0393,-0.9982,0.0102,0.8400,-3.5350,-0.0700
62051810,sitting,-0.0390,-0.9982,0.0093,0.8750,-3.4650,-0.1050
62051830,sitting,-0.0388,-0.9975,0.0100,0.8750,-3.5350,-0.0700
62051849,sitting,-0.0381,-0.9982,0.0110,0.8400,-3.5000,-0.0700
62051868,sitting,-0.0395,-0.9987,0.0102,0.8400,-3.5000,-0.0700
62051887,sitting,-0.0400,-0.9987,0.0102,0.8750,-3.5700,-0.0700
62051907,sitting,-0.0393,-0.9984,0.0107,0.8400,-3.5350,-0.0700
62051926,sitting,-0.0388,-0.9980,0.0102,0.8050,-3.4650,-0.0700
62051945,sitting,-0.0405,-0.9984,0.0095,0.8400,-3.5350,-0.1050
62051964,sitting,-0.0383,-0.9987,0.0098,0.8400,-3.5350,-0.0700
62051983,sitting,-0.0400,-0.9984,0.0107,0.8400,-3.5350,-0.0350
62052003,sitting,-0.0398,-0.9982,0.0110,0.8750,-3.5350,-0.1050
62052022,sitting,-0.0398,-0.9984,0.0105,0.8400,-3.5700,-0.0700
62052041,sitting,-0.0388,-0.9980,0.0102,0.8400,-3.5000,-0.0700
62052060,sitting,-0.0378,-0.9972,0.0100,0.8400,-3.5350,-0.0700
62052080,sitting,-0.0388,-0.9987,0.0093,0.8750,-3.5350,-0.0700
62052099,sitting,-0.0400,-0.9989,0.0100,0.8750,-3.5700,-0.1050
62052118,sitting,-0.0395,-0.9984,0.0098,0.8400,-3.4650,-0.1050
62052137,sitting,-0.0403,-0.9989,0.0095,0.8400,-3.5350,-0.0350
62052157,sitting,-0.0398,-0.9984,0.0107,0.8750,-3.5700,-0.1050
62052176,sitting,-0.0395,-0.9987,0.0107,0.8400,-3.5350,-0.1050
62052195,sitting,-0.0383,-0.9987,0.0105,0.8400,-3.5000,-0.0700
62052214,sitting,-0.0386,-0.9984,0.0110,0.8750,-3.5700,-0.0700
62052233,sitting,-0.0395,-0.9972,0.0098,0.8750,-3.5000,-0.0700
62052253,sitting,-0.0400,-0.9982,0.0110,0.8750,-3.5000,-0.0700
62052272,sitting,-0.0393,-0.9977,0.0105,0.9100,-3.5700,-0.0700
62052291,sitting,-0.0383,-0.9982,0.0095,0.8750,-3.5350,-0.0700
62052310,sitting,-0.0390,-0.9992,0.0098,0.8400,-3.5350,-0.0350
62052330,sitting,-0.0386,-0.9982,0.0105,0.8750,-3.5350,-0.1050
62052349,sitting,-0.0390,-0.9980,0.0112,0.8400,-3.5000,-0.1050
62052368,sitting,-0.0403,-0.9980,0.0102,0.8750,-3.5700,-0.0700
62052387,sitting,-0.0390,-0.9980,0.0098,0.8400,-3.5350,-0.0350
62052407,sitting,-0.0398,-0.9984,0.0100,0.9100,-3.5700,-0.0700
62052426,sitting,-0.0390,-0.9982,0.0105,0.8400,-3.5350,-0.1050
62052445,sitting,-0.0393,-0.9980,0.0110,0.8750,-3.5700,0.0000
62052464,sitting,-0.0378,-0.9989,0.0112,0.8750,-3.5700,-0.0350
62052483,sitting,-0.0395,-0.9972,0.0102,0.8400,-3.5350,-0.0350
62052503,sitting,-0.0393,-0.9982,0.0102,0.8400,-3.5350,-0.0700
62052522,sitting,-0.0395,-0.9984,0.0105,0.8750,-3.6050,-0.0700
62052541,sitting,-0.0403,-0.9984,0.0098,0.8400,-3.5350,-0.0350
62052560,sitting,-0.0395,-0.9984,0.0107,0.8050,-3.5000,-0.0700
62052580,sitting,-0.0388,-0.9989,0.0110,0.8400,-3.5350,-0.0350
62052599,sitting,-0.0386,-0.9994,0.0100,0.8400,-3.5350,-0.1050
62052618,sitting,-0.0403,-0.9980,0.0105,0.8400,-3.4650,-0.0700
62052637,sitting,-0.0400,-0.9975,0.0102,0.8400,-3.5350,-0.0700
62052657,sitting,-0.0388,-0.9980,0.0100,0.8400,-3.5700,-0.1050
62052676,sitting,-0.0403,-0.9982,0.0105,0.8750,-3.4650,-0.0700
62052695,sitting,-0.0400,-0.9982,0.0105,0.7700,-3.5000,-0.1050
62052714,sitting,-0.0400,-0.9987,0.0100,0.8400,-3.5350,-0.0700
62052733,sitting,-0.0395,-0.9982,0.0093,0.8400,-3.4650,-0.0700
62052753,sitting,-0.0395,-0.9980,0.0098,0.9100,-3.5700,-0.0700
62052772,sitting,-0.0393,-0.9984,0.0100,0.8750,-3.5700,-0.0700
62052791,sitting,-0.0388,-0.9980,0.0093,0.8400,-3.5700,-0.0700
62052810,sitting,-0.0390,-0.9972,0.0095,0.8400,-3.5350,-0.0700
62052830,sitting,-0.0388,-0.9984,0.0100,0.8400,-3.5000,-0.0700
62052849,sitting,-0.0395,-0.9982,0.0095,0.8750,-3.5350,-0.0700
62052868,sitting,-0.0398,-0.9987,0.0110,0.8400,-3.5350,-0.0350
62052887,sitting,-0.0398,-0.9984,0.0095,0.8400,-3.4650,-0.0700
62052907,sitting,-0.0393,-0.9984,0.0105,0.8400,-3.5350,-0.0700
62052926,sitting,-0.0390,-0.9975,0.0100,0.8400,-3.4650,-0.0700
62052945,sitting,-0.0400,-0.9980,0.0107,0.8400,-3.4650,-0.1400
62052964,sitting,-0.0390,-0.9980,0.0110,0.8400,-3.5350,-0.1050
62052983,sitting,-0.0398,-0.9970,0.0105,0.8750,-3.5350,-0.0700
62053003,sitting,-0.0393,-0.9984,0.0098,0.8400,-3.5350,-0.1050
62053022,sitting,-0.0390,-0.9980,0.0098,0.8400,-3.5350,-0.1050
62053041,sitting,-0.0390,-0.9984,0.0098,0.8400,-3.5350,-0.0700
62053060,sitting,-0.0400,-0.9987,0.0098,0.8750,-3.5000,-0.0700
62053080,sitting,-0.0388,-0.9989,0.0093,0.8400,-3.5350,-0.0700
62053099,sitting,-0.0381,-0.9984,0.0102,0.8750,-3.5700,-0.1050
62053118,sitting,-0.0395,-0.9984,0.0098,0.8400,-3.5000,-0.0350
62053137,sitting,-0.0390,-0.9982,0.0115,0.8400,-3.5000,-0.0700
62053157,sitting,-0.0390,-0.9982,0.0105,0.9100,-3.5700,-0.0350
62053176,sitting,-0.0395,-0.9989,0.0102,0.9100,-3.5350,-0.0700
62053195,sitting,-0.0390,-0.9987,0.0102,0.8400,-3.4650,-0.1050
62053214,sitting,-0.0395,-0.9982,0.0098,0.8750,-3.5000,-0.0350
62053233,sitting,-0.0383,-0.9975,0.0098,0.8400,-3.5350,0.0000
62053253,sitting,-0.0383,-0.9987,0.0107,0.8400,-3.4650,-0.0700
62053272,sitting,-0.0395,-0.9989,0.0105,0.8750,-3.5350,-0.1050
62053291,sitting,-0.0395,-0.9984,0.0107,0.8750,-3.5350,-0.0700
62053310,sitting,-0.0390,-0.9980,0.0107,0.8400,-3.5700,-0.0700
62053330,sitting,-0.0386,-0.9980,0.0105,0.8400,-3.5350,-0.0700
62053349,sitting,-0.0393,-0.9980,0.0095,0.9100,-3.6050,-0.0700
62053368,sitting,-0.0403,-0.9980,0.0102,0.9100,-3.5700,0.0000
62053387,sitting,-0.0390,-0.9982,0.0107,0.8750,-3.5000,-0.0700
62053407,sitting,-0.0390,-0.9982,0.0100,0.8750,-3.5350,-0.0700
62053426,sitting,-0.0390,-0.9982,0.0105,0.8750,-3.5350,-0.0700
62053445,sitting,-0.0386,-0.9984,0.0098,0.8750,-3.5350,-0.0700
62053464,sitting,-0.0398,-0.9977,0.0098,0.8400,-3.5700,-0.0700
62053483,sitting,-0.0398,-0.9977,0.0098,0.8400,-3.5700,-0.0700
62053503,sitting,-0.0398,-0.9975,0.0102,0.8400,-3.5350,-0.0700
62053522,sitting,-0.0395,-0.9977,0.0098,0.8400,-3.5350,-0.0350
62053541,sitting,-0.0388,-0.9989,0.0110,0.8750,-3.5700,-0.0700
62053560,sitting,-0.0388,-0.9982,0.0102,0.8750,-3.5700,-0.0700
62053580,sitting,-0.0395,-0.9994,0.0107,0.9100,-3.5350,-0.0700
62053599,sitting,-0.0393,-0.9987,0.0098,0.8400,-3.5350,-0.0700
62053618,sitting,-0.0393,-0.9980,0.0117,0.8400,-3.5350,-0.0700
62053637,sitting,-0.0390,-0.9982,0.0100,0.8050,-3.5000,-0.1400
62053657,sitting,-0.0390,-0.9975,0.0110,0.8400,-3.5000,-0.0700
62053676,sitting,-0.0390,-0.9982,0.0107,0.8750,-3.5700,-0.0700
62053695,sitting,-0.0388,-0.9984,0.0095,0.8400,-3.5000,-0.0700
62053714,sitting,-0.0390,-0.9984,0.0093,0.8400,-3.4300,-0.0700
62053733,sitting,-0.0386,-0.9984,0.0098,0.8400,-3.5000,-0.0700
62053753,sitting,-0.0390,-0.9977,0.0090,0.9100,-3.5350,-0.0700
62053772,sitting,-0.0390,-0.9984,0.0105,0.8400,-3.5350,-0.0700
62053791,sitting,-0.0395,-0.9987,0.0105,0.8750,-3.5350,-0.0700
62053810,sitting,-0.0403,-0.9989,0.0110,0.8750,-3.5700,-0.0350
62053830,sitting,-0.0398,-0.9984,0.0100,0.8400,-3.5000,-0.0700
62053849,sitting,-0.0398,-0.9984,0.0107,0.8750,-3.5350,-0.0700
62053868,sitting,-0.0390,-0.9989,0.0115,0.9100,-3.5700,-0.0700
62053887,sitting,-0.0393,-0.9984,0.0107,0.8400,-3.5700,-0.1050
62053907,sitting,-0.0398,-0.9989,0.0098,0.8400,-3.5000,-0.0700
62053926,sitting,-0.0400,-0.9994,0.0098,0.8750,-3.5000,-0.0700
62053945,sitting,-0.0390,-0.9987,0.0110,0.8750,-3.5000,-0.0700
62053964,sitting,-0.0390,-0.9980,0.0100,0.8400,-3.5350,-0.0700
62053983,sitting,-0.0386,-0.9982,0.0107,0.8400,-3.5350,-0.0700
62054003,sitting,-0.0388,-0.9984,0.0107,0.8750,-3.5350,-0.0350
62054022,sitting,-0.0386,-0.9984,0.0105,0.8400,-3.5000,-0.0700
62054041,sitting,-0.0393,-0.9987,0.0102,0.8750,-3.5350,-0.0700
62054060,sitting,-0.0390,-0.9982,0.0100,0.8400,-3.5350,0.0000
62054080,sitting,-0.0390,-0.9992,0.0112,0.9100,-3.5700,-0.0350
62054099,sitting,-0.0390,-0.9984,0.0102,0.8750,-3.5000,-0.0700
62054118,sitting,-0.0383,-0.9989,0.0088,0.8750,-3.5350,-0.1050
62054137,sitting,-0.0395,-0.9984,0.0102,0.8400,-3.5350,-0.0350
62054157,sitting,-0.0388,-0.9980,0.0107,0.8400,-3.5000,-0.1050
62054176,sitting,-0.0393,-0.9977,0.0105,0.8750,-3.5350,-0.0700
62054195,sitting,-0.0398,-0.9980,0.0100,0.8400,-3.5000,-0.0700
62054214,sitting,-0.0390,-0.9977,0.0107,0.8400,-3.4650,-0.0700
62054233,sitting,-0.0386,-0.9980,0.0102,0.9100,-3.5000,-0.0350
62054253,sitting,-0.0386,-0.9972,0.0105,0.8750,-3.5350,-0.0350
62054272,sitting,-0.0386,-0.9987,0.0105,0.8400,-3.5000,-0.0700
62054291,sitting,-0.0400,-0.9975,0.0102,0.8400,-3.5000,-0.0700
62054310,sitting,-0.0400,-0.9980,0.0112,0.8400,-3.5700,-0.0700
62054330,sitting,-0.0386,-0.9980,0.0105,0.8400,-3.5350,-0.1050
62054349,sitting,-0.0395,-0.9984,0.0105,0.8400,-3.5000,-0.0700
62054368,sitting,-0.0390,-0.9977,0.0102,0.8750,-3.5350,-0.0700
62054387,sitting,-0.0395,-0.9980,0.0105,0.8750,-3.5700,-0.1050
62054407,sitting,-0.0395,-0.9980,0.0115,0.8050,-3.4650,-0.1050
62054426,sitting,-0.0395,-0.9972,0.0105,0.8400,-3.5000,-0.0700
62054445,sitting,-0.0390,-0.9982,0.0098,0.8400,-3.5350,-0.1050
62054464,sitting,-0.0393,-0.9987,0.0088,0.8050,-3.5000,-0.0700
62054483,sitting,-0.0400,-0.9984,0.0107,0.8400,-3.5350,-0.0350
62054503,sitting,-0.0393,-0.9980,0.0112,0.8750,-3.5350,-0.0700
62054522,sitting,-0.0395,-0.9982,0.0110,0.8400,-3.5000,-0.1400
62054541,sitting,-0.0398,-0.9987,0.0105,0.8750,-3.5000,-0.0700
62054560,sitting,-0.0393,-0.9982,0.0093,0.8750,-3.5700,-0.0350
62054580,sitting,-0.0403,-0.9984,0.0100,0.8400,-3.5700,-0.0700
62054599,sitting,-0.0383,-0.9980,0.0110,0.8400,-3.5000,-0.1050
62054618,sitting,-0.0390,-0.9975,0.0105,0.8400,-3.5000,-0.0700
62054637,sitting,-0.0388,-0.9982,0.0107,0.8400,-3.5350,-0.0700
62054657,sitting,-0.0395,-0.9977,0.0102,0.8400,-3.5000,-0.1050
62054676,sitting,-0.0398,-0.9984,0.0110,0.8750,-3.5000,-0.0700
62054695,sitting,-0.0398,-0.9977,0.0095,0.8400,-3.5350,-0.0700
62054714,sitting,-0.0398,-0.9980,0.0107,0.8400,-3.5000,-0.0700
62054733,sitting,-0.0390,-0.9980,0.0105,0.8400,-3.5000,-0.0700
62054753,sitting,-0.0398,-0.9967,0.0102,0.8750,-3.5000,-0.0700
62054772,sitting,-0.0403,-0.9989,0.0102,0.8400,-3.5700,-0.0700
62054791,sitting,-0.0388,-0.9980,0.0095,0.8400,-3.5350,-0.0700
62054810,sitting,-0.0393,-0.9982,0.0093,0.8750,-3.5700,-0.0700
62054830,sitting,-0.0390,-0.9984,0.0102,0.8750,-3.5700,-0.0700
62054849,sitting,-0.0383,-0.9975,0.0102,0.8400,-3.5350,-0.0350
62054868,sitting,-0.0388,-0.9977,0.0102,0.8400,-3.5350,-0.0700
62054887,sitting,-0.0381,-0.9965,0.0098,0.8050,-3.5000,-0.0700
62054907,sitting,-0.0381,-0.9977,0.0095,0.8750,-3.5000,-0.0700
62054926,sitting,-0.0393,-0.9980,0.0102,0.8400,-3.5350,-0.1050
62054945,sitting,-0.0390,-0.9992,0.0090,0.9100,-3.5700,-0.0700
62054964,sitting,-0.0388,-0.9987,0.0100,0.8750,-3.5700,-0.0700
62054983,sitting,-0.0390,-0.9980,0.0098,0.8400,-3.5000,-0.1050
62055003,sitting,-0.0383,-0.9992,0.0100,0.8400,-3.5700,-0.0700
62055022,sitting,-0.0388,-0.9987,0.0095,0.8050,-3.5700,-0.1050
62055041,sitting,-0.0398,-0.9980,0.0095,0.8050,-3.5000,-0.1050
62055060,sitting,-0.0400,-0.9972,0.0095,0.8400,-3.5700,-0.0350
62055080,sitting,-0.0388,-0.9977,0.0102,0.8400,-3.5350,-0.1050
62055099,sitting,-0.0403,-0.9975,0.0110,0.8400,-3.5350,-0.0700
62055118,sitting,-0.0398,-0.9977,0.0110,0.8750,-3.5000,-0.0350
62055137,sitting,-0.0388,-0.9980,0.0102,0.8400,-3.5350,-0.0700
62055157,sitting,-0.0395,-0.9980,0.0107,0.8400,-3.5350,-0.0700
62055176,sitting,-0.0388,-0.9982,0.0098,0.8400,-3.5350,-0.1400
62055195,sitting,-0.0386,-0.9984,0.0105,0.8400,-3.5350,-0.0700
62055214,sitting,-0.0390,-0.9982,0.0090,0.8400,-3.5350,-0.0700
62055233,sitting,-0.0383,-0.9982,0.0098,0.8050,-3.5000,-0.1050
62055253,sitting,-0.0405,-0.9984,0.0102,0.8400,-3.5350,-0.0700
62055272,sitting,-0.0386,-0.9982,0.0110,0.8750,-3.5700,-0.1050
62055291,sitting,-0.0383,-0.9984,0.0100,0.8400,-3.5350,-0.0700
62055310,sitting,-0.0390,-0.9989,0.0100,0.8400,-3.5350,-0.0700
62055330,sitting,-0.0393,-0.9977,0.0110,0.8400,-3.5700,-0.0700
62055349,sitting,-0.0393,-0.9992,0.0110,0.8750,-3.5350,-0.0700
62055368,sitting,-0.0390,-0.9982,0.0102,0.8400,-3.5700,-0.0700
62055387,sitting,-0.0388,-0.9987,0.0107,0.8400,-3.5700,-0.1050
62055407,sitting,-0.0390,-0.9984,0.0102,0.8050,-3.5350,-0.0700
62055426,sitting,-0.0403,-0.9982,0.0110,0.8400,-3.5000,-0.1400
62055445,sitting,-0.0393,-0.9982,0.0102,0.8400,-3.5350,-0.1050
62055464,sitting,-0.0395,-0.9980,0.0093,0.9100,-3.5350,-0.0700
62055483,sitting,-0.0398,-0.9980,0.0107,0.8400,-3.5000,-0.0700
62055503,sitting,-0.0388,-0.9970,0.0112,0.9100,-3.5350,-0.0700
62055522,sitting,-0.0400,-0.9977,0.0107,0.8750,-3.5000,-0.0700
62055541,sitting,-0.0390,-0.9987,0.0095,0.8050,-3.5350,-0.0700
62055560,sitting,-0.0390,-0.9977,0.0100,0.8400,-3.5350,-0.0700
62055580,sitting,-0.0390,-0.9984,0.0105,0.8750,-3.5700,-0.0350
62055599,sitting,-0.0390,-0.9982,0.0093,0.8750,-3.5350,-0.0700
62055618,sitting,-0.0393,-0.9987,0.0093,0.8400,-3.5000,-0.1050
62055637,sitting,-0.0393,-0.9984,0.0095,0.8750,-3.5700,-0.0350
62055657,sitting,-0.0390,-0.9975,0.0098,0.9100,-3.5350,-0.0350
62055676,sitting,-0.0388,-0.9982,0.0105,0.8750,-3.5350,-0.0700
62055695,sitting,-0.0390,-0.9982,0.0112,0.8400,-3.5350,-0.1050
62055714,sitting,-0.0395,-0.9982,0.0100,0.8750,-3.5700,-0.0350
62055733,sitting,-0.0395,-0.9982,0.0098,0.8400,-3.5350,-0.0350
62055753,sitting,-0.0395,-0.9977,0.0098,0.8750,-3.5350,-0.0700
62055772,sitting,-0.0388,-0.9977,0.0090,0.8750,-3.6050,-0.0700
62055791,sitting,-0.0393,-0.9982,0.0100,0.8750,-3.5350,-0.0700
62055810,sitting,-0.0390,-0.9982,0.0102,0.8400,-3.5000,-0.1050
62055830,sitting,-0.0398,-0.9977,0.0112,0.8400,-3.5350,-0.1400
62055849,sitting,-0.0390,-0.9992,0.0095,0.8400,-3.5350,-0.1050
62055868,sitting,-0.0388,-0.9977,0.0093,0.8400,-3.4650,-0.1050
62055887,sitting,-0.0393,-0.9977,0.0105,0.8400,-3.5350,-0.0700
62055907,sitting,-0.0400,-0.9982,0.0107,0.8400,-3.5700,-0.1050
62055926,sitting,-0.0393,-0.9977,0.0105,0.8400,-3.5000,-0.1050
62055945,sitting,-0.0398,-0.9984,0.0105,0.8400,-3.5000,-0.0700
62055964,sitting,-0.0388,-0.9984,0.0105,0.8750,-3.5700,0.0000
62055983,sitting,-0.0393,-0.9989,0.0115,0.8400,-3.5000,-0.1400
62056003,sitting,-0.0383,-0.9984,0.0095,0.8400,-3.5000,-0.0700
62056022,sitting,-0.0388,-0.9982,0.0100,0.8400,-3.5350,-0.0700
62056041,sitting,-0.0386,-0.9992,0.0093,0.8400,-3.5700,-0.0350
62056060,sitting,-0.0388,-0.9980,0.0100,0.8400,-3.5350,-0.0700
62056080,sitting,-0.0390,-0.9982,0.0105,0.8400,-3.5350,-0.0700
62056099,sitting,-0.0393,-0.9977,0.0100,0.8750,-3.5700,-0.0700
62056118,sitting,-0.0388,-0.9980,0.0098,0.8750,-3.5350,-0.0700
62056137,sitting,-0.0390,-0.9987,0.0102,0.8400,-3.5000,-0.0700
62056157,sitting,-0.0390,-0.9982,0.0107,0.8750,-3.5350,-0.1050
62056176,sitting,-0.0390,-0.9989,0.0095,0.8400,-3.5350,-0.0700
62056195,sitting,-0.0398,-0.9992,0.0102,0.8750,-3.4650,-0.0700
62056214,sitting,-0.0403,-0.9984,0.0102,0.8750,-3.5350,-0.0700
62056233,sitting,-0.0398,-0.9982,0.0105,0.8400,-3.5350,-0.0350
62056253,sitting,-0.0393,-0.9977,0.0100,0.8400,-3.5000,-0.0700
62056272,sitting,-0.0390,-0.9982,0.0107,0.8750,-3.5700,-0.0700
62056291,sitting,-0.0390,-0.9975,0.0115,0.8400,-3.5350,-0.0700
62056310,sitting,-0.0398,-0.9975,0.0100,0.8400,-3.5000,-0.1050
62056330,sitting,-0.0400,-0.9984,0.0110,0.8750,-3.5350,-0.0700
62056349,sitting,-0.0405,-0.9992,0.0107,0.9100,-3.5700,-0.0700
62056368,sitting,-0.0398,-0.9980,0.0107,0.8400,-3.5350,-0.0350
62056387,sitting,-0.0393,-0.9992,0.0105,0.8750,-3.5350,-0.0700
62056407,sitting,-0.0390,-0.9984,0.0098,0.8400,-3.5350,-0.0700
62056426,sitting,-0.0398,-0.9982,0.0098,0.8750,-3.5350,-0.0700
62056445,sitting,-0.0383,-0.9980,0.0100,0.8400,-3.5350,-0.1050
62056464,sitting,-0.0390,-0.9984,0.0102,0.8750,-3.5350,-0.0700
62056483,sitting,-0.0393,-0.9982,0.0090,0.8750,-3.5350,-0.0350
62056503,sitting,-0.0383,-0.9992,0.0110,0.8400,-3.4300,-0.0700
62056522,sitting,-0.0388,-0.9975,0.0098,0.8750,-3.5350,-0.1050
62056541,sitting,-0.0395,-0.9980,0.0098,0.8750,-3.5000,-0.1050
62056560,sitting,-0.0405,-0.9975,0.0102,0.8400,-3.5000,-0.1050
62056580,sitting,-0.0393,-0.9977,0.0105,0.8750,-3.4650,-0.1050
62056599,sitting,-0.0381,-0.9989,0.0112,0.8400,-3.5000,-0.0700
62056618,sitting,-0.0386,-0.9992,0.0105,0.8400,-3.5000,-0.0700
62056637,sitting,-0.0386,-0.9975,0.0100,0.8400,-3.5000,-0.0700
62056657,sitting,-0.0393,-0.9982,0.0095,0.8400,-3.5350,-0.0700
62056676,sitting,-0.0390,-0.9980,0.0100,0.8400,-3.5700,-0.0700
62056695,sitting,-0.0393,-0.9977,0.0100,0.8050,-3.5350,-0.0700
62056714,sitting,-0.0393,-0.9982,0.0090,0.8750,-3.5350,-0.1050
62056733,sitting,-0.0386,-0.9994,0.0110,0.8750,-3.5350,-0.0700
62056753,sitting,-0.0386,-0.9982,0.0100,0.8400,-3.5700,-0.0350
62056772,sitting,-0.0393,-0.9980,0.0102,0.8400,-3.5350,-0.0700
62056791,sitting,-0.0395,-0.9992,0.0100,0.8400,-3.5700,-0.0700
62056810,sitting,-0.0407,-0.9987,0.0110,0.8400,-3.5350,-0.0700
62056830,sitting,-0.0400,-0.9980,0.0107,0.8750,-3.5000,-0.0700
62056849,sitting,-0.0386,-0.9977,0.0110,0.9100,-3.5700,-0.0700
62056868,sitting,-0.0388,-0.9984,0.0102,0.8400,-3.5700,-0.0700
62056887,sitting,-0.0388,-0.9987,0.0102,0.8400,-3.5000,-0.0700
62056907,sitting,-0.0393,-0.9982,0.0100,0.8400,-3.5000,-0.0700
62056926,sitting,-0.0386,-0.9980,0.0100,0.8750,-3.5000,-0.0700
62056945,sitting,-0.0386,-0.9987,0.0098,0.8400,-3.5000,-0.0700
62056964,sitting,-0.0383,-0.9972,0.0095,0.8750,-3.5350,-0.1050
62056983,sitting,-0.0386,-0.9987,0.0100,0.8750,-3.5350,-0.0350
62057003,sitting,-0.0393,-0.9980,0.0105,0.8400,-3.5350,-0.0700
62057022,sitting,-0.0390,-0.9975,0.0100,0.8400,-3.5000,-0.0700
62057041,sitting,-0.0393,-0.9980,0.0102,0.8750,-3.5350,-0.0700
62057060,sitting,-0.0388,-0.9972,0.0112,0.8750,-3.5000,-0.1050
62057080,sitting,-0.0381,-0.9972,0.0100,0.8050,-3.4650,-0.1400
62057099,sitting,-0.0388,-0.9977,0.0102,0.8400,-3.5000,-0.0700
62057118,sitting,-0.0388,-0.9982,0.0105,0.8400,-3.5350,-0.0700
62057137,sitting,-0.0393,-0.9982,0.0105,0.8400,-3.4650,-0.0700
62057157,sitting,-0.0398,-0.9977,0.0095,0.8750,-3.5000,-0.0700
62057176,sitting,-0.0403,-0.9980,0.0100,0.8400,-3.5700,-0.0350
62057195,sitting,-0.0398,-0.9980,0.0102,0.8400,-3.5350,-0.0350
62057214,sitting,-0.0400,-0.9982,0.0100,0.8750,-3.5000,-0.0700
62057233,sitting,-0.0398,-0.9982,0.0100,0.9100,-3.5700,-0.0700
62057253,sitting,-0.0388,-0.9982,0.0095,0.8400,-3.5350,-0.0350
62057272,sitting,-0.0398,-0.9980,0.0105,0.8750,-3.5000,-0.0700
62057291,sitting,-0.0388,-0.9970,0.0102,0.8750,-3.5350,-0.0700
62057310,sitting,-0.0393,-0.9980,0.0112,0.8750,-3.5700,-0.1050
62057330,sitting,-0.0390,-0.9982,0.0102,0.8400,-3.4650,-0.1400
62057349,sitting,-0.0388,-0.9984,0.0102,0.8400,-3.5350,-0.0700
62057368,sitting,-0.0393,-0.9972,0.0107,0.8400,-3.5350,-0.0700
62057387,sitting,-0.0398,-0.9980,0.0100,0.8400,-3.5000,-0.0350
62057407,sitting,-0.0395,-0.9977,0.0107,0.8400,-3.5000,-0.0700
62057426,sitting,-0.0390,-0.9987,0.0115,0.8400,-3.5700,0.0000
62057445,sitting,-0.0388,-0.9987,0.0100,0.9100,-3.5700,-0.0700
62057464,sitting,-0.0393,-0.9972,0.0105,0.8750,-3.5000,-0.0350
62057483,sitting,-0.0386,-0.9972,0.0102,0.8400,-3.5700,-0.0700
62057503,sitting,-0.0388,-0.9977,0.0110,0.8400,-3.5700,-0.0350
62057522,sitting,-0.0393,-0.9977,0.0110,0.8750,-3.5000,-0.1050
62057541,sitting,-0.0400,-0.9989,0.0105,0.8750,-3.5350,-0.0700
62057560,sitting,-0.0390,-0.9975,0.0090,0.8400,-3.5700,-0.0700
62057580,sitting,-0.0393,-0.9980,0.0107,0.8400,-3.5000,-0.1050
62057599,sitting,-0.0388,-0.9980,0.0098,0.8400,-3.5000,-0.0700
62057618,sitting,-0.0390,-0.9977,0.0100,0.8400,-3.5350,-0.0350
62057637,sitting,-0.0403,-0.9982,0.0095,0.8750,-3.5000,-0.0700
62057657,sitting,-0.0400,-0.9982,0.0093,0.8400,-3.5350,-0.1050
62057676,sitting,-0.0400,-0.9987,0.0095,0.8750,-3.5350,-0.0700
62057695,sitting,-0.0395,-0.9982,0.0098,0.8400,-3.5700,-0.0700
62057714,sitting,-0.0376,-0.9977,0.0100,0.8400,-3.5000,-0.0700
62057733,sitting,-0.0383,-0.9980,0.0095,0.8400,-3.5350,-0.0700
62057753,sitting,-0.0388,-0.9980,0.0102,0.8750,-3.5350,-0.0700
62057772,sitting,-0.0390,-0.9992,0.0098,0.8400,-3.5000,-0.0700
