timestamp_ms,label,acc_x_g,acc_y_g,acc_z_g,gyro_x_dps,gyro_y_dps,gyro_z_dps
61864271,sitting,0.0215,1.0177,0.0744,0.8750,-3.5700,-0.0700
61864290,sitting,0.0212,1.0170,0.0744,0.8750,-3.5350,-0.0350
61864309,sitting,0.0210,1.0177,0.0744,0.8400,-3.5700,-0.0700
61864328,sitting,0.0205,1.0177,0.0737,0.8400,-3.5350,-0.0350
61864348,sitting,0.0210,1.0177,0.0739,0.8400,-3.5700,-0.0700
61864367,sitting,0.0205,1.0185,0.0749,0.8050,-3.5000,-0.1050
61864386,sitting,0.0215,1.0182,0.0737,0.8400,-3.4650,-0.1050
61864405,sitting,0.0205,1.0182,0.0737,0.8750,-3.5700,-0.1050
61864425,sitting,0.0205,1.0175,0.0739,0.8400,-3.4650,-0.0700
61864444,sitting,0.0207,1.0182,0.0739,0.8400,-3.5000,-0.0700
61864463,sitting,0.0207,1.0182,0.0742,0.8400,-3.5000,-0.0700
61864482,sitting,0.0220,1.0177,0.0739,0.8400,-3.5350,-0.0700
61864502,sitting,0.0210,1.0187,0.0737,0.8050,-3.5700,-0.0350
61864521,sitting,0.0215,1.0185,0.0739,0.8400,-3.5350,-0.1050
61864540,sitting,0.0215,1.0177,0.0730,0.8400,-3.5350,-0.0350
61864559,sitting,0.0203,1.0187,0.0749,0.8400,-3.4650,-0.0350
61864578,sitting,0.0203,1.0185,0.0747,0.8750,-3.5000,-0.0700
61864598,sitting,0.0207,1.0172,0.0737,0.8400,-3.5350,-0.0700
61864617,sitting,0.0210,1.0185,0.0742,0.8400,-3.5700,-0.0700
61864636,sitting,0.0210,1.0180,0.0742,0.8750,-3.5000,-0.0700
61864655,sitting,0.0217,1.0185,0.0742,0.8400,-3.5700,-0.0700
61864675,sitting,0.0205,1.0187,0.0734,0.8400,-3.5350,-0.0700
61864694,sitting,0.0207,1.0177,0.0747,0.7700,-3.5700,-0.1050
61864713,sitting,0.0210,1.0182,0.0739,0.8400,-3.5350,-0.0700
61864732,sitting,0.0217,1.0175,0.0744,0.8400,-3.5700,-0.0350
61864752,sitting,0.0200,1.0172,0.0742,0.8400,-3.5350,-0.0700
61864771,sitting,0.0200,1.0182,0.0739,0.8750,-3.5000,-0.0700
61864790,sitting,0.0210,1.0172,0.0742,0.8400,-3.5000,-0.0700
61864809,sitting,0.0205,1.0187,0.0737,0.8400,-3.5700,-0.0350
61864828,sitting,0.0205,1.0182,0.0742,0.7700,-3.5000,-0.0700
61864848,sitting,0.0215,1.0180,0.0742,0.8750,-3.5000,-0.1050
61864867,sitting,0.0207,1.0170,0.0742,0.8750,-3.5350,-0.0700
61864886,sitting,0.0212,1.0180,0.0739,0.8400,-3.5700,-0.0700
61864905,sitting,0.0203,1.0185,0.0742,0.8400,-3.5350,-0.0700
61864925,sitting,0.0210,1.0177,0.0739,0.8400,-3.5700,-0.1050
61864944,sitting,0.0210,1.0177,0.0754,0.8400,-3.5350,-0.0700
61864963,sitting,0.0207,1.0172,0.0739,0.8400,-3.5700,-0.0350
61864982,sitting,0.0205,1.0182,0.0744,0.8400,-3.5700,-0.0700
61865002,sitting,0.0210,1.0182,0.0739,0.8400,-3.5350,-0.1050
61865021,sitting,0.0222,1.0187,0.0744,0.8400,-3.5350,-0.0700
61865040,sitting,0.0217,1.0182,0.0749,0.8750,-3.6050,-0.0700
61865059,sitting,0.0212,1.0177,0.0739,0.8750,-3.5350,-0.0700
61865078,sitting,0.0207,1.0172,0.0742,0.8400,-3.5000,-0.0350
61865098,sitting,0.0212,1.0172,0.0749,0.8400,-3.5350,-0.0700
61865117,sitting,0.0203,1.0182,0.0754,0.8750,-3.5700,-0.0700
61865136,sitting,0.0203,1.0172,0.0744,0.8050,-3.5000,-0.0700
61865155,sitting,0.0215,1.0167,0.0737,0.8400,-3.5350,-0.0350
61865175,sitting,0.0215,1.0172,0.0742,0.8750,-3.6050,-0.0700
61865194,sitting,0.0210,1.0175,0.0739,0.8400,-3.5000,-0.0700
61865213,sitting,0.0215,1.0175,0.0734,0.7700,-3.5000,-0.0700
61865232,sitting,0.0207,1.0177,0.0737,0.8400,-3.5350,-0.0700
61865252,sitting,0.0210,1.0187,0.0747,0.8750,-3.5350,-0.0700
61865271,sitting,0.0205,1.0187,0.0749,0.8400,-3.5700,-0.0700
61865290,sitting,0.0210,1.0175,0.0754,0.9100,-3.5700,0.0000
61865309,sitting,0.0207,1.0180,0.0749,0.8750,-3.5350,-0.0350
61865328,sitting,0.0212,1.0177,0.0737,0.8400,-3.5350,-0.0700
61865348,sitting,0.0210,1.0177,0.0744,0.8400,-3.5700,-0.0700
61865367,sitting,0.0198,1.0180,0.0730,0.8750,-3.5700,-0.0700
61865386,sitting,0.0207,1.0172,0.0737,0.8400,-3.5350,-0.0700
61865405,sitting,0.0203,1.0185,0.0739,0.8750,-3.5000,-0.0700
61865425,sitting,0.0210,1.0192,0.0742,0.8400,-3.5350,-0.0700
61865444,sitting,0.0212,1.0180,0.0744,0.9100,-3.5700,-0.0700
61865463,sitting,0.0210,1.0180,0.0752,0.8400,-3.5700,-0.0700
61865482,sitting,0.0212,1.0180,0.0747,0.8750,-3.5700,-0.0350
61865502,sitting,0.0198,1.0177,0.0749,0.8400,-3.5000,-0.0700
61865521,sitting,0.0207,1.0177,0.0739,0.8400,-3.5000,-0.0700
61865540,sitting,0.0210,1.0175,0.0744,0.8400,-3.5700,-0.0700
61865559,sitting,0.0198,1.0180,0.0739,0.8750,-3.5350,-0.0700
61865578,sitting,0.0205,1.0175,0.0749,0.8400,-3.5000,-0.0700
61865598,sitting,0.0205,1.0185,0.0744,0.8750,-3.5700,-0.0700
61865617,sitting,0.0200,1.0187,0.0747,0.8400,-3.5700,-0.0700
61865636,sitting,0.0205,1.0185,0.0747,0.8400,-3.5350,-0.1050
61865655,sitting,0.0198,1.0177,0.0749,0.8750,-3.5350,-0.0700
61865675,sitting,0.0212,1.0180,0.0749,0.8750,-3.5350,-0.0700
61865694,sitting,0.0203,1.0187,0.0747,0.8750,-3.5000,-0.0700
61865713,sitting,0.0205,1.0182,0.0734,0.8750,-3.5000,-0.0350
61865732,sitting,0.0210,1.0187,0.0737,0.8400,-3.5350,-0.0700
61865752,sitting,0.0205,1.0170,0.0732,0.8050,-3.5700,-0.0700
61865771,sitting,0.0217,1.0180,0.0744,0.8750,-3.5350,-0.0700
61865790,sitting,0.0205,1.0177,0.0737,0.8750,-3.5700,-0.0700
61865809,sitting,0.0217,1.0189,0.0754,0.9100,-3.5700,-0.0700
61865828,sitting,0.0215,1.0177,0.0744,0.9100,-3.5350,-0.0350
61865848,sitting,0.0205,1.0172,0.0744,0.8400,-3.5000,-0.0350
61865867,sitting,0.0210,1.0180,0.0744,0.8400,-3.5700,-0.0700
61865886,sitting,0.0205,1.0187,0.0749,0.8750,-3.5000,-0.0350
61865905,sitting,0.0207,1.0180,0.0756,0.8400,-3.5000,-0.0700
61865925,sitting,0.0203,1.0175,0.0734,0.8400,-3.5000,-0.1050
61865944,sitting,0.0210,1.0177,0.0734,0.8400,-3.5350,-0.0700
61865963,sitting,0.0210,1.0182,0.0749,0.8050,-3.5000,-0.0700
61865982,sitting,0.0207,1.0180,0.0747,0.8400,-3.5700,-0.1050
61866002,sitting,0.0203,1.0175,0.0752,0.8400,-3.5000,-0.0700
61866021,sitting,0.0203,1.0172,0.0742,0.8050,-3.5000,-0.1050
61866040,sitting,0.0203,1.0167,0.0734,0.8750,-3.5350,-0.0700
61866059,sitting,0.0217,1.0175,0.0739,0.8750,-3.5700,-0.0700
61866078,sitting,0.0212,1.0175,0.0744,0.8400,-3.5000,-0.0350
61866098,sitting,0.0198,1.0185,0.0744,0.8400,-3.5000,-0.0700
61866117,sitting,0.0210,1.0180,0.0730,0.8750,-3.5350,-0.0700
61866136,sitting,0.0210,1.0182,0.0747,0.8400,-3.5350,-0.0350
61866155,sitting,0.0212,1.0177,0.0756,0.8400,-3.5000,-0.0700
61866175,sitting,0.0212,1.0182,0.0744,0.8400,-3.5350,-0.0700
61866194,sitting,0.0205,1.0185,0.0737,0.9100,-3.5700,-0.0350
61866213,sitting,0.0215,1.0175,0.0734,0.8050,-3.5000,-0.0350
61866232,sitting,0.0210,1.0187,0.0737,0.8400,-3.5000,-0.0350
61866252,sitting,0.0205,1.0185,0.0744,0.8400,-3.5350,-0.0350
61866271,sitting,0.0210,1.0175,0.0739,0.8400,-3.4650,-0.1050
61866290,sitting,0.0212,1.0177,0.0742,0.8400,-3.5350,-0.0700
61866309,sitting,0.0222,1.0185,0.0742,0.8400,-3.5700,-0.0700
61866328,sitting,0.0210,1.0175,0.0747,0.8400,-3.5350,-0.0350
61866348,sitting,0.0212,1.0175,0.0742,0.8050,-3.5000,-0.0700
61866367,sitting,0.0203,1.0175,0.0739,0.8750,-3.5700,-0.0700
61866386,sitting,0.0198,1.0177,0.0747,0.8400,-3.5350,-0.0700
61866405,sitting,0.0205,1.0180,0.0744,0.8050,-3.5000,-0.0700
61866425,sitting,0.0205,1.0177,0.0737,0.8750,-3.5000,-0.0700
61866444,sitting,0.0210,1.0180,0.0747,0.8750,-3.5700,-0.0700
61866463,sitting,0.0207,1.0177,0.0739,0.8400,-3.5350,-0.0700
61866482,sitting,0.0210,1.0185,0.0747,0.8050,-3.5000,-0.0700
61866502,sitting,0.0212,1.0180,0.0749,0.9100,-3.5350,-0.0700
61866521,sitting,0.0212,1.0182,0.0749,0.8400,-3.5000,-0.1050
61866540,sitting,0.0203,1.0185,0.0734,0.8400,-3.5700,-0.0700
61866559,sitting,0.0207,1.0185,0.0752,0.8050,-3.5350,-0.0700
61866578,sitting,0.0207,1.0172,0.0732,0.8400,-3.5350,-0.1050
61866598,sitting,0.0205,1.0182,0.0742,0.8400,-3.5350,-0.0700
61866617,sitting,0.0207,1.0175,0.0737,0.8750,-3.5350,-0.1050
61866636,sitting,0.0205,1.0187,0.0747,0.9100,-3.5350,-0.1050
61866655,sitting,0.0215,1.0182,0.0742,0.8750,-3.5000,-0.0350
61866675,sitting,0.0205,1.0175,0.0752,0.8400,-3.5000,-0.1050
61866694,sitting,0.0212,1.0172,0.0747,0.8050,-3.5700,-0.0700
61866713,sitting,0.0210,1.0177,0.0744,0.8400,-3.5700,-0.0350
61866732,sitting,0.0207,1.0170,0.0747,0.8750,-3.5000,-0.0700
61866752,sitting,0.0207,1.0185,0.0759,0.8750,-3.5350,-0.0700
61866771,sitting,0.0207,1.0180,0.0737,0.8400,-3.5000,-0.0700
61866790,sitting,0.0200,1.0182,0.0744,0.8400,-3.5000,-0.0700
61866809,sitting,0.0207,1.0180,0.0742,0.9100,-3.5350,-0.0350
61866828,sitting,0.0205,1.0177,0.0737,0.8750,-3.5350,-0.0700
61866848,sitting,0.0210,1.0167,0.0739,0.8750,-3.5350,-0.1050
61866867,sitting,0.0207,1.0170,0.0742,0.8400,-3.5700,-0.0700
61866886,sitting,0.0205,1.0180,0.0744,0.9100,-3.5700,-0.0700
61866905,sitting,0.0210,1.0175,0.0742,0.8400,-3.5700,-0.0700
61866925,sitting,0.0212,1.0175,0.0744,0.8050,-3.5000,-0.0350
61866944,sitting,0.0203,1.0182,0.0744,0.8400,-3.5350,-0.0700
61866963,sitting,0.0212,1.0177,0.0742,0.8750,-3.5700,-0.0700
61866982,sitting,0.0207,1.0175,0.0739,0.8400,-3.5350,-0.0700
61867002,sitting,0.0215,1.0180,0.0747,0.8750,-3.5700,-0.0700
61867021,sitting,0.0207,1.0175,0.0744,0.8750,-3.5350,-0.0700
61867040,sitting,0.0212,1.0180,0.0739,0.8400,-3.5000,-0.0350
61867059,sitting,0.0212,1.0182,0.0742,0.9100,-3.5350,-0.0350
61867078,sitting,0.0220,1.0180,0.0742,0.8400,-3.6050,-0.1400
61867098,sitting,0.0215,1.0182,0.0739,0.8400,-3.5350,-0.0700
61867117,sitting,0.0212,1.0185,0.0742,0.8400,-3.5350,-0.1050
61867136,sitting,0.0207,1.0187,0.0742,0.8750,-3.5000,-0.0350
61867155,sitting,0.0205,1.0175,0.0749,0.9100,-3.5350,0.0000
61867175,sitting,0.0207,1.0177,0.0752,0.8400,-3.5350,-0.0700
61867194,sitting,0.0215,1.0185,0.0752,0.8400,-3.5700,-0.0700
61867213,sitting,0.0215,1.0182,0.0749,0.8400,-3.5350,-0.0700
61867232,sitting,0.0212,1.0167,0.0754,0.8400,-3.5000,-0.1050
61867252,sitting,0.0212,1.0175,0.0739,0.8750,-3.5700,-0.0700
61867271,sitting,0.0207,1.0182,0.0742,0.8750,-3.5700,-0.1050
61867290,sitting,0.0217,1.0189,0.0744,0.8050,-3.5350,-0.0700
61867309,sitting,0.0203,1.0185,0.0744,0.8750,-3.5700,-0.0700
61867328,sitting,0.0210,1.0182,0.0744,0.8750,-3.6050,-0.0700
61867348,sitting,0.0200,1.0180,0.0737,0.8400,-3.5000,-0.0350
61867367,sitting,0.0210,1.0175,0.0739,0.8400,-3.5000,-0.0700
61867386,sitting,0.0207,1.0182,0.0749,0.8750,-3.6050,-0.0350
61867405,sitting,0.0205,1.0185,0.0749,0.8050,-3.5700,-0.0350
61867425,sitting,0.0215,1.0182,0.0747,0.8050,-3.5350,-0.0700
61867444,sitting,0.0205,1.0177,0.0742,0.9100,-3.5350,-0.0700
61867463,sitting,0.0210,1.0185,0.0752,0.9100,-3.5700,-0.0700
61867482,sitting,0.0198,1.0187,0.0747,0.8400,-3.5000,-0.0700
61867502,sitting,0.0210,1.0180,0.0737,0.8750,-3.5350,-0.1050
61867521,sitting,0.0205,1.0170,0.0752,0.8750,-3.5700,-0.0700
61867540,sitting,0.0215,1.0182,0.0749,0.8750,-3.5000,-0.1050
61867559,sitting,0.0205,1.0182,0.0749,0.8400,-3.5350,-0.0700
61867578,sitting,0.0200,1.0177,0.0747,0.8400,-3.5700,-0.0700
61867598,sitting,0.0200,1.0172,0.0749,0.8400,-3.5350,-0.0700
61867617,sitting,0.0195,1.0177,0.0752,0.8400,-3.5000,-0.0700
61867636,sitting,0.0212,1.0185,0.0744,0.8400,-3.5350,-0.0700
61867655,sitting,0.0205,1.0172,0.0744,0.8400,-3.5350,-0.0700
61867675,sitting,0.0203,1.0177,0.0744,0.8750,-3.5000,-0.1050
61867694,sitting,0.0207,1.0182,0.0742,0.8750,-3.5350,-0.0350
61867713,sitting,0.0212,1.0175,0.0737,0.8400,-3.5700,-0.0700
61867732,sitting,0.0210,1.0187,0.0739,0.8400,-3.5350,-0.0700
61867752,sitting,0.0210,1.0177,0.0737,0.8400,-3.5000,-0.0700
61867771,sitting,0.0212,1.0185,0.0747,0.8750,-3.5350,-0.0700
61867790,sitting,0.0220,1.0177,0.0742,0.8050,-3.5350,-0.0700
61867809,sitting,0.0212,1.0180,0.0737,0.8750,-3.4300,-0.0700
61867828,sitting,0.0210,1.0180,0.0754,0.9100,-3.5350,-0.0700
61867848,sitting,0.0212,1.0182,0.0752,0.8400,-3.5000,-0.0700
61867867,sitting,0.0215,1.0187,0.0754,0.9100,-3.5700,-0.0700
61867886,sitting,0.0215,1.0177,0.0747,0.8400,-3.5000,-0.0700
61867905,sitting,0.0198,1.0172,0.0747,0.8400,-3.5350,-0.0700
61867925,sitting,0.0205,1.0172,0.0749,0.8400,-3.5000,-0.0350
61867944,sitting,0.0203,1.0182,0.0747,0.8400,-3.5000,-0.0700
61867963,sitting,0.0207,1.0175,0.0747,0.8400,-3.5000,-0.0700
61867982,sitting,0.0210,1.0175,0.0742,0.8400,-3.5700,-0.0700
61868002,sitting,0.0210,1.0177,0.0749,0.8400,-3.5000,-0.1050
61868021,sitting,0.0210,1.0187,0.0749,0.8400,-3.5700,-0.0700
61868040,sitting,0.0203,1.0172,0.0756,0.8400,-3.5000,-0.0350
61868059,sitting,0.0212,1.0180,0.0747,0.8050,-3.5000,-0.0700
61868078,sitting,0.0217,1.0177,0.0749,0.8400,-3.5350,-0.0700
61868098,sitting,0.0210,1.0170,0.0747,0.8750,-3.5700,-0.0700
61868117,sitting,0.0203,1.0177,0.0742,0.8400,-3.5350,-0.0700
61868136,sitting,0.0217,1.0180,0.0742,0.8750,-3.5700,-0.0700
61868155,sitting,0.0207,1.0177,0.0739,0.9100,-3.5700,-0.0700
61868175,sitting,0.0205,1.0187,0.0732,0.8400,-3.5700,-0.0700
61868194,sitting,0.0210,1.0182,0.0744,0.8050,-3.5350,-0.0350
61868213,sitting,0.0212,1.0172,0.0752,0.8400,-3.5000,-0.0350
61868232,sitting,0.0210,1.0182,0.0749,0.8750,-3.5000,-0.0700
61868252,sitting,0.0207,1.0180,0.0754,0.8050,-3.5350,-0.0350
61868271,sitting,0.0212,1.0175,0.0747,0.9100,-3.5700,0.0000
61868290,sitting,0.0217,1.0180,0.0747,0.8400,-3.5350,-0.0700
61868309,sitting,0.0207,1.0175,0.0747,0.8400,-3.5000,-0.0700
61868328,sitting,0.0205,1.0172,0.0739,0.8400,-3.5350,-0.0700
61868348,sitting,0.0200,1.0177,0.0747,0.9100,-3.5350,-0.0350
61868367,sitting,0.0205,1.0177,0.0749,0.8050,-3.5350,-0.0700
61868386,sitting,0.0210,1.0180,0.0742,0.8750,-3.5000,-0.0350
61868405,sitting,0.0220,1.0182,0.0747,0.8400,-3.5350,-0.0700
61868425,sitting,0.0212,1.0192,0.0747,0.8750,-3.5000,-0.0700
61868444,sitting,0.0205,1.0180,0.0747,0.8400,-3.4650,-0.1050
61868463,sitting,0.0205,1.0180,0.0739,0.8400,-3.5350,-0.0700
61868482,sitting,0.0203,1.0189,0.0739,0.8400,-3.5700,-0.0700
61868502,sitting,0.0207,1.0180,0.0747,0.8750,-3.5000,-0.1050
61868521,sitting,0.0215,1.0189,0.0752,0.8400,-3.5700,-0.0350
61868540,sitting,0.0207,1.0177,0.0749,0.8400,-3.5700,-0.0700
61868559,sitting,0.0212,1.0180,0.0747,0.8750,-3.5350,-0.0700
61868578,sitting,0.0215,1.0180,0.0742,0.8050,-3.5000,-0.0700
61868598,sitting,0.0212,1.0182,0.0744,0.9100,-3.5700,-0.0700
61868617,sitting,0.0212,1.0177,0.0744,0.8400,-3.5350,0.0000
61868636,sitting,0.0215,1.0172,0.0747,0.8750,-3.5350,-0.0350
61868655,sitting,0.0207,1.0167,0.0744,0.8400,-3.5700,-0.0700
61868675,sitting,0.0210,1.0182,0.0744,0.8400,-3.5700,-0.0700
61868694,sitting,0.0200,1.0177,0.0747,0.8750,-3.5000,-0.0700
61868713,sitting,0.0207,1.0177,0.0742,0.8400,-3.5350,-0.1050
61868732,sitting,0.0215,1.0185,0.0747,0.8750,-3.5700,-0.0700
61868752,sitting,0.0212,1.0177,0.0742,0.8750,-3.5000,-0.0700
61868771,sitting,0.0207,1.0185,0.0752,0.8750,-3.5000,-0.0700
61868790,sitting,0.0210,1.0180,0.0737,0.9100,-3.5350,-0.0700
61868809,sitting,0.0203,1.0185,0.0732,0.8750,-3.5350,-0.0700
61868828,sitting,0.0210,1.0170,0.0737,0.8400,-3.5350,-0.0700
61868848,sitting,0.0210,1.0185,0.0744,0.8400,-3.5000,-0.0700
61868867,sitting,0.0215,1.0185,0.0737,0.9100,-3.5350,-0.0700
61868886,sitting,0.0217,1.0175,0.0744,0.8400,-3.5000,-0.0700
61868905,sitting,0.0215,1.0182,0.0752,0.8400,-3.5350,-0.0700
61868925,sitting,0.0210,1.0175,0.0752,0.8750,-3.6050,-0.0700
61868944,sitting,0.0217,1.0180,0.0744,0.8050,-3.5000,-0.0700
61868963,sitting,0.0217,1.0180,0.0734,0.8750,-3.5350,-0.0700
61868982,sitting,0.0210,1.0175,0.0747,0.8750,-3.5700,-0.0700
61869002,sitting,0.0205,1.0187,0.0739,0.8750,-3.5350,-0.0700
61869021,sitting,0.0207,1.0175,0.0742,0.8400,-3.5350,-0.0350
61869040,sitting,0.0212,1.0172,0.0749,0.8750,-3.5350,-0.0700
61869059,sitting,0.0215,1.0175,0.0744,0.8400,-3.4650,-0.0350
61869078,sitting,0.0215,1.0177,0.0744,0.8050,-3.5000,-0.1050
61869098,sitting,0.0212,1.0177,0.0749,0.8400,-3.5350,-0.0700
61869117,sitting,0.0210,1.0165,0.0734,0.8750,-3.5350,-0.0700
61869136,sitting,0.0203,1.0180,0.0749,0.8400,-3.5000,-0.0700
61869155,sitting,0.0207,1.0187,0.0744,0.8400,-3.5000,-0.1050
61869175,sitting,0.0210,1.0187,0.0744,0.8750,-3.5700,-0.1400
61869194,sitting,0.0205,1.0175,0.0749,0.8400,-3.5000,-0.0350
61869213,sitting,0.0207,1.0180,0.0739,0.8400,-3.5000,-0.0350
61869232,sitting,0.0207,1.0185,0.0749,0.8750,-3.5350,-0.0700
61869252,sitting,0.0198,1.0185,0.0744,0.9100,-3.5000,-0.0350
61869271,sitting,0.0200,1.0180,0.0749,0.8400,-3.5000,-0.0700
61869290,sitting,0.0207,1.0177,0.0747,0.8400,-3.5700,-0.0700
61869309,sitting,0.0217,1.0172,0.0744,0.8400,-3.5700,-0.0700
61869328,sitting,0.0210,1.0175,0.0744,0.8400,-3.5350,-0.1050
61869348,sitting,0.0212,1.0175,0.0747,0.9100,-3.5350,-0.0700
61869367,sitting,0.0210,1.0180,0.0742,0.8750,-3.6050,-0.1050
61869386,sitting,0.0207,1.0180,0.0737,0.8750,-3.5350,-0.0700
61869405,sitting,0.0210,1.0187,0.0744,0.8400,-3.5000,-0.0350
61869425,sitting,0.0212,1.0180,0.0747,0.8750,-3.5700,-0.0700
61869444,sitting,0.0210,1.0175,0.0742,0.8750,-3.5350,-0.0700
61869463,sitting,0.0205,1.0185,0.0749,0.8400,-3.5350,-0.0700
61869482,sitting,0.0203,1.0182,0.0739,0.8750,-3.5350,-0.0700
61869502,sitting,0.0215,1.0187,0.0742,0.8750,-3.5000,-0.0700
61869521,sitting,0.0203,1.0182,0.0752,0.8400,-3.5000,-0.1400
61869540,sitting,0.0203,1.0182,0.0756,0.8400,-3.5000,-0.0700
61869559,sitting,0.0205,1.0185,0.0747,0.8400,-3.5000,-0.0700
61869578,sitting,0.0212,1.0187,0.0742,0.8400,-3.5000,-0.0700
61869598,sitting,0.0203,1.0182,0.0739,0.8400,-3.5700,-0.0700
61869617,sitting,0.0210,1.0172,0.0742,0.8050,-3.5700,-0.1050
61869636,sitting,0.0215,1.0170,0.0744,0.8400,-3.5000,-0.0350
61869655,sitting,0.0210,1.0170,0.0749,0.8400,-3.5000,-0.1050
61869675,sitting,0.0205,1.0167,0.0747,0.8050,-3.5700,-0.1050
61869694,sitting,0.0210,1.0185,0.0747,0.8400,-3.5350,-0.1050
61869713,sitting,0.0210,1.0180,0.0747,0.8400,-3.5000,-0.0350
61869732,sitting,0.0207,1.0177,0.0742,0.8750,-3.5700,-0.0700
61869752,sitting,0.0215,1.0180,0.0749,0.9100,-3.6050,-0.0350
61869771,sitting,0.0207,1.0177,0.0749,0.8400,-3.5000,-0.0700
61869790,sitting,0.0212,1.0185,0.0742,0.8750,-3.5700,-0.0700
61869809,sitting,0.0207,1.0180,0.0756,0.8400,-3.5700,-0.1050
61869828,sitting,0.0203,1.0185,0.0747,0.8750,-3.5350,-0.0700
61869848,sitting,0.0200,1.0175,0.0752,0.8750,-3.5000,-0.0350
61869867,sitting,0.0207,1.0175,0.0744,0.8400,-3.5700,-0.0700
61869886,sitting,0.0203,1.0177,0.0744,0.8400,-3.5350,-0.0700
61869905,sitting,0.0212,1.0182,0.0749,0.8400,-3.5000,-0.0700
61869925,sitting,0.0207,1.0187,0.0749,0.8400,-3.5700,-0.0700
61869944,sitting,0.0210,1.0177,0.0744,0.8750,-3.5350,-0.0350
61869963,sitting,0.0207,1.0180,0.0739,0.8400,-3.5000,-0.0700
61869982,sitting,0.0207,1.0175,0.0752,0.8750,-3.5350,-0.0700
61870002,sitting,0.0205,1.0182,0.0756,0.8400,-3.5700,-0.1050
61870021,sitting,0.0210,1.0180,0.0752,0.8400,-3.5000,-0.0700
61870040,sitting,0.0207,1.0172,0.0747,0.8400,-3.4650,-0.0350
61870059,sitting,0.0212,1.0180,0.0759,0.8400,-3.5350,-0.0350
61870078,sitting,0.0215,1.0185,0.0749,0.8400,-3.5350,-0.0350
61870098,sitting,0.0212,1.0187,0.0737,0.8400,-3.5000,-0.0700
61870117,sitting,0.0212,1.0182,0.0749,0.8750,-3.5000,-0.0350
61870136,sitting,0.0207,1.0180,0.0742,0.8050,-3.5350,-0.1400
61870155,sitting,0.0205,1.0175,0.0739,0.8400,-3.5000,-0.0700
61870175,sitting,0.0222,1.0177,0.0742,0.8400,-3.5700,-0.0700
61870194,sitting,0.0207,1.0185,0.0744,0.8400,-3.5700,-0.0700
61870213,sitting,0.0203,1.0175,0.0739,0.8400,-3.5000,-0.0350
61870232,sitting,0.0203,1.0175,0.0754,0.8400,-3.5350,-0.0700
61870252,sitting,0.0203,1.0180,0.0739,0.8400,-3.5700,-0.0700
61870271,sitting,0.0207,1.0175,0.0747,0.8400,-3.5350,-0.0700
61870290,sitting,0.0205,1.0175,0.0742,0.8050,-3.5000,-0.1050
61870309,sitting,0.0205,1.0172,0.0754,0.8400,-3.5350,-0.1050
61870328,sitting,0.0198,1.0177,0.0744,0.8400,-3.5350,-0.0700
61870348,sitting,0.0207,1.0189,0.0744,0.9100,-3.5000,-0.0700
61870367,sitting,0.0205,1.0189,0.0737,0.8750,-3.5700,-0.0700
61870386,sitting,0.0205,1.0175,0.0747,0.8400,-3.5000,-0.0350
61870405,sitting,0.0207,1.0172,0.0749,0.8750,-3.4650,-0.0700
61870425,sitting,0.0212,1.0175,0.0752,0.8750,-3.5700,-0.0350
61870444,sitting,0.0217,1.0180,0.0752,0.8400,-3.5350,-0.1400
61870463,sitting,0.0215,1.0185,0.0744,0.8050,-3.4650,-0.1050
61870482,sitting,0.0205,1.0180,0.0739,0.8400,-3.5000,-0.0700
61870502,sitting,0.0205,1.0175,0.0744,0.8750,-3.5350,-0.0700
61870521,sitting,0.0207,1.0177,0.0739,0.8400,-3.5000,-0.0700
61870540,sitting,0.0200,1.0192,0.0747,0.8050,-3.5000,-0.0700
61870559,sitting,0.0207,1.0182,0.0747,0.8400,-3.5000,-0.0700
61870578,sitting,0.0205,1.0180,0.0747,0.9100,-3.5000,-0.0700
61870598,sitting,0.0212,1.0185,0.0744,0.8050,-3.5000,-0.0700
61870617,sitting,0.0215,1.0187,0.0752,0.8400,-3.5000,-0.1050
61870636,sitting,0.0203,1.0177,0.0739,0.8400,-3.5350,-0.0700
61870655,sitting,0.0210,1.0167,0.0747,0.8400,-3.4650,-0.1050
61870675,sitting,0.0217,1.0172,0.0742,0.8400,-3.5350,-0.1050
61870694,sitting,0.0203,1.0182,0.0742,0.8750,-3.5700,-0.1050
61870713,sitting,0.0207,1.0182,0.0742,0.8750,-3.5350,-0.0700
61870732,sitting,0.0205,1.0189,0.0754,0.8050,-3.5350,-0.0350
61870752,sitting,0.0212,1.0180,0.0749,0.8750,-3.5700,-0.0700
61870771,sitting,0.0203,1.0170,0.0759,0.8400,-3.5350,-0.1050
61870790,sitting,0.0200,1.0172,0.0747,0.8400,-3.5000,-0.1050
61870809,sitting,0.0195,1.0189,0.0752,0.8400,-3.5000,-0.0700
61870828,sitting,0.0203,1.0170,0.0754,0.8400,-3.5350,-0.0350
61870848,sitting,0.0207,1.0177,0.0737,0.8400,-3.5000,-0.0700
61870867,sitting,0.0207,1.0182,0.0739,0.8400,-3.5350,-0.0700
61870886,sitting,0.0220,1.0175,0.0739,0.8750,-3.5700,-0.0700
61870905,sitting,0.0203,1.0185,0.0734,0.8400,-3.4650,-0.0700
61870925,sitting,0.0210,1.0177,0.0742,0.8400,-3.5000,-0.0700
61870944,sitting,0.0207,1.0170,0.0744,0.8400,-3.4650,-0.1050
61870963,sitting,0.0207,1.0175,0.0742,0.8400,-3.5350,-0.0700
61870982,sitting,0.0210,1.0177,0.0727,0.8400,-3.4650,-0.0700
61871002,sitting,0.0210,1.0172,0.0734,0.9100,-3.5350,-0.0700
61871021,sitting,0.0203,1.0182,0.0744,0.9100,-3.5350,-0.0700
61871040,sitting,0.0205,1.0177,0.0747,0.8050,-3.5000,0.0000
61871059,sitting,0.0207,1.0177,0.0749,0.8400,-3.5350,-0.0350
61871078,sitting,0.0205,1.0187,0.0744,0.8750,-3.5350,-0.0700
61871098,sitting,0.0220,1.0172,0.0747,0.8400,-3.5000,-0.0700
61871117,sitting,0.0217,1.0177,0.0737,0.9100,-3.5350,-0.0700
61871136,sitting,0.0215,1.0175,0.0747,0.9100,-3.5700,-0.0700
61871155,sitting,0.0212,1.0177,0.0752,0.8750,-3.5700,-0.0350
61871175,sitting,0.0210,1.0180,0.0747,0.8750,-3.5000,-0.0350
61871194,sitting,0.0205,1.0177,0.0747,0.8750,-3.5700,-0.0700
61871213,sitting,0.0207,1.0180,0.0747,0.8750,-3.6050,-0.0350
61871232,sitting,0.0210,1.0187,0.0739,0.8400,-3.5350,-0.0350
61871252,sitting,0.0212,1.0180,0.0747,0.8750,-3.5350,-0.0700
61871271,sitting,0.0210,1.0185,0.0742,0.8750,-3.5700,-0.0350
61871290,sitting,0.0203,1.0180,0.0747,0.8400,-3.5000,-0.0700
61871309,sitting,0.0215,1.0180,0.0749,0.8400,-3.5000,-0.0700
61871328,sitting,0.0210,1.0189,0.0754,0.8750,-3.5350,-0.0700
61871348,sitting,0.0210,1.0185,0.0749,0.8400,-3.5000,-0.0700
61871367,sitting,0.0207,1.0187,0.0744,0.7700,-3.5000,-0.0700
61871386,sitting,0.0193,1.0194,0.0749,0.8400,-3.5700,-0.0350
61871405,sitting,0.0205,1.0187,0.0754,0.8400,-3.5350,-0.0700
61871425,sitting,0.0207,1.0180,0.0742,0.8400,-3.5350,-0.0700
61871444,sitting,0.0207,1.0185,0.0747,0.8400,-3.5700,-0.0350
61871463,sitting,0.0200,1.0182,0.0744,0.8400,-3.5700,-0.0350
61871482,sitting,0.0203,1.0177,0.0752,0.8400,-3.5000,-0.0700
61871502,sitting,0.0210,1.0180,0.0744,0.8750,-3.5350,0.0000
61871521,sitting,0.0207,1.0180,0.0744,0.8400,-3.5350,-0.0350
61871540,sitting,0.0212,1.0182,0.0744,0.8400,-3.5350,-0.0700
61871559,sitting,0.0207,1.0175,0.0752,0.8050,-3.5350,-0.0700
61871578,sitting,0.0200,1.0170,0.0739,0.8400,-3.5700,-0.0700
61871598,sitting,0.0212,1.0182,0.0742,0.8400,-3.5350,-0.0350
61871617,sitting,0.0220,1.0172,0.0744,0.8750,-3.4650,-0.1050
61871636,sitting,0.0210,1.0185,0.0742,0.8400,-3.5000,-0.0700
61871655,sitting,0.0222,1.0182,0.0744,0.8400,-3.5000,-0.1050
61871675,sitting,0.0212,1.0185,0.0744,0.8400,-3.5000,-0.0700
61871694,sitting,0.0210,1.0180,0.0749,0.8050,-3.5000,0.0000
61871713,sitting,0.0210,1.0175,0.0742,0.8400,-3.5350,-0.0700
61871732,sitting,0.0205,1.0180,0.0747,0.8400,-3.5350,-0.0700
61871752,sitting,0.0212,1.0175,0.0747,0.8050,-3.5000,-0.0350
61871771,sitting,0.0207,1.0182,0.0744,0.8750,-3.5350,-0.0700
61871790,sitting,0.0203,1.0182,0.0742,0.8400,-3.5000,0.0000
61871809,sitting,0.0210,1.0172,0.0742,0.8400,-3.4650,-0.0700
61871828,sitting,0.0217,1.0172,0.0742,0.8400,-3.5000,-0.0700
61871848,sitting,0.0212,1.0177,0.0747,0.9100,-3.5350,-0.0700
61871867,sitting,0.0212,1.0177,0.0747,0.9100,-3.5000,-0.1050
61871886,sitting,0.0215,1.0175,0.0747,0.8750,-3.5350,-0.0700
61871905,sitting,0.0215,1.0177,0.0749,0.8750,-3.5700,-0.0350
61871925,sitting,0.0205,1.0189,0.0739,0.8750,-3.5350,-0.0700
61871944,sitting,0.0205,1.0180,0.0747,0.8400,-3.5700,-0.0700
61871963,sitting,0.0210,1.0163,0.0737,0.8400,-3.5700,-0.0350
61871982,sitting,0.0205,1.0167,0.0744,0.8400,-3.5350,-0.0700
61872002,sitting,0.0215,1.0180,0.0742,0.8400,-3.5000,-0.1050
61872021,sitting,0.0217,1.0182,0.0744,0.8050,-3.5350,-0.0700
61872040,sitting,0.0210,1.0182,0.0744,0.8400,-3.5700,-0.0700
61872059,sitting,0.0200,1.0182,0.0739,0.8400,-3.5000,-0.0700
61872078,sitting,0.0205,1.0187,0.0739,0.8400,-3.5000,-0.0700
61872098,sitting,0.0217,1.0175,0.0752,0.8750,-3.5350,-0.0350
61872117,sitting,0.0207,1.0175,0.0744,0.8050,-3.5000,-0.1050
61872136,sitting,0.0205,1.0170,0.0744,0.8400,-3.5000,-0.0700
61872155,sitting,0.0200,1.0180,0.0749,0.8400,-3.5350,-0.0700
61872175,sitting,0.0210,1.0180,0.0742,0.8400,-3.5000,-0.0700
61872194,sitting,0.0215,1.0175,0.0749,0.7700,-3.4650,-0.0700
61872213,sitting,0.0210,1.0182,0.0739,0.8050,-3.5000,-0.0700
61872232,sitting,0.0207,1.0175,0.0744,0.8400,-3.5350,-0.0700
61872252,sitting,0.0210,1.0180,0.0739,0.8400,-3.5000,-0.1050
61872271,sitting,0.0215,1.0175,0.0749,0.8400,-3.5350,-0.0700
61872290,sitting,0.0212,1.0170,0.0739,0.8400,-3.5350,-0.0350
61872309,sitting,0.0207,1.0177,0.0747,0.8400,-3.5700,-0.0700
61872328,sitting,0.0207,1.0180,0.0744,0.9100,-3.5000,-0.0700
61872348,sitting,0.0203,1.0177,0.0744,0.8400,-3.5350,-0.0700
61872367,sitting,0.0215,1.0180,0.0744,0.8050,-3.5000,-0.0700
61872386,sitting,0.0210,1.0180,0.0742,0.8400,-3.5000,-0.0700
61872405,sitting,0.0210,1.0175,0.0744,0.8050,-3.5700,0.0000
61872425,sitting,0.0207,1.0177,0.0747,0.8400,-3.5700,-0.0350
61872444,sitting,0.0198,1.0177,0.0754,0.8750,-3.5000,-0.0700
61872463,sitting,0.0203,1.0180,0.0747,0.8400,-3.5350,-0.1050
61872482,sitting,0.0210,1.0172,0.0749,0.8400,-3.5350,-0.1050
61872502,sitting,0.0203,1.0182,0.0749,0.7700,-3.4650,-0.1050
61872521,sitting,0.0212,1.0180,0.0747,0.8400,-3.5000,-0.1400
61872540,sitting,0.0210,1.0187,0.0747,0.8400,-3.5350,-0.0700
61872559,sitting,0.0203,1.0177,0.0749,0.8400,-3.5000,-0.1400
61872578,sitting,0.0200,1.0177,0.0761,0.8050,-3.4650,-0.1050
61872598,sitting,0.0205,1.0187,0.0747,0.9100,-3.5000,-0.0350
61872617,sitting,0.0205,1.0185,0.0744,0.8400,-3.5000,-0.0350
61872636,sitting,0.0207,1.0187,0.0747,0.8400,-3.5000,-0.0700
61872655,sitting,0.0210,1.0172,0.0742,0.8400,-3.5700,-0.0700
61872675,sitting,0.0212,1.0182,0.0742,0.8400,-3.5700,-0.0700
61872694,sitting,0.0217,1.0185,0.0752,0.8400,-3.5000,-0.0700
61872713,sitting,0.0215,1.0180,0.0744,0.8400,-3.5350,-0.0700
61872732,sitting,0.0207,1.0185,0.0749,0.8400,-3.5350,-0.0700
61872752,sitting,0.0212,1.0185,0.0742,0.8400,-3.4300,-0.1050
61872771,sitting,0.0207,1.0175,0.0744,0.8400,-3.5000,-0.1050
61872790,sitting,0.0198,1.0177,0.0744,0.8400,-3.5350,-0.0350
61872809,sitting,0.0200,1.0175,0.0749,0.8400,-3.5350,-0.0700
61872828,sitting,0.0203,1.0175,0.0752,0.8400,-3.5350,-0.0700
61872848,sitting,0.0203,1.0175,0.0742,0.8400,-3.5350,-0.0700
61872867,sitting,0.0200,1.0185,0.0749,0.8400,-3.5000,-0.0700
61872886,sitting,0.0205,1.0182,0.0747,0.8400,-3.4300,-0.1400
61872905,sitting,0.0210,1.0180,0.0752,0.8400,-3.5000,-0.0700
61872925,sitting,0.0215,1.0180,0.0749,0.8400,-3.5350,-0.0350
61872944,sitting,0.0207,1.0175,0.0747,0.8400,-3.4650,-0.0700
61872963,sitting,0.0203,1.0175,0.0747,0.8400,-3.5350,-0.0700
61872982,sitting,0.0203,1.0185,0.0744,0.8400,-3.5700,-0.1050
61873002,sitting,0.0203,1.0177,0.0747,0.8400,-3.5350,-0.0700
61873021,sitting,0.0215,1.0177,0.0747,0.8400,-3.5000,-0.0700
61873040,sitting,0.0207,1.0177,0.0742,0.8750,-3.5700,-0.0700
61873059,sitting,0.0205,1.0185,0.0747,0.8750,-3.5350,-0.0700
61873078,sitting,0.0207,1.0172,0.0747,0.8400,-3.5000,-0.0700
61873098,sitting,0.0210,1.0175,0.0739,0.8750,-3.5000,-0.0700
61873117,sitting,0.0215,1.0182,0.0749,0.8750,-3.5350,-0.0700
61873136,sitting,0.0217,1.0180,0.0754,0.8400,-3.5000,-0.1050
61873155,sitting,0.0207,1.0177,0.0744,0.8400,-3.5350,-0.0350
61873175,sitting,0.0205,1.0177,0.0742,0.8400,-3.5350,-0.0700
61873194,sitting,0.0207,1.0180,0.0742,0.8400,-3.5350,-0.1050
61873213,sitting,0.0200,1.0177,0.0749,0.8400,-3.5000,-0.0700
61873232,sitting,0.0205,1.0189,0.0752,0.8400,-3.5700,-0.0700
61873252,sitting,0.0210,1.0180,0.0742,0.8050,-3.4650,-0.0700
61873271,sitting,0.0203,1.0175,0.0734,0.8400,-3.4650,-0.1050
61873290,sitting,0.0203,1.0175,0.0752,0.8400,-3.5350,-0.0700
61873309,sitting,0.0200,1.0180,0.0749,0.8400,-3.5350,-0.1050
61873328,sitting,0.0205,1.0180,0.0747,0.8750,-3.5000,-0.0700
61873348,sitting,0.0210,1.0177,0.0749,0.8400,-3.5350,-0.1050
61873367,sitting,0.0210,1.0182,0.0742,0.8750,-3.5350,-0.0700
61873386,sitting,0.0200,1.0182,0.0744,0.8400,-3.5000,-0.0700
61873405,sitting,0.0210,1.0175,0.0737,0.8400,-3.5350,-0.0700
61873425,sitting,0.0212,1.0177,0.0742,0.8400,-3.5350,-0.0700
61873444,sitting,0.0207,1.0189,0.0727,0.8400,-3.5350,-0.0700
61873463,sitting,0.0217,1.0177,0.0744,0.8050,-3.5000,-0.0700
61873482,sitting,0.0210,1.0172,0.0749,0.8400,-3.5700,-0.0700
61873502,sitting,0.0212,1.0185,0.0754,0.8400,-3.5350,-0.0700
61873521,sitting,0.0203,1.0177,0.0742,0.8400,-3.5000,-0.0700
61873540,sitting,0.0210,1.0185,0.0739,0.8400,-3.5700,-0.0700
61873559,sitting,0.0212,1.0177,0.0752,0.8400,-3.5350,-0.0700
61873578,sitting,0.0207,1.0170,0.0744,0.8400,-3.5350,-0.0700
61873598,sitting,0.0207,1.0170,0.0749,0.8750,-3.5000,-0.0700
61873617,sitting,0.0210,1.0180,0.0754,0.8400,-3.5000,-0.1050
61873636,sitting,0.0212,1.0175,0.0752,0.9100,-3.5350,-0.0700
61873655,sitting,0.0210,1.0182,0.0749,0.8750,-3.5350,-0.0700
61873675,sitting,0.0210,1.0182,0.0749,0.8400,-3.5350,-0.0700
61873694,sitting,0.0207,1.0172,0.0749,0.8400,-3.5350,-0.0350
61873713,sitting,0.0212,1.0175,0.0744,0.8050,-3.5000,-0.1050
61873732,sitting,0.0205,1.0182,0.0747,0.8400,-3.5000,-0.0700
61873752,sitting,0.0210,1.0177,0.0744,0.8750,-3.5350,-0.0700
61873771,sitting,0.0205,1.0185,0.0747,0.8050,-3.4650,-0.0700
61873790,sitting,0.0203,1.0180,0.0749,0.8400,-3.5000,-0.0700
61873809,sitting,0.0203,1.0180,0.0752,0.8400,-3.5000,-0.0700
61873828,sitting,0.0207,1.0182,0.0752,0.8750,-3.5000,-0.0700
61873848,sitting,0.0200,1.0172,0.0747,0.8400,-3.5350,-0.0700
61873867,sitting,0.0212,1.0185,0.0754,0.8400,-3.5000,-0.1050
61873886,sitting,0.0203,1.0182,0.0739,0.8400,-3.5000,-0.0700
61873905,sitting,0.0210,1.0189,0.0742,0.8050,-3.4650,-0.0700
61873925,sitting,0.0210,1.0187,0.0744,0.8400,-3.5000,-0.0350
61873944,sitting,0.0203,1.0182,0.0744,0.8750,-3.5000,-0.0700
61873963,sitting,0.0210,1.0180,0.0752,0.8400,-3.4650,-0.0700
61873982,sitting,0.0215,1.0175,0.0749,0.8400,-3.5000,-0.0700
61874002,sitting,0.0207,1.0175,0.0747,0.8750,-3.5350,-0.0700
61874021,sitting,0.0203,1.0187,0.0747,0.8400,-3.5350,-0.0700
61874040,sitting,0.0215,1.0187,0.0752,0.8400,-3.5000,-0.0700
61874059,sitting,0.0222,1.0182,0.0742,0.8400,-3.5350,-0.0700
61874078,sitting,0.0207,1.0177,0.0747,0.8400,-3.5000,-0.0700
61874098,sitting,0.0210,1.0180,0.0742,0.8400,-3.5350,-0.1400
61874117,sitting,0.0220,1.0175,0.0744,0.9100,-3.5700,-0.0700
61874136,sitting,0.0207,1.0172,0.0747,0.8750,-3.5700,-0.0700
61874155,sitting,0.0207,1.0175,0.0749,0.8050,-3.5000,-0.0350
61874175,sitting,0.0203,1.0182,0.0749,0.8400,-3.5700,-0.1050
61874194,sitting,0.0215,1.0182,0.0752,0.8400,-3.5350,-0.0700
61874213,sitting,0.0205,1.0177,0.0739,0.8050,-3.4650,-0.0700
61874232,sitting,0.0207,1.0180,0.0744,0.8400,-3.5350,-0.0350
61874252,sitting,0.0217,1.0177,0.0752,0.8400,-3.5700,0.0000
61874271,sitting,0.0210,1.0175,0.0752,0.8400,-3.5000,-0.0350
61874290,sitting,0.0205,1.0172,0.0737,0.8400,-3.5000,-0.1050
61874309,sitting,0.0205,1.0182,0.0742,0.8750,-3.5700,-0.0700
61874328,sitting,0.0195,1.0182,0.0749,0.8750,-3.5700,-0.0700
61874348,sitting,0.0212,1.0187,0.0737,0.8400,-3.5000,-0.0700
61874367,sitting,0.0198,1.0185,0.0734,0.8750,-3.5350,-0.0700
61874386,sitting,0.0205,1.0182,0.0737,0.8400,-3.5350,-0.0700
61874405,sitting,0.0205,1.0175,0.0744,0.8400,-3.4650,-0.1050
61874425,sitting,0.0207,1.0185,0.0744,0.8750,-3.5000,-0.0700
61874444,sitting,0.0205,1.0180,0.0744,0.8400,-3.5350,-0.0700
61874463,sitting,0.0217,1.0187,0.0744,0.8050,-3.5000,-0.1050
61874482,sitting,0.0212,1.0177,0.0749,0.8400,-3.5350,-0.0700
61874502,sitting,0.0212,1.0172,0.0756,0.8400,-3.5700,-0.1050
61874521,sitting,0.0212,1.0172,0.0744,0.8750,-3.5350,-0.1050
61874540,sitting,0.0210,1.0180,0.0742,0.8400,-3.5000,-0.1050
61874559,sitting,0.0220,1.0177,0.0744,0.8400,-3.5000,-0.0700
61874578,sitting,0.0210,1.0182,0.0737,0.8400,-3.5000,-0.0700
61874598,sitting,0.0217,1.0185,0.0747,0.8400,-3.5000,-0.0700
61874617,sitting,0.0217,1.0180,0.0747,0.8750,-3.5350,-0.0700
61874636,sitting,0.0207,1.0180,0.0749,0.8400,-3.5700,-0.0700
61874655,sitting,0.0207,1.0185,0.0739,0.8400,-3.5000,-0.0700
61874675,sitting,0.0215,1.0175,0.0749,0.8400,-3.5350,-0.0700
61874694,sitting,0.0212,1.0185,0.0749,0.8750,-3.5350,-0.0700
61874713,sitting,0.0205,1.0180,0.0744,0.8750,-3.5350,-0.0700
61874732,sitting,0.0200,1.0170,0.0739,0.8400,-3.5700,-0.1050
61874752,sitting,0.0205,1.0167,0.0742,0.8750,-3.5700,-0.0700
61874771,sitting,0.0212,1.0175,0.0749,0.8400,-3.5700,-0.0700
61874790,sitting,0.0210,1.0189,0.0742,0.8050,-3.5000,-0.0350
61874809,sitting,0.0207,1.0180,0.0749,0.8400,-3.5000,-0.1050
61874828,sitting,0.0210,1.0175,0.0752,0.8750,-3.5700,-0.0700
61874848,sitting,0.0215,1.0180,0.0739,0.8400,-3.5000,-0.0700
61874867,sitting,0.0200,1.0175,0.0744,0.8400,-3.5000,-0.0700
61874886,sitting,0.0205,1.0167,0.0739,0.8750,-3.5350,-0.0700
61874905,sitting,0.0212,1.0175,0.0747,0.8400,-3.4650,-0.0700
61874925,sitting,0.0215,1.0180,0.0742,0.8400,-3.4650,-0.0700
61874944,sitting,0.0200,1.0182,0.0744,0.9100,-3.5350,-0.0700
61874963,sitting,0.0207,1.0182,0.0737,0.8400,-3.5350,-0.0700
61874982,sitting,0.0210,1.0175,0.0737,0.8050,-3.4650,-0.0700
61875002,sitting,0.0212,1.0185,0.0747,0.8750,-3.5000,-0.0700
61875021,sitting,0.0203,1.0185,0.0732,0.8750,-3.5350,-0.0700
61875040,sitting,0.0198,1.0180,0.0747,0.8400,-3.4650,-0.0700
61875059,sitting,0.0210,1.0177,0.0742,0.8400,-3.5000,-0.0700
61875078,sitting,0.0205,1.0182,0.0747,0.8400,-3.5000,-0.0700
61875098,sitting,0.0207,1.0185,0.0734,0.8400,-3.5000,-0.0350
61875117,sitting,0.0205,1.0175,0.0744,0.8400,-3.5000,-0.0700
61875136,sitting,0.0205,1.0182,0.0747,0.8400,-3.5000,-0.1400
61875155,sitting,0.0210,1.0182,0.0742,0.8400,-3.5000,-0.0700
61875175,sitting,0.0203,1.0180,0.0742,0.8400,-3.5000,-0.1050
61875194,sitting,0.0207,1.0180,0.0744,0.8400,-3.5700,-0.0700
61875213,sitting,0.0207,1.0172,0.0742,0.8750,-3.5000,-0.1050
61875232,sitting,0.0203,1.0177,0.0739,0.8400,-3.4650,-0.1050
61875252,sitting,0.0205,1.0177,0.0734,0.8400,-3.5350,-0.0700
61875271,sitting,0.0217,1.0175,0.0747,0.8750,-3.5700,-0.1050
61875290,sitting,0.0207,1.0182,0.0749,0.8050,-3.5350,-0.1050
61875309,sitting,0.0203,1.0175,0.0749,0.8400,-3.5700,-0.0700
61875328,sitting,0.0210,1.0185,0.0744,0.8400,-3.5700,-0.0700
61875348,sitting,0.0195,1.0180,0.0752,0.8400,-3.5000,-0.0700
61875367,sitting,0.0207,1.0185,0.0756,0.8400,-3.5000,-0.1050
61875386,sitting,0.0210,1.0177,0.0754,0.8400,-3.5000,-0.0700
61875405,sitting,0.0193,1.0192,0.0752,0.8400,-3.5000,-0.0700
61875425,sitting,0.0205,1.0182,0.0749,0.8400,-3.5000,-0.0700
61875444,sitting,0.0217,1.0182,0.0754,0.8400,-3.5350,-0.0350
61875463,sitting,0.0210,1.0182,0.0744,0.8400,-3.5350,-0.0700
61875482,sitting,0.0210,1.0187,0.0759,0.8750,-3.5000,-0.0350
61875502,sitting,0.0212,1.0182,0.0749,0.8400,-3.5700,-0.0700
61875521,sitting,0.0203,1.0187,0.0744,0.8050,-3.5350,-0.1050
61875540,sitting,0.0217,1.0175,0.0732,0.8750,-3.5350,-0.0700
61875559,sitting,0.0212,1.0177,0.0744,0.8050,-3.5000,-0.1050
61875578,sitting,0.0195,1.0177,0.0747,0.8750,-3.5350,-0.0700
61875598,sitting,0.0203,1.0175,0.0739,0.8400,-3.5350,-0.0700
61875617,sitting,0.0203,1.0182,0.0739,0.8400,-3.4650,-0.0700
61875636,sitting,0.0205,1.0187,0.0742,0.8750,-3.5350,-0.0700
61875655,sitting,0.0207,1.0172,0.0737,0.8750,-3.5700,-0.0700
61875675,sitting,0.0207,1.0177,0.0742,0.7700,-3.5000,-0.0700
61875694,sitting,0.0200,1.0182,0.0749,0.8400,-3.5000,-0.0700
61875713,sitting,0.0210,1.0180,0.0744,0.8400,-3.5700,-0.0700
61875732,sitting,0.0203,1.0180,0.0747,0.8400,-3.5000,-0.0700
61875752,sitting,0.0203,1.0180,0.0739,0.8400,-3.5000,-0.0700
61875771,sitting,0.0198,1.0182,0.0737,0.8750,-3.5700,-0.0700
61875790,sitting,0.0203,1.0180,0.0742,0.8400,-3.5350,-0.0700
61875809,sitting,0.0210,1.0182,0.0747,0.8400,-3.5350,-0.0700
61875828,sitting,0.0205,1.0185,0.0739,0.8400,-3.5700,-0.0700
61875848,sitting,0.0210,1.0182,0.0737,0.8400,-3.6050,-0.0700
61875867,sitting,0.0207,1.0185,0.0739,0.8750,-3.5000,-0.0700
61875886,sitting,0.0205,1.0175,0.0747,0.8400,-3.5350,-0.0700
61875905,sitting,0.0207,1.0185,0.0742,0.8400,-3.5700,-0.0700
61875925,sitting,0.0195,1.0180,0.0752,0.8750,-3.5350,-0.0700
61875944,sitting,0.0198,1.0177,0.0744,0.8400,-3.5000,-0.0700
61875963,sitting,0.0205,1.0187,0.0752,0.8750,-3.5700,-0.0700
61875982,sitting,0.0212,1.0185,0.0744,0.8750,-3.5000,-0.0700
61876002,sitting,0.0203,1.0180,0.0742,0.8050,-3.5000,-0.1050
61876021,sitting,0.0205,1.0175,0.0742,0.8400,-3.5350,-0.0700
61876040,sitting,0.0203,1.0177,0.0747,0.9100,-3.5000,-0.1050
61876059,sitting,0.0198,1.0177,0.0744,0.8050,-3.4650,-0.0700
61876078,sitting,0.0207,1.0187,0.0759,0.7700,-3.5350,-0.0700
61876098,sitting,0.0207,1.0180,0.0754,0.8750,-3.5700,-0.0700
61876117,sitting,0.0198,1.0185,0.0756,0.8400,-3.5000,-0.0350
61876136,sitting,0.0203,1.0182,0.0744,0.8050,-3.5000,-0.1050
61876155,sitting,0.0207,1.0182,0.0737,0.8400,-3.5350,-0.0700
61876175,sitting,0.0200,1.0180,0.0744,0.8050,-3.4650,-0.0700
61876194,sitting,0.0207,1.0177,0.0744,0.8050,-3.5000,-0.0700
61876213,sitting,0.0210,1.0180,0.0747,0.8400,-3.5350,-0.1050
61876232,sitting,0.0210,1.0185,0.0752,0.8050,-3.5000,-0.0700
61876252,sitting,0.0212,1.0187,0.0739,0.8400,-3.5000,-0.1400
61876271,sitting,0.0207,1.0172,0.0756,0.8750,-3.5000,-0.0700
61876290,sitting,0.0203,1.0165,0.0747,0.8400,-3.5350,-0.0350
61876309,sitting,0.0210,1.0170,0.0744,0.8400,-3.5350,-0.0700
61876328,sitting,0.0207,1.0175,0.0747,0.8400,-3.5350,-0.0700
61876348,sitting,0.0212,1.0172,0.0742,0.8400,-3.5700,-0.1050
61876367,sitting,0.0212,1.0185,0.0739,0.8400,-3.5000,-0.0700
61876386,sitting,0.0212,1.0172,0.0744,0.8400,-3.5000,-0.1050
61876405,sitting,0.0207,1.0180,0.0752,0.8400,-3.5350,-0.0700
61876425,sitting,0.0203,1.0189,0.0742,0.8400,-3.5000,-0.0700
61876444,sitting,0.0203,1.0185,0.0742,0.8050,-3.4650,-0.1050
61876463,sitting,0.0212,1.0185,0.0749,0.8050,-3.5350,-0.0700
61876482,sitting,0.0205,1.0180,0.0742,0.8400,-3.5350,-0.1050
61876502,sitting,0.0212,1.0185,0.0744,0.8400,-3.5000,-0.0350
61876521,sitting,0.0217,1.0192,0.0739,0.8750,-3.5000,-0.0700
61876540,sitting,0.0220,1.0189,0.0744,0.8400,-3.5350,-0.0700
61876559,sitting,0.0212,1.0177,0.0742,0.8400,-3.5350,-0.1050
61876578,sitting,0.0203,1.0172,0.0752,0.8400,-3.5350,-0.0700
61876598,sitting,0.0200,1.0180,0.0749,0.8750,-3.5700,-0.0700
61876617,sitting,0.0200,1.0180,0.0742,0.8400,-3.5700,-0.0700
61876636,sitting,0.0203,1.0182,0.0742,0.8050,-3.5350,-0.0700
61876655,sitting,0.0215,1.0185,0.0747,0.8400,-3.5700,-0.0700
61876675,sitting,0.0215,1.0177,0.0754,0.8400,-3.5700,-0.0700
61876694,sitting,0.0205,1.0185,0.0744,0.8400,-3.5350,-0.0700
61876713,sitting,0.0198,1.0192,0.0742,0.8400,-3.5350,-0.0700
61876732,sitting,0.0198,1.0185,0.0739,0.9100,-3.6050,-0.0700
61876752,sitting,0.0215,1.0189,0.0739,0.8050,-3.5000,-0.0700
61876771,sitting,0.0200,1.0177,0.0759,0.8400,-3.5000,-0.0700
61876790,sitting,0.0210,1.0182,0.0752,0.8400,-3.5350,-0.0350
61876809,sitting,0.0205,1.0177,0.0764,0.8750,-3.5350,-0.0350
61876828,sitting,0.0207,1.0177,0.0752,0.8750,-3.5000,0.0000
61876848,sitting,0.0207,1.0187,0.0754,0.8400,-3.5350,-0.0700
61876867,sitting,0.0215,1.0180,0.0756,0.8400,-3.5000,-0.0700
61876886,sitting,0.0207,1.0177,0.0744,0.8750,-3.5000,-0.0700
61876905,sitting,0.0198,1.0180,0.0742,0.8750,-3.5350,-0.0700
61876925,sitting,0.0205,1.0180,0.0756,0.8400,-3.5350,-0.1400
61876944,sitting,0.0200,1.0182,0.0747,0.8400,-3.4650,-0.0700
61876963,sitting,0.0212,1.0182,0.0739,0.8400,-3.5000,-0.0700
61876982,sitting,0.0212,1.0175,0.0742,0.8400,-3.5350,-0.0350
61877002,sitting,0.0217,1.0177,0.0749,0.8750,-3.5350,-0.0350
61877021,sitting,0.0212,1.0182,0.0747,0.8400,-3.5700,-0.0700
61877040,sitting,0.0212,1.0175,0.0744,0.8400,-3.5700,-0.0700
61877059,sitting,0.0205,1.0187,0.0744,0.8400,-3.5350,-0.0700
61877078,sitting,0.0203,1.0187,0.0749,0.8750,-3.5350,-0.0700
61877098,sitting,0.0203,1.0177,0.0747,0.8400,-3.5000,-0.0350
61877117,sitting,0.0205,1.0180,0.0747,0.8750,-3.5350,-0.0700
61877136,sitting,0.0198,1.0180,0.0739,0.8400,-3.5350,-0.0700
61877155,sitting,0.0210,1.0175,0.0742,0.8400,-3.5350,-0.0700
61877175,sitting,0.0207,1.0189,0.0742,0.9100,-3.5350,-0.0700
61877194,sitting,0.0220,1.0187,0.0756,0.8750,-3.5700,-0.0700
61877213,sitting,0.0205,1.0185,0.0759,0.8050,-3.5000,-0.0700
61877232,sitting,0.0215,1.0185,0.0739,0.8750,-3.5700,-0.0700
61877252,sitting,0.0210,1.0185,0.0747,0.8400,-3.5350,-0.0700
61877271,sitting,0.0203,1.0180,0.0739,0.8400,-3.5000,-0.0700
61877290,sitting,0.0212,1.0180,0.0742,0.8750,-3.5350,-0.0700
61877309,sitting,0.0210,1.0175,0.0749,0.9100,-3.6050,-0.0700
61877328,sitting,0.0203,1.0185,0.0747,0.8400,-3.5350,-0.0700
61877348,sitting,0.0207,1.0185,0.0744,0.8400,-3.5000,-0.0700
61877367,sitting,0.0203,1.0180,0.0752,0.8750,-3.5350,-0.0700
61877386,sitting,0.0198,1.0180,0.0742,0.8050,-3.5000,-0.0700
61877405,sitting,0.0200,1.0177,0.0742,0.8400,-3.5000,-0.1050
61877425,sitting,0.0203,1.0187,0.0752,0.8400,-3.5350,-0.0700
61877444,sitting,0.0207,1.0185,0.0744,0.8050,-3.5000,-0.0700
61877463,sitting,0.0205,1.0182,0.0744,0.8400,-3.5000,-0.0700
61877482,sitting,0.0205,1.0192,0.0739,0.8750,-3.5350,-0.1050
61877502,sitting,0.0210,1.0175,0.0744,0.8400,-3.5350,-0.0700
61877521,sitting,0.0205,1.0180,0.0759,0.8400,-3.5000,-0.0700
61877540,sitting,0.0210,1.0172,0.0744,0.8750,-3.5350,-0.0350
61877559,sitting,0.0210,1.0175,0.0744,0.8750,-3.5350,-0.0700
61877578,sitting,0.0212,1.0192,0.0747,0.8400,-3.4650,-0.1050
61877598,sitting,0.0210,1.0187,0.0747,0.8400,-3.5350,-0.0350
61877617,sitting,0.0210,1.0189,0.0752,0.8750,-3.5700,-0.0700
61877636,sitting,0.0207,1.0175,0.0747,0.8750,-3.5000,-0.1050
61877655,sitting,0.0200,1.0185,0.0747,0.8750,-3.5000,-0.0700
61877675,sitting,0.0207,1.0180,0.0749,0.8400,-3.5350,-0.0350
61877694,sitting,0.0205,1.0177,0.0752,0.8750,-3.5700,0.0000
61877713,sitting,0.0207,1.0180,0.0752,0.8050,-3.5000,-0.0700
61877732,sitting,0.0210,1.0185,0.0747,0.8750,-3.5700,-0.0700
61877752,sitting,0.0212,1.0175,0.0744,0.8400,-3.5700,-0.0700
61877771,sitting,0.0203,1.0177,0.0739,0.8750,-3.4650,-0.0350
61877790,sitting,0.0210,1.0185,0.0734,0.8050,-3.5350,-0.0700
61877809,sitting,0.0205,1.0182,0.0749,0.8050,-3.6050,-0.0700
61877828,sitting,0.0210,1.0182,0.0754,0.8050,-3.5000,-0.0700
61877848,sitting,0.0210,1.0185,0.0754,0.8750,-3.5350,-0.0700
61877867,sitting,0.0217,1.0172,0.0754,0.8750,-3.5000,-0.0700
61877886,sitting,0.0207,1.0170,0.0732,0.8750,-3.5000,-0.0700
61877905,sitting,0.0203,1.0182,0.0730,0.8750,-3.5350,-0.0350
61877925,sitting,0.0215,1.0180,0.0742,0.8050,-3.5350,-0.0700
61877944,sitting,0.0207,1.0175,0.0749,0.8400,-3.5350,-0.0700
61877963,sitting,0.0215,1.0175,0.0744,0.8050,-3.5000,-0.0700
61877982,sitting,0.0203,1.0180,0.0739,0.8750,-3.5000,-0.0700
61878002,sitting,0.0203,1.0172,0.0742,0.9100,-3.5350,-0.0700
61878021,sitting,0.0212,1.0182,0.0754,0.8750,-3.5000,-0.0350
61878040,sitting,0.0212,1.0175,0.0761,0.8400,-3.5000,-0.0350
61878059,sitting,0.0215,1.0175,0.0747,0.8400,-3.5350,-0.0700
61878078,sitting,0.0203,1.0175,0.0744,0.9100,-3.5350,-0.0700
61878098,sitting,0.0215,1.0172,0.0747,0.8400,-3.5000,-0.0700
61878117,sitting,0.0205,1.0180,0.0752,0.8750,-3.5350,-0.0700
61878136,sitting,0.0203,1.0185,0.0752,0.8400,-3.5700,-0.0350
61878155,sitting,0.0205,1.0177,0.0744,0.8400,-3.5000,-0.0700
61878175,sitting,0.0203,1.0180,0.0744,0.8750,-3.5350,-0.0350
61878194,sitting,0.0210,1.0180,0.0739,0.8750,-3.5000,-0.0700
61878213,sitting,0.0203,1.0180,0.0742,0.8400,-3.5000,-0.0700
61878232,sitting,0.0203,1.0182,0.0744,0.8400,-3.5350,-0.0700
61878252,sitting,0.0210,1.0177,0.0739,0.8400,-3.5700,-0.0700
61878271,sitting,0.0220,1.0177,0.0737,0.8400,-3.5000,-0.0700
61878290,sitting,0.0215,1.0187,0.0742,0.8400,-3.5350,0.0000
61878309,sitting,0.0210,1.0175,0.0737,0.9100,-3.5000,-0.0350
61878328,sitting,0.0203,1.0180,0.0739,0.8050,-3.5000,-0.0700
61878348,sitting,0.0203,1.0185,0.0742,0.8050,-3.4650,-0.1050
61878367,sitting,0.0205,1.0177,0.0754,0.8400,-3.5000,-0.0700
61878386,sitting,0.0193,1.0182,0.0756,0.8750,-3.5700,-0.0700
61878405,sitting,0.0205,1.0175,0.0754,0.8750,-3.5000,-0.0700
61878425,sitting,0.0207,1.0182,0.0742,0.8750,-3.5350,-0.0700
61878444,sitting,0.0203,1.0180,0.0739,0.8750,-3.5700,-0.0700
61878463,sitting,0.0207,1.0175,0.0739,0.8750,-3.5350,-0.0700
61878482,sitting,0.0207,1.0189,0.0747,0.8400,-3.5000,-0.0700
61878502,sitting,0.0200,1.0175,0.0744,0.8400,-3.5350,-0.1050
61878521,sitting,0.0203,1.0182,0.0752,0.8750,-3.5000,-0.0350
61878540,sitting,0.0203,1.0180,0.0742,0.8750,-3.5000,-0.0350
61878559,sitting,0.0220,1.0175,0.0749,0.8400,-3.5000,-0.0700
61878578,sitting,0.0212,1.0175,0.0742,0.8050,-3.5350,-0.1050
61878598,sitting,0.0217,1.0172,0.0744,0.8050,-3.5350,-0.0700
61878617,sitting,0.0210,1.0182,0.0749,0.8400,-3.5350,-0.0350
61878636,sitting,0.0207,1.0175,0.0756,0.8750,-3.5700,-0.0350
61878655,sitting,0.0207,1.0185,0.0752,0.8400,-3.4650,-0.0700
61878675,sitting,0.0215,1.0175,0.0749,0.8400,-3.5000,-0.0350
61878694,sitting,0.0212,1.0172,0.0752,0.8400,-3.5700,-0.0700
61878713,sitting,0.0215,1.0170,0.0747,0.8400,-3.5700,-0.0700
61878732,sitting,0.0205,1.0182,0.0747,0.8750,-3.4300,-0.0700
61878752,sitting,0.0207,1.0185,0.0754,0.9100,-3.5000,-0.0700
61878771,sitting,0.0207,1.0180,0.0749,0.8750,-3.5000,-0.0700
61878790,sitting,0.0215,1.0185,0.0752,0.8400,-3.5000,-0.0700
61878809,sitting,0.0210,1.0182,0.0742,0.8400,-3.5700,-0.0700
61878828,sitting,0.0212,1.0180,0.0749,0.8400,-3.5700,-0.1050
61878848,sitting,0.0207,1.0177,0.0754,0.8050,-3.5000,-0.0700
61878867,sitting,0.0215,1.0177,0.0749,0.8750,-3.5000,-0.0700
61878886,sitting,0.0215,1.0177,0.0739,0.8750,-3.5350,-0.1050
61878905,sitting,0.0200,1.0175,0.0747,0.8050,-3.5350,-0.0700
61878925,sitting,0.0215,1.0185,0.0744,0.8050,-3.4650,0.0000
61878944,sitting,0.0207,1.0177,0.0742,0.8400,-3.4650,-0.0350
61878963,sitting,0.0205,1.0177,0.0737,0.8400,-3.5350,-0.0700
61878982,sitting,0.0200,1.0175,0.0737,0.8400,-3.4650,-0.0700
61879002,sitting,0.0207,1.0185,0.0747,0.8400,-3.5350,-0.0350
61879021,sitting,0.0210,1.0185,0.0747,0.8400,-3.5000,-0.0700
61879040,sitting,0.0215,1.0185,0.0739,0.8400,-3.4650,-0.1050
61879059,sitting,0.0212,1.0177,0.0734,0.8400,-3.5350,-0.1050
61879078,sitting,0.0210,1.0185,0.0754,0.8400,-3.5350,-0.0700
61879098,sitting,0.0215,1.0182,0.0744,0.8400,-3.5000,-0.0700
61879117,sitting,0.0207,1.0185,0.0744,0.8400,-3.5000,-0.0350
61879136,sitting,0.0217,1.0180,0.0739,0.8750,-3.5700,-0.1050
61879155,sitting,0.0207,1.0177,0.0747,0.8400,-3.5350,-0.0700
61879175,sitting,0.0212,1.0185,0.0749,0.8050,-3.5350,-0.0700
61879194,sitting,0.0217,1.0185,0.0744,0.8400,-3.5350,-0.1050
61879213,sitting,0.0212,1.0182,0.0742,0.8750,-3.5700,-0.0700
61879232,sitting,0.0200,1.0180,0.0744,0.8400,-3.5000,-0.1050
61879252,sitting,0.0200,1.0177,0.0737,0.8400,-3.5350,-0.0700
61879271,sitting,0.0210,1.0177,0.0744,0.9100,-3.5350,-0.0700
61879290,sitting,0.0212,1.0185,0.0739,0.8400,-3.5000,-0.0700
61879309,sitting,0.0210,1.0189,0.0744,0.8400,-3.4650,-0.0350
61879328,sitting,0.0212,1.0182,0.0744,0.8400,-3.5700,-0.0700
61879348,sitting,0.0217,1.0187,0.0747,0.8400,-3.5350,-0.0700
61879367,sitting,0.0210,1.0185,0.0747,0.8400,-3.5000,-0.0350
61879386,sitting,0.0205,1.0175,0.0742,0.8400,-3.5700,-0.0700
61879405,sitting,0.0203,1.0177,0.0752,0.8400,-3.5700,-0.0350
61879425,sitting,0.0212,1.0182,0.0742,0.8050,-3.5000,-0.1050
61879444,sitting,0.0203,1.0172,0.0749,0.8400,-3.5350,-0.0350
61879463,sitting,0.0207,1.0177,0.0752,0.8400,-3.5350,-0.0350
61879482,sitting,0.0198,1.0180,0.0744,0.8400,-3.5000,-0.1050
61879502,sitting,0.0217,1.0172,0.0744,0.8750,-3.5350,-0.0700
61879521,sitting,0.0205,1.0172,0.0742,0.8400,-3.5350,-0.0700
61879540,sitting,0.0205,1.0182,0.0747,0.8400,-3.5700,-0.0700
61879559,sitting,0.0212,1.0187,0.0742,0.8400,-3.5000,-0.0700
61879578,sitting,0.0217,1.0182,0.0749,0.8400,-3.5700,0.0000
61879598,sitting,0.0205,1.0185,0.0737,0.8750,-3.5350,-0.0700
61879617,sitting,0.0203,1.0185,0.0749,0.8400,-3.5000,-0.0350
61879636,sitting,0.0203,1.0187,0.0749,0.8750,-3.5350,-0.0700
61879655,sitting,0.0207,1.0185,0.0744,0.9100,-3.5000,-0.0700
61879675,sitting,0.0210,1.0182,0.0749,0.8400,-3.5000,-0.0700
61879694,sitting,0.0212,1.0189,0.0742,0.8750,-3.5000,-0.0700
61879713,sitting,0.0210,1.0175,0.0744,0.8400,-3.5700,-0.0700
61879732,sitting,0.0210,1.0185,0.0744,0.8750,-3.5350,-0.1050
61879752,sitting,0.0205,1.0185,0.0742,0.8400,-3.4650,-0.0700
61879771,sitting,0.0215,1.0177,0.0744,0.8400,-3.5350,-0.1050
61879790,sitting,0.0210,1.0185,0.0752,0.8400,-3.5350,-0.0350
61879809,sitting,0.0210,1.0192,0.0749,0.8400,-3.5000,-0.0700
61879828,sitting,0.0205,1.0177,0.0749,0.8400,-3.5350,-0.0700
61879848,sitting,0.0210,1.0172,0.0747,0.8400,-3.5350,-0.1050
61879867,sitting,0.0207,1.0180,0.0734,0.8400,-3.5000,-0.0700
61879886,sitting,0.0205,1.0185,0.0747,0.8750,-3.5350,-0.0700
61879905,sitting,0.0205,1.0182,0.0744,0.8750,-3.5700,-0.1050
61879925,sitting,0.0207,1.0175,0.0739,0.8400,-3.5000,-0.1050
61879944,sitting,0.0212,1.0175,0.0744,0.8400,-3.5000,-0.0700
61879963,sitting,0.0217,1.0185,0.0734,0.8750,-3.5700,-0.0700
61879982,sitting,0.0207,1.0180,0.0747,0.8400,-3.5000,-0.0700
61880002,sitting,0.0207,1.0177,0.0752,0.8400,-3.5350,-0.0700
61880021,sitting,0.0205,1.0180,0.0749,0.8750,-3.5350,-0.0700
61880040,sitting,0.0203,1.0170,0.0747,0.8750,-3.5350,-0.0350
61880059,sitting,0.0215,1.0182,0.0749,0.8400,-3.4650,-0.0700
61880078,sitting,0.0215,1.0167,0.0744,0.8400,-3.5000,-0.0700
61880098,sitting,0.0203,1.0170,0.0744,0.9100,-3.5350,-0.0350
61880117,sitting,0.0210,1.0187,0.0734,0.8400,-3.4650,-0.0700
61880136,sitting,0.0210,1.0185,0.0756,0.8750,-3.5350,-0.0700
61880155,sitting,0.0212,1.0182,0.0752,0.8400,-3.5700,-0.0350
61880175,sitting,0.0210,1.0182,0.0744,0.8400,-3.5700,-0.0350
61880194,sitting,0.0200,1.0185,0.0744,0.8400,-3.5350,-0.0350
61880213,sitting,0.0207,1.0182,0.0747,0.8750,-3.5700,-0.0700
61880232,sitting,0.0203,1.0187,0.0739,0.8750,-3.5700,-0.0700
61880252,sitting,0.0212,1.0180,0.0744,0.8750,-3.4650,-0.0350
61880271,sitting,0.0207,1.0175,0.0744,0.8400,-3.5350,-0.0350
61880290,sitting,0.0212,1.0187,0.0749,0.8400,-3.5350,-0.0700
61880309,sitting,0.0195,1.0185,0.0754,0.8400,-3.4650,-0.1400
61880328,sitting,0.0200,1.0185,0.0742,0.8400,-3.5000,-0.0700
61880348,sitting,0.0215,1.0177,0.0744,0.8400,-3.5700,-0.0700
61880367,sitting,0.0212,1.0182,0.0737,0.8400,-3.5000,0.0000
61880386,sitting,0.0212,1.0185,0.0732,0.8400,-3.5000,-0.0700
61880405,sitting,0.0207,1.0185,0.0749,0.8400,-3.5700,-0.0700
61880425,sitting,0.0203,1.0177,0.0752,0.8400,-3.5350,-0.0700
61880444,sitting,0.0200,1.0180,0.0747,0.8400,-3.5000,-0.0700
61880463,sitting,0.0203,1.0177,0.0742,0.8400,-3.5700,-0.1050
61880482,sitting,0.0212,1.0182,0.0747,0.9100,-3.6050,-0.0700
61880502,sitting,0.0212,1.0177,0.0752,0.8050,-3.5350,-0.0350
61880521,sitting,0.0207,1.0182,0.0749,0.8050,-3.5350,-0.0700
61880540,sitting,0.0215,1.0180,0.0747,0.8400,-3.5000,-0.0350
61880559,sitting,0.0205,1.0180,0.0747,0.8400,-3.5000,-0.0350
61880578,sitting,0.0207,1.0180,0.0744,0.8750,-3.5350,-0.0700
61880598,sitting,0.0207,1.0177,0.0739,0.8400,-3.5350,-0.0700
61880617,sitting,0.0205,1.0177,0.0744,0.8400,-3.5350,-0.0350
61880636,sitting,0.0205,1.0175,0.0744,0.8400,-3.5000,-0.0700
61880655,sitting,0.0210,1.0180,0.0742,0.9100,-3.5700,-0.0350
61880675,sitting,0.0200,1.0172,0.0747,0.8400,-3.5350,-0.1050
61880694,sitting,0.0203,1.0180,0.0744,0.8050,-3.5000,-0.1050
61880713,sitting,0.0212,1.0182,0.0749,0.8400,-3.5000,-0.0700
61880732,sitting,0.0212,1.0180,0.0747,0.8750,-3.5000,-0.0700
61880752,sitting,0.0217,1.0182,0.0744,0.8050,-3.5000,-0.0700
61880771,sitting,0.0212,1.0172,0.0744,0.8400,-3.5000,-0.0700
61880790,sitting,0.0207,1.0182,0.0752,0.8400,-3.5700,-0.1050
61880809,sitting,0.0210,1.0189,0.0752,0.8050,-3.5350,-0.0700
61880828,sitting,0.0210,1.0180,0.0742,0.8400,-3.5000,-0.0700
61880848,sitting,0.0215,1.0177,0.0747,0.8750,-3.5000,-0.0350
61880867,sitting,0.0207,1.0175,0.0749,0.8400,-3.5000,-0.1050
61880886,sitting,0.0205,1.0177,0.0749,0.9100,-3.5700,-0.0350
61880905,sitting,0.0215,1.0172,0.0739,0.9100,-3.5700,-0.1050
61880925,sitting,0.0215,1.0172,0.0744,0.9100,-3.5350,-0.0700
61880944,sitting,0.0210,1.0177,0.0734,0.8050,-3.4650,-0.1050
61880963,sitting,0.0203,1.0182,0.0747,0.8400,-3.5000,-0.0700
61880982,sitting,0.0207,1.0175,0.0747,0.8400,-3.5000,-0.0700
61881002,sitting,0.0210,1.0170,0.0742,0.8400,-3.5700,-0.0700
61881021,sitting,0.0205,1.0182,0.0742,0.8400,-3.4650,-0.0700
61881040,sitting,0.0203,1.0180,0.0749,0.8400,-3.5000,-0.0350
61881059,sitting,0.0203,1.0177,0.0744,0.8750,-3.5350,-0.0700
61881078,sitting,0.0210,1.0187,0.0742,0.8050,-3.4650,-0.1400
61881098,sitting,0.0205,1.0170,0.0737,0.8050,-3.5700,-0.0700
61881117,sitting,0.0203,1.0170,0.0744,0.8750,-3.5000,-0.1050
61881136,sitting,0.0205,1.0177,0.0747,0.8050,-3.4650,-0.1400
61881155,sitting,0.0203,1.0180,0.0747,0.8400,-3.5000,-0.0700
61881175,sitting,0.0207,1.0180,0.0747,0.8400,-3.5350,-0.0700
61881194,sitting,0.0207,1.0185,0.0744,0.8400,-3.5350,-0.0700
61881213,sitting,0.0205,1.0182,0.0737,0.8050,-3.5350,-0.1050
61881232,sitting,0.0207,1.0180,0.0734,0.8750,-3.5000,-0.1050
61881252,sitting,0.0210,1.0172,0.0744,0.8400,-3.5000,-0.0700
61881271,sitting,0.0207,1.0182,0.0744,0.8050,-3.4650,-0.0350
61881290,sitting,0.0212,1.0177,0.0739,0.8400,-3.5700,-0.0700
61881309,sitting,0.0217,1.0170,0.0749,0.9100,-3.5350,-0.1050
61881328,sitting,0.0212,1.0177,0.0747,0.8400,-3.5000,-0.0700
61881348,sitting,0.0203,1.0180,0.0739,0.8750,-3.5350,-0.0700
61881367,sitting,0.0215,1.0180,0.0737,0.8750,-3.5700,-0.0700
61881386,sitting,0.0212,1.0177,0.0754,0.8400,-3.5000,-0.1400
61881405,sitting,0.0207,1.0177,0.0754,0.8400,-3.5000,-0.0700
61881425,sitting,0.0195,1.0187,0.0747,0.8750,-3.5700,-0.0700
61881444,sitting,0.0210,1.0177,0.0749,0.8400,-3.5350,-0.0350
61881463,sitting,0.0210,1.0177,0.0744,0.8050,-3.5000,-0.0700
61881482,sitting,0.0205,1.0185,0.0749,0.8400,-3.5700,-0.0700
61881502,sitting,0.0210,1.0177,0.0734,0.8400,-3.5700,-0.0700
61881521,sitting,0.0207,1.0180,0.0747,0.8400,-3.5350,-0.1050
61881540,sitting,0.0207,1.0175,0.0734,0.8400,-3.5000,-0.1050
61881559,sitting,0.0210,1.0189,0.0734,0.9100,-3.5700,-0.0700
61881578,sitting,0.0215,1.0177,0.0742,0.8400,-3.5350,-0.0700
61881598,sitting,0.0215,1.0175,0.0739,0.8400,-3.5350,-0.0350
61881617,sitting,0.0198,1.0189,0.0752,0.8400,-3.5350,-0.0700
61881636,sitting,0.0207,1.0177,0.0742,0.8400,-3.5000,-0.0700
61881655,sitting,0.0205,1.0177,0.0742,0.8050,-3.4650,-0.0700
61881675,sitting,0.0207,1.0180,0.0752,0.8750,-3.5350,-0.0700
61881694,sitting,0.0207,1.0182,0.0744,0.9100,-3.5350,-0.0350
61881713,sitting,0.0212,1.0177,0.0744,0.8400,-3.5000,-0.1050
61881732,sitting,0.0198,1.0187,0.0747,0.8400,-3.5000,-0.0700
61881752,sitting,0.0210,1.0180,0.0734,0.8400,-3.5700,-0.1050
61881771,sitting,0.0217,1.0180,0.0749,0.8400,-3.5000,-0.1050
61881790,sitting,0.0217,1.0180,0.0749,0.8400,-3.5000,-0.0700
61881809,sitting,0.0215,1.0172,0.0742,0.8400,-3.5350,-0.0700
61881828,sitting,0.0210,1.0177,0.0749,0.8750,-3.5350,-0.0700
61881848,sitting,0.0215,1.0177,0.0744,0.8400,-3.5000,-0.0700
61881867,sitting,0.0212,1.0180,0.0747,0.8400,-3.5350,-0.1050
61881886,sitting,0.0200,1.0175,0.0756,0.8050,-3.5000,-0.0700
61881905,sitting,0.0195,1.0182,0.0739,0.8400,-3.5000,-0.1400
61881925,sitting,0.0215,1.0185,0.0744,0.8400,-3.5700,-0.1400
61881944,sitting,0.0210,1.0187,0.0744,0.8400,-3.5700,-0.0700
61881963,sitting,0.0207,1.0175,0.0739,0.8050,-3.5350,-0.0700
61881982,sitting,0.0200,1.0182,0.0756,0.8400,-3.5000,-0.1050
61882002,sitting,0.0200,1.0175,0.0752,0.8400,-3.5000,-0.0700
61882021,sitting,0.0207,1.0182,0.0747,0.8400,-3.5000,-0.0700
61882040,sitting,0.0203,1.0177,0.0747,0.8750,-3.5000,-0.0700
61882059,sitting,0.0205,1.0182,0.0754,0.8400,-3.5350,-0.0700
61882078,sitting,0.0212,1.0182,0.0754,0.9100,-3.5700,-0.0700
61882098,sitting,0.0210,1.0177,0.0749,0.8400,-3.5000,-0.1050
61882117,sitting,0.0217,1.0185,0.0749,0.8750,-3.5700,-0.1050
61882136,sitting,0.0200,1.0180,0.0742,0.8400,-3.5000,-0.0700
61882155,sitting,0.0210,1.0180,0.0737,0.8400,-3.5350,-0.0700
61882175,sitting,0.0203,1.0177,0.0734,0.8750,-3.5350,-0.0700
61882194,sitting,0.0195,1.0175,0.0734,0.8400,-3.5350,-0.0700
61882213,sitting,0.0203,1.0172,0.0756,0.8400,-3.5000,-0.0700
61882232,sitting,0.0212,1.0180,0.0744,0.8400,-3.5000,-0.0350
61882252,sitting,0.0207,1.0187,0.0742,0.8400,-3.5000,-0.0700
61882271,sitting,0.0205,1.0185,0.0737,0.8750,-3.5000,-0.0700
61882290,sitting,0.0205,1.0182,0.0749,0.8750,-3.5350,-0.0350
61882309,sitting,0.0203,1.0185,0.0744,0.8400,-3.5350,-0.0350
61882328,sitting,0.0212,1.0185,0.0747,0.8400,-3.5000,-0.0350
61882348,sitting,0.0215,1.0177,0.0747,0.8050,-3.5000,-0.0700
61882367,sitting,0.0210,1.0175,0.0752,0.8400,-3.5000,-0.0700
61882386,sitting,0.0198,1.0180,0.0744,0.8400,-3.5350,-0.1050
61882405,sitting,0.0207,1.0187,0.0742,0.8400,-3.5350,-0.1050
61882425,sitting,0.0215,1.0189,0.0734,0.8750,-3.5700,-0.0350
61882444,sitting,0.0203,1.0194,0.0752,0.8750,-3.5350,-0.0700
61882463,sitting,0.0203,1.0180,0.0752,0.8400,-3.5350,-0.0700
61882482,sitting,0.0200,1.0180,0.0766,0.8050,-3.5000,-0.1050
61882502,sitting,0.0203,1.0185,0.0752,0.8750,-3.5700,-0.1400
61882521,sitting,0.0212,1.0185,0.0739,0.8400,-3.5350,-0.1050
61882540,sitting,0.0205,1.0180,0.0744,0.8400,-3.4650,-0.0700
61882559,sitting,0.0205,1.0187,0.0744,0.8400,-3.5000,-0.1400
61882578,sitting,0.0207,1.0182,0.0742,0.8400,-3.5350,-0.0700
61882598,sitting,0.0207,1.0180,0.0742,0.8400,-3.5000,-0.0700
61882617,sitting,0.0210,1.0177,0.0744,0.8750,-3.4650,-0.0700
61882636,sitting,0.0210,1.0185,0.0737,0.8400,-3.5700,-0.1050
61882655,sitting,0.0215,1.0182,0.0739,0.8400,-3.5350,-0.0700
61882675,sitting,0.0207,1.0182,0.0752,0.8400,-3.5350,-0.1050
61882694,sitting,0.0205,1.0180,0.0756,0.8750,-3.5700,-0.1050
61882713,sitting,0.0205,1.0175,0.0744,0.8050,-3.4650,-0.1050
61882732,sitting,0.0210,1.0187,0.0744,0.8400,-3.4300,-0.1400
61882752,sitting,0.0207,1.0187,0.0744,0.8750,-3.5350,-0.0700
61882771,sitting,0.0200,1.0185,0.0747,0.8400,-3.5350,-0.0700
61882790,sitting,0.0207,1.0185,0.0752,0.8750,-3.5000,-0.1050
61882809,sitting,0.0207,1.0180,0.0754,0.8400,-3.5350,-0.0700
61882828,sitting,0.0205,1.0180,0.0754,0.8400,-3.5000,-0.1050
61882848,sitting,0.0210,1.0185,0.0739,0.8400,-3.5000,-0.0700
61882867,sitting,0.0212,1.0175,0.0754,0.7700,-3.5000,-0.0700
61882886,sitting,0.0203,1.0175,0.0749,0.8750,-3.4650,-0.0700
61882905,sitting,0.0215,1.0177,0.0749,0.8050,-3.5000,-0.1050
61882925,sitting,0.0212,1.0172,0.0749,0.8400,-3.5000,-0.0700
61882944,sitting,0.0210,1.0175,0.0749,0.8050,-3.5350,-0.0700
61882963,sitting,0.0212,1.0175,0.0739,0.9100,-3.5700,-0.0700
61882982,sitting,0.0207,1.0192,0.0747,0.8400,-3.4650,-0.0700
61883002,sitting,0.0215,1.0187,0.0754,0.9100,-3.5350,-0.0700
61883021,sitting,0.0203,1.0185,0.0747,0.8050,-3.5000,-0.0350
61883040,sitting,0.0190,1.0185,0.0744,0.8750,-3.4650,-0.0350
61883059,sitting,0.0210,1.0182,0.0747,0.8750,-3.5700,-0.0700
61883078,sitting,0.0205,1.0175,0.0744,0.8400,-3.5700,-0.0700
61883098,sitting,0.0205,1.0177,0.0747,0.8400,-3.5000,-0.0700
61883117,sitting,0.0207,1.0175,0.0744,0.8050,-3.5000,-0.0700
61883136,sitting,0.0210,1.0172,0.0744,0.9100,-3.6050,-0.0700
61883155,sitting,0.0203,1.0172,0.0754,0.8400,-3.5350,0.0000
61883175,sitting,0.0207,1.0177,0.0749,0.8400,-3.5350,-0.1050
61883194,sitting,0.0203,1.0185,0.0744,0.8400,-3.5700,-0.0700
61883213,sitting,0.0200,1.0180,0.0739,0.8400,-3.5000,-0.1050
61883232,sitting,0.0205,1.0180,0.0742,0.8400,-3.4650,-0.0700
61883252,sitting,0.0212,1.0175,0.0747,0.8400,-3.5350,-0.0700
61883271,sitting,0.0203,1.0172,0.0749,0.8400,-3.5700,-0.0350
61883290,sitting,0.0205,1.0177,0.0747,0.8050,-3.5000,0.0000
61883309,sitting,0.0217,1.0180,0.0747,0.8400,-3.5000,-0.0350
61883328,sitting,0.0217,1.0182,0.0749,0.8400,-3.5000,-0.0700
61883348,sitting,0.0217,1.0177,0.0752,0.8750,-3.5000,-0.0350
61883367,sitting,0.0207,1.0175,0.0754,0.8400,-3.5000,-0.0700
61883386,sitting,0.0220,1.0180,0.0742,0.8750,-3.5700,-0.0350
61883405,sitting,0.0207,1.0187,0.0737,0.8400,-3.5350,-0.0700
61883425,sitting,0.0207,1.0185,0.0754,0.8050,-3.5000,-0.0700
61883444,sitting,0.0205,1.0175,0.0749,0.8750,-3.5000,-0.0350
61883463,sitting,0.0207,1.0180,0.0752,0.8400,-3.5350,-0.0700
61883482,sitting,0.0207,1.0175,0.0744,0.8400,-3.5350,-0.0700
61883502,sitting,0.0207,1.0185,0.0737,0.8400,-3.5350,-0.0700
61883521,sitting,0.0217,1.0175,0.0749,0.8400,-3.5700,-0.0700
61883540,sitting,0.0210,1.0182,0.0737,0.8400,-3.5700,-0.0700
61883559,sitting,0.0212,1.0182,0.0749,0.8400,-3.5000,-0.0700
61883578,sitting,0.0210,1.0175,0.0752,0.8750,-3.5350,-0.1400
61883598,sitting,0.0212,1.0185,0.0752,0.8750,-3.5000,-0.0700
61883617,sitting,0.0203,1.0180,0.0747,0.8400,-3.4650,-0.0350
61883636,sitting,0.0205,1.0180,0.0744,0.8400,-3.5350,-0.0350
61883655,sitting,0.0200,1.0180,0.0744,0.8400,-3.5000,-0.0700
61883675,sitting,0.0210,1.0172,0.0749,0.8400,-3.5000,-0.1050
61883694,sitting,0.0207,1.0177,0.0742,0.8400,-3.5350,-0.0700
61883713,sitting,0.0212,1.0185,0.0749,0.8400,-3.5700,-0.0700
61883732,sitting,0.0215,1.0187,0.0749,0.8750,-3.5000,-0.0350
61883752,sitting,0.0203,1.0182,0.0752,0.8400,-3.5350,-0.0700
61883771,sitting,0.0212,1.0187,0.0752,0.8750,-3.5700,-0.1050
61883790,sitting,0.0200,1.0182,0.0747,0.8750,-3.5700,-0.0350
61883809,sitting,0.0212,1.0180,0.0752,0.8050,-3.5000,-0.1050
61883828,sitting,0.0205,1.0177,0.0747,0.8400,-3.5350,-0.1050
61883848,sitting,0.0215,1.0177,0.0747,0.9100,-3.5000,-0.0700
61883867,sitting,0.0203,1.0182,0.0749,0.8400,-3.5000,-0.0700
61883886,sitting,0.0210,1.0187,0.0744,0.8750,-3.5700,-0.0700
61883905,sitting,0.0195,1.0187,0.0747,0.8750,-3.5700,-0.0350
61883925,sitting,0.0207,1.0185,0.0747,0.8400,-3.5700,-0.0700
61883944,sitting,0.0212,1.0185,0.0742,0.8050,-3.5350,-0.0700
61883963,sitting,0.0212,1.0182,0.0739,0.8400,-3.5350,-0.0700
61883982,sitting,0.0210,1.0185,0.0747,0.8750,-3.5350,-0.0700
61884002,sitting,0.0207,1.0189,0.0742,0.8050,-3.5000,-0.1050
61884021,sitting,0.0205,1.0175,0.0747,0.8400,-3.5000,-0.0700
61884040,sitting,0.0200,1.0180,0.0739,0.8400,-3.5700,-0.0700
61884059,sitting,0.0203,1.0175,0.0737,0.8050,-3.5000,-0.0700
61884078,sitting,0.0207,1.0189,0.0749,0.8400,-3.5350,-0.0350
61884098,sitting,0.0203,1.0185,0.0739,0.8750,-3.5700,-0.1050
61884117,sitting,0.0207,1.0185,0.0756,0.8400,-3.4650,-0.0700
61884136,sitting,0.0205,1.0177,0.0739,0.8400,-3.4650,-0.0700
61884155,sitting,0.0200,1.0182,0.0744,0.8750,-3.5700,-0.0700
61884175,sitting,0.0212,1.0185,0.0749,0.8400,-3.5350,-0.0700
61884194,sitting,0.0210,1.0177,0.0737,0.8050,-3.4650,-0.0700
61884213,sitting,0.0205,1.0175,0.0742,0.8750,-3.5350,-0.0700
61884232,sitting,0.0203,1.0185,0.0739,0.8050,-3.5350,-0.0700
61884252,sitting,0.0207,1.0180,0.0732,0.8400,-3.5000,-0.0700
61884271,sitting,0.0207,1.0185,0.0739,0.8400,-3.5700,-0.0700
61884290,sitting,0.0210,1.0180,0.0737,0.8400,-3.5350,-0.0700
61884309,sitting,0.0210,1.0180,0.0747,0.8050,-3.5000,-0.0700
61884328,sitting,0.0215,1.0180,0.0754,0.8400,-3.4650,-0.0700
61884348,sitting,0.0212,1.0177,0.0744,0.8400,-3.5350,-0.0700
61884367,sitting,0.0203,1.0180,0.0737,0.8400,-3.5000,-0.0700
61884386,sitting,0.0212,1.0172,0.0747,0.8400,-3.5000,-0.0700
61884405,sitting,0.0217,1.0185,0.0752,0.8400,-3.5700,-0.0350
61884425,sitting,0.0203,1.0180,0.0744,0.8400,-3.5700,-0.0700
61884444,sitting,0.0212,1.0175,0.0747,0.8400,-3.4650,-0.0700
61884463,sitting,0.0203,1.0185,0.0744,0.8400,-3.5000,-0.0700
61884482,sitting,0.0215,1.0172,0.0747,0.8400,-3.6050,-0.0700
61884502,sitting,0.0217,1.0172,0.0749,0.8050,-3.5000,-0.1050
61884521,sitting,0.0212,1.0182,0.0752,0.8400,-3.5000,-0.0350
61884540,sitting,0.0205,1.0177,0.0744,0.8400,-3.5700,-0.0700
61884559,sitting,0.0200,1.0177,0.0752,0.8400,-3.5350,-0.0700
61884578,sitting,0.0212,1.0177,0.0759,0.8750,-3.5350,-0.1050
61884598,sitting,0.0224,1.0180,0.0749,0.8750,-3.6050,-0.0700
61884617,sitting,0.0198,1.0180,0.0749,0.8400,-3.5000,-0.0700
61884636,sitting,0.0200,1.0185,0.0744,0.7700,-3.5000,-0.1050
61884655,sitting,0.0200,1.0172,0.0749,0.8400,-3.5350,-0.0700
61884675,sitting,0.0200,1.0182,0.0742,0.8750,-3.5350,-0.1050
61884694,sitting,0.0203,1.0180,0.0747,0.8400,-3.5000,-0.1050
61884713,sitting,0.0210,1.0180,0.0752,0.8400,-3.5700,-0.0350
61884732,sitting,0.0210,1.0187,0.0754,0.8750,-3.5350,-0.0700
61884752,sitting,0.0203,1.0175,0.0744,0.8400,-3.5350,-0.0700
61884771,sitting,0.0205,1.0177,0.0742,0.8400,-3.5350,-0.0700
61884790,sitting,0.0203,1.0185,0.0749,0.8400,-3.5700,-0.0700
61884809,sitting,0.0198,1.0177,0.0739,0.8400,-3.5350,-0.0700
61884828,sitting,0.0212,1.0192,0.0744,0.7700,-3.5000,-0.1050
61884848,sitting,0.0215,1.0175,0.0747,0.8400,-3.5350,-0.1050
61884867,sitting,0.0205,1.0167,0.0752,0.8400,-3.5700,-0.0700
61884886,sitting,0.0207,1.0177,0.0747,0.8400,-3.4650,-0.1050
61884905,sitting,0.0210,1.0180,0.0742,0.8400,-3.5000,-0.1050
61884925,sitting,0.0207,1.0175,0.0744,0.8750,-3.5000,-0.0350
61884944,sitting,0.0195,1.0182,0.0739,0.8400,-3.5000,-0.1050
61884963,sitting,0.0198,1.0177,0.0747,0.9100,-3.5700,-0.0350
61884982,sitting,0.0205,1.0177,0.0742,0.8750,-3.5350,-0.0700
61885002,sitting,0.0198,1.0177,0.0737,0.8750,-3.5350,-0.0700
61885021,sitting,0.0212,1.0185,0.0747,0.8400,-3.5350,-0.0700
61885040,sitting,0.0220,1.0180,0.0744,0.9100,-3.5000,-0.1050
61885059,sitting,0.0198,1.0180,0.0749,0.8400,-3.5350,-0.1050
61885078,sitting,0.0205,1.0180,0.0752,0.8050,-3.5000,-0.1050
61885098,sitting,0.0212,1.0177,0.0754,0.8400,-3.5350,-0.0700
61885117,sitting,0.0217,1.0182,0.0749,0.8400,-3.5000,-0.0700
61885136,sitting,0.0205,1.0172,0.0747,0.8050,-3.4300,-0.1050
61885155,sitting,0.0210,1.0180,0.0742,0.8400,-3.5350,-0.1050
61885175,sitting,0.0207,1.0175,0.0749,0.8400,-3.5350,-0.0350
61885194,sitting,0.0203,1.0182,0.0747,0.8400,-3.5000,-0.0700
61885213,sitting,0.0207,1.0189,0.0744,0.8400,-3.4300,-0.0700
61885232,sitting,0.0210,1.0170,0.0747,0.8400,-3.5000,-0.0700
61885252,sitting,0.0212,1.0175,0.0749,0.8400,-3.5000,-0.0700
61885271,sitting,0.0212,1.0185,0.0747,0.8400,-3.5000,-0.1400
61885290,sitting,0.0207,1.0175,0.0756,0.8750,-3.5700,-0.0700
61885309,sitting,0.0207,1.0180,0.0754,0.9100,-3.5700,-0.0700
61885328,sitting,0.0210,1.0185,0.0744,0.7700,-3.4650,-0.0700
61885348,sitting,0.0203,1.0175,0.0747,0.8400,-3.6050,-0.0700
61885367,sitting,0.0207,1.0172,0.0742,0.8750,-3.6050,-0.1400
61885386,sitting,0.0205,1.0177,0.0747,0.8400,-3.5000,-0.0700
61885405,sitting,0.0203,1.0175,0.0744,0.8400,-3.5000,-0.0700
61885425,sitting,0.0203,1.0172,0.0749,0.8400,-3.5000,-0.0700
61885444,sitting,0.0205,1.0177,0.0732,0.8050,-3.5000,-0.1050
61885463,sitting,0.0203,1.0170,0.0744,0.7700,-3.5000,-0.1400
61885482,sitting,0.0207,1.0172,0.0742,0.8400,-3.5700,-0.0700
61885502,sitting,0.0205,1.0175,0.0744,0.8400,-3.5350,-0.0700
61885521,sitting,0.0203,1.0182,0.0744,0.8400,-3.5000,-0.0350
61885540,sitting,0.0205,1.0177,0.0744,0.8400,-3.5350,-0.0700
61885559,sitting,0.0205,1.0172,0.0744,0.8400,-3.5350,-0.1400
61885578,sitting,0.0215,1.0177,0.0744,0.8400,-3.5000,-0.0700
61885598,sitting,0.0207,1.0182,0.0756,0.8750,-3.5350,-0.0700
61885617,sitting,0.0220,1.0177,0.0766,0.8750,-3.5700,-0.0700
61885636,sitting,0.0210,1.0182,0.0744,0.8400,-3.5350,-0.0350
61885655,sitting,0.0207,1.0175,0.0744,0.8750,-3.5350,-0.0350
61885675,sitting,0.0205,1.0175,0.0739,0.8400,-3.5700,-0.0700
61885694,sitting,0.0205,1.0182,0.0732,0.8400,-3.5000,-0.1050
61885713,sitting,0.0217,1.0185,0.0742,0.8400,-3.5000,-0.0700
61885732,sitting,0.0215,1.0185,0.0749,0.8400,-3.5350,-0.0350
61885752,sitting,0.0205,1.0175,0.0742,0.8750,-3.5350,-0.0700
61885771,sitting,0.0207,1.0172,0.0749,0.8400,-3.5000,-0.0700
61885790,sitting,0.0210,1.0175,0.0747,0.8750,-3.5350,-0.0700
61885809,sitting,0.0217,1.0170,0.0752,0.8400,-3.5350,-0.0700
61885828,sitting,0.0220,1.0182,0.0747,0.8400,-3.5000,-0.0700
61885848,sitting,0.0210,1.0187,0.0747,0.8750,-3.5000,-0.0700
61885867,sitting,0.0212,1.0177,0.0747,0.8400,-3.5350,-0.0700
61885886,sitting,0.0205,1.0180,0.0739,0.8400,-3.5700,-0.0350
61885905,sitting,0.0198,1.0182,0.0739,0.7700,-3.5000,-0.1050
61885925,sitting,0.0203,1.0180,0.0756,0.8050,-3.5000,-0.1050
61885944,sitting,0.0203,1.0172,0.0759,0.8400,-3.5350,-0.1050
61885963,sitting,0.0207,1.0177,0.0754,0.8400,-3.5000,-0.0700
61885982,sitting,0.0203,1.0182,0.0759,0.8400,-3.5350,-0.0700
61886002,sitting,0.0210,1.0182,0.0747,0.8750,-3.5350,-0.0700
61886021,sitting,0.0212,1.0180,0.0744,0.8400,-3.4650,-0.1050
61886040,sitting,0.0215,1.0172,0.0734,0.8400,-3.5000,-0.0700
61886059,sitting,0.0212,1.0180,0.0752,0.8400,-3.5350,-0.0700
61886078,sitting,0.0212,1.0180,0.0742,0.8400,-3.5700,-0.0700
61886098,sitting,0.0210,1.0180,0.0744,0.7700,-3.4650,-0.1050
61886117,sitting,0.0200,1.0172,0.0759,0.8400,-3.5700,-0.0700
61886136,sitting,0.0210,1.0180,0.0747,0.8400,-3.5000,-0.0700
61886155,sitting,0.0205,1.0182,0.0742,0.8050,-3.5000,-0.1050
61886175,sitting,0.0200,1.0182,0.0749,0.8400,-3.5700,-0.0700
61886194,sitting,0.0200,1.0177,0.0752,0.8400,-3.5350,-0.0700
61886213,sitting,0.0207,1.0172,0.0747,0.8400,-3.5000,-0.1050
61886232,sitting,0.0215,1.0172,0.0747,0.8400,-3.5350,-0.0700
61886252,sitting,0.0203,1.0180,0.0747,0.8750,-3.5700,-0.0700
61886271,sitting,0.0198,1.0182,0.0739,0.8050,-3.4650,-0.1050
61886290,sitting,0.0207,1.0185,0.0747,0.8400,-3.5000,-0.0700
61886309,sitting,0.0205,1.0189,0.0747,0.8400,-3.5350,-0.0700
61886328,sitting,0.0210,1.0177,0.0749,0.8400,-3.5350,-0.0700
61886348,sitting,0.0210,1.0170,0.0752,0.8400,-3.5000,-0.0350
61886367,sitting,0.0195,1.0175,0.0749,0.8400,-3.5350,-0.1050
61886386,sitting,0.0210,1.0180,0.0734,0.8400,-3.5700,-0.1050
61886405,sitting,0.0212,1.0170,0.0747,0.8400,-3.5000,-0.0700
61886425,sitting,0.0207,1.0163,0.0742,0.8750,-3.5350,-0.0700
61886444,sitting,0.0205,1.0177,0.0752,0.8400,-3.5700,-0.1050
61886463,sitting,0.0207,1.0180,0.0737,0.8400,-3.5350,-0.0700
61886482,sitting,0.0207,1.0180,0.0754,0.8400,-3.5000,-0.0700
61886502,sitting,0.0212,1.0180,0.0752,0.8750,-3.5700,-0.0700
61886521,sitting,0.0205,1.0180,0.0739,0.8400,-3.4650,-0.0700
61886540,sitting,0.0212,1.0180,0.0747,0.8050,-3.5000,-0.0700
61886559,sitting,0.0220,1.0170,0.0739,0.8050,-3.5350,-0.0700
61886578,sitting,0.0207,1.0175,0.0742,0.8400,-3.5000,-0.0700
61886598,sitting,0.0205,1.0177,0.0749,0.8750,-3.5000,-0.0700
61886617,sitting,0.0203,1.0180,0.0749,0.8400,-3.5350,-0.0700
61886636,sitting,0.0210,1.0182,0.0747,0.8750,-3.5350,-0.0700
61886655,sitting,0.0205,1.0192,0.0749,0.8400,-3.5700,-0.0700
61886675,sitting,0.0200,1.0182,0.0754,0.8400,-3.5350,-0.0700
61886694,sitting,0.0200,1.0182,0.0744,0.8400,-3.5000,-0.0700
61886713,sitting,0.0210,1.0182,0.0749,0.8400,-3.5350,-0.0700
61886732,sitting,0.0205,1.0172,0.0749,0.8400,-3.5000,-0.0700
61886752,sitting,0.0205,1.0170,0.0739,0.8750,-3.5700,-0.0700
61886771,sitting,0.0203,1.0185,0.0752,0.8400,-3.5700,-0.0700
61886790,sitting,0.0200,1.0177,0.0739,0.8400,-3.5000,-0.0700
61886809,sitting,0.0195,1.0175,0.0742,0.8750,-3.5000,-0.0700
61886828,sitting,0.0200,1.0170,0.0747,0.8400,-3.5700,-0.0700
61886848,sitting,0.0198,1.0172,0.0744,0.8400,-3.5000,-0.0700
61886867,sitting,0.0205,1.0182,0.0749,0.8400,-3.5350,-0.0700
61886886,sitting,0.0200,1.0185,0.0747,0.8400,-3.5350,-0.0700
61886905,sitting,0.0207,1.0180,0.0742,0.8400,-3.5000,-0.1050
61886925,sitting,0.0205,1.0175,0.0744,0.8050,-3.5000,-0.0700
61886944,sitting,0.0207,1.0180,0.0749,0.8400,-3.5700,-0.0700
61886963,sitting,0.0205,1.0167,0.0756,0.8750,-3.5350,-0.0700
61886982,sitting,0.0210,1.0180,0.0759,0.8050,-3.5000,-0.0700
61887002,sitting,0.0207,1.0185,0.0739,0.8400,-3.5700,-0.1050
61887021,sitting,0.0205,1.0177,0.0739,0.8050,-3.5000,-0.1050
61887040,sitting,0.0210,1.0180,0.0744,0.8750,-3.5000,-0.0350
61887059,sitting,0.0205,1.0182,0.0749,0.8400,-3.5700,-0.1050
61887078,sitting,0.0210,1.0177,0.0742,0.8750,-3.5350,-0.0700
61887098,sitting,0.0205,1.0180,0.0749,0.8750,-3.5350,-0.0700
61887117,sitting,0.0195,1.0177,0.0742,0.8050,-3.5000,-0.0700
61887136,sitting,0.0200,1.0175,0.0747,0.8400,-3.5000,-0.0700
61887155,sitting,0.0205,1.0189,0.0744,0.8050,-3.5000,-0.0350
61887175,sitting,0.0210,1.0177,0.0749,0.8750,-3.5000,-0.1050
61887194,sitting,0.0203,1.0172,0.0749,0.8750,-3.5350,-0.0700
61887213,sitting,0.0207,1.0177,0.0747,0.8750,-3.5350,-0.0700
61887232,sitting,0.0207,1.0177,0.0739,0.8050,-3.5350,-0.0700
61887252,sitting,0.0203,1.0172,0.0754,0.8400,-3.5350,-0.1050
61887271,sitting,0.0200,1.0177,0.0739,0.8750,-3.5700,-0.1050
61887290,sitting,0.0205,1.0185,0.0737,0.8400,-3.5000,-0.0700
61887309,sitting,0.0205,1.0180,0.0737,0.8400,-3.5350,-0.0700
61887328,sitting,0.0217,1.0170,0.0744,0.8750,-3.5350,-0.0700
61887348,sitting,0.0215,1.0177,0.0749,0.8400,-3.5350,-0.0350
61887367,sitting,0.0212,1.0177,0.0752,0.8400,-3.5350,-0.0700
61887386,sitting,0.0207,1.0177,0.0744,0.8400,-3.5700,-0.0700
61887405,sitting,0.0198,1.0177,0.0742,0.9100,-3.5350,-0.0700
61887425,sitting,0.0212,1.0180,0.0744,0.8750,-3.5350,-0.0700
61887444,sitting,0.0205,1.0177,0.0744,0.8750,-3.5350,-0.0700
61887463,sitting,0.0203,1.0182,0.0747,0.8050,-3.5700,-0.0350
61887482,sitting,0.0212,1.0175,0.0756,0.8750,-3.5000,-0.0700
61887502,sitting,0.0212,1.0182,0.0742,0.8400,-3.5350,-0.1050
61887521,sitting,0.0203,1.0180,0.0742,0.8750,-3.5000,-0.0700
61887540,sitting,0.0215,1.0177,0.0752,0.8750,-3.5350,-0.0700
61887559,sitting,0.0212,1.0180,0.0749,0.8400,-3.5000,-0.1050
61887578,sitting,0.0205,1.0182,0.0739,0.8750,-3.5350,-0.0350
61887598,sitting,0.0205,1.0177,0.0747,0.9100,-3.5700,-0.0700
61887617,sitting,0.0207,1.0172,0.0754,0.8400,-3.5350,-0.0350
61887636,sitting,0.0210,1.0187,0.0752,0.8400,-3.5350,-0.0700
61887655,sitting,0.0212,1.0185,0.0752,0.8750,-3.5700,-0.0700
61887675,sitting,0.0217,1.0182,0.0754,0.8400,-3.5350,-0.0700
61887694,sitting,0.0210,1.0182,0.0747,0.8400,-3.5000,-0.0350
61887713,sitting,0.0207,1.0175,0.0752,0.8400,-3.5350,-0.0350
61887732,sitting,0.0212,1.0185,0.0747,0.8050,-3.5000,-0.0350
61887752,sitting,0.0217,1.0180,0.0742,0.8750,-3.5350,-0.0700
61887771,sitting,0.0215,1.0175,0.0739,0.9100,-3.5350,-0.1050
61887790,sitting,0.0210,1.0185,0.0742,0.8750,-3.5350,-0.0700
61887809,sitting,0.0205,1.0172,0.0744,0.8050,-3.4650,-0.0700
61887828,sitting,0.0210,1.0180,0.0756,0.8400,-3.5000,-0.1050
61887848,sitting,0.0203,1.0182,0.0737,0.8750,-3.5350,-0.0350
61887867,sitting,0.0207,1.0187,0.0756,0.8400,-3.5000,-0.0700
61887886,sitting,0.0205,1.0175,0.0742,0.8400,-3.5350,-0.0700
61887905,sitting,0.0210,1.0170,0.0749,0.8400,-3.5700,-0.0700
61887925,sitting,0.0212,1.0180,0.0737,0.8750,-3.5700,-0.0350
61887944,sitting,0.0203,1.0182,0.0749,0.8750,-3.5000,-0.0350
61887963,sitting,0.0203,1.0185,0.0744,0.8750,-3.5700,-0.0700
61887982,sitting,0.0200,1.0180,0.0747,0.8400,-3.5350,-0.0700
61888002,sitting,0.0200,1.0185,0.0744,0.8050,-3.5000,-0.1050
61888021,sitting,0.0210,1.0187,0.0749,0.8050,-3.5700,-0.0700
61888040,sitting,0.0207,1.0175,0.0734,0.8400,-3.5700,-0.0700
61888059,sitting,0.0212,1.0182,0.0749,0.8400,-3.5350,-0.0700
61888078,sitting,0.0215,1.0177,0.0747,0.8750,-3.5350,-0.0700
61888098,sitting,0.0215,1.0170,0.0732,0.8400,-3.5700,-0.0700
61888117,sitting,0.0207,1.0165,0.0749,0.8400,-3.5000,-0.0700
61888136,sitting,0.0200,1.0177,0.0752,0.8400,-3.5000,-0.0700
61888155,sitting,0.0210,1.0180,0.0744,0.8750,-3.6050,-0.0350
61888175,sitting,0.0205,1.0182,0.0752,0.9100,-3.5700,-0.0350
61888194,sitting,0.0217,1.0180,0.0747,0.8750,-3.5000,-0.0700
61888213,sitting,0.0212,1.0177,0.0754,0.8750,-3.5350,-0.0700
61888232,sitting,0.0217,1.0180,0.0752,0.8400,-3.5700,-0.0700
61888252,sitting,0.0217,1.0185,0.0749,0.8400,-3.5000,-0.1050
61888271,sitting,0.0210,1.0172,0.0752,0.8750,-3.5350,-0.0700
61888290,sitting,0.0215,1.0167,0.0744,0.8400,-3.5350,-0.0700
61888309,sitting,0.0203,1.0187,0.0742,0.8050,-3.5000,-0.1050
61888328,sitting,0.0205,1.0180,0.0737,0.8050,-3.5350,0.0000
61888348,sitting,0.0205,1.0180,0.0727,0.8400,-3.5000,-0.0700
61888367,sitting,0.0203,1.0177,0.0737,0.8400,-3.5350,-0.0350
61888386,sitting,0.0212,1.0175,0.0756,0.8400,-3.5000,-0.0350
61888405,sitting,0.0215,1.0172,0.0744,0.8400,-3.5000,-0.0700
61888425,sitting,0.0207,1.0172,0.0759,0.8400,-3.5350,-0.0350
61888444,sitting,0.0205,1.0185,0.0742,0.8750,-3.5000,-0.0700
61888463,sitting,0.0203,1.0180,0.0749,0.8750,-3.5350,-0.0700
61888482,sitting,0.0203,1.0180,0.0744,0.8050,-3.5000,-0.0700
61888502,sitting,0.0203,1.0180,0.0749,0.7700,-3.5000,-0.0700
61888521,sitting,0.0203,1.0185,0.0754,0.8050,-3.5350,0.0000
61888540,sitting,0.0220,1.0177,0.0754,0.8750,-3.6050,-0.0700
61888559,sitting,0.0205,1.0172,0.0749,0.8750,-3.5350,-0.0700
61888578,sitting,0.0205,1.0177,0.0754,0.9100,-3.5000,-0.0700
61888598,sitting,0.0215,1.0185,0.0737,0.8400,-3.5350,-0.0700
61888617,sitting,0.0210,1.0177,0.0739,0.8400,-3.5350,-0.0350
61888636,sitting,0.0210,1.0175,0.0752,0.8050,-3.5700,-0.0700
61888655,sitting,0.0203,1.0189,0.0754,0.8750,-3.5350,-0.0700
61888675,sitting,0.0210,1.0175,0.0737,0.8400,-3.5350,-0.1050
61888694,sitting,0.0207,1.0172,0.0734,0.8750,-3.5000,-0.0700
61888713,sitting,0.0220,1.0185,0.0737,0.8400,-3.5000,-0.0700
61888732,sitting,0.0212,1.0177,0.0737,0.8750,-3.5350,-0.0700
61888752,sitting,0.0215,1.0177,0.0749,0.8400,-3.5000,-0.0700
61888771,sitting,0.0212,1.0170,0.0747,0.8400,-3.5350,-0.0700
61888790,sitting,0.0220,1.0175,0.0742,0.8400,-3.5700,-0.0700
61888809,sitting,0.0222,1.0182,0.0744,0.8400,-3.5000,-0.0700
61888828,sitting,0.0217,1.0185,0.0749,0.8400,-3.5000,-0.0700
61888848,sitting,0.0205,1.0175,0.0754,0.8750,-3.5350,-0.0700
61888867,sitting,0.0210,1.0175,0.0749,0.9100,-3.5350,-0.0700
61888886,sitting,0.0207,1.0177,0.0737,0.8400,-3.5000,-0.0700
61888905,sitting,0.0215,1.0177,0.0730,0.8750,-3.5000,-0.0350
61888925,sitting,0.0200,1.0180,0.0742,0.8400,-3.5350,-0.0350
61888944,sitting,0.0205,1.0180,0.0754,0.8400,-3.5700,-0.0700
61888963,sitting,0.0200,1.0182,0.0744,0.8400,-3.5000,-0.1050
61888982,sitting,0.0207,1.0182,0.0742,0.8400,-3.5700,-0.1050
61889002,sitting,0.0198,1.0170,0.0747,0.8400,-3.5000,-0.1050
61889021,sitting,0.0207,1.0177,0.0744,0.8400,-3.5000,-0.0700
61889040,sitting,0.0212,1.0180,0.0747,0.8750,-3.5350,-0.0700
61889059,sitting,0.0215,1.0170,0.0739,0.9100,-3.5350,-0.0700
61889078,sitting,0.0203,1.0175,0.0744,0.8400,-3.5000,-0.0700
61889098,sitting,0.0207,1.0182,0.0742,0.8400,-3.5350,-0.1050
61889117,sitting,0.0210,1.0189,0.0742,0.8400,-3.5000,-0.0700
61889136,sitting,0.0200,1.0187,0.0744,0.8400,-3.5000,-0.0350
61889155,sitting,0.0215,1.0182,0.0742,0.8750,-3.5000,-0.0700
61889175,sitting,0.0212,1.0182,0.0739,0.9100,-3.5350,-0.1400
61889194,sitting,0.0212,1.0172,0.0739,0.8750,-3.5350,-0.1050
61889213,sitting,0.0222,1.0180,0.0747,0.8400,-3.5000,-0.0700
61889232,sitting,0.0207,1.0180,0.0752,0.8400,-3.5350,-0.0700
61889252,sitting,0.0203,1.0192,0.0749,0.8750,-3.5700,-0.1050
61889271,sitting,0.0198,1.0180,0.0749,0.8750,-3.5350,-0.0700
61889290,sitting,0.0198,1.0172,0.0752,0.8400,-3.5700,-0.0700
61889309,sitting,0.0207,1.0177,0.0749,0.8750,-3.5000,-0.1050
61889328,sitting,0.0212,1.0177,0.0754,0.8050,-3.5350,-0.1400
61889348,sitting,0.0217,1.0175,0.0749,0.8400,-3.5700,-0.1050
61889367,sitting,0.0210,1.0167,0.0752,0.8750,-3.5350,-0.0700
61889386,sitting,0.0205,1.0180,0.0749,0.8400,-3.5700,-0.1050
61889405,sitting,0.0212,1.0172,0.0742,0.8400,-3.5000,-0.0350
61889425,sitting,0.0215,1.0177,0.0749,0.8750,-3.5350,-0.0700
61889444,sitting,0.0212,1.0182,0.0744,0.8400,-3.5350,0.0000
61889463,sitting,0.0203,1.0182,0.0737,0.8400,-3.5350,-0.0350
61889482,sitting,0.0212,1.0177,0.0747,0.8750,-3.5350,-0.0350
61889502,sitting,0.0198,1.0175,0.0749,0.8400,-3.5350,-0.0700
61889521,sitting,0.0205,1.0180,0.0747,0.8400,-3.5000,-0.1050
61889540,sitting,0.0215,1.0177,0.0739,0.8750,-3.5350,-0.1400
61889559,sitting,0.0207,1.0182,0.0747,0.8400,-3.5350,-0.1400
61889578,sitting,0.0210,1.0187,0.0749,0.8050,-3.5000,-0.0700
61889598,sitting,0.0203,1.0180,0.0752,0.8400,-3.5000,-0.0700
61889617,sitting,0.0203,1.0175,0.0739,0.8750,-3.5000,-0.0700
61889636,sitting,0.0210,1.0170,0.0737,0.8750,-3.5350,-0.0700
61889655,sitting,0.0207,1.0180,0.0747,0.8050,-3.4650,-0.0350
61889675,sitting,0.0198,1.0182,0.0744,0.8400,-3.5350,-0.0700
61889694,sitting,0.0198,1.0182,0.0742,0.8400,-3.6050,-0.0350
61889713,sitting,0.0212,1.0180,0.0747,0.8400,-3.5000,-0.0700
61889732,sitting,0.0203,1.0187,0.0749,0.8750,-3.5350,-0.0700
61889752,sitting,0.0205,1.0185,0.0739,0.8400,-3.5350,-0.0700
61889771,sitting,0.0203,1.0172,0.0739,0.8750,-3.5000,-0.0700
61889790,sitting,0.0205,1.0182,0.0754,0.8400,-3.5000,-0.0700
61889809,sitting,0.0200,1.0185,0.0737,0.8400,-3.5350,-0.0700
61889828,sitting,0.0210,1.0175,0.0742,0.8400,-3.5350,-0.0700
61889848,sitting,0.0210,1.0180,0.0747,0.8400,-3.5350,-0.0700
61889867,sitting,0.0207,1.0177,0.0742,0.8750,-3.5350,-0.0700
61889886,sitting,0.0215,1.0182,0.0739,0.8400,-3.5350,-0.0700
61889905,sitting,0.0217,1.0175,0.0752,0.8400,-3.5000,-0.0700
61889925,sitting,0.0212,1.0177,0.0754,0.8750,-3.5000,-0.0350
61889944,sitting,0.0200,1.0180,0.0747,0.8400,-3.5350,-0.0350
61889963,sitting,0.0193,1.0185,0.0752,0.8750,-3.4650,-0.0700
61889982,sitting,0.0203,1.0182,0.0754,0.8400,-3.5350,-0.0700
61890002,sitting,0.0212,1.0177,0.0739,0.8400,-3.5700,-0.0700
61890021,sitting,0.0222,1.0180,0.0749,0.8400,-3.4650,-0.0700
61890040,sitting,0.0215,1.0177,0.0749,0.8750,-3.5000,-0.0700
61890059,sitting,0.0210,1.0182,0.0742,0.8750,-3.5350,-0.1050
61890078,sitting,0.0205,1.0167,0.0756,0.8400,-3.5350,-0.0700
61890098,sitting,0.0210,1.0177,0.0754,0.8400,-3.5000,-0.1050
61890117,sitting,0.0198,1.0180,0.0749,0.8400,-3.5350,-0.1050
61890136,sitting,0.0203,1.0172,0.0744,0.9100,-3.5350,-0.0700
61890155,sitting,0.0205,1.0187,0.0752,0.8400,-3.5000,-0.0700
61890175,sitting,0.0210,1.0177,0.0744,0.8400,-3.5350,-0.0700
61890194,sitting,0.0205,1.0182,0.0752,0.8750,-3.5700,-0.1050
61890213,sitting,0.0200,1.0180,0.0732,0.9100,-3.5000,-0.0700
61890232,sitting,0.0203,1.0170,0.0747,0.8050,-3.5350,-0.0700
61890252,sitting,0.0207,1.0172,0.0744,0.9100,-3.5350,-0.0700
61890271,sitting,0.0210,1.0185,0.0739,0.8400,-3.5000,-0.0700
61890290,sitting,0.0210,1.0185,0.0742,0.8050,-3.5000,-0.0700
61890309,sitting,0.0207,1.0185,0.0744,0.8750,-3.5350,-0.0350
61890328,sitting,0.0210,1.0187,0.0752,0.8400,-3.5350,-0.0700
61890348,sitting,0.0207,1.0175,0.0747,0.8400,-3.5350,0.0000
61890367,sitting,0.0205,1.0182,0.0744,0.8400,-3.5350,-0.0700
61890386,sitting,0.0207,1.0185,0.0756,0.8750,-3.5700,-0.0350
61890405,sitting,0.0205,1.0185,0.0749,0.8750,-3.5350,-0.0350
61890425,sitting,0.0205,1.0182,0.0732,0.8750,-3.5000,-0.0700
61890444,sitting,0.0207,1.0182,0.0742,0.8400,-3.5350,-0.0700
61890463,sitting,0.0207,1.0187,0.0744,0.8400,-3.5700,-0.0700
61890482,sitting,0.0215,1.0189,0.0744,0.8050,-3.5000,-0.0700
61890502,sitting,0.0210,1.0177,0.0742,0.8750,-3.5350,-0.0700
61890521,sitting,0.0207,1.0185,0.0739,0.8400,-3.5350,-0.1400
61890540,sitting,0.0207,1.0182,0.0747,0.8050,-3.5000,-0.0700
61890559,sitting,0.0205,1.0180,0.0734,0.9100,-3.5350,0.0000
61890578,sitting,0.0212,1.0182,0.0747,0.8400,-3.5000,-0.0350
61890598,sitting,0.0207,1.0185,0.0730,0.8050,-3.5350,-0.1400
61890617,sitting,0.0212,1.0175,0.0752,0.8400,-3.5350,-0.0350
61890636,sitting,0.0207,1.0189,0.0744,0.8750,-3.5350,-0.0700
61890655,sitting,0.0205,1.0175,0.0739,0.8400,-3.5000,-0.0700
61890675,sitting,0.0210,1.0172,0.0742,0.8750,-3.5350,-0.0700
61890694,sitting,0.0215,1.0172,0.0749,0.8400,-3.5350,-0.0700
61890713,sitting,0.0215,1.0182,0.0747,0.8400,-3.5350,0.0000
61890732,sitting,0.0217,1.0187,0.0744,0.8050,-3.5350,-0.0350
61890752,sitting,0.0212,1.0177,0.0752,0.8400,-3.5350,-0.0350
61890771,sitting,0.0205,1.0182,0.0747,0.8400,-3.5000,-0.0700
61890790,sitting,0.0200,1.0187,0.0752,0.8400,-3.5000,-0.0700
61890809,sitting,0.0207,1.0182,0.0742,0.8750,-3.5700,0.0000
61890828,sitting,0.0193,1.0175,0.0742,0.8400,-3.5700,-0.0350
61890848,sitting,0.0207,1.0177,0.0744,0.8400,-3.5000,-0.0700
61890867,sitting,0.0207,1.0185,0.0749,0.8400,-3.5000,-0.0700
61890886,sitting,0.0207,1.0180,0.0737,0.8400,-3.5700,-0.0350
61890905,sitting,0.0205,1.0177,0.0747,0.8750,-3.5350,0.0000
61890925,sitting,0.0212,1.0175,0.0752,0.8400,-3.4650,-0.0350
61890944,sitting,0.0222,1.0170,0.0739,0.8400,-3.5700,-0.0700
61890963,sitting,0.0203,1.0182,0.0734,0.8750,-3.5350,-0.0700
61890982,sitting,0.0207,1.0177,0.0749,0.8750,-3.5000,-0.0350
61891002,sitting,0.0203,1.0182,0.0744,0.8750,-3.5350,-0.0350
61891021,sitting,0.0205,1.0172,0.0744,0.8750,-3.5700,-0.0350
61891040,sitting,0.0212,1.0172,0.0749,0.9100,-3.5000,-0.0700
61891059,sitting,0.0198,1.0185,0.0739,0.8400,-3.5000,-0.1050
61891078,sitting,0.0205,1.0182,0.0747,0.8750,-3.5700,-0.0700
61891098,sitting,0.0212,1.0187,0.0749,0.8750,-3.5350,-0.0700
61891117,sitting,0.0198,1.0185,0.0744,0.8050,-3.5350,-0.0350
61891136,sitting,0.0210,1.0185,0.0747,0.8400,-3.5700,-0.0350
61891155,sitting,0.0198,1.0180,0.0742,0.8750,-3.5000,-0.0350
61891175,sitting,0.0215,1.0175,0.0737,0.8400,-3.5350,-0.0700
61891194,sitting,0.0203,1.0177,0.0747,0.8750,-3.5350,-0.0700
61891213,sitting,0.0200,1.0180,0.0754,0.8750,-3.5350,-0.0700
61891232,sitting,0.0210,1.0177,0.0754,0.8400,-3.5000,-0.0700
61891252,sitting,0.0203,1.0182,0.0744,0.8400,-3.5350,-0.0700
61891271,sitting,0.0212,1.0167,0.0747,0.8400,-3.5350,-0.0700
61891290,sitting,0.0215,1.0177,0.0739,0.8750,-3.5000,-0.0700
61891309,sitting,0.0205,1.0172,0.0749,0.8400,-3.5350,-0.0350
61891328,sitting,0.0207,1.0180,0.0754,0.8750,-3.5700,-0.0700
61891348,sitting,0.0205,1.0185,0.0742,0.8050,-3.5350,-0.0700
61891367,sitting,0.0203,1.0185,0.0734,0.8750,-3.5350,-0.0700
61891386,sitting,0.0205,1.0177,0.0744,0.8400,-3.5350,-0.0700
61891405,sitting,0.0205,1.0177,0.0744,0.8400,-3.5000,-0.0700
61891425,sitting,0.0205,1.0180,0.0737,0.8400,-3.5350,-0.0700
61891444,sitting,0.0210,1.0180,0.0732,0.8400,-3.5700,-0.0700
61891463,sitting,0.0203,1.0180,0.0742,0.8400,-3.5700,-0.0700
61891482,sitting,0.0215,1.0180,0.0742,0.8400,-3.5000,-0.0350
61891502,sitting,0.0212,1.0185,0.0737,0.8400,-3.5000,-0.0700
61891521,sitting,0.0210,1.0180,0.0725,0.9100,-3.5350,-0.0700
61891540,sitting,0.0210,1.0187,0.0747,0.8400,-3.5000,-0.0700
61891559,sitting,0.0205,1.0187,0.0744,0.8750,-3.5350,-0.1050
61891578,sitting,0.0212,1.0177,0.0744,0.8400,-3.5350,-0.0700
61891598,sitting,0.0205,1.0180,0.0747,0.8400,-3.5700,-0.0700
61891617,sitting,0.0207,1.0180,0.0756,0.8050,-3.4650,-0.0700
61891636,sitting,0.0203,1.0187,0.0749,0.8400,-3.5000,-0.0700
61891655,sitting,0.0215,1.0172,0.0749,0.9100,-3.5350,-0.1050
61891675,sitting,0.0220,1.0177,0.0739,0.8400,-3.4300,-0.0700
61891694,sitting,0.0207,1.0185,0.0749,0.8750,-3.5700,-0.1050
61891713,sitting,0.0207,1.0180,0.0747,0.8400,-3.5000,-0.0700
61891732,sitting,0.0215,1.0165,0.0754,0.8750,-3.5000,-0.0700
61891752,sitting,0.0207,1.0180,0.0737,0.8050,-3.5350,-0.0700
61891771,sitting,0.0195,1.0170,0.0732,0.8400,-3.5700,-0.0700
61891790,sitting,0.0217,1.0170,0.0754,0.8750,-3.5000,-0.0350
61891809,sitting,0.0212,1.0180,0.0739,0.8050,-3.5000,-0.0700
61891828,sitting,0.0210,1.0180,0.0744,0.8400,-3.5350,-0.0700
61891848,sitting,0.0203,1.0180,0.0744,0.8750,-3.5700,-0.0350
61891867,sitting,0.0203,1.0175,0.0749,0.8400,-3.5350,-0.0700
61891886,sitting,0.0205,1.0180,0.0749,0.8400,-3.5350,-0.0700
61891905,sitting,0.0207,1.0182,0.0747,0.9100,-3.5700,-0.0700
61891925,sitting,0.0205,1.0170,0.0744,0.8400,-3.5350,-0.0700
61891944,sitting,0.0200,1.0175,0.0747,0.8750,-3.4650,-0.0700
61891963,sitting,0.0198,1.0182,0.0744,0.8750,-3.5700,-0.0700
61891982,sitting,0.0215,1.0175,0.0749,0.8750,-3.5350,-0.0700
61892002,sitting,0.0205,1.0182,0.0739,0.8050,-3.5000,-0.0700
61892021,sitting,0.0205,1.0170,0.0739,0.8400,-3.5700,-0.0700
61892040,sitting,0.0203,1.0177,0.0749,0.9100,-3.5350,0.0000
61892059,sitting,0.0210,1.0180,0.0747,0.8400,-3.5000,-0.0350
61892078,sitting,0.0210,1.0189,0.0739,0.8050,-3.5350,-0.0700
61892098,sitting,0.0207,1.0185,0.0747,0.8400,-3.5350,-0.0350
61892117,sitting,0.0205,1.0182,0.0749,0.8400,-3.5350,-0.0700
61892136,sitting,0.0215,1.0182,0.0744,0.8750,-3.5350,-0.0700
61892155,sitting,0.0210,1.0177,0.0749,0.8750,-3.5700,-0.1050
61892175,sitting,0.0210,1.0182,0.0744,0.8400,-3.5350,-0.0700
61892194,sitting,0.0203,1.0180,0.0742,0.8400,-3.5350,-0.0700
61892213,sitting,0.0193,1.0182,0.0749,0.8750,-3.5350,-0.1050
61892232,sitting,0.0207,1.0175,0.0752,0.8400,-3.5000,-0.0700
61892252,sitting,0.0207,1.0180,0.0749,0.7700,-3.5000,-0.0700
61892271,sitting,0.0207,1.0177,0.0742,0.8400,-3.5000,-0.0700
61892290,sitting,0.0198,1.0177,0.0747,0.8050,-3.5700,-0.1050
61892309,sitting,0.0207,1.0172,0.0749,0.7700,-3.4650,-0.1050
61892328,sitting,0.0207,1.0172,0.0749,0.8400,-3.5350,-0.0700
61892348,sitting,0.0215,1.0182,0.0744,0.8400,-3.5350,-0.0700
61892367,sitting,0.0205,1.0185,0.0739,0.8050,-3.4650,-0.0700
61892386,sitting,0.0212,1.0172,0.0749,0.8400,-3.4650,-0.0700
61892405,sitting,0.0210,1.0177,0.0747,0.8750,-3.5350,-0.0700
61892425,sitting,0.0210,1.0185,0.0747,0.8050,-3.5350,-0.0350
61892444,sitting,0.0205,1.0177,0.0766,0.8400,-3.5000,-0.0700
61892463,sitting,0.0212,1.0185,0.0752,0.8750,-3.5000,-0.1050
61892482,sitting,0.0207,1.0177,0.0742,0.8750,-3.5700,-0.0700
61892502,sitting,0.0198,1.0185,0.0749,0.8050,-3.5700,-0.0700
61892521,sitting,0.0212,1.0170,0.0747,0.8050,-3.5700,-0.0700
61892540,sitting,0.0207,1.0182,0.0749,0.8400,-3.5000,-0.0700
61892559,sitting,0.0207,1.0177,0.0747,0.8750,-3.5000,-0.0700
61892578,sitting,0.0207,1.0182,0.0739,0.8400,-3.5000,-0.0700
61892598,sitting,0.0205,1.0182,0.0727,0.8750,-3.5700,-0.0350
61892617,sitting,0.0207,1.0182,0.0737,0.8400,-3.5000,-0.0700
61892636,sitting,0.0210,1.0182,0.0754,0.8400,-3.4650,-0.0700
61892655,sitting,0.0200,1.0180,0.0744,0.8400,-3.5350,-0.0700
61892675,sitting,0.0203,1.0185,0.0747,0.8400,-3.5350,-0.0700
61892694,sitting,0.0205,1.0187,0.0742,0.8400,-3.5000,-0.0700
61892713,sitting,0.0207,1.0182,0.0742,0.8400,-3.5700,-0.0350
61892732,sitting,0.0210,1.0180,0.0734,0.8400,-3.5700,-0.0350
61892752,sitting,0.0203,1.0182,0.0734,0.8750,-3.5000,-0.0700
61892771,sitting,0.0210,1.0175,0.0742,0.8400,-3.4650,-0.0700
61892790,sitting,0.0215,1.0177,0.0744,0.8400,-3.5700,-0.0700
61892809,sitting,0.0210,1.0172,0.0742,0.8400,-3.5700,-0.0700
61892828,sitting,0.0198,1.0170,0.0744,0.8400,-3.5000,-0.0700
61892848,sitting,0.0205,1.0172,0.0739,0.8400,-3.5000,-0.1050
61892867,sitting,0.0215,1.0175,0.0742,0.8400,-3.5000,-0.0350
61892886,sitting,0.0212,1.0177,0.0747,0.8750,-3.5000,-0.0700
61892905,sitting,0.0207,1.0175,0.0744,0.8400,-3.5000,-0.0350
61892925,sitting,0.0207,1.0172,0.0747,0.9100,-3.6050,-0.0350
61892944,sitting,0.0198,1.0177,0.0747,0.8400,-3.5350,-0.0700
61892963,sitting,0.0205,1.0172,0.0744,0.8750,-3.5000,-0.0700
61892982,sitting,0.0205,1.0177,0.0742,0.8750,-3.5700,-0.0700
61893002,sitting,0.0200,1.0182,0.0752,0.8400,-3.5350,-0.0700
61893021,sitting,0.0212,1.0182,0.0752,0.8750,-3.5350,-0.0350
61893040,sitting,0.0207,1.0177,0.0754,0.8400,-3.5700,-0.0700
61893059,sitting,0.0207,1.0175,0.0747,0.8400,-3.5350,-0.0700
61893078,sitting,0.0200,1.0177,0.0754,0.8050,-3.5000,-0.0700
61893098,sitting,0.0200,1.0180,0.0752,0.8750,-3.5000,-0.0350
61893117,sitting,0.0205,1.0189,0.0744,0.8750,-3.5700,-0.0700
61893136,sitting,0.0212,1.0189,0.0742,0.8050,-3.5000,-0.0700
61893155,sitting,0.0212,1.0185,0.0739,0.8400,-3.5350,-0.0700
61893175,sitting,0.0203,1.0182,0.0739,0.8400,-3.5700,-0.0700
61893194,sitting,0.0200,1.0180,0.0749,0.8400,-3.5350,-0.0700
61893213,sitting,0.0215,1.0165,0.0742,0.8400,-3.5000,-0.0700
61893232,sitting,0.0200,1.0182,0.0749,0.8750,-3.5350,-0.0700
61893252,sitting,0.0205,1.0175,0.0754,0.8050,-3.5350,-0.0700
61893271,sitting,0.0217,1.0182,0.0756,0.8400,-3.4650,-0.0700
61893290,sitting,0.0210,1.0185,0.0744,0.8400,-3.5700,-0.0350
61893309,sitting,0.0205,1.0177,0.0744,0.8400,-3.5700,-0.0700
61893328,sitting,0.0195,1.0185,0.0739,0.7700,-3.4650,-0.0350
61893348,sitting,0.0210,1.0177,0.0747,0.8750,-3.5350,-0.0350
61893367,sitting,0.0212,1.0170,0.0742,0.8400,-3.5700,-0.0350
61893386,sitting,0.0205,1.0182,0.0747,0.8050,-3.5000,-0.0350
61893405,sitting,0.0203,1.0177,0.0747,0.8400,-3.5000,-0.0700
61893425,sitting,0.0212,1.0187,0.0739,0.8750,-3.5700,-0.0350
61893444,sitting,0.0203,1.0175,0.0747,0.8400,-3.5350,-0.0700
61893463,sitting,0.0207,1.0165,0.0749,0.8050,-3.5000,-0.1050
61893482,sitting,0.0207,1.0180,0.0742,0.8400,-3.5350,-0.0700
61893502,sitting,0.0205,1.0175,0.0747,0.8400,-3.5000,-0.0700
61893521,sitting,0.0207,1.0180,0.0752,0.8750,-3.5000,-0.0700
61893540,sitting,0.0195,1.0172,0.0754,0.8400,-3.5000,-0.0700
61893559,sitting,0.0200,1.0180,0.0742,0.8750,-3.5000,-0.0700
61893578,sitting,0.0207,1.0185,0.0749,0.8400,-3.5350,-0.0700
61893598,sitting,0.0205,1.0180,0.0754,0.8400,-3.5350,-0.0700
61893617,sitting,0.0207,1.0192,0.0744,0.8400,-3.5700,-0.0700
61893636,sitting,0.0205,1.0180,0.0732,0.8400,-3.5350,-0.1050
61893655,sitting,0.0207,1.0177,0.0749,0.8400,-3.5350,-0.0700
61893675,sitting,0.0210,1.0180,0.0747,0.8400,-3.5350,-0.0700
61893694,sitting,0.0205,1.0175,0.0749,0.8750,-3.5350,-0.0700
61893713,sitting,0.0203,1.0177,0.0756,0.8400,-3.5000,-0.0700
61893732,sitting,0.0212,1.0177,0.0744,0.8400,-3.5350,-0.0700
61893752,sitting,0.0217,1.0175,0.0744,0.8400,-3.5350,-0.0700
61893771,sitting,0.0215,1.0177,0.0742,0.8400,-3.4300,-0.0700
61893790,sitting,0.0210,1.0182,0.0739,0.8400,-3.5350,-0.0700
61893809,sitting,0.0210,1.0180,0.0739,0.8400,-3.5000,-0.0700
61893828,sitting,0.0203,1.0187,0.0739,0.8750,-3.5000,-0.1050
61893848,sitting,0.0200,1.0175,0.0742,0.8400,-3.5350,-0.0700
61893867,sitting,0.0205,1.0182,0.0734,0.8050,-3.5000,-0.0700
61893886,sitting,0.0215,1.0180,0.0749,0.8050,-3.5700,-0.0350
61893905,sitting,0.0203,1.0180,0.0756,0.8750,-3.5350,-0.0700
61893925,sitting,0.0215,1.0180,0.0744,0.8750,-3.5350,-0.0350
61893944,sitting,0.0205,1.0175,0.0739,0.8400,-3.5700,-0.0350
61893963,sitting,0.0203,1.0177,0.0742,0.8750,-3.5000,-0.0700
61893982,sitting,0.0210,1.0182,0.0742,0.8400,-3.5350,-0.0350
61894002,sitting,0.0212,1.0180,0.0747,0.9100,-3.5700,-0.0350
61894021,sitting,0.0212,1.0182,0.0739,0.8750,-3.5000,-0.1050
61894040,sitting,0.0207,1.0175,0.0739,0.8400,-3.5350,-0.0700
61894059,sitting,0.0193,1.0180,0.0752,0.8400,-3.5350,-0.0700
61894078,sitting,0.0210,1.0180,0.0749,0.8400,-3.5700,-0.0700
61894098,sitting,0.0205,1.0182,0.0744,0.8400,-3.5000,-0.0700
61894117,sitting,0.0212,1.0175,0.0747,0.8400,-3.5700,-0.0350
61894136,sitting,0.0210,1.0180,0.0737,0.8400,-3.5350,-0.0350
61894155,sitting,0.0207,1.0185,0.0754,0.7700,-3.4650,-0.0700
61894175,sitting,0.0215,1.0175,0.0742,0.8050,-3.5000,-0.0700
61894194,sitting,0.0215,1.0182,0.0747,0.8750,-3.5700,-0.0700
61894213,sitting,0.0207,1.0185,0.0749,0.8050,-3.5350,-0.0700
61894232,sitting,0.0212,1.0180,0.0759,0.8050,-3.5700,-0.0700
61894252,sitting,0.0207,1.0172,0.0754,0.8750,-3.5350,-0.0700
61894271,sitting,0.0207,1.0172,0.0749,0.8750,-3.5700,-0.0700
61894290,sitting,0.0217,1.0172,0.0739,0.8400,-3.5350,-0.0700
61894309,sitting,0.0212,1.0177,0.0739,0.8750,-3.5700,-0.0700
61894328,sitting,0.0212,1.0175,0.0742,0.8400,-3.5000,-0.0700
61894348,sitting,0.0203,1.0182,0.0739,0.8400,-3.5000,-0.0700
61894367,sitting,0.0217,1.0182,0.0749,0.9100,-3.5000,-0.1050
61894386,sitting,0.0215,1.0172,0.0749,0.8400,-3.5350,-0.0700
61894405,sitting,0.0205,1.0175,0.0749,0.8400,-3.4650,-0.0700
61894425,sitting,0.0212,1.0185,0.0737,0.8400,-3.5000,-0.1050
61894444,sitting,0.0210,1.0187,0.0744,0.8750,-3.5700,-0.0350
61894463,sitting,0.0210,1.0187,0.0737,0.8050,-3.5000,-0.0700
61894482,sitting,0.0212,1.0187,0.0747,0.8400,-3.5000,-0.0700
61894502,sitting,0.0207,1.0182,0.0752,0.9100,-3.5000,-0.0350
61894521,sitting,0.0212,1.0175,0.0747,0.8750,-3.5000,-0.0700
61894540,sitting,0.0210,1.0180,0.0739,0.8400,-3.5000,-0.0700
61894559,sitting,0.0203,1.0189,0.0749,0.8750,-3.5350,-0.0700
61894578,sitting,0.0210,1.0187,0.0744,0.8400,-3.5700,-0.1050
61894598,sitting,0.0205,1.0182,0.0739,0.8400,-3.5000,-0.0700
61894617,sitting,0.0212,1.0182,0.0742,0.8400,-3.5000,-0.1050
61894636,sitting,0.0207,1.0177,0.0742,0.8050,-3.5350,-0.0700
61894655,sitting,0.0188,1.0175,0.0742,0.8400,-3.5350,-0.0700
61894675,sitting,0.0207,1.0165,0.0752,0.8400,-3.5000,-0.0700
61894694,sitting,0.0203,1.0187,0.0744,0.8750,-3.5700,-0.0700
61894713,sitting,0.0210,1.0182,0.0744,0.8050,-3.5350,-0.1050
61894732,sitting,0.0212,1.0180,0.0747,0.8400,-3.5000,-0.0350
61894752,sitting,0.0212,1.0170,0.0739,0.8400,-3.5700,-0.0350
61894771,sitting,0.0207,1.0170,0.0754,0.8750,-3.5350,-0.0700
61894790,sitting,0.0203,1.0180,0.0756,0.8400,-3.5000,-0.0350
61894809,sitting,0.0198,1.0175,0.0754,0.9100,-3.5350,-0.1050
61894828,sitting,0.0205,1.0187,0.0747,0.8400,-3.5350,-0.0700
61894848,sitting,0.0205,1.0180,0.0754,0.8050,-3.5350,-0.0700
61894867,sitting,0.0220,1.0187,0.0749,0.8400,-3.5350,0.0000
61894886,sitting,0.0210,1.0177,0.0744,0.8750,-3.5350,-0.0350
61894905,sitting,0.0212,1.0182,0.0747,0.8400,-3.4650,-0.0700
61894925,sitting,0.0205,1.0182,0.0744,0.8400,-3.5000,-0.0350
61894944,sitting,0.0200,1.0180,0.0752,0.8750,-3.5000,-0.0350
61894963,sitting,0.0212,1.0175,0.0756,0.8400,-3.5000,-0.0700
61894982,sitting,0.0215,1.0180,0.0737,0.8400,-3.4650,-0.1050
61895002,sitting,0.0207,1.0180,0.0744,0.9100,-3.5350,-0.0700
61895021,sitting,0.0205,1.0182,0.0752,0.8400,-3.5700,-0.0700
61895040,sitting,0.0203,1.0172,0.0752,0.8400,-3.5000,-0.0700
61895059,sitting,0.0217,1.0182,0.0752,0.8400,-3.5350,-0.0700
61895078,sitting,0.0207,1.0185,0.0747,0.8400,-3.5000,-0.0700
61895098,sitting,0.0207,1.0182,0.0749,0.8400,-3.5000,-0.0350
61895117,sitting,0.0203,1.0187,0.0747,0.8400,-3.5350,-0.0700
61895136,sitting,0.0212,1.0187,0.0747,0.8400,-3.5700,-0.0700
61895155,sitting,0.0215,1.0182,0.0752,0.8400,-3.5700,-0.0700
61895175,sitting,0.0203,1.0180,0.0734,0.8050,-3.5000,-0.1050
61895194,sitting,0.0210,1.0175,0.0739,0.9100,-3.5700,-0.0700
61895213,sitting,0.0210,1.0185,0.0742,0.9100,-3.5350,-0.0700
61895232,sitting,0.0212,1.0185,0.0742,0.8400,-3.4650,-0.1050
61895252,sitting,0.0205,1.0185,0.0752,0.8750,-3.5350,-0.0350
61895271,sitting,0.0205,1.0185,0.0742,0.8750,-3.5700,-0.0350
61895290,sitting,0.0210,1.0187,0.0749,0.8400,-3.5350,-0.0350
61895309,sitting,0.0210,1.0180,0.0749,0.8400,-3.5000,-0.0700
61895328,sitting,0.0215,1.0187,0.0739,0.8400,-3.5350,-0.0700
61895348,sitting,0.0217,1.0185,0.0744,0.8400,-3.5000,-0.0700
61895367,sitting,0.0212,1.0175,0.0737,0.8050,-3.5350,-0.0700
61895386,sitting,0.0205,1.0177,0.0752,0.8400,-3.5350,-0.0700
61895405,sitting,0.0215,1.0189,0.0739,0.8400,-3.5350,-0.0700
61895425,sitting,0.0212,1.0177,0.0742,0.8400,-3.5350,-0.1050
61895444,sitting,0.0210,1.0172,0.0747,0.9100,-3.5700,-0.0700
61895463,sitting,0.0210,1.0175,0.0754,0.8750,-3.5350,-0.0350
61895482,sitting,0.0203,1.0180,0.0739,0.8400,-3.4650,-0.0700
61895502,sitting,0.0210,1.0175,0.0749,0.8400,-3.5000,-0.0700
61895521,sitting,0.0220,1.0187,0.0749,0.8400,-3.5700,-0.0700
61895540,sitting,0.0207,1.0177,0.0747,0.8400,-3.5350,-0.0700
61895559,sitting,0.0212,1.0180,0.0752,0.8400,-3.5000,-0.0350
61895578,sitting,0.0207,1.0177,0.0742,0.8400,-3.5700,-0.0700
61895598,sitting,0.0210,1.0180,0.0744,0.8400,-3.5000,-0.0700
61895617,sitting,0.0212,1.0182,0.0742,0.8400,-3.5000,-0.0700
61895636,sitting,0.0203,1.0189,0.0739,0.8400,-3.5350,-0.0700
61895655,sitting,0.0205,1.0185,0.0747,0.8750,-3.5350,-0.0700
61895675,sitting,0.0210,1.0172,0.0742,0.8050,-3.5000,-0.0700
61895694,sitting,0.0200,1.0175,0.0752,0.8400,-3.4650,-0.0700
61895713,sitting,0.0212,1.0175,0.0752,0.8400,-3.5350,0.0000
61895732,sitting,0.0212,1.0177,0.0739,0.8400,-3.5000,-0.0700
61895752,sitting,0.0212,1.0172,0.0739,0.8400,-3.5000,-0.0700
61895771,sitting,0.0207,1.0182,0.0742,0.8050,-3.5350,-0.0350
61895790,sitting,0.0200,1.0185,0.0747,0.8400,-3.5000,-0.0700
61895809,sitting,0.0207,1.0182,0.0744,0.8400,-3.5000,-0.0700
61895828,sitting,0.0210,1.0187,0.0747,0.8400,-3.5350,-0.0700
61895848,sitting,0.0212,1.0185,0.0752,0.8400,-3.5000,-0.0700
61895867,sitting,0.0205,1.0175,0.0754,0.8400,-3.5000,-0.0700
61895886,sitting,0.0217,1.0177,0.0747,0.8400,-3.5350,-0.0350
61895905,sitting,0.0210,1.0187,0.0744,0.8750,-3.5350,0.0000
61895925,sitting,0.0212,1.0175,0.0747,0.8400,-3.5000,-0.1050
61895944,sitting,0.0215,1.0189,0.0749,0.8400,-3.5000,-0.0700
61895963,sitting,0.0217,1.0182,0.0752,0.8400,-3.5700,-0.0700
61895982,sitting,0.0212,1.0180,0.0744,0.8050,-3.5350,-0.1050
61896002,sitting,0.0215,1.0175,0.0747,0.8400,-3.5000,-0.0700
61896021,sitting,0.0212,1.0175,0.0744,0.8400,-3.5350,-0.0350
61896040,sitting,0.0215,1.0182,0.0756,0.8400,-3.5000,-0.0700
61896059,sitting,0.0212,1.0180,0.0747,0.8400,-3.5350,-0.0700
61896078,sitting,0.0207,1.0177,0.0734,0.8400,-3.5000,-0.0700
61896098,sitting,0.0198,1.0192,0.0739,0.8400,-3.5700,-0.0700
61896117,sitting,0.0203,1.0177,0.0744,0.8400,-3.5000,-0.0700
61896136,sitting,0.0203,1.0177,0.0739,0.8400,-3.5000,-0.0700
61896155,sitting,0.0200,1.0189,0.0752,0.8750,-3.5700,-0.0700
61896175,sitting,0.0207,1.0182,0.0744,0.8750,-3.5350,-0.0700
61896194,sitting,0.0205,1.0187,0.0747,0.8400,-3.5000,-0.0700
61896213,sitting,0.0210,1.0182,0.0749,0.8750,-3.5350,-0.0700
61896232,sitting,0.0217,1.0180,0.0749,0.8750,-3.5000,-0.0700
61896252,sitting,0.0215,1.0177,0.0739,0.8750,-3.5350,-0.0700
61896271,sitting,0.0210,1.0177,0.0747,0.9100,-3.5350,-0.0350
61896290,sitting,0.0210,1.0189,0.0752,0.8750,-3.5350,-0.0700
61896309,sitting,0.0217,1.0180,0.0742,0.8400,-3.4650,-0.0700
61896328,sitting,0.0217,1.0185,0.0737,0.8400,-3.5000,-0.0700
61896348,sitting,0.0212,1.0177,0.0752,0.8400,-3.5000,-0.0700
61896367,sitting,0.0203,1.0189,0.0744,0.8400,-3.5000,-0.0350
61896386,sitting,0.0205,1.0187,0.0744,0.8400,-3.5350,-0.0350
61896405,sitting,0.0203,1.0172,0.0739,0.9100,-3.5700,-0.0700
61896425,sitting,0.0203,1.0177,0.0749,0.8400,-3.5350,-0.0700
61896444,sitting,0.0200,1.0177,0.0752,0.8400,-3.5000,-0.0700
61896463,sitting,0.0205,1.0177,0.0744,0.8750,-3.5700,-0.0350
61896482,sitting,0.0212,1.0175,0.0749,0.8750,-3.5700,-0.0700
61896502,sitting,0.0212,1.0172,0.0749,0.8400,-3.5350,-0.0700
61896521,sitting,0.0212,1.0180,0.0744,0.8750,-3.5350,-0.0700
61896540,sitting,0.0210,1.0189,0.0744,0.8400,-3.5700,-0.0700
61896559,sitting,0.0212,1.0187,0.0749,0.8750,-3.5350,-0.0350
61896578,sitting,0.0217,1.0182,0.0749,0.8400,-3.5350,-0.0700
61896598,sitting,0.0212,1.0175,0.0739,0.8400,-3.5350,-0.0700
61896617,sitting,0.0210,1.0182,0.0747,0.8400,-3.5000,-0.0700
61896636,sitting,0.0210,1.0180,0.0742,0.8750,-3.5000,-0.0700
61896655,sitting,0.0207,1.0177,0.0742,0.8400,-3.5350,-0.0700
61896675,sitting,0.0210,1.0182,0.0742,0.8400,-3.5350,-0.0700
61896694,sitting,0.0210,1.0185,0.0754,0.8400,-3.4650,-0.0700
61896713,sitting,0.0212,1.0177,0.0752,0.8750,-3.5350,-0.0350
61896732,sitting,0.0205,1.0182,0.0749,0.8750,-3.5000,-0.1050
61896752,sitting,0.0200,1.0182,0.0752,0.8750,-3.5350,-0.1050
61896771,sitting,0.0198,1.0180,0.0744,0.8750,-3.5000,-0.0700
61896790,sitting,0.0207,1.0177,0.0737,0.8750,-3.5700,-0.1050
61896809,sitting,0.0212,1.0177,0.0747,0.8400,-3.5350,-0.0700
61896828,sitting,0.0220,1.0185,0.0756,0.8050,-3.5350,-0.1050
61896848,sitting,0.0215,1.0185,0.0756,0.8400,-3.5350,-0.1050
61896867,sitting,0.0220,1.0187,0.0744,0.8750,-3.5700,-0.0350
61896886,sitting,0.0220,1.0177,0.0742,0.8400,-3.5000,-0.0700
61896905,sitting,0.0207,1.0187,0.0752,0.8750,-3.5350,-0.0700
61896925,sitting,0.0215,1.0182,0.0744,0.8400,-3.5700,-0.0350
61896944,sitting,0.0212,1.0175,0.0742,0.8400,-3.5350,-0.0700
61896963,sitting,0.0205,1.0175,0.0747,0.8750,-3.5350,-0.0700
61896982,sitting,0.0210,1.0180,0.0747,0.9100,-3.5700,-0.0700
61897002,sitting,0.0215,1.0170,0.0747,0.8750,-3.5350,-0.0700
61897021,sitting,0.0205,1.0175,0.0754,0.8400,-3.5700,-0.0350
61897040,sitting,0.0212,1.0177,0.0744,0.9100,-3.5350,-0.0700
61897059,sitting,0.0205,1.0182,0.0739,0.8750,-3.5350,-0.0700
61897078,sitting,0.0212,1.0192,0.0749,0.8400,-3.4650,-0.1050
61897098,sitting,0.0210,1.0182,0.0759,0.8400,-3.5000,-0.0700
61897117,sitting,0.0210,1.0175,0.0752,0.8750,-3.5350,-0.0700
61897136,sitting,0.0207,1.0182,0.0742,0.8400,-3.5000,-0.0700
61897155,sitting,0.0205,1.0177,0.0749,0.8400,-3.5000,-0.0700
61897175,sitting,0.0207,1.0175,0.0739,0.8400,-3.5700,-0.0700
61897194,sitting,0.0203,1.0185,0.0742,0.8400,-3.5000,-0.0700
61897213,sitting,0.0210,1.0170,0.0747,0.8050,-3.4650,-0.0700
61897232,sitting,0.0210,1.0167,0.0734,0.8400,-3.5700,-0.1050
61897252,sitting,0.0207,1.0182,0.0742,0.8400,-3.5000,-0.0700
61897271,sitting,0.0212,1.0177,0.0749,0.8400,-3.5350,-0.0700
61897290,sitting,0.0215,1.0182,0.0749,0.9100,-3.5700,-0.0700
61897309,sitting,0.0207,1.0182,0.0752,0.9100,-3.5350,-0.0700
61897328,sitting,0.0212,1.0172,0.0752,0.8050,-3.5000,-0.0350
61897348,sitting,0.0217,1.0177,0.0744,0.8400,-3.5350,-0.0700
61897367,sitting,0.0217,1.0177,0.0747,0.8400,-3.5700,-0.1050
61897386,sitting,0.0205,1.0192,0.0734,0.8400,-3.5350,-0.0700
61897405,sitting,0.0222,1.0177,0.0744,0.8750,-3.5350,-0.0700
61897425,sitting,0.0198,1.0185,0.0742,0.8400,-3.5700,-0.0350
61897444,sitting,0.0212,1.0182,0.0744,0.8750,-3.5350,-0.0350
61897463,sitting,0.0217,1.0182,0.0747,0.8400,-3.5000,-0.0700
61897482,sitting,0.0215,1.0175,0.0739,0.9100,-3.5700,-0.0700
61897502,sitting,0.0215,1.0185,0.0752,0.8750,-3.5350,-0.0700
61897521,sitting,0.0207,1.0185,0.0742,0.8050,-3.5000,-0.0700
61897540,sitting,0.0205,1.0182,0.0742,0.9100,-3.5700,-0.0700
61897559,sitting,0.0203,1.0187,0.0739,0.8750,-3.5000,-0.0700
61897578,sitting,0.0212,1.0180,0.0742,0.8400,-3.5000,-0.0700
61897598,sitting,0.0212,1.0180,0.0742,0.8750,-3.5350,-0.0700
61897617,sitting,0.0207,1.0185,0.0737,0.8750,-3.5350,-0.0700
61897636,sitting,0.0220,1.0180,0.0734,0.8400,-3.5350,-0.0700
61897655,sitting,0.0207,1.0182,0.0747,0.8750,-3.5000,-0.0700
61897675,sitting,0.0207,1.0180,0.0749,0.8750,-3.5700,-0.0700
61897694,sitting,0.0200,1.0175,0.0739,0.8400,-3.5000,-0.0700
61897713,sitting,0.0203,1.0182,0.0744,0.8050,-3.5350,-0.1050
61897732,sitting,0.0210,1.0185,0.0744,0.8400,-3.5000,-0.1400
61897752,sitting,0.0212,1.0177,0.0752,0.8400,-3.5350,-0.0700
61897771,sitting,0.0210,1.0182,0.0742,0.8050,-3.4650,-0.1050
61897790,sitting,0.0215,1.0180,0.0739,0.8400,-3.5350,-0.0700
61897809,sitting,0.0207,1.0177,0.0744,0.8750,-3.5350,-0.0700
61897828,sitting,0.0205,1.0189,0.0747,0.8400,-3.5000,-0.0700
61897848,sitting,0.0200,1.0182,0.0737,0.8400,-3.5700,-0.0700
61897867,sitting,0.0205,1.0175,0.0754,0.8750,-3.5350,-0.0700
61897886,sitting,0.0207,1.0187,0.0747,0.8400,-3.5350,-0.0350
61897905,sitting,0.0207,1.0185,0.0752,0.8400,-3.4650,-0.1050
61897925,sitting,0.0210,1.0180,0.0737,0.8750,-3.5350,-0.0700
61897944,sitting,0.0207,1.0180,0.0742,0.8750,-3.5700,-0.0350
61897963,sitting,0.0217,1.0177,0.0744,0.7700,-3.4650,-0.0350
61897982,sitting,0.0210,1.0189,0.0742,0.8750,-3.5000,-0.0700
61898002,sitting,0.0205,1.0185,0.0742,0.8750,-3.5700,-0.0700
61898021,sitting,0.0210,1.0177,0.0742,0.8400,-3.5000,-0.0700
61898040,sitting,0.0212,1.0163,0.0747,0.8050,-3.5000,-0.0700
61898059,sitting,0.0215,1.0182,0.0747,0.8400,-3.5350,-0.0700
61898078,sitting,0.0207,1.0187,0.0752,0.8750,-3.5350,-0.1050
61898098,sitting,0.0212,1.0175,0.0749,0.8050,-3.5000,-0.0700
61898117,sitting,0.0203,1.0182,0.0749,0.8400,-3.5000,-0.1050
61898136,sitting,0.0203,1.0189,0.0747,0.8400,-3.5000,-0.0350
61898155,sitting,0.0207,1.0172,0.0737,0.8750,-3.5000,-0.0350
61898175,sitting,0.0207,1.0170,0.0747,0.8400,-3.5700,-0.0350
61898194,sitting,0.0203,1.0177,0.0759,0.7700,-3.5000,-0.0700
61898213,sitting,0.0207,1.0185,0.0749,0.8400,-3.5000,-0.0700
61898232,sitting,0.0205,1.0185,0.0749,0.8400,-3.5000,-0.0700
61898252,sitting,0.0207,1.0182,0.0742,0.8400,-3.5000,-0.0700
61898271,sitting,0.0207,1.0180,0.0747,0.8400,-3.5350,-0.0700
61898290,sitting,0.0220,1.0177,0.0744,0.8400,-3.5000,-0.0700
61898309,sitting,0.0210,1.0185,0.0756,0.8400,-3.5350,-0.0700
61898328,sitting,0.0210,1.0187,0.0749,0.8400,-3.5350,-0.0700
61898348,sitting,0.0210,1.0182,0.0752,0.8400,-3.5000,-0.0700
61898367,sitting,0.0200,1.0177,0.0754,0.8750,-3.5350,-0.0350
61898386,sitting,0.0203,1.0185,0.0742,0.8400,-3.5700,-0.1050
61898405,sitting,0.0205,1.0175,0.0744,0.8750,-3.5350,-0.0700
61898425,sitting,0.0200,1.0182,0.0749,0.8750,-3.5350,-0.1050
61898444,sitting,0.0210,1.0175,0.0754,0.8400,-3.5350,-0.1050
61898463,sitting,0.0212,1.0187,0.0749,0.8400,-3.5350,-0.0700
61898482,sitting,0.0203,1.0182,0.0742,0.8400,-3.5000,-0.1050
61898502,sitting,0.0207,1.0172,0.0739,0.8750,-3.5350,-0.0700
61898521,sitting,0.0205,1.0170,0.0739,0.8750,-3.5000,-0.0350
61898540,sitting,0.0212,1.0185,0.0747,0.8050,-3.4650,-0.0700
61898559,sitting,0.0210,1.0185,0.0752,0.8400,-3.4650,-0.0700
61898578,sitting,0.0217,1.0172,0.0737,0.8750,-3.5700,-0.0700
61898598,sitting,0.0212,1.0177,0.0749,0.8400,-3.5350,-0.0700
61898617,sitting,0.0212,1.0180,0.0749,0.8400,-3.5350,-0.0700
61898636,sitting,0.0215,1.0182,0.0747,0.8750,-3.5350,-0.0700
61898655,sitting,0.0210,1.0182,0.0742,0.9100,-3.5350,-0.0350
61898675,sitting,0.0200,1.0177,0.0747,0.8400,-3.5350,-0.0700
61898694,sitting,0.0210,1.0189,0.0749,0.8400,-3.5350,-0.1050
61898713,sitting,0.0205,1.0177,0.0737,0.8400,-3.5350,-0.0700
61898732,sitting,0.0217,1.0177,0.0747,0.8400,-3.5000,-0.0700
61898752,sitting,0.0210,1.0185,0.0747,0.8750,-3.6050,-0.0700
61898771,sitting,0.0212,1.0177,0.0737,0.8400,-3.5350,-0.1050
61898790,sitting,0.0203,1.0180,0.0737,0.8050,-3.5350,-0.0350
61898809,sitting,0.0207,1.0180,0.0744,0.8400,-3.5700,-0.0350
61898828,sitting,0.0200,1.0182,0.0756,0.8750,-3.5350,-0.0700
61898848,sitting,0.0207,1.0170,0.0744,0.8400,-3.5350,-0.0700
61898867,sitting,0.0212,1.0180,0.0737,0.8400,-3.5000,-0.0700
61898886,sitting,0.0207,1.0182,0.0739,0.8750,-3.5700,-0.0700
61898905,sitting,0.0207,1.0185,0.0749,0.8400,-3.5350,-0.1050
61898925,sitting,0.0212,1.0185,0.0764,0.8050,-3.5000,-0.1050
61898944,sitting,0.0205,1.0182,0.0747,0.8400,-3.5350,-0.0700
61898963,sitting,0.0212,1.0187,0.0752,0.8400,-3.5350,-0.0700
61898982,sitting,0.0217,1.0185,0.0744,0.8400,-3.5000,-0.0700
61899002,sitting,0.0203,1.0185,0.0742,0.8750,-3.5350,-0.0700
61899021,sitting,0.0198,1.0180,0.0747,0.8750,-3.5700,-0.0700
61899040,sitting,0.0203,1.0180,0.0749,0.8400,-3.4650,-0.0350
61899059,sitting,0.0207,1.0187,0.0744,0.8400,-3.5000,-0.0700
61899078,sitting,0.0205,1.0192,0.0754,0.8750,-3.5350,-0.0350
61899098,sitting,0.0212,1.0172,0.0742,0.8400,-3.5000,-0.1050
61899117,sitting,0.0210,1.0175,0.0744,0.8400,-3.5000,-0.0350
61899136,sitting,0.0207,1.0177,0.0739,0.8400,-3.5350,-0.0700
61899155,sitting,0.0212,1.0180,0.0742,0.8750,-3.5350,-0.0700
61899175,sitting,0.0200,1.0180,0.0739,0.8400,-3.4650,-0.0700
61899194,sitting,0.0210,1.0185,0.0747,0.8750,-3.5350,-0.0350
61899213,sitting,0.0212,1.0167,0.0744,0.8750,-3.5000,-0.0700
61899232,sitting,0.0212,1.0182,0.0744,0.8400,-3.5350,-0.0700
61899252,sitting,0.0210,1.0187,0.0747,0.8400,-3.5000,-0.1400
61899271,sitting,0.0203,1.0194,0.0752,0.8400,-3.5000,-0.0700
61899290,sitting,0.0200,1.0185,0.0747,0.8400,-3.4300,-0.1050
61899309,sitting,0.0205,1.0175,0.0737,0.7700,-3.5350,-0.0700
61899328,sitting,0.0205,1.0180,0.0752,0.8750,-3.5350,-0.0700
61899348,sitting,0.0212,1.0182,0.0752,0.8400,-3.4650,-0.0700
61899367,sitting,0.0210,1.0187,0.0739,0.8400,-3.4650,-0.0700
61899386,sitting,0.0210,1.0180,0.0742,0.8400,-3.5700,-0.1050
61899405,sitting,0.0205,1.0177,0.0744,0.8400,-3.5700,-0.0350
61899425,sitting,0.0203,1.0185,0.0759,0.8400,-3.5000,-0.0700
61899444,sitting,0.0203,1.0177,0.0742,0.8400,-3.5700,-0.0700
61899463,sitting,0.0207,1.0182,0.0744,0.8400,-3.5700,-0.0350
61899482,sitting,0.0203,1.0182,0.0742,0.8400,-3.5000,-0.0700
61899502,sitting,0.0207,1.0187,0.0744,0.8750,-3.5000,-0.0700
61899521,sitting,0.0222,1.0177,0.0744,0.8400,-3.5700,-0.1050
61899540,sitting,0.0205,1.0189,0.0749,0.7700,-3.5000,-0.0700
61899559,sitting,0.0205,1.0182,0.0747,0.8400,-3.5000,-0.0350
61899578,sitting,0.0203,1.0177,0.0737,0.8400,-3.5000,-0.0700
61899598,sitting,0.0205,1.0172,0.0761,0.8400,-3.5350,-0.0350
61899617,sitting,0.0217,1.0185,0.0749,0.8400,-3.5000,-0.0350
61899636,sitting,0.0215,1.0177,0.0734,0.8400,-3.5000,-0.0700
61899655,sitting,0.0215,1.0180,0.0747,0.8050,-3.5000,-0.0700
61899675,sitting,0.0207,1.0182,0.0732,0.8750,-3.5000,-0.0700
61899694,sitting,0.0203,1.0185,0.0742,0.8400,-3.5000,-0.0350
61899713,sitting,0.0210,1.0177,0.0744,0.8750,-3.5350,-0.0700
61899732,sitting,0.0224,1.0185,0.0739,0.8750,-3.5000,-0.0700
61899752,sitting,0.0215,1.0182,0.0747,0.8400,-3.5000,-0.0700
61899771,sitting,0.0222,1.0167,0.0744,0.8750,-3.6400,-0.0700
61899790,sitting,0.0220,1.0177,0.0737,0.8400,-3.5350,-0.0700
61899809,sitting,0.0212,1.0185,0.0754,0.8400,-3.5350,-0.1050
61899828,sitting,0.0205,1.0172,0.0742,0.8750,-3.5000,-0.0350
61899848,sitting,0.0207,1.0175,0.0752,0.8400,-3.5350,-0.0700
61899867,sitting,0.0205,1.0177,0.0742,0.8400,-3.5350,-0.0700
61899886,sitting,0.0215,1.0182,0.0744,0.9100,-3.5700,-0.0700
61899905,sitting,0.0217,1.0185,0.0737,0.8750,-3.5350,-0.0700
61899925,sitting,0.0212,1.0182,0.0739,0.8750,-3.5000,-0.0700
61899944,sitting,0.0205,1.0180,0.0744,0.8750,-3.5000,-0.0700
61899963,sitting,0.0205,1.0175,0.0742,0.8400,-3.5350,-0.0700
61899982,sitting,0.0212,1.0180,0.0752,0.8400,-3.5350,0.0000
61900002,sitting,0.0210,1.0187,0.0734,0.8050,-3.4650,-0.0700
61900021,sitting,0.0203,1.0180,0.0742,0.8400,-3.5000,-0.0700
61900040,sitting,0.0212,1.0189,0.0737,0.8750,-3.5350,-0.0700
61900059,sitting,0.0212,1.0185,0.0747,0.8400,-3.5350,-0.1050
61900078,sitting,0.0200,1.0187,0.0734,0.8750,-3.5350,-0.0700
61900098,sitting,0.0205,1.0185,0.0739,0.9100,-3.5700,-0.1050
61900117,sitting,0.0215,1.0192,0.0747,0.8400,-3.4650,-0.0700
61900136,sitting,0.0210,1.0185,0.0742,0.8400,-3.5000,-0.0700
61900155,sitting,0.0203,1.0182,0.0749,0.8400,-3.5350,-0.0700
61900175,sitting,0.0210,1.0182,0.0759,0.8750,-3.5350,-0.0700
61900194,sitting,0.0210,1.0175,0.0744,0.8750,-3.5000,-0.0700
61900213,sitting,0.0210,1.0180,0.0742,0.8400,-3.5350,-0.0700
61900232,sitting,0.0203,1.0185,0.0747,0.8750,-3.5350,-0.0700
61900252,sitting,0.0205,1.0175,0.0749,0.8400,-3.5000,-0.1050
61900271,sitting,0.0207,1.0175,0.0739,0.8400,-3.5000,-0.0700
61900290,sitting,0.0215,1.0180,0.0744,0.8750,-3.5350,-0.1050
61900309,sitting,0.0212,1.0180,0.0742,0.8400,-3.5000,-0.1050
61900328,sitting,0.0217,1.0170,0.0749,0.8400,-3.5000,-0.1050
61900348,sitting,0.0215,1.0182,0.0744,0.8400,-3.5350,-0.1400
61900367,sitting,0.0210,1.0187,0.0747,0.8400,-3.5000,-0.0700
61900386,sitting,0.0210,1.0185,0.0742,0.8750,-3.5350,-0.0700
61900405,sitting,0.0205,1.0175,0.0756,0.8400,-3.5350,-0.1050
61900425,sitting,0.0215,1.0185,0.0749,0.8400,-3.5350,-0.0350
61900444,sitting,0.0203,1.0185,0.0722,0.8400,-3.5000,-0.1050
61900463,sitting,0.0217,1.0180,0.0737,0.8750,-3.5700,-0.0350
61900482,sitting,0.0217,1.0180,0.0752,0.8400,-3.5700,-0.0700
61900502,sitting,0.0217,1.0180,0.0747,0.8400,-3.4650,-0.0700
61900521,sitting,0.0212,1.0170,0.0744,0.9100,-3.5350,-0.0350
61900540,sitting,0.0210,1.0182,0.0749,0.9100,-3.5350,-0.0350
61900559,sitting,0.0215,1.0180,0.0742,0.8400,-3.5000,-0.1400
61900578,sitting,0.0212,1.0185,0.0744,0.8400,-3.5000,-0.0700
61900598,sitting,0.0205,1.0172,0.0747,0.8400,-3.5350,-0.0700
61900617,sitting,0.0203,1.0180,0.0732,0.8400,-3.5350,-0.0700
61900636,sitting,0.0215,1.0185,0.0742,0.8400,-3.4650,-0.1050
61900655,sitting,0.0217,1.0185,0.0747,0.8750,-3.5000,-0.0700
61900675,sitting,0.0207,1.0189,0.0747,0.8400,-3.5350,-0.0700
61900694,sitting,0.0210,1.0185,0.0759,0.8400,-3.5000,-0.0350
61900713,sitting,0.0215,1.0185,0.0747,0.8400,-3.5350,-0.0700
61900732,sitting,0.0215,1.0180,0.0739,0.8400,-3.5700,-0.0700
61900752,sitting,0.0215,1.0175,0.0749,0.8400,-3.5000,-0.1050
61900771,sitting,0.0212,1.0182,0.0752,0.8400,-3.5000,-0.0700
61900790,sitting,0.0207,1.0175,0.0744,0.9100,-3.5700,-0.0700
61900809,sitting,0.0210,1.0182,0.0744,0.8050,-3.5000,-0.0700
61900828,sitting,0.0210,1.0180,0.0737,0.8400,-3.5000,-0.0700
61900848,sitting,0.0205,1.0185,0.0737,0.8750,-3.5000,-0.0700
61900867,sitting,0.0205,1.0172,0.0749,0.8400,-3.5700,-0.0700
61900886,sitting,0.0215,1.0185,0.0747,0.8050,-3.5000,-0.0700
61900905,sitting,0.0212,1.0182,0.0754,0.8750,-3.5350,-0.1050
61900925,sitting,0.0205,1.0182,0.0747,0.8400,-3.5000,-0.0700
61900944,sitting,0.0212,1.0177,0.0739,0.8400,-3.4650,-0.1050
61900963,sitting,0.0212,1.0177,0.0744,0.8400,-3.5000,-0.0700
61900982,sitting,0.0200,1.0180,0.0744,0.8400,-3.5350,-0.0700
61901002,sitting,0.0217,1.0187,0.0732,0.8400,-3.5350,0.0000
61901021,sitting,0.0200,1.0182,0.0752,0.8750,-3.5350,-0.0700
61901040,sitting,0.0217,1.0182,0.0742,0.8750,-3.5700,-0.0700
61901059,sitting,0.0210,1.0180,0.0744,0.8400,-3.5000,-0.0700
61901078,sitting,0.0200,1.0185,0.0744,0.8400,-3.5350,-0.0700
61901098,sitting,0.0198,1.0189,0.0744,0.9100,-3.6050,-0.0700
61901117,sitting,0.0198,1.0182,0.0749,0.8400,-3.5700,-0.1050
61901136,sitting,0.0210,1.0177,0.0744,0.8400,-3.5000,-0.0350
61901155,sitting,0.0205,1.0185,0.0752,0.8750,-3.5700,0.0000
61901175,sitting,0.0210,1.0175,0.0752,0.9100,-3.5700,-0.0700
61901194,sitting,0.0220,1.0180,0.0742,0.8750,-3.5350,-0.0700
61901213,sitting,0.0210,1.0172,0.0747,0.8400,-3.5000,-0.0700
61901232,sitting,0.0215,1.0192,0.0737,0.9100,-3.5700,-0.0700
61901252,sitting,0.0212,1.0185,0.0749,0.8750,-3.5700,-0.0350
61901271,sitting,0.0205,1.0187,0.0749,0.8750,-3.5000,-0.0700
61901290,sitting,0.0203,1.0175,0.0739,0.8400,-3.5350,-0.1050
61901309,sitting,0.0198,1.0177,0.0744,0.8400,-3.5350,-0.0700
61901328,sitting,0.0195,1.0185,0.0739,0.8400,-3.4650,-0.0700
61901348,sitting,0.0210,1.0175,0.0744,0.8400,-3.5700,-0.0350
61901367,sitting,0.0210,1.0175,0.0739,0.8750,-3.5700,-0.0350
61901386,sitting,0.0200,1.0177,0.0744,0.8050,-3.5000,-0.0700
61901405,sitting,0.0207,1.0177,0.0754,0.8400,-3.5350,-0.0350
61901425,sitting,0.0200,1.0185,0.0747,0.8400,-3.5350,-0.0700
61901444,sitting,0.0198,1.0180,0.0752,0.8750,-3.5350,-0.0700
61901463,sitting,0.0210,1.0180,0.0754,0.8400,-3.4650,-0.0700
61901482,sitting,0.0207,1.0192,0.0739,0.8400,-3.6050,-0.0350
61901502,sitting,0.0217,1.0182,0.0744,0.7700,-3.5700,-0.0350
61901521,sitting,0.0207,1.0177,0.0739,0.8400,-3.5000,-0.0700
61901540,sitting,0.0207,1.0175,0.0742,0.8400,-3.5000,-0.0700
61901559,sitting,0.0212,1.0185,0.0742,0.8400,-3.5700,-0.0350
61901578,sitting,0.0215,1.0180,0.0742,0.8400,-3.5000,-0.0700
61901598,sitting,0.0212,1.0182,0.0747,0.8400,-3.5000,-0.0350
61901617,sitting,0.0212,1.0175,0.0749,0.8400,-3.5700,-0.0700
61901636,sitting,0.0212,1.0177,0.0749,0.8400,-3.5000,-0.0700
61901655,sitting,0.0207,1.0180,0.0744,0.8400,-3.5350,-0.0700
61901675,sitting,0.0203,1.0182,0.0732,0.8750,-3.5700,-0.0700
61901694,sitting,0.0198,1.0175,0.0734,0.8050,-3.5350,-0.0700
61901713,sitting,0.0205,1.0180,0.0744,0.8050,-3.5000,-0.0700
61901732,sitting,0.0200,1.0180,0.0744,0.8400,-3.5700,-0.0350
61901752,sitting,0.0217,1.0180,0.0739,0.8750,-3.5000,-0.0700
61901771,sitting,0.0217,1.0177,0.0737,0.8400,-3.5000,-0.0700
61901790,sitting,0.0198,1.0182,0.0747,0.8750,-3.5700,-0.0700
61901809,sitting,0.0215,1.0170,0.0749,0.8750,-3.5350,-0.0350
61901828,sitting,0.0207,1.0175,0.0754,0.8400,-3.5000,-0.1050
61901848,sitting,0.0210,1.0182,0.0759,0.8400,-3.5000,-0.0700
61901867,sitting,0.0200,1.0182,0.0747,0.8400,-3.5350,-0.0350
61901886,sitting,0.0203,1.0180,0.0752,0.8400,-3.5700,-0.0700
61901905,sitting,0.0205,1.0172,0.0752,0.8050,-3.5000,-0.0700
61901925,sitting,0.0203,1.0182,0.0739,0.8400,-3.5350,-0.0700
61901944,sitting,0.0215,1.0177,0.0754,0.8400,-3.5000,-0.0700
61901963,sitting,0.0210,1.0177,0.0752,0.8400,-3.5700,-0.0350
61901982,sitting,0.0210,1.0182,0.0744,0.8750,-3.5350,-0.0350
61902002,sitting,0.0215,1.0180,0.0744,0.8400,-3.5350,-0.0700
61902021,sitting,0.0210,1.0187,0.0752,0.8400,-3.5000,-0.0700
61902040,sitting,0.0215,1.0177,0.0752,0.8400,-3.5350,-0.0700
61902059,sitting,0.0215,1.0180,0.0752,0.8400,-3.5350,-0.0350
61902078,sitting,0.0212,1.0172,0.0752,0.8400,-3.5350,-0.0350
61902098,sitting,0.0207,1.0185,0.0749,0.8400,-3.5000,-0.0700
61902117,sitting,0.0205,1.0172,0.0747,0.8400,-3.5350,-0.0700
61902136,sitting,0.0198,1.0187,0.0749,0.8400,-3.5350,-0.1050
61902155,sitting,0.0205,1.0180,0.0754,0.8400,-3.5000,-0.1050
61902175,sitting,0.0205,1.0177,0.0752,0.8400,-3.5350,-0.0700
61902194,sitting,0.0212,1.0182,0.0747,0.8400,-3.5700,-0.0700
61902213,sitting,0.0200,1.0182,0.0734,0.8050,-3.5000,-0.0700
61902232,sitting,0.0207,1.0177,0.0752,0.8400,-3.5000,-0.0700
61902252,sitting,0.0207,1.0172,0.0752,0.8400,-3.5700,0.0000
61902271,sitting,0.0212,1.0180,0.0744,0.8750,-3.5700,-0.0700
61902290,sitting,0.0205,1.0192,0.0739,0.8400,-3.5350,-0.0350
61902309,sitting,0.0203,1.0189,0.0742,0.8750,-3.5700,-0.0700
61902328,sitting,0.0207,1.0175,0.0754,0.8400,-3.5700,-0.0700
61902348,sitting,0.0210,1.0187,0.0742,0.8400,-3.5350,-0.0700
61902367,sitting,0.0203,1.0182,0.0747,0.8750,-3.5700,-0.0700
61902386,sitting,0.0210,1.0177,0.0749,0.8750,-3.5700,-0.0350
61902405,sitting,0.0207,1.0182,0.0737,0.8400,-3.5000,-0.0700
61902425,sitting,0.0195,1.0185,0.0754,0.8400,-3.5000,-0.0700
61902444,sitting,0.0210,1.0182,0.0744,0.8050,-3.5350,-0.0700
61902463,sitting,0.0207,1.0182,0.0752,0.8400,-3.5000,-0.1050
61902482,sitting,0.0210,1.0182,0.0742,0.8400,-3.5350,-0.0700
61902502,sitting,0.0210,1.0170,0.0739,0.8400,-3.5350,-0.1050
61902521,sitting,0.0210,1.0180,0.0747,0.8400,-3.5000,-0.0700
61902540,sitting,0.0205,1.0187,0.0739,0.8750,-3.4650,-0.1400
61902559,sitting,0.0217,1.0180,0.0759,0.8400,-3.5350,-0.0700
61902578,sitting,0.0212,1.0189,0.0754,0.8400,-3.5700,-0.0350
61902598,sitting,0.0215,1.0177,0.0742,0.8750,-3.5000,-0.0700
61902617,sitting,0.0200,1.0187,0.0742,0.9100,-3.5700,-0.0700
61902636,sitting,0.0215,1.0172,0.0752,0.9450,-3.5350,-0.0350
61902655,sitting,0.0210,1.0172,0.0739,0.8050,-3.5000,-0.0700
61902675,sitting,0.0210,1.0187,0.0742,0.8400,-3.5000,-0.0700
61902694,sitting,0.0210,1.0180,0.0747,0.8750,-3.5700,-0.1050
61902713,sitting,0.0215,1.0177,0.0752,0.8750,-3.5350,-0.0700
61902732,sitting,0.0207,1.0175,0.0739,0.8400,-3.5000,-0.0350
61902752,sitting,0.0207,1.0177,0.0744,0.8750,-3.5350,-0.0350
61902771,sitting,0.0210,1.0172,0.0744,0.8400,-3.5000,-0.1050
61902790,sitting,0.0200,1.0180,0.0742,0.8050,-3.5000,-0.1050
61902809,sitting,0.0212,1.0175,0.0742,0.8400,-3.5350,-0.0700
61902828,sitting,0.0217,1.0187,0.0742,0.8400,-3.5350,-0.0700
61902848,sitting,0.0210,1.0187,0.0739,0.8750,-3.4650,-0.0700
61902867,sitting,0.0212,1.0185,0.0742,0.8400,-3.5000,-0.0700
61902886,sitting,0.0205,1.0180,0.0749,0.8750,-3.5700,-0.1050
61902905,sitting,0.0193,1.0182,0.0747,0.8400,-3.5000,-0.1050
61902925,sitting,0.0198,1.0180,0.0747,0.8400,-3.5000,-0.0700
61902944,sitting,0.0210,1.0185,0.0749,0.9100,-3.5700,-0.0700
61902963,sitting,0.0203,1.0182,0.0739,0.9100,-3.5700,-0.0700
61902982,sitting,0.0203,1.0187,0.0764,0.8750,-3.5000,-0.0700
61903002,sitting,0.0200,1.0187,0.0761,0.8750,-3.5350,-0.0350
61903021,sitting,0.0203,1.0182,0.0754,0.8400,-3.5350,-0.0700
61903040,sitting,0.0207,1.0182,0.0742,0.8050,-3.5000,-0.1050
61903059,sitting,0.0200,1.0180,0.0739,0.9100,-3.5350,-0.0350
61903078,sitting,0.0212,1.0185,0.0747,0.9100,-3.5700,-0.0700
61903098,sitting,0.0207,1.0180,0.0754,0.8400,-3.5000,-0.0700
61903117,sitting,0.0210,1.0182,0.0734,0.8400,-3.5000,-0.1050
61903136,sitting,0.0203,1.0185,0.0752,0.8750,-3.6050,-0.0700
61903155,sitting,0.0207,1.0182,0.0744,0.8400,-3.5350,-0.0700
61903175,sitting,0.0198,1.0177,0.0742,0.8750,-3.5350,-0.0700
61903194,sitting,0.0210,1.0187,0.0744,0.8400,-3.5700,0.0000
61903213,sitting,0.0207,1.0175,0.0739,0.8750,-3.5350,-0.0700
61903232,sitting,0.0210,1.0175,0.0749,0.8750,-3.5350,-0.0700
61903252,sitting,0.0205,1.0180,0.0737,0.8750,-3.5350,0.0000
61903271,sitting,0.0217,1.0177,0.0739,0.8400,-3.5700,0.0000
61903290,sitting,0.0205,1.0175,0.0742,0.8400,-3.5000,-0.0350
61903309,sitting,0.0200,1.0185,0.0742,0.8400,-3.5000,-0.0700
61903328,sitting,0.0205,1.0180,0.0749,0.8750,-3.5350,-0.1050
61903348,sitting,0.0212,1.0170,0.0742,0.8750,-3.5350,-0.0700
61903367,sitting,0.0207,1.0177,0.0756,0.8400,-3.5350,-0.0700
61903386,sitting,0.0205,1.0185,0.0756,0.8400,-3.5700,-0.0700
61903405,sitting,0.0212,1.0182,0.0744,0.9100,-3.5700,-0.0350
61903425,sitting,0.0205,1.0182,0.0742,0.8050,-3.4650,-0.0700
61903444,sitting,0.0212,1.0182,0.0742,0.9100,-3.5350,-0.0700
61903463,sitting,0.0210,1.0180,0.0742,0.8750,-3.5350,-0.0700
61903482,sitting,0.0207,1.0189,0.0744,0.8050,-3.5000,-0.1400
61903502,sitting,0.0212,1.0189,0.0747,0.8750,-3.5350,-0.0350
61903521,sitting,0.0210,1.0197,0.0734,0.8400,-3.5350,-0.0700
61903540,sitting,0.0203,1.0185,0.0739,0.8750,-3.5350,-0.0700
61903559,sitting,0.0212,1.0180,0.0744,0.8750,-3.5350,-0.1050
61903578,sitting,0.0212,1.0175,0.0739,0.8400,-3.5700,-0.0350
61903598,sitting,0.0210,1.0180,0.0737,0.8400,-3.5000,-0.0700
61903617,sitting,0.0212,1.0182,0.0747,0.8400,-3.5000,-0.1050
61903636,sitting,0.0207,1.0187,0.0752,0.8400,-3.5350,-0.0700
61903655,sitting,0.0200,1.0177,0.0747,0.8400,-3.5350,-0.0350
61903675,sitting,0.0200,1.0180,0.0744,0.7700,-3.5000,-0.1050
61903694,sitting,0.0207,1.0180,0.0737,0.8050,-3.5350,-0.0700
61903713,sitting,0.0207,1.0182,0.0747,0.8750,-3.5700,-0.0700
61903732,sitting,0.0212,1.0182,0.0752,0.8050,-3.5000,-0.0350
61903752,sitting,0.0212,1.0180,0.0752,0.8050,-3.5350,-0.0700
61903771,sitting,0.0203,1.0182,0.0744,0.8750,-3.5700,-0.0700
61903790,sitting,0.0210,1.0177,0.0744,0.8750,-3.5000,0.0000
61903809,sitting,0.0198,1.0189,0.0742,0.8750,-3.4650,-0.0700
61903828,sitting,0.0205,1.0180,0.0742,0.9100,-3.5700,-0.0350
61903848,sitting,0.0205,1.0182,0.0744,0.8400,-3.5700,-0.0700
61903867,sitting,0.0210,1.0182,0.0744,0.8050,-3.5000,-0.1050
61903886,sitting,0.0217,1.0180,0.0732,0.8400,-3.5000,-0.0700
61903905,sitting,0.0207,1.0187,0.0744,0.8400,-3.5350,-0.0700
61903925,sitting,0.0207,1.0182,0.0749,0.8400,-3.5000,-0.0700
61903944,sitting,0.0215,1.0177,0.0749,0.8400,-3.5000,-0.0700
61903963,sitting,0.0200,1.0189,0.0739,0.8750,-3.5350,-0.0350
61903982,sitting,0.0217,1.0175,0.0749,0.8400,-3.5350,-0.1050
61904002,sitting,0.0200,1.0177,0.0742,0.8400,-3.5000,-0.0700
61904021,sitting,0.0200,1.0185,0.0742,0.8400,-3.5000,-0.0700
61904040,sitting,0.0205,1.0182,0.0744,0.8750,-3.5350,-0.0700
61904059,sitting,0.0212,1.0180,0.0737,0.8400,-3.5000,-0.0700
61904078,sitting,0.0207,1.0175,0.0744,0.8400,-3.5350,-0.0700
61904098,sitting,0.0203,1.0180,0.0742,0.8400,-3.5700,-0.1050
61904117,sitting,0.0198,1.0185,0.0752,0.8400,-3.5000,-0.0700
61904136,sitting,0.0205,1.0177,0.0756,0.9100,-3.5000,-0.0700
61904155,sitting,0.0200,1.0172,0.0744,0.8050,-3.5700,-0.0700
61904175,sitting,0.0200,1.0189,0.0752,0.8400,-3.5350,-0.0700
61904194,sitting,0.0215,1.0172,0.0747,0.8400,-3.5000,-0.0700
61904213,sitting,0.0210,1.0180,0.0737,0.8400,-3.5700,-0.0700
61904232,sitting,0.0205,1.0177,0.0744,0.8400,-3.5350,-0.0700
61904252,sitting,0.0200,1.0177,0.0732,0.8400,-3.5000,-0.1050
61904271,sitting,0.0217,1.0180,0.0739,0.9100,-3.5700,-0.0700
61904290,sitting,0.0212,1.0172,0.0747,0.8400,-3.5350,-0.0700
61904309,sitting,0.0205,1.0182,0.0747,0.8400,-3.5000,-0.0350
61904328,sitting,0.0207,1.0177,0.0752,0.8750,-3.5350,-0.0700
61904348,sitting,0.0215,1.0177,0.0739,0.8750,-3.5350,-0.0700
61904367,sitting,0.0212,1.0175,0.0739,0.9100,-3.5000,-0.0700
61904386,sitting,0.0215,1.0177,0.0734,0.8050,-3.4650,-0.0350
61904405,sitting,0.0203,1.0182,0.0739,0.9100,-3.5700,-0.0350
61904425,sitting,0.0207,1.0175,0.0752,0.8400,-3.5000,-0.0700
61904444,sitting,0.0205,1.0182,0.0744,0.8750,-3.5000,-0.0700
61904463,sitting,0.0205,1.0180,0.0749,0.8400,-3.5000,-0.0700
61904482,sitting,0.0217,1.0177,0.0747,0.8400,-3.5700,0.0000
61904502,sitting,0.0220,1.0170,0.0739,0.8750,-3.5350,-0.0350
61904521,sitting,0.0212,1.0175,0.0744,0.8400,-3.5350,-0.0700
61904540,sitting,0.0210,1.0180,0.0754,0.8050,-3.5000,-0.0700
61904559,sitting,0.0207,1.0180,0.0749,0.8050,-3.5350,-0.0350
61904578,sitting,0.0207,1.0182,0.0752,0.8400,-3.5350,-0.0700
61904598,sitting,0.0205,1.0182,0.0747,0.8400,-3.5700,-0.0700
61904617,sitting,0.0207,1.0177,0.0744,0.8050,-3.5000,-0.0700
61904636,sitting,0.0217,1.0180,0.0744,0.8400,-3.5350,-0.0700
61904655,sitting,0.0217,1.0177,0.0749,0.8750,-3.5350,-0.0700
61904675,sitting,0.0203,1.0185,0.0749,0.8400,-3.5350,-0.1050
61904694,sitting,0.0207,1.0180,0.0744,0.8050,-3.5000,-0.0700
61904713,sitting,0.0210,1.0182,0.0739,0.9100,-3.5350,-0.0700
61904732,sitting,0.0210,1.0182,0.0739,0.8750,-3.5000,-0.0700
61904752,sitting,0.0205,1.0185,0.0747,0.8400,-3.5350,-0.0700
61904771,sitting,0.0212,1.0189,0.0749,0.8400,-3.5000,-0.0700
61904790,sitting,0.0207,1.0185,0.0744,0.8750,-3.5350,-0.0700
61904809,sitting,0.0210,1.0189,0.0744,0.8400,-3.5350,-0.0700
61904828,sitting,0.0207,1.0185,0.0749,0.8400,-3.5000,-0.1050
61904848,sitting,0.0215,1.0170,0.0747,0.9100,-3.5700,-0.1050
61904867,sitting,0.0210,1.0180,0.0744,0.8400,-3.5350,-0.0700
61904886,sitting,0.0215,1.0175,0.0739,0.8050,-3.5000,-0.1050
61904905,sitting,0.0215,1.0182,0.0749,0.8750,-3.5000,-0.0700
61904925,sitting,0.0207,1.0180,0.0752,0.8750,-3.5350,-0.1050
61904944,sitting,0.0203,1.0167,0.0737,0.8400,-3.5350,-0.0700
61904963,sitting,0.0200,1.0180,0.0744,0.8400,-3.5350,-0.0350
61904982,sitting,0.0205,1.0187,0.0754,0.8750,-3.5350,-0.0700
61905002,sitting,0.0205,1.0182,0.0742,0.8750,-3.5000,-0.0700
61905021,sitting,0.0205,1.0180,0.0742,0.8400,-3.5350,-0.1050
61905040,sitting,0.0203,1.0177,0.0742,0.8750,-3.5700,-0.0350
61905059,sitting,0.0203,1.0177,0.0747,0.8400,-3.5350,-0.0350
61905078,sitting,0.0212,1.0182,0.0737,0.8400,-3.5350,-0.0700
61905098,sitting,0.0207,1.0170,0.0747,0.8750,-3.5350,-0.0700
61905117,sitting,0.0207,1.0175,0.0749,0.9100,-3.5350,-0.0350
61905136,sitting,0.0207,1.0182,0.0742,0.8400,-3.5000,-0.0700
61905155,sitting,0.0205,1.0187,0.0744,0.8750,-3.5000,-0.0700
61905175,sitting,0.0210,1.0175,0.0739,0.8750,-3.5350,-0.0700
61905194,sitting,0.0210,1.0180,0.0747,0.8400,-3.5000,-0.0700
61905213,sitting,0.0205,1.0175,0.0744,0.8400,-3.5350,-0.0700
61905232,sitting,0.0215,1.0170,0.0734,0.8750,-3.5350,0.0000
61905252,sitting,0.0210,1.0175,0.0742,0.8400,-3.5000,-0.1050
61905271,sitting,0.0210,1.0172,0.0744,0.8400,-3.4650,-0.1050
61905290,sitting,0.0210,1.0175,0.0744,0.8400,-3.5350,-0.0700
61905309,sitting,0.0205,1.0182,0.0747,0.8050,-3.5350,-0.0700
61905328,sitting,0.0207,1.0175,0.0734,0.7700,-3.4650,-0.1050
61905348,sitting,0.0203,1.0177,0.0749,0.8750,-3.5000,-0.1050
61905367,sitting,0.0210,1.0187,0.0742,0.8750,-3.5700,-0.0700
61905386,sitting,0.0212,1.0187,0.0739,0.8400,-3.5000,-0.0700
61905405,sitting,0.0207,1.0185,0.0747,0.8400,-3.5000,-0.0700
61905425,sitting,0.0207,1.0185,0.0739,0.8750,-3.5700,-0.0700
61905444,sitting,0.0203,1.0175,0.0744,0.8050,-3.5000,0.0000
61905463,sitting,0.0203,1.0177,0.0749,0.8050,-3.5000,-0.0700
61905482,sitting,0.0200,1.0185,0.0739,0.8400,-3.5700,-0.0700
61905502,sitting,0.0203,1.0177,0.0752,0.8050,-3.5350,-0.0700
61905521,sitting,0.0205,1.0172,0.0749,0.8050,-3.5000,-0.0700
61905540,sitting,0.0210,1.0180,0.0747,0.8750,-3.5700,-0.0350
61905559,sitting,0.0212,1.0177,0.0752,0.8750,-3.5350,-0.0700
61905578,sitting,0.0205,1.0180,0.0737,0.8400,-3.5000,-0.1050
61905598,sitting,0.0212,1.0185,0.0747,0.8750,-3.5350,-0.0700
61905617,sitting,0.0198,1.0182,0.0747,0.8050,-3.5350,-0.0700
61905636,sitting,0.0210,1.0177,0.0752,0.8400,-3.4650,-0.0700
61905655,sitting,0.0210,1.0180,0.0747,0.8400,-3.5350,-0.0350
61905675,sitting,0.0205,1.0170,0.0749,0.8750,-3.5700,-0.0350
61905694,sitting,0.0210,1.0180,0.0739,0.8750,-3.5700,-0.0700
61905713,sitting,0.0220,1.0177,0.0744,0.8050,-3.5000,-0.1400
61905732,sitting,0.0210,1.0177,0.0744,0.8400,-3.5350,-0.1050
61905752,sitting,0.0205,1.0175,0.0749,0.8750,-3.5700,-0.0700
61905771,sitting,0.0207,1.0175,0.0742,0.8750,-3.5350,-0.0700
61905790,sitting,0.0207,1.0175,0.0747,0.8750,-3.5350,-0.0700
61905809,sitting,0.0210,1.0187,0.0744,0.8750,-3.5350,-0.0700
61905828,sitting,0.0205,1.0172,0.0742,0.8750,-3.5000,-0.0700
61905848,sitting,0.0200,1.0177,0.0744,0.8400,-3.5350,-0.0350
61905867,sitting,0.0212,1.0182,0.0752,0.8400,-3.5350,-0.0350
61905886,sitting,0.0210,1.0175,0.0752,0.8400,-3.5000,-0.0700
61905905,sitting,0.0205,1.0172,0.0749,0.7700,-3.4650,-0.0700
61905925,sitting,0.0203,1.0172,0.0737,0.8400,-3.5700,-0.0700
61905944,sitting,0.0210,1.0177,0.0737,0.8400,-3.5000,-0.0700
61905963,sitting,0.0205,1.0172,0.0747,0.8400,-3.5000,-0.1050
61905982,sitting,0.0207,1.0180,0.0739,0.8400,-3.5350,-0.0700
61906002,sitting,0.0207,1.0185,0.0742,0.8400,-3.5350,-0.1050
61906021,sitting,0.0203,1.0175,0.0742,0.8400,-3.5000,-0.0700
61906040,sitting,0.0205,1.0182,0.0752,0.8400,-3.5000,-0.0700
61906059,sitting,0.0205,1.0180,0.0734,0.8750,-3.5700,-0.0700
61906078,sitting,0.0203,1.0175,0.0739,0.8400,-3.5700,-0.0700
61906098,sitting,0.0203,1.0175,0.0754,0.8050,-3.5000,-0.0700
61906117,sitting,0.0203,1.0175,0.0747,0.8400,-3.4650,-0.0350
61906136,sitting,0.0210,1.0172,0.0737,0.8400,-3.5350,-0.0700
61906155,sitting,0.0205,1.0172,0.0742,0.8050,-3.5000,-0.0700
61906175,sitting,0.0220,1.0180,0.0734,0.8400,-3.5000,-0.0350
61906194,sitting,0.0215,1.0180,0.0737,0.8750,-3.5000,-0.0700
61906213,sitting,0.0215,1.0177,0.0756,0.8750,-3.5350,-0.0700
61906232,sitting,0.0205,1.0185,0.0734,0.8400,-3.5000,-0.0700
61906252,sitting,0.0212,1.0182,0.0754,0.8750,-3.5700,-0.0700
61906271,sitting,0.0210,1.0180,0.0739,0.8400,-3.5350,-0.1050
61906290,sitting,0.0210,1.0194,0.0747,0.8050,-3.5000,-0.0700
61906309,sitting,0.0210,1.0187,0.0744,0.8750,-3.5700,-0.0700
61906328,sitting,0.0217,1.0172,0.0754,0.8400,-3.5350,-0.0700
61906348,sitting,0.0207,1.0180,0.0754,0.8050,-3.4650,-0.1050
61906367,sitting,0.0203,1.0187,0.0747,0.8400,-3.5700,-0.0700
61906386,sitting,0.0212,1.0182,0.0732,0.8400,-3.5000,-0.0700
61906405,sitting,0.0200,1.0182,0.0739,0.8050,-3.5000,-0.0700
61906425,sitting,0.0203,1.0177,0.0742,0.8400,-3.5000,-0.0700
61906444,sitting,0.0212,1.0177,0.0742,0.8400,-3.5000,-0.0700
61906463,sitting,0.0212,1.0187,0.0744,0.8400,-3.5350,-0.0700
61906482,sitting,0.0207,1.0185,0.0742,0.8400,-3.5000,-0.1050
61906502,sitting,0.0200,1.0180,0.0747,0.8400,-3.5350,-0.0700
61906521,sitting,0.0207,1.0172,0.0749,0.8750,-3.5350,-0.1050
61906540,sitting,0.0200,1.0175,0.0747,0.8400,-3.5000,-0.0700
61906559,sitting,0.0207,1.0172,0.0742,0.8400,-3.5350,-0.0700
61906578,sitting,0.0203,1.0185,0.0744,0.8400,-3.5350,-0.0700
61906598,sitting,0.0205,1.0175,0.0747,0.8400,-3.5000,-0.0700
61906617,sitting,0.0195,1.0172,0.0744,0.8750,-3.5350,-0.1050
61906636,sitting,0.0200,1.0172,0.0754,0.8750,-3.6050,-0.1050
61906655,sitting,0.0217,1.0182,0.0747,0.8400,-3.5000,-0.0700
61906675,sitting,0.0207,1.0167,0.0737,0.8750,-3.5350,-0.0350
61906694,sitting,0.0215,1.0180,0.0754,0.9100,-3.5700,-0.0350
61906713,sitting,0.0203,1.0177,0.0749,0.8750,-3.5000,-0.0700
61906732,sitting,0.0198,1.0180,0.0744,0.8400,-3.5000,-0.0700
61906752,sitting,0.0205,1.0177,0.0744,0.8750,-3.5000,-0.0700
61906771,sitting,0.0207,1.0177,0.0744,0.8750,-3.5350,-0.0700
61906790,sitting,0.0203,1.0175,0.0752,0.8400,-3.5000,-0.0700
61906809,sitting,0.0220,1.0182,0.0747,0.8750,-3.5350,-0.1050
61906828,sitting,0.0203,1.0185,0.0744,0.8400,-3.5000,-0.0700
61906848,sitting,0.0210,1.0185,0.0742,0.8400,-3.5000,-0.0700
61906867,sitting,0.0205,1.0182,0.0749,0.8750,-3.5000,-0.0700
61906886,sitting,0.0212,1.0182,0.0752,0.8400,-3.5000,-0.0700
61906905,sitting,0.0205,1.0180,0.0749,0.8400,-3.5350,-0.0700
61906925,sitting,0.0212,1.0180,0.0744,0.8400,-3.5000,-0.0700
61906944,sitting,0.0200,1.0187,0.0749,0.8050,-3.5350,-0.0700
61906963,sitting,0.0205,1.0187,0.0742,0.8050,-3.5350,-0.0350
61906982,sitting,0.0205,1.0177,0.0742,0.8050,-3.5000,-0.0700
61907002,sitting,0.0210,1.0182,0.0739,0.8750,-3.5350,-0.0350
61907021,sitting,0.0207,1.0180,0.0744,0.8750,-3.5350,-0.0350
61907040,sitting,0.0215,1.0180,0.0749,0.8400,-3.4650,-0.0700
61907059,sitting,0.0215,1.0177,0.0742,0.8400,-3.5350,-0.0700
61907078,sitting,0.0210,1.0177,0.0737,0.8750,-3.5700,-0.0700
61907098,sitting,0.0215,1.0180,0.0737,0.8400,-3.5350,-0.0700
61907117,sitting,0.0210,1.0187,0.0742,0.8400,-3.5000,-0.0700
61907136,sitting,0.0203,1.0177,0.0742,0.8750,-3.5350,-0.0700
61907155,sitting,0.0207,1.0182,0.0754,0.8750,-3.5000,-0.0700
61907175,sitting,0.0207,1.0177,0.0747,0.8750,-3.5350,-0.0700
61907194,sitting,0.0205,1.0175,0.0739,0.8400,-3.5000,-0.0700
61907213,sitting,0.0203,1.0172,0.0734,0.8400,-3.5350,-0.0700
61907232,sitting,0.0193,1.0187,0.0742,0.8400,-3.5000,-0.0700
61907252,sitting,0.0210,1.0182,0.0749,0.9100,-3.5350,0.0000
61907271,sitting,0.0200,1.0185,0.0747,0.8750,-3.5700,-0.0350
61907290,sitting,0.0203,1.0185,0.0744,0.8750,-3.4650,-0.0700
61907309,sitting,0.0207,1.0177,0.0739,0.8750,-3.5000,-0.1050
61907328,sitting,0.0207,1.0165,0.0739,0.8750,-3.5700,-0.0700
61907348,sitting,0.0210,1.0180,0.0730,0.8400,-3.5350,0.0000
61907367,sitting,0.0210,1.0180,0.0747,0.8400,-3.5350,-0.0700
61907386,sitting,0.0210,1.0182,0.0749,0.8400,-3.5700,-0.0350
61907405,sitting,0.0200,1.0167,0.0742,0.8400,-3.5700,-0.0350
61907425,sitting,0.0207,1.0182,0.0737,0.8400,-3.5350,-0.0350
61907444,sitting,0.0207,1.0175,0.0742,0.8400,-3.5350,-0.0700
61907463,sitting,0.0210,1.0177,0.0754,0.8400,-3.5700,-0.1050
61907482,sitting,0.0207,1.0182,0.0754,0.8400,-3.5700,-0.0700
61907502,sitting,0.0207,1.0182,0.0739,0.8400,-3.5350,-0.0350
61907521,sitting,0.0217,1.0185,0.0747,0.8400,-3.5700,-0.0700
61907540,sitting,0.0212,1.0182,0.0749,0.8750,-3.5350,-0.0700
61907559,sitting,0.0207,1.0180,0.0742,0.8400,-3.5000,-0.0700
61907578,sitting,0.0198,1.0182,0.0737,0.8750,-3.5700,-0.0700
61907598,sitting,0.0207,1.0185,0.0737,0.8400,-3.5700,-0.0700
61907617,sitting,0.0203,1.0185,0.0737,0.8050,-3.5000,-0.1400
61907636,sitting,0.0195,1.0177,0.0744,0.8400,-3.5700,-0.0700
61907655,sitting,0.0193,1.0177,0.0747,0.8400,-3.5350,-0.0700
61907675,sitting,0.0205,1.0180,0.0754,0.8400,-3.5000,-0.0700
61907694,sitting,0.0210,1.0177,0.0752,0.8400,-3.5700,-0.0700
61907713,sitting,0.0212,1.0182,0.0744,0.8400,-3.5700,-0.0700
61907732,sitting,0.0215,1.0177,0.0737,0.8050,-3.5350,-0.0700
61907752,sitting,0.0205,1.0177,0.0734,0.8050,-3.5000,-0.0700
61907771,sitting,0.0207,1.0177,0.0734,0.8750,-3.5000,-0.1050
61907790,sitting,0.0198,1.0180,0.0742,0.8750,-3.5350,-0.0350
61907809,sitting,0.0205,1.0180,0.0744,0.8400,-3.5350,-0.0700
61907828,sitting,0.0220,1.0185,0.0747,0.8750,-3.5700,-0.0700
61907848,sitting,0.0210,1.0185,0.0744,0.9100,-3.5350,-0.0700
61907867,sitting,0.0212,1.0187,0.0739,0.8400,-3.5350,-0.0350
61907886,sitting,0.0212,1.0185,0.0749,0.8050,-3.5350,-0.0700
61907905,sitting,0.0200,1.0185,0.0747,0.8750,-3.5700,-0.0700
61907925,sitting,0.0203,1.0180,0.0744,0.8050,-3.5350,-0.0700
61907944,sitting,0.0210,1.0182,0.0744,0.8750,-3.5350,-0.0700
61907963,sitting,0.0198,1.0180,0.0752,0.8400,-3.5350,-0.0700
61907982,sitting,0.0198,1.0175,0.0744,0.8750,-3.5000,-0.0700
61908002,sitting,0.0207,1.0175,0.0747,0.9100,-3.5000,-0.0700
61908021,sitting,0.0205,1.0167,0.0744,0.8750,-3.5700,-0.0700
61908040,sitting,0.0217,1.0175,0.0747,0.8750,-3.5350,-0.0700
61908059,sitting,0.0220,1.0185,0.0744,0.8400,-3.4650,-0.0700
61908078,sitting,0.0205,1.0177,0.0749,0.8750,-3.5350,-0.0700
61908098,sitting,0.0198,1.0185,0.0749,0.8400,-3.5700,-0.0700
61908117,sitting,0.0205,1.0182,0.0732,0.8400,-3.5000,-0.0700
61908136,sitting,0.0215,1.0175,0.0725,0.8400,-3.5350,-0.0700
61908155,sitting,0.0220,1.0177,0.0742,0.8750,-3.5350,-0.1050
61908175,sitting,0.0212,1.0180,0.0749,0.8400,-3.5350,-0.0700
61908194,sitting,0.0222,1.0189,0.0744,0.8050,-3.5000,-0.0700
61908213,sitting,0.0215,1.0177,0.0739,0.8400,-3.5350,-0.0700
61908232,sitting,0.0205,1.0175,0.0747,0.8050,-3.5000,-0.1050
61908252,sitting,0.0217,1.0172,0.0744,0.8400,-3.5000,-0.0700
61908271,sitting,0.0217,1.0177,0.0749,0.8750,-3.5350,-0.0700
61908290,sitting,0.0212,1.0172,0.0744,0.8750,-3.5350,-0.0700
61908309,sitting,0.0212,1.0175,0.0749,0.8400,-3.5000,-0.0700
61908328,sitting,0.0205,1.0185,0.0747,0.8750,-3.5700,0.0000
61908348,sitting,0.0205,1.0177,0.0734,0.8400,-3.5350,-0.0700
61908367,sitting,0.0203,1.0185,0.0744,0.8750,-3.5700,-0.0350
61908386,sitting,0.0205,1.0177,0.0742,0.8400,-3.5350,-0.1050
61908405,sitting,0.0205,1.0177,0.0752,0.8400,-3.5350,-0.0700
61908425,sitting,0.0205,1.0177,0.0747,0.8750,-3.5700,-0.0700
61908444,sitting,0.0203,1.0177,0.0747,0.9100,-3.5000,-0.0350
61908463,sitting,0.0210,1.0187,0.0744,0.8750,-3.5000,-0.0700
61908482,sitting,0.0215,1.0180,0.0742,0.8750,-3.5350,-0.0700
61908502,sitting,0.0215,1.0182,0.0747,0.8400,-3.5000,-0.0700
61908521,sitting,0.0210,1.0175,0.0734,0.9100,-3.5350,-0.0350
61908540,sitting,0.0215,1.0189,0.0739,0.8400,-3.5000,-0.0700
61908559,sitting,0.0207,1.0185,0.0752,0.8400,-3.5000,-0.0700
61908578,sitting,0.0203,1.0187,0.0734,0.8400,-3.4650,-0.0700
61908598,sitting,0.0210,1.0182,0.0744,0.9100,-3.5000,-0.0700
61908617,sitting,0.0212,1.0185,0.0739,0.8400,-3.5350,-0.0350
61908636,sitting,0.0203,1.0182,0.0747,0.8400,-3.5000,-0.0700
61908655,sitting,0.0210,1.0180,0.0749,0.8750,-3.5700,-0.0700
61908675,sitting,0.0215,1.0177,0.0747,0.8400,-3.5700,-0.0700
61908694,sitting,0.0212,1.0185,0.0749,0.7700,-3.5350,-0.0700
61908713,sitting,0.0215,1.0185,0.0747,0.8400,-3.5000,-0.0700
61908732,sitting,0.0215,1.0182,0.0737,0.8750,-3.5700,0.0000
61908752,sitting,0.0212,1.0175,0.0742,0.8400,-3.5000,-0.0700
61908771,sitting,0.0215,1.0177,0.0749,0.8400,-3.5000,-0.0700
61908790,sitting,0.0210,1.0177,0.0742,0.8750,-3.6050,-0.0700
61908809,sitting,0.0212,1.0177,0.0739,0.8400,-3.5350,-0.0350
61908828,sitting,0.0203,1.0182,0.0747,0.8400,-3.5000,-0.0700
61908848,sitting,0.0207,1.0172,0.0742,0.8750,-3.5350,-0.0350
61908867,sitting,0.0207,1.0170,0.0747,0.8750,-3.5350,-0.0700
61908886,sitting,0.0215,1.0172,0.0737,0.8400,-3.5350,-0.0700
61908905,sitting,0.0207,1.0177,0.0747,0.9100,-3.5700,-0.0700
61908925,sitting,0.0212,1.0175,0.0744,0.8400,-3.5000,-0.0700
61908944,sitting,0.0198,1.0180,0.0744,0.8750,-3.5000,-0.0350
61908963,sitting,0.0205,1.0172,0.0747,0.8400,-3.5350,-0.0700
61908982,sitting,0.0210,1.0172,0.0739,0.8400,-3.5350,-0.0700
61909002,sitting,0.0205,1.0185,0.0752,0.8750,-3.5000,-0.0700
61909021,sitting,0.0210,1.0172,0.0747,0.8750,-3.5000,0.0000
61909040,sitting,0.0205,1.0182,0.0744,0.8750,-3.5700,-0.0700
61909059,sitting,0.0195,1.0175,0.0739,0.8400,-3.5350,-0.0700
61909078,sitting,0.0200,1.0180,0.0749,0.8400,-3.5000,-0.0700
61909098,sitting,0.0200,1.0182,0.0747,0.8400,-3.5350,-0.0350
61909117,sitting,0.0205,1.0182,0.0742,0.8400,-3.5700,-0.0700
61909136,sitting,0.0210,1.0177,0.0742,0.8400,-3.5000,-0.0700
61909155,sitting,0.0215,1.0185,0.0744,0.8400,-3.5350,-0.1050
61909175,sitting,0.0207,1.0180,0.0739,0.8400,-3.5700,-0.0700
61909194,sitting,0.0203,1.0175,0.0744,0.8400,-3.5000,-0.0700
61909213,sitting,0.0198,1.0182,0.0747,0.8400,-3.5000,-0.1400
61909232,sitting,0.0207,1.0175,0.0749,0.8750,-3.5350,-0.0700
61909252,sitting,0.0207,1.0180,0.0739,0.8750,-3.5350,-0.0700
61909271,sitting,0.0207,1.0182,0.0744,0.8400,-3.5000,-0.1400
61909290,sitting,0.0207,1.0177,0.0742,0.8750,-3.5000,-0.0700
61909309,sitting,0.0207,1.0175,0.0732,0.8400,-3.5350,-0.0700
61909328,sitting,0.0203,1.0170,0.0754,0.8050,-3.4650,-0.0700
61909348,sitting,0.0207,1.0182,0.0749,0.8400,-3.5000,0.0000
61909367,sitting,0.0207,1.0185,0.0752,0.8400,-3.5350,-0.0350
61909386,sitting,0.0217,1.0187,0.0749,0.8750,-3.5350,-0.0350
61909405,sitting,0.0220,1.0189,0.0747,0.8400,-3.5350,-0.1050
61909425,sitting,0.0212,1.0185,0.0759,0.8750,-3.5350,-0.0350
61909444,sitting,0.0210,1.0180,0.0744,0.8750,-3.5000,-0.0700
61909463,sitting,0.0220,1.0189,0.0747,0.8400,-3.5000,-0.0700
61909482,sitting,0.0220,1.0177,0.0737,0.8750,-3.5700,-0.0700
61909502,sitting,0.0215,1.0175,0.0754,0.8750,-3.5000,-0.0700
61909521,sitting,0.0198,1.0180,0.0759,0.8400,-3.5350,-0.1050
61909540,sitting,0.0207,1.0177,0.0752,0.8400,-3.5350,-0.0700
61909559,sitting,0.0207,1.0182,0.0747,0.8400,-3.5350,-0.0700
61909578,sitting,0.0210,1.0180,0.0752,0.8050,-3.4650,-0.1050
61909598,sitting,0.0210,1.0180,0.0737,0.8750,-3.5350,-0.0700
61909617,sitting,0.0200,1.0177,0.0752,0.8750,-3.5700,-0.0700
61909636,sitting,0.0210,1.0177,0.0749,0.8750,-3.5700,-0.0700
61909655,sitting,0.0212,1.0187,0.0737,0.8400,-3.5000,-0.0700
61909675,sitting,0.0207,1.0187,0.0734,0.8750,-3.5700,-0.0700
61909694,sitting,0.0207,1.0175,0.0742,0.8400,-3.5000,-0.0700
61909713,sitting,0.0215,1.0180,0.0744,0.8050,-3.5000,-0.0700
61909732,sitting,0.0210,1.0182,0.0749,0.8400,-3.5350,-0.0700
61909752,sitting,0.0207,1.0172,0.0734,0.8750,-3.5350,0.0000
61909771,sitting,0.0217,1.0182,0.0739,0.8400,-3.5000,-0.0700
61909790,sitting,0.0200,1.0175,0.0752,0.8400,-3.5000,-0.0700
61909809,sitting,0.0207,1.0182,0.0742,0.8750,-3.5700,-0.0700
61909828,sitting,0.0205,1.0182,0.0737,0.8750,-3.5000,-0.0700
61909848,sitting,0.0205,1.0177,0.0747,0.8400,-3.5000,-0.0350
61909867,sitting,0.0217,1.0180,0.0734,0.8400,-3.5700,-0.0700
61909886,sitting,0.0207,1.0185,0.0752,0.8400,-3.5000,-0.0700
61909905,sitting,0.0205,1.0189,0.0739,0.8400,-3.5000,-0.1050
61909925,sitting,0.0212,1.0177,0.0739,0.8400,-3.5350,-0.0700
61909944,sitting,0.0207,1.0180,0.0737,0.8400,-3.5350,-0.0700
61909963,sitting,0.0207,1.0180,0.0742,0.8050,-3.5000,-0.0700
61909982,sitting,0.0210,1.0172,0.0749,0.8400,-3.5700,-0.0700
61910002,sitting,0.0207,1.0177,0.0744,0.8400,-3.5700,-0.0700
61910021,sitting,0.0210,1.0177,0.0747,0.8050,-3.5350,-0.0700
61910040,sitting,0.0207,1.0170,0.0734,0.8400,-3.5000,-0.0700
61910059,sitting,0.0207,1.0172,0.0744,0.8750,-3.5350,-0.0700
61910078,sitting,0.0205,1.0170,0.0749,0.8050,-3.5000,-0.0700
61910098,sitting,0.0203,1.0182,0.0739,0.8050,-3.4650,-0.0700
61910117,sitting,0.0215,1.0182,0.0744,0.8400,-3.5350,-0.0350
61910136,sitting,0.0212,1.0185,0.0756,0.8400,-3.5350,-0.0700
61910155,sitting,0.0207,1.0175,0.0734,0.8400,-3.5000,-0.1050
61910175,sitting,0.0210,1.0182,0.0742,0.8750,-3.5350,-0.0700
61910194,sitting,0.0212,1.0180,0.0739,0.9100,-3.5000,-0.0350
61910213,sitting,0.0207,1.0177,0.0739,0.8400,-3.5000,-0.0700
61910232,sitting,0.0205,1.0172,0.0742,0.8400,-3.5350,-0.0350
61910252,sitting,0.0217,1.0187,0.0739,0.8750,-3.5700,-0.0350
61910271,sitting,0.0217,1.0177,0.0744,0.8400,-3.5000,-0.1050
61910290,sitting,0.0207,1.0170,0.0749,0.8400,-3.5000,-0.0350
61910309,sitting,0.0207,1.0180,0.0742,0.8050,-3.5350,-0.0350
61910328,sitting,0.0210,1.0175,0.0754,0.8400,-3.5350,-0.1400
61910348,sitting,0.0207,1.0182,0.0754,0.8400,-3.4650,-0.0700
61910367,sitting,0.0210,1.0182,0.0742,0.8400,-3.5350,-0.0700
61910386,sitting,0.0205,1.0182,0.0747,0.8400,-3.5700,-0.0700
61910405,sitting,0.0210,1.0185,0.0744,0.8400,-3.5350,-0.0350
61910425,sitting,0.0203,1.0175,0.0754,0.8400,-3.5350,-0.0700
61910444,sitting,0.0210,1.0177,0.0749,0.8400,-3.5350,-0.0700
61910463,sitting,0.0212,1.0185,0.0742,0.8750,-3.4650,-0.0700
61910482,sitting,0.0207,1.0177,0.0749,0.8750,-3.4300,-0.1050
61910502,sitting,0.0210,1.0182,0.0749,0.9100,-3.5700,-0.0350
61910521,sitting,0.0203,1.0177,0.0739,0.8400,-3.5350,-0.0700
61910540,sitting,0.0210,1.0175,0.0744,0.8400,-3.5000,-0.0700
61910559,sitting,0.0215,1.0177,0.0756,0.8400,-3.5350,-0.0700
61910578,sitting,0.0212,1.0177,0.0744,0.8750,-3.5350,-0.0700
61910598,sitting,0.0205,1.0180,0.0737,0.8400,-3.5000,-0.0700
61910617,sitting,0.0203,1.0185,0.0749,0.8400,-3.5700,-0.0700
61910636,sitting,0.0215,1.0185,0.0747,0.8400,-3.5000,-0.0700
61910655,sitting,0.0210,1.0185,0.0744,0.8750,-3.5350,-0.0350
61910675,sitting,0.0215,1.0182,0.0754,0.8400,-3.5000,-0.0700
61910694,sitting,0.0207,1.0180,0.0744,0.8400,-3.5700,-0.0700
61910713,sitting,0.0205,1.0177,0.0744,0.8750,-3.5350,-0.0700
61910732,sitting,0.0215,1.0180,0.0744,0.8050,-3.5000,-0.0700
61910752,sitting,0.0205,1.0182,0.0747,0.8400,-3.5700,-0.0700
61910771,sitting,0.0207,1.0175,0.0739,0.8750,-3.5350,-0.1050
61910790,sitting,0.0212,1.0177,0.0742,0.8400,-3.4650,-0.0700
61910809,sitting,0.0203,1.0175,0.0742,0.8750,-3.5350,-0.0700
61910828,sitting,0.0200,1.0172,0.0737,0.8750,-3.5700,-0.0700
61910848,sitting,0.0207,1.0180,0.0747,0.8050,-3.4650,-0.0700
61910867,sitting,0.0210,1.0192,0.0749,0.8400,-3.5000,-0.0700
61910886,sitting,0.0212,1.0180,0.0752,0.9100,-3.5700,-0.0700
61910905,sitting,0.0215,1.0180,0.0747,0.8400,-3.5350,-0.1050
61910925,sitting,0.0212,1.0187,0.0739,0.8400,-3.5350,-0.0350
61910944,sitting,0.0215,1.0175,0.0734,0.8750,-3.5700,-0.0700
61910963,sitting,0.0224,1.0177,0.0752,0.8400,-3.5000,-0.0350
61910982,sitting,0.0207,1.0177,0.0744,0.8400,-3.5000,-0.0700
61911002,sitting,0.0207,1.0175,0.0739,0.9100,-3.5000,-0.0350
61911021,sitting,0.0205,1.0180,0.0749,0.8750,-3.5000,-0.0700
61911040,sitting,0.0212,1.0170,0.0744,0.8050,-3.5000,-0.1400
61911059,sitting,0.0207,1.0170,0.0732,0.8750,-3.5000,-0.0700
61911078,sitting,0.0207,1.0180,0.0744,0.8400,-3.5700,-0.0700
61911098,sitting,0.0207,1.0187,0.0759,0.8400,-3.5000,-0.1050
61911117,sitting,0.0210,1.0177,0.0744,0.8400,-3.5000,-0.1050
61911136,sitting,0.0203,1.0180,0.0747,0.8050,-3.5350,-0.0700
61911155,sitting,0.0212,1.0172,0.0744,0.8400,-3.5350,-0.0700
61911175,sitting,0.0212,1.0177,0.0739,0.8400,-3.5000,-0.0700
61911194,sitting,0.0207,1.0180,0.0739,0.8400,-3.5350,-0.0700
61911213,sitting,0.0215,1.0175,0.0737,0.9100,-3.5700,-0.0700
61911232,sitting,0.0207,1.0172,0.0749,0.8750,-3.5700,-0.0350
61911252,sitting,0.0203,1.0182,0.0737,0.8050,-3.5000,-0.1050
61911271,sitting,0.0203,1.0182,0.0742,0.8400,-3.5000,-0.0700
61911290,sitting,0.0210,1.0177,0.0747,0.8400,-3.5000,-0.0700
61911309,sitting,0.0212,1.0180,0.0744,0.8400,-3.5350,-0.0700
61911328,sitting,0.0215,1.0185,0.0742,0.8750,-3.5700,-0.0700
61911348,sitting,0.0205,1.0177,0.0744,0.8400,-3.4650,-0.1050
61911367,sitting,0.0210,1.0182,0.0747,0.8400,-3.4650,-0.1400
61911386,sitting,0.0207,1.0177,0.0737,0.9100,-3.5350,-0.0350
61911405,sitting,0.0205,1.0180,0.0744,0.8750,-3.5000,-0.0700
61911425,sitting,0.0203,1.0180,0.0749,0.8400,-3.5350,-0.1050
61911444,sitting,0.0210,1.0180,0.0739,0.8400,-3.5700,-0.0350
61911463,sitting,0.0212,1.0177,0.0744,0.8750,-3.5700,-0.0350
61911482,sitting,0.0210,1.0180,0.0747,0.8750,-3.5000,-0.0700
61911502,sitting,0.0198,1.0177,0.0737,0.8400,-3.4650,-0.0700
61911521,sitting,0.0212,1.0180,0.0754,0.8400,-3.5700,-0.0700
61911540,sitting,0.0200,1.0175,0.0744,0.8750,-3.5000,-0.1050
61911559,sitting,0.0203,1.0180,0.0737,0.8400,-3.5350,-0.0700
61911578,sitting,0.0205,1.0185,0.0747,0.8400,-3.5350,-0.0700
61911598,sitting,0.0212,1.0182,0.0734,0.8750,-3.5350,-0.0700
61911617,sitting,0.0210,1.0185,0.0737,0.8750,-3.5350,-0.0700
61911636,sitting,0.0212,1.0177,0.0742,0.8400,-3.5000,-0.0700
61911655,sitting,0.0215,1.0182,0.0749,0.8400,-3.5350,-0.0700
61911675,sitting,0.0212,1.0177,0.0747,0.8050,-3.5350,-0.0700
61911694,sitting,0.0207,1.0182,0.0752,0.8750,-3.5000,-0.0700
61911713,sitting,0.0207,1.0172,0.0734,0.8400,-3.5350,-0.0350
61911732,sitting,0.0207,1.0172,0.0754,0.8400,-3.5350,-0.0700
61911752,sitting,0.0205,1.0182,0.0749,0.8400,-3.5000,-0.0700
61911771,sitting,0.0205,1.0185,0.0747,0.8750,-3.5700,-0.0700
61911790,sitting,0.0212,1.0187,0.0742,0.8400,-3.5700,-0.0700
61911809,sitting,0.0215,1.0189,0.0747,0.8400,-3.5000,-0.0700
61911828,sitting,0.0210,1.0189,0.0747,0.8400,-3.5000,-0.0700
61911848,sitting,0.0210,1.0175,0.0749,0.8750,-3.5350,-0.0700
61911867,sitting,0.0212,1.0182,0.0744,0.8400,-3.5000,-0.0700
61911886,sitting,0.0212,1.0180,0.0744,0.8400,-3.5000,-0.1050
61911905,sitting,0.0210,1.0182,0.0742,0.8750,-3.5700,-0.0350
61911925,sitting,0.0203,1.0180,0.0744,0.8750,-3.5000,-0.0350
61911944,sitting,0.0203,1.0177,0.0739,0.8750,-3.5000,-0.1050
61911963,sitting,0.0212,1.0165,0.0754,0.8750,-3.5000,-0.0700
61911982,sitting,0.0203,1.0172,0.0759,0.8750,-3.5000,-0.0700
61912002,sitting,0.0207,1.0180,0.0749,0.8050,-3.5000,-0.1050
61912021,sitting,0.0205,1.0175,0.0742,0.8750,-3.5700,-0.0700
61912040,sitting,0.0200,1.0175,0.0744,0.8400,-3.5000,-0.0700
61912059,sitting,0.0207,1.0170,0.0744,0.8400,-3.4650,-0.0700
61912078,sitting,0.0217,1.0175,0.0744,0.8400,-3.5000,-0.0700
61912098,sitting,0.0212,1.0180,0.0747,0.8750,-3.5700,0.0000
61912117,sitting,0.0210,1.0172,0.0744,0.8400,-3.5350,-0.1400
61912136,sitting,0.0215,1.0185,0.0734,0.8400,-3.5700,-0.0700
61912155,sitting,0.0207,1.0185,0.0744,0.8050,-3.5350,-0.0700
61912175,sitting,0.0210,1.0180,0.0742,0.8750,-3.5350,-0.0700
61912194,sitting,0.0203,1.0175,0.0737,0.8400,-3.5000,-0.1050
61912213,sitting,0.0217,1.0185,0.0737,0.8050,-3.5000,-0.1400
61912232,sitting,0.0205,1.0177,0.0752,0.8750,-3.5350,-0.1050
61912252,sitting,0.0203,1.0180,0.0739,0.7700,-3.4650,-0.1050
61912271,sitting,0.0210,1.0185,0.0739,0.8050,-3.5000,-0.0700
61912290,sitting,0.0215,1.0177,0.0732,0.8400,-3.5000,-0.0700
61912309,sitting,0.0207,1.0175,0.0730,0.8400,-3.5000,-0.1050
61912328,sitting,0.0212,1.0187,0.0742,0.8750,-3.5000,-0.0700
61912348,sitting,0.0217,1.0185,0.0739,0.8750,-3.5350,-0.1050
61912367,sitting,0.0205,1.0170,0.0742,0.8750,-3.5000,-0.1050
61912386,sitting,0.0210,1.0177,0.0737,0.8400,-3.5350,-0.0700
61912405,sitting,0.0203,1.0180,0.0739,0.8400,-3.5700,-0.0700
61912425,sitting,0.0210,1.0175,0.0752,0.8400,-3.5000,-0.1050
61912444,sitting,0.0203,1.0185,0.0744,0.8400,-3.4650,-0.1400
61912463,sitting,0.0215,1.0185,0.0739,0.8400,-3.6050,-0.1050
61912482,sitting,0.0212,1.0172,0.0742,0.8750,-3.5700,-0.0700
61912502,sitting,0.0205,1.0180,0.0747,0.8400,-3.5000,-0.1050
61912521,sitting,0.0200,1.0175,0.0747,0.8750,-3.5000,-0.1050
61912540,sitting,0.0198,1.0177,0.0739,0.8400,-3.5700,-0.0700
61912559,sitting,0.0210,1.0180,0.0752,0.8400,-3.5350,-0.0700
61912578,sitting,0.0200,1.0182,0.0749,0.8400,-3.5000,-0.1050
61912598,sitting,0.0205,1.0185,0.0747,0.9100,-3.5700,-0.1050
61912617,sitting,0.0205,1.0187,0.0737,0.8400,-3.5350,-0.0700
61912636,sitting,0.0210,1.0185,0.0747,0.8400,-3.5000,-0.1050
61912655,sitting,0.0212,1.0177,0.0744,0.8400,-3.5000,-0.1400
61912675,sitting,0.0212,1.0172,0.0752,0.8400,-3.5000,-0.1050
61912694,sitting,0.0203,1.0172,0.0742,0.8750,-3.4650,0.0000
61912713,sitting,0.0212,1.0187,0.0749,0.8750,-3.5350,0.0000
61912732,sitting,0.0203,1.0189,0.0742,0.8400,-3.5700,-0.0700
61912752,sitting,0.0203,1.0182,0.0727,0.8400,-3.4650,-0.1050
61912771,sitting,0.0212,1.0175,0.0744,0.8750,-3.5350,-0.0700
61912790,sitting,0.0207,1.0175,0.0742,0.8750,-3.5700,-0.0350
61912809,sitting,0.0207,1.0187,0.0747,0.8400,-3.5350,-0.0350
61912828,sitting,0.0207,1.0177,0.0734,0.8400,-3.5000,-0.0700
61912848,sitting,0.0205,1.0167,0.0744,0.8400,-3.5350,-0.0350
61912867,sitting,0.0210,1.0185,0.0739,0.8400,-3.5700,-0.0700
61912886,sitting,0.0203,1.0180,0.0744,0.8400,-3.5350,-0.0700
61912905,sitting,0.0212,1.0187,0.0749,0.8750,-3.5350,-0.0700
61912925,sitting,0.0210,1.0172,0.0754,0.8400,-3.5700,-0.0700
61912944,sitting,0.0207,1.0177,0.0749,0.8750,-3.5350,-0.0700
61912963,sitting,0.0203,1.0189,0.0737,0.8400,-3.5000,-0.0700
61912982,sitting,0.0210,1.0180,0.0732,0.8400,-3.5000,-0.1050
61913002,sitting,0.0217,1.0185,0.0744,0.8050,-3.5000,-0.0700
61913021,sitting,0.0207,1.0182,0.0739,0.8050,-3.4650,-0.0700
61913040,sitting,0.0203,1.0182,0.0744,0.8400,-3.5350,-0.1050
61913059,sitting,0.0207,1.0177,0.0752,0.8750,-3.5000,-0.0700
61913078,sitting,0.0207,1.0182,0.0749,0.8400,-3.5000,-0.0350
61913098,sitting,0.0210,1.0172,0.0742,0.8750,-3.5350,-0.0350
61913117,sitting,0.0210,1.0170,0.0742,0.8750,-3.5000,-0.0700
61913136,sitting,0.0207,1.0175,0.0739,0.8400,-3.5000,-0.1400
61913155,sitting,0.0212,1.0182,0.0737,0.8400,-3.5000,-0.0700
61913175,sitting,0.0205,1.0180,0.0747,0.8400,-3.5350,-0.0700
61913194,sitting,0.0207,1.0177,0.0742,0.8750,-3.5350,0.0000
61913213,sitting,0.0217,1.0177,0.0742,0.8400,-3.5000,-0.0700
61913232,sitting,0.0215,1.0180,0.0752,0.8750,-3.5700,-0.0700
61913252,sitting,0.0205,1.0185,0.0747,0.8400,-3.5700,-0.0700
61913271,sitting,0.0212,1.0177,0.0752,0.8400,-3.5350,-0.0350
61913290,sitting,0.0215,1.0180,0.0752,0.8750,-3.5700,-0.1050
61913309,sitting,0.0215,1.0180,0.0744,0.8400,-3.5700,-0.0700
61913328,sitting,0.0207,1.0180,0.0744,0.8750,-3.5000,-0.1050
61913348,sitting,0.0200,1.0180,0.0747,0.8400,-3.5350,-0.0700
61913367,sitting,0.0198,1.0180,0.0744,0.8400,-3.5700,-0.0700
61913386,sitting,0.0215,1.0185,0.0747,0.8400,-3.5350,-0.0700
61913405,sitting,0.0210,1.0177,0.0737,0.8050,-3.4650,-0.1050
61913425,sitting,0.0198,1.0180,0.0737,0.8050,-3.5350,-0.0350
61913444,sitting,0.0207,1.0175,0.0747,0.8400,-3.5000,-0.0700
61913463,sitting,0.0207,1.0180,0.0744,0.8400,-3.5350,-0.1050
61913482,sitting,0.0205,1.0175,0.0747,0.8750,-3.5700,-0.0700
61913502,sitting,0.0212,1.0182,0.0739,0.8750,-3.5700,-0.0700
61913521,sitting,0.0203,1.0177,0.0739,0.8400,-3.5000,-0.1400
61913540,sitting,0.0200,1.0189,0.0747,0.8400,-3.5350,-0.0700
61913559,sitting,0.0198,1.0177,0.0744,0.8400,-3.5700,-0.0350
61913578,sitting,0.0203,1.0175,0.0756,0.8400,-3.5000,-0.0350
61913598,sitting,0.0210,1.0187,0.0744,0.8750,-3.5000,-0.0700
61913617,sitting,0.0198,1.0182,0.0752,0.8400,-3.5350,-0.1050
61913636,sitting,0.0207,1.0182,0.0756,0.8050,-3.5000,-0.0700
61913655,sitting,0.0207,1.0175,0.0752,0.8400,-3.5000,-0.0700
61913675,sitting,0.0207,1.0182,0.0747,0.8400,-3.5350,-0.0700
61913694,sitting,0.0210,1.0185,0.0756,0.8050,-3.5350,-0.1050
61913713,sitting,0.0203,1.0175,0.0752,0.8050,-3.5350,-0.0700
61913732,sitting,0.0195,1.0187,0.0752,0.9100,-3.5350,-0.0700
61913752,sitting,0.0195,1.0177,0.0749,0.8400,-3.5350,-0.0700
61913771,sitting,0.0205,1.0177,0.0742,0.8750,-3.4650,-0.0700
61913790,sitting,0.0207,1.0177,0.0744,0.8400,-3.5000,-0.0700
61913809,sitting,0.0205,1.0185,0.0739,0.8750,-3.5700,-0.0700
61913828,sitting,0.0215,1.0177,0.0749,0.8400,-3.5700,-0.0700
61913848,sitting,0.0212,1.0177,0.0742,0.7700,-3.4650,-0.0700
61913867,sitting,0.0203,1.0189,0.0737,0.8400,-3.5700,-0.0700
61913886,sitting,0.0203,1.0187,0.0739,0.8750,-3.5350,-0.0700
61913905,sitting,0.0198,1.0180,0.0734,0.8400,-3.5000,-0.1050
61913925,sitting,0.0205,1.0185,0.0742,0.8400,-3.5700,-0.1050
61913944,sitting,0.0205,1.0180,0.0747,0.8400,-3.5000,-0.0700
61913963,sitting,0.0212,1.0175,0.0749,0.8400,-3.5350,-0.0350
61913982,sitting,0.0195,1.0177,0.0744,0.8400,-3.5700,-0.0700
61914002,sitting,0.0210,1.0182,0.0744,0.9100,-3.5350,-0.0350
61914021,sitting,0.0210,1.0175,0.0744,0.8750,-3.5000,-0.0350
61914040,sitting,0.0200,1.0187,0.0747,0.8750,-3.5350,-0.0700
61914059,sitting,0.0203,1.0180,0.0744,0.9100,-3.5350,-0.1050
61914078,sitting,0.0212,1.0175,0.0737,0.8400,-3.5350,-0.0700
61914098,sitting,0.0203,1.0172,0.0742,0.8750,-3.5000,-0.0350
61914117,sitting,0.0220,1.0180,0.0739,0.8750,-3.5350,-0.0700
61914136,sitting,0.0198,1.0177,0.0747,0.8400,-3.5350,-0.0350
61914155,sitting,0.0198,1.0185,0.0752,0.8050,-3.4650,-0.0350
61914175,sitting,0.0212,1.0185,0.0754,0.9100,-3.5700,-0.0700
61914194,sitting,0.0210,1.0170,0.0742,0.8750,-3.5700,-0.0700
61914213,sitting,0.0203,1.0182,0.0742,0.8400,-3.5000,-0.0700
61914232,sitting,0.0220,1.0177,0.0739,0.8400,-3.5350,-0.0700
61914252,sitting,0.0210,1.0185,0.0737,0.8400,-3.5350,-0.0700
61914271,sitting,0.0212,1.0175,0.0744,0.8400,-3.5000,-0.0350
61914290,sitting,0.0205,1.0170,0.0742,0.8400,-3.5000,-0.0700
61914309,sitting,0.0207,1.0182,0.0747,0.8400,-3.5350,-0.0700
61914328,sitting,0.0205,1.0177,0.0749,0.8400,-3.5350,-0.0350
61914348,sitting,0.0207,1.0180,0.0744,0.8050,-3.4650,-0.0700
61914367,sitting,0.0215,1.0187,0.0752,0.8050,-3.5700,-0.0350
61914386,sitting,0.0212,1.0180,0.0739,0.8400,-3.5350,-0.0350
61914405,sitting,0.0203,1.0170,0.0744,0.8400,-3.5000,-0.0700
61914425,sitting,0.0207,1.0182,0.0744,0.8400,-3.5700,-0.0350
61914444,sitting,0.0207,1.0182,0.0742,0.8400,-3.5350,-0.1050
61914463,sitting,0.0205,1.0192,0.0742,0.8050,-3.4650,-0.0700
61914482,sitting,0.0200,1.0192,0.0742,0.8400,-3.5350,-0.0700
61914502,sitting,0.0210,1.0189,0.0754,0.8750,-3.5000,-0.0350
61914521,sitting,0.0210,1.0187,0.0742,0.8750,-3.5350,-0.0350
61914540,sitting,0.0210,1.0175,0.0742,0.8400,-3.4650,-0.0700
61914559,sitting,0.0215,1.0180,0.0742,0.8400,-3.5700,-0.0700
61914578,sitting,0.0203,1.0182,0.0739,0.8750,-3.5700,-0.0700
61914598,sitting,0.0215,1.0182,0.0742,0.8400,-3.5000,-0.0700
61914617,sitting,0.0205,1.0180,0.0734,0.8400,-3.5350,-0.0700
61914636,sitting,0.0210,1.0180,0.0739,0.8400,-3.5000,-0.0700
61914655,sitting,0.0210,1.0177,0.0739,0.8400,-3.5350,-0.1050
61914675,sitting,0.0210,1.0180,0.0739,0.8750,-3.5000,-0.0700
61914694,sitting,0.0215,1.0182,0.0749,0.8750,-3.5700,-0.0700
61914713,sitting,0.0205,1.0187,0.0742,0.8400,-3.5350,-0.0350
61914732,sitting,0.0210,1.0185,0.0739,0.8400,-3.5000,-0.1050
61914752,sitting,0.0207,1.0187,0.0754,0.8750,-3.5350,-0.0700
61914771,sitting,0.0210,1.0187,0.0756,0.8750,-3.5350,-0.1050
61914790,sitting,0.0207,1.0177,0.0744,0.8400,-3.5000,-0.0700
61914809,sitting,0.0203,1.0180,0.0744,0.8400,-3.5350,-0.0700
61914828,sitting,0.0212,1.0172,0.0742,0.8400,-3.5350,-0.0700
61914848,sitting,0.0212,1.0177,0.0739,0.8400,-3.5000,-0.0350
61914867,sitting,0.0212,1.0180,0.0747,0.8400,-3.5350,-0.0700
61914886,sitting,0.0212,1.0177,0.0742,0.9100,-3.5700,-0.0700
61914905,sitting,0.0200,1.0175,0.0739,0.8050,-3.5350,0.0000
61914925,sitting,0.0203,1.0180,0.0742,0.8400,-3.5000,-0.0700
61914944,sitting,0.0203,1.0180,0.0742,0.8400,-3.5350,-0.0700
61914963,sitting,0.0195,1.0177,0.0747,0.8750,-3.5350,-0.0700
61914982,sitting,0.0215,1.0175,0.0747,0.8400,-3.5350,-0.0700
61915002,sitting,0.0203,1.0180,0.0752,0.8400,-3.5700,-0.1050
61915021,sitting,0.0210,1.0182,0.0749,0.8750,-3.5700,-0.0700
61915040,sitting,0.0205,1.0185,0.0742,0.8750,-3.5350,-0.0700
61915059,sitting,0.0205,1.0180,0.0742,0.8400,-3.5000,-0.0700
61915078,sitting,0.0203,1.0175,0.0749,0.8750,-3.5350,-0.0350
61915098,sitting,0.0200,1.0185,0.0744,0.8400,-3.5000,-0.0700
61915117,sitting,0.0207,1.0182,0.0737,0.9100,-3.5000,-0.0700
61915136,sitting,0.0210,1.0180,0.0744,0.8400,-3.5000,-0.1050
61915155,sitting,0.0215,1.0182,0.0742,0.8400,-3.5350,-0.1050
61915175,sitting,0.0212,1.0175,0.0742,0.8750,-3.4300,-0.1050
61915194,sitting,0.0215,1.0180,0.0747,0.8400,-3.5350,-0.0350
61915213,sitting,0.0215,1.0182,0.0747,0.8400,-3.5350,-0.0700
61915232,sitting,0.0215,1.0180,0.0739,0.8050,-3.5000,-0.0700
61915252,sitting,0.0203,1.0172,0.0747,0.8750,-3.5000,-0.1050
61915271,sitting,0.0212,1.0172,0.0744,0.8400,-3.5350,-0.1050
61915290,sitting,0.0205,1.0175,0.0737,0.8750,-3.5350,-0.0700
61915309,sitting,0.0200,1.0182,0.0742,0.8050,-3.5350,-0.0350
61915328,sitting,0.0212,1.0180,0.0749,0.8750,-3.5350,-0.0700
61915348,sitting,0.0210,1.0175,0.0749,0.8400,-3.4650,-0.0350
61915367,sitting,0.0217,1.0180,0.0752,0.8750,-3.5000,-0.0700
61915386,sitting,0.0217,1.0185,0.0752,0.9100,-3.5700,-0.1050
61915405,sitting,0.0205,1.0185,0.0749,0.8400,-3.5350,-0.0700
61915425,sitting,0.0205,1.0177,0.0739,0.8400,-3.5000,-0.0700
61915444,sitting,0.0215,1.0180,0.0730,0.8750,-3.5350,-0.1050
61915463,sitting,0.0210,1.0177,0.0747,0.8400,-3.6050,-0.0700
61915482,sitting,0.0207,1.0175,0.0747,0.8400,-3.5000,-0.0700
61915502,sitting,0.0205,1.0175,0.0749,0.8750,-3.5000,-0.0350
61915521,sitting,0.0210,1.0180,0.0747,0.8750,-3.5000,-0.0700
61915540,sitting,0.0205,1.0177,0.0747,0.8400,-3.5350,-0.0700
61915559,sitting,0.0212,1.0182,0.0734,0.8400,-3.5350,-0.1050
61915578,sitting,0.0207,1.0180,0.0742,0.8750,-3.5000,-0.1050
61915598,sitting,0.0207,1.0180,0.0739,0.8750,-3.5700,-0.0700
61915617,sitting,0.0205,1.0185,0.0747,0.8400,-3.5000,-0.1050
61915636,sitting,0.0210,1.0182,0.0756,0.8400,-3.5000,-0.0700
61915655,sitting,0.0203,1.0172,0.0749,0.8400,-3.5350,-0.1400
61915675,sitting,0.0200,1.0180,0.0747,0.8050,-3.5000,-0.1050
61915694,sitting,0.0207,1.0172,0.0752,0.8400,-3.5350,-0.0700
61915713,sitting,0.0207,1.0177,0.0739,0.8400,-3.5350,-0.0700
61915732,sitting,0.0210,1.0180,0.0737,0.8400,-3.5350,-0.0700
61915752,sitting,0.0205,1.0180,0.0749,0.8400,-3.5000,-0.0350
61915771,sitting,0.0205,1.0182,0.0747,0.8400,-3.5350,-0.0700
61915790,sitting,0.0210,1.0187,0.0744,0.8750,-3.5000,-0.1050
61915809,sitting,0.0210,1.0180,0.0744,0.8750,-3.4650,-0.0700
61915828,sitting,0.0207,1.0177,0.0739,0.8750,-3.5350,-0.0700
61915848,sitting,0.0205,1.0175,0.0742,0.8400,-3.5350,-0.0700
61915867,sitting,0.0212,1.0185,0.0744,0.8050,-3.5000,-0.0700
61915886,sitting,0.0203,1.0187,0.0742,0.8400,-3.5350,-0.0700
61915905,sitting,0.0210,1.0180,0.0747,0.8750,-3.5700,-0.0700
61915925,sitting,0.0210,1.0187,0.0754,0.8750,-3.5000,-0.1050
61915944,sitting,0.0220,1.0180,0.0749,0.8050,-3.5000,-0.0700
61915963,sitting,0.0205,1.0177,0.0744,0.8400,-3.5350,-0.0700
61915982,sitting,0.0203,1.0182,0.0742,0.8400,-3.5350,-0.0700
61916002,sitting,0.0205,1.0187,0.0742,0.8400,-3.5350,-0.0700
61916021,sitting,0.0207,1.0187,0.0742,0.8750,-3.5350,-0.0700
61916040,sitting,0.0217,1.0175,0.0742,0.8750,-3.5000,-0.0700
61916059,sitting,0.0212,1.0180,0.0752,0.8400,-3.5000,-0.0700
61916078,sitting,0.0212,1.0180,0.0742,0.8400,-3.5700,-0.0350
61916098,sitting,0.0210,1.0182,0.0744,0.8400,-3.5000,-0.0700
61916117,sitting,0.0215,1.0180,0.0734,0.8750,-3.4650,-0.1050
61916136,sitting,0.0205,1.0177,0.0742,0.8400,-3.4650,-0.0700
61916155,sitting,0.0205,1.0182,0.0752,0.8750,-3.5350,-0.0700
61916175,sitting,0.0203,1.0185,0.0742,0.8050,-3.5000,-0.0700
61916194,sitting,0.0200,1.0180,0.0749,0.8400,-3.5000,-0.1050
61916213,sitting,0.0215,1.0189,0.0749,0.8400,-3.5000,-0.0700
61916232,sitting,0.0200,1.0175,0.0742,0.8400,-3.5000,-0.0700
61916252,sitting,0.0205,1.0177,0.0747,0.8050,-3.4650,-0.0700
61916271,sitting,0.0205,1.0172,0.0747,0.8750,-3.5700,-0.0700
61916290,sitting,0.0212,1.0180,0.0737,0.8750,-3.5700,-0.1050
61916309,sitting,0.0205,1.0175,0.0742,0.8400,-3.5000,-0.0700
61916328,sitting,0.0203,1.0170,0.0749,0.8050,-3.4650,-0.1050
61916348,sitting,0.0203,1.0180,0.0749,0.8750,-3.5000,-0.0700
61916367,sitting,0.0205,1.0170,0.0742,0.8400,-3.5000,-0.0700
61916386,sitting,0.0205,1.0175,0.0744,0.8400,-3.5350,-0.0700
61916405,sitting,0.0212,1.0170,0.0744,0.8750,-3.5350,-0.0700
61916425,sitting,0.0212,1.0180,0.0749,0.8050,-3.5000,-0.0700
61916444,sitting,0.0205,1.0185,0.0744,0.8400,-3.5350,-0.0700
61916463,sitting,0.0200,1.0180,0.0752,0.8400,-3.5700,-0.0700
61916482,sitting,0.0203,1.0175,0.0747,0.8400,-3.5700,-0.0700
61916502,sitting,0.0210,1.0172,0.0752,0.8050,-3.5000,-0.0700
61916521,sitting,0.0212,1.0180,0.0756,0.8400,-3.5700,-0.0700
61916540,sitting,0.0212,1.0172,0.0752,0.8400,-3.5000,-0.0350
61916559,sitting,0.0207,1.0177,0.0744,0.8050,-3.4650,-0.0350
61916578,sitting,0.0212,1.0182,0.0749,0.8400,-3.5350,-0.1050
61916598,sitting,0.0215,1.0180,0.0749,0.8750,-3.5000,-0.0700
61916617,sitting,0.0207,1.0187,0.0747,0.8400,-3.5000,-0.0350
61916636,sitting,0.0205,1.0187,0.0742,0.8400,-3.5000,-0.0700
61916655,sitting,0.0210,1.0177,0.0747,0.8400,-3.5350,-0.0700
61916675,sitting,0.0212,1.0182,0.0749,0.8400,-3.5000,-0.0700
61916694,sitting,0.0207,1.0185,0.0749,0.8050,-3.5000,-0.1050
61916713,sitting,0.0215,1.0185,0.0749,0.8400,-3.5000,-0.0700
61916732,sitting,0.0210,1.0177,0.0752,0.9100,-3.5350,-0.1050
61916752,sitting,0.0207,1.0175,0.0747,0.8750,-3.4650,-0.0700
61916771,sitting,0.0217,1.0185,0.0752,0.8750,-3.5700,-0.0700
61916790,sitting,0.0212,1.0189,0.0747,0.9100,-3.5000,-0.1050
61916809,sitting,0.0212,1.0180,0.0752,0.8400,-3.5350,-0.1400
61916828,sitting,0.0210,1.0180,0.0747,0.8750,-3.5000,-0.1050
61916848,sitting,0.0205,1.0185,0.0747,0.8750,-3.6050,-0.0700
61916867,sitting,0.0207,1.0177,0.0739,0.8750,-3.5700,-0.0700
61916886,sitting,0.0203,1.0177,0.0749,0.8400,-3.5000,-0.1050
61916905,sitting,0.0195,1.0180,0.0749,0.8400,-3.5350,-0.0700
61916925,sitting,0.0212,1.0175,0.0747,0.9100,-3.5350,0.0000
61916944,sitting,0.0205,1.0185,0.0759,0.8400,-3.5000,-0.0700
61916963,sitting,0.0205,1.0175,0.0754,0.8400,-3.5350,-0.0350
61916982,sitting,0.0212,1.0182,0.0749,0.8750,-3.5700,-0.1050
61917002,sitting,0.0212,1.0185,0.0747,0.8400,-3.5350,-0.1050
61917021,sitting,0.0222,1.0170,0.0744,0.7700,-3.5000,-0.1050
61917040,sitting,0.0207,1.0175,0.0744,0.8750,-3.5000,-0.0700
61917059,sitting,0.0207,1.0177,0.0739,0.8400,-3.5350,-0.0700
61917078,sitting,0.0215,1.0177,0.0754,0.8400,-3.5700,-0.0700
61917098,sitting,0.0207,1.0187,0.0754,0.8400,-3.5700,-0.0700
61917117,sitting,0.0205,1.0180,0.0744,0.8400,-3.5000,-0.0350
61917136,sitting,0.0205,1.0187,0.0747,0.8400,-3.5000,-0.0700
61917155,sitting,0.0212,1.0175,0.0737,0.8050,-3.5000,0.0000
61917175,sitting,0.0210,1.0180,0.0747,0.9100,-3.5700,-0.0350
61917194,sitting,0.0205,1.0175,0.0749,0.8400,-3.5000,-0.0700
61917213,sitting,0.0203,1.0182,0.0747,0.8400,-3.4650,-0.1050
61917232,sitting,0.0203,1.0180,0.0744,0.8400,-3.5350,-0.0700
61917252,sitting,0.0212,1.0177,0.0739,0.8750,-3.5000,-0.0700
61917271,sitting,0.0217,1.0175,0.0756,0.8750,-3.5350,-0.0700
61917290,sitting,0.0210,1.0180,0.0752,0.8400,-3.5700,-0.0700
61917309,sitting,0.0205,1.0185,0.0744,0.8750,-3.5350,-0.0350
61917328,sitting,0.0207,1.0175,0.0747,0.8400,-3.5000,-0.1050
61917348,sitting,0.0210,1.0175,0.0742,0.8400,-3.5350,-0.0700
61917367,sitting,0.0212,1.0182,0.0747,0.9100,-3.5000,-0.1050
61917386,sitting,0.0207,1.0180,0.0752,0.8400,-3.5000,-0.0350
61917405,sitting,0.0222,1.0172,0.0752,0.8750,-3.5000,-0.1050
61917425,sitting,0.0210,1.0175,0.0739,0.8400,-3.5000,-0.1050
61917444,sitting,0.0210,1.0185,0.0742,0.8750,-3.5350,-0.1050
61917463,sitting,0.0205,1.0182,0.0737,0.8400,-3.5000,-0.0700
61917482,sitting,0.0200,1.0185,0.0747,0.8750,-3.5700,-0.0700
61917502,sitting,0.0195,1.0189,0.0744,0.8400,-3.5700,-0.0700
61917521,sitting,0.0200,1.0180,0.0734,0.8050,-3.5000,-0.0700
61917540,sitting,0.0205,1.0185,0.0759,0.8750,-3.5000,-0.0700
61917559,sitting,0.0207,1.0182,0.0754,0.8400,-3.5350,-0.0700
61917578,sitting,0.0212,1.0187,0.0747,0.8050,-3.5000,-0.0700
61917598,sitting,0.0203,1.0182,0.0752,0.8400,-3.5350,-0.0700
61917617,sitting,0.0210,1.0177,0.0747,0.8400,-3.5700,-0.1400
61917636,sitting,0.0207,1.0182,0.0754,0.8400,-3.5000,-0.0350
61917655,sitting,0.0205,1.0180,0.0754,0.8400,-3.5000,-0.1050
61917675,sitting,0.0210,1.0187,0.0747,0.8400,-3.5350,-0.0350
61917694,sitting,0.0222,1.0180,0.0749,0.8400,-3.5000,0.0000
61917713,sitting,0.0200,1.0170,0.0752,0.8750,-3.5350,-0.0700
61917732,sitting,0.0205,1.0170,0.0747,0.8400,-3.5000,-0.0700
61917752,sitting,0.0207,1.0182,0.0744,0.8400,-3.4650,-0.1050
61917771,sitting,0.0210,1.0177,0.0737,0.8050,-3.5000,-0.1400
61917790,sitting,0.0210,1.0180,0.0742,0.8400,-3.5700,-0.0700
61917809,sitting,0.0205,1.0185,0.0747,0.8750,-3.5350,-0.1050
61917828,sitting,0.0215,1.0180,0.0747,0.8400,-3.5350,-0.1050
61917848,sitting,0.0207,1.0187,0.0744,0.8400,-3.5350,-0.1050
61917867,sitting,0.0203,1.0185,0.0747,0.8400,-3.5700,-0.0350
61917886,sitting,0.0203,1.0185,0.0749,0.8400,-3.5000,-0.1050
61917905,sitting,0.0203,1.0187,0.0756,0.8050,-3.4650,-0.0700
61917925,sitting,0.0210,1.0187,0.0744,0.8750,-3.5350,-0.0350
61917944,sitting,0.0205,1.0177,0.0752,0.9100,-3.5700,-0.0700
61917963,sitting,0.0210,1.0177,0.0747,0.8050,-3.4650,-0.1050
61917982,sitting,0.0207,1.0180,0.0747,0.8050,-3.5350,-0.1050
61918002,sitting,0.0210,1.0177,0.0754,0.8400,-3.5700,-0.0350
61918021,sitting,0.0203,1.0182,0.0756,0.8400,-3.5000,-0.0700
61918040,sitting,0.0210,1.0175,0.0752,0.8400,-3.5000,-0.0700
61918059,sitting,0.0203,1.0180,0.0739,0.8400,-3.5000,-0.1050
61918078,sitting,0.0207,1.0185,0.0747,0.8400,-3.5000,-0.0700
61918098,sitting,0.0210,1.0185,0.0739,0.8750,-3.5350,-0.0700
61918117,sitting,0.0205,1.0185,0.0739,0.8400,-3.5700,-0.1050
61918136,sitting,0.0210,1.0182,0.0749,0.8400,-3.5350,-0.0700
61918155,sitting,0.0207,1.0172,0.0739,0.8050,-3.4650,-0.0700
61918175,sitting,0.0210,1.0177,0.0744,0.8750,-3.5350,-0.0700
61918194,sitting,0.0210,1.0187,0.0747,0.8400,-3.5700,-0.0350
61918213,sitting,0.0215,1.0177,0.0747,0.8400,-3.5000,-0.0700
61918232,sitting,0.0203,1.0182,0.0744,0.8400,-3.4650,-0.0700
61918252,sitting,0.0212,1.0180,0.0734,0.8400,-3.5350,-0.0700
61918271,sitting,0.0210,1.0177,0.0742,0.8400,-3.5350,-0.0700
61918290,sitting,0.0217,1.0185,0.0739,0.9100,-3.5000,-0.0350
61918309,sitting,0.0212,1.0180,0.0747,0.8750,-3.5700,-0.0700
61918328,sitting,0.0210,1.0182,0.0744,0.8400,-3.5000,-0.0700
61918348,sitting,0.0205,1.0182,0.0747,0.8750,-3.5000,-0.1400
61918367,sitting,0.0205,1.0175,0.0749,0.8400,-3.5350,-0.0700
61918386,sitting,0.0207,1.0182,0.0744,0.8400,-3.5000,-0.0700
61918405,sitting,0.0207,1.0182,0.0754,0.8050,-3.5000,-0.1050
61918425,sitting,0.0205,1.0180,0.0754,0.8400,-3.4650,-0.0700
61918444,sitting,0.0212,1.0180,0.0742,0.8400,-3.5700,-0.0700
61918463,sitting,0.0220,1.0180,0.0737,0.8400,-3.5000,-0.1050
61918482,sitting,0.0207,1.0177,0.0739,0.8400,-3.4650,-0.1050
61918502,sitting,0.0207,1.0182,0.0749,0.8400,-3.5350,-0.0700
61918521,sitting,0.0212,1.0180,0.0744,0.8750,-3.5350,-0.0700
61918540,sitting,0.0212,1.0180,0.0742,0.8050,-3.4650,-0.0700
61918559,sitting,0.0203,1.0175,0.0734,0.8750,-3.5700,-0.0700
61918578,sitting,0.0210,1.0172,0.0744,0.8750,-3.5700,-0.0700
61918598,sitting,0.0212,1.0177,0.0749,0.8400,-3.5350,-0.0700
61918617,sitting,0.0215,1.0185,0.0737,0.9100,-3.5700,-0.1050
61918636,sitting,0.0215,1.0177,0.0742,0.8750,-3.5700,-0.1050
61918655,sitting,0.0205,1.0180,0.0739,0.8750,-3.5350,-0.1050
61918675,sitting,0.0203,1.0182,0.0747,0.8050,-3.5000,-0.0350
61918694,sitting,0.0215,1.0180,0.0747,0.8750,-3.5350,-0.0350
61918713,sitting,0.0207,1.0175,0.0742,0.8400,-3.5000,-0.0700
61918732,sitting,0.0210,1.0172,0.0749,0.8400,-3.5350,-0.1050
61918752,sitting,0.0205,1.0175,0.0752,0.8750,-3.5700,-0.0700
61918771,sitting,0.0210,1.0175,0.0747,0.8750,-3.5350,-0.0700
61918790,sitting,0.0210,1.0172,0.0744,0.8750,-3.5700,-0.0700
61918809,sitting,0.0210,1.0182,0.0742,0.8750,-3.5000,-0.0700
61918828,sitting,0.0210,1.0185,0.0747,0.8400,-3.5000,-0.0700
61918848,sitting,0.0212,1.0182,0.0752,0.8400,-3.5000,-0.1050
61918867,sitting,0.0203,1.0170,0.0749,0.8050,-3.5350,-0.0700
61918886,sitting,0.0207,1.0175,0.0737,0.8400,-3.5350,-0.0700
61918905,sitting,0.0205,1.0185,0.0747,0.8400,-3.5000,-0.0700
61918925,sitting,0.0207,1.0185,0.0744,0.8400,-3.4650,-0.0700
61918944,sitting,0.0212,1.0180,0.0754,0.8400,-3.5000,-0.0700
61918963,sitting,0.0205,1.0180,0.0742,0.8400,-3.5350,-0.0700
61918982,sitting,0.0210,1.0177,0.0747,0.8400,-3.5000,-0.0700
61919002,sitting,0.0215,1.0177,0.0747,0.8400,-3.5700,-0.0700
61919021,sitting,0.0215,1.0177,0.0739,0.8400,-3.5350,-0.0350
61919040,sitting,0.0207,1.0175,0.0737,0.8400,-3.4650,-0.0700
61919059,sitting,0.0205,1.0182,0.0747,0.8400,-3.5350,-0.0700
61919078,sitting,0.0210,1.0177,0.0744,0.8400,-3.5700,-0.1050
61919098,sitting,0.0205,1.0175,0.0742,0.8400,-3.5350,-0.0350
61919117,sitting,0.0215,1.0170,0.0744,0.8050,-3.5000,-0.0700
61919136,sitting,0.0200,1.0180,0.0742,0.9100,-3.5000,-0.1400
61919155,sitting,0.0200,1.0180,0.0747,0.8400,-3.5000,-0.0700
61919175,sitting,0.0217,1.0180,0.0742,0.8400,-3.4650,-0.0700
61919194,sitting,0.0200,1.0185,0.0742,0.8400,-3.5350,-0.0350
61919213,sitting,0.0207,1.0182,0.0737,0.8750,-3.5000,-0.0700
61919232,sitting,0.0220,1.0177,0.0747,0.8400,-3.4650,-0.1050
61919252,sitting,0.0215,1.0172,0.0732,0.8050,-3.5000,-0.0700
61919271,sitting,0.0212,1.0182,0.0742,0.8750,-3.5350,-0.1050
61919290,sitting,0.0220,1.0185,0.0737,0.8050,-3.5350,-0.1400
61919309,sitting,0.0212,1.0185,0.0739,0.8400,-3.5350,-0.0700
61919328,sitting,0.0203,1.0180,0.0739,0.8400,-3.5700,-0.0700
61919348,sitting,0.0207,1.0177,0.0742,0.8750,-3.6050,-0.0350
61919367,sitting,0.0203,1.0177,0.0744,0.8400,-3.5000,-0.1050
61919386,sitting,0.0212,1.0187,0.0749,0.8400,-3.5700,-0.0350
61919405,sitting,0.0215,1.0185,0.0742,0.8400,-3.5350,0.0000
61919425,sitting,0.0203,1.0185,0.0749,0.8050,-3.5350,-0.0700
61919444,sitting,0.0205,1.0177,0.0747,0.8400,-3.5350,-0.0700
61919463,sitting,0.0203,1.0182,0.0754,0.8400,-3.5000,-0.0700
61919482,sitting,0.0200,1.0180,0.0744,0.8400,-3.4650,-0.0700
61919502,sitting,0.0205,1.0177,0.0742,0.8400,-3.5000,-0.0350
61919521,sitting,0.0203,1.0180,0.0742,0.8400,-3.5000,-0.1050
61919540,sitting,0.0200,1.0182,0.0742,0.8400,-3.5350,-0.0700
61919559,sitting,0.0210,1.0185,0.0742,0.8050,-3.5350,-0.0700
61919578,sitting,0.0212,1.0180,0.0747,0.8750,-3.5700,-0.0700
61919598,sitting,0.0215,1.0185,0.0737,0.8400,-3.5350,-0.1050
61919617,sitting,0.0198,1.0189,0.0739,0.8050,-3.5000,-0.1050
61919636,sitting,0.0200,1.0185,0.0742,0.8050,-3.5700,-0.0700
61919655,sitting,0.0200,1.0177,0.0747,0.8400,-3.5700,-0.0350
61919675,sitting,0.0207,1.0182,0.0737,0.8050,-3.4650,-0.0700
61919694,sitting,0.0205,1.0187,0.0742,0.8750,-3.5350,-0.0700
61919713,sitting,0.0215,1.0182,0.0752,0.8400,-3.5350,-0.0350
61919732,sitting,0.0212,1.0180,0.0749,0.9100,-3.5000,-0.0700
61919752,sitting,0.0210,1.0175,0.0747,0.8400,-3.5000,-0.0700
61919771,sitting,0.0205,1.0185,0.0744,0.8750,-3.5350,-0.0350
61919790,sitting,0.0203,1.0180,0.0744,0.8750,-3.5350,-0.0700
61919809,sitting,0.0207,1.0172,0.0744,0.8400,-3.5000,-0.0700
61919828,sitting,0.0212,1.0180,0.0739,0.8400,-3.5350,-0.0700
61919848,sitting,0.0207,1.0177,0.0742,0.8400,-3.5700,-0.1050
61919867,sitting,0.0205,1.0182,0.0747,0.8400,-3.5700,-0.0700
61919886,sitting,0.0205,1.0189,0.0742,0.8400,-3.5700,0.0000
61919905,sitting,0.0205,1.0185,0.0747,0.8750,-3.5000,-0.0700
61919925,sitting,0.0217,1.0187,0.0732,0.8400,-3.5000,-0.0700
61919944,sitting,0.0210,1.0182,0.0744,0.8050,-3.5000,-0.0700
61919963,sitting,0.0212,1.0180,0.0742,0.8400,-3.5350,-0.0700
61919982,sitting,0.0210,1.0180,0.0727,0.8400,-3.5350,-0.1050
61920002,sitting,0.0215,1.0182,0.0752,0.8050,-3.4650,-0.0700
61920021,sitting,0.0205,1.0177,0.0761,0.8750,-3.5350,-0.0700
61920040,sitting,0.0205,1.0182,0.0752,0.8400,-3.5000,-0.0700
61920059,sitting,0.0207,1.0185,0.0749,0.8400,-3.5000,-0.0700
61920078,sitting,0.0212,1.0187,0.0747,0.8400,-3.5350,-0.0700
61920098,sitting,0.0212,1.0185,0.0747,0.8750,-3.5350,-0.0700
61920117,sitting,0.0210,1.0177,0.0752,0.8400,-3.5350,-0.0700
61920136,sitting,0.0212,1.0185,0.0749,0.8750,-3.5350,-0.0700
61920155,sitting,0.0212,1.0182,0.0744,0.8400,-3.6050,-0.1050
61920175,sitting,0.0203,1.0172,0.0737,0.8750,-3.5700,-0.0700
61920194,sitting,0.0203,1.0187,0.0744,0.8400,-3.5000,-0.0700
61920213,sitting,0.0200,1.0177,0.0756,0.8400,-3.5350,0.0000
61920232,sitting,0.0207,1.0182,0.0747,0.8750,-3.5350,-0.0350
61920252,sitting,0.0212,1.0172,0.0742,0.8400,-3.5000,-0.0700
61920271,sitting,0.0210,1.0170,0.0749,0.9100,-3.5700,-0.0700
61920290,sitting,0.0215,1.0182,0.0742,0.8750,-3.5000,-0.0350
61920309,sitting,0.0207,1.0172,0.0744,0.8400,-3.4650,-0.0700
61920328,sitting,0.0212,1.0180,0.0754,0.8400,-3.5000,-0.0350
61920348,sitting,0.0210,1.0180,0.0754,0.8400,-3.5000,-0.0700
61920367,sitting,0.0198,1.0177,0.0749,0.8400,-3.5350,-0.0700
61920386,sitting,0.0205,1.0177,0.0752,0.8050,-3.5350,-0.1050
61920405,sitting,0.0210,1.0185,0.0747,0.8400,-3.5700,-0.0700
61920425,sitting,0.0205,1.0177,0.0747,0.8400,-3.5350,-0.0700
61920444,sitting,0.0210,1.0182,0.0742,0.8400,-3.5000,-0.0700
61920463,sitting,0.0210,1.0180,0.0747,0.8750,-3.5000,-0.1400
61920482,sitting,0.0195,1.0172,0.0759,0.8750,-3.5350,-0.0700
61920502,sitting,0.0217,1.0182,0.0749,0.8400,-3.5000,-0.0700
61920521,sitting,0.0210,1.0182,0.0747,0.8400,-3.5350,-0.0700
61920540,sitting,0.0212,1.0185,0.0747,0.8400,-3.5350,-0.0700
61920559,sitting,0.0205,1.0180,0.0744,0.8400,-3.5000,-0.1400
61920578,sitting,0.0203,1.0180,0.0749,0.8400,-3.5000,-0.0700
61920598,sitting,0.0205,1.0172,0.0744,0.8750,-3.5700,-0.0700
61920617,sitting,0.0207,1.0182,0.0739,0.8050,-3.5350,-0.0700
61920636,sitting,0.0207,1.0194,0.0739,0.8400,-3.5700,-0.0700
61920655,sitting,0.0205,1.0170,0.0737,0.8750,-3.5350,-0.0700
61920675,sitting,0.0203,1.0175,0.0749,0.8400,-3.5350,-0.0700
61920694,sitting,0.0205,1.0172,0.0737,0.8400,-3.5000,-0.0700
61920713,sitting,0.0210,1.0180,0.0742,0.8050,-3.5350,-0.1050
61920732,sitting,0.0205,1.0175,0.0752,0.8750,-3.5000,-0.0700
61920752,sitting,0.0203,1.0172,0.0744,0.8400,-3.5000,-0.1050
61920771,sitting,0.0203,1.0177,0.0747,0.8400,-3.5000,-0.1050
61920790,sitting,0.0205,1.0185,0.0749,0.8750,-3.5700,-0.0700
61920809,sitting,0.0205,1.0189,0.0747,0.8400,-3.5000,-0.1050
61920828,sitting,0.0212,1.0192,0.0747,0.8400,-3.5000,-0.1050
61920848,sitting,0.0205,1.0182,0.0754,0.9100,-3.5350,-0.0700
61920867,sitting,0.0207,1.0187,0.0749,0.8400,-3.5700,-0.0700
61920886,sitting,0.0210,1.0185,0.0742,0.8050,-3.4650,-0.1050
61920905,sitting,0.0212,1.0177,0.0744,0.8400,-3.5000,-0.0700
61920925,sitting,0.0205,1.0177,0.0749,0.8400,-3.5350,-0.0700
61920944,sitting,0.0200,1.0187,0.0742,0.8400,-3.5000,-0.1050
61920963,sitting,0.0207,1.0177,0.0737,0.8400,-3.5700,-0.0700
61920982,sitting,0.0210,1.0175,0.0737,0.8400,-3.5700,-0.0700
61921002,sitting,0.0207,1.0185,0.0737,0.8400,-3.5000,-0.0700
61921021,sitting,0.0205,1.0177,0.0747,0.7700,-3.5000,-0.0700
61921040,sitting,0.0215,1.0185,0.0749,0.8400,-3.5700,-0.0700
61921059,sitting,0.0210,1.0185,0.0744,0.8400,-3.5350,-0.0700
61921078,sitting,0.0210,1.0175,0.0749,0.8400,-3.4650,-0.0700
61921098,sitting,0.0205,1.0187,0.0744,0.8400,-3.5350,-0.0700
61921117,sitting,0.0210,1.0189,0.0747,0.8750,-3.5350,-0.0700
61921136,sitting,0.0215,1.0180,0.0742,0.8400,-3.5350,-0.0700
61921155,sitting,0.0205,1.0180,0.0754,0.8750,-3.5700,-0.0700
61921175,sitting,0.0205,1.0180,0.0749,0.8400,-3.5350,-0.0700
61921194,sitting,0.0215,1.0177,0.0749,0.8400,-3.5000,-0.0350
61921213,sitting,0.0210,1.0182,0.0739,0.8750,-3.5000,-0.0700
61921232,sitting,0.0215,1.0189,0.0732,0.9100,-3.5700,-0.0700
61921252,sitting,0.0207,1.0180,0.0744,0.8400,-3.5000,0.0000
61921271,sitting,0.0200,1.0180,0.0744,0.8400,-3.5000,-0.0700
61921290,sitting,0.0210,1.0180,0.0739,0.8400,-3.5000,-0.1050
61921309,sitting,0.0215,1.0175,0.0734,0.8400,-3.5000,-0.0350
61921328,sitting,0.0200,1.0180,0.0744,0.8400,-3.4650,-0.1050
61921348,sitting,0.0205,1.0185,0.0739,0.8750,-3.5700,-0.0700
61921367,sitting,0.0203,1.0180,0.0749,0.8400,-3.5000,-0.1050
61921386,sitting,0.0212,1.0182,0.0737,0.8400,-3.5000,-0.0700
61921405,sitting,0.0207,1.0185,0.0742,0.8400,-3.5000,-0.0700
61921425,sitting,0.0205,1.0180,0.0749,0.8400,-3.5700,-0.1050
61921444,sitting,0.0215,1.0177,0.0747,0.8400,-3.5350,-0.0700
61921463,sitting,0.0207,1.0177,0.0754,0.8400,-3.5000,-0.0700
61921482,sitting,0.0215,1.0182,0.0754,0.8400,-3.5700,-0.0700
61921502,sitting,0.0215,1.0170,0.0739,0.8400,-3.5350,-0.1050
61921521,sitting,0.0215,1.0177,0.0747,0.8050,-3.5350,-0.0700
61921540,sitting,0.0205,1.0180,0.0754,0.8750,-3.5700,-0.0700
61921559,sitting,0.0207,1.0187,0.0742,0.8400,-3.5000,-0.0700
61921578,sitting,0.0207,1.0175,0.0747,0.8050,-3.5000,-0.0700
61921598,sitting,0.0207,1.0172,0.0749,0.8400,-3.5350,-0.0700
61921617,sitting,0.0215,1.0182,0.0749,0.8400,-3.5350,-0.1050
61921636,sitting,0.0205,1.0180,0.0749,0.8750,-3.5350,-0.0700
61921655,sitting,0.0205,1.0189,0.0749,0.8400,-3.5000,-0.0350
61921675,sitting,0.0200,1.0182,0.0752,0.8750,-3.5700,-0.0700
61921694,sitting,0.0203,1.0185,0.0739,0.8400,-3.5700,-0.1050
61921713,sitting,0.0205,1.0185,0.0747,0.8050,-3.5000,-0.1050
61921732,sitting,0.0207,1.0180,0.0739,0.8050,-3.5350,-0.0700
61921752,sitting,0.0203,1.0175,0.0749,0.8400,-3.5350,-0.0350
61921771,sitting,0.0210,1.0182,0.0747,0.8400,-3.5350,-0.1050
61921790,sitting,0.0210,1.0175,0.0744,0.9100,-3.5350,-0.0700
61921809,sitting,0.0217,1.0182,0.0737,0.8400,-3.5350,-0.0700
61921828,sitting,0.0210,1.0187,0.0739,0.8400,-3.5000,-0.1050
61921848,sitting,0.0215,1.0180,0.0749,0.9100,-3.5000,-0.0700
61921867,sitting,0.0205,1.0180,0.0754,0.8400,-3.5700,-0.1050
61921886,sitting,0.0198,1.0189,0.0752,0.8050,-3.5350,-0.0700
61921905,sitting,0.0198,1.0180,0.0742,0.7700,-3.4300,-0.1400
61921925,sitting,0.0212,1.0189,0.0742,0.8050,-3.5000,-0.1050
61921944,sitting,0.0210,1.0185,0.0754,0.8400,-3.5350,-0.1050
61921963,sitting,0.0205,1.0187,0.0744,0.8400,-3.5000,-0.1050
61921982,sitting,0.0207,1.0185,0.0756,0.8400,-3.5000,-0.1050
61922002,sitting,0.0207,1.0194,0.0742,0.8400,-3.5350,-0.0700
61922021,sitting,0.0203,1.0180,0.0739,0.8400,-3.5000,-0.0700
61922040,sitting,0.0210,1.0180,0.0742,0.8400,-3.4650,-0.0700
61922059,sitting,0.0212,1.0182,0.0744,0.8400,-3.4650,-0.0700
61922078,sitting,0.0205,1.0175,0.0742,0.8400,-3.5000,-0.0700
61922098,sitting,0.0210,1.0177,0.0742,0.8400,-3.5350,-0.0700
61922117,sitting,0.0212,1.0187,0.0732,0.8400,-3.5350,-0.1050
61922136,sitting,0.0205,1.0192,0.0739,0.8750,-3.5350,-0.0700
61922155,sitting,0.0210,1.0177,0.0744,0.8750,-3.5000,-0.0700
61922175,sitting,0.0210,1.0180,0.0754,0.8400,-3.5350,-0.0700
61922194,sitting,0.0224,1.0194,0.0737,0.8750,-3.5350,-0.0700
61922213,sitting,0.0203,1.0182,0.0747,0.8050,-3.5000,-0.1050
61922232,sitting,0.0205,1.0180,0.0752,0.8750,-3.5350,-0.1050
61922252,sitting,0.0220,1.0177,0.0747,0.8750,-3.5700,-0.0350
61922271,sitting,0.0220,1.0187,0.0737,0.8400,-3.5350,-0.1050
61922290,sitting,0.0210,1.0180,0.0734,0.8400,-3.4650,-0.0700
61922309,sitting,0.0212,1.0172,0.0744,0.8400,-3.5000,-0.0700
61922328,sitting,0.0205,1.0185,0.0747,0.8400,-3.5350,-0.1400
61922348,sitting,0.0210,1.0185,0.0742,0.8400,-3.4300,-0.1400
61922367,sitting,0.0212,1.0185,0.0744,0.8750,-3.5000,-0.0700
61922386,sitting,0.0207,1.0187,0.0749,0.8400,-3.5350,-0.0700
61922405,sitting,0.0217,1.0177,0.0747,0.8400,-3.4650,-0.0700
61922425,sitting,0.0215,1.0194,0.0737,0.8750,-3.5000,-0.0700
61922444,sitting,0.0212,1.0177,0.0734,0.8750,-3.5350,-0.0350
61922463,sitting,0.0212,1.0175,0.0744,0.8750,-3.5000,-0.0350
61922482,sitting,0.0205,1.0189,0.0752,0.8750,-3.5000,-0.0700
61922502,sitting,0.0210,1.0182,0.0742,0.8400,-3.5000,-0.1400
61922521,sitting,0.0205,1.0185,0.0744,0.8400,-3.5350,-0.0700
61922540,sitting,0.0215,1.0182,0.0742,0.8050,-3.5350,-0.0700
61922559,sitting,0.0205,1.0175,0.0752,0.8400,-3.5000,-0.1050
61922578,sitting,0.0212,1.0175,0.0742,0.8400,-3.5000,-0.0700
61922598,sitting,0.0200,1.0172,0.0742,0.8050,-3.5350,-0.1050
61922617,sitting,0.0210,1.0177,0.0754,0.8400,-3.5700,-0.0700
61922636,sitting,0.0210,1.0170,0.0761,0.8750,-3.5350,-0.0350
61922655,sitting,0.0207,1.0175,0.0742,0.8750,-3.5000,-0.0700
61922675,sitting,0.0205,1.0185,0.0749,0.8400,-3.5000,-0.0700
61922694,sitting,0.0212,1.0187,0.0744,0.8750,-3.5000,-0.0700
61922713,sitting,0.0207,1.0177,0.0749,0.8400,-3.5000,-0.0350
61922732,sitting,0.0210,1.0177,0.0732,0.8400,-3.5000,-0.0700
61922752,sitting,0.0212,1.0177,0.0737,0.8750,-3.5350,-0.0700
61922771,sitting,0.0212,1.0180,0.0747,0.8750,-3.5350,-0.0700
61922790,sitting,0.0198,1.0180,0.0739,0.8400,-3.5000,-0.1050
61922809,sitting,0.0210,1.0177,0.0747,0.8050,-3.5000,-0.0700
61922828,sitting,0.0220,1.0172,0.0749,0.8750,-3.5700,-0.0700
61922848,sitting,0.0203,1.0175,0.0742,0.8400,-3.5350,-0.0350
61922867,sitting,0.0205,1.0177,0.0747,0.8750,-3.5000,-0.0350
61922886,sitting,0.0198,1.0177,0.0744,0.8400,-3.5000,-0.0700
61922905,sitting,0.0205,1.0177,0.0749,0.8400,-3.5000,-0.0700
61922925,sitting,0.0215,1.0180,0.0747,0.8400,-3.5350,-0.0700
61922944,sitting,0.0200,1.0182,0.0742,0.8750,-3.5000,-0.0700
61922963,sitting,0.0198,1.0180,0.0747,0.8750,-3.5000,-0.0350
61922982,sitting,0.0210,1.0180,0.0749,0.8400,-3.5000,-0.0700
61923002,sitting,0.0210,1.0172,0.0747,0.8400,-3.5350,-0.0700
61923021,sitting,0.0205,1.0192,0.0747,0.8750,-3.5350,-0.0700
61923040,sitting,0.0205,1.0175,0.0744,0.8400,-3.5000,-0.0700
61923059,sitting,0.0203,1.0182,0.0730,0.8400,-3.5350,-0.1400
61923078,sitting,0.0207,1.0180,0.0752,0.8750,-3.5700,-0.1050
61923098,sitting,0.0205,1.0192,0.0747,0.8750,-3.5000,-0.0700
61923117,sitting,0.0210,1.0182,0.0742,0.8050,-3.5000,-0.0700
61923136,sitting,0.0207,1.0177,0.0749,0.8750,-3.5000,-0.0700
61923155,sitting,0.0215,1.0180,0.0744,0.9100,-3.5350,-0.1050
61923175,sitting,0.0210,1.0177,0.0739,0.8400,-3.5000,-0.1050
61923194,sitting,0.0205,1.0177,0.0744,0.8400,-3.5350,-0.0700
61923213,sitting,0.0210,1.0172,0.0744,0.8400,-3.5000,-0.0700
61923232,sitting,0.0210,1.0180,0.0752,0.8400,-3.5000,-0.0350
61923252,sitting,0.0212,1.0185,0.0747,0.8400,-3.5350,-0.0700
61923271,sitting,0.0207,1.0182,0.0747,0.8750,-3.5350,-0.0700
61923290,sitting,0.0205,1.0175,0.0749,0.8400,-3.5000,-0.0700
61923309,sitting,0.0207,1.0172,0.0747,0.8750,-3.5350,-0.0700
61923328,sitting,0.0215,1.0175,0.0744,0.9100,-3.5350,-0.0350
61923348,sitting,0.0217,1.0175,0.0742,0.8400,-3.5350,-0.0700
61923367,sitting,0.0200,1.0175,0.0747,0.8400,-3.5000,-0.1050
61923386,sitting,0.0212,1.0180,0.0756,0.9100,-3.5350,-0.0350
61923405,sitting,0.0203,1.0185,0.0756,0.8750,-3.5700,-0.0350
61923425,sitting,0.0195,1.0185,0.0744,0.8400,-3.5350,-0.0700
61923444,sitting,0.0215,1.0177,0.0742,0.8750,-3.5000,-0.1050
61923463,sitting,0.0212,1.0177,0.0737,0.8400,-3.5350,-0.0700
61923482,sitting,0.0205,1.0177,0.0742,0.8400,-3.5000,-0.0700
61923502,sitting,0.0205,1.0175,0.0744,0.8400,-3.4650,-0.0350
61923521,sitting,0.0205,1.0187,0.0756,0.8750,-3.5700,-0.0700
61923540,sitting,0.0212,1.0189,0.0749,0.8750,-3.5350,-0.0700
61923559,sitting,0.0203,1.0177,0.0734,0.8400,-3.5000,-0.1050
61923578,sitting,0.0210,1.0185,0.0739,0.8750,-3.5350,-0.0700
61923598,sitting,0.0215,1.0180,0.0744,0.8400,-3.5350,-0.0350
61923617,sitting,0.0212,1.0175,0.0747,0.8400,-3.5000,-0.1050
61923636,sitting,0.0210,1.0180,0.0739,0.8400,-3.5000,-0.0350
61923655,sitting,0.0210,1.0185,0.0744,0.8400,-3.5700,-0.1050
61923675,sitting,0.0200,1.0177,0.0744,0.8400,-3.5000,-0.1050
61923694,sitting,0.0212,1.0180,0.0742,0.8400,-3.5000,-0.0350
61923713,sitting,0.0207,1.0172,0.0742,0.8050,-3.5000,-0.0350
61923732,sitting,0.0205,1.0172,0.0749,0.8400,-3.5000,-0.0350
61923752,sitting,0.0210,1.0185,0.0739,0.8400,-3.5000,-0.0700
61923771,sitting,0.0210,1.0185,0.0747,0.8400,-3.5350,-0.0700
61923790,sitting,0.0198,1.0182,0.0737,0.8400,-3.5350,-0.1050
61923809,sitting,0.0198,1.0185,0.0747,0.8400,-3.4650,-0.0700
61923828,sitting,0.0205,1.0180,0.0749,0.8750,-3.5700,-0.1050
61923848,sitting,0.0212,1.0172,0.0747,0.8400,-3.5700,-0.0700
61923867,sitting,0.0207,1.0180,0.0732,0.8050,-3.4650,-0.1050
61923886,sitting,0.0217,1.0172,0.0742,0.8400,-3.5350,-0.0350
61923905,sitting,0.0215,1.0177,0.0742,0.8050,-3.4650,-0.1050
61923925,sitting,0.0212,1.0175,0.0749,0.8400,-3.5350,-0.0350
61923944,sitting,0.0195,1.0182,0.0744,0.8400,-3.5700,-0.1050
61923963,sitting,0.0205,1.0182,0.0747,0.8400,-3.5350,-0.0700
61923982,sitting,0.0210,1.0180,0.0739,0.8400,-3.5350,-0.0700
61924002,sitting,0.0210,1.0180,0.0747,0.8050,-3.5000,-0.1050
61924021,sitting,0.0200,1.0177,0.0749,0.9100,-3.5350,-0.0700
61924040,sitting,0.0207,1.0182,0.0749,0.8750,-3.5000,-0.0700
61924059,sitting,0.0212,1.0187,0.0749,0.8750,-3.5000,-0.0700
61924078,sitting,0.0210,1.0175,0.0752,0.8750,-3.5350,-0.0700
61924098,sitting,0.0203,1.0180,0.0742,0.8400,-3.5700,-0.0700
61924117,sitting,0.0210,1.0177,0.0744,0.8400,-3.5000,-0.1050
61924136,sitting,0.0210,1.0187,0.0752,0.8400,-3.5000,-0.0700
61924155,sitting,0.0205,1.0180,0.0759,0.8400,-3.5350,-0.1050
61924175,sitting,0.0203,1.0185,0.0742,0.8750,-3.5350,-0.0700
61924194,sitting,0.0200,1.0180,0.0742,0.8050,-3.4650,-0.0700
61924213,sitting,0.0210,1.0197,0.0737,0.8400,-3.5000,-0.0700
61924232,sitting,0.0215,1.0177,0.0744,0.8750,-3.5000,-0.0700
61924252,sitting,0.0205,1.0182,0.0747,0.8400,-3.4650,-0.0700
61924271,sitting,0.0220,1.0187,0.0734,0.8400,-3.5000,-0.0700
61924290,sitting,0.0205,1.0182,0.0749,0.8400,-3.5000,-0.1050
61924309,sitting,0.0207,1.0187,0.0749,0.8400,-3.4300,-0.1400
61924328,sitting,0.0212,1.0177,0.0742,0.8050,-3.5000,-0.0700
61924348,sitting,0.0210,1.0175,0.0749,0.8750,-3.5700,-0.0700
61924367,sitting,0.0210,1.0165,0.0756,0.8050,-3.5000,-0.0700
61924386,sitting,0.0203,1.0172,0.0754,0.8400,-3.5000,-0.0700
61924405,sitting,0.0205,1.0177,0.0749,0.8750,-3.5350,-0.0350
61924425,sitting,0.0203,1.0182,0.0739,0.8400,-3.5350,-0.0700
61924444,sitting,0.0210,1.0185,0.0752,0.8400,-3.4650,-0.0700
61924463,sitting,0.0212,1.0182,0.0747,0.8050,-3.5700,-0.1050
61924482,sitting,0.0207,1.0175,0.0744,0.8050,-3.5000,-0.1050
61924502,sitting,0.0205,1.0187,0.0744,0.8400,-3.5000,-0.0350
61924521,sitting,0.0207,1.0177,0.0737,0.8750,-3.5000,-0.1050
61924540,sitting,0.0203,1.0172,0.0744,0.8400,-3.5000,-0.1050
61924559,sitting,0.0210,1.0177,0.0756,0.8050,-3.4650,-0.1050
61924578,sitting,0.0217,1.0180,0.0747,0.8400,-3.5000,-0.1050
61924598,sitting,0.0210,1.0185,0.0744,0.8400,-3.5350,-0.0700
61924617,sitting,0.0212,1.0182,0.0742,0.8050,-3.4650,-0.0700
61924636,sitting,0.0205,1.0167,0.0737,0.8400,-3.5000,-0.0700
61924655,sitting,0.0205,1.0180,0.0744,0.8400,-3.5000,-0.1050
61924675,sitting,0.0205,1.0185,0.0744,0.8400,-3.5000,-0.0700
61924694,sitting,0.0198,1.0182,0.0742,0.8400,-3.4650,-0.0700
61924713,sitting,0.0210,1.0172,0.0747,0.8400,-3.5700,-0.0700
61924732,sitting,0.0207,1.0177,0.0737,0.8750,-3.5700,-0.0700
61924752,sitting,0.0210,1.0182,0.0752,0.8400,-3.5000,-0.0700
61924771,sitting,0.0210,1.0185,0.0752,0.8750,-3.5350,-0.0700
61924790,sitting,0.0207,1.0185,0.0747,0.9100,-3.5700,-0.0700
61924809,sitting,0.0215,1.0189,0.0747,0.8050,-3.5350,-0.0700
61924828,sitting,0.0212,1.0177,0.0742,0.8050,-3.5000,-0.0700
61924848,sitting,0.0207,1.0177,0.0752,0.8400,-3.6050,-0.0700
61924867,sitting,0.0203,1.0170,0.0739,0.8400,-3.5350,-0.0700
61924886,sitting,0.0215,1.0167,0.0744,0.8400,-3.5000,-0.0700
61924905,sitting,0.0205,1.0182,0.0749,0.8400,-3.5700,-0.0700
61924925,sitting,0.0212,1.0182,0.0744,0.8750,-3.5350,-0.1050
61924944,sitting,0.0210,1.0185,0.0747,0.8400,-3.5700,-0.0700
61924963,sitting,0.0200,1.0180,0.0747,0.8750,-3.5700,-0.0350
61924982,sitting,0.0205,1.0182,0.0739,0.8400,-3.5700,-0.0350
61925002,sitting,0.0203,1.0175,0.0754,0.8400,-3.5000,-0.0700
61925021,sitting,0.0217,1.0187,0.0744,0.8400,-3.5350,-0.0350
61925040,sitting,0.0212,1.0175,0.0756,0.8400,-3.5350,-0.0350
61925059,sitting,0.0210,1.0177,0.0752,0.8750,-3.5700,-0.0350
61925078,sitting,0.0207,1.0185,0.0734,0.8400,-3.4300,-0.0700
61925098,sitting,0.0222,1.0182,0.0742,0.8400,-3.5350,-0.0700
61925117,sitting,0.0212,1.0182,0.0744,0.8750,-3.5350,-0.0700
61925136,sitting,0.0212,1.0172,0.0754,0.8400,-3.5000,-0.1050
61925155,sitting,0.0205,1.0185,0.0742,0.8400,-3.5000,-0.0350
61925175,sitting,0.0203,1.0180,0.0752,0.8750,-3.5350,-0.0700
61925194,sitting,0.0205,1.0177,0.0747,0.8400,-3.5000,-0.0700
61925213,sitting,0.0212,1.0180,0.0752,0.8400,-3.5350,-0.0350
61925232,sitting,0.0212,1.0187,0.0752,0.8400,-3.5350,-0.0700
61925252,sitting,0.0203,1.0192,0.0739,0.8750,-3.5350,-0.0700
61925271,sitting,0.0217,1.0182,0.0747,0.8400,-3.5000,-0.0700
61925290,sitting,0.0205,1.0177,0.0742,0.8750,-3.5000,-0.0350
61925309,sitting,0.0203,1.0182,0.0747,0.8750,-3.5350,-0.0700
61925328,sitting,0.0203,1.0172,0.0749,0.8400,-3.4650,-0.0700
61925348,sitting,0.0210,1.0182,0.0739,0.8400,-3.5350,-0.0350
61925367,sitting,0.0200,1.0185,0.0734,0.8750,-3.5350,-0.0350
61925386,sitting,0.0203,1.0177,0.0747,0.8400,-3.5000,-0.0700
61925405,sitting,0.0210,1.0182,0.0756,0.8750,-3.5000,-0.0350
61925425,sitting,0.0207,1.0180,0.0756,0.9100,-3.5350,-0.0700
61925444,sitting,0.0210,1.0177,0.0744,0.8400,-3.5000,-0.1050
61925463,sitting,0.0207,1.0177,0.0744,0.8400,-3.5350,-0.0350
61925482,sitting,0.0200,1.0175,0.0742,0.8400,-3.5700,-0.1050
61925502,sitting,0.0217,1.0187,0.0752,0.8400,-3.5350,-0.0700
61925521,sitting,0.0205,1.0185,0.0749,0.8750,-3.5350,-0.0700
61925540,sitting,0.0207,1.0180,0.0742,0.8400,-3.5350,-0.0700
61925559,sitting,0.0205,1.0180,0.0744,0.8400,-3.5700,-0.0700
61925578,sitting,0.0215,1.0180,0.0752,0.8400,-3.5000,-0.0700
61925598,sitting,0.0220,1.0175,0.0749,0.8400,-3.5000,-0.0700
61925617,sitting,0.0217,1.0189,0.0749,0.8750,-3.5700,-0.0700
61925636,sitting,0.0212,1.0182,0.0752,0.8400,-3.5350,-0.0700
61925655,sitting,0.0203,1.0182,0.0744,0.8400,-3.5350,-0.0700
61925675,sitting,0.0207,1.0187,0.0742,0.8400,-3.5350,-0.0700
61925694,sitting,0.0200,1.0180,0.0752,0.8750,-3.5350,-0.0700
61925713,sitting,0.0207,1.0182,0.0761,0.8750,-3.5000,0.0000
61925732,sitting,0.0205,1.0185,0.0749,0.8750,-3.5700,-0.0700
61925752,sitting,0.0200,1.0187,0.0749,0.9100,-3.5700,-0.0350
61925771,sitting,0.0207,1.0187,0.0749,0.8050,-3.5000,-0.0700
61925790,sitting,0.0220,1.0185,0.0744,0.8750,-3.5350,-0.0700
61925809,sitting,0.0210,1.0182,0.0742,0.8400,-3.5700,-0.1050
61925828,sitting,0.0203,1.0180,0.0749,0.8400,-3.5000,-0.0700
61925848,sitting,0.0203,1.0185,0.0749,0.8050,-3.5000,-0.0350
61925867,sitting,0.0207,1.0180,0.0749,0.8750,-3.5350,-0.0700
61925886,sitting,0.0205,1.0175,0.0752,0.8400,-3.5000,-0.0700
61925905,sitting,0.0203,1.0177,0.0749,0.8400,-3.5000,-0.1050
61925925,sitting,0.0210,1.0175,0.0734,0.8750,-3.5700,-0.0700
61925944,sitting,0.0210,1.0177,0.0744,0.8400,-3.5000,-0.0350
61925963,sitting,0.0205,1.0185,0.0744,0.8400,-3.4650,-0.1050
61925982,sitting,0.0212,1.0177,0.0747,0.8050,-3.4650,-0.1050
61926002,sitting,0.0203,1.0185,0.0744,0.8400,-3.5000,-0.1050
61926021,sitting,0.0205,1.0180,0.0752,0.8050,-3.5000,-0.0700
61926040,sitting,0.0200,1.0170,0.0744,0.8400,-3.5700,-0.0350
61926059,sitting,0.0207,1.0182,0.0749,0.9100,-3.5700,-0.1050
61926078,sitting,0.0200,1.0185,0.0754,0.8400,-3.5000,-0.0700
61926098,sitting,0.0203,1.0185,0.0744,0.8400,-3.4650,-0.1050
61926117,sitting,0.0210,1.0175,0.0747,0.8750,-3.5350,-0.0700
61926136,sitting,0.0207,1.0175,0.0744,0.9100,-3.5350,-0.0700
61926155,sitting,0.0207,1.0182,0.0747,0.8050,-3.4650,-0.0700
61926175,sitting,0.0210,1.0185,0.0742,0.8400,-3.5000,-0.0700
61926194,sitting,0.0207,1.0182,0.0754,0.8400,-3.5700,0.0000
61926213,sitting,0.0207,1.0182,0.0747,0.8400,-3.5000,-0.1050
61926232,sitting,0.0212,1.0175,0.0744,0.8400,-3.5700,-0.0700
61926252,sitting,0.0207,1.0180,0.0742,0.8400,-3.5700,-0.0700
61926271,sitting,0.0207,1.0180,0.0742,0.8400,-3.5000,-0.1050
61926290,sitting,0.0217,1.0192,0.0744,0.8400,-3.5350,-0.0700
61926309,sitting,0.0205,1.0187,0.0742,0.8400,-3.5350,-0.1400
61926328,sitting,0.0205,1.0180,0.0752,0.8400,-3.5700,-0.0700
61926348,sitting,0.0203,1.0187,0.0742,0.8400,-3.5000,-0.0700
61926367,sitting,0.0198,1.0185,0.0747,0.8050,-3.5000,-0.0700
61926386,sitting,0.0207,1.0175,0.0754,0.8400,-3.5000,-0.0700
61926405,sitting,0.0212,1.0175,0.0739,0.8750,-3.5700,-0.1050
61926425,sitting,0.0203,1.0177,0.0752,0.8050,-3.4300,-0.1050
61926444,sitting,0.0210,1.0177,0.0752,0.8400,-3.5000,-0.1050
61926463,sitting,0.0200,1.0165,0.0747,0.8750,-3.5000,-0.0350
61926482,sitting,0.0207,1.0172,0.0747,0.8400,-3.5350,-0.0700
61926502,sitting,0.0210,1.0185,0.0747,0.8400,-3.5350,-0.1050
61926521,sitting,0.0205,1.0180,0.0754,0.8050,-3.5000,-0.0700
61926540,sitting,0.0210,1.0182,0.0744,0.8400,-3.5350,-0.1050
61926559,sitting,0.0217,1.0185,0.0749,0.8400,-3.5000,-0.0700
61926578,sitting,0.0210,1.0180,0.0744,0.8400,-3.5000,-0.1050
61926598,sitting,0.0207,1.0172,0.0749,0.8050,-3.4650,-0.1050
61926617,sitting,0.0207,1.0175,0.0739,0.8750,-3.5000,-0.0700
61926636,sitting,0.0203,1.0187,0.0749,0.8750,-3.5350,-0.0700
61926655,sitting,0.0207,1.0180,0.0739,0.8400,-3.5000,-0.1050
61926675,sitting,0.0217,1.0187,0.0732,0.8050,-3.4650,-0.0700
61926694,sitting,0.0207,1.0177,0.0752,0.9100,-3.5700,-0.0700
61926713,sitting,0.0205,1.0180,0.0742,0.8050,-3.5000,-0.0700
61926732,sitting,0.0207,1.0170,0.0749,0.8050,-3.4650,-0.0700
61926752,sitting,0.0215,1.0172,0.0742,0.8400,-3.5700,-0.0700
61926771,sitting,0.0212,1.0182,0.0739,0.8400,-3.5350,-0.0700
61926790,sitting,0.0207,1.0185,0.0752,0.8050,-3.4300,-0.1400
61926809,sitting,0.0205,1.0192,0.0752,0.8400,-3.5000,-0.0700
61926828,sitting,0.0210,1.0175,0.0754,0.8400,-3.5700,-0.0700
61926848,sitting,0.0207,1.0185,0.0752,0.8400,-3.5350,-0.0700
61926867,sitting,0.0212,1.0187,0.0742,0.8400,-3.5350,-0.0700
61926886,sitting,0.0220,1.0182,0.0744,0.8400,-3.5700,-0.0700
61926905,sitting,0.0207,1.0170,0.0742,0.8400,-3.5000,-0.0700
61926925,sitting,0.0215,1.0180,0.0739,0.8750,-3.5000,-0.0700
61926944,sitting,0.0210,1.0177,0.0752,0.8400,-3.5350,-0.0700
61926963,sitting,0.0200,1.0185,0.0744,0.8750,-3.5350,-0.0700
61926982,sitting,0.0203,1.0185,0.0744,0.8400,-3.5000,-0.0700
61927002,sitting,0.0212,1.0182,0.0749,0.8750,-3.5350,-0.0700
61927021,sitting,0.0212,1.0182,0.0752,0.8400,-3.5350,-0.0700
61927040,sitting,0.0210,1.0175,0.0749,0.8400,-3.5350,-0.0700
61927059,sitting,0.0198,1.0182,0.0747,0.8400,-3.5350,-0.0700
61927078,sitting,0.0212,1.0185,0.0744,0.8750,-3.5000,-0.0700
61927098,sitting,0.0212,1.0180,0.0744,0.8400,-3.4650,-0.0700
61927117,sitting,0.0215,1.0182,0.0747,0.8400,-3.4650,-0.0700
61927136,sitting,0.0217,1.0172,0.0747,0.8750,-3.5000,-0.0700
61927155,sitting,0.0210,1.0180,0.0739,0.8400,-3.5350,-0.0700
61927175,sitting,0.0215,1.0180,0.0742,0.8050,-3.5000,-0.1050
61927194,sitting,0.0210,1.0177,0.0744,0.8400,-3.5700,-0.0350
61927213,sitting,0.0195,1.0177,0.0744,0.8750,-3.5700,-0.0700
