timestamp_ms,label,acc_x_g,acc_y_g,acc_z_g,gyro_x_dps,gyro_y_dps,gyro_z_dps
61536021,sitting,0.9911,-0.0273,0.0461,0.9100,-3.5000,-0.0700
61536040,sitting,0.9914,-0.0276,0.0444,0.8750,-3.5700,-0.0700
61536059,sitting,0.9909,-0.0273,0.0451,0.8400,-3.4650,-0.0700
61536078,sitting,0.9906,-0.0283,0.0444,0.8400,-3.5000,-0.0700
61536098,sitting,0.9909,-0.0278,0.0454,0.8750,-3.5700,-0.0350
61536117,sitting,0.9916,-0.0273,0.0456,0.8400,-3.5700,-0.0700
61536136,sitting,0.9921,-0.0271,0.0451,0.8750,-3.5350,-0.0700
61536155,sitting,0.9919,-0.0276,0.0449,0.8400,-3.5700,-0.0700
61536175,sitting,0.9911,-0.0276,0.0461,0.8400,-3.5700,-0.0700
61536194,sitting,0.9906,-0.0276,0.0451,0.8400,-3.5000,-0.0700
61536213,sitting,0.9904,-0.0281,0.0456,0.8750,-3.5700,-0.0350
61536232,sitting,0.9909,-0.0266,0.0451,0.8750,-3.5700,-0.0700
61536252,sitting,0.9906,-0.0276,0.0454,0.8400,-3.5000,-0.0700
61536271,sitting,0.9906,-0.0281,0.0456,0.8400,-3.5000,-0.0700
61536290,sitting,0.9909,-0.0281,0.0447,0.9100,-3.5000,0.0000
61536309,sitting,0.9902,-0.0278,0.0454,0.8400,-3.5000,-0.1050
61536328,sitting,0.9911,-0.0278,0.0451,0.8400,-3.5000,-0.1050
61536348,sitting,0.9902,-0.0276,0.0451,0.8750,-3.5350,-0.0350
61536367,sitting,0.9899,-0.0276,0.0449,0.8750,-3.5700,-0.0700
61536386,sitting,0.9914,-0.0276,0.0464,0.8400,-3.5350,-0.0700
61536405,sitting,0.9906,-0.0273,0.0464,0.9100,-3.5350,-0.1050
61536425,sitting,0.9906,-0.0271,0.0449,0.9100,-3.6050,-0.0700
61536444,sitting,0.9904,-0.0271,0.0447,0.8400,-3.5000,-0.0350
61536463,sitting,0.9904,-0.0276,0.0454,0.8400,-3.5350,-0.0700
61536482,sitting,0.9899,-0.0283,0.0449,0.8750,-3.5350,-0.0700
61536502,sitting,0.9909,-0.0278,0.0461,0.8400,-3.5000,-0.0350
61536521,sitting,0.9909,-0.0281,0.0456,0.8400,-3.4650,-0.0700
61536540,sitting,0.9902,-0.0273,0.0459,0.9100,-3.5350,-0.0700
61536559,sitting,0.9911,-0.0276,0.0444,0.8400,-3.5350,-0.1050
61536578,sitting,0.9909,-0.0273,0.0442,0.8400,-3.5000,-0.1400
61536598,sitting,0.9914,-0.0273,0.0454,0.8750,-3.5350,-0.0700
61536617,sitting,0.9911,-0.0271,0.0451,0.8400,-3.5350,-0.0700
61536636,sitting,0.9902,-0.0281,0.0456,0.8050,-3.4650,-0.0700
61536655,sitting,0.9906,-0.0278,0.0456,0.8400,-3.5350,-0.0350
61536675,sitting,0.9902,-0.0276,0.0456,0.8750,-3.5350,-0.0700
61536694,sitting,0.9899,-0.0271,0.0454,0.8400,-3.5000,-0.0700
61536713,sitting,0.9914,-0.0276,0.0449,0.8400,-3.5350,-0.0700
61536732,sitting,0.9906,-0.0276,0.0459,0.8750,-3.5700,-0.0700
61536752,sitting,0.9902,-0.0276,0.0454,0.8400,-3.5000,-0.0700
61536771,sitting,0.9899,-0.0288,0.0451,0.9100,-3.5000,-0.0700
61536790,sitting,0.9911,-0.0278,0.0447,0.8750,-3.6050,-0.0700
61536809,sitting,0.9902,-0.0273,0.0466,0.8750,-3.5700,-0.0700
61536828,sitting,0.9921,-0.0273,0.0449,0.8400,-3.5350,-0.0700
61536848,sitting,0.9914,-0.0271,0.0451,0.8750,-3.5350,-0.0700
61536867,sitting,0.9914,-0.0276,0.0461,0.8750,-3.5350,-0.0700
61536886,sitting,0.9902,-0.0281,0.0454,0.8400,-3.5000,-0.1050
61536905,sitting,0.9904,-0.0273,0.0449,0.8750,-3.5350,-0.0700
61536925,sitting,0.9916,-0.0276,0.0449,0.8400,-3.6050,-0.0700
61536944,sitting,0.9911,-0.0273,0.0459,0.8400,-3.5000,-0.0700
61536963,sitting,0.9909,-0.0271,0.0461,0.8750,-3.5350,-0.0350
61536982,sitting,0.9904,-0.0281,0.0454,0.8400,-3.5350,-0.0700
61537002,sitting,0.9909,-0.0273,0.0449,0.9100,-3.5350,-0.0700
61537021,sitting,0.9911,-0.0293,0.0456,0.8400,-3.5000,-0.0700
61537040,sitting,0.9899,-0.0278,0.0447,0.8750,-3.6050,-0.0350
61537059,sitting,0.9911,-0.0273,0.0461,0.8750,-3.5000,-0.0700
61537078,sitting,0.9902,-0.0276,0.0464,0.8400,-3.5700,-0.1050
61537098,sitting,0.9902,-0.0271,0.0454,0.8750,-3.5350,-0.0700
61537117,sitting,0.9906,-0.0273,0.0459,0.9100,-3.5700,-0.1050
61537136,sitting,0.9909,-0.0271,0.0456,0.8400,-3.5350,-0.0700
61537155,sitting,0.9914,-0.0271,0.0456,0.9100,-3.5350,-0.0350
61537175,sitting,0.9897,-0.0281,0.0459,0.8400,-3.5000,-0.0700
61537194,sitting,0.9909,-0.0281,0.0447,0.8750,-3.5350,-0.0350
61537213,sitting,0.9904,-0.0278,0.0447,0.8400,-3.5700,-0.0700
61537232,sitting,0.9909,-0.0281,0.0454,0.9100,-3.5350,-0.0700
61537252,sitting,0.9909,-0.0278,0.0454,0.8400,-3.5350,-0.1050
61537271,sitting,0.9909,-0.0278,0.0461,0.8400,-3.4650,-0.0700
61537290,sitting,0.9902,-0.0276,0.0456,0.8400,-3.5700,-0.0700
61537309,sitting,0.9904,-0.0273,0.0456,0.8400,-3.5350,-0.0700
61537328,sitting,0.9909,-0.0285,0.0456,0.8400,-3.5000,-0.0700
61537348,sitting,0.9906,-0.0281,0.0456,0.8400,-3.5700,-0.1050
61537367,sitting,0.9906,-0.0281,0.0456,0.8400,-3.5350,-0.0700
61537386,sitting,0.9904,-0.0278,0.0456,0.8400,-3.5350,-0.0700
61537405,sitting,0.9911,-0.0281,0.0449,0.8750,-3.5700,-0.0350
61537425,sitting,0.9904,-0.0276,0.0456,0.8400,-3.5700,-0.0700
61537444,sitting,0.9914,-0.0276,0.0451,0.8750,-3.5350,-0.0700
61537463,sitting,0.9909,-0.0278,0.0454,0.8050,-3.5000,-0.0700
61537482,sitting,0.9916,-0.0283,0.0449,0.8750,-3.5350,-0.0700
61537502,sitting,0.9902,-0.0276,0.0451,0.8400,-3.5350,-0.0700
61537521,sitting,0.9911,-0.0278,0.0454,0.8400,-3.5350,-0.0700
61537540,sitting,0.9906,-0.0273,0.0454,0.8400,-3.5000,-0.1050
61537559,sitting,0.9916,-0.0273,0.0454,0.8750,-3.5350,-0.0700
61537578,sitting,0.9916,-0.0290,0.0449,0.8400,-3.5000,-0.1050
61537598,sitting,0.9914,-0.0278,0.0449,0.8750,-3.5700,-0.1050
61537617,sitting,0.9904,-0.0278,0.0454,0.8750,-3.5700,-0.0700
61537636,sitting,0.9914,-0.0278,0.0454,0.8750,-3.5350,-0.0700
61537655,sitting,0.9906,-0.0278,0.0459,0.8400,-3.5350,-0.0700
61537675,sitting,0.9906,-0.0276,0.0454,0.8050,-3.5700,-0.0700
61537694,sitting,0.9906,-0.0271,0.0449,0.8050,-3.5350,-0.1050
61537713,sitting,0.9906,-0.0281,0.0449,0.8400,-3.5350,-0.0350
61537732,sitting,0.9916,-0.0281,0.0459,0.9100,-3.6050,-0.0700
61537752,sitting,0.9916,-0.0268,0.0444,0.8400,-3.4650,-0.1050
61537771,sitting,0.9904,-0.0281,0.0451,0.8400,-3.5000,-0.0350
61537790,sitting,0.9894,-0.0268,0.0447,0.9100,-3.5700,-0.1050
61537809,sitting,0.9904,-0.0283,0.0459,0.8400,-3.5000,-0.1050
61537828,sitting,0.9904,-0.0283,0.0454,0.8750,-3.5000,-0.0700
61537848,sitting,0.9909,-0.0271,0.0447,0.8400,-3.5700,-0.0350
61537867,sitting,0.9909,-0.0278,0.0444,0.8750,-3.5700,-0.0700
61537886,sitting,0.9909,-0.0276,0.0456,0.8750,-3.5350,-0.0700
61537905,sitting,0.9906,-0.0281,0.0451,0.8750,-3.5700,-0.0700
61537925,sitting,0.9906,-0.0276,0.0456,0.9100,-3.5700,-0.0700
61537944,sitting,0.9902,-0.0273,0.0454,0.8400,-3.5350,-0.0700
61537963,sitting,0.9902,-0.0285,0.0456,0.8400,-3.5000,-0.0700
61537982,sitting,0.9909,-0.0278,0.0454,0.9100,-3.5350,-0.0700
61538002,sitting,0.9916,-0.0281,0.0456,0.8750,-3.5000,-0.0700
61538021,sitting,0.9904,-0.0281,0.0454,0.8400,-3.5000,-0.0700
61538040,sitting,0.9902,-0.0283,0.0456,0.8400,-3.5700,-0.0700
61538059,sitting,0.9906,-0.0271,0.0461,0.8400,-3.5350,-0.1400
61538078,sitting,0.9897,-0.0268,0.0456,0.8400,-3.5000,-0.1050
61538098,sitting,0.9923,-0.0273,0.0466,0.9100,-3.5700,-0.0700
61538117,sitting,0.9906,-0.0276,0.0454,0.9100,-3.5700,-0.0700
61538136,sitting,0.9906,-0.0288,0.0461,0.8750,-3.5350,-0.1050
61538155,sitting,0.9897,-0.0288,0.0459,0.8400,-3.5700,-0.0700
61538175,sitting,0.9911,-0.0273,0.0456,0.8400,-3.5700,-0.0700
61538194,sitting,0.9904,-0.0283,0.0459,0.8400,-3.5350,-0.1050
61538213,sitting,0.9909,-0.0268,0.0459,0.8400,-3.4650,-0.0700
61538232,sitting,0.9904,-0.0276,0.0451,0.8400,-3.5350,-0.0700
61538252,sitting,0.9906,-0.0278,0.0464,0.8400,-3.5350,-0.0350
61538271,sitting,0.9914,-0.0273,0.0468,0.8400,-3.5000,-0.1050
61538290,sitting,0.9909,-0.0271,0.0454,0.8750,-3.5700,-0.0700
61538309,sitting,0.9906,-0.0276,0.0449,0.8750,-3.5350,-0.0700
61538328,sitting,0.9914,-0.0281,0.0451,0.8400,-3.5000,-0.0700
61538348,sitting,0.9916,-0.0276,0.0459,0.8750,-3.5350,-0.1050
61538367,sitting,0.9902,-0.0281,0.0464,0.8400,-3.5700,-0.0350
61538386,sitting,0.9914,-0.0268,0.0454,0.8400,-3.5000,-0.0700
61538405,sitting,0.9906,-0.0264,0.0459,0.8750,-3.5000,-0.0700
61538425,sitting,0.9911,-0.0278,0.0454,0.9100,-3.5350,-0.0700
61538444,sitting,0.9906,-0.0271,0.0461,0.8400,-3.5700,-0.0700
61538463,sitting,0.9906,-0.0283,0.0456,0.7700,-3.5000,-0.0700
61538482,sitting,0.9914,-0.0273,0.0464,0.8750,-3.5700,-0.0700
61538502,sitting,0.9906,-0.0273,0.0461,0.8400,-3.5700,-0.0700
61538521,sitting,0.9904,-0.0281,0.0451,0.8400,-3.5700,-0.1050
61538540,sitting,0.9911,-0.0283,0.0451,0.9100,-3.5350,-0.0700
61538559,sitting,0.9911,-0.0276,0.0454,0.8400,-3.5350,-0.0700
61538578,sitting,0.9911,-0.0278,0.0461,0.8400,-3.5000,-0.0700
61538598,sitting,0.9906,-0.0273,0.0456,0.8750,-3.6050,-0.0700
61538617,sitting,0.9906,-0.0278,0.0456,0.8750,-3.5700,-0.0350
61538636,sitting,0.9911,-0.0273,0.0447,0.8400,-3.5350,-0.0700
61538655,sitting,0.9914,-0.0281,0.0456,0.8750,-3.5000,-0.0700
61538675,sitting,0.9906,-0.0261,0.0444,0.8750,-3.6050,-0.0700
61538694,sitting,0.9914,-0.0217,0.0442,0.9800,-3.4650,-0.1050
61538713,sitting,0.9919,-0.0334,0.0515,0.8400,-3.5350,-0.0350
61538732,sitting,0.9887,-0.0288,0.0410,0.8400,-3.6050,0.0000
61538752,sitting,0.9904,-0.0285,0.0449,0.8750,-3.4650,-0.0700
61538771,sitting,0.9921,-0.0271,0.0478,0.8400,-3.5350,-0.0700
61538790,sitting,0.9906,-0.0254,0.0432,0.9100,-3.5700,-0.0700
61538809,sitting,0.9919,-0.0317,0.0478,0.8400,-3.5350,-0.0700
61538828,sitting,0.9902,-0.0259,0.0429,0.8050,-3.5000,-0.0700
61538848,sitting,0.9904,-0.0249,0.0468,0.9100,-3.5350,-0.0350
61538867,sitting,0.9902,-0.0276,0.0447,0.9100,-3.5700,-0.0350
61538886,sitting,0.9899,-0.0303,0.0449,0.8750,-3.5000,-0.0700
61538905,sitting,0.9899,-0.0283,0.0447,0.9100,-3.5350,-0.1050
61538925,sitting,0.9909,-0.0242,0.0456,0.8750,-3.5700,0.0000
61538944,sitting,0.9909,-0.0256,0.0456,0.8400,-3.5000,-0.0700
61538963,sitting,0.9904,-0.0293,0.0449,0.8400,-3.5700,-0.0700
61538982,sitting,0.9906,-0.0295,0.0459,0.8400,-3.5000,-0.0700
61539002,sitting,0.9921,-0.0266,0.0471,0.8400,-3.5350,-0.0350
61539021,sitting,0.9914,-0.0261,0.0466,0.9100,-3.5000,-0.0700
61539040,sitting,0.9906,-0.0283,0.0461,0.8750,-3.5700,-0.0700
61539059,sitting,0.9916,-0.0293,0.0449,0.8400,-3.5700,-0.1050
61539078,sitting,0.9899,-0.0285,0.0454,0.8050,-3.5350,-0.0700
61539098,sitting,0.9904,-0.0283,0.0451,0.8750,-3.5700,-0.0700
61539117,sitting,0.9906,-0.0285,0.0466,0.8750,-3.5350,-0.0700
61539136,sitting,0.9899,-0.0266,0.0451,0.8400,-3.5350,-0.0700
61539155,sitting,0.9909,-0.0264,0.0471,0.8400,-3.5000,-0.1400
61539175,sitting,0.9916,-0.0261,0.0459,0.8750,-3.6050,-0.1050
61539194,sitting,0.9911,-0.0293,0.0454,0.8750,-3.5000,-0.0700
61539213,sitting,0.9904,-0.0290,0.0447,0.8750,-3.5350,-0.0700
61539232,sitting,0.9909,-0.0276,0.0461,0.8400,-3.5350,-0.0700
61539252,sitting,0.9911,-0.0268,0.0459,0.8750,-3.5350,-0.1050
61539271,sitting,0.9904,-0.0276,0.0466,0.8400,-3.5000,-0.0700
61539290,sitting,0.9911,-0.0271,0.0454,0.8750,-3.5350,-0.0700
61539309,sitting,0.9911,-0.0276,0.0459,0.8750,-3.5350,-0.0350
61539328,sitting,0.9904,-0.0278,0.0449,0.8400,-3.5000,-0.0700
61539348,sitting,0.9909,-0.0288,0.0451,0.8750,-3.5350,-0.0700
61539367,sitting,0.9916,-0.0278,0.0461,0.8400,-3.5700,-0.0700
61539386,sitting,0.9906,-0.0278,0.0461,0.8400,-3.5350,-0.0700
61539405,sitting,0.9902,-0.0276,0.0466,0.8750,-3.5350,-0.0700
61539425,sitting,0.9904,-0.0285,0.0461,0.8750,-3.5700,-0.0700
61539444,sitting,0.9902,-0.0278,0.0449,0.8400,-3.5350,-0.0700
61539463,sitting,0.9916,-0.0285,0.0451,0.8400,-3.5350,-0.0700
61539482,sitting,0.9904,-0.0283,0.0451,0.8750,-3.5350,-0.0700
61539502,sitting,0.9909,-0.0273,0.0456,0.8400,-3.5350,-0.1050
61539521,sitting,0.9906,-0.0268,0.0466,0.8400,-3.5000,-0.0700
61539540,sitting,0.9906,-0.0278,0.0459,0.9100,-3.5700,-0.0700
61539559,sitting,0.9906,-0.0283,0.0454,0.8400,-3.5350,-0.0700
61539578,sitting,0.9909,-0.0283,0.0461,0.8400,-3.5350,-0.0700
61539598,sitting,0.9911,-0.0278,0.0461,0.9100,-3.6050,-0.0350
61539617,sitting,0.9911,-0.0273,0.0451,0.8750,-3.5000,-0.0700
61539636,sitting,0.9911,-0.0278,0.0451,0.9100,-3.5350,-0.0350
61539655,sitting,0.9909,-0.0273,0.0449,0.8400,-3.5350,-0.0700
61539675,sitting,0.9911,-0.0271,0.0456,0.8400,-3.5700,-0.0700
61539694,sitting,0.9906,-0.0278,0.0451,0.8400,-3.5000,-0.0350
61539713,sitting,0.9899,-0.0276,0.0451,0.8400,-3.5700,-0.0700
61539732,sitting,0.9906,-0.0273,0.0461,0.9100,-3.5350,-0.0700
61539752,sitting,0.9902,-0.0268,0.0459,0.8750,-3.5700,-0.0700
61539771,sitting,0.9902,-0.0273,0.0459,0.9100,-3.5000,-0.0700
61539790,sitting,0.9911,-0.0276,0.0451,0.8750,-3.5700,-0.0700
61539809,sitting,0.9916,-0.0273,0.0451,0.8750,-3.5000,-0.0700
61539828,sitting,0.9911,-0.0273,0.0461,0.8750,-3.5350,-0.0700
61539848,sitting,0.9906,-0.0288,0.0456,0.8750,-3.5350,-0.0350
61539867,sitting,0.9911,-0.0288,0.0454,0.8750,-3.5700,-0.0700
61539886,sitting,0.9906,-0.0283,0.0459,0.9100,-3.5350,-0.0700
61539905,sitting,0.9916,-0.0271,0.0461,0.8400,-3.5350,-0.0700
61539925,sitting,0.9909,-0.0278,0.0456,0.8400,-3.5350,-0.1050
61539944,sitting,0.9906,-0.0266,0.0449,0.8750,-3.4650,-0.0700
61539963,sitting,0.9919,-0.0278,0.0444,0.8400,-3.5350,-0.0700
61539982,sitting,0.9909,-0.0281,0.0459,0.8750,-3.5700,-0.0700
61540002,sitting,0.9906,-0.0281,0.0468,0.8400,-3.5350,-0.0700
61540021,sitting,0.9914,-0.0283,0.0459,0.8400,-3.5000,-0.0700
61540040,sitting,0.9906,-0.0283,0.0444,0.8400,-3.5700,-0.1050
61540059,sitting,0.9906,-0.0273,0.0459,0.8750,-3.5700,-0.0700
61540078,sitting,0.9916,-0.0276,0.0459,0.8750,-3.5700,-0.0350
61540098,sitting,0.9919,-0.0281,0.0454,0.8750,-3.5350,-0.0700
61540117,sitting,0.9916,-0.0271,0.0449,0.9100,-3.5700,-0.0700
61540136,sitting,0.9906,-0.0276,0.0447,0.8400,-3.5700,-0.0700
61540155,sitting,0.9902,-0.0285,0.0461,0.8400,-3.5350,-0.0700
61540175,sitting,0.9909,-0.0283,0.0459,0.9100,-3.5350,-0.0700
61540194,sitting,0.9906,-0.0281,0.0456,0.8750,-3.5350,-0.0700
61540213,sitting,0.9906,-0.0268,0.0454,0.8750,-3.5700,-0.0350
61540232,sitting,0.9902,-0.0268,0.0466,0.8400,-3.5700,-0.0700
61540252,sitting,0.9911,-0.0278,0.0456,0.8400,-3.5350,-0.0700
61540271,sitting,0.9904,-0.0281,0.0454,0.8400,-3.5000,-0.0700
61540290,sitting,0.9909,-0.0276,0.0454,0.8750,-3.5350,-0.0700
61540309,sitting,0.9923,-0.0271,0.0459,0.8750,-3.5000,-0.0700
61540328,sitting,0.9914,-0.0271,0.0461,0.8400,-3.5000,-0.0700
61540348,sitting,0.9897,-0.0281,0.0454,0.8750,-3.6050,-0.0700
61540367,sitting,0.9904,-0.0276,0.0456,0.9100,-3.5700,0.0000
61540386,sitting,0.9906,-0.0276,0.0456,0.8400,-3.5000,-0.0700
61540405,sitting,0.9906,-0.0266,0.0449,0.8050,-3.4650,-0.0700
61540425,sitting,0.9914,-0.0271,0.0449,0.9100,-3.5700,-0.0350
61540444,sitting,0.9902,-0.0288,0.0451,0.8400,-3.5350,-0.0700
61540463,sitting,0.9906,-0.0281,0.0456,0.8400,-3.5000,-0.0700
61540482,sitting,0.9911,-0.0273,0.0447,0.8750,-3.5350,-0.0700
61540502,sitting,0.9911,-0.0276,0.0454,0.9100,-3.5000,-0.0350
61540521,sitting,0.9914,-0.0268,0.0456,0.8750,-3.5000,-0.0350
61540540,sitting,0.9911,-0.0285,0.0449,0.8750,-3.5700,-0.0350
61540559,sitting,0.9911,-0.0278,0.0456,0.8750,-3.5700,-0.0700
61540578,sitting,0.9909,-0.0273,0.0454,0.8750,-3.5350,-0.0700
61540598,sitting,0.9904,-0.0273,0.0454,0.8400,-3.5350,-0.1050
61540617,sitting,0.9904,-0.0281,0.0459,0.8750,-3.5350,-0.1050
61540636,sitting,0.9914,-0.0278,0.0451,0.8400,-3.5000,-0.0700
61540655,sitting,0.9909,-0.0281,0.0461,0.8400,-3.5000,-0.0700
61540675,sitting,0.9911,-0.0271,0.0454,0.9100,-3.5000,-0.0350
61540694,sitting,0.9899,-0.0283,0.0451,0.8400,-3.5700,-0.1050
61540713,sitting,0.9904,-0.0281,0.0456,0.8400,-3.5350,-0.0700
61540732,sitting,0.9914,-0.0276,0.0447,0.9100,-3.5700,-0.0350
61540752,sitting,0.9909,-0.0266,0.0454,0.8400,-3.6050,-0.0350
61540771,sitting,0.9914,-0.0268,0.0456,0.8050,-3.5350,-0.0700
61540790,sitting,0.9909,-0.0268,0.0451,0.8400,-3.5350,-0.0700
61540809,sitting,0.9906,-0.0281,0.0451,0.8750,-3.5700,-0.0700
61540828,sitting,0.9909,-0.0273,0.0451,0.8050,-3.5000,0.0000
61540848,sitting,0.9906,-0.0278,0.0454,0.8400,-3.5350,-0.0700
61540867,sitting,0.9906,-0.0276,0.0451,0.8400,-3.5350,-0.0700
61540886,sitting,0.9906,-0.0278,0.0451,0.8400,-3.5000,-0.0700
61540905,sitting,0.9911,-0.0276,0.0449,0.8400,-3.5700,-0.0350
61540925,sitting,0.9916,-0.0281,0.0456,0.9100,-3.5700,-0.0350
61540944,sitting,0.9906,-0.0288,0.0459,0.8750,-3.5000,-0.0700
61540963,sitting,0.9909,-0.0285,0.0456,0.8400,-3.4650,-0.0700
61540982,sitting,0.9911,-0.0276,0.0464,0.8750,-3.5000,-0.0700
61541002,sitting,0.9909,-0.0276,0.0454,0.8750,-3.5000,-0.0700
61541021,sitting,0.9902,-0.0266,0.0454,0.8750,-3.5350,-0.0700
61541040,sitting,0.9902,-0.0290,0.0451,0.8750,-3.5350,-0.0700
61541059,sitting,0.9909,-0.0288,0.0461,0.8750,-3.5350,-0.0700
61541078,sitting,0.9902,-0.0283,0.0456,0.8050,-3.5350,-0.0350
61541098,sitting,0.9909,-0.0268,0.0447,0.8400,-3.5350,-0.0700
61541117,sitting,0.9909,-0.0271,0.0444,0.8400,-3.5350,-0.0700
61541136,sitting,0.9906,-0.0276,0.0447,0.8750,-3.5350,-0.1050
61541155,sitting,0.9904,-0.0278,0.0442,0.8750,-3.5350,-0.1050
61541175,sitting,0.9902,-0.0281,0.0449,0.8750,-3.5700,-0.0700
61541194,sitting,0.9897,-0.0288,0.0454,0.8400,-3.5700,-0.0700
61541213,sitting,0.9909,-0.0281,0.0442,0.8400,-3.5000,-0.0700
61541232,sitting,0.9904,-0.0276,0.0454,0.8750,-3.5700,-0.0700
61541252,sitting,0.9916,-0.0276,0.0459,0.8400,-3.5700,-0.0700
61541271,sitting,0.9906,-0.0271,0.0451,0.8400,-3.5000,-0.0350
61541290,sitting,0.9904,-0.0273,0.0449,0.8750,-3.5350,-0.0700
61541309,sitting,0.9902,-0.0281,0.0456,0.8750,-3.5700,-0.0700
61541328,sitting,0.9904,-0.0273,0.0454,0.8400,-3.5000,-0.0700
61541348,sitting,0.9911,-0.0281,0.0451,0.9100,-3.5350,-0.0350
61541367,sitting,0.9911,-0.0283,0.0456,0.8400,-3.5700,-0.0700
61541386,sitting,0.9914,-0.0281,0.0459,0.8750,-3.5000,-0.0700
61541405,sitting,0.9909,-0.0278,0.0456,0.8400,-3.5000,-0.0350
61541425,sitting,0.9911,-0.0288,0.0454,0.8750,-3.5700,-0.0350
61541444,sitting,0.9916,-0.0273,0.0449,0.8750,-3.5000,-0.0350
61541463,sitting,0.9909,-0.0271,0.0454,0.8400,-3.4650,-0.0700
61541482,sitting,0.9904,-0.0276,0.0454,0.8400,-3.5350,-0.0350
61541502,sitting,0.9902,-0.0268,0.0449,0.8750,-3.5700,-0.0700
61541521,sitting,0.9909,-0.0273,0.0449,0.8400,-3.5000,-0.1050
61541540,sitting,0.9914,-0.0273,0.0451,0.8400,-3.5350,-0.0700
61541559,sitting,0.9899,-0.0271,0.0456,0.8400,-3.5700,-0.0700
61541578,sitting,0.9894,-0.0273,0.0461,0.8400,-3.5000,-0.0350
61541598,sitting,0.9906,-0.0276,0.0466,0.8750,-3.5700,0.0000
61541617,sitting,0.9909,-0.0268,0.0456,0.8400,-3.5700,-0.0350
61541636,sitting,0.9904,-0.0271,0.0459,0.8750,-3.4650,-0.0350
61541655,sitting,0.9909,-0.0268,0.0461,0.8400,-3.5000,-0.0700
61541675,sitting,0.9904,-0.0278,0.0461,0.8400,-3.5350,-0.1050
61541694,sitting,0.9904,-0.0276,0.0459,0.8750,-3.5350,-0.0700
61541713,sitting,0.9904,-0.0276,0.0459,0.8750,-3.5000,-0.0700
61541732,sitting,0.9916,-0.0268,0.0454,0.8750,-3.5700,-0.0700
61541752,sitting,0.9914,-0.0276,0.0461,0.8750,-3.5700,-0.0700
61541771,sitting,0.9909,-0.0281,0.0459,0.8750,-3.5350,-0.1050
61541790,sitting,0.9909,-0.0273,0.0454,0.9100,-3.5000,-0.0700
61541809,sitting,0.9911,-0.0281,0.0451,0.8750,-3.5700,-0.0350
61541828,sitting,0.9909,-0.0285,0.0459,0.8400,-3.5000,-0.1050
61541848,sitting,0.9909,-0.0278,0.0454,0.8750,-3.5000,-0.0350
61541867,sitting,0.9909,-0.0276,0.0451,0.8400,-3.5350,0.0000
61541886,sitting,0.9904,-0.0273,0.0461,0.8050,-3.5350,-0.0700
61541905,sitting,0.9902,-0.0278,0.0464,0.8400,-3.5000,-0.0700
61541925,sitting,0.9904,-0.0281,0.0451,0.8400,-3.5700,-0.0700
61541944,sitting,0.9914,-0.0268,0.0447,0.8050,-3.5350,-0.0350
61541963,sitting,0.9906,-0.0271,0.0464,0.8400,-3.5000,-0.0700
61541982,sitting,0.9914,-0.0281,0.0456,0.8400,-3.5700,-0.1050
61542002,sitting,0.9904,-0.0281,0.0459,0.8750,-3.5000,-0.1050
61542021,sitting,0.9909,-0.0278,0.0454,0.8050,-3.5000,-0.0700
61542040,sitting,0.9906,-0.0278,0.0461,0.8400,-3.5350,-0.0700
61542059,sitting,0.9904,-0.0271,0.0451,0.8400,-3.5350,-0.0700
61542078,sitting,0.9906,-0.0278,0.0461,0.8400,-3.5000,-0.0700
61542098,sitting,0.9909,-0.0271,0.0461,0.8750,-3.5700,-0.0700
61542117,sitting,0.9906,-0.0266,0.0454,0.8750,-3.5700,-0.0700
61542136,sitting,0.9909,-0.0281,0.0461,0.8400,-3.5000,-0.0700
61542155,sitting,0.9894,-0.0285,0.0456,0.8750,-3.5000,-0.0700
61542175,sitting,0.9909,-0.0285,0.0461,0.8400,-3.5350,-0.0700
61542194,sitting,0.9919,-0.0276,0.0454,0.8750,-3.5350,-0.1050
61542213,sitting,0.9906,-0.0273,0.0451,0.9100,-3.5700,-0.0350
61542232,sitting,0.9914,-0.0276,0.0461,0.8750,-3.5350,0.0000
61542252,sitting,0.9899,-0.0285,0.0466,0.8400,-3.5000,-0.1050
61542271,sitting,0.9904,-0.0283,0.0459,0.8050,-3.5000,-0.1400
61542290,sitting,0.9904,-0.0285,0.0461,0.8400,-3.5350,-0.0700
61542309,sitting,0.9899,-0.0268,0.0451,0.8400,-3.5000,-0.0700
61542328,sitting,0.9906,-0.0268,0.0454,0.8400,-3.5000,-0.0700
61542348,sitting,0.9909,-0.0278,0.0454,0.8750,-3.5350,-0.0700
61542367,sitting,0.9911,-0.0278,0.0454,0.8400,-3.5350,-0.0700
61542386,sitting,0.9906,-0.0273,0.0447,0.8400,-3.5350,-0.0350
61542405,sitting,0.9916,-0.0266,0.0451,0.8400,-3.5000,-0.0350
61542425,sitting,0.9914,-0.0273,0.0456,0.8400,-3.5350,-0.0700
61542444,sitting,0.9909,-0.0271,0.0468,0.8750,-3.5350,-0.0700
61542463,sitting,0.9911,-0.0281,0.0451,0.8400,-3.5000,-0.0700
61542482,sitting,0.9916,-0.0273,0.0454,0.9100,-3.5700,-0.0350
61542502,sitting,0.9916,-0.0276,0.0461,0.8400,-3.5700,-0.0350
61542521,sitting,0.9904,-0.0278,0.0466,0.8400,-3.5700,-0.0700
61542540,sitting,0.9914,-0.0276,0.0461,0.8750,-3.6050,-0.0700
61542559,sitting,0.9909,-0.0273,0.0459,0.9100,-3.5350,-0.0700
61542578,sitting,0.9906,-0.0271,0.0459,0.8750,-3.5350,-0.0700
61542598,sitting,0.9904,-0.0266,0.0459,0.8400,-3.5000,-0.0700
61542617,sitting,0.9919,-0.0285,0.0456,0.8750,-3.5350,-0.0700
61542636,sitting,0.9904,-0.0264,0.0454,0.8400,-3.5350,-0.0700
61542655,sitting,0.9902,-0.0281,0.0442,0.8400,-3.5000,-0.0700
61542675,sitting,0.9909,-0.0273,0.0451,0.8750,-3.5350,-0.0700
61542694,sitting,0.9911,-0.0273,0.0456,0.8400,-3.5000,-0.0700
61542713,sitting,0.9914,-0.0276,0.0456,0.8400,-3.5000,-0.0700
61542732,sitting,0.9916,-0.0266,0.0456,0.8750,-3.5350,-0.1050
61542752,sitting,0.9906,-0.0273,0.0454,0.8750,-3.5000,-0.0350
61542771,sitting,0.9904,-0.0285,0.0451,0.8050,-3.5350,-0.0350
61542790,sitting,0.9904,-0.0278,0.0449,0.9100,-3.5700,-0.0700
61542809,sitting,0.9906,-0.0273,0.0454,0.8750,-3.5350,-0.0700
61542828,sitting,0.9911,-0.0276,0.0456,0.8400,-3.5000,-0.0700
61542848,sitting,0.9919,-0.0285,0.0459,0.9100,-3.5700,-0.0700
61542867,sitting,0.9909,-0.0276,0.0454,0.8750,-3.5700,-0.0700
61542886,sitting,0.9899,-0.0271,0.0456,0.8750,-3.5700,-0.0700
61542905,sitting,0.9902,-0.0276,0.0456,0.8400,-3.5000,-0.0700
61542925,sitting,0.9914,-0.0283,0.0466,0.8400,-3.4650,-0.0700
61542944,sitting,0.9916,-0.0278,0.0459,0.8400,-3.5000,-0.0700
61542963,sitting,0.9911,-0.0273,0.0449,0.8400,-3.5350,-0.1050
61542982,sitting,0.9899,-0.0271,0.0454,0.9100,-3.5350,-0.0700
61543002,sitting,0.9916,-0.0271,0.0454,0.9100,-3.5350,-0.0700
61543021,sitting,0.9909,-0.0273,0.0451,0.8400,-3.4650,-0.0700
61543040,sitting,0.9897,-0.0276,0.0468,0.8750,-3.5350,-0.0700
61543059,sitting,0.9914,-0.0268,0.0456,0.8400,-3.6050,-0.0350
61543078,sitting,0.9904,-0.0273,0.0451,0.8400,-3.5000,-0.0700
61543098,sitting,0.9911,-0.0281,0.0464,0.9100,-3.5350,-0.0700
61543117,sitting,0.9904,-0.0276,0.0456,0.8750,-3.5350,-0.0700
61543136,sitting,0.9914,-0.0281,0.0456,0.8400,-3.5000,-0.0700
61543155,sitting,0.9909,-0.0281,0.0459,0.8400,-3.5000,-0.0700
61543175,sitting,0.9909,-0.0281,0.0454,0.8400,-3.5350,-0.0700
61543194,sitting,0.9904,-0.0271,0.0454,0.8400,-3.5350,-0.0700
61543213,sitting,0.9902,-0.0283,0.0464,0.8400,-3.5000,-0.0700
61543232,sitting,0.9902,-0.0273,0.0459,0.8400,-3.5000,-0.0700
61543252,sitting,0.9902,-0.0261,0.0459,0.8400,-3.5700,-0.0700
61543271,sitting,0.9911,-0.0281,0.0449,0.8400,-3.5000,-0.0700
61543290,sitting,0.9902,-0.0281,0.0459,0.8400,-3.5350,-0.0700
61543309,sitting,0.9906,-0.0285,0.0456,0.8750,-3.5700,-0.0700
61543328,sitting,0.9906,-0.0273,0.0454,0.8400,-3.5000,-0.0700
61543348,sitting,0.9906,-0.0281,0.0459,0.8750,-3.5000,-0.0700
61543367,sitting,0.9906,-0.0271,0.0456,0.8400,-3.5350,-0.0700
61543386,sitting,0.9911,-0.0264,0.0454,0.8400,-3.5350,-0.0700
61543405,sitting,0.9906,-0.0273,0.0461,0.9100,-3.5000,-0.0700
61543425,sitting,0.9919,-0.0268,0.0461,0.8400,-3.5000,-0.1050
61543444,sitting,0.9909,-0.0261,0.0464,0.8750,-3.5700,-0.0700
61543463,sitting,0.9902,-0.0271,0.0461,0.8400,-3.5000,-0.0700
61543482,sitting,0.9902,-0.0281,0.0456,0.8400,-3.5350,-0.0700
61543502,sitting,0.9911,-0.0276,0.0459,0.9100,-3.5350,-0.0700
61543521,sitting,0.9911,-0.0276,0.0447,0.8400,-3.5350,-0.1050
61543540,sitting,0.9904,-0.0276,0.0461,0.9100,-3.5700,-0.0700
61543559,sitting,0.9906,-0.0283,0.0451,0.8750,-3.5700,0.0000
61543578,sitting,0.9911,-0.0273,0.0456,0.8400,-3.5350,-0.0700
61543598,sitting,0.9911,-0.0278,0.0439,0.8050,-3.5000,-0.0700
61543617,sitting,0.9906,-0.0288,0.0459,0.8750,-3.5350,-0.0350
61543636,sitting,0.9916,-0.0264,0.0454,0.8750,-3.5350,-0.0700
61543655,sitting,0.9904,-0.0276,0.0456,0.8400,-3.5700,-0.0700
61543675,sitting,0.9919,-0.0278,0.0451,0.8750,-3.5000,-0.0700
61543694,sitting,0.9911,-0.0281,0.0459,0.8400,-3.5350,-0.0700
61543713,sitting,0.9909,-0.0281,0.0447,0.8400,-3.5000,-0.0700
61543732,sitting,0.9904,-0.0281,0.0456,0.8750,-3.5350,-0.0700
61543752,sitting,0.9906,-0.0268,0.0454,0.8400,-3.5700,-0.0700
61543771,sitting,0.9906,-0.0276,0.0454,0.8400,-3.5350,-0.0700
61543790,sitting,0.9906,-0.0273,0.0459,0.8750,-3.5000,-0.0700
61543809,sitting,0.9902,-0.0285,0.0456,0.8750,-3.5350,-0.0700
61543828,sitting,0.9914,-0.0268,0.0454,0.8400,-3.5000,-0.0700
61543848,sitting,0.9906,-0.0278,0.0454,0.8400,-3.5350,-0.1050
61543867,sitting,0.9899,-0.0285,0.0459,0.9450,-3.5700,-0.0700
61543886,sitting,0.9909,-0.0273,0.0459,0.8750,-3.5700,-0.0700
61543905,sitting,0.9902,-0.0276,0.0451,0.8400,-3.5000,-0.0700
61543925,sitting,0.9911,-0.0276,0.0454,0.9100,-3.5700,-0.0700
61543944,sitting,0.9902,-0.0285,0.0454,0.9100,-3.5000,-0.0700
61543963,sitting,0.9909,-0.0271,0.0451,0.8400,-3.5000,-0.0700
61543982,sitting,0.9906,-0.0276,0.0449,0.8400,-3.5000,-0.0350
61544002,sitting,0.9914,-0.0273,0.0459,0.9100,-3.5700,-0.0700
61544021,sitting,0.9909,-0.0276,0.0456,0.8750,-3.5000,-0.0350
61544040,sitting,0.9906,-0.0273,0.0459,0.8750,-3.5350,0.0000
61544059,sitting,0.9904,-0.0278,0.0447,0.8400,-3.5700,-0.0700
61544078,sitting,0.9911,-0.0268,0.0454,0.8400,-3.5350,-0.0350
61544098,sitting,0.9904,-0.0273,0.0449,0.8400,-3.5350,-0.0350
61544117,sitting,0.9911,-0.0278,0.0447,0.8400,-3.5700,0.0000
61544136,sitting,0.9906,-0.0273,0.0454,0.8400,-3.5700,-0.0700
61544155,sitting,0.9906,-0.0283,0.0459,0.8400,-3.5700,-0.0700
61544175,sitting,0.9904,-0.0285,0.0451,0.8400,-3.5700,0.0000
61544194,sitting,0.9906,-0.0278,0.0454,0.9100,-3.5700,-0.0700
61544213,sitting,0.9894,-0.0276,0.0451,0.8400,-3.5000,-0.0350
61544232,sitting,0.9904,-0.0276,0.0444,0.8400,-3.5700,-0.0700
61544252,sitting,0.9894,-0.0278,0.0451,0.9100,-3.5350,-0.0700
61544271,sitting,0.9902,-0.0268,0.0449,0.8750,-3.5000,-0.0700
61544290,sitting,0.9909,-0.0268,0.0459,0.8750,-3.5350,-0.0700
61544309,sitting,0.9911,-0.0266,0.0456,0.8750,-3.5350,-0.0700
61544328,sitting,0.9906,-0.0273,0.0451,0.8400,-3.5000,-0.0350
61544348,sitting,0.9899,-0.0273,0.0447,0.9100,-3.5350,-0.0700
61544367,sitting,0.9902,-0.0276,0.0459,0.8750,-3.5700,-0.0700
61544386,sitting,0.9899,-0.0266,0.0444,0.8400,-3.5000,-0.0350
61544405,sitting,0.9904,-0.0276,0.0456,0.8400,-3.5000,-0.0700
61544425,sitting,0.9906,-0.0281,0.0454,0.9100,-3.5350,-0.0350
61544444,sitting,0.9916,-0.0276,0.0454,0.9100,-3.5700,-0.0350
61544463,sitting,0.9906,-0.0273,0.0461,0.8750,-3.5350,-0.0700
61544482,sitting,0.9909,-0.0271,0.0456,0.8400,-3.5700,-0.0350
61544502,sitting,0.9899,-0.0273,0.0451,0.8750,-3.5700,-0.0350
61544521,sitting,0.9909,-0.0273,0.0456,0.8400,-3.5000,-0.0700
61544540,sitting,0.9916,-0.0281,0.0456,0.8750,-3.5350,-0.0700
61544559,sitting,0.9906,-0.0276,0.0459,0.8400,-3.5700,-0.1050
61544578,sitting,0.9909,-0.0278,0.0449,0.8750,-3.5350,-0.0700
61544598,sitting,0.9899,-0.0271,0.0459,0.8400,-3.5350,-0.0700
61544617,sitting,0.9906,-0.0268,0.0459,0.8400,-3.5350,-0.0700
61544636,sitting,0.9914,-0.0285,0.0454,0.8750,-3.5350,-0.0700
61544655,sitting,0.9916,-0.0285,0.0459,0.8750,-3.5000,-0.0700
61544675,sitting,0.9911,-0.0285,0.0454,0.8400,-3.5350,-0.0700
61544694,sitting,0.9902,-0.0268,0.0449,0.8400,-3.5350,-0.1050
61544713,sitting,0.9906,-0.0281,0.0442,0.8400,-3.5000,-0.1050
61544732,sitting,0.9911,-0.0273,0.0456,0.8400,-3.5350,-0.0700
61544752,sitting,0.9906,-0.0281,0.0468,0.8400,-3.5350,-0.0700
61544771,sitting,0.9911,-0.0273,0.0456,0.8050,-3.5000,-0.0700
61544790,sitting,0.9899,-0.0268,0.0449,0.8750,-3.5000,-0.0350
61544809,sitting,0.9904,-0.0276,0.0449,0.8750,-3.5700,-0.0700
61544828,sitting,0.9909,-0.0273,0.0451,0.8750,-3.5350,-0.0700
61544848,sitting,0.9911,-0.0281,0.0449,0.8400,-3.5000,-0.0700
61544867,sitting,0.9909,-0.0278,0.0459,0.8750,-3.5350,-0.0700
61544886,sitting,0.9914,-0.0268,0.0459,0.8750,-3.5350,-0.0700
61544905,sitting,0.9911,-0.0273,0.0461,0.8400,-3.5350,-0.0700
61544925,sitting,0.9902,-0.0281,0.0461,0.8400,-3.5700,-0.0700
61544944,sitting,0.9906,-0.0276,0.0464,0.9100,-3.5700,-0.0350
61544963,sitting,0.9906,-0.0268,0.0454,0.9100,-3.5350,-0.0700
61544982,sitting,0.9906,-0.0278,0.0459,0.8400,-3.5350,-0.0700
61545002,sitting,0.9904,-0.0283,0.0454,0.8750,-3.5350,-0.0700
61545021,sitting,0.9906,-0.0283,0.0447,0.8400,-3.5000,-0.0700
61545040,sitting,0.9904,-0.0266,0.0451,0.8400,-3.5000,-0.0350
61545059,sitting,0.9911,-0.0268,0.0449,0.8400,-3.5700,-0.0350
61545078,sitting,0.9916,-0.0281,0.0461,0.8400,-3.5350,-0.1050
61545098,sitting,0.9906,-0.0283,0.0459,0.8750,-3.5350,-0.0350
61545117,sitting,0.9902,-0.0276,0.0451,0.9100,-3.5700,-0.0700
61545136,sitting,0.9904,-0.0278,0.0449,0.8400,-3.5700,-0.0700
61545155,sitting,0.9906,-0.0266,0.0454,0.9100,-3.5000,-0.0700
61545175,sitting,0.9916,-0.0273,0.0447,0.8400,-3.5350,-0.0700
61545194,sitting,0.9909,-0.0271,0.0454,0.9100,-3.5700,-0.0700
61545213,sitting,0.9909,-0.0273,0.0449,0.8400,-3.4650,-0.0350
61545232,sitting,0.9906,-0.0268,0.0449,0.8400,-3.5350,-0.0350
61545252,sitting,0.9906,-0.0273,0.0444,0.8750,-3.5350,-0.0700
61545271,sitting,0.9911,-0.0271,0.0454,0.8750,-3.5000,-0.0700
61545290,sitting,0.9906,-0.0273,0.0442,0.8750,-3.5700,-0.0700
61545309,sitting,0.9911,-0.0273,0.0451,0.8400,-3.5700,-0.0700
61545328,sitting,0.9909,-0.0273,0.0454,0.8400,-3.5000,-0.0700
61545348,sitting,0.9904,-0.0276,0.0451,0.8400,-3.4650,-0.1050
61545367,sitting,0.9904,-0.0273,0.0454,0.8750,-3.5700,-0.0700
61545386,sitting,0.9914,-0.0281,0.0456,0.8400,-3.5000,0.0000
61545405,sitting,0.9914,-0.0278,0.0461,0.8400,-3.5000,-0.0350
61545425,sitting,0.9909,-0.0278,0.0451,0.8400,-3.5350,-0.0700
61545444,sitting,0.9906,-0.0271,0.0444,0.8400,-3.5350,-0.0350
61545463,sitting,0.9909,-0.0271,0.0451,0.8050,-3.5700,-0.0700
61545482,sitting,0.9899,-0.0276,0.0449,0.8400,-3.5350,-0.0700
61545502,sitting,0.9906,-0.0271,0.0454,0.8400,-3.6050,-0.0350
61545521,sitting,0.9911,-0.0276,0.0454,0.8400,-3.5350,-0.0700
61545540,sitting,0.9909,-0.0281,0.0454,0.8400,-3.5700,-0.0700
61545559,sitting,0.9902,-0.0276,0.0464,0.8750,-3.5700,-0.0700
61545578,sitting,0.9904,-0.0271,0.0454,0.8400,-3.5000,-0.0700
61545598,sitting,0.9909,-0.0276,0.0461,0.8400,-3.5350,-0.1050
61545617,sitting,0.9916,-0.0276,0.0468,0.8750,-3.5700,-0.0700
61545636,sitting,0.9914,-0.0276,0.0454,0.8400,-3.5350,0.0000
61545655,sitting,0.9914,-0.0283,0.0454,0.8400,-3.5350,-0.0700
61545675,sitting,0.9916,-0.0273,0.0451,0.8400,-3.5350,-0.0700
61545694,sitting,0.9919,-0.0268,0.0456,0.9100,-3.5350,-0.0700
61545713,sitting,0.9916,-0.0273,0.0447,0.8400,-3.5000,-0.1050
61545732,sitting,0.9909,-0.0283,0.0459,0.8400,-3.5000,-0.1050
61545752,sitting,0.9909,-0.0281,0.0461,0.8750,-3.5350,-0.1050
61545771,sitting,0.9904,-0.0276,0.0459,0.8400,-3.5000,-0.0700
61545790,sitting,0.9904,-0.0273,0.0459,0.8400,-3.5350,-0.0700
61545809,sitting,0.9899,-0.0278,0.0451,0.9450,-3.5700,-0.1050
61545828,sitting,0.9906,-0.0278,0.0456,0.9100,-3.5000,-0.0700
61545848,sitting,0.9911,-0.0283,0.0464,0.8400,-3.5000,-0.0350
61545867,sitting,0.9906,-0.0281,0.0459,0.8750,-3.5000,-0.0700
61545886,sitting,0.9904,-0.0278,0.0447,0.8400,-3.5700,-0.0350
61545905,sitting,0.9904,-0.0273,0.0461,0.8750,-3.5000,-0.0700
61545925,sitting,0.9906,-0.0276,0.0459,0.8750,-3.5350,-0.1050
61545944,sitting,0.9906,-0.0276,0.0468,0.9100,-3.5700,-0.0700
61545963,sitting,0.9894,-0.0278,0.0459,0.8400,-3.4650,-0.0700
61545982,sitting,0.9902,-0.0281,0.0449,0.8400,-3.5000,-0.0700
61546002,sitting,0.9911,-0.0273,0.0444,0.8400,-3.5700,-0.0700
61546021,sitting,0.9904,-0.0271,0.0447,0.8750,-3.5700,-0.0700
61546040,sitting,0.9909,-0.0285,0.0459,0.8750,-3.5000,-0.0700
61546059,sitting,0.9904,-0.0276,0.0454,0.8400,-3.5350,-0.1050
61546078,sitting,0.9909,-0.0278,0.0456,0.8400,-3.5350,-0.0700
61546098,sitting,0.9909,-0.0276,0.0451,0.8400,-3.5350,-0.0700
61546117,sitting,0.9911,-0.0273,0.0449,0.8400,-3.5700,-0.0700
61546136,sitting,0.9902,-0.0276,0.0456,0.8400,-3.5350,-0.0700
61546155,sitting,0.9906,-0.0281,0.0451,0.8750,-3.5350,-0.0700
61546175,sitting,0.9911,-0.0271,0.0459,0.8750,-3.5700,-0.0350
61546194,sitting,0.9909,-0.0276,0.0461,0.9100,-3.5700,-0.0700
61546213,sitting,0.9914,-0.0281,0.0464,0.8050,-3.5000,-0.0700
61546232,sitting,0.9904,-0.0283,0.0459,0.8400,-3.5350,-0.0700
61546252,sitting,0.9904,-0.0281,0.0468,0.9100,-3.5350,-0.0700
61546271,sitting,0.9914,-0.0271,0.0461,0.8400,-3.5350,-0.1050
61546290,sitting,0.9902,-0.0285,0.0459,0.8400,-3.5000,-0.0700
61546309,sitting,0.9914,-0.0278,0.0449,0.8400,-3.5000,-0.1050
61546328,sitting,0.9914,-0.0281,0.0459,0.8750,-3.5000,-0.0350
61546348,sitting,0.9902,-0.0273,0.0461,0.8400,-3.5000,-0.0350
61546367,sitting,0.9906,-0.0276,0.0451,0.8750,-3.5000,-0.0700
61546386,sitting,0.9909,-0.0271,0.0454,0.8750,-3.5700,-0.0700
61546405,sitting,0.9909,-0.0276,0.0459,0.8400,-3.5350,-0.0700
61546425,sitting,0.9904,-0.0276,0.0456,0.8750,-3.5350,-0.0700
61546444,sitting,0.9902,-0.0271,0.0454,0.9100,-3.5000,-0.0700
61546463,sitting,0.9909,-0.0276,0.0451,0.8750,-3.5000,-0.0700
61546482,sitting,0.9906,-0.0271,0.0449,0.8400,-3.5350,-0.0700
61546502,sitting,0.9909,-0.0278,0.0454,0.8400,-3.5700,-0.0350
61546521,sitting,0.9916,-0.0273,0.0459,0.8050,-3.4650,-0.1050
61546540,sitting,0.9914,-0.0278,0.0471,0.8400,-3.5000,-0.0350
61546559,sitting,0.9904,-0.0276,0.0459,0.8400,-3.5350,-0.0350
61546578,sitting,0.9914,-0.0276,0.0456,0.8400,-3.5000,-0.1050
61546598,sitting,0.9914,-0.0273,0.0451,0.8400,-3.5000,-0.0700
61546617,sitting,0.9906,-0.0278,0.0456,0.8400,-3.5350,-0.0700
61546636,sitting,0.9916,-0.0273,0.0451,0.8400,-3.5350,-0.0700
61546655,sitting,0.9906,-0.0276,0.0451,0.8400,-3.5000,-0.1050
61546675,sitting,0.9911,-0.0281,0.0451,0.9100,-3.5000,-0.0700
61546694,sitting,0.9916,-0.0268,0.0447,0.8750,-3.5000,-0.0700
61546713,sitting,0.9911,-0.0281,0.0454,0.8400,-3.5000,-0.1050
61546732,sitting,0.9909,-0.0273,0.0451,0.8400,-3.5000,-0.0700
61546752,sitting,0.9911,-0.0273,0.0456,0.8750,-3.6050,-0.0700
61546771,sitting,0.9911,-0.0281,0.0456,0.8750,-3.5350,-0.0700
61546790,sitting,0.9916,-0.0278,0.0454,0.8400,-3.5000,-0.0700
61546809,sitting,0.9906,-0.0273,0.0456,0.8750,-3.5700,-0.0700
61546828,sitting,0.9904,-0.0278,0.0454,0.8400,-3.5350,-0.0700
61546848,sitting,0.9911,-0.0285,0.0451,0.8750,-3.4650,0.0000
61546867,sitting,0.9911,-0.0273,0.0466,0.8400,-3.5700,-0.0350
61546886,sitting,0.9902,-0.0271,0.0461,0.9100,-3.5350,-0.0700
61546905,sitting,0.9909,-0.0276,0.0454,0.8400,-3.5000,-0.0350
61546925,sitting,0.9909,-0.0273,0.0444,0.8400,-3.5000,-0.0700
61546944,sitting,0.9909,-0.0268,0.0447,0.8400,-3.5350,-0.0700
61546963,sitting,0.9906,-0.0271,0.0456,0.8750,-3.5350,-0.0700
61546982,sitting,0.9911,-0.0278,0.0454,0.8400,-3.5350,-0.0700
61547002,sitting,0.9909,-0.0278,0.0449,0.9100,-3.5350,-0.0700
61547021,sitting,0.9902,-0.0271,0.0464,0.8750,-3.5000,-0.0700
61547040,sitting,0.9904,-0.0283,0.0456,0.8400,-3.5000,-0.0350
61547059,sitting,0.9911,-0.0281,0.0444,0.8750,-3.5350,-0.0700
61547078,sitting,0.9921,-0.0281,0.0449,0.9100,-3.5700,-0.0700
61547098,sitting,0.9911,-0.0285,0.0456,0.8400,-3.5000,-0.0700
61547117,sitting,0.9906,-0.0268,0.0464,0.8750,-3.5000,-0.0700
61547136,sitting,0.9904,-0.0278,0.0454,0.8750,-3.5700,-0.0700
61547155,sitting,0.9906,-0.0276,0.0451,0.8750,-3.5000,-0.0350
61547175,sitting,0.9904,-0.0278,0.0459,0.8750,-3.5700,-0.0700
61547194,sitting,0.9906,-0.0276,0.0454,0.8750,-3.5350,-0.0700
61547213,sitting,0.9909,-0.0271,0.0456,0.8400,-3.5000,-0.0700
61547232,sitting,0.9914,-0.0278,0.0454,0.8750,-3.5000,-0.0700
61547252,sitting,0.9909,-0.0268,0.0456,0.8400,-3.5350,0.0000
61547271,sitting,0.9904,-0.0285,0.0449,0.8400,-3.5350,-0.0700
61547290,sitting,0.9906,-0.0278,0.0451,0.8400,-3.5000,-0.0700
61547309,sitting,0.9911,-0.0271,0.0454,0.8750,-3.5000,-0.0350
61547328,sitting,0.9906,-0.0281,0.0466,0.8400,-3.5000,-0.1050
61547348,sitting,0.9906,-0.0276,0.0454,0.8400,-3.5000,-0.0700
61547367,sitting,0.9914,-0.0276,0.0456,0.8400,-3.5350,-0.0700
61547386,sitting,0.9911,-0.0281,0.0451,0.8750,-3.5000,-0.0350
61547405,sitting,0.9899,-0.0268,0.0459,0.8400,-3.4650,-0.0700
61547425,sitting,0.9899,-0.0271,0.0454,0.8400,-3.5000,-0.0700
61547444,sitting,0.9923,-0.0278,0.0451,0.8400,-3.6050,0.0000
61547463,sitting,0.9926,-0.0281,0.0451,0.8750,-3.5000,-0.0700
61547482,sitting,0.9909,-0.0276,0.0451,0.8400,-3.5000,-0.0700
61547502,sitting,0.9909,-0.0278,0.0456,0.8750,-3.5350,0.0000
61547521,sitting,0.9897,-0.0273,0.0456,0.9100,-3.5350,-0.0350
61547540,sitting,0.9909,-0.0266,0.0461,0.8400,-3.5350,-0.0700
61547559,sitting,0.9906,-0.0283,0.0454,0.8400,-3.5350,-0.1050
61547578,sitting,0.9909,-0.0273,0.0454,0.8750,-3.5350,0.0000
61547598,sitting,0.9906,-0.0271,0.0444,0.8750,-3.5700,-0.0700
61547617,sitting,0.9909,-0.0276,0.0451,0.9100,-3.5700,-0.0700
61547636,sitting,0.9914,-0.0273,0.0459,0.8750,-3.5350,-0.1050
61547655,sitting,0.9919,-0.0276,0.0454,0.8750,-3.5350,-0.0700
61547675,sitting,0.9911,-0.0268,0.0451,0.8750,-3.5000,-0.0700
61547694,sitting,0.9899,-0.0276,0.0449,0.8750,-3.5000,-0.0700
61547713,sitting,0.9911,-0.0281,0.0461,0.8750,-3.5350,-0.0700
61547732,sitting,0.9926,-0.0273,0.0449,0.8750,-3.5000,-0.0700
61547752,sitting,0.9909,-0.0273,0.0454,0.8750,-3.5000,-0.0350
61547771,sitting,0.9904,-0.0276,0.0449,0.9100,-3.5000,-0.0700
61547790,sitting,0.9914,-0.0276,0.0451,0.8400,-3.5000,-0.0700
61547809,sitting,0.9914,-0.0283,0.0459,0.9100,-3.5350,-0.0700
61547828,sitting,0.9906,-0.0273,0.0464,0.9100,-3.5350,-0.0700
61547848,sitting,0.9906,-0.0276,0.0451,0.8400,-3.5350,-0.0700
61547867,sitting,0.9911,-0.0271,0.0456,0.8400,-3.6050,-0.0350
61547886,sitting,0.9911,-0.0278,0.0456,0.8400,-3.5700,0.0000
61547905,sitting,0.9909,-0.0281,0.0449,0.8400,-3.5000,-0.0700
61547925,sitting,0.9906,-0.0276,0.0459,0.8400,-3.5700,-0.0350
61547944,sitting,0.9911,-0.0271,0.0451,0.8400,-3.5700,-0.0700
61547963,sitting,0.9914,-0.0283,0.0456,0.8400,-3.5000,-0.0350
61547982,sitting,0.9911,-0.0285,0.0456,0.8400,-3.5350,-0.0700
61548002,sitting,0.9904,-0.0281,0.0451,0.8750,-3.5700,-0.0700
61548021,sitting,0.9914,-0.0283,0.0449,0.8750,-3.5350,-0.0700
61548040,sitting,0.9909,-0.0278,0.0456,0.8750,-3.5350,-0.0700
61548059,sitting,0.9906,-0.0278,0.0449,0.8400,-3.5350,-0.0700
61548078,sitting,0.9904,-0.0283,0.0451,0.8750,-3.5700,-0.0700
61548098,sitting,0.9914,-0.0278,0.0459,0.8400,-3.5000,-0.0700
61548117,sitting,0.9916,-0.0276,0.0456,0.8750,-3.5350,-0.0350
61548136,sitting,0.9919,-0.0273,0.0461,0.9100,-3.5350,-0.0700
61548155,sitting,0.9899,-0.0271,0.0456,0.8750,-3.5350,-0.0700
61548175,sitting,0.9914,-0.0271,0.0451,0.8750,-3.5350,-0.0700
61548194,sitting,0.9914,-0.0266,0.0456,0.8750,-3.5000,-0.0700
61548213,sitting,0.9904,-0.0281,0.0456,0.8400,-3.5350,-0.0700
61548232,sitting,0.9899,-0.0268,0.0451,0.9100,-3.5000,-0.0700
61548252,sitting,0.9909,-0.0285,0.0454,0.9100,-3.5350,-0.0700
61548271,sitting,0.9911,-0.0271,0.0464,0.8750,-3.5350,-0.0700
61548290,sitting,0.9909,-0.0278,0.0461,0.8400,-3.4650,-0.0350
61548309,sitting,0.9889,-0.0283,0.0456,0.9100,-3.5700,-0.0350
61548328,sitting,0.9899,-0.0273,0.0456,0.8400,-3.5000,-0.0700
61548348,sitting,0.9906,-0.0268,0.0464,0.8750,-3.5000,-0.0700
61548367,sitting,0.9916,-0.0276,0.0459,0.8750,-3.5350,-0.0350
61548386,sitting,0.9904,-0.0271,0.0456,0.8400,-3.5700,-0.0700
61548405,sitting,0.9906,-0.0276,0.0454,0.8400,-3.5000,-0.0700
61548425,sitting,0.9914,-0.0276,0.0451,0.8400,-3.5350,-0.0700
61548444,sitting,0.9914,-0.0281,0.0461,0.8750,-3.5350,-0.0700
61548463,sitting,0.9911,-0.0273,0.0464,0.8400,-3.5350,-0.0700
61548482,sitting,0.9904,-0.0271,0.0466,0.8750,-3.5000,-0.1050
61548502,sitting,0.9904,-0.0281,0.0459,0.8750,-3.5700,-0.0700
61548521,sitting,0.9909,-0.0276,0.0454,0.8750,-3.5700,-0.0700
61548540,sitting,0.9904,-0.0276,0.0451,0.9100,-3.5350,-0.0700
61548559,sitting,0.9909,-0.0283,0.0456,0.9100,-3.5350,-0.0700
61548578,sitting,0.9906,-0.0276,0.0459,0.8750,-3.5350,-0.0700
61548598,sitting,0.9914,-0.0283,0.0459,0.8400,-3.5700,-0.0700
61548617,sitting,0.9906,-0.0266,0.0456,0.8400,-3.5350,-0.1050
61548636,sitting,0.9904,-0.0268,0.0449,0.8400,-3.5700,-0.0350
61548655,sitting,0.9902,-0.0278,0.0456,0.8400,-3.5000,-0.0700
61548675,sitting,0.9906,-0.0271,0.0456,0.8400,-3.5000,-0.0700
61548694,sitting,0.9906,-0.0273,0.0451,0.8400,-3.5700,-0.0700
61548713,sitting,0.9902,-0.0283,0.0459,0.8400,-3.5350,-0.0350
61548732,sitting,0.9902,-0.0281,0.0449,0.9100,-3.5350,-0.0350
61548752,sitting,0.9904,-0.0273,0.0449,0.8750,-3.5700,-0.1050
61548771,sitting,0.9904,-0.0273,0.0464,0.8750,-3.5350,-0.0700
61548790,sitting,0.9904,-0.0278,0.0456,0.8400,-3.4650,-0.0700
61548809,sitting,0.9909,-0.0285,0.0451,0.9100,-3.5350,-0.0700
61548828,sitting,0.9911,-0.0266,0.0464,0.9100,-3.5700,-0.0700
61548848,sitting,0.9909,-0.0271,0.0461,0.8750,-3.5000,-0.0700
61548867,sitting,0.9906,-0.0271,0.0466,0.8750,-3.5350,-0.0350
61548886,sitting,0.9902,-0.0281,0.0451,0.8750,-3.5700,-0.0700
61548905,sitting,0.9906,-0.0276,0.0451,0.8750,-3.5350,-0.0700
61548925,sitting,0.9906,-0.0268,0.0456,0.8400,-3.5350,-0.0700
61548944,sitting,0.9904,-0.0268,0.0461,0.8400,-3.5700,-0.0700
61548963,sitting,0.9906,-0.0271,0.0461,0.8400,-3.5000,-0.0700
61548982,sitting,0.9914,-0.0273,0.0466,0.8050,-3.5000,-0.1050
61549002,sitting,0.9906,-0.0271,0.0459,0.8050,-3.5700,-0.0700
61549021,sitting,0.9909,-0.0276,0.0461,0.8400,-3.5350,-0.0700
61549040,sitting,0.9906,-0.0271,0.0454,0.8400,-3.5350,-0.0350
61549059,sitting,0.9906,-0.0271,0.0459,0.8750,-3.5000,-0.0700
61549078,sitting,0.9904,-0.0264,0.0456,0.8750,-3.5000,-0.0700
61549098,sitting,0.9902,-0.0278,0.0456,0.8400,-3.5000,-0.0700
61549117,sitting,0.9911,-0.0273,0.0456,0.8400,-3.5350,-0.0350
61549136,sitting,0.9914,-0.0273,0.0459,0.8400,-3.5700,-0.0700
61549155,sitting,0.9904,-0.0281,0.0456,0.8750,-3.5000,-0.0700
61549175,sitting,0.9916,-0.0281,0.0461,0.9100,-3.5000,-0.0350
61549194,sitting,0.9916,-0.0276,0.0447,0.9100,-3.5700,-0.0700
61549213,sitting,0.9902,-0.0271,0.0454,0.8750,-3.5350,-0.0700
61549232,sitting,0.9909,-0.0276,0.0464,0.8750,-3.5000,-0.0700
61549252,sitting,0.9914,-0.0281,0.0451,0.8400,-3.5700,-0.0350
61549271,sitting,0.9914,-0.0276,0.0451,0.8750,-3.5700,-0.0700
61549290,sitting,0.9906,-0.0273,0.0459,0.8400,-3.5350,-0.0700
61549309,sitting,0.9914,-0.0271,0.0456,0.8400,-3.5350,-0.0700
61549328,sitting,0.9911,-0.0276,0.0449,0.8750,-3.5700,-0.0700
61549348,sitting,0.9909,-0.0285,0.0461,0.8400,-3.5350,-0.1050
61549367,sitting,0.9914,-0.0276,0.0451,0.8400,-3.5350,-0.0350
61549386,sitting,0.9909,-0.0273,0.0456,0.8400,-3.5700,-0.0700
61549405,sitting,0.9904,-0.0283,0.0454,0.8400,-3.5350,-0.1050
61549425,sitting,0.9909,-0.0276,0.0456,0.8750,-3.5000,-0.0700
61549444,sitting,0.9904,-0.0276,0.0454,0.8750,-3.5700,-0.0700
61549463,sitting,0.9904,-0.0278,0.0459,0.8750,-3.5350,-0.0700
61549482,sitting,0.9902,-0.0273,0.0451,0.8400,-3.5000,-0.0700
61549502,sitting,0.9906,-0.0273,0.0447,0.8750,-3.5350,-0.0700
61549521,sitting,0.9909,-0.0276,0.0447,0.8400,-3.5700,-0.1050
61549540,sitting,0.9904,-0.0276,0.0447,0.8400,-3.5350,-0.1400
61549559,sitting,0.9909,-0.0276,0.0454,0.8400,-3.5350,-0.0700
61549578,sitting,0.9916,-0.0276,0.0449,0.8400,-3.5350,-0.0350
61549598,sitting,0.9904,-0.0266,0.0456,0.8750,-3.5000,-0.1050
61549617,sitting,0.9899,-0.0273,0.0454,0.8400,-3.5700,-0.0700
61549636,sitting,0.9914,-0.0285,0.0459,0.8400,-3.6050,-0.0700
61549655,sitting,0.9914,-0.0281,0.0447,0.8400,-3.5000,-0.0700
61549675,sitting,0.9904,-0.0278,0.0447,0.9100,-3.5350,-0.0700
61549694,sitting,0.9906,-0.0273,0.0464,0.8400,-3.5350,-0.0700
61549713,sitting,0.9902,-0.0276,0.0454,0.8050,-3.5000,-0.1050
61549732,sitting,0.9906,-0.0271,0.0468,0.8400,-3.5000,-0.1050
61549752,sitting,0.9904,-0.0268,0.0459,0.8750,-3.5700,0.0000
61549771,sitting,0.9906,-0.0271,0.0454,0.8750,-3.5700,-0.0350
61549790,sitting,0.9906,-0.0273,0.0459,0.8400,-3.5000,0.0000
61549809,sitting,0.9906,-0.0273,0.0454,0.8750,-3.5350,-0.0700
61549828,sitting,0.9906,-0.0276,0.0456,0.8750,-3.5350,-0.0700
61549848,sitting,0.9902,-0.0281,0.0454,0.8400,-3.5000,-0.0700
61549867,sitting,0.9904,-0.0278,0.0451,0.8400,-3.5350,-0.0700
61549886,sitting,0.9911,-0.0278,0.0456,0.8400,-3.5700,-0.0700
61549905,sitting,0.9914,-0.0271,0.0464,0.8400,-3.5000,-0.0700
61549925,sitting,0.9916,-0.0273,0.0451,0.8400,-3.5350,-0.0700
61549944,sitting,0.9911,-0.0281,0.0444,0.8750,-3.5700,-0.0700
61549963,sitting,0.9914,-0.0271,0.0461,0.8750,-3.5700,-0.0350
61549982,sitting,0.9906,-0.0276,0.0461,0.8400,-3.5000,-0.0700
61550002,sitting,0.9899,-0.0278,0.0454,0.9100,-3.5350,-0.0700
61550021,sitting,0.9899,-0.0283,0.0451,0.9100,-3.5700,-0.0700
61550040,sitting,0.9914,-0.0266,0.0454,0.8400,-3.5350,-0.0700
61550059,sitting,0.9914,-0.0273,0.0449,0.8400,-3.5350,-0.0700
61550078,sitting,0.9902,-0.0283,0.0451,0.8400,-3.5700,-0.0350
61550098,sitting,0.9906,-0.0276,0.0451,0.8400,-3.5000,-0.0700
61550117,sitting,0.9889,-0.0276,0.0456,0.8750,-3.5350,-0.0700
61550136,sitting,0.9892,-0.0281,0.0454,0.9100,-3.5350,-0.1050
61550155,sitting,0.9902,-0.0281,0.0464,0.8050,-3.4650,-0.0700
61550175,sitting,0.9916,-0.0285,0.0449,0.9100,-3.5350,-0.0700
61550194,sitting,0.9914,-0.0271,0.0454,0.9100,-3.5700,-0.0700
61550213,sitting,0.9904,-0.0271,0.0449,0.9100,-3.6050,-0.0350
61550232,sitting,0.9906,-0.0273,0.0459,0.8400,-3.5000,-0.1400
61550252,sitting,0.9911,-0.0268,0.0454,0.8750,-3.5700,-0.0700
61550271,sitting,0.9911,-0.0276,0.0447,0.8750,-3.6050,0.0000
61550290,sitting,0.9906,-0.0283,0.0449,0.9100,-3.5350,-0.0700
61550309,sitting,0.9911,-0.0285,0.0468,0.8400,-3.5350,-0.0700
61550328,sitting,0.9911,-0.0276,0.0459,0.8400,-3.5350,-0.0700
61550348,sitting,0.9916,-0.0273,0.0464,0.8400,-3.5000,-0.0700
61550367,sitting,0.9919,-0.0271,0.0461,0.9100,-3.5350,-0.0700
61550386,sitting,0.9909,-0.0273,0.0447,0.9100,-3.5700,-0.0350
61550405,sitting,0.9909,-0.0266,0.0451,0.8750,-3.5350,-0.0350
61550425,sitting,0.9909,-0.0281,0.0461,0.8400,-3.5350,-0.0700
61550444,sitting,0.9914,-0.0276,0.0454,0.8750,-3.5000,-0.0700
61550463,sitting,0.9899,-0.0271,0.0456,0.8750,-3.5700,-0.1050
61550482,sitting,0.9894,-0.0276,0.0447,0.9100,-3.5700,-0.0700
61550502,sitting,0.9904,-0.0273,0.0451,0.8750,-3.5350,-0.0700
61550521,sitting,0.9904,-0.0283,0.0459,0.8400,-3.5700,-0.0700
61550540,sitting,0.9904,-0.0276,0.0454,0.9100,-3.5000,-0.0700
61550559,sitting,0.9914,-0.0283,0.0454,0.8750,-3.5700,-0.0700
61550578,sitting,0.9909,-0.0278,0.0464,0.9100,-3.5700,-0.0350
61550598,sitting,0.9911,-0.0271,0.0454,0.8400,-3.5350,-0.0350
61550617,sitting,0.9914,-0.0273,0.0447,0.8400,-3.5000,-0.0350
61550636,sitting,0.9904,-0.0278,0.0449,0.9100,-3.5350,0.0000
61550655,sitting,0.9914,-0.0273,0.0451,0.9100,-3.5000,-0.0700
61550675,sitting,0.9904,-0.0276,0.0461,0.8400,-3.5350,-0.0700
61550694,sitting,0.9906,-0.0283,0.0466,0.8400,-3.5350,-0.0350
61550713,sitting,0.9897,-0.0276,0.0456,0.8400,-3.5000,-0.0700
61550732,sitting,0.9904,-0.0276,0.0451,0.8400,-3.5000,-0.0350
61550752,sitting,0.9904,-0.0278,0.0459,0.8750,-3.5350,-0.0700
61550771,sitting,0.9904,-0.0266,0.0468,0.9100,-3.5700,0.0000
61550790,sitting,0.9902,-0.0273,0.0459,0.8400,-3.5350,-0.0700
61550809,sitting,0.9906,-0.0273,0.0459,0.8400,-3.5350,-0.0700
61550828,sitting,0.9909,-0.0278,0.0451,0.8750,-3.5700,-0.0350
61550848,sitting,0.9906,-0.0285,0.0456,0.8750,-3.5350,-0.0700
61550867,sitting,0.9906,-0.0276,0.0459,0.8750,-3.5350,-0.0350
61550886,sitting,0.9911,-0.0271,0.0456,0.9100,-3.5350,-0.1400
61550905,sitting,0.9916,-0.0276,0.0456,0.9100,-3.5350,-0.0700
61550925,sitting,0.9904,-0.0273,0.0451,0.8750,-3.5000,-0.0700
61550944,sitting,0.9909,-0.0276,0.0439,0.8400,-3.5000,-0.0700
61550963,sitting,0.9902,-0.0271,0.0454,0.9100,-3.5350,-0.0700
61550982,sitting,0.9906,-0.0276,0.0449,0.8400,-3.5000,-0.0700
61551002,sitting,0.9906,-0.0278,0.0447,0.9100,-3.5350,-0.0700
61551021,sitting,0.9911,-0.0276,0.0451,0.8400,-3.5000,-0.0700
61551040,sitting,0.9916,-0.0273,0.0454,0.8750,-3.5000,-0.0700
61551059,sitting,0.9909,-0.0273,0.0459,0.8400,-3.5350,-0.0700
61551078,sitting,0.9904,-0.0281,0.0456,0.8750,-3.5700,-0.0350
61551098,sitting,0.9911,-0.0278,0.0464,0.8400,-3.5000,-0.0700
61551117,sitting,0.9899,-0.0278,0.0468,0.8400,-3.5000,-0.0700
61551136,sitting,0.9911,-0.0273,0.0464,0.8750,-3.5700,0.0000
61551155,sitting,0.9902,-0.0288,0.0456,0.8750,-3.5350,-0.0700
61551175,sitting,0.9909,-0.0271,0.0459,0.8400,-3.5350,-0.0700
61551194,sitting,0.9911,-0.0285,0.0451,0.8400,-3.5350,-0.0700
61551213,sitting,0.9914,-0.0281,0.0459,0.8400,-3.5350,0.0000
61551232,sitting,0.9909,-0.0278,0.0449,0.8400,-3.5000,-0.0350
61551252,sitting,0.9904,-0.0276,0.0456,0.8750,-3.5700,-0.0700
61551271,sitting,0.9904,-0.0278,0.0454,0.8750,-3.5700,-0.0700
61551290,sitting,0.9902,-0.0273,0.0461,0.8050,-3.5000,-0.0700
61551309,sitting,0.9902,-0.0278,0.0468,0.8400,-3.5350,-0.0700
61551328,sitting,0.9906,-0.0276,0.0456,0.8400,-3.5700,-0.0700
61551348,sitting,0.9914,-0.0273,0.0464,0.8400,-3.5000,-0.0700
61551367,sitting,0.9916,-0.0276,0.0454,0.8400,-3.5000,-0.0700
61551386,sitting,0.9906,-0.0273,0.0449,0.9100,-3.5700,-0.0700
61551405,sitting,0.9906,-0.0278,0.0454,0.8400,-3.5350,-0.0350
61551425,sitting,0.9909,-0.0266,0.0464,0.8750,-3.5000,-0.0700
61551444,sitting,0.9906,-0.0268,0.0461,0.9100,-3.5700,-0.0700
61551463,sitting,0.9911,-0.0276,0.0456,0.9100,-3.5350,-0.0700
61551482,sitting,0.9906,-0.0271,0.0456,0.8400,-3.5350,-0.0700
61551502,sitting,0.9904,-0.0271,0.0456,0.8400,-3.5350,-0.0700
61551521,sitting,0.9906,-0.0268,0.0461,0.8750,-3.5700,-0.0350
61551540,sitting,0.9906,-0.0273,0.0451,0.8400,-3.5000,-0.0350
61551559,sitting,0.9904,-0.0276,0.0454,0.8400,-3.5350,-0.0350
61551578,sitting,0.9899,-0.0276,0.0456,0.9100,-3.5700,-0.1050
61551598,sitting,0.9911,-0.0271,0.0454,0.8400,-3.5000,-0.0700
61551617,sitting,0.9906,-0.0276,0.0459,0.8750,-3.5000,-0.0700
61551636,sitting,0.9909,-0.0283,0.0447,0.8400,-3.5350,-0.0700
61551655,sitting,0.9904,-0.0271,0.0447,0.8400,-3.5700,-0.0700
61551675,sitting,0.9909,-0.0271,0.0464,0.8400,-3.5350,-0.0700
61551694,sitting,0.9911,-0.0271,0.0456,0.8750,-3.5350,-0.0700
61551713,sitting,0.9911,-0.0281,0.0456,0.8750,-3.5350,-0.0700
61551732,sitting,0.9911,-0.0283,0.0454,0.8750,-3.5000,-0.0700
61551752,sitting,0.9906,-0.0276,0.0456,0.8750,-3.5350,-0.1050
61551771,sitting,0.9902,-0.0285,0.0454,0.9100,-3.5700,-0.0350
61551790,sitting,0.9911,-0.0271,0.0454,0.8400,-3.5000,-0.0350
61551809,sitting,0.9909,-0.0271,0.0461,0.8750,-3.5000,-0.0700
61551828,sitting,0.9909,-0.0281,0.0461,0.8750,-3.5350,-0.0700
61551848,sitting,0.9906,-0.0271,0.0447,0.8400,-3.5350,-0.0700
61551867,sitting,0.9911,-0.0271,0.0451,0.8750,-3.5000,-0.1050
61551886,sitting,0.9906,-0.0273,0.0451,0.9100,-3.5700,-0.0700
61551905,sitting,0.9904,-0.0281,0.0454,0.8750,-3.5350,-0.0700
61551925,sitting,0.9906,-0.0283,0.0456,0.8750,-3.5000,-0.0350
61551944,sitting,0.9906,-0.0283,0.0447,0.9100,-3.6050,-0.0700
61551963,sitting,0.9906,-0.0276,0.0454,0.8750,-3.5700,-0.0350
61551982,sitting,0.9911,-0.0276,0.0464,0.8400,-3.5000,-0.0700
61552002,sitting,0.9911,-0.0283,0.0456,0.8400,-3.5350,-0.1400
61552021,sitting,0.9906,-0.0278,0.0459,0.8750,-3.5700,-0.0700
61552040,sitting,0.9902,-0.0268,0.0466,0.8400,-3.5000,-0.0700
61552059,sitting,0.9906,-0.0278,0.0456,0.8400,-3.5700,-0.0700
61552078,sitting,0.9914,-0.0278,0.0459,0.8750,-3.5350,-0.0350
61552098,sitting,0.9909,-0.0273,0.0456,0.8050,-3.5350,-0.1050
61552117,sitting,0.9909,-0.0278,0.0451,0.8400,-3.5350,-0.0700
61552136,sitting,0.9911,-0.0276,0.0459,0.8750,-3.5700,-0.0700
61552155,sitting,0.9911,-0.0276,0.0456,0.8750,-3.5350,-0.0700
61552175,sitting,0.9914,-0.0273,0.0449,0.8400,-3.5000,-0.0700
61552194,sitting,0.9904,-0.0281,0.0449,0.8400,-3.5350,-0.0700
61552213,sitting,0.9909,-0.0276,0.0454,0.8400,-3.5350,-0.0350
61552232,sitting,0.9916,-0.0273,0.0459,0.9100,-3.5000,-0.0700
61552252,sitting,0.9909,-0.0283,0.0456,0.8400,-3.5350,-0.0700
61552271,sitting,0.9911,-0.0281,0.0447,0.9100,-3.5350,-0.0700
61552290,sitting,0.9911,-0.0278,0.0451,0.8400,-3.5350,-0.0700
61552309,sitting,0.9916,-0.0276,0.0454,0.8400,-3.5000,-0.1050
61552328,sitting,0.9914,-0.0276,0.0454,0.9100,-3.5700,-0.1050
61552348,sitting,0.9911,-0.0273,0.0451,0.8750,-3.5000,-0.0700
61552367,sitting,0.9902,-0.0276,0.0451,0.8050,-3.5000,-0.0700
61552386,sitting,0.9902,-0.0281,0.0459,0.8400,-3.5700,-0.0700
61552405,sitting,0.9899,-0.0271,0.0456,0.8400,-3.5350,-0.0700
61552425,sitting,0.9914,-0.0281,0.0454,0.8400,-3.4650,-0.0350
61552444,sitting,0.9904,-0.0281,0.0466,0.9100,-3.5700,-0.0700
61552463,sitting,0.9911,-0.0283,0.0449,0.8400,-3.5700,-0.0700
61552482,sitting,0.9904,-0.0276,0.0451,0.8400,-3.5000,-0.0700
61552502,sitting,0.9916,-0.0271,0.0454,0.9100,-3.5350,-0.0700
61552521,sitting,0.9909,-0.0281,0.0456,0.9100,-3.5350,-0.0700
61552540,sitting,0.9909,-0.0276,0.0456,0.8400,-3.5350,-0.1400
61552559,sitting,0.9899,-0.0273,0.0451,0.8400,-3.5000,-0.0700
61552578,sitting,0.9892,-0.0285,0.0449,0.8400,-3.5700,-0.0700
61552598,sitting,0.9911,-0.0283,0.0456,0.8750,-3.5350,-0.0700
61552617,sitting,0.9902,-0.0278,0.0459,0.8400,-3.5350,-0.0700
61552636,sitting,0.9909,-0.0268,0.0459,0.9100,-3.5350,-0.0700
61552655,sitting,0.9914,-0.0273,0.0451,0.8400,-3.5350,-0.0700
61552675,sitting,0.9906,-0.0278,0.0464,0.8400,-3.5350,-0.0700
61552694,sitting,0.9911,-0.0281,0.0468,0.8750,-3.5000,-0.0700
61552713,sitting,0.9904,-0.0285,0.0461,0.8400,-3.5000,-0.0700
61552732,sitting,0.9902,-0.0276,0.0449,0.8750,-3.5350,-0.0700
61552752,sitting,0.9906,-0.0271,0.0454,0.8750,-3.5350,-0.0700
61552771,sitting,0.9904,-0.0268,0.0449,0.8050,-3.5350,-0.0700
61552790,sitting,0.9904,-0.0278,0.0451,0.8050,-3.4650,-0.0700
61552809,sitting,0.9904,-0.0278,0.0456,0.8400,-3.5000,-0.1050
61552828,sitting,0.9916,-0.0271,0.0456,0.9100,-3.5700,-0.0350
61552848,sitting,0.9904,-0.0281,0.0461,0.8400,-3.5000,-0.0700
61552867,sitting,0.9899,-0.0268,0.0461,0.8400,-3.5000,-0.1050
61552886,sitting,0.9906,-0.0278,0.0454,0.8400,-3.5700,-0.0700
61552905,sitting,0.9904,-0.0283,0.0451,0.9100,-3.5700,-0.0700
61552925,sitting,0.9909,-0.0281,0.0461,0.8050,-3.5000,-0.1050
61552944,sitting,0.9906,-0.0276,0.0461,0.8750,-3.5350,-0.0700
61552963,sitting,0.9904,-0.0276,0.0456,0.8750,-3.5000,-0.1050
61552982,sitting,0.9914,-0.0273,0.0456,0.8750,-3.5000,-0.0700
61553002,sitting,0.9909,-0.0281,0.0464,0.9100,-3.5350,-0.1050
61553021,sitting,0.9904,-0.0281,0.0451,0.9100,-3.5700,-0.0700
61553040,sitting,0.9914,-0.0273,0.0464,0.8750,-3.5000,-0.0700
61553059,sitting,0.9911,-0.0278,0.0459,0.8750,-3.5000,-0.0700
61553078,sitting,0.9904,-0.0278,0.0454,0.8750,-3.5700,-0.0700
61553098,sitting,0.9911,-0.0271,0.0456,0.8400,-3.5350,-0.0700
61553117,sitting,0.9902,-0.0264,0.0454,0.8750,-3.5000,-0.0700
61553136,sitting,0.9904,-0.0273,0.0459,0.8400,-3.5350,-0.1050
61553155,sitting,0.9902,-0.0285,0.0454,0.8400,-3.5350,-0.0700
61553175,sitting,0.9902,-0.0276,0.0454,0.8750,-3.5000,-0.0700
61553194,sitting,0.9914,-0.0288,0.0461,0.9100,-3.5350,-0.0700
61553213,sitting,0.9906,-0.0268,0.0466,0.9100,-3.5700,-0.1050
61553232,sitting,0.9904,-0.0283,0.0464,0.8400,-3.5000,-0.0700
61553252,sitting,0.9906,-0.0278,0.0461,0.8050,-3.5350,-0.0700
61553271,sitting,0.9914,-0.0278,0.0451,0.9100,-3.5000,-0.0350
61553290,sitting,0.9904,-0.0283,0.0449,0.8750,-3.5000,-0.1050
61553309,sitting,0.9906,-0.0278,0.0454,0.8050,-3.5700,-0.1050
61553328,sitting,0.9909,-0.0268,0.0451,0.8400,-3.5000,-0.0700
61553348,sitting,0.9911,-0.0276,0.0464,0.8400,-3.4650,-0.0700
61553367,sitting,0.9911,-0.0273,0.0449,0.8400,-3.5350,-0.0700
61553386,sitting,0.9906,-0.0273,0.0459,0.8400,-3.5000,-0.0700
61553405,sitting,0.9899,-0.0276,0.0454,0.8400,-3.5700,-0.0350
61553425,sitting,0.9916,-0.0283,0.0459,0.8400,-3.5000,-0.0700
61553444,sitting,0.9919,-0.0288,0.0456,0.8750,-3.5350,-0.0700
61553463,sitting,0.9909,-0.0278,0.0447,0.8400,-3.5350,-0.0700
61553482,sitting,0.9902,-0.0273,0.0451,0.8400,-3.5000,-0.0700
61553502,sitting,0.9899,-0.0273,0.0461,0.8400,-3.5000,-0.0700
61553521,sitting,0.9909,-0.0271,0.0464,0.8750,-3.5350,-0.0700
61553540,sitting,0.9909,-0.0281,0.0454,0.8400,-3.5000,-0.0700
61553559,sitting,0.9909,-0.0271,0.0449,0.8400,-3.5000,0.0000
61553578,sitting,0.9904,-0.0271,0.0468,0.8400,-3.5350,-0.1050
61553598,sitting,0.9897,-0.0281,0.0447,0.8400,-3.5700,-0.0700
61553617,sitting,0.9914,-0.0273,0.0447,0.8400,-3.5000,-0.0700
61553636,sitting,0.9906,-0.0281,0.0451,0.8400,-3.5000,-0.1400
61553655,sitting,0.9904,-0.0285,0.0461,0.8400,-3.5350,-0.0700
61553675,sitting,0.9906,-0.0285,0.0451,0.8400,-3.5000,-0.1050
61553694,sitting,0.9911,-0.0273,0.0449,0.8400,-3.5000,-0.0700
61553713,sitting,0.9921,-0.0285,0.0444,0.8750,-3.5350,-0.1050
61553732,sitting,0.9906,-0.0283,0.0449,0.8400,-3.5000,-0.0700
61553752,sitting,0.9904,-0.0273,0.0461,0.8050,-3.5350,-0.0700
61553771,sitting,0.9906,-0.0281,0.0451,0.8750,-3.5700,-0.1050
61553790,sitting,0.9904,-0.0281,0.0451,0.8400,-3.5700,-0.0700
61553809,sitting,0.9904,-0.0281,0.0456,0.8750,-3.5000,-0.1050
61553828,sitting,0.9902,-0.0285,0.0447,0.8400,-3.5350,-0.0700
61553848,sitting,0.9911,-0.0283,0.0444,0.8400,-3.5000,-0.1050
61553867,sitting,0.9911,-0.0285,0.0456,0.8050,-3.5000,-0.0700
61553886,sitting,0.9906,-0.0281,0.0451,0.8750,-3.5700,-0.0700
61553905,sitting,0.9899,-0.0276,0.0451,0.8400,-3.5700,-0.1050
61553925,sitting,0.9899,-0.0276,0.0459,0.8400,-3.5350,-0.1050
61553944,sitting,0.9909,-0.0273,0.0454,0.9100,-3.5350,-0.0700
61553963,sitting,0.9909,-0.0273,0.0451,0.9100,-3.5350,-0.0700
61553982,sitting,0.9906,-0.0273,0.0454,0.8750,-3.5350,-0.0700
61554002,sitting,0.9909,-0.0278,0.0456,0.8750,-3.5350,-0.0700
61554021,sitting,0.9909,-0.0281,0.0454,0.8750,-3.5700,-0.1050
61554040,sitting,0.9899,-0.0276,0.0451,0.8750,-3.5350,-0.0700
61554059,sitting,0.9904,-0.0278,0.0456,0.8400,-3.5000,0.0000
61554078,sitting,0.9914,-0.0281,0.0461,0.8400,-3.5700,-0.0700
61554098,sitting,0.9906,-0.0278,0.0447,0.8400,-3.5700,-0.0700
61554117,sitting,0.9904,-0.0281,0.0459,0.8400,-3.5000,-0.0700
61554136,sitting,0.9909,-0.0276,0.0461,0.8400,-3.5700,-0.0700
61554155,sitting,0.9906,-0.0268,0.0444,0.8750,-3.5000,-0.1050
61554175,sitting,0.9916,-0.0281,0.0449,0.8400,-3.5000,-0.0700
61554194,sitting,0.9909,-0.0276,0.0449,0.8750,-3.5350,-0.0700
61554213,sitting,0.9904,-0.0278,0.0466,0.8400,-3.5700,-0.1050
61554232,sitting,0.9911,-0.0273,0.0454,0.8400,-3.5700,-0.0700
61554252,sitting,0.9911,-0.0285,0.0464,0.8750,-3.5000,-0.1050
61554271,sitting,0.9909,-0.0281,0.0454,0.8750,-3.5700,-0.0350
61554290,sitting,0.9902,-0.0278,0.0444,0.8400,-3.5350,-0.0700
61554309,sitting,0.9902,-0.0276,0.0456,0.8400,-3.5000,-0.1050
61554328,sitting,0.9904,-0.0271,0.0456,0.8400,-3.5350,-0.0700
61554348,sitting,0.9902,-0.0281,0.0464,0.9100,-3.5350,-0.1050
61554367,sitting,0.9904,-0.0288,0.0461,0.8400,-3.4300,-0.1400
61554386,sitting,0.9914,-0.0273,0.0459,0.8400,-3.5000,-0.0700
61554405,sitting,0.9919,-0.0278,0.0464,0.8750,-3.5000,-0.0700
61554425,sitting,0.9919,-0.0281,0.0456,0.8400,-3.4650,-0.0700
61554444,sitting,0.9911,-0.0278,0.0454,0.8750,-3.5350,-0.0700
61554463,sitting,0.9909,-0.0271,0.0459,0.9100,-3.5000,-0.0700
61554482,sitting,0.9899,-0.0281,0.0451,0.8750,-3.5000,-0.0700
61554502,sitting,0.9911,-0.0276,0.0451,0.8750,-3.5350,-0.1400
61554521,sitting,0.9899,-0.0273,0.0461,0.8750,-3.5350,-0.0700
61554540,sitting,0.9916,-0.0276,0.0461,0.8400,-3.5350,-0.0700
61554559,sitting,0.9897,-0.0278,0.0461,0.8750,-3.5350,-0.0700
61554578,sitting,0.9902,-0.0276,0.0454,0.8750,-3.5000,-0.0700
61554598,sitting,0.9904,-0.0283,0.0454,0.8400,-3.5700,-0.0700
61554617,sitting,0.9904,-0.0278,0.0451,0.7700,-3.5000,-0.0700
61554636,sitting,0.9909,-0.0278,0.0454,0.8400,-3.5350,-0.0700
61554655,sitting,0.9897,-0.0278,0.0459,0.8750,-3.5350,-0.0700
61554675,sitting,0.9902,-0.0273,0.0456,0.8400,-3.4650,-0.0700
61554694,sitting,0.9909,-0.0273,0.0459,0.8750,-3.5350,-0.0700
61554713,sitting,0.9904,-0.0283,0.0461,0.8750,-3.5350,-0.1400
61554732,sitting,0.9899,-0.0278,0.0464,0.8400,-3.5000,-0.0700
61554752,sitting,0.9911,-0.0281,0.0464,0.8400,-3.5000,-0.1050
61554771,sitting,0.9911,-0.0273,0.0459,0.9100,-3.5350,-0.1050
61554790,sitting,0.9909,-0.0271,0.0454,0.9100,-3.5000,-0.0700
61554809,sitting,0.9909,-0.0273,0.0449,0.8400,-3.5000,-0.1050
61554828,sitting,0.9902,-0.0271,0.0456,0.8400,-3.4650,-0.0700
61554848,sitting,0.9911,-0.0285,0.0456,0.8750,-3.5350,-0.0700
61554867,sitting,0.9902,-0.0283,0.0466,0.8400,-3.5350,-0.0700
61554886,sitting,0.9909,-0.0276,0.0461,0.8750,-3.5700,-0.0700
61554905,sitting,0.9906,-0.0278,0.0454,0.8400,-3.5350,-0.0700
61554925,sitting,0.9914,-0.0276,0.0451,0.8400,-3.5350,-0.0700
61554944,sitting,0.9911,-0.0278,0.0447,0.8400,-3.5000,-0.1050
61554963,sitting,0.9904,-0.0281,0.0451,0.8750,-3.5700,-0.0700
61554982,sitting,0.9916,-0.0278,0.0454,0.8400,-3.5000,-0.1050
61555002,sitting,0.9916,-0.0290,0.0456,0.8400,-3.5350,-0.1400
61555021,sitting,0.9906,-0.0271,0.0454,0.8750,-3.5350,-0.0700
61555040,sitting,0.9909,-0.0268,0.0466,0.8400,-3.5700,-0.0350
61555059,sitting,0.9909,-0.0271,0.0454,0.8400,-3.5000,-0.0700
61555078,sitting,0.9916,-0.0268,0.0459,0.9100,-3.5700,-0.0350
61555098,sitting,0.9909,-0.0285,0.0456,0.8750,-3.5350,-0.1400
61555117,sitting,0.9909,-0.0281,0.0451,0.8050,-3.5000,-0.0700
61555136,sitting,0.9906,-0.0276,0.0449,0.8400,-3.5700,-0.0700
61555155,sitting,0.9904,-0.0276,0.0454,0.9100,-3.5350,-0.0700
61555175,sitting,0.9909,-0.0288,0.0451,0.9100,-3.5350,-0.0700
61555194,sitting,0.9906,-0.0278,0.0459,0.8050,-3.4650,-0.0700
61555213,sitting,0.9897,-0.0283,0.0454,0.8750,-3.5350,-0.0700
61555232,sitting,0.9894,-0.0285,0.0466,0.8750,-3.5000,-0.0700
61555252,sitting,0.9909,-0.0278,0.0464,0.9100,-3.5350,-0.0700
61555271,sitting,0.9911,-0.0273,0.0461,0.8750,-3.5700,-0.0700
61555290,sitting,0.9906,-0.0266,0.0454,0.8750,-3.5350,-0.0700
61555309,sitting,0.9902,-0.0276,0.0456,0.8400,-3.5000,-0.1050
61555328,sitting,0.9902,-0.0281,0.0459,0.8400,-3.5350,-0.0700
61555348,sitting,0.9909,-0.0285,0.0461,0.9100,-3.5350,-0.0700
61555367,sitting,0.9916,-0.0283,0.0459,0.8750,-3.5000,-0.0700
61555386,sitting,0.9916,-0.0288,0.0461,0.8750,-3.5350,-0.0700
61555405,sitting,0.9899,-0.0283,0.0459,0.8400,-3.5700,-0.1050
61555425,sitting,0.9904,-0.0290,0.0451,0.8400,-3.5000,-0.0700
61555444,sitting,0.9909,-0.0281,0.0464,0.8400,-3.5000,-0.1050
61555463,sitting,0.9909,-0.0273,0.0459,0.8750,-3.5700,-0.0350
61555482,sitting,0.9914,-0.0273,0.0466,0.8400,-3.4650,-0.1050
61555502,sitting,0.9909,-0.0266,0.0461,0.8400,-3.5000,-0.1400
61555521,sitting,0.9911,-0.0281,0.0456,0.8750,-3.5350,-0.1050
61555540,sitting,0.9911,-0.0283,0.0451,0.8750,-3.5350,-0.0700
61555559,sitting,0.9911,-0.0288,0.0454,0.8400,-3.5000,-0.0700
61555578,sitting,0.9909,-0.0281,0.0459,0.8750,-3.5350,-0.0700
61555598,sitting,0.9914,-0.0278,0.0456,0.9100,-3.5700,-0.0350
61555617,sitting,0.9911,-0.0266,0.0456,0.8400,-3.5000,-0.0700
61555636,sitting,0.9909,-0.0278,0.0456,0.8750,-3.5700,-0.0700
61555655,sitting,0.9909,-0.0273,0.0459,0.8400,-3.6050,-0.0700
61555675,sitting,0.9902,-0.0281,0.0461,0.8750,-3.5350,-0.0700
61555694,sitting,0.9902,-0.0283,0.0451,0.8400,-3.5350,-0.0350
61555713,sitting,0.9909,-0.0281,0.0456,0.9100,-3.5700,-0.0700
61555732,sitting,0.9902,-0.0273,0.0454,0.8750,-3.4650,-0.1050
61555752,sitting,0.9904,-0.0276,0.0464,0.8400,-3.5350,-0.1050
61555771,sitting,0.9906,-0.0276,0.0456,0.9100,-3.5350,-0.0700
61555790,sitting,0.9904,-0.0283,0.0459,0.8400,-3.5000,-0.1050
61555809,sitting,0.9909,-0.0271,0.0459,0.8400,-3.5000,-0.0700
61555828,sitting,0.9909,-0.0276,0.0456,0.8400,-3.5700,-0.1050
61555848,sitting,0.9909,-0.0268,0.0461,0.8400,-3.5700,-0.1050
61555867,sitting,0.9904,-0.0271,0.0451,0.8400,-3.4650,-0.1050
61555886,sitting,0.9909,-0.0283,0.0461,0.8050,-3.5000,-0.1050
61555905,sitting,0.9914,-0.0288,0.0468,0.8750,-3.5000,-0.1400
61555925,sitting,0.9914,-0.0278,0.0461,0.8400,-3.5000,-0.0350
61555944,sitting,0.9899,-0.0276,0.0466,0.8050,-3.5000,-0.1050
61555963,sitting,0.9904,-0.0273,0.0461,0.9100,-3.5350,-0.0700
61555982,sitting,0.9911,-0.0281,0.0459,0.8750,-3.5350,-0.0700
61556002,sitting,0.9906,-0.0273,0.0464,0.8400,-3.4650,-0.0700
61556021,sitting,0.9899,-0.0278,0.0447,0.8750,-3.5350,-0.0700
61556040,sitting,0.9904,-0.0281,0.0444,0.8750,-3.5350,-0.1050
61556059,sitting,0.9902,-0.0283,0.0451,0.8400,-3.4650,-0.1050
61556078,sitting,0.9897,-0.0278,0.0451,0.8750,-3.5000,-0.0700
61556098,sitting,0.9919,-0.0285,0.0456,0.8400,-3.5000,-0.1050
61556117,sitting,0.9904,-0.0271,0.0456,0.8750,-3.5000,-0.1050
61556136,sitting,0.9919,-0.0273,0.0459,0.8400,-3.5350,-0.1050
61556155,sitting,0.9914,-0.0290,0.0449,0.8400,-3.5000,-0.0700
61556175,sitting,0.9904,-0.0283,0.0447,0.8400,-3.5000,-0.1400
61556194,sitting,0.9902,-0.0276,0.0466,0.8400,-3.4650,-0.0700
61556213,sitting,0.9909,-0.0273,0.0454,0.8750,-3.5350,-0.0700
61556232,sitting,0.9911,-0.0276,0.0451,0.8400,-3.5000,-0.0700
61556252,sitting,0.9916,-0.0278,0.0449,0.8750,-3.5700,-0.0700
61556271,sitting,0.9914,-0.0278,0.0459,0.8750,-3.5700,-0.0700
61556290,sitting,0.9911,-0.0276,0.0456,0.8750,-3.5700,-0.0350
61556309,sitting,0.9906,-0.0278,0.0454,0.8050,-3.4650,-0.0700
61556328,sitting,0.9904,-0.0273,0.0456,0.8750,-3.5700,-0.0700
61556348,sitting,0.9909,-0.0276,0.0456,0.8750,-3.5700,-0.1400
61556367,sitting,0.9906,-0.0278,0.0449,0.8400,-3.5000,-0.0700
61556386,sitting,0.9914,-0.0278,0.0456,0.8400,-3.5700,-0.0700
61556405,sitting,0.9904,-0.0281,0.0447,0.8750,-3.5350,-0.0700
61556425,sitting,0.9904,-0.0276,0.0456,0.8400,-3.5350,-0.0700
61556444,sitting,0.9914,-0.0266,0.0454,0.8400,-3.5350,-0.0700
61556463,sitting,0.9909,-0.0266,0.0449,0.8400,-3.5700,-0.1050
61556482,sitting,0.9916,-0.0288,0.0466,0.7700,-3.5350,-0.0700
61556502,sitting,0.9906,-0.0288,0.0459,0.8400,-3.5000,-0.0700
61556521,sitting,0.9902,-0.0290,0.0451,0.8400,-3.5700,-0.0700
61556540,sitting,0.9904,-0.0283,0.0454,0.8400,-3.5350,-0.0350
61556559,sitting,0.9909,-0.0271,0.0459,0.8050,-3.4650,-0.1050
61556578,sitting,0.9902,-0.0283,0.0456,0.8400,-3.5700,-0.0700
61556598,sitting,0.9916,-0.0278,0.0459,0.8400,-3.5350,-0.0700
61556617,sitting,0.9906,-0.0273,0.0451,0.8400,-3.5000,-0.0700
61556636,sitting,0.9914,-0.0273,0.0454,0.8400,-3.5000,-0.0350
61556655,sitting,0.9904,-0.0276,0.0449,0.8400,-3.5700,-0.1050
61556675,sitting,0.9909,-0.0273,0.0449,0.8400,-3.5350,-0.0700
61556694,sitting,0.9906,-0.0271,0.0466,0.8050,-3.5000,-0.0700
61556713,sitting,0.9902,-0.0273,0.0459,0.8400,-3.5000,-0.0700
61556732,sitting,0.9897,-0.0278,0.0456,0.8750,-3.5000,-0.0700
61556752,sitting,0.9909,-0.0276,0.0449,0.8400,-3.5350,-0.0700
61556771,sitting,0.9909,-0.0278,0.0461,0.8400,-3.5350,-0.0350
61556790,sitting,0.9911,-0.0281,0.0459,0.8750,-3.5350,-0.1050
61556809,sitting,0.9904,-0.0273,0.0468,0.8400,-3.5350,-0.0700
61556828,sitting,0.9904,-0.0261,0.0449,0.8750,-3.5350,-0.0350
61556848,sitting,0.9911,-0.0276,0.0461,0.8750,-3.5700,-0.0700
61556867,sitting,0.9897,-0.0271,0.0456,0.8400,-3.4650,-0.1400
61556886,sitting,0.9919,-0.0271,0.0439,0.8750,-3.5000,-0.0350
61556905,sitting,0.9911,-0.0278,0.0459,0.8750,-3.5350,-0.0700
61556925,sitting,0.9911,-0.0288,0.0447,0.8750,-3.5000,-0.0700
61556944,sitting,0.9909,-0.0273,0.0456,0.8400,-3.5000,-0.0700
61556963,sitting,0.9911,-0.0271,0.0459,0.8400,-3.5700,-0.0700
61556982,sitting,0.9909,-0.0276,0.0456,0.8400,-3.5350,-0.0700
61557002,sitting,0.9914,-0.0271,0.0456,0.9100,-3.5700,-0.0700
61557021,sitting,0.9897,-0.0273,0.0451,0.8750,-3.5000,-0.0700
61557040,sitting,0.9897,-0.0271,0.0449,0.8750,-3.5350,-0.0700
61557059,sitting,0.9904,-0.0268,0.0471,0.8400,-3.5000,-0.0700
61557078,sitting,0.9914,-0.0281,0.0461,0.8400,-3.4650,-0.0700
61557098,sitting,0.9916,-0.0278,0.0451,0.8400,-3.5350,-0.1400
61557117,sitting,0.9914,-0.0271,0.0456,0.8400,-3.5000,-0.0700
61557136,sitting,0.9906,-0.0276,0.0456,0.8400,-3.5000,-0.0700
61557155,sitting,0.9914,-0.0285,0.0461,0.8400,-3.5350,-0.0700
61557175,sitting,0.9904,-0.0278,0.0464,0.8750,-3.5000,-0.0700
61557194,sitting,0.9906,-0.0278,0.0456,0.8750,-3.5350,-0.0350
61557213,sitting,0.9911,-0.0276,0.0454,0.9100,-3.5000,-0.1050
61557232,sitting,0.9909,-0.0278,0.0451,0.8400,-3.5000,-0.0700
61557252,sitting,0.9919,-0.0278,0.0459,0.8750,-3.5000,-0.0700
61557271,sitting,0.9902,-0.0264,0.0454,0.8750,-3.5350,-0.1050
61557290,sitting,0.9909,-0.0273,0.0456,0.8400,-3.5000,-0.0700
61557309,sitting,0.9914,-0.0268,0.0459,0.8400,-3.5000,-0.0700
61557328,sitting,0.9909,-0.0273,0.0454,0.8750,-3.5350,-0.0700
61557348,sitting,0.9904,-0.0283,0.0456,0.8400,-3.5350,-0.1050
61557367,sitting,0.9904,-0.0281,0.0449,0.8400,-3.5000,-0.1050
61557386,sitting,0.9906,-0.0266,0.0449,0.8400,-3.5350,-0.0700
61557405,sitting,0.9904,-0.0278,0.0454,0.8050,-3.5700,-0.0700
61557425,sitting,0.9909,-0.0278,0.0454,0.8400,-3.4650,-0.1050
61557444,sitting,0.9906,-0.0273,0.0456,0.8400,-3.4650,-0.0350
61557463,sitting,0.9906,-0.0268,0.0464,0.8400,-3.5000,-0.0700
61557482,sitting,0.9919,-0.0276,0.0466,0.8400,-3.5000,-0.1050
61557502,sitting,0.9902,-0.0278,0.0456,0.8400,-3.4650,-0.0700
61557521,sitting,0.9906,-0.0268,0.0464,0.8750,-3.5700,-0.0700
61557540,sitting,0.9906,-0.0278,0.0456,0.8750,-3.5350,-0.0700
61557559,sitting,0.9909,-0.0264,0.0449,0.8400,-3.5000,-0.1050
61557578,sitting,0.9906,-0.0271,0.0454,0.8750,-3.5000,-0.0700
61557598,sitting,0.9906,-0.0278,0.0454,0.8400,-3.5350,-0.0700
61557617,sitting,0.9916,-0.0276,0.0451,0.8750,-3.4650,-0.0700
61557636,sitting,0.9916,-0.0278,0.0454,0.8400,-3.5350,-0.0700
61557655,sitting,0.9916,-0.0281,0.0461,0.8750,-3.5700,-0.0700
61557675,sitting,0.9909,-0.0276,0.0451,0.8400,-3.5000,-0.1400
61557694,sitting,0.9909,-0.0276,0.0447,0.9100,-3.5350,-0.0700
61557713,sitting,0.9906,-0.0273,0.0461,0.9100,-3.5700,-0.0700
61557732,sitting,0.9916,-0.0266,0.0454,0.8400,-3.5000,-0.1050
61557752,sitting,0.9914,-0.0278,0.0451,0.8750,-3.5000,-0.1400
61557771,sitting,0.9911,-0.0264,0.0454,0.8750,-3.5350,-0.1400
61557790,sitting,0.9914,-0.0273,0.0464,0.7700,-3.5000,-0.1050
61557809,sitting,0.9909,-0.0273,0.0459,0.8050,-3.5000,-0.1050
61557828,sitting,0.9911,-0.0276,0.0451,0.8750,-3.5350,-0.0700
61557848,sitting,0.9904,-0.0276,0.0454,0.9100,-3.5350,-0.0700
61557867,sitting,0.9899,-0.0283,0.0459,0.8400,-3.4650,-0.0700
61557886,sitting,0.9904,-0.0281,0.0451,0.8750,-3.5350,-0.0700
61557905,sitting,0.9914,-0.0276,0.0451,0.8400,-3.5350,-0.0350
61557925,sitting,0.9914,-0.0278,0.0451,0.8400,-3.5350,-0.0700
61557944,sitting,0.9911,-0.0278,0.0459,0.8400,-3.5350,-0.0700
61557963,sitting,0.9906,-0.0271,0.0456,0.8050,-3.4650,-0.1050
61557982,sitting,0.9899,-0.0283,0.0451,0.8400,-3.4650,-0.0700
61558002,sitting,0.9904,-0.0278,0.0454,0.8400,-3.5000,-0.1050
61558021,sitting,0.9909,-0.0264,0.0454,0.8750,-3.5350,-0.0700
61558040,sitting,0.9902,-0.0271,0.0459,0.8400,-3.5350,-0.0350
61558059,sitting,0.9902,-0.0283,0.0449,0.8400,-3.5000,-0.0700
61558078,sitting,0.9904,-0.0283,0.0466,0.8750,-3.5350,-0.0700
61558098,sitting,0.9906,-0.0278,0.0468,0.8400,-3.5350,-0.0700
61558117,sitting,0.9911,-0.0281,0.0456,0.8400,-3.5000,-0.0700
61558136,sitting,0.9911,-0.0278,0.0447,0.8400,-3.5700,-0.1400
61558155,sitting,0.9906,-0.0276,0.0449,0.9100,-3.5350,-0.1050
61558175,sitting,0.9909,-0.0281,0.0449,0.8400,-3.4650,-0.0700
61558194,sitting,0.9921,-0.0276,0.0454,0.8400,-3.5000,-0.0700
61558213,sitting,0.9906,-0.0276,0.0454,0.8400,-3.5350,-0.1050
61558232,sitting,0.9914,-0.0283,0.0454,0.8050,-3.5350,-0.0700
61558252,sitting,0.9916,-0.0276,0.0454,0.8400,-3.4650,-0.1400
61558271,sitting,0.9904,-0.0268,0.0464,0.8400,-3.5350,-0.0700
61558290,sitting,0.9904,-0.0276,0.0459,0.8750,-3.5000,-0.0350
61558309,sitting,0.9892,-0.0271,0.0461,0.8400,-3.5350,-0.0700
61558328,sitting,0.9904,-0.0281,0.0459,0.8400,-3.5350,-0.1050
61558348,sitting,0.9906,-0.0273,0.0459,0.8400,-3.5000,-0.1050
61558367,sitting,0.9909,-0.0276,0.0451,0.8400,-3.4650,-0.0700
61558386,sitting,0.9909,-0.0271,0.0449,0.8750,-3.5350,-0.0350
61558405,sitting,0.9904,-0.0273,0.0454,0.8400,-3.5350,-0.0700
61558425,sitting,0.9899,-0.0278,0.0456,0.8750,-3.5000,-0.1050
61558444,sitting,0.9909,-0.0283,0.0464,0.8750,-3.5700,-0.0700
61558463,sitting,0.9911,-0.0281,0.0456,0.8400,-3.5700,-0.0700
61558482,sitting,0.9899,-0.0271,0.0471,0.8400,-3.5000,-0.0700
61558502,sitting,0.9904,-0.0276,0.0461,0.8400,-3.5000,-0.0700
61558521,sitting,0.9899,-0.0281,0.0459,0.8750,-3.5000,-0.0350
61558540,sitting,0.9911,-0.0278,0.0451,0.8400,-3.5000,-0.0700
61558559,sitting,0.9911,-0.0276,0.0461,0.8400,-3.5000,-0.0700
61558578,sitting,0.9904,-0.0278,0.0468,0.8750,-3.5350,-0.0700
61558598,sitting,0.9899,-0.0285,0.0456,0.8750,-3.5350,-0.0700
61558617,sitting,0.9909,-0.0281,0.0456,0.8400,-3.5350,-0.1050
61558636,sitting,0.9909,-0.0281,0.0459,0.8400,-3.5350,-0.1050
61558655,sitting,0.9904,-0.0281,0.0451,0.9100,-3.5700,-0.0700
61558675,sitting,0.9909,-0.0276,0.0459,0.8400,-3.5000,-0.0700
61558694,sitting,0.9906,-0.0278,0.0449,0.8400,-3.5350,-0.1050
61558713,sitting,0.9909,-0.0281,0.0459,0.8750,-3.5700,-0.1050
61558732,sitting,0.9911,-0.0278,0.0461,0.8400,-3.5350,-0.0700
61558752,sitting,0.9911,-0.0278,0.0459,0.8750,-3.5000,-0.0700
61558771,sitting,0.9914,-0.0276,0.0454,0.8400,-3.5000,-0.1050
61558790,sitting,0.9914,-0.0283,0.0449,0.8400,-3.5700,-0.0700
61558809,sitting,0.9911,-0.0283,0.0447,0.8750,-3.5350,-0.0700
61558828,sitting,0.9906,-0.0283,0.0456,0.8750,-3.5700,-0.0700
61558848,sitting,0.9909,-0.0273,0.0454,0.8400,-3.5350,-0.0350
61558867,sitting,0.9906,-0.0281,0.0456,0.8400,-3.4650,-0.0350
61558886,sitting,0.9919,-0.0281,0.0464,0.8400,-3.5350,-0.1050
61558905,sitting,0.9904,-0.0285,0.0459,0.8750,-3.5000,-0.0700
61558925,sitting,0.9904,-0.0271,0.0464,0.8400,-3.5000,-0.0700
61558944,sitting,0.9911,-0.0278,0.0456,0.8750,-3.5350,-0.0700
61558963,sitting,0.9906,-0.0278,0.0456,0.9100,-3.5700,-0.0700
61558982,sitting,0.9909,-0.0276,0.0451,0.8400,-3.6050,-0.0700
61559002,sitting,0.9906,-0.0276,0.0451,0.8400,-3.5000,-0.0700
61559021,sitting,0.9906,-0.0288,0.0449,0.8400,-3.5700,-0.0700
61559040,sitting,0.9911,-0.0278,0.0447,0.8750,-3.5350,-0.0350
61559059,sitting,0.9906,-0.0273,0.0456,0.8400,-3.5000,-0.0700
61559078,sitting,0.9902,-0.0271,0.0459,0.8750,-3.5350,-0.0700
61559098,sitting,0.9904,-0.0276,0.0447,0.8400,-3.5000,-0.0700
61559117,sitting,0.9919,-0.0273,0.0449,0.8400,-3.5000,-0.0700
61559136,sitting,0.9914,-0.0271,0.0459,0.8400,-3.5700,-0.0700
61559155,sitting,0.9909,-0.0283,0.0454,0.8400,-3.5000,-0.0700
61559175,sitting,0.9914,-0.0276,0.0464,0.8400,-3.4650,-0.0350
61559194,sitting,0.9904,-0.0276,0.0459,0.9100,-3.5350,-0.0700
61559213,sitting,0.9911,-0.0276,0.0454,0.8750,-3.5700,-0.0700
61559232,sitting,0.9904,-0.0276,0.0447,0.8400,-3.5350,-0.0700
61559252,sitting,0.9911,-0.0276,0.0447,0.8750,-3.4650,-0.1050
61559271,sitting,0.9906,-0.0278,0.0451,0.8400,-3.5350,-0.0700
61559290,sitting,0.9906,-0.0278,0.0451,0.8750,-3.5700,-0.0700
61559309,sitting,0.9914,-0.0278,0.0456,0.8400,-3.4650,-0.0700
61559328,sitting,0.9906,-0.0283,0.0459,0.8400,-3.5700,-0.0700
61559348,sitting,0.9904,-0.0273,0.0456,0.8400,-3.5350,-0.1050
61559367,sitting,0.9904,-0.0276,0.0459,0.8400,-3.5350,-0.0700
61559386,sitting,0.9911,-0.0271,0.0451,0.8750,-3.5700,-0.1050
61559405,sitting,0.9911,-0.0283,0.0454,0.8750,-3.5000,-0.0700
61559425,sitting,0.9906,-0.0278,0.0459,0.8400,-3.5350,-0.0350
61559444,sitting,0.9911,-0.0273,0.0466,0.8400,-3.4650,-0.1050
61559463,sitting,0.9909,-0.0266,0.0464,0.8400,-3.5000,-0.0700
61559482,sitting,0.9911,-0.0273,0.0451,0.8400,-3.5000,-0.0700
61559502,sitting,0.9911,-0.0276,0.0456,0.8750,-3.5000,-0.0700
61559521,sitting,0.9914,-0.0266,0.0449,0.8400,-3.5700,-0.0700
61559540,sitting,0.9906,-0.0276,0.0447,0.7700,-3.5000,-0.1050
61559559,sitting,0.9899,-0.0271,0.0444,0.8050,-3.4650,-0.1400
61559578,sitting,0.9902,-0.0271,0.0451,0.8400,-3.5000,-0.0700
61559598,sitting,0.9904,-0.0278,0.0451,0.8750,-3.5700,-0.0700
61559617,sitting,0.9902,-0.0268,0.0459,0.8400,-3.5350,-0.0700
61559636,sitting,0.9904,-0.0271,0.0456,0.8050,-3.5000,-0.0700
61559655,sitting,0.9906,-0.0273,0.0451,0.8400,-3.5350,-0.0350
61559675,sitting,0.9904,-0.0276,0.0451,0.8750,-3.5350,-0.0350
61559694,sitting,0.9906,-0.0276,0.0451,0.8750,-3.5350,-0.1050
61559713,sitting,0.9914,-0.0283,0.0449,0.8400,-3.5350,-0.0700
61559732,sitting,0.9906,-0.0290,0.0449,0.8400,-3.5000,-0.0700
61559752,sitting,0.9904,-0.0276,0.0454,0.8400,-3.4650,-0.1050
61559771,sitting,0.9897,-0.0276,0.0466,0.8400,-3.5350,-0.1050
61559790,sitting,0.9889,-0.0283,0.0464,0.8400,-3.5000,-0.0700
61559809,sitting,0.9909,-0.0273,0.0464,0.8750,-3.5350,-0.0700
61559828,sitting,0.9909,-0.0273,0.0444,0.8400,-3.5000,-0.0350
61559848,sitting,0.9916,-0.0271,0.0456,0.8400,-3.5350,-0.0700
61559867,sitting,0.9904,-0.0268,0.0461,0.8400,-3.5000,-0.0700
61559886,sitting,0.9914,-0.0285,0.0466,0.8750,-3.5700,-0.1050
61559905,sitting,0.9914,-0.0278,0.0461,0.8750,-3.5350,-0.1050
61559925,sitting,0.9909,-0.0283,0.0459,0.8400,-3.5000,-0.1400
61559944,sitting,0.9904,-0.0278,0.0454,0.8400,-3.5000,-0.0700
61559963,sitting,0.9909,-0.0278,0.0456,0.9100,-3.5700,-0.0700
61559982,sitting,0.9909,-0.0278,0.0451,0.8750,-3.5000,-0.0700
61560002,sitting,0.9904,-0.0283,0.0454,0.8400,-3.5000,-0.1050
61560021,sitting,0.9906,-0.0276,0.0451,0.8750,-3.5350,-0.1050
61560040,sitting,0.9916,-0.0278,0.0459,0.8750,-3.5700,-0.1050
61560059,sitting,0.9916,-0.0281,0.0468,0.8400,-3.5000,-0.1050
61560078,sitting,0.9906,-0.0276,0.0466,0.8400,-3.5700,-0.0700
61560098,sitting,0.9906,-0.0278,0.0461,0.9100,-3.5700,-0.0700
61560117,sitting,0.9909,-0.0278,0.0451,0.8750,-3.4650,-0.0700
61560136,sitting,0.9904,-0.0271,0.0461,0.8400,-3.5350,-0.0700
61560155,sitting,0.9904,-0.0273,0.0461,0.8400,-3.5350,-0.1050
61560175,sitting,0.9897,-0.0278,0.0459,0.8400,-3.5000,-0.0700
61560194,sitting,0.9911,-0.0276,0.0451,0.8750,-3.5350,-0.0700
61560213,sitting,0.9904,-0.0278,0.0451,0.8400,-3.5350,-0.0700
61560232,sitting,0.9909,-0.0276,0.0456,0.8400,-3.5350,-0.0700
61560252,sitting,0.9911,-0.0281,0.0456,0.8400,-3.5000,-0.0700
61560271,sitting,0.9906,-0.0273,0.0449,0.8400,-3.5700,-0.1050
61560290,sitting,0.9899,-0.0278,0.0461,0.8400,-3.5700,-0.0700
61560309,sitting,0.9906,-0.0268,0.0456,0.8400,-3.5350,-0.0700
61560328,sitting,0.9914,-0.0281,0.0468,0.8750,-3.5000,-0.0350
61560348,sitting,0.9906,-0.0271,0.0454,0.8750,-3.5350,-0.0700
61560367,sitting,0.9904,-0.0273,0.0461,0.8400,-3.5000,-0.0700
61560386,sitting,0.9899,-0.0271,0.0456,0.8050,-3.5350,-0.1050
61560405,sitting,0.9899,-0.0271,0.0456,0.8400,-3.5350,-0.0700
61560425,sitting,0.9909,-0.0278,0.0454,0.8400,-3.5000,-0.0700
61560444,sitting,0.9909,-0.0278,0.0456,0.8050,-3.5000,-0.0700
61560463,sitting,0.9909,-0.0276,0.0451,0.8750,-3.5700,-0.1050
61560482,sitting,0.9919,-0.0278,0.0468,0.9100,-3.5000,-0.0700
61560502,sitting,0.9906,-0.0276,0.0459,0.8400,-3.4650,-0.1050
61560521,sitting,0.9909,-0.0273,0.0456,0.8400,-3.5350,-0.0700
61560540,sitting,0.9911,-0.0276,0.0459,0.8400,-3.5350,-0.1050
61560559,sitting,0.9904,-0.0273,0.0451,0.8400,-3.4650,-0.0700
61560578,sitting,0.9906,-0.0278,0.0459,0.8400,-3.5000,-0.0700
61560598,sitting,0.9906,-0.0276,0.0454,0.8400,-3.5350,-0.0700
61560617,sitting,0.9914,-0.0276,0.0447,0.8750,-3.5350,-0.0700
61560636,sitting,0.9911,-0.0273,0.0464,0.8750,-3.5350,-0.1050
61560655,sitting,0.9911,-0.0283,0.0466,0.9100,-3.5700,-0.0700
61560675,sitting,0.9904,-0.0281,0.0454,0.8400,-3.5000,-0.0700
61560694,sitting,0.9904,-0.0276,0.0454,0.8400,-3.5700,-0.0700
61560713,sitting,0.9904,-0.0283,0.0466,0.8750,-3.5700,-0.0700
61560732,sitting,0.9911,-0.0276,0.0464,0.8400,-3.5350,-0.0700
61560752,sitting,0.9916,-0.0276,0.0461,0.8400,-3.5000,-0.0700
61560771,sitting,0.9902,-0.0281,0.0464,0.8400,-3.5350,-0.0700
61560790,sitting,0.9906,-0.0283,0.0456,0.8400,-3.5350,-0.1050
61560809,sitting,0.9916,-0.0268,0.0456,0.8400,-3.4650,-0.1050
61560828,sitting,0.9916,-0.0273,0.0459,0.8750,-3.5000,-0.0700
61560848,sitting,0.9914,-0.0278,0.0449,0.8400,-3.5000,-0.0700
61560867,sitting,0.9909,-0.0271,0.0459,0.8750,-3.5350,-0.1050
61560886,sitting,0.9906,-0.0273,0.0451,0.8750,-3.5000,-0.1050
61560905,sitting,0.9909,-0.0281,0.0449,0.8750,-3.5350,-0.0700
61560925,sitting,0.9909,-0.0273,0.0459,0.8400,-3.5350,-0.0700
61560944,sitting,0.9902,-0.0281,0.0451,0.8400,-3.5000,-0.0700
61560963,sitting,0.9911,-0.0281,0.0439,0.8750,-3.5350,-0.0700
61560982,sitting,0.9906,-0.0278,0.0461,0.8400,-3.5000,-0.1050
61561002,sitting,0.9906,-0.0276,0.0449,0.8400,-3.4650,-0.0700
61561021,sitting,0.9909,-0.0273,0.0449,0.8750,-3.5000,-0.0700
61561040,sitting,0.9911,-0.0283,0.0449,0.8400,-3.5350,-0.0700
61561059,sitting,0.9906,-0.0281,0.0451,0.8400,-3.5000,-0.0700
61561078,sitting,0.9906,-0.0281,0.0449,0.8400,-3.5700,-0.0700
61561098,sitting,0.9902,-0.0276,0.0449,0.9100,-3.5000,-0.0700
61561117,sitting,0.9904,-0.0273,0.0451,0.8400,-3.5000,-0.1050
61561136,sitting,0.9909,-0.0271,0.0447,0.8400,-3.5000,-0.1050
61561155,sitting,0.9909,-0.0278,0.0454,0.8400,-3.5700,-0.0700
61561175,sitting,0.9904,-0.0283,0.0456,0.8750,-3.5700,-0.0700
61561194,sitting,0.9909,-0.0276,0.0456,0.8050,-3.5000,-0.0700
61561213,sitting,0.9911,-0.0283,0.0461,0.8400,-3.5350,-0.0700
61561232,sitting,0.9904,-0.0278,0.0459,0.8750,-3.5000,-0.0700
61561252,sitting,0.9906,-0.0271,0.0459,0.8400,-3.5000,-0.1050
61561271,sitting,0.9911,-0.0273,0.0454,0.8400,-3.5700,-0.0700
61561290,sitting,0.9902,-0.0276,0.0456,0.8750,-3.5350,-0.0700
61561309,sitting,0.9894,-0.0276,0.0454,0.8050,-3.5350,-0.1050
61561328,sitting,0.9909,-0.0283,0.0464,0.8400,-3.5350,-0.1050
61561348,sitting,0.9909,-0.0276,0.0451,0.8400,-3.5000,-0.0700
61561367,sitting,0.9902,-0.0273,0.0464,0.9100,-3.5700,-0.0700
61561386,sitting,0.9897,-0.0278,0.0461,0.8400,-3.5350,-0.0700
61561405,sitting,0.9904,-0.0283,0.0461,0.8400,-3.5350,-0.0700
61561425,sitting,0.9914,-0.0273,0.0459,0.8400,-3.5350,-0.0700
61561444,sitting,0.9909,-0.0266,0.0449,0.8050,-3.5350,-0.0700
61561463,sitting,0.9894,-0.0271,0.0451,0.8750,-3.5350,-0.0700
61561482,sitting,0.9904,-0.0281,0.0459,0.8750,-3.5350,-0.1050
61561502,sitting,0.9911,-0.0281,0.0459,0.8400,-3.4650,-0.1050
61561521,sitting,0.9906,-0.0276,0.0461,0.8400,-3.5000,-0.1050
61561540,sitting,0.9911,-0.0271,0.0454,0.8400,-3.5350,-0.1400
61561559,sitting,0.9904,-0.0276,0.0447,0.8400,-3.5000,-0.0350
61561578,sitting,0.9909,-0.0283,0.0454,0.8400,-3.5350,-0.1050
61561598,sitting,0.9906,-0.0278,0.0451,0.8400,-3.5700,-0.1400
61561617,sitting,0.9904,-0.0278,0.0451,0.8750,-3.5350,-0.0700
61561636,sitting,0.9911,-0.0273,0.0459,0.8400,-3.5350,-0.0700
61561655,sitting,0.9923,-0.0271,0.0454,0.9100,-3.5700,-0.0700
61561675,sitting,0.9911,-0.0283,0.0456,0.8400,-3.5000,-0.0700
61561694,sitting,0.9914,-0.0271,0.0456,0.8400,-3.5000,-0.1050
61561713,sitting,0.9909,-0.0281,0.0454,0.9100,-3.5350,-0.1050
61561732,sitting,0.9916,-0.0264,0.0456,0.8750,-3.5350,-0.0350
61561752,sitting,0.9906,-0.0273,0.0449,0.8750,-3.4650,-0.0700
61561771,sitting,0.9902,-0.0288,0.0454,0.8400,-3.5350,0.0000
61561790,sitting,0.9909,-0.0276,0.0461,0.8400,-3.5700,-0.0700
61561809,sitting,0.9904,-0.0278,0.0464,0.8400,-3.5350,-0.0700
61561828,sitting,0.9906,-0.0278,0.0456,0.8400,-3.4650,-0.1050
61561848,sitting,0.9916,-0.0281,0.0456,0.8400,-3.5350,-0.1050
61561867,sitting,0.9902,-0.0273,0.0451,0.8750,-3.5000,-0.0350
61561886,sitting,0.9906,-0.0268,0.0454,0.8050,-3.4650,-0.0700
61561905,sitting,0.9904,-0.0273,0.0466,0.8750,-3.5700,-0.0700
61561925,sitting,0.9902,-0.0268,0.0451,0.8400,-3.5700,-0.0350
61561944,sitting,0.9911,-0.0271,0.0464,0.8050,-3.5000,-0.1050
61561963,sitting,0.9904,-0.0278,0.0456,0.8750,-3.5350,-0.0700
61561982,sitting,0.9906,-0.0278,0.0456,0.8750,-3.5350,-0.1050
61562002,sitting,0.9909,-0.0276,0.0456,0.8400,-3.4650,-0.0700
61562021,sitting,0.9906,-0.0281,0.0461,0.8400,-3.5350,-0.0350
61562040,sitting,0.9906,-0.0281,0.0459,0.8750,-3.5350,-0.0700
61562059,sitting,0.9911,-0.0276,0.0454,0.8400,-3.5350,-0.1050
61562078,sitting,0.9902,-0.0273,0.0449,0.8400,-3.5000,-0.1050
61562098,sitting,0.9904,-0.0271,0.0451,0.8400,-3.5700,-0.0350
61562117,sitting,0.9902,-0.0283,0.0451,0.8400,-3.5350,-0.0700
61562136,sitting,0.9914,-0.0273,0.0451,0.8400,-3.5000,-0.0700
61562155,sitting,0.9902,-0.0276,0.0459,0.8750,-3.5700,-0.0700
61562175,sitting,0.9914,-0.0273,0.0461,0.8750,-3.5000,-0.0700
61562194,sitting,0.9911,-0.0276,0.0464,0.8400,-3.5000,-0.0700
61562213,sitting,0.9902,-0.0276,0.0459,0.8400,-3.5350,-0.1050
61562232,sitting,0.9916,-0.0278,0.0451,0.8400,-3.5350,-0.1050
61562252,sitting,0.9909,-0.0276,0.0456,0.8400,-3.5000,-0.1400
61562271,sitting,0.9902,-0.0271,0.0459,0.8400,-3.5700,-0.1400
61562290,sitting,0.9906,-0.0278,0.0451,0.8400,-3.5000,-0.1050
61562309,sitting,0.9914,-0.0276,0.0456,0.8050,-3.5350,-0.0350
61562328,sitting,0.9909,-0.0285,0.0459,0.8400,-3.5000,-0.0700
61562348,sitting,0.9911,-0.0276,0.0454,0.8750,-3.5350,-0.0700
61562367,sitting,0.9911,-0.0278,0.0454,0.8400,-3.5000,-0.0700
61562386,sitting,0.9911,-0.0273,0.0466,0.8400,-3.5350,-0.0700
61562405,sitting,0.9904,-0.0273,0.0464,0.9100,-3.5700,-0.1050
61562425,sitting,0.9914,-0.0281,0.0456,0.8400,-3.5700,-0.0700
61562444,sitting,0.9911,-0.0281,0.0456,0.8400,-3.5350,-0.0700
61562463,sitting,0.9911,-0.0271,0.0459,0.8400,-3.5000,-0.1050
61562482,sitting,0.9911,-0.0276,0.0461,0.8050,-3.5350,-0.0700
61562502,sitting,0.9909,-0.0268,0.0456,0.8050,-3.5000,-0.0700
61562521,sitting,0.9906,-0.0288,0.0451,0.8400,-3.5000,-0.0700
61562540,sitting,0.9904,-0.0285,0.0447,0.9100,-3.5700,-0.0700
61562559,sitting,0.9904,-0.0283,0.0447,0.8400,-3.5350,-0.0700
61562578,sitting,0.9909,-0.0281,0.0459,0.8400,-3.5000,-0.1050
61562598,sitting,0.9902,-0.0278,0.0459,0.8750,-3.5700,-0.1050
61562617,sitting,0.9894,-0.0281,0.0461,0.8750,-3.5700,-0.0700
61562636,sitting,0.9902,-0.0278,0.0451,0.8400,-3.4650,-0.1050
61562655,sitting,0.9904,-0.0266,0.0454,0.8750,-3.5700,-0.1050
61562675,sitting,0.9899,-0.0281,0.0454,0.8750,-3.5350,-0.0700
61562694,sitting,0.9902,-0.0271,0.0449,0.8400,-3.5000,-0.0700
61562713,sitting,0.9904,-0.0271,0.0444,0.8750,-3.5700,-0.0700
61562732,sitting,0.9911,-0.0266,0.0444,0.8400,-3.5700,-0.1400
61562752,sitting,0.9909,-0.0268,0.0449,0.8050,-3.4650,-0.1050
61562771,sitting,0.9911,-0.0276,0.0466,0.8400,-3.5350,-0.0700
61562790,sitting,0.9911,-0.0285,0.0451,0.8750,-3.5350,-0.0700
61562809,sitting,0.9906,-0.0278,0.0466,0.8750,-3.5350,0.0000
61562828,sitting,0.9914,-0.0278,0.0456,0.8750,-3.4650,-0.0700
61562848,sitting,0.9906,-0.0281,0.0456,0.8750,-3.5350,-0.0700
61562867,sitting,0.9902,-0.0271,0.0444,0.8750,-3.5000,-0.1050
61562886,sitting,0.9906,-0.0273,0.0456,0.8050,-3.4650,-0.1050
61562905,sitting,0.9906,-0.0276,0.0454,0.8400,-3.5700,-0.0700
61562925,sitting,0.9909,-0.0276,0.0456,0.9100,-3.5000,-0.0700
61562944,sitting,0.9909,-0.0271,0.0454,0.8400,-3.5000,-0.1050
61562963,sitting,0.9902,-0.0266,0.0464,0.8400,-3.5000,-0.0700
61562982,sitting,0.9909,-0.0273,0.0464,0.8400,-3.5000,-0.0700
61563002,sitting,0.9904,-0.0281,0.0459,0.8400,-3.4650,-0.1050
61563021,sitting,0.9904,-0.0266,0.0456,0.8750,-3.5350,-0.0700
61563040,sitting,0.9906,-0.0281,0.0451,0.8050,-3.5700,-0.0700
61563059,sitting,0.9906,-0.0278,0.0454,0.8400,-3.5350,-0.0700
61563078,sitting,0.9902,-0.0273,0.0451,0.8400,-3.4650,-0.0700
61563098,sitting,0.9906,-0.0281,0.0471,0.8400,-3.5700,-0.1050
61563117,sitting,0.9897,-0.0266,0.0468,0.8400,-3.5350,-0.0700
61563136,sitting,0.9909,-0.0276,0.0466,0.8400,-3.5000,-0.0700
61563155,sitting,0.9911,-0.0273,0.0464,0.8400,-3.5700,-0.0700
61563175,sitting,0.9899,-0.0276,0.0459,0.8400,-3.5000,-0.0700
61563194,sitting,0.9906,-0.0273,0.0456,0.8750,-3.4650,-0.1050
61563213,sitting,0.9909,-0.0271,0.0464,0.8050,-3.5000,-0.0700
61563232,sitting,0.9906,-0.0271,0.0454,0.9450,-3.5350,-0.0700
61563252,sitting,0.9911,-0.0273,0.0451,0.8400,-3.5350,-0.0700
61563271,sitting,0.9904,-0.0273,0.0451,0.8400,-3.5000,-0.0700
61563290,sitting,0.9906,-0.0273,0.0454,0.8400,-3.5700,-0.0700
61563309,sitting,0.9904,-0.0266,0.0461,0.8400,-3.5350,-0.0700
61563328,sitting,0.9909,-0.0276,0.0473,0.8050,-3.4650,-0.1050
61563348,sitting,0.9899,-0.0278,0.0454,0.8400,-3.5700,-0.0350
61563367,sitting,0.9902,-0.0276,0.0464,0.8750,-3.5700,-0.0700
61563386,sitting,0.9909,-0.0278,0.0456,0.8400,-3.5700,-0.0700
61563405,sitting,0.9902,-0.0271,0.0464,0.9100,-3.5700,-0.0350
61563425,sitting,0.9899,-0.0276,0.0454,0.8750,-3.5700,-0.0700
61563444,sitting,0.9899,-0.0276,0.0464,0.8400,-3.5000,-0.1050
61563463,sitting,0.9914,-0.0276,0.0468,0.8400,-3.5350,-0.0350
61563482,sitting,0.9909,-0.0278,0.0466,0.8400,-3.5700,0.0000
61563502,sitting,0.9906,-0.0276,0.0454,0.8400,-3.5000,-0.0700
61563521,sitting,0.9902,-0.0273,0.0461,0.9100,-3.5000,-0.0700
61563540,sitting,0.9902,-0.0273,0.0461,0.8400,-3.5000,-0.1050
61563559,sitting,0.9909,-0.0273,0.0456,0.8400,-3.5350,-0.0700
61563578,sitting,0.9921,-0.0268,0.0454,0.8400,-3.5000,-0.0700
61563598,sitting,0.9904,-0.0278,0.0454,0.8400,-3.5000,-0.1400
61563617,sitting,0.9906,-0.0283,0.0466,0.8400,-3.5700,-0.0700
61563636,sitting,0.9902,-0.0268,0.0459,0.8050,-3.5000,-0.0700
61563655,sitting,0.9906,-0.0276,0.0454,0.8400,-3.5000,0.0000
61563675,sitting,0.9904,-0.0283,0.0466,0.9100,-3.5700,-0.0700
61563694,sitting,0.9909,-0.0283,0.0459,0.8400,-3.5000,-0.0700
61563713,sitting,0.9919,-0.0271,0.0454,0.9100,-3.5000,0.0000
61563732,sitting,0.9906,-0.0271,0.0461,0.8750,-3.5700,-0.0700
61563752,sitting,0.9899,-0.0278,0.0459,0.8400,-3.5350,-0.0700
61563771,sitting,0.9899,-0.0273,0.0454,0.8400,-3.5350,-0.0350
61563790,sitting,0.9906,-0.0273,0.0456,0.8750,-3.5350,-0.1050
61563809,sitting,0.9904,-0.0276,0.0456,0.9100,-3.5350,-0.0350
61563828,sitting,0.9909,-0.0273,0.0456,0.8400,-3.5000,-0.0700
61563848,sitting,0.9902,-0.0281,0.0464,0.8750,-3.5000,-0.1050
61563867,sitting,0.9914,-0.0283,0.0459,0.8750,-3.5700,-0.0700
61563886,sitting,0.9906,-0.0278,0.0454,0.8400,-3.5000,-0.1050
61563905,sitting,0.9909,-0.0281,0.0454,0.8400,-3.5000,-0.0700
61563925,sitting,0.9909,-0.0278,0.0464,0.8400,-3.5000,-0.1050
61563944,sitting,0.9906,-0.0278,0.0464,0.8050,-3.5000,-0.0700
61563963,sitting,0.9906,-0.0273,0.0468,0.9100,-3.5350,-0.0700
61563982,sitting,0.9904,-0.0278,0.0454,0.9100,-3.5700,-0.0700
61564002,sitting,0.9909,-0.0266,0.0454,0.9100,-3.5350,-0.0700
61564021,sitting,0.9904,-0.0278,0.0451,0.8400,-3.5000,-0.0350
61564040,sitting,0.9906,-0.0276,0.0449,0.8750,-3.5350,-0.0700
61564059,sitting,0.9909,-0.0276,0.0461,0.8400,-3.5350,-0.0700
61564078,sitting,0.9916,-0.0278,0.0461,0.8750,-3.5000,-0.0700
61564098,sitting,0.9911,-0.0283,0.0454,0.8400,-3.5700,-0.0350
61564117,sitting,0.9914,-0.0283,0.0456,0.8750,-3.5700,-0.0700
61564136,sitting,0.9906,-0.0281,0.0454,0.8400,-3.5000,-0.0700
61564155,sitting,0.9902,-0.0285,0.0454,0.8400,-3.5350,-0.0700
61564175,sitting,0.9904,-0.0285,0.0459,0.8750,-3.5700,-0.0700
61564194,sitting,0.9911,-0.0285,0.0451,0.8400,-3.5000,-0.0700
61564213,sitting,0.9909,-0.0278,0.0456,0.8400,-3.5000,-0.0700
61564232,sitting,0.9904,-0.0276,0.0456,0.8400,-3.5000,-0.1050
61564252,sitting,0.9899,-0.0271,0.0449,0.8400,-3.5350,-0.0700
61564271,sitting,0.9909,-0.0278,0.0444,0.8750,-3.5700,-0.0700
61564290,sitting,0.9911,-0.0278,0.0456,0.8750,-3.5350,-0.0700
61564309,sitting,0.9914,-0.0276,0.0456,0.8400,-3.5350,-0.0700
61564328,sitting,0.9911,-0.0268,0.0451,0.8400,-3.5000,-0.0350
61564348,sitting,0.9906,-0.0276,0.0454,0.8750,-3.5350,-0.0700
61564367,sitting,0.9911,-0.0278,0.0451,0.9100,-3.5350,-0.0700
61564386,sitting,0.9911,-0.0278,0.0459,0.8400,-3.5000,-0.0700
61564405,sitting,0.9899,-0.0290,0.0456,0.8400,-3.5000,-0.0700
61564425,sitting,0.9902,-0.0283,0.0459,0.8750,-3.5700,-0.1050
61564444,sitting,0.9904,-0.0276,0.0456,0.8400,-3.4650,-0.1400
61564463,sitting,0.9904,-0.0271,0.0456,0.8050,-3.5350,-0.0700
61564482,sitting,0.9909,-0.0268,0.0461,0.9100,-3.5700,-0.1050
61564502,sitting,0.9902,-0.0283,0.0449,0.8750,-3.5000,-0.0700
61564521,sitting,0.9904,-0.0278,0.0464,0.8400,-3.5000,-0.0350
61564540,sitting,0.9902,-0.0278,0.0464,0.8750,-3.5350,0.0000
61564559,sitting,0.9906,-0.0283,0.0459,0.8400,-3.5350,-0.1050
61564578,sitting,0.9904,-0.0278,0.0456,0.8050,-3.4300,-0.0700
61564598,sitting,0.9899,-0.0278,0.0461,0.8750,-3.5700,-0.0700
61564617,sitting,0.9904,-0.0266,0.0459,0.8750,-3.5700,-0.0700
61564636,sitting,0.9919,-0.0273,0.0449,0.8400,-3.5350,-0.0700
61564655,sitting,0.9909,-0.0276,0.0459,0.8400,-3.5350,-0.0350
61564675,sitting,0.9902,-0.0283,0.0461,0.8750,-3.5700,-0.0700
61564694,sitting,0.9904,-0.0276,0.0466,0.8400,-3.5350,-0.1050
61564713,sitting,0.9909,-0.0268,0.0466,0.8750,-3.5000,-0.0700
61564732,sitting,0.9914,-0.0283,0.0454,0.8750,-3.5700,-0.1050
61564752,sitting,0.9904,-0.0273,0.0451,0.8400,-3.5350,-0.0700
61564771,sitting,0.9909,-0.0276,0.0444,0.8750,-3.5000,-0.0700
61564790,sitting,0.9909,-0.0266,0.0454,0.8750,-3.5700,-0.1050
61564809,sitting,0.9914,-0.0271,0.0451,0.8400,-3.5000,-0.0700
61564828,sitting,0.9909,-0.0273,0.0447,0.8400,-3.5350,-0.0700
61564848,sitting,0.9911,-0.0268,0.0461,0.8400,-3.5350,-0.1050
61564867,sitting,0.9916,-0.0271,0.0461,0.8400,-3.5000,-0.1400
61564886,sitting,0.9911,-0.0271,0.0454,0.8400,-3.5350,-0.0700
61564905,sitting,0.9902,-0.0283,0.0456,0.7700,-3.5000,-0.0700
61564925,sitting,0.9909,-0.0276,0.0451,0.8400,-3.5700,-0.0700
61564944,sitting,0.9906,-0.0281,0.0456,0.8400,-3.4650,-0.0700
61564963,sitting,0.9904,-0.0271,0.0451,0.8400,-3.5350,-0.0700
61564982,sitting,0.9906,-0.0264,0.0451,0.8750,-3.5700,-0.0700
61565002,sitting,0.9909,-0.0283,0.0451,0.8750,-3.5000,-0.0700
61565021,sitting,0.9904,-0.0268,0.0456,0.9100,-3.5350,-0.0700
61565040,sitting,0.9914,-0.0273,0.0461,0.8400,-3.5700,-0.0700
61565059,sitting,0.9904,-0.0273,0.0456,0.9100,-3.5700,-0.0350
61565078,sitting,0.9906,-0.0273,0.0456,0.8400,-3.5000,-0.0700
61565098,sitting,0.9906,-0.0281,0.0459,0.8750,-3.5000,-0.0700
61565117,sitting,0.9916,-0.0276,0.0451,0.8750,-3.5700,-0.0350
61565136,sitting,0.9902,-0.0276,0.0451,0.8400,-3.5350,-0.1050
61565155,sitting,0.9906,-0.0268,0.0456,0.8400,-3.5000,-0.0700
61565175,sitting,0.9906,-0.0283,0.0449,0.8750,-3.5700,-0.0700
61565194,sitting,0.9909,-0.0281,0.0456,0.8400,-3.5000,-0.0700
61565213,sitting,0.9902,-0.0288,0.0456,0.8750,-3.5000,-0.0700
61565232,sitting,0.9902,-0.0283,0.0456,0.8400,-3.5350,-0.0700
61565252,sitting,0.9904,-0.0285,0.0459,0.8400,-3.5000,-0.0700
61565271,sitting,0.9902,-0.0276,0.0461,0.8400,-3.5000,-0.1050
61565290,sitting,0.9906,-0.0268,0.0461,0.8050,-3.5350,-0.1400
61565309,sitting,0.9904,-0.0273,0.0456,0.8400,-3.5000,-0.1050
61565328,sitting,0.9914,-0.0276,0.0461,0.8400,-3.5350,-0.1050
61565348,sitting,0.9909,-0.0276,0.0456,0.9100,-3.5700,-0.0700
61565367,sitting,0.9904,-0.0271,0.0461,0.9100,-3.5700,-0.1050
61565386,sitting,0.9902,-0.0276,0.0466,0.8400,-3.5000,-0.0700
61565405,sitting,0.9909,-0.0276,0.0459,0.8400,-3.5350,-0.0700
61565425,sitting,0.9906,-0.0268,0.0454,0.9100,-3.5350,-0.0350
61565444,sitting,0.9911,-0.0281,0.0461,0.8750,-3.5000,-0.0350
61565463,sitting,0.9911,-0.0278,0.0461,0.8750,-3.5350,-0.0700
61565482,sitting,0.9906,-0.0278,0.0454,0.9100,-3.5350,-0.0700
61565502,sitting,0.9902,-0.0278,0.0456,0.9100,-3.5700,-0.0700
61565521,sitting,0.9911,-0.0278,0.0459,0.8750,-3.5000,-0.1050
61565540,sitting,0.9906,-0.0283,0.0451,0.8400,-3.5350,-0.0700
61565559,sitting,0.9906,-0.0288,0.0461,0.8750,-3.5000,-0.0350
61565578,sitting,0.9911,-0.0283,0.0461,0.8400,-3.5000,-0.0700
61565598,sitting,0.9906,-0.0281,0.0466,0.9100,-3.5000,-0.0700
61565617,sitting,0.9911,-0.0278,0.0459,0.8400,-3.5350,-0.0350
61565636,sitting,0.9906,-0.0281,0.0454,0.8750,-3.5350,-0.0350
61565655,sitting,0.9899,-0.0278,0.0454,0.8400,-3.4650,-0.0700
61565675,sitting,0.9911,-0.0278,0.0459,0.8750,-3.5000,-0.0700
61565694,sitting,0.9904,-0.0271,0.0454,0.8750,-3.5700,-0.1050
61565713,sitting,0.9899,-0.0271,0.0451,0.8750,-3.5000,-0.0700
61565732,sitting,0.9919,-0.0278,0.0464,0.8750,-3.6050,-0.0700
61565752,sitting,0.9904,-0.0273,0.0461,0.8400,-3.5700,-0.1050
61565771,sitting,0.9904,-0.0281,0.0451,0.8400,-3.4650,-0.0700
61565790,sitting,0.9906,-0.0288,0.0456,0.9100,-3.5700,-0.0350
61565809,sitting,0.9902,-0.0276,0.0454,0.8750,-3.5700,-0.0700
61565828,sitting,0.9909,-0.0273,0.0459,0.8050,-3.5000,-0.0700
61565848,sitting,0.9906,-0.0271,0.0451,0.8400,-3.5350,-0.0700
61565867,sitting,0.9909,-0.0276,0.0456,0.9100,-3.5700,-0.0700
61565886,sitting,0.9911,-0.0281,0.0451,0.8400,-3.4650,-0.0700
61565905,sitting,0.9906,-0.0283,0.0454,0.8400,-3.5000,-0.0700
61565925,sitting,0.9919,-0.0293,0.0461,0.8400,-3.5350,-0.0700
61565944,sitting,0.9906,-0.0276,0.0459,0.8400,-3.5350,-0.0700
61565963,sitting,0.9911,-0.0278,0.0456,0.8400,-3.4650,-0.1050
61565982,sitting,0.9894,-0.0281,0.0459,0.8400,-3.5350,-0.1050
61566002,sitting,0.9911,-0.0278,0.0464,0.8750,-3.5700,-0.0700
61566021,sitting,0.9906,-0.0288,0.0464,0.8400,-3.5000,-0.1050
61566040,sitting,0.9899,-0.0283,0.0454,0.8750,-3.5350,-0.0700
61566059,sitting,0.9911,-0.0268,0.0466,0.8750,-3.5350,-0.0700
61566078,sitting,0.9909,-0.0273,0.0461,0.8750,-3.5000,-0.0700
61566098,sitting,0.9902,-0.0281,0.0468,0.8400,-3.5350,-0.0700
61566117,sitting,0.9904,-0.0271,0.0461,0.8750,-3.5700,-0.0700
61566136,sitting,0.9906,-0.0281,0.0454,0.8400,-3.5350,-0.0700
61566155,sitting,0.9906,-0.0278,0.0451,0.8400,-3.5700,-0.0700
61566175,sitting,0.9902,-0.0283,0.0459,0.8750,-3.5350,-0.0700
61566194,sitting,0.9906,-0.0285,0.0456,0.8400,-3.4650,-0.1050
61566213,sitting,0.9897,-0.0281,0.0461,0.8050,-3.4650,-0.0700
61566232,sitting,0.9906,-0.0268,0.0454,0.8750,-3.5350,-0.0700
61566252,sitting,0.9909,-0.0273,0.0459,0.8750,-3.5000,-0.0700
61566271,sitting,0.9911,-0.0268,0.0461,0.8400,-3.5000,-0.1050
61566290,sitting,0.9914,-0.0276,0.0454,0.8400,-3.5350,-0.0700
61566309,sitting,0.9904,-0.0283,0.0454,0.8750,-3.5350,-0.0700
61566328,sitting,0.9911,-0.0283,0.0449,0.8400,-3.5000,-0.0700
61566348,sitting,0.9906,-0.0283,0.0456,0.8750,-3.5350,-0.1050
61566367,sitting,0.9899,-0.0276,0.0456,0.9100,-3.5700,-0.0700
61566386,sitting,0.9902,-0.0273,0.0456,0.8400,-3.5350,-0.0700
61566405,sitting,0.9911,-0.0268,0.0454,0.8400,-3.5700,-0.0350
61566425,sitting,0.9899,-0.0281,0.0459,0.9100,-3.5700,-0.0350
61566444,sitting,0.9902,-0.0278,0.0454,0.8400,-3.5350,-0.1050
61566463,sitting,0.9904,-0.0273,0.0456,0.8400,-3.5000,-0.0700
61566482,sitting,0.9899,-0.0268,0.0459,0.9100,-3.5700,-0.0700
61566502,sitting,0.9911,-0.0271,0.0454,0.8750,-3.5350,-0.0350
61566521,sitting,0.9911,-0.0278,0.0456,0.8400,-3.5000,-0.1050
61566540,sitting,0.9902,-0.0271,0.0464,0.8400,-3.5350,-0.0700
61566559,sitting,0.9899,-0.0281,0.0464,0.8750,-3.5700,-0.1050
61566578,sitting,0.9902,-0.0276,0.0459,0.8050,-3.4650,-0.0700
61566598,sitting,0.9909,-0.0276,0.0464,0.8750,-3.5000,-0.0700
61566617,sitting,0.9916,-0.0288,0.0461,0.8400,-3.5350,-0.0700
61566636,sitting,0.9911,-0.0276,0.0466,0.8750,-3.5000,-0.0700
61566655,sitting,0.9911,-0.0273,0.0468,0.8400,-3.5350,-0.0350
61566675,sitting,0.9904,-0.0273,0.0461,0.8400,-3.5000,-0.1050
61566694,sitting,0.9906,-0.0283,0.0451,0.8400,-3.5350,-0.0700
61566713,sitting,0.9906,-0.0283,0.0444,0.8400,-3.5350,-0.0700
61566732,sitting,0.9904,-0.0281,0.0454,0.8400,-3.5700,-0.0700
61566752,sitting,0.9899,-0.0278,0.0449,0.8750,-3.5350,-0.0700
61566771,sitting,0.9911,-0.0283,0.0461,0.8050,-3.5000,-0.0350
61566790,sitting,0.9902,-0.0276,0.0456,0.9100,-3.5350,-0.0700
61566809,sitting,0.9902,-0.0278,0.0456,0.8750,-3.5700,-0.0350
61566828,sitting,0.9904,-0.0278,0.0454,0.8750,-3.5350,-0.0700
61566848,sitting,0.9906,-0.0271,0.0461,0.8400,-3.5700,-0.0700
61566867,sitting,0.9906,-0.0278,0.0454,0.9100,-3.5350,-0.0700
61566886,sitting,0.9911,-0.0278,0.0461,0.8750,-3.5000,-0.0700
61566905,sitting,0.9914,-0.0283,0.0444,0.8400,-3.5000,-0.1050
61566925,sitting,0.9904,-0.0273,0.0447,0.8400,-3.5350,-0.0700
61566944,sitting,0.9909,-0.0273,0.0454,0.8400,-3.5350,-0.0700
61566963,sitting,0.9906,-0.0261,0.0456,0.8400,-3.5000,-0.1400
61566982,sitting,0.9904,-0.0271,0.0459,0.9100,-3.5700,-0.0350
61567002,sitting,0.9904,-0.0271,0.0464,0.9100,-3.5000,-0.0700
61567021,sitting,0.9916,-0.0271,0.0459,0.8050,-3.5000,-0.1050
61567040,sitting,0.9899,-0.0283,0.0461,0.8400,-3.5350,-0.1050
61567059,sitting,0.9906,-0.0271,0.0454,0.9100,-3.5350,-0.0700
61567078,sitting,0.9906,-0.0268,0.0471,0.8400,-3.4650,-0.0700
61567098,sitting,0.9909,-0.0271,0.0461,0.8400,-3.5000,-0.1400
61567117,sitting,0.9909,-0.0278,0.0456,0.8400,-3.5700,-0.0700
61567136,sitting,0.9909,-0.0276,0.0464,0.8400,-3.4650,-0.1050
61567155,sitting,0.9906,-0.0276,0.0451,0.8400,-3.5000,-0.1050
61567175,sitting,0.9902,-0.0278,0.0466,0.8750,-3.5700,-0.0700
61567194,sitting,0.9911,-0.0281,0.0471,0.8400,-3.5000,-0.0700
61567213,sitting,0.9899,-0.0276,0.0454,0.8400,-3.5000,-0.1050
61567232,sitting,0.9899,-0.0273,0.0451,0.8400,-3.5350,-0.0700
61567252,sitting,0.9906,-0.0276,0.0451,0.8400,-3.5000,-0.0350
61567271,sitting,0.9911,-0.0268,0.0456,0.8400,-3.4650,-0.1050
61567290,sitting,0.9909,-0.0278,0.0456,0.8400,-3.5350,-0.0700
61567309,sitting,0.9904,-0.0273,0.0464,0.8400,-3.6050,-0.0700
61567328,sitting,0.9899,-0.0273,0.0464,0.8400,-3.5000,-0.1050
61567348,sitting,0.9906,-0.0276,0.0459,0.8400,-3.5350,-0.0350
61567367,sitting,0.9904,-0.0278,0.0459,0.8400,-3.5350,-0.0700
61567386,sitting,0.9906,-0.0278,0.0456,0.8750,-3.5350,-0.0350
61567405,sitting,0.9909,-0.0283,0.0454,0.8400,-3.5350,-0.0700
61567425,sitting,0.9906,-0.0278,0.0461,0.8750,-3.5700,-0.0700
61567444,sitting,0.9906,-0.0278,0.0464,0.8400,-3.5700,-0.0700
61567463,sitting,0.9902,-0.0273,0.0468,0.8400,-3.5350,-0.1050
61567482,sitting,0.9902,-0.0266,0.0464,0.8750,-3.5700,-0.0350
61567502,sitting,0.9902,-0.0271,0.0451,0.8400,-3.5700,-0.0700
61567521,sitting,0.9902,-0.0281,0.0451,0.8750,-3.5000,-0.0700
61567540,sitting,0.9892,-0.0268,0.0456,0.8750,-3.5350,-0.0700
61567559,sitting,0.9904,-0.0281,0.0454,0.8750,-3.5350,-0.0700
61567578,sitting,0.9914,-0.0283,0.0461,0.8750,-3.4650,-0.1050
61567598,sitting,0.9904,-0.0273,0.0459,0.8400,-3.5350,-0.1050
61567617,sitting,0.9906,-0.0273,0.0447,0.8400,-3.5350,-0.0700
61567636,sitting,0.9904,-0.0271,0.0464,0.8400,-3.5000,-0.1050
61567655,sitting,0.9904,-0.0271,0.0454,0.8400,-3.5000,-0.0700
61567675,sitting,0.9911,-0.0266,0.0449,0.8400,-3.5000,-0.0700
61567694,sitting,0.9906,-0.0266,0.0454,0.8750,-3.5350,-0.1050
61567713,sitting,0.9899,-0.0268,0.0451,0.8400,-3.5000,-0.0700
61567732,sitting,0.9897,-0.0273,0.0449,0.8400,-3.5350,-0.1050
61567752,sitting,0.9904,-0.0278,0.0454,0.9100,-3.5350,-0.1050
61567771,sitting,0.9911,-0.0281,0.0451,0.8400,-3.5000,-0.1050
61567790,sitting,0.9902,-0.0281,0.0476,0.8400,-3.5350,-0.0700
61567809,sitting,0.9902,-0.0281,0.0454,0.8750,-3.5350,-0.0700
61567828,sitting,0.9902,-0.0273,0.0451,0.8400,-3.5000,-0.1050
61567848,sitting,0.9914,-0.0278,0.0456,0.8750,-3.5000,0.0000
61567867,sitting,0.9899,-0.0278,0.0461,0.8400,-3.5000,-0.0700
61567886,sitting,0.9904,-0.0281,0.0464,0.8400,-3.5000,-0.0700
61567905,sitting,0.9911,-0.0283,0.0456,0.8400,-3.5350,-0.0700
61567925,sitting,0.9909,-0.0276,0.0456,0.8750,-3.5350,-0.0700
61567944,sitting,0.9911,-0.0273,0.0444,0.8750,-3.5000,-0.1050
61567963,sitting,0.9909,-0.0283,0.0454,0.8400,-3.5000,-0.1050
61567982,sitting,0.9904,-0.0273,0.0451,0.8400,-3.5350,-0.0700
61568002,sitting,0.9909,-0.0278,0.0454,0.8750,-3.5700,-0.0700
61568021,sitting,0.9909,-0.0285,0.0449,0.8750,-3.5000,-0.0700
61568040,sitting,0.9904,-0.0281,0.0451,0.8050,-3.4650,-0.0700
61568059,sitting,0.9904,-0.0285,0.0442,0.8750,-3.5700,-0.1050
61568078,sitting,0.9916,-0.0268,0.0447,0.8400,-3.4650,-0.1050
61568098,sitting,0.9904,-0.0271,0.0449,0.8400,-3.5000,-0.0700
61568117,sitting,0.9919,-0.0273,0.0451,0.9100,-3.5350,-0.0700
61568136,sitting,0.9906,-0.0281,0.0444,0.8750,-3.5700,-0.0350
61568155,sitting,0.9911,-0.0268,0.0461,0.8050,-3.5000,-0.1400
61568175,sitting,0.9906,-0.0276,0.0451,0.8050,-3.5000,-0.0700
61568194,sitting,0.9916,-0.0273,0.0451,0.8400,-3.5350,-0.1050
61568213,sitting,0.9902,-0.0271,0.0449,0.8750,-3.5000,-0.1050
61568232,sitting,0.9897,-0.0273,0.0456,0.8050,-3.4650,-0.0700
61568252,sitting,0.9909,-0.0276,0.0449,0.9100,-3.5700,-0.1050
61568271,sitting,0.9906,-0.0266,0.0439,0.8400,-3.5350,-0.0700
61568290,sitting,0.9904,-0.0266,0.0456,0.8400,-3.5350,-0.0700
61568309,sitting,0.9902,-0.0271,0.0464,0.9100,-3.5350,-0.1400
61568328,sitting,0.9897,-0.0271,0.0471,0.8400,-3.5350,-0.1400
61568348,sitting,0.9906,-0.0278,0.0454,0.8050,-3.5000,-0.1050
61568367,sitting,0.9906,-0.0276,0.0459,0.8400,-3.5350,-0.1050
61568386,sitting,0.9914,-0.0271,0.0449,0.8750,-3.5350,-0.0700
61568405,sitting,0.9902,-0.0266,0.0466,0.8400,-3.5000,-0.0700
61568425,sitting,0.9902,-0.0271,0.0461,0.8750,-3.5350,-0.1050
61568444,sitting,0.9906,-0.0273,0.0451,0.8400,-3.5700,-0.1050
61568463,sitting,0.9909,-0.0278,0.0459,0.8400,-3.5700,-0.0700
61568482,sitting,0.9911,-0.0276,0.0447,0.8400,-3.5350,-0.0700
61568502,sitting,0.9911,-0.0276,0.0459,0.8750,-3.5700,-0.1050
61568521,sitting,0.9909,-0.0281,0.0454,0.8400,-3.5000,-0.1050
61568540,sitting,0.9916,-0.0268,0.0461,0.8400,-3.5000,-0.0350
61568559,sitting,0.9911,-0.0268,0.0451,0.8750,-3.5700,-0.0350
61568578,sitting,0.9909,-0.0276,0.0456,0.8400,-3.4650,-0.1400
61568598,sitting,0.9909,-0.0273,0.0454,0.8050,-3.5000,-0.0700
61568617,sitting,0.9904,-0.0276,0.0454,0.8050,-3.5000,-0.1400
61568636,sitting,0.9914,-0.0281,0.0456,0.8750,-3.5000,-0.1400
61568655,sitting,0.9911,-0.0281,0.0456,0.8400,-3.5000,-0.1400
61568675,sitting,0.9904,-0.0276,0.0456,0.8750,-3.5000,-0.0700
61568694,sitting,0.9914,-0.0278,0.0456,0.8400,-3.5350,-0.0700
61568713,sitting,0.9904,-0.0285,0.0466,0.8750,-3.5000,-0.0700
61568732,sitting,0.9914,-0.0276,0.0461,0.8400,-3.5000,-0.0700
61568752,sitting,0.9906,-0.0285,0.0451,0.8750,-3.5350,-0.0700
61568771,sitting,0.9911,-0.0283,0.0454,0.9100,-3.5000,-0.1050
61568790,sitting,0.9906,-0.0268,0.0444,0.8750,-3.5000,-0.1050
61568809,sitting,0.9904,-0.0278,0.0451,0.8400,-3.5350,-0.0700
61568828,sitting,0.9914,-0.0276,0.0454,0.8050,-3.4650,-0.0700
61568848,sitting,0.9911,-0.0271,0.0454,0.8750,-3.4650,-0.1050
61568867,sitting,0.9906,-0.0264,0.0449,0.8400,-3.5350,-0.0350
61568886,sitting,0.9899,-0.0276,0.0451,0.9100,-3.5700,-0.0700
61568905,sitting,0.9904,-0.0281,0.0456,0.8750,-3.5000,-0.1050
61568925,sitting,0.9904,-0.0293,0.0451,0.8400,-3.5000,-0.1400
61568944,sitting,0.9911,-0.0276,0.0456,0.8050,-3.5000,-0.0700
61568963,sitting,0.9911,-0.0273,0.0456,0.8400,-3.4650,-0.0700
61568982,sitting,0.9909,-0.0285,0.0459,0.8400,-3.5350,-0.0700
61569002,sitting,0.9911,-0.0285,0.0456,0.8400,-3.5700,-0.0700
61569021,sitting,0.9906,-0.0276,0.0454,0.8750,-3.5000,-0.0700
61569040,sitting,0.9916,-0.0276,0.0454,0.8050,-3.5350,-0.0700
61569059,sitting,0.9916,-0.0273,0.0456,0.8400,-3.5700,-0.0700
61569078,sitting,0.9904,-0.0285,0.0454,0.8400,-3.5350,-0.0700
61569098,sitting,0.9902,-0.0271,0.0461,0.8400,-3.5350,-0.0700
61569117,sitting,0.9914,-0.0281,0.0459,0.8750,-3.5350,-0.1050
61569136,sitting,0.9911,-0.0271,0.0447,0.9100,-3.5350,-0.1050
61569155,sitting,0.9904,-0.0268,0.0449,0.8400,-3.5000,-0.1050
61569175,sitting,0.9906,-0.0266,0.0461,0.8400,-3.5350,-0.0700
61569194,sitting,0.9894,-0.0273,0.0456,0.8750,-3.5000,-0.0700
61569213,sitting,0.9919,-0.0281,0.0459,0.8400,-3.5000,-0.0700
61569232,sitting,0.9906,-0.0273,0.0456,0.8400,-3.5000,-0.0700
61569252,sitting,0.9911,-0.0273,0.0461,0.8400,-3.5350,-0.0700
61569271,sitting,0.9919,-0.0283,0.0456,0.8400,-3.4650,-0.0700
61569290,sitting,0.9916,-0.0283,0.0447,0.8400,-3.4650,-0.0700
61569309,sitting,0.9904,-0.0271,0.0454,0.8400,-3.5350,-0.1400
61569328,sitting,0.9904,-0.0278,0.0459,0.8400,-3.5000,-0.0700
61569348,sitting,0.9906,-0.0283,0.0461,0.8400,-3.5000,-0.0700
61569367,sitting,0.9911,-0.0276,0.0454,0.9100,-3.5350,-0.0700
61569386,sitting,0.9902,-0.0278,0.0454,0.8750,-3.5700,-0.1050
61569405,sitting,0.9902,-0.0283,0.0456,0.8050,-3.5000,-0.0700
61569425,sitting,0.9914,-0.0273,0.0459,0.8400,-3.4650,-0.0700
61569444,sitting,0.9909,-0.0261,0.0456,0.8750,-3.5700,-0.1050
61569463,sitting,0.9921,-0.0276,0.0454,0.8400,-3.5350,-0.0700
61569482,sitting,0.9909,-0.0268,0.0451,0.8400,-3.5350,-0.0700
61569502,sitting,0.9914,-0.0276,0.0451,0.9100,-3.6050,-0.0700
61569521,sitting,0.9911,-0.0281,0.0454,0.8400,-3.5350,-0.0350
61569540,sitting,0.9909,-0.0266,0.0461,0.8050,-3.5700,-0.1050
61569559,sitting,0.9911,-0.0271,0.0456,0.8400,-3.5350,-0.0350
61569578,sitting,0.9914,-0.0268,0.0456,0.8750,-3.5350,-0.0700
61569598,sitting,0.9916,-0.0273,0.0439,0.8750,-3.5700,-0.0700
61569617,sitting,0.9904,-0.0283,0.0466,0.8750,-3.5700,-0.0700
61569636,sitting,0.9902,-0.0285,0.0464,0.8750,-3.5350,-0.0700
61569655,sitting,0.9909,-0.0283,0.0454,0.8400,-3.5000,-0.0700
61569675,sitting,0.9911,-0.0288,0.0449,0.8400,-3.5000,-0.0700
61569694,sitting,0.9909,-0.0281,0.0451,0.8050,-3.5700,-0.0700
61569713,sitting,0.9904,-0.0276,0.0464,0.8400,-3.5350,-0.0700
61569732,sitting,0.9906,-0.0278,0.0461,0.8400,-3.5000,-0.1050
61569752,sitting,0.9911,-0.0271,0.0451,0.8750,-3.5700,-0.0700
61569771,sitting,0.9909,-0.0278,0.0447,0.8400,-3.5350,-0.0350
61569790,sitting,0.9909,-0.0276,0.0456,0.8050,-3.5000,-0.1050
61569809,sitting,0.9902,-0.0276,0.0454,0.8750,-3.5700,-0.0700
61569828,sitting,0.9909,-0.0283,0.0451,0.8400,-3.5350,-0.1050
61569848,sitting,0.9904,-0.0278,0.0454,0.8050,-3.5000,-0.0700
61569867,sitting,0.9911,-0.0285,0.0451,0.8750,-3.5350,-0.1050
61569886,sitting,0.9906,-0.0281,0.0456,0.8400,-3.5350,-0.0700
61569905,sitting,0.9909,-0.0273,0.0459,0.8400,-3.4300,-0.0700
61569925,sitting,0.9914,-0.0271,0.0456,0.8400,-3.5350,-0.1050
61569944,sitting,0.9902,-0.0281,0.0454,0.8750,-3.5350,-0.1050
61569963,sitting,0.9916,-0.0283,0.0454,0.8400,-3.5000,-0.0700
61569982,sitting,0.9911,-0.0283,0.0451,0.8400,-3.4650,-0.1050
61570002,sitting,0.9906,-0.0273,0.0466,0.8400,-3.5700,-0.1400
61570021,sitting,0.9909,-0.0273,0.0461,0.8750,-3.5350,-0.1050
61570040,sitting,0.9911,-0.0281,0.0456,0.8400,-3.5000,-0.1750
61570059,sitting,0.9902,-0.0271,0.0456,0.8050,-3.4650,-0.1050
61570078,sitting,0.9909,-0.0278,0.0459,0.9100,-3.5350,-0.0700
61570098,sitting,0.9914,-0.0281,0.0461,0.8400,-3.5000,-0.0700
61570117,sitting,0.9904,-0.0278,0.0456,0.8750,-3.5000,-0.0700
61570136,sitting,0.9904,-0.0276,0.0464,0.9100,-3.5350,-0.1050
61570155,sitting,0.9916,-0.0268,0.0464,0.8400,-3.5000,-0.0700
61570175,sitting,0.9919,-0.0285,0.0461,0.8750,-3.4650,-0.0700
61570194,sitting,0.9904,-0.0278,0.0461,0.8400,-3.5700,-0.1400
61570213,sitting,0.9909,-0.0268,0.0456,0.8400,-3.5350,-0.0700
61570232,sitting,0.9906,-0.0288,0.0461,0.8750,-3.5000,-0.1050
61570252,sitting,0.9914,-0.0273,0.0454,0.9100,-3.5000,-0.1050
61570271,sitting,0.9906,-0.0273,0.0447,0.8400,-3.5700,-0.1400
61570290,sitting,0.9904,-0.0278,0.0451,0.8400,-3.4650,-0.1050
61570309,sitting,0.9902,-0.0276,0.0459,0.8750,-3.5350,-0.1050
61570328,sitting,0.9911,-0.0271,0.0459,0.8750,-3.5350,-0.0350
61570348,sitting,0.9916,-0.0278,0.0454,0.8050,-3.5350,-0.0700
61570367,sitting,0.9911,-0.0278,0.0464,0.8400,-3.5000,-0.0700
61570386,sitting,0.9906,-0.0278,0.0456,0.8400,-3.5350,-0.1400
61570405,sitting,0.9911,-0.0276,0.0451,0.8400,-3.5000,-0.1050
61570425,sitting,0.9909,-0.0273,0.0456,0.8750,-3.5000,-0.1050
61570444,sitting,0.9911,-0.0273,0.0459,0.8750,-3.5350,-0.0700
61570463,sitting,0.9919,-0.0273,0.0456,0.8750,-3.5350,-0.0700
61570482,sitting,0.9902,-0.0271,0.0451,0.8400,-3.5000,-0.0700
61570502,sitting,0.9906,-0.0264,0.0466,0.8050,-3.5700,-0.0700
61570521,sitting,0.9916,-0.0278,0.0451,0.9100,-3.5350,-0.0700
61570540,sitting,0.9906,-0.0278,0.0454,0.8050,-3.5350,-0.1400
61570559,sitting,0.9906,-0.0285,0.0451,0.8400,-3.5350,-0.0700
61570578,sitting,0.9911,-0.0285,0.0449,0.9100,-3.5000,-0.0700
61570598,sitting,0.9906,-0.0276,0.0456,0.8050,-3.4650,-0.1050
61570617,sitting,0.9914,-0.0281,0.0466,0.8400,-3.5000,-0.0700
61570636,sitting,0.9902,-0.0268,0.0456,0.8050,-3.5000,-0.1050
61570655,sitting,0.9904,-0.0271,0.0447,0.8400,-3.5000,-0.0700
61570675,sitting,0.9906,-0.0271,0.0464,0.8050,-3.5350,-0.1050
61570694,sitting,0.9909,-0.0278,0.0461,0.8400,-3.5350,-0.1400
61570713,sitting,0.9906,-0.0273,0.0459,0.8400,-3.5000,-0.0700
61570732,sitting,0.9899,-0.0276,0.0456,0.8400,-3.5000,-0.0700
61570752,sitting,0.9911,-0.0278,0.0464,0.8750,-3.5700,-0.0700
61570771,sitting,0.9904,-0.0283,0.0461,0.8400,-3.5350,-0.1050
61570790,sitting,0.9906,-0.0278,0.0451,0.8050,-3.5350,-0.0700
61570809,sitting,0.9911,-0.0278,0.0449,0.8400,-3.5350,-0.0350
61570828,sitting,0.9909,-0.0285,0.0454,0.8400,-3.5700,-0.1050
61570848,sitting,0.9906,-0.0278,0.0459,0.8400,-3.5000,-0.1050
61570867,sitting,0.9914,-0.0278,0.0451,0.8400,-3.5350,-0.0700
61570886,sitting,0.9923,-0.0278,0.0461,0.8400,-3.5350,-0.1050
61570905,sitting,0.9916,-0.0276,0.0456,0.8400,-3.5350,-0.0700
61570925,sitting,0.9909,-0.0273,0.0461,0.8050,-3.5000,-0.1400
61570944,sitting,0.9906,-0.0266,0.0454,0.8400,-3.5350,-0.0700
61570963,sitting,0.9906,-0.0273,0.0454,0.8400,-3.5000,-0.0700
61570982,sitting,0.9899,-0.0276,0.0447,0.8400,-3.5000,-0.1050
61571002,sitting,0.9911,-0.0281,0.0464,0.8400,-3.5350,-0.0700
61571021,sitting,0.9909,-0.0281,0.0454,0.8400,-3.5000,-0.0700
61571040,sitting,0.9906,-0.0285,0.0473,0.8050,-3.5000,-0.0700
61571059,sitting,0.9919,-0.0276,0.0466,0.8750,-3.5350,-0.1050
61571078,sitting,0.9906,-0.0285,0.0461,0.8400,-3.5000,-0.0700
61571098,sitting,0.9904,-0.0278,0.0451,0.8400,-3.5350,-0.1050
61571117,sitting,0.9904,-0.0271,0.0454,0.8750,-3.5350,-0.0700
61571136,sitting,0.9899,-0.0281,0.0451,0.8400,-3.5700,-0.0700
61571155,sitting,0.9911,-0.0278,0.0459,0.8400,-3.5000,-0.0700
61571175,sitting,0.9902,-0.0285,0.0454,0.8400,-3.5350,-0.0700
61571194,sitting,0.9911,-0.0293,0.0456,0.8400,-3.5350,-0.1050
61571213,sitting,0.9904,-0.0276,0.0454,0.8400,-3.5350,-0.0700
61571232,sitting,0.9911,-0.0283,0.0454,0.8400,-3.5000,-0.0700
61571252,sitting,0.9904,-0.0278,0.0449,0.8750,-3.5350,-0.0700
61571271,sitting,0.9904,-0.0273,0.0456,0.8400,-3.4650,-0.1050
61571290,sitting,0.9904,-0.0271,0.0456,0.8050,-3.4650,-0.1050
61571309,sitting,0.9906,-0.0271,0.0459,0.8750,-3.5350,-0.0700
61571328,sitting,0.9904,-0.0268,0.0454,0.8750,-3.5350,-0.1050
61571348,sitting,0.9904,-0.0273,0.0459,0.8400,-3.5000,-0.1050
61571367,sitting,0.9902,-0.0281,0.0454,0.8400,-3.5000,-0.0700
61571386,sitting,0.9916,-0.0285,0.0459,0.8750,-3.5700,-0.0700
61571405,sitting,0.9916,-0.0278,0.0454,0.8400,-3.5350,-0.1050
61571425,sitting,0.9909,-0.0276,0.0451,0.8750,-3.5000,-0.0700
61571444,sitting,0.9904,-0.0278,0.0459,0.8750,-3.5700,-0.1050
61571463,sitting,0.9904,-0.0278,0.0456,0.8400,-3.5700,-0.0700
61571482,sitting,0.9904,-0.0278,0.0454,0.8400,-3.5000,-0.0700
61571502,sitting,0.9909,-0.0278,0.0461,0.8400,-3.5700,-0.0700
61571521,sitting,0.9902,-0.0281,0.0454,0.8750,-3.5700,-0.0700
61571540,sitting,0.9904,-0.0283,0.0451,0.8400,-3.5000,-0.0350
61571559,sitting,0.9909,-0.0285,0.0449,0.8750,-3.5700,-0.0700
61571578,sitting,0.9904,-0.0281,0.0454,0.8750,-3.5700,-0.0700
61571598,sitting,0.9899,-0.0273,0.0461,0.8400,-3.5000,-0.1050
61571617,sitting,0.9906,-0.0281,0.0461,0.8400,-3.5000,-0.1050
61571636,sitting,0.9914,-0.0276,0.0461,0.8400,-3.5700,-0.0700
61571655,sitting,0.9914,-0.0276,0.0449,0.9100,-3.5350,-0.1050
61571675,sitting,0.9911,-0.0281,0.0461,0.8050,-3.5000,-0.1050
61571694,sitting,0.9909,-0.0281,0.0464,0.8400,-3.5700,-0.0700
61571713,sitting,0.9909,-0.0273,0.0461,0.8400,-3.5350,-0.0350
61571732,sitting,0.9906,-0.0278,0.0459,0.8400,-3.5000,-0.0700
61571752,sitting,0.9892,-0.0288,0.0456,0.8400,-3.5350,-0.0700
61571771,sitting,0.9911,-0.0278,0.0456,0.8750,-3.5700,-0.0700
61571790,sitting,0.9906,-0.0266,0.0454,0.8750,-3.5350,-0.0700
61571809,sitting,0.9906,-0.0278,0.0461,0.8750,-3.6050,-0.0700
61571828,sitting,0.9902,-0.0290,0.0456,0.8400,-3.5700,-0.1050
61571848,sitting,0.9914,-0.0283,0.0456,0.9100,-3.5350,-0.0700
61571867,sitting,0.9904,-0.0276,0.0454,0.8750,-3.5350,-0.1050
61571886,sitting,0.9916,-0.0278,0.0456,0.9100,-3.5700,-0.1050
61571905,sitting,0.9904,-0.0278,0.0459,0.8400,-3.5700,-0.0700
61571925,sitting,0.9902,-0.0283,0.0444,0.8400,-3.5350,-0.0700
61571944,sitting,0.9904,-0.0271,0.0464,0.8750,-3.5000,-0.0700
61571963,sitting,0.9911,-0.0278,0.0456,0.8400,-3.5350,-0.0350
61571982,sitting,0.9919,-0.0281,0.0456,0.8400,-3.5000,-0.1050
61572002,sitting,0.9909,-0.0276,0.0454,0.9100,-3.5350,-0.0700
61572021,sitting,0.9921,-0.0276,0.0451,0.9100,-3.5350,-0.0700
61572040,sitting,0.9906,-0.0288,0.0449,0.8400,-3.5000,-0.1400
61572059,sitting,0.9904,-0.0276,0.0442,0.8400,-3.4650,-0.1050
61572078,sitting,0.9904,-0.0276,0.0442,0.9100,-3.5700,-0.0700
61572098,sitting,0.9904,-0.0273,0.0461,0.8750,-3.5000,-0.1050
61572117,sitting,0.9909,-0.0273,0.0456,0.8400,-3.4650,-0.1050
61572136,sitting,0.9909,-0.0266,0.0459,0.8750,-3.5350,-0.0700
61572155,sitting,0.9909,-0.0281,0.0461,0.8400,-3.5000,-0.0700
61572175,sitting,0.9906,-0.0271,0.0454,0.8400,-3.5700,-0.0700
61572194,sitting,0.9909,-0.0273,0.0451,0.8400,-3.5350,-0.0700
61572213,sitting,0.9906,-0.0281,0.0449,0.8750,-3.5000,-0.1400
61572232,sitting,0.9911,-0.0278,0.0456,0.8400,-3.5000,-0.0700
61572252,sitting,0.9909,-0.0278,0.0451,0.8400,-3.5350,-0.1050
61572271,sitting,0.9902,-0.0278,0.0456,0.8400,-3.5350,-0.1050
61572290,sitting,0.9916,-0.0276,0.0454,0.8400,-3.5000,-0.0700
61572309,sitting,0.9916,-0.0271,0.0456,0.8750,-3.5350,-0.0700
61572328,sitting,0.9904,-0.0276,0.0461,0.8400,-3.5000,-0.0700
61572348,sitting,0.9909,-0.0271,0.0461,0.8750,-3.5000,-0.0700
61572367,sitting,0.9902,-0.0281,0.0464,0.8400,-3.5700,-0.0700
61572386,sitting,0.9899,-0.0276,0.0456,0.9100,-3.5350,-0.0700
61572405,sitting,0.9906,-0.0268,0.0454,0.8400,-3.5700,-0.0700
61572425,sitting,0.9911,-0.0283,0.0459,0.8400,-3.5000,-0.1400
61572444,sitting,0.9909,-0.0281,0.0459,0.8400,-3.5000,-0.1050
61572463,sitting,0.9911,-0.0271,0.0454,0.8400,-3.5700,-0.1050
61572482,sitting,0.9909,-0.0271,0.0464,0.8400,-3.5000,-0.0700
61572502,sitting,0.9914,-0.0276,0.0456,0.8400,-3.5350,-0.0700
61572521,sitting,0.9902,-0.0281,0.0449,0.8400,-3.5700,-0.1050
61572540,sitting,0.9911,-0.0278,0.0449,0.8400,-3.5350,-0.0700
61572559,sitting,0.9911,-0.0276,0.0466,0.8400,-3.5000,-0.0350
61572578,sitting,0.9906,-0.0283,0.0471,0.8400,-3.5700,-0.0700
61572598,sitting,0.9904,-0.0285,0.0464,0.8750,-3.5350,-0.0700
61572617,sitting,0.9906,-0.0276,0.0468,0.8400,-3.5000,-0.1050
61572636,sitting,0.9902,-0.0283,0.0451,0.8400,-3.5350,-0.1050
61572655,sitting,0.9904,-0.0283,0.0444,0.8400,-3.5700,-0.1050
61572675,sitting,0.9914,-0.0264,0.0456,0.8400,-3.5000,-0.0700
61572694,sitting,0.9911,-0.0266,0.0451,0.8750,-3.5350,-0.1050
61572713,sitting,0.9923,-0.0276,0.0449,0.8400,-3.5350,-0.0350
61572732,sitting,0.9914,-0.0276,0.0459,0.8400,-3.4650,-0.0700
61572752,sitting,0.9904,-0.0278,0.0459,0.8400,-3.5350,-0.1050
61572771,sitting,0.9892,-0.0273,0.0459,0.8750,-3.5700,-0.1400
61572790,sitting,0.9897,-0.0276,0.0464,0.8400,-3.5000,-0.1050
61572809,sitting,0.9906,-0.0273,0.0451,0.8400,-3.5350,-0.0700
61572828,sitting,0.9909,-0.0281,0.0454,0.8400,-3.5700,-0.0700
61572848,sitting,0.9914,-0.0281,0.0451,0.8750,-3.5350,-0.0700
61572867,sitting,0.9899,-0.0273,0.0459,0.8750,-3.5000,-0.1050
61572886,sitting,0.9894,-0.0285,0.0459,0.8400,-3.5700,-0.0700
61572905,sitting,0.9906,-0.0281,0.0459,0.8400,-3.5000,-0.1050
61572925,sitting,0.9911,-0.0273,0.0456,0.8400,-3.5350,-0.0700
61572944,sitting,0.9906,-0.0273,0.0456,0.8400,-3.5000,-0.0700
61572963,sitting,0.9906,-0.0276,0.0459,0.8400,-3.5000,-0.0700
61572982,sitting,0.9904,-0.0276,0.0464,0.8750,-3.5350,-0.1400
61573002,sitting,0.9904,-0.0278,0.0466,0.8750,-3.5000,-0.0700
61573021,sitting,0.9909,-0.0278,0.0459,0.8400,-3.5000,-0.1050
61573040,sitting,0.9911,-0.0278,0.0456,0.8400,-3.5000,-0.0700
61573059,sitting,0.9906,-0.0285,0.0456,0.8750,-3.5000,-0.0700
61573078,sitting,0.9906,-0.0281,0.0444,0.8400,-3.5350,-0.1050
61573098,sitting,0.9902,-0.0278,0.0449,0.8400,-3.5000,-0.0700
61573117,sitting,0.9911,-0.0278,0.0454,0.8400,-3.5700,-0.0700
61573136,sitting,0.9906,-0.0278,0.0459,0.8400,-3.5700,-0.0700
61573155,sitting,0.9909,-0.0276,0.0459,0.8400,-3.5700,-0.0700
61573175,sitting,0.9909,-0.0271,0.0459,0.8400,-3.5350,-0.1050
61573194,sitting,0.9899,-0.0276,0.0454,0.8400,-3.5000,-0.1050
61573213,sitting,0.9904,-0.0276,0.0451,0.8750,-3.5700,-0.0700
61573232,sitting,0.9911,-0.0288,0.0464,0.8750,-3.5000,-0.1050
61573252,sitting,0.9904,-0.0273,0.0454,0.8400,-3.5350,-0.0700
61573271,sitting,0.9906,-0.0283,0.0461,0.8400,-3.5700,-0.0700
61573290,sitting,0.9909,-0.0266,0.0456,0.8400,-3.5000,-0.0700
61573309,sitting,0.9899,-0.0268,0.0447,0.8400,-3.4650,-0.0700
61573328,sitting,0.9909,-0.0278,0.0456,0.8400,-3.5000,-0.0700
61573348,sitting,0.9919,-0.0273,0.0459,0.8750,-3.5350,-0.1400
61573367,sitting,0.9916,-0.0271,0.0454,0.8050,-3.5000,-0.1050
61573386,sitting,0.9921,-0.0276,0.0454,0.8750,-3.5700,-0.0700
61573405,sitting,0.9911,-0.0276,0.0451,0.8750,-3.5350,-0.0700
61573425,sitting,0.9904,-0.0276,0.0461,0.8400,-3.5000,-0.1400
61573444,sitting,0.9906,-0.0276,0.0456,0.8400,-3.5350,-0.0700
61573463,sitting,0.9909,-0.0276,0.0454,0.8750,-3.5700,-0.0700
61573482,sitting,0.9909,-0.0278,0.0449,0.8400,-3.4650,-0.1400
61573502,sitting,0.9911,-0.0276,0.0459,0.8400,-3.5350,-0.0700
61573521,sitting,0.9904,-0.0273,0.0464,0.8400,-3.5350,-0.1400
61573540,sitting,0.9902,-0.0273,0.0464,0.8750,-3.5000,-0.0700
61573559,sitting,0.9914,-0.0281,0.0449,0.8400,-3.4650,-0.1400
61573578,sitting,0.9906,-0.0278,0.0461,0.8750,-3.5700,-0.0700
61573598,sitting,0.9904,-0.0276,0.0459,0.8750,-3.5000,-0.0700
61573617,sitting,0.9906,-0.0285,0.0459,0.8400,-3.5000,-0.0700
61573636,sitting,0.9909,-0.0278,0.0454,0.8750,-3.5350,-0.1400
61573655,sitting,0.9909,-0.0281,0.0456,0.8400,-3.5000,-0.0700
61573675,sitting,0.9914,-0.0276,0.0466,0.8400,-3.5000,-0.1400
61573694,sitting,0.9909,-0.0283,0.0454,0.8050,-3.5000,-0.1050
61573713,sitting,0.9911,-0.0281,0.0454,0.8050,-3.5000,-0.1050
61573732,sitting,0.9909,-0.0283,0.0456,0.8400,-3.5350,-0.1050
61573752,sitting,0.9902,-0.0281,0.0454,0.8400,-3.5000,-0.0700
61573771,sitting,0.9906,-0.0273,0.0459,0.8400,-3.5350,-0.0700
61573790,sitting,0.9906,-0.0281,0.0461,0.9100,-3.5000,-0.0700
61573809,sitting,0.9899,-0.0278,0.0454,0.8400,-3.5000,-0.0700
61573828,sitting,0.9909,-0.0278,0.0459,0.9100,-3.6050,-0.0700
61573848,sitting,0.9916,-0.0278,0.0449,0.8400,-3.5700,-0.0700
61573867,sitting,0.9909,-0.0276,0.0461,0.8050,-3.5000,-0.1400
61573886,sitting,0.9906,-0.0273,0.0451,0.8400,-3.5350,-0.0700
61573905,sitting,0.9914,-0.0268,0.0456,0.9100,-3.5700,-0.0700
61573925,sitting,0.9906,-0.0276,0.0444,0.8400,-3.5000,-0.1050
61573944,sitting,0.9906,-0.0276,0.0447,0.8400,-3.5000,-0.0700
61573963,sitting,0.9909,-0.0281,0.0459,0.8400,-3.5350,-0.1050
61573982,sitting,0.9904,-0.0273,0.0459,0.8050,-3.5350,-0.0700
61574002,sitting,0.9904,-0.0276,0.0444,0.8400,-3.5000,-0.0700
61574021,sitting,0.9904,-0.0273,0.0459,0.8750,-3.5350,-0.0700
61574040,sitting,0.9894,-0.0285,0.0454,0.8750,-3.5350,-0.1050
61574059,sitting,0.9904,-0.0293,0.0466,0.8050,-3.5000,-0.0700
61574078,sitting,0.9902,-0.0271,0.0451,0.8400,-3.5350,-0.1050
61574098,sitting,0.9911,-0.0276,0.0449,0.8400,-3.5350,-0.0700
61574117,sitting,0.9909,-0.0273,0.0454,0.8400,-3.4650,-0.0700
61574136,sitting,0.9899,-0.0276,0.0459,0.8400,-3.5350,-0.1050
61574155,sitting,0.9911,-0.0283,0.0459,0.8750,-3.5700,-0.0700
61574175,sitting,0.9909,-0.0278,0.0466,0.8400,-3.5000,-0.0700
61574194,sitting,0.9902,-0.0281,0.0456,0.8750,-3.5000,-0.0700
61574213,sitting,0.9906,-0.0268,0.0454,0.9100,-3.5700,-0.0700
61574232,sitting,0.9904,-0.0276,0.0454,0.8750,-3.5350,-0.0700
61574252,sitting,0.9911,-0.0278,0.0454,0.8750,-3.5350,-0.0700
61574271,sitting,0.9904,-0.0278,0.0461,0.8750,-3.5700,-0.1400
61574290,sitting,0.9904,-0.0273,0.0461,0.8400,-3.5700,-0.1050
61574309,sitting,0.9902,-0.0278,0.0461,0.8400,-3.5000,-0.0700
61574328,sitting,0.9902,-0.0281,0.0461,0.8750,-3.5350,-0.0700
61574348,sitting,0.9909,-0.0281,0.0451,0.8750,-3.5350,-0.0700
61574367,sitting,0.9909,-0.0285,0.0454,0.8400,-3.5000,-0.1400
61574386,sitting,0.9914,-0.0276,0.0456,0.8750,-3.5350,-0.0700
61574405,sitting,0.9909,-0.0276,0.0454,0.8400,-3.5350,-0.0700
61574425,sitting,0.9899,-0.0278,0.0461,0.8400,-3.5000,-0.0700
61574444,sitting,0.9899,-0.0266,0.0454,0.8400,-3.5350,-0.0700
61574463,sitting,0.9911,-0.0271,0.0447,0.8050,-3.5700,-0.0700
61574482,sitting,0.9906,-0.0281,0.0456,0.8750,-3.5350,-0.0700
61574502,sitting,0.9909,-0.0273,0.0451,0.8400,-3.5350,-0.0700
61574521,sitting,0.9909,-0.0276,0.0454,0.9100,-3.5700,-0.0700
61574540,sitting,0.9916,-0.0276,0.0466,0.9100,-3.6050,-0.1050
61574559,sitting,0.9911,-0.0278,0.0468,0.8400,-3.5000,-0.0700
61574578,sitting,0.9909,-0.0278,0.0466,0.8400,-3.5350,-0.0350
61574598,sitting,0.9904,-0.0273,0.0456,0.8750,-3.5700,-0.1050
61574617,sitting,0.9904,-0.0266,0.0451,0.8400,-3.5350,-0.1050
61574636,sitting,0.9902,-0.0285,0.0461,0.8750,-3.5000,-0.0700
61574655,sitting,0.9902,-0.0273,0.0449,0.8400,-3.5000,-0.0700
61574675,sitting,0.9914,-0.0283,0.0456,0.8400,-3.5000,-0.0700
61574694,sitting,0.9914,-0.0278,0.0451,0.8750,-3.5000,-0.0350
61574713,sitting,0.9914,-0.0281,0.0456,0.8400,-3.5350,-0.1050
61574732,sitting,0.9916,-0.0276,0.0456,0.8400,-3.5000,-0.0700
61574752,sitting,0.9919,-0.0278,0.0459,0.8400,-3.5000,-0.0350
61574771,sitting,0.9906,-0.0273,0.0451,0.8050,-3.5700,-0.0700
61574790,sitting,0.9916,-0.0278,0.0459,0.8400,-3.5000,-0.1050
61574809,sitting,0.9904,-0.0273,0.0459,0.8400,-3.4650,-0.0700
61574828,sitting,0.9906,-0.0278,0.0449,0.8750,-3.5700,-0.1050
61574848,sitting,0.9914,-0.0276,0.0461,0.8400,-3.5350,-0.0700
61574867,sitting,0.9906,-0.0271,0.0466,0.8400,-3.5000,-0.1400
61574886,sitting,0.9902,-0.0273,0.0461,0.9100,-3.5000,-0.0700
61574905,sitting,0.9909,-0.0281,0.0456,0.9100,-3.5700,-0.0700
61574925,sitting,0.9911,-0.0276,0.0456,0.9100,-3.5350,-0.0700
61574944,sitting,0.9899,-0.0281,0.0459,0.8400,-3.5700,-0.0700
61574963,sitting,0.9899,-0.0273,0.0456,0.9100,-3.5700,-0.0700
61574982,sitting,0.9904,-0.0283,0.0459,0.8750,-3.5000,-0.1050
61575002,sitting,0.9904,-0.0276,0.0449,0.8750,-3.5000,-0.0350
61575021,sitting,0.9904,-0.0278,0.0461,0.9100,-3.5700,-0.0700
61575040,sitting,0.9909,-0.0273,0.0454,0.8750,-3.5000,-0.0700
61575059,sitting,0.9909,-0.0278,0.0451,0.8400,-3.5000,-0.1050
61575078,sitting,0.9904,-0.0271,0.0459,0.8400,-3.5350,-0.0700
61575098,sitting,0.9897,-0.0278,0.0456,0.8400,-3.5350,-0.1050
61575117,sitting,0.9902,-0.0273,0.0466,0.8400,-3.5000,-0.0350
61575136,sitting,0.9906,-0.0276,0.0464,0.8400,-3.5350,-0.0700
61575155,sitting,0.9902,-0.0271,0.0451,0.8750,-3.5000,-0.1050
61575175,sitting,0.9911,-0.0278,0.0447,0.8400,-3.4650,-0.0700
61575194,sitting,0.9904,-0.0285,0.0461,0.9100,-3.5350,-0.0350
61575213,sitting,0.9899,-0.0273,0.0459,0.8750,-3.5700,-0.1050
61575232,sitting,0.9899,-0.0273,0.0459,0.8750,-3.5700,-0.1050
61575252,sitting,0.9904,-0.0268,0.0449,0.8750,-3.5000,-0.0700
61575271,sitting,0.9906,-0.0281,0.0466,0.8400,-3.5700,-0.1400
61575290,sitting,0.9906,-0.0271,0.0454,0.8400,-3.5350,-0.1050
61575309,sitting,0.9909,-0.0271,0.0442,0.8400,-3.4650,-0.1050
61575328,sitting,0.9911,-0.0281,0.0454,0.8750,-3.5350,-0.1050
61575348,sitting,0.9909,-0.0278,0.0461,0.8750,-3.5700,-0.0350
61575367,sitting,0.9916,-0.0285,0.0447,0.8400,-3.4650,-0.0700
61575386,sitting,0.9906,-0.0273,0.0449,0.8400,-3.5000,-0.0700
61575405,sitting,0.9909,-0.0276,0.0461,0.8750,-3.5700,-0.0700
61575425,sitting,0.9899,-0.0266,0.0464,0.8400,-3.5350,-0.1050
61575444,sitting,0.9904,-0.0271,0.0456,0.8400,-3.4650,-0.0700
61575463,sitting,0.9906,-0.0285,0.0464,0.8750,-3.5350,-0.0700
61575482,sitting,0.9911,-0.0278,0.0459,0.8750,-3.5350,-0.0700
61575502,sitting,0.9909,-0.0268,0.0459,0.8400,-3.5000,-0.0700
61575521,sitting,0.9911,-0.0273,0.0461,0.8750,-3.5700,-0.0700
61575540,sitting,0.9914,-0.0271,0.0449,0.8750,-3.5350,-0.0700
61575559,sitting,0.9914,-0.0273,0.0451,0.8400,-3.5000,-0.0700
61575578,sitting,0.9909,-0.0271,0.0461,0.8750,-3.5350,-0.1050
61575598,sitting,0.9909,-0.0273,0.0461,0.8750,-3.5350,-0.0350
61575617,sitting,0.9906,-0.0281,0.0459,0.8400,-3.5000,-0.0700
61575636,sitting,0.9914,-0.0285,0.0459,0.8400,-3.5350,-0.1050
61575655,sitting,0.9902,-0.0273,0.0449,0.8400,-3.5700,-0.0350
61575675,sitting,0.9906,-0.0278,0.0459,0.8400,-3.5350,-0.1050
61575694,sitting,0.9906,-0.0283,0.0451,0.8750,-3.5000,-0.0700
61575713,sitting,0.9902,-0.0268,0.0454,0.8400,-3.5350,-0.1050
61575732,sitting,0.9904,-0.0268,0.0456,0.8750,-3.4650,-0.0700
61575752,sitting,0.9904,-0.0268,0.0456,0.8050,-3.4300,-0.1050
61575771,sitting,0.9902,-0.0276,0.0456,0.8400,-3.5350,-0.1050
61575790,sitting,0.9911,-0.0273,0.0454,0.8400,-3.5350,-0.0700
61575809,sitting,0.9909,-0.0278,0.0442,0.8750,-3.4650,-0.0700
61575828,sitting,0.9911,-0.0283,0.0449,0.8400,-3.5350,-0.0700
61575848,sitting,0.9909,-0.0271,0.0459,0.8400,-3.5000,-0.0700
61575867,sitting,0.9911,-0.0281,0.0451,0.8750,-3.4650,-0.1400
61575886,sitting,0.9914,-0.0276,0.0461,0.8400,-3.5000,-0.0700
61575905,sitting,0.9911,-0.0278,0.0461,0.8400,-3.5700,-0.0700
61575925,sitting,0.9916,-0.0281,0.0456,0.8400,-3.5000,-0.1050
61575944,sitting,0.9914,-0.0278,0.0456,0.8400,-3.4650,-0.1050
61575963,sitting,0.9911,-0.0273,0.0451,0.8750,-3.5700,-0.1050
61575982,sitting,0.9906,-0.0268,0.0454,0.8400,-3.5350,-0.1050
61576002,sitting,0.9911,-0.0288,0.0461,0.8400,-3.5000,-0.1050
61576021,sitting,0.9904,-0.0283,0.0456,0.8750,-3.5700,-0.0700
61576040,sitting,0.9911,-0.0283,0.0454,0.8750,-3.5350,-0.0700
61576059,sitting,0.9904,-0.0278,0.0454,0.8050,-3.5000,-0.0700
61576078,sitting,0.9904,-0.0276,0.0459,0.8400,-3.5350,-0.1400
61576098,sitting,0.9914,-0.0271,0.0459,0.8750,-3.5700,-0.0700
61576117,sitting,0.9911,-0.0273,0.0461,0.8400,-3.5000,-0.0700
61576136,sitting,0.9902,-0.0273,0.0464,0.8400,-3.4650,-0.1050
61576155,sitting,0.9902,-0.0271,0.0459,0.8400,-3.6050,-0.1050
61576175,sitting,0.9914,-0.0268,0.0468,0.8750,-3.5000,-0.0700
61576194,sitting,0.9902,-0.0281,0.0466,0.8750,-3.5350,-0.0700
61576213,sitting,0.9899,-0.0290,0.0459,0.8750,-3.5700,-0.0700
61576232,sitting,0.9916,-0.0273,0.0456,0.8400,-3.5350,-0.1050
61576252,sitting,0.9906,-0.0281,0.0464,0.8400,-3.5350,-0.0700
61576271,sitting,0.9906,-0.0278,0.0464,0.8750,-3.5700,-0.1050
61576290,sitting,0.9906,-0.0273,0.0454,0.8750,-3.5700,-0.0700
61576309,sitting,0.9914,-0.0276,0.0464,0.8400,-3.5000,-0.0700
61576328,sitting,0.9911,-0.0276,0.0461,0.7700,-3.5350,-0.1050
61576348,sitting,0.9909,-0.0271,0.0461,0.8750,-3.5700,-0.0700
61576367,sitting,0.9909,-0.0271,0.0476,0.8050,-3.5000,-0.0700
61576386,sitting,0.9902,-0.0268,0.0466,0.8400,-3.5000,-0.0700
61576405,sitting,0.9909,-0.0281,0.0459,0.8400,-3.5350,-0.0700
61576425,sitting,0.9909,-0.0276,0.0459,0.8750,-3.5000,-0.1050
61576444,sitting,0.9916,-0.0278,0.0461,0.8050,-3.5000,-0.0700
61576463,sitting,0.9904,-0.0276,0.0461,0.8750,-3.5350,-0.0700
61576482,sitting,0.9909,-0.0285,0.0456,0.8400,-3.5700,-0.1050
61576502,sitting,0.9906,-0.0271,0.0461,0.8400,-3.5350,-0.0700
61576521,sitting,0.9914,-0.0268,0.0459,0.8400,-3.5350,-0.0350
61576540,sitting,0.9923,-0.0283,0.0461,0.8400,-3.5000,-0.0350
61576559,sitting,0.9904,-0.0283,0.0461,0.8750,-3.5000,-0.0350
61576578,sitting,0.9914,-0.0276,0.0464,0.8400,-3.5700,-0.0700
61576598,sitting,0.9909,-0.0276,0.0459,0.8750,-3.5700,-0.1400
61576617,sitting,0.9902,-0.0273,0.0451,0.8400,-3.5000,-0.1400
61576636,sitting,0.9906,-0.0278,0.0454,0.8400,-3.5000,-0.1050
61576655,sitting,0.9909,-0.0273,0.0454,0.8400,-3.5350,-0.0700
61576675,sitting,0.9909,-0.0283,0.0442,0.8050,-3.5350,-0.1050
61576694,sitting,0.9906,-0.0273,0.0447,0.8050,-3.5000,-0.1050
61576713,sitting,0.9897,-0.0283,0.0461,0.8400,-3.5350,-0.0700
61576732,sitting,0.9904,-0.0281,0.0451,0.8400,-3.5700,-0.0700
61576752,sitting,0.9914,-0.0281,0.0456,0.8050,-3.4650,-0.0700
61576771,sitting,0.9921,-0.0271,0.0456,0.8750,-3.5350,-0.1400
61576790,sitting,0.9906,-0.0276,0.0451,0.8400,-3.5700,-0.0700
61576809,sitting,0.9911,-0.0268,0.0454,0.8750,-3.5700,-0.0700
61576828,sitting,0.9902,-0.0273,0.0451,0.8400,-3.5000,-0.0350
61576848,sitting,0.9909,-0.0268,0.0454,0.8750,-3.5700,-0.1050
61576867,sitting,0.9899,-0.0276,0.0454,0.8400,-3.5700,-0.1050
61576886,sitting,0.9902,-0.0283,0.0456,0.8750,-3.5350,-0.1050
61576905,sitting,0.9904,-0.0283,0.0451,0.8400,-3.5350,-0.1400
61576925,sitting,0.9906,-0.0276,0.0449,0.8400,-3.5350,-0.1050
61576944,sitting,0.9911,-0.0271,0.0461,0.8400,-3.5000,-0.0700
61576963,sitting,0.9909,-0.0276,0.0466,0.8400,-3.5700,-0.0700
61576982,sitting,0.9909,-0.0276,0.0456,0.9100,-3.5000,-0.1050
61577002,sitting,0.9906,-0.0278,0.0464,0.8400,-3.4650,-0.0700
61577021,sitting,0.9914,-0.0271,0.0459,0.8050,-3.5350,-0.0700
61577040,sitting,0.9916,-0.0268,0.0456,0.8400,-3.5350,-0.0700
61577059,sitting,0.9911,-0.0278,0.0451,0.8400,-3.5350,-0.1050
61577078,sitting,0.9906,-0.0276,0.0454,0.8050,-3.5000,-0.0700
61577098,sitting,0.9904,-0.0271,0.0454,0.8750,-3.5700,-0.1050
61577117,sitting,0.9909,-0.0281,0.0456,0.8400,-3.5350,-0.0700
61577136,sitting,0.9902,-0.0276,0.0454,0.7700,-3.4650,-0.0700
61577155,sitting,0.9904,-0.0278,0.0449,0.8400,-3.5350,-0.0700
61577175,sitting,0.9899,-0.0283,0.0461,0.8400,-3.5350,-0.1400
61577194,sitting,0.9911,-0.0271,0.0461,0.8400,-3.4650,-0.1400
61577213,sitting,0.9914,-0.0268,0.0444,0.8750,-3.5350,-0.0700
61577232,sitting,0.9914,-0.0278,0.0451,0.8400,-3.5700,-0.0700
61577252,sitting,0.9911,-0.0283,0.0444,0.8400,-3.5350,-0.1050
61577271,sitting,0.9921,-0.0293,0.0454,0.8750,-3.5350,-0.0700
61577290,sitting,0.9919,-0.0281,0.0454,0.8400,-3.5700,-0.0700
61577309,sitting,0.9919,-0.0278,0.0451,0.8750,-3.5000,-0.0700
61577328,sitting,0.9902,-0.0273,0.0456,0.8400,-3.5000,-0.1050
61577348,sitting,0.9909,-0.0281,0.0456,0.9100,-3.5350,-0.0700
61577367,sitting,0.9914,-0.0278,0.0461,0.8400,-3.5350,-0.0700
61577386,sitting,0.9916,-0.0276,0.0454,0.8400,-3.5000,-0.1050
61577405,sitting,0.9909,-0.0276,0.0447,0.8400,-3.5350,-0.0700
61577425,sitting,0.9914,-0.0271,0.0451,0.8050,-3.5000,-0.1050
61577444,sitting,0.9906,-0.0276,0.0461,0.8050,-3.4650,-0.1050
61577463,sitting,0.9899,-0.0278,0.0461,0.8400,-3.5700,-0.1050
61577482,sitting,0.9909,-0.0273,0.0461,0.8750,-3.5350,-0.0700
61577502,sitting,0.9914,-0.0276,0.0451,0.8050,-3.5000,-0.0700
61577521,sitting,0.9914,-0.0281,0.0459,0.8400,-3.5350,-0.1050
61577540,sitting,0.9911,-0.0276,0.0461,0.8400,-3.5350,-0.1050
61577559,sitting,0.9906,-0.0278,0.0451,0.8400,-3.5000,-0.0700
61577578,sitting,0.9911,-0.0285,0.0456,0.8400,-3.5000,-0.0700
61577598,sitting,0.9916,-0.0276,0.0447,0.8400,-3.5700,-0.0700
61577617,sitting,0.9911,-0.0264,0.0451,0.8750,-3.5350,-0.1050
61577636,sitting,0.9906,-0.0273,0.0447,0.8050,-3.4650,-0.1050
61577655,sitting,0.9909,-0.0271,0.0456,0.8400,-3.5700,-0.0700
61577675,sitting,0.9909,-0.0281,0.0454,0.8400,-3.5700,-0.0700
61577694,sitting,0.9909,-0.0278,0.0451,0.8400,-3.4650,-0.0700
61577713,sitting,0.9911,-0.0276,0.0461,0.8750,-3.5000,-0.0700
61577732,sitting,0.9906,-0.0271,0.0454,0.8400,-3.5350,-0.1050
61577752,sitting,0.9906,-0.0271,0.0456,0.8750,-3.5700,-0.1050
61577771,sitting,0.9911,-0.0281,0.0466,0.8400,-3.5000,-0.1050
61577790,sitting,0.9906,-0.0273,0.0461,0.8400,-3.5000,-0.1050
61577809,sitting,0.9909,-0.0276,0.0456,0.8400,-3.5350,-0.0700
61577828,sitting,0.9904,-0.0281,0.0454,0.8400,-3.5000,-0.1050
61577848,sitting,0.9902,-0.0281,0.0456,0.8400,-3.5350,-0.0700
61577867,sitting,0.9914,-0.0273,0.0447,0.8050,-3.5000,-0.0700
61577886,sitting,0.9904,-0.0276,0.0451,0.7700,-3.5000,-0.1400
61577905,sitting,0.9904,-0.0285,0.0442,0.8400,-3.5350,-0.0700
61577925,sitting,0.9897,-0.0283,0.0459,0.8400,-3.5350,-0.0700
61577944,sitting,0.9906,-0.0283,0.0456,0.8750,-3.5700,-0.1050
61577963,sitting,0.9916,-0.0283,0.0456,0.8400,-3.5700,-0.1400
61577982,sitting,0.9909,-0.0273,0.0454,0.8400,-3.5350,-0.1050
61578002,sitting,0.9904,-0.0276,0.0468,0.8400,-3.4650,-0.1050
61578021,sitting,0.9902,-0.0273,0.0459,0.8400,-3.5350,-0.1050
61578040,sitting,0.9911,-0.0276,0.0459,0.8750,-3.5700,-0.0700
61578059,sitting,0.9909,-0.0273,0.0468,0.8400,-3.5000,-0.0700
61578078,sitting,0.9909,-0.0278,0.0461,0.8400,-3.5000,-0.1050
61578098,sitting,0.9906,-0.0276,0.0459,0.8050,-3.5000,-0.0700
61578117,sitting,0.9904,-0.0268,0.0456,0.8400,-3.5350,-0.0700
61578136,sitting,0.9899,-0.0271,0.0459,0.8400,-3.5000,-0.0700
61578155,sitting,0.9904,-0.0276,0.0454,0.8750,-3.5700,-0.0700
61578175,sitting,0.9909,-0.0281,0.0459,0.8400,-3.5350,-0.0700
61578194,sitting,0.9909,-0.0276,0.0451,0.8750,-3.5000,-0.0350
61578213,sitting,0.9914,-0.0278,0.0454,0.8750,-3.5000,-0.0700
61578232,sitting,0.9902,-0.0273,0.0459,0.8750,-3.5350,-0.0700
61578252,sitting,0.9906,-0.0281,0.0466,0.8400,-3.5700,-0.0700
61578271,sitting,0.9906,-0.0285,0.0459,0.8400,-3.5700,0.0000
61578290,sitting,0.9909,-0.0278,0.0447,0.8750,-3.5350,-0.0700
61578309,sitting,0.9909,-0.0276,0.0459,0.8400,-3.5350,-0.0700
61578328,sitting,0.9904,-0.0273,0.0461,0.8400,-3.5000,-0.0700
61578348,sitting,0.9904,-0.0278,0.0456,0.9100,-3.5000,-0.0350
61578367,sitting,0.9906,-0.0273,0.0456,0.8050,-3.5350,-0.1050
61578386,sitting,0.9902,-0.0271,0.0456,0.8050,-3.5000,-0.0700
61578405,sitting,0.9911,-0.0281,0.0454,0.8750,-3.5000,-0.0700
61578425,sitting,0.9911,-0.0271,0.0454,0.8400,-3.5350,-0.0700
61578444,sitting,0.9906,-0.0278,0.0456,0.8400,-3.5000,-0.0700
61578463,sitting,0.9906,-0.0278,0.0464,0.8750,-3.5000,-0.0350
61578482,sitting,0.9909,-0.0273,0.0461,0.9100,-3.5350,-0.0700
61578502,sitting,0.9909,-0.0266,0.0456,0.8400,-3.5000,-0.1050
61578521,sitting,0.9909,-0.0273,0.0454,0.8750,-3.5350,-0.1050
61578540,sitting,0.9909,-0.0276,0.0461,0.9100,-3.6050,-0.0700
61578559,sitting,0.9904,-0.0281,0.0451,0.8400,-3.5350,-0.0350
61578578,sitting,0.9904,-0.0268,0.0459,0.8400,-3.4650,-0.0700
61578598,sitting,0.9899,-0.0281,0.0466,0.9100,-3.5700,-0.0350
61578617,sitting,0.9909,-0.0288,0.0459,0.8750,-3.5350,-0.0700
61578636,sitting,0.9911,-0.0271,0.0459,0.8400,-3.5350,-0.0700
61578655,sitting,0.9914,-0.0276,0.0454,0.8750,-3.5700,-0.0700
61578675,sitting,0.9911,-0.0278,0.0461,0.8400,-3.5350,-0.0700
61578694,sitting,0.9909,-0.0273,0.0459,0.9100,-3.6050,-0.0350
61578713,sitting,0.9906,-0.0278,0.0456,0.8400,-3.5350,-0.1050
61578732,sitting,0.9909,-0.0268,0.0451,0.8400,-3.5700,-0.1050
61578752,sitting,0.9904,-0.0266,0.0456,0.8400,-3.5350,-0.0700
61578771,sitting,0.9897,-0.0285,0.0461,0.8750,-3.5000,-0.0700
61578790,sitting,0.9906,-0.0273,0.0454,0.8750,-3.5350,-0.1050
61578809,sitting,0.9906,-0.0283,0.0454,0.8750,-3.5000,-0.0700
61578828,sitting,0.9904,-0.0283,0.0456,0.8400,-3.5000,-0.0700
61578848,sitting,0.9899,-0.0271,0.0449,0.8750,-3.5350,-0.0700
61578867,sitting,0.9904,-0.0273,0.0454,0.9100,-3.5000,-0.0700
61578886,sitting,0.9909,-0.0271,0.0464,0.8400,-3.5350,-0.1050
61578905,sitting,0.9906,-0.0271,0.0456,0.8750,-3.5350,-0.0700
61578925,sitting,0.9902,-0.0276,0.0451,0.9100,-3.5350,-0.1050
61578944,sitting,0.9906,-0.0278,0.0459,0.8750,-3.5000,-0.0350
61578963,sitting,0.9902,-0.0268,0.0456,0.8750,-3.5000,-0.1050
61578982,sitting,0.9906,-0.0276,0.0466,0.8750,-3.5700,-0.1050
61579002,sitting,0.9911,-0.0283,0.0456,0.8400,-3.5350,-0.1050
61579021,sitting,0.9911,-0.0261,0.0451,0.8750,-3.5350,-0.0700
61579040,sitting,0.9902,-0.0273,0.0461,0.8750,-3.5350,-0.1050
61579059,sitting,0.9906,-0.0281,0.0451,0.8750,-3.5350,-0.0350
61579078,sitting,0.9906,-0.0281,0.0466,0.8400,-3.5000,-0.0700
61579098,sitting,0.9906,-0.0281,0.0456,0.8400,-3.5000,-0.1050
61579117,sitting,0.9906,-0.0281,0.0459,0.8750,-3.5350,-0.0700
61579136,sitting,0.9906,-0.0271,0.0459,0.8750,-3.5350,-0.1050
61579155,sitting,0.9914,-0.0285,0.0456,0.8750,-3.5350,-0.0700
61579175,sitting,0.9904,-0.0283,0.0461,0.8400,-3.5350,-0.0350
61579194,sitting,0.9894,-0.0276,0.0456,0.8400,-3.5350,-0.0700
61579213,sitting,0.9902,-0.0273,0.0459,0.8750,-3.5350,-0.0700
61579232,sitting,0.9904,-0.0281,0.0466,0.8750,-3.5700,-0.1050
61579252,sitting,0.9914,-0.0281,0.0447,0.8400,-3.5350,-0.1400
61579271,sitting,0.9899,-0.0285,0.0451,0.8750,-3.5000,-0.0700
61579290,sitting,0.9911,-0.0276,0.0459,0.8750,-3.5350,-0.0350
61579309,sitting,0.9906,-0.0271,0.0449,0.8750,-3.5700,-0.0350
61579328,sitting,0.9909,-0.0281,0.0454,0.8400,-3.5000,-0.1050
61579348,sitting,0.9916,-0.0281,0.0454,0.8750,-3.5350,-0.0700
61579367,sitting,0.9906,-0.0281,0.0454,0.8400,-3.5700,-0.0700
61579386,sitting,0.9904,-0.0276,0.0466,0.8750,-3.5350,-0.0700
61579405,sitting,0.9911,-0.0281,0.0464,0.8400,-3.5700,-0.0700
61579425,sitting,0.9911,-0.0278,0.0451,0.8750,-3.5700,-0.0700
61579444,sitting,0.9916,-0.0278,0.0449,0.8400,-3.5000,-0.0700
61579463,sitting,0.9909,-0.0285,0.0456,0.8400,-3.5350,-0.0350
61579482,sitting,0.9914,-0.0281,0.0454,0.9100,-3.5350,-0.0700
61579502,sitting,0.9909,-0.0281,0.0451,0.8750,-3.5350,-0.0350
61579521,sitting,0.9902,-0.0278,0.0456,0.8400,-3.5350,-0.1050
61579540,sitting,0.9911,-0.0281,0.0459,0.8400,-3.5000,-0.1050
61579559,sitting,0.9902,-0.0278,0.0461,0.9100,-3.5350,-0.0700
61579578,sitting,0.9909,-0.0281,0.0444,0.8400,-3.5000,-0.1050
61579598,sitting,0.9902,-0.0283,0.0447,0.8400,-3.5700,-0.0700
61579617,sitting,0.9916,-0.0273,0.0451,0.9100,-3.5700,-0.0700
61579636,sitting,0.9914,-0.0285,0.0454,0.8400,-3.5350,-0.0700
61579655,sitting,0.9914,-0.0281,0.0456,0.8750,-3.5700,-0.0700
61579675,sitting,0.9902,-0.0283,0.0454,0.8750,-3.5700,-0.0700
61579694,sitting,0.9906,-0.0281,0.0442,0.8400,-3.5350,-0.0700
61579713,sitting,0.9914,-0.0273,0.0454,0.8400,-3.5700,-0.1050
61579732,sitting,0.9911,-0.0273,0.0454,0.8750,-3.5350,-0.0700
61579752,sitting,0.9904,-0.0271,0.0449,0.8750,-3.5700,-0.0350
61579771,sitting,0.9899,-0.0271,0.0447,0.8400,-3.4650,-0.0700
61579790,sitting,0.9914,-0.0271,0.0464,0.8400,-3.5000,-0.1050
61579809,sitting,0.9906,-0.0273,0.0454,0.8400,-3.5350,-0.0700
61579828,sitting,0.9911,-0.0273,0.0451,0.8400,-3.4650,-0.0700
61579848,sitting,0.9902,-0.0278,0.0459,0.8400,-3.5000,-0.0700
61579867,sitting,0.9906,-0.0273,0.0471,0.8750,-3.5000,-0.1400
61579886,sitting,0.9914,-0.0261,0.0454,0.8400,-3.5000,-0.1050
61579905,sitting,0.9906,-0.0271,0.0464,0.8400,-3.5700,-0.0700
61579925,sitting,0.9899,-0.0276,0.0456,0.8400,-3.5350,-0.0350
61579944,sitting,0.9906,-0.0271,0.0451,0.8750,-3.5000,-0.0700
61579963,sitting,0.9906,-0.0271,0.0454,0.8750,-3.5350,-0.1050
61579982,sitting,0.9906,-0.0278,0.0456,0.8400,-3.5700,-0.0700
61580002,sitting,0.9899,-0.0276,0.0456,0.8400,-3.5350,-0.1050
61580021,sitting,0.9904,-0.0271,0.0451,0.8400,-3.4650,-0.0700
61580040,sitting,0.9906,-0.0281,0.0464,0.8400,-3.5350,-0.0700
61580059,sitting,0.9909,-0.0288,0.0451,0.8750,-3.5350,-0.0700
61580078,sitting,0.9911,-0.0285,0.0456,0.8050,-3.5000,-0.1050
61580098,sitting,0.9906,-0.0276,0.0461,0.8400,-3.5000,-0.0350
61580117,sitting,0.9909,-0.0276,0.0451,0.8400,-3.5700,-0.0700
61580136,sitting,0.9897,-0.0273,0.0447,0.8400,-3.5000,-0.0700
61580155,sitting,0.9906,-0.0278,0.0439,0.8400,-3.5350,-0.0700
61580175,sitting,0.9911,-0.0281,0.0454,0.8400,-3.5350,-0.0700
61580194,sitting,0.9911,-0.0281,0.0449,0.8400,-3.5000,-0.0700
61580213,sitting,0.9899,-0.0283,0.0464,0.8750,-3.5000,-0.0700
61580232,sitting,0.9899,-0.0278,0.0456,0.8400,-3.5350,-0.0350
61580252,sitting,0.9904,-0.0266,0.0461,0.8400,-3.5000,-0.0700
61580271,sitting,0.9911,-0.0268,0.0454,0.8400,-3.5000,-0.0700
61580290,sitting,0.9904,-0.0273,0.0449,0.9100,-3.6050,-0.0700
61580309,sitting,0.9909,-0.0285,0.0451,0.8750,-3.5700,-0.0700
61580328,sitting,0.9904,-0.0273,0.0449,0.8050,-3.5000,-0.1050
61580348,sitting,0.9909,-0.0278,0.0454,0.8400,-3.5000,-0.0350
61580367,sitting,0.9914,-0.0276,0.0451,0.8400,-3.5700,-0.0700
61580386,sitting,0.9911,-0.0278,0.0449,0.8400,-3.5350,-0.1050
61580405,sitting,0.9911,-0.0283,0.0454,0.8400,-3.5000,-0.1400
61580425,sitting,0.9909,-0.0281,0.0456,0.8400,-3.5350,-0.1400
61580444,sitting,0.9892,-0.0273,0.0449,0.8750,-3.5700,-0.0700
61580463,sitting,0.9909,-0.0271,0.0451,0.8400,-3.4650,-0.1400
61580482,sitting,0.9914,-0.0276,0.0454,0.8400,-3.5000,-0.1050
61580502,sitting,0.9916,-0.0273,0.0454,0.8400,-3.5700,-0.0700
61580521,sitting,0.9909,-0.0268,0.0459,0.8400,-3.5000,-0.1400
61580540,sitting,0.9916,-0.0273,0.0454,0.8400,-3.5350,-0.1050
61580559,sitting,0.9906,-0.0276,0.0456,0.8400,-3.5700,-0.1050
61580578,sitting,0.9904,-0.0278,0.0449,0.8050,-3.5350,-0.1050
61580598,sitting,0.9909,-0.0281,0.0449,0.8750,-3.5000,-0.0700
61580617,sitting,0.9897,-0.0276,0.0451,0.8400,-3.5700,-0.1400
61580636,sitting,0.9904,-0.0273,0.0454,0.8400,-3.5000,-0.0700
61580655,sitting,0.9902,-0.0276,0.0454,0.8400,-3.5350,-0.0700
61580675,sitting,0.9906,-0.0278,0.0464,0.8750,-3.5700,-0.0700
61580694,sitting,0.9909,-0.0281,0.0466,0.9100,-3.5700,-0.1050
61580713,sitting,0.9906,-0.0290,0.0461,0.8400,-3.5000,-0.0700
61580732,sitting,0.9904,-0.0271,0.0456,0.8400,-3.5000,-0.0700
61580752,sitting,0.9911,-0.0276,0.0456,0.8750,-3.5000,-0.0700
61580771,sitting,0.9906,-0.0281,0.0444,0.8050,-3.5000,-0.1400
61580790,sitting,0.9914,-0.0276,0.0449,0.8400,-3.5350,-0.0700
61580809,sitting,0.9906,-0.0288,0.0456,0.8400,-3.5350,-0.0700
61580828,sitting,0.9914,-0.0283,0.0464,0.8400,-3.4650,-0.1050
61580848,sitting,0.9911,-0.0276,0.0456,0.8400,-3.5000,-0.1050
61580867,sitting,0.9904,-0.0273,0.0454,0.8400,-3.4650,-0.1050
61580886,sitting,0.9904,-0.0271,0.0459,0.8400,-3.5350,-0.1050
61580905,sitting,0.9911,-0.0278,0.0451,0.8400,-3.5000,-0.1050
61580925,sitting,0.9919,-0.0271,0.0451,0.8400,-3.5000,-0.0700
61580944,sitting,0.9914,-0.0278,0.0451,0.8750,-3.5000,-0.1050
61580963,sitting,0.9909,-0.0278,0.0456,0.8750,-3.5000,-0.1050
61580982,sitting,0.9899,-0.0278,0.0454,0.8400,-3.5000,-0.0700
61581002,sitting,0.9914,-0.0264,0.0444,0.8750,-3.5350,-0.0700
61581021,sitting,0.9911,-0.0283,0.0459,0.8050,-3.5000,-0.0700
61581040,sitting,0.9904,-0.0273,0.0459,0.8400,-3.5350,-0.0700
61581059,sitting,0.9902,-0.0273,0.0454,0.9100,-3.5350,-0.1050
61581078,sitting,0.9899,-0.0271,0.0461,0.8750,-3.5000,-0.1050
61581098,sitting,0.9897,-0.0278,0.0461,0.8400,-3.5000,-0.0700
61581117,sitting,0.9911,-0.0281,0.0454,0.8750,-3.5350,-0.1400
61581136,sitting,0.9911,-0.0281,0.0464,0.8750,-3.5350,-0.0700
61581155,sitting,0.9914,-0.0278,0.0456,0.8050,-3.5000,-0.0700
61581175,sitting,0.9911,-0.0273,0.0451,0.9100,-3.6050,-0.0700
61581194,sitting,0.9911,-0.0271,0.0451,0.9100,-3.5000,-0.0700
61581213,sitting,0.9897,-0.0273,0.0464,0.8400,-3.5000,-0.1050
61581232,sitting,0.9916,-0.0278,0.0461,0.8400,-3.5000,-0.1050
61581252,sitting,0.9914,-0.0273,0.0456,0.8750,-3.5000,-0.0700
61581271,sitting,0.9909,-0.0283,0.0447,0.8400,-3.5000,-0.1050
61581290,sitting,0.9899,-0.0278,0.0464,0.8050,-3.5000,-0.0700
61581309,sitting,0.9906,-0.0278,0.0456,0.8400,-3.5350,-0.1050
61581328,sitting,0.9902,-0.0273,0.0464,0.8400,-3.5000,-0.1050
61581348,sitting,0.9906,-0.0276,0.0456,0.8050,-3.5000,-0.0700
61581367,sitting,0.9906,-0.0266,0.0461,0.8400,-3.5700,-0.0700
61581386,sitting,0.9914,-0.0273,0.0461,0.8750,-3.5700,-0.1050
61581405,sitting,0.9902,-0.0273,0.0454,0.8400,-3.5000,-0.0700
61581425,sitting,0.9911,-0.0276,0.0449,0.8750,-3.5350,-0.0700
61581444,sitting,0.9914,-0.0281,0.0456,0.8400,-3.5350,-0.1050
61581463,sitting,0.9904,-0.0271,0.0451,0.8400,-3.5000,-0.0700
61581482,sitting,0.9919,-0.0271,0.0468,0.8750,-3.5350,-0.1050
61581502,sitting,0.9909,-0.0276,0.0447,0.8400,-3.5700,-0.1050
61581521,sitting,0.9911,-0.0278,0.0449,0.8050,-3.5000,-0.0700
61581540,sitting,0.9909,-0.0281,0.0461,0.8750,-3.5000,-0.0700
61581559,sitting,0.9899,-0.0278,0.0461,0.8750,-3.5700,-0.0700
61581578,sitting,0.9906,-0.0276,0.0461,0.8400,-3.5350,-0.0700
61581598,sitting,0.9904,-0.0276,0.0449,0.8400,-3.5000,-0.0700
61581617,sitting,0.9914,-0.0273,0.0454,0.8400,-3.5350,-0.1050
61581636,sitting,0.9899,-0.0271,0.0456,0.8400,-3.5350,-0.0700
61581655,sitting,0.9897,-0.0268,0.0459,0.8400,-3.5000,-0.0700
61581675,sitting,0.9904,-0.0278,0.0461,0.8750,-3.5700,-0.0700
61581694,sitting,0.9911,-0.0278,0.0449,0.9100,-3.5700,-0.0700
61581713,sitting,0.9919,-0.0285,0.0447,0.8400,-3.5000,-0.1050
61581732,sitting,0.9909,-0.0281,0.0459,0.8750,-3.5000,-0.0700
61581752,sitting,0.9899,-0.0273,0.0459,0.8400,-3.5350,-0.0700
61581771,sitting,0.9904,-0.0266,0.0456,0.8050,-3.5000,-0.1400
61581790,sitting,0.9909,-0.0276,0.0456,0.8400,-3.4650,-0.0700
61581809,sitting,0.9916,-0.0283,0.0456,0.8400,-3.5350,-0.0700
61581828,sitting,0.9909,-0.0281,0.0454,0.8400,-3.4650,-0.1050
61581848,sitting,0.9904,-0.0281,0.0444,0.8750,-3.5000,-0.1050
61581867,sitting,0.9904,-0.0271,0.0437,0.8750,-3.5000,-0.0700
61581886,sitting,0.9902,-0.0273,0.0449,0.8400,-3.5700,-0.0700
61581905,sitting,0.9902,-0.0281,0.0464,0.8400,-3.5000,-0.1050
61581925,sitting,0.9906,-0.0271,0.0456,0.8050,-3.5000,-0.1050
61581944,sitting,0.9904,-0.0276,0.0451,0.9100,-3.5350,-0.0700
61581963,sitting,0.9899,-0.0273,0.0456,0.8400,-3.5000,-0.0700
61581982,sitting,0.9906,-0.0285,0.0461,0.8400,-3.4650,-0.0700
61582002,sitting,0.9909,-0.0276,0.0451,0.8750,-3.5700,-0.1050
61582021,sitting,0.9906,-0.0273,0.0459,0.9100,-3.6050,-0.1050
61582040,sitting,0.9911,-0.0278,0.0456,0.8400,-3.5350,-0.0700
61582059,sitting,0.9909,-0.0273,0.0459,0.8750,-3.5350,-0.1050
61582078,sitting,0.9904,-0.0281,0.0454,0.8750,-3.5350,-0.1050
61582098,sitting,0.9914,-0.0268,0.0454,0.8050,-3.5350,-0.0700
61582117,sitting,0.9906,-0.0276,0.0444,0.8400,-3.5700,-0.0700
61582136,sitting,0.9906,-0.0283,0.0447,0.8400,-3.5350,-0.0700
61582155,sitting,0.9914,-0.0278,0.0454,0.8400,-3.5000,-0.0700
61582175,sitting,0.9919,-0.0276,0.0466,0.8750,-3.5350,-0.0700
61582194,sitting,0.9904,-0.0278,0.0454,0.8750,-3.5700,-0.0700
61582213,sitting,0.9904,-0.0273,0.0456,0.8050,-3.5000,-0.0700
61582232,sitting,0.9909,-0.0278,0.0451,0.9100,-3.5350,-0.1050
61582252,sitting,0.9906,-0.0276,0.0444,0.8750,-3.5700,-0.0700
61582271,sitting,0.9906,-0.0273,0.0454,0.8400,-3.5000,-0.0700
61582290,sitting,0.9906,-0.0285,0.0456,0.8400,-3.5000,-0.0700
61582309,sitting,0.9911,-0.0281,0.0456,0.8750,-3.5700,-0.0350
61582328,sitting,0.9914,-0.0268,0.0464,0.8400,-3.5000,-0.0700
61582348,sitting,0.9906,-0.0273,0.0459,0.8750,-3.5700,-0.0700
61582367,sitting,0.9904,-0.0273,0.0466,0.8400,-3.5700,-0.1400
61582386,sitting,0.9911,-0.0281,0.0459,0.8400,-3.5700,-0.0700
61582405,sitting,0.9916,-0.0278,0.0454,0.8050,-3.4650,-0.0350
61582425,sitting,0.9919,-0.0266,0.0447,0.8400,-3.5350,-0.0700
61582444,sitting,0.9916,-0.0283,0.0459,0.8750,-3.5350,-0.0700
61582463,sitting,0.9906,-0.0278,0.0464,0.8400,-3.5000,-0.0700
61582482,sitting,0.9911,-0.0268,0.0461,0.8400,-3.5350,-0.1050
61582502,sitting,0.9909,-0.0264,0.0459,0.9100,-3.5700,-0.1050
61582521,sitting,0.9909,-0.0276,0.0454,0.8400,-3.5000,-0.0700
61582540,sitting,0.9904,-0.0283,0.0461,0.8400,-3.5000,-0.1050
61582559,sitting,0.9906,-0.0283,0.0449,0.8750,-3.5700,-0.0700
61582578,sitting,0.9897,-0.0278,0.0459,0.8400,-3.5000,-0.0350
61582598,sitting,0.9909,-0.0268,0.0464,0.8050,-3.5000,-0.0700
61582617,sitting,0.9902,-0.0276,0.0461,0.8400,-3.5000,-0.0700
61582636,sitting,0.9906,-0.0285,0.0454,0.8750,-3.5700,-0.0700
61582655,sitting,0.9906,-0.0273,0.0456,0.8750,-3.5350,-0.0350
61582675,sitting,0.9902,-0.0276,0.0451,0.8400,-3.5350,-0.0350
61582694,sitting,0.9909,-0.0283,0.0459,0.8750,-3.5700,-0.0700
61582713,sitting,0.9902,-0.0283,0.0451,0.8750,-3.5000,-0.0700
61582732,sitting,0.9902,-0.0273,0.0451,0.8400,-3.5000,-0.0700
61582752,sitting,0.9914,-0.0271,0.0459,0.9100,-3.6050,-0.1050
61582771,sitting,0.9914,-0.0276,0.0454,0.8400,-3.5000,-0.0700
61582790,sitting,0.9909,-0.0281,0.0456,0.8400,-3.5350,-0.1050
61582809,sitting,0.9911,-0.0283,0.0459,0.9100,-3.5350,-0.0700
61582828,sitting,0.9906,-0.0276,0.0456,0.8400,-3.5350,-0.0700
61582848,sitting,0.9897,-0.0290,0.0451,0.8400,-3.5350,-0.0700
61582867,sitting,0.9902,-0.0288,0.0456,0.8750,-3.5000,-0.0700
61582886,sitting,0.9906,-0.0271,0.0456,0.8750,-3.5000,-0.0700
61582905,sitting,0.9904,-0.0278,0.0449,0.8750,-3.5000,-0.1050
61582925,sitting,0.9911,-0.0281,0.0449,0.8750,-3.5350,-0.1050
61582944,sitting,0.9909,-0.0276,0.0439,0.8750,-3.5000,-0.1050
61582963,sitting,0.9919,-0.0276,0.0447,0.8400,-3.5000,-0.1050
61582982,sitting,0.9904,-0.0278,0.0464,0.8400,-3.4650,-0.1050
61583002,sitting,0.9911,-0.0283,0.0456,0.8400,-3.5700,-0.0700
61583021,sitting,0.9926,-0.0276,0.0454,0.8400,-3.5350,-0.0700
61583040,sitting,0.9914,-0.0285,0.0447,0.8750,-3.5350,-0.1050
61583059,sitting,0.9909,-0.0281,0.0454,0.8750,-3.5000,-0.1400
61583078,sitting,0.9904,-0.0276,0.0449,0.8400,-3.5000,-0.0700
61583098,sitting,0.9906,-0.0273,0.0451,0.8400,-3.5000,-0.0700
61583117,sitting,0.9906,-0.0278,0.0444,0.8750,-3.5700,-0.0700
61583136,sitting,0.9906,-0.0271,0.0459,0.9100,-3.5700,-0.0700
61583155,sitting,0.9899,-0.0278,0.0456,0.8750,-3.5000,-0.0700
61583175,sitting,0.9909,-0.0285,0.0447,0.8750,-3.5000,-0.0350
61583194,sitting,0.9906,-0.0273,0.0454,0.8750,-3.5350,-0.0700
61583213,sitting,0.9904,-0.0266,0.0447,0.8400,-3.5000,-0.0700
61583232,sitting,0.9914,-0.0271,0.0456,0.8400,-3.5000,0.0000
61583252,sitting,0.9909,-0.0281,0.0447,0.8400,-3.5700,-0.0700
61583271,sitting,0.9923,-0.0281,0.0471,0.8400,-3.5000,-0.0700
61583290,sitting,0.9906,-0.0268,0.0464,0.8400,-3.5000,-0.1400
61583309,sitting,0.9906,-0.0276,0.0456,0.8750,-3.5350,-0.0700
61583328,sitting,0.9911,-0.0268,0.0454,0.9100,-3.5350,-0.0700
61583348,sitting,0.9923,-0.0273,0.0451,0.8400,-3.5350,-0.0700
61583367,sitting,0.9911,-0.0285,0.0456,0.8400,-3.5350,-0.1050
61583386,sitting,0.9909,-0.0278,0.0456,0.8750,-3.5700,-0.0700
61583405,sitting,0.9904,-0.0278,0.0454,0.8750,-3.5350,-0.1050
61583425,sitting,0.9902,-0.0276,0.0447,0.8400,-3.5350,-0.1400
61583444,sitting,0.9897,-0.0273,0.0459,0.8400,-3.5700,-0.1400
61583463,sitting,0.9904,-0.0273,0.0456,0.8750,-3.5350,-0.0700
61583482,sitting,0.9904,-0.0273,0.0461,0.8400,-3.5000,-0.1050
61583502,sitting,0.9916,-0.0276,0.0459,0.8750,-3.5700,-0.1050
61583521,sitting,0.9909,-0.0276,0.0449,0.8750,-3.5350,-0.0700
61583540,sitting,0.9909,-0.0288,0.0451,0.8400,-3.5350,-0.0700
61583559,sitting,0.9906,-0.0281,0.0459,0.8400,-3.5350,-0.0700
61583578,sitting,0.9906,-0.0281,0.0459,0.8400,-3.5350,-0.0700
61583598,sitting,0.9909,-0.0278,0.0464,0.8050,-3.5000,-0.0700
61583617,sitting,0.9904,-0.0273,0.0456,0.8400,-3.5000,-0.1050
61583636,sitting,0.9909,-0.0281,0.0454,0.8400,-3.5350,-0.0700
61583655,sitting,0.9909,-0.0271,0.0454,0.8400,-3.5000,-0.0700
61583675,sitting,0.9911,-0.0266,0.0459,0.8400,-3.5350,-0.0700
61583694,sitting,0.9914,-0.0276,0.0459,0.8750,-3.5700,-0.1050
61583713,sitting,0.9906,-0.0276,0.0454,0.8750,-3.5350,-0.1400
61583732,sitting,0.9906,-0.0281,0.0451,0.8400,-3.5000,-0.1050
61583752,sitting,0.9911,-0.0281,0.0447,0.8400,-3.5350,-0.0700
61583771,sitting,0.9911,-0.0276,0.0461,0.8400,-3.5700,-0.0700
61583790,sitting,0.9906,-0.0273,0.0466,0.8400,-3.5350,-0.0700
61583809,sitting,0.9916,-0.0273,0.0454,0.8750,-3.5700,-0.0700
61583828,sitting,0.9906,-0.0288,0.0461,0.8750,-3.5350,-0.0700
61583848,sitting,0.9897,-0.0288,0.0454,0.8400,-3.5000,-0.1400
61583867,sitting,0.9904,-0.0283,0.0449,0.8400,-3.5350,-0.0700
61583886,sitting,0.9902,-0.0281,0.0451,0.9100,-3.5350,-0.0350
61583905,sitting,0.9906,-0.0276,0.0456,0.8400,-3.5000,-0.0700
61583925,sitting,0.9906,-0.0271,0.0456,0.8400,-3.5000,-0.1050
61583944,sitting,0.9916,-0.0266,0.0459,0.8400,-3.5700,-0.1050
61583963,sitting,0.9904,-0.0278,0.0459,0.8050,-3.4650,-0.0700
61583982,sitting,0.9904,-0.0283,0.0459,0.8050,-3.5000,-0.0700
61584002,sitting,0.9904,-0.0273,0.0459,0.8400,-3.5000,-0.1050
61584021,sitting,0.9902,-0.0273,0.0454,0.8400,-3.5000,-0.1050
61584040,sitting,0.9911,-0.0273,0.0456,0.9100,-3.5350,-0.0700
61584059,sitting,0.9914,-0.0278,0.0459,0.9100,-3.5700,-0.0700
61584078,sitting,0.9919,-0.0281,0.0459,0.8750,-3.5000,-0.0700
61584098,sitting,0.9906,-0.0271,0.0454,0.8400,-3.5350,-0.0700
61584117,sitting,0.9897,-0.0281,0.0459,0.8400,-3.5350,-0.0700
61584136,sitting,0.9911,-0.0281,0.0456,0.8400,-3.5350,-0.0700
61584155,sitting,0.9909,-0.0281,0.0466,0.8400,-3.5350,-0.1050
61584175,sitting,0.9906,-0.0281,0.0454,0.8750,-3.5350,-0.0700
61584194,sitting,0.9904,-0.0283,0.0461,0.8750,-3.5350,-0.0700
61584213,sitting,0.9909,-0.0276,0.0461,0.8050,-3.4650,-0.1400
61584232,sitting,0.9914,-0.0278,0.0456,0.8400,-3.5000,-0.1050
61584252,sitting,0.9919,-0.0278,0.0447,0.8400,-3.5000,-0.0700
61584271,sitting,0.9914,-0.0278,0.0461,0.8400,-3.5000,-0.0700
61584290,sitting,0.9919,-0.0276,0.0456,0.8400,-3.5350,-0.0700
61584309,sitting,0.9916,-0.0264,0.0459,0.8750,-3.5350,-0.0700
61584328,sitting,0.9904,-0.0278,0.0456,0.8750,-3.5000,-0.1050
61584348,sitting,0.9914,-0.0285,0.0456,0.8400,-3.5350,-0.1400
61584367,sitting,0.9914,-0.0276,0.0451,0.8750,-3.5350,-0.1050
61584386,sitting,0.9909,-0.0276,0.0454,0.8750,-3.5350,-0.1400
61584405,sitting,0.9906,-0.0278,0.0454,0.8400,-3.5000,-0.0700
61584425,sitting,0.9906,-0.0278,0.0461,0.8400,-3.5350,-0.1050
61584444,sitting,0.9899,-0.0271,0.0464,0.8750,-3.5700,-0.0700
61584463,sitting,0.9921,-0.0281,0.0464,0.8750,-3.5000,-0.1050
61584482,sitting,0.9919,-0.0285,0.0451,0.8400,-3.5350,-0.1050
61584502,sitting,0.9902,-0.0283,0.0447,0.8750,-3.5700,-0.0700
61584521,sitting,0.9909,-0.0283,0.0456,0.8400,-3.5350,-0.0700
61584540,sitting,0.9909,-0.0271,0.0451,0.8050,-3.4650,-0.1400
61584559,sitting,0.9899,-0.0281,0.0447,0.8750,-3.5700,-0.1050
61584578,sitting,0.9909,-0.0288,0.0454,0.8750,-3.5000,-0.0350
61584598,sitting,0.9919,-0.0283,0.0451,0.8400,-3.4300,-0.0700
61584617,sitting,0.9909,-0.0278,0.0461,0.8400,-3.5000,-0.0700
61584636,sitting,0.9916,-0.0281,0.0451,0.8400,-3.5700,-0.1050
61584655,sitting,0.9904,-0.0268,0.0451,0.8050,-3.5000,-0.0700
61584675,sitting,0.9911,-0.0281,0.0451,0.8400,-3.5350,-0.0350
61584694,sitting,0.9909,-0.0278,0.0454,0.8400,-3.5700,-0.0700
61584713,sitting,0.9911,-0.0276,0.0461,0.8400,-3.5000,-0.1050
61584732,sitting,0.9904,-0.0276,0.0444,0.8400,-3.5000,-0.1050
61584752,sitting,0.9911,-0.0283,0.0451,0.9100,-3.6050,-0.1050
61584771,sitting,0.9906,-0.0271,0.0447,0.8750,-3.5700,-0.0700
61584790,sitting,0.9911,-0.0276,0.0461,0.8400,-3.5000,-0.1050
61584809,sitting,0.9911,-0.0271,0.0464,0.8750,-3.5000,-0.0700
61584828,sitting,0.9906,-0.0283,0.0449,0.8750,-3.5350,-0.0700
61584848,sitting,0.9916,-0.0285,0.0464,0.8400,-3.5000,-0.1400
61584867,sitting,0.9911,-0.0266,0.0451,0.8400,-3.5350,-0.0700
61584886,sitting,0.9911,-0.0278,0.0459,0.8750,-3.5350,-0.1050
61584905,sitting,0.9911,-0.0285,0.0461,0.8400,-3.5000,-0.0700
61584925,sitting,0.9906,-0.0285,0.0464,0.8050,-3.5000,-0.1050
61584944,sitting,0.9909,-0.0271,0.0456,0.8400,-3.5350,-0.1050
61584963,sitting,0.9909,-0.0278,0.0449,0.8400,-3.5000,-0.0350
61584982,sitting,0.9911,-0.0276,0.0447,0.8050,-3.5000,-0.0700
61585002,sitting,0.9909,-0.0281,0.0459,0.8400,-3.5700,-0.0700
61585021,sitting,0.9909,-0.0288,0.0454,0.8400,-3.5350,-0.0700
61585040,sitting,0.9906,-0.0273,0.0456,0.8050,-3.5350,-0.0700
61585059,sitting,0.9909,-0.0273,0.0464,0.8400,-3.5700,-0.0700
61585078,sitting,0.9909,-0.0271,0.0451,0.8400,-3.5350,-0.1400
61585098,sitting,0.9899,-0.0266,0.0461,0.8400,-3.5000,-0.1050
61585117,sitting,0.9899,-0.0271,0.0451,0.8750,-3.5350,-0.0700
61585136,sitting,0.9902,-0.0271,0.0459,0.9100,-3.5000,-0.0700
61585155,sitting,0.9909,-0.0276,0.0464,0.8750,-3.5350,-0.0350
61585175,sitting,0.9911,-0.0276,0.0466,0.8750,-3.5000,-0.0350
61585194,sitting,0.9902,-0.0278,0.0459,0.8750,-3.5000,-0.0700
61585213,sitting,0.9904,-0.0273,0.0468,0.8400,-3.5350,-0.0700
61585232,sitting,0.9911,-0.0283,0.0464,0.8400,-3.5000,-0.1050
61585252,sitting,0.9906,-0.0278,0.0451,0.8750,-3.5350,-0.0700
61585271,sitting,0.9914,-0.0276,0.0454,0.8400,-3.5000,0.0000
61585290,sitting,0.9897,-0.0285,0.0461,0.8750,-3.5000,-0.0700
61585309,sitting,0.9899,-0.0288,0.0449,0.8750,-3.5350,-0.1050
61585328,sitting,0.9911,-0.0281,0.0456,0.8400,-3.5350,-0.0700
61585348,sitting,0.9914,-0.0276,0.0451,0.8400,-3.5000,-0.0700
61585367,sitting,0.9919,-0.0276,0.0454,0.8400,-3.5350,-0.0700
61585386,sitting,0.9911,-0.0278,0.0456,0.8400,-3.5700,-0.1050
61585405,sitting,0.9916,-0.0278,0.0451,0.8050,-3.5350,-0.0700
61585425,sitting,0.9919,-0.0273,0.0449,0.8400,-3.5700,-0.0700
61585444,sitting,0.9919,-0.0283,0.0454,0.8750,-3.5700,-0.0700
61585463,sitting,0.9914,-0.0278,0.0451,0.8400,-3.5350,-0.0700
61585482,sitting,0.9916,-0.0285,0.0456,0.8050,-3.4650,-0.0700
61585502,sitting,0.9902,-0.0271,0.0456,0.8400,-3.5350,-0.0700
61585521,sitting,0.9902,-0.0266,0.0449,0.8750,-3.5350,-0.0700
61585540,sitting,0.9909,-0.0273,0.0456,0.8400,-3.4650,-0.1050
61585559,sitting,0.9911,-0.0281,0.0456,0.8400,-3.5700,-0.0700
61585578,sitting,0.9902,-0.0271,0.0464,0.8400,-3.5350,-0.0700
61585598,sitting,0.9909,-0.0276,0.0456,0.8050,-3.4650,-0.1400
61585617,sitting,0.9899,-0.0273,0.0454,0.8400,-3.5000,-0.0700
61585636,sitting,0.9911,-0.0283,0.0464,0.9100,-3.5700,-0.1050
61585655,sitting,0.9906,-0.0276,0.0454,0.8400,-3.5000,-0.0700
61585675,sitting,0.9897,-0.0281,0.0468,0.8750,-3.5000,-0.0350
61585694,sitting,0.9906,-0.0273,0.0459,0.8750,-3.5700,-0.0350
61585713,sitting,0.9909,-0.0273,0.0464,0.8750,-3.5700,-0.0700
61585732,sitting,0.9906,-0.0271,0.0456,0.8400,-3.5350,-0.0700
61585752,sitting,0.9909,-0.0283,0.0451,0.8050,-3.5700,-0.0700
61585771,sitting,0.9897,-0.0276,0.0456,0.8400,-3.5700,-0.0700
61585790,sitting,0.9914,-0.0271,0.0466,0.8400,-3.5350,-0.1050
61585809,sitting,0.9911,-0.0281,0.0456,0.8750,-3.5700,-0.0700
61585828,sitting,0.9911,-0.0271,0.0459,0.8400,-3.5350,-0.1050
61585848,sitting,0.9911,-0.0273,0.0451,0.8750,-3.5350,-0.1400
61585867,sitting,0.9902,-0.0268,0.0459,0.8400,-3.5350,-0.0700
61585886,sitting,0.9906,-0.0283,0.0471,0.8750,-3.5350,-0.0700
61585905,sitting,0.9906,-0.0281,0.0454,0.8400,-3.5000,-0.0700
61585925,sitting,0.9911,-0.0273,0.0461,0.8050,-3.4650,-0.0700
61585944,sitting,0.9911,-0.0271,0.0466,0.8400,-3.5350,-0.1050
61585963,sitting,0.9909,-0.0283,0.0461,0.8400,-3.5700,-0.0700
61585982,sitting,0.9906,-0.0278,0.0468,0.8400,-3.5350,-0.1400
61586002,sitting,0.9904,-0.0266,0.0461,0.8400,-3.5350,-0.1050
61586021,sitting,0.9909,-0.0268,0.0454,0.8400,-3.5350,-0.0350
61586040,sitting,0.9906,-0.0276,0.0447,0.8400,-3.5350,-0.1050
61586059,sitting,0.9921,-0.0278,0.0451,0.8400,-3.5350,-0.1050
61586078,sitting,0.9921,-0.0278,0.0449,0.8750,-3.5700,-0.0700
61586098,sitting,0.9909,-0.0268,0.0461,0.8400,-3.5350,-0.1400
61586117,sitting,0.9914,-0.0278,0.0461,0.8750,-3.5000,-0.0350
61586136,sitting,0.9911,-0.0285,0.0461,0.9100,-3.5350,-0.0700
61586155,sitting,0.9909,-0.0273,0.0451,0.8750,-3.5000,-0.1050
61586175,sitting,0.9906,-0.0278,0.0451,0.8750,-3.5000,-0.0700
61586194,sitting,0.9902,-0.0278,0.0456,0.8400,-3.5000,-0.0700
61586213,sitting,0.9906,-0.0278,0.0449,0.8750,-3.5350,-0.0700
61586232,sitting,0.9909,-0.0285,0.0459,0.8400,-3.5350,-0.1050
61586252,sitting,0.9911,-0.0278,0.0461,0.8400,-3.5000,-0.1050
61586271,sitting,0.9919,-0.0281,0.0461,0.8400,-3.5000,-0.0700
61586290,sitting,0.9914,-0.0266,0.0456,0.8400,-3.4650,-0.0350
61586309,sitting,0.9911,-0.0276,0.0451,0.8750,-3.5700,-0.0700
61586328,sitting,0.9909,-0.0276,0.0459,0.8400,-3.5700,-0.0700
61586348,sitting,0.9902,-0.0276,0.0456,0.8750,-3.5000,-0.0700
61586367,sitting,0.9904,-0.0285,0.0456,0.8750,-3.5350,-0.0700
61586386,sitting,0.9902,-0.0281,0.0454,0.8750,-3.5350,-0.1050
61586405,sitting,0.9911,-0.0273,0.0449,0.8400,-3.5350,-0.0350
61586425,sitting,0.9916,-0.0283,0.0447,0.8400,-3.5350,-0.1050
61586444,sitting,0.9906,-0.0278,0.0454,0.9100,-3.5350,-0.0700
61586463,sitting,0.9904,-0.0283,0.0451,0.8400,-3.5350,-0.1050
61586482,sitting,0.9902,-0.0281,0.0451,0.8400,-3.4650,-0.1050
61586502,sitting,0.9906,-0.0268,0.0454,0.8750,-3.5700,-0.0350
61586521,sitting,0.9902,-0.0271,0.0459,0.8750,-3.5700,-0.0700
61586540,sitting,0.9906,-0.0283,0.0447,0.8400,-3.5000,-0.0700
61586559,sitting,0.9914,-0.0281,0.0459,0.8400,-3.5000,-0.0350
61586578,sitting,0.9911,-0.0278,0.0461,0.8750,-3.5350,-0.1050
61586598,sitting,0.9906,-0.0276,0.0454,0.8400,-3.5700,-0.0350
61586617,sitting,0.9911,-0.0273,0.0456,0.8400,-3.5000,-0.1050
61586636,sitting,0.9911,-0.0268,0.0459,0.8400,-3.5700,-0.0700
61586655,sitting,0.9899,-0.0273,0.0461,0.9100,-3.5700,-0.0700
61586675,sitting,0.9914,-0.0271,0.0459,0.8400,-3.5000,-0.0700
61586694,sitting,0.9911,-0.0276,0.0459,0.8400,-3.5700,-0.0700
61586713,sitting,0.9899,-0.0273,0.0454,0.8050,-3.5350,-0.1050
61586732,sitting,0.9904,-0.0281,0.0444,0.8400,-3.4650,-0.1050
61586752,sitting,0.9902,-0.0273,0.0454,0.9100,-3.5350,-0.0700
61586771,sitting,0.9904,-0.0271,0.0456,0.8400,-3.5350,-0.1050
61586790,sitting,0.9911,-0.0276,0.0456,0.8400,-3.5350,-0.1050
61586809,sitting,0.9914,-0.0278,0.0454,0.8400,-3.5350,-0.1050
61586828,sitting,0.9906,-0.0271,0.0459,0.8750,-3.5700,-0.1050
61586848,sitting,0.9909,-0.0278,0.0459,0.8400,-3.5000,-0.1050
61586867,sitting,0.9899,-0.0281,0.0459,0.8400,-3.5000,-0.0700
61586886,sitting,0.9909,-0.0276,0.0454,0.8400,-3.5350,-0.0350
61586905,sitting,0.9911,-0.0273,0.0456,0.8400,-3.5700,-0.1050
61586925,sitting,0.9902,-0.0271,0.0451,0.8400,-3.5000,-0.0700
61586944,sitting,0.9906,-0.0273,0.0464,0.8750,-3.5350,-0.0700
61586963,sitting,0.9904,-0.0276,0.0454,0.8400,-3.5350,-0.0700
61586982,sitting,0.9904,-0.0273,0.0456,0.8400,-3.4650,-0.0700
61587002,sitting,0.9909,-0.0273,0.0464,0.8750,-3.5350,-0.0700
61587021,sitting,0.9914,-0.0273,0.0454,0.8400,-3.5350,-0.0350
61587040,sitting,0.9904,-0.0276,0.0454,0.8400,-3.5350,-0.0700
61587059,sitting,0.9921,-0.0273,0.0464,0.8400,-3.5000,-0.0700
61587078,sitting,0.9911,-0.0276,0.0449,0.8400,-3.5700,-0.0700
61587098,sitting,0.9897,-0.0271,0.0449,0.8750,-3.5000,-0.0700
61587117,sitting,0.9914,-0.0285,0.0459,0.9100,-3.4650,-0.0700
61587136,sitting,0.9904,-0.0278,0.0459,0.8400,-3.5700,-0.0700
61587155,sitting,0.9916,-0.0271,0.0451,0.8400,-3.5000,-0.1050
61587175,sitting,0.9909,-0.0266,0.0451,0.8750,-3.5350,-0.0700
61587194,sitting,0.9906,-0.0278,0.0454,0.9100,-3.5700,-0.0700
61587213,sitting,0.9916,-0.0276,0.0459,0.8750,-3.5350,-0.1050
61587232,sitting,0.9904,-0.0276,0.0454,0.8400,-3.5000,-0.0350
61587252,sitting,0.9902,-0.0276,0.0464,0.8750,-3.5700,-0.0700
61587271,sitting,0.9902,-0.0276,0.0456,0.8750,-3.5000,-0.0700
61587290,sitting,0.9911,-0.0283,0.0451,0.8400,-3.5000,-0.1050
61587309,sitting,0.9904,-0.0283,0.0459,0.8400,-3.5350,-0.1050
61587328,sitting,0.9914,-0.0278,0.0454,0.8400,-3.5700,-0.1400
61587348,sitting,0.9914,-0.0283,0.0451,0.8400,-3.4650,-0.0700
61587367,sitting,0.9911,-0.0281,0.0454,0.8400,-3.5700,-0.1050
61587386,sitting,0.9909,-0.0283,0.0447,0.8750,-3.5700,-0.0700
61587405,sitting,0.9911,-0.0281,0.0447,0.8750,-3.5350,-0.0700
61587425,sitting,0.9909,-0.0276,0.0456,0.8400,-3.5000,-0.0700
61587444,sitting,0.9911,-0.0281,0.0454,0.8750,-3.5350,-0.0700
61587463,sitting,0.9921,-0.0276,0.0459,0.8750,-3.5700,-0.0350
61587482,sitting,0.9902,-0.0278,0.0456,0.8400,-3.5000,-0.0700
61587502,sitting,0.9899,-0.0271,0.0454,0.8400,-3.5350,-0.1050
61587521,sitting,0.9904,-0.0271,0.0471,0.8750,-3.5350,-0.0700
61587540,sitting,0.9904,-0.0278,0.0461,0.9100,-3.5350,-0.0700
61587559,sitting,0.9899,-0.0273,0.0466,0.9100,-3.5350,-0.1050
61587578,sitting,0.9911,-0.0276,0.0459,0.8750,-3.5350,-0.0700
61587598,sitting,0.9906,-0.0268,0.0451,0.8400,-3.5000,-0.0700
61587617,sitting,0.9906,-0.0273,0.0454,0.8750,-3.5000,-0.0350
61587636,sitting,0.9911,-0.0281,0.0449,0.8400,-3.5000,-0.0700
61587655,sitting,0.9906,-0.0271,0.0454,0.8400,-3.5350,-0.0350
61587675,sitting,0.9904,-0.0273,0.0451,0.8750,-3.5350,0.0000
61587694,sitting,0.9902,-0.0283,0.0447,0.8400,-3.5350,-0.0700
61587713,sitting,0.9909,-0.0283,0.0442,0.8750,-3.5350,-0.0700
61587732,sitting,0.9899,-0.0271,0.0461,0.8400,-3.4650,-0.1400
61587752,sitting,0.9904,-0.0276,0.0461,0.8750,-3.5350,-0.0700
61587771,sitting,0.9911,-0.0273,0.0444,0.9100,-3.6050,-0.0700
61587790,sitting,0.9904,-0.0283,0.0451,0.8400,-3.5700,-0.0700
61587809,sitting,0.9904,-0.0281,0.0456,0.8400,-3.5000,-0.1050
61587828,sitting,0.9909,-0.0283,0.0466,0.8750,-3.5350,-0.0350
61587848,sitting,0.9911,-0.0285,0.0451,0.8750,-3.5700,-0.0700
61587867,sitting,0.9911,-0.0278,0.0459,0.8050,-3.5350,-0.1050
61587886,sitting,0.9911,-0.0276,0.0451,0.8750,-3.5350,-0.0700
61587905,sitting,0.9902,-0.0278,0.0456,0.8400,-3.5350,-0.1050
61587925,sitting,0.9909,-0.0278,0.0459,0.8050,-3.5000,-0.0350
61587944,sitting,0.9906,-0.0278,0.0461,0.8050,-3.5700,-0.0350
61587963,sitting,0.9894,-0.0273,0.0456,0.8750,-3.5350,-0.0350
61587982,sitting,0.9894,-0.0276,0.0451,0.9100,-3.5350,-0.1050
61588002,sitting,0.9902,-0.0288,0.0451,0.8400,-3.5350,-0.0700
61588021,sitting,0.9899,-0.0281,0.0461,0.8400,-3.4650,-0.0700
61588040,sitting,0.9916,-0.0273,0.0466,0.8750,-3.5000,-0.0700
61588059,sitting,0.9904,-0.0283,0.0456,0.8400,-3.5700,-0.0350
61588078,sitting,0.9904,-0.0278,0.0451,0.8400,-3.5700,-0.1050
61588098,sitting,0.9904,-0.0281,0.0459,0.8750,-3.5000,-0.0350
61588117,sitting,0.9909,-0.0283,0.0459,0.8400,-3.5000,-0.0700
61588136,sitting,0.9904,-0.0278,0.0464,0.8400,-3.5350,-0.0700
61588155,sitting,0.9916,-0.0281,0.0454,0.8750,-3.5700,-0.0700
61588175,sitting,0.9911,-0.0276,0.0456,0.8750,-3.5000,-0.0700
61588194,sitting,0.9904,-0.0278,0.0456,0.8750,-3.5000,-0.0700
61588213,sitting,0.9911,-0.0276,0.0447,0.8750,-3.5700,-0.0700
61588232,sitting,0.9916,-0.0283,0.0456,0.8400,-3.4650,-0.0700
61588252,sitting,0.9914,-0.0281,0.0461,0.8400,-3.4650,-0.0700
61588271,sitting,0.9906,-0.0278,0.0451,0.8400,-3.5700,-0.0700
61588290,sitting,0.9906,-0.0285,0.0454,0.8400,-3.5000,-0.0700
61588309,sitting,0.9904,-0.0281,0.0456,0.8400,-3.5350,-0.1050
61588328,sitting,0.9904,-0.0276,0.0461,0.8050,-3.5700,-0.0700
61588348,sitting,0.9902,-0.0268,0.0454,0.8400,-3.5350,-0.0700
61588367,sitting,0.9911,-0.0273,0.0461,0.8050,-3.4650,-0.0350
61588386,sitting,0.9916,-0.0273,0.0451,0.8050,-3.5350,-0.1400
61588405,sitting,0.9914,-0.0271,0.0447,0.8750,-3.5350,-0.1400
61588425,sitting,0.9911,-0.0276,0.0454,0.7700,-3.5000,-0.0700
61588444,sitting,0.9919,-0.0276,0.0459,0.8050,-3.5350,-0.1050
61588463,sitting,0.9911,-0.0278,0.0444,0.9100,-3.5700,-0.0700
61588482,sitting,0.9909,-0.0281,0.0459,0.8750,-3.5700,-0.0700
61588502,sitting,0.9914,-0.0271,0.0454,0.8050,-3.5350,-0.1400
61588521,sitting,0.9919,-0.0273,0.0451,0.8750,-3.5700,-0.0700
61588540,sitting,0.9911,-0.0278,0.0451,0.8400,-3.5350,-0.1400
61588559,sitting,0.9904,-0.0273,0.0451,0.8750,-3.5350,-0.1050
61588578,sitting,0.9909,-0.0268,0.0471,0.8400,-3.5000,-0.1050
61588598,sitting,0.9911,-0.0276,0.0449,0.8050,-3.5000,-0.1050
61588617,sitting,0.9906,-0.0283,0.0461,0.8400,-3.5000,-0.1050
61588636,sitting,0.9906,-0.0290,0.0454,0.8750,-3.5000,-0.0700
61588655,sitting,0.9906,-0.0285,0.0461,0.9100,-3.5350,-0.1050
61588675,sitting,0.9904,-0.0276,0.0456,0.8400,-3.5350,-0.0700
61588694,sitting,0.9914,-0.0285,0.0461,0.8400,-3.5000,-0.1050
61588713,sitting,0.9909,-0.0283,0.0454,0.8400,-3.5350,-0.0700
61588732,sitting,0.9899,-0.0273,0.0459,0.8400,-3.5350,-0.1050
61588752,sitting,0.9906,-0.0276,0.0456,0.8750,-3.5350,-0.1050
61588771,sitting,0.9897,-0.0271,0.0456,0.8750,-3.5350,-0.0700
61588790,sitting,0.9897,-0.0278,0.0444,0.8050,-3.5350,-0.0700
61588809,sitting,0.9904,-0.0273,0.0459,0.8400,-3.5350,-0.0700
61588828,sitting,0.9904,-0.0268,0.0468,0.8400,-3.5000,-0.0700
61588848,sitting,0.9909,-0.0278,0.0461,0.8750,-3.5700,-0.0700
61588867,sitting,0.9911,-0.0276,0.0447,0.8400,-3.5350,-0.1050
61588886,sitting,0.9906,-0.0276,0.0456,0.8750,-3.5000,-0.0700
61588905,sitting,0.9904,-0.0285,0.0454,0.9100,-3.5350,-0.0700
61588925,sitting,0.9909,-0.0281,0.0466,0.8400,-3.5000,-0.0700
61588944,sitting,0.9911,-0.0281,0.0451,0.8400,-3.5000,-0.0700
61588963,sitting,0.9899,-0.0266,0.0454,0.8750,-3.5700,-0.0700
61588982,sitting,0.9911,-0.0278,0.0456,0.8400,-3.5350,-0.0700
61589002,sitting,0.9911,-0.0271,0.0456,0.8750,-3.5000,-0.0700
61589021,sitting,0.9911,-0.0268,0.0459,0.8750,-3.5350,-0.1050
61589040,sitting,0.9904,-0.0273,0.0449,0.8400,-3.5350,-0.0700
61589059,sitting,0.9911,-0.0283,0.0456,0.8400,-3.5000,-0.1050
61589078,sitting,0.9904,-0.0268,0.0473,0.8750,-3.5000,-0.0700
61589098,sitting,0.9911,-0.0273,0.0454,0.8750,-3.5000,-0.1050
61589117,sitting,0.9909,-0.0268,0.0466,0.8400,-3.4650,-0.1050
61589136,sitting,0.9904,-0.0278,0.0459,0.9100,-3.5000,-0.0700
61589155,sitting,0.9916,-0.0278,0.0454,0.8400,-3.5700,-0.1400
61589175,sitting,0.9911,-0.0278,0.0451,0.8050,-3.5350,-0.1050
61589194,sitting,0.9894,-0.0278,0.0468,0.8400,-3.5000,-0.0700
61589213,sitting,0.9909,-0.0268,0.0454,0.8400,-3.5350,-0.1400
61589232,sitting,0.9909,-0.0276,0.0451,0.8400,-3.5000,-0.0700
61589252,sitting,0.9897,-0.0271,0.0459,0.8400,-3.5350,-0.1050
61589271,sitting,0.9899,-0.0285,0.0459,0.9100,-3.5700,-0.0700
61589290,sitting,0.9897,-0.0276,0.0456,0.8050,-3.5000,-0.0350
61589309,sitting,0.9909,-0.0281,0.0447,0.8400,-3.5350,-0.0700
61589328,sitting,0.9909,-0.0278,0.0461,0.8750,-3.5000,-0.0700
61589348,sitting,0.9904,-0.0268,0.0464,0.8400,-3.5700,-0.0700
61589367,sitting,0.9906,-0.0271,0.0454,0.8400,-3.5000,-0.1050
61589386,sitting,0.9906,-0.0283,0.0459,0.8400,-3.5000,-0.1050
61589405,sitting,0.9904,-0.0283,0.0461,0.8750,-3.5350,-0.0700
61589425,sitting,0.9909,-0.0276,0.0456,0.9100,-3.5000,-0.0700
61589444,sitting,0.9909,-0.0281,0.0454,0.8400,-3.5700,-0.0700
61589463,sitting,0.9919,-0.0278,0.0459,0.8400,-3.5350,-0.1050
61589482,sitting,0.9909,-0.0273,0.0464,0.8400,-3.5350,-0.0350
61589502,sitting,0.9904,-0.0273,0.0461,0.8400,-3.5000,-0.0700
61589521,sitting,0.9909,-0.0276,0.0456,0.8750,-3.5350,-0.1050
61589540,sitting,0.9914,-0.0273,0.0454,0.8750,-3.5350,-0.0700
61589559,sitting,0.9904,-0.0278,0.0454,0.8400,-3.4650,-0.0700
61589578,sitting,0.9909,-0.0281,0.0464,0.8400,-3.5000,-0.0700
61589598,sitting,0.9909,-0.0276,0.0468,0.8750,-3.5350,-0.1050
61589617,sitting,0.9904,-0.0278,0.0466,0.8050,-3.5000,-0.0700
61589636,sitting,0.9899,-0.0271,0.0461,0.8050,-3.5350,-0.1050
61589655,sitting,0.9904,-0.0271,0.0449,0.8750,-3.5700,-0.1050
61589675,sitting,0.9906,-0.0273,0.0449,0.8400,-3.5000,-0.0700
61589694,sitting,0.9899,-0.0283,0.0456,0.8750,-3.5350,-0.0700
61589713,sitting,0.9909,-0.0283,0.0449,0.8750,-3.5700,-0.1050
61589732,sitting,0.9919,-0.0288,0.0449,0.8750,-3.5000,-0.0700
61589752,sitting,0.9914,-0.0288,0.0456,0.8400,-3.4650,-0.0700
61589771,sitting,0.9906,-0.0271,0.0451,0.8750,-3.5350,-0.1050
61589790,sitting,0.9909,-0.0281,0.0459,0.8400,-3.5700,-0.1050
61589809,sitting,0.9909,-0.0278,0.0454,0.8750,-3.4650,-0.0700
61589828,sitting,0.9899,-0.0281,0.0459,0.8750,-3.5700,-0.0700
61589848,sitting,0.9909,-0.0283,0.0461,0.8750,-3.5700,-0.1050
61589867,sitting,0.9911,-0.0271,0.0464,0.8400,-3.5000,-0.0700
61589886,sitting,0.9914,-0.0276,0.0466,0.8400,-3.5350,-0.0700
61589905,sitting,0.9914,-0.0264,0.0464,0.8750,-3.5350,-0.0700
61589925,sitting,0.9904,-0.0271,0.0464,0.8400,-3.5000,-0.1400
61589944,sitting,0.9894,-0.0266,0.0456,0.8400,-3.4650,-0.1050
61589963,sitting,0.9906,-0.0276,0.0461,0.8400,-3.5350,-0.0700
61589982,sitting,0.9906,-0.0266,0.0461,0.8750,-3.5000,-0.0700
61590002,sitting,0.9909,-0.0273,0.0456,0.8050,-3.5350,-0.1050
61590021,sitting,0.9902,-0.0278,0.0459,0.9100,-3.5350,-0.1050
61590040,sitting,0.9906,-0.0276,0.0447,0.8400,-3.5350,-0.1050
61590059,sitting,0.9899,-0.0268,0.0449,0.8400,-3.5000,-0.0700
61590078,sitting,0.9906,-0.0276,0.0464,0.9100,-3.5000,-0.0700
61590098,sitting,0.9892,-0.0283,0.0464,0.8400,-3.5000,-0.1050
61590117,sitting,0.9894,-0.0288,0.0449,0.8400,-3.4650,-0.0350
61590136,sitting,0.9904,-0.0288,0.0456,0.8750,-3.5350,-0.0700
61590155,sitting,0.9899,-0.0278,0.0456,0.8400,-3.5350,-0.0700
61590175,sitting,0.9899,-0.0273,0.0466,0.8400,-3.5000,-0.1050
61590194,sitting,0.9906,-0.0273,0.0456,0.8400,-3.5350,-0.1400
61590213,sitting,0.9904,-0.0273,0.0459,0.8750,-3.5350,-0.0700
61590232,sitting,0.9909,-0.0281,0.0468,0.9100,-3.6050,-0.1050
61590252,sitting,0.9904,-0.0276,0.0447,0.8400,-3.4650,-0.0700
61590271,sitting,0.9914,-0.0281,0.0459,0.8400,-3.5350,-0.0700
61590290,sitting,0.9899,-0.0278,0.0456,0.8400,-3.5350,-0.0700
61590309,sitting,0.9902,-0.0278,0.0449,0.8400,-3.4650,-0.1400
61590328,sitting,0.9909,-0.0278,0.0451,0.8750,-3.5350,-0.0700
61590348,sitting,0.9887,-0.0278,0.0459,0.8050,-3.5350,-0.1050
61590367,sitting,0.9902,-0.0281,0.0451,0.8400,-3.5350,-0.1050
61590386,sitting,0.9899,-0.0271,0.0449,0.8400,-3.5000,-0.1050
61590405,sitting,0.9904,-0.0278,0.0449,0.8400,-3.5350,-0.0700
61590425,sitting,0.9904,-0.0268,0.0456,0.8750,-3.5350,-0.0700
61590444,sitting,0.9894,-0.0278,0.0456,0.8400,-3.5000,-0.0700
61590463,sitting,0.9909,-0.0283,0.0454,0.8400,-3.5700,-0.0700
61590482,sitting,0.9911,-0.0273,0.0466,0.8400,-3.5350,-0.1050
61590502,sitting,0.9899,-0.0288,0.0449,0.8400,-3.5350,-0.0350
61590521,sitting,0.9911,-0.0288,0.0466,0.8400,-3.5350,-0.0700
61590540,sitting,0.9906,-0.0285,0.0459,0.9100,-3.5350,-0.0700
61590559,sitting,0.9899,-0.0276,0.0466,0.8050,-3.5000,-0.1400
61590578,sitting,0.9902,-0.0276,0.0459,0.8400,-3.5700,-0.1050
61590598,sitting,0.9916,-0.0281,0.0459,0.8400,-3.5350,-0.1050
61590617,sitting,0.9914,-0.0276,0.0459,0.8750,-3.5000,-0.0700
61590636,sitting,0.9902,-0.0281,0.0456,0.8750,-3.5000,-0.0700
61590655,sitting,0.9897,-0.0283,0.0456,0.8400,-3.5350,-0.0700
61590675,sitting,0.9904,-0.0283,0.0451,0.8400,-3.5350,-0.1050
61590694,sitting,0.9902,-0.0266,0.0456,0.8400,-3.5000,-0.1400
61590713,sitting,0.9919,-0.0273,0.0461,0.8750,-3.5350,-0.0700
61590732,sitting,0.9902,-0.0281,0.0459,0.9100,-3.5000,-0.0700
61590752,sitting,0.9904,-0.0266,0.0459,0.8400,-3.5000,-0.1050
61590771,sitting,0.9914,-0.0276,0.0451,0.8400,-3.5000,-0.0700
61590790,sitting,0.9909,-0.0283,0.0459,0.8750,-3.5350,-0.0700
61590809,sitting,0.9904,-0.0283,0.0456,0.8400,-3.5350,-0.0700
61590828,sitting,0.9899,-0.0281,0.0456,0.8400,-3.5350,-0.0700
61590848,sitting,0.9899,-0.0273,0.0459,0.8750,-3.5350,-0.1050
61590867,sitting,0.9911,-0.0281,0.0451,0.8750,-3.5350,-0.0700
61590886,sitting,0.9904,-0.0273,0.0464,0.8400,-3.5000,-0.0700
61590905,sitting,0.9914,-0.0283,0.0449,0.8750,-3.5350,-0.1050
61590925,sitting,0.9909,-0.0273,0.0456,0.8400,-3.5350,-0.0700
61590944,sitting,0.9909,-0.0281,0.0461,0.8400,-3.5000,-0.1400
61590963,sitting,0.9906,-0.0278,0.0456,0.8400,-3.5000,-0.0700
61590982,sitting,0.9906,-0.0268,0.0456,0.8400,-3.5350,-0.1050
61591002,sitting,0.9902,-0.0288,0.0459,0.8050,-3.5350,-0.0700
61591021,sitting,0.9904,-0.0273,0.0468,0.8400,-3.5350,-0.1050
61591040,sitting,0.9906,-0.0278,0.0456,0.8400,-3.5350,-0.1050
61591059,sitting,0.9906,-0.0283,0.0456,0.8050,-3.4650,-0.1050
61591078,sitting,0.9909,-0.0288,0.0456,0.8400,-3.4650,-0.1050
61591098,sitting,0.9906,-0.0281,0.0459,0.8400,-3.5000,-0.0700
61591117,sitting,0.9909,-0.0278,0.0456,0.8750,-3.5000,-0.0700
61591136,sitting,0.9911,-0.0273,0.0449,0.8400,-3.5000,-0.1050
61591155,sitting,0.9904,-0.0281,0.0454,0.8400,-3.6050,-0.0700
61591175,sitting,0.9911,-0.0281,0.0461,0.9100,-3.5700,-0.0700
61591194,sitting,0.9899,-0.0273,0.0459,0.8050,-3.5000,-0.1050
61591213,sitting,0.9899,-0.0271,0.0464,0.8750,-3.5350,-0.0700
61591232,sitting,0.9909,-0.0266,0.0451,0.8400,-3.5350,-0.0700
61591252,sitting,0.9904,-0.0273,0.0456,0.8050,-3.5000,-0.1050
61591271,sitting,0.9899,-0.0273,0.0456,0.8400,-3.5350,-0.0700
61591290,sitting,0.9909,-0.0285,0.0456,0.8400,-3.5000,-0.0700
61591309,sitting,0.9902,-0.0283,0.0454,0.8400,-3.5000,-0.1400
61591328,sitting,0.9906,-0.0273,0.0464,0.8400,-3.5350,-0.0700
61591348,sitting,0.9906,-0.0273,0.0461,0.8400,-3.5350,-0.1050
61591367,sitting,0.9906,-0.0264,0.0464,0.8400,-3.5350,-0.1050
61591386,sitting,0.9904,-0.0281,0.0459,0.8400,-3.4650,-0.0700
61591405,sitting,0.9897,-0.0278,0.0461,0.8400,-3.5350,-0.0350
61591425,sitting,0.9897,-0.0281,0.0456,0.8400,-3.5350,-0.0700
61591444,sitting,0.9909,-0.0285,0.0459,0.7700,-3.5000,-0.0700
61591463,sitting,0.9899,-0.0276,0.0444,0.8400,-3.5000,-0.1050
61591482,sitting,0.9904,-0.0283,0.0451,0.8750,-3.5700,-0.0700
61591502,sitting,0.9899,-0.0273,0.0451,0.8400,-3.4650,-0.0700
61591521,sitting,0.9911,-0.0276,0.0459,0.8050,-3.5000,-0.0700
61591540,sitting,0.9909,-0.0271,0.0456,0.8750,-3.5700,-0.0700
61591559,sitting,0.9909,-0.0273,0.0459,0.8750,-3.5350,-0.0700
61591578,sitting,0.9914,-0.0268,0.0459,0.8050,-3.5350,-0.0700
61591598,sitting,0.9902,-0.0273,0.0454,0.8400,-3.5700,-0.1400
61591617,sitting,0.9916,-0.0281,0.0449,0.8400,-3.5350,-0.1050
61591636,sitting,0.9909,-0.0278,0.0461,0.8050,-3.4650,-0.0700
61591655,sitting,0.9914,-0.0276,0.0454,0.8400,-3.5700,-0.0700
61591675,sitting,0.9902,-0.0281,0.0444,0.8050,-3.5350,-0.0350
61591694,sitting,0.9904,-0.0278,0.0449,0.8750,-3.5350,-0.0700
61591713,sitting,0.9909,-0.0281,0.0447,0.8750,-3.5700,-0.0700
61591732,sitting,0.9906,-0.0288,0.0461,0.8750,-3.5350,-0.1050
61591752,sitting,0.9906,-0.0273,0.0461,0.8050,-3.5000,-0.0700
61591771,sitting,0.9906,-0.0278,0.0447,0.8400,-3.5350,-0.0700
61591790,sitting,0.9911,-0.0278,0.0454,0.8400,-3.5000,-0.0700
61591809,sitting,0.9909,-0.0278,0.0451,0.8400,-3.5350,-0.0700
61591828,sitting,0.9906,-0.0288,0.0456,0.8750,-3.4650,-0.0700
61591848,sitting,0.9906,-0.0273,0.0461,0.8400,-3.5700,-0.0700
61591867,sitting,0.9889,-0.0271,0.0451,0.8750,-3.5350,-0.0700
61591886,sitting,0.9904,-0.0283,0.0456,0.8400,-3.5700,-0.0350
61591905,sitting,0.9906,-0.0268,0.0461,0.8750,-3.5700,-0.1050
61591925,sitting,0.9906,-0.0276,0.0461,0.8750,-3.5700,-0.1050
61591944,sitting,0.9911,-0.0276,0.0451,0.8750,-3.5000,-0.1400
61591963,sitting,0.9911,-0.0276,0.0456,0.8400,-3.5350,-0.1050
61591982,sitting,0.9904,-0.0278,0.0456,0.8400,-3.5350,-0.1050
61592002,sitting,0.9911,-0.0288,0.0471,0.8400,-3.5350,-0.0700
61592021,sitting,0.9919,-0.0276,0.0456,0.9100,-3.5000,-0.0700
61592040,sitting,0.9909,-0.0276,0.0461,0.8050,-3.5000,-0.1050
61592059,sitting,0.9902,-0.0283,0.0461,0.8400,-3.5350,-0.0700
61592078,sitting,0.9899,-0.0273,0.0454,0.8400,-3.5000,-0.1050
61592098,sitting,0.9911,-0.0281,0.0454,0.8750,-3.5350,-0.0700
61592117,sitting,0.9902,-0.0278,0.0451,0.8400,-3.5700,-0.0700
61592136,sitting,0.9904,-0.0283,0.0449,0.7700,-3.5000,-0.0700
61592155,sitting,0.9906,-0.0281,0.0444,0.8400,-3.5700,-0.0700
61592175,sitting,0.9904,-0.0283,0.0437,0.8750,-3.5000,-0.0700
61592194,sitting,0.9899,-0.0278,0.0456,0.8400,-3.5000,-0.1400
61592213,sitting,0.9902,-0.0273,0.0456,0.8400,-3.5350,-0.0700
61592232,sitting,0.9902,-0.0295,0.0447,0.8400,-3.5000,-0.0700
61592252,sitting,0.9914,-0.0276,0.0454,0.8750,-3.4650,-0.1400
61592271,sitting,0.9904,-0.0276,0.0451,0.8750,-3.5350,-0.0700
61592290,sitting,0.9904,-0.0278,0.0449,0.8750,-3.5700,-0.1050
61592309,sitting,0.9909,-0.0273,0.0454,0.8400,-3.5350,-0.0700
61592328,sitting,0.9904,-0.0276,0.0454,0.8750,-3.5000,-0.0350
61592348,sitting,0.9923,-0.0273,0.0461,0.8400,-3.5350,-0.0700
61592367,sitting,0.9911,-0.0271,0.0447,0.8400,-3.5000,-0.1050
61592386,sitting,0.9914,-0.0281,0.0461,0.8400,-3.5350,-0.1400
61592405,sitting,0.9911,-0.0276,0.0454,0.8750,-3.5350,-0.0700
61592425,sitting,0.9904,-0.0271,0.0454,0.8400,-3.5350,-0.0700
61592444,sitting,0.9904,-0.0268,0.0456,0.8400,-3.5000,-0.1050
61592463,sitting,0.9897,-0.0266,0.0456,0.8400,-3.5000,-0.1050
61592482,sitting,0.9899,-0.0276,0.0464,0.8400,-3.5000,-0.1050
61592502,sitting,0.9902,-0.0271,0.0451,0.8400,-3.5000,-0.0700
61592521,sitting,0.9899,-0.0281,0.0464,0.8400,-3.5000,-0.1050
61592540,sitting,0.9906,-0.0276,0.0466,0.8400,-3.5700,-0.0700
61592559,sitting,0.9911,-0.0271,0.0466,0.8400,-3.5350,-0.1050
61592578,sitting,0.9904,-0.0268,0.0468,0.8400,-3.5350,-0.0700
61592598,sitting,0.9904,-0.0273,0.0449,0.8400,-3.5350,-0.0700
61592617,sitting,0.9904,-0.0271,0.0451,0.8400,-3.5350,-0.0700
61592636,sitting,0.9904,-0.0276,0.0449,0.8750,-3.5000,-0.0700
61592655,sitting,0.9909,-0.0285,0.0451,0.8400,-3.5350,-0.1050
61592675,sitting,0.9904,-0.0283,0.0456,0.9100,-3.5350,-0.0700
61592694,sitting,0.9911,-0.0276,0.0459,0.8400,-3.5000,-0.1050
61592713,sitting,0.9904,-0.0281,0.0451,0.8400,-3.5000,-0.0700
61592732,sitting,0.9906,-0.0285,0.0456,0.8750,-3.5700,-0.0700
61592752,sitting,0.9916,-0.0283,0.0456,0.8400,-3.5350,-0.0700
61592771,sitting,0.9904,-0.0266,0.0444,0.8750,-3.5000,-0.0700
61592790,sitting,0.9904,-0.0281,0.0454,0.9100,-3.5350,-0.0700
61592809,sitting,0.9897,-0.0285,0.0459,0.8750,-3.5000,-0.0700
61592828,sitting,0.9909,-0.0281,0.0459,0.8400,-3.5000,-0.1400
61592848,sitting,0.9906,-0.0273,0.0449,0.8750,-3.5350,-0.0350
61592867,sitting,0.9904,-0.0276,0.0456,0.8750,-3.5700,-0.0350
61592886,sitting,0.9902,-0.0276,0.0454,0.8400,-3.5350,-0.0700
61592905,sitting,0.9902,-0.0283,0.0459,0.8750,-3.5700,-0.0700
61592925,sitting,0.9906,-0.0290,0.0468,0.8400,-3.6050,-0.0700
61592944,sitting,0.9904,-0.0281,0.0466,0.8750,-3.5350,-0.0700
61592963,sitting,0.9902,-0.0285,0.0456,0.8400,-3.5350,-0.0700
61592982,sitting,0.9906,-0.0278,0.0459,0.8400,-3.5700,-0.0700
61593002,sitting,0.9902,-0.0268,0.0456,0.8400,-3.5350,-0.0700
61593021,sitting,0.9906,-0.0268,0.0459,0.8750,-3.5350,-0.0700
61593040,sitting,0.9906,-0.0278,0.0464,0.8400,-3.5350,-0.0700
61593059,sitting,0.9911,-0.0285,0.0451,0.8400,-3.5700,-0.0700
61593078,sitting,0.9914,-0.0276,0.0456,0.8400,-3.5000,-0.0700
61593098,sitting,0.9909,-0.0268,0.0454,0.8750,-3.5350,-0.0700
61593117,sitting,0.9911,-0.0268,0.0473,0.8400,-3.5000,-0.0700
61593136,sitting,0.9911,-0.0276,0.0461,0.8400,-3.5000,-0.1050
61593155,sitting,0.9904,-0.0276,0.0461,0.8750,-3.5350,-0.0700
61593175,sitting,0.9909,-0.0273,0.0461,0.8750,-3.5700,-0.0700
61593194,sitting,0.9909,-0.0281,0.0456,0.8750,-3.5350,-0.0700
61593213,sitting,0.9906,-0.0273,0.0454,0.8400,-3.4650,-0.0700
61593232,sitting,0.9892,-0.0278,0.0459,0.9100,-3.5700,-0.0700
61593252,sitting,0.9909,-0.0281,0.0456,0.8750,-3.5000,-0.1050
61593271,sitting,0.9904,-0.0293,0.0461,0.8400,-3.5000,-0.1050
61593290,sitting,0.9914,-0.0271,0.0464,0.8750,-3.5350,-0.0700
61593309,sitting,0.9911,-0.0273,0.0459,0.8750,-3.5700,-0.0700
61593328,sitting,0.9906,-0.0285,0.0451,0.8400,-3.5000,-0.1050
61593348,sitting,0.9906,-0.0278,0.0461,0.8050,-3.6050,-0.1050
61593367,sitting,0.9911,-0.0285,0.0464,0.9100,-3.5700,-0.0700
61593386,sitting,0.9904,-0.0273,0.0459,0.8400,-3.5000,-0.0700
61593405,sitting,0.9909,-0.0273,0.0451,0.8050,-3.5000,-0.0700
61593425,sitting,0.9916,-0.0276,0.0454,0.8750,-3.6400,-0.0700
61593444,sitting,0.9902,-0.0285,0.0451,0.8400,-3.5350,-0.1050
61593463,sitting,0.9916,-0.0283,0.0464,0.8400,-3.5000,-0.0700
61593482,sitting,0.9906,-0.0285,0.0449,0.8750,-3.5000,-0.1050
61593502,sitting,0.9911,-0.0273,0.0456,0.8750,-3.5350,-0.0700
61593521,sitting,0.9909,-0.0276,0.0454,0.9100,-3.5000,-0.0700
61593540,sitting,0.9906,-0.0273,0.0456,0.8750,-3.5700,-0.1050
61593559,sitting,0.9904,-0.0281,0.0444,0.8750,-3.5700,-0.0700
61593578,sitting,0.9911,-0.0264,0.0451,0.8750,-3.5000,-0.0700
61593598,sitting,0.9911,-0.0273,0.0456,0.8750,-3.5350,-0.0700
61593617,sitting,0.9904,-0.0273,0.0464,0.8750,-3.5700,-0.0700
61593636,sitting,0.9914,-0.0285,0.0464,0.8400,-3.5350,-0.0700
61593655,sitting,0.9909,-0.0268,0.0454,0.8750,-3.5350,-0.0700
61593675,sitting,0.9911,-0.0273,0.0447,0.8400,-3.5700,-0.0700
61593694,sitting,0.9909,-0.0273,0.0454,0.8400,-3.5000,-0.1050
61593713,sitting,0.9904,-0.0283,0.0464,0.8400,-3.5000,-0.0700
61593732,sitting,0.9902,-0.0285,0.0459,0.8400,-3.5000,-0.0700
61593752,sitting,0.9911,-0.0285,0.0464,0.8750,-3.5350,-0.0700
61593771,sitting,0.9902,-0.0278,0.0459,0.8400,-3.4650,-0.1050
61593790,sitting,0.9911,-0.0276,0.0449,0.8400,-3.5350,-0.0700
61593809,sitting,0.9906,-0.0283,0.0461,0.8400,-3.5350,-0.1050
61593828,sitting,0.9904,-0.0285,0.0466,0.8400,-3.5000,-0.0700
61593848,sitting,0.9909,-0.0278,0.0456,0.8400,-3.5350,-0.0700
61593867,sitting,0.9904,-0.0281,0.0454,0.8400,-3.6050,-0.1050
61593886,sitting,0.9904,-0.0271,0.0456,0.8400,-3.5700,-0.0700
61593905,sitting,0.9902,-0.0276,0.0456,0.8050,-3.4300,-0.1050
61593925,sitting,0.9906,-0.0276,0.0459,0.8400,-3.5700,-0.0700
61593944,sitting,0.9902,-0.0276,0.0464,0.8750,-3.5350,-0.0700
61593963,sitting,0.9904,-0.0271,0.0456,0.8400,-3.5000,-0.1400
61593982,sitting,0.9916,-0.0281,0.0459,0.8400,-3.5350,-0.0350
61594002,sitting,0.9914,-0.0278,0.0464,0.8750,-3.5350,-0.1050
61594021,sitting,0.9911,-0.0283,0.0461,0.8400,-3.5350,-0.1050
61594040,sitting,0.9916,-0.0281,0.0461,0.8750,-3.5350,-0.1400
61594059,sitting,0.9894,-0.0278,0.0468,0.8750,-3.5700,-0.1050
61594078,sitting,0.9909,-0.0268,0.0466,0.8400,-3.5000,-0.1050
61594098,sitting,0.9909,-0.0278,0.0471,0.8400,-3.4650,-0.1050
61594117,sitting,0.9904,-0.0281,0.0459,0.8400,-3.5700,-0.0700
61594136,sitting,0.9904,-0.0281,0.0459,0.8400,-3.5000,-0.0700
61594155,sitting,0.9902,-0.0278,0.0468,0.8750,-3.5000,-0.1050
61594175,sitting,0.9904,-0.0278,0.0456,0.8400,-3.5350,-0.0700
61594194,sitting,0.9911,-0.0276,0.0461,0.8400,-3.5000,-0.1050
61594213,sitting,0.9906,-0.0271,0.0451,0.8400,-3.4650,-0.1050
61594232,sitting,0.9916,-0.0285,0.0456,0.8400,-3.5000,-0.0700
61594252,sitting,0.9914,-0.0281,0.0459,0.8750,-3.5350,-0.0700
61594271,sitting,0.9911,-0.0278,0.0456,0.8050,-3.5000,-0.1050
61594290,sitting,0.9899,-0.0278,0.0456,0.8400,-3.5350,-0.0700
61594309,sitting,0.9899,-0.0283,0.0456,0.8400,-3.5700,-0.0700
61594328,sitting,0.9904,-0.0281,0.0461,0.8400,-3.5000,-0.0700
61594348,sitting,0.9909,-0.0276,0.0461,0.8400,-3.5350,-0.1050
61594367,sitting,0.9909,-0.0288,0.0454,0.8400,-3.5700,-0.0700
61594386,sitting,0.9911,-0.0285,0.0456,0.8050,-3.5350,-0.0350
61594405,sitting,0.9916,-0.0273,0.0454,0.8750,-3.5000,-0.1400
61594425,sitting,0.9914,-0.0278,0.0461,0.8750,-3.5700,-0.1050
61594444,sitting,0.9904,-0.0273,0.0454,0.8400,-3.5350,-0.0700
61594463,sitting,0.9897,-0.0283,0.0449,0.8400,-3.5000,-0.0700
61594482,sitting,0.9899,-0.0273,0.0461,0.8400,-3.5350,-0.0700
61594502,sitting,0.9909,-0.0273,0.0456,0.8750,-3.5700,-0.0700
61594521,sitting,0.9906,-0.0285,0.0461,0.8400,-3.5000,-0.0700
61594540,sitting,0.9904,-0.0283,0.0459,0.8400,-3.5350,-0.0350
61594559,sitting,0.9899,-0.0285,0.0461,0.8750,-3.5350,-0.0700
61594578,sitting,0.9911,-0.0278,0.0454,0.8400,-3.5000,-0.1050
61594598,sitting,0.9914,-0.0281,0.0459,0.8400,-3.5000,-0.0700
61594617,sitting,0.9916,-0.0271,0.0459,0.9100,-3.5700,-0.0700
61594636,sitting,0.9906,-0.0276,0.0454,0.8750,-3.5350,-0.1050
61594655,sitting,0.9902,-0.0281,0.0461,0.8050,-3.5000,-0.1400
61594675,sitting,0.9904,-0.0273,0.0464,0.9100,-3.5700,-0.1050
61594694,sitting,0.9914,-0.0278,0.0459,0.8400,-3.5000,-0.1400
61594713,sitting,0.9911,-0.0278,0.0461,0.8400,-3.4650,-0.0700
61594732,sitting,0.9916,-0.0278,0.0459,0.9100,-3.5350,-0.0700
61594752,sitting,0.9906,-0.0273,0.0451,0.9100,-3.5350,-0.1750
61594771,sitting,0.9909,-0.0276,0.0449,0.8400,-3.4300,-0.1050
61594790,sitting,0.9906,-0.0276,0.0461,0.8400,-3.5000,-0.0700
61594809,sitting,0.9904,-0.0281,0.0449,0.8750,-3.5700,-0.0350
61594828,sitting,0.9911,-0.0288,0.0447,0.8400,-3.5350,-0.0700
61594848,sitting,0.9897,-0.0281,0.0456,0.8750,-3.4650,-0.0700
61594867,sitting,0.9899,-0.0271,0.0454,0.8750,-3.5350,-0.0700
61594886,sitting,0.9909,-0.0278,0.0461,0.8400,-3.5350,-0.0350
61594905,sitting,0.9906,-0.0283,0.0461,0.8050,-3.5000,-0.0700
61594925,sitting,0.9904,-0.0276,0.0449,0.8750,-3.5700,-0.0700
61594944,sitting,0.9904,-0.0281,0.0466,0.8750,-3.5350,-0.0700
61594963,sitting,0.9906,-0.0285,0.0456,0.8400,-3.4650,-0.1400
61594982,sitting,0.9909,-0.0281,0.0456,0.8750,-3.5350,-0.0700
61595002,sitting,0.9899,-0.0278,0.0464,0.8400,-3.5350,-0.0700
61595021,sitting,0.9914,-0.0281,0.0466,0.8750,-3.5000,-0.0350
61595040,sitting,0.9906,-0.0278,0.0464,0.8400,-3.5000,-0.0700
61595059,sitting,0.9904,-0.0285,0.0464,0.8750,-3.5700,-0.0350
61595078,sitting,0.9911,-0.0281,0.0461,0.9100,-3.5700,-0.0700
61595098,sitting,0.9902,-0.0271,0.0456,0.8400,-3.5700,-0.0700
61595117,sitting,0.9909,-0.0278,0.0456,0.8750,-3.5700,-0.1400
61595136,sitting,0.9902,-0.0281,0.0456,0.8400,-3.5350,-0.0700
61595155,sitting,0.9906,-0.0276,0.0471,0.8050,-3.4650,-0.0700
61595175,sitting,0.9899,-0.0268,0.0454,0.8400,-3.5000,-0.1050
61595194,sitting,0.9902,-0.0276,0.0454,0.8400,-3.5350,-0.0700
61595213,sitting,0.9906,-0.0276,0.0454,0.8400,-3.5350,-0.1050
61595232,sitting,0.9911,-0.0283,0.0451,0.8750,-3.5350,-0.0700
61595252,sitting,0.9899,-0.0281,0.0456,0.9100,-3.5700,-0.0700
61595271,sitting,0.9894,-0.0276,0.0456,0.8400,-3.5350,-0.0700
61595290,sitting,0.9906,-0.0271,0.0449,0.8400,-3.5000,-0.0700
61595309,sitting,0.9909,-0.0276,0.0444,0.8750,-3.5350,-0.0700
61595328,sitting,0.9902,-0.0273,0.0464,0.8400,-3.6050,-0.0700
61595348,sitting,0.9904,-0.0283,0.0456,0.8050,-3.4650,-0.1050
61595367,sitting,0.9894,-0.0273,0.0464,0.8750,-3.5700,-0.1050
61595386,sitting,0.9906,-0.0281,0.0451,0.8400,-3.5700,-0.0700
61595405,sitting,0.9911,-0.0285,0.0451,0.8400,-3.5000,-0.0700
61595425,sitting,0.9909,-0.0283,0.0461,0.9100,-3.5700,-0.0700
61595444,sitting,0.9899,-0.0271,0.0459,0.8750,-3.5700,-0.0700
61595463,sitting,0.9902,-0.0276,0.0451,0.8050,-3.5000,-0.1050
61595482,sitting,0.9902,-0.0281,0.0459,0.8750,-3.5000,-0.0700
61595502,sitting,0.9906,-0.0266,0.0451,0.8750,-3.5350,-0.0700
61595521,sitting,0.9909,-0.0276,0.0451,0.8750,-3.5350,-0.0700
61595540,sitting,0.9899,-0.0281,0.0459,0.8750,-3.4300,-0.0700
61595559,sitting,0.9894,-0.0271,0.0459,0.8750,-3.5350,-0.0700
61595578,sitting,0.9909,-0.0283,0.0461,0.8400,-3.5000,-0.1050
61595598,sitting,0.9906,-0.0281,0.0454,0.8400,-3.5700,-0.1400
61595617,sitting,0.9902,-0.0273,0.0447,0.9100,-3.5700,-0.1050
61595636,sitting,0.9899,-0.0281,0.0461,0.8400,-3.5000,-0.0700
61595655,sitting,0.9909,-0.0276,0.0454,0.8050,-3.5000,-0.0700
61595675,sitting,0.9909,-0.0276,0.0459,0.9100,-3.5700,-0.0700
61595694,sitting,0.9906,-0.0288,0.0447,0.9100,-3.5700,0.0000
61595713,sitting,0.9911,-0.0276,0.0451,0.8750,-3.4650,-0.0350
61595732,sitting,0.9906,-0.0268,0.0466,0.8750,-3.5000,-0.0700
61595752,sitting,0.9909,-0.0268,0.0459,0.9100,-3.5700,-0.0700
61595771,sitting,0.9909,-0.0273,0.0464,0.8750,-3.5700,-0.0700
61595790,sitting,0.9909,-0.0285,0.0451,0.8400,-3.5000,-0.1050
61595809,sitting,0.9914,-0.0281,0.0451,0.8750,-3.5700,-0.0700
61595828,sitting,0.9902,-0.0278,0.0456,0.8400,-3.5350,-0.0700
61595848,sitting,0.9906,-0.0268,0.0464,0.8400,-3.5350,-0.1050
61595867,sitting,0.9899,-0.0276,0.0451,0.8400,-3.5350,-0.0700
61595886,sitting,0.9909,-0.0276,0.0454,0.8750,-3.5700,-0.0700
61595905,sitting,0.9909,-0.0281,0.0456,0.8400,-3.4650,-0.0700
61595925,sitting,0.9914,-0.0278,0.0454,0.8750,-3.5700,-0.0700
61595944,sitting,0.9906,-0.0278,0.0444,0.9100,-3.5700,-0.0700
61595963,sitting,0.9909,-0.0276,0.0459,0.8750,-3.5350,-0.0350
61595982,sitting,0.9911,-0.0290,0.0464,0.8750,-3.5000,-0.0700
61596002,sitting,0.9906,-0.0281,0.0466,0.9100,-3.5700,-0.0700
61596021,sitting,0.9904,-0.0276,0.0456,0.9100,-3.5700,-0.0700
61596040,sitting,0.9904,-0.0276,0.0449,0.8750,-3.5350,-0.0700
61596059,sitting,0.9911,-0.0278,0.0461,0.8750,-3.5000,-0.0700
61596078,sitting,0.9921,-0.0273,0.0459,0.9100,-3.5700,-0.0700
61596098,sitting,0.9906,-0.0273,0.0456,0.8750,-3.5700,-0.1050
61596117,sitting,0.9906,-0.0281,0.0461,0.8400,-3.5350,-0.0350
61596136,sitting,0.9919,-0.0273,0.0459,0.8400,-3.5350,-0.0350
61596155,sitting,0.9914,-0.0276,0.0459,0.8400,-3.5350,-0.1050
61596175,sitting,0.9904,-0.0276,0.0456,0.8400,-3.5000,-0.1050
61596194,sitting,0.9904,-0.0278,0.0451,0.8400,-3.5700,-0.1050
61596213,sitting,0.9904,-0.0266,0.0459,0.8750,-3.5350,-0.1050
61596232,sitting,0.9904,-0.0268,0.0447,0.8400,-3.5000,-0.1050
61596252,sitting,0.9899,-0.0276,0.0461,0.8750,-3.5350,-0.0700
61596271,sitting,0.9911,-0.0278,0.0459,0.8400,-3.5000,-0.0700
61596290,sitting,0.9904,-0.0278,0.0466,0.8400,-3.5350,-0.0700
61596309,sitting,0.9902,-0.0281,0.0454,0.8750,-3.5700,-0.1050
61596328,sitting,0.9906,-0.0271,0.0461,0.8400,-3.5700,-0.0700
61596348,sitting,0.9911,-0.0281,0.0461,0.8400,-3.5000,-0.0700
61596367,sitting,0.9899,-0.0281,0.0461,0.8750,-3.5350,-0.0700
61596386,sitting,0.9914,-0.0276,0.0454,0.8750,-3.5700,-0.0700
61596405,sitting,0.9906,-0.0271,0.0454,0.8400,-3.5000,-0.0700
61596425,sitting,0.9906,-0.0276,0.0464,0.8400,-3.5000,-0.0700
61596444,sitting,0.9911,-0.0283,0.0456,0.8400,-3.5350,-0.0700
61596463,sitting,0.9906,-0.0281,0.0456,0.8400,-3.5700,-0.0700
61596482,sitting,0.9904,-0.0278,0.0454,0.8400,-3.5000,-0.1400
61596502,sitting,0.9906,-0.0283,0.0447,0.8400,-3.5350,-0.0700
61596521,sitting,0.9914,-0.0273,0.0456,0.8400,-3.5350,-0.0700
61596540,sitting,0.9902,-0.0278,0.0459,0.8400,-3.5000,-0.0700
61596559,sitting,0.9904,-0.0278,0.0456,0.9100,-3.5350,-0.0700
61596578,sitting,0.9914,-0.0281,0.0456,0.8750,-3.5000,-0.0700
61596598,sitting,0.9906,-0.0288,0.0449,0.8050,-3.5000,-0.0700
61596617,sitting,0.9897,-0.0281,0.0461,0.8400,-3.5350,-0.0700
61596636,sitting,0.9909,-0.0273,0.0468,0.8750,-3.5700,-0.1050
61596655,sitting,0.9909,-0.0283,0.0454,0.8750,-3.5350,-0.0700
61596675,sitting,0.9904,-0.0276,0.0464,0.9100,-3.5000,-0.0700
61596694,sitting,0.9911,-0.0281,0.0456,0.8750,-3.5700,-0.0700
61596713,sitting,0.9914,-0.0285,0.0451,0.8400,-3.5350,-0.1050
61596732,sitting,0.9899,-0.0281,0.0454,0.8400,-3.5000,-0.0700
61596752,sitting,0.9904,-0.0281,0.0456,0.8750,-3.5350,-0.0350
61596771,sitting,0.9904,-0.0276,0.0459,0.9100,-3.5350,-0.0700
61596790,sitting,0.9904,-0.0273,0.0442,0.8400,-3.5350,-0.0350
61596809,sitting,0.9902,-0.0278,0.0464,0.8050,-3.5350,-0.0700
61596828,sitting,0.9902,-0.0283,0.0456,0.8400,-3.5350,-0.0700
61596848,sitting,0.9914,-0.0276,0.0447,0.8400,-3.5000,-0.1050
61596867,sitting,0.9906,-0.0281,0.0456,0.8400,-3.5000,-0.0700
61596886,sitting,0.9911,-0.0283,0.0449,0.8400,-3.5350,-0.0700
61596905,sitting,0.9911,-0.0283,0.0454,0.8400,-3.5000,-0.0700
61596925,sitting,0.9904,-0.0264,0.0471,0.8400,-3.4300,-0.0700
61596944,sitting,0.9897,-0.0273,0.0459,0.8400,-3.5350,-0.0700
61596963,sitting,0.9904,-0.0271,0.0442,0.8400,-3.5700,-0.1050
61596982,sitting,0.9902,-0.0268,0.0451,0.8400,-3.5350,-0.0700
61597002,sitting,0.9897,-0.0276,0.0449,0.8400,-3.5000,-0.0700
61597021,sitting,0.9906,-0.0285,0.0454,0.8750,-3.5350,-0.0700
61597040,sitting,0.9914,-0.0273,0.0461,0.8400,-3.5350,-0.0350
61597059,sitting,0.9906,-0.0271,0.0451,0.8400,-3.5350,-0.0700
61597078,sitting,0.9904,-0.0268,0.0444,0.9100,-3.5700,-0.0700
61597098,sitting,0.9909,-0.0266,0.0473,0.8400,-3.5350,-0.0700
61597117,sitting,0.9911,-0.0276,0.0464,0.8400,-3.5350,-0.1050
61597136,sitting,0.9914,-0.0283,0.0456,0.8750,-3.5700,-0.0700
61597155,sitting,0.9914,-0.0278,0.0451,0.8400,-3.5350,-0.0700
61597175,sitting,0.9909,-0.0278,0.0449,0.8400,-3.5000,-0.1050
61597194,sitting,0.9911,-0.0285,0.0444,0.9100,-3.5350,-0.0700
61597213,sitting,0.9914,-0.0281,0.0466,0.9100,-3.5350,-0.0350
61597232,sitting,0.9904,-0.0264,0.0454,0.8400,-3.4650,-0.0700
61597252,sitting,0.9909,-0.0278,0.0456,0.8400,-3.5700,-0.0700
61597271,sitting,0.9899,-0.0278,0.0449,0.8400,-3.5700,-0.0700
61597290,sitting,0.9906,-0.0281,0.0449,0.8400,-3.5000,-0.0700
61597309,sitting,0.9914,-0.0271,0.0461,0.8400,-3.4650,-0.0700
61597328,sitting,0.9906,-0.0276,0.0459,0.8400,-3.5350,-0.1050
61597348,sitting,0.9906,-0.0268,0.0454,0.8400,-3.5000,-0.0700
61597367,sitting,0.9902,-0.0278,0.0456,0.8750,-3.5700,-0.0700
61597386,sitting,0.9914,-0.0278,0.0456,0.8750,-3.5350,-0.0700
61597405,sitting,0.9904,-0.0268,0.0439,0.8750,-3.5350,-0.1050
61597425,sitting,0.9889,-0.0266,0.0454,0.8750,-3.5350,0.0000
61597444,sitting,0.9906,-0.0273,0.0454,0.8750,-3.5350,-0.1050
61597463,sitting,0.9904,-0.0285,0.0451,0.9100,-3.5700,-0.1050
61597482,sitting,0.9902,-0.0285,0.0449,0.8400,-3.5000,-0.0700
61597502,sitting,0.9906,-0.0278,0.0461,0.8750,-3.5350,-0.0350
61597521,sitting,0.9909,-0.0278,0.0459,0.8400,-3.5700,-0.1050
61597540,sitting,0.9906,-0.0273,0.0461,0.8400,-3.5000,-0.0700
61597559,sitting,0.9906,-0.0273,0.0464,0.8750,-3.5000,-0.0700
61597578,sitting,0.9904,-0.0285,0.0454,0.8750,-3.5350,-0.0350
61597598,sitting,0.9909,-0.0273,0.0461,0.8750,-3.5000,-0.0700
61597617,sitting,0.9904,-0.0273,0.0459,0.8400,-3.5350,-0.0700
61597636,sitting,0.9914,-0.0271,0.0459,0.8400,-3.5350,0.0000
61597655,sitting,0.9904,-0.0276,0.0451,0.8400,-3.5350,-0.0700
61597675,sitting,0.9899,-0.0276,0.0454,0.8400,-3.5350,-0.0700
61597694,sitting,0.9904,-0.0276,0.0449,0.8400,-3.5350,-0.0700
61597713,sitting,0.9919,-0.0276,0.0464,0.8400,-3.5700,-0.0700
61597732,sitting,0.9902,-0.0266,0.0464,0.8400,-3.5350,0.0000
61597752,sitting,0.9902,-0.0273,0.0451,0.9100,-3.5700,-0.0700
61597771,sitting,0.9909,-0.0273,0.0459,0.8400,-3.5700,-0.0700
61597790,sitting,0.9906,-0.0278,0.0459,0.8750,-3.5700,-0.0350
61597809,sitting,0.9899,-0.0281,0.0447,0.8750,-3.5350,-0.0700
61597828,sitting,0.9911,-0.0281,0.0449,0.9100,-3.5350,-0.0350
61597848,sitting,0.9911,-0.0276,0.0459,0.8400,-3.5350,-0.0700
61597867,sitting,0.9909,-0.0285,0.0449,0.8400,-3.5000,-0.1050
61597886,sitting,0.9902,-0.0273,0.0451,0.8750,-3.5350,-0.0700
61597905,sitting,0.9902,-0.0278,0.0449,0.8400,-3.5000,-0.0350
61597925,sitting,0.9904,-0.0276,0.0456,0.8750,-3.4650,-0.0700
61597944,sitting,0.9906,-0.0276,0.0456,0.8750,-3.5350,-0.0350
61597963,sitting,0.9911,-0.0278,0.0451,0.8750,-3.5350,-0.1400
61597982,sitting,0.9914,-0.0276,0.0449,0.8400,-3.5000,-0.1050
61598002,sitting,0.9906,-0.0278,0.0454,0.9100,-3.5350,-0.1050
61598021,sitting,0.9911,-0.0281,0.0473,0.9100,-3.5700,-0.1050
61598040,sitting,0.9906,-0.0283,0.0471,0.8400,-3.5350,-0.0350
61598059,sitting,0.9916,-0.0283,0.0459,0.8400,-3.5350,-0.0700
61598078,sitting,0.9914,-0.0285,0.0451,0.8050,-3.5700,-0.0700
61598098,sitting,0.9909,-0.0268,0.0461,0.8400,-3.5350,-0.1050
61598117,sitting,0.9911,-0.0281,0.0451,0.9100,-3.5350,-0.0700
61598136,sitting,0.9911,-0.0273,0.0461,0.9100,-3.5700,-0.0350
61598155,sitting,0.9904,-0.0268,0.0461,0.8750,-3.5700,-0.0350
61598175,sitting,0.9909,-0.0285,0.0454,0.8400,-3.5000,-0.0700
61598194,sitting,0.9902,-0.0278,0.0466,0.8750,-3.5700,-0.0350
61598213,sitting,0.9902,-0.0276,0.0461,0.9100,-3.5350,-0.0700
61598232,sitting,0.9904,-0.0290,0.0454,0.8400,-3.5000,-0.1050
61598252,sitting,0.9899,-0.0283,0.0447,0.8400,-3.5000,-0.0350
61598271,sitting,0.9906,-0.0281,0.0451,0.8400,-3.4650,-0.0700
61598290,sitting,0.9904,-0.0283,0.0459,0.8750,-3.5000,-0.0700
61598309,sitting,0.9909,-0.0278,0.0449,0.8050,-3.5000,-0.0700
61598328,sitting,0.9911,-0.0278,0.0456,0.8750,-3.5350,-0.0700
61598348,sitting,0.9897,-0.0276,0.0456,0.8400,-3.5000,-0.0350
61598367,sitting,0.9904,-0.0271,0.0454,0.8750,-3.4650,-0.0350
61598386,sitting,0.9911,-0.0266,0.0444,0.9100,-3.5700,-0.0700
61598405,sitting,0.9904,-0.0276,0.0461,0.8750,-3.5350,-0.0700
61598425,sitting,0.9904,-0.0276,0.0459,0.8750,-3.5000,-0.0700
61598444,sitting,0.9897,-0.0273,0.0456,0.9100,-3.5700,-0.0700
61598463,sitting,0.9902,-0.0290,0.0473,0.8750,-3.5700,-0.0350
61598482,sitting,0.9902,-0.0278,0.0466,0.8050,-3.5000,-0.1050
61598502,sitting,0.9909,-0.0293,0.0447,0.8400,-3.5000,-0.0350
61598521,sitting,0.9906,-0.0278,0.0456,0.8400,-3.5350,-0.1050
61598540,sitting,0.9906,-0.0271,0.0464,0.8750,-3.5350,-0.0350
61598559,sitting,0.9916,-0.0273,0.0459,0.8750,-3.5350,-0.0350
61598578,sitting,0.9914,-0.0271,0.0451,0.8750,-3.5350,-0.0700
61598598,sitting,0.9904,-0.0273,0.0459,0.9100,-3.5350,-0.0700
61598617,sitting,0.9909,-0.0278,0.0451,0.8750,-3.5000,-0.0700
